{
"type": "FeatureCollection",
"name": "geo_34_短期入所生活介護",
"crs": { "type": "name", "properties": { "name": "urn:ogc:def:crs:OGC:1.3:CRS84" } },
"features": [
{ "type": "Feature", "properties": { "内容": "特別養護老人ホーム悠悠タウン江波【短期入所生活介護】広島市中区江波西2丁目14-8", "url": "https://www.kaigokensaku.mhlw.go.jp/34/index.php?action_kouhyou_detail_004_kani=true&JigyosyoCd=3470201389-00&ServiceCd=210&Type=search", "url2": "https://www.city.hiroshima.med.or.jp/hma/youyou/eba/index.html" }, "geometry": { "type": "Point", "coordinates": [ 132.4289549, 34.3680372 ] } },
{ "type": "Feature", "properties": { "内容": "悠悠タウン江波ショートステイ事業【短期入所生活介護】広島市中区江波西2丁目14-8", "url": "https://www.kaigokensaku.mhlw.go.jp/34/index.php?action_kouhyou_detail_004_kani=true&JigyosyoCd=3470201371-00&ServiceCd=210&Type=search", "url2": "http://www.city.hiroshima.med.or.jp" }, "geometry": { "type": "Point", "coordinates": [ 132.428835599999957, 34.3680629 ] } },
{ "type": "Feature", "properties": { "内容": "短期入所生活介護事業所おりーぶえん【短期入所生活介護】広島県広島市中区吉島東二丁目17番5号", "url": "https://www.kaigokensaku.mhlw.go.jp/34/index.php?action_kouhyou_detail_004_kani=true&JigyosyoCd=3470205075-00&ServiceCd=210&Type=search", "url2": "http://www.seikeikai.server-shared.com/ori-bu/" }, "geometry": { "type": "Point", "coordinates": [ 132.449735, 34.3697738 ] } },
{ "type": "Feature", "properties": { "内容": "特別養護老人ホームおりーぶえん【短期入所生活介護】広島県広島市中区吉島東二丁目17番5号", "url": "https://www.kaigokensaku.mhlw.go.jp/34/index.php?action_kouhyou_detail_004_kani=true&JigyosyoCd=3470205083-00&ServiceCd=210&Type=search", "url2": "http://www.seikeikai.server-shared.com/ori-bu/" }, "geometry": { "type": "Point", "coordinates": [ 132.449773099999987, 34.3697599 ] } },
{ "type": "Feature", "properties": { "内容": "ショートステイ　ゆめの杜【短期入所生活介護】広島県広島市中区光南2丁目1番4号", "url": "https://www.kaigokensaku.mhlw.go.jp/34/index.php?action_kouhyou_detail_004_kani=true&JigyosyoCd=3470210372-00&ServiceCd=210&Type=search", "url2": "http://www.kizuna-mc.jp" }, "geometry": { "type": "Point", "coordinates": [ 132.44624060000001, 34.3691794 ] } },
{ "type": "Feature", "properties": { "内容": "特別養護老人ホームあけぼの寿老園【短期入所生活介護】曙1-1-28", "url": "https://www.kaigokensaku.mhlw.go.jp/34/index.php?action_kouhyou_detail_004_kani=true&JigyosyoCd=3470109152-00&ServiceCd=210&Type=search", "url2": "http://www.jurouen.or.jp" }, "geometry": { "type": "Point", "coordinates": [ 132.488111600000025, 34.3960411 ] } },
{ "type": "Feature", "properties": { "内容": "特別養護老人ホーム　蓬莱園【短期入所生活介護】広島市東区東山町1番9号", "url": "https://www.kaigokensaku.mhlw.go.jp/34/index.php?action_kouhyou_detail_004_kani=true&JigyosyoCd=3470101811-00&ServiceCd=210&Type=search", "url2": "http:/www.kokemakai.jp/" }, "geometry": { "type": "Point", "coordinates": [ 132.491377899999947, 34.398552 ] } },
{ "type": "Feature", "properties": { "内容": "介護老人福祉施設寿老園【短期入所生活介護】広島市東区山根町38-23", "url": "https://www.kaigokensaku.mhlw.go.jp/34/index.php?action_kouhyou_detail_004_kani=true&JigyosyoCd=3470101407-00&ServiceCd=210&Type=search", "url2": "http://www.jurouen.or.jp" }, "geometry": { "type": "Point", "coordinates": [ 132.483822799999984, 34.4059455 ] } },
{ "type": "Feature", "properties": { "内容": "特別養護老人ホームあけぼの寿老園ショートステイ【短期入所生活介護】広島県広島市東区曙1-1-28", "url": "https://www.kaigokensaku.mhlw.go.jp/34/index.php?action_kouhyou_detail_004_kani=true&JigyosyoCd=3470109400-00&ServiceCd=210&Type=search", "url2": "http://www.jurouen.or.jp" }, "geometry": { "type": "Point", "coordinates": [ 132.488111600000025, 34.3960411 ] } },
{ "type": "Feature", "properties": { "内容": "特別養護老人ホーム　へさか福寿苑【短期入所生活介護】広島県広島市東区戸坂大上１丁目５番１－８号", "url": "https://www.kaigokensaku.mhlw.go.jp/34/index.php?action_kouhyou_detail_004_kani=true&JigyosyoCd=3470105226-00&ServiceCd=210&Type=search", "url2": "http://hesakafukuzyuen.web.fc2.com" }, "geometry": { "type": "Point", "coordinates": [ 132.497446, 34.4246052 ] } },
{ "type": "Feature", "properties": { "内容": "短期入所生活介護　へさか福寿苑【短期入所生活介護】広島市東区戸坂大上1丁目5番1-8号", "url": "https://www.kaigokensaku.mhlw.go.jp/34/index.php?action_kouhyou_detail_004_kani=true&JigyosyoCd=3470105309-00&ServiceCd=210&Type=search", "url2": "https://kakitsubata-fukushikai.com/" }, "geometry": { "type": "Point", "coordinates": [ 132.490013299999987, 34.4272686 ] } },
{ "type": "Feature", "properties": { "内容": "特別養護老人ホーム第二光明【短期入所生活介護】広島県広島市東区牛田本町六丁目1番1号", "url": "https://www.kaigokensaku.mhlw.go.jp/34/index.php?action_kouhyou_detail_004_kani=true&JigyosyoCd=3470109384-00&ServiceCd=210&Type=search", "url2": "http://komyogakuen.jp" }, "geometry": { "type": "Point", "coordinates": [ 132.467468199999985, 34.4151308 ] } },
{ "type": "Feature", "properties": { "内容": "ショートステイ第二光明【短期入所生活介護】広島県広島市東区牛田本町六丁目1番1号", "url": "https://www.kaigokensaku.mhlw.go.jp/34/index.php?action_kouhyou_detail_004_kani=true&JigyosyoCd=3470109392-00&ServiceCd=210&Type=search", "url2": "http://komyogakuen.jp" }, "geometry": { "type": "Point", "coordinates": [ 132.467468199999985, 34.4151308 ] } },
{ "type": "Feature", "properties": { "内容": "ふくだの里ショートステイ【短期入所生活介護】広島市東区福田５丁目１１６５番地３", "url": "https://www.kaigokensaku.mhlw.go.jp/34/index.php?action_kouhyou_detail_004_kani=true&JigyosyoCd=3470100938-00&ServiceCd=210&Type=search", "url2": "http://joukou.or.jp" }, "geometry": { "type": "Point", "coordinates": [ 132.542613299999942, 34.453778300000018 ] } },
{ "type": "Feature", "properties": { "内容": "特別養護老人ホームふくだの里【短期入所生活介護】広島市東区福田五丁目1165番地3", "url": "https://www.kaigokensaku.mhlw.go.jp/34/index.php?action_kouhyou_detail_004_kani=true&JigyosyoCd=3470100946-00&ServiceCd=210&Type=search", "url2": "http://joukou.or.jp" }, "geometry": { "type": "Point", "coordinates": [ 132.5424343, 34.453842200000018 ] } },
{ "type": "Feature", "properties": { "内容": "寿老園短期入所生活介護事業所【短期入所生活介護】広島市東区山根町38番23号", "url": "https://www.kaigokensaku.mhlw.go.jp/34/index.php?action_kouhyou_detail_004_kani=true&JigyosyoCd=3470101399-00&ServiceCd=210&Type=search", "url2": "http://www.jurouen.or.jp" }, "geometry": { "type": "Point", "coordinates": [ 132.483822799999984, 34.4059455 ] } },
{ "type": "Feature", "properties": { "内容": "虹の里　短期入所生活介護事業所【短期入所生活介護】広島市東区馬木２丁目１３９８－１", "url": "https://www.kaigokensaku.mhlw.go.jp/34/index.php?action_kouhyou_detail_004_kani=true&JigyosyoCd=3470101639-00&ServiceCd=210&Type=search", "url2": "http://nijinosato.info/" }, "geometry": { "type": "Point", "coordinates": [ 132.5278985, 34.4381714 ] } },
{ "type": "Feature", "properties": { "内容": "神田山長生園ショートステイ【短期入所生活介護】広島市東区牛田新町一丁目１８番1号", "url": "https://www.kaigokensaku.mhlw.go.jp/34/index.php?action_kouhyou_detail_004_kani=true&JigyosyoCd=3470101753-00&ServiceCd=210&Type=search", "url2": "http:www.tyoseien.jp" }, "geometry": { "type": "Point", "coordinates": [ 132.473509199999967, 34.4195971 ] } },
{ "type": "Feature", "properties": { "内容": "蓬莱園短期入所生活介護事業所【短期入所生活介護】広島市東区東山町1番9号", "url": "https://www.kaigokensaku.mhlw.go.jp/34/index.php?action_kouhyou_detail_004_kani=true&JigyosyoCd=3470101795-00&ServiceCd=210&Type=search", "url2": "http:/www.kokemakai.jp/" }, "geometry": { "type": "Point", "coordinates": [ 132.491317626389332, 34.398565626250345 ] } },
{ "type": "Feature", "properties": { "内容": "サンヒルズ広島ショートステイ【短期入所生活介護】広島県広島市東区中山上1丁目24番1号", "url": "https://www.kaigokensaku.mhlw.go.jp/34/index.php?action_kouhyou_detail_004_kani=true&JigyosyoCd=3470107073-00&ServiceCd=210&Type=search", "url2": "https://joukou.or.jp/" }, "geometry": { "type": "Point", "coordinates": [ 132.4947965, 34.4174502 ] } },
{ "type": "Feature", "properties": { "内容": "虹の里　第２短期入所生活介護事業所【短期入所生活介護】広島県広島市東区馬木三丁目26-2-4", "url": "https://www.kaigokensaku.mhlw.go.jp/34/index.php?action_kouhyou_detail_004_kani=true&JigyosyoCd=3470108030-00&ServiceCd=210&Type=search", "url2": "http://nijinosato.info" }, "geometry": { "type": "Point", "coordinates": [ 132.53092879999997, 34.435277200000016 ] } },
{ "type": "Feature", "properties": { "内容": "虹の里　第２特別養護老人ホーム【短期入所生活介護】広島県広島市東区馬木三丁目26‐2‐4", "url": "https://www.kaigokensaku.mhlw.go.jp/34/index.php?action_kouhyou_detail_004_kani=true&JigyosyoCd=3470108048-00&ServiceCd=210&Type=search", "url2": "http://nijinosato.info" }, "geometry": { "type": "Point", "coordinates": [ 132.53092879999997, 34.435277200000016 ] } },
{ "type": "Feature", "properties": { "内容": "ショートステイミルキーケア【短期入所生活介護】広島県広島市東区尾長東2丁目8-21", "url": "https://www.kaigokensaku.mhlw.go.jp/34/index.php?action_kouhyou_detail_004_kani=true&JigyosyoCd=3470108055-00&ServiceCd=210&Type=search", "url2": "http://www.hiromasakai.com/" }, "geometry": { "type": "Point", "coordinates": [ 132.488781, 34.3979186 ] } },
{ "type": "Feature", "properties": { "内容": "あけぼの寿老園ショートスティ【短期入所生活介護】広島県広島市東区曙1丁目1-28", "url": "https://www.kaigokensaku.mhlw.go.jp/34/index.php?action_kouhyou_detail_004_kani=true&JigyosyoCd=3470108451-00&ServiceCd=210&Type=search", "url2": "http://www.jurouen.or.jp" }, "geometry": { "type": "Point", "coordinates": [ 132.48822714049291, 34.396047882479543 ] } },
{ "type": "Feature", "properties": { "内容": "神田山長生園ことぶき苑【短期入所生活介護】広島県広島市東区中山東1丁目5番37-５", "url": "https://www.kaigokensaku.mhlw.go.jp/34/index.php?action_kouhyou_detail_004_kani=true&JigyosyoCd=3470110366-00&ServiceCd=210&Type=search", "url2": null }, "geometry": { "type": "Point", "coordinates": [ 132.500207, 34.4105555 ] } },
{ "type": "Feature", "properties": { "内容": "ショートステイおおたがわ【短期入所生活介護】広島県広島市東区戸坂山根一丁目24番20号太田川東ケアセンター", "url": "https://www.kaigokensaku.mhlw.go.jp/34/index.php?action_kouhyou_detail_004_kani=true&JigyosyoCd=3470108741-00&ServiceCd=210&Type=search", "url2": "https://www.otagawa-hp.com/shortstay/" }, "geometry": { "type": "Point", "coordinates": [ 132.489435400000048, 34.4336458 ] } },
{ "type": "Feature", "properties": { "内容": "特別養護老人ホーム　虹の里【短期入所生活介護】広島市東区馬木2-1398-1", "url": "https://www.kaigokensaku.mhlw.go.jp/34/index.php?action_kouhyou_detail_004_kani=true&JigyosyoCd=3470101845-00&ServiceCd=210&Type=search", "url2": "http://nijinosato.info/" }, "geometry": { "type": "Point", "coordinates": [ 132.5278985, 34.4381714 ] } },
{ "type": "Feature", "properties": { "内容": "介護老人福祉施設　サンヒルズ広島【短期入所生活介護】広島市東区中山上1丁目24番1号", "url": "https://www.kaigokensaku.mhlw.go.jp/34/index.php?action_kouhyou_detail_004_kani=true&JigyosyoCd=3470107081-00&ServiceCd=210&Type=search", "url2": "https://joukou.or.jp/" }, "geometry": { "type": "Point", "coordinates": [ 132.4947503, 34.4173077 ] } },
{ "type": "Feature", "properties": { "内容": "ＩＧＬナーシングホーム信愛の郷【短期入所生活介護】広島県広島市南区本浦町8番39号", "url": "https://www.kaigokensaku.mhlw.go.jp/34/index.php?action_kouhyou_detail_004_kani=true&JigyosyoCd=3470110275-00&ServiceCd=210&Type=search", "url2": "https://www.igl.or.jp/" }, "geometry": { "type": "Point", "coordinates": [ 132.486342758197054, 34.374345883648928 ] } },
{ "type": "Feature", "properties": { "内容": "特別養護老人ホーム輝き【短期入所生活介護】広島市南区北大河町39-1", "url": "https://www.kaigokensaku.mhlw.go.jp/34/index.php?action_kouhyou_detail_004_kani=true&JigyosyoCd=3470101860-00&ServiceCd=210&Type=search", "url2": "https://kagayaki-houshikai.or.jp" }, "geometry": { "type": "Point", "coordinates": [ 132.482574, 34.3715799 ] } },
{ "type": "Feature", "properties": { "内容": "ＩＧＬショートステイ信愛の郷【短期入所生活介護】広島県広島市南区本浦町8番39号", "url": "https://www.kaigokensaku.mhlw.go.jp/34/index.php?action_kouhyou_detail_004_kani=true&JigyosyoCd=3470110283-00&ServiceCd=210&Type=search", "url2": "https://www.igl.or.jp/" }, "geometry": { "type": "Point", "coordinates": [ 132.4868792, 34.3742042 ] } },
{ "type": "Feature", "properties": { "内容": "短期入所生活介護事業所ひうな荘【短期入所生活介護】広島市南区日宇那町30-1", "url": "https://www.kaigokensaku.mhlw.go.jp/34/index.php?action_kouhyou_detail_004_kani=true&JigyosyoCd=3470101589-00&ServiceCd=210&Type=search", "url2": "https://www.misasakai.or.jp/" }, "geometry": { "type": "Point", "coordinates": [ 132.492701, 34.3656837 ] } },
{ "type": "Feature", "properties": { "内容": "特別養護老人ホームひうな荘【短期入所生活介護】広島市南区日宇那町30－1", "url": "https://www.kaigokensaku.mhlw.go.jp/34/index.php?action_kouhyou_detail_004_kani=true&JigyosyoCd=3470101852-00&ServiceCd=210&Type=search", "url2": "https://www.misasakai.or.jp/shisetsu/hiunaso.php" }, "geometry": { "type": "Point", "coordinates": [ 132.4928229, 34.3657832 ] } },
{ "type": "Feature", "properties": { "内容": "広島和光園短期入所生活介護事業所【短期入所生活介護】広島市南区宇品東三丁目６―２６", "url": "https://www.kaigokensaku.mhlw.go.jp/34/index.php?action_kouhyou_detail_004_kani=true&JigyosyoCd=3470101027-00&ServiceCd=210&Type=search", "url2": "https://wakoen.or.jp/" }, "geometry": { "type": "Point", "coordinates": [ 132.473025, 34.3642944 ] } },
{ "type": "Feature", "properties": { "内容": "ショートステイ輝き【短期入所生活介護】広島市南区北大河町39-1", "url": "https://www.kaigokensaku.mhlw.go.jp/34/index.php?action_kouhyou_detail_004_kani=true&JigyosyoCd=3470101050-00&ServiceCd=210&Type=search", "url2": "https://kagayaki-houshikai.or.jp" }, "geometry": { "type": "Point", "coordinates": [ 132.482370152114839, 34.371509055866149 ] } },
{ "type": "Feature", "properties": { "内容": "短期入所生活介護事業所光清苑【短期入所生活介護】広島市南区出汐2丁目3番46号", "url": "https://www.kaigokensaku.mhlw.go.jp/34/index.php?action_kouhyou_detail_004_kani=true&JigyosyoCd=3470101464-00&ServiceCd=210&Type=search", "url2": "https://kousei-g.net" }, "geometry": { "type": "Point", "coordinates": [ 132.476007799999934, 34.376207 ] } },
{ "type": "Feature", "properties": { "内容": "特別養護老人ホーム光清苑【短期入所生活介護】広島市南区出汐2丁目3番46号", "url": "https://www.kaigokensaku.mhlw.go.jp/34/index.php?action_kouhyou_detail_004_kani=true&JigyosyoCd=3470101472-00&ServiceCd=210&Type=search", "url2": "https://www.kousei-g.net" }, "geometry": { "type": "Point", "coordinates": [ 132.476007799999934, 34.376207 ] } },
{ "type": "Feature", "properties": { "内容": "広島平和養老館短期入所生活介護事業所【短期入所生活介護】広島市南区似島町字東大谷３０７３－５", "url": "https://www.kaigokensaku.mhlw.go.jp/34/index.php?action_kouhyou_detail_004_kani=true&JigyosyoCd=3470101605-00&ServiceCd=210&Type=search", "url2": null }, "geometry": { "type": "Point", "coordinates": [ 132.433078499999965, 34.3117363 ] } },
{ "type": "Feature", "properties": { "内容": "ショートステイサンシャイン南蟹屋【短期入所生活介護】広島市南区南蟹屋一丁目８番１２号", "url": "https://www.kaigokensaku.mhlw.go.jp/34/index.php?action_kouhyou_detail_004_kani=true&JigyosyoCd=3470104344-00&ServiceCd=210&Type=search", "url2": "https://www.sunshine-m.jp/" }, "geometry": { "type": "Point", "coordinates": [ 132.483623299999977, 34.3896057 ] } },
{ "type": "Feature", "properties": { "内容": "ショートステイ元宇品【短期入所生活介護】広島市南区元宇品町26番20号", "url": "https://www.kaigokensaku.mhlw.go.jp/34/index.php?action_kouhyou_detail_004_kani=true&JigyosyoCd=3470105085-00&ServiceCd=210&Type=search", "url2": "http://www.ss.wadoukai.jp/shortstay.html" }, "geometry": { "type": "Point", "coordinates": [ 132.458990740475429, 34.347979712822834 ] } },
{ "type": "Feature", "properties": { "内容": "ショ-トステイララポート【短期入所生活介護】広島県広島市南区仁保3丁目42番6号", "url": "https://www.kaigokensaku.mhlw.go.jp/34/index.php?action_kouhyou_detail_004_kani=true&JigyosyoCd=3470109863-00&ServiceCd=210&Type=search", "url2": null }, "geometry": { "type": "Point", "coordinates": [ 132.493016, 34.369352 ] } },
{ "type": "Feature", "properties": { "内容": "短期入所生活介護　広島八景園【短期入所生活介護】広島市南区仁保一丁目１番20号", "url": "https://www.kaigokensaku.mhlw.go.jp/34/index.php?action_kouhyou_detail_004_kani=true&JigyosyoCd=3470106885-00&ServiceCd=210&Type=search", "url2": "http://hakkeien.hiroshimakosei.or.jp/" }, "geometry": { "type": "Point", "coordinates": [ 132.494318499999963, 34.3736624 ] } },
{ "type": "Feature", "properties": { "内容": "特別養護老人ホームでじま・くにくさ【短期入所生活介護】広島市南区出島1丁目18番17号", "url": "https://www.kaigokensaku.mhlw.go.jp/34/index.php?action_kouhyou_detail_004_kani=true&JigyosyoCd=3470107099-00&ServiceCd=210&Type=search", "url2": "http://www.kunikusa.or.jp/" }, "geometry": { "type": "Point", "coordinates": [ 132.454959799999983, 34.3610776 ] } },
{ "type": "Feature", "properties": { "内容": "でじま・くにくさ短期入所生活介護事業所【短期入所生活介護】広島市南区出島1丁目18番17号", "url": "https://www.kaigokensaku.mhlw.go.jp/34/index.php?action_kouhyou_detail_004_kani=true&JigyosyoCd=3470107107-00&ServiceCd=210&Type=search", "url2": "http://www.kunikusa.or.jp" }, "geometry": { "type": "Point", "coordinates": [ 132.454959799999983, 34.3610776 ] } },
{ "type": "Feature", "properties": { "内容": "特別養護老人ホーム第二いこいの園【短期入所生活介護】広島市西区己斐上五丁目８４７－１", "url": "https://www.kaigokensaku.mhlw.go.jp/34/index.php?action_kouhyou_detail_004_kani=true&JigyosyoCd=3470201660-00&ServiceCd=210&Type=search", "url2": "http://www.habatakinosato.jp" }, "geometry": { "type": "Point", "coordinates": [ 132.4254479, 34.4245877 ] } },
{ "type": "Feature", "properties": { "内容": "特別養護老人ホームこころ楠木【短期入所生活介護】広島市西区楠木町四丁目16番6号", "url": "https://www.kaigokensaku.mhlw.go.jp/34/index.php?action_kouhyou_detail_004_kani=true&JigyosyoCd=3470214663-00&ServiceCd=210&Type=search", "url2": "https://kokorohome.wordpress.com/" }, "geometry": { "type": "Point", "coordinates": [ 132.458144125131241, 34.414928388933305 ] } },
{ "type": "Feature", "properties": { "内容": "特別養護老人ホーム三滝苑【短期入所生活介護】広島市西区三滝本町二丁目１番１－27", "url": "https://www.kaigokensaku.mhlw.go.jp/34/index.php?action_kouhyou_detail_004_kani=true&JigyosyoCd=3470201207-00&ServiceCd=210&Type=search", "url2": "http://www.mitakien.net" }, "geometry": { "type": "Point", "coordinates": [ 132.4497821, 34.4201066 ] } },
{ "type": "Feature", "properties": { "内容": "地域密着型特別養護老人ホームリバーサイド中広【短期入所生活介護】広島県広島市西区中広町2丁目15番15号", "url": "https://www.kaigokensaku.mhlw.go.jp/34/index.php?action_kouhyou_detail_004_kani=true&JigyosyoCd=3470211032-00&ServiceCd=210&Type=search", "url2": "http://www.touaikai.com" }, "geometry": { "type": "Point", "coordinates": [ 132.4392344, 34.4036944 ] } },
{ "type": "Feature", "properties": { "内容": "特別養護老人ホーム　くすの木苑【短期入所生活介護】広島市西区福島町二丁目３３－３０", "url": "https://www.kaigokensaku.mhlw.go.jp/34/index.php?action_kouhyou_detail_004_kani=true&JigyosyoCd=3470201116-00&ServiceCd=210&Type=search", "url2": "http://www.kusunokien.or.jp/" }, "geometry": { "type": "Point", "coordinates": [ 132.430271, 34.3918301 ] } },
{ "type": "Feature", "properties": { "内容": "特別養護老人ホーム　千歳園【短期入所生活介護】広島市西区山田新町二丁目７番2号", "url": "https://www.kaigokensaku.mhlw.go.jp/34/index.php?action_kouhyou_detail_004_kani=true&JigyosyoCd=3470201769-00&ServiceCd=210&Type=search", "url2": "http://www.dohen.or.jp/intro/older/chitoseen01/" }, "geometry": { "type": "Point", "coordinates": [ 132.38692960000003, 34.3992063 ] } },
{ "type": "Feature", "properties": { "内容": "第二いこいの園短期入所生活介護事業所【短期入所生活介護】広島市西区己斐上五丁目８４７－１", "url": "https://www.kaigokensaku.mhlw.go.jp/34/index.php?action_kouhyou_detail_004_kani=true&JigyosyoCd=3470201652-00&ServiceCd=210&Type=search", "url2": "http://www.habatakinosato.jp/" }, "geometry": { "type": "Point", "coordinates": [ 132.4254479, 34.4245877 ] } },
{ "type": "Feature", "properties": { "内容": "ショートステイ輝きこいの家　藤【短期入所生活介護】広島市西区己斐上二丁目4番12号", "url": "https://www.kaigokensaku.mhlw.go.jp/34/index.php?action_kouhyou_detail_004_kani=true&JigyosyoCd=3470214390-00&ServiceCd=210&Type=search", "url2": "https://kairaku-care.jp/koinoie_/" }, "geometry": { "type": "Point", "coordinates": [ 132.4210301, 34.3998612 ] } },
{ "type": "Feature", "properties": { "内容": "特別養護老人ホーム　リバーサイド中広【短期入所生活介護】広島市西区中広町二丁目15番15号", "url": "https://www.kaigokensaku.mhlw.go.jp/34/index.php?action_kouhyou_detail_004_kani=true&JigyosyoCd=3470202148-00&ServiceCd=210&Type=search", "url2": "http://www.touaikai.com" }, "geometry": { "type": "Point", "coordinates": [ 132.4391891, 34.4036941 ] } },
{ "type": "Feature", "properties": { "内容": "短期入所施設　リバーサイド中広【短期入所生活介護】広島市西区中広町二丁目15番15号", "url": "https://www.kaigokensaku.mhlw.go.jp/34/index.php?action_kouhyou_detail_004_kani=true&JigyosyoCd=3470202262-00&ServiceCd=210&Type=search", "url2": "http://www.touaikai.com" }, "geometry": { "type": "Point", "coordinates": [ 132.439259200000038, 34.4037013 ] } },
{ "type": "Feature", "properties": { "内容": "ショートステイちとせ【短期入所生活介護】広島市西区山田新町二丁目７番2号", "url": "https://www.kaigokensaku.mhlw.go.jp/34/index.php?action_kouhyou_detail_004_kani=true&JigyosyoCd=3470201751-00&ServiceCd=210&Type=search", "url2": "http://www.dohen.or.jp/intro/older/chitoseen01/" }, "geometry": { "type": "Point", "coordinates": [ 132.38692960000003, 34.3992063 ] } },
{ "type": "Feature", "properties": { "内容": "くすの木苑短期入所生活介護事業所【短期入所生活介護】広島市西区福島町二丁目33-30", "url": "https://www.kaigokensaku.mhlw.go.jp/34/index.php?action_kouhyou_detail_004_kani=true&JigyosyoCd=3470201108-00&ServiceCd=210&Type=search", "url2": "http:/www.kusunokien.or.jp" }, "geometry": { "type": "Point", "coordinates": [ 132.430271, 34.3918301 ] } },
{ "type": "Feature", "properties": { "内容": "特別養護老人ホーム　第三いこいの園【短期入所生活介護】広島市西区己斐上六丁目９３９－１", "url": "https://www.kaigokensaku.mhlw.go.jp/34/index.php?action_kouhyou_detail_004_kani=true&JigyosyoCd=3470202445-00&ServiceCd=210&Type=search", "url2": "http://habatakinosato.jp" }, "geometry": { "type": "Point", "coordinates": [ 132.4237286, 34.4216491 ] } },
{ "type": "Feature", "properties": { "内容": "ショートステイともの家【短期入所生活介護】広島県広島市西区鈴が峰町41-18", "url": "https://www.kaigokensaku.mhlw.go.jp/34/index.php?action_kouhyou_detail_004_kani=true&JigyosyoCd=3470211651-00&ServiceCd=210&Type=search", "url2": "http://tomoe-fukushikai.or.jp/" }, "geometry": { "type": "Point", "coordinates": [ 132.392912499999966, 34.3801504 ] } },
{ "type": "Feature", "properties": { "内容": "ショートステイ輝きこいの家楓【短期入所生活介護】広島県広島市西区己斐上2丁目4-5-1楓", "url": "https://www.kaigokensaku.mhlw.go.jp/34/index.php?action_kouhyou_detail_004_kani=true&JigyosyoCd=3470214374-00&ServiceCd=210&Type=search", "url2": "https://care.s-brillant.co.jp/" }, "geometry": { "type": "Point", "coordinates": [ 132.4211128, 34.3996679 ] } },
{ "type": "Feature", "properties": { "内容": "ショートステイ　三滝苑【短期入所生活介護】広島市西区三滝本町２丁目１－１－２７号", "url": "https://www.kaigokensaku.mhlw.go.jp/34/index.php?action_kouhyou_detail_004_kani=true&JigyosyoCd=3470201199-00&ServiceCd=210&Type=search", "url2": "https://www.mitakien.net" }, "geometry": { "type": "Point", "coordinates": [ 132.4496858, 34.4199608 ] } },
{ "type": "Feature", "properties": { "内容": "ショートステイ輝きこいの家椿【短期入所生活介護】広島県広島市西区己斐上二丁目４番５－３号輝きこいの家椿", "url": "https://www.kaigokensaku.mhlw.go.jp/34/index.php?action_kouhyou_detail_004_kani=true&JigyosyoCd=3470214382-00&ServiceCd=210&Type=search", "url2": "https://kairaku-care.jp" }, "geometry": { "type": "Point", "coordinates": [ 132.4219709, 34.4133639 ] } },
{ "type": "Feature", "properties": { "内容": "特別養護老人ホーム和【短期入所生活介護】広島県広島市安佐南区山本新町四丁目３番１１号", "url": "https://www.kaigokensaku.mhlw.go.jp/34/index.php?action_kouhyou_detail_004_kani=true&JigyosyoCd=3470213152-00&ServiceCd=210&Type=search", "url2": null }, "geometry": { "type": "Point", "coordinates": [ 132.43672719999995, 34.4479519 ] } },
{ "type": "Feature", "properties": { "内容": "特別養護老人ホーム　慈光園【短期入所生活介護】広島市安佐南区高取北1-17-41", "url": "https://www.kaigokensaku.mhlw.go.jp/34/index.php?action_kouhyou_detail_004_kani=true&JigyosyoCd=3470201561-00&ServiceCd=210&Type=search", "url2": "http://www.jikouen.jp" }, "geometry": { "type": "Point", "coordinates": [ 132.4412887, 34.4773556 ] } },
{ "type": "Feature", "properties": { "内容": "ＩＧＬナーシングホームシャレー【短期入所生活介護】広島市安佐南区上安6丁目31番2号", "url": "https://www.kaigokensaku.mhlw.go.jp/34/index.php?action_kouhyou_detail_004_kani=true&JigyosyoCd=3470212170-00&ServiceCd=210&Type=search", "url2": "http://www.igl.or.jp/" }, "geometry": { "type": "Point", "coordinates": [ 132.44448680000005, 34.4838935 ] } },
{ "type": "Feature", "properties": { "内容": "ショートステイそわか若葉台【短期入所生活介護】広島県広島市安佐南区伴北7-32-35", "url": "https://www.kaigokensaku.mhlw.go.jp/34/index.php?action_kouhyou_detail_004_kani=true&JigyosyoCd=3470215033-00&ServiceCd=210&Type=search", "url2": "https://care.s-brillant.co.jp/nursing-home/sowaka-wakabadai" }, "geometry": { "type": "Point", "coordinates": [ 132.4026361, 34.4854022 ] } },
{ "type": "Feature", "properties": { "内容": "慈光園短期入所生活介護事業所【短期入所生活介護】広島市安佐南区高取北一丁目17-41", "url": "https://www.kaigokensaku.mhlw.go.jp/34/index.php?action_kouhyou_detail_004_kani=true&JigyosyoCd=3470201041-00&ServiceCd=210&Type=search", "url2": "http://www.jikouen.jp" }, "geometry": { "type": "Point", "coordinates": [ 132.441337400000066, 34.4773848 ] } },
{ "type": "Feature", "properties": { "内容": "菜の華短期入所生活介護事業所【短期入所生活介護】広島市安佐南区西原１丁目18番5号", "url": "https://www.kaigokensaku.mhlw.go.jp/34/index.php?action_kouhyou_detail_004_kani=true&JigyosyoCd=3470201488-00&ServiceCd=210&Type=search", "url2": "https://www.seijokaikumano.com/" }, "geometry": { "type": "Point", "coordinates": [ 132.464386900000022, 34.4350235 ] } },
{ "type": "Feature", "properties": { "内容": "特別養護老人ホーム友愛園【短期入所生活介護】広島市安佐南区伴東二丁目３０番１１号", "url": "https://www.kaigokensaku.mhlw.go.jp/34/index.php?action_kouhyou_detail_004_kani=true&JigyosyoCd=3470202080-00&ServiceCd=210&Type=search", "url2": "http://www.yuuaien.jp" }, "geometry": { "type": "Point", "coordinates": [ 132.415557951495401, 34.47495085310662 ] } },
{ "type": "Feature", "properties": { "内容": "協同短期入所生活介護事業所【短期入所生活介護】広島市安佐南区中須二丁目19-6北館2階", "url": "https://www.kaigokensaku.mhlw.go.jp/34/index.php?action_kouhyou_detail_004_kani=true&JigyosyoCd=3470203476-00&ServiceCd=210&Type=search", "url2": "http://www.hiroshimairyo.coop" }, "geometry": { "type": "Point", "coordinates": [ 132.47593759814751, 34.461115852510254 ] } },
{ "type": "Feature", "properties": { "内容": "短期入所生活介護川内の里【短期入所生活介護】広島市安佐南区川内一丁目21番29号", "url": "https://www.kaigokensaku.mhlw.go.jp/34/index.php?action_kouhyou_detail_004_kani=true&JigyosyoCd=3470203500-00&ServiceCd=210&Type=search", "url2": "http://www.kawauchinosato.net" }, "geometry": { "type": "Point", "coordinates": [ 132.4849372, 34.4565076 ] } },
{ "type": "Feature", "properties": { "内容": "ショートステイ　いわや【短期入所生活介護】広島県広島市安佐南区緑井三丁目40番30号", "url": "https://www.kaigokensaku.mhlw.go.jp/34/index.php?action_kouhyou_detail_004_kani=true&JigyosyoCd=3470207683-00&ServiceCd=210&Type=search", "url2": "http://www.asuka-net.or.jp" }, "geometry": { "type": "Point", "coordinates": [ 132.4692933, 34.4769328 ] } },
{ "type": "Feature", "properties": { "内容": "特別養護老人ホーム　春日野園【短期入所生活介護】広島市安佐南区山本新町2丁目18番9－14号", "url": "https://www.kaigokensaku.mhlw.go.jp/34/index.php?action_kouhyou_detail_004_kani=true&JigyosyoCd=3470207907-00&ServiceCd=210&Type=search", "url2": "https://www.saka-group.jp/kasuganoen/" }, "geometry": { "type": "Point", "coordinates": [ 132.434480200000053, 34.4405083 ] } },
{ "type": "Feature", "properties": { "内容": "ショートステイふじ　安佐南【短期入所生活介護】広島市安佐南区川内1丁目5-24ネクストビューふじ　安佐南　　２F", "url": "https://www.kaigokensaku.mhlw.go.jp/34/index.php?action_kouhyou_detail_004_kani=true&JigyosyoCd=3470209218-00&ServiceCd=210&Type=search", "url2": "http://www.fujicare.jp" }, "geometry": { "type": "Point", "coordinates": [ 132.484748200000013, 34.4594156 ] } },
{ "type": "Feature", "properties": { "内容": "ショートステイ　新都西風苑【短期入所生活介護】広島県広島市安佐南区大塚東３丁目３－９", "url": "https://www.kaigokensaku.mhlw.go.jp/34/index.php?action_kouhyou_detail_004_kani=true&JigyosyoCd=3470210174-00&ServiceCd=210&Type=search", "url2": "http://shintoseifuen.or.jp/" }, "geometry": { "type": "Point", "coordinates": [ 132.413559599999985, 34.4352056 ] } },
{ "type": "Feature", "properties": { "内容": "医療法人社団　聖愛会　短期入所生活介護施設　ショートステイとやま【短期入所生活介護】広島県広島市安佐南区沼田町吉山字風呂ノ元980番1", "url": "https://www.kaigokensaku.mhlw.go.jp/34/index.php?action_kouhyou_detail_004_kani=true&JigyosyoCd=3470211065-00&ServiceCd=210&Type=search", "url2": "https://www.smile-seiaikai.com/toyama.html" }, "geometry": { "type": "Point", "coordinates": [ 141.933271600000012, 43.8068023 ] } },
{ "type": "Feature", "properties": { "内容": "ＩＧＬショートステイシャレー【短期入所生活介護】広島県広島市安佐南区上安６丁目３１番２号", "url": "https://www.kaigokensaku.mhlw.go.jp/34/index.php?action_kouhyou_detail_004_kani=true&JigyosyoCd=3470212188-00&ServiceCd=210&Type=search", "url2": "http://www.igl.or.jp/" }, "geometry": { "type": "Point", "coordinates": [ 132.444589700000051, 34.4834758 ] } },
{ "type": "Feature", "properties": { "内容": "ショートステイあすか大町【短期入所生活介護】広島県広島市安佐南区中須一丁目26番12号あすかケアプラザ", "url": "https://www.kaigokensaku.mhlw.go.jp/34/index.php?action_kouhyou_detail_004_kani=true&JigyosyoCd=3470211321-00&ServiceCd=210&Type=search", "url2": "http://www.asuka-net.or.jp" }, "geometry": { "type": "Point", "coordinates": [ 132.471596399999953, 34.4615124 ] } },
{ "type": "Feature", "properties": { "内容": "ショートステイセンター和【短期入所生活介護】広島県広島市安佐南区山本新町四丁目３番１１号", "url": "https://www.kaigokensaku.mhlw.go.jp/34/index.php?action_kouhyou_detail_004_kani=true&JigyosyoCd=3470213145-00&ServiceCd=210&Type=search", "url2": null }, "geometry": { "type": "Point", "coordinates": [ 132.436583415344273, 34.447590598483451 ] } },
{ "type": "Feature", "properties": { "内容": "ショートステイ輝きみどりいの家【短期入所生活介護】広島県広島市安佐南区緑井６丁目５－１６", "url": "https://www.kaigokensaku.mhlw.go.jp/34/index.php?action_kouhyou_detail_004_kani=true&JigyosyoCd=3470214754-00&ServiceCd=210&Type=search", "url2": null }, "geometry": { "type": "Point", "coordinates": [ 132.486305109813316, 34.474447929686235 ] } },
{ "type": "Feature", "properties": { "内容": "和楽荘短期入所生活介護事業部【短期入所生活介護】広島県広島市安佐南区伴西5丁目1432番地1", "url": "https://www.kaigokensaku.mhlw.go.jp/34/index.php?action_kouhyou_detail_004_kani=true&JigyosyoCd=3470201462-00&ServiceCd=210&Type=search", "url2": "http://www.warakusou.or.jp" }, "geometry": { "type": "Point", "coordinates": [ 132.375621, 34.459405 ] } },
{ "type": "Feature", "properties": { "内容": "友愛園短期入所生活介護事業所【短期入所生活介護】広島市安佐南区伴東二丁目30番11号", "url": "https://www.kaigokensaku.mhlw.go.jp/34/index.php?action_kouhyou_detail_004_kani=true&JigyosyoCd=3470202098-00&ServiceCd=210&Type=search", "url2": "http://www.yuuaien.jp" }, "geometry": { "type": "Point", "coordinates": [ 132.415538523834243, 34.474977874165432 ] } },
{ "type": "Feature", "properties": { "内容": "特別養護老人ホーム川内の里【短期入所生活介護】広島市安佐南区川内一丁目２１番２９号", "url": "https://www.kaigokensaku.mhlw.go.jp/34/index.php?action_kouhyou_detail_004_kani=true&JigyosyoCd=3470203575-00&ServiceCd=210&Type=search", "url2": "http://www.kawauchinosato.net" }, "geometry": { "type": "Point", "coordinates": [ 132.4849372, 34.4565076 ] } },
{ "type": "Feature", "properties": { "内容": "短期入所生活介護事業所　春日野園【短期入所生活介護】広島市安佐南区山本新町2丁目18番9-14号", "url": "https://www.kaigokensaku.mhlw.go.jp/34/index.php?action_kouhyou_detail_004_kani=true&JigyosyoCd=3470208038-00&ServiceCd=210&Type=search", "url2": "https://www.saka-group.jp/kasuganoen/" }, "geometry": { "type": "Point", "coordinates": [ 132.434480200000053, 34.4405083 ] } },
{ "type": "Feature", "properties": { "内容": "広島中筋ケアセンターそよ風【短期入所生活介護】広島市安佐南区中筋1丁目15番10号なし", "url": "https://www.kaigokensaku.mhlw.go.jp/34/index.php?action_kouhyou_detail_004_kani=true&JigyosyoCd=3470210224-00&ServiceCd=210&Type=search", "url2": "https://www.sykz.co.jp/" }, "geometry": { "type": "Point", "coordinates": [ 132.473991199999972, 34.4484221 ] } },
{ "type": "Feature", "properties": { "内容": "特別養護老人ホーム和楽荘【短期入所生活介護】広島県広島市安佐南区伴西5丁目1432番地1", "url": "https://www.kaigokensaku.mhlw.go.jp/34/index.php?action_kouhyou_detail_004_kani=true&JigyosyoCd=3470201470-00&ServiceCd=210&Type=search", "url2": "http://www.warakusou.or.jp" }, "geometry": { "type": "Point", "coordinates": [ 132.3756244, 34.4594282 ] } },
{ "type": "Feature", "properties": { "内容": "ショートステイ　みどりい【短期入所生活介護】広島市安佐南区緑井二丁目12番25号", "url": "https://www.kaigokensaku.mhlw.go.jp/34/index.php?action_kouhyou_detail_004_kani=true&JigyosyoCd=3470202486-00&ServiceCd=210&Type=search", "url2": "http://www.asuka-net.or.jp" }, "geometry": { "type": "Point", "coordinates": [ 132.470185099999981, 34.4675117 ] } },
{ "type": "Feature", "properties": { "内容": "ショートステイアルペンローゼ【短期入所生活介護】広島市安佐南区上安六丁目２７番１２－１２号", "url": "https://www.kaigokensaku.mhlw.go.jp/34/index.php?action_kouhyou_detail_004_kani=true&JigyosyoCd=3470207121-00&ServiceCd=210&Type=search", "url2": "http://www.igl.or.jp/kourei/alpenshort.html" }, "geometry": { "type": "Point", "coordinates": [ 132.444734199999971, 34.481023300000011 ] } },
{ "type": "Feature", "properties": { "内容": "レスパイトケア　カルム川内【短期入所生活介護】広島県広島市安佐南区川内２丁目２３－２８", "url": "https://www.kaigokensaku.mhlw.go.jp/34/index.php?action_kouhyou_detail_004_kani=true&JigyosyoCd=3470209200-00&ServiceCd=210&Type=search", "url2": "https://www.calme-kawauti.com" }, "geometry": { "type": "Point", "coordinates": [ 132.48252320000006, 34.4627597 ] } },
{ "type": "Feature", "properties": { "内容": "特別養護老人ホームこころ【短期入所生活介護】広島県広島市安佐北区安佐町鈴張2688番地", "url": "https://www.kaigokensaku.mhlw.go.jp/34/index.php?action_kouhyou_detail_004_kani=true&JigyosyoCd=3470109319-00&ServiceCd=210&Type=search", "url2": "https://kokorohome.wordpress.com/" }, "geometry": { "type": "Point", "coordinates": [ 132.454559099999983, 34.5795127 ] } },
{ "type": "Feature", "properties": { "内容": "特別養護老人ホーム　山まゆ（短期入所生活介護）【短期入所生活介護】大林町字根谷１６２番地の２", "url": "https://www.kaigokensaku.mhlw.go.jp/34/index.php?action_kouhyou_detail_004_kani=true&JigyosyoCd=3470102918-00&ServiceCd=210&Type=search", "url2": "http://www.kabedaimonjikai.or.jp" }, "geometry": { "type": "Point", "coordinates": [ 132.541541300000063, 34.5455902 ] } },
{ "type": "Feature", "properties": { "内容": "特別養護老人ホーム　なごみの郷【短期入所生活介護】広島市安佐北区落合南町196-1", "url": "https://www.kaigokensaku.mhlw.go.jp/34/index.php?action_kouhyou_detail_004_kani=true&JigyosyoCd=3470102538-00&ServiceCd=210&Type=search", "url2": "http://www.nagominosato.jp" }, "geometry": { "type": "Point", "coordinates": [ 132.514232099999958, 34.4615802 ] } },
{ "type": "Feature", "properties": { "内容": "特別養護老人ホーム第二高陽荘【短期入所生活介護】広島県広島市安佐北区深川８－３６－７", "url": "https://www.kaigokensaku.mhlw.go.jp/34/index.php?action_kouhyou_detail_004_kani=true&JigyosyoCd=3470110093-00&ServiceCd=210&Type=search", "url2": null }, "geometry": { "type": "Point", "coordinates": [ 132.5400505, 34.4693329 ] } },
{ "type": "Feature", "properties": { "内容": "ソフィア短期入所生活介護【短期入所生活介護】広島市安佐北区三入六丁目1番2号", "url": "https://www.kaigokensaku.mhlw.go.jp/34/index.php?action_kouhyou_detail_004_kani=true&JigyosyoCd=3470105358-00&ServiceCd=210&Type=search", "url2": "http://www.sophia.or.jp" }, "geometry": { "type": "Point", "coordinates": [ 132.53536680000002, 34.5472399 ] } },
{ "type": "Feature", "properties": { "内容": "特別養護老人ホーム　リアライヴ高陽【短期入所生活介護】広島市安佐北区真亀一丁目1番8号", "url": "https://www.kaigokensaku.mhlw.go.jp/34/index.php?action_kouhyou_detail_004_kani=true&JigyosyoCd=3470109368-00&ServiceCd=210&Type=search", "url2": "http://www.misasakai.or.jp/yutakaen" }, "geometry": { "type": "Point", "coordinates": [ 132.5201676, 34.4816198 ] } },
{ "type": "Feature", "properties": { "内容": "特別養護老人ホーム白木ツジマチ【短期入所生活介護】広島県広島市安佐北区白木町小越218番地2高齢者総合福祉施設白木ツジマチ", "url": "https://www.kaigokensaku.mhlw.go.jp/34/index.php?action_kouhyou_detail_004_kani=true&JigyosyoCd=3470110184-00&ServiceCd=210&Type=search", "url2": "https://www.misasakai.or.jp/shisetsu/izumi.php" }, "geometry": { "type": "Point", "coordinates": [ 132.661279349060067, 34.552044870627334 ] } },
{ "type": "Feature", "properties": { "内容": "特別養護老人ホーム　谷和の里【短期入所生活介護】広島市安佐北区可部町綾ヶ谷2175", "url": "https://www.kaigokensaku.mhlw.go.jp/34/index.php?action_kouhyou_detail_004_kani=true&JigyosyoCd=3470101902-00&ServiceCd=210&Type=search", "url2": "http://katsugikai.jp" }, "geometry": { "type": "Point", "coordinates": [ 132.484793699999955, 34.5625175 ] } },
{ "type": "Feature", "properties": { "内容": "ショートステイEDEN亀山【短期入所生活介護】広島県広島市安佐北区亀山六丁目38-2", "url": "https://www.kaigokensaku.mhlw.go.jp/34/index.php?action_kouhyou_detail_004_kani=true&JigyosyoCd=3470109715-00&ServiceCd=210&Type=search", "url2": "http://eden-careservice.com/" }, "geometry": { "type": "Point", "coordinates": [ 132.491941099999963, 34.5332119 ] } },
{ "type": "Feature", "properties": { "内容": "ゆうゆうショートステイ事業所【短期入所生活介護】広島市安佐北区安佐町後山12415番地5", "url": "https://www.kaigokensaku.mhlw.go.jp/34/index.php?action_kouhyou_detail_004_kani=true&JigyosyoCd=3470100995-00&ServiceCd=210&Type=search", "url2": "http://www.igl.or.jp/kourei/yuuyuu.html" }, "geometry": { "type": "Point", "coordinates": [ 132.445097499999946, 34.5004379 ] } },
{ "type": "Feature", "properties": { "内容": "第二ゆうゆうショートステイ事業所【短期入所生活介護】広島市安佐北区安佐町後山12415番地1", "url": "https://www.kaigokensaku.mhlw.go.jp/34/index.php?action_kouhyou_detail_004_kani=true&JigyosyoCd=3470101001-00&ServiceCd=210&Type=search", "url2": "http://www.igl.or.jp/kourei/2yuuyuu.html" }, "geometry": { "type": "Point", "coordinates": [ 132.444317, 34.5005989 ] } },
{ "type": "Feature", "properties": { "内容": "みくに短期入所生活介護事業所【短期入所生活介護】広島市安佐北区安佐町大字久地字日ノ浦３２４０番地６５", "url": "https://www.kaigokensaku.mhlw.go.jp/34/index.php?action_kouhyou_detail_004_kani=true&JigyosyoCd=3470101100-00&ServiceCd=210&Type=search", "url2": "https://mikuni04.com/" }, "geometry": { "type": "Point", "coordinates": [ 132.399046399999946, 34.4900966 ] } },
{ "type": "Feature", "properties": { "内容": "ショートステイ　リアライヴ高陽【短期入所生活介護】広島市安佐北区真亀一丁目1番8号", "url": "https://www.kaigokensaku.mhlw.go.jp/34/index.php?action_kouhyou_detail_004_kani=true&JigyosyoCd=3470101191-00&ServiceCd=210&Type=search", "url2": "http://www.misasakai.or.jp" }, "geometry": { "type": "Point", "coordinates": [ 132.520317969499388, 34.481515451349566 ] } },
{ "type": "Feature", "properties": { "内容": "特別養護老人ホームナーシングホームゆうゆう【短期入所生活介護】広島市安佐北区安佐町後山12415番地5", "url": "https://www.kaigokensaku.mhlw.go.jp/34/index.php?action_kouhyou_detail_004_kani=true&JigyosyoCd=3470101449-00&ServiceCd=210&Type=search", "url2": "http://www.igl.or.jp/kourei/yuuyuu.html" }, "geometry": { "type": "Point", "coordinates": [ 132.4503578, 34.5101804 ] } },
{ "type": "Feature", "properties": { "内容": "特別養護老人ホーム第二ナーシングホームゆうゆう【短期入所生活介護】広島市安佐北区安佐町後山12415番地１", "url": "https://www.kaigokensaku.mhlw.go.jp/34/index.php?action_kouhyou_detail_004_kani=true&JigyosyoCd=3470101456-00&ServiceCd=210&Type=search", "url2": "http://www.igl.or.jp/kourei/2yuuyuu.html" }, "geometry": { "type": "Point", "coordinates": [ 132.444317, 34.5005989 ] } },
{ "type": "Feature", "properties": { "内容": "特別養護老人ホーム白木の郷【短期入所生活介護】広島県広島市安佐北区白木町大字小越10230番地", "url": "https://www.kaigokensaku.mhlw.go.jp/34/index.php?action_kouhyou_detail_004_kani=true&JigyosyoCd=3470101886-00&ServiceCd=210&Type=search", "url2": "http://www.misasakai.or.jp/" }, "geometry": { "type": "Point", "coordinates": [ 132.672644893856841, 34.553238434208154 ] } },
{ "type": "Feature", "properties": { "内容": "従来型特別養護老人ホーム　リアライブ高陽【短期入所生活介護】広島県広島市安佐北区真亀一丁目1-8", "url": "https://www.kaigokensaku.mhlw.go.jp/34/index.php?action_kouhyou_detail_004_kani=true&JigyosyoCd=3470101894-00&ServiceCd=210&Type=search", "url2": "http://www.misasakai.or.jp/" }, "geometry": { "type": "Point", "coordinates": [ 132.520769199999989, 34.481644 ] } },
{ "type": "Feature", "properties": { "内容": "短期入所生活介護事業所なごみの郷【短期入所生活介護】広島市安佐北区落合南町196-1", "url": "https://www.kaigokensaku.mhlw.go.jp/34/index.php?action_kouhyou_detail_004_kani=true&JigyosyoCd=3470102546-00&ServiceCd=210&Type=search", "url2": "http://www.nagominosato.jp" }, "geometry": { "type": "Point", "coordinates": [ 132.514232099999958, 34.4615802 ] } },
{ "type": "Feature", "properties": { "内容": "短期入所事業所　山まゆ【短期入所生活介護】広島市安佐北区大林町字根谷162番地の2", "url": "https://www.kaigokensaku.mhlw.go.jp/34/index.php?action_kouhyou_detail_004_kani=true&JigyosyoCd=3470102900-00&ServiceCd=210&Type=search", "url2": "https://www.kabedaimonjikai.or.jp" }, "geometry": { "type": "Point", "coordinates": [ 132.548149400000057, 34.5507647 ] } },
{ "type": "Feature", "properties": { "内容": "ショートステイ　可部南静養園カルム【短期入所生活介護】広島県広島市安佐北区可部南二丁目19番33号", "url": "https://www.kaigokensaku.mhlw.go.jp/34/index.php?action_kouhyou_detail_004_kani=true&JigyosyoCd=3470108006-00&ServiceCd=210&Type=search", "url2": "http://www.dohen.or.jp/intro/older/kabeminami01/" }, "geometry": { "type": "Point", "coordinates": [ 132.518857600000047, 34.5009592 ] } },
{ "type": "Feature", "properties": { "内容": "特別養護老人ホーム　くちた園【短期入所生活介護】広島県広島市安佐北区口田南一丁目9番8号", "url": "https://www.kaigokensaku.mhlw.go.jp/34/index.php?action_kouhyou_detail_004_kani=true&JigyosyoCd=3470108345-00&ServiceCd=210&Type=search", "url2": "http://kuchitaen.site" }, "geometry": { "type": "Point", "coordinates": [ 132.491768400000012, 34.4545995 ] } },
{ "type": "Feature", "properties": { "内容": "医療法人社団　緑雨会　ショートステイゆず【短期入所生活介護】広島県広島市安佐北区落合一丁目１７番１２号高陽第一診療所　高齢者複合施設", "url": "https://www.kaigokensaku.mhlw.go.jp/34/index.php?action_kouhyou_detail_004_kani=true&JigyosyoCd=3470108675-00&ServiceCd=210&Type=search", "url2": "http://www.koyodaiichi.jp/" }, "geometry": { "type": "Point", "coordinates": [ 132.510878565567737, 34.473811223757139 ] } },
{ "type": "Feature", "properties": { "内容": "ユニット型特別養護老人ホーム　三篠園【短期入所生活介護】広島県広島市安佐北区白木町井原1244番地", "url": "https://www.kaigokensaku.mhlw.go.jp/34/index.php?action_kouhyou_detail_004_kani=true&JigyosyoCd=3470109020-00&ServiceCd=210&Type=search", "url2": "https://misasakai.ecat.jp/catalog/products/detail?id=26" }, "geometry": { "type": "Point", "coordinates": [ 132.680376200000012, 34.5945703 ] } },
{ "type": "Feature", "properties": { "内容": "ユニット型（介護予防）短期入所生活介護　三篠園【短期入所生活介護】広島県広島市安佐北区白木町大字井原1244番地", "url": "https://www.kaigokensaku.mhlw.go.jp/34/index.php?action_kouhyou_detail_004_kani=true&JigyosyoCd=3470109038-00&ServiceCd=210&Type=search", "url2": "https://misasakai.ecat.jp/catalog/products/detail?id=26" }, "geometry": { "type": "Point", "coordinates": [ 132.68038219999994, 34.5941281 ] } },
{ "type": "Feature", "properties": { "内容": "ショートステイ亀山の里【短期入所生活介護】広島県広島市安佐北区亀山九丁目10番25号亀山の里", "url": "https://www.kaigokensaku.mhlw.go.jp/34/index.php?action_kouhyou_detail_004_kani=true&JigyosyoCd=3470109285-00&ServiceCd=210&Type=search", "url2": "http://katsugikai.jp" }, "geometry": { "type": "Point", "coordinates": [ 132.480430399999932, 34.5353513 ] } },
{ "type": "Feature", "properties": { "内容": "特別養護老人ホーム高陽荘【短期入所生活介護】広島県広島市安佐北区深川八丁目36番7号", "url": "https://www.kaigokensaku.mhlw.go.jp/34/index.php?action_kouhyou_detail_004_kani=true&JigyosyoCd=3470109657-00&ServiceCd=210&Type=search", "url2": "http://www.misasakai.or.jp/shisetsu/koyoso.php" }, "geometry": { "type": "Point", "coordinates": [ 132.540085500000032, 34.4693483 ] } },
{ "type": "Feature", "properties": { "内容": "ショートケア高陽荘【短期入所生活介護】広島県広島市安佐北区深川八丁目36番7号特別養護老人ホーム高陽荘", "url": "https://www.kaigokensaku.mhlw.go.jp/34/index.php?action_kouhyou_detail_004_kani=true&JigyosyoCd=3470109665-00&ServiceCd=210&Type=search", "url2": "http://www.misasakai.or.jp/shisetsu/koyoso.php" }, "geometry": { "type": "Point", "coordinates": [ 132.540085500000032, 34.4693483 ] } },
{ "type": "Feature", "properties": { "内容": "短期入所生活介護　白木ツジマチ【短期入所生活介護】広島県広島市安佐北区白木町小越218番2高齢者総合福祉施設白木ツジマチ", "url": "https://www.kaigokensaku.mhlw.go.jp/34/index.php?action_kouhyou_detail_004_kani=true&JigyosyoCd=3470110192-00&ServiceCd=210&Type=search", "url2": "https://www.misasakai.or.jp/shisetsu/izumi.php" }, "geometry": { "type": "Point", "coordinates": [ 132.661150603027352, 34.551832796969151 ] } },
{ "type": "Feature", "properties": { "内容": "ショートステイわかば【短期入所生活介護】広島県広島市安佐北区可部町大字桐原823番地", "url": "https://www.kaigokensaku.mhlw.go.jp/34/index.php?action_kouhyou_detail_004_kani=true&JigyosyoCd=3470109897-00&ServiceCd=210&Type=search", "url2": "https://www.gukuru.co/%E3%82%B7%E3%83%A7%E3%83%BC%E3%83%88%E3%82%B9%E3%83%86%E3%82%A4%E3%82%8F%E3%81%8B%E3%81%B0" }, "geometry": { "type": "Point", "coordinates": [ 132.54056893981172, 34.52987541937258 ] } },
{ "type": "Feature", "properties": { "内容": "ショートステイサービスこころ【短期入所生活介護】広島県広島市安佐北区安佐町鈴張2688番地", "url": "https://www.kaigokensaku.mhlw.go.jp/34/index.php?action_kouhyou_detail_004_kani=true&JigyosyoCd=3470109327-00&ServiceCd=210&Type=search", "url2": "https://kokorohome.wordpress.com/" }, "geometry": { "type": "Point", "coordinates": [ 132.454559099999983, 34.5795127 ] } },
{ "type": "Feature", "properties": { "内容": "ショートステイそわか可部東【短期入所生活介護】広島市安佐北区可部東5-9-15", "url": "https://www.kaigokensaku.mhlw.go.jp/34/index.php?action_kouhyou_detail_004_kani=true&JigyosyoCd=3470110358-00&ServiceCd=210&Type=search", "url2": "https://care.s-brillant.co.jp/nursing-home/sowaka-kabehigashi" }, "geometry": { "type": "Point", "coordinates": [ 132.5158634, 34.5218373 ] } },
{ "type": "Feature", "properties": { "内容": "谷和の里短期入所生活介護事業所【短期入所生活介護】広島市安佐北区可部町綾ヶ谷2175", "url": "https://www.kaigokensaku.mhlw.go.jp/34/index.php?action_kouhyou_detail_004_kani=true&JigyosyoCd=3470101381-00&ServiceCd=210&Type=search", "url2": "http://katsugikai.jp/" }, "geometry": { "type": "Point", "coordinates": [ 132.484735399999977, 34.562537 ] } },
{ "type": "Feature", "properties": { "内容": "特別養護老人ホーム　可部南静養園カルム【短期入所生活介護】広島市安佐北区可部南二丁目19番33号-", "url": "https://www.kaigokensaku.mhlw.go.jp/34/index.php?action_kouhyou_detail_004_kani=true&JigyosyoCd=3470107990-00&ServiceCd=210&Type=search", "url2": "http://www.dohen.or.jp/intro/older/kabeminami01/" }, "geometry": { "type": "Point", "coordinates": [ 132.519006200000035, 34.5009495 ] } },
{ "type": "Feature", "properties": { "内容": "短期入所生活介護事業所くちた園【短期入所生活介護】広島県広島市安佐北区口田南一丁目9番8号特別養護老人ホームくちた園", "url": "https://www.kaigokensaku.mhlw.go.jp/34/index.php?action_kouhyou_detail_004_kani=true&JigyosyoCd=3470108386-00&ServiceCd=210&Type=search", "url2": "http://kuchitaen.site" }, "geometry": { "type": "Point", "coordinates": [ 132.491686800000025, 34.4544635 ] } },
{ "type": "Feature", "properties": { "内容": "ショートステイ　菜の花畑【短期入所生活介護】広島県広島市安佐北区可部六丁目１４番８号", "url": "https://www.kaigokensaku.mhlw.go.jp/34/index.php?action_kouhyou_detail_004_kani=true&JigyosyoCd=3470108659-00&ServiceCd=210&Type=search", "url2": "http://nanohana-kabe.com" }, "geometry": { "type": "Point", "coordinates": [ 132.506507247379915, 34.525247902840725 ] } },
{ "type": "Feature", "properties": { "内容": "特別養護老人ホーム亀山の里【短期入所生活介護】広島県広島市安佐北区亀山九丁目10番25号亀山の里", "url": "https://www.kaigokensaku.mhlw.go.jp/34/index.php?action_kouhyou_detail_004_kani=true&JigyosyoCd=3470109277-00&ServiceCd=210&Type=search", "url2": "http://katsugikai.jp" }, "geometry": { "type": "Point", "coordinates": [ 132.480430399999904, 34.5353513 ] } },
{ "type": "Feature", "properties": { "内容": "ショートステイそわか可部【短期入所生活介護】広島県広島市安佐北区亀山1-6-7", "url": "https://www.kaigokensaku.mhlw.go.jp/34/index.php?action_kouhyou_detail_004_kani=true&JigyosyoCd=3470110291-00&ServiceCd=210&Type=search", "url2": "https://care.s-brillant.co.jp/nursing-home/sowaka-kabe" }, "geometry": { "type": "Point", "coordinates": [ 132.502978399999989, 34.5167963 ] } },
{ "type": "Feature", "properties": { "内容": "ショートステイ　可部南静養園アシステ【短期入所生活介護】広島県広島市安佐北区可部南二丁目19番33号", "url": "https://www.kaigokensaku.mhlw.go.jp/34/index.php?action_kouhyou_detail_004_kani=true&JigyosyoCd=3470100961-00&ServiceCd=210&Type=search", "url2": "http://www.dohen.or.jp" }, "geometry": { "type": "Point", "coordinates": [ 132.519174244341798, 34.501529456354312 ] } },
{ "type": "Feature", "properties": { "内容": "特別養護老人ホーム可部南静養園アシステ【短期入所生活介護】広島県広島市安佐北区可部南二丁１９番３３号", "url": "https://www.kaigokensaku.mhlw.go.jp/34/index.php?action_kouhyou_detail_004_kani=true&JigyosyoCd=3470101779-00&ServiceCd=210&Type=search", "url2": "http://www.dohen.or.jp/intro/older/midorigaoka01/" }, "geometry": { "type": "Point", "coordinates": [ 132.519096314596908, 34.501483700667421 ] } },
{ "type": "Feature", "properties": { "内容": "くにくさ短期入所生活介護事業所【短期入所生活介護】広島市安芸区阿戸町418番地の1", "url": "https://www.kaigokensaku.mhlw.go.jp/34/index.php?action_kouhyou_detail_004_kani=true&JigyosyoCd=3470100888-00&ServiceCd=210&Type=search", "url2": "http://www.kunikusa.or.jp/" }, "geometry": { "type": "Point", "coordinates": [ 132.624039, 34.3734895 ] } },
{ "type": "Feature", "properties": { "内容": "ショートステイはたのリハビリ【短期入所生活介護】広島市安芸区中野六丁目14-2", "url": "https://www.kaigokensaku.mhlw.go.jp/34/index.php?action_kouhyou_detail_004_kani=true&JigyosyoCd=3470103577-00&ServiceCd=210&Type=search", "url2": "http://hatano-group.jp" }, "geometry": { "type": "Point", "coordinates": [ 132.58266930000002, 34.4113885 ] } },
{ "type": "Feature", "properties": { "内容": "特別養護老人ホーム　あきなかの【短期入所生活介護】広島県広島市安芸区中野三丁目９番５号在宅複合施設あきなかの　二階", "url": "https://www.kaigokensaku.mhlw.go.jp/34/index.php?action_kouhyou_detail_004_kani=true&JigyosyoCd=3470107172-00&ServiceCd=210&Type=search", "url2": "http://www.jiraku.or.jp" }, "geometry": { "type": "Point", "coordinates": [ 132.564474300000029, 34.3927844 ] } },
{ "type": "Feature", "properties": { "内容": "特別養護老人ホーム瀬野川ホーム【短期入所生活介護】広島県広島市安芸区中野東2丁目34番1号", "url": "https://www.kaigokensaku.mhlw.go.jp/34/index.php?action_kouhyou_detail_004_kani=true&JigyosyoCd=3470101670-00&ServiceCd=210&Type=search", "url2": "http://www.jiraku.or.jp" }, "geometry": { "type": "Point", "coordinates": [ 132.571218300000027, 34.3876269 ] } },
{ "type": "Feature", "properties": { "内容": "特別養護老人ホームくにくさ苑【短期入所生活介護】広島県広島市安芸区阿戸町４１８番地の１", "url": "https://www.kaigokensaku.mhlw.go.jp/34/index.php?action_kouhyou_detail_004_kani=true&JigyosyoCd=3470101910-00&ServiceCd=210&Type=search", "url2": "http://www.kunikusa.or.jp/" }, "geometry": { "type": "Point", "coordinates": [ 132.624039, 34.3734895 ] } },
{ "type": "Feature", "properties": { "内容": "レスパイトケア住マイル安芸【短期入所生活介護】広島県広島市安芸区船越南３丁目１番３０号海田シティホテル内２F", "url": "https://www.kaigokensaku.mhlw.go.jp/34/index.php?action_kouhyou_detail_004_kani=true&JigyosyoCd=3470109012-00&ServiceCd=210&Type=search", "url2": "https://www.nix-net.co.jp/care/center/respitecare_smileaki.html" }, "geometry": { "type": "Point", "coordinates": [ 132.528058800000053, 34.3722199 ] } },
{ "type": "Feature", "properties": { "内容": "短期入所生活介護事業所　矢野【短期入所生活介護】広島県広島市安芸区矢野西三丁目１－１１", "url": "https://www.kaigokensaku.mhlw.go.jp/34/index.php?action_kouhyou_detail_004_kani=true&JigyosyoCd=3470109376-00&ServiceCd=210&Type=search", "url2": "https://www.kounankai.jp" }, "geometry": { "type": "Point", "coordinates": [ 132.524951399999964, 34.3485867 ] } },
{ "type": "Feature", "properties": { "内容": "特別養護老人ホーム石内慈光園【短期入所生活介護】広島市佐伯区五日市町石内6405番地の１", "url": "https://www.kaigokensaku.mhlw.go.jp/34/index.php?action_kouhyou_detail_004_kani=true&JigyosyoCd=3470201579-00&ServiceCd=210&Type=search", "url2": "http://www.jikouen.jp/page005.html" }, "geometry": { "type": "Point", "coordinates": [ 132.3679952, 34.4039496 ] } },
{ "type": "Feature", "properties": { "内容": "特別養護老人ホーム鈴が峰【短期入所生活介護】広島県広島市佐伯区五日市町皆賀104番地27", "url": "https://www.kaigokensaku.mhlw.go.jp/34/index.php?action_kouhyou_detail_004_kani=true&JigyosyoCd=3470202742-00&ServiceCd=210&Type=search", "url2": "http://www.misasakai.or.jp" }, "geometry": { "type": "Point", "coordinates": [ 132.372370100000012, 34.3812494 ] } },
{ "type": "Feature", "properties": { "内容": "特別養護老人ホーム　五日市あかり園【短期入所生活介護】広島市佐伯区五日市町大字下河内５９１－１", "url": "https://www.kaigokensaku.mhlw.go.jp/34/index.php?action_kouhyou_detail_004_kani=true&JigyosyoCd=3470203864-00&ServiceCd=210&Type=search", "url2": null }, "geometry": { "type": "Point", "coordinates": [ 132.352565899999945, 34.408441 ] } },
{ "type": "Feature", "properties": { "内容": "従来型特別養護老人ホーム楽々園kisui【短期入所生活介護】広島県広島市佐伯区楽々園五丁目15番22号高齢者総合福祉施設楽々園kisui", "url": "https://www.kaigokensaku.mhlw.go.jp/34/index.php?action_kouhyou_detail_004_kani=true&JigyosyoCd=3470214465-00&ServiceCd=210&Type=search", "url2": "https://www.misasakai.or.jp/shisetsu/rakurakuenkisui.php" }, "geometry": { "type": "Point", "coordinates": [ 132.3515611, 34.3595812 ] } },
{ "type": "Feature", "properties": { "内容": "ユニット型特別養護老人ホーム楽々園kisui【短期入所生活介護】広島県広島市佐伯区楽々園五丁目15番22号高齢者総合福祉施設楽々園kisui", "url": "https://www.kaigokensaku.mhlw.go.jp/34/index.php?action_kouhyou_detail_004_kani=true&JigyosyoCd=3470214457-00&ServiceCd=210&Type=search", "url2": "https://www.misasakai.or.jp/shisetsu/rakurakuenkisui.php" }, "geometry": { "type": "Point", "coordinates": [ 132.3515611, 34.3595812 ] } },
{ "type": "Feature", "properties": { "内容": "短期入所生活介護事業所　楽々園kisui【短期入所生活介護】広島県広島市佐伯区楽々園五丁目15番22号高齢者総合福祉施設楽々園kisui", "url": "https://www.kaigokensaku.mhlw.go.jp/34/index.php?action_kouhyou_detail_004_kani=true&JigyosyoCd=3470214499-00&ServiceCd=210&Type=search", "url2": "https://www.misasakai.or.jp/shisetsu/rakurakuenkisui.php" }, "geometry": { "type": "Point", "coordinates": [ 132.3515611, 34.3595812 ] } },
{ "type": "Feature", "properties": { "内容": "陽光の家　短期入所生活介護事業所【短期入所生活介護】広島市佐伯区三宅六丁目１０５番地", "url": "https://www.kaigokensaku.mhlw.go.jp/34/index.php?action_kouhyou_detail_004_kani=true&JigyosyoCd=3470201256-00&ServiceCd=210&Type=search", "url2": "https://www.pia-gr.or.jp/pia/soujyukai/" }, "geometry": { "type": "Point", "coordinates": [ 132.336148200000025, 34.380021 ] } },
{ "type": "Feature", "properties": { "内容": "石内慈光園短期入所生活介護事業所【短期入所生活介護】広島県広島市佐伯区五日市町石内６４０５番地の１", "url": "https://www.kaigokensaku.mhlw.go.jp/34/index.php?action_kouhyou_detail_004_kani=true&JigyosyoCd=3470201306-00&ServiceCd=210&Type=search", "url2": "http://www.jikouen.jp/ishiutijikouen.html" }, "geometry": { "type": "Point", "coordinates": [ 132.3679952, 34.4039496 ] } },
{ "type": "Feature", "properties": { "内容": "短期入所生活介護事業所ふじの木【短期入所生活介護】広島市佐伯区藤の木157-21", "url": "https://www.kaigokensaku.mhlw.go.jp/34/index.php?action_kouhyou_detail_004_kani=true&JigyosyoCd=3470207485-00&ServiceCd=210&Type=search", "url2": "https://care-net.biz/34/heiwakai/" }, "geometry": { "type": "Point", "coordinates": [ 132.357964748626728, 34.420371286767221 ] } },
{ "type": "Feature", "properties": { "内容": "こころ三清荘ショートステイ【短期入所生活介護】広島県広島市佐伯区石内北一丁目1番11号", "url": "https://www.kaigokensaku.mhlw.go.jp/34/index.php?action_kouhyou_detail_004_kani=true&JigyosyoCd=3470210984-00&ServiceCd=210&Type=search", "url2": "http://www.keizankai.or.jp/" }, "geometry": { "type": "Point", "coordinates": [ 132.375680247360265, 34.44536904867531 ] } },
{ "type": "Feature", "properties": { "内容": "ショートステイすみれ【短期入所生活介護】広島県広島市佐伯区海老園2-10-2", "url": "https://www.kaigokensaku.mhlw.go.jp/34/index.php?action_kouhyou_detail_004_kani=true&JigyosyoCd=3470210992-00&ServiceCd=210&Type=search", "url2": null }, "geometry": { "type": "Point", "coordinates": [ 132.362256399999978, 34.3641124 ] } },
{ "type": "Feature", "properties": { "内容": "短期入所生活介護いつかいち福寿苑【短期入所生活介護】広島県広島市佐伯区坪井一丁目31番7号", "url": "https://www.kaigokensaku.mhlw.go.jp/34/index.php?action_kouhyou_detail_004_kani=true&JigyosyoCd=3470213483-00&ServiceCd=210&Type=search", "url2": null }, "geometry": { "type": "Point", "coordinates": [ 132.351714899999934, 34.3747714 ] } },
{ "type": "Feature", "properties": { "内容": "短期入所生活介護事業所鈴が峰【短期入所生活介護】広島市佐伯区五日市町皆賀104番地27", "url": "https://www.kaigokensaku.mhlw.go.jp/34/index.php?action_kouhyou_detail_004_kani=true&JigyosyoCd=3470202783-00&ServiceCd=210&Type=search", "url2": "https://misasakai.ecat.jp/catalog/products/detail?id=14" }, "geometry": { "type": "Point", "coordinates": [ 132.3723473, 34.3818052 ] } },
{ "type": "Feature", "properties": { "内容": "特別養護老人ホーム　陽光の家【短期入所生活介護】広島県広島市佐伯区三宅６丁目１０５番地", "url": "https://www.kaigokensaku.mhlw.go.jp/34/index.php?action_kouhyou_detail_004_kani=true&JigyosyoCd=3470201264-00&ServiceCd=210&Type=search", "url2": "https://www.pia-gr.or.jp/pia/soujyukai/" }, "geometry": { "type": "Point", "coordinates": [ 132.336148200000025, 34.380021 ] } },
{ "type": "Feature", "properties": { "内容": "はなみずき【短期入所生活介護】広島市佐伯区千同３丁目３１３番地2", "url": "https://www.kaigokensaku.mhlw.go.jp/34/index.php?action_kouhyou_detail_004_kani=true&JigyosyoCd=3470208681-00&ServiceCd=210&Type=search", "url2": null }, "geometry": { "type": "Point", "coordinates": [ 132.345072100000039, 34.3807434 ] } },
{ "type": "Feature", "properties": { "内容": "はなみずき壱番館【短期入所生活介護】広島県広島市佐伯区千同3丁目313-2", "url": "https://www.kaigokensaku.mhlw.go.jp/34/index.php?action_kouhyou_detail_004_kani=true&JigyosyoCd=3470211180-00&ServiceCd=210&Type=search", "url2": null }, "geometry": { "type": "Point", "coordinates": [ 132.345072100000039, 34.3807434 ] } },
{ "type": "Feature", "properties": { "内容": "湯来保養園短期入所生活介護事業所【短期入所生活介護】広島市佐伯区湯来町大字白砂82番地の4", "url": "https://www.kaigokensaku.mhlw.go.jp/34/index.php?action_kouhyou_detail_004_kani=true&JigyosyoCd=3473300428-00&ServiceCd=210&Type=search", "url2": "http://www.yukihoyouen.join-us.jp/" }, "geometry": { "type": "Point", "coordinates": [ 132.283679799999959, 34.4142581 ] } },
{ "type": "Feature", "properties": { "内容": "ショートステイi・ケアゆき【短期入所生活介護】広島県広島市佐伯区湯来町伏谷乙１３６１i・ケアマンションゆき", "url": "https://www.kaigokensaku.mhlw.go.jp/34/index.php?action_kouhyou_detail_004_kani=true&JigyosyoCd=3470212907-00&ServiceCd=210&Type=search", "url2": "https://www.i-care-wa.com/yuki/" }, "geometry": { "type": "Point", "coordinates": [ 132.288308, 34.450179 ] } },
{ "type": "Feature", "properties": { "内容": "レスパイトケア住マイル五日市【短期入所生活介護】広島市佐伯区三筋一丁目10-27レスパイトケア住マイル五日市", "url": "https://www.kaigokensaku.mhlw.go.jp/34/index.php?action_kouhyou_detail_004_kani=true&JigyosyoCd=3470210604-00&ServiceCd=210&Type=search", "url2": "https://www.nix-net.co.jp/care/center/" }, "geometry": { "type": "Point", "coordinates": [ 132.347578182128927, 34.365462986866952 ] } },
{ "type": "Feature", "properties": { "内容": "特別養護老人ホーム豊寿園【短期入所生活介護】呉市豊町大長６０００番地", "url": "https://www.kaigokensaku.mhlw.go.jp/34/index.php?action_kouhyou_detail_004_kani=true&JigyosyoCd=3473900391-00&ServiceCd=210&Type=search", "url2": "http://www.houju-hiroshima.or.jp" }, "geometry": { "type": "Point", "coordinates": [ 132.853104300000041, 34.1868307 ] } },
{ "type": "Feature", "properties": { "内容": "特別養護老人ホーム　郷原の里【短期入所生活介護】広島県呉市郷原町字鵯畑11882番地12", "url": "https://www.kaigokensaku.mhlw.go.jp/34/index.php?action_kouhyou_detail_004_kani=true&JigyosyoCd=3470500962-00&ServiceCd=210&Type=search", "url2": "http://gouharanosato.jp" }, "geometry": { "type": "Point", "coordinates": [ 132.639038, 34.292366 ] } },
{ "type": "Feature", "properties": { "内容": "特別養護老人ホーム　春香園【短期入所生活介護】呉市安浦町内海北一丁目2-42", "url": "https://www.kaigokensaku.mhlw.go.jp/34/index.php?action_kouhyou_detail_004_kani=true&JigyosyoCd=3470503800-00&ServiceCd=210&Type=search", "url2": "http://www.syunkaen.or.jp/" }, "geometry": { "type": "Point", "coordinates": [ 132.7379604, 34.2859422 ] } },
{ "type": "Feature", "properties": { "内容": "特別養護老人ホーム呉本通コスモス園【短期入所生活介護】広島県呉市本通４丁目８番１２呉商工会議所ビル南館101号", "url": "https://www.kaigokensaku.mhlw.go.jp/34/index.php?action_kouhyou_detail_004_kani=true&JigyosyoCd=3470502943-00&ServiceCd=210&Type=search", "url2": "http://hakujukai.jp/" }, "geometry": { "type": "Point", "coordinates": [ 132.5695336, 34.2473061 ] } },
{ "type": "Feature", "properties": { "内容": "春香園ショート【短期入所生活介護】広島県呉市安浦町内海北一丁目2番42号", "url": "https://www.kaigokensaku.mhlw.go.jp/34/index.php?action_kouhyou_detail_004_kani=true&JigyosyoCd=3470503818-00&ServiceCd=210&Type=search", "url2": "http://www.syunkaen.or.jp/" }, "geometry": { "type": "Point", "coordinates": [ 132.7379604, 34.2859422 ] } },
{ "type": "Feature", "properties": { "内容": "常楽園短期入所生活介護事業所【短期入所生活介護】呉市警固屋9丁目1番1号", "url": "https://www.kaigokensaku.mhlw.go.jp/34/index.php?action_kouhyou_detail_004_kani=true&JigyosyoCd=3470500335-00&ServiceCd=210&Type=search", "url2": "http://kure-dousai.jp/" }, "geometry": { "type": "Point", "coordinates": [ 132.5465405, 34.1953409 ] } },
{ "type": "Feature", "properties": { "内容": "温養院短期入所生活介護事業所【短期入所生活介護】呉市焼山中央６丁目６－１３", "url": "https://www.kaigokensaku.mhlw.go.jp/34/index.php?action_kouhyou_detail_004_kani=true&JigyosyoCd=3470500434-00&ServiceCd=210&Type=search", "url2": "http://kure-dousai.jp" }, "geometry": { "type": "Point", "coordinates": [ 132.566184279551635, 34.289367048317864 ] } },
{ "type": "Feature", "properties": { "内容": "特別養護老人ホーム温養院【短期入所生活介護】広島県呉市焼山中央6丁目6番13号", "url": "https://www.kaigokensaku.mhlw.go.jp/34/index.php?action_kouhyou_detail_004_kani=true&JigyosyoCd=3470500442-00&ServiceCd=210&Type=search", "url2": "http://kure-dousai.jp/" }, "geometry": { "type": "Point", "coordinates": [ 132.566660700000057, 34.2895818 ] } },
{ "type": "Feature", "properties": { "内容": "特別養護老人ホーム　成寿園【短期入所生活介護】呉市広町字白石免田13010番地", "url": "https://www.kaigokensaku.mhlw.go.jp/34/index.php?action_kouhyou_detail_004_kani=true&JigyosyoCd=3470500665-00&ServiceCd=210&Type=search", "url2": "http://www.seijukai-welfare.jp/top.html" }, "geometry": { "type": "Point", "coordinates": [ 132.632540899999981, 34.2505192 ] } },
{ "type": "Feature", "properties": { "内容": "成寿園短期入所生活介護事業所【短期入所生活介護】呉市広町字白石免田１３０１０番地", "url": "https://www.kaigokensaku.mhlw.go.jp/34/index.php?action_kouhyou_detail_004_kani=true&JigyosyoCd=3470500673-00&ServiceCd=210&Type=search", "url2": "http://www.seijukai-welfare.jp/top.html" }, "geometry": { "type": "Point", "coordinates": [ 132.632540899999981, 34.2505192 ] } },
{ "type": "Feature", "properties": { "内容": "短期入所生活介護事業所あすらや荘【短期入所生活介護】呉市郷原町2380番地", "url": "https://www.kaigokensaku.mhlw.go.jp/34/index.php?action_kouhyou_detail_004_kani=true&JigyosyoCd=3470500772-00&ServiceCd=210&Type=search", "url2": "http://www.misasakai.or.jp" }, "geometry": { "type": "Point", "coordinates": [ 132.648738099999946, 34.2957483 ] } },
{ "type": "Feature", "properties": { "内容": "コスモス園短期入所生活介護事業所【短期入所生活介護】呉市焼山北三丁目２１番５号", "url": "https://www.kaigokensaku.mhlw.go.jp/34/index.php?action_kouhyou_detail_004_kani=true&JigyosyoCd=3470500814-00&ServiceCd=210&Type=search", "url2": "http://www.hakujukai.jp/" }, "geometry": { "type": "Point", "coordinates": [ 132.552974899999981, 34.3092656 ] } },
{ "type": "Feature", "properties": { "内容": "呉本通コスモス園短期入所生活介護事業所【短期入所生活介護】呉市本通４丁目８番１２号呉商工会議所南館　１０１号", "url": "https://www.kaigokensaku.mhlw.go.jp/34/index.php?action_kouhyou_detail_004_kani=true&JigyosyoCd=3470502950-00&ServiceCd=210&Type=search", "url2": "http://www.hakujukai.jp/" }, "geometry": { "type": "Point", "coordinates": [ 132.569523600000025, 34.247335 ] } },
{ "type": "Feature", "properties": { "内容": "短期入所生活介護事業所　仁方【短期入所生活介護】広島県呉市仁方町戸田4407番地", "url": "https://www.kaigokensaku.mhlw.go.jp/34/index.php?action_kouhyou_detail_004_kani=true&JigyosyoCd=3470503156-00&ServiceCd=210&Type=search", "url2": "http://www.misasakai.or.jp/" }, "geometry": { "type": "Point", "coordinates": [ 132.652095199999962, 34.2064321 ] } },
{ "type": "Feature", "properties": { "内容": "地域密着型ユニット型特別養護老人ホーム　あかさき園【短期入所生活介護】呉市音戸町畑1丁目2番51号", "url": "https://www.kaigokensaku.mhlw.go.jp/34/index.php?action_kouhyou_detail_004_kani=true&JigyosyoCd=3470503172-00&ServiceCd=210&Type=search", "url2": "http://www.hakujukai.jp" }, "geometry": { "type": "Point", "coordinates": [ 132.533969599999978, 34.1621003 ] } },
{ "type": "Feature", "properties": { "内容": "あかさき園　短期入所生活介護事業所【短期入所生活介護】呉市音戸町畑１丁目２番５１号", "url": "https://www.kaigokensaku.mhlw.go.jp/34/index.php?action_kouhyou_detail_004_kani=true&JigyosyoCd=3473100430-00&ServiceCd=210&Type=search", "url2": "http://www.hakujukai.jp/" }, "geometry": { "type": "Point", "coordinates": [ 132.533969599999978, 34.1621003 ] } },
{ "type": "Feature", "properties": { "内容": "特別養護老人ホーム　あかさき園【短期入所生活介護】呉市音戸町畑１丁目２番５１号", "url": "https://www.kaigokensaku.mhlw.go.jp/34/index.php?action_kouhyou_detail_004_kani=true&JigyosyoCd=3473100505-00&ServiceCd=210&Type=search", "url2": "http://www.hakujukai.jp/s_akasaki.html" }, "geometry": { "type": "Point", "coordinates": [ 132.533969599999978, 34.1621003 ] } },
{ "type": "Feature", "properties": { "内容": "短期入所生活介護事業所　ふたばの里【短期入所生活介護】呉市広白石４丁目７番２２号", "url": "https://www.kaigokensaku.mhlw.go.jp/34/index.php?action_kouhyou_detail_004_kani=true&JigyosyoCd=3470502190-00&ServiceCd=210&Type=search", "url2": "http://www.wakokai.jp" }, "geometry": { "type": "Point", "coordinates": [ 132.641601799999989, 34.2264584 ] } },
{ "type": "Feature", "properties": { "内容": "ショートステイめぐみ園【短期入所生活介護】広島県呉市東中央2丁目8番17号第2西電ビル", "url": "https://www.kaigokensaku.mhlw.go.jp/34/index.php?action_kouhyou_detail_004_kani=true&JigyosyoCd=3470502729-00&ServiceCd=210&Type=search", "url2": "http://www.megumien.net/" }, "geometry": { "type": "Point", "coordinates": [ 132.571454257741607, 34.251408814662497 ] } },
{ "type": "Feature", "properties": { "内容": "ショートステイめぐみ園広【短期入所生活介護】広島県呉市広大新開１丁目３番２４", "url": "https://www.kaigokensaku.mhlw.go.jp/34/index.php?action_kouhyou_detail_004_kani=true&JigyosyoCd=3470503198-00&ServiceCd=210&Type=search", "url2": "http://www.megumien.net/" }, "geometry": { "type": "Point", "coordinates": [ 132.623290782803366, 34.231938964875845 ] } },
{ "type": "Feature", "properties": { "内容": "ショートステイすまいる呉中央【短期入所生活介護】広島県呉市中央3-1-22ケアビレッジすまいる呉中央", "url": "https://www.kaigokensaku.mhlw.go.jp/34/index.php?action_kouhyou_detail_004_kani=true&JigyosyoCd=3470503248-00&ServiceCd=210&Type=search", "url2": "http://kuresen.co.jp" }, "geometry": { "type": "Point", "coordinates": [ 132.5618799, 34.2474431 ] } },
{ "type": "Feature", "properties": { "内容": "短期入所生活介護事業所　　後楽荘【短期入所生活介護】広島県呉市焼山町字打田６２３番地", "url": "https://www.kaigokensaku.mhlw.go.jp/34/index.php?action_kouhyou_detail_004_kani=true&JigyosyoCd=3470500525-00&ServiceCd=210&Type=search", "url2": "http://www.koraku.jp" }, "geometry": { "type": "Point", "coordinates": [ 132.542437641802962, 34.287315165732672 ] } },
{ "type": "Feature", "properties": { "内容": "栃ノ木荘短期入所生活介護事業所【短期入所生活介護】呉市栃原町字中倉150-2", "url": "https://www.kaigokensaku.mhlw.go.jp/34/index.php?action_kouhyou_detail_004_kani=true&JigyosyoCd=3470500541-00&ServiceCd=210&Type=search", "url2": "http://www.honjofukushikai.or.jp" }, "geometry": { "type": "Point", "coordinates": [ 132.586145531321677, 34.287199950972209 ] } },
{ "type": "Feature", "properties": { "内容": "延寿荘短期入所生活介護事業所【短期入所生活介護】呉市広町字中横路2445番地", "url": "https://www.kaigokensaku.mhlw.go.jp/34/index.php?action_kouhyou_detail_004_kani=true&JigyosyoCd=3470500616-00&ServiceCd=210&Type=search", "url2": "https://aieikai.jp" }, "geometry": { "type": "Point", "coordinates": [ 132.609516817816143, 34.245073893041763 ] } },
{ "type": "Feature", "properties": { "内容": "ショートステイ郷原の里【短期入所生活介護】広島県呉市郷原町字鵯畑11882番地12", "url": "https://www.kaigokensaku.mhlw.go.jp/34/index.php?action_kouhyou_detail_004_kani=true&JigyosyoCd=3470500723-00&ServiceCd=210&Type=search", "url2": "http://www.gouharanosato.com/" }, "geometry": { "type": "Point", "coordinates": [ 132.639359006745963, 34.292361654535306 ] } },
{ "type": "Feature", "properties": { "内容": "特別養護老人ホーム　栃ノ木荘【短期入所生活介護】広島県呉市栃原町字中倉150-2", "url": "https://www.kaigokensaku.mhlw.go.jp/34/index.php?action_kouhyou_detail_004_kani=true&JigyosyoCd=3470500756-00&ServiceCd=210&Type=search", "url2": "http://honjofukushikai.or.jp" }, "geometry": { "type": "Point", "coordinates": [ 132.586148857444869, 34.287228003033704 ] } },
{ "type": "Feature", "properties": { "内容": "老人短期入所施設かるが【短期入所生活介護】呉市狩留賀町3番16号", "url": "https://www.kaigokensaku.mhlw.go.jp/34/index.php?action_kouhyou_detail_004_kani=true&JigyosyoCd=3470502091-00&ServiceCd=210&Type=search", "url2": "https://www.karugakai.jp/" }, "geometry": { "type": "Point", "coordinates": [ 132.514981400000011, 34.2651399 ] } },
{ "type": "Feature", "properties": { "内容": "たちばな苑　短期入所生活介護事業所【短期入所生活介護】呉市倉橋町１４６４９番地", "url": "https://www.kaigokensaku.mhlw.go.jp/34/index.php?action_kouhyou_detail_004_kani=true&JigyosyoCd=3473100414-00&ServiceCd=210&Type=search", "url2": "https://www.tachibanaen.jp/pg1581.html" }, "geometry": { "type": "Point", "coordinates": [ 132.543614400000024, 34.0999342 ] } },
{ "type": "Feature", "properties": { "内容": "特別養護老人ホーム　たちばな苑【短期入所生活介護】呉市倉橋町１４６４９番地", "url": "https://www.kaigokensaku.mhlw.go.jp/34/index.php?action_kouhyou_detail_004_kani=true&JigyosyoCd=3473100422-00&ServiceCd=210&Type=search", "url2": "https://www.tachibanaen.jp/pg1581.html" }, "geometry": { "type": "Point", "coordinates": [ 132.543614400000024, 34.0999342 ] } },
{ "type": "Feature", "properties": { "内容": "豊寿園短期入所生活介護事業所【短期入所生活介護】呉市豊町大長６０００番地", "url": "https://www.kaigokensaku.mhlw.go.jp/34/index.php?action_kouhyou_detail_004_kani=true&JigyosyoCd=3473900243-00&ServiceCd=210&Type=search", "url2": null }, "geometry": { "type": "Point", "coordinates": [ 132.853104300000041, 34.1868307 ] } },
{ "type": "Feature", "properties": { "内容": "短期入所事業所のろさん【短期入所生活介護】広島県呉市郷原町12380番地181特別養護老人ホームのろさん内", "url": "https://www.kaigokensaku.mhlw.go.jp/34/index.php?action_kouhyou_detail_004_kani=true&JigyosyoCd=3470503388-00&ServiceCd=210&Type=search", "url2": "http://www.norosangakuen.or.jp" }, "geometry": { "type": "Point", "coordinates": [ 132.649453280287162, 34.296965146196321 ] } },
{ "type": "Feature", "properties": { "内容": "恵の海短期入所生活介護事業所【短期入所生活介護】呉市川尻町西6丁目10-1", "url": "https://www.kaigokensaku.mhlw.go.jp/34/index.php?action_kouhyou_detail_004_kani=true&JigyosyoCd=3474000183-00&ServiceCd=210&Type=search", "url2": "http://www.fukushinomori.or.jp" }, "geometry": { "type": "Point", "coordinates": [ 132.685287099999982, 34.2171864 ] } },
{ "type": "Feature", "properties": { "内容": "特別養護老人ホーム宗越園【短期入所生活介護】広島県竹原市吉名町宗越７９３番地", "url": "https://www.kaigokensaku.mhlw.go.jp/34/index.php?action_kouhyou_detail_004_kani=true&JigyosyoCd=3470700299-00&ServiceCd=210&Type=search", "url2": "http://munakoshi.sakura.ne.jp/" }, "geometry": { "type": "Point", "coordinates": [ 132.874979199999984, 34.306218800000018 ] } },
{ "type": "Feature", "properties": { "内容": "短期入所生活介護事業所まとば【短期入所生活介護】竹原市港町四丁目５番１号", "url": "https://www.kaigokensaku.mhlw.go.jp/34/index.php?action_kouhyou_detail_004_kani=true&JigyosyoCd=3470700224-00&ServiceCd=210&Type=search", "url2": "http://www.matobakai.or.jp/" }, "geometry": { "type": "Point", "coordinates": [ 132.919100599999979, 34.329435 ] } },
{ "type": "Feature", "properties": { "内容": "特別養護老人ホーム　瀬戸内園【短期入所生活介護】竹原市港町四丁目５番１号", "url": "https://www.kaigokensaku.mhlw.go.jp/34/index.php?action_kouhyou_detail_004_kani=true&JigyosyoCd=3470700232-00&ServiceCd=210&Type=search", "url2": "http://www.matobakai.or.jp/" }, "geometry": { "type": "Point", "coordinates": [ 132.919100599999979, 34.329435 ] } },
{ "type": "Feature", "properties": { "内容": "短期入所生活介護事業所　楽受【短期入所生活介護】竹原市竹原町３６４３番地", "url": "https://www.kaigokensaku.mhlw.go.jp/34/index.php?action_kouhyou_detail_004_kani=true&JigyosyoCd=3470700547-00&ServiceCd=210&Type=search", "url2": "http://www.matobakai.or.jp/" }, "geometry": { "type": "Point", "coordinates": [ 132.904763600000024, 34.3492876 ] } },
{ "type": "Feature", "properties": { "内容": "宗越園短期入所生活介護事業所【短期入所生活介護】広島県竹原市吉名町宗越７９３番地", "url": "https://www.kaigokensaku.mhlw.go.jp/34/index.php?action_kouhyou_detail_004_kani=true&JigyosyoCd=3470700257-00&ServiceCd=210&Type=search", "url2": "https://munakoshi.or.jp/" }, "geometry": { "type": "Point", "coordinates": [ 132.874984564418014, 34.306604314250087 ] } },
{ "type": "Feature", "properties": { "内容": "短期入所生活介護事業所ハートフル竹原中央【短期入所生活介護】広島県竹原市中央三丁目10番14号", "url": "https://www.kaigokensaku.mhlw.go.jp/34/index.php?action_kouhyou_detail_004_kani=true&JigyosyoCd=3470700406-00&ServiceCd=210&Type=search", "url2": "http://www.jinjyukai-takehara.or.jp" }, "geometry": { "type": "Point", "coordinates": [ 132.908946300000025, 34.3438329 ] } },
{ "type": "Feature", "properties": { "内容": "特別養護老人ホーム　亀甲園【短期入所生活介護】三原市久井町江木１６１番地1", "url": "https://www.kaigokensaku.mhlw.go.jp/34/index.php?action_kouhyou_detail_004_kani=true&JigyosyoCd=3474100231-00&ServiceCd=210&Type=search", "url2": "http://kikkou－en.or.jp" }, "geometry": { "type": "Point", "coordinates": [ 133.0395866, 34.5394084 ] } },
{ "type": "Feature", "properties": { "内容": "特別養護老人ホーム　三原慶雲寮【短期入所生活介護】三原市小坂町1550番地", "url": "https://www.kaigokensaku.mhlw.go.jp/34/index.php?action_kouhyou_detail_004_kani=true&JigyosyoCd=3470900477-00&ServiceCd=210&Type=search", "url2": "http://keiunryo.or.jp" }, "geometry": { "type": "Point", "coordinates": [ 133.010954399999946, 34.4314059 ] } },
{ "type": "Feature", "properties": { "内容": "地域密着型介護老人福祉施設入所者生活介護事業所糸崎【短期入所生活介護】広島県三原市糸崎六丁目10番28号", "url": "https://www.kaigokensaku.mhlw.go.jp/34/index.php?action_kouhyou_detail_004_kani=true&JigyosyoCd=3470901756-00&ServiceCd=210&Type=search", "url2": "http://npokizuna.jp/" }, "geometry": { "type": "Point", "coordinates": [ 133.1137488, 34.392081 ] } },
{ "type": "Feature", "properties": { "内容": "短期入所生活介護事業所糸崎【短期入所生活介護】広島県三原市糸崎六丁目10番28号コミュニティケアセンター糸崎", "url": "https://www.kaigokensaku.mhlw.go.jp/34/index.php?action_kouhyou_detail_004_kani=true&JigyosyoCd=3470901749-00&ServiceCd=210&Type=search", "url2": "http://npokizuna.jp/" }, "geometry": { "type": "Point", "coordinates": [ 133.1137488, 34.392081 ] } },
{ "type": "Feature", "properties": { "内容": "介護老人保健施設　ドリームせせらぎ【短期入所生活介護】三原市本郷町船木3105番地3", "url": "https://www.kaigokensaku.mhlw.go.jp/34/index.php?action_kouhyou_detail_004_kani=true&JigyosyoCd=3470901491-00&ServiceCd=210&Type=search", "url2": "http://www.jinkokai.jp/seseragi/" }, "geometry": { "type": "Point", "coordinates": [ 132.96668539999996, 34.43022 ] } },
{ "type": "Feature", "properties": { "内容": "短期入所生活介護　桃源の郷【短期入所生活介護】広島県三原市小泉町4258", "url": "https://www.kaigokensaku.mhlw.go.jp/34/index.php?action_kouhyou_detail_004_kani=true&JigyosyoCd=3470901608-00&ServiceCd=210&Type=search", "url2": "https://www.jinkokai.jp/" }, "geometry": { "type": "Point", "coordinates": [ 132.9846248, 34.3690649 ] } },
{ "type": "Feature", "properties": { "内容": "すなみ荘ショートステイ【短期入所生活介護】三原市須波ハイツ二丁目26番27号", "url": "https://www.kaigokensaku.mhlw.go.jp/34/index.php?action_kouhyou_detail_004_kani=true&JigyosyoCd=3470900329-00&ServiceCd=210&Type=search", "url2": "https://matsutomo.or.jp" }, "geometry": { "type": "Point", "coordinates": [ 133.076824620782162, 34.354304386492885 ] } },
{ "type": "Feature", "properties": { "内容": "くすのき・めぐみ苑ショートステイ【短期入所生活介護】三原市城町３丁目６番１号", "url": "https://www.kaigokensaku.mhlw.go.jp/34/index.php?action_kouhyou_detail_004_kani=true&JigyosyoCd=3470901335-00&ServiceCd=210&Type=search", "url2": "http://matsutomo.or.jp/kusunokimegumien/" }, "geometry": { "type": "Point", "coordinates": [ 133.082807300000013, 34.3967388 ] } },
{ "type": "Feature", "properties": { "内容": "短期入所生活介護事業所白滝園【短期入所生活介護】広島県三原市小泉町116番地1", "url": "https://www.kaigokensaku.mhlw.go.jp/34/index.php?action_kouhyou_detail_004_kani=true&JigyosyoCd=3470901632-00&ServiceCd=210&Type=search", "url2": "https://mihara-nozomi.jp" }, "geometry": { "type": "Point", "coordinates": [ 132.989458300000024, 34.3718417 ] } },
{ "type": "Feature", "properties": { "内容": "短期入所生活介護事業所　三原慶雲寮【短期入所生活介護】三原市小坂町１５５０番地", "url": "https://www.kaigokensaku.mhlw.go.jp/34/index.php?action_kouhyou_detail_004_kani=true&JigyosyoCd=3470900444-00&ServiceCd=210&Type=search", "url2": "https://keiunryo.or.jp" }, "geometry": { "type": "Point", "coordinates": [ 133.010954399999946, 34.4314059 ] } },
{ "type": "Feature", "properties": { "内容": "梅菅園短期入所生活介護事業所【短期入所生活介護】三原市下北方二丁目9番1号", "url": "https://www.kaigokensaku.mhlw.go.jp/34/index.php?action_kouhyou_detail_004_kani=true&JigyosyoCd=3473900342-00&ServiceCd=210&Type=search", "url2": "http://baikanen.jp/" }, "geometry": { "type": "Point", "coordinates": [ 132.973715299999981, 34.4105057 ] } },
{ "type": "Feature", "properties": { "内容": "特別養護老人ホーム亀甲園短期入所生活介護事業所【短期入所生活介護】三原市久井町江木１６１番地１", "url": "https://www.kaigokensaku.mhlw.go.jp/34/index.php?action_kouhyou_detail_004_kani=true&JigyosyoCd=3474100207-00&ServiceCd=210&Type=search", "url2": "http://www.kikkou-en.or.jp/short" }, "geometry": { "type": "Point", "coordinates": [ 133.039583799999946, 34.5394139 ] } },
{ "type": "Feature", "properties": { "内容": "サンライズ大池短期入所生活介護事業所【短期入所生活介護】三原市深町583番地", "url": "https://www.kaigokensaku.mhlw.go.jp/34/index.php?action_kouhyou_detail_004_kani=true&JigyosyoCd=3470900279-00&ServiceCd=210&Type=search", "url2": "http://www.snrs.or.jp" }, "geometry": { "type": "Point", "coordinates": [ 133.12884239999994, 34.4313276 ] } },
{ "type": "Feature", "properties": { "内容": "サンライズマリン瀬戸短期入所生活介護事業所【短期入所生活介護】広島県三原市港町三丁⽬6番29号サンライズマリン瀬戸", "url": "https://www.kaigokensaku.mhlw.go.jp/34/index.php?action_kouhyou_detail_004_kani=true&JigyosyoCd=3470901319-00&ServiceCd=210&Type=search", "url2": "http://www.snrs.or.jp" }, "geometry": { "type": "Point", "coordinates": [ 133.077168799999981, 34.3987858 ] } },
{ "type": "Feature", "properties": { "内容": "特別養護老人ホームひかり苑【短期入所生活介護】尾道市原田町梶山田3609番地", "url": "https://www.kaigokensaku.mhlw.go.jp/34/index.php?action_kouhyou_detail_004_kani=true&JigyosyoCd=3471100366-00&ServiceCd=210&Type=search", "url2": "http://www.haradahikarikai.or.jp" }, "geometry": { "type": "Point", "coordinates": [ 133.213014199999947, 34.4895325 ] } },
{ "type": "Feature", "properties": { "内容": "公立みつぎ総合病院特別養護老人ホーム「ふれあい」【短期入所生活介護】尾道市御調町高尾１３４８番地６", "url": "https://www.kaigokensaku.mhlw.go.jp/34/index.php?action_kouhyou_detail_004_kani=true&JigyosyoCd=3474100223-00&ServiceCd=210&Type=search", "url2": "http://www.mitsugibyouin.com/" }, "geometry": { "type": "Point", "coordinates": [ 133.1327265, 34.5140678 ] } },
{ "type": "Feature", "properties": { "内容": "特別養護老人ホームしまなみ苑【短期入所生活介護】尾道市因島三庄町3404-21", "url": "https://www.kaigokensaku.mhlw.go.jp/34/index.php?action_kouhyou_detail_004_kani=true&JigyosyoCd=3471300206-00&ServiceCd=210&Type=search", "url2": "http://www.aokage.jp/" }, "geometry": { "type": "Point", "coordinates": [ 133.1969024, 34.2869214 ] } },
{ "type": "Feature", "properties": { "内容": "地域密着型特別養護老人ホーム星の里【短期入所生活介護】広島県尾道市久保町1856番地", "url": "https://www.kaigokensaku.mhlw.go.jp/34/index.php?action_kouhyou_detail_004_kani=true&JigyosyoCd=3471102578-00&ServiceCd=210&Type=search", "url2": "http://www.satukikai.com/" }, "geometry": { "type": "Point", "coordinates": [ 133.204763, 34.42551 ] } },
{ "type": "Feature", "properties": { "内容": "特別養護老人ホーム楽生苑【短期入所生活介護】広島県尾道市瀬戸田町林1288番地6", "url": "https://www.kaigokensaku.mhlw.go.jp/34/index.php?action_kouhyou_detail_004_kani=true&JigyosyoCd=3473900409-00&ServiceCd=210&Type=search", "url2": "https://www.rakusei.or.jp" }, "geometry": { "type": "Point", "coordinates": [ 133.102939600000013, 34.3055299 ] } },
{ "type": "Feature", "properties": { "内容": "地域密着型特別養護老人ホーム楽生苑いこいの里【短期入所生活介護】広島県尾道市瀬戸田町林1288番地6", "url": "https://www.kaigokensaku.mhlw.go.jp/34/index.php?action_kouhyou_detail_004_kani=true&JigyosyoCd=3471102131-00&ServiceCd=210&Type=search", "url2": "https://www.rakusei.or.jp" }, "geometry": { "type": "Point", "coordinates": [ 133.1031499, 34.3054228 ] } },
{ "type": "Feature", "properties": { "内容": "浦崎寮ショートステイ【短期入所生活介護】尾道市浦崎町3594番地", "url": "https://www.kaigokensaku.mhlw.go.jp/34/index.php?action_kouhyou_detail_004_kani=true&JigyosyoCd=3471100564-00&ServiceCd=210&Type=search", "url2": null }, "geometry": { "type": "Point", "coordinates": [ 133.269112700000051, 34.4045965 ] } },
{ "type": "Feature", "properties": { "内容": "特別養護老人ホーム　浦崎寮（ユニット型）【短期入所生活介護】広島県尾道市浦崎町3594番地", "url": "https://www.kaigokensaku.mhlw.go.jp/34/index.php?action_kouhyou_detail_004_kani=true&JigyosyoCd=3471100572-00&ServiceCd=210&Type=search", "url2": null }, "geometry": { "type": "Point", "coordinates": [ 133.269187, 34.4048458 ] } },
{ "type": "Feature", "properties": { "内容": "星の里短期入所生活介護事業所【短期入所生活介護】尾道市久保町1856番地", "url": "https://www.kaigokensaku.mhlw.go.jp/34/index.php?action_kouhyou_detail_004_kani=true&JigyosyoCd=3471100481-00&ServiceCd=210&Type=search", "url2": "http://www.satukikai.com" }, "geometry": { "type": "Point", "coordinates": [ 133.210137600000053, 34.421205 ] } },
{ "type": "Feature", "properties": { "内容": "特別養護老人ホーム星の里【短期入所生活介護】広島県尾道市久保町1786番地", "url": "https://www.kaigokensaku.mhlw.go.jp/34/index.php?action_kouhyou_detail_004_kani=true&JigyosyoCd=3471100622-00&ServiceCd=210&Type=search", "url2": "http://www.satukikai.com/" }, "geometry": { "type": "Point", "coordinates": [ 133.2106504, 34.420943 ] } },
{ "type": "Feature", "properties": { "内容": "短期入所生活介護　きららラポール尾道【短期入所生活介護】尾道市十四日町59番地8", "url": "https://www.kaigokensaku.mhlw.go.jp/34/index.php?action_kouhyou_detail_004_kani=true&JigyosyoCd=3471101745-00&ServiceCd=210&Type=search", "url2": "http://www.onomichi-seiwa.jp/rapport/" }, "geometry": { "type": "Point", "coordinates": [ 133.20158790000005, 34.4311204 ] } },
{ "type": "Feature", "properties": { "内容": "ショートステイひかり苑【短期入所生活介護】尾道市原田町梶山田3609番地", "url": "https://www.kaigokensaku.mhlw.go.jp/34/index.php?action_kouhyou_detail_004_kani=true&JigyosyoCd=3471100358-00&ServiceCd=210&Type=search", "url2": "http://www.haradahikarikai.or.jp" }, "geometry": { "type": "Point", "coordinates": [ 133.213014199999947, 34.4895325 ] } },
{ "type": "Feature", "properties": { "内容": "短期入所生活介護事業所ほたるの里【短期入所生活介護】尾道市因島中庄町1030-1", "url": "https://www.kaigokensaku.mhlw.go.jp/34/index.php?action_kouhyou_detail_004_kani=true&JigyosyoCd=3471101547-00&ServiceCd=210&Type=search", "url2": "https://aokage.jp" }, "geometry": { "type": "Point", "coordinates": [ 133.1763479, 34.3107547 ] } },
{ "type": "Feature", "properties": { "内容": "個室型ショートステイひかり苑【短期入所生活介護】広島県尾道市原田町梶山田3609番地", "url": "https://www.kaigokensaku.mhlw.go.jp/34/index.php?action_kouhyou_detail_004_kani=true&JigyosyoCd=3471102214-00&ServiceCd=210&Type=search", "url2": "http://www.haradahikarikai.or.jp/" }, "geometry": { "type": "Point", "coordinates": [ 133.213014199999947, 34.4895325 ] } },
{ "type": "Feature", "properties": { "内容": "しまなみ苑短期入所生活介護事業所【短期入所生活介護】尾道市因島三庄町3404-21", "url": "https://www.kaigokensaku.mhlw.go.jp/34/index.php?action_kouhyou_detail_004_kani=true&JigyosyoCd=3471300180-00&ServiceCd=210&Type=search", "url2": "http://www.aokage.jp/" }, "geometry": { "type": "Point", "coordinates": [ 133.196823600000016, 34.2869017 ] } },
{ "type": "Feature", "properties": { "内容": "楽生苑短期入所生活介護事業所【短期入所生活介護】尾道市瀬戸田町林1288番地6", "url": "https://www.kaigokensaku.mhlw.go.jp/34/index.php?action_kouhyou_detail_004_kani=true&JigyosyoCd=3473900375-00&ServiceCd=210&Type=search", "url2": "https://www.rakusei.or.jp" }, "geometry": { "type": "Point", "coordinates": [ 133.102939600000013, 34.3055299 ] } },
{ "type": "Feature", "properties": { "内容": "特別養護老人ホーム　ひらはらの郷【短期入所生活介護】尾道市平原一丁目１０番３０号", "url": "https://www.kaigokensaku.mhlw.go.jp/34/index.php?action_kouhyou_detail_004_kani=true&JigyosyoCd=3471101273-00&ServiceCd=210&Type=search", "url2": "http://www.hiraharano-sato.jp" }, "geometry": { "type": "Point", "coordinates": [ 133.175362700000051, 34.4080034 ] } },
{ "type": "Feature", "properties": { "内容": "短期入所生活介護ひらはらの郷【短期入所生活介護】尾道市平原一丁目10番30号", "url": "https://www.kaigokensaku.mhlw.go.jp/34/index.php?action_kouhyou_detail_004_kani=true&JigyosyoCd=3471101281-00&ServiceCd=210&Type=search", "url2": "http://www.hiraharano-sato.jp" }, "geometry": { "type": "Point", "coordinates": [ 133.175362700000051, 34.4080034 ] } },
{ "type": "Feature", "properties": { "内容": "ショートステイはなの苑【短期入所生活介護】尾道市向東町12255番地1", "url": "https://www.kaigokensaku.mhlw.go.jp/34/index.php?action_kouhyou_detail_004_kani=true&JigyosyoCd=3471100556-00&ServiceCd=210&Type=search", "url2": "https://kayafukushi.or.jp/" }, "geometry": { "type": "Point", "coordinates": [ 133.232403100000056, 34.4065179 ] } },
{ "type": "Feature", "properties": { "内容": "短期入所　こもれびの家【短期入所生活介護】広島県尾道市高須町4806-1", "url": "https://www.kaigokensaku.mhlw.go.jp/34/index.php?action_kouhyou_detail_004_kani=true&JigyosyoCd=3471102677-00&ServiceCd=210&Type=search", "url2": null }, "geometry": { "type": "Point", "coordinates": [ 133.239870499999967, 34.435356 ] } },
{ "type": "Feature", "properties": { "内容": "短期入所生活介護　橘花苑【短期入所生活介護】尾道市向島町立花４１８番地１", "url": "https://www.kaigokensaku.mhlw.go.jp/34/index.php?action_kouhyou_detail_004_kani=true&JigyosyoCd=3474100157-00&ServiceCd=210&Type=search", "url2": "https://www.takamifukusikai.or.jp/" }, "geometry": { "type": "Point", "coordinates": [ 133.193551301127627, 34.360013475212654 ] } },
{ "type": "Feature", "properties": { "内容": "特別養護老人ホームくさど【短期入所生活介護】広島県福山市草戸町五丁目８番２４号", "url": "https://www.kaigokensaku.mhlw.go.jp/34/index.php?action_kouhyou_detail_004_kani=true&JigyosyoCd=3471508139-00&ServiceCd=210&Type=search", "url2": "http://www.sanyo.or.jp/" }, "geometry": { "type": "Point", "coordinates": [ 133.364866, 34.4684732 ] } },
{ "type": "Feature", "properties": { "内容": "特別養護老人ホームしんがい短期入所生活介護（空床利用）【短期入所生活介護】広島県福山市新涯町３丁目１９ー２７特別養護老人ホームしんがい", "url": "https://www.kaigokensaku.mhlw.go.jp/34/index.php?action_kouhyou_detail_004_kani=true&JigyosyoCd=3471508907-00&ServiceCd=210&Type=search", "url2": "http://www.sanyo.or.jp" }, "geometry": { "type": "Point", "coordinates": [ 133.392106499999954, 34.4609547 ] } },
{ "type": "Feature", "properties": { "内容": "特別養護老人ホーム　手城福助苑【短期入所生活介護】福山市手城町三丁目10番13号", "url": "https://www.kaigokensaku.mhlw.go.jp/34/index.php?action_kouhyou_detail_004_kani=true&JigyosyoCd=3471504500-00&ServiceCd=210&Type=search", "url2": "https://teshirofukusukeen.jimdo.com/" }, "geometry": { "type": "Point", "coordinates": [ 133.393758100000014, 34.4878464 ] } },
{ "type": "Feature", "properties": { "内容": "地域密着型特別養護老人ホーム愛【短期入所生活介護】広島県福山市神辺町湯野1004番地2", "url": "https://www.kaigokensaku.mhlw.go.jp/34/index.php?action_kouhyou_detail_004_kani=true&JigyosyoCd=3471509103-00&ServiceCd=210&Type=search", "url2": "http://kouseikai-ai,jp" }, "geometry": { "type": "Point", "coordinates": [ 133.389620499999978, 34.5617501 ] } },
{ "type": "Feature", "properties": { "内容": "地域密着型介護老人福祉施設入所者生活介護事業所北本庄【短期入所生活介護】広島県福山市北本庄二丁目14-6コミュニティケアセンター北本庄", "url": "https://www.kaigokensaku.mhlw.go.jp/34/index.php?action_kouhyou_detail_004_kani=true&JigyosyoCd=3471509293-00&ServiceCd=210&Type=search", "url2": "http://npokizuna.jp" }, "geometry": { "type": "Point", "coordinates": [ 133.3456086, 34.4971821 ] } },
{ "type": "Feature", "properties": { "内容": "特別養護老人ホーム　宣山荘【短期入所生活介護】広島県福山市駅家町大字大橋1036番地の3", "url": "https://www.kaigokensaku.mhlw.go.jp/34/index.php?action_kouhyou_detail_004_kani=true&JigyosyoCd=3471501167-00&ServiceCd=210&Type=search", "url2": "http://senzansou.or.jp" }, "geometry": { "type": "Point", "coordinates": [ 133.304996599999981, 34.5359072 ] } },
{ "type": "Feature", "properties": { "内容": "特別養護老人ホーム　東光園【短期入所生活介護】福山市坪生町7606", "url": "https://www.kaigokensaku.mhlw.go.jp/34/index.php?action_kouhyou_detail_004_kani=true&JigyosyoCd=3471501514-00&ServiceCd=210&Type=search", "url2": "http://www.toukoukai.or.jp/" }, "geometry": { "type": "Point", "coordinates": [ 133.451193070143404, 34.529303156433734 ] } },
{ "type": "Feature", "properties": { "内容": "ユニット型特別養護老人ホーム　明翠園【短期入所生活介護】福山市柳津町486番地", "url": "https://www.kaigokensaku.mhlw.go.jp/34/index.php?action_kouhyou_detail_004_kani=true&JigyosyoCd=3471508766-00&ServiceCd=210&Type=search", "url2": "https://meisui-kai.jimdo.com/" }, "geometry": { "type": "Point", "coordinates": [ 133.28711770000001, 34.449978 ] } },
{ "type": "Feature", "properties": { "内容": "特別養護老人ホーム　明翠園【短期入所生活介護】福山市柳津町４８６番地", "url": "https://www.kaigokensaku.mhlw.go.jp/34/index.php?action_kouhyou_detail_004_kani=true&JigyosyoCd=3471500797-00&ServiceCd=210&Type=search", "url2": "https://meisui-kai.jimdo.com/" }, "geometry": { "type": "Point", "coordinates": [ 133.2871202, 34.450066 ] } },
{ "type": "Feature", "properties": { "内容": "地域密着型特別養護老人ホーム坂の上の久松邸【短期入所生活介護】広島県福山市久松台三丁目21番3号", "url": "https://www.kaigokensaku.mhlw.go.jp/34/index.php?action_kouhyou_detail_004_kani=true&JigyosyoCd=3471509517-00&ServiceCd=210&Type=search", "url2": "https://www.iwasaki-seikeigeka.com/facilities/" }, "geometry": { "type": "Point", "coordinates": [ 133.3506615, 34.4968585 ] } },
{ "type": "Feature", "properties": { "内容": "ユニット型特別養護老人ホームプレジール箕島【短期入所生活介護】広島県福山市箕島町7504番地3", "url": "https://www.kaigokensaku.mhlw.go.jp/34/index.php?action_kouhyou_detail_004_kani=true&JigyosyoCd=3471509780-00&ServiceCd=210&Type=search", "url2": "https://www.purejiru.jp/" }, "geometry": { "type": "Point", "coordinates": [ 133.4090722, 34.4473554 ] } },
{ "type": "Feature", "properties": { "内容": "地域密着型特別養護老人ホームリーフ新市【短期入所生活介護】福山市新市町戸手2327", "url": "https://www.kaigokensaku.mhlw.go.jp/34/index.php?action_kouhyou_detail_004_kani=true&JigyosyoCd=3471506513-00&ServiceCd=210&Type=search", "url2": "http://www.ryokuju.or.jp" }, "geometry": { "type": "Point", "coordinates": [ 133.300445399999944, 34.5461298 ] } },
{ "type": "Feature", "properties": { "内容": "地域密着型特別養護老人ホーム　リーフ明神【短期入所生活介護】広島県福山市明神町二丁目6番8号", "url": "https://www.kaigokensaku.mhlw.go.jp/34/index.php?action_kouhyou_detail_004_kani=true&JigyosyoCd=3471508170-00&ServiceCd=210&Type=search", "url2": "http://www.ryokuju.or.jp/" }, "geometry": { "type": "Point", "coordinates": [ 133.3989349, 34.4930902 ] } },
{ "type": "Feature", "properties": { "内容": "地域密着型特別養護老人ホーム新山荘【短期入所生活介護】広島県福山市駅家町新山3578-2", "url": "https://www.kaigokensaku.mhlw.go.jp/34/index.php?action_kouhyou_detail_004_kani=true&JigyosyoCd=3471508972-00&ServiceCd=210&Type=search", "url2": "http://www.ryokuju.or.jp/" }, "geometry": { "type": "Point", "coordinates": [ 133.306817799999976, 34.5630409 ] } },
{ "type": "Feature", "properties": { "内容": "特別養護老人ホーム松風園【短期入所生活介護】広島県福山市加茂町字上加茂３３番地", "url": "https://www.kaigokensaku.mhlw.go.jp/34/index.php?action_kouhyou_detail_004_kani=true&JigyosyoCd=3471500607-00&ServiceCd=210&Type=search", "url2": "http://www.shofu-kai.or.jp/" }, "geometry": { "type": "Point", "coordinates": [ 133.345178800000014, 34.5634299 ] } },
{ "type": "Feature", "properties": { "内容": "特別養護老人ホーム静方園【短期入所生活介護】福山市神辺町湯野30-9", "url": "https://www.kaigokensaku.mhlw.go.jp/34/index.php?action_kouhyou_detail_004_kani=true&JigyosyoCd=3474400177-00&ServiceCd=210&Type=search", "url2": "http://www.seihoen.com" }, "geometry": { "type": "Point", "coordinates": [ 133.3832669, 34.5590759 ] } },
{ "type": "Feature", "properties": { "内容": "特別養護老人ホームサテライト松風園【短期入所生活介護】広島県福山市加茂町下加茂448番地", "url": "https://www.kaigokensaku.mhlw.go.jp/34/index.php?action_kouhyou_detail_004_kani=true&JigyosyoCd=3471510093-00&ServiceCd=210&Type=search", "url2": "http://shofu-kai.or.jp/" }, "geometry": { "type": "Point", "coordinates": [ 133.339122, 34.6066825 ] } },
{ "type": "Feature", "properties": { "内容": "特別養護老人ホームひかり【短期入所生活介護】広島県福山市草戸町三丁目６番１号", "url": "https://www.kaigokensaku.mhlw.go.jp/34/index.php?action_kouhyou_detail_004_kani=true&JigyosyoCd=3471510127-00&ServiceCd=210&Type=search", "url2": "https://www.sanyo.or.jp/" }, "geometry": { "type": "Point", "coordinates": [ 133.3591824, 34.4785157 ] } },
{ "type": "Feature", "properties": { "内容": "老人短期入所事業所プレジール箕島【短期入所生活介護】広島県福山市箕島町7504番地3", "url": "https://www.kaigokensaku.mhlw.go.jp/34/index.php?action_kouhyou_detail_004_kani=true&JigyosyoCd=3471502629-00&ServiceCd=210&Type=search", "url2": "http:/purejiru.jp/" }, "geometry": { "type": "Point", "coordinates": [ 133.4090722, 34.4473554 ] } },
{ "type": "Feature", "properties": { "内容": "あぶと健生苑短期入所生活介護事業所【短期入所生活介護】福山市沼隈町大字能登原1436番地1", "url": "https://www.kaigokensaku.mhlw.go.jp/34/index.php?action_kouhyou_detail_004_kani=true&JigyosyoCd=3471505390-00&ServiceCd=210&Type=search", "url2": "http://www.kensei-kai.org/" }, "geometry": { "type": "Point", "coordinates": [ 133.349057632154853, 34.373976400373103 ] } },
{ "type": "Feature", "properties": { "内容": "地域密着型特別養護老人ホーム　まり沼隈【短期入所生活介護】広島県福山市沼隈町中山南469-3", "url": "https://www.kaigokensaku.mhlw.go.jp/34/index.php?action_kouhyou_detail_004_kani=true&JigyosyoCd=3471509020-00&ServiceCd=210&Type=search", "url2": "http://shounankai.or.jp/" }, "geometry": { "type": "Point", "coordinates": [ 133.323164600000041, 34.419267 ] } },
{ "type": "Feature", "properties": { "内容": "地域密着型特別養護老人ホーム久松邸ANNEX【短期入所生活介護】広島県福山市木之庄町2-5-31", "url": "https://www.kaigokensaku.mhlw.go.jp/34/index.php?action_kouhyou_detail_004_kani=true&JigyosyoCd=3471510176-00&ServiceCd=210&Type=search", "url2": "https://www.iwasaki-seikeigeka.com/facilities/" }, "geometry": { "type": "Point", "coordinates": [ 133.352575, 34.4971516 ] } },
{ "type": "Feature", "properties": { "内容": "短期入所生活介護久松邸ANNEX【短期入所生活介護】広島県福山市木之庄町2-5-31", "url": "https://www.kaigokensaku.mhlw.go.jp/34/index.php?action_kouhyou_detail_004_kani=true&JigyosyoCd=3471510184-00&ServiceCd=210&Type=search", "url2": "https://www.iwasaki-seikeigeka.com/facilities/" }, "geometry": { "type": "Point", "coordinates": [ 133.352575, 34.4971516 ] } },
{ "type": "Feature", "properties": { "内容": "地域密着型特別養護老人ホームリーフ　リーフ服部【短期入所生活介護】広島県福山市駅家町助元65-1", "url": "https://www.kaigokensaku.mhlw.go.jp/34/index.php?action_kouhyou_detail_004_kani=true&JigyosyoCd=3471510473-00&ServiceCd=210&Type=search", "url2": "http://www.ryokuju.or.jp/" }, "geometry": { "type": "Point", "coordinates": [ 133.311296700000014, 34.5848884 ] } },
{ "type": "Feature", "properties": { "内容": "ショートステイひかり【短期入所生活介護】広島県福山市草戸町三丁目6番1号", "url": "https://www.kaigokensaku.mhlw.go.jp/34/index.php?action_kouhyou_detail_004_kani=true&JigyosyoCd=3471510119-00&ServiceCd=210&Type=search", "url2": "https://www.sanyo.or.jp/" }, "geometry": { "type": "Point", "coordinates": [ 133.3591824, 34.4785157 ] } },
{ "type": "Feature", "properties": { "内容": "ショートステイエクセル鞆の浦【短期入所生活介護】福山市田尻町４１１５番地", "url": "https://www.kaigokensaku.mhlw.go.jp/34/index.php?action_kouhyou_detail_004_kani=true&JigyosyoCd=3471500805-00&ServiceCd=210&Type=search", "url2": "https://www.harumikai.jp" }, "geometry": { "type": "Point", "coordinates": [ 133.381229800000028, 34.4077597 ] } },
{ "type": "Feature", "properties": { "内容": "特別養護老人ホームエクセル鞆の浦【短期入所生活介護】福山市田尻町４１１５番地", "url": "https://www.kaigokensaku.mhlw.go.jp/34/index.php?action_kouhyou_detail_004_kani=true&JigyosyoCd=3471500813-00&ServiceCd=210&Type=search", "url2": "https://www.harumikai.jp" }, "geometry": { "type": "Point", "coordinates": [ 133.38134740000001, 34.4077448 ] } },
{ "type": "Feature", "properties": { "内容": "特別養護老人ホーム　新山荘【短期入所生活介護】広島県福山市駅家町新山3578-2", "url": "https://www.kaigokensaku.mhlw.go.jp/34/index.php?action_kouhyou_detail_004_kani=true&JigyosyoCd=3471503288-00&ServiceCd=210&Type=search", "url2": "http://www.ryokuju.or.jp" }, "geometry": { "type": "Point", "coordinates": [ 133.306817799999976, 34.5630409 ] } },
{ "type": "Feature", "properties": { "内容": "ショートステイ　リーフ神辺【短期入所生活介護】福山市神辺町大字川北１４８２番地", "url": "https://www.kaigokensaku.mhlw.go.jp/34/index.php?action_kouhyou_detail_004_kani=true&JigyosyoCd=3471505671-00&ServiceCd=210&Type=search", "url2": "http://ryokuju-kai.jp/" }, "geometry": { "type": "Point", "coordinates": [ 133.37014709999994, 34.5434324 ] } },
{ "type": "Feature", "properties": { "内容": "ショートステイ　リーフ新市【短期入所生活介護】福山市新市町戸手2327", "url": "https://www.kaigokensaku.mhlw.go.jp/34/index.php?action_kouhyou_detail_004_kani=true&JigyosyoCd=3471506505-00&ServiceCd=210&Type=search", "url2": "http://ryokuju-kai.jp" }, "geometry": { "type": "Point", "coordinates": [ 133.300341099999969, 34.5461672 ] } },
{ "type": "Feature", "properties": { "内容": "ユニット型ショートステイ　リーフ神辺【短期入所生活介護】福山市神辺町大字川北1482番地福祉施設　リーフ神辺", "url": "https://www.kaigokensaku.mhlw.go.jp/34/index.php?action_kouhyou_detail_004_kani=true&JigyosyoCd=3471506695-00&ServiceCd=210&Type=search", "url2": "http://ryokuju-kai.jp/" }, "geometry": { "type": "Point", "coordinates": [ 133.37014709999994, 34.5434324 ] } },
{ "type": "Feature", "properties": { "内容": "ショートステイえんじゅ引野【短期入所生活介護】福山市引野町2丁目11番14号", "url": "https://www.kaigokensaku.mhlw.go.jp/34/index.php?action_kouhyou_detail_004_kani=true&JigyosyoCd=3471506935-00&ServiceCd=210&Type=search", "url2": "https://www.higashinokai.jp/facility/detail?id=227" }, "geometry": { "type": "Point", "coordinates": [ 133.419032900000047, 34.4987705 ] } },
{ "type": "Feature", "properties": { "内容": "ショートステイエクセル福山【短期入所生活介護】福山市水呑町三新田2丁目1番地", "url": "https://www.kaigokensaku.mhlw.go.jp/34/index.php?action_kouhyou_detail_004_kani=true&JigyosyoCd=3471507081-00&ServiceCd=210&Type=search", "url2": "https://www.harumikai.jp/" }, "geometry": { "type": "Point", "coordinates": [ 133.387926399999969, 34.4473812 ] } },
{ "type": "Feature", "properties": { "内容": "ショートステイ　リーフ明神【短期入所生活介護】広島県福山市明神町2丁目6番8号", "url": "https://www.kaigokensaku.mhlw.go.jp/34/index.php?action_kouhyou_detail_004_kani=true&JigyosyoCd=3471508188-00&ServiceCd=210&Type=search", "url2": "https://ryokuju-kai.jp/" }, "geometry": { "type": "Point", "coordinates": [ 133.39834350000001, 34.4928932 ] } },
{ "type": "Feature", "properties": { "内容": "ショートステイしんがい【短期入所生活介護】広島県福山市新涯町３丁目１９ー２７", "url": "https://www.kaigokensaku.mhlw.go.jp/34/index.php?action_kouhyou_detail_004_kani=true&JigyosyoCd=3471508915-00&ServiceCd=210&Type=search", "url2": "https://www.sanyo.or.jp/shingai/" }, "geometry": { "type": "Point", "coordinates": [ 133.392106499999954, 34.4609547 ] } },
{ "type": "Feature", "properties": { "内容": "ショートステイ　リーフ服部【短期入所生活介護】広島県福山市駅家町助元65-1", "url": "https://www.kaigokensaku.mhlw.go.jp/34/index.php?action_kouhyou_detail_004_kani=true&JigyosyoCd=3471510481-00&ServiceCd=210&Type=search", "url2": "https://ryokuju-kai.jp/" }, "geometry": { "type": "Point", "coordinates": [ 133.311350344180312, 34.584901649351487 ] } },
{ "type": "Feature", "properties": { "内容": "ショートステイくさど【短期入所生活介護】福山市草戸町5丁目8番24号", "url": "https://www.kaigokensaku.mhlw.go.jp/34/index.php?action_kouhyou_detail_004_kani=true&JigyosyoCd=3471506927-00&ServiceCd=210&Type=search", "url2": "http://www.sanyo.or.jp/kusado/" }, "geometry": { "type": "Point", "coordinates": [ 133.364866, 34.4684732 ] } },
{ "type": "Feature", "properties": { "内容": "特別養護老人ホーム瀬戸すみれ園【短期入所生活介護】広島県福山市瀬戸町大字地頭分字小立2721", "url": "https://www.kaigokensaku.mhlw.go.jp/34/index.php?action_kouhyou_detail_004_kani=true&JigyosyoCd=3471510010-00&ServiceCd=210&Type=search", "url2": "https://www.sumire-fukushi-chugoku.jp" }, "geometry": { "type": "Point", "coordinates": [ 133.3222227, 34.4585541 ] } },
{ "type": "Feature", "properties": { "内容": "短期入所生活介護　瀬戸すみれ園【短期入所生活介護】広島県福山市瀬戸町大字地頭分大字小立2721番地", "url": "https://www.kaigokensaku.mhlw.go.jp/34/index.php?action_kouhyou_detail_004_kani=true&JigyosyoCd=3471510028-00&ServiceCd=210&Type=search", "url2": "https://www.sumire-fukushi-chugoku.jp" }, "geometry": { "type": "Point", "coordinates": [ 133.3222227, 34.4585541 ] } },
{ "type": "Feature", "properties": { "内容": "悠芳苑ショートステイホーム【短期入所生活介護】福山市熊野町乙甲１６３０番地", "url": "https://www.kaigokensaku.mhlw.go.jp/34/index.php?action_kouhyou_detail_004_kani=true&JigyosyoCd=3471501324-00&ServiceCd=210&Type=search", "url2": "https://yuhoen.sakura.ne.jp/ufo/" }, "geometry": { "type": "Point", "coordinates": [ 133.345076699999936, 34.4222787 ] } },
{ "type": "Feature", "properties": { "内容": "特別養護老人ホーム悠芳苑【短期入所生活介護】広島県福山市熊野町乙甲1630番地", "url": "https://www.kaigokensaku.mhlw.go.jp/34/index.php?action_kouhyou_detail_004_kani=true&JigyosyoCd=3471501332-00&ServiceCd=210&Type=search", "url2": "https://yuhoen.sakura.ne.jp/ufo/" }, "geometry": { "type": "Point", "coordinates": [ 133.345402, 34.4220803 ] } },
{ "type": "Feature", "properties": { "内容": "特別養護老人ホーム瀬戸寮【短期入所生活介護】福山市瀬戸町長和1194番地3", "url": "https://www.kaigokensaku.mhlw.go.jp/34/index.php?action_kouhyou_detail_004_kani=true&JigyosyoCd=3471501530-00&ServiceCd=210&Type=search", "url2": null }, "geometry": { "type": "Point", "coordinates": [ 133.341477, 34.46517 ] } },
{ "type": "Feature", "properties": { "内容": "ショートステイ　まなぐら【短期入所生活介護】福山市駅家町万能倉840-1備後の里まなぐら", "url": "https://www.kaigokensaku.mhlw.go.jp/34/index.php?action_kouhyou_detail_004_kani=true&JigyosyoCd=3471505499-00&ServiceCd=210&Type=search", "url2": "https://www.bingonosato.jp" }, "geometry": { "type": "Point", "coordinates": [ 133.334766299999956, 34.54334870000001 ] } },
{ "type": "Feature", "properties": { "内容": "まりショートステイ山南【短期入所生活介護】広島県福山市沼隈町大字中山南１３８７番地", "url": "https://www.kaigokensaku.mhlw.go.jp/34/index.php?action_kouhyou_detail_004_kani=true&JigyosyoCd=3471507529-00&ServiceCd=210&Type=search", "url2": "http://shounankai.or.jp/" }, "geometry": { "type": "Point", "coordinates": [ 133.321987296156294, 34.417818539610536 ] } },
{ "type": "Feature", "properties": { "内容": "桜ショートステイホーム【短期入所生活介護】広島県福山市神村町５２３４-３", "url": "https://www.kaigokensaku.mhlw.go.jp/34/index.php?action_kouhyou_detail_004_kani=true&JigyosyoCd=3471508105-00&ServiceCd=210&Type=search", "url2": "https://tokuyou-sakura.jp/%e6%a1%9c%e3%82%b7%e3%83%a7%e3%83%bc%e3%83%88%e3%82%b9%e3%83%86%e3%82%a4%e3%83%9b%e3%83%bc%e3%83%a0" }, "geometry": { "type": "Point", "coordinates": [ 133.286725499999989, 34.4620452 ] } },
{ "type": "Feature", "properties": { "内容": "ショートステイぬくもり【短期入所生活介護】広島県福山市新涯町6丁目11番21号", "url": "https://www.kaigokensaku.mhlw.go.jp/34/index.php?action_kouhyou_detail_004_kani=true&JigyosyoCd=3471508121-00&ServiceCd=210&Type=search", "url2": "https://www.sunsquare-1993.org/facility/hiroshima/fukuyama/shortstay/nukumori.html" }, "geometry": { "type": "Point", "coordinates": [ 133.398644699999977, 34.456013800000015 ] } },
{ "type": "Feature", "properties": { "内容": "ざおう健生苑短期入所生活介護事業所【短期入所生活介護】広島県福山市日吉台２丁目２６番１３号", "url": "https://www.kaigokensaku.mhlw.go.jp/34/index.php?action_kouhyou_detail_004_kani=true&JigyosyoCd=3471508386-00&ServiceCd=210&Type=search", "url2": "http://www.kensei-kai.org" }, "geometry": { "type": "Point", "coordinates": [ 133.402693451589926, 34.515811439832923 ] } },
{ "type": "Feature", "properties": { "内容": "ありがとうリハビリショート【短期入所生活介護】広島県福山市春日町浦上1201-1", "url": "https://www.kaigokensaku.mhlw.go.jp/34/index.php?action_kouhyou_detail_004_kani=true&JigyosyoCd=3471508923-00&ServiceCd=210&Type=search", "url2": "https://takinouarigatou.com/" }, "geometry": { "type": "Point", "coordinates": [ 133.419343300000037, 34.5202018 ] } },
{ "type": "Feature", "properties": { "内容": "湯野ショートステイ愛【短期入所生活介護】広島県福山市神辺町湯野1004番地2", "url": "https://www.kaigokensaku.mhlw.go.jp/34/index.php?action_kouhyou_detail_004_kani=true&JigyosyoCd=3471509111-00&ServiceCd=210&Type=search", "url2": "http://kouseikai-ai.jp" }, "geometry": { "type": "Point", "coordinates": [ 133.389620499999978, 34.5617501 ] } },
{ "type": "Feature", "properties": { "内容": "短期入所生活介護事業所ざおう健生苑本館【短期入所生活介護】広島県福山市蔵王町４１１２－１", "url": "https://www.kaigokensaku.mhlw.go.jp/34/index.php?action_kouhyou_detail_004_kani=true&JigyosyoCd=3471509129-00&ServiceCd=210&Type=search", "url2": "http://www.kensei-kai.org" }, "geometry": { "type": "Point", "coordinates": [ 133.389590699999985, 34.5103221 ] } },
{ "type": "Feature", "properties": { "内容": "地域密着型特別養護老人ホーム悠芳苑【短期入所生活介護】広島県福山市熊野町乙甲1630番地", "url": "https://www.kaigokensaku.mhlw.go.jp/34/index.php?action_kouhyou_detail_004_kani=true&JigyosyoCd=3471509384-00&ServiceCd=210&Type=search", "url2": "https://yuhoen.sakura.ne.jp/ufo/" }, "geometry": { "type": "Point", "coordinates": [ 133.3457031, 34.421882600000018 ] } },
{ "type": "Feature", "properties": { "内容": "地域密着型特別養護老人ホーム桜【短期入所生活介護】広島県福山市神村町５２３４－３", "url": "https://www.kaigokensaku.mhlw.go.jp/34/index.php?action_kouhyou_detail_004_kani=true&JigyosyoCd=3471509392-00&ServiceCd=210&Type=search", "url2": "https://www.tokuyou-sakura.jp/" }, "geometry": { "type": "Point", "coordinates": [ 133.287668, 34.4623096 ] } },
{ "type": "Feature", "properties": { "内容": "グッドライフハウス東町【短期入所生活介護】広島県福山市東町1丁目4番24号", "url": "https://www.kaigokensaku.mhlw.go.jp/34/index.php?action_kouhyou_detail_004_kani=true&JigyosyoCd=3471509715-00&ServiceCd=210&Type=search", "url2": "https://goodlifehospital.jp/" }, "geometry": { "type": "Point", "coordinates": [ 139.5266473, 35.6906929 ] } },
{ "type": "Feature", "properties": { "内容": "短期入所生活介護事業所ジョイトピアおおさ【短期入所生活介護】福山市新市町大字下安井3500番地", "url": "https://www.kaigokensaku.mhlw.go.jp/34/index.php?action_kouhyou_detail_004_kani=true&JigyosyoCd=3474500059-00&ServiceCd=210&Type=search", "url2": "http://www.joytopia.or.jp" }, "geometry": { "type": "Point", "coordinates": [ 133.283591900000033, 34.5718866 ] } },
{ "type": "Feature", "properties": { "内容": "特別養護老人ホームジョイトピアおおさ【短期入所生活介護】福山市新市町大字下安井3500番地", "url": "https://www.kaigokensaku.mhlw.go.jp/34/index.php?action_kouhyou_detail_004_kani=true&JigyosyoCd=3474500067-00&ServiceCd=210&Type=search", "url2": "http://www.joytopia.or.jp" }, "geometry": { "type": "Point", "coordinates": [ 133.283591900000033, 34.5718866 ] } },
{ "type": "Feature", "properties": { "内容": "老人短期入所事業（松風園）【短期入所生活介護】福山市加茂町字上加茂33番地", "url": "https://www.kaigokensaku.mhlw.go.jp/34/index.php?action_kouhyou_detail_004_kani=true&JigyosyoCd=3471500599-00&ServiceCd=210&Type=search", "url2": "http://www.shofu-kai.or.jp/" }, "geometry": { "type": "Point", "coordinates": [ 133.345017800000051, 34.5633747 ] } },
{ "type": "Feature", "properties": { "内容": "福山福寿園短期入所生活介護事業所【短期入所生活介護】福山市赤坂町大字早戸1483番地", "url": "https://www.kaigokensaku.mhlw.go.jp/34/index.php?action_kouhyou_detail_004_kani=true&JigyosyoCd=3471500946-00&ServiceCd=210&Type=search", "url2": "http://www.kotobuki-net.com/fukujyuen/" }, "geometry": { "type": "Point", "coordinates": [ 133.309825600000067, 34.4601958 ] } },
{ "type": "Feature", "properties": { "内容": "特別養護老人ホーム福山福寿園【短期入所生活介護】福山市赤坂町大字早戸1483番地", "url": "https://www.kaigokensaku.mhlw.go.jp/34/index.php?action_kouhyou_detail_004_kani=true&JigyosyoCd=3471500953-00&ServiceCd=210&Type=search", "url2": "http://www.kotobuki-net.com/fukujyuen/" }, "geometry": { "type": "Point", "coordinates": [ 133.309825600000067, 34.4601958 ] } },
{ "type": "Feature", "properties": { "内容": "幸楽園短期入所生活介護事業所【短期入所生活介護】広島県福山市蔵王町7159番地14", "url": "https://www.kaigokensaku.mhlw.go.jp/34/index.php?action_kouhyou_detail_004_kani=true&JigyosyoCd=3471501134-00&ServiceCd=210&Type=search", "url2": "http://kourakuen.or.jp" }, "geometry": { "type": "Point", "coordinates": [ 133.405815897097796, 34.521024260680136 ] } },
{ "type": "Feature", "properties": { "内容": "老人短期入所事業所プレジール箕島【短期入所生活介護】福山市箕島町7504番地3", "url": "https://www.kaigokensaku.mhlw.go.jp/34/index.php?action_kouhyou_detail_004_kani=true&JigyosyoCd=3471502678-00&ServiceCd=210&Type=search", "url2": "http:/purejiru.jp/" }, "geometry": { "type": "Point", "coordinates": [ 133.401830398147609, 34.45297979039475 ] } },
{ "type": "Feature", "properties": { "内容": "福山ケアセンタ－　そよ風【短期入所生活介護】福山市松永町3-21-70", "url": "https://www.kaigokensaku.mhlw.go.jp/34/index.php?action_kouhyou_detail_004_kani=true&JigyosyoCd=3471504542-00&ServiceCd=210&Type=search", "url2": "https://www.sykz.co.jp/shisetsu-zaitaku/341843" }, "geometry": { "type": "Point", "coordinates": [ 133.25331570000003, 34.4459887 ] } },
{ "type": "Feature", "properties": { "内容": "サンシティ赤坂短期入所生活介護事業所【短期入所生活介護】福山市赤坂町赤坂7267番地95", "url": "https://www.kaigokensaku.mhlw.go.jp/34/index.php?action_kouhyou_detail_004_kani=true&JigyosyoCd=3471505663-00&ServiceCd=210&Type=search", "url2": "https://meisui-kai.jimdo.com" }, "geometry": { "type": "Point", "coordinates": [ 133.304361800000038, 34.4771217 ] } },
{ "type": "Feature", "properties": { "内容": "ショートステイすず【短期入所生活介護】福山市駅家町大字法成寺108番地1", "url": "https://www.kaigokensaku.mhlw.go.jp/34/index.php?action_kouhyou_detail_004_kani=true&JigyosyoCd=3471506497-00&ServiceCd=210&Type=search", "url2": "https://ekiya-sakura.jp/oujukai/tokuyou-suzu_view.html" }, "geometry": { "type": "Point", "coordinates": [ 133.326252599999947, 34.5540783 ] } },
{ "type": "Feature", "properties": { "内容": "ショートステイ憩【短期入所生活介護】福山市山手町6-23-1", "url": "https://www.kaigokensaku.mhlw.go.jp/34/index.php?action_kouhyou_detail_004_kani=true&JigyosyoCd=3471506752-00&ServiceCd=210&Type=search", "url2": "https://ikoi-kaigo.jp/" }, "geometry": { "type": "Point", "coordinates": [ 133.337233199999986, 34.4956314 ] } },
{ "type": "Feature", "properties": { "内容": "むつみ苑第二ショートステイ【短期入所生活介護】福山市内海町ロ2358番地1", "url": "https://www.kaigokensaku.mhlw.go.jp/34/index.php?action_kouhyou_detail_004_kani=true&JigyosyoCd=3471508568-00&ServiceCd=210&Type=search", "url2": "http://mutsumien.or.jp/" }, "geometry": { "type": "Point", "coordinates": [ 133.293729, 34.3569829 ] } },
{ "type": "Feature", "properties": { "内容": "ショートステイまり沼隈【短期入所生活介護】広島県福山市沼隈町大字中山南7469-3", "url": "https://www.kaigokensaku.mhlw.go.jp/34/index.php?action_kouhyou_detail_004_kani=true&JigyosyoCd=3471509012-00&ServiceCd=210&Type=search", "url2": "http://shounankai.or.jp/" }, "geometry": { "type": "Point", "coordinates": [ 133.322717261609654, 34.419483727774583 ] } },
{ "type": "Feature", "properties": { "内容": "ショートステイあいる三吉【短期入所生活介護】広島県福山市三吉町5丁目3-5", "url": "https://www.kaigokensaku.mhlw.go.jp/34/index.php?action_kouhyou_detail_004_kani=true&JigyosyoCd=3471509178-00&ServiceCd=210&Type=search", "url2": null }, "geometry": { "type": "Point", "coordinates": [ 133.377858599999968, 34.4974094 ] } },
{ "type": "Feature", "properties": { "内容": "ショートステイ清風【短期入所生活介護】広島県福山市水呑町288-1", "url": "https://www.kaigokensaku.mhlw.go.jp/34/index.php?action_kouhyou_detail_004_kani=true&JigyosyoCd=3471509418-00&ServiceCd=210&Type=search", "url2": "https://sites.google.com/view/seifukaen/" }, "geometry": { "type": "Point", "coordinates": [ 133.361164300000013, 34.4650141 ] } },
{ "type": "Feature", "properties": { "内容": "ショートステイあいる加茂【短期入所生活介護】広島県福山市加茂町下加茂394-1", "url": "https://www.kaigokensaku.mhlw.go.jp/34/index.php?action_kouhyou_detail_004_kani=true&JigyosyoCd=3471509624-00&ServiceCd=210&Type=search", "url2": null }, "geometry": { "type": "Point", "coordinates": [ 133.3434282, 34.5546414 ] } },
{ "type": "Feature", "properties": { "内容": "特別養護老人ホーム　むつみ苑【短期入所生活介護】広島県福山市内海町ロ2825番地3", "url": "https://www.kaigokensaku.mhlw.go.jp/34/index.php?action_kouhyou_detail_004_kani=true&JigyosyoCd=3474300195-00&ServiceCd=210&Type=search", "url2": "http://mutsumien.or.jp/" }, "geometry": { "type": "Point", "coordinates": [ 133.295407, 34.35713 ] } },
{ "type": "Feature", "properties": { "内容": "短期入所生活介護事業所サンサンホーム【短期入所生活介護】広島県福山市神辺町字東中条７６１０番地の１６", "url": "https://www.kaigokensaku.mhlw.go.jp/34/index.php?action_kouhyou_detail_004_kani=true&JigyosyoCd=3474400128-00&ServiceCd=210&Type=search", "url2": "http://www.sunsun.or.jp/" }, "geometry": { "type": "Point", "coordinates": [ 133.395119, 34.5838534 ] } },
{ "type": "Feature", "properties": { "内容": "ショートステイことぶきの杜【短期入所生活介護】広島県福山市神辺町大字川南1431-6", "url": "https://www.kaigokensaku.mhlw.go.jp/34/index.php?action_kouhyou_detail_004_kani=true&JigyosyoCd=3471510044-00&ServiceCd=210&Type=search", "url2": "https://shojukai.org/" }, "geometry": { "type": "Point", "coordinates": [ 133.374109800000014, 34.5326041 ] } },
{ "type": "Feature", "properties": { "内容": "宣山荘短期入所生活介護事業所【短期入所生活介護】広島県福山市駅家町大字大橋1036番地の3", "url": "https://www.kaigokensaku.mhlw.go.jp/34/index.php?action_kouhyou_detail_004_kani=true&JigyosyoCd=3471501159-00&ServiceCd=210&Type=search", "url2": "http://senzansou.com" }, "geometry": { "type": "Point", "coordinates": [ 133.304996599999981, 34.5359072 ] } },
{ "type": "Feature", "properties": { "内容": "生寿園短期入所生活介護事業所【短期入所生活介護】広島県福山市東村町1775番地", "url": "https://www.kaigokensaku.mhlw.go.jp/34/index.php?action_kouhyou_detail_004_kani=true&JigyosyoCd=3471501308-00&ServiceCd=210&Type=search", "url2": "http://tousonkai-seijuen.jp" }, "geometry": { "type": "Point", "coordinates": [ 133.23343637301636, 34.464288423224197 ] } },
{ "type": "Feature", "properties": { "内容": "特別養護老人ホーム　藤江荘【短期入所生活介護】広島県福山市藤江町231番地1", "url": "https://www.kaigokensaku.mhlw.go.jp/34/index.php?action_kouhyou_detail_004_kani=true&JigyosyoCd=3471501357-00&ServiceCd=210&Type=search", "url2": "http://www.fujiesou.com" }, "geometry": { "type": "Point", "coordinates": [ 133.284468699999934, 34.4203002 ] } },
{ "type": "Feature", "properties": { "内容": "藤江荘短期入所生活介護事業所【短期入所生活介護】福山市藤江町２３１番地１", "url": "https://www.kaigokensaku.mhlw.go.jp/34/index.php?action_kouhyou_detail_004_kani=true&JigyosyoCd=3471501928-00&ServiceCd=210&Type=search", "url2": "http://www.fujiesou.com" }, "geometry": { "type": "Point", "coordinates": [ 133.284454800000049, 34.4202918 ] } },
{ "type": "Feature", "properties": { "内容": "老人短期入所生活介護事業所手城福助苑【短期入所生活介護】福山市手城町三丁目10番13号", "url": "https://www.kaigokensaku.mhlw.go.jp/34/index.php?action_kouhyou_detail_004_kani=true&JigyosyoCd=3471504492-00&ServiceCd=210&Type=search", "url2": "https://teshirofukusukeen.jimdo.com/" }, "geometry": { "type": "Point", "coordinates": [ 133.393758100000014, 34.4878464 ] } },
{ "type": "Feature", "properties": { "内容": "ショートステイ　アルカディアせんだ【短期入所生活介護】広島県福山市千田町二丁目5番10号", "url": "https://www.kaigokensaku.mhlw.go.jp/34/index.php?action_kouhyou_detail_004_kani=true&JigyosyoCd=3471506489-00&ServiceCd=210&Type=search", "url2": "http://junyoukai.com/" }, "geometry": { "type": "Point", "coordinates": [ 133.366886600000043, 34.517624 ] } },
{ "type": "Feature", "properties": { "内容": "ショートステイ城山【短期入所生活介護】広島県福山市本郷町１６０５番地２", "url": "https://www.kaigokensaku.mhlw.go.jp/34/index.php?action_kouhyou_detail_004_kani=true&JigyosyoCd=3471506919-00&ServiceCd=210&Type=search", "url2": "https://www.ishiinaika.jp/kaigo/shortstay/" }, "geometry": { "type": "Point", "coordinates": [ 133.245953900000018, 34.4686413 ] } },
{ "type": "Feature", "properties": { "内容": "介護老人福祉施設　アルカディアせんだ【短期入所生活介護】広島県福山市千田町二丁目5番10号", "url": "https://www.kaigokensaku.mhlw.go.jp/34/index.php?action_kouhyou_detail_004_kani=true&JigyosyoCd=3471507297-00&ServiceCd=210&Type=search", "url2": "http://junyoukai.com" }, "geometry": { "type": "Point", "coordinates": [ 133.366886600000043, 34.517624 ] } },
{ "type": "Feature", "properties": { "内容": "福山東ショートステイそよ風【短期入所生活介護】広島県福山市青葉台1-21-4", "url": "https://www.kaigokensaku.mhlw.go.jp/34/index.php?action_kouhyou_detail_004_kani=true&JigyosyoCd=3471508444-00&ServiceCd=210&Type=search", "url2": "https://corp.sykz.co.jp/" }, "geometry": { "type": "Point", "coordinates": [ 133.423165641277222, 34.514311215827597 ] } },
{ "type": "Feature", "properties": { "内容": "陽のあたる家　ショートステイ【短期入所生活介護】広島県福山市大門町三丁目7番10号", "url": "https://www.kaigokensaku.mhlw.go.jp/34/index.php?action_kouhyou_detail_004_kani=true&JigyosyoCd=3471508865-00&ServiceCd=210&Type=search", "url2": "https://hinoataruie.jp/" }, "geometry": { "type": "Point", "coordinates": [ 133.437009126780112, 34.493728864285586 ] } },
{ "type": "Feature", "properties": { "内容": "ショートステイ五本松の家【短期入所生活介護】広島県福山市多治米町6丁目14番26号", "url": "https://www.kaigokensaku.mhlw.go.jp/34/index.php?action_kouhyou_detail_004_kani=true&JigyosyoCd=3471508980-00&ServiceCd=210&Type=search", "url2": "http://5pines.jp/" }, "geometry": { "type": "Point", "coordinates": [ 133.371004016811526, 34.466453440765349 ] } },
{ "type": "Feature", "properties": { "内容": "短期入所生活介護事業所北本庄【短期入所生活介護】広島県福山市北本庄二丁目14-6コミュニティケアセンター北本庄", "url": "https://www.kaigokensaku.mhlw.go.jp/34/index.php?action_kouhyou_detail_004_kani=true&JigyosyoCd=3471509285-00&ServiceCd=210&Type=search", "url2": "http://npokizuna.jp" }, "geometry": { "type": "Point", "coordinates": [ 133.3456086, 34.4971821 ] } },
{ "type": "Feature", "properties": { "内容": "短期入所生活介護坂の上の久松邸【短期入所生活介護】広島県福山市久松台三丁目21番3号", "url": "https://www.kaigokensaku.mhlw.go.jp/34/index.php?action_kouhyou_detail_004_kani=true&JigyosyoCd=3471509525-00&ServiceCd=210&Type=search", "url2": "https://www.iwasaki-seikeigeka.com/facilities/" }, "geometry": { "type": "Point", "coordinates": [ 133.3506615, 34.4968585 ] } },
{ "type": "Feature", "properties": { "内容": "鳥還荘短期入所生活介護事業所【短期入所生活介護】福山市沼隈町大字中山南265-2", "url": "https://www.kaigokensaku.mhlw.go.jp/34/index.php?action_kouhyou_detail_004_kani=true&JigyosyoCd=3474300096-00&ServiceCd=210&Type=search", "url2": "http://chokanso.or.jp" }, "geometry": { "type": "Point", "coordinates": [ 133.303836100000012, 34.4185393 ] } },
{ "type": "Feature", "properties": { "内容": "ショートステイハウスカ青葉【短期入所生活介護】福山市青葉台一丁目10番20号", "url": "https://www.kaigokensaku.mhlw.go.jp/34/index.php?action_kouhyou_detail_004_kani=true&JigyosyoCd=3471506950-00&ServiceCd=210&Type=search", "url2": "http://www.aobadai-hp.com" }, "geometry": { "type": "Point", "coordinates": [ 133.427984400000014, 34.513183 ] } },
{ "type": "Feature", "properties": { "内容": "指定短期入所生活介護ショートステイ小春日和【短期入所生活介護】広島県福山市駅家町向永谷682-1", "url": "https://www.kaigokensaku.mhlw.go.jp/34/index.php?action_kouhyou_detail_004_kani=true&JigyosyoCd=3471507883-00&ServiceCd=210&Type=search", "url2": "http://www.koharu.or.jp" }, "geometry": { "type": "Point", "coordinates": [ 133.296411300000045, 34.5327212 ] } },
{ "type": "Feature", "properties": { "内容": "老人短期入所事業所　オリーブハウス幸千【短期入所生活介護】広島県福山市御幸町中津原850-1", "url": "https://www.kaigokensaku.mhlw.go.jp/34/index.php?action_kouhyou_detail_004_kani=true&JigyosyoCd=3471509301-00&ServiceCd=210&Type=search", "url2": "https://olivehouse-group.jp/house1/" }, "geometry": { "type": "Point", "coordinates": [ 133.357222, 34.523207 ] } },
{ "type": "Feature", "properties": { "内容": "ショートステイゆめハウス【短期入所生活介護】広島県福山市港町2丁目12-1", "url": "https://www.kaigokensaku.mhlw.go.jp/34/index.php?action_kouhyou_detail_004_kani=true&JigyosyoCd=3471509871-00&ServiceCd=210&Type=search", "url2": null }, "geometry": { "type": "Point", "coordinates": [ 133.3820277, 34.4837599 ] } },
{ "type": "Feature", "properties": { "内容": "ショートステイあしすと万能倉【短期入所生活介護】広島県福山市駅家町万能倉1082", "url": "https://www.kaigokensaku.mhlw.go.jp/34/index.php?action_kouhyou_detail_004_kani=true&JigyosyoCd=3471510614-00&ServiceCd=210&Type=search", "url2": "https://higashinokai.jp/about/" }, "geometry": { "type": "Point", "coordinates": [ 133.3298055, 34.5458229 ] } },
{ "type": "Feature", "properties": { "内容": "ショートステイ　ルポあしすと【短期入所生活介護】広島県福山市王子町2-4-28", "url": "https://www.kaigokensaku.mhlw.go.jp/34/index.php?action_kouhyou_detail_004_kani=true&JigyosyoCd=3471510622-00&ServiceCd=210&Type=search", "url2": "https://higashinokai.jp" }, "geometry": { "type": "Point", "coordinates": [ 133.382173200000011, 34.4899646 ] } },
{ "type": "Feature", "properties": { "内容": "ショートステイゆうゆう高木【短期入所生活介護】府中市高木町20番地1介護福祉サービスゆうゆう高木", "url": "https://www.kaigokensaku.mhlw.go.jp/34/index.php?action_kouhyou_detail_004_kani=true&JigyosyoCd=3471700769-00&ServiceCd=210&Type=search", "url2": "https://www.careoth-senior.com/yuyu/" }, "geometry": { "type": "Point", "coordinates": [ 133.254131839147902, 34.562294106836866 ] } },
{ "type": "Feature", "properties": { "内容": "セイフティー信和ショートステイ広谷【短期入所生活介護】広島県府中市広谷町３９１番地", "url": "https://www.kaigokensaku.mhlw.go.jp/34/index.php?action_kouhyou_detail_004_kani=true&JigyosyoCd=3471700116-00&ServiceCd=210&Type=search", "url2": "https://www.safety-sinwa.com" }, "geometry": { "type": "Point", "coordinates": [ 133.261279899999977, 34.5747745 ] } },
{ "type": "Feature", "properties": { "内容": "特別養護老人ホームセイフティー信和【短期入所生活介護】広島県府中市広谷町３９１番地", "url": "https://www.kaigokensaku.mhlw.go.jp/34/index.php?action_kouhyou_detail_004_kani=true&JigyosyoCd=3471700124-00&ServiceCd=210&Type=search", "url2": "https://www.safety-sinwa.com" }, "geometry": { "type": "Point", "coordinates": [ 133.261279899999977, 34.5747745 ] } },
{ "type": "Feature", "properties": { "内容": "短期入所生活介護事業所府中静和寮【短期入所生活介護】広島県府中市土生町１６３６番地の１", "url": "https://www.kaigokensaku.mhlw.go.jp/34/index.php?action_kouhyou_detail_004_kani=true&JigyosyoCd=3471700165-00&ServiceCd=210&Type=search", "url2": "http://seiwakai-hiroshima.jp" }, "geometry": { "type": "Point", "coordinates": [ 133.226785, 34.5709878 ] } },
{ "type": "Feature", "properties": { "内容": "指定介護老人福祉施設ショートステイあいあい【短期入所生活介護】府中市桜が丘3丁目2番地の１", "url": "https://www.kaigokensaku.mhlw.go.jp/34/index.php?action_kouhyou_detail_004_kani=true&JigyosyoCd=3471700538-00&ServiceCd=210&Type=search", "url2": "https://www.aiai-fukushi.net/sakura/" }, "geometry": { "type": "Point", "coordinates": [ 133.24704470000006, 34.5798929 ] } },
{ "type": "Feature", "properties": { "内容": "指定介護老人福祉施設あいあい【短期入所生活介護】府中市桜が丘3丁目2番地の1", "url": "https://www.kaigokensaku.mhlw.go.jp/34/index.php?action_kouhyou_detail_004_kani=true&JigyosyoCd=3471700546-00&ServiceCd=210&Type=search", "url2": "https://www.aiai-fukushi.net/sakura/" }, "geometry": { "type": "Point", "coordinates": [ 133.24704470000006, 34.5798929 ] } },
{ "type": "Feature", "properties": { "内容": "指定介護老人福祉施設　ショートステイあいあい別館【短期入所生活介護】府中市桜が丘3丁目2番地の4", "url": "https://www.kaigokensaku.mhlw.go.jp/34/index.php?action_kouhyou_detail_004_kani=true&JigyosyoCd=3471700843-00&ServiceCd=210&Type=search", "url2": "https://www.aiai-fukushi.net/sakura/" }, "geometry": { "type": "Point", "coordinates": [ 133.246880799999985, 34.5800845 ] } },
{ "type": "Feature", "properties": { "内容": "地域密着型特別養護老人ホームあいあい【短期入所生活介護】府中市桜が丘3丁目2番地の４", "url": "https://www.kaigokensaku.mhlw.go.jp/34/index.php?action_kouhyou_detail_004_kani=true&JigyosyoCd=3471700850-00&ServiceCd=210&Type=search", "url2": "https://www.aiai-fukushi.net/sakura/" }, "geometry": { "type": "Point", "coordinates": [ 133.246950199999986, 34.5803706 ] } },
{ "type": "Feature", "properties": { "内容": "ユニット型短期入所生活介護事業所府中静和寮よつば館【短期入所生活介護】広島県府中市土生町1636番地1府中静和寮よつば館", "url": "https://www.kaigokensaku.mhlw.go.jp/34/index.php?action_kouhyou_detail_004_kani=true&JigyosyoCd=3471700876-00&ServiceCd=210&Type=search", "url2": "http://www.seiwakai-hiroshima.jp" }, "geometry": { "type": "Point", "coordinates": [ 133.22623022064667, 34.571177135496242 ] } },
{ "type": "Feature", "properties": { "内容": "セイフティー信和ショートステイ鵜飼【短期入所生活介護】広島県府中市鵜飼町４６４番地１", "url": "https://www.kaigokensaku.mhlw.go.jp/34/index.php?action_kouhyou_detail_004_kani=true&JigyosyoCd=3471700918-00&ServiceCd=210&Type=search", "url2": "https://www.safety-sinwa.com" }, "geometry": { "type": "Point", "coordinates": [ 133.248161500000037, 34.5708079 ] } },
{ "type": "Feature", "properties": { "内容": "セイフティー信和(ユニット型)ショートステイ鵜飼【短期入所生活介護】広島県府中市鵜飼町４６４番地１", "url": "https://www.kaigokensaku.mhlw.go.jp/34/index.php?action_kouhyou_detail_004_kani=true&JigyosyoCd=3471700926-00&ServiceCd=210&Type=search", "url2": "https://www.safety-sinwa.com" }, "geometry": { "type": "Point", "coordinates": [ 133.248161500000037, 34.5708079 ] } },
{ "type": "Feature", "properties": { "内容": "ほのぼの苑短期入所生活介護事業所【短期入所生活介護】府中市上下町深江４８８番地３", "url": "https://www.kaigokensaku.mhlw.go.jp/34/index.php?action_kouhyou_detail_004_kani=true&JigyosyoCd=3474700154-00&ServiceCd=210&Type=search", "url2": "https://www.oujinkai.com" }, "geometry": { "type": "Point", "coordinates": [ 133.12059690000001, 34.6830971 ] } },
{ "type": "Feature", "properties": { "内容": "特別養護老人ホームほのぼの苑【短期入所生活介護】府中市上下町深江４８８番地３", "url": "https://www.kaigokensaku.mhlw.go.jp/34/index.php?action_kouhyou_detail_004_kani=true&JigyosyoCd=3474700162-00&ServiceCd=210&Type=search", "url2": "https://www.oujinkai.com" }, "geometry": { "type": "Point", "coordinates": [ 133.12059690000001, 34.6830971 ] } },
{ "type": "Feature", "properties": { "内容": "箱田苑短期入所生活介護事業所【短期入所生活介護】府中市木野山町箱田奥甲1538番地", "url": "https://www.kaigokensaku.mhlw.go.jp/34/index.php?action_kouhyou_detail_004_kani=true&JigyosyoCd=3471700157-00&ServiceCd=210&Type=search", "url2": "http://www.keisenkaihakodaen.net" }, "geometry": { "type": "Point", "coordinates": [ 133.22712249999995, 34.64529 ] } },
{ "type": "Feature", "properties": { "内容": "特別養護老人ホーム箱田苑【短期入所生活介護】広島県府中市木野山町箱田奥甲1538", "url": "https://www.kaigokensaku.mhlw.go.jp/34/index.php?action_kouhyou_detail_004_kani=true&JigyosyoCd=3471700199-00&ServiceCd=210&Type=search", "url2": "http://www.keisenkaihakodaen.net" }, "geometry": { "type": "Point", "coordinates": [ 133.218287800000013, 34.6283236 ] } },
{ "type": "Feature", "properties": { "内容": "元町ふれあいセンター【短期入所生活介護】府中市元町271番地1", "url": "https://www.kaigokensaku.mhlw.go.jp/34/index.php?action_kouhyou_detail_004_kani=true&JigyosyoCd=3471700652-00&ServiceCd=210&Type=search", "url2": "http://advance2003.com/" }, "geometry": { "type": "Point", "coordinates": [ 133.241128500000059, 34.5754377 ] } },
{ "type": "Feature", "properties": { "内容": "特別養護老人ホームすいれん【短期入所生活介護】広島県三次市三次町1779-2", "url": "https://www.kaigokensaku.mhlw.go.jp/34/index.php?action_kouhyou_detail_004_kani=true&JigyosyoCd=3491900084-00&ServiceCd=210&Type=search", "url2": "https://jishokai.jp/" }, "geometry": { "type": "Point", "coordinates": [ 132.843560600000046, 34.8122811 ] } },
{ "type": "Feature", "properties": { "内容": "江水園短期入所生活介護事業所【短期入所生活介護】三次市作木町香淀655番地", "url": "https://www.kaigokensaku.mhlw.go.jp/34/index.php?action_kouhyou_detail_004_kani=true&JigyosyoCd=3474800236-00&ServiceCd=210&Type=search", "url2": "http://miyoshi-shakyo.com" }, "geometry": { "type": "Point", "coordinates": [ 132.726843199999962, 34.8256572 ] } },
{ "type": "Feature", "properties": { "内容": "ルンビニ園短期入所生活介護事業所【短期入所生活介護】三次市山家町５９７番地", "url": "https://www.kaigokensaku.mhlw.go.jp/34/index.php?action_kouhyou_detail_004_kani=true&JigyosyoCd=3471900179-00&ServiceCd=210&Type=search", "url2": "https://jishokai.jp/" }, "geometry": { "type": "Point", "coordinates": [ 132.838976600000024, 34.847238 ] } },
{ "type": "Feature", "properties": { "内容": "特別養護老人ホームルンビニ園【短期入所生活介護】広島県三次市山家町597番地", "url": "https://www.kaigokensaku.mhlw.go.jp/34/index.php?action_kouhyou_detail_004_kani=true&JigyosyoCd=3471900195-00&ServiceCd=210&Type=search", "url2": "https://jishokai.jp/" }, "geometry": { "type": "Point", "coordinates": [ 132.838692359524572, 34.847453247453487 ] } },
{ "type": "Feature", "properties": { "内容": "短期入所生活介護事業所吉舎【短期入所生活介護】広島県三次市吉舎町吉舎６０６番地ケアハウス吉舎", "url": "https://www.kaigokensaku.mhlw.go.jp/34/index.php?action_kouhyou_detail_004_kani=true&JigyosyoCd=3471900575-00&ServiceCd=210&Type=search", "url2": "http://www.yuukifukushikai.com" }, "geometry": { "type": "Point", "coordinates": [ 132.992868700000031, 34.714266899999984 ] } },
{ "type": "Feature", "properties": { "内容": "短期入所生活介護事業所　ゆかり【短期入所生活介護】広島県三次市十日市中三丁目6番35号高齢者複合施設　ゆかり", "url": "https://www.kaigokensaku.mhlw.go.jp/34/index.php?action_kouhyou_detail_004_kani=true&JigyosyoCd=3471901227-00&ServiceCd=210&Type=search", "url2": "https://jishokai.jp/" }, "geometry": { "type": "Point", "coordinates": [ 132.854723700000022, 34.8057183 ] } },
{ "type": "Feature", "properties": { "内容": "特別養護老人ホームくるみ荘【短期入所生活介護】三次市粟屋町1718-2", "url": "https://www.kaigokensaku.mhlw.go.jp/34/index.php?action_kouhyou_detail_004_kani=true&JigyosyoCd=3471900229-00&ServiceCd=210&Type=search", "url2": "https://kurumikai.com/" }, "geometry": { "type": "Point", "coordinates": [ 132.837245, 34.8100342 ] } },
{ "type": "Feature", "properties": { "内容": "短期入所生活介護事業所　花の里【短期入所生活介護】三次市十日市東四丁目３番１０号", "url": "https://www.kaigokensaku.mhlw.go.jp/34/index.php?action_kouhyou_detail_004_kani=true&JigyosyoCd=3471900807-00&ServiceCd=210&Type=search", "url2": "http://mifukai.jp/" }, "geometry": { "type": "Point", "coordinates": [ 132.861750900000061, 34.8045935 ] } },
{ "type": "Feature", "properties": { "内容": "くるみ荘ショートステイ【短期入所生活介護】広島県三次市粟屋町1718番地の2", "url": "https://www.kaigokensaku.mhlw.go.jp/34/index.php?action_kouhyou_detail_004_kani=true&JigyosyoCd=3471900898-00&ServiceCd=210&Type=search", "url2": "https://kurumikai.com/" }, "geometry": { "type": "Point", "coordinates": [ 132.837273482278391, 34.810093735724443 ] } },
{ "type": "Feature", "properties": { "内容": "水明園短期入所生活介護事業所【短期入所生活介護】三次市南畑敷町４４１番地", "url": "https://www.kaigokensaku.mhlw.go.jp/34/index.php?action_kouhyou_detail_004_kani=true&JigyosyoCd=3471900104-00&ServiceCd=210&Type=search", "url2": "http://suimeikai.org/" }, "geometry": { "type": "Point", "coordinates": [ 132.8780716, 34.8060128 ] } },
{ "type": "Feature", "properties": { "内容": "みよしの短期入所生活介護事業所【短期入所生活介護】三次市南畑敷町４１９－１", "url": "https://www.kaigokensaku.mhlw.go.jp/34/index.php?action_kouhyou_detail_004_kani=true&JigyosyoCd=3471900732-00&ServiceCd=210&Type=search", "url2": "http://suimeikai.org/" }, "geometry": { "type": "Point", "coordinates": [ 132.879390899999947, 34.80611 ] } },
{ "type": "Feature", "properties": { "内容": "美山荘短期入所生活介護事業所【短期入所生活介護】三次市甲奴町本郷１６７４番地", "url": "https://www.kaigokensaku.mhlw.go.jp/34/index.php?action_kouhyou_detail_004_kani=true&JigyosyoCd=3474700105-00&ServiceCd=210&Type=search", "url2": "http://miyamasou.com/" }, "geometry": { "type": "Point", "coordinates": [ 133.0816036, 34.6970313 ] } },
{ "type": "Feature", "properties": { "内容": "特別養護老人ホーム美山莊【短期入所生活介護】三次市甲奴町本郷１６７４番地", "url": "https://www.kaigokensaku.mhlw.go.jp/34/index.php?action_kouhyou_detail_004_kani=true&JigyosyoCd=3474700220-00&ServiceCd=210&Type=search", "url2": "http://miyamasou.com/" }, "geometry": { "type": "Point", "coordinates": [ 133.0816036, 34.6970313 ] } },
{ "type": "Feature", "properties": { "内容": "松伯園短期入所生活介護事業所【短期入所生活介護】三次市君田町東入君209番地1", "url": "https://www.kaigokensaku.mhlw.go.jp/34/index.php?action_kouhyou_detail_004_kani=true&JigyosyoCd=3474800152-00&ServiceCd=210&Type=search", "url2": "http://www.bihoku-k.jp/" }, "geometry": { "type": "Point", "coordinates": [ 132.842989399999965, 34.8720605 ] } },
{ "type": "Feature", "properties": { "内容": "特別養護老人ホーム松伯園【短期入所生活介護】広島県三次市君田町東入君209-1", "url": "https://www.kaigokensaku.mhlw.go.jp/34/index.php?action_kouhyou_detail_004_kani=true&JigyosyoCd=3474800160-00&ServiceCd=210&Type=search", "url2": "http://www.bihoku-k.jp/" }, "geometry": { "type": "Point", "coordinates": [ 132.8432752, 34.8722784 ] } },
{ "type": "Feature", "properties": { "内容": "こじか荘短期入所生活介護事業所【短期入所生活介護】三次市吉舎町敷地10068-5", "url": "https://www.kaigokensaku.mhlw.go.jp/34/index.php?action_kouhyou_detail_004_kani=true&JigyosyoCd=3474800194-00&ServiceCd=210&Type=search", "url2": "https://tomoekai-miyoshi.jp/" }, "geometry": { "type": "Point", "coordinates": [ 132.966821699999969, 34.75738980000002 ] } },
{ "type": "Feature", "properties": { "内容": "特別養護老人ホーム　こじか荘【短期入所生活介護】三次市吉舎町敷地１００６８番地５", "url": "https://www.kaigokensaku.mhlw.go.jp/34/index.php?action_kouhyou_detail_004_kani=true&JigyosyoCd=3474800343-00&ServiceCd=210&Type=search", "url2": "https://tomoekai-miyoshi.jp/" }, "geometry": { "type": "Point", "coordinates": [ 132.966788400000041, 34.7573731 ] } },
{ "type": "Feature", "properties": { "内容": "特別養護老人ホーム喜楽園【短期入所生活介護】広島県三次市三和町下板木10695-1特別養護老人ホーム喜楽園", "url": "https://www.kaigokensaku.mhlw.go.jp/34/index.php?action_kouhyou_detail_004_kani=true&JigyosyoCd=3474800350-00&ServiceCd=210&Type=search", "url2": "http://www.miwakai-kirakuen.or.jp/" }, "geometry": { "type": "Point", "coordinates": [ 132.839447515629502, 34.686267835369506 ] } },
{ "type": "Feature", "properties": { "内容": "短期入所生活介護　けいしん【短期入所生活介護】広島県三次市東酒屋町２０６番地１", "url": "https://www.kaigokensaku.mhlw.go.jp/34/index.php?action_kouhyou_detail_004_kani=true&JigyosyoCd=3471901045-00&ServiceCd=210&Type=search", "url2": "https://keishin-care.com/" }, "geometry": { "type": "Point", "coordinates": [ 132.872490954631076, 34.786076399372945 ] } },
{ "type": "Feature", "properties": { "内容": "西城福祉会短期入所生活介護事業所【短期入所生活介護】庄原市西城町大佐5148-1", "url": "https://www.kaigokensaku.mhlw.go.jp/34/index.php?action_kouhyou_detail_004_kani=true&JigyosyoCd=3474900135-00&ServiceCd=210&Type=search", "url2": "http://syobara.sakura.ne.jp/aizenen/" }, "geometry": { "type": "Point", "coordinates": [ 133.129957800000057, 34.9570273 ] } },
{ "type": "Feature", "properties": { "内容": "短期入所生活介護事業所相扶園【短期入所生活介護】庄原市尾引町２６３番地２", "url": "https://www.kaigokensaku.mhlw.go.jp/34/index.php?action_kouhyou_detail_004_kani=true&JigyosyoCd=3472100134-00&ServiceCd=210&Type=search", "url2": "http://www.soufuen.or.jp" }, "geometry": { "type": "Point", "coordinates": [ 132.936367799999971, 34.8159126 ] } },
{ "type": "Feature", "properties": { "内容": "短期入所生活介護事業所　ゆうしゃいん庄原【短期入所生活介護】庄原市宮内町美湯6353-1", "url": "https://www.kaigokensaku.mhlw.go.jp/34/index.php?action_kouhyou_detail_004_kani=true&JigyosyoCd=3472100514-00&ServiceCd=210&Type=search", "url2": "http://www.yuukifukushikai.com" }, "geometry": { "type": "Point", "coordinates": [ 133.039583, 34.8558819 ] } },
{ "type": "Feature", "properties": { "内容": "風の街みやびらショートステイ【短期入所生活介護】広島県庄原市東城町川西1332番地5", "url": "https://www.kaigokensaku.mhlw.go.jp/34/index.php?action_kouhyou_detail_004_kani=true&JigyosyoCd=3472100555-00&ServiceCd=210&Type=search", "url2": "https://www.alice.or.jp/" }, "geometry": { "type": "Point", "coordinates": [ 133.261218738623, 34.911309149006598 ] } },
{ "type": "Feature", "properties": { "内容": "短期入所生活介護事業所ユーシャイン【短期入所生活介護】庄原市総領町中領家476番地", "url": "https://www.kaigokensaku.mhlw.go.jp/34/index.php?action_kouhyou_detail_004_kani=true&JigyosyoCd=3474700139-00&ServiceCd=210&Type=search", "url2": "https://www.yuukifukushikai.com/" }, "geometry": { "type": "Point", "coordinates": [ 133.1070102, 34.7932239 ] } },
{ "type": "Feature", "properties": { "内容": "特別養護老人ホームユーシャイン【短期入所生活介護】広島県庄原市総領町中領家476", "url": "https://www.kaigokensaku.mhlw.go.jp/34/index.php?action_kouhyou_detail_004_kani=true&JigyosyoCd=3474700212-00&ServiceCd=210&Type=search", "url2": "https://www.yuukifukushikai.com/" }, "geometry": { "type": "Point", "coordinates": [ 133.106495215869131, 34.793259142789815 ] } },
{ "type": "Feature", "properties": { "内容": "ハピネスヒル指定短期入所生活介護事業所【短期入所生活介護】庄原市掛田町542番地1", "url": "https://www.kaigokensaku.mhlw.go.jp/34/index.php?action_kouhyou_detail_004_kani=true&JigyosyoCd=3472100167-00&ServiceCd=210&Type=search", "url2": "https://c-hapinesu.jp/#hapiness_hill" }, "geometry": { "type": "Point", "coordinates": [ 133.001562799999988, 34.8657302 ] } },
{ "type": "Feature", "properties": { "内容": "特別養護老人ホームハピネスヒル【短期入所生活介護】広島県庄原市掛田町542－1", "url": "https://www.kaigokensaku.mhlw.go.jp/34/index.php?action_kouhyou_detail_004_kani=true&JigyosyoCd=3472100175-00&ServiceCd=210&Type=search", "url2": null }, "geometry": { "type": "Point", "coordinates": [ 133.001562799999988, 34.8657302 ] } },
{ "type": "Feature", "properties": { "内容": "ハピネスタウン指定短期入所生活介護事業所【短期入所生活介護】庄原市西本町三丁目１番２５号", "url": "https://www.kaigokensaku.mhlw.go.jp/34/index.php?action_kouhyou_detail_004_kani=true&JigyosyoCd=3472100472-00&ServiceCd=210&Type=search", "url2": "https://c-hapinesu.jp" }, "geometry": { "type": "Point", "coordinates": [ 133.012597599999907, 34.8595174 ] } },
{ "type": "Feature", "properties": { "内容": "第2ハートウイング【短期入所生活介護】広島県庄原市上原町413番地3", "url": "https://www.kaigokensaku.mhlw.go.jp/34/index.php?action_kouhyou_detail_004_kani=true&JigyosyoCd=3472100506-00&ServiceCd=210&Type=search", "url2": "http://kuchiwa-fukushikai.jp" }, "geometry": { "type": "Point", "coordinates": [ 132.99477509999997, 34.8517622 ] } },
{ "type": "Feature", "properties": { "内容": "第2ハートウイング西館【短期入所生活介護】庄原市上原町413-1", "url": "https://www.kaigokensaku.mhlw.go.jp/34/index.php?action_kouhyou_detail_004_kani=true&JigyosyoCd=3472100548-00&ServiceCd=210&Type=search", "url2": "http://kuchiwa-fukushikai.jp" }, "geometry": { "type": "Point", "coordinates": [ 132.99477509999997, 34.8517622 ] } },
{ "type": "Feature", "properties": { "内容": "特別養護老人ホームハートウイング短期入所生活介護事業所【短期入所生活介護】庄原市口和町永田413番地", "url": "https://www.kaigokensaku.mhlw.go.jp/34/index.php?action_kouhyou_detail_004_kani=true&JigyosyoCd=3474900184-00&ServiceCd=210&Type=search", "url2": "http://kuchiwa-fukushikai.jp" }, "geometry": { "type": "Point", "coordinates": [ 132.9184017, 34.8880631 ] } },
{ "type": "Feature", "properties": { "内容": "特別養護老人ホームハートウイング【短期入所生活介護】広島県庄原市口和町永田413番地", "url": "https://www.kaigokensaku.mhlw.go.jp/34/index.php?action_kouhyou_detail_004_kani=true&JigyosyoCd=3474900408-00&ServiceCd=210&Type=search", "url2": "http://kuchiwa-fukushikai.jp" }, "geometry": { "type": "Point", "coordinates": [ 132.9183588, 34.8880341 ] } },
{ "type": "Feature", "properties": { "内容": "特別養護老人ホーム　故郷-高野【短期入所生活介護】高野町新市柏奥5177番地1", "url": "https://www.kaigokensaku.mhlw.go.jp/34/index.php?action_kouhyou_detail_004_kani=true&JigyosyoCd=3472100407-00&ServiceCd=210&Type=search", "url2": "http://www.touki-kai.or.jp" }, "geometry": { "type": "Point", "coordinates": [ 139.975757499999986, 35.8675958 ] } },
{ "type": "Feature", "properties": { "内容": "短期入所生活介護　故郷－高野【短期入所生活介護】広島県庄原市高野町新市字柏奥5177番地1", "url": "https://www.kaigokensaku.mhlw.go.jp/34/index.php?action_kouhyou_detail_004_kani=true&JigyosyoCd=3472100449-00&ServiceCd=210&Type=search", "url2": "http://www.touki-kai.or.jp/" }, "geometry": { "type": "Point", "coordinates": [ 132.915343762596194, 35.037065741414885 ] } },
{ "type": "Feature", "properties": { "内容": "短期入所生活介護事業所吾妻園【短期入所生活介護】広島県庄原市比和町比和1190番地", "url": "https://www.kaigokensaku.mhlw.go.jp/34/index.php?action_kouhyou_detail_004_kani=true&JigyosyoCd=3474900341-00&ServiceCd=210&Type=search", "url2": "azumakai.com" }, "geometry": { "type": "Point", "coordinates": [ 132.982161425270078, 34.985413123643802 ] } },
{ "type": "Feature", "properties": { "内容": "特別養護老人ホーム御薗寮【短期入所生活介護】広島県東広島市高屋町高屋堀3486番地", "url": "https://www.kaigokensaku.mhlw.go.jp/34/index.php?action_kouhyou_detail_004_kani=true&JigyosyoCd=3472500424-00&ServiceCd=210&Type=search", "url2": "https://www.misonoryo.com" }, "geometry": { "type": "Point", "coordinates": [ 132.81011710000007, 34.4594654 ] } },
{ "type": "Feature", "properties": { "内容": "特別養護老人ホームさくら園【短期入所生活介護】東広島市黒瀬町乃美尾555番地1", "url": "https://www.kaigokensaku.mhlw.go.jp/34/index.php?action_kouhyou_detail_004_kani=true&JigyosyoCd=3472501950-00&ServiceCd=210&Type=search", "url2": "http://www.aoikai.jp/" }, "geometry": { "type": "Point", "coordinates": [ 132.691101300000014, 34.3165023 ] } },
{ "type": "Feature", "properties": { "内容": "大仙園短期入所生活介護事業所【短期入所生活介護】東広島市河内町入野12138番地14", "url": "https://www.kaigokensaku.mhlw.go.jp/34/index.php?action_kouhyou_detail_004_kani=true&JigyosyoCd=3473800252-00&ServiceCd=210&Type=search", "url2": "http://nh-daisenen.jp" }, "geometry": { "type": "Point", "coordinates": [ 132.8814132, 34.4250613 ] } },
{ "type": "Feature", "properties": { "内容": "特別養護老人ホーム新生園【短期入所生活介護】東広島市八本松町原１１１７１－１", "url": "https://www.kaigokensaku.mhlw.go.jp/34/index.php?action_kouhyou_detail_004_kani=true&JigyosyoCd=3472500465-00&ServiceCd=210&Type=search", "url2": "http://www.aoikai.jp" }, "geometry": { "type": "Point", "coordinates": [ 132.693017700000041, 34.409320500000021 ] } },
{ "type": "Feature", "properties": { "内容": "コミュニティホームゆずの家【短期入所生活介護】東広島市西条町御薗宇4875番地1", "url": "https://www.kaigokensaku.mhlw.go.jp/34/index.php?action_kouhyou_detail_004_kani=true&JigyosyoCd=3472503303-00&ServiceCd=210&Type=search", "url2": "https://yuzunoya.com" }, "geometry": { "type": "Point", "coordinates": [ 132.7496888, 34.4054151 ] } },
{ "type": "Feature", "properties": { "内容": "葵の園・広島空港　短期入所生活介護【短期入所生活介護】東広島市河内町入野7841番地2", "url": "https://www.kaigokensaku.mhlw.go.jp/34/index.php?action_kouhyou_detail_004_kani=true&JigyosyoCd=3472502255-00&ServiceCd=210&Type=search", "url2": "http://www.aoikai.jp" }, "geometry": { "type": "Point", "coordinates": [ 132.872299399999946, 34.4433034 ] } },
{ "type": "Feature", "properties": { "内容": "短期入所生活介護事業所高屋【短期入所生活介護】広島県東広島市高屋町大畠１４５番１", "url": "https://www.kaigokensaku.mhlw.go.jp/34/index.php?action_kouhyou_detail_004_kani=true&JigyosyoCd=3472502628-00&ServiceCd=210&Type=search", "url2": "http://www.seijukai-welfare.jp/shisetsu_takaya.html" }, "geometry": { "type": "Point", "coordinates": [ 132.775505890776799, 34.442516267871397 ] } },
{ "type": "Feature", "properties": { "内容": "特別養護老人ホームあきまろ園【短期入所生活介護】広島県東広島市安芸津町風早４９７番地５", "url": "https://www.kaigokensaku.mhlw.go.jp/34/index.php?action_kouhyou_detail_004_kani=true&JigyosyoCd=3474000191-00&ServiceCd=210&Type=search", "url2": "http://hakujukai.jp" }, "geometry": { "type": "Point", "coordinates": [ 132.785915, 34.3164131 ] } },
{ "type": "Feature", "properties": { "内容": "あきまろ園短期入所生活介護事業所【短期入所生活介護】広島県東広島市安芸津町風早４９７番地５", "url": "https://www.kaigokensaku.mhlw.go.jp/34/index.php?action_kouhyou_detail_004_kani=true&JigyosyoCd=3474000209-00&ServiceCd=210&Type=search", "url2": "http://hakujukai.jp" }, "geometry": { "type": "Point", "coordinates": [ 132.785915, 34.3164131 ] } },
{ "type": "Feature", "properties": { "内容": "長寿苑指定短期入所生活介護事業所【短期入所生活介護】東広島市西条町馬木字脇道1566番地", "url": "https://www.kaigokensaku.mhlw.go.jp/34/index.php?action_kouhyou_detail_004_kani=true&JigyosyoCd=3472500358-00&ServiceCd=210&Type=search", "url2": "https://chojuen.jp" }, "geometry": { "type": "Point", "coordinates": [ 132.720908399999985, 34.359943 ] } },
{ "type": "Feature", "properties": { "内容": "新生園短期入所生活介護事業所【短期入所生活介護】東広島市八本松町原１１１７１－１", "url": "https://www.kaigokensaku.mhlw.go.jp/34/index.php?action_kouhyou_detail_004_kani=true&JigyosyoCd=3472500457-00&ServiceCd=210&Type=search", "url2": "http://www.aoikai.jp" }, "geometry": { "type": "Point", "coordinates": [ 132.693017700000041, 34.409320500000021 ] } },
{ "type": "Feature", "properties": { "内容": "短期入所生活介護事業所さくら園【短期入所生活介護】東広島市黒瀬町乃美尾555番地1", "url": "https://www.kaigokensaku.mhlw.go.jp/34/index.php?action_kouhyou_detail_004_kani=true&JigyosyoCd=3472501943-00&ServiceCd=210&Type=search", "url2": "http://www.aoikai.jp/" }, "geometry": { "type": "Point", "coordinates": [ 132.691101300000014, 34.3165023 ] } },
{ "type": "Feature", "properties": { "内容": "みその寮ショートステイサービス【短期入所生活介護】東広島市高屋町高屋堀3486番地", "url": "https://www.kaigokensaku.mhlw.go.jp/34/index.php?action_kouhyou_detail_004_kani=true&JigyosyoCd=3472500432-00&ServiceCd=210&Type=search", "url2": "https://www.misonoryo.com" }, "geometry": { "type": "Point", "coordinates": [ 132.8104654, 34.4592919 ] } },
{ "type": "Feature", "properties": { "内容": "短期入所生活介護事業所桜が丘保養園【短期入所生活介護】東広島市西条町寺家５９７６", "url": "https://www.kaigokensaku.mhlw.go.jp/34/index.php?action_kouhyou_detail_004_kani=true&JigyosyoCd=3472500531-00&ServiceCd=210&Type=search", "url2": "http://www.sakuragaoka.org" }, "geometry": { "type": "Point", "coordinates": [ 132.7358375, 34.4376514 ] } },
{ "type": "Feature", "properties": { "内容": "特別養護老人ホーム桜が丘保養園【短期入所生活介護】東広島市西条町寺家５９７６", "url": "https://www.kaigokensaku.mhlw.go.jp/34/index.php?action_kouhyou_detail_004_kani=true&JigyosyoCd=3472500580-00&ServiceCd=210&Type=search", "url2": "http://www.sakuragaoka.org" }, "geometry": { "type": "Point", "coordinates": [ 132.7358375, 34.4376514 ] } },
{ "type": "Feature", "properties": { "内容": "ときわ短期入所生活介護事業所【短期入所生活介護】広島県東広島市八本松町原5693番地3", "url": "https://www.kaigokensaku.mhlw.go.jp/34/index.php?action_kouhyou_detail_004_kani=true&JigyosyoCd=3472502784-00&ServiceCd=210&Type=search", "url2": "http://www.tokiwadaihome.or.jp/tokuyou/" }, "geometry": { "type": "Point", "coordinates": [ 132.689911199999983, 34.4046177 ] } },
{ "type": "Feature", "properties": { "内容": "特別養護老人ホーム　豊邑苑　短期入所生活介護事業所【短期入所生活介護】東広島市豊栄町能良413番地", "url": "https://www.kaigokensaku.mhlw.go.jp/34/index.php?action_kouhyou_detail_004_kani=true&JigyosyoCd=3473800112-00&ServiceCd=210&Type=search", "url2": "https://koujinkai21.or.jp" }, "geometry": { "type": "Point", "coordinates": [ 132.842534099999966, 34.5413223 ] } },
{ "type": "Feature", "properties": { "内容": "造賀福祉園　短期入所生活介護事業所【短期入所生活介護】東広島市高屋町造賀708番地", "url": "https://www.kaigokensaku.mhlw.go.jp/34/index.php?action_kouhyou_detail_004_kani=true&JigyosyoCd=3472500622-00&ServiceCd=210&Type=search", "url2": "http://www.zoukanosato.net/" }, "geometry": { "type": "Point", "coordinates": [ 132.769798499999979, 34.5000064 ] } },
{ "type": "Feature", "properties": { "内容": "特別養護老人ホーム造賀福祉園【短期入所生活介護】東広島市高屋町造賀708番地", "url": "https://www.kaigokensaku.mhlw.go.jp/34/index.php?action_kouhyou_detail_004_kani=true&JigyosyoCd=3472500630-00&ServiceCd=210&Type=search", "url2": "http://www.zoukanosato.net/" }, "geometry": { "type": "Point", "coordinates": [ 132.769798499999979, 34.5000064 ] } },
{ "type": "Feature", "properties": { "内容": "短期入所生活介護　神郷の家【短期入所生活介護】東広島市福富町久芳3416番地", "url": "https://www.kaigokensaku.mhlw.go.jp/34/index.php?action_kouhyou_detail_004_kani=true&JigyosyoCd=3472501802-00&ServiceCd=210&Type=search", "url2": null }, "geometry": { "type": "Point", "coordinates": [ 132.787603499999932, 34.5410437 ] } },
{ "type": "Feature", "properties": { "内容": "特別養護老人ホーム　神郷の家【短期入所生活介護】東広島市福富町久芳３４１６番地", "url": "https://www.kaigokensaku.mhlw.go.jp/34/index.php?action_kouhyou_detail_004_kani=true&JigyosyoCd=3472502198-00&ServiceCd=210&Type=search", "url2": null }, "geometry": { "type": "Point", "coordinates": [ 132.787603499999932, 34.5410437 ] } },
{ "type": "Feature", "properties": { "内容": "ショートステイ　おうぎの里【短期入所生活介護】広島県東広島市志和町志和東3976番地の1", "url": "https://www.kaigokensaku.mhlw.go.jp/34/index.php?action_kouhyou_detail_004_kani=true&JigyosyoCd=3472502586-00&ServiceCd=210&Type=search", "url2": "http://ougi-fukushikai.com/ouginosato-shortstay.html" }, "geometry": { "type": "Point", "coordinates": [ 132.680758700000069, 34.4842087 ] } },
{ "type": "Feature", "properties": { "内容": "地域密着型　特別養護老人ホーム　おうぎの里【短期入所生活介護】広島県東広島市志和町志和東3976番地の1", "url": "https://www.kaigokensaku.mhlw.go.jp/34/index.php?action_kouhyou_detail_004_kani=true&JigyosyoCd=3472502974-00&ServiceCd=210&Type=search", "url2": "http://ougi-fukushikai.com/ouginosato-tokuyou.html" }, "geometry": { "type": "Point", "coordinates": [ 132.6806699, 34.484081 ] } },
{ "type": "Feature", "properties": { "内容": "短期入所生活介護事業所ゆずの家【短期入所生活介護】広島県東広島市西条町御薗宇4875番地1", "url": "https://www.kaigokensaku.mhlw.go.jp/34/index.php?action_kouhyou_detail_004_kani=true&JigyosyoCd=3472503295-00&ServiceCd=210&Type=search", "url2": "https://yuzunoya.or.jp/" }, "geometry": { "type": "Point", "coordinates": [ 132.7496888, 34.4054151 ] } },
{ "type": "Feature", "properties": { "内容": "地域密着型特別養護老人ホームときわ【短期入所生活介護】広島県東広島市八本松町原5693番地3", "url": "https://www.kaigokensaku.mhlw.go.jp/34/index.php?action_kouhyou_detail_004_kani=true&JigyosyoCd=3472503386-00&ServiceCd=210&Type=search", "url2": "http://tokiwadaihome.or.jp/tokuyou/" }, "geometry": { "type": "Point", "coordinates": [ 132.689911200000012, 34.4046177 ] } },
{ "type": "Feature", "properties": { "内容": "特別養護老人ホーム四季が丘せせらぎ園（短期入所生活介護）【短期入所生活介護】広島県廿日市市四季が丘八丁目1番地3", "url": "https://www.kaigokensaku.mhlw.go.jp/34/index.php?action_kouhyou_detail_004_kani=true&JigyosyoCd=3472701600-00&ServiceCd=210&Type=search", "url2": "http://www.saikisatsukikai.jp/" }, "geometry": { "type": "Point", "coordinates": [ 132.290687199999979, 34.3480877 ] } },
{ "type": "Feature", "properties": { "内容": "ユニット型特別養護老人ホーム原【短期入所生活介護】広島県廿日市市原926番地の1", "url": "https://www.kaigokensaku.mhlw.go.jp/34/index.php?action_kouhyou_detail_004_kani=true&JigyosyoCd=3472700883-00&ServiceCd=210&Type=search", "url2": "https://www.misasakai.or.jp/" }, "geometry": { "type": "Point", "coordinates": [ 132.2998033, 34.3682635 ] } },
{ "type": "Feature", "properties": { "内容": "特別養護老人ホーム原【短期入所生活介護】広島県廿日市市原926-1", "url": "https://www.kaigokensaku.mhlw.go.jp/34/index.php?action_kouhyou_detail_004_kani=true&JigyosyoCd=3472701089-00&ServiceCd=210&Type=search", "url2": "https://www.misasakai.or.jp/" }, "geometry": { "type": "Point", "coordinates": [ 132.2998033, 34.3682635 ] } },
{ "type": "Feature", "properties": { "内容": "短期入所生活介護事業所原【短期入所生活介護】廿日市市原926番地の1", "url": "https://www.kaigokensaku.mhlw.go.jp/34/index.php?action_kouhyou_detail_004_kani=true&JigyosyoCd=3472700859-00&ServiceCd=210&Type=search", "url2": "http://www.misasakai.or.jp/" }, "geometry": { "type": "Point", "coordinates": [ 132.300082630688507, 34.367964724386944 ] } },
{ "type": "Feature", "properties": { "内容": "短期入所生活介護事業所第２清鈴園【短期入所生活介護】廿日市市阿品４－５１－３２", "url": "https://www.kaigokensaku.mhlw.go.jp/34/index.php?action_kouhyou_detail_004_kani=true&JigyosyoCd=3472700180-00&ServiceCd=210&Type=search", "url2": "http://www.carecenter.jp" }, "geometry": { "type": "Point", "coordinates": [ 132.309799700000013, 34.3189386 ] } },
{ "type": "Feature", "properties": { "内容": "特別養護老人ホーム阿品清鈴【短期入所生活介護】廿日市市阿品４－５１－３２", "url": "https://www.kaigokensaku.mhlw.go.jp/34/index.php?action_kouhyou_detail_004_kani=true&JigyosyoCd=3472700198-00&ServiceCd=210&Type=search", "url2": "http://www.carecenter.jp" }, "geometry": { "type": "Point", "coordinates": [ 132.309799700000013, 34.3189386 ] } },
{ "type": "Feature", "properties": { "内容": "短期入所生活介護事業所　清鈴園【短期入所生活介護】廿日市市原10362-2", "url": "https://www.kaigokensaku.mhlw.go.jp/34/index.php?action_kouhyou_detail_004_kani=true&JigyosyoCd=3472700222-00&ServiceCd=210&Type=search", "url2": "http://www.seireien.jp/" }, "geometry": { "type": "Point", "coordinates": [ 132.308173600000032, 34.379156799999976 ] } },
{ "type": "Feature", "properties": { "内容": "四季が丘せせらぎ園短期入所生活介護事業所【短期入所生活介護】廿日市市四季が丘八丁目1番地３", "url": "https://www.kaigokensaku.mhlw.go.jp/34/index.php?action_kouhyou_detail_004_kani=true&JigyosyoCd=3472701634-00&ServiceCd=210&Type=search", "url2": "http://www.saikisatsukikai.jp" }, "geometry": { "type": "Point", "coordinates": [ 132.290687199999979, 34.3480877 ] } },
{ "type": "Feature", "properties": { "内容": "さいきせせらぎ園短期入所生活介護事業所【短期入所生活介護】廿日市市津田８５４番地", "url": "https://www.kaigokensaku.mhlw.go.jp/34/index.php?action_kouhyou_detail_004_kani=true&JigyosyoCd=3473300303-00&ServiceCd=210&Type=search", "url2": "http://www.saikisatsukikai.jp/" }, "geometry": { "type": "Point", "coordinates": [ 132.157924200000025, 34.3711909 ] } },
{ "type": "Feature", "properties": { "内容": "特別養護老人ホームさいきせせらぎ園【短期入所生活介護】広島県廿日市市津田854番地", "url": "https://www.kaigokensaku.mhlw.go.jp/34/index.php?action_kouhyou_detail_004_kani=true&JigyosyoCd=3473300519-00&ServiceCd=210&Type=search", "url2": "http://www.saikisatsukikai.jp/" }, "geometry": { "type": "Point", "coordinates": [ 132.157978500000013, 34.3711309 ] } },
{ "type": "Feature", "properties": { "内容": "廿日市ケアセンターそよ風【短期入所生活介護】廿日市市上平良1355-19", "url": "https://www.kaigokensaku.mhlw.go.jp/34/index.php?action_kouhyou_detail_004_kani=true&JigyosyoCd=3472700768-00&ServiceCd=210&Type=search", "url2": "https://corp.sykz.co.jp/" }, "geometry": { "type": "Point", "coordinates": [ 132.320884200000052, 34.356634499999984 ] } },
{ "type": "Feature", "properties": { "内容": "ショートステイそわか地御前【短期入所生活介護】広島県廿日市市地御前5-21-23", "url": "https://www.kaigokensaku.mhlw.go.jp/34/index.php?action_kouhyou_detail_004_kani=true&JigyosyoCd=3472701808-00&ServiceCd=210&Type=search", "url2": null }, "geometry": { "type": "Point", "coordinates": [ 132.3201331, 34.3326093 ] } },
{ "type": "Feature", "properties": { "内容": "洗心園短期入所生活介護事業所【短期入所生活介護】広島県廿日市市丸石二丁目7番47号", "url": "https://www.kaigokensaku.mhlw.go.jp/34/index.php?action_kouhyou_detail_004_kani=true&JigyosyoCd=3473300261-00&ServiceCd=210&Type=search", "url2": "http://www.senshinen.or.jp/" }, "geometry": { "type": "Point", "coordinates": [ 132.262789570996262, 34.273820087692314 ] } },
{ "type": "Feature", "properties": { "内容": "短期入所生活介護事業所まごころ半明原【短期入所生活介護】広島県廿日市市原字半明原481番1", "url": "https://www.kaigokensaku.mhlw.go.jp/34/index.php?action_kouhyou_detail_004_kani=true&JigyosyoCd=3472701337-00&ServiceCd=210&Type=search", "url2": "http://hanmyoubara.jp/" }, "geometry": { "type": "Point", "coordinates": [ 132.305828146557587, 34.371218950025941 ] } },
{ "type": "Feature", "properties": { "内容": "特別養護老人ホーム高美園【短期入所生活介護】広島県安芸高田市高宮町原田10380番地１", "url": "https://www.kaigokensaku.mhlw.go.jp/34/index.php?action_kouhyou_detail_004_kani=true&JigyosyoCd=3473600231-00&ServiceCd=210&Type=search", "url2": "http//takamien.jp" }, "geometry": { "type": "Point", "coordinates": [ 132.682942300000036, 34.7230914 ] } },
{ "type": "Feature", "properties": { "内容": "地域密着型ユニット型特別養護老人ホーム　甲田【短期入所生活介護】広島県安芸高田市甲田町下小原3363番地", "url": "https://www.kaigokensaku.mhlw.go.jp/34/index.php?action_kouhyou_detail_004_kani=true&JigyosyoCd=3473600827-00&ServiceCd=210&Type=search", "url2": "http://www.misasakai.or.jp/shisetsu/koda.php" }, "geometry": { "type": "Point", "coordinates": [ 132.7428152, 34.6644438 ] } },
{ "type": "Feature", "properties": { "内容": "指定短期入所生活介護事業所かがやき【短期入所生活介護】広島県安芸高田市向原町坂10287番地1", "url": "https://www.kaigokensaku.mhlw.go.jp/34/index.php?action_kouhyou_detail_004_kani=true&JigyosyoCd=3473600884-00&ServiceCd=210&Type=search", "url2": "http://www.aki-chitose.com" }, "geometry": { "type": "Point", "coordinates": [ 132.7564668, 34.6080322 ] } },
{ "type": "Feature", "properties": { "内容": "特別養護老人ホーム　百楽荘【短期入所生活介護】広島県安芸高田市吉田町吉田1948番地1", "url": "https://www.kaigokensaku.mhlw.go.jp/34/index.php?action_kouhyou_detail_004_kani=true&JigyosyoCd=3473600892-00&ServiceCd=210&Type=search", "url2": "http://www.seifu-kai.org/" }, "geometry": { "type": "Point", "coordinates": [ 132.710475699999989, 34.667514 ] } },
{ "type": "Feature", "properties": { "内容": "短期入所生活介護　甲田【短期入所生活介護】安芸高田市甲田町下小原3363番地", "url": "https://www.kaigokensaku.mhlw.go.jp/34/index.php?action_kouhyou_detail_004_kani=true&JigyosyoCd=3473600306-00&ServiceCd=210&Type=search", "url2": "http://www.misasakai.or.jp/shisetsu/koda.php" }, "geometry": { "type": "Point", "coordinates": [ 132.742676800000027, 34.664489 ] } },
{ "type": "Feature", "properties": { "内容": "特別養護老人ホーム　甲田【短期入所生活介護】広島県安芸高田市甲田町下小原3363番地", "url": "https://www.kaigokensaku.mhlw.go.jp/34/index.php?action_kouhyou_detail_004_kani=true&JigyosyoCd=3473600330-00&ServiceCd=210&Type=search", "url2": "http://www.misasakai.or.jp/shisetsu/koda.php" }, "geometry": { "type": "Point", "coordinates": [ 132.7428152, 34.6644438 ] } },
{ "type": "Feature", "properties": { "内容": "清風会さくらショートステイ【短期入所生活介護】広島県安芸高田市吉田町竹原1891番地1", "url": "https://www.kaigokensaku.mhlw.go.jp/34/index.php?action_kouhyou_detail_004_kani=true&JigyosyoCd=3473600728-00&ServiceCd=210&Type=search", "url2": "http:/www.seifu-kai.org/" }, "geometry": { "type": "Point", "coordinates": [ 132.685265100000038, 34.6528614 ] } },
{ "type": "Feature", "properties": { "内容": "レークサイド土師短期入所生活介護事業所【短期入所生活介護】安芸高田市八千代町土師12251-1", "url": "https://www.kaigokensaku.mhlw.go.jp/34/index.php?action_kouhyou_detail_004_kani=true&JigyosyoCd=3473600157-00&ServiceCd=210&Type=search", "url2": "http://www.lakehaji.jp/" }, "geometry": { "type": "Point", "coordinates": [ 132.606203199999982, 34.6484308 ] } },
{ "type": "Feature", "properties": { "内容": "高美園短期入所生活介護事業所【短期入所生活介護】安芸高田市高宮町原田10380番地1", "url": "https://www.kaigokensaku.mhlw.go.jp/34/index.php?action_kouhyou_detail_004_kani=true&JigyosyoCd=3473600249-00&ServiceCd=210&Type=search", "url2": "http://takamien.jp" }, "geometry": { "type": "Point", "coordinates": [ 132.683337100000017, 34.7232664 ] } },
{ "type": "Feature", "properties": { "内容": "特別養護老人ホームレークサイド土師【短期入所生活介護】安芸高田市八千代町土師12251-1", "url": "https://www.kaigokensaku.mhlw.go.jp/34/index.php?action_kouhyou_detail_004_kani=true&JigyosyoCd=3473600322-00&ServiceCd=210&Type=search", "url2": "http://www.lakehaji.jp/" }, "geometry": { "type": "Point", "coordinates": [ 132.627126200000021, 34.639488 ] } },
{ "type": "Feature", "properties": { "内容": "特別養護老人ホーム江能【短期入所生活介護】江田島市大柿町飛渡瀬4027番地2", "url": "https://www.kaigokensaku.mhlw.go.jp/34/index.php?action_kouhyou_detail_004_kani=true&JigyosyoCd=3473300352-00&ServiceCd=210&Type=search", "url2": "http://enou01.com/" }, "geometry": { "type": "Point", "coordinates": [ 132.466713756344546, 34.215122048645043 ] } },
{ "type": "Feature", "properties": { "内容": "ショートステイ江能【短期入所生活介護】江田島市大柿町飛渡瀬4027番地2", "url": "https://www.kaigokensaku.mhlw.go.jp/34/index.php?action_kouhyou_detail_004_kani=true&JigyosyoCd=3473300345-00&ServiceCd=210&Type=search", "url2": "http://enou01.com/" }, "geometry": { "type": "Point", "coordinates": [ 132.466697663090486, 34.21511761263487 ] } },
{ "type": "Feature", "properties": { "内容": "誠心園短期入所生活介護事業所【短期入所生活介護】江田島市江田島町宮の原三丁目２０番１号", "url": "https://www.kaigokensaku.mhlw.go.jp/34/index.php?action_kouhyou_detail_004_kani=true&JigyosyoCd=3473100463-00&ServiceCd=210&Type=search", "url2": "http://www.seishinen.jp/" }, "geometry": { "type": "Point", "coordinates": [ 132.4513753, 34.2622561 ] } },
{ "type": "Feature", "properties": { "内容": "生活ショートステイまほろばの里沖美【短期入所生活介護】広島県江田島市沖美町岡大王字王の田２３３２－２", "url": "https://www.kaigokensaku.mhlw.go.jp/34/index.php?action_kouhyou_detail_004_kani=true&JigyosyoCd=3473300394-00&ServiceCd=210&Type=search", "url2": "https://mahorobanosato-okimi.studio.site/introduction" }, "geometry": { "type": "Point", "coordinates": [ 132.424284599999964, 34.1856644 ] } },
{ "type": "Feature", "properties": { "内容": "単独型ショートステイまほろばの里沖美【短期入所生活介護】広島県江田島市沖美町岡大王字王の田2332-2", "url": "https://www.kaigokensaku.mhlw.go.jp/34/index.php?action_kouhyou_detail_004_kani=true&JigyosyoCd=3475000182-00&ServiceCd=210&Type=search", "url2": "https://mahorobanosato-okimi.studio.site/introduction" }, "geometry": { "type": "Point", "coordinates": [ 132.424251695059183, 34.185669012182451 ] } },
{ "type": "Feature", "properties": { "内容": "地域密着型特別養護老人ホームまほろばの里　ユニット型【短期入所生活介護】広島県江田島市沖美町岡大王字王の田２３３２－２", "url": "https://www.kaigokensaku.mhlw.go.jp/34/index.php?action_kouhyou_detail_004_kani=true&JigyosyoCd=3475000232-00&ServiceCd=210&Type=search", "url2": "http://mahorobanosato-okimi.studio.site/introduction" }, "geometry": { "type": "Point", "coordinates": [ 132.424285, 34.185667 ] } },
{ "type": "Feature", "properties": { "内容": "ショートステイ　椿の里【短期入所生活介護】江田島市江田島町切串4-17-14", "url": "https://www.kaigokensaku.mhlw.go.jp/34/index.php?action_kouhyou_detail_004_kani=true&JigyosyoCd=3475000174-00&ServiceCd=210&Type=search", "url2": "http://www.tsubakinosato.com/" }, "geometry": { "type": "Point", "coordinates": [ 132.465951799999971, 34.286106 ] } },
{ "type": "Feature", "properties": { "内容": "特別養護老人ホームチェリーゴード【短期入所生活介護】広島県安芸郡府中町柳ヶ丘20-2", "url": "https://www.kaigokensaku.mhlw.go.jp/34/index.php?action_kouhyou_detail_004_kani=true&JigyosyoCd=3473200206-00&ServiceCd=210&Type=search", "url2": "http://www.fig-g.jp" }, "geometry": { "type": "Point", "coordinates": [ 132.514137500000061, 34.3829434 ] } },
{ "type": "Feature", "properties": { "内容": "短期入所生活介護チェリーゴード【短期入所生活介護】広島県安芸郡府中町柳ヶ丘20-2", "url": "https://www.kaigokensaku.mhlw.go.jp/34/index.php?action_kouhyou_detail_004_kani=true&JigyosyoCd=3473200214-00&ServiceCd=210&Type=search", "url2": "http://www.fig-g.jp" }, "geometry": { "type": "Point", "coordinates": [ 132.514137500000061, 34.3829434 ] } },
{ "type": "Feature", "properties": { "内容": "地域密着型特別養護老人ホームチェリーゴード【短期入所生活介護】広島県安芸郡府中町柳ヶ丘２０－２", "url": "https://www.kaigokensaku.mhlw.go.jp/34/index.php?action_kouhyou_detail_004_kani=true&JigyosyoCd=3473200743-00&ServiceCd=210&Type=search", "url2": "http://www.fig-g.jp" }, "geometry": { "type": "Point", "coordinates": [ 132.514137500000061, 34.3829434 ] } },
{ "type": "Feature", "properties": { "内容": "短期入所生活介護（ユニット型）チェリーゴード東館【短期入所生活介護】広島県安芸郡府中町柳ヶ丘２０－２", "url": "https://www.kaigokensaku.mhlw.go.jp/34/index.php?action_kouhyou_detail_004_kani=true&JigyosyoCd=3473200750-00&ServiceCd=210&Type=search", "url2": "http://www.fig-g.jp" }, "geometry": { "type": "Point", "coordinates": [ 132.514137500000061, 34.3829434 ] } },
{ "type": "Feature", "properties": { "内容": "短期入所生活介護チェリーゴード別館【短期入所生活介護】広島県安芸郡府中町柳ヶ丘40-12", "url": "https://www.kaigokensaku.mhlw.go.jp/34/index.php?action_kouhyou_detail_004_kani=true&JigyosyoCd=3473201246-00&ServiceCd=210&Type=search", "url2": "http://www.fig-g.jp" }, "geometry": { "type": "Point", "coordinates": [ 132.5133337, 34.3823373 ] } },
{ "type": "Feature", "properties": { "内容": "ショートステイ府中みどり園【短期入所生活介護】広島県安芸郡府中町浜田1丁目6番7号", "url": "https://www.kaigokensaku.mhlw.go.jp/34/index.php?action_kouhyou_detail_004_kani=true&JigyosyoCd=3473200719-00&ServiceCd=210&Type=search", "url2": "https://midori-kai.or.jp/midorien/" }, "geometry": { "type": "Point", "coordinates": [ 132.506665800000064, 34.3872593 ] } },
{ "type": "Feature", "properties": { "内容": "ショートステイ府中福寿苑【短期入所生活介護】広島県安芸郡府中町茂陰2丁目6番2号", "url": "https://www.kaigokensaku.mhlw.go.jp/34/index.php?action_kouhyou_detail_004_kani=true&JigyosyoCd=3473201048-00&ServiceCd=210&Type=search", "url2": "https://www.fuchu-fukuzyuen.com/" }, "geometry": { "type": "Point", "coordinates": [ 132.501296700000012, 34.3897366 ] } },
{ "type": "Feature", "properties": { "内容": "短期入所生活介護事業所エバーグリーン【短期入所生活介護】広島県安芸郡海田町東二丁目８番６号", "url": "https://www.kaigokensaku.mhlw.go.jp/34/index.php?action_kouhyou_detail_004_kani=true&JigyosyoCd=3473200248-00&ServiceCd=210&Type=search", "url2": null }, "geometry": { "type": "Point", "coordinates": [ 132.5599115, 34.3653875 ] } },
{ "type": "Feature", "properties": { "内容": "特別養護老人ホームエバーグリーンホーム　短期入所生活介護【短期入所生活介護】広島県安芸郡海田町東２丁目８番６号", "url": "https://www.kaigokensaku.mhlw.go.jp/34/index.php?action_kouhyou_detail_004_kani=true&JigyosyoCd=3473200263-00&ServiceCd=210&Type=search", "url2": "https://hiroshimafukushi.ac.jp/guide/main-stream/" }, "geometry": { "type": "Point", "coordinates": [ 132.5360861, 34.3721705 ] } },
{ "type": "Feature", "properties": { "内容": "短期入所生活介護花みずき【短期入所生活介護】広島県安芸郡海田町大立町6番4号", "url": "https://www.kaigokensaku.mhlw.go.jp/34/index.php?action_kouhyou_detail_004_kani=true&JigyosyoCd=3473201113-00&ServiceCd=210&Type=search", "url2": "https://souhan.or.jp/" }, "geometry": { "type": "Point", "coordinates": [ 132.543952165726864, 34.36630370501021 ] } },
{ "type": "Feature", "properties": { "内容": "特別養護老人ホーム花みずき【短期入所生活介護】広島県安芸郡海田町大立町6番4号", "url": "https://www.kaigokensaku.mhlw.go.jp/34/index.php?action_kouhyou_detail_004_kani=true&JigyosyoCd=3473201196-00&ServiceCd=210&Type=search", "url2": "https://souhan.or.jp/" }, "geometry": { "type": "Point", "coordinates": [ 132.543997909787009, 34.366249770355566 ] } },
{ "type": "Feature", "properties": { "内容": "特別養護老人ホーム誠和園【短期入所生活介護】広島県安芸郡熊野町城之堀二丁目28番1号", "url": "https://www.kaigokensaku.mhlw.go.jp/34/index.php?action_kouhyou_detail_004_kani=true&JigyosyoCd=3473100257-00&ServiceCd=210&Type=search", "url2": "http://seijokai.info" }, "geometry": { "type": "Point", "coordinates": [ 132.580880500000035, 34.3461788 ] } },
{ "type": "Feature", "properties": { "内容": "誠和園短期入所生活介護事業所【短期入所生活介護】広島県安芸郡熊野町城之堀二丁目28番1号", "url": "https://www.kaigokensaku.mhlw.go.jp/34/index.php?action_kouhyou_detail_004_kani=true&JigyosyoCd=3473100265-00&ServiceCd=210&Type=search", "url2": "https://www.seijokaikumano.com/" }, "geometry": { "type": "Point", "coordinates": [ 132.58111134664, 34.345990391098255 ] } },
{ "type": "Feature", "properties": { "内容": "筆の都ショートステイ【短期入所生活介護】広島県安芸郡熊野町川角1丁目4番21号平屋建て・個室２１室", "url": "https://www.kaigokensaku.mhlw.go.jp/34/index.php?action_kouhyou_detail_004_kani=true&JigyosyoCd=3473100919-00&ServiceCd=210&Type=search", "url2": "http://www.fudenomiyako.jp/" }, "geometry": { "type": "Point", "coordinates": [ 132.570675667424439, 34.332233912974992 ] } },
{ "type": "Feature", "properties": { "内容": "「たかね荘」ショートステイサービス【短期入所生活介護】広島県安芸郡坂町北新地二丁目3番10号", "url": "https://www.kaigokensaku.mhlw.go.jp/34/index.php?action_kouhyou_detail_004_kani=true&JigyosyoCd=3473100307-00&ServiceCd=210&Type=search", "url2": "http://www.saiseikai.com/welfare/takane-sou/" }, "geometry": { "type": "Point", "coordinates": [ 132.519539457810993, 34.350386073212803 ] } },
{ "type": "Feature", "properties": { "内容": "特別養護老人ホームたかね荘【短期入所生活介護】広島県安芸郡坂町北新地二丁目3番10号", "url": "https://www.kaigokensaku.mhlw.go.jp/34/index.php?action_kouhyou_detail_004_kani=true&JigyosyoCd=3473100497-00&ServiceCd=210&Type=search", "url2": "http://www.saiseikai.com/welfare" }, "geometry": { "type": "Point", "coordinates": [ 132.519512635720844, 34.350377215459474 ] } },
{ "type": "Feature", "properties": { "内容": "たかね荘こやうらショートステイサービス【短期入所生活介護】広島県安芸郡坂町小屋浦一丁目8番30号", "url": "https://www.kaigokensaku.mhlw.go.jp/34/index.php?action_kouhyou_detail_004_kani=true&JigyosyoCd=3473101008-00&ServiceCd=210&Type=search", "url2": null }, "geometry": { "type": "Point", "coordinates": [ 132.507326599999942, 34.2990162 ] } },
{ "type": "Feature", "properties": { "内容": "特別養護老人ホームたかね荘こやうら【短期入所生活介護】広島県安芸郡坂町小屋浦一丁目8番30号", "url": "https://www.kaigokensaku.mhlw.go.jp/34/index.php?action_kouhyou_detail_004_kani=true&JigyosyoCd=3473101016-00&ServiceCd=210&Type=search", "url2": null }, "geometry": { "type": "Point", "coordinates": [ 132.507326599999942, 34.2990162 ] } },
{ "type": "Feature", "properties": { "内容": "特別養護老人ホーム寿光園【短期入所生活介護】山県郡安芸太田町大字下筒賀821番地", "url": "https://www.kaigokensaku.mhlw.go.jp/34/index.php?action_kouhyou_detail_004_kani=true&JigyosyoCd=3473500530-00&ServiceCd=210&Type=search", "url2": "http://geihoku-fukushikai.com/" }, "geometry": { "type": "Point", "coordinates": [ 132.292846899999972, 34.5867505 ] } },
{ "type": "Feature", "properties": { "内容": "ユニット型特別養護老人ホーム寿光園【短期入所生活介護】山県郡安芸太田町大字下筒賀821番地", "url": "https://www.kaigokensaku.mhlw.go.jp/34/index.php?action_kouhyou_detail_004_kani=true&JigyosyoCd=3473500829-00&ServiceCd=210&Type=search", "url2": "http://geihoku-fukushikai.com/" }, "geometry": { "type": "Point", "coordinates": [ 132.292846899999972, 34.5867505 ] } },
{ "type": "Feature", "properties": { "内容": "ユニット型寿光園短期入所生活介護支援事業所【短期入所生活介護】広島県山県郡安芸太田町大字下筒賀821番地", "url": "https://www.kaigokensaku.mhlw.go.jp/34/index.php?action_kouhyou_detail_004_kani=true&JigyosyoCd=3473500837-00&ServiceCd=210&Type=search", "url2": "http://geihoku-fukushikai.com/" }, "geometry": { "type": "Point", "coordinates": [ 132.293146900000011, 34.5867783 ] } },
{ "type": "Feature", "properties": { "内容": "戸河内松信園短期入所生活介護事業所【短期入所生活介護】広島県山県郡安芸太田町大字土居625番地", "url": "https://www.kaigokensaku.mhlw.go.jp/34/index.php?action_kouhyou_detail_004_kani=true&JigyosyoCd=3473500522-00&ServiceCd=210&Type=search", "url2": "http://www.syoshinen.com" }, "geometry": { "type": "Point", "coordinates": [ 132.242998199999988, 34.5740535 ] } },
{ "type": "Feature", "properties": { "内容": "特別養護老人ホームやまゆり【短期入所生活介護】広島県山県郡北広島町移原635番地", "url": "https://www.kaigokensaku.mhlw.go.jp/34/index.php?action_kouhyou_detail_004_kani=true&JigyosyoCd=3473500464-00&ServiceCd=210&Type=search", "url2": "http://geihoku-fukushikai.com/" }, "geometry": { "type": "Point", "coordinates": [ 132.3519767, 34.7442491 ] } },
{ "type": "Feature", "properties": { "内容": "特別養護老人ホーム　ゆりかご荘【短期入所生活介護】広島県山県郡北広島町阿阪4600番地", "url": "https://www.kaigokensaku.mhlw.go.jp/34/index.php?action_kouhyou_detail_004_kani=true&JigyosyoCd=3473500407-00&ServiceCd=210&Type=search", "url2": "http://www.yurikagosou.or.jp/" }, "geometry": { "type": "Point", "coordinates": [ 132.450786599999986, 34.6260022 ] } },
{ "type": "Feature", "properties": { "内容": "地域密着型特別養護老人ホーム　ユニットゆりかご荘【短期入所生活介護】広島県山県郡北広島町阿坂4600番地", "url": "https://www.kaigokensaku.mhlw.go.jp/34/index.php?action_kouhyou_detail_004_kani=true&JigyosyoCd=3473500811-00&ServiceCd=210&Type=search", "url2": "http://www.yurikagosou.or.jp/" }, "geometry": { "type": "Point", "coordinates": [ 132.450786599999986, 34.6260022 ] } },
{ "type": "Feature", "properties": { "内容": "やまゆり短期入所生活介護事業所【短期入所生活介護】広島県山県郡北広島町移原635番地", "url": "https://www.kaigokensaku.mhlw.go.jp/34/index.php?action_kouhyou_detail_004_kani=true&JigyosyoCd=3473500456-00&ServiceCd=210&Type=search", "url2": "http://geihoku-fukushikai.com/" }, "geometry": { "type": "Point", "coordinates": [ 132.351798444644146, 34.74426706132143 ] } },
{ "type": "Feature", "properties": { "内容": "ゆりかご荘ショートステイ【短期入所生活介護】広島県山県郡北広島町阿坂４６００番地", "url": "https://www.kaigokensaku.mhlw.go.jp/34/index.php?action_kouhyou_detail_004_kani=true&JigyosyoCd=3473500399-00&ServiceCd=210&Type=search", "url2": "http://www.yurikagosou.or.jp/" }, "geometry": { "type": "Point", "coordinates": [ 132.450786599999986, 34.6260022 ] } },
{ "type": "Feature", "properties": { "内容": "やすらぎ短期入所生活介護事業所【短期入所生活介護】広島県山県郡北広島町大朝13435番地1", "url": "https://www.kaigokensaku.mhlw.go.jp/34/index.php?action_kouhyou_detail_004_kani=true&JigyosyoCd=3473500480-00&ServiceCd=210&Type=search", "url2": "http://www.yurikagosou.or.jp/yasuragi.html" }, "geometry": { "type": "Point", "coordinates": [ 132.471825828836018, 34.766336641563363 ] } },
{ "type": "Feature", "properties": { "内容": "「正寿園」短期入所生活介護事業所【短期入所生活介護】広島県山県郡北広島町壬生901番地", "url": "https://www.kaigokensaku.mhlw.go.jp/34/index.php?action_kouhyou_detail_004_kani=true&JigyosyoCd=3473500423-00&ServiceCd=210&Type=search", "url2": "http://m-meiwakai.jp" }, "geometry": { "type": "Point", "coordinates": [ 132.554070599999932, 34.6804099 ] } },
{ "type": "Feature", "properties": { "内容": "特別養護老人ホーム「正寿園」【短期入所生活介護】広島県山県郡北広島町壬生901番地", "url": "https://www.kaigokensaku.mhlw.go.jp/34/index.php?action_kouhyou_detail_004_kani=true&JigyosyoCd=3473500431-00&ServiceCd=210&Type=search", "url2": "http://m-meiwakai.jp" }, "geometry": { "type": "Point", "coordinates": [ 132.553598531213311, 34.68040107726312 ] } },
{ "type": "Feature", "properties": { "内容": "特別養護老人ホーム大崎荘【短期入所生活介護】広島県豊田郡大崎上島町沖浦1539地1", "url": "https://www.kaigokensaku.mhlw.go.jp/34/index.php?action_kouhyou_detail_004_kani=true&JigyosyoCd=3473900292-00&ServiceCd=210&Type=search", "url2": "http://www.osakifukushikai.jp/" }, "geometry": { "type": "Point", "coordinates": [ 132.9048752, 34.2151146 ] } },
{ "type": "Feature", "properties": { "内容": "大崎荘短期入所生活介護事業所【短期入所生活介護】広島県豊田郡大崎上島町沖浦１５３９番地１", "url": "https://www.kaigokensaku.mhlw.go.jp/34/index.php?action_kouhyou_detail_004_kani=true&JigyosyoCd=3473900284-00&ServiceCd=210&Type=search", "url2": "https://osakifukushikai.jp/" }, "geometry": { "type": "Point", "coordinates": [ 132.904664, 34.2150425 ] } },
{ "type": "Feature", "properties": { "内容": "大崎美浜荘短期入所生活介護事業所【短期入所生活介護】広島県豊田郡大崎上島町大串３０３２番地１", "url": "https://www.kaigokensaku.mhlw.go.jp/34/index.php?action_kouhyou_detail_004_kani=true&JigyosyoCd=3473900326-00&ServiceCd=210&Type=search", "url2": "http://www.osakifukushikai.jp/" }, "geometry": { "type": "Point", "coordinates": [ 132.8459398, 34.2381382 ] } },
{ "type": "Feature", "properties": { "内容": "特別養護老人ホーム大崎美浜荘【短期入所生活介護】広島県豊田郡大崎上島町大串3032番地1", "url": "https://www.kaigokensaku.mhlw.go.jp/34/index.php?action_kouhyou_detail_004_kani=true&JigyosyoCd=3473900334-00&ServiceCd=210&Type=search", "url2": "http://osakifukushikai.jp" }, "geometry": { "type": "Point", "coordinates": [ 132.846041, 34.2380874 ] } },
{ "type": "Feature", "properties": { "内容": "特別養護老人ホームみゆき【短期入所生活介護】広島県豊田郡大崎上島町東野2701番地", "url": "https://www.kaigokensaku.mhlw.go.jp/34/index.php?action_kouhyou_detail_004_kani=true&JigyosyoCd=3473900672-00&ServiceCd=210&Type=search", "url2": "https://www.higashinokai.jp/social-welfare/" }, "geometry": { "type": "Point", "coordinates": [ 132.9088491, 34.2609821 ] } },
{ "type": "Feature", "properties": { "内容": "特別養護老人ホーム　高竜園【短期入所生活介護】世羅郡世羅町大字西上原426番地11", "url": "https://www.kaigokensaku.mhlw.go.jp/34/index.php?action_kouhyou_detail_004_kani=true&JigyosyoCd=3474200171-00&ServiceCd=210&Type=search", "url2": "http://www.kouryuuen.com/" }, "geometry": { "type": "Point", "coordinates": [ 133.059678699999949, 34.5892557 ] } },
{ "type": "Feature", "properties": { "内容": "高竜園短期入所生活介護事業所【短期入所生活介護】広島県世羅郡世羅町西上原字円光地426番地11", "url": "https://www.kaigokensaku.mhlw.go.jp/34/index.php?action_kouhyou_detail_004_kani=true&JigyosyoCd=3474200163-00&ServiceCd=210&Type=search", "url2": "http://www.kouryuuen.com/" }, "geometry": { "type": "Point", "coordinates": [ 133.059678699999949, 34.5892557 ] } },
{ "type": "Feature", "properties": { "内容": "せせらぎ園ショートステイ【短期入所生活介護】広島県世羅郡世羅町大字小国１０８８９番地23", "url": "https://www.kaigokensaku.mhlw.go.jp/34/index.php?action_kouhyou_detail_004_kani=true&JigyosyoCd=3474200189-00&ServiceCd=210&Type=search", "url2": "http://www.kurumikai.com/" }, "geometry": { "type": "Point", "coordinates": [ 133.056651200000033, 34.5868282 ] } },
{ "type": "Feature", "properties": { "内容": "特別養護老人ホームせせらぎ園【短期入所生活介護】世羅郡世羅町大字小国１０８８９番地２３", "url": "https://www.kaigokensaku.mhlw.go.jp/34/index.php?action_kouhyou_detail_004_kani=true&JigyosyoCd=3474200239-00&ServiceCd=210&Type=search", "url2": "http://www.kurumikai.com/" }, "geometry": { "type": "Point", "coordinates": [ 132.943836818281426, 34.606549268068783 ] } },
{ "type": "Feature", "properties": { "内容": "特別養護老人ホーム神寿苑【短期入所生活介護】広島県神石郡神石高原町福永1466番地", "url": "https://www.kaigokensaku.mhlw.go.jp/34/index.php?action_kouhyou_detail_004_kani=true&JigyosyoCd=3474600123-00&ServiceCd=210&Type=search", "url2": "http://jinseki-shinjyuen.jp" }, "geometry": { "type": "Point", "coordinates": [ 133.173141502215486, 34.8009373503332 ] } },
{ "type": "Feature", "properties": { "内容": "特別養護老人ホーム四季の家【短期入所生活介護】広島県神石郡神石高原町油木甲5071番地1", "url": "https://www.kaigokensaku.mhlw.go.jp/34/index.php?action_kouhyou_detail_004_kani=true&JigyosyoCd=3474600248-00&ServiceCd=210&Type=search", "url2": "https://www.alice.or.jp" }, "geometry": { "type": "Point", "coordinates": [ 133.281157900000011, 34.7943485 ] } },
{ "type": "Feature", "properties": { "内容": "シルトピア油木ショートステイ事業所【短期入所生活介護】広島県神石郡神石高原町油木甲５０７１番地１", "url": "https://www.kaigokensaku.mhlw.go.jp/34/index.php?action_kouhyou_detail_004_kani=true&JigyosyoCd=3474600164-00&ServiceCd=210&Type=search", "url2": "http://www.alice.or.jp" }, "geometry": { "type": "Point", "coordinates": [ 133.2680378, 34.788234 ] } },
{ "type": "Feature", "properties": { "内容": "特別養護老人ホーム　シルトピア油木【短期入所生活介護】広島県神石郡神石高原町油木甲5071番地1", "url": "https://www.kaigokensaku.mhlw.go.jp/34/index.php?action_kouhyou_detail_004_kani=true&JigyosyoCd=3474600172-00&ServiceCd=210&Type=search", "url2": "https://www.alice.or.jp/" }, "geometry": { "type": "Point", "coordinates": [ 133.267316700000038, 34.7889811 ] } },
{ "type": "Feature", "properties": { "内容": "神寿苑短期入所生活介護事業所【短期入所生活介護】広島県神石郡神石高原町福永1466番地", "url": "https://www.kaigokensaku.mhlw.go.jp/34/index.php?action_kouhyou_detail_004_kani=true&JigyosyoCd=3474600115-00&ServiceCd=210&Type=search", "url2": "http://jinseki-shinjyuen.jp" }, "geometry": { "type": "Point", "coordinates": [ 133.173151641044143, 34.800823967273288 ] } }
]
}
