{
"type": "FeatureCollection",
"name": "geo_0_町丁目境界04",
"crs": { "type": "name", "properties": { "name": "urn:ogc:def:crs:EPSG::4612" } },
"features": [
{ "type": "Feature", "properties": { "CITY_NAME": "竹原市", "S_NAME": "中央一丁目", "JINKO": 157, "medical_area": "34_広島中央医療圏", "町丁目名": "竹原市中央一丁目" }, "geometry": { "type": "Polygon", "coordinates": [ [ [ 132.913869502958391, 34.33989342138247 ], [ 132.909617434825151, 34.339209562071119 ], [ 132.909117876627533, 34.339769132692865 ], [ 132.909878032160918, 34.339836354730124 ], [ 132.910557182275483, 34.340995583136703 ], [ 132.912710860713787, 34.342184681072517 ], [ 132.913869502958391, 34.33989342138247 ] ] ] } },
{ "type": "Feature", "properties": { "CITY_NAME": "竹原市", "S_NAME": "中央二丁目", "JINKO": 358, "medical_area": "34_広島中央医療圏", "町丁目名": "竹原市中央二丁目" }, "geometry": { "type": "Polygon", "coordinates": [ [ [ 132.909878032160918, 34.339836354730124 ], [ 132.909117876627533, 34.339769132692865 ], [ 132.907972351184128, 34.341588950345056 ], [ 132.911563299008293, 34.343846084250018 ], [ 132.912710860713787, 34.342184681072517 ], [ 132.910557182275483, 34.340995583136703 ], [ 132.909878032160918, 34.339836354730124 ] ] ] } },
{ "type": "Feature", "properties": { "CITY_NAME": "竹原市", "S_NAME": "中央三丁目", "JINKO": 245, "medical_area": "34_広島中央医療圏", "町丁目名": "竹原市中央三丁目" }, "geometry": { "type": "Polygon", "coordinates": [ [ [ 132.911563299008293, 34.343846084250018 ], [ 132.907972351184128, 34.341588950345056 ], [ 132.90665996069643, 34.343286798536532 ], [ 132.908211726115411, 34.344101287307794 ], [ 132.909269761712352, 34.344300379904858 ], [ 132.910670897816658, 34.34497615105554 ], [ 132.911563299008293, 34.343846084250018 ] ] ] } },
{ "type": "Feature", "properties": { "CITY_NAME": "竹原市", "S_NAME": "中央四丁目", "JINKO": 318, "medical_area": "34_広島中央医療圏", "町丁目名": "竹原市中央四丁目" }, "geometry": { "type": "Polygon", "coordinates": [ [ [ 132.909617434825151, 34.339209562071119 ], [ 132.900217772785282, 34.337785563544436 ], [ 132.900196861331978, 34.338064733775525 ], [ 132.900957776782036, 34.339299040078139 ], [ 132.904700771010965, 34.340078290827883 ], [ 132.907972351184128, 34.341588950345056 ], [ 132.909140688006289, 34.339718002895509 ], [ 132.909617434825151, 34.339209562071119 ] ] ] } },
{ "type": "Feature", "properties": { "CITY_NAME": "竹原市", "S_NAME": "中央五丁目", "JINKO": 166, "medical_area": "34_広島中央医療圏", "町丁目名": "竹原市中央五丁目" }, "geometry": { "type": "Polygon", "coordinates": [ [ [ 132.904700771010965, 34.340078290827883 ], [ 132.900957776782036, 34.339299040078139 ], [ 132.901001495120369, 34.339492602043691 ], [ 132.901582382168698, 34.339644060038218 ], [ 132.902293069086625, 34.34020970946127 ], [ 132.903322245022309, 34.340581584732988 ], [ 132.90487125080557, 34.342144246682153 ], [ 132.90665996069643, 34.343286798536532 ], [ 132.907972351184128, 34.341588950345056 ], [ 132.904700771010965, 34.340078290827883 ] ] ] } },
{ "type": "Feature", "properties": { "CITY_NAME": "竹原市", "S_NAME": "塩町一丁目", "JINKO": 9, "medical_area": "34_広島中央医療圏", "町丁目名": "竹原市塩町一丁目" }, "geometry": { "type": "Polygon", "coordinates": [ [ [ 132.914035831050683, 34.338872160165501 ], [ 132.914230667457531, 34.337448429101528 ], [ 132.914082298995254, 34.337013940273614 ], [ 132.91386854479876, 34.336931435980219 ], [ 132.914009457987873, 34.336279663438781 ], [ 132.913839125459106, 34.336917107870768 ], [ 132.912899436067192, 34.336468576511784 ], [ 132.913283245936469, 34.332700636633163 ], [ 132.914327211659696, 34.331925311553036 ], [ 132.914483096665805, 34.331125547041324 ], [ 132.914655246586108, 34.331180415858093 ], [ 132.913337185196013, 34.330085954804375 ], [ 132.912860193223111, 34.330022940006437 ], [ 132.911640051977628, 34.330421959587454 ], [ 132.91103909668638, 34.330903552851368 ], [ 132.909761364375072, 34.332693622199528 ], [ 132.908574865230037, 34.334871056161475 ], [ 132.906661663136163, 34.337004140338358 ], [ 132.906106739251783, 34.3387204974551 ], [ 132.91395964466264, 34.339909491354298 ], [ 132.914026352477407, 34.339763012653982 ], [ 132.913851946601454, 34.339704495510183 ], [ 132.914151725617444, 34.33907259828252 ], [ 132.914035831050683, 34.338872160165501 ] ] ] } },
{ "type": "Feature", "properties": { "CITY_NAME": "竹原市", "S_NAME": "塩町二丁目", "JINKO": 499, "medical_area": "34_広島中央医療圏", "町丁目名": "竹原市塩町二丁目" }, "geometry": { "type": "Polygon", "coordinates": [ [ [ 132.904349814763322, 34.335636258356921 ], [ 132.903326529039845, 34.335600587543645 ], [ 132.903278545596123, 34.33508574949947 ], [ 132.901931103874716, 34.335174565973986 ], [ 132.90255096088427, 34.33816891866622 ], [ 132.906106739251783, 34.3387204974551 ], [ 132.90672941487793, 34.336897943901853 ], [ 132.904349814763322, 34.335636258356921 ] ] ] } },
{ "type": "Feature", "properties": { "CITY_NAME": "竹原市", "S_NAME": "塩町三丁目", "JINKO": 437, "medical_area": "34_広島中央医療圏", "町丁目名": "竹原市塩町三丁目" }, "geometry": { "type": "Polygon", "coordinates": [ [ [ 132.907970775621095, 34.335522675054847 ], [ 132.905122215872012, 34.333459529201207 ], [ 132.903670412625189, 34.334501212293397 ], [ 132.903263846797131, 34.33496821876706 ], [ 132.903326529039845, 34.335600587543645 ], [ 132.904386848664558, 34.335647867375464 ], [ 132.90672941487793, 34.336897943901853 ], [ 132.907970775621095, 34.335522675054847 ] ] ] } },
{ "type": "Feature", "properties": { "CITY_NAME": "竹原市", "S_NAME": "塩町四丁目", "JINKO": 340, "medical_area": "34_広島中央医療圏", "町丁目名": "竹原市塩町四丁目" }, "geometry": { "type": "Polygon", "coordinates": [ [ [ 132.910311226588561, 34.332048381130257 ], [ 132.909504690412064, 34.331701269510617 ], [ 132.908831699454367, 34.331786487787937 ], [ 132.908510517933024, 34.331525166191874 ], [ 132.907982103465372, 34.332062369856018 ], [ 132.906234013148492, 34.332673997449746 ], [ 132.905122215872012, 34.333459529201207 ], [ 132.907970775621095, 34.335522675054847 ], [ 132.908574865230037, 34.334871056161475 ], [ 132.909761364375072, 34.332693622199528 ], [ 132.910311226588561, 34.332048381130257 ] ] ] } },
{ "type": "Feature", "properties": { "CITY_NAME": "竹原市", "S_NAME": "港町一丁目", "JINKO": 320, "medical_area": "34_広島中央医療圏", "町丁目名": "竹原市港町一丁目" }, "geometry": { "type": "Polygon", "coordinates": [ [ [ 132.916991486589836, 34.339800896955609 ], [ 132.916520713862866, 34.339432765762844 ], [ 132.916534471329669, 34.339623262944066 ], [ 132.916354167754548, 34.339741423968661 ], [ 132.91554940453662, 34.339156442293103 ], [ 132.91577850795386, 34.338912477789606 ], [ 132.91582065458374, 34.339116183310395 ], [ 132.916846944810828, 34.339407379741452 ], [ 132.917072627377479, 34.338961302147474 ], [ 132.916322347246677, 34.338202029742128 ], [ 132.916513801661182, 34.337754613659961 ], [ 132.916338314702926, 34.337698360749322 ], [ 132.916656690046239, 34.337516389375217 ], [ 132.916731209022771, 34.337285346410091 ], [ 132.916901002845776, 34.337341069779484 ], [ 132.917035632850968, 34.337975376675544 ], [ 132.917363502426895, 34.338133800560101 ], [ 132.917894884399573, 34.338073769242804 ], [ 132.917690043916338, 34.337697244491771 ], [ 132.917262388825122, 34.337079670302018 ], [ 132.916254751527674, 34.336316343009671 ], [ 132.914588889633137, 34.336057928653126 ], [ 132.914666517958779, 34.338302186516998 ], [ 132.91395964466264, 34.339909491354298 ], [ 132.916379116601973, 34.340272731218761 ], [ 132.916828151415643, 34.340012625046107 ], [ 132.916991486589836, 34.339800896955609 ] ] ] } },
{ "type": "Feature", "properties": { "CITY_NAME": "竹原市", "S_NAME": "港町二丁目", "JINKO": 262, "medical_area": "34_広島中央医療圏", "町丁目名": "竹原市港町二丁目" }, "geometry": { "type": "Polygon", "coordinates": [ [ [ 132.917815209034217, 34.337271927259046 ], [ 132.918069532149445, 34.337323890157798 ], [ 132.918253243716919, 34.337132178013732 ], [ 132.918040333931941, 34.336489340336293 ], [ 132.918667422714435, 34.336214895481632 ], [ 132.918852009879345, 34.336301373462263 ], [ 132.918947638302342, 34.336712513448049 ], [ 132.91899899918252, 34.336285256199027 ], [ 132.918821976111417, 34.336019420191455 ], [ 132.917854436391451, 34.33574337067806 ], [ 132.917661673520968, 34.335425792538544 ], [ 132.917843451769187, 34.335283958977499 ], [ 132.917618155202717, 34.335277735990331 ], [ 132.91750803092205, 34.334782873038364 ], [ 132.91798797582365, 34.334232831729125 ], [ 132.917613709860291, 34.334343449759153 ], [ 132.916222191535411, 34.333399499008323 ], [ 132.915003835340713, 34.334450723280227 ], [ 132.914588889633137, 34.336057928653126 ], [ 132.916254751527674, 34.336316343009671 ], [ 132.917262388825122, 34.337079670302018 ], [ 132.917690043916338, 34.337697244491771 ], [ 132.917951118691349, 34.337602109450287 ], [ 132.917815209034217, 34.337271927259046 ] ] ] } },
{ "type": "Feature", "properties": { "CITY_NAME": "竹原市", "S_NAME": "港町三丁目", "JINKO": 126, "medical_area": "34_広島中央医療圏", "町丁目名": "竹原市港町三丁目" }, "geometry": { "type": "Polygon", "coordinates": [ [ [ 132.917613709860291, 34.334343449759153 ], [ 132.918384717511771, 34.334214617847124 ], [ 132.919009003746879, 34.333818630605634 ], [ 132.919236719952551, 34.334095565198247 ], [ 132.919800341218576, 34.333912924899288 ], [ 132.919625583802741, 34.333387896021733 ], [ 132.920117790403935, 34.332673956470529 ], [ 132.920064383007087, 34.332265938550577 ], [ 132.920731997692485, 34.33173417399432 ], [ 132.921041025712896, 34.330836415548738 ], [ 132.921315931331719, 34.330743305380146 ], [ 132.922299897375183, 34.331066982835573 ], [ 132.922481366754084, 34.331317432945525 ], [ 132.92248038410554, 34.33171775526565 ], [ 132.92290517091223, 34.331940074781706 ], [ 132.92309578493024, 34.331168827622029 ], [ 132.922787726245616, 34.33114397243191 ], [ 132.92270753422028, 34.330911913570368 ], [ 132.92196036569598, 34.330817788554178 ], [ 132.921258843377132, 34.329529042030821 ], [ 132.920959502007037, 34.330512241593595 ], [ 132.920122417542274, 34.331362823622491 ], [ 132.916222191535411, 34.333399499008323 ], [ 132.917613709860291, 34.334343449759153 ] ] ] } },
{ "type": "Feature", "properties": { "CITY_NAME": "竹原市", "S_NAME": "港町四丁目", "JINKO": 185, "medical_area": "34_広島中央医療圏", "町丁目名": "竹原市港町四丁目" }, "geometry": { "type": "Polygon", "coordinates": [ [ [ 132.914707837680595, 34.33477073536352 ], [ 132.914823144314028, 34.33441943118909 ], [ 132.915121443974868, 34.334472400720351 ], [ 132.915598640505522, 34.333850404039943 ], [ 132.916222191535411, 34.333399499008323 ], [ 132.920329894049502, 34.331200687392368 ], [ 132.921152854489918, 34.330110732531956 ], [ 132.921258843377132, 34.329529042030821 ], [ 132.921094624525324, 34.328986343308827 ], [ 132.921211373865219, 34.328591646078834 ], [ 132.920783176349744, 34.328781341651585 ], [ 132.92004773652485, 34.328222151899297 ], [ 132.920168016390505, 34.328902320705893 ], [ 132.91991348327943, 34.329013613866003 ], [ 132.919479335849786, 34.32887162212166 ], [ 132.91927768669342, 34.328337881617266 ], [ 132.91896589091337, 34.328434594074565 ], [ 132.918893466898879, 34.328736897854462 ], [ 132.9186433705421, 34.329002683348349 ], [ 132.918380554723456, 34.329033031544029 ], [ 132.918055887378529, 34.329532535307223 ], [ 132.917209625066704, 34.329699852433393 ], [ 132.917094543058397, 34.32926657280138 ], [ 132.91654811224106, 34.329460500736452 ], [ 132.916592971762896, 34.329864068626044 ], [ 132.917200830713085, 34.330521253229101 ], [ 132.91742626747822, 34.330572974250103 ], [ 132.919945162077909, 34.329242313708043 ], [ 132.920045942443096, 34.330540684535933 ], [ 132.919486627237404, 34.330699209388492 ], [ 132.917292861779032, 34.332184791112475 ], [ 132.917112065412994, 34.331770367708913 ], [ 132.916837197321286, 34.331897275469174 ], [ 132.917047938117719, 34.332014164490332 ], [ 132.917158846078451, 34.332264916383302 ], [ 132.917002669612657, 34.332299257528675 ], [ 132.916810151759279, 34.331914597927593 ], [ 132.916563423652775, 34.332030599955402 ], [ 132.916939959266784, 34.332334800536238 ], [ 132.916552036953732, 34.332706848098354 ], [ 132.916182052680426, 34.33252599854648 ], [ 132.915106210811331, 34.333133910130101 ], [ 132.914707837680595, 34.33477073536352 ] ] ] } },
{ "type": "Feature", "properties": { "CITY_NAME": "竹原市", "S_NAME": "港町五丁目", "JINKO": 58, "medical_area": "34_広島中央医療圏", "町丁目名": "竹原市港町五丁目" }, "geometry": { "type": "Polygon", "coordinates": [ [ [ 132.92196036569598, 34.330817788554178 ], [ 132.923396801367744, 34.330911447610532 ], [ 132.923427569228835, 34.330755046725315 ], [ 132.923146706549176, 34.330695654248458 ], [ 132.923023456150872, 34.330273282344102 ], [ 132.922729619196332, 34.33030947115541 ], [ 132.922396923850073, 34.33061268326955 ], [ 132.922083206880899, 34.33047742364186 ], [ 132.921749132516624, 34.33011733983453 ], [ 132.921595414072982, 34.330139134496569 ], [ 132.921638224766781, 34.329792079498972 ], [ 132.921442119227919, 34.329442553053994 ], [ 132.921562448686075, 34.329540834285133 ], [ 132.92186917827749, 34.329409354521196 ], [ 132.921869055663251, 34.329140599326585 ], [ 132.922143244159656, 34.32927061016116 ], [ 132.922578542699767, 34.329096216717829 ], [ 132.922324745340745, 34.327692997835257 ], [ 132.922670712478805, 34.327847214956805 ], [ 132.923041714175753, 34.327707577645469 ], [ 132.923682609890079, 34.327947577824631 ], [ 132.92379147431248, 34.327790686855714 ], [ 132.922706195169468, 34.327195087448693 ], [ 132.922723670017632, 34.326834655086849 ], [ 132.923152082644407, 34.326443083609284 ], [ 132.923550756075343, 34.326322430117131 ], [ 132.923552416162295, 34.326053937714711 ], [ 132.922493879481692, 34.325427601054059 ], [ 132.922453708059948, 34.324830173142573 ], [ 132.92235323065421, 34.324767687280769 ], [ 132.922196241292198, 34.32483077630048 ], [ 132.92240291764395, 34.324855701062482 ], [ 132.922393790680701, 34.325540908992878 ], [ 132.921101486366268, 34.325984278386365 ], [ 132.920978618043051, 34.325971512312371 ], [ 132.920878895156136, 34.325519538362492 ], [ 132.920769331300306, 34.325541905050358 ], [ 132.92094478882737, 34.326203438045965 ], [ 132.920685963744006, 34.326488727327884 ], [ 132.92101474676295, 34.326611365212614 ], [ 132.9211535706267, 34.327172970875736 ], [ 132.920601967494036, 34.327848417467521 ], [ 132.921307395410679, 34.328412728399037 ], [ 132.921122548289986, 34.328749248822021 ], [ 132.921143881310854, 34.329281559186349 ], [ 132.921502859324335, 34.330089841505703 ], [ 132.92196036569598, 34.330817788554178 ] ] ] } },
{ "type": "Feature", "properties": { "CITY_NAME": "竹原市", "S_NAME": "本町一丁目", "JINKO": 320, "medical_area": "34_広島中央医療圏", "町丁目名": "竹原市本町一丁目" }, "geometry": { "type": "Polygon", "coordinates": [ [ [ 132.912463496705072, 34.346980914100541 ], [ 132.912309808686018, 34.346570261347786 ], [ 132.912546933445412, 34.346728828937131 ], [ 132.913074873147025, 34.3463230227526 ], [ 132.91341958713258, 34.346253301035475 ], [ 132.913748048303461, 34.346427647001271 ], [ 132.914670585959783, 34.34555725776714 ], [ 132.913937609956491, 34.344533191623391 ], [ 132.913304768928015, 34.344398458983832 ], [ 132.911824987631064, 34.343444022703991 ], [ 132.910977057655856, 34.344714538848862 ], [ 132.910592892523567, 34.345017616304233 ], [ 132.911290937392721, 34.345869506294022 ], [ 132.911801574607807, 34.345580443675004 ], [ 132.91199469763589, 34.345900143251804 ], [ 132.912446282175893, 34.345989224933867 ], [ 132.912452525872908, 34.346338519283748 ], [ 132.912029963476868, 34.346352793042399 ], [ 132.911988275129289, 34.346228808679356 ], [ 132.911683765929723, 34.346370401252045 ], [ 132.911986699801616, 34.346759297286624 ], [ 132.912139219966861, 34.346665679218141 ], [ 132.912300572330111, 34.347012054373614 ], [ 132.912463496705072, 34.346980914100541 ] ] ] } },
{ "type": "Feature", "properties": { "CITY_NAME": "竹原市", "S_NAME": "本町二丁目", "JINKO": 435, "medical_area": "34_広島中央医療圏", "町丁目名": "竹原市本町二丁目" }, "geometry": { "type": "Polygon", "coordinates": [ [ [ 132.916835471492362, 34.353875241926346 ], [ 132.917404864356854, 34.353658617955503 ], [ 132.917491036380369, 34.353314530842283 ], [ 132.917399594321779, 34.353069294838193 ], [ 132.916862382138248, 34.352886102987483 ], [ 132.916866917633541, 34.352395884493085 ], [ 132.916405189194592, 34.352268428358151 ], [ 132.916640607796779, 34.351843557550225 ], [ 132.916723923962707, 34.350979858759665 ], [ 132.916637580809208, 34.350306799884372 ], [ 132.916409904083508, 34.350000140387181 ], [ 132.916527570633008, 34.349379072065275 ], [ 132.914905047023893, 34.346760734130761 ], [ 132.914670585959783, 34.34555725776714 ], [ 132.913665081752725, 34.346426746872474 ], [ 132.913729209708947, 34.346686803445891 ], [ 132.913997594932027, 34.346684314856326 ], [ 132.91426843369274, 34.346995786951389 ], [ 132.914150927915472, 34.347397816173249 ], [ 132.914430702088225, 34.347625139757916 ], [ 132.914293399793536, 34.34803546082118 ], [ 132.913702897532403, 34.348272059275885 ], [ 132.913554015595935, 34.348488345336996 ], [ 132.913799633018357, 34.348484165649438 ], [ 132.913684744253658, 34.348732359153153 ], [ 132.914139297865745, 34.348962556916675 ], [ 132.913565068640708, 34.349177363463284 ], [ 132.913406415198068, 34.349498227156012 ], [ 132.91300990032164, 34.349578549164136 ], [ 132.912974757981544, 34.350076562541872 ], [ 132.912636309402927, 34.350212872124068 ], [ 132.912551417828098, 34.350502154344625 ], [ 132.912852038599681, 34.351087277697047 ], [ 132.913628829896339, 34.351113653551366 ], [ 132.914047253657628, 34.350794155619447 ], [ 132.914137842200972, 34.350239176964983 ], [ 132.914496931391454, 34.350275430703995 ], [ 132.914433032451257, 34.350013119229907 ], [ 132.914663482282776, 34.34983098346607 ], [ 132.914510130296208, 34.349545415206713 ], [ 132.914704474198999, 34.349523517286194 ], [ 132.914711921591135, 34.349758988894123 ], [ 132.91502134491796, 34.349825126250188 ], [ 132.915244913090305, 34.349471323873921 ], [ 132.915056831900074, 34.34939556852347 ], [ 132.915332507159292, 34.349181460779782 ], [ 132.915638263745194, 34.349645829089575 ], [ 132.915903848773468, 34.349699837708847 ], [ 132.91589906614584, 34.349991727988332 ], [ 132.916175750295821, 34.349957208024342 ], [ 132.91644815910351, 34.350185698335217 ], [ 132.91662509115875, 34.350904965822224 ], [ 132.916053037833137, 34.351012154307035 ], [ 132.916361736685786, 34.351101252517999 ], [ 132.916521639200454, 34.351415653839489 ], [ 132.916177376369546, 34.351547360550725 ], [ 132.916184625996436, 34.351760436341294 ], [ 132.915953686488479, 34.35168790411506 ], [ 132.915408876229179, 34.35194662820134 ], [ 132.915555068177184, 34.352123495295892 ], [ 132.915208301569635, 34.352574965949565 ], [ 132.915391542489402, 34.352707094178186 ], [ 132.915716892655269, 34.352358581988355 ], [ 132.916198027524246, 34.352557759783586 ], [ 132.916817462333739, 34.352458447992213 ], [ 132.916773533447383, 34.352731140770373 ], [ 132.916221216327557, 34.353252757922832 ], [ 132.916479253490962, 34.353363718342877 ], [ 132.91676000658569, 34.353222822612182 ], [ 132.916940035303327, 34.353593724888036 ], [ 132.916835471492362, 34.353875241926346 ] ] ] } },
{ "type": "Feature", "properties": { "CITY_NAME": "竹原市", "S_NAME": "本町三丁目", "JINKO": 315, "medical_area": "34_広島中央医療圏", "町丁目名": "竹原市本町三丁目" }, "geometry": { "type": "Polygon", "coordinates": [ [ [ 132.909096417161294, 34.349335915311862 ], [ 132.9096678322895, 34.349290605863523 ], [ 132.90941241233071, 34.349185387650003 ], [ 132.90975528622036, 34.34922246111892 ], [ 132.909666702605534, 34.349162994070674 ], [ 132.910205215030601, 34.348940818403889 ], [ 132.910334877860976, 34.34868197253806 ], [ 132.910101079811483, 34.348889335393942 ], [ 132.909882929457041, 34.348764030391877 ], [ 132.90998131653609, 34.348118574202452 ], [ 132.911018625026117, 34.3484546805051 ], [ 132.91136766067379, 34.348220132139687 ], [ 132.910779192859621, 34.347758179906755 ], [ 132.910676345221248, 34.347870931671153 ], [ 132.910302046099673, 34.347669530007792 ], [ 132.910903988445682, 34.346960292629099 ], [ 132.910837698247946, 34.347288900181269 ], [ 132.911427194186871, 34.347130076287741 ], [ 132.911525565235479, 34.34688606983616 ], [ 132.911274884649572, 34.346682648040051 ], [ 132.91158983944058, 34.346885677461863 ], [ 132.911431271657733, 34.347216257686036 ], [ 132.911628135142792, 34.34729703582839 ], [ 132.911438712934824, 34.347404259736621 ], [ 132.91158973912178, 34.347706750049475 ], [ 132.911575777597875, 34.347434693917101 ], [ 132.911820918516497, 34.347386854686533 ], [ 132.911765557343557, 34.34709054124032 ], [ 132.912313559122538, 34.347451457806315 ], [ 132.912393139221365, 34.347137839427759 ], [ 132.912241384796999, 34.347126511996649 ], [ 132.911864087628231, 34.346653978085925 ], [ 132.911878009522383, 34.346462323570165 ], [ 132.911683765929723, 34.346370401252045 ], [ 132.911988275129289, 34.346228808679356 ], [ 132.912029963476868, 34.346352793042399 ], [ 132.912452525872908, 34.346338519283748 ], [ 132.912446282175893, 34.345989224933867 ], [ 132.91199469763589, 34.345900143251804 ], [ 132.911801574607807, 34.345580443675004 ], [ 132.911290937392721, 34.345869506294022 ], [ 132.910592892523567, 34.345017616304233 ], [ 132.909298965746444, 34.345778388643602 ], [ 132.907801117262409, 34.346949859677373 ], [ 132.908182165527677, 34.347127989709129 ], [ 132.907753221640377, 34.347661071794924 ], [ 132.909078610642865, 34.348474664295004 ], [ 132.908517314302657, 34.34901108873953 ], [ 132.90912982316658, 34.349205275808252 ], [ 132.909455404085094, 34.349073141941155 ], [ 132.909086599666352, 34.349291604583662 ], [ 132.908928995004572, 34.349243119814062 ], [ 132.909096417161294, 34.349335915311862 ] ] ] } },
{ "type": "Feature", "properties": { "CITY_NAME": "竹原市", "S_NAME": "本町四丁目", "JINKO": 321, "medical_area": "34_広島中央医療圏", "町丁目名": "竹原市本町四丁目" }, "geometry": { "type": "Polygon", "coordinates": [ [ [ 132.906828471189982, 34.350669680348929 ], [ 132.908375605806128, 34.350617332490707 ], [ 132.908405926877123, 34.350137519927955 ], [ 132.908138499071129, 34.3495671095639 ], [ 132.908631797460941, 34.349147731654085 ], [ 132.908517314302657, 34.34901108873953 ], [ 132.909078610642865, 34.348474664295004 ], [ 132.907753221640377, 34.347661071794924 ], [ 132.908182165527677, 34.347127989709129 ], [ 132.907801117262409, 34.346949859677373 ], [ 132.907086879816745, 34.347908096008027 ], [ 132.906594473433813, 34.349257281849148 ], [ 132.905223624234935, 34.351217765104252 ], [ 132.906011571742084, 34.351575149257101 ], [ 132.906828471189982, 34.350669680348929 ] ] ] } },
{ "type": "Feature", "properties": { "CITY_NAME": "竹原市", "S_NAME": "田ノ浦一丁目", "JINKO": 263, "medical_area": "34_広島中央医療圏", "町丁目名": "竹原市田ノ浦一丁目" }, "geometry": { "type": "Polygon", "coordinates": [ [ [ 132.913575416136894, 34.344250309405624 ], [ 132.913926087018496, 34.344240274938805 ], [ 132.914139300684781, 34.343849634543901 ], [ 132.914388017889877, 34.343842195201319 ], [ 132.914203021772352, 34.343558229185497 ], [ 132.914388247175765, 34.343200439296226 ], [ 132.913623521506651, 34.342479695148981 ], [ 132.913815620608062, 34.341834792717123 ], [ 132.914047216395829, 34.341497285180374 ], [ 132.914176962756699, 34.341689186525969 ], [ 132.915382770132993, 34.342056202769101 ], [ 132.91475718999277, 34.341390674193306 ], [ 132.915038455053605, 34.341177662157946 ], [ 132.915489758739824, 34.341294766852698 ], [ 132.915256607440398, 34.341066314170192 ], [ 132.915236194482731, 34.340500326444435 ], [ 132.91584651557244, 34.340378685359873 ], [ 132.915817850544329, 34.340220535601311 ], [ 132.913869502958391, 34.33989342138247 ], [ 132.912928725131337, 34.341849231110679 ], [ 132.911824987631064, 34.343444022703991 ], [ 132.913411035132441, 34.344451195118779 ], [ 132.913575416136894, 34.344250309405624 ] ] ] } },
{ "type": "Feature", "properties": { "CITY_NAME": "竹原市", "S_NAME": "田ノ浦二丁目", "JINKO": 98, "medical_area": "34_広島中央医療圏", "町丁目名": "竹原市田ノ浦二丁目" }, "geometry": { "type": "Polygon", "coordinates": [ [ [ 132.917370038318268, 34.348052910599762 ], [ 132.918347124897934, 34.347862228228252 ], [ 132.918988633677316, 34.34738738229855 ], [ 132.920144213857242, 34.346895836523245 ], [ 132.92036107066599, 34.346629963690887 ], [ 132.920159372665637, 34.346597825662528 ], [ 132.920081699704838, 34.346391946470639 ], [ 132.920540606269185, 34.346169935399395 ], [ 132.920250391116042, 34.346047912633303 ], [ 132.920353226453017, 34.34588810718968 ], [ 132.920195859643712, 34.345780899077951 ], [ 132.919398268079334, 34.345892028641664 ], [ 132.919449345201116, 34.34603919326802 ], [ 132.918690444283072, 34.346375033203437 ], [ 132.918757050799883, 34.346796214180841 ], [ 132.917961751265011, 34.347307221200708 ], [ 132.916358809231582, 34.347329898632964 ], [ 132.916176842653584, 34.347120713778224 ], [ 132.916411315333534, 34.346705427432539 ], [ 132.916165874382614, 34.346557624096427 ], [ 132.916167261115845, 34.346180252800643 ], [ 132.916415366853442, 34.34623662197906 ], [ 132.916204774363649, 34.345740540525568 ], [ 132.916347601940515, 34.345408502903702 ], [ 132.916289031744469, 34.345220251154643 ], [ 132.915823512583358, 34.345110985388715 ], [ 132.916077720785694, 34.344776292988911 ], [ 132.916326772901556, 34.344806174472318 ], [ 132.916714322499018, 34.344418545080266 ], [ 132.916524523347903, 34.344263498239769 ], [ 132.916723632080704, 34.343996896845354 ], [ 132.916541397257134, 34.343633332883378 ], [ 132.916203666064916, 34.343751474788093 ], [ 132.916086087901249, 34.343325534952378 ], [ 132.915822952858377, 34.343315458699593 ], [ 132.915905706069452, 34.343825987179855 ], [ 132.91558567605864, 34.343548769039828 ], [ 132.915168831814498, 34.343707678663606 ], [ 132.915189587938244, 34.344455231300273 ], [ 132.914704980809404, 34.344442708318759 ], [ 132.91425465070833, 34.344035707459966 ], [ 132.913575416136894, 34.344250309405624 ], [ 132.913411035132441, 34.344451195118779 ], [ 132.913937609956491, 34.344533191623391 ], [ 132.914555397791361, 34.345313290400775 ], [ 132.914793989267594, 34.346437297516744 ], [ 132.915333768181199, 34.347589317087788 ], [ 132.915943212191735, 34.347516132292732 ], [ 132.916059336436859, 34.347949970827536 ], [ 132.91640627367795, 34.347909948208837 ], [ 132.917018636226686, 34.348125361089735 ], [ 132.917225788604242, 34.348406369229401 ], [ 132.917370038318268, 34.348052910599762 ] ] ] } },
{ "type": "Feature", "properties": { "CITY_NAME": "竹原市", "S_NAME": "田ノ浦三丁目", "JINKO": 146, "medical_area": "34_広島中央医療圏", "町丁目名": "竹原市田ノ浦三丁目" }, "geometry": { "type": "Polygon", "coordinates": [ [ [ 132.917296372416899, 34.350679405702138 ], [ 132.91711502920208, 34.349875650916175 ], [ 132.91807115378765, 34.350130214688498 ], [ 132.918786577365211, 34.350492320962516 ], [ 132.918684489402949, 34.350736777759231 ], [ 132.919038676012804, 34.350860380910582 ], [ 132.919256657340611, 34.350851148059888 ], [ 132.91929977588984, 34.350640579221277 ], [ 132.919729063383301, 34.35093866457445 ], [ 132.919795011792189, 34.35156043172627 ], [ 132.920289790702384, 34.351500328208154 ], [ 132.921615524941529, 34.351994291400516 ], [ 132.922478029139342, 34.352636618843007 ], [ 132.922753014210201, 34.352648718739239 ], [ 132.923105869284427, 34.352226912482486 ], [ 132.924076148483238, 34.352332874255808 ], [ 132.92467988078343, 34.35202881327065 ], [ 132.924530443362215, 34.351842118018659 ], [ 132.924172541925657, 34.351797575942186 ], [ 132.923980939812679, 34.351888211457087 ], [ 132.92416989685222, 34.352210449854027 ], [ 132.923100188377248, 34.35211482407589 ], [ 132.922718840665055, 34.352540750958084 ], [ 132.922453347661985, 34.352526760981277 ], [ 132.921736019220106, 34.35195621842005 ], [ 132.919894736776769, 34.351185271454185 ], [ 132.919551362527756, 34.35042083630254 ], [ 132.918968222453884, 34.35026610831077 ], [ 132.918897430767515, 34.350051170531863 ], [ 132.918575381730591, 34.350064283911664 ], [ 132.918587661614879, 34.349851792421333 ], [ 132.91822161136696, 34.349597543340344 ], [ 132.917586011287653, 34.349548494323876 ], [ 132.918366412131491, 34.349362824719549 ], [ 132.918031138639236, 34.348837090159833 ], [ 132.918941179981402, 34.348573991325971 ], [ 132.918750560488547, 34.348328521897116 ], [ 132.917389798748303, 34.34814519279783 ], [ 132.917225788604242, 34.348406369229401 ], [ 132.917018636226686, 34.348125361089735 ], [ 132.91640627367795, 34.347909948208837 ], [ 132.916059336436859, 34.347949970827536 ], [ 132.915943212191735, 34.347516132292732 ], [ 132.915333768181199, 34.347589317087788 ], [ 132.916527570633008, 34.349379072065275 ], [ 132.916409904083508, 34.350000140387181 ], [ 132.916637580809208, 34.350306799884372 ], [ 132.916723923962707, 34.350979858759665 ], [ 132.916640607796779, 34.351843557550225 ], [ 132.916405189194592, 34.352268428358151 ], [ 132.916902954070451, 34.352437215779361 ], [ 132.916945258664384, 34.35297137593377 ], [ 132.917435628026539, 34.353110485093104 ], [ 132.917496138466248, 34.35348634786439 ], [ 132.917896352446661, 34.354036051552313 ], [ 132.917954114488055, 34.355062701331605 ], [ 132.918109487274194, 34.355211194916969 ], [ 132.918281089676242, 34.354525984288657 ], [ 132.918001005264131, 34.3531478528393 ], [ 132.917432754421981, 34.352285489762501 ], [ 132.917005374092128, 34.351136313356264 ], [ 132.917296372416899, 34.350679405702138 ] ] ] } },
{ "type": "Feature", "properties": { "CITY_NAME": "竹原市", "S_NAME": "竹原町", "JINKO": 2643, "medical_area": "34_広島中央医療圏", "町丁目名": "竹原市竹原町" }, "geometry": { "type": "Polygon", "coordinates": [ [ [ 132.902049606276762, 34.345576697351369 ], [ 132.901482237680852, 34.343074337600711 ], [ 132.90299667604242, 34.343307787969337 ], [ 132.903086013225391, 34.343090841976952 ], [ 132.903355203022898, 34.343086835095576 ], [ 132.906126925749021, 34.344176315860828 ], [ 132.90665996069643, 34.343286798536532 ], [ 132.90487125080557, 34.342144246682153 ], [ 132.903322245022309, 34.340581584732988 ], [ 132.902293069086625, 34.34020970946127 ], [ 132.901582382168698, 34.339644060038218 ], [ 132.901001495120369, 34.339492602043691 ], [ 132.900892846181165, 34.339087997259242 ], [ 132.900458865813874, 34.338637029560758 ], [ 132.900217772785282, 34.337785563544436 ], [ 132.90255096088427, 34.33816891866622 ], [ 132.901931103874716, 34.335174565973986 ], [ 132.903278545596123, 34.33508574949947 ], [ 132.903670412625189, 34.334501212293397 ], [ 132.905862781311839, 34.332908519291522 ], [ 132.906753642277664, 34.332429139614632 ], [ 132.907982103465372, 34.332062369856018 ], [ 132.908510517933024, 34.331525166191874 ], [ 132.908831699454367, 34.331786487787937 ], [ 132.909800328388457, 34.331713982936421 ], [ 132.910311226588561, 34.332048381130257 ], [ 132.911279679804721, 34.330643470763171 ], [ 132.912860193223111, 34.330022940006437 ], [ 132.91274456261084, 34.329917436880905 ], [ 132.913624385523065, 34.329264683324148 ], [ 132.913047315384063, 34.328284718509458 ], [ 132.912285062557771, 34.32859136323777 ], [ 132.911558521490605, 34.32778442571076 ], [ 132.914689285686052, 34.327068510071932 ], [ 132.911236165491488, 34.327820614432994 ], [ 132.910255134077659, 34.327474138325449 ], [ 132.909958401818244, 34.327220840272943 ], [ 132.908491123133103, 34.326817720681788 ], [ 132.906781714603682, 34.326921739702598 ], [ 132.905262486532081, 34.326536080249959 ], [ 132.903934377802045, 34.326626207948017 ], [ 132.902969571703835, 34.32626690203108 ], [ 132.901497647878443, 34.326317158108573 ], [ 132.8998781174285, 34.325893297461413 ], [ 132.898108045977665, 34.326020095259771 ], [ 132.897687385891061, 34.326251648239527 ], [ 132.894155696690973, 34.326487216897704 ], [ 132.893893836379533, 34.326608645646729 ], [ 132.89381576207154, 34.326935625984802 ], [ 132.893579624984113, 34.326929985205126 ], [ 132.893367760189136, 34.325715750865513 ], [ 132.892262193357311, 34.325280566925237 ], [ 132.891822689716832, 34.325219078453451 ], [ 132.891686818991275, 34.325410891191865 ], [ 132.889566912509821, 34.325687682859773 ], [ 132.888964657712165, 34.325614749765933 ], [ 132.888795683131775, 34.325372901518726 ], [ 132.887723964994365, 34.325357384703771 ], [ 132.887093125257337, 34.326049628973749 ], [ 132.887526009875074, 34.326517135877033 ], [ 132.889333296690069, 34.326784540963274 ], [ 132.890962221248913, 34.327414988883227 ], [ 132.891171558717105, 34.325709891235448 ], [ 132.891658008213625, 34.325594041290557 ], [ 132.891472103270388, 34.32746549860898 ], [ 132.8911364581557, 34.327586513092953 ], [ 132.891857578794173, 34.328701950209307 ], [ 132.892710023745536, 34.328752819169971 ], [ 132.893419778280958, 34.329060756209621 ], [ 132.893251759539794, 34.329275439755072 ], [ 132.89197336510216, 34.329566009924854 ], [ 132.890302866003566, 34.330570655701386 ], [ 132.889386314128302, 34.330727917778745 ], [ 132.888174877769046, 34.330643926444743 ], [ 132.888118759818042, 34.331444628762469 ], [ 132.888461021083714, 34.332595136513817 ], [ 132.889291660104561, 34.332830685911865 ], [ 132.889256606910124, 34.33300950449761 ], [ 132.889568756122287, 34.333223742569963 ], [ 132.889956717284605, 34.333900401112317 ], [ 132.8905594338691, 34.334354778604975 ], [ 132.89170534775937, 34.334474209613035 ], [ 132.891693075220473, 34.334744030461657 ], [ 132.892340537503713, 34.334872885768768 ], [ 132.8930847602781, 34.334811424461805 ], [ 132.893472022993478, 34.335011261176632 ], [ 132.893486597975709, 34.335262893194496 ], [ 132.893704031921374, 34.335351472114155 ], [ 132.894539837606715, 34.335325940027424 ], [ 132.893566691363759, 34.337159955803855 ], [ 132.892645881854463, 34.338255682743871 ], [ 132.893396633097495, 34.338553235308957 ], [ 132.893764860595468, 34.339023356244859 ], [ 132.893437731777851, 34.339475630726888 ], [ 132.893495336041781, 34.340274533865021 ], [ 132.893745070348587, 34.340257698071753 ], [ 132.893752709057168, 34.339531937058915 ], [ 132.894440324617392, 34.338763822307513 ], [ 132.894588524228141, 34.338778294713023 ], [ 132.895579989185109, 34.339417540410594 ], [ 132.895249716734753, 34.339761093881933 ], [ 132.894779210809133, 34.339952082654897 ], [ 132.894433807832343, 34.340950445515212 ], [ 132.895297916699576, 34.342076984303134 ], [ 132.895910504190908, 34.342298856552773 ], [ 132.89631303829745, 34.342814827404474 ], [ 132.897087721402784, 34.343280544489588 ], [ 132.89729434731575, 34.343617096681797 ], [ 132.898231709888194, 34.344158738178585 ], [ 132.90020261982815, 34.344847569152442 ], [ 132.901020957352159, 34.345407368516177 ], [ 132.902049606276762, 34.345576697351369 ] ] ] } },
{ "type": "Feature", "properties": { "CITY_NAME": "竹原市", "S_NAME": "竹原町", "JINKO": 0, "medical_area": "34_広島中央医療圏", "町丁目名": "竹原市竹原町" }, "geometry": { "type": "Polygon", "coordinates": [ [ [ 132.921326323290856, 34.350645243158937 ], [ 132.922420182416175, 34.349491033816939 ], [ 132.923983989315843, 34.348985655858101 ], [ 132.924301041641655, 34.347816250072583 ], [ 132.924053027301227, 34.347252382608005 ], [ 132.923292369260906, 34.34663746140852 ], [ 132.922806590782756, 34.346590044124895 ], [ 132.921884290214933, 34.345901319646863 ], [ 132.921694645025184, 34.345386667013372 ], [ 132.921266060081422, 34.344956598383341 ], [ 132.921206404891819, 34.344393393537672 ], [ 132.920420188678548, 34.343650998020706 ], [ 132.920633547812798, 34.343090895736523 ], [ 132.921661570093875, 34.342717325626637 ], [ 132.921932909657272, 34.342194754268924 ], [ 132.921665447334732, 34.34146676315342 ], [ 132.922202623407088, 34.341161582137488 ], [ 132.922003331819496, 34.340923638357992 ], [ 132.922029383706302, 34.340440474230675 ], [ 132.921608893750573, 34.339557357617402 ], [ 132.921583350205054, 34.339076907266247 ], [ 132.921129199752016, 34.33849106643207 ], [ 132.92194348691217, 34.337638069443742 ], [ 132.922023582578504, 34.337094002100422 ], [ 132.92285718812812, 34.335692526773272 ], [ 132.924054577894765, 34.335282398782553 ], [ 132.925046046418515, 34.333899931034622 ], [ 132.925878196551878, 34.333351474844164 ], [ 132.926069223812277, 34.331999041682309 ], [ 132.926581532225157, 34.33129889185286 ], [ 132.926827830491533, 34.330361359486353 ], [ 132.927540567757774, 34.329690100214329 ], [ 132.927218601054562, 34.328962463071576 ], [ 132.927358238808154, 34.328642127840027 ], [ 132.927199583008189, 34.327873179218287 ], [ 132.926879420469589, 34.32801096302407 ], [ 132.925121213092638, 34.327777926294054 ], [ 132.923799305717893, 34.327141971184922 ], [ 132.923550756075343, 34.326322430117131 ], [ 132.922946463660452, 34.326574090106519 ], [ 132.922723670017632, 34.326834655086849 ], [ 132.922706195169468, 34.327195087448693 ], [ 132.92379147431248, 34.327790686855714 ], [ 132.923682609890079, 34.327947577824631 ], [ 132.923041714175753, 34.327707577645469 ], [ 132.922670712478805, 34.327847214956805 ], [ 132.922324745340745, 34.327692997835257 ], [ 132.922578542699767, 34.329096216717829 ], [ 132.922143244159656, 34.32927061016116 ], [ 132.921869055663251, 34.329140599326585 ], [ 132.92186917827749, 34.329409354521196 ], [ 132.921562448686075, 34.329540834285133 ], [ 132.921442119227919, 34.329442553053994 ], [ 132.921638224766781, 34.329792079498972 ], [ 132.921595414072982, 34.330139134496569 ], [ 132.921749132516624, 34.33011733983453 ], [ 132.922083206880899, 34.33047742364186 ], [ 132.922396923850073, 34.33061268326955 ], [ 132.922729619196332, 34.33030947115541 ], [ 132.923023456150872, 34.330273282344102 ], [ 132.923146706549176, 34.330695654248458 ], [ 132.923427569228835, 34.330755046725315 ], [ 132.923396801367744, 34.330911447610532 ], [ 132.92270753422028, 34.330911913570368 ], [ 132.92275996602072, 34.331125128572509 ], [ 132.923119304099714, 34.331225729698758 ], [ 132.923018589417552, 34.331779217748164 ], [ 132.92290517091223, 34.331940074781706 ], [ 132.92248038410554, 34.33171775526565 ], [ 132.922481366754084, 34.331317432945525 ], [ 132.922299897375183, 34.331066982835573 ], [ 132.921201109142629, 34.330747815665582 ], [ 132.920945257992344, 34.330920956738559 ], [ 132.920663920322426, 34.331829954022318 ], [ 132.920064383007087, 34.332265938550577 ], [ 132.920117790403935, 34.332673956470529 ], [ 132.919625583802741, 34.333387896021733 ], [ 132.919800341218576, 34.333912924899288 ], [ 132.919236719952551, 34.334095565198247 ], [ 132.919009003746879, 34.333818630605634 ], [ 132.918384717511771, 34.334214617847124 ], [ 132.91798797582365, 34.334232831729125 ], [ 132.917557128581905, 34.33461480869034 ], [ 132.917482092599073, 34.334958400448258 ], [ 132.917618155202717, 34.335277735990331 ], [ 132.917829307142142, 34.335249676449713 ], [ 132.917661673520968, 34.335425792538544 ], [ 132.917854436391451, 34.33574337067806 ], [ 132.918882034190716, 34.336061025787309 ], [ 132.919027255616186, 34.336368892778474 ], [ 132.918947638302342, 34.336712513448049 ], [ 132.918852009879345, 34.336301373462263 ], [ 132.918667422714435, 34.336214895481632 ], [ 132.918040333931941, 34.336489340336293 ], [ 132.918278453288679, 34.336970035406161 ], [ 132.918069532149445, 34.337323890157798 ], [ 132.917775270980769, 34.337315697555617 ], [ 132.917951118691349, 34.337602109450287 ], [ 132.917658110515191, 34.337734204901338 ], [ 132.917894884399573, 34.338073769242804 ], [ 132.917363502426895, 34.338133800560101 ], [ 132.917035632850968, 34.337975376675544 ], [ 132.916901002845776, 34.337341069779484 ], [ 132.916731209022771, 34.337285346410091 ], [ 132.916656690046239, 34.337516389375217 ], [ 132.916460994208109, 34.337517167669965 ], [ 132.91633606005513, 34.337712178766552 ], [ 132.916513205802005, 34.337687850696973 ], [ 132.916502914514155, 34.337895116896135 ], [ 132.916322347246677, 34.338202029742128 ], [ 132.917035482171656, 34.338861379614229 ], [ 132.916882660678397, 34.339347013656024 ], [ 132.91582065458374, 34.339116183310395 ], [ 132.91577850795386, 34.338912477789606 ], [ 132.91554940453662, 34.339156442293103 ], [ 132.916354167754548, 34.339741423968661 ], [ 132.916534471329669, 34.339623262944066 ], [ 132.916520713862866, 34.339432765762844 ], [ 132.916991486589836, 34.339800896955609 ], [ 132.916379116601973, 34.340272731218761 ], [ 132.915817850544329, 34.340220535601311 ], [ 132.91584651557244, 34.340378685359873 ], [ 132.915236194482731, 34.340500326444435 ], [ 132.915256607440398, 34.341066314170192 ], [ 132.915489758739824, 34.341294766852698 ], [ 132.91497700735755, 34.341189870858784 ], [ 132.914757820949632, 34.341461522499948 ], [ 132.915382770132993, 34.342056202769101 ], [ 132.914176962756699, 34.341689186525969 ], [ 132.914047216395829, 34.341497285180374 ], [ 132.913613227012206, 34.342391439322839 ], [ 132.914407601430128, 34.343247508586444 ], [ 132.914203021772352, 34.343558229185497 ], [ 132.914388017889877, 34.343842195201319 ], [ 132.914139300684781, 34.343849634543901 ], [ 132.913997224963055, 34.344133490676789 ], [ 132.91425465070833, 34.344035707459966 ], [ 132.914704980809404, 34.344442708318759 ], [ 132.915207100509406, 34.344448081498015 ], [ 132.915168831814498, 34.343707678663606 ], [ 132.91558567605864, 34.343548769039828 ], [ 132.915905706069452, 34.343825987179855 ], [ 132.915822952858377, 34.343315458699593 ], [ 132.916086087901249, 34.343325534952378 ], [ 132.916203666064916, 34.343751474788093 ], [ 132.916541397257134, 34.343633332883378 ], [ 132.916633804264166, 34.343759679037262 ], [ 132.916723632080704, 34.343996896845354 ], [ 132.91651964101419, 34.344239863945234 ], [ 132.916715698600882, 34.344306553306282 ], [ 132.916663032183948, 34.344513235119592 ], [ 132.916208892517403, 34.344869862399371 ], [ 132.916077720785694, 34.344776292988911 ], [ 132.915823512583358, 34.345110985388715 ], [ 132.916289031744469, 34.345220251154643 ], [ 132.916347601940515, 34.345408502903702 ], [ 132.916204774363649, 34.345740540525568 ], [ 132.916415366853442, 34.34623662197906 ], [ 132.916167261115845, 34.346180252800643 ], [ 132.916165874382614, 34.346557624096427 ], [ 132.916411315333534, 34.346705427432539 ], [ 132.916210491135985, 34.346914006438254 ], [ 132.916172912491874, 34.347213000373038 ], [ 132.916296953716511, 34.347306614266103 ], [ 132.917961751265011, 34.347307221200708 ], [ 132.918757050799883, 34.346796214180841 ], [ 132.918690444283072, 34.346375033203437 ], [ 132.919449345201116, 34.34603919326802 ], [ 132.919398268079334, 34.345892028641664 ], [ 132.920195859643712, 34.345780899077951 ], [ 132.920353226453017, 34.34588810718968 ], [ 132.920250391116042, 34.346047912633303 ], [ 132.920540606269185, 34.346169935399395 ], [ 132.920081699704838, 34.346391946470639 ], [ 132.920159372665637, 34.346597825662528 ], [ 132.92036107066599, 34.346629963690887 ], [ 132.920144213857242, 34.346895836523245 ], [ 132.918988633677316, 34.34738738229855 ], [ 132.918347124897934, 34.347862228228252 ], [ 132.917370038318268, 34.348052910599762 ], [ 132.917439783636212, 34.348170380782079 ], [ 132.918021268227562, 34.34813243155466 ], [ 132.918409731930183, 34.348377669406752 ], [ 132.91840869449635, 34.348261748566685 ], [ 132.918714962776164, 34.348316909144664 ], [ 132.918943329114967, 34.348548482543983 ], [ 132.918031138639236, 34.348837090159833 ], [ 132.918151533201353, 34.349177369087748 ], [ 132.918360476613458, 34.349221298229885 ], [ 132.918331219331719, 34.349396425222494 ], [ 132.917586011287653, 34.349548494323876 ], [ 132.91822161136696, 34.349597543340344 ], [ 132.918587661614879, 34.349851792421333 ], [ 132.918575381730591, 34.350064283911664 ], [ 132.918897430767515, 34.350051170531863 ], [ 132.918968222453884, 34.35026610831077 ], [ 132.919909125900347, 34.350261428812125 ], [ 132.920816689156624, 34.35064839505425 ], [ 132.921326323290856, 34.350645243158937 ] ] ] } },
{ "type": "Feature", "properties": { "CITY_NAME": "竹原市", "S_NAME": "竹原町", "JINKO": 0, "medical_area": "34_広島中央医療圏", "町丁目名": "竹原市竹原町" }, "geometry": { "type": "Polygon", "coordinates": [ [ [ 132.91718845903705, 34.329687446281191 ], [ 132.918103688809509, 34.329504774656179 ], [ 132.91806772432696, 34.32934667049507 ], [ 132.918380554723456, 34.329033031544029 ], [ 132.918709008433581, 34.328947346234806 ], [ 132.919142599954768, 34.328363784653085 ], [ 132.919365338674169, 34.328389742357025 ], [ 132.919479335849786, 34.32887162212166 ], [ 132.91991348327943, 34.329013613866003 ], [ 132.920168016390505, 34.328902320705893 ], [ 132.92004773652485, 34.328222151899297 ], [ 132.920783176349744, 34.328781341651585 ], [ 132.921211373865219, 34.328591646078834 ], [ 132.921307395410679, 34.328412728399037 ], [ 132.920608440054735, 34.327898242642249 ], [ 132.9211535706267, 34.327172970875736 ], [ 132.92101474676295, 34.326611365212614 ], [ 132.920685963744006, 34.326488727327884 ], [ 132.920885101868208, 34.326211976068848 ], [ 132.920816822198958, 34.325867989145571 ], [ 132.91951680260965, 34.325573978456489 ], [ 132.919383597289794, 34.325866803647678 ], [ 132.91894024761794, 34.325861497436136 ], [ 132.918989137431282, 34.326230817883726 ], [ 132.919223248242275, 34.326393669049232 ], [ 132.918857680152087, 34.32671751266723 ], [ 132.918039004387737, 34.327142491444505 ], [ 132.917512563764518, 34.327095384764419 ], [ 132.917728233877938, 34.327396971532764 ], [ 132.917639788269184, 34.327590381633563 ], [ 132.917023096651604, 34.328500176032598 ], [ 132.916630358254707, 34.328811906636084 ], [ 132.916755196802427, 34.329292455967689 ], [ 132.917094543058397, 34.32926657280138 ], [ 132.91718845903705, 34.329687446281191 ] ] ] } },
{ "type": "Feature", "properties": { "CITY_NAME": "竹原市", "S_NAME": "竹原町", "JINKO": 0, "medical_area": "34_広島中央医療圏", "町丁目名": "竹原市竹原町" }, "geometry": { "type": "Polygon", "coordinates": [ [ [ 132.915439876846136, 34.353489694629936 ], [ 132.91602388892403, 34.352446423524981 ], [ 132.915716892655269, 34.352358581988355 ], [ 132.915391542489402, 34.352707094178186 ], [ 132.915208301569635, 34.352574965949565 ], [ 132.915555068177184, 34.352123495295892 ], [ 132.915408876229179, 34.35194662820134 ], [ 132.915953686488479, 34.35168790411506 ], [ 132.916184625996436, 34.351760436341294 ], [ 132.916177376369546, 34.351547360550725 ], [ 132.916523078314839, 34.351377190369391 ], [ 132.916361736685786, 34.351101252517999 ], [ 132.916053037833137, 34.351012154307035 ], [ 132.91662509115875, 34.350904965822224 ], [ 132.91644815910351, 34.350185698335217 ], [ 132.916175750295821, 34.349957208024342 ], [ 132.91589906614584, 34.349991727988332 ], [ 132.915903848773468, 34.349699837708847 ], [ 132.915638263745194, 34.349645829089575 ], [ 132.915332507159292, 34.349181460779782 ], [ 132.915056831900074, 34.34939556852347 ], [ 132.915244913090305, 34.349471323873921 ], [ 132.91502134491796, 34.349825126250188 ], [ 132.914711921591135, 34.349758988894123 ], [ 132.914704474198999, 34.349523517286194 ], [ 132.914510130296208, 34.349545415206713 ], [ 132.914663482282776, 34.34983098346607 ], [ 132.914433032451257, 34.350013119229907 ], [ 132.914496931391454, 34.350275430703995 ], [ 132.914137842200972, 34.350239176964983 ], [ 132.914047253657628, 34.350794155619447 ], [ 132.913628829896339, 34.351113653551366 ], [ 132.912852038599681, 34.351087277697047 ], [ 132.912551417828098, 34.350502154344625 ], [ 132.912636309402927, 34.350212872124068 ], [ 132.912974757981544, 34.350076562541872 ], [ 132.91300990032164, 34.349578549164136 ], [ 132.913406415198068, 34.349498227156012 ], [ 132.913565068640708, 34.349177363463284 ], [ 132.914139297865745, 34.348962556916675 ], [ 132.913684744253658, 34.348732359153153 ], [ 132.913799633018357, 34.348484165649438 ], [ 132.913554015595935, 34.348488345336996 ], [ 132.913702897532403, 34.348272059275885 ], [ 132.914293399793536, 34.34803546082118 ], [ 132.914430702088225, 34.347625139757916 ], [ 132.914150927915472, 34.347397816173249 ], [ 132.91426843369274, 34.346995786951389 ], [ 132.913997594932027, 34.346684314856326 ], [ 132.913729209708947, 34.346686803445891 ], [ 132.91341958713258, 34.346253301035475 ], [ 132.913074873147025, 34.3463230227526 ], [ 132.912546933445412, 34.346728828937131 ], [ 132.912309808686018, 34.346570261347786 ], [ 132.912460779555602, 34.347047980002607 ], [ 132.912116161493856, 34.346669905024406 ], [ 132.912054762941352, 34.346802970128749 ], [ 132.912397849423684, 34.347295151107474 ], [ 132.912185070107313, 34.347468582706725 ], [ 132.911765557343557, 34.34709054124032 ], [ 132.911820918516497, 34.347386854686533 ], [ 132.911572574848549, 34.347447109143928 ], [ 132.911642552065587, 34.347716006065959 ], [ 132.911438712934824, 34.347404259736621 ], [ 132.911628135142792, 34.34729703582839 ], [ 132.911431271657733, 34.347216257686036 ], [ 132.91158983944058, 34.346885677461863 ], [ 132.911274884649572, 34.346682648040051 ], [ 132.911525565235479, 34.34688606983616 ], [ 132.911427194186871, 34.347130076287741 ], [ 132.910837698247946, 34.347288900181269 ], [ 132.910903988445682, 34.346960292629099 ], [ 132.910302046099673, 34.347669530007792 ], [ 132.910676345221248, 34.347870931671153 ], [ 132.910779192859621, 34.347758179906755 ], [ 132.911302633401789, 34.348145309290146 ], [ 132.911199395033321, 34.3483961065999 ], [ 132.910901511403409, 34.348442999308759 ], [ 132.90998131653609, 34.348118574202452 ], [ 132.909882929457041, 34.348764030391877 ], [ 132.910101079811483, 34.348889335393942 ], [ 132.910334877860976, 34.34868197253806 ], [ 132.910089942874123, 34.349050969150589 ], [ 132.909087499215076, 34.34939329958285 ], [ 132.908928995004572, 34.349243119814062 ], [ 132.909086599666352, 34.349291604583662 ], [ 132.909455404085094, 34.349073141941155 ], [ 132.90912982316658, 34.349205275808252 ], [ 132.908839068281907, 34.349022093666626 ], [ 132.908138499071129, 34.3495671095639 ], [ 132.908405926877123, 34.350137519927955 ], [ 132.908375605806128, 34.350617332490707 ], [ 132.90916388072452, 34.349743717918614 ], [ 132.911079547866336, 34.349282706070255 ], [ 132.912024669774752, 34.350921051017245 ], [ 132.91293747556935, 34.351852750151394 ], [ 132.913468314752578, 34.352648034255033 ], [ 132.912405304817327, 34.3534013783174 ], [ 132.911995371503963, 34.354190868936271 ], [ 132.912372026583313, 34.354873567874279 ], [ 132.913784914370041, 34.355855725970351 ], [ 132.91418409152223, 34.354307765906121 ], [ 132.915439876846136, 34.353489694629936 ] ] ] } },
{ "type": "Feature", "properties": { "CITY_NAME": "竹原市", "S_NAME": "竹原町", "JINKO": 0, "medical_area": "34_広島中央医療圏", "町丁目名": "竹原市竹原町" }, "geometry": { "type": "Polygon", "coordinates": [ [ [ 132.906011571742084, 34.351575149257101 ], [ 132.905223624234935, 34.351217765104252 ], [ 132.904928631928414, 34.351701573246515 ], [ 132.904759281372378, 34.352857373000468 ], [ 132.906011571742084, 34.351575149257101 ] ] ] } },
{ "type": "Feature", "properties": { "CITY_NAME": "竹原市", "S_NAME": "竹原町", "JINKO": 1005, "medical_area": "34_広島中央医療圏", "町丁目名": "竹原市竹原町" }, "geometry": { "type": "Polygon", "coordinates": [ [ [ 132.905366378244167, 34.351025894768348 ], [ 132.906594473433813, 34.349257281849148 ], [ 132.907086879816745, 34.347908096008027 ], [ 132.90762049279607, 34.347130833098987 ], [ 132.909298965746444, 34.345778388643602 ], [ 132.910670897816658, 34.34497615105554 ], [ 132.909269761712352, 34.344300379904858 ], [ 132.908211726115411, 34.344101287307794 ], [ 132.90665996069643, 34.343286798536532 ], [ 132.906126925749021, 34.344176315860828 ], [ 132.903086013225391, 34.343090841976952 ], [ 132.902712077163159, 34.34415227006518 ], [ 132.903855202820665, 34.344566977652761 ], [ 132.904848679794128, 34.345169077566688 ], [ 132.904175508539424, 34.346551323485826 ], [ 132.90381977637054, 34.346431202398215 ], [ 132.903062854717319, 34.347580965232297 ], [ 132.90383644902559, 34.347875348941599 ], [ 132.902961741695719, 34.349532883440652 ], [ 132.903587718283632, 34.349738055528441 ], [ 132.903728541852672, 34.349424482738236 ], [ 132.904036193682629, 34.349599124684971 ], [ 132.90415079842424, 34.349411933173194 ], [ 132.904905067892287, 34.349766009149903 ], [ 132.904990741980754, 34.349996924864108 ], [ 132.904305268804791, 34.350437312516441 ], [ 132.905366378244167, 34.351025894768348 ] ] ] } },
{ "type": "Feature", "properties": { "CITY_NAME": "竹原市", "S_NAME": "下野町", "JINKO": 3363, "medical_area": "34_広島中央医療圏", "町丁目名": "竹原市下野町" }, "geometry": { "type": "Polygon", "coordinates": [ [ [ 132.90794655262755, 34.373449642712544 ], [ 132.908473863530872, 34.373410928831149 ], [ 132.910352356470099, 34.372699794854327 ], [ 132.911536614074976, 34.372767494004002 ], [ 132.9121560428799, 34.372404927608983 ], [ 132.912571713763469, 34.372366884571235 ], [ 132.912931532710985, 34.37207549014132 ], [ 132.913604107108, 34.372387037457891 ], [ 132.91430702339548, 34.371473600169665 ], [ 132.914232558743919, 34.371095561310042 ], [ 132.913782725202992, 34.370550510302934 ], [ 132.915223161891504, 34.367720762149439 ], [ 132.914562408947148, 34.367188420123412 ], [ 132.914106907986707, 34.366004313917429 ], [ 132.914965495603496, 34.36609412338052 ], [ 132.916240079992491, 34.365500299052265 ], [ 132.916919444356381, 34.365806292877316 ], [ 132.917107336798097, 34.364755151365188 ], [ 132.916997465625457, 34.363237900492791 ], [ 132.917544963074022, 34.363424689383528 ], [ 132.91845245515492, 34.364103257195175 ], [ 132.91848058869391, 34.363403704515143 ], [ 132.918089949856352, 34.362808860872633 ], [ 132.9181652335173, 34.362500190615094 ], [ 132.917520347924153, 34.361954525114413 ], [ 132.917620854567474, 34.360620524823226 ], [ 132.91707181584394, 34.359499710097097 ], [ 132.91602539221239, 34.359177102689586 ], [ 132.915798437922064, 34.358935093107874 ], [ 132.916277205229733, 34.357838376047091 ], [ 132.917283442267774, 34.356746015998013 ], [ 132.917462213327468, 34.355959343140256 ], [ 132.918000017030124, 34.355162710265041 ], [ 132.91795250156045, 34.354218400126726 ], [ 132.917496138466248, 34.35348634786439 ], [ 132.917404864356854, 34.353658617955503 ], [ 132.916835471492362, 34.353875241926346 ], [ 132.916846429061735, 34.353296242190744 ], [ 132.916221216327557, 34.353252757922832 ], [ 132.916773533447383, 34.352731140770373 ], [ 132.916817462333739, 34.352458447992213 ], [ 132.916198027524246, 34.352557759783586 ], [ 132.91602388892403, 34.352446423524981 ], [ 132.915439876846136, 34.353489694629936 ], [ 132.91418409152223, 34.354307765906121 ], [ 132.913784914370041, 34.355855725970351 ], [ 132.913395923737369, 34.355610759600111 ], [ 132.912372026583313, 34.354873567874279 ], [ 132.911978703437882, 34.354130824151483 ], [ 132.912405304817327, 34.3534013783174 ], [ 132.913394997466042, 34.352787229967817 ], [ 132.913443373588592, 34.352564657210522 ], [ 132.912024669774752, 34.350921051017245 ], [ 132.911079547866336, 34.349282706070255 ], [ 132.90916388072452, 34.349743717918614 ], [ 132.908375605806128, 34.350617332490707 ], [ 132.906828471189982, 34.350669680348929 ], [ 132.904759281372378, 34.352857373000468 ], [ 132.904928631928414, 34.351701573246515 ], [ 132.905366378244167, 34.351025894768348 ], [ 132.904305268804791, 34.350437312516441 ], [ 132.904990741980754, 34.349996924864108 ], [ 132.904905067892287, 34.349766009149903 ], [ 132.90415079842424, 34.349411933173194 ], [ 132.904036193682629, 34.349599124684971 ], [ 132.903728541852672, 34.349424482738236 ], [ 132.903587718283632, 34.349738055528441 ], [ 132.902961741695719, 34.349532883440652 ], [ 132.90383644902559, 34.347875348941599 ], [ 132.903062854717319, 34.347580965232297 ], [ 132.90381977637054, 34.346431202398215 ], [ 132.904175508539424, 34.346551323485826 ], [ 132.904848679794128, 34.345169077566688 ], [ 132.903855202820665, 34.344566977652761 ], [ 132.902712077163159, 34.34415227006518 ], [ 132.90299667604242, 34.343307787969337 ], [ 132.901482237680852, 34.343074337600711 ], [ 132.902049606276762, 34.345576697351369 ], [ 132.901020957352159, 34.345407368516177 ], [ 132.90020261982815, 34.344847569152442 ], [ 132.898231709888194, 34.344158738178585 ], [ 132.89729434731575, 34.343617096681797 ], [ 132.897087721402784, 34.343280544489588 ], [ 132.89631303829745, 34.342814827404474 ], [ 132.895910504190908, 34.342298856552773 ], [ 132.895297916699576, 34.342076984303134 ], [ 132.894433807832343, 34.340950445515212 ], [ 132.894779210809133, 34.339952082654897 ], [ 132.895249716734753, 34.339761093881933 ], [ 132.895579989185109, 34.339417540410594 ], [ 132.894588524228141, 34.338778294713023 ], [ 132.894440324617392, 34.338763822307513 ], [ 132.893752709057168, 34.339531937058915 ], [ 132.893745070348587, 34.340257698071753 ], [ 132.893495336041781, 34.340274533865021 ], [ 132.893437731777851, 34.339475630726888 ], [ 132.893764860595468, 34.339023356244859 ], [ 132.893396633097495, 34.338553235308957 ], [ 132.892645881854463, 34.338255682743871 ], [ 132.893566691363759, 34.337159955803855 ], [ 132.894539837606715, 34.335325940027424 ], [ 132.893704031921374, 34.335351472114155 ], [ 132.893486597975709, 34.335262893194496 ], [ 132.893472022993478, 34.335011261176632 ], [ 132.8930847602781, 34.334811424461805 ], [ 132.892340537503713, 34.334872885768768 ], [ 132.891693075220473, 34.334744030461657 ], [ 132.89170534775937, 34.334474209613035 ], [ 132.8905594338691, 34.334354778604975 ], [ 132.889956717284605, 34.333900401112317 ], [ 132.889568756122287, 34.333223742569963 ], [ 132.889256606910124, 34.33300950449761 ], [ 132.889291660104561, 34.332830685911865 ], [ 132.888461021083714, 34.332595136513817 ], [ 132.888118759818042, 34.331444628762469 ], [ 132.888174877769046, 34.330643926444743 ], [ 132.889386314128302, 34.330727917778745 ], [ 132.890302866003566, 34.330570655701386 ], [ 132.89197336510216, 34.329566009924854 ], [ 132.893251759539794, 34.329275439755072 ], [ 132.893419778280958, 34.329060756209621 ], [ 132.892710023745536, 34.328752819169971 ], [ 132.891857578794173, 34.328701950209307 ], [ 132.8911364581557, 34.327586513092953 ], [ 132.891472103270388, 34.32746549860898 ], [ 132.891658008213625, 34.325594041290557 ], [ 132.891171558717105, 34.325709891235448 ], [ 132.890962221248913, 34.327414988883227 ], [ 132.889333296690069, 34.326784540963274 ], [ 132.887526009875074, 34.326517135877033 ], [ 132.887093125257337, 34.326049628973749 ], [ 132.887723964994365, 34.325357384703771 ], [ 132.888795683131775, 34.325372901518726 ], [ 132.889212635862776, 34.325684984949767 ], [ 132.891686818991275, 34.325410891191865 ], [ 132.891822689716832, 34.325219078453451 ], [ 132.891745455473682, 34.32483737948801 ], [ 132.891978719238637, 34.324540188834867 ], [ 132.893561966239417, 34.323170499683194 ], [ 132.893293876730979, 34.32244271058341 ], [ 132.893113616387723, 34.322457303001613 ], [ 132.893065203142612, 34.322768612319152 ], [ 132.89132729901408, 34.323470400074555 ], [ 132.889762219405242, 34.323552620554878 ], [ 132.888756081163621, 34.324063406262837 ], [ 132.887181169735413, 34.322405448883494 ], [ 132.882904551533841, 34.327550435827938 ], [ 132.880947202671052, 34.329537309400941 ], [ 132.880396298492855, 34.330435833603367 ], [ 132.880029577452717, 34.330700113534 ], [ 132.87855918723659, 34.332658464585784 ], [ 132.876263214036527, 34.334589888831815 ], [ 132.874854996882078, 34.3346215651029 ], [ 132.874321596409629, 34.335491925109416 ], [ 132.873863363045416, 34.335812775373888 ], [ 132.872854429970033, 34.337091703269635 ], [ 132.872168146505913, 34.337238778858413 ], [ 132.871772411602763, 34.336724092282196 ], [ 132.870825545908332, 34.336815053161857 ], [ 132.869775262272384, 34.33716494490411 ], [ 132.868165240759566, 34.338325610257542 ], [ 132.867218922065575, 34.338484858537903 ], [ 132.867015117435159, 34.338746622612597 ], [ 132.866464655855509, 34.338822318863173 ], [ 132.865384922618034, 34.339347574771161 ], [ 132.864212397695496, 34.338939850254434 ], [ 132.863662132024245, 34.339346842498607 ], [ 132.863647456608959, 34.340060257468004 ], [ 132.863288166987189, 34.340521518917953 ], [ 132.863498724065096, 34.34106715007529 ], [ 132.862473923188304, 34.341705320500765 ], [ 132.862478458260711, 34.342566109324316 ], [ 132.861761894204506, 34.343418321329196 ], [ 132.862322292289292, 34.344857009219183 ], [ 132.862233900348201, 34.345998096305152 ], [ 132.861922439049522, 34.346333155057252 ], [ 132.861754549725845, 34.347015615823402 ], [ 132.863900306549112, 34.34772448101792 ], [ 132.864385630605142, 34.347696777982826 ], [ 132.865047209667779, 34.347245613116961 ], [ 132.865181015055242, 34.348199346476264 ], [ 132.864748837389129, 34.349208576098412 ], [ 132.865039251283321, 34.349534989073362 ], [ 132.865263792233691, 34.350227321675362 ], [ 132.866300609044004, 34.351282798994575 ], [ 132.867766903286991, 34.351716841089022 ], [ 132.86798448732921, 34.352650363924113 ], [ 132.869716630125254, 34.354768315113319 ], [ 132.869999874010432, 34.356027017031167 ], [ 132.870428323865383, 34.35636262967359 ], [ 132.870814990794372, 34.357078822522652 ], [ 132.871225944957274, 34.357474262303569 ], [ 132.873071197023449, 34.358766206286703 ], [ 132.873229843282559, 34.359809395611279 ], [ 132.874873186981745, 34.359178363698405 ], [ 132.876629625669182, 34.360234521462786 ], [ 132.877468232214198, 34.36015019059122 ], [ 132.877800809745878, 34.360491264024425 ], [ 132.877534175121838, 34.361211239174452 ], [ 132.877560934902277, 34.361544233648445 ], [ 132.87948633392935, 34.362718821877166 ], [ 132.880259856757505, 34.362734164119026 ], [ 132.881935767480684, 34.363107233267172 ], [ 132.88355753722854, 34.363115045404321 ], [ 132.884383965004986, 34.363706765645851 ], [ 132.886368874117011, 34.365867816892909 ], [ 132.886052977536593, 34.366083519828948 ], [ 132.886328813690199, 34.366447300892531 ], [ 132.887362018277713, 34.367375845898678 ], [ 132.889415775070489, 34.368798112320007 ], [ 132.889948989393048, 34.369801710839283 ], [ 132.890792383926964, 34.370259156280987 ], [ 132.89178372794666, 34.370496806942931 ], [ 132.892702719566444, 34.371030702124706 ], [ 132.894053379484347, 34.370865984865389 ], [ 132.895662183751114, 34.371094976295311 ], [ 132.89606225574758, 34.370086931197761 ], [ 132.896904080265841, 34.369558570433831 ], [ 132.897722131808393, 34.368235750283766 ], [ 132.899390768243023, 34.368129368448741 ], [ 132.900659594966953, 34.367439105858153 ], [ 132.90170747857448, 34.367319107583192 ], [ 132.902561429761533, 34.367457487237125 ], [ 132.902963922001533, 34.367146987877959 ], [ 132.903654618859719, 34.36719704106423 ], [ 132.904556492472835, 34.36799322437286 ], [ 132.905263409769134, 34.369651674761933 ], [ 132.905070746160817, 34.370303912398462 ], [ 132.905160798310732, 34.371173199233425 ], [ 132.904539190578447, 34.371777472208109 ], [ 132.904395562846418, 34.372250800604746 ], [ 132.904701983062921, 34.372525597843243 ], [ 132.905819997493694, 34.372991544745474 ], [ 132.906968598043193, 34.373859596932952 ], [ 132.907449011417725, 34.373896111430859 ], [ 132.90794655262755, 34.373449642712544 ] ] ] } },
{ "type": "Feature", "properties": { "CITY_NAME": "竹原市", "S_NAME": "東野町", "JINKO": 1079, "medical_area": "34_広島中央医療圏", "町丁目名": "竹原市東野町" }, "geometry": { "type": "Polygon", "coordinates": [ [ [ 132.888884219286354, 34.390669096316877 ], [ 132.889432093636373, 34.389345288592395 ], [ 132.890906674123045, 34.386910623304551 ], [ 132.891048560738341, 34.386202500355296 ], [ 132.891023589457234, 34.384950906093579 ], [ 132.890495629026162, 34.381303205801849 ], [ 132.889883188964205, 34.379828313990934 ], [ 132.888903871215263, 34.37881764429482 ], [ 132.885106172719759, 34.376375129069558 ], [ 132.884839878084676, 34.375182847711791 ], [ 132.885573401175776, 34.374787887713389 ], [ 132.885262984614485, 34.37408862625923 ], [ 132.885446349693979, 34.374055423990519 ], [ 132.885721571081348, 34.374324261307109 ], [ 132.88636491298081, 34.374400606213968 ], [ 132.886759495990447, 34.374214014030805 ], [ 132.887348446330549, 34.373593523744567 ], [ 132.888386689349716, 34.373244773296882 ], [ 132.888990708932994, 34.373253299464011 ], [ 132.890804746969366, 34.373785264907298 ], [ 132.892062798422188, 34.373425314042002 ], [ 132.892653673341783, 34.373033134011386 ], [ 132.892751372565812, 34.371756438414785 ], [ 132.893571785869199, 34.370995785582693 ], [ 132.892456312563468, 34.370962584649448 ], [ 132.89178372794666, 34.370496806942931 ], [ 132.890792383926964, 34.370259156280987 ], [ 132.889948989393048, 34.369801710839283 ], [ 132.889415775070489, 34.368798112320007 ], [ 132.887362018277713, 34.367375845898678 ], [ 132.886328813690199, 34.366447300892531 ], [ 132.886052977536593, 34.366083519828948 ], [ 132.886368874117011, 34.365867816892909 ], [ 132.884383965004986, 34.363706765645851 ], [ 132.88355753722854, 34.363115045404321 ], [ 132.881935767480684, 34.363107233267172 ], [ 132.880259856757505, 34.362734164119026 ], [ 132.87948633392935, 34.362718821877166 ], [ 132.877560934902277, 34.361544233648445 ], [ 132.877534175121838, 34.361211239174452 ], [ 132.877800809745878, 34.360491264024425 ], [ 132.877468232214198, 34.36015019059122 ], [ 132.876629625669182, 34.360234521462786 ], [ 132.874873186981745, 34.359178363698405 ], [ 132.87322984328253, 34.359809395611251 ], [ 132.873071197023449, 34.358766206286703 ], [ 132.871225944957274, 34.357474262303526 ], [ 132.870814990794372, 34.357078822522652 ], [ 132.870428323865355, 34.356362629673598 ], [ 132.869999874010432, 34.356027017031167 ], [ 132.869716630125225, 34.354768315113297 ], [ 132.86798448732921, 34.352650363924113 ], [ 132.867766903286963, 34.351716841089022 ], [ 132.866300609044004, 34.351282798994575 ], [ 132.865263792233691, 34.350227321675341 ], [ 132.865039251283321, 34.349534989073341 ], [ 132.864748837389129, 34.349208576098412 ], [ 132.865181015055242, 34.348199346476264 ], [ 132.865047209667779, 34.347245613116925 ], [ 132.864385630605057, 34.347696777982826 ], [ 132.863900306549112, 34.347724481017892 ], [ 132.861754549725845, 34.347015615823402 ], [ 132.861029129811158, 34.347213429027775 ], [ 132.860022820072686, 34.346392401979585 ], [ 132.859241741090898, 34.346312462025132 ], [ 132.85900228323743, 34.346653871187087 ], [ 132.858109409342973, 34.34689446400477 ], [ 132.857666222059549, 34.34741071023582 ], [ 132.85698172165641, 34.347350493419597 ], [ 132.856467332669212, 34.347578082419567 ], [ 132.856414150615507, 34.348176072501104 ], [ 132.856605092410149, 34.348378401427567 ], [ 132.856960003147861, 34.348636852321569 ], [ 132.857829734879488, 34.348724759320653 ], [ 132.858122272929563, 34.349509974236476 ], [ 132.858547014268026, 34.349889311796112 ], [ 132.858732436119595, 34.350462708989021 ], [ 132.859027641549403, 34.350785870552109 ], [ 132.859266182246927, 34.351544485302881 ], [ 132.856144950666248, 34.351553130642408 ], [ 132.855394867345723, 34.351892901986524 ], [ 132.854620069495638, 34.353162227981393 ], [ 132.854568933936037, 34.353747666480409 ], [ 132.854308682303923, 34.354282586368491 ], [ 132.854518966837361, 34.354741747710626 ], [ 132.854479429387851, 34.355432346415746 ], [ 132.854259904963556, 34.35621326854011 ], [ 132.854029670637885, 34.356467839145154 ], [ 132.854261445174558, 34.356926878909341 ], [ 132.854227067200583, 34.357724647867855 ], [ 132.854646199350668, 34.358464499989438 ], [ 132.854595045290097, 34.360893008334727 ], [ 132.855143274020492, 34.361635650117861 ], [ 132.856419234249387, 34.362707747296454 ], [ 132.85694527150531, 34.363630816159841 ], [ 132.856412564809091, 34.365310831106996 ], [ 132.855882964904254, 34.36579558742887 ], [ 132.855517767624747, 34.366655804214851 ], [ 132.855028809963017, 34.366851272800453 ], [ 132.85496671054031, 34.367151385197694 ], [ 132.854300667488388, 34.368056123619304 ], [ 132.854104148389808, 34.369022443508989 ], [ 132.854542932803099, 34.37032057874405 ], [ 132.855675321077371, 34.371186705261756 ], [ 132.855665091304104, 34.371773757892761 ], [ 132.855851445235629, 34.371933292116601 ], [ 132.856437344218477, 34.372012100051322 ], [ 132.857411779798838, 34.371713853413716 ], [ 132.85853333615276, 34.372305190295052 ], [ 132.858802533939667, 34.372596243647436 ], [ 132.860143575021596, 34.373179284752929 ], [ 132.861109906504197, 34.373207618810355 ], [ 132.862377891840509, 34.373546536955004 ], [ 132.864177872083417, 34.374462364768341 ], [ 132.864840663725289, 34.37446929375011 ], [ 132.86572768935585, 34.374790623257091 ], [ 132.867266148909465, 34.374783661867056 ], [ 132.869063854850964, 34.373876041477992 ], [ 132.869810231696164, 34.374868954472753 ], [ 132.870579589486255, 34.374753953335791 ], [ 132.87089453584025, 34.374852017315007 ], [ 132.871073871092534, 34.375193572887937 ], [ 132.870568439159371, 34.375740646404331 ], [ 132.870032940503137, 34.376801773138595 ], [ 132.870324235630648, 34.377153391956298 ], [ 132.87037680439812, 34.377781073040126 ], [ 132.869995621961152, 34.37825601275496 ], [ 132.869209083006723, 34.378631568596255 ], [ 132.869157319562731, 34.379450571095433 ], [ 132.868727459294263, 34.379804355430181 ], [ 132.868637522376275, 34.380102095285132 ], [ 132.869013524004089, 34.380316868881074 ], [ 132.869262264717179, 34.380947077567214 ], [ 132.868634957916441, 34.381146902800104 ], [ 132.868353591147098, 34.381466307381451 ], [ 132.868404279337085, 34.382138927326686 ], [ 132.868711651798037, 34.382501579999754 ], [ 132.868800543893116, 34.382886193579459 ], [ 132.869799768648107, 34.383480397451926 ], [ 132.870173008784235, 34.383900703900238 ], [ 132.870597730830582, 34.384006586196485 ], [ 132.871903326694536, 34.385111191515513 ], [ 132.87236023887229, 34.384749775472862 ], [ 132.872935272615848, 34.384712374276489 ], [ 132.873187118421669, 34.384778116062229 ], [ 132.87349423653032, 34.385152736928561 ], [ 132.874299446060206, 34.385477295849817 ], [ 132.87556753673141, 34.38518274903123 ], [ 132.876476772643116, 34.385345542981639 ], [ 132.876403670484478, 34.385802933516267 ], [ 132.876768366414524, 34.386514729520279 ], [ 132.877254208508788, 34.386928723912163 ], [ 132.877595063506021, 34.38770119535279 ], [ 132.878207460697411, 34.388215021214315 ], [ 132.878810105458484, 34.388070381458931 ], [ 132.879390888902378, 34.388451834118392 ], [ 132.879471057226738, 34.388817460446056 ], [ 132.879939488472132, 34.389093777179859 ], [ 132.88012250772951, 34.389883915349252 ], [ 132.880961233662362, 34.390562755931022 ], [ 132.881035234930749, 34.391160408983943 ], [ 132.883866345081969, 34.390671850950845 ], [ 132.884276666944459, 34.39078692241268 ], [ 132.884625882199259, 34.390622045294712 ], [ 132.885673014554413, 34.390790533876093 ], [ 132.886784877502805, 34.391402178116493 ], [ 132.888675625357621, 34.39186974605559 ], [ 132.888884219286354, 34.390669096316877 ] ] ] } },
{ "type": "Feature", "properties": { "CITY_NAME": "竹原市", "S_NAME": "新庄町", "JINKO": 524, "medical_area": "34_広島中央医療圏", "町丁目名": "竹原市新庄町" }, "geometry": { "type": "Polygon", "coordinates": [ [ [ 132.903496256116711, 34.429592327176323 ], [ 132.904051738632944, 34.429528411149548 ], [ 132.905348921511745, 34.427704873395285 ], [ 132.905547883366893, 34.427036836697503 ], [ 132.906559096986541, 34.426067949161187 ], [ 132.90629011197089, 34.425422035259309 ], [ 132.906385055186746, 34.425345819820734 ], [ 132.905723558508441, 34.424725233180212 ], [ 132.905613132763705, 34.423513789226433 ], [ 132.905758311466826, 34.423129208292032 ], [ 132.905617854258281, 34.42236827802838 ], [ 132.906025657020166, 34.421656865478681 ], [ 132.90604668774796, 34.420433923856066 ], [ 132.905655862429541, 34.419171215121047 ], [ 132.905799893548988, 34.418658464938652 ], [ 132.906870890027619, 34.417999124626981 ], [ 132.907194457255258, 34.417426269695738 ], [ 132.907611101040771, 34.415798662736314 ], [ 132.907209440583273, 34.415139189899072 ], [ 132.907681798838667, 34.414144126125585 ], [ 132.907727363005876, 34.413405326273555 ], [ 132.9073222704138, 34.412490355727968 ], [ 132.907279363177281, 34.41165377040236 ], [ 132.908805309862998, 34.40918465546882 ], [ 132.908785537916572, 34.408667524375637 ], [ 132.908949862908315, 34.408319582641234 ], [ 132.908718240392318, 34.407078287691249 ], [ 132.908831416585571, 34.406538235670794 ], [ 132.908271080691947, 34.405560797157477 ], [ 132.907633200456701, 34.404845551596843 ], [ 132.906585683884316, 34.404284208708496 ], [ 132.90645195409499, 34.403792983501553 ], [ 132.906047685174428, 34.403688088564742 ], [ 132.903755271426661, 34.402094825367456 ], [ 132.904342570153943, 34.401438108004726 ], [ 132.904364020320912, 34.400097817611318 ], [ 132.904927272978, 34.398785242369698 ], [ 132.906401951780822, 34.397853100193068 ], [ 132.906235136311523, 34.397492517047283 ], [ 132.9063712466087, 34.397222079822448 ], [ 132.907184896163272, 34.396696231722764 ], [ 132.907477813352358, 34.396673182423363 ], [ 132.908848877427772, 34.395616677540119 ], [ 132.908701561042307, 34.395164978132868 ], [ 132.908968103012711, 34.394637363949549 ], [ 132.910145434834988, 34.394515238895657 ], [ 132.91075060940986, 34.394102893125577 ], [ 132.910750905489891, 34.393222894675617 ], [ 132.91170176310024, 34.392926057373572 ], [ 132.912322482730218, 34.392266668122907 ], [ 132.913118446506019, 34.391941324771182 ], [ 132.912876450426666, 34.390988007883962 ], [ 132.913307091090019, 34.390509239971152 ], [ 132.913494007395599, 34.389362139030453 ], [ 132.912787056049751, 34.389087409531349 ], [ 132.912520296081567, 34.388482748904693 ], [ 132.911592343612028, 34.388576465090743 ], [ 132.911250923728772, 34.387673478383498 ], [ 132.911252830431124, 34.387197194529577 ], [ 132.912198121235122, 34.386415519215532 ], [ 132.912240528651779, 34.385937438683008 ], [ 132.91263228560905, 34.385790089122885 ], [ 132.913076800348563, 34.38526024301003 ], [ 132.913161723277113, 34.384279286572017 ], [ 132.914433113355472, 34.382393165506059 ], [ 132.914796907998522, 34.380181144389326 ], [ 132.914433266448953, 34.378410138152638 ], [ 132.913805125373528, 34.377893925788293 ], [ 132.912565599279475, 34.376225692063713 ], [ 132.911164835932141, 34.375857318709535 ], [ 132.91125968000992, 34.375538954498126 ], [ 132.912194892091264, 34.374886957735271 ], [ 132.912409133132513, 34.374480667915527 ], [ 132.912174864747328, 34.372401149952758 ], [ 132.911536614074976, 34.372767494004002 ], [ 132.910352356470099, 34.372699794854327 ], [ 132.908473863530872, 34.373410928831149 ], [ 132.90794655262755, 34.373449642712544 ], [ 132.907316368491223, 34.373948193840377 ], [ 132.906968598043193, 34.373859596932952 ], [ 132.905819997493694, 34.372991544745474 ], [ 132.904701983062921, 34.372525597843243 ], [ 132.904395562846418, 34.372250800604746 ], [ 132.904539190578447, 34.371777472208109 ], [ 132.905160798310732, 34.371173199233425 ], [ 132.905070746160817, 34.370303912398462 ], [ 132.905263409769134, 34.369651674761933 ], [ 132.90427471730726, 34.36763080310822 ], [ 132.903819829513139, 34.367266048794185 ], [ 132.90312414001059, 34.36712150873543 ], [ 132.902561429761533, 34.367457487237125 ], [ 132.90170747857448, 34.367319107583192 ], [ 132.900659594966953, 34.367439105858153 ], [ 132.899085369205324, 34.368210089110981 ], [ 132.897722131808393, 34.368235750283766 ], [ 132.896904080265841, 34.369558570433831 ], [ 132.89606225574758, 34.370086931197761 ], [ 132.895662183751114, 34.371094976295311 ], [ 132.894053379484347, 34.370865984865389 ], [ 132.893571785869199, 34.370995785582693 ], [ 132.892751372565812, 34.371756438414785 ], [ 132.892653673341783, 34.373033134011386 ], [ 132.892062798422188, 34.373425314042002 ], [ 132.890804746969366, 34.373785264907298 ], [ 132.888990708932994, 34.373253299464011 ], [ 132.888386689349716, 34.373244773296882 ], [ 132.887348446330549, 34.373593523744567 ], [ 132.886759495990447, 34.374214014030805 ], [ 132.88636491298081, 34.374400606213968 ], [ 132.885721571081348, 34.374324261307109 ], [ 132.885446349693979, 34.374055423990519 ], [ 132.885262984614485, 34.37408862625923 ], [ 132.885573401175776, 34.374787887713389 ], [ 132.884839878084676, 34.375182847711791 ], [ 132.885106172719759, 34.376375129069558 ], [ 132.888903871215263, 34.37881764429482 ], [ 132.889883188964205, 34.379828313990934 ], [ 132.890495629026162, 34.381303205801849 ], [ 132.891023589457234, 34.384950906093579 ], [ 132.891048560738341, 34.386202500355296 ], [ 132.890906674123045, 34.386910623304551 ], [ 132.890553966226094, 34.387603079979428 ], [ 132.889432093636373, 34.389345288592395 ], [ 132.888820963118491, 34.390860898978573 ], [ 132.888642591081293, 34.391792751639642 ], [ 132.888915388083319, 34.392086935367438 ], [ 132.889026448991729, 34.39269985644146 ], [ 132.889497110066458, 34.393494605254254 ], [ 132.891685706871527, 34.395376567797975 ], [ 132.891852255997662, 34.395829840601444 ], [ 132.891643466597515, 34.396571567499045 ], [ 132.891761993050437, 34.397003011759743 ], [ 132.891147375833583, 34.397005256212061 ], [ 132.890824239951627, 34.398603643968833 ], [ 132.889974148010737, 34.399673981289943 ], [ 132.888882155463136, 34.399861727257985 ], [ 132.888115891871678, 34.400675613090186 ], [ 132.888060445058159, 34.401191753350901 ], [ 132.887712960605768, 34.401353393775139 ], [ 132.886636209402553, 34.403006478396996 ], [ 132.885380123285358, 34.40349305636218 ], [ 132.884504172246977, 34.40337721183063 ], [ 132.883422133507622, 34.405131442961 ], [ 132.882586874422543, 34.404998731100029 ], [ 132.88216745180776, 34.405417277618241 ], [ 132.882137565377121, 34.405638314257459 ], [ 132.882232960101589, 34.406378513473292 ], [ 132.882614772964843, 34.407291833147518 ], [ 132.883750398286367, 34.407497149899903 ], [ 132.884813904440392, 34.407359192669489 ], [ 132.885378407154235, 34.407440252187911 ], [ 132.885810057508138, 34.407241225878799 ], [ 132.886560511260512, 34.408224216398118 ], [ 132.886607639755141, 34.409078088093942 ], [ 132.886794268168956, 34.409751269251949 ], [ 132.887041809208739, 34.410008708736441 ], [ 132.887836937427039, 34.409823459887384 ], [ 132.888482726144218, 34.410185043113991 ], [ 132.889475293909015, 34.409798463461577 ], [ 132.89027188919269, 34.410392551065229 ], [ 132.891043850056263, 34.410603648122311 ], [ 132.8921150197109, 34.411423452280239 ], [ 132.894162882304784, 34.411201172764287 ], [ 132.894979675224675, 34.410810657410295 ], [ 132.894351034662094, 34.411643057421472 ], [ 132.894140359285387, 34.412669051020529 ], [ 132.893690497266533, 34.413609969522092 ], [ 132.893396620537374, 34.413597339582893 ], [ 132.892467683534903, 34.414111324180773 ], [ 132.891505558130604, 34.414316594794769 ], [ 132.890850015062085, 34.415913968251289 ], [ 132.89204997061421, 34.416518504815237 ], [ 132.892287032981613, 34.41678952584251 ], [ 132.892184910683255, 34.418233493136135 ], [ 132.893618924717543, 34.419062724965691 ], [ 132.894510023965552, 34.419110572350291 ], [ 132.894099130147964, 34.420622602855005 ], [ 132.893390032029913, 34.421531275306918 ], [ 132.894260290183468, 34.421839843480022 ], [ 132.895039522465368, 34.422599565215314 ], [ 132.895946057452761, 34.4238668982807 ], [ 132.896803785684227, 34.423890688235574 ], [ 132.897691754914689, 34.424626908898659 ], [ 132.897758832960847, 34.424786106171148 ], [ 132.897282842818697, 34.425398030071939 ], [ 132.897442126979996, 34.426359735486756 ], [ 132.896949119237689, 34.427029791402923 ], [ 132.896699768041998, 34.427787282334457 ], [ 132.896913829888121, 34.428253672720139 ], [ 132.898659455407937, 34.428755302785646 ], [ 132.899747826769214, 34.428707941339184 ], [ 132.90122994541403, 34.429476771804822 ], [ 132.902455746810489, 34.429398557741372 ], [ 132.903496256116711, 34.429592327176323 ] ] ] } },
{ "type": "Feature", "properties": { "CITY_NAME": "竹原市", "S_NAME": "西野町", "JINKO": 1025, "medical_area": "34_広島中央医療圏", "町丁目名": "竹原市西野町" }, "geometry": { "type": "Polygon", "coordinates": [ [ [ 132.869039483397955, 34.408992077957919 ], [ 132.870331465069455, 34.408699376671073 ], [ 132.871046951161986, 34.408263508376862 ], [ 132.873572747551833, 34.408275215897739 ], [ 132.875042232756613, 34.4076159309883 ], [ 132.875458230133432, 34.407313489645141 ], [ 132.875534347078855, 34.407019924120277 ], [ 132.876103473642843, 34.406943369822706 ], [ 132.876292927007341, 34.406111778363936 ], [ 132.876895466761738, 34.405342859019186 ], [ 132.877322056644914, 34.405829006135754 ], [ 132.877746320483169, 34.406046269796136 ], [ 132.879146349967186, 34.405941051363882 ], [ 132.879624280483938, 34.406670709930076 ], [ 132.880880371616769, 34.406317702060292 ], [ 132.882232960101589, 34.406378513473292 ], [ 132.88216745180776, 34.405417277618241 ], [ 132.882586874422543, 34.404998731100029 ], [ 132.883422133507622, 34.405131442961 ], [ 132.884504172246977, 34.40337721183063 ], [ 132.885380123285358, 34.40349305636218 ], [ 132.88648614551991, 34.403123989746199 ], [ 132.887182339981393, 34.402329973917098 ], [ 132.887259726173369, 34.401943152035628 ], [ 132.887712960605768, 34.401353393775139 ], [ 132.888060445058159, 34.401191753350901 ], [ 132.888115891871678, 34.400675613090186 ], [ 132.888882155463136, 34.399861727257985 ], [ 132.889974148010737, 34.399673981289943 ], [ 132.890824239951627, 34.398603643968833 ], [ 132.891147375833583, 34.397005256212061 ], [ 132.891761993050437, 34.397003011759743 ], [ 132.891643466597515, 34.396571567499045 ], [ 132.891852255997662, 34.395829840601444 ], [ 132.891685706871527, 34.395376567797996 ], [ 132.889497110066458, 34.393494605254254 ], [ 132.889026448991729, 34.39269985644146 ], [ 132.888915388083319, 34.392086935367438 ], [ 132.888675625357621, 34.39186974605559 ], [ 132.886784877502805, 34.391402178116493 ], [ 132.885673014554413, 34.390790533876093 ], [ 132.884625882199259, 34.390622045294712 ], [ 132.884276666944459, 34.39078692241268 ], [ 132.883866345081969, 34.390671850950845 ], [ 132.881035234930749, 34.391160408983943 ], [ 132.880961233662362, 34.390562755931022 ], [ 132.88012250772951, 34.389883915349252 ], [ 132.879939488472132, 34.389093777179859 ], [ 132.879471057226738, 34.388817460446056 ], [ 132.879390888902378, 34.388451834118392 ], [ 132.878810105458484, 34.388070381458931 ], [ 132.878207460697411, 34.388215021214315 ], [ 132.877595063506021, 34.38770119535279 ], [ 132.877254208508788, 34.386928723912163 ], [ 132.876768366414524, 34.386514729520279 ], [ 132.876403670484478, 34.385802933516267 ], [ 132.876476772643116, 34.385345542981639 ], [ 132.87556753673141, 34.38518274903123 ], [ 132.874299446060206, 34.385477295849817 ], [ 132.87349423653032, 34.385152736928561 ], [ 132.873187118421669, 34.384778116062229 ], [ 132.872935272615848, 34.384712374276489 ], [ 132.87234285116449, 34.384758327638416 ], [ 132.872645380394147, 34.385365400965917 ], [ 132.872777125139436, 34.386751872631635 ], [ 132.873041978832362, 34.38760946022289 ], [ 132.87302797449172, 34.388478231914135 ], [ 132.872528334666015, 34.388946796056914 ], [ 132.872224327709773, 34.389186182243407 ], [ 132.871230498653404, 34.388653962498019 ], [ 132.871140489136252, 34.388891974021426 ], [ 132.870443664862336, 34.389338995274457 ], [ 132.869866739986719, 34.389313015133098 ], [ 132.869224494563667, 34.390424302996152 ], [ 132.868355569971555, 34.390928788642995 ], [ 132.86692602921579, 34.3923965982124 ], [ 132.86626462132179, 34.39267548912288 ], [ 132.86563202533614, 34.392501904223046 ], [ 132.864774451325871, 34.392829098708802 ], [ 132.86396607274483, 34.392916963569398 ], [ 132.862874653267198, 34.39167091897054 ], [ 132.862943738029799, 34.391319072863602 ], [ 132.862703260462609, 34.390884754987226 ], [ 132.862747351840227, 34.390300627956428 ], [ 132.862618458530761, 34.390094716833772 ], [ 132.861621306212754, 34.389883318733879 ], [ 132.861202854431866, 34.389557345762022 ], [ 132.860153972483488, 34.389299743897688 ], [ 132.859713306443723, 34.388947411172921 ], [ 132.859634755760226, 34.388319327048684 ], [ 132.85931865942689, 34.387947975091954 ], [ 132.85882565096793, 34.387480571829634 ], [ 132.856473876005026, 34.38610102965886 ], [ 132.855703937023577, 34.384959867387721 ], [ 132.85474619917963, 34.385070638367218 ], [ 132.854219675840852, 34.385578465750065 ], [ 132.853948285326226, 34.385287982301577 ], [ 132.853600545851833, 34.385229227038749 ], [ 132.852767778020478, 34.384674396681923 ], [ 132.852495131537864, 34.384223894239959 ], [ 132.851651792705951, 34.384720531427327 ], [ 132.850757073422045, 34.384792602210126 ], [ 132.849214127687048, 34.38409959265902 ], [ 132.849298668082014, 34.383619474119918 ], [ 132.848310221818679, 34.382309318591481 ], [ 132.848055383670015, 34.382191287973569 ], [ 132.847453653286152, 34.382279587743987 ], [ 132.847198536821764, 34.382126905029061 ], [ 132.846442015969586, 34.382519208159344 ], [ 132.845810084065334, 34.383796574377946 ], [ 132.845119780990416, 34.384180472177526 ], [ 132.844774627521218, 34.384609637632281 ], [ 132.844125542235872, 34.384564506115424 ], [ 132.842748385742283, 34.385559900125472 ], [ 132.84122060852448, 34.385728950579249 ], [ 132.839706674257826, 34.386832828750542 ], [ 132.838968701800326, 34.38665941303266 ], [ 132.837461751718962, 34.387552763917483 ], [ 132.83696730014853, 34.387681557549051 ], [ 132.836492853389245, 34.388146481638294 ], [ 132.835806102703856, 34.388202233590476 ], [ 132.835480704044983, 34.388650558257879 ], [ 132.834976622449489, 34.39110844308393 ], [ 132.835256039277084, 34.391217629239328 ], [ 132.835455505942832, 34.39164152113996 ], [ 132.835855805769341, 34.391822446273707 ], [ 132.835997573146358, 34.392239610803024 ], [ 132.834834847668162, 34.393384170896944 ], [ 132.834847874148011, 34.393986574937038 ], [ 132.833885567595985, 34.394420750107876 ], [ 132.8322757057731, 34.39549512942601 ], [ 132.831834175478519, 34.395513867396815 ], [ 132.831065016921457, 34.394952482986525 ], [ 132.830554054730868, 34.395359665880953 ], [ 132.830336710775214, 34.395803429183573 ], [ 132.830309179994117, 34.396119530286143 ], [ 132.831164398949966, 34.397326722501489 ], [ 132.831547876621215, 34.399144282753532 ], [ 132.831860350807204, 34.39963700711305 ], [ 132.832925233476374, 34.399496268640291 ], [ 132.83314786781591, 34.398853295218849 ], [ 132.833850200237237, 34.39834152632065 ], [ 132.834322528324634, 34.398437834520166 ], [ 132.8343030371731, 34.39802902305113 ], [ 132.834598113728276, 34.397650049130625 ], [ 132.834825261020029, 34.397590493024246 ], [ 132.835471241036942, 34.397708233271608 ], [ 132.83630529478603, 34.398296816378036 ], [ 132.83648674421886, 34.398614727374706 ], [ 132.837174595390138, 34.398547980589377 ], [ 132.837696017227842, 34.398675547895373 ], [ 132.837756664859228, 34.398126984418589 ], [ 132.838291713377572, 34.397591583537988 ], [ 132.838289082086561, 34.397263674286762 ], [ 132.839638190644393, 34.396514880155983 ], [ 132.84143745742827, 34.396812710573251 ], [ 132.842976172259313, 34.396388638912185 ], [ 132.843845944506342, 34.39669821069014 ], [ 132.844899589909261, 34.396287936845546 ], [ 132.845248207725234, 34.396497147326855 ], [ 132.845277203900878, 34.396730675824571 ], [ 132.846256532097243, 34.396848752983608 ], [ 132.847024113384407, 34.396583875244893 ], [ 132.847297737535939, 34.39623639031857 ], [ 132.847568145323152, 34.396163040609316 ], [ 132.848797056725374, 34.396306614231484 ], [ 132.849251001593842, 34.396802865850304 ], [ 132.849473119134672, 34.39680922956051 ], [ 132.850512455144155, 34.396575210482801 ], [ 132.851043186494053, 34.396265436607656 ], [ 132.853194618138019, 34.396618458177308 ], [ 132.853467069025953, 34.397225163555483 ], [ 132.854313493527059, 34.397572968661677 ], [ 132.855149576640628, 34.397364425901237 ], [ 132.855939316671169, 34.397394898363416 ], [ 132.85690230758874, 34.397961910110674 ], [ 132.857487182009919, 34.39777956357225 ], [ 132.858126051469213, 34.397906661444893 ], [ 132.858993089899286, 34.397424224642656 ], [ 132.859984155469704, 34.397432822009051 ], [ 132.861712286091858, 34.398235894811698 ], [ 132.861825465071206, 34.398650364096 ], [ 132.861714788649664, 34.399367126486823 ], [ 132.862422399973667, 34.401194689826916 ], [ 132.86240594408082, 34.401888658333895 ], [ 132.863000990857927, 34.4024374280256 ], [ 132.863397180826809, 34.402559541415584 ], [ 132.863321292180899, 34.403876583637832 ], [ 132.863610689643792, 34.404623308162002 ], [ 132.863841796971201, 34.404885249221628 ], [ 132.867008663340073, 34.406228041585045 ], [ 132.867304863755464, 34.407665621780531 ], [ 132.868038498068387, 34.408304269834204 ], [ 132.868629331417907, 34.409236861580332 ], [ 132.869039483397955, 34.408992077957919 ] ] ] } },
{ "type": "Feature", "properties": { "CITY_NAME": "竹原市", "S_NAME": "仁賀町", "JINKO": 237, "medical_area": "34_広島中央医療圏", "町丁目名": "竹原市仁賀町" }, "geometry": { "type": "Polygon", "coordinates": [ [ [ 132.828402764990727, 34.39642509063421 ], [ 132.830309179994117, 34.396119530286143 ], [ 132.830554054730868, 34.395359665880953 ], [ 132.831065016921457, 34.394952482986525 ], [ 132.831619150233905, 34.395414036772436 ], [ 132.832088229787303, 34.395542631426828 ], [ 132.832617492874533, 34.395364806891799 ], [ 132.833885567595985, 34.394420750107876 ], [ 132.834763104068855, 34.394101701051824 ], [ 132.834834847668162, 34.393384170896944 ], [ 132.835997573146358, 34.392239610803024 ], [ 132.835855805769341, 34.391822446273707 ], [ 132.835455505942832, 34.39164152113996 ], [ 132.835256039277084, 34.391217629239328 ], [ 132.834976622449489, 34.39110844308393 ], [ 132.835480704044983, 34.388650558257879 ], [ 132.835806102703856, 34.388202233590476 ], [ 132.836492853389245, 34.388146481638294 ], [ 132.83696730014853, 34.387681557549051 ], [ 132.837461751718962, 34.387552763917483 ], [ 132.838968701800326, 34.38665941303266 ], [ 132.839706674257826, 34.386832828750542 ], [ 132.84122060852448, 34.385728950579249 ], [ 132.842748385742283, 34.385559900125472 ], [ 132.844125542235872, 34.384564506115424 ], [ 132.844774627521218, 34.384609637632281 ], [ 132.845119780990416, 34.384180472177526 ], [ 132.845810084065334, 34.383796574377946 ], [ 132.846442015969586, 34.382519208159344 ], [ 132.847084977082289, 34.382140216537714 ], [ 132.848310221818679, 34.382309318591481 ], [ 132.849298668082014, 34.383619474119918 ], [ 132.849214127687048, 34.38409959265902 ], [ 132.850757073422045, 34.384792602210126 ], [ 132.851651792705951, 34.384720531427327 ], [ 132.852495131537864, 34.384223894239959 ], [ 132.852767778020478, 34.384674396681923 ], [ 132.853600545851833, 34.385229227038749 ], [ 132.853948285326226, 34.385287982301577 ], [ 132.854219675840852, 34.385578465750065 ], [ 132.85474619917963, 34.385070638367218 ], [ 132.855703937023577, 34.384959867387721 ], [ 132.856473876005026, 34.38610102965886 ], [ 132.85882565096793, 34.387480571829634 ], [ 132.85931865942689, 34.387947975091954 ], [ 132.859634755760226, 34.388319327048684 ], [ 132.859713306443723, 34.388947411172921 ], [ 132.860153972483488, 34.389299743897688 ], [ 132.861202854431866, 34.389557345762022 ], [ 132.861621306212754, 34.389883318733879 ], [ 132.862618458530761, 34.390094716833772 ], [ 132.862747351840227, 34.390300627956428 ], [ 132.862703260462609, 34.390884754987226 ], [ 132.862943738029799, 34.391319072863602 ], [ 132.862874653267198, 34.39167091897054 ], [ 132.86396607274483, 34.392916963569398 ], [ 132.864774451325871, 34.392829098708802 ], [ 132.86563202533614, 34.392501904223046 ], [ 132.86626462132179, 34.39267548912288 ], [ 132.86692602921579, 34.3923965982124 ], [ 132.868355569971555, 34.390928788642995 ], [ 132.869224494563667, 34.390424302996152 ], [ 132.869866739986719, 34.389313015133098 ], [ 132.870443664862336, 34.389338995274457 ], [ 132.871140489136252, 34.388891974021426 ], [ 132.871230498653404, 34.388653962498019 ], [ 132.872224327709773, 34.389186182243407 ], [ 132.87302797449172, 34.388478231914135 ], [ 132.873041978832362, 34.38760946022289 ], [ 132.872777125139436, 34.386751872631635 ], [ 132.872645380394147, 34.385365400965917 ], [ 132.87234285116449, 34.384758327638416 ], [ 132.871903326694536, 34.385111191515513 ], [ 132.870597730830582, 34.384006586196485 ], [ 132.870173008784235, 34.383900703900238 ], [ 132.869799768648107, 34.383480397451926 ], [ 132.868800543893116, 34.382886193579459 ], [ 132.868353181909299, 34.381956096448071 ], [ 132.868460241009501, 34.381282571689511 ], [ 132.869262264717179, 34.380947077567214 ], [ 132.869013524004089, 34.380316868881074 ], [ 132.868637522376275, 34.380102095285132 ], [ 132.868727459294263, 34.379804355430181 ], [ 132.869157319562731, 34.379450571095433 ], [ 132.869209083006723, 34.378631568596255 ], [ 132.869995621961152, 34.37825601275496 ], [ 132.87037680439812, 34.377781073040126 ], [ 132.870324235630648, 34.377153391956298 ], [ 132.870032940503137, 34.376801773138595 ], [ 132.870568439159371, 34.375740646404331 ], [ 132.871073871092534, 34.375193572887937 ], [ 132.871015681804778, 34.374929923429526 ], [ 132.870579589486255, 34.374753953335791 ], [ 132.869810231696164, 34.374868954472753 ], [ 132.869063854850964, 34.373876041477992 ], [ 132.867266148909465, 34.374783661867099 ], [ 132.86572768935585, 34.374790623257091 ], [ 132.864840663725289, 34.37446929375011 ], [ 132.864177872083417, 34.374462364768377 ], [ 132.862377891840509, 34.373546536955004 ], [ 132.861109906504197, 34.373207618810355 ], [ 132.860143575021624, 34.373179284752929 ], [ 132.858802533939695, 34.372596243647436 ], [ 132.85853333615276, 34.372305190295052 ], [ 132.857411779798838, 34.371713853413716 ], [ 132.856437344218477, 34.372012100051322 ], [ 132.855851445235629, 34.371933292116601 ], [ 132.855665091304104, 34.371773757892761 ], [ 132.855675321077427, 34.371186705261756 ], [ 132.854542932803099, 34.370320578744071 ], [ 132.854104148389808, 34.369022443508989 ], [ 132.854300667488388, 34.368056123619304 ], [ 132.85496671054031, 34.367151385197694 ], [ 132.855028809963017, 34.366851272800453 ], [ 132.855517767624747, 34.366655804214851 ], [ 132.855882964904254, 34.36579558742887 ], [ 132.856412564809091, 34.365310831106996 ], [ 132.85694527150531, 34.363630816159841 ], [ 132.856419234249387, 34.362707747296454 ], [ 132.85464342827413, 34.361024725822894 ], [ 132.854511417514232, 34.360402850025068 ], [ 132.854679058500494, 34.3598559143066 ], [ 132.854646199350668, 34.358464499989438 ], [ 132.854227067200583, 34.357724647867855 ], [ 132.854261445174558, 34.356926878909341 ], [ 132.854029670637885, 34.356467839145154 ], [ 132.853398447051291, 34.356372504369006 ], [ 132.852959092957946, 34.355982807173817 ], [ 132.851258749514159, 34.355709776452159 ], [ 132.850262501366387, 34.355082448535491 ], [ 132.849658949850408, 34.354836774933617 ], [ 132.849163925903838, 34.354831372047684 ], [ 132.848675022436225, 34.355729304996217 ], [ 132.847670200473743, 34.356923820924891 ], [ 132.847614239369875, 34.358186149610283 ], [ 132.845718638481031, 34.358623549012741 ], [ 132.844925190805782, 34.358987597715021 ], [ 132.844664440993, 34.359323321537246 ], [ 132.843025049405298, 34.35916480040099 ], [ 132.841317354941168, 34.359814497283153 ], [ 132.841024152159605, 34.360230544589285 ], [ 132.839770516481252, 34.360817694662337 ], [ 132.838375118513284, 34.362225590178973 ], [ 132.83781536340021, 34.362554917058567 ], [ 132.836239752825435, 34.361798397583101 ], [ 132.836017086897726, 34.361844275290146 ], [ 132.834959165524992, 34.362399874457282 ], [ 132.833853664444945, 34.362514535043978 ], [ 132.833335983120179, 34.363209434740298 ], [ 132.831544917913789, 34.364182443770879 ], [ 132.83077671315209, 34.364034212224894 ], [ 132.830153838886872, 34.364140292421332 ], [ 132.829570606760996, 34.36382834849401 ], [ 132.829001553383165, 34.363294042937795 ], [ 132.828872573882222, 34.362629158566868 ], [ 132.827952652661025, 34.362821217584234 ], [ 132.826162825292755, 34.363958665353998 ], [ 132.825658464006096, 34.364486672561718 ], [ 132.825578851780989, 34.364645573470945 ], [ 132.825879113770213, 34.365276993744835 ], [ 132.825273479370907, 34.365552694228633 ], [ 132.824604441409321, 34.365394591847675 ], [ 132.823860740771778, 34.366344780318748 ], [ 132.821824580739417, 34.366545604523068 ], [ 132.821214856611277, 34.366761291154134 ], [ 132.820018939478047, 34.367866136003464 ], [ 132.819145859370565, 34.367944890594153 ], [ 132.817984094926942, 34.368716107732055 ], [ 132.815529926594792, 34.369534039600552 ], [ 132.814150721977228, 34.369446829001397 ], [ 132.813392452974171, 34.369161226970569 ], [ 132.812740180870918, 34.36911184945631 ], [ 132.812190818765572, 34.369538463367469 ], [ 132.812411904492876, 34.370078915191918 ], [ 132.812294828887445, 34.370633269991529 ], [ 132.811879545090648, 34.371288789364954 ], [ 132.812055818610361, 34.372541693265156 ], [ 132.811049604669222, 34.372838583388962 ], [ 132.809712927317889, 34.374034360304975 ], [ 132.809359844823575, 34.374169891842911 ], [ 132.808353174646015, 34.373921044592663 ], [ 132.807328527103493, 34.374309973312322 ], [ 132.805291548510354, 34.3743601810298 ], [ 132.803877016982142, 34.373582221064311 ], [ 132.802237927739668, 34.373364780148826 ], [ 132.80121694463071, 34.372269777541021 ], [ 132.800801640800586, 34.372073870465648 ], [ 132.800576606266361, 34.371519042269853 ], [ 132.800145581920219, 34.371349696318241 ], [ 132.79941550464261, 34.371627304864717 ], [ 132.798191026729256, 34.371503317055698 ], [ 132.797842205415947, 34.371686685770477 ], [ 132.798802949739269, 34.372712723984179 ], [ 132.798150131725237, 34.373207702969907 ], [ 132.797925446414069, 34.373758230001265 ], [ 132.797333226788425, 34.373847061206028 ], [ 132.796764138849625, 34.373312159222344 ], [ 132.796162046927066, 34.373143670666281 ], [ 132.795898378510941, 34.372212918472371 ], [ 132.795998390694507, 34.371753751113374 ], [ 132.795874153467651, 34.371366726474541 ], [ 132.796623820737437, 34.370518125577092 ], [ 132.796697554973974, 34.370004719813565 ], [ 132.796529854911171, 34.36992641145234 ], [ 132.796314700994941, 34.369891169937674 ], [ 132.795734482099277, 34.370517883730997 ], [ 132.79518157890908, 34.370012466168127 ], [ 132.794512040345211, 34.369867411467197 ], [ 132.794194778477049, 34.37027331020554 ], [ 132.793531014030521, 34.370372339517026 ], [ 132.792208581580752, 34.370987888817247 ], [ 132.791218896761876, 34.371138006912297 ], [ 132.790120218983787, 34.370805496229359 ], [ 132.789085813601361, 34.370823830652839 ], [ 132.787703348732208, 34.371396679420648 ], [ 132.786185615555524, 34.37035668983355 ], [ 132.78571302635541, 34.371563492875488 ], [ 132.78595479917081, 34.372243658137059 ], [ 132.786364000420207, 34.372700123036871 ], [ 132.786330340172469, 34.372990763415181 ], [ 132.785125309919664, 34.375247067042515 ], [ 132.785839027173608, 34.376520444462905 ], [ 132.78640737986575, 34.376963001408406 ], [ 132.787008414609403, 34.3777931981002 ], [ 132.787871264609691, 34.378404141453814 ], [ 132.787509273342351, 34.379544187828643 ], [ 132.788398723979356, 34.380491662746294 ], [ 132.788209988545475, 34.381195410179096 ], [ 132.788878609632604, 34.382328392766553 ], [ 132.789843027498904, 34.383096708468038 ], [ 132.790569812909126, 34.38325373443945 ], [ 132.790725347179972, 34.383657652660325 ], [ 132.791476228645251, 34.383838074497383 ], [ 132.791662201007483, 34.384227325273528 ], [ 132.792542700564866, 34.384546252983945 ], [ 132.793038559221998, 34.384998994463366 ], [ 132.793317584009628, 34.38560089379196 ], [ 132.795001993061419, 34.385601264831763 ], [ 132.795449605692966, 34.385429221658462 ], [ 132.796253065302636, 34.385638215791232 ], [ 132.796208856165407, 34.386137106508379 ], [ 132.795398659561869, 34.387064371651931 ], [ 132.7955170265368, 34.387735835034206 ], [ 132.796248850489604, 34.388561346075868 ], [ 132.797634614620563, 34.389408690395634 ], [ 132.798963712871483, 34.389387323929967 ], [ 132.799635096192077, 34.389710804211362 ], [ 132.800185918660901, 34.390510042692952 ], [ 132.800231471577661, 34.391057349819015 ], [ 132.799970192936343, 34.391665550273018 ], [ 132.800163032792057, 34.392096445611308 ], [ 132.800967463711885, 34.391850131389177 ], [ 132.801638087822084, 34.392356021562868 ], [ 132.802681117874869, 34.392825740728391 ], [ 132.803892910294678, 34.392281191605619 ], [ 132.805575277834066, 34.391999563244809 ], [ 132.805927472424258, 34.391609361136162 ], [ 132.806379517860762, 34.391451624961412 ], [ 132.806588553440832, 34.39142883870089 ], [ 132.807005638098303, 34.391827698365248 ], [ 132.807416474597034, 34.391980920434975 ], [ 132.808062430120316, 34.391816810879206 ], [ 132.808651826858352, 34.391383661592499 ], [ 132.809878011586989, 34.391299607980223 ], [ 132.810520857508948, 34.39263612544616 ], [ 132.811864532111912, 34.393062349418088 ], [ 132.812470805980695, 34.392703754334576 ], [ 132.813060643540666, 34.39261668763227 ], [ 132.813401288897637, 34.392732650794308 ], [ 132.813670534997385, 34.392403440088358 ], [ 132.81504295793016, 34.392073604671175 ], [ 132.815090406880955, 34.392458473357983 ], [ 132.815467035520584, 34.392437039404008 ], [ 132.815808968869391, 34.393361964679826 ], [ 132.816267118731361, 34.393977078308346 ], [ 132.816233662142452, 34.394829900166279 ], [ 132.81747149628282, 34.394450743039457 ], [ 132.817779307847275, 34.393766203310598 ], [ 132.818156231193626, 34.39349782668544 ], [ 132.819272184614533, 34.393443990401892 ], [ 132.82038210710968, 34.393057881454887 ], [ 132.821375549600134, 34.39360926207047 ], [ 132.822712121244166, 34.393650001688513 ], [ 132.823018442184065, 34.392937850905582 ], [ 132.823733591081862, 34.392248439411411 ], [ 132.824249017338587, 34.393172548841285 ], [ 132.824986014578485, 34.393720630388827 ], [ 132.825261561140849, 34.394248229568362 ], [ 132.826955976988671, 34.394738468829075 ], [ 132.827412743129884, 34.395101262259899 ], [ 132.828455818031728, 34.395542023564772 ], [ 132.828402764990727, 34.39642509063421 ] ] ] } },
{ "type": "Feature", "properties": { "CITY_NAME": "竹原市", "S_NAME": "田万里町", "JINKO": 323, "medical_area": "34_広島中央医療圏", "町丁目名": "竹原市田万里町" }, "geometry": { "type": "Polygon", "coordinates": [ [ [ 132.812772589667219, 34.424510542012236 ], [ 132.813453258260608, 34.424465394700135 ], [ 132.814290619225375, 34.42406769400862 ], [ 132.814675372120689, 34.423679426064275 ], [ 132.815685035808713, 34.423325172695037 ], [ 132.816732690370401, 34.423499629412007 ], [ 132.817302562085274, 34.422696245044143 ], [ 132.818312212316414, 34.42218406390181 ], [ 132.818768309638102, 34.421414799838011 ], [ 132.819235629983694, 34.420981701892288 ], [ 132.819677333255754, 34.420095596650135 ], [ 132.820543738290269, 34.419606836656023 ], [ 132.820591838157327, 34.419044555286135 ], [ 132.821630424836229, 34.41841654363796 ], [ 132.823281504709371, 34.41891774633941 ], [ 132.823944314187031, 34.419467765905566 ], [ 132.824782076028072, 34.418998718605252 ], [ 132.82575698046989, 34.418916428479747 ], [ 132.82649813250768, 34.419807596671156 ], [ 132.82780454384681, 34.420464987016139 ], [ 132.829294159676834, 34.420127754609098 ], [ 132.829945827544407, 34.420203250545292 ], [ 132.830256839132176, 34.420670626563322 ], [ 132.830733103436046, 34.420834259982527 ], [ 132.831359929040588, 34.421455147587118 ], [ 132.831623185381972, 34.422094344804151 ], [ 132.832350128623375, 34.422626505896545 ], [ 132.833628105602003, 34.422355586381812 ], [ 132.83413288762074, 34.422394250217721 ], [ 132.834420194777465, 34.42261791806466 ], [ 132.835106153212735, 34.42253529278522 ], [ 132.83605861308817, 34.421058941186523 ], [ 132.836078364767445, 34.420694572194485 ], [ 132.835850027280912, 34.420190706429956 ], [ 132.836324646011207, 34.419470844875619 ], [ 132.836979254579177, 34.41920778388198 ], [ 132.83773912192882, 34.419523213232551 ], [ 132.837956291124414, 34.419043376779399 ], [ 132.838995365533179, 34.41856126317753 ], [ 132.839473777917362, 34.418144496490811 ], [ 132.840059984246579, 34.418398329605964 ], [ 132.841054319904543, 34.418251831913508 ], [ 132.841552320186764, 34.418443322449555 ], [ 132.841789603349781, 34.418954456199479 ], [ 132.842453541706391, 34.418770477318212 ], [ 132.843740315898089, 34.419691321341837 ], [ 132.844641334514165, 34.41934458853396 ], [ 132.845389859428622, 34.419589040195177 ], [ 132.846903368581536, 34.41933410077619 ], [ 132.847760573518769, 34.418967021152255 ], [ 132.849958621239352, 34.419146553781509 ], [ 132.849899918645946, 34.417928587732966 ], [ 132.850484091058831, 34.417708805305743 ], [ 132.850649175847451, 34.417103166956863 ], [ 132.850858594807335, 34.416999584314922 ], [ 132.850910117839362, 34.416303588250329 ], [ 132.851260264333121, 34.415828893471563 ], [ 132.85131080138845, 34.415012466753105 ], [ 132.851627747116055, 34.414823621405311 ], [ 132.851822680770567, 34.414461217520362 ], [ 132.852371417980521, 34.41426599405338 ], [ 132.853079970471725, 34.414705287216719 ], [ 132.853770707645879, 34.414721813492534 ], [ 132.857026828554865, 34.413789205318984 ], [ 132.857453682244198, 34.413454916593388 ], [ 132.857938305429997, 34.41355245741682 ], [ 132.859046362969423, 34.414646982375821 ], [ 132.859674242299775, 34.414919916900516 ], [ 132.860452263675313, 34.41417934568944 ], [ 132.860734732684961, 34.41328073505683 ], [ 132.861390177746358, 34.413356436899164 ], [ 132.862401976197447, 34.412642123937651 ], [ 132.863502121408118, 34.412366217673522 ], [ 132.863901797517656, 34.411801612326023 ], [ 132.864402285681109, 34.411885089328145 ], [ 132.865779293809339, 34.411359381483976 ], [ 132.867042210087561, 34.411248301641542 ], [ 132.868298958476629, 34.410817639130315 ], [ 132.868135148478757, 34.410112465817996 ], [ 132.868629331417907, 34.409236861580332 ], [ 132.868038498068387, 34.408304269834204 ], [ 132.867304863755464, 34.407665621780531 ], [ 132.867008663340073, 34.406228041585045 ], [ 132.863841796971201, 34.404885249221628 ], [ 132.863610689643792, 34.404623308162002 ], [ 132.863321292180899, 34.403876583637832 ], [ 132.863397180826809, 34.402559541415584 ], [ 132.863000990857927, 34.4024374280256 ], [ 132.862405944080763, 34.401888658333903 ], [ 132.862422399973667, 34.401194689826916 ], [ 132.861714788649664, 34.399367126486823 ], [ 132.861825465071206, 34.398650364096 ], [ 132.861712286091858, 34.398235894811698 ], [ 132.859984155469704, 34.397432822009051 ], [ 132.858993089899286, 34.397424224642656 ], [ 132.858126051469213, 34.397906661444893 ], [ 132.857487182009919, 34.39777956357225 ], [ 132.85690230758874, 34.397961910110674 ], [ 132.855939316671169, 34.397394898363416 ], [ 132.855149576640628, 34.397364425901237 ], [ 132.854313493527059, 34.397572968661677 ], [ 132.853467069025953, 34.397225163555483 ], [ 132.853194618138019, 34.396618458177308 ], [ 132.851043186494053, 34.396265436607656 ], [ 132.850512455144155, 34.396575210482801 ], [ 132.849473119134672, 34.39680922956051 ], [ 132.849251001593842, 34.396802865850304 ], [ 132.848797056725374, 34.396306614231484 ], [ 132.847568145323152, 34.396163040609316 ], [ 132.847297737535939, 34.39623639031857 ], [ 132.847024113384407, 34.396583875244893 ], [ 132.846256532097243, 34.396848752983608 ], [ 132.845277203900878, 34.396730675824571 ], [ 132.845248207725234, 34.396497147326855 ], [ 132.844899589909261, 34.396287936845546 ], [ 132.843845944506342, 34.39669821069014 ], [ 132.842976172259313, 34.396388638912185 ], [ 132.84143745742827, 34.396812710573251 ], [ 132.839638190644393, 34.396514880155983 ], [ 132.838289082086561, 34.397263674286762 ], [ 132.838291713377572, 34.397591583537988 ], [ 132.837756664859228, 34.398126984418589 ], [ 132.837696017227842, 34.398675547895373 ], [ 132.837174595390138, 34.398547980589377 ], [ 132.83648674421886, 34.398614727374706 ], [ 132.83630529478603, 34.398296816378036 ], [ 132.835471241036942, 34.397708233271608 ], [ 132.834825261020029, 34.397590493024246 ], [ 132.834598113728276, 34.397650049130625 ], [ 132.8343030371731, 34.39802902305113 ], [ 132.834322528324634, 34.398437834520166 ], [ 132.833850200237237, 34.39834152632065 ], [ 132.83314786781591, 34.398853295218849 ], [ 132.832925233476374, 34.399496268640291 ], [ 132.831860350807176, 34.39963700711305 ], [ 132.831547876621215, 34.399144282753532 ], [ 132.831164398949966, 34.397326722501489 ], [ 132.830388307045553, 34.396165727190315 ], [ 132.829904128106421, 34.396115526293713 ], [ 132.829148692710703, 34.396380771771909 ], [ 132.828402764990727, 34.39642509063421 ], [ 132.828455818031728, 34.395542023564772 ], [ 132.827412743129884, 34.395101262259899 ], [ 132.826955976988671, 34.394738468829075 ], [ 132.825261561140849, 34.394248229568362 ], [ 132.824986014578485, 34.393720630388827 ], [ 132.824249017338587, 34.393172548841285 ], [ 132.823733591081862, 34.392248439411411 ], [ 132.823018442184065, 34.392937850905582 ], [ 132.822712121244166, 34.393650001688513 ], [ 132.821375549600134, 34.39360926207047 ], [ 132.820839807181812, 34.393376885297108 ], [ 132.820536570057044, 34.39304775979047 ], [ 132.819272184614533, 34.393443990401892 ], [ 132.818156231193626, 34.39349782668544 ], [ 132.817779307847275, 34.393766203310598 ], [ 132.81747149628282, 34.394450743039457 ], [ 132.815955060899512, 34.394866452702203 ], [ 132.815008585143289, 34.395405339480867 ], [ 132.815008830221899, 34.396070352882006 ], [ 132.814594724433903, 34.396423012286597 ], [ 132.814479884489771, 34.397424591768065 ], [ 132.813605404451323, 34.398491322118026 ], [ 132.813799477846345, 34.399811448342163 ], [ 132.81407669023082, 34.400391745842853 ], [ 132.813951963058003, 34.400910640428563 ], [ 132.814348242447238, 34.401421848635295 ], [ 132.813958029448884, 34.401698171641428 ], [ 132.813783360811755, 34.402297480043998 ], [ 132.8131200989055, 34.402635673877022 ], [ 132.812746490279295, 34.403271669408625 ], [ 132.811221615784234, 34.404519281470954 ], [ 132.810428190698104, 34.405673584225561 ], [ 132.809686071172109, 34.406123314746942 ], [ 132.809317994860066, 34.406939288316401 ], [ 132.808626907471847, 34.407325365280983 ], [ 132.808179642591199, 34.40734828388527 ], [ 132.80797107786924, 34.407717168116569 ], [ 132.807096827417439, 34.408284079627407 ], [ 132.806355882471252, 34.40840234760806 ], [ 132.806103163605343, 34.408011233199097 ], [ 132.806088495959841, 34.407305312470093 ], [ 132.805862226750321, 34.406966740331178 ], [ 132.803843289437111, 34.405943235303965 ], [ 132.803610082221013, 34.406027983381385 ], [ 132.803159430766556, 34.406647310400544 ], [ 132.800936107377851, 34.407555478572576 ], [ 132.800202141923023, 34.406788775172522 ], [ 132.79916820502919, 34.407846805999419 ], [ 132.798966174682391, 34.408282837425368 ], [ 132.798557435878479, 34.408543297880044 ], [ 132.797680982521115, 34.407788303553261 ], [ 132.79649601764865, 34.407101962088483 ], [ 132.796337390763398, 34.406849371799616 ], [ 132.796062109884275, 34.406810368890454 ], [ 132.795639127272466, 34.407122316716482 ], [ 132.793508430287858, 34.406659314693918 ], [ 132.791879346441249, 34.408150296673305 ], [ 132.790842057172767, 34.408088153922478 ], [ 132.790141192389967, 34.408460815646158 ], [ 132.789752810177163, 34.409215304360892 ], [ 132.7885474661785, 34.409136257549797 ], [ 132.788309092699421, 34.4093314470297 ], [ 132.788200544252078, 34.410092952934569 ], [ 132.788462584596545, 34.410737616118546 ], [ 132.788070727178706, 34.411352524101076 ], [ 132.787977539983075, 34.412244387344494 ], [ 132.787168137980899, 34.412523211380417 ], [ 132.786669233081767, 34.412267838251267 ], [ 132.785346096623954, 34.413493626822849 ], [ 132.784704242752781, 34.415141065357737 ], [ 132.784609399893128, 34.415806710057446 ], [ 132.784831922777244, 34.416064907480667 ], [ 132.783804675105728, 34.416973785461067 ], [ 132.782935651279161, 34.417411930065072 ], [ 132.782517844819665, 34.417817912612001 ], [ 132.78213231406022, 34.419273033744794 ], [ 132.782207152514076, 34.41999965746561 ], [ 132.782529514262535, 34.420642754144353 ], [ 132.784001059312828, 34.421227311581369 ], [ 132.784716485708373, 34.421690484272041 ], [ 132.786108616721918, 34.421910017295559 ], [ 132.786877364326216, 34.422503342776594 ], [ 132.787675207765915, 34.422724351711047 ], [ 132.788505452705891, 34.423448070262758 ], [ 132.788842643310431, 34.423497189095741 ], [ 132.790847436925617, 34.422907494455394 ], [ 132.790889931138054, 34.422362559082991 ], [ 132.790605739977934, 34.421689290863583 ], [ 132.790932027304933, 34.420978926971927 ], [ 132.792627058830192, 34.420900308477066 ], [ 132.79455600138715, 34.42011135359067 ], [ 132.795054827813146, 34.420250474217248 ], [ 132.798709332167874, 34.419889330200235 ], [ 132.79920271205188, 34.420095659863954 ], [ 132.800213258366142, 34.420149276747175 ], [ 132.800622207313523, 34.420473940556164 ], [ 132.801027182345422, 34.420276454653127 ], [ 132.801586180979115, 34.420549761367127 ], [ 132.802283718424178, 34.42018734596784 ], [ 132.803192624143378, 34.420590095135502 ], [ 132.803586381623916, 34.420326033845079 ], [ 132.803821773462005, 34.419884052207635 ], [ 132.804010301174344, 34.420167599422008 ], [ 132.804710401287736, 34.420397328890665 ], [ 132.805690394109916, 34.420254280332237 ], [ 132.806109521620073, 34.420842130318995 ], [ 132.806657282728395, 34.420864319480629 ], [ 132.806956948917247, 34.421444061725481 ], [ 132.80756784757358, 34.421916375374906 ], [ 132.809342895467154, 34.421950378716886 ], [ 132.811643035556131, 34.424047443792773 ], [ 132.812682055063533, 34.424691035231852 ], [ 132.812772589667219, 34.424510542012236 ] ] ] } },
{ "type": "Feature", "properties": { "CITY_NAME": "竹原市", "S_NAME": "吉名町", "JINKO": 2560, "medical_area": "34_広島中央医療圏", "町丁目名": "竹原市吉名町" }, "geometry": { "type": "Polygon", "coordinates": [ [ [ 132.862235978539502, 34.344692972120939 ], [ 132.861761894204506, 34.343418321329196 ], [ 132.862478458260711, 34.342566109324316 ], [ 132.862473923188304, 34.341705320500743 ], [ 132.863498724065096, 34.34106715007529 ], [ 132.863288166987189, 34.340521518917953 ], [ 132.863647456608959, 34.340060257468004 ], [ 132.863662132024245, 34.339346842498607 ], [ 132.863794641923533, 34.339179305025809 ], [ 132.864212397695496, 34.338939850254434 ], [ 132.865384922618034, 34.339347574771161 ], [ 132.866464655855481, 34.338822318863173 ], [ 132.867015117435159, 34.338746622612597 ], [ 132.867218922065575, 34.338484858537903 ], [ 132.868165240759566, 34.338325610257542 ], [ 132.869775262272384, 34.33716494490411 ], [ 132.870825545908247, 34.336815053161857 ], [ 132.871772411602763, 34.336724092282196 ], [ 132.872168146505885, 34.337238778858399 ], [ 132.872854429970033, 34.337091703269635 ], [ 132.873863363045416, 34.335812775373888 ], [ 132.874321596409629, 34.335491925109416 ], [ 132.87485499688205, 34.334621565102857 ], [ 132.876263214036527, 34.334589888831815 ], [ 132.87855918723659, 34.332658464585784 ], [ 132.880029577452717, 34.330700113534 ], [ 132.880396298492855, 34.330435833603367 ], [ 132.880947202671052, 34.329537309400941 ], [ 132.882904551533841, 34.327550435827938 ], [ 132.887181169735413, 34.322405448883494 ], [ 132.886433939177238, 34.32214248851546 ], [ 132.886338975381619, 34.322225028700309 ], [ 132.886389259430985, 34.322129228478111 ], [ 132.885883800674378, 34.321847377480417 ], [ 132.886429510507099, 34.321754019138929 ], [ 132.887038273990555, 34.321024720327586 ], [ 132.886418421179286, 34.321727883545677 ], [ 132.886076248439167, 34.321738909791684 ], [ 132.886217471700775, 34.321358599567439 ], [ 132.886814428145186, 34.320767274082058 ], [ 132.886608340195295, 34.320174332272195 ], [ 132.886616059213651, 34.319302495852327 ], [ 132.887527354317939, 34.318508309420544 ], [ 132.891501865838279, 34.321534776083745 ], [ 132.887586870334957, 34.318480067855084 ], [ 132.887653985919684, 34.318200203460869 ], [ 132.887043775008181, 34.317866573674266 ], [ 132.886367825748465, 34.317092570636269 ], [ 132.886233200596109, 34.316726418332692 ], [ 132.885813529945125, 34.316695640935272 ], [ 132.885546469323231, 34.316465491683672 ], [ 132.8852486280785, 34.315941686530259 ], [ 132.885391025111602, 34.31544220088599 ], [ 132.884894652739121, 34.315206212817849 ], [ 132.884540244838433, 34.315184063202246 ], [ 132.883976815591581, 34.315484865110768 ], [ 132.884127729780261, 34.315731897114816 ], [ 132.879007705207215, 34.315561629362328 ], [ 132.878323210535427, 34.316843929447323 ], [ 132.876743942289778, 34.315230372937009 ], [ 132.877028702130957, 34.314856423599032 ], [ 132.876785001455829, 34.314695564640317 ], [ 132.877064596429989, 34.314092604024992 ], [ 132.877212535634243, 34.314111607057434 ], [ 132.87707196568465, 34.31407086911274 ], [ 132.877320815733526, 34.313305954444608 ], [ 132.877269743543877, 34.313048332488719 ], [ 132.876977714987476, 34.314227490727795 ], [ 132.876706598905088, 34.314668973906123 ], [ 132.876288878825278, 34.314617304823678 ], [ 132.87637062558332, 34.314256224985222 ], [ 132.876272754345536, 34.314245945913818 ], [ 132.876252916189884, 34.314600328127653 ], [ 132.875838430197007, 34.314539623605611 ], [ 132.875937040691497, 34.314637373870156 ], [ 132.875829208512499, 34.314859714864959 ], [ 132.875180309880932, 34.315471994423241 ], [ 132.875341055405272, 34.315469233420004 ], [ 132.87519793087742, 34.315628812406274 ], [ 132.874190149609973, 34.31607722810746 ], [ 132.873825603121446, 34.316398527001283 ], [ 132.873715999018003, 34.316285485171264 ], [ 132.874640648275403, 34.315515684473738 ], [ 132.874497144467597, 34.315247890885054 ], [ 132.874659405872421, 34.315163139933972 ], [ 132.874485074750595, 34.315230776082458 ], [ 132.874295843954741, 34.31495070989039 ], [ 132.874447247607407, 34.31486686659607 ], [ 132.874281528821797, 34.314929099367099 ], [ 132.874168127839141, 34.314753114635394 ], [ 132.874386758523997, 34.314397442847977 ], [ 132.875521181660986, 34.314539630141567 ], [ 132.87449900759961, 34.31430579669906 ], [ 132.874458123330925, 34.314097839914204 ], [ 132.874444632134839, 34.314299772269976 ], [ 132.87438703600256, 34.313911608445515 ], [ 132.874536035338735, 34.313286025640018 ], [ 132.874295817693849, 34.313275581826481 ], [ 132.873568136994521, 34.312272905016734 ], [ 132.87326631781778, 34.312299860892189 ], [ 132.872947274255239, 34.312085337867806 ], [ 132.872419564776891, 34.312250653535138 ], [ 132.872232642981771, 34.312501479022259 ], [ 132.872347667078941, 34.313002848040533 ], [ 132.870721373736615, 34.313411691829252 ], [ 132.870256674540627, 34.312933741039039 ], [ 132.869998966335771, 34.312907329920129 ], [ 132.870097112790972, 34.312692233383466 ], [ 132.869273665762307, 34.312314659829383 ], [ 132.869079836800751, 34.312522275402209 ], [ 132.869217301801342, 34.312329492472664 ], [ 132.868328041353777, 34.311616896046452 ], [ 132.869050161521216, 34.310789701413334 ], [ 132.869522374282326, 34.311001525750946 ], [ 132.869968481565735, 34.310953889601208 ], [ 132.870985452575439, 34.310178237167008 ], [ 132.871268265442069, 34.309702328325365 ], [ 132.871447867000882, 34.309742850032954 ], [ 132.87131893827052, 34.309656961064178 ], [ 132.871503056471767, 34.30945672317975 ], [ 132.871333775988575, 34.309351346798735 ], [ 132.871662169718491, 34.306928886135353 ], [ 132.872435194778177, 34.306608904898184 ], [ 132.872336856872124, 34.306415645285952 ], [ 132.872947597286043, 34.30617674394307 ], [ 132.873654695967929, 34.306546793119097 ], [ 132.874215249888351, 34.306547218112321 ], [ 132.874611677480146, 34.307179510341605 ], [ 132.875171703630656, 34.307499126896381 ], [ 132.876248051499573, 34.307213424931483 ], [ 132.876598931231285, 34.306561313426471 ], [ 132.87654925925429, 34.306338053639536 ], [ 132.87632344243184, 34.306492620105757 ], [ 132.875726980129059, 34.306224775690524 ], [ 132.875474928191551, 34.305840273271563 ], [ 132.875254386616376, 34.30493468011602 ], [ 132.875024010328843, 34.304799940770359 ], [ 132.874645450343507, 34.304866926244621 ], [ 132.874248534920298, 34.304437477741025 ], [ 132.873810416719863, 34.302721633988661 ], [ 132.874039643975721, 34.302206446144176 ], [ 132.873190517180603, 34.302251069773298 ], [ 132.87303935958397, 34.302104037166771 ], [ 132.872873961358323, 34.302327693095712 ], [ 132.873140377048799, 34.302748038638448 ], [ 132.871044138391881, 34.304217888610928 ], [ 132.870338558919826, 34.304415768785333 ], [ 132.870028952269934, 34.304157937621028 ], [ 132.869980585216268, 34.304346689237676 ], [ 132.869714847600022, 34.303879425263169 ], [ 132.869961083289525, 34.304353984589028 ], [ 132.869731653338647, 34.304457990226865 ], [ 132.869842871764661, 34.304766685102884 ], [ 132.869609423991221, 34.304654348357531 ], [ 132.868514585304979, 34.305199704188666 ], [ 132.868820509387348, 34.305016802276867 ], [ 132.86823007551024, 34.305085966941135 ], [ 132.866344870172924, 34.302819569336222 ], [ 132.866405505353214, 34.302665965258619 ], [ 132.865257174708375, 34.301480683790842 ], [ 132.864540443284938, 34.301376585683656 ], [ 132.862609805311223, 34.30029856092915 ], [ 132.862588067660084, 34.300035413144805 ], [ 132.862832854156181, 34.299946547394676 ], [ 132.862392437934574, 34.297918803516602 ], [ 132.862087136400703, 34.297646559000192 ], [ 132.86121290346199, 34.297409938901275 ], [ 132.86106914844072, 34.298022799079703 ], [ 132.85987670709946, 34.298589478121244 ], [ 132.859620492337996, 34.29900111889053 ], [ 132.859123796283058, 34.299230998556915 ], [ 132.85915345283874, 34.300195455010659 ], [ 132.858937834873899, 34.300529390215026 ], [ 132.856005783203756, 34.299849087360784 ], [ 132.855276195031138, 34.298702769718929 ], [ 132.855437923775213, 34.298024874649528 ], [ 132.855293227020496, 34.297063738532728 ], [ 132.854588697848271, 34.296456495367039 ], [ 132.854030826005186, 34.296245093815358 ], [ 132.853916323675435, 34.297246987642851 ], [ 132.853330736783448, 34.297931343070566 ], [ 132.853348060072051, 34.298886153422266 ], [ 132.853814444934528, 34.299995647403705 ], [ 132.854301764433671, 34.299961076065756 ], [ 132.854541662620647, 34.300260047331058 ], [ 132.854386962520948, 34.301218358554557 ], [ 132.854489959835718, 34.30232200057965 ], [ 132.854289719140496, 34.30278064669438 ], [ 132.854359976391606, 34.303382016183754 ], [ 132.854090348947665, 34.303736672503803 ], [ 132.854096067032714, 34.304437571211835 ], [ 132.853782957771898, 34.304929953088411 ], [ 132.853499249149792, 34.305900958872165 ], [ 132.853537094921563, 34.306436305345429 ], [ 132.852971437844985, 34.306643164286562 ], [ 132.852985397202218, 34.306793809161988 ], [ 132.852596550826036, 34.306987701609394 ], [ 132.851974200795013, 34.307670847507595 ], [ 132.851150089383736, 34.30784745112458 ], [ 132.851067512306855, 34.308862543108425 ], [ 132.851579196102136, 34.30939552096978 ], [ 132.851859302050485, 34.31082694407224 ], [ 132.851945057974575, 34.312159731414546 ], [ 132.851502023867283, 34.313290248596836 ], [ 132.851925495630951, 34.314268290246943 ], [ 132.850868113986934, 34.314753847701937 ], [ 132.850897777961677, 34.315269525304409 ], [ 132.851503362466588, 34.315881852941629 ], [ 132.852381652786249, 34.316307272128711 ], [ 132.852475098150393, 34.316674965955592 ], [ 132.853332525573649, 34.317833407473017 ], [ 132.853436526369023, 34.318281896512673 ], [ 132.853121941206609, 34.319908946030004 ], [ 132.852201204413404, 34.321209766989199 ], [ 132.852595324984719, 34.321877217511528 ], [ 132.852557885017973, 34.323181393839214 ], [ 132.852809829318801, 34.324088683113516 ], [ 132.85259749604819, 34.324564864443076 ], [ 132.852688960429134, 34.325208092411856 ], [ 132.853178570291647, 34.325797526466644 ], [ 132.853358737179434, 34.326396869084668 ], [ 132.853210918843615, 34.327505865760955 ], [ 132.853957145387795, 34.328878313797787 ], [ 132.854741012279959, 34.329489606536868 ], [ 132.854825698294064, 34.32999214861217 ], [ 132.855122094084123, 34.330283611997118 ], [ 132.855088871768572, 34.330715402428567 ], [ 132.85568510094393, 34.331198574918176 ], [ 132.85582987634848, 34.331785293881161 ], [ 132.856792464137925, 34.332815329917473 ], [ 132.856216143648595, 34.333725039630316 ], [ 132.855780627242297, 34.335090065676042 ], [ 132.856576253630095, 34.33557337012283 ], [ 132.856474182898808, 34.336398274300528 ], [ 132.857089051414334, 34.337253211333689 ], [ 132.8564592084781, 34.339053206507572 ], [ 132.857076089402398, 34.340492009869692 ], [ 132.85682386072412, 34.341282695016901 ], [ 132.856741609369521, 34.342971685403143 ], [ 132.857228572256105, 34.343223325879386 ], [ 132.857315826680519, 34.343518361780866 ], [ 132.858272314867378, 34.344645758121551 ], [ 132.858835302506492, 34.344682426675114 ], [ 132.859229820115587, 34.345724979644153 ], [ 132.859241741090898, 34.346312462025132 ], [ 132.860022820072686, 34.346392401979585 ], [ 132.861029129811158, 34.347213429027775 ], [ 132.861754549725845, 34.347015615823402 ], [ 132.861922439049465, 34.346333155057259 ], [ 132.862288489300852, 34.345750004463007 ], [ 132.862235978539502, 34.344692972120939 ] ] ] } },
{ "type": "Feature", "properties": { "CITY_NAME": "竹原市", "S_NAME": "小梨町", "JINKO": 111, "medical_area": "34_広島中央医療圏", "町丁目名": "竹原市小梨町" }, "geometry": { "type": "Polygon", "coordinates": [ [ [ 132.921170659027581, 34.386811504592487 ], [ 132.922589179215947, 34.386814268824935 ], [ 132.922941371566935, 34.386444984689255 ], [ 132.924258066734154, 34.386018441940642 ], [ 132.924830163641303, 34.385563123594245 ], [ 132.925596328396523, 34.385377062720224 ], [ 132.927102566903812, 34.385454181154714 ], [ 132.926524316942761, 34.383962876384444 ], [ 132.926557226567724, 34.382860226378476 ], [ 132.927027454846268, 34.381742875190753 ], [ 132.925992131890411, 34.380772401433539 ], [ 132.925838900097688, 34.380115355797919 ], [ 132.926500811837059, 34.379952468126341 ], [ 132.92671474903247, 34.380211883499371 ], [ 132.927608776369141, 34.380419719825618 ], [ 132.92783975378012, 34.380038913533781 ], [ 132.927656183910528, 34.379653513539871 ], [ 132.928050334469674, 34.379740925705462 ], [ 132.928260126538504, 34.38003868121357 ], [ 132.928030476480103, 34.38052851264576 ], [ 132.928773741657892, 34.380811522895101 ], [ 132.929525514000233, 34.380861757196861 ], [ 132.9304165492631, 34.380088289191661 ], [ 132.931035020162966, 34.38010849815975 ], [ 132.931028328334577, 34.380380139363034 ], [ 132.931868874399498, 34.381685950888773 ], [ 132.932317952508157, 34.381740042616443 ], [ 132.934175752837888, 34.381333635344127 ], [ 132.934871158467956, 34.38026890884764 ], [ 132.93500857039524, 34.378935535501284 ], [ 132.935508591265744, 34.376719143177162 ], [ 132.93771566173055, 34.37682786061702 ], [ 132.938374352095337, 34.376174067662539 ], [ 132.938150007310696, 34.375867129094424 ], [ 132.937371882001884, 34.375583248487956 ], [ 132.937219142863881, 34.375321780728754 ], [ 132.937311759370942, 34.375065394083784 ], [ 132.938454684399801, 34.374578014896322 ], [ 132.938718052806649, 34.373945012405791 ], [ 132.938988210999185, 34.373746809637836 ], [ 132.941087093928388, 34.373195623680992 ], [ 132.940830251586107, 34.372182466075792 ], [ 132.94049508680402, 34.37178523402077 ], [ 132.939458840020876, 34.371469475674594 ], [ 132.939347428711812, 34.371111400472756 ], [ 132.937782939305521, 34.371217602091235 ], [ 132.937509250731495, 34.370277659987927 ], [ 132.937632394367824, 34.369896276605402 ], [ 132.938110537345807, 34.369401243282176 ], [ 132.938647035248323, 34.369240383069645 ], [ 132.939307486558278, 34.369370599374392 ], [ 132.940224279078933, 34.370101516856366 ], [ 132.939832792271488, 34.369101341487124 ], [ 132.940362949765301, 34.368593714927819 ], [ 132.940319851691839, 34.367906589451849 ], [ 132.939734858451402, 34.367031035091003 ], [ 132.938594223662335, 34.365975864436109 ], [ 132.941513065348602, 34.365906716739403 ], [ 132.941473817508069, 34.36488234682907 ], [ 132.940646940139999, 34.364014103128547 ], [ 132.93910136470447, 34.362963050389872 ], [ 132.940146586284783, 34.362033531190768 ], [ 132.938730359127391, 34.360366950118042 ], [ 132.939079005163222, 34.359768913291902 ], [ 132.938258699909966, 34.35925614978202 ], [ 132.937770710827209, 34.359225984605636 ], [ 132.937438579538963, 34.35896664295452 ], [ 132.937351764987909, 34.357322373425085 ], [ 132.937560767839159, 34.356924818585433 ], [ 132.934414098919831, 34.357592998796051 ], [ 132.933657835057943, 34.357346462720407 ], [ 132.932970479896909, 34.356758609902613 ], [ 132.932687629222642, 34.356182581712197 ], [ 132.931448495696003, 34.355671149512553 ], [ 132.931158964076928, 34.355386316495434 ], [ 132.930490139358227, 34.353899652888018 ], [ 132.930770012067512, 34.353121907153167 ], [ 132.930741740719469, 34.352795575390822 ], [ 132.931266625288657, 34.352255476595197 ], [ 132.930900326261252, 34.351745331118224 ], [ 132.931020223308252, 34.351138044778246 ], [ 132.931454121282513, 34.350351873989531 ], [ 132.931333236270802, 34.349665103135571 ], [ 132.930905136809145, 34.348894192579237 ], [ 132.930116421632448, 34.348141875863213 ], [ 132.93017336633298, 34.34699817367774 ], [ 132.929852561978379, 34.346539010599244 ], [ 132.929831161356304, 34.345827950491341 ], [ 132.929629059355108, 34.345573696820878 ], [ 132.929704739763508, 34.344809490968778 ], [ 132.928842684835246, 34.344297928922316 ], [ 132.9279398205652, 34.344791491769357 ], [ 132.927005686668537, 34.344983526857341 ], [ 132.92610265779112, 34.344784339936268 ], [ 132.925552315149076, 34.345672635492377 ], [ 132.92473990643569, 34.346248302108698 ], [ 132.924053027301227, 34.347252382608005 ], [ 132.924301041641655, 34.347816250072583 ], [ 132.923983989315843, 34.348985655858101 ], [ 132.922420182416175, 34.349491033816939 ], [ 132.921489663674635, 34.350593804980868 ], [ 132.920816689156624, 34.35064839505425 ], [ 132.919909125900347, 34.350261428812125 ], [ 132.919228757957967, 34.350248865330123 ], [ 132.919551362527756, 34.35042083630254 ], [ 132.919894736776769, 34.351185271454185 ], [ 132.921736019220106, 34.35195621842005 ], [ 132.922527043918421, 34.352553771799975 ], [ 132.922718840665055, 34.352540750958084 ], [ 132.923100188377248, 34.35211482407589 ], [ 132.92416989685222, 34.352210449854027 ], [ 132.923980939812679, 34.351888211457087 ], [ 132.924172541925657, 34.351797575942186 ], [ 132.924545143386496, 34.351852731951126 ], [ 132.924627845203617, 34.352143795578321 ], [ 132.924076148483238, 34.352332874255808 ], [ 132.923105869284427, 34.352226912482486 ], [ 132.922753014210201, 34.352648718739239 ], [ 132.922478029139342, 34.352636618843007 ], [ 132.921615524941529, 34.351994291400516 ], [ 132.920289790702384, 34.351500328208154 ], [ 132.919795011792189, 34.35156043172627 ], [ 132.919795590622556, 34.351094466083403 ], [ 132.919554463092453, 34.350766767328729 ], [ 132.91929977588984, 34.350640579221277 ], [ 132.919256657340611, 34.350851148059888 ], [ 132.918684489402949, 34.350736777759231 ], [ 132.918786577365211, 34.350492320962516 ], [ 132.91711502920208, 34.349875650916175 ], [ 132.917296372416899, 34.350679405702138 ], [ 132.917005374092128, 34.351136313356264 ], [ 132.917432754421981, 34.352285489762501 ], [ 132.918001005264131, 34.3531478528393 ], [ 132.918273072552893, 34.354948751773279 ], [ 132.917462213327468, 34.355959343140256 ], [ 132.91710235401672, 34.357017299251567 ], [ 132.916277205229733, 34.357838376047091 ], [ 132.915798437922064, 34.358935093107874 ], [ 132.91602539221239, 34.359177102689586 ], [ 132.91707181584394, 34.359499710097097 ], [ 132.917620854567474, 34.360620524823226 ], [ 132.917520347924153, 34.361954525114413 ], [ 132.9181652335173, 34.362500190615094 ], [ 132.918089949856352, 34.362808860872633 ], [ 132.918451880748279, 34.363270767272773 ], [ 132.918486140295812, 34.36402374460188 ], [ 132.918354070101429, 34.364127247524451 ], [ 132.917544963074022, 34.363424689383528 ], [ 132.916997465625457, 34.363237900492791 ], [ 132.917107336798097, 34.364755151365188 ], [ 132.916919444356381, 34.365806292877316 ], [ 132.916240079992491, 34.365500299052265 ], [ 132.914965495603496, 34.36609412338052 ], [ 132.914106907986707, 34.366004313917429 ], [ 132.914562408947148, 34.367188420123412 ], [ 132.915223161891504, 34.367720762149439 ], [ 132.913782725202992, 34.370550510302934 ], [ 132.914232558743919, 34.371095561310042 ], [ 132.914298257882677, 34.371519293270268 ], [ 132.913604107108, 34.372387037457891 ], [ 132.912931532710985, 34.37207549014132 ], [ 132.912571713763469, 34.372366884571235 ], [ 132.912174864747328, 34.372401149952758 ], [ 132.912409133132513, 34.374480667915527 ], [ 132.912194892091264, 34.374886957735271 ], [ 132.911196863824813, 34.375657662544995 ], [ 132.911164835932141, 34.375857318709535 ], [ 132.911357331321256, 34.375955731408716 ], [ 132.912565599279475, 34.376225692063713 ], [ 132.914531121111708, 34.378678594615607 ], [ 132.914796907998522, 34.380181144389326 ], [ 132.914669347232064, 34.381350705038308 ], [ 132.914346107046583, 34.382591477320624 ], [ 132.913649525209593, 34.383392495865394 ], [ 132.913161723277113, 34.384279286572017 ], [ 132.913157211590828, 34.385083806791165 ], [ 132.913599602795188, 34.385148853663345 ], [ 132.913819950200917, 34.385348802169879 ], [ 132.91395940820459, 34.385901132788305 ], [ 132.914433446264297, 34.385951895593941 ], [ 132.915541223242371, 34.386462639918683 ], [ 132.91635887351427, 34.385671995262939 ], [ 132.917326615236504, 34.385243858618665 ], [ 132.917908852131944, 34.385567647189013 ], [ 132.918801795090133, 34.385696809064271 ], [ 132.919151415750747, 34.386016533162646 ], [ 132.919600893937485, 34.385989387583081 ], [ 132.919956841073969, 34.386331609389408 ], [ 132.921170659027581, 34.386811504592487 ] ] ] } },
{ "type": "Feature", "properties": { "CITY_NAME": "竹原市", "S_NAME": "高崎町", "JINKO": 0, "medical_area": "34_広島中央医療圏", "町丁目名": "竹原市高崎町" }, "geometry": { "type": "Polygon", "coordinates": [ [ [ 132.937108149936137, 34.32453933347248 ], [ 132.938433003122014, 34.324452660898963 ], [ 132.939763305199591, 34.324007030723841 ], [ 132.940211752851155, 34.324207876414249 ], [ 132.941092338317958, 34.323434198794523 ], [ 132.941863454763791, 34.32315534325766 ], [ 132.942487203658487, 34.323402820437558 ], [ 132.942763017165362, 34.323855480864992 ], [ 132.943330682884806, 34.322603304994665 ], [ 132.943913087392247, 34.322371555573 ], [ 132.944571211630631, 34.320217305137078 ], [ 132.944768388064944, 34.319912218482621 ], [ 132.94513370685425, 34.319826083830996 ], [ 132.946291478224992, 34.317071816152115 ], [ 132.947887622648381, 34.316603708834343 ], [ 132.948271563361857, 34.31618375411329 ], [ 132.948803225055684, 34.315986539669467 ], [ 132.949167273104649, 34.314703244813813 ], [ 132.948923171545971, 34.31450379741014 ], [ 132.94886707302544, 34.313845077232322 ], [ 132.948551462925792, 34.313558611534773 ], [ 132.948625895296203, 34.313026253379071 ], [ 132.948371866185624, 34.312578955036621 ], [ 132.948588981126363, 34.31185454208628 ], [ 132.948414610434355, 34.31156717450633 ], [ 132.948612586617656, 34.310884437349507 ], [ 132.949043024747141, 34.310795205946413 ], [ 132.949182865563074, 34.31052555564974 ], [ 132.949158264116335, 34.310096656589515 ], [ 132.94871069077368, 34.309637071284037 ], [ 132.948664195760841, 34.309309166732646 ], [ 132.948345396731071, 34.309959430352151 ], [ 132.947850026058546, 34.310433195697371 ], [ 132.946510497378966, 34.310433556651027 ], [ 132.946550213848354, 34.311085058794113 ], [ 132.946388435640529, 34.31145218213122 ], [ 132.946027606468419, 34.311441800905101 ], [ 132.94573498063184, 34.311629315676633 ], [ 132.945845236884765, 34.312162329915516 ], [ 132.94565953229565, 34.312402408868074 ], [ 132.94545416603944, 34.313344937626731 ], [ 132.945257319212317, 34.313325483690804 ], [ 132.945341615204512, 34.313740482338837 ], [ 132.944686237619862, 34.315128451881627 ], [ 132.944502646735032, 34.315368516185586 ], [ 132.944166554121722, 34.315446434259073 ], [ 132.943568629230185, 34.316357083702464 ], [ 132.942859661105274, 34.316529205168386 ], [ 132.942120593811268, 34.318274773991476 ], [ 132.94097769096183, 34.320296867424808 ], [ 132.940596017300606, 34.320386756571153 ], [ 132.93992008323616, 34.321433951977312 ], [ 132.939383017849991, 34.321639337367735 ], [ 132.93810861537213, 34.322846375948544 ], [ 132.937618192548484, 34.323038783393137 ], [ 132.937261596411901, 34.322781426937809 ], [ 132.936994645905486, 34.322932701347703 ], [ 132.936722555920966, 34.323598848865451 ], [ 132.936524086473469, 34.323877732451479 ], [ 132.936209908912076, 34.32397986161893 ], [ 132.936136840966498, 34.324307537462843 ], [ 132.936877415089469, 34.32426047631202 ], [ 132.937108149936137, 34.32453933347248 ] ] ] } },
{ "type": "Feature", "properties": { "CITY_NAME": "竹原市", "S_NAME": "高崎町", "JINKO": 937, "medical_area": "34_広島中央医療圏", "町丁目名": "竹原市高崎町" }, "geometry": { "type": "Polygon", "coordinates": [ [ [ 132.933158885926019, 34.345492988899842 ], [ 132.934567824267788, 34.343256198830787 ], [ 132.933948121035996, 34.342265221009427 ], [ 132.933985858543792, 34.341748743697586 ], [ 132.934271515875508, 34.341603555765978 ], [ 132.935201180399872, 34.341736736353226 ], [ 132.936030660849326, 34.342269168758925 ], [ 132.936838670959446, 34.34191179669665 ], [ 132.937479513603023, 34.342001285968536 ], [ 132.938010451386674, 34.341772001694764 ], [ 132.938169402761162, 34.341855935844016 ], [ 132.938352226221696, 34.343107283034485 ], [ 132.938544288999196, 34.343449902001069 ], [ 132.938964357439517, 34.343906302664905 ], [ 132.939468864395337, 34.343978472336374 ], [ 132.93988828994577, 34.344521219062038 ], [ 132.940414848413013, 34.344765655293614 ], [ 132.941595803263681, 34.344033041912624 ], [ 132.942037072303123, 34.343443573088116 ], [ 132.942998197264984, 34.342695154331274 ], [ 132.943096080366502, 34.342371265364676 ], [ 132.943981611590203, 34.342145899394211 ], [ 132.94512950461916, 34.342490314739869 ], [ 132.945516090426423, 34.342463624550064 ], [ 132.946650465000687, 34.341934231703696 ], [ 132.949394838133998, 34.339204610234205 ], [ 132.949207239485759, 34.339154116364796 ], [ 132.94873109893598, 34.337965367582676 ], [ 132.948524015572644, 34.336729961205315 ], [ 132.944794557559305, 34.336171320549937 ], [ 132.943786683985167, 34.335764880882181 ], [ 132.944230868627898, 34.33502734015439 ], [ 132.944388286461219, 34.335130009670941 ], [ 132.944471054136301, 34.33502764256712 ], [ 132.944261040512259, 34.334883755359549 ], [ 132.943739784126393, 34.335742641914159 ], [ 132.942730732403675, 34.335327185844228 ], [ 132.941864091381746, 34.335670887975994 ], [ 132.940839763767997, 34.334137522675896 ], [ 132.939265274975895, 34.332968224000375 ], [ 132.939266083626478, 34.33282496559611 ], [ 132.939234460387809, 34.332931513440592 ], [ 132.937573015863137, 34.331282415217501 ], [ 132.934598932305363, 34.329032053826637 ], [ 132.933571066027781, 34.328803140369423 ], [ 132.932754763448315, 34.328425130462712 ], [ 132.931514038762003, 34.327014027000494 ], [ 132.930190100877837, 34.326008117040459 ], [ 132.927923786116054, 34.325561507894356 ], [ 132.925714242952353, 34.325750206989802 ], [ 132.924095309519856, 34.326130722938103 ], [ 132.923552416162295, 34.326053937714711 ], [ 132.92355860448771, 34.326685522532848 ], [ 132.923951640000041, 34.327221458460528 ], [ 132.925267203825882, 34.327822236328053 ], [ 132.926879420469589, 34.32801096302407 ], [ 132.927199583008189, 34.327873179218287 ], [ 132.927358238808154, 34.328642127840027 ], [ 132.927218601054562, 34.328962463071576 ], [ 132.927540567757774, 34.329690100214329 ], [ 132.926827830491533, 34.330361359486353 ], [ 132.926581532225157, 34.33129889185286 ], [ 132.926069223812277, 34.331999041682309 ], [ 132.925878196551878, 34.333351474844164 ], [ 132.925046046418515, 34.333899931034622 ], [ 132.924054577894765, 34.335282398782553 ], [ 132.92285718812812, 34.335692526773272 ], [ 132.922023582578504, 34.337094002100422 ], [ 132.92194348691217, 34.337638069443742 ], [ 132.921129199752016, 34.33849106643207 ], [ 132.921583350205054, 34.339076907266247 ], [ 132.921608893750573, 34.339557357617402 ], [ 132.922029383706302, 34.340440474230675 ], [ 132.922003331819496, 34.340923638357992 ], [ 132.922202623407088, 34.341161582137488 ], [ 132.921665447334732, 34.34146676315342 ], [ 132.921932909657272, 34.342194754268924 ], [ 132.921661570093875, 34.342717325626637 ], [ 132.920633547812798, 34.343090895736523 ], [ 132.920420188678548, 34.343650998020706 ], [ 132.921206404891819, 34.344393393537672 ], [ 132.921266060081422, 34.344956598383341 ], [ 132.921694645025184, 34.345386667013372 ], [ 132.921884290214933, 34.345901319646863 ], [ 132.922806590782756, 34.346590044124895 ], [ 132.923292369260906, 34.34663746140852 ], [ 132.924053027301227, 34.347252382608005 ], [ 132.92473990643569, 34.346248302108698 ], [ 132.925552315149076, 34.345672635492377 ], [ 132.92610265779112, 34.344784339936268 ], [ 132.927005686668537, 34.344983526857341 ], [ 132.9282527583687, 34.344665585594292 ], [ 132.9287030648768, 34.344294716076924 ], [ 132.929097750206012, 34.344391415730385 ], [ 132.929704739763508, 34.344809490968778 ], [ 132.929629059355108, 34.345573696820878 ], [ 132.929831161356304, 34.345827950491341 ], [ 132.929852561978379, 34.346539010599244 ], [ 132.93017336633298, 34.34699817367774 ], [ 132.930116421632448, 34.348141875863213 ], [ 132.930440269572557, 34.348449315485553 ], [ 132.930836687413546, 34.348295410874961 ], [ 132.931236251381733, 34.347787509576641 ], [ 132.932044774466704, 34.347469033480166 ], [ 132.932248203702443, 34.347131247385335 ], [ 132.93210587310648, 34.346457993617328 ], [ 132.932316686109203, 34.34580309041462 ], [ 132.933158885926019, 34.345492988899842 ] ] ] } },
{ "type": "Feature", "properties": { "CITY_NAME": "竹原市", "S_NAME": "福田町", "JINKO": 795, "medical_area": "34_広島中央医療圏", "町丁目名": "竹原市福田町" }, "geometry": { "type": "Polygon", "coordinates": [ [ [ 132.940017042213384, 34.357371609413917 ], [ 132.940791883414846, 34.357272612210565 ], [ 132.941036231001789, 34.35679566357846 ], [ 132.94146216299913, 34.356525049297019 ], [ 132.941830349139963, 34.355406401079669 ], [ 132.942126103046689, 34.355975993936603 ], [ 132.943093446532572, 34.356770080732147 ], [ 132.943801670762014, 34.35769793449689 ], [ 132.944942021586968, 34.358113966952104 ], [ 132.945689483633657, 34.357937640466936 ], [ 132.946169823371719, 34.357170130234607 ], [ 132.946239435395626, 34.356424676817745 ], [ 132.946836612611207, 34.355886584461359 ], [ 132.946971114813067, 34.355088456244658 ], [ 132.946813683868896, 34.354484746692158 ], [ 132.947676675926459, 34.354527268982984 ], [ 132.948415217962321, 34.354198142653928 ], [ 132.949327933041587, 34.353231346381314 ], [ 132.949675215877534, 34.352489056706531 ], [ 132.949973864877563, 34.352233457731963 ], [ 132.952897385910603, 34.35297093610307 ], [ 132.954852214468957, 34.352212920542499 ], [ 132.955047715640518, 34.352224617662451 ], [ 132.95572184815498, 34.353264015736158 ], [ 132.956301365227318, 34.353376903476303 ], [ 132.957589417820486, 34.35445446979822 ], [ 132.958373789501593, 34.354741111798496 ], [ 132.958417969997896, 34.355285396124287 ], [ 132.959855866732198, 34.356542271530884 ], [ 132.960294866441757, 34.357591653692744 ], [ 132.960704652862347, 34.356857071827413 ], [ 132.961448636310593, 34.356450632584881 ], [ 132.962735345077334, 34.356088965069461 ], [ 132.963405061846089, 34.355616934119269 ], [ 132.963469837516072, 34.355337041860835 ], [ 132.963956525074934, 34.354952550289568 ], [ 132.964879609229712, 34.354702543638879 ], [ 132.966139612881108, 34.354752753609887 ], [ 132.967294530941331, 34.354066510060626 ], [ 132.968446023753302, 34.353183356086511 ], [ 132.968738543277595, 34.352199095373422 ], [ 132.970595303291589, 34.351856566762358 ], [ 132.971064019943071, 34.351515420165605 ], [ 132.972219383755089, 34.351371870726979 ], [ 132.972523765164055, 34.351153787590547 ], [ 132.9736625513045, 34.349743336895912 ], [ 132.973719973269681, 34.348857245233305 ], [ 132.973304221528252, 34.347844546121074 ], [ 132.974221104396463, 34.347112935601409 ], [ 132.975021003375559, 34.346802691769128 ], [ 132.972603951585086, 34.346131123580903 ], [ 132.972582720937538, 34.345801939008048 ], [ 132.972100212628874, 34.345370858769748 ], [ 132.971666150674366, 34.345291322385421 ], [ 132.970538646445988, 34.344430235119113 ], [ 132.969869639374252, 34.344805232393988 ], [ 132.969729705674553, 34.345277883903812 ], [ 132.968682522377009, 34.345745235436695 ], [ 132.965922459747986, 34.344759317707293 ], [ 132.965543509575184, 34.34430274951842 ], [ 132.965182983042951, 34.344294263056348 ], [ 132.964814148101141, 34.343946084778416 ], [ 132.96331230741211, 34.34373559973335 ], [ 132.962403039019989, 34.3431361310463 ], [ 132.96205595009809, 34.343309393444152 ], [ 132.961228492050196, 34.342992222359094 ], [ 132.960810784552478, 34.342546452778087 ], [ 132.960566859932527, 34.341421183655925 ], [ 132.960758524427888, 34.340657618721274 ], [ 132.960969839925582, 34.340394390217469 ], [ 132.96040696895858, 34.339083713725962 ], [ 132.960696477001989, 34.338684896711918 ], [ 132.960413825577035, 34.338170492474816 ], [ 132.959146666903052, 34.338905400720016 ], [ 132.958060151025904, 34.335838232637961 ], [ 132.953376186850249, 34.336951241575406 ], [ 132.953345164621965, 34.336765649592294 ], [ 132.953216825028676, 34.336760137552325 ], [ 132.953387170295969, 34.337190909873165 ], [ 132.952766922392158, 34.337341815334405 ], [ 132.952694889633676, 34.336955625119494 ], [ 132.95297260861534, 34.336792415371107 ], [ 132.952671959058961, 34.336945771152543 ], [ 132.952769414131211, 34.337490544903723 ], [ 132.952618782921832, 34.337525460367601 ], [ 132.952373666075431, 34.336660199329692 ], [ 132.950272900032303, 34.336993715028328 ], [ 132.950850390068695, 34.339491642941063 ], [ 132.950807151495809, 34.340337488121506 ], [ 132.950013732267422, 34.340211861132623 ], [ 132.950260444807697, 34.339397108114369 ], [ 132.949394838133998, 34.339204610234205 ], [ 132.946650465000687, 34.341934231703696 ], [ 132.945516090426423, 34.342463624550064 ], [ 132.94512950461916, 34.342490314739869 ], [ 132.943981611590203, 34.342145899394211 ], [ 132.943096080366502, 34.342371265364676 ], [ 132.942998197264984, 34.342695154331274 ], [ 132.942037072303123, 34.343443573088116 ], [ 132.941595803263681, 34.344033041912624 ], [ 132.940414848413013, 34.344765655293614 ], [ 132.93988828994577, 34.344521219062038 ], [ 132.939468864395337, 34.343978472336374 ], [ 132.938964357439517, 34.343906302664905 ], [ 132.938544288999196, 34.343449902001069 ], [ 132.938352226221696, 34.343107283034485 ], [ 132.938169402761162, 34.341855935844016 ], [ 132.938010451386674, 34.341772001694764 ], [ 132.937479513603023, 34.342001285968536 ], [ 132.936838670959446, 34.34191179669665 ], [ 132.936030660849326, 34.342269168758925 ], [ 132.935201180399872, 34.341736736353226 ], [ 132.934099185445376, 34.341653234370689 ], [ 132.933948121035996, 34.342265221009427 ], [ 132.934567824267788, 34.343256198830787 ], [ 132.933158885926019, 34.345492988899842 ], [ 132.932316686109203, 34.34580309041462 ], [ 132.93210587310648, 34.346457993617328 ], [ 132.932248203702443, 34.347131247385335 ], [ 132.932044774466704, 34.347469033480166 ], [ 132.931236251381733, 34.347787509576641 ], [ 132.930836687413546, 34.348295410874961 ], [ 132.930440269572557, 34.348449315485553 ], [ 132.930905136809145, 34.348894192579237 ], [ 132.931333236270802, 34.349665103135571 ], [ 132.931454121282513, 34.350351873989531 ], [ 132.931020223308252, 34.351138044778246 ], [ 132.930900326261252, 34.351745331118224 ], [ 132.931256289061309, 34.352295404188737 ], [ 132.930741740719469, 34.352795575390822 ], [ 132.930770012067512, 34.353121907153167 ], [ 132.930490139358227, 34.353899652888018 ], [ 132.931158964076928, 34.355386316495434 ], [ 132.931448495696003, 34.355671149512553 ], [ 132.932687629222642, 34.356182581712197 ], [ 132.932970479896909, 34.356758609902613 ], [ 132.933657835057943, 34.357346462720407 ], [ 132.934693013313677, 34.35762448605935 ], [ 132.937560767839159, 34.356924818585433 ], [ 132.937351764987909, 34.357322373425085 ], [ 132.937329556721636, 34.358690259357587 ], [ 132.937770710827209, 34.359225984605636 ], [ 132.938258699909966, 34.35925614978202 ], [ 132.940017042213384, 34.357371609413917 ] ] ] } },
{ "type": "Feature", "properties": { "CITY_NAME": "竹原市", "S_NAME": "中町一丁目", "JINKO": 86, "medical_area": "34_広島中央医療圏", "町丁目名": "竹原市中町一丁目" }, "geometry": { "type": "Polygon", "coordinates": [ [ [ 132.99366719450714, 34.338000657306075 ], [ 132.993978739243403, 34.337725841349922 ], [ 132.993993173503725, 34.337492200786393 ], [ 132.993608586376126, 34.337175627266056 ], [ 132.993944124676034, 34.336923608882401 ], [ 132.993683959500885, 34.336774938665272 ], [ 132.993490858395035, 34.337144874013113 ], [ 132.990860707821412, 34.335239014285932 ], [ 132.991316958562066, 34.334332615107989 ], [ 132.991508222499334, 34.334660360360985 ], [ 132.991907198341352, 34.335009235504103 ], [ 132.99145431329606, 34.33437408344242 ], [ 132.990832903058418, 34.333834584480527 ], [ 132.990899897438197, 34.333687217576788 ], [ 132.990016844582073, 34.333071169337039 ], [ 132.989348986116823, 34.33474229103463 ], [ 132.989095927952405, 34.33595789660189 ], [ 132.990440473622328, 34.336774795506976 ], [ 132.99366719450714, 34.338000657306075 ] ] ] } },
{ "type": "Feature", "properties": { "CITY_NAME": "竹原市", "S_NAME": "中町二丁目", "JINKO": 431, "medical_area": "34_広島中央医療圏", "町丁目名": "竹原市中町二丁目" }, "geometry": { "type": "Polygon", "coordinates": [ [ [ 132.987919804825736, 34.33869564630929 ], [ 132.990253689404653, 34.339176276735138 ], [ 132.990296137064973, 34.33935825990298 ], [ 132.990821288429117, 34.339487960655021 ], [ 132.991952070103224, 34.339510732584017 ], [ 132.993926010024779, 34.339249296639309 ], [ 132.993738390229424, 34.338334148886958 ], [ 132.993998965096381, 34.338099963699598 ], [ 132.990440473622328, 34.336774795506976 ], [ 132.989095927952405, 34.33595789660189 ], [ 132.988533118867167, 34.337242224574972 ], [ 132.98764121180227, 34.338484969275527 ], [ 132.987057529406115, 34.339870997230385 ], [ 132.987507388418095, 34.340090241730024 ], [ 132.987919804825736, 34.33869564630929 ] ] ] } },
{ "type": "Feature", "properties": { "CITY_NAME": "竹原市", "S_NAME": "中町三丁目", "JINKO": 409, "medical_area": "34_広島中央医療圏", "町丁目名": "竹原市中町三丁目" }, "geometry": { "type": "Polygon", "coordinates": [ [ [ 132.984413710255353, 34.345906485357418 ], [ 132.984978920812125, 34.344876969990047 ], [ 132.985443889453478, 34.345023297535036 ], [ 132.985342865479851, 34.344465615922026 ], [ 132.985892988524739, 34.344103295426272 ], [ 132.986092101903068, 34.344242391801075 ], [ 132.98633198089442, 34.343656360152679 ], [ 132.986912223108902, 34.34317044095507 ], [ 132.987153638200994, 34.342429031065294 ], [ 132.987566083131725, 34.342353148723184 ], [ 132.987821198779699, 34.341877443024842 ], [ 132.988307996913193, 34.341886416314004 ], [ 132.988469142063281, 34.341501210535441 ], [ 132.988704246689309, 34.341525965163008 ], [ 132.988929495193645, 34.341802639556086 ], [ 132.989012749583111, 34.342468898433708 ], [ 132.989426722398576, 34.343220538311982 ], [ 132.990017487442429, 34.343432201556944 ], [ 132.990118096486469, 34.343839728118503 ], [ 132.990264042228432, 34.34347237026202 ], [ 132.989848664082814, 34.343213040522848 ], [ 132.98983921531331, 34.342444725184748 ], [ 132.990356525832311, 34.342456160560886 ], [ 132.991667930422636, 34.34288423036665 ], [ 132.991627810780642, 34.342411219677501 ], [ 132.990624575762581, 34.341889508628149 ], [ 132.99091471909685, 34.341507371735268 ], [ 132.991153904303928, 34.341766903528203 ], [ 132.991437590424653, 34.341671313341031 ], [ 132.991086549528717, 34.340922212186818 ], [ 132.990693220933025, 34.340884868996788 ], [ 132.990412240430544, 34.340579276091979 ], [ 132.989664928236266, 34.340350783414941 ], [ 132.990146334747749, 34.339773535330373 ], [ 132.99035684494109, 34.339210371355463 ], [ 132.987919804825736, 34.33869564630929 ], [ 132.987507388418095, 34.340090241730024 ], [ 132.987057529406115, 34.339870997230385 ], [ 132.986548940467117, 34.340886624718387 ], [ 132.986449015196541, 34.341753290308027 ], [ 132.985840825211454, 34.343086090363244 ], [ 132.985357333817831, 34.343759962834675 ], [ 132.984837571401926, 34.344153204871859 ], [ 132.984693148159948, 34.345003965855192 ], [ 132.984327541270375, 34.345479555667907 ], [ 132.984295227284946, 34.345877274458687 ], [ 132.984413710255353, 34.345906485357418 ] ] ] } },
{ "type": "Feature", "properties": { "CITY_NAME": "竹原市", "S_NAME": "中町四丁目", "JINKO": 107, "medical_area": "34_広島中央医療圏", "町丁目名": "竹原市中町四丁目" }, "geometry": { "type": "Polygon", "coordinates": [ [ [ 132.993946388005412, 34.342261686724498 ], [ 132.994752795368697, 34.342719913886924 ], [ 132.994575491738516, 34.342485745013299 ], [ 132.994824018342428, 34.34244151779869 ], [ 132.994992811485986, 34.342068646008961 ], [ 132.993926010024779, 34.339249296639309 ], [ 132.991654971810107, 34.339527675357559 ], [ 132.990296137064973, 34.33935825990298 ], [ 132.989664928236266, 34.340350783414941 ], [ 132.990412240430544, 34.340579276091979 ], [ 132.990693220933025, 34.340884868996788 ], [ 132.991086549528717, 34.340922212186818 ], [ 132.991437590424653, 34.341671313341031 ], [ 132.991153904303928, 34.341766903528203 ], [ 132.99091471909685, 34.341507371735268 ], [ 132.990624575762581, 34.341889508628149 ], [ 132.991161573536544, 34.342238866216697 ], [ 132.991627810780642, 34.342411219677501 ], [ 132.991958827450588, 34.342180084366923 ], [ 132.992226815076691, 34.341616950594961 ], [ 132.993219368275817, 34.342824135471794 ], [ 132.993508718589425, 34.342942324893158 ], [ 132.993946388005412, 34.342261686724498 ] ] ] } },
{ "type": "Feature", "properties": { "CITY_NAME": "竹原市", "S_NAME": "床浦一丁目", "JINKO": 201, "medical_area": "34_広島中央医療圏", "町丁目名": "竹原市床浦一丁目" }, "geometry": { "type": "Polygon", "coordinates": [ [ [ 132.989086464295099, 34.335988667085012 ], [ 132.989916117486757, 34.332771685836683 ], [ 132.988056865755766, 34.332781563334784 ], [ 132.987666927674127, 34.3325822053012 ], [ 132.987405268479705, 34.332722852843517 ], [ 132.98709209620236, 34.332472549341169 ], [ 132.987395637517182, 34.332736439909169 ], [ 132.987333276054926, 34.332915324498749 ], [ 132.98595914150772, 34.332976833743636 ], [ 132.985528946265674, 34.33276703496422 ], [ 132.985652401164572, 34.332610278157269 ], [ 132.984860262329676, 34.332399247488361 ], [ 132.984787880371186, 34.331991251477497 ], [ 132.984377597574394, 34.331591998418986 ], [ 132.983765074242712, 34.33163849800308 ], [ 132.983125239094051, 34.33121359314265 ], [ 132.982010121243007, 34.331647558188564 ], [ 132.982552607764148, 34.332119883706646 ], [ 132.983664658565971, 34.333772709810795 ], [ 132.984940142410608, 34.335271601579933 ], [ 132.985627234692402, 34.335390232539375 ], [ 132.986401359499069, 34.335316711010016 ], [ 132.986390015439071, 34.335197764294605 ], [ 132.989086464295099, 34.335988667085012 ] ] ] } },
{ "type": "Feature", "properties": { "CITY_NAME": "竹原市", "S_NAME": "床浦二丁目", "JINKO": 202, "medical_area": "34_広島中央医療圏", "町丁目名": "竹原市床浦二丁目" }, "geometry": { "type": "Polygon", "coordinates": [ [ [ 132.984327541270375, 34.345479555667907 ], [ 132.984693148159948, 34.345003965855192 ], [ 132.984837571401926, 34.344153204871859 ], [ 132.985357333817831, 34.343759962834675 ], [ 132.985927498638375, 34.342917605344205 ], [ 132.986449015196541, 34.341753290308027 ], [ 132.986548940467117, 34.340886624718387 ], [ 132.987274680339226, 34.339220181169743 ], [ 132.988533118867167, 34.337242224574972 ], [ 132.989086464295099, 34.335988667085012 ], [ 132.986390015439071, 34.335197764294605 ], [ 132.986401359499069, 34.335316711010016 ], [ 132.985333578441242, 34.335393051432241 ], [ 132.984940142410608, 34.335271601579933 ], [ 132.984630146722623, 34.334919427485225 ], [ 132.981937879009536, 34.334505859565212 ], [ 132.98188278836065, 34.334797235155065 ], [ 132.981695258564656, 34.334772992737157 ], [ 132.981646255325842, 34.334938543545448 ], [ 132.981841408593397, 34.334961045400981 ], [ 132.981632391570628, 34.335217389279741 ], [ 132.980007022663642, 34.335959272673684 ], [ 132.980776740679715, 34.336415160385272 ], [ 132.981019815790546, 34.33626493611267 ], [ 132.981053963960619, 34.335852987484877 ], [ 132.981242426987734, 34.335657067404888 ], [ 132.982258384335381, 34.335367304210706 ], [ 132.982488859143132, 34.335477602596477 ], [ 132.982555982956228, 34.335974796506804 ], [ 132.982917296351587, 34.336251979359595 ], [ 132.982768481679358, 34.33691288637084 ], [ 132.982895421458863, 34.338046362244526 ], [ 132.982584396689504, 34.338158873536422 ], [ 132.982613812377338, 34.33846152076886 ], [ 132.982982748368073, 34.338445813377852 ], [ 132.983024297112081, 34.338756267555127 ], [ 132.982659759697498, 34.339876829293409 ], [ 132.982926019508682, 34.339928575700441 ], [ 132.98303850158365, 34.33859193229187 ], [ 132.983268995784471, 34.338545316479461 ], [ 132.983423322214833, 34.33800677200469 ], [ 132.983036582251998, 34.338297130560079 ], [ 132.982875285596123, 34.337289810910903 ], [ 132.983705839768817, 34.337326230385834 ], [ 132.983850514754209, 34.336896068279842 ], [ 132.983624189356306, 34.336495718755039 ], [ 132.98409363513349, 34.336251289469658 ], [ 132.984850808571224, 34.336584128221347 ], [ 132.985209976115272, 34.336542136280649 ], [ 132.985494272685344, 34.337350862324016 ], [ 132.985772658248777, 34.337435899837836 ], [ 132.986014207602494, 34.337120021969348 ], [ 132.986011076313474, 34.336736346346186 ], [ 132.985621585760924, 34.336348370162128 ], [ 132.985307847372326, 34.335629016539684 ], [ 132.985914897373021, 34.335863263521411 ], [ 132.986756827563141, 34.335663640749964 ], [ 132.987367635989642, 34.335742773304823 ], [ 132.987536929961919, 34.33605658629277 ], [ 132.987449653239963, 34.336415229675815 ], [ 132.988139076483748, 34.336911612725856 ], [ 132.987818176373565, 34.337963166262782 ], [ 132.987329968425485, 34.338086325491993 ], [ 132.986732911520818, 34.338532920613403 ], [ 132.985953838106013, 34.338309549962887 ], [ 132.98582948196244, 34.338601820258354 ], [ 132.986110118618029, 34.338752059620631 ], [ 132.985837153245257, 34.338762206232566 ], [ 132.985745426303254, 34.339074540553433 ], [ 132.98592363025034, 34.339116304117567 ], [ 132.985940058223321, 34.339339312350148 ], [ 132.986391220096891, 34.33950981478759 ], [ 132.986086969471756, 34.340320807265478 ], [ 132.986010152169001, 34.341250562233938 ], [ 132.985392508058368, 34.341258939981223 ], [ 132.98531938919723, 34.341546498670127 ], [ 132.985537498607727, 34.341727584727451 ], [ 132.985933655071818, 34.341679847438115 ], [ 132.985601806315486, 34.34226452463988 ], [ 132.98560815142082, 34.342708325088005 ], [ 132.985116764986287, 34.342795858759843 ], [ 132.985000778626215, 34.342962708888471 ], [ 132.98513966270184, 34.343169400323589 ], [ 132.984435046117454, 34.343868267701197 ], [ 132.983744570941212, 34.344098821198415 ], [ 132.984209452613555, 34.34430812552614 ], [ 132.983751892046314, 34.344688401360024 ], [ 132.983679679533907, 34.345026379120036 ], [ 132.983278004391963, 34.345241477659734 ], [ 132.983355885681789, 34.345488727880564 ], [ 132.983752767937631, 34.345453396562412 ], [ 132.984005640178992, 34.345961613719197 ], [ 132.984263641986189, 34.346000032584904 ], [ 132.984327541270375, 34.345479555667907 ] ] ] } },
{ "type": "Feature", "properties": { "CITY_NAME": "竹原市", "S_NAME": "床浦三丁目", "JINKO": 492, "medical_area": "34_広島中央医療圏", "町丁目名": "竹原市床浦三丁目" }, "geometry": { "type": "Polygon", "coordinates": [ [ [ 132.978385452684478, 34.336269104211958 ], [ 132.979257439990505, 34.336262597278797 ], [ 132.980848964815834, 34.335654903742764 ], [ 132.981774290674053, 34.335079530078929 ], [ 132.981841408593397, 34.334961045400981 ], [ 132.981656573506712, 34.334872835951408 ], [ 132.981901338465036, 34.334775137781982 ], [ 132.981937879009536, 34.334505859565212 ], [ 132.977795264064667, 34.333872003301529 ], [ 132.977721445643425, 34.33410659594383 ], [ 132.977068026090876, 34.333999097006789 ], [ 132.976813816000345, 34.334271931818122 ], [ 132.976749810871752, 34.334680133746595 ], [ 132.976883279967041, 34.335034203970999 ], [ 132.97674104390444, 34.335067122910885 ], [ 132.976566543323628, 34.335719456017287 ], [ 132.976896149827638, 34.335747271084024 ], [ 132.977109038699979, 34.336086868452966 ], [ 132.977612495913917, 34.336181700551279 ], [ 132.977902331230723, 34.336055258016856 ], [ 132.978301505412048, 34.336386432338664 ], [ 132.978385452684478, 34.336269104211958 ] ] ] } },
{ "type": "Feature", "properties": { "CITY_NAME": "竹原市", "S_NAME": "床浦四丁目", "JINKO": 31, "medical_area": "34_広島中央医療圏", "町丁目名": "竹原市床浦四丁目" }, "geometry": { "type": "Polygon", "coordinates": [ [ [ 132.984630146722623, 34.334919427485225 ], [ 132.982435633366606, 34.332156724616965 ], [ 132.981880060551475, 34.332246076832945 ], [ 132.979743968832878, 34.333303361990865 ], [ 132.978577995376156, 34.333309292220939 ], [ 132.977795264064667, 34.333872003301529 ], [ 132.984630146722623, 34.334919427485225 ] ] ] } },
{ "type": "Feature", "properties": { "CITY_NAME": "竹原市", "S_NAME": "東町一丁目", "JINKO": 252, "medical_area": "34_広島中央医療圏", "町丁目名": "竹原市東町一丁目" }, "geometry": { "type": "Polygon", "coordinates": [ [ [ 132.994404577638988, 34.33822215003714 ], [ 132.996135550287704, 34.337605957261573 ], [ 132.996900090335117, 34.33745510368545 ], [ 132.999027947911713, 34.337868791774483 ], [ 133.000114032928906, 34.337864041213159 ], [ 132.999235506459627, 34.33513698132591 ], [ 132.998885176940803, 34.335170083805444 ], [ 132.998738639005296, 34.334895146238232 ], [ 132.998074087732903, 34.335179148855445 ], [ 132.998667664396464, 34.334973103033413 ], [ 132.998859221536151, 34.335224209662123 ], [ 132.998468977671138, 34.335549581926621 ], [ 132.996809665151005, 34.335452728079481 ], [ 132.995914768514922, 34.336074648126868 ], [ 132.994745526567101, 34.33586525821049 ], [ 132.995683980181269, 34.336141998196375 ], [ 132.995307304880356, 34.336077794512427 ], [ 132.995373199084582, 34.336260319688549 ], [ 132.995212462936877, 34.336267750828078 ], [ 132.995242633044853, 34.336348679086321 ], [ 132.995382113722997, 34.336277443017089 ], [ 132.99524707898766, 34.336360340503433 ], [ 132.995459071028137, 34.336479753155885 ], [ 132.994750947282, 34.337084058452554 ], [ 132.993998965096381, 34.338099963699598 ], [ 132.994404577638988, 34.33822215003714 ] ] ] } },
{ "type": "Feature", "properties": { "CITY_NAME": "竹原市", "S_NAME": "東町二丁目", "JINKO": 368, "medical_area": "34_広島中央医療圏", "町丁目名": "竹原市東町二丁目" }, "geometry": { "type": "Polygon", "coordinates": [ [ [ 132.99510351303681, 34.339006486628577 ], [ 132.996613934596439, 34.338350093179265 ], [ 132.997993779443902, 34.33896271630109 ], [ 132.99914104601919, 34.339167720572249 ], [ 133.000140657273249, 34.337937669113927 ], [ 132.996900090335117, 34.33745510368545 ], [ 132.996135550287704, 34.337605957261573 ], [ 132.994711375822362, 34.338199078249879 ], [ 132.993998965096381, 34.338099963699598 ], [ 132.993738390229424, 34.338334148886958 ], [ 132.993926010024779, 34.339249296639309 ], [ 132.99510351303681, 34.339006486628577 ] ] ] } },
{ "type": "Feature", "properties": { "CITY_NAME": "竹原市", "S_NAME": "東町三丁目", "JINKO": 269, "medical_area": "34_広島中央医療圏", "町丁目名": "竹原市東町三丁目" }, "geometry": { "type": "Polygon", "coordinates": [ [ [ 132.999487134248, 34.342924873002517 ], [ 132.999463326129387, 34.341932827506696 ], [ 132.999685224613785, 34.340929948294921 ], [ 133.000034832289629, 34.340890231170327 ], [ 133.000443797284447, 34.341606801841898 ], [ 133.00070168564045, 34.34158250104133 ], [ 133.000930286295841, 34.341344294221372 ], [ 133.000561714923464, 34.341166515648744 ], [ 133.000435072022356, 34.340887494932602 ], [ 133.000593734309774, 34.340437492813798 ], [ 133.001078837012955, 34.340378956754137 ], [ 133.001197562315014, 34.340055012546301 ], [ 132.999422691740165, 34.339211152723195 ], [ 132.997993779443902, 34.33896271630109 ], [ 132.996613934596439, 34.338350093179265 ], [ 132.995481279530338, 34.338886583018571 ], [ 132.993926010024779, 34.339249296639309 ], [ 132.994053974473815, 34.339751995011788 ], [ 132.994240462369675, 34.339832849360945 ], [ 132.994466584961287, 34.340923666268381 ], [ 132.99468628260135, 34.341039649157892 ], [ 132.994885952387619, 34.341580313595038 ], [ 132.99494657666537, 34.342280247144906 ], [ 132.994575491738516, 34.342485745013299 ], [ 132.994752795368697, 34.342719913886924 ], [ 132.995119071558321, 34.342837576235489 ], [ 132.995864939399326, 34.341965241158356 ], [ 132.996808260483306, 34.34187458575645 ], [ 132.997475410817145, 34.342202464408466 ], [ 132.997848387678772, 34.342870267189738 ], [ 132.998571081425752, 34.342802096231424 ], [ 132.998674652491275, 34.342498826223533 ], [ 132.998895659901905, 34.342428298081195 ], [ 132.999179655414196, 34.342983878271568 ], [ 132.999487134248, 34.342924873002517 ] ] ] } },
{ "type": "Feature", "properties": { "CITY_NAME": "竹原市", "S_NAME": "東町四丁目", "JINKO": 296, "medical_area": "34_広島中央医療圏", "町丁目名": "竹原市東町四丁目" }, "geometry": { "type": "Polygon", "coordinates": [ [ [ 133.005770348546235, 34.344869223639627 ], [ 133.006533974377845, 34.344050079970749 ], [ 133.006784132831683, 34.34417851375413 ], [ 133.00684780680416, 34.344049468971747 ], [ 133.007606308022446, 34.344055373361741 ], [ 133.008282024865508, 34.344257500264384 ], [ 133.008352536328715, 34.344516198878502 ], [ 133.008597744906012, 34.34458212138972 ], [ 133.00943693812377, 34.344375743751534 ], [ 133.009745167210809, 34.344147532205646 ], [ 133.009646161110595, 34.344096660630413 ], [ 133.009834528148758, 34.343810677881784 ], [ 133.009711655925059, 34.343708415904757 ], [ 133.00946130907144, 34.343816495567573 ], [ 133.009703588190803, 34.343419423334744 ], [ 133.009033669628451, 34.342700584666694 ], [ 133.008764750179949, 34.34278512681702 ], [ 133.008778993991996, 34.342902225250775 ], [ 133.00937516062038, 34.343718346983493 ], [ 133.008856022220385, 34.343932659345057 ], [ 133.007523162175374, 34.343644772750658 ], [ 133.00706660263404, 34.343765677368189 ], [ 133.005896505164287, 34.343117178032735 ], [ 133.005765986213476, 34.342629571301011 ], [ 133.005234380140962, 34.342316149764891 ], [ 133.004850380204573, 34.341646603627019 ], [ 133.003942213587976, 34.34080359668031 ], [ 133.00390105677829, 34.340566671032136 ], [ 133.003379399128022, 34.340312619564997 ], [ 133.003306101773518, 34.339925336018197 ], [ 133.002669893244075, 34.339892654495053 ], [ 133.002455515248869, 34.339645930046508 ], [ 133.002527282256438, 34.339056644676106 ], [ 133.002901468145012, 34.338927726264792 ], [ 133.002952093428831, 34.338707074160965 ], [ 133.002550514496818, 34.338247950963741 ], [ 133.003069288904584, 34.338041411426346 ], [ 133.002991526176714, 34.337836994313371 ], [ 133.00277283104171, 34.337805394139167 ], [ 133.00237613485055, 34.337967146378382 ], [ 133.002478777130904, 34.337443430861477 ], [ 133.002750094463067, 34.337190415205718 ], [ 133.003130649316887, 34.337481917397021 ], [ 133.003419260983264, 34.337226527928884 ], [ 133.004327268282736, 34.338057699974804 ], [ 133.005122713709625, 34.339239962955517 ], [ 133.005819708637318, 34.33930630072873 ], [ 133.006025827306843, 34.338867086205887 ], [ 133.006286422896153, 34.338962203084478 ], [ 133.006639647949356, 34.338758337120709 ], [ 133.007024743331129, 34.338924151605362 ], [ 133.007247813330082, 34.338865987417726 ], [ 133.007348779017491, 34.338619910250713 ], [ 133.006573295297159, 34.338498483589881 ], [ 133.005755254136318, 34.33800772720425 ], [ 133.005799937657713, 34.33780514350083 ], [ 133.006248506060786, 34.337873750721641 ], [ 133.007419243612588, 34.337621986165438 ], [ 133.008481987173212, 34.337754380589097 ], [ 133.008802014564822, 34.338036568607436 ], [ 133.00891676994965, 34.337802930441981 ], [ 133.009553275023421, 34.337475531597626 ], [ 133.00973626533758, 34.337077598021217 ], [ 133.008243581517547, 34.337355699768068 ], [ 133.006959113745808, 34.337244977398399 ], [ 133.00662651991783, 34.336876666554062 ], [ 133.00706043706478, 34.33696650023748 ], [ 133.007027519597642, 34.336619645720063 ], [ 133.006563903032259, 34.336505648849027 ], [ 133.006106280827254, 34.336695444504954 ], [ 133.003823432908604, 34.336158429047316 ], [ 133.003935616150784, 34.336314715377561 ], [ 133.003055395406648, 34.336434438285188 ], [ 133.001678710325791, 34.33735003478845 ], [ 133.000114032928906, 34.337864041213159 ], [ 132.99914104601919, 34.339167720572249 ], [ 133.001778184836212, 34.340330783361665 ], [ 133.00160445956439, 34.341128250413952 ], [ 133.001776004879531, 34.341293853158049 ], [ 133.001929044861839, 34.34128857922893 ], [ 133.002193644571776, 34.340887570808697 ], [ 133.002132371958396, 34.340702337889468 ], [ 133.002427639670202, 34.340586077675596 ], [ 133.002802029760062, 34.340750992221345 ], [ 133.003971805764422, 34.341885761879816 ], [ 133.00402485306472, 34.342259944504484 ], [ 133.003225490896398, 34.342533344387164 ], [ 133.002454852689965, 34.343083612530748 ], [ 133.002796359360588, 34.343604988280511 ], [ 133.003298540713786, 34.343631549683948 ], [ 133.003665830883335, 34.343105454973298 ], [ 133.00331813745106, 34.343004871052045 ], [ 133.003683653786339, 34.342813471005151 ], [ 133.003346956569374, 34.342777185415549 ], [ 133.003748896306746, 34.342611311982211 ], [ 133.004410270915145, 34.342610998539655 ], [ 133.004506219813834, 34.342713449267592 ], [ 133.004348412189671, 34.343094009470711 ], [ 133.004916375776418, 34.343178146568853 ], [ 133.005128773931688, 34.343403472396787 ], [ 133.005489461500872, 34.34343564523946 ], [ 133.005553853544939, 34.343780029005877 ], [ 133.005906267235588, 34.343773943743827 ], [ 133.005770348546235, 34.344869223639627 ] ] ] } },
{ "type": "Feature", "properties": { "CITY_NAME": "竹原市", "S_NAME": "東町五丁目", "JINKO": 357, "medical_area": "34_広島中央医療圏", "町丁目名": "竹原市東町五丁目" }, "geometry": { "type": "Polygon", "coordinates": [ [ [ 133.000069625933008, 34.337795183877432 ], [ 133.001678710325791, 34.33735003478845 ], [ 133.003055395406648, 34.336434438285188 ], [ 133.003734125552484, 34.336331032419544 ], [ 133.003254333473905, 34.335852310811397 ], [ 133.003518516454164, 34.335274100458221 ], [ 133.003810499833179, 34.335256598554381 ], [ 133.004221759181604, 34.334818232738705 ], [ 133.005084571233027, 34.334494793647288 ], [ 133.005422806920677, 34.334552609611478 ], [ 133.005823490581861, 34.334170371121992 ], [ 133.005592894861991, 34.333888693294718 ], [ 133.005093054633619, 34.333870165079922 ], [ 133.004992842645521, 34.333662242376036 ], [ 133.005213171040708, 34.333483099973755 ], [ 133.005115624625887, 34.33323585977675 ], [ 133.003665242623498, 34.332842851907365 ], [ 133.003617114894837, 34.333135324638171 ], [ 133.00349208684267, 34.332804462737322 ], [ 133.002544233370685, 34.333884605265951 ], [ 133.002628560018024, 34.333946285888821 ], [ 133.001720787398966, 34.334789077344468 ], [ 133.002395023390761, 34.335382111451601 ], [ 133.00137817703876, 34.334658035757563 ], [ 133.001031608092632, 34.334555754511179 ], [ 133.001292175075207, 34.334639637332387 ], [ 132.999874787137145, 34.335166806655856 ], [ 132.999628773243984, 34.334240829813858 ], [ 133.000592617729438, 34.333898844943754 ], [ 132.999569882168657, 34.334226865510338 ], [ 132.999745838466964, 34.334763878534368 ], [ 132.999235797605138, 34.334951187744586 ], [ 133.000069625933008, 34.337795183877432 ] ] ] } },
{ "type": "Feature", "properties": { "CITY_NAME": "竹原市", "S_NAME": "長浜一丁目", "JINKO": 392, "medical_area": "34_広島中央医療圏", "町丁目名": "竹原市長浜一丁目" }, "geometry": { "type": "Polygon", "coordinates": [ [ [ 132.967529901477974, 34.341056798832234 ], [ 132.967956297190995, 34.340599880710968 ], [ 132.968217693192088, 34.340694932243679 ], [ 132.968353652218127, 34.340366690093305 ], [ 132.968331799942717, 34.340023990027156 ], [ 132.967998720731231, 34.339560084442724 ], [ 132.968192639750214, 34.338889463564158 ], [ 132.968040037074502, 34.338859617123518 ], [ 132.968143130133399, 34.338173393929608 ], [ 132.967441347441223, 34.337425966451306 ], [ 132.966508039785822, 34.335746314012255 ], [ 132.966088803064736, 34.335890619381793 ], [ 132.965741971457845, 34.335872041884123 ], [ 132.965239149182622, 34.336021397501781 ], [ 132.964712402245368, 34.335948213994605 ], [ 132.965240406505018, 34.336046603124345 ], [ 132.96593450176789, 34.335896136462999 ], [ 132.966182634024108, 34.336277641793671 ], [ 132.964465351838498, 34.33705414283903 ], [ 132.963573075184513, 34.337168145795374 ], [ 132.962865930492768, 34.336989925503154 ], [ 132.962661500060563, 34.337306636449419 ], [ 132.962810252787335, 34.337405675775926 ], [ 132.962946799800449, 34.337596914271074 ], [ 132.962786429736894, 34.337418507632918 ], [ 132.962573623258208, 34.33746849024427 ], [ 132.962606032854183, 34.337690974257235 ], [ 132.960413825577035, 34.338170492474816 ], [ 132.960696477001989, 34.338684896711918 ], [ 132.960423223529773, 34.339168968013901 ], [ 132.960866788386681, 34.339910089956945 ], [ 132.960969839925582, 34.340394390217469 ], [ 132.960758524427888, 34.340657618721274 ], [ 132.962356173824844, 34.340841879129613 ], [ 132.963379646102368, 34.339476218322794 ], [ 132.96339063200017, 34.33965940119915 ], [ 132.96360246626935, 34.339586745204628 ], [ 132.963942247477547, 34.339118573178986 ], [ 132.964143843340622, 34.339094719625173 ], [ 132.9644137115001, 34.339305368477838 ], [ 132.964713715085225, 34.339281857515424 ], [ 132.965304370673636, 34.340139191281601 ], [ 132.965496454528477, 34.339881998497688 ], [ 132.965759649487154, 34.339862528237347 ], [ 132.965880867140726, 34.340576439918948 ], [ 132.966419754826859, 34.340601786303289 ], [ 132.966333838663843, 34.340701089377916 ], [ 132.966700510994741, 34.340759536807141 ], [ 132.966694484534742, 34.340911842434835 ], [ 132.967529901477974, 34.341056798832234 ] ] ] } },
{ "type": "Feature", "properties": { "CITY_NAME": "竹原市", "S_NAME": "長浜二丁目", "JINKO": 0, "medical_area": "34_広島中央医療圏", "町丁目名": "竹原市長浜二丁目" }, "geometry": { "type": "Polygon", "coordinates": [ [ [ 132.962606032854183, 34.337690974257235 ], [ 132.962560002176104, 34.336951634329338 ], [ 132.963266795108581, 34.336652213990568 ], [ 132.9634849426713, 34.33644880218359 ], [ 132.962563016812254, 34.336920344460786 ], [ 132.962481062720826, 34.33671100171199 ], [ 132.962839403514749, 34.336527383831431 ], [ 132.962042258886612, 34.336699351622066 ], [ 132.962552096292029, 34.336401640630655 ], [ 132.962536131937981, 34.336176514326482 ], [ 132.962956530345878, 34.336190254771523 ], [ 132.96294200489038, 34.335811586038815 ], [ 132.962803670638806, 34.335853477512558 ], [ 132.962743623840623, 34.335545251405286 ], [ 132.962797194170435, 34.335869013400391 ], [ 132.962525115355135, 34.335881632279182 ], [ 132.962694198041817, 34.335274001870303 ], [ 132.963041851985224, 34.335083129040676 ], [ 132.963739236507593, 34.335074496147655 ], [ 132.962059042264997, 34.334210304642625 ], [ 132.961937878195499, 34.334254335844712 ], [ 132.962781355575402, 34.334640002120928 ], [ 132.961884971451212, 34.334324826873591 ], [ 132.961406089013053, 34.334554722312035 ], [ 132.961149253864875, 34.334436382747846 ], [ 132.961065675061946, 34.334044780790101 ], [ 132.960420974251292, 34.334003333222149 ], [ 132.960410075900171, 34.334225535909781 ], [ 132.960054482649895, 34.334312640883596 ], [ 132.9602403443524, 34.334892046520388 ], [ 132.959535095995506, 34.335481602497595 ], [ 132.958060151025904, 34.335838232637961 ], [ 132.959146666903052, 34.338905400720016 ], [ 132.960767544110041, 34.338035787190186 ], [ 132.962606032854183, 34.337690974257235 ] ] ] } },
{ "type": "Feature", "properties": { "CITY_NAME": "竹原市", "S_NAME": "長浜三丁目", "JINKO": 92, "medical_area": "34_広島中央医療圏", "町丁目名": "竹原市長浜三丁目" }, "geometry": { "type": "Polygon", "coordinates": [ [ [ 132.971713480532202, 34.340241192934165 ], [ 132.970441036810314, 34.339284010708205 ], [ 132.970727070072286, 34.338658981728202 ], [ 132.970561883113476, 34.338226515793338 ], [ 132.971430704062669, 34.33792316493259 ], [ 132.972903284556565, 34.338206853278081 ], [ 132.97318089831154, 34.337733012234473 ], [ 132.97385531351577, 34.337352469525833 ], [ 132.974079522676021, 34.336995043909482 ], [ 132.974571074189299, 34.336865866496922 ], [ 132.974974340893397, 34.336490491138242 ], [ 132.975711811618623, 34.336578005842554 ], [ 132.976640146129625, 34.335621213765435 ], [ 132.97674104390444, 34.335067122910885 ], [ 132.976883279967041, 34.335034203970999 ], [ 132.976749810871752, 34.334680133746595 ], [ 132.976813816000345, 34.334271931818122 ], [ 132.977173990247735, 34.333955432938154 ], [ 132.977721445643425, 34.33410659594383 ], [ 132.977813581330196, 34.333816947864776 ], [ 132.978577995376156, 34.333309292220939 ], [ 132.978433097204515, 34.332932481181047 ], [ 132.978084915270728, 34.332887892072144 ], [ 132.977654109395161, 34.333177537521394 ], [ 132.976945713474976, 34.33308209361666 ], [ 132.976400261163491, 34.333201074955326 ], [ 132.974440265305361, 34.334162443589925 ], [ 132.971933062754204, 34.334948925787963 ], [ 132.970809893088642, 34.335001397586481 ], [ 132.970386612496327, 34.334603870477522 ], [ 132.970249626665293, 34.334715625696596 ], [ 132.970324574419465, 34.334820633238309 ], [ 132.969388262563683, 34.335327109201941 ], [ 132.96953722071845, 34.335679537961596 ], [ 132.969353574936434, 34.335340014158611 ], [ 132.967774961815167, 34.33572984262824 ], [ 132.966721661857946, 34.33581886520922 ], [ 132.967441347441223, 34.337425966451306 ], [ 132.968143130133399, 34.338173393929608 ], [ 132.968040037074502, 34.338859617123518 ], [ 132.968192639750214, 34.338889463564158 ], [ 132.967998720731231, 34.339560084442724 ], [ 132.968227858235252, 34.339870294265729 ], [ 132.968643011231165, 34.339205544793096 ], [ 132.968899781307357, 34.339242875160231 ], [ 132.96894990933427, 34.339942740754999 ], [ 132.969568463115536, 34.33961414262685 ], [ 132.970720783792871, 34.340253228730973 ], [ 132.971023425606916, 34.340301520092233 ], [ 132.971102010436624, 34.340172823668219 ], [ 132.971505319514705, 34.340431311882334 ], [ 132.971713480532202, 34.340241192934165 ] ] ] } },
{ "type": "Feature", "properties": { "CITY_NAME": "竹原市", "S_NAME": "忠海町", "JINKO": 0, "medical_area": "34_広島中央医療圏", "町丁目名": "竹原市忠海町" }, "geometry": { "type": "Polygon", "coordinates": [ [ [ 132.989450931847955, 34.315356688913404 ], [ 132.990814351654763, 34.314225157436532 ], [ 132.992255493754044, 34.314380332639409 ], [ 132.992757609796939, 34.314287767008182 ], [ 132.993046200554886, 34.314468775644272 ], [ 132.993724225023271, 34.313910623558073 ], [ 132.994182845657463, 34.313814685391513 ], [ 132.994428992825078, 34.313319043726743 ], [ 132.995043378360691, 34.313258947160342 ], [ 132.995026510913021, 34.312758755007614 ], [ 132.995698844084529, 34.311076626317401 ], [ 132.99644556019058, 34.310446858514155 ], [ 132.996842519117394, 34.30982116087258 ], [ 132.997370936379582, 34.30963543678763 ], [ 132.997599246172371, 34.309210195002315 ], [ 132.9980975587915, 34.309062562645188 ], [ 132.998129371296045, 34.309423913753832 ], [ 132.998188602853332, 34.30904222201017 ], [ 132.99837787543143, 34.308955291849571 ], [ 132.998957592294317, 34.307807328507877 ], [ 132.998715955446499, 34.307540372572355 ], [ 132.998797125187593, 34.307068385270391 ], [ 132.998649762105572, 34.306772755097199 ], [ 132.998780078623327, 34.306214793363324 ], [ 132.998485423424938, 34.306079754833569 ], [ 132.998289849034876, 34.305412179798516 ], [ 132.997665275311817, 34.305206427438108 ], [ 132.996915513116249, 34.305190828649266 ], [ 132.995389769789199, 34.305472487963641 ], [ 132.995665162986796, 34.304863116809081 ], [ 132.995465843129068, 34.304807566458599 ], [ 132.995292617549012, 34.305423567668129 ], [ 132.994341675524225, 34.30494506558756 ], [ 132.99399289656634, 34.304055828167208 ], [ 132.993948988583071, 34.30278421328439 ], [ 132.994065755634125, 34.302617495644114 ], [ 132.993849232726689, 34.302242176773632 ], [ 132.993596803157146, 34.302761387074995 ], [ 132.993138051377883, 34.303063811263748 ], [ 132.99267827536724, 34.303035372619156 ], [ 132.992422773052624, 34.302796380280157 ], [ 132.991809541025788, 34.302967300098999 ], [ 132.991886958348914, 34.303439062894064 ], [ 132.99159131498385, 34.303644877529031 ], [ 132.991702072342093, 34.303975840634379 ], [ 132.990884209231467, 34.305560769895237 ], [ 132.990529653498072, 34.305408930319302 ], [ 132.990491402769663, 34.305490320944806 ], [ 132.99089441313356, 34.305597604810963 ], [ 132.990155445205204, 34.306806059040227 ], [ 132.990077370008294, 34.308160622181802 ], [ 132.989601154403061, 34.309465618870824 ], [ 132.989639815627726, 34.312882751634874 ], [ 132.989077513989031, 34.314387472416058 ], [ 132.988513574384257, 34.314835669075883 ], [ 132.988250899331746, 34.315302677286297 ], [ 132.988903310198197, 34.315580399516705 ], [ 132.989079310848609, 34.31591542498159 ], [ 132.989450931847955, 34.315356688913404 ] ] ] } },
{ "type": "Feature", "properties": { "CITY_NAME": "竹原市", "S_NAME": "忠海町", "JINKO": 28, "medical_area": "34_広島中央医療圏", "町丁目名": "竹原市忠海町" }, "geometry": { "type": "Polygon", "coordinates": [ [ [ 132.981329810400922, 34.346353734654812 ], [ 132.982111794019687, 34.346275557087957 ], [ 132.983111239757363, 34.346487076067547 ], [ 132.984005640178992, 34.345961613719197 ], [ 132.983752767937631, 34.345453396562412 ], [ 132.983355885681789, 34.345488727880564 ], [ 132.983278004391963, 34.345241477659734 ], [ 132.983679679533907, 34.345026379120036 ], [ 132.983751892046314, 34.344688401360024 ], [ 132.984209452613555, 34.34430812552614 ], [ 132.983744570941212, 34.344098821198415 ], [ 132.984435046117454, 34.343868267701197 ], [ 132.98513966270184, 34.343169400323589 ], [ 132.985000778626215, 34.342962708888471 ], [ 132.985116764986287, 34.342795858759843 ], [ 132.98560815142082, 34.342708325088005 ], [ 132.985601806315486, 34.34226452463988 ], [ 132.985933655071818, 34.341679847438115 ], [ 132.985537498607727, 34.341727584727451 ], [ 132.98531938919723, 34.341546498670127 ], [ 132.985392508058368, 34.341258939981223 ], [ 132.986010152169001, 34.341250562233938 ], [ 132.986086969471756, 34.340320807265478 ], [ 132.986391220096891, 34.33950981478759 ], [ 132.985940058223321, 34.339339312350148 ], [ 132.98592363025034, 34.339116304117567 ], [ 132.985745426303254, 34.339074540553433 ], [ 132.985837153245257, 34.338762206232566 ], [ 132.986110118618029, 34.338752059620631 ], [ 132.98582948196244, 34.338601820258354 ], [ 132.985953838106013, 34.338309549962887 ], [ 132.986824099917698, 34.338515263054539 ], [ 132.987329968425485, 34.338086325491993 ], [ 132.987818176373565, 34.337963166262782 ], [ 132.988074022072993, 34.337328708313152 ], [ 132.988139076483748, 34.336911612725856 ], [ 132.987449653239963, 34.336415229675815 ], [ 132.987536929961919, 34.33605658629277 ], [ 132.987367635989642, 34.335742773304823 ], [ 132.986756827563141, 34.335663640749964 ], [ 132.985914897373021, 34.335863263521411 ], [ 132.985339141835141, 34.335590211823785 ], [ 132.985342031403206, 34.335905708839007 ], [ 132.986025237315857, 34.336795693664186 ], [ 132.986014207602494, 34.337120021969348 ], [ 132.985772658248777, 34.337435899837836 ], [ 132.985494272685344, 34.337350862324016 ], [ 132.985209976115272, 34.336542136280649 ], [ 132.984850808571224, 34.336584128221347 ], [ 132.98409363513349, 34.336251289469658 ], [ 132.983624189356306, 34.336495718755039 ], [ 132.983850514754209, 34.336896068279842 ], [ 132.983705839768817, 34.337326230385834 ], [ 132.982875285596123, 34.337289810910903 ], [ 132.983036582251998, 34.338297130560079 ], [ 132.983309199919432, 34.338207553085837 ], [ 132.983427611831701, 34.337914763361766 ], [ 132.983268995784471, 34.338545316479461 ], [ 132.98303850158365, 34.33859193229187 ], [ 132.982926019508682, 34.339928575700441 ], [ 132.982659759697498, 34.339876829293409 ], [ 132.98293263407794, 34.33927791130435 ], [ 132.982982748368073, 34.338445813377852 ], [ 132.982637344108127, 34.338489252701677 ], [ 132.982578871293811, 34.338184687357369 ], [ 132.982895421458863, 34.338046362244526 ], [ 132.982768481679358, 34.33691288637084 ], [ 132.982917296351587, 34.336251979359595 ], [ 132.982555982956228, 34.335974796506804 ], [ 132.982488859143132, 34.335477602596477 ], [ 132.982258384335381, 34.335367304210706 ], [ 132.981105987270212, 34.335736293649141 ], [ 132.981019815790546, 34.33626493611267 ], [ 132.980776740679715, 34.336415160385272 ], [ 132.979954219195577, 34.335968779615314 ], [ 132.979257439990505, 34.336262597278797 ], [ 132.978696838631606, 34.33621167655987 ], [ 132.978301505412048, 34.336386432338664 ], [ 132.977902331230723, 34.336055258016856 ], [ 132.977612495913917, 34.336181700551279 ], [ 132.977109038699979, 34.336086868452966 ], [ 132.976896149827638, 34.335747271084024 ], [ 132.976496111847496, 34.335732318678119 ], [ 132.975711811618623, 34.336578005842554 ], [ 132.974974340893397, 34.336490491138242 ], [ 132.974571074189299, 34.336865866496922 ], [ 132.974079522676021, 34.336995043909482 ], [ 132.97385531351577, 34.337352469525833 ], [ 132.97318089831154, 34.337733012234473 ], [ 132.972903284556565, 34.338206853278081 ], [ 132.971430704062669, 34.33792316493259 ], [ 132.970659678820851, 34.338135864610109 ], [ 132.970552866257123, 34.338313764320723 ], [ 132.970727070072286, 34.338658981728202 ], [ 132.970441036810314, 34.339284010708205 ], [ 132.971697002322855, 34.340107066778046 ], [ 132.971505319514705, 34.340431311882334 ], [ 132.971102010436624, 34.340172823668219 ], [ 132.971023425606916, 34.340301520092233 ], [ 132.97031637372686, 34.340119543117098 ], [ 132.969568463115536, 34.33961414262685 ], [ 132.96894990933427, 34.339942740754999 ], [ 132.968899781307357, 34.339242875160231 ], [ 132.968643011231165, 34.339205544793096 ], [ 132.968227858235252, 34.339870294265729 ], [ 132.968353652218127, 34.340366690093305 ], [ 132.968217693192088, 34.340694932243679 ], [ 132.967956297190995, 34.340599880710968 ], [ 132.967529901477974, 34.341056798832234 ], [ 132.967144878478649, 34.341024250502556 ], [ 132.966333838663843, 34.340701089377916 ], [ 132.966419754826859, 34.340601786303289 ], [ 132.965880867140726, 34.340576439918948 ], [ 132.965759649487154, 34.339862528237347 ], [ 132.965496454528477, 34.339881998497688 ], [ 132.965304370673636, 34.340139191281601 ], [ 132.964713715085225, 34.339281857515424 ], [ 132.9644137115001, 34.339305368477838 ], [ 132.964015781355755, 34.339092316251318 ], [ 132.96360246626935, 34.339586745204628 ], [ 132.96339063200017, 34.33965940119915 ], [ 132.963379646102368, 34.339476218322794 ], [ 132.962356173824844, 34.340841879129613 ], [ 132.960758524427888, 34.340657618721274 ], [ 132.960568375969615, 34.341311586473473 ], [ 132.960810784552478, 34.342546452778087 ], [ 132.961228492050196, 34.342992222359094 ], [ 132.96205595009809, 34.343309393444152 ], [ 132.962403039019989, 34.3431361310463 ], [ 132.96331230741211, 34.34373559973335 ], [ 132.964814148101141, 34.343946084778416 ], [ 132.965182983042951, 34.344294263056348 ], [ 132.965543509575184, 34.34430274951842 ], [ 132.965922459747986, 34.344759317707293 ], [ 132.968682522377009, 34.345745235436695 ], [ 132.969729705674553, 34.345277883903812 ], [ 132.969869639374252, 34.344805232393988 ], [ 132.970538646445988, 34.344430235119113 ], [ 132.971666150674366, 34.345291322385421 ], [ 132.972100212628874, 34.345370858769748 ], [ 132.972582720937538, 34.345801939008048 ], [ 132.972603951585086, 34.346131123580903 ], [ 132.975021003375559, 34.346802691769128 ], [ 132.975347249869856, 34.346590374896373 ], [ 132.975378312233971, 34.346163369714191 ], [ 132.975533917589132, 34.346105856802417 ], [ 132.976150785035259, 34.346005144632365 ], [ 132.976487244660547, 34.346247304686308 ], [ 132.977243645984601, 34.346245954563848 ], [ 132.978418018236113, 34.346962031114543 ], [ 132.978834387102125, 34.347732577043118 ], [ 132.979410336809565, 34.347949333015499 ], [ 132.979997169880136, 34.347701042463676 ], [ 132.980471850630437, 34.346988522134808 ], [ 132.980770007233673, 34.346902726468244 ], [ 132.981329810400922, 34.346353734654812 ] ] ] } },
{ "type": "Feature", "properties": { "CITY_NAME": "竹原市", "S_NAME": "忠海町", "JINKO": 0, "medical_area": "34_広島中央医療圏", "町丁目名": "竹原市忠海町" }, "geometry": { "type": "Polygon", "coordinates": [ [ [ 132.979384327899083, 34.310040544779298 ], [ 132.981222249721327, 34.309438846842035 ], [ 132.982128179387786, 34.308411470063156 ], [ 132.981082884858296, 34.307373560279238 ], [ 132.980837559047671, 34.306716269337258 ], [ 132.981094565929567, 34.306328614456156 ], [ 132.980607710255072, 34.305858577437391 ], [ 132.980521376420313, 34.30490273974295 ], [ 132.980250040683188, 34.304699880209036 ], [ 132.980053651279292, 34.305743378489524 ], [ 132.979817941923329, 34.306086519529401 ], [ 132.979382551287586, 34.306229140317804 ], [ 132.979226503048153, 34.306613304124078 ], [ 132.97929619469528, 34.306968079705086 ], [ 132.978852994846392, 34.307766152638138 ], [ 132.978686427945178, 34.308744373332829 ], [ 132.978295933115504, 34.309268974331452 ], [ 132.978298604435338, 34.309653915734771 ], [ 132.978144368440411, 34.309661135922767 ], [ 132.97826946039595, 34.310013712934726 ], [ 132.977936173427366, 34.310494691059425 ], [ 132.978020215444616, 34.310761759788228 ], [ 132.978266559197237, 34.310959437021388 ], [ 132.979146420893244, 34.310492016563721 ], [ 132.979384327899083, 34.310040544779298 ] ] ] } },
{ "type": "Feature", "properties": { "CITY_NAME": "竹原市", "S_NAME": "忠海町", "JINKO": 0, "medical_area": "34_広島中央医療圏", "町丁目名": "竹原市忠海町" }, "geometry": { "type": "Polygon", "coordinates": [ [ [ 133.01023817796721, 34.343712196504889 ], [ 133.010506185992853, 34.343233013987003 ], [ 133.010632312554662, 34.342064539455265 ], [ 133.010500229209953, 34.341448617889583 ], [ 133.010098120532376, 34.341264611980442 ], [ 133.010312685159704, 34.34058474007189 ], [ 133.011777249759916, 34.339520269584092 ], [ 133.010834973570155, 34.339397047972824 ], [ 133.009407922394843, 34.3386493530937 ], [ 133.009817517841554, 34.337723028821941 ], [ 133.009832888502473, 34.336848028455712 ], [ 133.009197932517225, 34.336649723141583 ], [ 133.00895915033982, 34.336408813201622 ], [ 133.008852902376304, 34.335801452953106 ], [ 133.009028069633899, 34.335087344588402 ], [ 133.00883066668402, 34.33437257532475 ], [ 133.008558442761682, 34.333995544864329 ], [ 133.008961162347049, 34.332797976443118 ], [ 133.008910139857022, 34.332100506474227 ], [ 133.009111083536368, 34.331562434217766 ], [ 133.009038864369785, 34.330748759446394 ], [ 133.009126914060658, 34.330536999305885 ], [ 133.010162351381695, 34.32992511248348 ], [ 133.010520188516665, 34.329227358444747 ], [ 133.00825451783453, 34.329458558881178 ], [ 133.006402893553201, 34.32990409455568 ], [ 133.005419617904323, 34.33035980582207 ], [ 133.004693686703462, 34.330912053732135 ], [ 133.004022138954497, 34.331786628535575 ], [ 133.003665242623498, 34.332842851907365 ], [ 133.005115624625887, 34.33323585977675 ], [ 133.005213171040708, 34.333483099973755 ], [ 133.004992842645521, 34.333662242376036 ], [ 133.005093054633619, 34.333870165079922 ], [ 133.005592894861991, 34.333888693294718 ], [ 133.005823490581861, 34.334170371121992 ], [ 133.005370041793412, 34.334574243646976 ], [ 133.005084571233027, 34.334494793647288 ], [ 133.004140080513253, 34.334852318787156 ], [ 133.003810499833179, 34.335256598554381 ], [ 133.003518516454164, 34.335274100458221 ], [ 133.003254333473905, 34.335852310811397 ], [ 133.003734125552484, 34.336331032419544 ], [ 133.003935616150784, 34.336314715377561 ], [ 133.003823432908604, 34.336158429047316 ], [ 133.004020435280523, 34.33616059627694 ], [ 133.006106280827254, 34.336695444504954 ], [ 133.006563903032259, 34.336505648849027 ], [ 133.007027519597642, 34.336619645720063 ], [ 133.00706043706478, 34.33696650023748 ], [ 133.00662651991783, 34.336876666554062 ], [ 133.006959113745808, 34.337244977398399 ], [ 133.008243581517547, 34.337355699768068 ], [ 133.00973626533758, 34.337077598021217 ], [ 133.009553275023421, 34.337475531597626 ], [ 133.00891676994965, 34.337802930441981 ], [ 133.008802014564822, 34.338036568607436 ], [ 133.008481987173212, 34.337754380589097 ], [ 133.007419243612588, 34.337621986165438 ], [ 133.006248506060786, 34.337873750721641 ], [ 133.005799937657713, 34.33780514350083 ], [ 133.005755254136318, 34.33800772720425 ], [ 133.006573295297159, 34.338498483589881 ], [ 133.007348779017491, 34.338619910250713 ], [ 133.007247813330082, 34.338865987417726 ], [ 133.007024743331129, 34.338924151605362 ], [ 133.006639647949356, 34.338758337120709 ], [ 133.006286422896153, 34.338962203084478 ], [ 133.006025827306843, 34.338867086205887 ], [ 133.005819708637318, 34.33930630072873 ], [ 133.005122713709625, 34.339239962955517 ], [ 133.004327268282736, 34.338057699974804 ], [ 133.003419260983264, 34.337226527928884 ], [ 133.003130649316887, 34.337481917397021 ], [ 133.002750094463067, 34.337190415205718 ], [ 133.002328198140333, 34.337773652436844 ], [ 133.00237613485055, 34.337967146378382 ], [ 133.002991526176714, 34.337836994313371 ], [ 133.003069288904584, 34.338041411426346 ], [ 133.002550514496818, 34.338247950963741 ], [ 133.002952093428831, 34.338707074160965 ], [ 133.002901468145012, 34.338927726264792 ], [ 133.002527282256438, 34.339056644676106 ], [ 133.002455515248869, 34.339645930046508 ], [ 133.002669893244075, 34.339892654495053 ], [ 133.003306101773518, 34.339925336018197 ], [ 133.003379399128022, 34.340312619564997 ], [ 133.00390105677829, 34.340566671032136 ], [ 133.003942213587976, 34.34080359668031 ], [ 133.004850380204573, 34.341646603627019 ], [ 133.005234380140962, 34.342316149764891 ], [ 133.005765986213476, 34.342629571301011 ], [ 133.005896505164287, 34.343117178032735 ], [ 133.00706660263404, 34.343765677368189 ], [ 133.007523162175374, 34.343644772750658 ], [ 133.008856022220385, 34.343932659345057 ], [ 133.00937516062038, 34.343718346983493 ], [ 133.008778993991996, 34.342902225250775 ], [ 133.008764750179949, 34.34278512681702 ], [ 133.009033669628451, 34.342700584666694 ], [ 133.009703588190803, 34.343419423334744 ], [ 133.00946130907144, 34.343816495567573 ], [ 133.009790604746371, 34.343740409579837 ], [ 133.009672680561863, 34.344133383242976 ], [ 133.01023817796721, 34.343712196504889 ] ] ] } },
{ "type": "Feature", "properties": { "CITY_NAME": "竹原市", "S_NAME": "忠海町", "JINKO": 0, "medical_area": "34_広島中央医療圏", "町丁目名": "竹原市忠海町" }, "geometry": { "type": "Polygon", "coordinates": [ [ [ 132.990710298498044, 34.351137726965618 ], [ 132.991929237337558, 34.350789593189901 ], [ 132.992609104659181, 34.350408051601292 ], [ 132.992906845717357, 34.349932465182526 ], [ 132.993675038150712, 34.349431572576158 ], [ 132.994430362930245, 34.349255867193406 ], [ 132.995651580668437, 34.349333638516541 ], [ 132.996005705630893, 34.349489981309347 ], [ 132.997361806631233, 34.34901070112997 ], [ 132.998667300192238, 34.349032661691155 ], [ 132.999567151061115, 34.349356564983857 ], [ 133.000390014605784, 34.349416873406668 ], [ 133.000831014444145, 34.349796440385084 ], [ 133.0016009749842, 34.349642007525382 ], [ 133.001974304162985, 34.349996256257349 ], [ 133.002892805677391, 34.349869534941192 ], [ 133.00280690370414, 34.348700553008484 ], [ 133.003025751268723, 34.34832549079659 ], [ 133.00347777340852, 34.348146599532839 ], [ 133.004714677301308, 34.348394203842453 ], [ 133.005030748313686, 34.347626593686925 ], [ 133.005637303958736, 34.347165756019209 ], [ 133.005590738356659, 34.346744477369583 ], [ 133.006982350429524, 34.346132726174154 ], [ 133.007024997902818, 34.34555532257388 ], [ 133.007189388774009, 34.345350928366855 ], [ 133.008286909466591, 34.344976986145639 ], [ 133.009357924839406, 34.344389811961122 ], [ 133.008475477871428, 34.344582964583296 ], [ 133.008282024865508, 34.344257500264384 ], [ 133.007606308022446, 34.344055373361741 ], [ 133.00684780680416, 34.344049468971747 ], [ 133.006784132831683, 34.34417851375413 ], [ 133.006533974377845, 34.344050079970749 ], [ 133.005770348546235, 34.344869223639627 ], [ 133.005906267235588, 34.343773943743827 ], [ 133.005553853544939, 34.343780029005877 ], [ 133.005489461500872, 34.34343564523946 ], [ 133.005128773931688, 34.343403472396787 ], [ 133.004916375776418, 34.343178146568853 ], [ 133.004348412189671, 34.343094009470711 ], [ 133.004506219813834, 34.342713449267592 ], [ 133.004410270915145, 34.342610998539655 ], [ 133.003748896306746, 34.342611311982211 ], [ 133.003346956569374, 34.342777185415549 ], [ 133.003683653786339, 34.342813471005151 ], [ 133.00331813745106, 34.343004871052045 ], [ 133.003665830883335, 34.343105454973298 ], [ 133.003298540713786, 34.343631549683948 ], [ 133.002796359360588, 34.343604988280511 ], [ 133.002454852689965, 34.343083612530748 ], [ 133.003225490896398, 34.342533344387164 ], [ 133.00402485306472, 34.342259944504484 ], [ 133.003971805764422, 34.341885761879816 ], [ 133.002802029760062, 34.340750992221345 ], [ 133.002427639670202, 34.340586077675596 ], [ 133.002132371958396, 34.340702337889468 ], [ 133.002193644571776, 34.340887570808697 ], [ 133.001929044861839, 34.34128857922893 ], [ 133.001776004879531, 34.341293853158049 ], [ 133.00160445956439, 34.341128250413952 ], [ 133.001778184836212, 34.340330783361665 ], [ 133.001197562315014, 34.340055012546301 ], [ 133.001078837012955, 34.340378956754137 ], [ 133.000593734309774, 34.340437492813798 ], [ 133.000435072022356, 34.340887494932602 ], [ 133.000561714923464, 34.341166515648744 ], [ 133.000930286295841, 34.341344294221372 ], [ 133.00070168564045, 34.34158250104133 ], [ 133.000443797284447, 34.341606801841898 ], [ 133.000034832289629, 34.340890231170327 ], [ 132.999685224613785, 34.340929948294921 ], [ 132.999463326129387, 34.341932827506696 ], [ 132.999487134248, 34.342924873002517 ], [ 132.999313612350051, 34.343006064976677 ], [ 132.999145106449191, 34.342950448823281 ], [ 132.998895659901905, 34.342428298081195 ], [ 132.998674652491275, 34.342498826223533 ], [ 132.998571081425752, 34.342802096231424 ], [ 132.997848387678772, 34.342870267189738 ], [ 132.997475410817145, 34.342202464408466 ], [ 132.996808260483306, 34.34187458575645 ], [ 132.995777867768936, 34.342013302721142 ], [ 132.995060353726558, 34.342850370887625 ], [ 132.993946388005412, 34.342261686724498 ], [ 132.99343014386028, 34.342930321092702 ], [ 132.992226815076691, 34.341616950594961 ], [ 132.991958827450588, 34.342180084366923 ], [ 132.991627810780642, 34.342411219677501 ], [ 132.991745933541296, 34.342776932037943 ], [ 132.991608447266799, 34.342923087782253 ], [ 132.990483364269181, 34.342488968723998 ], [ 132.98983921531331, 34.342444725184748 ], [ 132.989848664082814, 34.343213040522848 ], [ 132.990264042228432, 34.34347237026202 ], [ 132.990118096486469, 34.343839728118503 ], [ 132.990017487442429, 34.343432201556944 ], [ 132.989426722398576, 34.343220538311982 ], [ 132.989012749583111, 34.342468898433708 ], [ 132.988929495193645, 34.341802639556086 ], [ 132.988704246689309, 34.341525965163008 ], [ 132.988469142063281, 34.341501210535441 ], [ 132.988307996913193, 34.341886416314004 ], [ 132.987821198779699, 34.341877443024842 ], [ 132.987566083131725, 34.342353148723184 ], [ 132.987153638200994, 34.342429031065294 ], [ 132.986912223108902, 34.34317044095507 ], [ 132.98633198089442, 34.343656360152679 ], [ 132.986092101903068, 34.344242391801075 ], [ 132.985892988524739, 34.344103295426272 ], [ 132.985342865479851, 34.344465615922026 ], [ 132.985443889453478, 34.345023297535036 ], [ 132.984978920812125, 34.344876969990047 ], [ 132.984263641986189, 34.346000032584904 ], [ 132.984610150237955, 34.346303800167668 ], [ 132.985101585738448, 34.348292529610596 ], [ 132.98582846288474, 34.348552322189228 ], [ 132.986204671498513, 34.349148443341207 ], [ 132.986722216346664, 34.349258074630328 ], [ 132.987498510052234, 34.350466351845299 ], [ 132.988297023454606, 34.350502529165006 ], [ 132.988544210567028, 34.350892593651452 ], [ 132.989075645503362, 34.351249752636946 ], [ 132.989563480283039, 34.351176597194417 ], [ 132.990183118610872, 34.351582175590941 ], [ 132.990710298498044, 34.351137726965618 ] ] ] } },
{ "type": "Feature", "properties": { "CITY_NAME": "東広島市", "S_NAME": "西条岡町", "JINKO": 627, "medical_area": "34_広島中央医療圏", "町丁目名": "東広島市西条岡町" }, "geometry": { "type": "Polygon", "coordinates": [ [ [ 132.741404967938763, 34.430750802370348 ], [ 132.743046869597208, 34.430847737679983 ], [ 132.742961472369956, 34.430246931689851 ], [ 132.74311932830895, 34.430180263216194 ], [ 132.742798892208157, 34.429337151344022 ], [ 132.742001218023233, 34.428759136769763 ], [ 132.74089043664091, 34.426276533876866 ], [ 132.740519895325576, 34.426309124186695 ], [ 132.741010975563711, 34.428074540279788 ], [ 132.740226194617151, 34.428642809203154 ], [ 132.740128833726857, 34.429499862135778 ], [ 132.739839921703748, 34.429923246017594 ], [ 132.739905056545552, 34.430584297925833 ], [ 132.741374319981873, 34.430874061203149 ], [ 132.741404967938763, 34.430750802370348 ] ] ] } },
{ "type": "Feature", "properties": { "CITY_NAME": "東広島市", "S_NAME": "西条本町", "JINKO": 563, "medical_area": "34_広島中央医療圏", "町丁目名": "東広島市西条本町" }, "geometry": { "type": "Polygon", "coordinates": [ [ [ 132.747580631438439, 34.431779369765032 ], [ 132.748152955066843, 34.431650291552813 ], [ 132.748771721597365, 34.431116147120079 ], [ 132.748206826237436, 34.430857393375561 ], [ 132.748026267981629, 34.429079420292588 ], [ 132.74567471987001, 34.429148755203798 ], [ 132.745628759268271, 34.428863441610659 ], [ 132.744657287163221, 34.42891959345711 ], [ 132.744706461468866, 34.429141221629571 ], [ 132.742879664341757, 34.429494538736165 ], [ 132.74311932830895, 34.430180263216194 ], [ 132.742961472369956, 34.430246931689851 ], [ 132.743072062413177, 34.430833953454723 ], [ 132.741382186177447, 34.430775419268699 ], [ 132.747334140541568, 34.432027474702963 ], [ 132.747580631438439, 34.431779369765032 ] ] ] } },
{ "type": "Feature", "properties": { "CITY_NAME": "東広島市", "S_NAME": "西条栄町", "JINKO": 412, "medical_area": "34_広島中央医療圏", "町丁目名": "東広島市西条栄町" }, "geometry": { "type": "Polygon", "coordinates": [ [ [ 132.744485088595354, 34.426981255086552 ], [ 132.743966889249549, 34.425982569168212 ], [ 132.74089043664091, 34.426276533876866 ], [ 132.742001218023233, 34.428759136769756 ], [ 132.742879664341757, 34.429494538736165 ], [ 132.744706461468866, 34.429141221629571 ], [ 132.744209161567824, 34.427120184587437 ], [ 132.744485088595354, 34.426981255086552 ] ] ] } },
{ "type": "Feature", "properties": { "CITY_NAME": "東広島市", "S_NAME": "西条上市町", "JINKO": 911, "medical_area": "34_広島中央医療圏", "町丁目名": "東広島市西条上市町" }, "geometry": { "type": "Polygon", "coordinates": [ [ [ 132.748885867930909, 34.431163215849026 ], [ 132.749467676722531, 34.428988035218005 ], [ 132.749970735634633, 34.425401019873789 ], [ 132.750292838684572, 34.425401734968979 ], [ 132.749866290657792, 34.425055551088121 ], [ 132.748896156764459, 34.424698435519254 ], [ 132.748149008768934, 34.424688895667096 ], [ 132.747170759955623, 34.424937668393135 ], [ 132.748064440187193, 34.427598183388966 ], [ 132.748029203734092, 34.429698503723309 ], [ 132.748206826237436, 34.430857393375561 ], [ 132.748885867930909, 34.431163215849026 ] ] ] } },
{ "type": "Feature", "properties": { "CITY_NAME": "東広島市", "S_NAME": "西条朝日町", "JINKO": 1526, "medical_area": "34_広島中央医療圏", "町丁目名": "東広島市西条朝日町" }, "geometry": { "type": "Polygon", "coordinates": [ [ [ 132.74567471987001, 34.429148755203798 ], [ 132.748026267981629, 34.429079420292588 ], [ 132.748064440187193, 34.427598183388966 ], [ 132.747170759955623, 34.424937668393135 ], [ 132.743966889249549, 34.425982569168212 ], [ 132.744485088595354, 34.426981255086552 ], [ 132.744209161567824, 34.427120184587437 ], [ 132.744657287163221, 34.42891959345711 ], [ 132.745628759268271, 34.428863441610659 ], [ 132.74567471987001, 34.429148755203798 ] ] ] } },
{ "type": "Feature", "properties": { "CITY_NAME": "東広島市", "S_NAME": "西条御条町", "JINKO": 1598, "medical_area": "34_広島中央医療圏", "町丁目名": "東広島市西条御条町" }, "geometry": { "type": "Polygon", "coordinates": [ [ [ 132.74573291674875, 34.420728508531163 ], [ 132.744976636466902, 34.419507960741953 ], [ 132.744443082510998, 34.421373018180049 ], [ 132.743814403756204, 34.422153145537145 ], [ 132.744806365572487, 34.425765472445768 ], [ 132.747170759955623, 34.424937668393135 ], [ 132.74573291674875, 34.420728508531163 ] ] ] } },
{ "type": "Feature", "properties": { "CITY_NAME": "東広島市", "S_NAME": "西条昭和町", "JINKO": 1487, "medical_area": "34_広島中央医療圏", "町丁目名": "東広島市西条昭和町" }, "geometry": { "type": "Polygon", "coordinates": [ [ [ 132.744806365572487, 34.425765472445768 ], [ 132.743814403756204, 34.422153145537145 ], [ 132.742055711657173, 34.422823647789819 ], [ 132.739390403296369, 34.422721078201818 ], [ 132.739017191171513, 34.423317842740488 ], [ 132.740519895325576, 34.426309124186695 ], [ 132.743530915877869, 34.426060130990606 ], [ 132.744806365572487, 34.425765472445768 ] ] ] } },
{ "type": "Feature", "properties": { "CITY_NAME": "東広島市", "S_NAME": "西条大坪町", "JINKO": 1259, "medical_area": "34_広島中央医療圏", "町丁目名": "東広島市西条大坪町" }, "geometry": { "type": "Polygon", "coordinates": [ [ [ 132.749866290657792, 34.425055551088121 ], [ 132.750074627471207, 34.424135262381377 ], [ 132.750465633094876, 34.423815035476125 ], [ 132.74736627673866, 34.421372263062374 ], [ 132.745442216826461, 34.419229657236734 ], [ 132.745138323831185, 34.419235321823102 ], [ 132.744976636466902, 34.419507960741953 ], [ 132.745732916748722, 34.42072850853117 ], [ 132.747170759955623, 34.424937668393135 ], [ 132.748149008768934, 34.424688895667096 ], [ 132.748896156764459, 34.424698435519254 ], [ 132.749866290657792, 34.425055551088121 ] ] ] } },
{ "type": "Feature", "properties": { "CITY_NAME": "東広島市", "S_NAME": "西条町西条", "JINKO": 1317, "medical_area": "34_広島中央医療圏", "町丁目名": "東広島市西条町西条" }, "geometry": { "type": "Polygon", "coordinates": [ [ [ 132.746271824744383, 34.439035539755416 ], [ 132.74663816668749, 34.43764152109307 ], [ 132.745841200982909, 34.437653469454922 ], [ 132.74591303328296, 34.43537466637482 ], [ 132.746098041848427, 34.434384360597569 ], [ 132.746588203543212, 34.434417534592939 ], [ 132.747029076413298, 34.433256273489924 ], [ 132.746978995043833, 34.432475560640825 ], [ 132.747441703436891, 34.432050489288464 ], [ 132.739905056545581, 34.430584297925833 ], [ 132.73995338375633, 34.430863969764196 ], [ 132.740319160197487, 34.431045235429998 ], [ 132.740704412778427, 34.432132450021555 ], [ 132.73985122630458, 34.433038265542457 ], [ 132.741145479465786, 34.432562689828856 ], [ 132.741218122326273, 34.433381193713714 ], [ 132.741634112493955, 34.434317533460906 ], [ 132.741522586512048, 34.434522170540824 ], [ 132.741647320661315, 34.435033905837116 ], [ 132.744467582633746, 34.436595894937433 ], [ 132.744374081365834, 34.436898767368362 ], [ 132.744123058283776, 34.437047576765458 ], [ 132.744311027471753, 34.437523790230699 ], [ 132.743976212865846, 34.438126711175642 ], [ 132.743342159251654, 34.438187316573277 ], [ 132.742392005672968, 34.438545779970404 ], [ 132.742428310800676, 34.438960307293641 ], [ 132.742921670719113, 34.439922889366784 ], [ 132.742798822377296, 34.440699337041899 ], [ 132.743052665030376, 34.441272436029671 ], [ 132.74302936460839, 34.441672170608896 ], [ 132.741797642444368, 34.442882766514771 ], [ 132.741183568894087, 34.443164981724202 ], [ 132.740509295901575, 34.443979374498589 ], [ 132.740366684148597, 34.445051298037768 ], [ 132.739185590670814, 34.446156681454156 ], [ 132.738961216902339, 34.447347730115027 ], [ 132.738977974923984, 34.448206342946932 ], [ 132.739322152996721, 34.448159232986299 ], [ 132.739142812908568, 34.447272504396061 ], [ 132.739632979742794, 34.446209944780961 ], [ 132.740999567967663, 34.444714062604397 ], [ 132.744232995901626, 34.442726760369702 ], [ 132.744399300922566, 34.442507778678106 ], [ 132.74437358026654, 34.441750203608578 ], [ 132.744580703089952, 34.441526944868713 ], [ 132.746795624378933, 34.440495626217221 ], [ 132.746711447847332, 34.439567462623074 ], [ 132.746271824744383, 34.439035539755416 ] ] ] } },
{ "type": "Feature", "properties": { "CITY_NAME": "東広島市", "S_NAME": "寺家駅前", "JINKO": 571, "medical_area": "34_広島中央医療圏", "町丁目名": "東広島市寺家駅前" }, "geometry": { "type": "Polygon", "coordinates": [ [ [ 132.721773842816191, 34.440721656271997 ], [ 132.72239870455337, 34.440104877282742 ], [ 132.722487418877733, 34.440355101658305 ], [ 132.72300747064989, 34.440505095357821 ], [ 132.72389735961454, 34.440470388508999 ], [ 132.72377906857804, 34.44019145296329 ], [ 132.724032682201283, 34.440038838497657 ], [ 132.724141888503823, 34.439695383708333 ], [ 132.725144321345823, 34.4401906343844 ], [ 132.72495912434897, 34.440427678699209 ], [ 132.725134632975795, 34.440474658957164 ], [ 132.726101334779372, 34.440536049443111 ], [ 132.727253927162195, 34.440355753918539 ], [ 132.726732888478409, 34.439508782939427 ], [ 132.725402907878333, 34.439153394912502 ], [ 132.724699979793712, 34.43845707306496 ], [ 132.724365083462516, 34.438319905624894 ], [ 132.723521124291835, 34.437076933932502 ], [ 132.72271127056456, 34.437524171977181 ], [ 132.722006923734625, 34.437146017222595 ], [ 132.721889668154688, 34.437349393498025 ], [ 132.721984692661181, 34.438223451299507 ], [ 132.721056966481939, 34.440262416247819 ], [ 132.721246190520958, 34.440573491553891 ], [ 132.721773842816191, 34.440721656271997 ] ] ] } },
{ "type": "Feature", "properties": { "CITY_NAME": "東広島市", "S_NAME": "寺家産業団地", "JINKO": 0, "medical_area": "34_広島中央医療圏", "町丁目名": "東広島市寺家産業団地" }, "geometry": { "type": "Polygon", "coordinates": [ [ [ 132.708606349162437, 34.437075285268243 ], [ 132.709985607834625, 34.437003337928104 ], [ 132.710342287977454, 34.436801612776797 ], [ 132.710478108847127, 34.436269104988675 ], [ 132.711187709945108, 34.43562407167758 ], [ 132.711153990180748, 34.434956190703495 ], [ 132.709596796343789, 34.432919348250003 ], [ 132.70981244904965, 34.432617280827749 ], [ 132.709638576993143, 34.432482825498177 ], [ 132.709754967295368, 34.432310115831321 ], [ 132.70958989346579, 34.43219004650615 ], [ 132.707910057010537, 34.432375104623773 ], [ 132.707595391795564, 34.431835583185809 ], [ 132.707719272060729, 34.431474423850773 ], [ 132.707526356933727, 34.431085818755875 ], [ 132.706947475309363, 34.431053277145807 ], [ 132.706452310428688, 34.431728934633426 ], [ 132.706290052570239, 34.432239014821185 ], [ 132.706186070109936, 34.432611778149358 ], [ 132.706360947939089, 34.433149807666773 ], [ 132.705946635531404, 34.433526336015788 ], [ 132.706034933820433, 34.434387891865747 ], [ 132.706490705454712, 34.4349370749527 ], [ 132.706073614286254, 34.435345312590904 ], [ 132.706070135272029, 34.435722560248124 ], [ 132.706435651400113, 34.436407149098272 ], [ 132.706732260220633, 34.436512917919991 ], [ 132.708104613074795, 34.436720498753779 ], [ 132.708606349162437, 34.437075285268243 ] ] ] } },
{ "type": "Feature", "properties": { "CITY_NAME": "東広島市", "S_NAME": "西条町寺家", "JINKO": 5593, "medical_area": "34_広島中央医療圏", "町丁目名": "東広島市西条町寺家" }, "geometry": { "type": "Polygon", "coordinates": [ [ [ 132.725229914206523, 34.429505248907866 ], [ 132.727219329667008, 34.428712807202615 ], [ 132.728159002716467, 34.42909827234606 ], [ 132.728338256012023, 34.429432144265796 ], [ 132.728909797041695, 34.429481782163869 ], [ 132.729505605733522, 34.428911781208313 ], [ 132.732030436477771, 34.427412444392985 ], [ 132.730645166188367, 34.424387214825806 ], [ 132.733581656001292, 34.423301186357961 ], [ 132.732650769365534, 34.421587923990778 ], [ 132.729871496814951, 34.422615114111835 ], [ 132.729110902241274, 34.421212635458943 ], [ 132.726035704663616, 34.422369284663866 ], [ 132.725100776603824, 34.420635135634512 ], [ 132.722653928246046, 34.422834757941132 ], [ 132.720410411469743, 34.423932129626834 ], [ 132.719902862736035, 34.425187418334282 ], [ 132.719859954931451, 34.425917435609826 ], [ 132.720523917743492, 34.427629323364059 ], [ 132.720534349104867, 34.429714356109578 ], [ 132.722807126488135, 34.42944810225616 ], [ 132.724045476876171, 34.429737018868252 ], [ 132.725229914206523, 34.429505248907866 ] ] ] } },
{ "type": "Feature", "properties": { "CITY_NAME": "東広島市", "S_NAME": "西条町寺家", "JINKO": 0, "medical_area": "34_広島中央医療圏", "町丁目名": "東広島市西条町寺家" }, "geometry": { "type": "Polygon", "coordinates": [ [ [ 132.741634112493955, 34.434317533460906 ], [ 132.741218122326273, 34.433381193713714 ], [ 132.741145479465786, 34.432562689828856 ], [ 132.73985122630458, 34.433038265542457 ], [ 132.740557357658986, 34.433967331908093 ], [ 132.741522586512048, 34.434522170540824 ], [ 132.741634112493955, 34.434317533460906 ] ] ] } },
{ "type": "Feature", "properties": { "CITY_NAME": "東広島市", "S_NAME": "西条町寺家", "JINKO": 0, "medical_area": "34_広島中央医療圏", "町丁目名": "東広島市西条町寺家" }, "geometry": { "type": "Polygon", "coordinates": [ [ [ 132.725100776603824, 34.420635135634512 ], [ 132.726035704663616, 34.422369284663866 ], [ 132.729110902241274, 34.421212635458943 ], [ 132.728363056835747, 34.419825303695283 ], [ 132.728410479756434, 34.418962420008654 ], [ 132.727671330098588, 34.418975670925043 ], [ 132.727072484126182, 34.419184220553255 ], [ 132.725100776603824, 34.420635135634512 ] ] ] } },
{ "type": "Feature", "properties": { "CITY_NAME": "東広島市", "S_NAME": "西条町寺家", "JINKO": 13921, "medical_area": "34_広島中央医療圏", "町丁目名": "東広島市西条町寺家" }, "geometry": { "type": "Polygon", "coordinates": [ [ [ 132.725100776603824, 34.420635135634512 ], [ 132.723646374510452, 34.419793328287859 ], [ 132.723321363071875, 34.418465026137198 ], [ 132.720169361281478, 34.41955442289489 ], [ 132.718722156475252, 34.4205895643506 ], [ 132.71763457472656, 34.421037771294401 ], [ 132.715034770167335, 34.420728563329611 ], [ 132.71367080433447, 34.420940472718733 ], [ 132.710807113744409, 34.421861821202505 ], [ 132.708317602969856, 34.422154605083357 ], [ 132.707610330991429, 34.421983489673366 ], [ 132.706857885407771, 34.422240794608008 ], [ 132.705862351205212, 34.422220259079957 ], [ 132.704364106699046, 34.421812295447602 ], [ 132.703492087109879, 34.422630606860245 ], [ 132.702914560969333, 34.422724846079753 ], [ 132.702448671318336, 34.422985092551002 ], [ 132.701992139196562, 34.423526602689329 ], [ 132.701350361237786, 34.423796069835603 ], [ 132.700828722510778, 34.42398583954985 ], [ 132.69930490619771, 34.423909098680603 ], [ 132.698806122051678, 34.424138344628922 ], [ 132.698837113604213, 34.424267383811411 ], [ 132.698492026403954, 34.42454793687876 ], [ 132.697819633194769, 34.424750888190417 ], [ 132.697660825086189, 34.4250807784383 ], [ 132.69710398171128, 34.4252705439268 ], [ 132.697047464630202, 34.425472787467726 ], [ 132.696972572838149, 34.426633832481954 ], [ 132.697330591104674, 34.426655522585136 ], [ 132.698087323717942, 34.427083843148445 ], [ 132.698192278969316, 34.427335815268627 ], [ 132.697840336666417, 34.427938695975861 ], [ 132.698028864986497, 34.427985627743851 ], [ 132.697596399734351, 34.428195704911559 ], [ 132.698354221265276, 34.429020976987026 ], [ 132.697586319662548, 34.430563124947113 ], [ 132.697880618878827, 34.43068735718883 ], [ 132.697747847049897, 34.431680609161987 ], [ 132.698075132230883, 34.431898652314494 ], [ 132.698342470865441, 34.431765218194116 ], [ 132.698311978257607, 34.431239361073416 ], [ 132.698624706054829, 34.430771031405115 ], [ 132.698449842197732, 34.430380331082524 ], [ 132.698542416685001, 34.43020736696424 ], [ 132.699476542203456, 34.429746050013961 ], [ 132.69996277908507, 34.429804360024498 ], [ 132.70008172809446, 34.429956256820219 ], [ 132.700629433822343, 34.429856103645356 ], [ 132.700388615436822, 34.430194949740653 ], [ 132.700368255692808, 34.43148282198662 ], [ 132.701587206378832, 34.431484250456577 ], [ 132.701467169932414, 34.432048233709239 ], [ 132.698688356212728, 34.434143199246265 ], [ 132.698709279748215, 34.434265518382716 ], [ 132.699205082594688, 34.434594247596237 ], [ 132.699414037804473, 34.434569389151633 ], [ 132.700194748723987, 34.435299318522397 ], [ 132.700514839734353, 34.435305383197445 ], [ 132.70062731733239, 34.435701144300701 ], [ 132.700427525685996, 34.436991778420897 ], [ 132.703646190818205, 34.437658740851703 ], [ 132.705623931988924, 34.43830617813672 ], [ 132.705700672751249, 34.438514182182679 ], [ 132.705442122283358, 34.439354747113441 ], [ 132.706559462190853, 34.440693397644161 ], [ 132.707069173567817, 34.440195432364867 ], [ 132.707226461971203, 34.44041547377406 ], [ 132.708225373470384, 34.439905475608583 ], [ 132.708359287131628, 34.440040113714851 ], [ 132.70931168059397, 34.43920800553304 ], [ 132.710112389523232, 34.439606058879377 ], [ 132.710671487834929, 34.439216614603168 ], [ 132.713021820117461, 34.441527920092845 ], [ 132.714235023520899, 34.440802533200454 ], [ 132.714527898901565, 34.441291014057782 ], [ 132.716170368395353, 34.442018410250888 ], [ 132.717241258001309, 34.442136012287698 ], [ 132.718526093805451, 34.442867373759917 ], [ 132.718844702766233, 34.442772965514202 ], [ 132.719049853112608, 34.442497634255602 ], [ 132.719885680532968, 34.442865179429489 ], [ 132.718969811384795, 34.444050048029119 ], [ 132.719224372716013, 34.444143559841791 ], [ 132.719029995124771, 34.444512659872721 ], [ 132.719484466806364, 34.444592168604032 ], [ 132.720186729889804, 34.445193724123627 ], [ 132.720527081829033, 34.445775926348801 ], [ 132.720284291300857, 34.445888450943897 ], [ 132.720305121396535, 34.446126276004641 ], [ 132.720930201942707, 34.446303610903897 ], [ 132.721972645695843, 34.447845215372304 ], [ 132.722056977964257, 34.447477363088566 ], [ 132.722780271700117, 34.447812044091052 ], [ 132.723645445268147, 34.447500344401099 ], [ 132.724205698554186, 34.447792290488088 ], [ 132.723275234351945, 34.449113695031194 ], [ 132.723964131345156, 34.449854522510343 ], [ 132.724148209900278, 34.449867700669117 ], [ 132.724136226915022, 34.450027649925346 ], [ 132.725132123814006, 34.45104186133814 ], [ 132.725785445603577, 34.452193245124043 ], [ 132.726748125826134, 34.453410391689765 ], [ 132.727496665770332, 34.453862920315139 ], [ 132.732241173303407, 34.455522458987069 ], [ 132.732635357198546, 34.455420615468476 ], [ 132.733401136930979, 34.454635968891502 ], [ 132.735409288179795, 34.454513073834313 ], [ 132.736216244754416, 34.45500950763001 ], [ 132.736698709541741, 34.4549187900815 ], [ 132.737752151441526, 34.455456313911242 ], [ 132.739384506909431, 34.455861092243012 ], [ 132.740851227780155, 34.4567686549494 ], [ 132.741731562868011, 34.457102989139131 ], [ 132.739965671848353, 34.451854522688791 ], [ 132.739500198487377, 34.451158180062116 ], [ 132.739172573030771, 34.449651092244927 ], [ 132.738961216902339, 34.447347730115027 ], [ 132.739185590670814, 34.446156681454156 ], [ 132.740366684148597, 34.445051298037768 ], [ 132.740573809332602, 34.443878354159821 ], [ 132.741183568894087, 34.443164981724181 ], [ 132.741797642444368, 34.442882766514771 ], [ 132.74302936460839, 34.441672170608896 ], [ 132.743052665030376, 34.441272436029671 ], [ 132.742798822377296, 34.44069933704187 ], [ 132.742921670719113, 34.439922889366784 ], [ 132.742428310800676, 34.438960307293641 ], [ 132.742392005672968, 34.438545779970404 ], [ 132.743342159251654, 34.438187316573277 ], [ 132.743976212865846, 34.438126711175642 ], [ 132.744311027471753, 34.437523790230699 ], [ 132.744123058283776, 34.437047576765458 ], [ 132.744374081365834, 34.436898767368362 ], [ 132.744467582633746, 34.436595894937433 ], [ 132.743761622146224, 34.436311161706897 ], [ 132.742130865419909, 34.435204472414675 ], [ 132.741712915408897, 34.435091212444476 ], [ 132.741513184190694, 34.434483618517454 ], [ 132.740557357658986, 34.433967331908093 ], [ 132.73985122630458, 34.433038265542457 ], [ 132.738900138846674, 34.433640124156341 ], [ 132.738125856715016, 34.433632617486751 ], [ 132.736905499704619, 34.434154160132117 ], [ 132.735165963450839, 34.434627533219128 ], [ 132.734499446177665, 34.435018569422468 ], [ 132.734362751467671, 34.434679720220295 ], [ 132.734523805929456, 34.433316533553281 ], [ 132.734265129946976, 34.432451418565215 ], [ 132.734407808319645, 34.432300737344612 ], [ 132.73411654311991, 34.431724544363036 ], [ 132.733808503028996, 34.429043208156209 ], [ 132.732505924846578, 34.429109331697987 ], [ 132.732486856468455, 34.428657863913173 ], [ 132.732942623790791, 34.428642233323757 ], [ 132.732937529600974, 34.428371797112163 ], [ 132.732632921772478, 34.427733114901706 ], [ 132.732030436477771, 34.427412444392985 ], [ 132.729505605733522, 34.428911781208313 ], [ 132.728909797041695, 34.429481782163869 ], [ 132.728338256012023, 34.429432144265796 ], [ 132.728159002716467, 34.42909827234606 ], [ 132.727219329667008, 34.428712807202615 ], [ 132.724363665431611, 34.429709226722203 ], [ 132.722807126488135, 34.42944810225616 ], [ 132.720534349104867, 34.429714356109578 ], [ 132.720523917743492, 34.427629323364059 ], [ 132.719859954931451, 34.425917435609826 ], [ 132.719902862736035, 34.425187418334282 ], [ 132.720271125895493, 34.424128280602012 ], [ 132.720685094942297, 34.423710430713328 ], [ 132.72239774072807, 34.422992703403622 ], [ 132.723001233321128, 34.422588074309729 ], [ 132.725100776603824, 34.420635135634512 ] ], [ [ 132.706947475309363, 34.431053277145807 ], [ 132.707526356933727, 34.431085818755875 ], [ 132.707719272060729, 34.431474423850773 ], [ 132.707595391795564, 34.431835583185809 ], [ 132.707910057010537, 34.432375104623773 ], [ 132.70958989346579, 34.43219004650615 ], [ 132.709754967295368, 34.432310115831321 ], [ 132.709638576993143, 34.432482825498191 ], [ 132.70981244904965, 34.432617280827749 ], [ 132.709596796343789, 34.432919348250003 ], [ 132.711153990180748, 34.434956190703495 ], [ 132.711187709945108, 34.43562407167758 ], [ 132.710478108847127, 34.436269104988675 ], [ 132.710342287977454, 34.436801612776797 ], [ 132.709985607834625, 34.437003337928104 ], [ 132.709600569640827, 34.4368590002288 ], [ 132.709030799634775, 34.437088725432815 ], [ 132.708606349162437, 34.437075285268243 ], [ 132.708104613074795, 34.436720498753779 ], [ 132.706732260220633, 34.436512917920012 ], [ 132.706435651400142, 34.436407149098272 ], [ 132.706070135272029, 34.435722560248124 ], [ 132.706073614286254, 34.435345312590904 ], [ 132.706490705454712, 34.4349370749527 ], [ 132.706034933820433, 34.434387891865747 ], [ 132.705946635531404, 34.43352633601576 ], [ 132.706360947939004, 34.433149807666773 ], [ 132.706186070109936, 34.432611778149358 ], [ 132.706290052570239, 34.432239014821185 ], [ 132.706452310428688, 34.431728934633426 ], [ 132.706947475309363, 34.431053277145807 ] ], [ [ 132.724286128298445, 34.438065134045047 ], [ 132.724299388769936, 34.438258902821964 ], [ 132.725402907878333, 34.439153394912502 ], [ 132.726732888478409, 34.439508782939427 ], [ 132.727253927162195, 34.440355753918539 ], [ 132.726101334779372, 34.440536049443111 ], [ 132.725134632975795, 34.440474658957164 ], [ 132.72495912434897, 34.440427678699209 ], [ 132.725144321345823, 34.4401906343844 ], [ 132.724141888503823, 34.439695383708333 ], [ 132.724032682201283, 34.440038838497657 ], [ 132.72377906857804, 34.44019145296329 ], [ 132.72389735961454, 34.440470388508999 ], [ 132.72300747064989, 34.440505095357821 ], [ 132.722487418877733, 34.440355101658305 ], [ 132.722398704553342, 34.440104877282742 ], [ 132.721773842816191, 34.440721656271997 ], [ 132.721246190520958, 34.440573491553891 ], [ 132.721056966481939, 34.440262416247819 ], [ 132.721191897179693, 34.439769568134111 ], [ 132.721839994743362, 34.438719048254782 ], [ 132.722006923734625, 34.437146017222595 ], [ 132.72271127056456, 34.437524171977181 ], [ 132.723521124291835, 34.437076933932502 ], [ 132.723977859428203, 34.437622951283203 ], [ 132.723881609841214, 34.437743767721322 ], [ 132.724286128298445, 34.438065134045047 ] ] ] } },
{ "type": "Feature", "properties": { "CITY_NAME": "東広島市", "S_NAME": "西条西本町", "JINKO": 2246, "medical_area": "34_広島中央医療圏", "町丁目名": "東広島市西条西本町" }, "geometry": { "type": "Polygon", "coordinates": [ [ [ 132.737687930000277, 34.430329142884645 ], [ 132.739905056545552, 34.430584297925833 ], [ 132.739839921703748, 34.429923246017594 ], [ 132.740128833726857, 34.429499862135778 ], [ 132.740226194617151, 34.428642809203154 ], [ 132.741010975563711, 34.428074540279788 ], [ 132.740519895325576, 34.426309124186695 ], [ 132.734319984035579, 34.426273403567109 ], [ 132.733700414434594, 34.426452075084299 ], [ 132.732377489332634, 34.427203655160575 ], [ 132.733701029943973, 34.428555611901864 ], [ 132.734044126125582, 34.43128679139037 ], [ 132.735426634422396, 34.430689305888698 ], [ 132.737687930000277, 34.430329142884645 ] ] ] } },
{ "type": "Feature", "properties": { "CITY_NAME": "東広島市", "S_NAME": "西条東北町", "JINKO": 1123, "medical_area": "34_広島中央医療圏", "町丁目名": "東広島市西条東北町" }, "geometry": { "type": "Polygon", "coordinates": [ [ [ 132.738125856715016, 34.433632617486751 ], [ 132.739006171715317, 34.43358229671064 ], [ 132.740232214396116, 34.43272770470999 ], [ 132.740704412778427, 34.432132450021555 ], [ 132.740319160197487, 34.431045235429998 ], [ 132.73995338375633, 34.430863969764196 ], [ 132.739905056545581, 34.430584297925833 ], [ 132.738275427710306, 34.430335694636632 ], [ 132.736919261652019, 34.43038019995501 ], [ 132.735426634422396, 34.430689305888698 ], [ 132.734044126125582, 34.43128679139037 ], [ 132.734407808319645, 34.432300737344612 ], [ 132.734265129946976, 34.432451418565215 ], [ 132.734523805929456, 34.433316533553281 ], [ 132.734362751467671, 34.434679720220295 ], [ 132.734499446177665, 34.435018569422468 ], [ 132.735165963450839, 34.434627533219128 ], [ 132.736905499704619, 34.434154160132117 ], [ 132.738125856715016, 34.433632617486751 ] ] ] } },
{ "type": "Feature", "properties": { "CITY_NAME": "東広島市", "S_NAME": "西条町西条東", "JINKO": 2274, "medical_area": "34_広島中央医療圏", "町丁目名": "東広島市西条町西条東" }, "geometry": { "type": "Polygon", "coordinates": [ [ [ 132.732505924846578, 34.429109331697987 ], [ 132.733808503028996, 34.429043208156209 ], [ 132.733595337148785, 34.428336916381781 ], [ 132.732377489332634, 34.427203655160575 ], [ 132.733700414434594, 34.426452075084299 ], [ 132.734558808269611, 34.426264407344775 ], [ 132.740519895325576, 34.426309124186695 ], [ 132.739033774714954, 34.423443698944354 ], [ 132.739390403296369, 34.422721078201818 ], [ 132.737836206437663, 34.422687499744413 ], [ 132.737106966502722, 34.421977787735827 ], [ 132.730645166188367, 34.424387214825806 ], [ 132.731986293204557, 34.427357457154422 ], [ 132.732632921772478, 34.427733114901706 ], [ 132.732937529600974, 34.428371797112163 ], [ 132.732942623790791, 34.428642233323757 ], [ 132.732486856468455, 34.428657863913173 ], [ 132.732505924846578, 34.429109331697987 ] ] ] } },
{ "type": "Feature", "properties": { "CITY_NAME": "東広島市", "S_NAME": "西条下見五丁目", "JINKO": 1589, "medical_area": "34_広島中央医療圏", "町丁目名": "東広島市西条下見五丁目" }, "geometry": { "type": "Polygon", "coordinates": [ [ [ 132.719310879976376, 34.410429164380197 ], [ 132.719601087539218, 34.40904875057074 ], [ 132.719371926788625, 34.408910469048827 ], [ 132.718527553311475, 34.408746234302072 ], [ 132.718030232581469, 34.409113468829233 ], [ 132.717827593304776, 34.409100015818467 ], [ 132.717849285152738, 34.408264852314296 ], [ 132.717360839174546, 34.407272106865868 ], [ 132.716982062364764, 34.407039974584293 ], [ 132.717117932985559, 34.406244585274813 ], [ 132.716508986753354, 34.406114772356901 ], [ 132.715858758992027, 34.407402275448355 ], [ 132.715929320722523, 34.407536909837908 ], [ 132.713932809986602, 34.410411687800718 ], [ 132.71715840338598, 34.412225223586127 ], [ 132.719310879976376, 34.410429164380197 ] ] ] } },
{ "type": "Feature", "properties": { "CITY_NAME": "東広島市", "S_NAME": "西条下見六丁目", "JINKO": 1889, "medical_area": "34_広島中央医療圏", "町丁目名": "東広島市西条下見六丁目" }, "geometry": { "type": "Polygon", "coordinates": [ [ [ 132.716612748325986, 34.405770166042657 ], [ 132.714524692748938, 34.405482467982431 ], [ 132.710419457932176, 34.405743830857162 ], [ 132.710313125638436, 34.408030437141718 ], [ 132.710818235781375, 34.40835204122083 ], [ 132.711327108586119, 34.409254560482331 ], [ 132.713932809986602, 34.410411687800718 ], [ 132.715929320722523, 34.407536909837908 ], [ 132.715858758992027, 34.407402275448355 ], [ 132.716612748325986, 34.405770166042657 ] ] ] } },
{ "type": "Feature", "properties": { "CITY_NAME": "東広島市", "S_NAME": "西条下見七丁目", "JINKO": 376, "medical_area": "34_広島中央医療圏", "町丁目名": "東広島市西条下見七丁目" }, "geometry": { "type": "Polygon", "coordinates": [ [ [ 132.709610090988406, 34.405592341495037 ], [ 132.707260928720956, 34.404342879898678 ], [ 132.706900095444837, 34.404650443741112 ], [ 132.706533334794187, 34.406279783302693 ], [ 132.707808323369534, 34.406665594514941 ], [ 132.708478002348158, 34.407266936802415 ], [ 132.710313125638436, 34.408030437141718 ], [ 132.710419457932176, 34.405743830857162 ], [ 132.709610090988406, 34.405592341495037 ] ] ] } },
{ "type": "Feature", "properties": { "CITY_NAME": "東広島市", "S_NAME": "西条町下見", "JINKO": 3632, "medical_area": "34_広島中央医療圏", "町丁目名": "東広島市西条町下見" }, "geometry": { "type": "Polygon", "coordinates": [ [ [ 132.727984414446951, 34.418935074359545 ], [ 132.727155989775412, 34.418040142151611 ], [ 132.72611475778362, 34.417505247227794 ], [ 132.727425905973803, 34.416945781956692 ], [ 132.732575040624766, 34.41559625281139 ], [ 132.728821978939493, 34.410483870222528 ], [ 132.728180913548186, 34.410851521028768 ], [ 132.726981167433337, 34.411018312899813 ], [ 132.726192118180194, 34.411446640298813 ], [ 132.725924205162613, 34.411066532872042 ], [ 132.725631833720797, 34.411105620793748 ], [ 132.725210978612182, 34.411939788733328 ], [ 132.724658626463736, 34.411155137760304 ], [ 132.724085239886335, 34.410964899706478 ], [ 132.723609133453152, 34.411015666528435 ], [ 132.723538634655256, 34.412362963008313 ], [ 132.723231728867205, 34.412338156614631 ], [ 132.722790238113447, 34.411867835689243 ], [ 132.722781208162957, 34.411491903249512 ], [ 132.722276240947082, 34.411451794551837 ], [ 132.71969515844097, 34.410486307067494 ], [ 132.719607579864686, 34.409902382435718 ], [ 132.719399747114778, 34.409835706685335 ], [ 132.719407141451654, 34.410289550974035 ], [ 132.718747219924865, 34.411022796350281 ], [ 132.717056881780621, 34.41223666806389 ], [ 132.713932809986602, 34.410411687800718 ], [ 132.711327108586119, 34.409254560482331 ], [ 132.710651345218622, 34.408201915199911 ], [ 132.708478002348158, 34.407266936802415 ], [ 132.707808323369534, 34.406665594514941 ], [ 132.706533334794187, 34.406279783302693 ], [ 132.706900095444837, 34.404650443741112 ], [ 132.707260928720956, 34.404342879898678 ], [ 132.708994939295565, 34.405308840442899 ], [ 132.708641364546423, 34.404209258918272 ], [ 132.708627166693134, 34.403132110710182 ], [ 132.708980640375302, 34.402606367298155 ], [ 132.708965776530306, 34.402270180455361 ], [ 132.70838757887239, 34.401333307510164 ], [ 132.70837048481954, 34.400887959301855 ], [ 132.70752340033755, 34.40028740180189 ], [ 132.707125328794035, 34.399754574411723 ], [ 132.70617955759883, 34.399577474635883 ], [ 132.705040138605, 34.400098800728351 ], [ 132.704415223714506, 34.400028029612692 ], [ 132.704647053371815, 34.399352951843603 ], [ 132.704557096942665, 34.398664925306228 ], [ 132.703404893090323, 34.398172183727389 ], [ 132.702110141013861, 34.39819746805766 ], [ 132.701349112269384, 34.398407184501366 ], [ 132.700992385994198, 34.398632027895196 ], [ 132.70100916523154, 34.398779160536044 ], [ 132.700466639537268, 34.398956217855897 ], [ 132.700029059472882, 34.399436385329381 ], [ 132.699562085122778, 34.399529008653829 ], [ 132.699752096392473, 34.400001211875896 ], [ 132.700342543674481, 34.400386154042614 ], [ 132.700547325655918, 34.400935769198867 ], [ 132.700521565730725, 34.401369475335507 ], [ 132.700820934248497, 34.401591436841116 ], [ 132.701044345679662, 34.402083072887109 ], [ 132.701885470455437, 34.402498458945978 ], [ 132.702104416213757, 34.403281849357114 ], [ 132.702479472652868, 34.403437828306529 ], [ 132.703334795313083, 34.404343206816058 ], [ 132.702902586109275, 34.405413155409335 ], [ 132.702609856873408, 34.406736184052598 ], [ 132.702100175162428, 34.406846188648437 ], [ 132.701845215646586, 34.409125241012845 ], [ 132.701189756156424, 34.408998098992299 ], [ 132.700854959835311, 34.409196634819686 ], [ 132.700446824192881, 34.409180814976281 ], [ 132.70003821866527, 34.410630834174462 ], [ 132.699878549994992, 34.411945237673955 ], [ 132.700904560997344, 34.412507026988308 ], [ 132.703112604080388, 34.412744419575859 ], [ 132.703866822245516, 34.41268856126409 ], [ 132.704616348047864, 34.413141099615373 ], [ 132.705575962577626, 34.41323533136088 ], [ 132.707811528345985, 34.412812848888834 ], [ 132.70916026247491, 34.413265520438067 ], [ 132.710127181498791, 34.412524212027527 ], [ 132.710420333026235, 34.412754066823801 ], [ 132.71048586280196, 34.413077062722721 ], [ 132.711249849207235, 34.414050984832329 ], [ 132.711449501672035, 34.415503123230131 ], [ 132.715533539461774, 34.415095920658992 ], [ 132.715663079360951, 34.415996599115452 ], [ 132.7173027020917, 34.415830185192128 ], [ 132.717449658317719, 34.416726840141841 ], [ 132.718336282628968, 34.41655732589075 ], [ 132.718436746926898, 34.417374036608116 ], [ 132.718959772999085, 34.417601568760446 ], [ 132.720387275569863, 34.417478192144209 ], [ 132.721015439654138, 34.418259690218811 ], [ 132.721744155833193, 34.418423312785848 ], [ 132.721797282215675, 34.419035699213907 ], [ 132.723321363071875, 34.418465026137198 ], [ 132.723646374510452, 34.419793328287859 ], [ 132.725100776603824, 34.420635135634512 ], [ 132.727072484126182, 34.419184220553255 ], [ 132.727984414446951, 34.418935074359545 ] ] ] } },
{ "type": "Feature", "properties": { "CITY_NAME": "東広島市", "S_NAME": "西条町下見", "JINKO": 0, "medical_area": "34_広島中央医療圏", "町丁目名": "東広島市西条町下見" }, "geometry": { "type": "Polygon", "coordinates": [ [ [ 132.737106966502722, 34.421977787735827 ], [ 132.736091610052341, 34.421160065703603 ], [ 132.734895051480692, 34.420657250706469 ], [ 132.728395020982674, 34.418944883564834 ], [ 132.728363056835747, 34.419825303695283 ], [ 132.729871496814951, 34.422615114111835 ], [ 132.732650769365534, 34.421587923990778 ], [ 132.733581656001292, 34.423301186357961 ], [ 132.737106966502722, 34.421977787735827 ] ] ] } },
{ "type": "Feature", "properties": { "CITY_NAME": "東広島市", "S_NAME": "田口研究団地", "JINKO": 0, "medical_area": "34_広島中央医療圏", "町丁目名": "東広島市田口研究団地" }, "geometry": { "type": "Polygon", "coordinates": [ [ [ 132.692258594877302, 34.391433159687899 ], [ 132.692758840049692, 34.390355475310237 ], [ 132.693942829617328, 34.390775225283086 ], [ 132.694393824008699, 34.39005822838768 ], [ 132.696171244585685, 34.389498326519373 ], [ 132.696154784432963, 34.388623181966047 ], [ 132.696515875713175, 34.388050112896117 ], [ 132.697056851534313, 34.387663755386207 ], [ 132.697421841593666, 34.38770456908675 ], [ 132.697207325826952, 34.387233734376451 ], [ 132.697232960532659, 34.386649722624327 ], [ 132.696779157263592, 34.385921575015473 ], [ 132.696498442587881, 34.385771078189265 ], [ 132.696314495809474, 34.385167833448889 ], [ 132.695970667382085, 34.384727561827503 ], [ 132.69462431032477, 34.383711814308569 ], [ 132.692416342063012, 34.385515443813951 ], [ 132.691885307197737, 34.384949465843214 ], [ 132.691656992769111, 34.38514188916443 ], [ 132.692352817680899, 34.385995657520915 ], [ 132.692404670679366, 34.387041241702754 ], [ 132.692906058998176, 34.387489999688334 ], [ 132.692709312744086, 34.388649491016707 ], [ 132.690540855228562, 34.389592212008523 ], [ 132.692258594877302, 34.391433159687899 ] ] ] } },
{ "type": "Feature", "properties": { "CITY_NAME": "東広島市", "S_NAME": "西条町田口", "JINKO": 0, "medical_area": "34_広島中央医療圏", "町丁目名": "東広島市西条町田口" }, "geometry": { "type": "Polygon", "coordinates": [ [ [ 132.692709312744086, 34.388649491016707 ], [ 132.692906058998176, 34.387489999688334 ], [ 132.692404670679366, 34.387041241702754 ], [ 132.692352817680899, 34.385995657520915 ], [ 132.691656992769111, 34.38514188916443 ], [ 132.691324402196784, 34.386337743244063 ], [ 132.69102665533751, 34.386725283721354 ], [ 132.688944612974097, 34.387856792894652 ], [ 132.689759524837484, 34.38852256708995 ], [ 132.689958703479192, 34.388370138909544 ], [ 132.691787316218267, 34.388097734888696 ], [ 132.691991910038837, 34.388262796900818 ], [ 132.692201525693491, 34.388871433161505 ], [ 132.692709312744086, 34.388649491016707 ] ] ] } },
{ "type": "Feature", "properties": { "CITY_NAME": "東広島市", "S_NAME": "西条町田口", "JINKO": 0, "medical_area": "34_広島中央医療圏", "町丁目名": "東広島市西条町田口" }, "geometry": { "type": "Polygon", "coordinates": [ [ [ 132.692416342063012, 34.385515443813951 ], [ 132.69462431032477, 34.383711814308569 ], [ 132.694342404609671, 34.383043907609292 ], [ 132.691909803992729, 34.384504639208664 ], [ 132.691685600047094, 34.385069781372472 ], [ 132.691885307197737, 34.384949465843214 ], [ 132.692416342063012, 34.385515443813951 ] ] ] } },
{ "type": "Feature", "properties": { "CITY_NAME": "東広島市", "S_NAME": "西条町田口", "JINKO": 7519, "medical_area": "34_広島中央医療圏", "町丁目名": "東広島市西条町田口" }, "geometry": { "type": "Polygon", "coordinates": [ [ [ 132.70837048481954, 34.400887959301855 ], [ 132.709536681552208, 34.397610819252833 ], [ 132.710826165226848, 34.396047343718081 ], [ 132.710768939604861, 34.395414819234666 ], [ 132.710132260332756, 34.39444257235489 ], [ 132.710198026288595, 34.393783578073908 ], [ 132.711535977850048, 34.392630222787822 ], [ 132.712040587927675, 34.392972385538293 ], [ 132.713118128267183, 34.393019533615956 ], [ 132.713591615517799, 34.39265495031492 ], [ 132.714796705477141, 34.392253122071374 ], [ 132.714885196619605, 34.392489102635352 ], [ 132.716060440715154, 34.392333495588716 ], [ 132.7177396429542, 34.393897728411162 ], [ 132.717930888222583, 34.39424128808681 ], [ 132.717828013164961, 34.394870174254535 ], [ 132.718397172166249, 34.395021002574836 ], [ 132.719101234547821, 34.39304661903607 ], [ 132.719386133604502, 34.39377024341033 ], [ 132.719827411280221, 34.394024480268641 ], [ 132.720007963327276, 34.394674340017673 ], [ 132.720541428527667, 34.394992393497212 ], [ 132.720753812516563, 34.395700142213705 ], [ 132.721706170092432, 34.396903196386539 ], [ 132.722302275192533, 34.396826382290037 ], [ 132.723832419115354, 34.395906442604286 ], [ 132.72450890087805, 34.394596368174163 ], [ 132.724580407621374, 34.394023827396836 ], [ 132.7242848428466, 34.393602140752847 ], [ 132.725995323499006, 34.393556294594937 ], [ 132.727454968399769, 34.392904568640631 ], [ 132.728365581961384, 34.39271655360249 ], [ 132.730153149294125, 34.392952037156334 ], [ 132.734334455527687, 34.394164462799885 ], [ 132.734871530663725, 34.393017548658023 ], [ 132.735426903308507, 34.393202040063002 ], [ 132.736258213872333, 34.39282768307055 ], [ 132.735920689712543, 34.393992552185914 ], [ 132.736588909479821, 34.393976196160203 ], [ 132.736944294524619, 34.393444590043131 ], [ 132.737672583654756, 34.39324636880756 ], [ 132.738218524351765, 34.393950274711152 ], [ 132.738409214739534, 34.394813896334227 ], [ 132.739287532307145, 34.395188160623995 ], [ 132.739871249872152, 34.394737741451763 ], [ 132.740179139519256, 34.39487153143569 ], [ 132.740309228961678, 34.395141530077886 ], [ 132.740876795428761, 34.394753589315464 ], [ 132.74059463975604, 34.394499659909968 ], [ 132.740304933955713, 34.393715674236333 ], [ 132.739295566883868, 34.392946614700449 ], [ 132.739067988229721, 34.391492503131715 ], [ 132.740566857126026, 34.391282200020832 ], [ 132.741303050524351, 34.390239973643702 ], [ 132.742725940687819, 34.389246347247997 ], [ 132.743435115224372, 34.388851105960228 ], [ 132.744630761688228, 34.388760937191783 ], [ 132.745306662622255, 34.387517245914403 ], [ 132.746216505996642, 34.385217344970599 ], [ 132.747076535983609, 34.384240994417411 ], [ 132.747889423493859, 34.384105417720654 ], [ 132.746744768348577, 34.383861240546409 ], [ 132.745355374509444, 34.38323392150231 ], [ 132.742785701801466, 34.382735275845519 ], [ 132.741531356761783, 34.3827263897766 ], [ 132.740534599783587, 34.382475682322017 ], [ 132.738336959854308, 34.382906753151829 ], [ 132.737509437963041, 34.382769190234526 ], [ 132.733936927404784, 34.38076846171721 ], [ 132.733821565658332, 34.380421617739309 ], [ 132.732745984097789, 34.380632408948415 ], [ 132.732380234893327, 34.379627184796128 ], [ 132.731820014526534, 34.379028980534557 ], [ 132.730848262180672, 34.378423658644657 ], [ 132.730518272969704, 34.37857492447533 ], [ 132.728992530902644, 34.378565052558351 ], [ 132.725152989709983, 34.378351532145345 ], [ 132.724684012989684, 34.378137305559648 ], [ 132.724463896169539, 34.37736141773761 ], [ 132.723584299565971, 34.376726030061995 ], [ 132.723441557725295, 34.377819940831962 ], [ 132.722548438524939, 34.379121518084808 ], [ 132.722460956645818, 34.37963790581037 ], [ 132.721861932494818, 34.379929693771182 ], [ 132.721763987952812, 34.380162143630692 ], [ 132.721895734448225, 34.380545683196587 ], [ 132.722183147310517, 34.38058677125025 ], [ 132.722388019428365, 34.381172398141779 ], [ 132.722267539078445, 34.381562017976982 ], [ 132.721496643372376, 34.381726402519291 ], [ 132.72147498333851, 34.382550844280203 ], [ 132.720366667067168, 34.382468839284016 ], [ 132.719117652707524, 34.382818229474793 ], [ 132.718426647500536, 34.382453002294852 ], [ 132.718213720373342, 34.382144202808021 ], [ 132.716191083296508, 34.382510873915578 ], [ 132.712372937029357, 34.38249256296298 ], [ 132.71212747165103, 34.384141384993953 ], [ 132.711843352945948, 34.384111950811111 ], [ 132.711485609380787, 34.383673485670897 ], [ 132.711090339605789, 34.38363947514523 ], [ 132.711011705101214, 34.38388803562232 ], [ 132.71118789263312, 34.384648350038276 ], [ 132.710865490548855, 34.384900537227601 ], [ 132.710492480802117, 34.384966160841586 ], [ 132.70996314676816, 34.384478590795453 ], [ 132.709657194028978, 34.384416002353383 ], [ 132.70872579602198, 34.384995878456905 ], [ 132.707477961836247, 34.384835061353584 ], [ 132.704762335483849, 34.385356189738509 ], [ 132.702720566302645, 34.386043334030703 ], [ 132.701622879388481, 34.386690239496673 ], [ 132.700737911764264, 34.387303101097196 ], [ 132.700476745790297, 34.387974638069906 ], [ 132.699454476667881, 34.387380426436145 ], [ 132.697681636809932, 34.387661881894523 ], [ 132.697309175404627, 34.387102847981112 ], [ 132.697207325826952, 34.387233734376451 ], [ 132.697421841593666, 34.38770456908675 ], [ 132.697147862596296, 34.387633214568822 ], [ 132.696773343898286, 34.387813180633408 ], [ 132.696154784432963, 34.388623181966047 ], [ 132.696171244585685, 34.389498326519373 ], [ 132.694562959191188, 34.389965933103369 ], [ 132.69423590683121, 34.390204990456766 ], [ 132.693942829617328, 34.390775225283086 ], [ 132.695562954479584, 34.39294815279203 ], [ 132.695809006333917, 34.393941053148723 ], [ 132.696388555478904, 34.393927130198392 ], [ 132.697506974761325, 34.393180457775586 ], [ 132.698286340311967, 34.393249884404106 ], [ 132.699527638024023, 34.392273592446045 ], [ 132.699986069667091, 34.392528811000233 ], [ 132.699083074407014, 34.394703404337164 ], [ 132.699143930382974, 34.395049250614747 ], [ 132.699629445955821, 34.395709207586066 ], [ 132.699594811433656, 34.396238461043488 ], [ 132.69923378675287, 34.396710541670309 ], [ 132.69808816676462, 34.397529347349725 ], [ 132.698377137257637, 34.398207352317492 ], [ 132.698719043551449, 34.398258683306004 ], [ 132.699038678671656, 34.39805288615932 ], [ 132.699160178577785, 34.398172514305969 ], [ 132.699562085122778, 34.399529008653829 ], [ 132.700029059472882, 34.399436385329381 ], [ 132.700466639537268, 34.398956217855897 ], [ 132.70100916523154, 34.398779160536044 ], [ 132.700992385994198, 34.398632027895196 ], [ 132.701349112269384, 34.398407184501366 ], [ 132.702110141013861, 34.39819746805766 ], [ 132.703404893090323, 34.398172183727389 ], [ 132.704557096942665, 34.398664925306228 ], [ 132.704647053371815, 34.399352951843603 ], [ 132.704415223714506, 34.400028029612692 ], [ 132.705040138605, 34.400098800728351 ], [ 132.706021289540161, 34.399609730540753 ], [ 132.706747051617128, 34.399585381546274 ], [ 132.707125328794035, 34.399754574411723 ], [ 132.70752340033755, 34.40028740180189 ], [ 132.70837048481954, 34.400887959301855 ] ] ] } },
{ "type": "Feature", "properties": { "CITY_NAME": "東広島市", "S_NAME": "西条町郷曽", "JINKO": 1856, "medical_area": "34_広島中央医療圏", "町丁目名": "東広島市西条町郷曽" }, "geometry": { "type": "Polygon", "coordinates": [ [ [ 132.700476745790297, 34.387974638069906 ], [ 132.700737911764236, 34.387303101097181 ], [ 132.702720566302645, 34.386043334030703 ], [ 132.704762335483849, 34.385356189738509 ], [ 132.707477961836247, 34.384835061353584 ], [ 132.70872579602198, 34.384995878456905 ], [ 132.709657194028978, 34.384416002353383 ], [ 132.70996314676816, 34.384478590795453 ], [ 132.710492480802117, 34.384966160841586 ], [ 132.710865490548855, 34.384900537227601 ], [ 132.71118789263312, 34.384648350038276 ], [ 132.711011705101214, 34.38388803562232 ], [ 132.711090339605789, 34.38363947514523 ], [ 132.711485609380787, 34.383673485670897 ], [ 132.711843352945948, 34.384111950811111 ], [ 132.71212747165103, 34.384141384993953 ], [ 132.712372937029357, 34.38249256296298 ], [ 132.716191083296508, 34.382510873915578 ], [ 132.718213720373342, 34.382144202808021 ], [ 132.718426647500536, 34.382453002294852 ], [ 132.719117652707524, 34.382818229474793 ], [ 132.720366667067168, 34.382468839284016 ], [ 132.72147498333851, 34.382550844280203 ], [ 132.721496643372376, 34.381726402519291 ], [ 132.722267539078445, 34.381562017976982 ], [ 132.722388019428365, 34.381172398141779 ], [ 132.722183147310517, 34.38058677125025 ], [ 132.721895734448225, 34.380545683196587 ], [ 132.721763987952812, 34.380162143630692 ], [ 132.721861932494818, 34.379929693771182 ], [ 132.722460956645818, 34.37963790581037 ], [ 132.722548438524939, 34.379121518084808 ], [ 132.723441557725295, 34.377819940831962 ], [ 132.723596356956847, 34.376783166063952 ], [ 132.723413808606239, 34.37556269198452 ], [ 132.723542595755845, 34.375249382740357 ], [ 132.724212607023617, 34.374910219889294 ], [ 132.723820468490572, 34.374584355672859 ], [ 132.72350966715598, 34.374926246259683 ], [ 132.723470944749266, 34.375275346403292 ], [ 132.722633538774147, 34.375523846297504 ], [ 132.721945754739323, 34.375509934519741 ], [ 132.721528350214072, 34.375243627687922 ], [ 132.721442743543548, 34.374962849274937 ], [ 132.721073220174702, 34.37496255983195 ], [ 132.721021489831458, 34.374343409019936 ], [ 132.720105844282358, 34.373929058141954 ], [ 132.719305445418172, 34.373949595307224 ], [ 132.719178408765998, 34.37369717623713 ], [ 132.719775384490077, 34.373124242175571 ], [ 132.719188454741698, 34.372671062991714 ], [ 132.720057206420734, 34.371988990938753 ], [ 132.72114483230601, 34.37194995726653 ], [ 132.721232822274118, 34.371670923422244 ], [ 132.720799520638337, 34.371328197419281 ], [ 132.721066448921334, 34.371133854853312 ], [ 132.720898053352158, 34.368849647089213 ], [ 132.717515513880585, 34.365722566376675 ], [ 132.712178716947818, 34.363558482058359 ], [ 132.709397467522876, 34.364028697514499 ], [ 132.70856235618524, 34.363815050464574 ], [ 132.707641946726937, 34.364034797458736 ], [ 132.705832580870748, 34.364021388702831 ], [ 132.70441676547577, 34.363721106573529 ], [ 132.703982931896604, 34.363077988566701 ], [ 132.703150379002182, 34.363263367606095 ], [ 132.701511082928391, 34.362956988452531 ], [ 132.702118931807661, 34.360889646433883 ], [ 132.702077868545274, 34.360454551850914 ], [ 132.701728816480625, 34.360384521341416 ], [ 132.70060257415912, 34.359365779387886 ], [ 132.699913622012218, 34.358951542466876 ], [ 132.699320699147506, 34.358807767094675 ], [ 132.699318096209254, 34.358395041958019 ], [ 132.698900245561447, 34.358255150238023 ], [ 132.698735807538753, 34.357761568382337 ], [ 132.698387618729498, 34.357401339093492 ], [ 132.697919605934487, 34.357326318482883 ], [ 132.697955284502569, 34.356915680085336 ], [ 132.69779710637286, 34.356767893678494 ], [ 132.69718272679691, 34.35646431674494 ], [ 132.696645251766824, 34.356654983902246 ], [ 132.696029604290544, 34.356589608638657 ], [ 132.695764519927366, 34.356180271252761 ], [ 132.695195772557781, 34.356178220839368 ], [ 132.69492382976506, 34.355982042399404 ], [ 132.694456333262764, 34.35599546829976 ], [ 132.693990320551762, 34.355804772009449 ], [ 132.693576496533467, 34.35609673858017 ], [ 132.693368396228237, 34.356045513242357 ], [ 132.691218093178605, 34.357411852603583 ], [ 132.690385372176337, 34.357396120915666 ], [ 132.688924674969741, 34.35775847163039 ], [ 132.687998053785378, 34.357591128723115 ], [ 132.687588508526204, 34.357246059636651 ], [ 132.68666317684503, 34.357734149757171 ], [ 132.685857572049514, 34.357922809489402 ], [ 132.684855652013766, 34.359626037375257 ], [ 132.683947818766114, 34.360542394810686 ], [ 132.683033968334314, 34.361020112259752 ], [ 132.682635886245492, 34.361673289666683 ], [ 132.681635916684172, 34.362036557647535 ], [ 132.681286577683863, 34.362571491242228 ], [ 132.679740377794303, 34.36363996879227 ], [ 132.678308127255235, 34.364128141676545 ], [ 132.67719931781545, 34.364912467609585 ], [ 132.676501329226141, 34.364973831412186 ], [ 132.67602210809406, 34.364777617238367 ], [ 132.675849286799178, 34.364438557385235 ], [ 132.674784733785657, 34.364145734876978 ], [ 132.674210019084057, 34.363339237766688 ], [ 132.672492986003391, 34.362077365019708 ], [ 132.670780403275614, 34.362249115241973 ], [ 132.670203140355625, 34.362067376016618 ], [ 132.668785720192403, 34.362351140047096 ], [ 132.667858679171871, 34.362199142454756 ], [ 132.666256370443847, 34.362256975213334 ], [ 132.666018136659574, 34.362385432932996 ], [ 132.664000554585442, 34.361869767996161 ], [ 132.662968164132536, 34.361219216925619 ], [ 132.662399982193676, 34.361126015717588 ], [ 132.662144477551294, 34.360859827803047 ], [ 132.660454302466121, 34.360486045108303 ], [ 132.659747661722065, 34.360067704213343 ], [ 132.659188528529654, 34.359333787185811 ], [ 132.658455823562491, 34.358834119773874 ], [ 132.658147910399322, 34.358359369107923 ], [ 132.658176645285437, 34.358168097957702 ], [ 132.657386276036675, 34.357293529380001 ], [ 132.656491767689829, 34.35685112674377 ], [ 132.655889273458399, 34.355953256966394 ], [ 132.65487085541244, 34.355307644049908 ], [ 132.653629358554156, 34.355287228337261 ], [ 132.652552594504783, 34.355918639021375 ], [ 132.650941446525991, 34.356088703092034 ], [ 132.650289061964372, 34.355608953974802 ], [ 132.649116362322076, 34.355322971600771 ], [ 132.646600211838631, 34.355443856859459 ], [ 132.644672487944888, 34.356177140443179 ], [ 132.644844704544568, 34.356413686659657 ], [ 132.6448620117948, 34.357069493427147 ], [ 132.644599604667377, 34.358129834270805 ], [ 132.644637903632798, 34.35921534178938 ], [ 132.644436460798289, 34.359869467579855 ], [ 132.644322116587489, 34.361971078980694 ], [ 132.644867663942904, 34.362730471855663 ], [ 132.646111378480526, 34.363003814685875 ], [ 132.646570958043867, 34.363346853812104 ], [ 132.646863731404636, 34.36386944711311 ], [ 132.647324206476924, 34.364167402658794 ], [ 132.649250270916554, 34.363392670514671 ], [ 132.649765778596816, 34.363668286810835 ], [ 132.651199044439977, 34.364720677334347 ], [ 132.651544229776448, 34.365401669682882 ], [ 132.652918852902076, 34.366724875163442 ], [ 132.653531559220454, 34.367792745585817 ], [ 132.653670803082122, 34.36857639536742 ], [ 132.654716046100248, 34.368392067769683 ], [ 132.65580525176199, 34.368933016826716 ], [ 132.656556772717835, 34.369039607129523 ], [ 132.656684002851108, 34.369286038687413 ], [ 132.657347330492684, 34.369685978898346 ], [ 132.658537103278888, 34.370104511983605 ], [ 132.658862435333049, 34.37036803787106 ], [ 132.658887477512934, 34.3716216661741 ], [ 132.659214081438165, 34.372507968060781 ], [ 132.659694789110176, 34.372953152423285 ], [ 132.66058919458365, 34.372917157381458 ], [ 132.661115938861286, 34.372637807909719 ], [ 132.662113685842854, 34.372668861253679 ], [ 132.66270825926938, 34.372873679627197 ], [ 132.665361869327882, 34.372658670484519 ], [ 132.66742060674008, 34.373141641740851 ], [ 132.668062018010914, 34.374445441579873 ], [ 132.668414863241509, 34.374635299476253 ], [ 132.668778471777188, 34.374671142262613 ], [ 132.67015391019217, 34.374177540621197 ], [ 132.671410633939985, 34.374159281255778 ], [ 132.671787992356514, 34.373932479089213 ], [ 132.672607608672791, 34.374071804893724 ], [ 132.673094217268499, 34.373993018957798 ], [ 132.674308188324119, 34.375195664230333 ], [ 132.675293095028906, 34.375200030846237 ], [ 132.676655716920095, 34.375736146356807 ], [ 132.677241819365349, 34.376275344291827 ], [ 132.677400899717952, 34.376808998103989 ], [ 132.678485266720628, 34.37788268125469 ], [ 132.678587787123377, 34.378843545004521 ], [ 132.678270410293862, 34.379897731343249 ], [ 132.680492658812085, 34.381121598939842 ], [ 132.68067479253537, 34.381392007117512 ], [ 132.680146904261136, 34.381838948445804 ], [ 132.680611635710761, 34.382553882020524 ], [ 132.681045005731335, 34.38247359891681 ], [ 132.681268631486972, 34.382589016740148 ], [ 132.68128597719101, 34.383285823962588 ], [ 132.681870199878318, 34.383158979645884 ], [ 132.68203056125148, 34.383416940694829 ], [ 132.681676448005305, 34.383656500618812 ], [ 132.681932433172278, 34.383908705833136 ], [ 132.682725449267906, 34.384129911335194 ], [ 132.683230587277308, 34.383865481724911 ], [ 132.684082092129501, 34.384251811268136 ], [ 132.685369360271068, 34.384184515948185 ], [ 132.685935099171019, 34.384406656615148 ], [ 132.685967749494324, 34.385464585662262 ], [ 132.687482048475289, 34.385712682278083 ], [ 132.688058090445708, 34.386848302425697 ], [ 132.687977260682572, 34.387384511093735 ], [ 132.688419792122403, 34.387469535091221 ], [ 132.688944612974041, 34.387856792894667 ], [ 132.69102665533751, 34.386725283721354 ], [ 132.691324402196784, 34.386337743244063 ], [ 132.691909803992729, 34.384504639208664 ], [ 132.694342404609671, 34.383043907609292 ], [ 132.694507546718285, 34.38367245395677 ], [ 132.695970667382085, 34.384727561827503 ], [ 132.696314495809474, 34.385167833448889 ], [ 132.696498442587881, 34.385771078189229 ], [ 132.697002479409548, 34.386213047289957 ], [ 132.697232960532631, 34.386649722624306 ], [ 132.697218072734671, 34.387024497453268 ], [ 132.697681636809932, 34.387661881894523 ], [ 132.699207428398751, 34.387356011437056 ], [ 132.699962007797637, 34.387598239889194 ], [ 132.700476745790297, 34.387974638069906 ] ] ] } },
{ "type": "Feature", "properties": { "CITY_NAME": "東広島市", "S_NAME": "西条町福本", "JINKO": 276, "medical_area": "34_広島中央医療圏", "町丁目名": "東広島市西条町福本" }, "geometry": { "type": "Polygon", "coordinates": [ [ [ 132.752022522047582, 34.380619327118261 ], [ 132.753757364536256, 34.380534645225232 ], [ 132.753772746259671, 34.379645272502501 ], [ 132.754337045316362, 34.379580714792759 ], [ 132.755021374523807, 34.379016623577527 ], [ 132.756326586662198, 34.379423207897737 ], [ 132.75874709502682, 34.37874321298483 ], [ 132.760426359877187, 34.377733625704813 ], [ 132.760722697263105, 34.377491580024945 ], [ 132.761504007182936, 34.37622771567009 ], [ 132.761658595570594, 34.37504072751981 ], [ 132.766009436207725, 34.370969356885993 ], [ 132.77409622675566, 34.370751512425194 ], [ 132.774165907213813, 34.370626075381359 ], [ 132.773423730712722, 34.369359749979694 ], [ 132.773809506936658, 34.3691627281734 ], [ 132.773948831776266, 34.368771841303371 ], [ 132.774337934046059, 34.368694675406118 ], [ 132.774331374221987, 34.368462987950608 ], [ 132.774649074892039, 34.368343638463244 ], [ 132.77486683177446, 34.367952359268067 ], [ 132.778843378437045, 34.363795062469698 ], [ 132.777526761141701, 34.362861973789329 ], [ 132.776654599646804, 34.361849730072763 ], [ 132.775273575196508, 34.362052410635833 ], [ 132.774143324592131, 34.360724069659305 ], [ 132.773717109163186, 34.360482777745368 ], [ 132.772374598566557, 34.360523946663875 ], [ 132.77159665261604, 34.359912526705784 ], [ 132.771089821486441, 34.358941406058499 ], [ 132.770673190902556, 34.357543727840941 ], [ 132.770152953901174, 34.356907917137548 ], [ 132.770144165542746, 34.356511576655286 ], [ 132.770644978520409, 34.356097925415412 ], [ 132.770769797421082, 34.355255095842608 ], [ 132.770343357019584, 34.354699675340434 ], [ 132.770207516573379, 34.354006180697333 ], [ 132.770294212088999, 34.353655429977366 ], [ 132.770026813301939, 34.352870460743794 ], [ 132.767960429882919, 34.351207058710465 ], [ 132.766708049598037, 34.351108553282415 ], [ 132.766582935505227, 34.350794337819565 ], [ 132.765995639688271, 34.350425200316884 ], [ 132.765426951596709, 34.351133005176301 ], [ 132.76508823434591, 34.35225016007503 ], [ 132.764409280614728, 34.352422658775041 ], [ 132.764076448262784, 34.352670939275853 ], [ 132.764078728469769, 34.35299294114516 ], [ 132.764799082968949, 34.352783756278271 ], [ 132.765046629616137, 34.352885514543892 ], [ 132.765031817, 34.353113926757523 ], [ 132.763858097001219, 34.353436188660645 ], [ 132.763550814511774, 34.353419520309252 ], [ 132.763284790811127, 34.353035135786122 ], [ 132.762831437978065, 34.352837181208308 ], [ 132.760560278576548, 34.354036428217015 ], [ 132.76029149936636, 34.353258899313829 ], [ 132.759572453843788, 34.352720060899202 ], [ 132.757582249268609, 34.352695173722971 ], [ 132.757335953737794, 34.353238548793982 ], [ 132.756844250717279, 34.353208240047863 ], [ 132.746064005523749, 34.356239885494276 ], [ 132.752793056943119, 34.363318510088916 ], [ 132.752002364099354, 34.363685165756685 ], [ 132.751521035591395, 34.364216838650265 ], [ 132.750247824251687, 34.364984438559304 ], [ 132.749756938620607, 34.365684764508529 ], [ 132.748283103866299, 34.366852511781829 ], [ 132.748108165681458, 34.36734439947989 ], [ 132.747852283657409, 34.367472675856085 ], [ 132.747824516026895, 34.367843987916473 ], [ 132.746853320702286, 34.3678849506137 ], [ 132.746945238461365, 34.368332040199363 ], [ 132.746783275861219, 34.36862454283898 ], [ 132.747218547841811, 34.369088310656473 ], [ 132.747549431345362, 34.370260711755492 ], [ 132.747112020725069, 34.371473692556549 ], [ 132.746405825002938, 34.37235099316711 ], [ 132.746083584758509, 34.374170983839981 ], [ 132.745392859641896, 34.375314299571968 ], [ 132.744726917048041, 34.375590736748741 ], [ 132.744190808555686, 34.376114482357245 ], [ 132.742944450285677, 34.376178126139948 ], [ 132.742358454709716, 34.376613774768451 ], [ 132.741732870140765, 34.376776183245475 ], [ 132.743980756154315, 34.378578118225434 ], [ 132.74383766636663, 34.378678106692618 ], [ 132.744314726006735, 34.379017316007094 ], [ 132.74460435600335, 34.379543638181261 ], [ 132.744693968018311, 34.380595073367409 ], [ 132.744559849075074, 34.381564175553656 ], [ 132.744740427187168, 34.38168996114711 ], [ 132.743532372367099, 34.382912345650659 ], [ 132.745355374509444, 34.38323392150231 ], [ 132.746744768348577, 34.383861240546409 ], [ 132.747889423493859, 34.384105417720654 ], [ 132.750606124779949, 34.381378910094561 ], [ 132.752022522047582, 34.380619327118261 ] ] ] } },
{ "type": "Feature", "properties": { "CITY_NAME": "東広島市", "S_NAME": "西条町大沢", "JINKO": 538, "medical_area": "34_広島中央医療圏", "町丁目名": "東広島市西条町大沢" }, "geometry": { "type": "Polygon", "coordinates": [ [ [ 132.740348500012175, 34.382480219175932 ], [ 132.741123229702083, 34.382593358160221 ], [ 132.741277228317387, 34.382266384555493 ], [ 132.740946020967328, 34.382231879287417 ], [ 132.741013894381211, 34.381645410856933 ], [ 132.739061184803717, 34.381462147193211 ], [ 132.739268001282113, 34.379717800001963 ], [ 132.739866540889324, 34.379203362045097 ], [ 132.738369702205375, 34.37865296115352 ], [ 132.736893257862874, 34.378464900156565 ], [ 132.73727728533197, 34.377890624645616 ], [ 132.737952666876794, 34.377446698463245 ], [ 132.737434055506441, 34.376937496347026 ], [ 132.736562033408291, 34.376654764613725 ], [ 132.737868737709874, 34.374564964555411 ], [ 132.737774853436775, 34.374411435149291 ], [ 132.73787881068958, 34.374315441877506 ], [ 132.736832909923066, 34.373684039410669 ], [ 132.735165822947295, 34.373988055121025 ], [ 132.734196958809292, 34.374001858782478 ], [ 132.7336704525421, 34.373802864876836 ], [ 132.733200249485719, 34.373089589660694 ], [ 132.732598682165417, 34.373058146719245 ], [ 132.731782864255479, 34.373472689062915 ], [ 132.731141628152557, 34.373206741902287 ], [ 132.729938447534437, 34.373130311553609 ], [ 132.729496043886826, 34.372879637807053 ], [ 132.728813796515084, 34.37307280664853 ], [ 132.728718345012282, 34.373764052597416 ], [ 132.727884077956702, 34.37332542963415 ], [ 132.727457147574654, 34.373414163869818 ], [ 132.727672121936848, 34.373883386703859 ], [ 132.728290390279057, 34.374278914474147 ], [ 132.728480077098624, 34.37425423529362 ], [ 132.728589038795263, 34.374951162454103 ], [ 132.72888018839393, 34.375040397917907 ], [ 132.729002832861454, 34.375311705178312 ], [ 132.729953751692079, 34.375114197266868 ], [ 132.72874239963275, 34.376426731668481 ], [ 132.7278080794934, 34.376198174193817 ], [ 132.726575596166242, 34.375297780218347 ], [ 132.725906185733265, 34.375029539591388 ], [ 132.726164210915073, 34.375241064970446 ], [ 132.726133811558896, 34.375408976578818 ], [ 132.7276674728937, 34.376641562585903 ], [ 132.72747775604023, 34.376726248352057 ], [ 132.726620205373649, 34.37644971888983 ], [ 132.725457762598325, 34.375778885781195 ], [ 132.725955991314436, 34.376466284914876 ], [ 132.726820727535483, 34.377006064912628 ], [ 132.726109094375204, 34.377257249932178 ], [ 132.723404192213593, 34.375656412150782 ], [ 132.723584299565971, 34.376726030061995 ], [ 132.724463896169539, 34.37736141773761 ], [ 132.724684012989684, 34.378137305559648 ], [ 132.725152989709983, 34.378351532145345 ], [ 132.728992530902644, 34.378565052558351 ], [ 132.730518272969704, 34.37857492447533 ], [ 132.730848262180672, 34.378423658644657 ], [ 132.731820014526534, 34.379028980534557 ], [ 132.732380234893327, 34.379627184796128 ], [ 132.732745984097789, 34.380632408948415 ], [ 132.733821565658332, 34.380421617739309 ], [ 132.733936927404784, 34.38076846171721 ], [ 132.737296133359536, 34.38268932787296 ], [ 132.738336959854308, 34.382906753151829 ], [ 132.740348500012175, 34.382480219175932 ] ] ] } },
{ "type": "Feature", "properties": { "CITY_NAME": "東広島市", "S_NAME": "西条町森近", "JINKO": 297, "medical_area": "34_広島中央医療圏", "町丁目名": "東広島市西条町森近" }, "geometry": { "type": "Polygon", "coordinates": [ [ [ 132.743532372367099, 34.382912345650659 ], [ 132.744740427187168, 34.38168996114711 ], [ 132.744559849075074, 34.381564175553656 ], [ 132.744693968018311, 34.380595073367409 ], [ 132.74460435600335, 34.379543638181261 ], [ 132.744314726006735, 34.379017316007094 ], [ 132.74383766636663, 34.378678106692618 ], [ 132.743980756154315, 34.378578118225434 ], [ 132.741732870140765, 34.376776183245475 ], [ 132.742358454709716, 34.376613774768451 ], [ 132.742944450285677, 34.376178126139948 ], [ 132.744190808555686, 34.376114482357245 ], [ 132.744726917048041, 34.375590736748741 ], [ 132.745392859641896, 34.375314299571968 ], [ 132.746083584758509, 34.374170983839981 ], [ 132.746405825002938, 34.37235099316711 ], [ 132.747112020725069, 34.371473692556549 ], [ 132.747549431345362, 34.370260711755492 ], [ 132.747218547841811, 34.369088310656473 ], [ 132.746783275861219, 34.36862454283898 ], [ 132.746945238461365, 34.368332040199363 ], [ 132.746853320702286, 34.3678849506137 ], [ 132.747824516026895, 34.367843987916473 ], [ 132.747852283657409, 34.367472675856085 ], [ 132.748108165681458, 34.36734439947989 ], [ 132.748283103866299, 34.366852511781829 ], [ 132.749756938620607, 34.365684764508529 ], [ 132.750247824251687, 34.364984438559304 ], [ 132.751521035591395, 34.364216838650265 ], [ 132.752002364099354, 34.363685165756685 ], [ 132.752793056943119, 34.363318510088916 ], [ 132.746064005523749, 34.356239885494247 ], [ 132.756844250717279, 34.353208240047863 ], [ 132.757335953737794, 34.353238548793982 ], [ 132.757582249268609, 34.352695173722957 ], [ 132.759572453843788, 34.352720060899202 ], [ 132.76029149936636, 34.353258899313829 ], [ 132.760560278576492, 34.354036428217015 ], [ 132.762831437978065, 34.352837181208308 ], [ 132.763713396885748, 34.35345520760071 ], [ 132.764874160650663, 34.353161887453396 ], [ 132.765031817, 34.353113926757523 ], [ 132.765046629616137, 34.352885514543892 ], [ 132.764673974633268, 34.352775353442581 ], [ 132.764160051531007, 34.353012546589767 ], [ 132.764076448262784, 34.352670939275853 ], [ 132.764409280614728, 34.352422658775041 ], [ 132.76508823434591, 34.35225016007503 ], [ 132.765426951596709, 34.351133005176301 ], [ 132.765995639688271, 34.350425200316835 ], [ 132.764477787011231, 34.349555191796888 ], [ 132.763472660847782, 34.348145127466239 ], [ 132.7638500664807, 34.34774844458245 ], [ 132.764047724424699, 34.34647914519288 ], [ 132.763805427195535, 34.346114224630277 ], [ 132.764308995935096, 34.345092900636189 ], [ 132.764257924829991, 34.344184159661246 ], [ 132.763587840021017, 34.343866541347722 ], [ 132.762896525622978, 34.343817928681339 ], [ 132.762224682643591, 34.344414937297117 ], [ 132.761531991191561, 34.344640304071383 ], [ 132.76108597162343, 34.34445188112992 ], [ 132.759877316325372, 34.343469162910345 ], [ 132.758555285440025, 34.342821526540781 ], [ 132.758283873674316, 34.342310094133239 ], [ 132.758673505152387, 34.341533465404581 ], [ 132.758207370849448, 34.341066779278087 ], [ 132.758048304220836, 34.33937155144374 ], [ 132.757234301361876, 34.339265742439615 ], [ 132.756846090959016, 34.339059132976189 ], [ 132.755205010878456, 34.339106740975112 ], [ 132.754029182504695, 34.336891237000074 ], [ 132.753456562717474, 34.336005822092979 ], [ 132.753110130502961, 34.335789699320308 ], [ 132.753488145484823, 34.335194565807541 ], [ 132.7534894481538, 34.334820702525271 ], [ 132.753276022833376, 34.334568024822929 ], [ 132.752593192506367, 34.334447745914041 ], [ 132.75214414359786, 34.33468724954654 ], [ 132.750687920811799, 34.334100861124504 ], [ 132.748384379211785, 34.331416328103131 ], [ 132.748304870013357, 34.334664793894362 ], [ 132.748805817983026, 34.337112353296455 ], [ 132.747386060267161, 34.3390531502355 ], [ 132.74496712704024, 34.340932328548909 ], [ 132.744488209765478, 34.342766674649333 ], [ 132.744010371834833, 34.342730898055052 ], [ 132.743375043096705, 34.343584574649064 ], [ 132.743099324406018, 34.345476425049156 ], [ 132.742829550021355, 34.345974247889558 ], [ 132.742713767414074, 34.347348799314375 ], [ 132.742489439362174, 34.347937408929383 ], [ 132.742037930349625, 34.348385516717158 ], [ 132.741433218457587, 34.349524867615841 ], [ 132.741089939697503, 34.351446905247677 ], [ 132.74011498626183, 34.352444447608931 ], [ 132.73994585651414, 34.352837270341027 ], [ 132.740047671488043, 34.35399794744098 ], [ 132.739687303726072, 34.354830742027794 ], [ 132.739843442543958, 34.356762818618591 ], [ 132.739463673737419, 34.357729244009725 ], [ 132.739722662737762, 34.360036243193612 ], [ 132.739500225563091, 34.361379872387118 ], [ 132.739453495004369, 34.363147391707798 ], [ 132.739713403942773, 34.363543552612185 ], [ 132.73899781959787, 34.364561142733308 ], [ 132.739017301455505, 34.365705021669946 ], [ 132.738826476105515, 34.366666902348925 ], [ 132.737885972076526, 34.367739210615838 ], [ 132.736841066778823, 34.369560703021158 ], [ 132.735838158862009, 34.369795421642785 ], [ 132.735404084611474, 34.370048610109244 ], [ 132.734453421897513, 34.370783990861035 ], [ 132.734893940750084, 34.371277367312167 ], [ 132.733275864839698, 34.371633387178463 ], [ 132.732766934782575, 34.372296831879467 ], [ 132.732867741315403, 34.373039432455229 ], [ 132.733384309253381, 34.373201428677966 ], [ 132.733840198186385, 34.373926744918194 ], [ 132.735165822947295, 34.373988055121025 ], [ 132.736719386908334, 34.3736469572532 ], [ 132.73787881068958, 34.374315441877506 ], [ 132.73785697992912, 34.374597418294996 ], [ 132.736562033408291, 34.376654764613725 ], [ 132.737434055506441, 34.376937496347026 ], [ 132.737952666876794, 34.377446698463245 ], [ 132.73727728533197, 34.377890624645616 ], [ 132.736893257862874, 34.378464900156565 ], [ 132.738369702205375, 34.37865296115352 ], [ 132.739866540889324, 34.379203362045097 ], [ 132.739268001282113, 34.379717800001963 ], [ 132.739061184803717, 34.381462147193211 ], [ 132.740983814902137, 34.381625830744952 ], [ 132.740946020967328, 34.382231879287417 ], [ 132.741277228317387, 34.382266384555493 ], [ 132.741123229702083, 34.382593358160221 ], [ 132.741409191805616, 34.382688367159325 ], [ 132.743532372367099, 34.382912345650659 ] ] ] } },
{ "type": "Feature", "properties": { "CITY_NAME": "東広島市", "S_NAME": "西条町馬木", "JINKO": 497, "medical_area": "34_広島中央医療圏", "町丁目名": "東広島市西条町馬木" }, "geometry": { "type": "Polygon", "coordinates": [ [ [ 132.731782864255479, 34.373472689062915 ], [ 132.732867741315403, 34.373039432455229 ], [ 132.732766934782575, 34.372296831879467 ], [ 132.73318664201679, 34.371697613909674 ], [ 132.734893940750084, 34.371277367312167 ], [ 132.734515284140144, 34.370976690390926 ], [ 132.734581287298596, 34.370618020153422 ], [ 132.735721253517283, 34.369847945524455 ], [ 132.736841066778823, 34.369560703021158 ], [ 132.737885972076526, 34.367739210615838 ], [ 132.738826476105515, 34.366666902348925 ], [ 132.739017301455505, 34.365705021669946 ], [ 132.73899781959787, 34.364561142733308 ], [ 132.739713403942773, 34.363543552612185 ], [ 132.739453495004369, 34.363147391707805 ], [ 132.739500225563091, 34.361379872387126 ], [ 132.739722662737762, 34.360036243193612 ], [ 132.739463673737419, 34.357729244009725 ], [ 132.739843442543958, 34.356762818618591 ], [ 132.739687303726072, 34.354830742027794 ], [ 132.740047671488043, 34.35399794744098 ], [ 132.73994585651414, 34.352837270341027 ], [ 132.740227184681856, 34.352309393093975 ], [ 132.741023533090726, 34.351572023947099 ], [ 132.74112315707427, 34.350843984438264 ], [ 132.740352674721549, 34.351256677591479 ], [ 132.739642930695851, 34.351198307826621 ], [ 132.738863547552569, 34.350945300262453 ], [ 132.738334518221762, 34.350473338685312 ], [ 132.737313232079458, 34.349985361479099 ], [ 132.734855146090666, 34.349306286022866 ], [ 132.734632030249514, 34.350014050544914 ], [ 132.734215887470725, 34.35063382848773 ], [ 132.734116982850793, 34.351351297111272 ], [ 132.733663457295705, 34.351824746044578 ], [ 132.733215430966311, 34.351916701112408 ], [ 132.732532208776718, 34.351723507754997 ], [ 132.731701241953459, 34.351976554853465 ], [ 132.730383811299163, 34.352016462080279 ], [ 132.729619632005523, 34.352709249485322 ], [ 132.728575944624879, 34.35217638068405 ], [ 132.727344479415223, 34.351805516005918 ], [ 132.726687174431447, 34.351772475924918 ], [ 132.722921206393806, 34.352318811212619 ], [ 132.721706722215401, 34.35288710556749 ], [ 132.720864767501581, 34.353065748193679 ], [ 132.719776953561194, 34.352537652881715 ], [ 132.719225641006432, 34.35373356293492 ], [ 132.718349396255348, 34.353936712762085 ], [ 132.717342960541657, 34.353229048385231 ], [ 132.716526240320803, 34.353365710490507 ], [ 132.715872888024364, 34.353021846042218 ], [ 132.71567385008828, 34.353143183020855 ], [ 132.71504852471125, 34.354179238113701 ], [ 132.715182630723717, 34.354455293308902 ], [ 132.714519707755727, 34.355209082135737 ], [ 132.714512719451108, 34.355709745847946 ], [ 132.714335179547163, 34.356036928017396 ], [ 132.714440141482811, 34.356618366738886 ], [ 132.714127957390758, 34.357052646486594 ], [ 132.715317668678068, 34.357606674160273 ], [ 132.715500503198058, 34.359139305063948 ], [ 132.715310448623029, 34.359469360737705 ], [ 132.714829869893606, 34.359718454561218 ], [ 132.714434588330107, 34.360319185077024 ], [ 132.713861754477989, 34.360547137417214 ], [ 132.713778046764503, 34.360971938804184 ], [ 132.713262025846717, 34.361541088566902 ], [ 132.713489148050428, 34.362190870478749 ], [ 132.713397184258241, 34.362396803765222 ], [ 132.713143533661395, 34.362738413665419 ], [ 132.712639449183001, 34.362876464177489 ], [ 132.712178716947818, 34.363558482058359 ], [ 132.717515513880585, 34.365722566376675 ], [ 132.720898053352158, 34.368849647089213 ], [ 132.721066448921334, 34.371133854853312 ], [ 132.722231940966964, 34.370268418339236 ], [ 132.723360218954326, 34.370944225167314 ], [ 132.723848355585432, 34.371044127724787 ], [ 132.723835552989556, 34.3701165831963 ], [ 132.724062781318821, 34.369823533450564 ], [ 132.724651367803261, 34.36986099116573 ], [ 132.725024931642167, 34.370040015504486 ], [ 132.725462037902616, 34.370661628587023 ], [ 132.726637789272843, 34.370853456251432 ], [ 132.727396267885837, 34.370808562516473 ], [ 132.72848110884658, 34.371110383047245 ], [ 132.729097849280464, 34.371807227309326 ], [ 132.728292439152881, 34.372980966682995 ], [ 132.728831542186839, 34.373109773830684 ], [ 132.729496043886826, 34.372879637807053 ], [ 132.729938447534437, 34.373130311553609 ], [ 132.731141628152557, 34.373206741902287 ], [ 132.731782864255479, 34.373472689062915 ] ] ] } },
{ "type": "Feature", "properties": { "CITY_NAME": "東広島市", "S_NAME": "西条町上三永", "JINKO": 474, "medical_area": "34_広島中央医療圏", "町丁目名": "東広島市西条町上三永" }, "geometry": { "type": "Polygon", "coordinates": [ [ [ 132.784790724873744, 34.414933977810037 ], [ 132.785346096623954, 34.413493626822849 ], [ 132.786416976015289, 34.412448586693046 ], [ 132.786669233081767, 34.412267838251267 ], [ 132.787168137980899, 34.412523211380417 ], [ 132.787516074156912, 34.412479313573861 ], [ 132.787977539983075, 34.412244387344494 ], [ 132.788070727178706, 34.411352524101076 ], [ 132.788462584596545, 34.410737616118546 ], [ 132.788200544252078, 34.410092952934569 ], [ 132.788309092699421, 34.4093314470297 ], [ 132.7885474661785, 34.409136257549797 ], [ 132.789752810177163, 34.409215304360892 ], [ 132.790022069158425, 34.408560876629089 ], [ 132.790842057172767, 34.408088153922478 ], [ 132.791879346441249, 34.408150296673305 ], [ 132.793508430287858, 34.406659314693918 ], [ 132.795639127272466, 34.407122316716482 ], [ 132.796062109884275, 34.406810368890454 ], [ 132.796337390763398, 34.406849371799616 ], [ 132.79649601764865, 34.407101962088483 ], [ 132.797680982521115, 34.407788303553261 ], [ 132.798557435878479, 34.408543297880044 ], [ 132.798966174682391, 34.408282837425368 ], [ 132.79916820502919, 34.407846805999419 ], [ 132.800202141923023, 34.406788775172522 ], [ 132.800936107377851, 34.407555478572576 ], [ 132.803159430766556, 34.406647310400544 ], [ 132.803717859939468, 34.405953327113593 ], [ 132.804125219410935, 34.406014305850967 ], [ 132.805862226750321, 34.406966740331178 ], [ 132.806088495959841, 34.407305312470093 ], [ 132.806103163605343, 34.408011233199097 ], [ 132.806355882471252, 34.40840234760806 ], [ 132.807096827417439, 34.408284079627407 ], [ 132.80797107786924, 34.407717168116569 ], [ 132.808179642591199, 34.40734828388527 ], [ 132.808626907471847, 34.407325365280983 ], [ 132.809317994860066, 34.406939288316401 ], [ 132.809686071172109, 34.406123314746942 ], [ 132.810428190698104, 34.405673584225561 ], [ 132.811221615784234, 34.404519281470954 ], [ 132.812746490279295, 34.403271669408625 ], [ 132.8131200989055, 34.402635673877022 ], [ 132.813783360811755, 34.402297480043998 ], [ 132.813958029448884, 34.401698171641428 ], [ 132.814348242447238, 34.401421848635295 ], [ 132.813951963058003, 34.400910640428563 ], [ 132.81407669023082, 34.400391745842853 ], [ 132.813799477846345, 34.399811448342163 ], [ 132.813605404451323, 34.398491322118026 ], [ 132.814479884489771, 34.397424591768065 ], [ 132.814594724433903, 34.396423012286597 ], [ 132.815008830221899, 34.396070352882006 ], [ 132.815008585143289, 34.395405339480867 ], [ 132.816271700710189, 34.394727854015564 ], [ 132.816267118731361, 34.393977078308346 ], [ 132.815808968869391, 34.393361964679826 ], [ 132.815467035520584, 34.392437039404008 ], [ 132.815117893007567, 34.392497206047587 ], [ 132.815117318400894, 34.392103919129703 ], [ 132.814796025958685, 34.392095477794314 ], [ 132.813670534997385, 34.392403440088358 ], [ 132.813401288897637, 34.392732650794308 ], [ 132.812672967635706, 34.392643243358904 ], [ 132.811864532111912, 34.393062349418088 ], [ 132.810520857508948, 34.39263612544616 ], [ 132.809878011586989, 34.391299607980223 ], [ 132.808651826858352, 34.391383661592499 ], [ 132.808062430120316, 34.391816810879206 ], [ 132.807416474597034, 34.391980920434975 ], [ 132.807005638098303, 34.391827698365248 ], [ 132.806588553440832, 34.39142883870089 ], [ 132.806379517860762, 34.391451624961412 ], [ 132.805927472424258, 34.391609361136162 ], [ 132.805575277834066, 34.391999563244809 ], [ 132.803892910294678, 34.392281191605619 ], [ 132.802681117874869, 34.392825740728391 ], [ 132.801638087822084, 34.392356021562868 ], [ 132.800967463711885, 34.391850131389177 ], [ 132.800163032792057, 34.392096445611308 ], [ 132.799970192936343, 34.391665550273018 ], [ 132.800231471577661, 34.391057349819015 ], [ 132.800185918660901, 34.390510042692952 ], [ 132.799635096192077, 34.389710804211362 ], [ 132.798963712871483, 34.389387323929967 ], [ 132.797634614620563, 34.389408690395634 ], [ 132.796248850489604, 34.388561346075868 ], [ 132.7955170265368, 34.387735835034206 ], [ 132.795398659561869, 34.387064371651931 ], [ 132.796208856165407, 34.386137106508379 ], [ 132.796253065302636, 34.385638215791232 ], [ 132.795449605692966, 34.385429221658462 ], [ 132.795001993061419, 34.385601264831763 ], [ 132.793317584009628, 34.38560089379196 ], [ 132.793038559221998, 34.384998994463366 ], [ 132.792542700564866, 34.384546252983945 ], [ 132.791662201007483, 34.384227325273528 ], [ 132.791476228645251, 34.383838074497383 ], [ 132.790725347179972, 34.383657652660325 ], [ 132.790569812909126, 34.38325373443945 ], [ 132.789843027498904, 34.383096708468038 ], [ 132.788878609632604, 34.382328392766553 ], [ 132.788209988545475, 34.381195410179096 ], [ 132.788398723979356, 34.380491662746294 ], [ 132.787509273342351, 34.379544187828643 ], [ 132.787871264609691, 34.378404141453814 ], [ 132.787008414609403, 34.3777931981002 ], [ 132.786738894225977, 34.377414640400588 ], [ 132.785681956470796, 34.377801026238402 ], [ 132.785008513998122, 34.377489864214468 ], [ 132.784525076539239, 34.37762289811409 ], [ 132.785225378124636, 34.378408218860621 ], [ 132.785927579133869, 34.379849139972848 ], [ 132.786598425496067, 34.382218392103269 ], [ 132.786666904320185, 34.38319876862748 ], [ 132.787002844411859, 34.383658832177652 ], [ 132.787110365690921, 34.384264863920386 ], [ 132.787338911736015, 34.384486275834306 ], [ 132.787518214847609, 34.387046765501751 ], [ 132.787353094532875, 34.387822942225171 ], [ 132.787188569580763, 34.388214124588224 ], [ 132.784843840911151, 34.389284500109099 ], [ 132.785023731225664, 34.389670270907693 ], [ 132.78454395407752, 34.390196736098552 ], [ 132.784221447250019, 34.390863835057161 ], [ 132.78386810610715, 34.390953247236233 ], [ 132.783796563546474, 34.391202101973143 ], [ 132.783126272380059, 34.391872368438442 ], [ 132.782571818483092, 34.392868158515356 ], [ 132.782623932082799, 34.393481939332922 ], [ 132.782346396484968, 34.393546452196325 ], [ 132.781562416109523, 34.394401120645654 ], [ 132.780818252854544, 34.394717463776445 ], [ 132.780773989302304, 34.394910255553739 ], [ 132.780373577945227, 34.394839726263669 ], [ 132.780205172434052, 34.39524782419933 ], [ 132.779473433904172, 34.395960211938842 ], [ 132.77963975464229, 34.396309852346448 ], [ 132.779378523979346, 34.396789413446172 ], [ 132.777833666308823, 34.397767899162027 ], [ 132.777490865395094, 34.397763422387705 ], [ 132.776899384804835, 34.398126308218735 ], [ 132.776831035186603, 34.398678991943768 ], [ 132.779608495095687, 34.399346968645283 ], [ 132.780183307256266, 34.399367736521405 ], [ 132.780961744015599, 34.399154056241429 ], [ 132.781135732490185, 34.39939969428471 ], [ 132.780993004636201, 34.399863165124849 ], [ 132.781941217019437, 34.400207579699952 ], [ 132.783457540167035, 34.39975983184123 ], [ 132.78540652168266, 34.399786703816851 ], [ 132.785618869693025, 34.39992620880512 ], [ 132.786617056916896, 34.399976350549402 ], [ 132.785853306337174, 34.401833332806213 ], [ 132.786191365253131, 34.402750624051286 ], [ 132.786105105812339, 34.403436658763525 ], [ 132.785829872818596, 34.403615407218709 ], [ 132.78522132984429, 34.403644704112146 ], [ 132.784923622031442, 34.40422925988495 ], [ 132.785023043961246, 34.404588099995053 ], [ 132.784893654379431, 34.405084040125779 ], [ 132.784092678016862, 34.405434077058707 ], [ 132.78341453098821, 34.405459214263836 ], [ 132.779077750028648, 34.410984343640138 ], [ 132.780488625667658, 34.4121254140234 ], [ 132.781507809213508, 34.41259314368363 ], [ 132.78175755373087, 34.41394418367377 ], [ 132.783164338805818, 34.413924505880942 ], [ 132.783530011633928, 34.413098731408148 ], [ 132.783767615149287, 34.413670560752159 ], [ 132.784005509253433, 34.41369090200299 ], [ 132.78426265294172, 34.413983297629869 ], [ 132.784192656974568, 34.414456534668759 ], [ 132.784675065278662, 34.414530005244025 ], [ 132.784790724873744, 34.414933977810037 ] ] ] } },
{ "type": "Feature", "properties": { "CITY_NAME": "東広島市", "S_NAME": "三永一丁目", "JINKO": 545, "medical_area": "34_広島中央医療圏", "町丁目名": "東広島市三永一丁目" }, "geometry": { "type": "Polygon", "coordinates": [ [ [ 132.757647879270962, 34.386875638857525 ], [ 132.757447167894185, 34.387063824294856 ], [ 132.757312962497764, 34.387825590080354 ], [ 132.763547721467631, 34.391808304901197 ], [ 132.763805089920282, 34.390497244810632 ], [ 132.763211317796134, 34.389312909442552 ], [ 132.762696658549231, 34.388939026015962 ], [ 132.759076065855027, 34.387589541106173 ], [ 132.757647879270962, 34.386875638857525 ] ] ] } },
{ "type": "Feature", "properties": { "CITY_NAME": "東広島市", "S_NAME": "三永二丁目", "JINKO": 1219, "medical_area": "34_広島中央医療圏", "町丁目名": "東広島市三永二丁目" }, "geometry": { "type": "Polygon", "coordinates": [ [ [ 132.764286980954211, 34.383977730470406 ], [ 132.761487496764744, 34.382438504388681 ], [ 132.760586194918005, 34.383320933152156 ], [ 132.759290142050759, 34.385104289468423 ], [ 132.758521319300513, 34.385610355225765 ], [ 132.757647879270962, 34.386875638857525 ], [ 132.759076065855027, 34.387589541106173 ], [ 132.761633247152389, 34.388559087751155 ], [ 132.762105433566092, 34.387113013468458 ], [ 132.762050294503865, 34.384575962826673 ], [ 132.763093693921064, 34.384469575740269 ], [ 132.764286980954211, 34.383977730470406 ] ] ] } },
{ "type": "Feature", "properties": { "CITY_NAME": "東広島市", "S_NAME": "三永三丁目", "JINKO": 812, "medical_area": "34_広島中央医療圏", "町丁目名": "東広島市三永三丁目" }, "geometry": { "type": "Polygon", "coordinates": [ [ [ 132.76630172737552, 34.389976448543919 ], [ 132.76690103470898, 34.389825724789226 ], [ 132.767026575202777, 34.38955294741816 ], [ 132.767880635899019, 34.389003997809816 ], [ 132.767923437731866, 34.388816852307187 ], [ 132.766838231863176, 34.388230833443849 ], [ 132.766673168820745, 34.388459290687486 ], [ 132.76596023926507, 34.388174159301634 ], [ 132.764895286644361, 34.388020914047104 ], [ 132.764219904421338, 34.387152390637652 ], [ 132.763606429383003, 34.38705791621706 ], [ 132.763429656651454, 34.387223456888869 ], [ 132.762779234550578, 34.386793890999762 ], [ 132.762032072939462, 34.386541867594467 ], [ 132.762105433566092, 34.387113013468458 ], [ 132.761633247152389, 34.388559087751155 ], [ 132.762857833630505, 34.389035859189882 ], [ 132.763569461707249, 34.389815325103619 ], [ 132.763805089920282, 34.390497244810632 ], [ 132.763547721467631, 34.391808304901197 ], [ 132.764074104900374, 34.392172688681406 ], [ 132.76630172737552, 34.389976448543919 ] ] ] } },
{ "type": "Feature", "properties": { "CITY_NAME": "東広島市", "S_NAME": "西条町下三永", "JINKO": 2041, "medical_area": "34_広島中央医療圏", "町丁目名": "東広島市西条町下三永" }, "geometry": { "type": "Polygon", "coordinates": [ [ [ 132.776639582919501, 34.411818707137648 ], [ 132.778209006568346, 34.410988721077267 ], [ 132.779077750028705, 34.410984343640138 ], [ 132.783414530988182, 34.405459214263857 ], [ 132.784092678016862, 34.405434077058707 ], [ 132.784893654379431, 34.405084040125779 ], [ 132.785023043961246, 34.404588099995053 ], [ 132.784923622031471, 34.40422925988495 ], [ 132.78522132984429, 34.403644704112146 ], [ 132.785829872818596, 34.403615407218709 ], [ 132.78619264053566, 34.403276190386286 ], [ 132.786164038958276, 34.40258214736054 ], [ 132.785853306337202, 34.401833332806213 ], [ 132.786617056916896, 34.399976350549402 ], [ 132.785618869693025, 34.39992620880512 ], [ 132.78540652168266, 34.399786703816851 ], [ 132.783457540167035, 34.39975983184123 ], [ 132.78182370583167, 34.400190988898558 ], [ 132.780993004636201, 34.399863165124849 ], [ 132.781135732490185, 34.39939969428471 ], [ 132.780961744015599, 34.399154056241429 ], [ 132.780183307256266, 34.399367736521405 ], [ 132.779608495095687, 34.399346968645283 ], [ 132.778808543296037, 34.399062219427549 ], [ 132.777285241508139, 34.398818848897072 ], [ 132.776831035186603, 34.398678991943768 ], [ 132.776899384804835, 34.398126308218735 ], [ 132.777490865395094, 34.397763422387705 ], [ 132.777833666308823, 34.397767899162027 ], [ 132.779378523979346, 34.396789413446172 ], [ 132.77963975464229, 34.396309852346448 ], [ 132.779473433904172, 34.395960211938842 ], [ 132.780205172434052, 34.39524782419933 ], [ 132.780373577945227, 34.394839726263669 ], [ 132.780773989302304, 34.394910255553739 ], [ 132.780818252854544, 34.394717463776445 ], [ 132.781562416109523, 34.394401120645654 ], [ 132.782346396484968, 34.393546452196325 ], [ 132.782623932082799, 34.393481939332922 ], [ 132.782571818483092, 34.392868158515356 ], [ 132.783126272380059, 34.391872368438442 ], [ 132.783796563546474, 34.391202101973143 ], [ 132.78386810610715, 34.390953247236233 ], [ 132.784221447250019, 34.390863835057161 ], [ 132.78454395407752, 34.390196736098552 ], [ 132.785023731225664, 34.389670270907693 ], [ 132.784843840911151, 34.389284500109099 ], [ 132.787188569580763, 34.388214124588224 ], [ 132.787518129919192, 34.387207918987691 ], [ 132.78736580537759, 34.384596438364611 ], [ 132.786666904320185, 34.38319876862748 ], [ 132.786661881222955, 34.382517555872219 ], [ 132.786100176933587, 34.38030806197547 ], [ 132.785225378124636, 34.378408218860621 ], [ 132.784525076539239, 34.37762289811409 ], [ 132.785008513998122, 34.377489864214468 ], [ 132.785681956470796, 34.377801026238402 ], [ 132.786738894225977, 34.377414640400588 ], [ 132.785839027173608, 34.376520444462905 ], [ 132.785125309919664, 34.375247067042515 ], [ 132.786330340172469, 34.372990763415181 ], [ 132.786364000420207, 34.372700123036871 ], [ 132.78595479917081, 34.372243658137059 ], [ 132.78571302635541, 34.371563492875488 ], [ 132.786174091651958, 34.370193058123377 ], [ 132.785794407602623, 34.369764628670858 ], [ 132.784686747596595, 34.369777392052214 ], [ 132.783884860264607, 34.369217619265264 ], [ 132.783336179199381, 34.368287363966431 ], [ 132.7825285282442, 34.36767322846201 ], [ 132.781494773301802, 34.366518062219086 ], [ 132.781423989832263, 34.365483106716354 ], [ 132.78069740911755, 34.36507630508455 ], [ 132.779929306808242, 34.364286144773907 ], [ 132.778843378437045, 34.363795062469691 ], [ 132.77486683177446, 34.367952359268067 ], [ 132.774649074892039, 34.368343638463244 ], [ 132.774331374221987, 34.368462987950608 ], [ 132.774337934046059, 34.368694675406118 ], [ 132.77394883177621, 34.368771841303378 ], [ 132.773809506936658, 34.3691627281734 ], [ 132.773423730712722, 34.369359749979665 ], [ 132.774165907213813, 34.370626075381317 ], [ 132.77409622675566, 34.370751512425194 ], [ 132.766009436207725, 34.370969356885993 ], [ 132.761658595570594, 34.37504072751981 ], [ 132.761504007182936, 34.376227715670083 ], [ 132.760722697263077, 34.377491580024916 ], [ 132.760426359877187, 34.377733625704799 ], [ 132.758747095026791, 34.378743212984801 ], [ 132.756326586662198, 34.379423207897737 ], [ 132.755021374523807, 34.379016623577527 ], [ 132.754337045316362, 34.379580714792759 ], [ 132.753772746259671, 34.379645272502501 ], [ 132.753757364536256, 34.380534645225232 ], [ 132.752167298843261, 34.380573134016771 ], [ 132.750781885945997, 34.38127410907903 ], [ 132.747889423493859, 34.384105417720654 ], [ 132.747076535983609, 34.384240994417411 ], [ 132.746216505996642, 34.385217344970599 ], [ 132.745306662622255, 34.387517245914403 ], [ 132.744630761688228, 34.388760937191783 ], [ 132.743435115224372, 34.388851105960228 ], [ 132.742725940687819, 34.389246347248005 ], [ 132.741303050524351, 34.390239973643709 ], [ 132.740566857126026, 34.391282200020832 ], [ 132.739067988229721, 34.391492503131715 ], [ 132.739295566883868, 34.392946614700449 ], [ 132.740304933955713, 34.393715674236333 ], [ 132.74059463975604, 34.394499659909968 ], [ 132.740876795428761, 34.394753589315464 ], [ 132.740309228961678, 34.395141530077886 ], [ 132.740202799287943, 34.39577819630297 ], [ 132.739122152097877, 34.39658692474277 ], [ 132.738899229014606, 34.397206243960646 ], [ 132.739437885902078, 34.396818161982495 ], [ 132.742493786410392, 34.395540343174865 ], [ 132.742645404584778, 34.396087752880533 ], [ 132.74305944994299, 34.396355425639236 ], [ 132.743435535246078, 34.396327449241852 ], [ 132.743990259202519, 34.396019284049352 ], [ 132.744670267786404, 34.396059318219159 ], [ 132.744320001506452, 34.397159049121953 ], [ 132.744471395990701, 34.397348649065364 ], [ 132.745271318525482, 34.397272739625024 ], [ 132.745530816717292, 34.397050627773986 ], [ 132.745655353273435, 34.396650532517434 ], [ 132.747088532685126, 34.396889833006888 ], [ 132.747276227061946, 34.397334369529915 ], [ 132.748219701101277, 34.397522446769443 ], [ 132.748128128281365, 34.398000147990601 ], [ 132.748584863790768, 34.398465232035846 ], [ 132.749619262461067, 34.398909807567492 ], [ 132.750296616992102, 34.398899102079284 ], [ 132.750415452733392, 34.39851339715009 ], [ 132.750689730611953, 34.398304022030004 ], [ 132.750473792858003, 34.397919638076594 ], [ 132.750634738261283, 34.397130564994534 ], [ 132.75230756677729, 34.397125786524519 ], [ 132.752959263545335, 34.397361993928591 ], [ 132.754501410630354, 34.398020318473499 ], [ 132.754839619051864, 34.398675418491848 ], [ 132.755328659489237, 34.398680524576918 ], [ 132.755679092534024, 34.399047205431287 ], [ 132.756459103158107, 34.399347570053372 ], [ 132.756362810283036, 34.399799801890794 ], [ 132.755923647687155, 34.400335816394637 ], [ 132.756171650122269, 34.400919924808697 ], [ 132.755022239787678, 34.401767448099235 ], [ 132.75605850277023, 34.401914582008011 ], [ 132.75798503875879, 34.401740297600185 ], [ 132.760892766312935, 34.402580245277626 ], [ 132.762262185253633, 34.403544141611675 ], [ 132.764977319543078, 34.406412853722017 ], [ 132.76492890880948, 34.406123891257145 ], [ 132.768732107880311, 34.406105146048681 ], [ 132.77083266074635, 34.407918117756182 ], [ 132.772052855901819, 34.408710904823117 ], [ 132.771595830068492, 34.410067184217745 ], [ 132.772054716599399, 34.410165197699868 ], [ 132.773037065592462, 34.410930555248612 ], [ 132.774824389580488, 34.410944862672636 ], [ 132.774994347873047, 34.41113741917377 ], [ 132.775508764492486, 34.411145547144955 ], [ 132.776078783808174, 34.411373849406374 ], [ 132.776639582919501, 34.411818707137648 ] ], [ [ 132.757447167894185, 34.387063824294856 ], [ 132.757787018582292, 34.386805938738149 ], [ 132.758521319300513, 34.385610355225765 ], [ 132.759290142050759, 34.385104289468423 ], [ 132.760586194918005, 34.383320933152156 ], [ 132.761487496764744, 34.382438504388681 ], [ 132.764286980954211, 34.383977730470406 ], [ 132.763093693921064, 34.384469575740241 ], [ 132.762050294503837, 34.38457596282668 ], [ 132.762032072939462, 34.386541867594467 ], [ 132.762779234550578, 34.386793890999762 ], [ 132.763429656651454, 34.387223456888869 ], [ 132.763606429383003, 34.38705791621706 ], [ 132.764219904421338, 34.387152390637652 ], [ 132.764895286644361, 34.388020914047104 ], [ 132.76596023926507, 34.388174159301634 ], [ 132.766673168820745, 34.388459290687486 ], [ 132.766838231863176, 34.388230833443849 ], [ 132.767923437731866, 34.388816852307187 ], [ 132.767880635899019, 34.389003997809816 ], [ 132.767026575202777, 34.38955294741816 ], [ 132.76690103470898, 34.389825724789226 ], [ 132.76600366493517, 34.390141180385527 ], [ 132.765065779940812, 34.391320355575466 ], [ 132.764625752799475, 34.391493248710368 ], [ 132.764625190214588, 34.391755409116328 ], [ 132.764074104900374, 34.392172688681406 ], [ 132.757312962497707, 34.387825590080354 ], [ 132.757447167894185, 34.387063824294856 ] ] ] } },
{ "type": "Feature", "properties": { "CITY_NAME": "東広島市", "S_NAME": "西条町御薗宇", "JINKO": 8496, "medical_area": "34_広島中央医療圏", "町丁目名": "東広島市西条町御薗宇" }, "geometry": { "type": "Polygon", "coordinates": [ [ [ 132.75521468946863, 34.422318065283754 ], [ 132.75797684944979, 34.420878716392679 ], [ 132.757336781082671, 34.420392442382962 ], [ 132.757517018060554, 34.419175036261592 ], [ 132.757816758121521, 34.418555878893237 ], [ 132.758576507923465, 34.418425696508798 ], [ 132.758301312069648, 34.417353052631725 ], [ 132.758607795254477, 34.417203653816962 ], [ 132.758747086148986, 34.417437664806165 ], [ 132.759869536276682, 34.417472358572013 ], [ 132.760258775447511, 34.415120494234259 ], [ 132.761532878281258, 34.414614042472351 ], [ 132.762250347876375, 34.414017331306979 ], [ 132.762931803060553, 34.413771414338449 ], [ 132.763795733085061, 34.412977890346774 ], [ 132.76477128720083, 34.412914210336233 ], [ 132.765872446903558, 34.412373910432336 ], [ 132.766231295856528, 34.411784720808008 ], [ 132.766427344247859, 34.411396791874061 ], [ 132.766461432202448, 34.410719473498681 ], [ 132.765673029030523, 34.4092618602755 ], [ 132.764977319543078, 34.406412853722017 ], [ 132.762262185253633, 34.403544141611675 ], [ 132.760892766312935, 34.402580245277626 ], [ 132.75798503875879, 34.401740297600185 ], [ 132.75605850277023, 34.401914582008011 ], [ 132.755022239787678, 34.401767448099235 ], [ 132.756171650122269, 34.400919924808697 ], [ 132.755923647687155, 34.400335816394637 ], [ 132.756362810283036, 34.399799801890794 ], [ 132.756459103158107, 34.399347570053372 ], [ 132.755679092534024, 34.399047205431287 ], [ 132.755328659489237, 34.398680524576918 ], [ 132.754839619051864, 34.398675418491848 ], [ 132.754501410630354, 34.398020318473499 ], [ 132.75230756677729, 34.397125786524519 ], [ 132.750707439440646, 34.397101619507573 ], [ 132.750558696572568, 34.397229537215146 ], [ 132.750473792858003, 34.397919638076594 ], [ 132.750689730611953, 34.398304022030004 ], [ 132.750415452733392, 34.39851339715009 ], [ 132.750296616992102, 34.398899102079284 ], [ 132.749619262461067, 34.398909807567492 ], [ 132.748584863790768, 34.398465232035846 ], [ 132.748128128281365, 34.398000147990601 ], [ 132.748219701101277, 34.397522446769443 ], [ 132.747276227061946, 34.397334369529915 ], [ 132.747088532685126, 34.396889833006888 ], [ 132.745655353273435, 34.396650532517434 ], [ 132.745530816717292, 34.397050627773986 ], [ 132.745271318525482, 34.397272739625024 ], [ 132.744471395990701, 34.397348649065364 ], [ 132.744320001506452, 34.397159049121953 ], [ 132.744670267786404, 34.396059318219159 ], [ 132.743990259202519, 34.396019284049352 ], [ 132.743435535246078, 34.396327449241852 ], [ 132.74305944994299, 34.396355425639236 ], [ 132.742645404584778, 34.396087752880533 ], [ 132.74252858570955, 34.395541166416173 ], [ 132.739437885902078, 34.396818161982495 ], [ 132.738899229014606, 34.397206243960646 ], [ 132.739262854989903, 34.396417222204434 ], [ 132.740303011219993, 34.395658550968854 ], [ 132.740179139519256, 34.39487153143569 ], [ 132.73980143530116, 34.394754128432481 ], [ 132.739287532307145, 34.395188160623995 ], [ 132.738409214739534, 34.394813896334227 ], [ 132.738218524351765, 34.393950274711152 ], [ 132.737672583654756, 34.39324636880756 ], [ 132.736944294524619, 34.393444590043131 ], [ 132.736588909479821, 34.393976196160203 ], [ 132.735920689712543, 34.393992552185914 ], [ 132.736258213872333, 34.39282768307055 ], [ 132.735426903308507, 34.393202040063002 ], [ 132.734871530663725, 34.393017548658023 ], [ 132.734327796314005, 34.394178861806409 ], [ 132.735936532391321, 34.394628784148843 ], [ 132.737635351059282, 34.397115517895479 ], [ 132.737784591775267, 34.397661537037351 ], [ 132.737542903181378, 34.399655828333884 ], [ 132.737781338434985, 34.40043611849115 ], [ 132.736095380979947, 34.399769220775106 ], [ 132.735355816040567, 34.401016964647873 ], [ 132.735286542903907, 34.401614153016496 ], [ 132.73512598593652, 34.401790845057519 ], [ 132.733382364949222, 34.402165622982835 ], [ 132.732979773786383, 34.401710083526943 ], [ 132.732656903588492, 34.404277376203318 ], [ 132.731289224128574, 34.404319196517427 ], [ 132.731528555761798, 34.404662658911917 ], [ 132.73155389919151, 34.405256871515 ], [ 132.732236126027942, 34.405861006392719 ], [ 132.732422893203449, 34.406475461202653 ], [ 132.73201888813955, 34.406503108870552 ], [ 132.731710200589049, 34.406253223610008 ], [ 132.731102874687309, 34.406386472579051 ], [ 132.731084606026428, 34.407258256946115 ], [ 132.730872605376419, 34.407693815619851 ], [ 132.730688793543351, 34.408010915235714 ], [ 132.730160251454578, 34.408351436351261 ], [ 132.729425944024257, 34.40980351410267 ], [ 132.728821978939493, 34.410483870222528 ], [ 132.732575040624766, 34.41559625281139 ], [ 132.734199526802541, 34.415043158713637 ], [ 132.73593752187108, 34.414151563792323 ], [ 132.74606780123267, 34.407556494931264 ], [ 132.746389837762365, 34.408569222367383 ], [ 132.746267544868914, 34.409494747994877 ], [ 132.746023476154193, 34.410019656243179 ], [ 132.745088717481764, 34.411067788102756 ], [ 132.744865341966005, 34.411650492215749 ], [ 132.745055798848682, 34.413653567203895 ], [ 132.744587817848441, 34.416249572370937 ], [ 132.745216759068313, 34.419208889484281 ], [ 132.745442216826461, 34.419229657236734 ], [ 132.746115484632071, 34.420017575697763 ], [ 132.746373934436178, 34.419628260347785 ], [ 132.746068071243599, 34.419398125350106 ], [ 132.746198594193885, 34.418920953054418 ], [ 132.745943092137651, 34.41891850270094 ], [ 132.746060854808121, 34.418494918914575 ], [ 132.746702479975141, 34.41846806891261 ], [ 132.74703655261132, 34.418752582272035 ], [ 132.749083697870873, 34.417296262991265 ], [ 132.748786754384298, 34.417738596054093 ], [ 132.74916475484136, 34.41783159454863 ], [ 132.749285489095968, 34.418297431427135 ], [ 132.749525634713905, 34.418359250538401 ], [ 132.74990268226702, 34.419433255628952 ], [ 132.750913182783478, 34.419657753842785 ], [ 132.751124240902129, 34.420081738361588 ], [ 132.751755639997526, 34.419952637570077 ], [ 132.753389731635139, 34.421656745104826 ], [ 132.754227630248153, 34.421454656343762 ], [ 132.754855879851362, 34.421826760305137 ], [ 132.75521468946863, 34.422318065283754 ] ] ] } },
{ "type": "Feature", "properties": { "CITY_NAME": "東広島市", "S_NAME": "西条吉行東一丁目", "JINKO": 97, "medical_area": "34_広島中央医療圏", "町丁目名": "東広島市西条吉行東一丁目" }, "geometry": { "type": "Polygon", "coordinates": [ [ [ 132.764787072543896, 34.434774938096197 ], [ 132.764695029316442, 34.434651430191778 ], [ 132.764245267316511, 34.434710552160674 ], [ 132.764262574225256, 34.434370420464397 ], [ 132.763921404006027, 34.434069520953635 ], [ 132.764080246296146, 34.433586137396482 ], [ 132.762737958879512, 34.432871224726121 ], [ 132.762646883618117, 34.432493591828283 ], [ 132.761007940682589, 34.432027475399764 ], [ 132.760545970089282, 34.431439092763007 ], [ 132.760100396367676, 34.431324777799674 ], [ 132.759357377893082, 34.430737746349962 ], [ 132.758873678368388, 34.430768969386072 ], [ 132.758606055752665, 34.431096225794491 ], [ 132.758202243963268, 34.431083107959388 ], [ 132.757202933698892, 34.43212117975358 ], [ 132.757327119027792, 34.432096490623927 ], [ 132.757569360705617, 34.432777381574773 ], [ 132.757906812745517, 34.433198622828158 ], [ 132.758946066964597, 34.433408546710979 ], [ 132.760347980658196, 34.434310444980795 ], [ 132.761390374051672, 34.435241950880645 ], [ 132.7617438810029, 34.435790999569321 ], [ 132.764787072543896, 34.434774938096197 ] ] ] } },
{ "type": "Feature", "properties": { "CITY_NAME": "東広島市", "S_NAME": "西条吉行東二丁目", "JINKO": 0, "medical_area": "34_広島中央医療圏", "町丁目名": "東広島市西条吉行東二丁目" }, "geometry": { "type": "Polygon", "coordinates": [ [ [ 132.768321453203157, 34.435726362915467 ], [ 132.767985708210716, 34.435241333613419 ], [ 132.767481849147742, 34.43530777773136 ], [ 132.767105476436512, 34.435138628002264 ], [ 132.766486449101592, 34.435600904693963 ], [ 132.765606241193268, 34.435633418193333 ], [ 132.765469061513414, 34.43521755794783 ], [ 132.764924198685748, 34.435094026524652 ], [ 132.764787072543896, 34.434774938096197 ], [ 132.7617438810029, 34.435790999569321 ], [ 132.762714222319886, 34.437886654229992 ], [ 132.763210994941005, 34.438035504958862 ], [ 132.762864000078906, 34.438150177890847 ], [ 132.767186178735756, 34.439610808792523 ], [ 132.768497735429946, 34.436735775412131 ], [ 132.768321453203157, 34.435726362915467 ] ] ] } },
{ "type": "Feature", "properties": { "CITY_NAME": "東広島市", "S_NAME": "西条町吉行", "JINKO": 1713, "medical_area": "34_広島中央医療圏", "町丁目名": "東広島市西条町吉行" }, "geometry": { "type": "Polygon", "coordinates": [ [ [ 132.744903717232972, 34.456957949113182 ], [ 132.745991751368564, 34.45595169123682 ], [ 132.746496306054354, 34.454901579083945 ], [ 132.747244677496354, 34.45486561881409 ], [ 132.748071487662457, 34.455309462092636 ], [ 132.748610059635496, 34.455290691058416 ], [ 132.751420286885633, 34.453440154563118 ], [ 132.751751818977681, 34.452775822523257 ], [ 132.75179485490213, 34.452182741678527 ], [ 132.751306184686996, 34.4514555772408 ], [ 132.751489121467472, 34.451190871707745 ], [ 132.752945075616367, 34.449960798815049 ], [ 132.754309992942268, 34.448270545404625 ], [ 132.755338387946694, 34.447289858150491 ], [ 132.756732489465122, 34.446223022754374 ], [ 132.759060042239298, 34.443164808180619 ], [ 132.75898186919602, 34.441837851135482 ], [ 132.759572080259574, 34.441352958869842 ], [ 132.759901970471986, 34.440745513665625 ], [ 132.762086158928952, 34.438848999234636 ], [ 132.76263095426026, 34.438618275996433 ], [ 132.762864000078906, 34.438150177890847 ], [ 132.763210994941005, 34.438035504958862 ], [ 132.762714222319886, 34.437886654229992 ], [ 132.761390374051672, 34.435241950880645 ], [ 132.760347980658196, 34.434310444980795 ], [ 132.759179104898408, 34.433535321081102 ], [ 132.757854598646389, 34.434561873902773 ], [ 132.758569264649026, 34.43523611021957 ], [ 132.758511786905473, 34.436937171220677 ], [ 132.759086496380803, 34.437813923557734 ], [ 132.758279268315334, 34.437639927010899 ], [ 132.755961423858452, 34.437545909403674 ], [ 132.754675163659471, 34.437138395797106 ], [ 132.753423836044931, 34.435464057345875 ], [ 132.752476426885977, 34.433775138497474 ], [ 132.751067110781008, 34.434119819161971 ], [ 132.750072713845697, 34.433703389081337 ], [ 132.750424812058725, 34.433321431033043 ], [ 132.750308698839149, 34.433225099412837 ], [ 132.75011605402122, 34.433372968803383 ], [ 132.749448395031493, 34.4332751851653 ], [ 132.749397034243543, 34.433549970298905 ], [ 132.748893476265266, 34.433549134579991 ], [ 132.747677948660424, 34.433272769572056 ], [ 132.748038437725256, 34.43298529758426 ], [ 132.747065087572054, 34.432815494003329 ], [ 132.746974896874832, 34.43349740765872 ], [ 132.746588203543212, 34.434417534592939 ], [ 132.746098041848427, 34.434384360597569 ], [ 132.745891636554347, 34.435513659144434 ], [ 132.745841200982909, 34.437653469454922 ], [ 132.74663816668749, 34.43764152109307 ], [ 132.746303414024396, 34.43848433731479 ], [ 132.746271824744383, 34.439035539755416 ], [ 132.746711447847332, 34.439567462623074 ], [ 132.746795624378933, 34.440495626217221 ], [ 132.744580703089952, 34.441526944868713 ], [ 132.74437358026654, 34.441750203608578 ], [ 132.744399300922566, 34.442507778678106 ], [ 132.744232995901626, 34.442726760369702 ], [ 132.740999567967663, 34.444714062604397 ], [ 132.739632979742794, 34.446209944780961 ], [ 132.739142812908568, 34.447272504396061 ], [ 132.739322152996721, 34.448159232986299 ], [ 132.738977974923984, 34.448206342946932 ], [ 132.739135589937916, 34.448378442254949 ], [ 132.739172573030771, 34.449651092244927 ], [ 132.739500198487377, 34.45115818006213 ], [ 132.739965671848353, 34.451854522688791 ], [ 132.741731562868011, 34.457102989139131 ], [ 132.743110465900031, 34.456933915769703 ], [ 132.744448891353244, 34.45714900297385 ], [ 132.744903717232972, 34.456957949113182 ] ] ] } },
{ "type": "Feature", "properties": { "CITY_NAME": "東広島市", "S_NAME": "西条土与丸一丁目", "JINKO": 420, "medical_area": "34_広島中央医療圏", "町丁目名": "東広島市西条土与丸一丁目" }, "geometry": { "type": "Polygon", "coordinates": [ [ [ 132.751175003278917, 34.429102995648421 ], [ 132.752434327083279, 34.429162325901082 ], [ 132.752803490932166, 34.428846428191939 ], [ 132.750748304234804, 34.425938936862849 ], [ 132.750292838684544, 34.425401734969029 ], [ 132.749970735634633, 34.425401019873789 ], [ 132.749467676722531, 34.428988035218005 ], [ 132.749238330402704, 34.429640343221443 ], [ 132.749748628847556, 34.429620865639286 ], [ 132.750341449959876, 34.429257280599849 ], [ 132.751175003278917, 34.429102995648421 ] ] ] } },
{ "type": "Feature", "properties": { "CITY_NAME": "東広島市", "S_NAME": "西条土与丸二丁目", "JINKO": 787, "medical_area": "34_広島中央医療圏", "町丁目名": "東広島市西条土与丸二丁目" }, "geometry": { "type": "Polygon", "coordinates": [ [ [ 132.753054646842742, 34.429238797850942 ], [ 132.752803490932166, 34.428846428191939 ], [ 132.752434327083279, 34.429162325901082 ], [ 132.750767056422518, 34.4291542483341 ], [ 132.750341449959876, 34.429257280599849 ], [ 132.750118203726231, 34.429484575119844 ], [ 132.752321792410868, 34.433481473655661 ], [ 132.754071262793246, 34.434251910112557 ], [ 132.754022016581388, 34.433220883241674 ], [ 132.754429990413399, 34.432121168001274 ], [ 132.753498345660773, 34.431287084227051 ], [ 132.753054646842742, 34.429238797850942 ] ] ] } },
{ "type": "Feature", "properties": { "CITY_NAME": "東広島市", "S_NAME": "西条土与丸三丁目", "JINKO": 185, "medical_area": "34_広島中央医療圏", "町丁目名": "東広島市西条土与丸三丁目" }, "geometry": { "type": "Polygon", "coordinates": [ [ [ 132.758351432477497, 34.434987835990498 ], [ 132.754429990413399, 34.432121168001274 ], [ 132.754022016581388, 34.433220883241674 ], [ 132.754071262793246, 34.434251910112557 ], [ 132.75855611028777, 34.436241941271462 ], [ 132.758632553264988, 34.435459635004179 ], [ 132.758351432477497, 34.434987835990498 ] ] ] } },
{ "type": "Feature", "properties": { "CITY_NAME": "東広島市", "S_NAME": "西条土与丸四丁目", "JINKO": 149, "medical_area": "34_広島中央医療圏", "町丁目名": "東広島市西条土与丸四丁目" }, "geometry": { "type": "Polygon", "coordinates": [ [ [ 132.757906812745517, 34.433198622828158 ], [ 132.757327119027792, 34.432096490623927 ], [ 132.757202933698892, 34.43212117975358 ], [ 132.757302542292507, 34.432004202729651 ], [ 132.7567936341311, 34.430097955232092 ], [ 132.756275441907349, 34.429192308581761 ], [ 132.754429990413399, 34.432121168001274 ], [ 132.757854598646389, 34.434561873902773 ], [ 132.759179104898408, 34.433535321081102 ], [ 132.757906812745517, 34.433198622828158 ] ] ] } },
{ "type": "Feature", "properties": { "CITY_NAME": "東広島市", "S_NAME": "西条土与丸五丁目", "JINKO": 265, "medical_area": "34_広島中央医療圏", "町丁目名": "東広島市西条土与丸五丁目" }, "geometry": { "type": "Polygon", "coordinates": [ [ [ 132.756275441907349, 34.429192308581761 ], [ 132.754739523277465, 34.427774157120162 ], [ 132.752118456374717, 34.427888731920405 ], [ 132.75310846475702, 34.429362217640517 ], [ 132.753498345660773, 34.431287084227051 ], [ 132.754429990413399, 34.432121168001274 ], [ 132.756275441907349, 34.429192308581761 ] ] ] } },
{ "type": "Feature", "properties": { "CITY_NAME": "東広島市", "S_NAME": "西条土与丸六丁目", "JINKO": 239, "medical_area": "34_広島中央医療圏", "町丁目名": "東広島市西条土与丸六丁目" }, "geometry": { "type": "Polygon", "coordinates": [ [ [ 132.753671972380033, 34.42639795118545 ], [ 132.750465633094876, 34.423815035476125 ], [ 132.750074627471207, 34.424135262381377 ], [ 132.749866290657792, 34.425055551088121 ], [ 132.750748304234804, 34.425938936862849 ], [ 132.752118456374717, 34.427888731920405 ], [ 132.754739523277465, 34.427774157120162 ], [ 132.753671972380033, 34.42639795118545 ] ] ] } },
{ "type": "Feature", "properties": { "CITY_NAME": "東広島市", "S_NAME": "西条町土与丸", "JINKO": 0, "medical_area": "34_広島中央医療圏", "町丁目名": "東広島市西条町土与丸" }, "geometry": { "type": "Polygon", "coordinates": [ [ [ 132.759086496380803, 34.437813923557734 ], [ 132.758511786905473, 34.436937171220677 ], [ 132.75855611028777, 34.436241941271462 ], [ 132.754203002640764, 34.434309875996803 ], [ 132.751580337096954, 34.433176251904491 ], [ 132.74862437710226, 34.432328983387237 ], [ 132.747441703436891, 34.432050489288464 ], [ 132.746978995043833, 34.432475560640825 ], [ 132.747065087572054, 34.432815494003329 ], [ 132.748038437725256, 34.43298529758426 ], [ 132.747677948660424, 34.433272769572056 ], [ 132.748283912104398, 34.433427372834799 ], [ 132.749397034243543, 34.433549970298905 ], [ 132.749448395031493, 34.4332751851653 ], [ 132.75011605402122, 34.433372968803383 ], [ 132.750308698839149, 34.433225099412837 ], [ 132.750424812058725, 34.433321431033043 ], [ 132.750072713845697, 34.433703389081337 ], [ 132.751067110781008, 34.434119819161971 ], [ 132.752476426885977, 34.433775138497474 ], [ 132.753423836044931, 34.435464057345875 ], [ 132.754675163659471, 34.437138395797106 ], [ 132.755961423858452, 34.437545909403674 ], [ 132.758279268315334, 34.437639927010899 ], [ 132.759086496380803, 34.437813923557734 ] ] ] } },
{ "type": "Feature", "properties": { "CITY_NAME": "東広島市", "S_NAME": "西条町土与丸", "JINKO": 1205, "medical_area": "34_広島中央医療圏", "町丁目名": "東広島市西条町土与丸" }, "geometry": { "type": "Polygon", "coordinates": [ [ [ 132.764245267316511, 34.434710552160674 ], [ 132.76473616601595, 34.434656581138874 ], [ 132.7645131768017, 34.433647397158879 ], [ 132.764676735613335, 34.433134265542343 ], [ 132.765903768638822, 34.431278803144366 ], [ 132.768186843322155, 34.431444158314513 ], [ 132.768883126329087, 34.431134322924443 ], [ 132.769776628035885, 34.430399920525687 ], [ 132.771361802495761, 34.430282440403424 ], [ 132.774073319281428, 34.429537202198112 ], [ 132.774962583410854, 34.428951939223538 ], [ 132.776143672358273, 34.429000782493695 ], [ 132.777856975202695, 34.428736033872788 ], [ 132.776957717449477, 34.426702120207011 ], [ 132.777024096843547, 34.426437942979639 ], [ 132.776505252424187, 34.425872592787307 ], [ 132.775191175918508, 34.425059095781045 ], [ 132.771683110598701, 34.423780577872392 ], [ 132.771335308276548, 34.42347254509653 ], [ 132.770459919380272, 34.423988527676954 ], [ 132.769265713677498, 34.423865288183755 ], [ 132.768607513139358, 34.424363133846683 ], [ 132.76813531085179, 34.424426471358331 ], [ 132.768097832480748, 34.424225357263069 ], [ 132.766423480828877, 34.424719632061297 ], [ 132.76566782737757, 34.424689133620156 ], [ 132.764831308732283, 34.424964145489845 ], [ 132.76347276947044, 34.424740938648988 ], [ 132.762658995414256, 34.424886085774169 ], [ 132.762125913905095, 34.425222699586406 ], [ 132.761666910186165, 34.425302709612673 ], [ 132.760951018494694, 34.42602013299026 ], [ 132.759447481217876, 34.426448946463225 ], [ 132.756855122178678, 34.426517845633633 ], [ 132.756513743891105, 34.425632735367813 ], [ 132.754289263228515, 34.422674690640719 ], [ 132.752348853319745, 34.423292559081027 ], [ 132.750192499677155, 34.423430790788927 ], [ 132.749750089904694, 34.423277105612868 ], [ 132.753671972380033, 34.42639795118545 ], [ 132.754685063461494, 34.427723143712832 ], [ 132.756404706771434, 34.429310150255588 ], [ 132.7567936341311, 34.430097955232092 ], [ 132.757302542292507, 34.432004202729651 ], [ 132.758202243963268, 34.431083107959388 ], [ 132.758606055752665, 34.431096225794491 ], [ 132.758873678368388, 34.430768969386072 ], [ 132.759357377893082, 34.430737746349962 ], [ 132.760100396367676, 34.431324777799674 ], [ 132.760545970089282, 34.431439092763007 ], [ 132.761007940682589, 34.432027475399764 ], [ 132.762646883618117, 34.432493591828283 ], [ 132.762737958879512, 34.432871224726121 ], [ 132.764080246296146, 34.433586137396482 ], [ 132.763921404006027, 34.434069520953635 ], [ 132.764262574225256, 34.434370420464397 ], [ 132.764245267316511, 34.434710552160674 ] ] ] } },
{ "type": "Feature", "properties": { "CITY_NAME": "東広島市", "S_NAME": "西条末広町", "JINKO": 433, "medical_area": "34_広島中央医療圏", "町丁目名": "東広島市西条末広町" }, "geometry": { "type": "Polygon", "coordinates": [ [ [ 132.752321792410868, 34.433481473655661 ], [ 132.750118203726231, 34.429484575119844 ], [ 132.749238330402704, 34.429640343221443 ], [ 132.748885867930909, 34.43116321584904 ], [ 132.748771721597365, 34.431116147120079 ], [ 132.748152955066843, 34.431650291552813 ], [ 132.747716599384546, 34.431669834698127 ], [ 132.747334140541568, 34.432027474702963 ], [ 132.750722170985341, 34.432894825030473 ], [ 132.752321792410868, 34.433481473655661 ] ] ] } },
{ "type": "Feature", "properties": { "CITY_NAME": "東広島市", "S_NAME": "西条町助実", "JINKO": 2609, "medical_area": "34_広島中央医療圏", "町丁目名": "東広島市西条町助実" }, "geometry": { "type": "Polygon", "coordinates": [ [ [ 132.778537790811555, 34.428496921863228 ], [ 132.780688886192337, 34.428252738734841 ], [ 132.781219154366397, 34.428433870754915 ], [ 132.783117135514658, 34.4274156163006 ], [ 132.784609625788676, 34.427334889184365 ], [ 132.785101238824097, 34.426898795383217 ], [ 132.784903851497802, 34.426357760573822 ], [ 132.785550531619492, 34.426118786167592 ], [ 132.786234845046749, 34.425208119114799 ], [ 132.787397781338569, 34.425569669193727 ], [ 132.788197720219074, 34.424908150117759 ], [ 132.788979789231718, 34.424527039114203 ], [ 132.789094809939058, 34.423932707880326 ], [ 132.788857954542635, 34.423493024779546 ], [ 132.788505452705891, 34.423448070262758 ], [ 132.787917400927, 34.422869184628325 ], [ 132.786877364326216, 34.422503342776594 ], [ 132.786108616721918, 34.421910017295559 ], [ 132.784716485708373, 34.421690484272041 ], [ 132.784001059312828, 34.421227311581369 ], [ 132.782529514262535, 34.420642754144353 ], [ 132.782207152514076, 34.41999965746561 ], [ 132.78213231406022, 34.419273033744794 ], [ 132.782517844819665, 34.417817912612001 ], [ 132.782935651279161, 34.417411930065072 ], [ 132.783804675105728, 34.416973785461067 ], [ 132.784831922777244, 34.416064907480667 ], [ 132.784609399893128, 34.415806710057446 ], [ 132.784790724873744, 34.414933977810037 ], [ 132.784675065278662, 34.414530005244025 ], [ 132.784192656974568, 34.414456534668759 ], [ 132.78426265294172, 34.413983297629869 ], [ 132.784005509253433, 34.41369090200299 ], [ 132.783767615149287, 34.413670560752159 ], [ 132.783530011633928, 34.413098731408148 ], [ 132.783164338805818, 34.413924505880942 ], [ 132.78175755373087, 34.41394418367377 ], [ 132.781507809213508, 34.41259314368363 ], [ 132.780488625667658, 34.4121254140234 ], [ 132.778995122015488, 34.410916721094026 ], [ 132.778209006568346, 34.410988721077267 ], [ 132.776639582919501, 34.411818707137648 ], [ 132.776078783808174, 34.411373849406374 ], [ 132.775508764492486, 34.411145547144955 ], [ 132.774994347873047, 34.41113741917377 ], [ 132.774824389580488, 34.410944862672636 ], [ 132.773037065592462, 34.410930555248612 ], [ 132.772054716599399, 34.410165197699868 ], [ 132.771595830068492, 34.410067184217745 ], [ 132.772052855901819, 34.408710904823117 ], [ 132.77083266074635, 34.407918117756182 ], [ 132.768732107880311, 34.406105146048681 ], [ 132.76492890880948, 34.406123891257145 ], [ 132.7654699862033, 34.408668257404948 ], [ 132.766103551430547, 34.410234118322464 ], [ 132.766461432202448, 34.410719473498681 ], [ 132.766427344247859, 34.411396791874061 ], [ 132.765872446903558, 34.412373910432336 ], [ 132.76477128720083, 34.412914210336233 ], [ 132.763795733085061, 34.412977890346774 ], [ 132.762931803060553, 34.413771414338449 ], [ 132.762250347876375, 34.414017331306979 ], [ 132.761532878281258, 34.414614042472351 ], [ 132.760202705026529, 34.415177539135854 ], [ 132.759869536276653, 34.417472358572013 ], [ 132.758747086148958, 34.417437664806165 ], [ 132.758607795254477, 34.417203653816962 ], [ 132.758301312069648, 34.417353052631725 ], [ 132.758576507923465, 34.418425696508798 ], [ 132.757816758121521, 34.418555878893237 ], [ 132.757517018060554, 34.419175036261592 ], [ 132.757336781082671, 34.420392442382962 ], [ 132.75797684944979, 34.420878716392679 ], [ 132.75521468946863, 34.422318065283754 ], [ 132.754855879851362, 34.421826760305137 ], [ 132.754227630248153, 34.421454656343762 ], [ 132.753389731635139, 34.421656745104826 ], [ 132.751755639997526, 34.419952637570077 ], [ 132.751124240902129, 34.420081738361588 ], [ 132.750913182783478, 34.419657753842785 ], [ 132.74990268226702, 34.419433255628952 ], [ 132.749525634713905, 34.418359250538401 ], [ 132.749285489095968, 34.418297431427135 ], [ 132.74916475484136, 34.41783159454863 ], [ 132.748786754384298, 34.417738596054093 ], [ 132.749083697870873, 34.417296262991265 ], [ 132.74703655261132, 34.418752582272035 ], [ 132.746702479975141, 34.41846806891261 ], [ 132.746060854808121, 34.418494918914575 ], [ 132.745943092137651, 34.41891850270094 ], [ 132.746198594193885, 34.418920953054418 ], [ 132.746068071243599, 34.419398125350106 ], [ 132.746373934436178, 34.419628260347785 ], [ 132.746081382661146, 34.420026892596638 ], [ 132.747953298434311, 34.421894761111368 ], [ 132.749750089904694, 34.423277105612847 ], [ 132.750192499677155, 34.423430790788899 ], [ 132.752348853319745, 34.423292559081027 ], [ 132.754289263228515, 34.422674690640719 ], [ 132.756513743891105, 34.425632735367813 ], [ 132.756855122178678, 34.426517845633633 ], [ 132.759447481217876, 34.426448946463225 ], [ 132.760951018494694, 34.42602013299026 ], [ 132.761666910186165, 34.425302709612673 ], [ 132.762125913905095, 34.425222699586406 ], [ 132.762658995414256, 34.424886085774169 ], [ 132.76347276947044, 34.424740938648988 ], [ 132.764831308732283, 34.424964145489845 ], [ 132.76566782737757, 34.424689133620156 ], [ 132.766423480828877, 34.424719632061297 ], [ 132.768097832480748, 34.424225357263069 ], [ 132.76813531085179, 34.424426471358331 ], [ 132.768607513139358, 34.424363133846683 ], [ 132.769265713677498, 34.423865288183755 ], [ 132.770459919380272, 34.423988527676954 ], [ 132.771335308276491, 34.42347254509653 ], [ 132.771683110598701, 34.423780577872392 ], [ 132.775191175918508, 34.425059095781045 ], [ 132.776505252424187, 34.425872592787286 ], [ 132.777024096843547, 34.426437942979639 ], [ 132.776957717449477, 34.426702120207011 ], [ 132.777856975202667, 34.428736033872788 ], [ 132.778537790811555, 34.428496921863228 ] ] ] } },
{ "type": "Feature", "properties": { "CITY_NAME": "東広島市", "S_NAME": "八本松町篠", "JINKO": 312, "medical_area": "34_広島中央医療圏", "町丁目名": "東広島市八本松町篠" }, "geometry": { "type": "Polygon", "coordinates": [ [ [ 132.729287337676283, 34.490171156405232 ], [ 132.729672051647611, 34.490169367412001 ], [ 132.729700114693202, 34.489274106565951 ], [ 132.729986975647279, 34.488843303378601 ], [ 132.729828041626178, 34.487289712069398 ], [ 132.730618030295716, 34.486003808220595 ], [ 132.731658085015056, 34.485347761087617 ], [ 132.731913408461196, 34.483852615287752 ], [ 132.731852836800584, 34.482816737224397 ], [ 132.732166044635136, 34.481966455755526 ], [ 132.731816625569166, 34.481054755425255 ], [ 132.732119761765432, 34.480521174379547 ], [ 132.732710390633656, 34.480010195399025 ], [ 132.734086948859755, 34.479441446116681 ], [ 132.735652157884971, 34.477968321585543 ], [ 132.735969614521565, 34.477394230872548 ], [ 132.736880729264669, 34.477226262141706 ], [ 132.737558435755489, 34.476815560561121 ], [ 132.738511499634285, 34.476814161961364 ], [ 132.739314754326585, 34.477168149390948 ], [ 132.739559430393371, 34.476662994449775 ], [ 132.739767349380742, 34.475451881950931 ], [ 132.740526182995154, 34.475361237601525 ], [ 132.740788961861028, 34.475030240458004 ], [ 132.740615496017938, 34.473851923970962 ], [ 132.741076288416536, 34.473613376627092 ], [ 132.741108344074632, 34.473078099964887 ], [ 132.741782539150222, 34.472707960375445 ], [ 132.742001206181698, 34.471972621824207 ], [ 132.742742020127338, 34.471726542832563 ], [ 132.74316916747469, 34.469325952492269 ], [ 132.743328966401037, 34.469054458905454 ], [ 132.744052681854868, 34.468786620410754 ], [ 132.743978177403079, 34.46697016172007 ], [ 132.744127160640232, 34.464300296457175 ], [ 132.744559621175284, 34.462136177655424 ], [ 132.744888390781426, 34.461323965471152 ], [ 132.744371056378583, 34.46006108219941 ], [ 132.74416216301438, 34.45900590852537 ], [ 132.744726935797416, 34.457798875590598 ], [ 132.744448891353244, 34.45714900297385 ], [ 132.743110465900031, 34.456933915769703 ], [ 132.741731562868011, 34.457102989139131 ], [ 132.740851227780155, 34.4567686549494 ], [ 132.739384506909431, 34.455861092243012 ], [ 132.737752151441526, 34.455456313911242 ], [ 132.736698709541741, 34.4549187900815 ], [ 132.736216244754416, 34.45500950763001 ], [ 132.735409288179795, 34.454513073834313 ], [ 132.733401136930979, 34.454635968891502 ], [ 132.732635357198546, 34.455420615468476 ], [ 132.732241173303407, 34.455522458987069 ], [ 132.728148855725209, 34.454140795811547 ], [ 132.727008551766545, 34.453567945075498 ], [ 132.726569911516947, 34.453951420163555 ], [ 132.726971300811954, 34.454214960498177 ], [ 132.726869992127547, 34.45437403913801 ], [ 132.726638755303156, 34.454366932030325 ], [ 132.725243946673629, 34.453956100935088 ], [ 132.723720772921695, 34.453853627752764 ], [ 132.723209224829191, 34.453165171064946 ], [ 132.72276462837084, 34.453108459767385 ], [ 132.722558384569737, 34.452882328063808 ], [ 132.721526867805153, 34.452717420179191 ], [ 132.722431302578258, 34.453393118041127 ], [ 132.722844676374791, 34.454221481084119 ], [ 132.721853908893053, 34.455466722910231 ], [ 132.721570597137401, 34.456320097559356 ], [ 132.721626144094444, 34.456727503987295 ], [ 132.725896945448824, 34.458706395269019 ], [ 132.729990765822663, 34.463261045361506 ], [ 132.729400321728519, 34.46552307466748 ], [ 132.730093360269052, 34.467001594227412 ], [ 132.730136187025977, 34.467794311643544 ], [ 132.730014132691139, 34.468025046264579 ], [ 132.729426887234581, 34.468360203471782 ], [ 132.726735061857369, 34.468288690228306 ], [ 132.726730763306762, 34.469293483528432 ], [ 132.726017385061311, 34.469546380399208 ], [ 132.725688808815278, 34.469460558369846 ], [ 132.724602353342334, 34.470620064847878 ], [ 132.723215319825925, 34.471554012604571 ], [ 132.722199136534641, 34.471502034320231 ], [ 132.719132393571613, 34.472101944624988 ], [ 132.71884651964163, 34.475561269440476 ], [ 132.719178958247426, 34.47612617447902 ], [ 132.718293865297198, 34.476835616282912 ], [ 132.718209859817961, 34.477270978796639 ], [ 132.717632213150409, 34.478194966615455 ], [ 132.716794462778012, 34.478575125321846 ], [ 132.71610104217703, 34.479111688956962 ], [ 132.715131120709088, 34.48014926169359 ], [ 132.712532042634081, 34.481281737532541 ], [ 132.712318643138161, 34.481483697530557 ], [ 132.712442753392679, 34.481623158803849 ], [ 132.713296109245817, 34.481319027326236 ], [ 132.711337742249754, 34.482813573533164 ], [ 132.710769118196509, 34.482985421640677 ], [ 132.711419826803024, 34.483454264218906 ], [ 132.712647408958105, 34.483521467081324 ], [ 132.714167707593475, 34.484048805155865 ], [ 132.714510267910157, 34.484301381729232 ], [ 132.715616218660756, 34.48438515832342 ], [ 132.716430989487975, 34.484988180528021 ], [ 132.717089162028685, 34.485110301106715 ], [ 132.717622181812061, 34.485446669003807 ], [ 132.71908429020948, 34.485260610237091 ], [ 132.719674633159002, 34.485427253571139 ], [ 132.720340023203562, 34.486998763223838 ], [ 132.72138738545371, 34.487788426851544 ], [ 132.721401105051655, 34.488024153158733 ], [ 132.722055519907116, 34.488307531819927 ], [ 132.722175588170757, 34.488790818117003 ], [ 132.722596305085318, 34.489075110460512 ], [ 132.723163611128626, 34.489808460379706 ], [ 132.724476980315671, 34.490322445044065 ], [ 132.724882255042417, 34.490854836472899 ], [ 132.726051154247301, 34.490873667306175 ], [ 132.726420664317772, 34.491512984401837 ], [ 132.72758156269208, 34.490695306680053 ], [ 132.72839900149151, 34.490594608134359 ], [ 132.729287337676283, 34.490171156405232 ] ] ] } },
{ "type": "Feature", "properties": { "CITY_NAME": "東広島市", "S_NAME": "八本松町正力", "JINKO": 2195, "medical_area": "34_広島中央医療圏", "町丁目名": "東広島市八本松町正力" }, "geometry": { "type": "Polygon", "coordinates": [ [ [ 132.711926228749263, 34.482329065232946 ], [ 132.713296109245817, 34.481319027326236 ], [ 132.712548324736161, 34.481619729972138 ], [ 132.712354481954804, 34.48157974620846 ], [ 132.712342885733335, 34.481425273511881 ], [ 132.715295779403448, 34.48003203180081 ], [ 132.71610104217703, 34.479111688956962 ], [ 132.716794462778012, 34.478575125321846 ], [ 132.717632213150409, 34.478194966615455 ], [ 132.718209859817961, 34.477270978796639 ], [ 132.718293865297198, 34.476835616282912 ], [ 132.719137950387733, 34.476207636594637 ], [ 132.719170583809415, 34.476004083581621 ], [ 132.71884651964163, 34.475561269440476 ], [ 132.719132393571613, 34.472101944624988 ], [ 132.722199136534641, 34.471502034320231 ], [ 132.723215319825925, 34.471554012604571 ], [ 132.724602353342334, 34.470620064847878 ], [ 132.725688808815278, 34.469460558369846 ], [ 132.726017385061311, 34.469546380399208 ], [ 132.726730763306762, 34.469293483528432 ], [ 132.726735061857369, 34.468288690228306 ], [ 132.729426887234581, 34.468360203471782 ], [ 132.730014132691139, 34.468025046264579 ], [ 132.730136187025977, 34.467794311643544 ], [ 132.730093360269052, 34.467001594227412 ], [ 132.729400321728519, 34.46552307466748 ], [ 132.729990765822663, 34.463261045361506 ], [ 132.725896945448824, 34.458706395269019 ], [ 132.722278203360645, 34.459894531394625 ], [ 132.722175513630418, 34.459745260029543 ], [ 132.7219348042658, 34.459760584887768 ], [ 132.721845333862888, 34.460040183253319 ], [ 132.721068085232758, 34.460436868484493 ], [ 132.72029860399212, 34.461250329672168 ], [ 132.719845753758108, 34.45944806155633 ], [ 132.718216355483349, 34.457522644552 ], [ 132.718267933718437, 34.456317039125992 ], [ 132.717995460157738, 34.455690861283657 ], [ 132.717340960032232, 34.455090212659243 ], [ 132.716581993164624, 34.454868532764259 ], [ 132.715968672105021, 34.454236984051903 ], [ 132.713971108023628, 34.454687424791224 ], [ 132.713369634551981, 34.455053269388983 ], [ 132.713033601279307, 34.455658237729324 ], [ 132.712248617203699, 34.456061944534412 ], [ 132.713791843369791, 34.457213365335562 ], [ 132.713442933534139, 34.457358187359851 ], [ 132.712487125851709, 34.45731443297943 ], [ 132.711608170898558, 34.45781026091332 ], [ 132.711204854909795, 34.457859955605251 ], [ 132.710642626704669, 34.458297030159301 ], [ 132.710197491102917, 34.459010662824141 ], [ 132.708264274036338, 34.460011087958385 ], [ 132.707811981334572, 34.460608671101703 ], [ 132.706940757141496, 34.460599008714333 ], [ 132.707092228586674, 34.462426471068291 ], [ 132.706829154759731, 34.46324633121467 ], [ 132.707023743647653, 34.464559859629233 ], [ 132.706124070027613, 34.465893728035155 ], [ 132.706365097838216, 34.467097178595225 ], [ 132.705719520541294, 34.468778834995945 ], [ 132.705798595122758, 34.469548440916931 ], [ 132.705629473727726, 34.470575092152743 ], [ 132.70577622942983, 34.471005905746289 ], [ 132.707537803343484, 34.471943296732476 ], [ 132.709363168722604, 34.473543416244134 ], [ 132.710550570916638, 34.474091292699825 ], [ 132.710934521680485, 34.474726560247753 ], [ 132.711168011643537, 34.47581635517227 ], [ 132.710325170753066, 34.476866435638634 ], [ 132.710084409262635, 34.478405860703546 ], [ 132.710560182524688, 34.47893591327086 ], [ 132.710579344582612, 34.479633368767516 ], [ 132.711055116110202, 34.480540643399642 ], [ 132.711042379060814, 34.481204010832172 ], [ 132.711926228749263, 34.482329065232946 ] ] ] } },
{ "type": "Feature", "properties": { "CITY_NAME": "東広島市", "S_NAME": "八本松町米満", "JINKO": 2270, "medical_area": "34_広島中央医療圏", "町丁目名": "東広島市八本松町米満" }, "geometry": { "type": "Polygon", "coordinates": [ [ [ 132.7219348042658, 34.459760584887768 ], [ 132.722175513630418, 34.459745260029543 ], [ 132.722278203360645, 34.459894531394625 ], [ 132.725801042441191, 34.458746558808805 ], [ 132.721626144094444, 34.456727503987295 ], [ 132.721570597137401, 34.456320097559356 ], [ 132.721853908893053, 34.455466722910231 ], [ 132.722844676374791, 34.454221481084119 ], [ 132.722431302578258, 34.453393118041127 ], [ 132.721526867805153, 34.452717420179191 ], [ 132.722558384569737, 34.452882328063808 ], [ 132.72276462837084, 34.453108459767385 ], [ 132.723209224829191, 34.453165171064946 ], [ 132.723720772921695, 34.453853627752764 ], [ 132.725243946673629, 34.453956100935088 ], [ 132.726638755303156, 34.454366932030325 ], [ 132.726869992127547, 34.45437403913801 ], [ 132.726971300811954, 34.454214960498177 ], [ 132.726569911516947, 34.453951420163555 ], [ 132.727008551766545, 34.453567945075498 ], [ 132.725785445603577, 34.452193245124043 ], [ 132.724858174572688, 34.450710255549311 ], [ 132.723275234351945, 34.449113695031194 ], [ 132.724205698554186, 34.447792290488088 ], [ 132.723645445268147, 34.447500344401099 ], [ 132.722780271700117, 34.447812044091052 ], [ 132.722056977964257, 34.447477363088566 ], [ 132.721972645695843, 34.447845215372304 ], [ 132.720930201942707, 34.446303610903897 ], [ 132.720305121396535, 34.446126276004641 ], [ 132.720284291300857, 34.445888450943897 ], [ 132.720527081829033, 34.445775926348801 ], [ 132.720186729889804, 34.445193724123627 ], [ 132.719484466806364, 34.444592168604032 ], [ 132.719029995124771, 34.444512659872721 ], [ 132.719224372716013, 34.444143559841791 ], [ 132.718969811384795, 34.444050048029119 ], [ 132.717335530846299, 34.446077002825739 ], [ 132.716364862815027, 34.446754563738288 ], [ 132.714944784881737, 34.447169169174266 ], [ 132.712567042156081, 34.447038381707003 ], [ 132.71225034022919, 34.448733705731414 ], [ 132.713480528079486, 34.450233496251606 ], [ 132.713688745125381, 34.450870542496219 ], [ 132.713648578708927, 34.451548144682732 ], [ 132.713240629901691, 34.451723236067139 ], [ 132.713182630883551, 34.452684901199476 ], [ 132.713407885079135, 34.452694879769879 ], [ 132.713278743189846, 34.45371236367366 ], [ 132.712755658340058, 34.454402687290035 ], [ 132.712192028576908, 34.454483104611221 ], [ 132.712177879050301, 34.455925903796839 ], [ 132.712248617203699, 34.456061944534412 ], [ 132.713033601279307, 34.455658237729324 ], [ 132.713369634551981, 34.455053269388983 ], [ 132.713971108023628, 34.454687424791224 ], [ 132.715968672105021, 34.454236984051903 ], [ 132.716581993164624, 34.454868532764259 ], [ 132.717340960032232, 34.455090212659243 ], [ 132.717995460157738, 34.455690861283657 ], [ 132.718267933718437, 34.456317039125992 ], [ 132.718216355483349, 34.457522644552 ], [ 132.719845753758108, 34.45944806155633 ], [ 132.72029860399212, 34.461250329672168 ], [ 132.721068085232758, 34.460436868484493 ], [ 132.721845333862888, 34.460040183253319 ], [ 132.7219348042658, 34.459760584887768 ] ] ] } },
{ "type": "Feature", "properties": { "CITY_NAME": "東広島市", "S_NAME": "八本松町飯田", "JINKO": 3088, "medical_area": "34_広島中央医療圏", "町丁目名": "東広島市八本松町飯田" }, "geometry": { "type": "Polygon", "coordinates": [ [ [ 132.688876672502488, 34.456783230343113 ], [ 132.694053020333399, 34.453847475198302 ], [ 132.694386507750551, 34.45397196971161 ], [ 132.694457287209559, 34.453667676381116 ], [ 132.695232319041168, 34.45340316274708 ], [ 132.695410966248488, 34.453923030005207 ], [ 132.696190159490754, 34.45398699212307 ], [ 132.696678813496163, 34.454419021978296 ], [ 132.696895262704032, 34.455381603859031 ], [ 132.697912378510864, 34.455130671010913 ], [ 132.698278868624698, 34.454390658187215 ], [ 132.699192878557199, 34.453257076295735 ], [ 132.699386072959783, 34.452270309117516 ], [ 132.698915918987097, 34.451064149720622 ], [ 132.698366017302959, 34.45033192586645 ], [ 132.698302894827407, 34.449636461923703 ], [ 132.69863154679075, 34.449489232953091 ], [ 132.699633197670352, 34.449711661273874 ], [ 132.701315236490274, 34.448714864188737 ], [ 132.702844384105873, 34.448045386111083 ], [ 132.703514535766942, 34.448042582210121 ], [ 132.704401849683137, 34.447785119836723 ], [ 132.704849957578233, 34.447879358945933 ], [ 132.704927653698263, 34.447632782495731 ], [ 132.694732213261602, 34.44880617582146 ], [ 132.693440016425853, 34.448654824340828 ], [ 132.691946320178175, 34.448109192474526 ], [ 132.69022528046483, 34.446778057904311 ], [ 132.690983822741146, 34.446073434703806 ], [ 132.697020591047504, 34.444974563584019 ], [ 132.69678052918303, 34.444051382116136 ], [ 132.697507599266402, 34.443839466265402 ], [ 132.698408862618351, 34.443861889059569 ], [ 132.698542756580963, 34.443693533822852 ], [ 132.697644762836944, 34.442852388039377 ], [ 132.697693610246603, 34.442732721504811 ], [ 132.697599623295616, 34.44283948323222 ], [ 132.697270727768569, 34.442621865472205 ], [ 132.696958134255055, 34.442649139889312 ], [ 132.696519953730927, 34.442236329038408 ], [ 132.696314519105385, 34.442236513478065 ], [ 132.696173757827097, 34.442569283873809 ], [ 132.694471307254872, 34.442959794990351 ], [ 132.693985422781708, 34.442070631120792 ], [ 132.693774339519791, 34.441963072906546 ], [ 132.692957234232182, 34.442375947757597 ], [ 132.692713941279038, 34.442202459292844 ], [ 132.692022192459575, 34.442739314443465 ], [ 132.691512886878712, 34.442388206733554 ], [ 132.691262532138722, 34.442668338677954 ], [ 132.691007716093083, 34.442412490100303 ], [ 132.690811832109773, 34.441390776827646 ], [ 132.690105985629884, 34.441066283163131 ], [ 132.688727061961146, 34.439014386074547 ], [ 132.688587669785534, 34.440329551735417 ], [ 132.688800684942123, 34.441738440536852 ], [ 132.688353441823722, 34.440885987297946 ], [ 132.687228702498373, 34.440148686666681 ], [ 132.686486079803871, 34.439955896941555 ], [ 132.685653193658709, 34.439421597367485 ], [ 132.684172227688833, 34.439112031506482 ], [ 132.683638783200166, 34.438345561684237 ], [ 132.675627784276429, 34.441389388694951 ], [ 132.67514422148497, 34.441387166393532 ], [ 132.674643432031331, 34.440387664079253 ], [ 132.673511820014284, 34.440144272534184 ], [ 132.673144857989627, 34.439889545388809 ], [ 132.672888893313853, 34.440333210685495 ], [ 132.672101990463005, 34.440369136825964 ], [ 132.671199465677518, 34.44127878234157 ], [ 132.672267125374191, 34.441454273376451 ], [ 132.672685416217178, 34.441916852814551 ], [ 132.674288548068432, 34.442825267596469 ], [ 132.675093286091879, 34.442558081094134 ], [ 132.675056283338819, 34.442198513139765 ], [ 132.675643162703096, 34.442077975307271 ], [ 132.67594538932957, 34.443284809959756 ], [ 132.677711349513601, 34.443258534909326 ], [ 132.678499356073104, 34.442684549329066 ], [ 132.679889773197431, 34.442350588734705 ], [ 132.680791470317729, 34.442348394472802 ], [ 132.68092349490604, 34.441989246905855 ], [ 132.681632741440296, 34.441847017574119 ], [ 132.681355496145301, 34.440925403054095 ], [ 132.681605244356717, 34.440485299280752 ], [ 132.681734335153266, 34.440597452028079 ], [ 132.68221715756772, 34.440369134015164 ], [ 132.682739348586267, 34.440349811086364 ], [ 132.683011216510351, 34.44067593176932 ], [ 132.683100392362604, 34.440137327172842 ], [ 132.683303476358276, 34.440425872273863 ], [ 132.683011399156811, 34.44088238596251 ], [ 132.681607697035759, 34.441238986993731 ], [ 132.681973784505175, 34.442048051645003 ], [ 132.682004762762546, 34.441752108909519 ], [ 132.682196370129418, 34.441602156443338 ], [ 132.684107355420707, 34.441265438382331 ], [ 132.684210670829117, 34.441603414167993 ], [ 132.684503360549343, 34.441641602610794 ], [ 132.685090076790715, 34.443298825709697 ], [ 132.685915503003315, 34.444214907420374 ], [ 132.685719005738235, 34.444835699337645 ], [ 132.68515332882626, 34.444818475017726 ], [ 132.685156164095758, 34.444933031966272 ], [ 132.684251933483779, 34.445104836270744 ], [ 132.682178405143503, 34.445887282141641 ], [ 132.682618663939621, 34.446135470550587 ], [ 132.682977022460932, 34.445971683318 ], [ 132.683495245144684, 34.446192490817175 ], [ 132.684230998776627, 34.446023164463305 ], [ 132.684709948995874, 34.446505020245297 ], [ 132.685761954896805, 34.446545358097943 ], [ 132.686800814493893, 34.44718583105319 ], [ 132.685564146270053, 34.450006727316101 ], [ 132.686784207792925, 34.45065755859644 ], [ 132.688725337877145, 34.453308425705892 ], [ 132.687762249758833, 34.454057574788948 ], [ 132.688004277239827, 34.454256009655595 ], [ 132.688642386442893, 34.455611942181918 ], [ 132.688676234341898, 34.455981430542842 ], [ 132.688946517072083, 34.456271305997099 ], [ 132.688876672502488, 34.456783230343113 ] ] ] } },
{ "type": "Feature", "properties": { "CITY_NAME": "東広島市", "S_NAME": "八本松町飯田", "JINKO": 0, "medical_area": "34_広島中央医療圏", "町丁目名": "東広島市八本松町飯田" }, "geometry": { "type": "Polygon", "coordinates": [ [ [ 132.706359500341307, 34.47502509547315 ], [ 132.706857860289858, 34.474535080784548 ], [ 132.707529106051624, 34.47443124790815 ], [ 132.708239844560069, 34.474030861766877 ], [ 132.709229199579198, 34.474175778169858 ], [ 132.710275325608023, 34.474066179406883 ], [ 132.709363168722604, 34.473543416244134 ], [ 132.707537803343484, 34.471943296732476 ], [ 132.705993498266963, 34.471201307610492 ], [ 132.705681868512471, 34.470820383860428 ], [ 132.705719520541294, 34.468778834995945 ], [ 132.706365097838216, 34.467097178595225 ], [ 132.706124070027613, 34.465893728035155 ], [ 132.707023743647653, 34.464559859629233 ], [ 132.706829154759731, 34.46324633121467 ], [ 132.707092228586674, 34.462426471068291 ], [ 132.706913542306182, 34.460473196552613 ], [ 132.701762925784237, 34.460046250547457 ], [ 132.701125403787159, 34.45985422683777 ], [ 132.699969959525959, 34.460043675260906 ], [ 132.696996692367037, 34.461220319560596 ], [ 132.696577941726048, 34.460325951490191 ], [ 132.696116649262791, 34.460165111099492 ], [ 132.69564581261298, 34.459328015787868 ], [ 132.695533558853271, 34.458632765565355 ], [ 132.695682513587428, 34.458427865117464 ], [ 132.695633921759423, 34.458051542870173 ], [ 132.695915867916398, 34.457558841520019 ], [ 132.695660851833821, 34.457542902047443 ], [ 132.695119582981249, 34.458132935293044 ], [ 132.694969146302412, 34.459241916555655 ], [ 132.693779701356362, 34.459931661297297 ], [ 132.692820044030526, 34.461285431885862 ], [ 132.692593215681399, 34.461934102639809 ], [ 132.691544789358773, 34.462942547131057 ], [ 132.690931348474123, 34.463023502433998 ], [ 132.690363221869944, 34.462804221724831 ], [ 132.689132760550336, 34.462829070849537 ], [ 132.68868341563072, 34.462300641910133 ], [ 132.688084514146709, 34.462190228235428 ], [ 132.687775265466769, 34.462248033446429 ], [ 132.687384107547388, 34.462636513390777 ], [ 132.686921085597504, 34.46370130633175 ], [ 132.68704406448046, 34.464913477752361 ], [ 132.686699246942908, 34.466425431139257 ], [ 132.685870514770698, 34.467535867768945 ], [ 132.686963837793058, 34.468030713642591 ], [ 132.6882167455542, 34.46829962357014 ], [ 132.689938196698677, 34.468358739291666 ], [ 132.691031322393172, 34.468769310504968 ], [ 132.69134296519556, 34.469550325424521 ], [ 132.693215952200347, 34.469705515163476 ], [ 132.69391873482229, 34.469968709630386 ], [ 132.694674854353025, 34.470584250366045 ], [ 132.695988518264244, 34.471211739152977 ], [ 132.697753752463427, 34.47125844074327 ], [ 132.699315376951972, 34.471820158199151 ], [ 132.700611726454099, 34.473155227332114 ], [ 132.701536752977262, 34.473139200443988 ], [ 132.702728904937146, 34.474164237993079 ], [ 132.703747280516239, 34.474280618005693 ], [ 132.704114560005792, 34.47460566177265 ], [ 132.705145706938936, 34.474808743624479 ], [ 132.705685841037337, 34.474761984304244 ], [ 132.706359500341307, 34.47502509547315 ] ] ] } },
{ "type": "Feature", "properties": { "CITY_NAME": "東広島市", "S_NAME": "八本松町宗吉", "JINKO": 0, "medical_area": "34_広島中央医療圏", "町丁目名": "東広島市八本松町宗吉" }, "geometry": { "type": "Polygon", "coordinates": [ [ [ 132.670144216665449, 34.451157857464182 ], [ 132.670529481738612, 34.451218940107545 ], [ 132.67108139681892, 34.450902328492703 ], [ 132.67125803343589, 34.450108280439345 ], [ 132.670801169009252, 34.449186012710264 ], [ 132.671355749776552, 34.449086642424952 ], [ 132.671447824321632, 34.44868299205018 ], [ 132.671678596843464, 34.449054387449372 ], [ 132.672150751839837, 34.448999273692671 ], [ 132.673307716405276, 34.44923429077874 ], [ 132.673943837588439, 34.448790798856862 ], [ 132.672080952020394, 34.44846401419391 ], [ 132.668332506286845, 34.448557821154495 ], [ 132.668244722228508, 34.448255255556063 ], [ 132.669153602436296, 34.446828525294869 ], [ 132.668347520853274, 34.446792722214759 ], [ 132.668927331916507, 34.446124789828119 ], [ 132.669879116183239, 34.445876570401765 ], [ 132.672499209444453, 34.446003745140992 ], [ 132.67251301122036, 34.445766577516082 ], [ 132.672793867649489, 34.445782550142042 ], [ 132.672805959387006, 34.445982645019825 ], [ 132.673676747930017, 34.446377535894058 ], [ 132.67387733104934, 34.444998227083893 ], [ 132.674228925444339, 34.444476572957171 ], [ 132.674223472826498, 34.44393565976943 ], [ 132.673630214054583, 34.443723541671503 ], [ 132.673842968618089, 34.444534965876613 ], [ 132.673200651180537, 34.444308624560755 ], [ 132.673246021496794, 34.44382235566988 ], [ 132.672794101060504, 34.443299652280878 ], [ 132.673220385853625, 34.443252815018027 ], [ 132.673335077070732, 34.443091718542696 ], [ 132.672972209592587, 34.442340560195753 ], [ 132.673124775995518, 34.442188014029988 ], [ 132.672267125374191, 34.441454273376422 ], [ 132.671407135434265, 34.441269334187005 ], [ 132.669164968759247, 34.441422228165564 ], [ 132.667773416287702, 34.442361875496864 ], [ 132.666874415729836, 34.442463448351312 ], [ 132.666183740413999, 34.443078754114786 ], [ 132.665286198474263, 34.443427247236372 ], [ 132.663735271490225, 34.443109683915651 ], [ 132.663458354813542, 34.442395765058833 ], [ 132.663046322168555, 34.442127250858782 ], [ 132.662089859613957, 34.441785290377737 ], [ 132.660988360098628, 34.441743530221515 ], [ 132.660406837288406, 34.441189169248254 ], [ 132.659881390839416, 34.441588103682001 ], [ 132.659146473328292, 34.441520212368751 ], [ 132.657161156599187, 34.440715819385353 ], [ 132.656779554581988, 34.440987954862067 ], [ 132.656344881344012, 34.442143814325185 ], [ 132.654732934096671, 34.443568224631697 ], [ 132.65448238656009, 34.443589227852961 ], [ 132.65523540803207, 34.444659481103741 ], [ 132.656484601580246, 34.44419356446366 ], [ 132.657215563443742, 34.444141186594571 ], [ 132.658837804802431, 34.444603747055979 ], [ 132.659588736190216, 34.445242934390478 ], [ 132.659849130828917, 34.445594194161451 ], [ 132.659841355088503, 34.446295467695464 ], [ 132.660058545407423, 34.447070074796024 ], [ 132.65985374955838, 34.447390246405746 ], [ 132.659036923406745, 34.447716129252363 ], [ 132.658845451239074, 34.447939190117459 ], [ 132.65879809724413, 34.448670347749442 ], [ 132.659025732529216, 34.448857067409044 ], [ 132.661340016035012, 34.448711106750771 ], [ 132.662360854218804, 34.447936581401898 ], [ 132.663038426422617, 34.447932154340421 ], [ 132.664582771873654, 34.44830793778376 ], [ 132.6662410173208, 34.448128217213494 ], [ 132.666711524223757, 34.448386487276068 ], [ 132.666956919722224, 34.44921689217162 ], [ 132.667491483484156, 34.449543921512443 ], [ 132.667963208964437, 34.450330578204074 ], [ 132.668594733403495, 34.450924013601906 ], [ 132.669730016251208, 34.451308164848022 ], [ 132.670144216665449, 34.451157857464182 ] ] ] } },
{ "type": "Feature", "properties": { "CITY_NAME": "東広島市", "S_NAME": "八本松町宗吉", "JINKO": 466, "medical_area": "34_広島中央医療圏", "町丁目名": "東広島市八本松町宗吉" }, "geometry": { "type": "Polygon", "coordinates": [ [ [ 132.68704406448046, 34.464913477752361 ], [ 132.686936303654448, 34.463618553307569 ], [ 132.687384107547388, 34.462636513390777 ], [ 132.687775265466769, 34.462248033446429 ], [ 132.68868341563072, 34.462300641910133 ], [ 132.689132760550336, 34.462829070849537 ], [ 132.690363221869944, 34.462804221724831 ], [ 132.691151683340024, 34.463018188386869 ], [ 132.691544789358773, 34.462942547131057 ], [ 132.69252033649343, 34.462021330734679 ], [ 132.692820044030526, 34.461285431885862 ], [ 132.693779701356362, 34.459931661297297 ], [ 132.694969146302412, 34.459241916555655 ], [ 132.695119582981249, 34.458132935293044 ], [ 132.695830961228097, 34.457362702261278 ], [ 132.696550837612875, 34.45544493844168 ], [ 132.696895262704032, 34.455381603859031 ], [ 132.696678813496163, 34.454419021978296 ], [ 132.696190159490754, 34.45398699212307 ], [ 132.695410966248488, 34.453923030005207 ], [ 132.695232319041168, 34.45340316274708 ], [ 132.694457287209559, 34.453667676381116 ], [ 132.694386507750551, 34.45397196971161 ], [ 132.694053020333399, 34.453847475198302 ], [ 132.693826457159588, 34.453960441700865 ], [ 132.688876672502488, 34.456783230343113 ], [ 132.688946517072083, 34.456271305997099 ], [ 132.688676234341898, 34.455981430542842 ], [ 132.688642386442893, 34.455611942181918 ], [ 132.688004277239827, 34.454256009655595 ], [ 132.687762249758833, 34.454057574788948 ], [ 132.688725337877145, 34.453308425705892 ], [ 132.686784207792925, 34.45065755859644 ], [ 132.685564146270053, 34.450006727316101 ], [ 132.686800814493893, 34.44718583105319 ], [ 132.685761954896805, 34.446545358097943 ], [ 132.684709948995874, 34.446505020245297 ], [ 132.684230998776627, 34.446023164463305 ], [ 132.683495245144684, 34.446192490817175 ], [ 132.682977022460932, 34.445971683318 ], [ 132.682618663939621, 34.446135470550587 ], [ 132.682178405143503, 34.445887282141641 ], [ 132.679745691859239, 34.446893277579228 ], [ 132.678082210729087, 34.447856859640012 ], [ 132.674451047946889, 34.450591637070886 ], [ 132.674327683171839, 34.450355211641195 ], [ 132.674461974994273, 34.450067959405445 ], [ 132.674079943641743, 34.449700806869892 ], [ 132.673620431750351, 34.44983704009524 ], [ 132.672512264721462, 34.449605413566054 ], [ 132.672007253361414, 34.449252195783686 ], [ 132.671854462090977, 34.449448080037655 ], [ 132.671892155693058, 34.449999243418404 ], [ 132.672170229260274, 34.450453385484217 ], [ 132.672168804796769, 34.45093842732485 ], [ 132.672443944588906, 34.451228210602338 ], [ 132.670434570072302, 34.451604126593928 ], [ 132.669226216173655, 34.451449758663358 ], [ 132.669083440505915, 34.45189499078613 ], [ 132.670161702033454, 34.451775062867092 ], [ 132.670186512933583, 34.452182634456193 ], [ 132.670889099497231, 34.452457685439661 ], [ 132.67106289435668, 34.452839852218325 ], [ 132.671108829117799, 34.453971535702394 ], [ 132.670765553903266, 34.454848579559453 ], [ 132.671160712058793, 34.455461563274959 ], [ 132.670797651011696, 34.45615330681575 ], [ 132.670188405746671, 34.456827605242154 ], [ 132.670120905792601, 34.457380647415754 ], [ 132.670395471909131, 34.457784092720303 ], [ 132.670307751568572, 34.458382155804941 ], [ 132.670532296186934, 34.45852012984983 ], [ 132.670829346686844, 34.459246207486601 ], [ 132.670813253187021, 34.459672539716102 ], [ 132.670986861791647, 34.460020755590591 ], [ 132.67088465031523, 34.460689873965151 ], [ 132.672173025314322, 34.461717124652033 ], [ 132.673681155799727, 34.462368583905551 ], [ 132.674969725186685, 34.462596082054141 ], [ 132.676909153361635, 34.46360504664397 ], [ 132.677500907059539, 34.46439916598856 ], [ 132.678151454937193, 34.464327139962265 ], [ 132.678635556084942, 34.464451609022788 ], [ 132.679755638996369, 34.464943318564053 ], [ 132.68128081876992, 34.465941690216894 ], [ 132.68455592065996, 34.466777545983625 ], [ 132.685870514770698, 34.467535867768945 ], [ 132.686699246942908, 34.466425431139257 ], [ 132.68704406448046, 34.464913477752361 ] ] ] } },
{ "type": "Feature", "properties": { "CITY_NAME": "東広島市", "S_NAME": "八本松町原", "JINKO": 4288, "medical_area": "34_広島中央医療圏", "町丁目名": "東広島市八本松町原" }, "geometry": { "type": "Polygon", "coordinates": [ [ [ 132.666874415729836, 34.442463448351312 ], [ 132.667773416287702, 34.442361875496864 ], [ 132.669164968759247, 34.441422228165564 ], [ 132.671199465677518, 34.44127878234157 ], [ 132.672101990463005, 34.440369136825964 ], [ 132.672888893313853, 34.440333210685495 ], [ 132.67314485798957, 34.439889545388809 ], [ 132.673511820014284, 34.440144272534184 ], [ 132.674643432031331, 34.440387664079253 ], [ 132.675144221484942, 34.441387166393504 ], [ 132.675627784276401, 34.441389388694951 ], [ 132.683638783200166, 34.438345561684237 ], [ 132.684172227688833, 34.439112031506482 ], [ 132.685653193658709, 34.439421597367485 ], [ 132.686486079803871, 34.439955896941555 ], [ 132.687228702498373, 34.440148686666667 ], [ 132.688353441823722, 34.440885987297946 ], [ 132.688800684942123, 34.441738440536852 ], [ 132.688587669785534, 34.440329551735417 ], [ 132.688727061961146, 34.439014386074547 ], [ 132.690105985629884, 34.441066283163131 ], [ 132.690811832109773, 34.441390776827646 ], [ 132.691035228035332, 34.44248872138634 ], [ 132.691262532138722, 34.442668338677954 ], [ 132.691512886878712, 34.442388206733554 ], [ 132.692022192459575, 34.442739314443465 ], [ 132.692713941278981, 34.442202459292879 ], [ 132.692044474029956, 34.441824855914426 ], [ 132.692549041938548, 34.440899449566018 ], [ 132.693500846050597, 34.437641626224945 ], [ 132.69388984059907, 34.438742372159325 ], [ 132.693486159074354, 34.439375893784259 ], [ 132.693549205201833, 34.439641297031542 ], [ 132.694324533885634, 34.439598797111834 ], [ 132.695409493632411, 34.44060412732825 ], [ 132.69575058732633, 34.440325710722313 ], [ 132.694814769880793, 34.43926494547209 ], [ 132.694606288392691, 34.438335000492657 ], [ 132.694714917099162, 34.437422140097951 ], [ 132.694457144043213, 34.436540583743266 ], [ 132.694639559297826, 34.436181155943672 ], [ 132.695130378520588, 34.43619960696897 ], [ 132.695735928452393, 34.436496190628816 ], [ 132.696094961073726, 34.436267847154255 ], [ 132.69506402688404, 34.435680244304152 ], [ 132.694675381881268, 34.435653886503886 ], [ 132.694480717244744, 34.435282842452338 ], [ 132.694815763274931, 34.435187582233716 ], [ 132.694822423478854, 34.435043731756593 ], [ 132.694284068560876, 34.434819399451179 ], [ 132.695868193633771, 34.434085422660203 ], [ 132.695968025561285, 34.433801853651417 ], [ 132.695246353452859, 34.43166199465881 ], [ 132.694558448053016, 34.431334774541796 ], [ 132.694847301446799, 34.430629205127978 ], [ 132.694562762170307, 34.430218119649012 ], [ 132.694555485945159, 34.429845422185196 ], [ 132.695079512314351, 34.429372955666189 ], [ 132.694839045423151, 34.4288332135649 ], [ 132.695123832369234, 34.428589697138605 ], [ 132.695198555015679, 34.427991121831127 ], [ 132.695716190280052, 34.427565309472172 ], [ 132.695876018282604, 34.42703144646903 ], [ 132.697044111410179, 34.426535199955573 ], [ 132.69710398171128, 34.4252705439268 ], [ 132.697660825086189, 34.4250807784383 ], [ 132.697819633194769, 34.424750888190417 ], [ 132.698492026403954, 34.42454793687876 ], [ 132.698837113604213, 34.424267383811411 ], [ 132.698806122051678, 34.424138344628922 ], [ 132.69930490619771, 34.423909098680603 ], [ 132.700828722510778, 34.42398583954985 ], [ 132.701992139196562, 34.423526602689329 ], [ 132.702448671318336, 34.422985092551002 ], [ 132.703492087109879, 34.422630606860245 ], [ 132.704364106699046, 34.421812295447602 ], [ 132.705862351205212, 34.422220259079957 ], [ 132.706857885407771, 34.422240794608008 ], [ 132.707610330991429, 34.421983489673366 ], [ 132.708317602969856, 34.422154605083357 ], [ 132.710807113744409, 34.421861821202505 ], [ 132.71367080433447, 34.420940472718733 ], [ 132.715034770167335, 34.420728563329611 ], [ 132.71763457472656, 34.421037771294401 ], [ 132.718722156475252, 34.4205895643506 ], [ 132.720169361281478, 34.41955442289489 ], [ 132.721797282215675, 34.419035699213907 ], [ 132.721744155833193, 34.418423312785848 ], [ 132.721015439654138, 34.418259690218811 ], [ 132.720387275569863, 34.417478192144209 ], [ 132.718959772999085, 34.417601568760446 ], [ 132.718436746926898, 34.417374036608116 ], [ 132.718336282628968, 34.41655732589075 ], [ 132.717449658317719, 34.416726840141841 ], [ 132.7173027020917, 34.415830185192128 ], [ 132.715663079360951, 34.415996599115452 ], [ 132.715533539461774, 34.415095920658992 ], [ 132.711449501672035, 34.415503123230131 ], [ 132.711249849207235, 34.414050984832329 ], [ 132.71048586280196, 34.413077062722721 ], [ 132.710420333026235, 34.412754066823801 ], [ 132.710127181498791, 34.412524212027527 ], [ 132.70916026247491, 34.413265520438067 ], [ 132.707811528345985, 34.412812848888834 ], [ 132.705575962577626, 34.41323533136088 ], [ 132.704616348047864, 34.413141099615373 ], [ 132.703866822245516, 34.41268856126409 ], [ 132.703112604080388, 34.412744419575859 ], [ 132.700904560997344, 34.412507026988308 ], [ 132.699878549994992, 34.411945237673955 ], [ 132.70003821866527, 34.410630834174462 ], [ 132.700446824192881, 34.409180814976281 ], [ 132.700854959835311, 34.409196634819686 ], [ 132.701189756156424, 34.408998098992299 ], [ 132.701845215646586, 34.409125241012845 ], [ 132.702100175162428, 34.406846188648437 ], [ 132.702609856873408, 34.406736184052598 ], [ 132.702902586109275, 34.405413155409335 ], [ 132.703334795313083, 34.404343206816058 ], [ 132.702479472652868, 34.403437828306529 ], [ 132.702104416213757, 34.403281849357114 ], [ 132.701885470455437, 34.402498458945978 ], [ 132.701044345679662, 34.402083072887109 ], [ 132.700820934248469, 34.401591436841116 ], [ 132.700521565730668, 34.401369475335507 ], [ 132.700547325655918, 34.400935769198831 ], [ 132.700342543674481, 34.400386154042614 ], [ 132.699678676305325, 34.399920112095458 ], [ 132.699160178577785, 34.398172514305955 ], [ 132.699038678671656, 34.398052886159313 ], [ 132.698719043551449, 34.398258683306004 ], [ 132.698377137257637, 34.398207352317492 ], [ 132.698089122576533, 34.397680917611318 ], [ 132.698177261150875, 34.397428799769017 ], [ 132.69923378675287, 34.396710541670309 ], [ 132.699594811433656, 34.396238461043488 ], [ 132.699629445955821, 34.395709207586066 ], [ 132.699143930382974, 34.395049250614747 ], [ 132.699083074407014, 34.394703404337164 ], [ 132.700012168867175, 34.392665620688227 ], [ 132.699750371065619, 34.392306568169928 ], [ 132.699404960668204, 34.392322588109025 ], [ 132.698286340311967, 34.393249884404106 ], [ 132.697506974761325, 34.393180457775586 ], [ 132.697086720581893, 34.393400771490292 ], [ 132.696388555478904, 34.393927130198392 ], [ 132.696696156668963, 34.394417143509529 ], [ 132.696303029983738, 34.394817646376396 ], [ 132.695245362204673, 34.394959578645839 ], [ 132.694811847249809, 34.394727190161959 ], [ 132.694349000593604, 34.394742294337796 ], [ 132.694076562295322, 34.394919978618113 ], [ 132.693555254628734, 34.394839399443391 ], [ 132.692677781253565, 34.395223808184362 ], [ 132.692293142030508, 34.395122913350392 ], [ 132.691511060558867, 34.395620160392589 ], [ 132.691346625159014, 34.395405058246254 ], [ 132.690799926504923, 34.395470515235786 ], [ 132.68999113278204, 34.395902502477902 ], [ 132.689542592789394, 34.395677628636307 ], [ 132.689367013493893, 34.395364388787016 ], [ 132.687894516084299, 34.394175844253503 ], [ 132.686969446834837, 34.392815905251432 ], [ 132.68520702373732, 34.391727731498463 ], [ 132.68044812601093, 34.392142120885289 ], [ 132.678068328979776, 34.393642779278458 ], [ 132.679464444356512, 34.394842765702357 ], [ 132.67680569768109, 34.396880659413107 ], [ 132.676042490887909, 34.396380111587611 ], [ 132.676383166874814, 34.397254164157289 ], [ 132.672280618927573, 34.397801966585959 ], [ 132.67315643659748, 34.398097965086158 ], [ 132.672413701145246, 34.399891692626198 ], [ 132.671895347473281, 34.399899451899628 ], [ 132.671146148961611, 34.399444148229627 ], [ 132.669768916669369, 34.400180011941472 ], [ 132.668805028388448, 34.399486664155901 ], [ 132.667134945446236, 34.399050855345742 ], [ 132.666485555394701, 34.398520738993611 ], [ 132.66625617749304, 34.398013146234369 ], [ 132.666210093146191, 34.398400147526537 ], [ 132.665810703936444, 34.398650953918008 ], [ 132.665674660238182, 34.399020991730943 ], [ 132.66516757322205, 34.399465638364205 ], [ 132.665343623818416, 34.400014862661564 ], [ 132.662586849138592, 34.399898496801107 ], [ 132.657557218682655, 34.399381501316867 ], [ 132.655656134896304, 34.398736001564991 ], [ 132.655010896141874, 34.398782227084368 ], [ 132.654594664106071, 34.398378322643921 ], [ 132.653969119314127, 34.398457427888189 ], [ 132.653490779288234, 34.397957409331624 ], [ 132.652804171945235, 34.397828267147048 ], [ 132.65246683077757, 34.397458132641589 ], [ 132.651484047391108, 34.396978545915132 ], [ 132.650952218462265, 34.397284061712618 ], [ 132.650522458013654, 34.396908647749591 ], [ 132.649347446526633, 34.396900433472638 ], [ 132.648888471873136, 34.395897142230837 ], [ 132.6481124344036, 34.395378401924454 ], [ 132.64759586335731, 34.394468722686369 ], [ 132.647000266084518, 34.394255248688943 ], [ 132.646830161491863, 34.394752757581038 ], [ 132.646814186601034, 34.395792701150668 ], [ 132.646455244368866, 34.396015833091397 ], [ 132.645115534937815, 34.395958953660077 ], [ 132.644590810389985, 34.396271051394876 ], [ 132.643194413748688, 34.398135507911618 ], [ 132.642559503191336, 34.398514512768124 ], [ 132.641137716649354, 34.398456919878299 ], [ 132.640752402615931, 34.398611673931903 ], [ 132.640608928282631, 34.399040320044207 ], [ 132.641097025622372, 34.399315655370053 ], [ 132.64152730746855, 34.399816880874326 ], [ 132.641980034388126, 34.400612006191267 ], [ 132.642078115581882, 34.401358920002131 ], [ 132.64321603031982, 34.402092359995535 ], [ 132.643707456904025, 34.402164263071519 ], [ 132.64364137846664, 34.402909844596557 ], [ 132.642971827635648, 34.4037405919618 ], [ 132.642869067450022, 34.405096247802796 ], [ 132.643450930251163, 34.408198491606463 ], [ 132.644010404031661, 34.409198279291196 ], [ 132.644002110042521, 34.409740778269637 ], [ 132.643776244235369, 34.410191015450081 ], [ 132.643988439971736, 34.410622359003462 ], [ 132.644450570772392, 34.410829739272259 ], [ 132.644989770339151, 34.411354463776021 ], [ 132.644416342072532, 34.413141353296652 ], [ 132.644628906093715, 34.413518331240489 ], [ 132.645227572718937, 34.413873655373116 ], [ 132.646430704355311, 34.4142206902876 ], [ 132.646314707044667, 34.415191443463058 ], [ 132.647012277441604, 34.415666530876187 ], [ 132.648957077644752, 34.417810381752467 ], [ 132.650499429268876, 34.418951539283285 ], [ 132.651871968024039, 34.421887282829054 ], [ 132.652515887398721, 34.422418761103032 ], [ 132.655365754645373, 34.422162189668533 ], [ 132.656316713997683, 34.422266300944209 ], [ 132.657589987043679, 34.423049638884137 ], [ 132.658416872916206, 34.423009559135089 ], [ 132.660073771023548, 34.423498047555441 ], [ 132.661789427571478, 34.425149975502521 ], [ 132.663358954620293, 34.42720223658683 ], [ 132.666342879494749, 34.427885992351335 ], [ 132.66733671086547, 34.428424689797623 ], [ 132.666030074753792, 34.430118141220781 ], [ 132.665613277797945, 34.432889666045725 ], [ 132.664812764131796, 34.434750651000478 ], [ 132.664817965821868, 34.435296762520274 ], [ 132.664080183793999, 34.437070724681547 ], [ 132.663466405305115, 34.437783468465099 ], [ 132.6629082074015, 34.437885606812955 ], [ 132.662348446620598, 34.438305966084876 ], [ 132.661965361444373, 34.438896478198245 ], [ 132.661001382355039, 34.439837696539442 ], [ 132.660406837288406, 34.441189169248254 ], [ 132.660988360098628, 34.441743530221515 ], [ 132.662089859613957, 34.441785290377737 ], [ 132.663046322168555, 34.442127250858782 ], [ 132.663458354813542, 34.442395765058833 ], [ 132.663622208875893, 34.443003082972076 ], [ 132.664076374201926, 34.443264382481388 ], [ 132.665286198474263, 34.443427247236372 ], [ 132.666183740413999, 34.443078754114786 ], [ 132.666874415729836, 34.442463448351312 ] ] ] } },
{ "type": "Feature", "properties": { "CITY_NAME": "東広島市", "S_NAME": "吉川工業団地", "JINKO": 0, "medical_area": "34_広島中央医療圏", "町丁目名": "東広島市吉川工業団地" }, "geometry": { "type": "Polygon", "coordinates": [ [ [ 132.687233052658712, 34.390000513877304 ], [ 132.687483234877902, 34.389727992193961 ], [ 132.687810670732603, 34.389726594541727 ], [ 132.688060248722394, 34.389349552122972 ], [ 132.688157970558819, 34.388858489320974 ], [ 132.688796357063609, 34.387747407537333 ], [ 132.688419792122403, 34.387469535091221 ], [ 132.687977260682572, 34.387384511093735 ], [ 132.688058090445708, 34.386848302425697 ], [ 132.68748204847526, 34.38571268227809 ], [ 132.685967749494324, 34.385464585662262 ], [ 132.685935099171019, 34.384406656615148 ], [ 132.685369360271068, 34.384184515948185 ], [ 132.684082092129501, 34.384251811268136 ], [ 132.683321972672871, 34.383874957450637 ], [ 132.682725449267906, 34.384129911335194 ], [ 132.681932433172278, 34.383908705833136 ], [ 132.681676448005305, 34.383656500618812 ], [ 132.68203056125148, 34.383416940694829 ], [ 132.681956648655984, 34.383243277152999 ], [ 132.681716699061127, 34.383126238960998 ], [ 132.68128597719101, 34.383285823962588 ], [ 132.681268631486972, 34.382589016740148 ], [ 132.681045005731335, 34.38247359891681 ], [ 132.680611635710761, 34.382553882020524 ], [ 132.680146904261136, 34.381838948445804 ], [ 132.676464907353903, 34.384182909541757 ], [ 132.676658261550784, 34.384315224844393 ], [ 132.677179453771458, 34.384088930331345 ], [ 132.677842650014099, 34.384499473423638 ], [ 132.677993865574081, 34.384673096365795 ], [ 132.678047933021986, 34.385663888768484 ], [ 132.678230376074424, 34.386026709401968 ], [ 132.677923487330901, 34.38635847229272 ], [ 132.677847889054448, 34.386724485213939 ], [ 132.678367541223679, 34.386829937447771 ], [ 132.679109134965046, 34.386716956079525 ], [ 132.679465638230056, 34.387498011545702 ], [ 132.679332185381696, 34.387621500603593 ], [ 132.678127995321717, 34.387384921800056 ], [ 132.677831779744594, 34.387494347374712 ], [ 132.677797652820999, 34.387783892809189 ], [ 132.683130378372539, 34.388978601219044 ], [ 132.684620952407499, 34.389446515298083 ], [ 132.68508980859724, 34.389293067665463 ], [ 132.684950055055765, 34.389446332676386 ], [ 132.685705750800992, 34.389453687626656 ], [ 132.68645138797902, 34.389868048177327 ], [ 132.68709278062201, 34.389719233986703 ], [ 132.687233052658712, 34.390000513877304 ] ] ] } },
{ "type": "Feature", "properties": { "CITY_NAME": "東広島市", "S_NAME": "八本松町吉川", "JINKO": 864, "medical_area": "34_広島中央医療圏", "町丁目名": "東広島市八本松町吉川" }, "geometry": { "type": "Polygon", "coordinates": [ [ [ 132.669768916669369, 34.400180011941472 ], [ 132.671146148961611, 34.399444148229627 ], [ 132.671895347473281, 34.399899451899628 ], [ 132.672413701145246, 34.399891692626198 ], [ 132.67315643659748, 34.398097965086158 ], [ 132.672280618927573, 34.397801966585959 ], [ 132.676383166874814, 34.397254164157289 ], [ 132.676042490887909, 34.396380111587611 ], [ 132.67680569768109, 34.396880659413107 ], [ 132.679464444356512, 34.394842765702357 ], [ 132.678068328979776, 34.393642779278458 ], [ 132.68044812601093, 34.392142120885289 ], [ 132.68520702373732, 34.391727731498463 ], [ 132.686969446834809, 34.39281590525141 ], [ 132.687894516084299, 34.394175844253503 ], [ 132.689883230686945, 34.395889865368744 ], [ 132.690904965551056, 34.395446116221059 ], [ 132.691346625159014, 34.395405058246254 ], [ 132.691511060558867, 34.395620160392589 ], [ 132.692293142030508, 34.395122913350392 ], [ 132.692677781253536, 34.395223808184362 ], [ 132.693555254628734, 34.394839399443391 ], [ 132.694076562295294, 34.394919978618084 ], [ 132.694349000593576, 34.394742294337796 ], [ 132.694811847249753, 34.394727190161944 ], [ 132.695245362204645, 34.394959578645839 ], [ 132.695892100259186, 34.394934659503768 ], [ 132.69666494747861, 34.394554623950953 ], [ 132.696662967567249, 34.39423993334286 ], [ 132.696388555478904, 34.393927130198392 ], [ 132.695809006333917, 34.393941053148723 ], [ 132.695562954479584, 34.39294815279203 ], [ 132.693942829617328, 34.390775225283086 ], [ 132.692758840049692, 34.390355475310209 ], [ 132.692258594877273, 34.391433159687899 ], [ 132.690540855228562, 34.389592212008523 ], [ 132.690833735117252, 34.389355986146704 ], [ 132.692201525693491, 34.388871433161505 ], [ 132.691991910038837, 34.388262796900818 ], [ 132.691787316218267, 34.388097734888667 ], [ 132.689958703479192, 34.388370138909515 ], [ 132.689759524837484, 34.38852256708995 ], [ 132.688796357063609, 34.387747407537333 ], [ 132.687810670732603, 34.389726594541727 ], [ 132.687483234877902, 34.389727992193961 ], [ 132.687233052658712, 34.390000513877304 ], [ 132.68709278062201, 34.389719233986703 ], [ 132.68645138797902, 34.389868048177327 ], [ 132.685705750800992, 34.389453687626656 ], [ 132.684950055055765, 34.389446332676386 ], [ 132.68508980859724, 34.389293067665442 ], [ 132.684620952407499, 34.389446515298083 ], [ 132.683130378372482, 34.388978601219044 ], [ 132.677797652820999, 34.387783892809189 ], [ 132.677831779744594, 34.387494347374712 ], [ 132.678127995321717, 34.387384921800056 ], [ 132.679332185381696, 34.387621500603593 ], [ 132.679465638230056, 34.387498011545702 ], [ 132.679109134965046, 34.386716956079525 ], [ 132.678367541223679, 34.386829937447771 ], [ 132.677847889054448, 34.386724485213939 ], [ 132.677923487330901, 34.38635847229272 ], [ 132.678230376074424, 34.386026709401968 ], [ 132.678047933021986, 34.385663888768484 ], [ 132.677993865574081, 34.384673096365795 ], [ 132.677842650014099, 34.384499473423638 ], [ 132.677179453771458, 34.384088930331345 ], [ 132.676658261550784, 34.384315224844393 ], [ 132.676464907353903, 34.384182909541757 ], [ 132.68067479253537, 34.381392007117512 ], [ 132.680262875941963, 34.380970706173393 ], [ 132.678270410293862, 34.379897731343249 ], [ 132.678587787123377, 34.378843545004521 ], [ 132.678581788978875, 34.37815767580328 ], [ 132.678275160515028, 34.377550263987345 ], [ 132.677400899717952, 34.376808998103989 ], [ 132.677317033914136, 34.376406883962083 ], [ 132.676871972273091, 34.375851604019743 ], [ 132.675293095028877, 34.375200030846237 ], [ 132.674308188324119, 34.375195664230333 ], [ 132.673094217268499, 34.373993018957769 ], [ 132.672607608672791, 34.374071804893696 ], [ 132.671787992356514, 34.373932479089213 ], [ 132.671410633939985, 34.374159281255778 ], [ 132.67015391019217, 34.374177540621197 ], [ 132.668778471777188, 34.374671142262613 ], [ 132.668414863241509, 34.374635299476253 ], [ 132.668062018010914, 34.374445441579873 ], [ 132.66742060674008, 34.373141641740851 ], [ 132.665361869327882, 34.372658670484519 ], [ 132.66270825926938, 34.372873679627197 ], [ 132.662113685842854, 34.372668861253679 ], [ 132.661115938861286, 34.372637807909719 ], [ 132.660739849209534, 34.372882460517168 ], [ 132.659841693730272, 34.373018064555595 ], [ 132.659214081438165, 34.372507968060781 ], [ 132.658887477512934, 34.3716216661741 ], [ 132.658862435333049, 34.37036803787106 ], [ 132.658537103278888, 34.370104511983605 ], [ 132.657347330492684, 34.369685978898346 ], [ 132.656684002851108, 34.369286038687413 ], [ 132.656556772717835, 34.369039607129523 ], [ 132.65580525176199, 34.368933016826716 ], [ 132.654716046100248, 34.368392067769683 ], [ 132.653649584627715, 34.368579297051653 ], [ 132.653457969996197, 34.369035762305558 ], [ 132.653014830440185, 34.369393633015783 ], [ 132.653202431085901, 34.371452644470743 ], [ 132.652740008487172, 34.373099100375121 ], [ 132.651826662919717, 34.373792118003749 ], [ 132.651268101193011, 34.374556131923768 ], [ 132.650309415344026, 34.376446958806483 ], [ 132.650671382241313, 34.377829264132984 ], [ 132.651346103339762, 34.378422750481199 ], [ 132.651448869167552, 34.378853251430058 ], [ 132.651166437295529, 34.379438814592589 ], [ 132.649576009796078, 34.381505073359975 ], [ 132.64923517647307, 34.382338636958622 ], [ 132.649433365946891, 34.383696779981769 ], [ 132.648289813427965, 34.38513398259046 ], [ 132.648394854334327, 34.385428823803302 ], [ 132.64825249696915, 34.38578928644867 ], [ 132.647015681254146, 34.386185446352506 ], [ 132.645990380487149, 34.387035801336282 ], [ 132.645094143950814, 34.388407283190887 ], [ 132.644542445938669, 34.388696671641355 ], [ 132.644315915548873, 34.389214682666527 ], [ 132.644722241579871, 34.391252991798964 ], [ 132.646049525751351, 34.392123425603863 ], [ 132.64679775832974, 34.393283071360152 ], [ 132.647000266084518, 34.394255248688943 ], [ 132.64759586335731, 34.394468722686369 ], [ 132.6481124344036, 34.395378401924454 ], [ 132.648888471873136, 34.395897142230837 ], [ 132.649347446526633, 34.396900433472638 ], [ 132.650522458013654, 34.396908647749591 ], [ 132.650952218462265, 34.397284061712618 ], [ 132.651484047391108, 34.396978545915132 ], [ 132.65246683077757, 34.397458132641589 ], [ 132.652804171945235, 34.397828267147048 ], [ 132.653490779288234, 34.397957409331624 ], [ 132.653969119314127, 34.398457427888189 ], [ 132.654594664106071, 34.398378322643921 ], [ 132.655010896141874, 34.398782227084368 ], [ 132.655656134896304, 34.398736001564991 ], [ 132.657557218682655, 34.399381501316867 ], [ 132.662586849138592, 34.399898496801107 ], [ 132.665343623818416, 34.400014862661564 ], [ 132.66516757322205, 34.399465638364205 ], [ 132.665674660238182, 34.399020991730943 ], [ 132.665810703936444, 34.398650953918008 ], [ 132.666210093146191, 34.398400147526537 ], [ 132.66625617749304, 34.398013146234369 ], [ 132.666485555394701, 34.398520738993611 ], [ 132.667134945446236, 34.399050855345742 ], [ 132.668805028388448, 34.399486664155901 ], [ 132.669768916669369, 34.400180011941472 ] ] ] } },
{ "type": "Feature", "properties": { "CITY_NAME": "東広島市", "S_NAME": "高屋町白市", "JINKO": 1723, "medical_area": "34_広島中央医療圏", "町丁目名": "東広島市高屋町白市" }, "geometry": { "type": "Polygon", "coordinates": [ [ [ 132.824100631641215, 34.460248371761345 ], [ 132.826015722323405, 34.460133837672309 ], [ 132.827106030833278, 34.460296991634003 ], [ 132.827543592986444, 34.459685838133119 ], [ 132.82739066816157, 34.459280708907606 ], [ 132.827520990373131, 34.458110313675824 ], [ 132.827430882504245, 34.457902189130628 ], [ 132.826830728144813, 34.457747522139975 ], [ 132.826957612705741, 34.457436808634768 ], [ 132.82587530483417, 34.453661563160949 ], [ 132.827016175723855, 34.453199878168242 ], [ 132.82761057959479, 34.45262731734924 ], [ 132.82766073424844, 34.452080091686717 ], [ 132.827291175621525, 34.451385959225291 ], [ 132.826011295777448, 34.450462482954805 ], [ 132.82473461966498, 34.449945073762279 ], [ 132.824713668849654, 34.449440629281284 ], [ 132.8237629653959, 34.449433200742014 ], [ 132.82308298738306, 34.449651799275486 ], [ 132.820976356214317, 34.449087545240182 ], [ 132.817009133940388, 34.449629630343331 ], [ 132.817268621048044, 34.45021309578496 ], [ 132.817897275541043, 34.450659507640481 ], [ 132.818478664577015, 34.452087535116902 ], [ 132.81982093734058, 34.453053700770134 ], [ 132.820310064296535, 34.453227299628381 ], [ 132.820431683628556, 34.453942212934741 ], [ 132.820309248757809, 34.45505185093247 ], [ 132.818410902451291, 34.454670409278222 ], [ 132.818161714067031, 34.455237710714862 ], [ 132.817705623454572, 34.45536776228365 ], [ 132.817774543393426, 34.458376288225857 ], [ 132.817310485544169, 34.458545258410972 ], [ 132.817549783916803, 34.459311523169148 ], [ 132.817294408544342, 34.460142544287436 ], [ 132.817500504995451, 34.460354284828753 ], [ 132.819799172703597, 34.4610351731097 ], [ 132.819831987352899, 34.460547485679257 ], [ 132.820906561692283, 34.458908189130504 ], [ 132.822178342265914, 34.460749153147518 ], [ 132.823786890300909, 34.461033654897875 ], [ 132.824100631641215, 34.460248371761345 ] ] ] } },
{ "type": "Feature", "properties": { "CITY_NAME": "東広島市", "S_NAME": "高屋台一丁目", "JINKO": 0, "medical_area": "34_広島中央医療圏", "町丁目名": "東広島市高屋台一丁目" }, "geometry": { "type": "Polygon", "coordinates": [ [ [ 132.83550942648688, 34.472491463548856 ], [ 132.835349679501235, 34.46574686678715 ], [ 132.834953783976431, 34.464251697270747 ], [ 132.833126050809057, 34.461704226923963 ], [ 132.8329142075211, 34.460822337563414 ], [ 132.832150388072165, 34.461269070535664 ], [ 132.831831278080216, 34.46127080469774 ], [ 132.831126630097629, 34.460557235747167 ], [ 132.830742265884766, 34.460634821485414 ], [ 132.830666838436855, 34.461660964597158 ], [ 132.829578762246911, 34.46306403881777 ], [ 132.829758099502584, 34.463607626584597 ], [ 132.830157294864108, 34.463796326995791 ], [ 132.830250224332588, 34.464176141692242 ], [ 132.83010531616921, 34.46500827383548 ], [ 132.830318579692971, 34.466829264856621 ], [ 132.830104000074215, 34.467432881124417 ], [ 132.830400245355094, 34.468176275734855 ], [ 132.830857813955561, 34.468382547042658 ], [ 132.830993676144601, 34.469039198159145 ], [ 132.831809851816388, 34.46941565025903 ], [ 132.831891285226249, 34.469920327472764 ], [ 132.832189174228375, 34.47025141860842 ], [ 132.832862039655168, 34.470259733232155 ], [ 132.833001879474125, 34.471563895642106 ], [ 132.833792688148918, 34.471644391553454 ], [ 132.834482393977879, 34.47259143910555 ], [ 132.83550942648688, 34.472491463548856 ] ] ] } },
{ "type": "Feature", "properties": { "CITY_NAME": "東広島市", "S_NAME": "高屋台二丁目", "JINKO": 4, "medical_area": "34_広島中央医療圏", "町丁目名": "東広島市高屋台二丁目" }, "geometry": { "type": "Polygon", "coordinates": [ [ [ 132.836730557133365, 34.472193494673768 ], [ 132.836950506881578, 34.471755625948099 ], [ 132.836754513398176, 34.471604992601783 ], [ 132.83613781017192, 34.471874024344153 ], [ 132.836182559020585, 34.470395595383685 ], [ 132.836915906659641, 34.470294393128377 ], [ 132.837211978359875, 34.470055423944565 ], [ 132.837534834508062, 34.470305232574717 ], [ 132.837598132497561, 34.469984431190291 ], [ 132.8373678221121, 34.469551139742613 ], [ 132.838173887522998, 34.469282053471659 ], [ 132.839212187191549, 34.466551862512496 ], [ 132.84002386299386, 34.465958331514287 ], [ 132.839152595146061, 34.465350237978946 ], [ 132.839020849884236, 34.464662722752564 ], [ 132.839319502736942, 34.463614077748439 ], [ 132.840445103863658, 34.462836121427685 ], [ 132.840438214564074, 34.461395732561172 ], [ 132.840318796546882, 34.46103142416743 ], [ 132.839980560747762, 34.461171608757013 ], [ 132.839853036069798, 34.461063284446801 ], [ 132.839518026365567, 34.460343646212998 ], [ 132.839311355662829, 34.460470567843956 ], [ 132.838935045063891, 34.460283883517008 ], [ 132.838871977445478, 34.460632293551882 ], [ 132.838584845097614, 34.460831211953121 ], [ 132.837847221017626, 34.460749193262487 ], [ 132.837849263087548, 34.460371538674863 ], [ 132.837139843124248, 34.460333591553088 ], [ 132.83683731871588, 34.460511320865635 ], [ 132.836427378129628, 34.460238889782893 ], [ 132.836279243214477, 34.46046676447591 ], [ 132.835782408172918, 34.460024224309478 ], [ 132.834889105491129, 34.459798376981666 ], [ 132.834755639289455, 34.459572464732894 ], [ 132.83463783697016, 34.460364027720871 ], [ 132.833768619781125, 34.460616257510516 ], [ 132.833398346541742, 34.460551083248085 ], [ 132.8329142075211, 34.460822337563414 ], [ 132.832982712276788, 34.461439771719633 ], [ 132.834628885003411, 34.463645242179169 ], [ 132.835310011301573, 34.465325775074774 ], [ 132.83550942648688, 34.472491463548856 ], [ 132.837151324552366, 34.472504326245996 ], [ 132.836730557133365, 34.472193494673768 ] ] ] } },
{ "type": "Feature", "properties": { "CITY_NAME": "東広島市", "S_NAME": "高屋町高屋東", "JINKO": 1840, "medical_area": "34_広島中央医療圏", "町丁目名": "東広島市高屋町高屋東" }, "geometry": { "type": "Polygon", "coordinates": [ [ [ 132.829266581468488, 34.486434586863624 ], [ 132.830551189103488, 34.486291550332304 ], [ 132.830734564602892, 34.485994885882718 ], [ 132.831275505130805, 34.485975609724662 ], [ 132.832046411078494, 34.485453892179947 ], [ 132.833130668575137, 34.484148258871805 ], [ 132.834305452849065, 34.483891973567438 ], [ 132.836306711738189, 34.48382936157337 ], [ 132.836995631417892, 34.484230715207495 ], [ 132.837863464395099, 34.48355912881479 ], [ 132.838487250862158, 34.483410763893787 ], [ 132.839620671059492, 34.482456689230361 ], [ 132.84322219492546, 34.482215006489852 ], [ 132.844129378851903, 34.481117328417803 ], [ 132.844528185267137, 34.480970175567798 ], [ 132.844998536497002, 34.480399757553911 ], [ 132.847171482879702, 34.480377288244554 ], [ 132.847964725339239, 34.479991425071084 ], [ 132.848096666145636, 34.479529365511247 ], [ 132.848615545408904, 34.47921883570195 ], [ 132.848347262535043, 34.478723506449626 ], [ 132.848281559439187, 34.478111686266047 ], [ 132.848301069264011, 34.477875073246828 ], [ 132.848620098243202, 34.477583408934258 ], [ 132.848485445948626, 34.476833093941657 ], [ 132.84820361424164, 34.476432365972634 ], [ 132.849233693012451, 34.47531173029796 ], [ 132.848359213563498, 34.47492627389547 ], [ 132.847122465817023, 34.473897969850348 ], [ 132.847017419887635, 34.472837033885689 ], [ 132.847174760944199, 34.47154377058424 ], [ 132.846577448947215, 34.470985197161177 ], [ 132.845806930647512, 34.469756240584921 ], [ 132.845764962005859, 34.467659636079901 ], [ 132.845903756539599, 34.467162056322003 ], [ 132.846472851861961, 34.466886898786143 ], [ 132.846577027197185, 34.466525437486112 ], [ 132.846461062529329, 34.466313243579478 ], [ 132.845424522315994, 34.465742310806554 ], [ 132.844697781772993, 34.465066123672599 ], [ 132.844226636625251, 34.465086478403848 ], [ 132.843728924206744, 34.465355315730612 ], [ 132.843435318467357, 34.466143637414092 ], [ 132.843002980685412, 34.46654817983385 ], [ 132.842342064740706, 34.466066846570278 ], [ 132.841933460659305, 34.466314618457076 ], [ 132.841575789061011, 34.466239679608925 ], [ 132.841149020216307, 34.46645500917792 ], [ 132.84002386299386, 34.465958331514287 ], [ 132.839212187191549, 34.466551862512496 ], [ 132.838173887522998, 34.46928205347168 ], [ 132.8373678221121, 34.46955113974262 ], [ 132.837598132497561, 34.469984431190291 ], [ 132.837534834508119, 34.470305232574731 ], [ 132.837211978359932, 34.470055423944565 ], [ 132.836915906659641, 34.470294393128377 ], [ 132.836182559020585, 34.470395595383685 ], [ 132.83613781017192, 34.471874024344153 ], [ 132.836754513398176, 34.471604992601783 ], [ 132.836950506881578, 34.471755625948099 ], [ 132.836730557133365, 34.472193494673768 ], [ 132.837151324552366, 34.472504326245996 ], [ 132.834482393977879, 34.47259143910555 ], [ 132.833792688148918, 34.471644391553454 ], [ 132.833001879474125, 34.471563895642106 ], [ 132.832862039655168, 34.470259733232155 ], [ 132.832189174228375, 34.47025141860842 ], [ 132.831891285226249, 34.469920327472764 ], [ 132.831809851816388, 34.46941565025903 ], [ 132.830993676144601, 34.469039198159145 ], [ 132.830857813955561, 34.468382547042658 ], [ 132.830400245355094, 34.468176275734855 ], [ 132.830104000074215, 34.467432881124417 ], [ 132.830318579692971, 34.466829264856621 ], [ 132.83010531616921, 34.46500827383548 ], [ 132.830250224332588, 34.464176141692242 ], [ 132.830157294864108, 34.463796326995791 ], [ 132.829758099502584, 34.463607626584597 ], [ 132.829633196609649, 34.462904292132812 ], [ 132.830186544575781, 34.462414626945268 ], [ 132.830666838436855, 34.461660964597158 ], [ 132.830742265884766, 34.460634821485414 ], [ 132.831126630097629, 34.460557235747167 ], [ 132.831678934395228, 34.461221344072499 ], [ 132.832150388072165, 34.461269070535664 ], [ 132.833398346541742, 34.460551083248085 ], [ 132.833768619781125, 34.460616257510516 ], [ 132.83463783697016, 34.460364027720871 ], [ 132.834755639289455, 34.459572464732894 ], [ 132.834889105491129, 34.459798376981666 ], [ 132.835782408172918, 34.460024224309478 ], [ 132.836279243214477, 34.46046676447591 ], [ 132.836427378129628, 34.460238889782893 ], [ 132.83683731871588, 34.460511320865635 ], [ 132.837139843124248, 34.460333591553088 ], [ 132.837849263087548, 34.460371538674863 ], [ 132.837847221017626, 34.460749193262487 ], [ 132.838584845097614, 34.460831211953121 ], [ 132.838871977445478, 34.460632293551882 ], [ 132.838935045063891, 34.460283883517008 ], [ 132.839311355662829, 34.460470567843956 ], [ 132.839518026365567, 34.460343646212998 ], [ 132.839919496233875, 34.461138419512892 ], [ 132.840318796546882, 34.46103142416743 ], [ 132.840476802820461, 34.461785699792522 ], [ 132.840445103863658, 34.462836121427685 ], [ 132.840818947341347, 34.462512764978733 ], [ 132.840964679037455, 34.461526792727518 ], [ 132.840612526240676, 34.459954347019078 ], [ 132.84105216575054, 34.458603058260749 ], [ 132.840820446497105, 34.457828061037652 ], [ 132.83967254345319, 34.457788739385926 ], [ 132.839391522252043, 34.458053829933419 ], [ 132.839111162660004, 34.458088613134834 ], [ 132.837489432025706, 34.457703106028845 ], [ 132.836834675530469, 34.456974086278919 ], [ 132.836211087069046, 34.455759209702173 ], [ 132.835743091355795, 34.455512730629486 ], [ 132.835549299174517, 34.45445946219386 ], [ 132.834833664037404, 34.453639486314366 ], [ 132.834315944341284, 34.45343468499852 ], [ 132.834027992939127, 34.452510668134074 ], [ 132.833433523985889, 34.451797916829726 ], [ 132.827577082045082, 34.451826854065658 ], [ 132.82761057959479, 34.45262731734924 ], [ 132.827320601618368, 34.452967087064572 ], [ 132.82587530483417, 34.453661563160949 ], [ 132.826957612705741, 34.457436808634768 ], [ 132.826830728144813, 34.457747522139975 ], [ 132.827430882504245, 34.457902189130628 ], [ 132.827520990373131, 34.458110313675824 ], [ 132.82739066816157, 34.459280708907606 ], [ 132.827543592986444, 34.459685838133119 ], [ 132.827106030833278, 34.460296991634003 ], [ 132.826015722323405, 34.460133837672309 ], [ 132.824188747009345, 34.460197189387905 ], [ 132.823786890300909, 34.461033654897875 ], [ 132.822178342265914, 34.460749153147518 ], [ 132.820906561692283, 34.458908189130504 ], [ 132.819831987352899, 34.460547485679257 ], [ 132.819799172703597, 34.4610351731097 ], [ 132.817500504995451, 34.460354284828753 ], [ 132.817263255279414, 34.460050449253217 ], [ 132.817549783916803, 34.459311523169148 ], [ 132.817310485544169, 34.458545258410972 ], [ 132.817774543393426, 34.458376288225857 ], [ 132.817705623454572, 34.45536776228365 ], [ 132.818161714067031, 34.455237710714862 ], [ 132.818410902451291, 34.454670409278222 ], [ 132.820309248757809, 34.45505185093247 ], [ 132.820431683628556, 34.453942212934741 ], [ 132.820310064296535, 34.453227299628381 ], [ 132.81982093734058, 34.453053700770134 ], [ 132.818478664577015, 34.452087535116902 ], [ 132.817897275541043, 34.450659507640481 ], [ 132.817268621048044, 34.45021309578496 ], [ 132.817009133940388, 34.449629630343331 ], [ 132.820976356214317, 34.449087545240182 ], [ 132.82308298738306, 34.449651799275486 ], [ 132.8237629653959, 34.449433200742014 ], [ 132.824713668849654, 34.449440629281284 ], [ 132.823374095890756, 34.447404238049735 ], [ 132.822373461897996, 34.446501906951582 ], [ 132.822683347509894, 34.44565748566211 ], [ 132.822269253943176, 34.44545813576994 ], [ 132.822268169893562, 34.444735533956745 ], [ 132.821786087255191, 34.444428934059466 ], [ 132.819894470730446, 34.444406384720416 ], [ 132.819242146971931, 34.444624541396713 ], [ 132.817854490647676, 34.44557908530961 ], [ 132.816154777979136, 34.445342898001343 ], [ 132.814977880527607, 34.445388590576115 ], [ 132.814674219221104, 34.444695060896883 ], [ 132.811064588120161, 34.441184208937493 ], [ 132.811090899958174, 34.440701765940688 ], [ 132.812355878761338, 34.440349837948673 ], [ 132.812234625954829, 34.439543069952343 ], [ 132.812070585837944, 34.439330816762379 ], [ 132.810237739989475, 34.43949740426681 ], [ 132.808633778828977, 34.439932274012413 ], [ 132.807925978317172, 34.440277180702587 ], [ 132.806751648785593, 34.439524149295231 ], [ 132.805285291852613, 34.44029378929131 ], [ 132.80466764258739, 34.439755293819815 ], [ 132.804249003400059, 34.439911313581554 ], [ 132.803706837159098, 34.439746961250847 ], [ 132.803095579696475, 34.440051187988701 ], [ 132.802793031108564, 34.440445208203172 ], [ 132.803563916911457, 34.44108052258585 ], [ 132.803738743880245, 34.441524016624101 ], [ 132.803676058807866, 34.442743480692819 ], [ 132.803505454699859, 34.443223157683157 ], [ 132.80442205122867, 34.443736142549284 ], [ 132.80471496924855, 34.444431150914824 ], [ 132.804723695270155, 34.444852698493186 ], [ 132.804440122575727, 34.445026036200176 ], [ 132.803875592637326, 34.444983220582998 ], [ 132.803088146114334, 34.444726060642708 ], [ 132.803105286534162, 34.445030788722327 ], [ 132.802832652123186, 34.445318580514524 ], [ 132.803243755805312, 34.44555010958404 ], [ 132.801872745301552, 34.446760213273606 ], [ 132.801280020685454, 34.448119766698419 ], [ 132.802398244183081, 34.450978117907042 ], [ 132.810430265834043, 34.450729943815908 ], [ 132.810319117403623, 34.451282134752987 ], [ 132.810033650392057, 34.451670296628265 ], [ 132.810085788603146, 34.452317411337511 ], [ 132.808396058699572, 34.452196038131106 ], [ 132.808106236095142, 34.452705924760977 ], [ 132.808247013966735, 34.453628374965362 ], [ 132.807675140514334, 34.454632761799118 ], [ 132.80671850952433, 34.455050517457529 ], [ 132.805460851362113, 34.45623232084376 ], [ 132.807981195981796, 34.456251600964869 ], [ 132.809127765069007, 34.456048770084998 ], [ 132.809477378201564, 34.456430625111352 ], [ 132.809762440828592, 34.457699813516584 ], [ 132.810452576414747, 34.459127727335108 ], [ 132.811143108323279, 34.458889553795437 ], [ 132.811281354038925, 34.459132086511026 ], [ 132.811463161979816, 34.459583003423774 ], [ 132.81106457849782, 34.459593702234379 ], [ 132.809356728383619, 34.46030983306175 ], [ 132.809183404112787, 34.460578522124344 ], [ 132.8082932617111, 34.461081866517063 ], [ 132.808029978838306, 34.461647539580326 ], [ 132.809066127270626, 34.462569491589541 ], [ 132.809719523244297, 34.463614318336838 ], [ 132.810455693195877, 34.463423086997459 ], [ 132.811007004276831, 34.46437591321142 ], [ 132.811034452996665, 34.464900611819786 ], [ 132.811360854968257, 34.465598115486642 ], [ 132.811297980795217, 34.466691942462852 ], [ 132.810925381659416, 34.467290875534914 ], [ 132.811269340284895, 34.467875740286388 ], [ 132.811210433208771, 34.468938134899773 ], [ 132.811027732946769, 34.469161377272748 ], [ 132.811256772828898, 34.46951414563592 ], [ 132.8120647520104, 34.469940336307296 ], [ 132.813168241269551, 34.469545714280613 ], [ 132.813601859422221, 34.469251834547705 ], [ 132.81366623901323, 34.468904275325279 ], [ 132.81444544426671, 34.468851680720263 ], [ 132.816516170440167, 34.467261203203982 ], [ 132.817294937392717, 34.467159857612536 ], [ 132.817661677929436, 34.466887168599406 ], [ 132.819060253025299, 34.466727002539578 ], [ 132.820038722004568, 34.466975169032644 ], [ 132.821663655307901, 34.466813760300312 ], [ 132.821856375026897, 34.467105146691438 ], [ 132.821639633174243, 34.467549309483481 ], [ 132.821678724503926, 34.468525952777597 ], [ 132.821108866508553, 34.470079157412009 ], [ 132.821369262480005, 34.470693165399503 ], [ 132.821296497111291, 34.471442634560098 ], [ 132.820805987142649, 34.472077014161634 ], [ 132.820296077242489, 34.472242583733056 ], [ 132.821522231835218, 34.473658934103433 ], [ 132.820859278311275, 34.473362896967984 ], [ 132.820380264564136, 34.473456746477822 ], [ 132.821142509822778, 34.474383997429911 ], [ 132.821305892710683, 34.475662804254533 ], [ 132.821208400904652, 34.476269014720053 ], [ 132.821758786542659, 34.477255992972324 ], [ 132.822410639892013, 34.477633496718219 ], [ 132.823124653120544, 34.477421351877567 ], [ 132.82290841504917, 34.477930436913105 ], [ 132.824005994246079, 34.477897241949279 ], [ 132.824838192204027, 34.478227885916759 ], [ 132.825174468555531, 34.478103113432056 ], [ 132.826363300260482, 34.477032695288443 ], [ 132.827405147230792, 34.475720211833021 ], [ 132.828042590746577, 34.475303361157238 ], [ 132.828055832452662, 34.474842401691063 ], [ 132.828222574063119, 34.474606972064265 ], [ 132.829573951873954, 34.473636204391411 ], [ 132.829852622989165, 34.473053796464093 ], [ 132.830853700168831, 34.472140682702609 ], [ 132.831905185235968, 34.473000280269417 ], [ 132.8318929481309, 34.473328125538835 ], [ 132.831558242785178, 34.473551231589347 ], [ 132.83184480001313, 34.474119312259674 ], [ 132.831750071614124, 34.474961881456764 ], [ 132.831441158017356, 34.475633481314524 ], [ 132.831551833522042, 34.475862482600135 ], [ 132.831202092862128, 34.476056929392342 ], [ 132.832231530915863, 34.477020462989728 ], [ 132.832138668056103, 34.47778724038335 ], [ 132.832021725979899, 34.478017335228536 ], [ 132.830400695710551, 34.479208363056557 ], [ 132.829993337138291, 34.479636816450871 ], [ 132.829620712722061, 34.480382588335196 ], [ 132.82972853555637, 34.481822335093874 ], [ 132.829499602400858, 34.482595925118353 ], [ 132.830029612946532, 34.483908580568894 ], [ 132.829266581468488, 34.486434586863624 ] ] ] } },
{ "type": "Feature", "properties": { "CITY_NAME": "東広島市", "S_NAME": "高屋町貞重", "JINKO": 176, "medical_area": "34_広島中央医療圏", "町丁目名": "東広島市高屋町貞重" }, "geometry": { "type": "Polygon", "coordinates": [ [ [ 132.829266581468488, 34.486434586863624 ], [ 132.830029612946532, 34.483908580568894 ], [ 132.829499602400858, 34.482595925118353 ], [ 132.82972853555637, 34.481822335093874 ], [ 132.829620712722061, 34.480382588335196 ], [ 132.829993337138291, 34.479636816450871 ], [ 132.830400695710551, 34.479208363056557 ], [ 132.832021725979899, 34.478017335228536 ], [ 132.832262870157393, 34.47722918844083 ], [ 132.832174101331105, 34.476953161876082 ], [ 132.831202092862128, 34.476056929392342 ], [ 132.831551833522042, 34.475862482600135 ], [ 132.831441158017356, 34.475633481314524 ], [ 132.831750071614124, 34.474961881456764 ], [ 132.83184480001313, 34.474119312259674 ], [ 132.831558242785178, 34.473551231589347 ], [ 132.8318929481309, 34.473328125538835 ], [ 132.831905185235968, 34.473000280269417 ], [ 132.830853700168831, 34.472140682702609 ], [ 132.829852622989165, 34.473053796464093 ], [ 132.829573951873954, 34.473636204391411 ], [ 132.828222574063119, 34.474606972064265 ], [ 132.828055832452662, 34.474842401691063 ], [ 132.828042590746577, 34.475303361157238 ], [ 132.827405147230792, 34.475720211833021 ], [ 132.826363300260482, 34.477032695288443 ], [ 132.825020095151444, 34.478199020794733 ], [ 132.824005994246079, 34.477897241949279 ], [ 132.82290841504917, 34.477930436913105 ], [ 132.823124653120544, 34.477421351877567 ], [ 132.822410639892013, 34.477633496718219 ], [ 132.821758786542659, 34.477255992972324 ], [ 132.821208400904652, 34.476269014720053 ], [ 132.821305892710683, 34.475662804254533 ], [ 132.821142509822778, 34.474383997429911 ], [ 132.820380264564136, 34.473456746477822 ], [ 132.820859278311275, 34.473362896967984 ], [ 132.821522231835218, 34.473658934103433 ], [ 132.820296077242489, 34.472242583733056 ], [ 132.820805987142649, 34.472077014161634 ], [ 132.821296497111291, 34.471442634560098 ], [ 132.821369262480005, 34.470693165399503 ], [ 132.821108866508553, 34.470079157412009 ], [ 132.821678724503926, 34.468525952777597 ], [ 132.821639633174243, 34.467549309483481 ], [ 132.821856375026897, 34.467105146691438 ], [ 132.821663655307901, 34.466813760300312 ], [ 132.820038722004568, 34.466975169032644 ], [ 132.819060253025299, 34.466727002539578 ], [ 132.817661677929436, 34.466887168599406 ], [ 132.817294937392717, 34.467159857612536 ], [ 132.816691602295407, 34.467183922938993 ], [ 132.814695882223759, 34.468718362579992 ], [ 132.81366623901323, 34.468904275325279 ], [ 132.813601859422221, 34.469251834547705 ], [ 132.813410253208133, 34.469405543214009 ], [ 132.8120647520104, 34.469940336307296 ], [ 132.81140032134121, 34.469652274531967 ], [ 132.811027732946769, 34.469161377272748 ], [ 132.810968952563826, 34.470518309810593 ], [ 132.809738987399442, 34.471325179778127 ], [ 132.808593442864208, 34.474865142543855 ], [ 132.807544631322799, 34.476560159513248 ], [ 132.805681465152134, 34.477949279636306 ], [ 132.802688672509532, 34.479331350586016 ], [ 132.805831652604581, 34.485066837334529 ], [ 132.807288895512301, 34.485804750643489 ], [ 132.80931583414187, 34.48591617409469 ], [ 132.810314405720504, 34.484584810990512 ], [ 132.811865594165653, 34.484792824568274 ], [ 132.812905837155711, 34.484264278772976 ], [ 132.814239783881334, 34.48390869202494 ], [ 132.81461819214519, 34.483945416477944 ], [ 132.815441979529595, 34.483598867021009 ], [ 132.815788849100187, 34.483593918662073 ], [ 132.816000975326148, 34.483802534270318 ], [ 132.816262431652149, 34.483333045718048 ], [ 132.817047388724916, 34.483262646642679 ], [ 132.818104490008636, 34.482847074423361 ], [ 132.818541274385154, 34.482876994453079 ], [ 132.819297676620579, 34.482141848886457 ], [ 132.819826655718032, 34.481990537993859 ], [ 132.82061679880664, 34.48146241259348 ], [ 132.821851805507777, 34.481369978675851 ], [ 132.823270667675416, 34.482873569383287 ], [ 132.82394460360419, 34.484338336867715 ], [ 132.824242884978872, 34.484576346438097 ], [ 132.825515168950147, 34.485137335615377 ], [ 132.825992549922688, 34.485668500589263 ], [ 132.827099191369825, 34.486053010622257 ], [ 132.827386016570102, 34.48641658215476 ], [ 132.828433734464767, 34.486127081094232 ], [ 132.829084811440993, 34.486482901059304 ], [ 132.829266581468488, 34.486434586863624 ] ] ] } },
{ "type": "Feature", "properties": { "CITY_NAME": "東広島市", "S_NAME": "高屋町高屋堀", "JINKO": 1537, "medical_area": "34_広島中央医療圏", "町丁目名": "東広島市高屋町高屋堀" }, "geometry": { "type": "Polygon", "coordinates": [ [ [ 132.803661375858184, 34.487552919876975 ], [ 132.805831652604581, 34.485066837334529 ], [ 132.802688672509532, 34.479331350586016 ], [ 132.805681465152134, 34.477949279636306 ], [ 132.807544631322799, 34.476560159513248 ], [ 132.808593442864208, 34.474865142543855 ], [ 132.809738987399442, 34.471325179778127 ], [ 132.810968952563826, 34.470518309810593 ], [ 132.81095067573807, 34.469271231679308 ], [ 132.811210433208771, 34.468938134899773 ], [ 132.811282295676449, 34.468472774930845 ], [ 132.811269340284895, 34.467875740286388 ], [ 132.810925381659416, 34.467290875534914 ], [ 132.811297980795217, 34.466691942462852 ], [ 132.811360854968257, 34.465598115486642 ], [ 132.811034452996665, 34.464900611819786 ], [ 132.811007004276831, 34.46437591321142 ], [ 132.810455693195877, 34.463423086997459 ], [ 132.809719523244297, 34.463614318336838 ], [ 132.809066127270626, 34.462569491589541 ], [ 132.808029978838306, 34.461647539580326 ], [ 132.8082932617111, 34.461081866517063 ], [ 132.809183404112787, 34.460578522124344 ], [ 132.809356728383619, 34.46030983306175 ], [ 132.81106457849782, 34.459593702234379 ], [ 132.811463161979816, 34.459583003423774 ], [ 132.811143108323279, 34.458889553795437 ], [ 132.810452576414747, 34.459127727335108 ], [ 132.809762440828592, 34.457699813516584 ], [ 132.809477378201564, 34.456430625111352 ], [ 132.809127765069007, 34.456048770084998 ], [ 132.807981195981796, 34.456251600964869 ], [ 132.805460851362113, 34.45623232084376 ], [ 132.80671850952433, 34.455050517457529 ], [ 132.807675140514334, 34.454632761799118 ], [ 132.808247013966735, 34.453628374965362 ], [ 132.808106236095142, 34.452705924760977 ], [ 132.808396058699572, 34.452196038131106 ], [ 132.810085788603146, 34.452317411337511 ], [ 132.810033650392057, 34.451670296628265 ], [ 132.810319117403623, 34.451282134752987 ], [ 132.810430265834043, 34.450729943815908 ], [ 132.802398244183081, 34.450978117907042 ], [ 132.802629630496284, 34.452484504352952 ], [ 132.802421914980698, 34.452815478376174 ], [ 132.801148477693346, 34.452680000360495 ], [ 132.796399396753174, 34.453865682807482 ], [ 132.79602343998593, 34.453783834817507 ], [ 132.795854133146662, 34.453348194216446 ], [ 132.795254300115204, 34.453259907227441 ], [ 132.79377169633787, 34.452550540376265 ], [ 132.793297580570368, 34.453781146070057 ], [ 132.793151025580642, 34.455214168365522 ], [ 132.794224595870247, 34.455256757204324 ], [ 132.796020367402861, 34.455797736590775 ], [ 132.796444079413874, 34.455748897912336 ], [ 132.796744875205519, 34.45648980483206 ], [ 132.797587401746398, 34.456805582645799 ], [ 132.797493906098737, 34.456145710704305 ], [ 132.798106907756647, 34.455385542635732 ], [ 132.799030470181577, 34.45559077074499 ], [ 132.799629411625403, 34.456175749749704 ], [ 132.80010491380358, 34.456231169674268 ], [ 132.799965828950775, 34.456652079924758 ], [ 132.799237881767198, 34.45747525694464 ], [ 132.798402408807561, 34.457925283414831 ], [ 132.797964612233784, 34.458426768167506 ], [ 132.797907776216931, 34.45872272880851 ], [ 132.797487306704369, 34.4588539395195 ], [ 132.796731787042859, 34.45957838659757 ], [ 132.796042591728451, 34.460679986470993 ], [ 132.796774581147019, 34.46107128749604 ], [ 132.797304439534685, 34.461011335560478 ], [ 132.797430365778922, 34.461351419659891 ], [ 132.797178446891024, 34.462037740266538 ], [ 132.796223104799708, 34.462368808238153 ], [ 132.795799955813834, 34.462946564279662 ], [ 132.795533356204714, 34.463052469204236 ], [ 132.79559447403355, 34.463402611547806 ], [ 132.794911858000972, 34.464616707771079 ], [ 132.794174396840816, 34.464452770756388 ], [ 132.793723046258521, 34.463975623662698 ], [ 132.79273946287131, 34.464264265082114 ], [ 132.792289035010242, 34.464144891893604 ], [ 132.791854510241564, 34.465371202937732 ], [ 132.791906164843965, 34.4655995517044 ], [ 132.791031943973934, 34.466751781260989 ], [ 132.790999746251572, 34.467570477645523 ], [ 132.79126104671036, 34.468346672265 ], [ 132.790866166190057, 34.468788046380624 ], [ 132.789861438073473, 34.469405105545619 ], [ 132.789758811586807, 34.469826657997146 ], [ 132.78857163802067, 34.470413093983446 ], [ 132.787647348942869, 34.470583341740131 ], [ 132.787138213472161, 34.471051629157522 ], [ 132.78648265353317, 34.471234294416135 ], [ 132.78126265816519, 34.47381715618198 ], [ 132.782577700182827, 34.477979933692758 ], [ 132.78327829324823, 34.477680852892789 ], [ 132.784595709193411, 34.477668797956639 ], [ 132.784654753028178, 34.478429283564388 ], [ 132.78511132240871, 34.478734036877817 ], [ 132.785527825570483, 34.479718088241263 ], [ 132.786535764829551, 34.480267660269199 ], [ 132.787816891566678, 34.480482408045717 ], [ 132.788420127202301, 34.480967548857876 ], [ 132.79096071188539, 34.482077746497467 ], [ 132.791642300023454, 34.482533590562618 ], [ 132.792956845709853, 34.48297630990141 ], [ 132.793113144899195, 34.483326954194261 ], [ 132.793549428556929, 34.483590228446893 ], [ 132.795588656961144, 34.484210465879549 ], [ 132.797190132039219, 34.485261726795535 ], [ 132.798126478337252, 34.485373073731921 ], [ 132.798980262270135, 34.485832070988799 ], [ 132.799445171189205, 34.485901632456709 ], [ 132.800443925114479, 34.48669469383222 ], [ 132.802413743196837, 34.486820197078309 ], [ 132.8032003520876, 34.487156831230649 ], [ 132.803661375858184, 34.487552919876975 ] ] ] } },
{ "type": "Feature", "properties": { "CITY_NAME": "東広島市", "S_NAME": "高屋町重兼", "JINKO": 160, "medical_area": "34_広島中央医療圏", "町丁目名": "東広島市高屋町重兼" }, "geometry": { "type": "Polygon", "coordinates": [ [ [ 132.824470418920356, 34.444575530731221 ], [ 132.824596372855751, 34.444141147675168 ], [ 132.82461019097596, 34.441972681629181 ], [ 132.825375634344482, 34.441412450779161 ], [ 132.825809079255407, 34.440535097451175 ], [ 132.825758424212097, 34.440205476471938 ], [ 132.82592007912865, 34.440092340221518 ], [ 132.825870664686846, 34.439834551542944 ], [ 132.825579916355423, 34.439897813039636 ], [ 132.825691409424337, 34.439431391644938 ], [ 132.825030488432958, 34.438924330455379 ], [ 132.825293339082634, 34.438678878132194 ], [ 132.825183826045077, 34.437699407556039 ], [ 132.823830683717887, 34.435110355475793 ], [ 132.821531058468992, 34.432804020590474 ], [ 132.820424005882131, 34.430577076928849 ], [ 132.821101078385141, 34.427431528955054 ], [ 132.821109771191743, 34.425069278131801 ], [ 132.820323016697643, 34.424905154629656 ], [ 132.820112302981499, 34.423929985866394 ], [ 132.819440776155773, 34.422912343807923 ], [ 132.818665949542122, 34.422534889710143 ], [ 132.817863890496511, 34.422487324475142 ], [ 132.817302562085274, 34.422696245044143 ], [ 132.816732690370401, 34.423499629412007 ], [ 132.815685035808713, 34.423325172695037 ], [ 132.814675372120689, 34.423679426064275 ], [ 132.814290619225375, 34.42406769400862 ], [ 132.813382419975852, 34.424493518346175 ], [ 132.812830558110136, 34.424444455218016 ], [ 132.812393092776375, 34.425579254495787 ], [ 132.812282543517512, 34.425577583585358 ], [ 132.812017595656187, 34.432043765316912 ], [ 132.811132599247145, 34.432021804036737 ], [ 132.811152379326273, 34.432501620692534 ], [ 132.810720787836999, 34.432863797401424 ], [ 132.810292288296637, 34.432858305410569 ], [ 132.810345692151657, 34.433550365819535 ], [ 132.809584509186493, 34.433843156001437 ], [ 132.809053587719205, 34.434373926358397 ], [ 132.811100159302896, 34.436706506009401 ], [ 132.810606435676505, 34.437777391196256 ], [ 132.812234625954829, 34.439543069952343 ], [ 132.812355878761338, 34.440349837948673 ], [ 132.811090899958174, 34.440701765940688 ], [ 132.811064588120161, 34.441184208937493 ], [ 132.814674219221104, 34.444695060896883 ], [ 132.814977880527607, 34.445388590576115 ], [ 132.816154777979136, 34.445342898001343 ], [ 132.817854490647676, 34.44557908530961 ], [ 132.819526946667509, 34.444493287325152 ], [ 132.821491454349456, 34.444410369794532 ], [ 132.821913819141969, 34.444455857449235 ], [ 132.822268169893562, 34.444735533956745 ], [ 132.822269253943176, 34.44545813576994 ], [ 132.823336188216956, 34.445619897218066 ], [ 132.823937456532803, 34.445330864550002 ], [ 132.824470418920356, 34.444575530731221 ] ] ] } },
{ "type": "Feature", "properties": { "CITY_NAME": "東広島市", "S_NAME": "高屋うめの辺", "JINKO": 0, "medical_area": "34_広島中央医療圏", "町丁目名": "東広島市高屋うめの辺" }, "geometry": { "type": "Polygon", "coordinates": [ [ [ 132.782641619442899, 34.464166908586535 ], [ 132.783853119560661, 34.46412284846798 ], [ 132.783942140378883, 34.463849273495669 ], [ 132.783611073215013, 34.463700102220685 ], [ 132.783699266620175, 34.463313283836847 ], [ 132.783502541440441, 34.462866642983755 ], [ 132.784031042123075, 34.462423346717244 ], [ 132.784967707053795, 34.462045854656751 ], [ 132.78563951898019, 34.460815129430472 ], [ 132.786251113064054, 34.460318293627523 ], [ 132.786091632724236, 34.460190789797657 ], [ 132.786151822775253, 34.459940743296038 ], [ 132.786322934241042, 34.45992732885739 ], [ 132.786390232009211, 34.459505117963282 ], [ 132.78626712848137, 34.458815127631325 ], [ 132.785025193164529, 34.457521815436898 ], [ 132.784649045749489, 34.457408379432572 ], [ 132.78463171221324, 34.45715520808649 ], [ 132.78412902402718, 34.456951709798545 ], [ 132.784173499528123, 34.456436933171297 ], [ 132.783491611434528, 34.456800167328218 ], [ 132.781951029322698, 34.45650758788085 ], [ 132.781341241546983, 34.456708737690761 ], [ 132.780361106190981, 34.456034804855278 ], [ 132.77996616123113, 34.455976949376904 ], [ 132.779445304040109, 34.456177497735602 ], [ 132.779160043199454, 34.455921322474843 ], [ 132.778798998857951, 34.45594146563036 ], [ 132.778540955370687, 34.456375479862018 ], [ 132.778662179579584, 34.456611782942922 ], [ 132.778505426336181, 34.458363962004334 ], [ 132.778049158893481, 34.459047444587668 ], [ 132.777266170643486, 34.4592063449631 ], [ 132.777819284863227, 34.459387364086972 ], [ 132.778231326650911, 34.460501972052221 ], [ 132.778632434995586, 34.460895881829863 ], [ 132.779167964212547, 34.461001488165188 ], [ 132.779437767321184, 34.461450432032876 ], [ 132.779874713195767, 34.461358633005986 ], [ 132.779759740488004, 34.461794881426137 ], [ 132.77994434933629, 34.4625359718884 ], [ 132.780508934909363, 34.463499097108432 ], [ 132.780780589478525, 34.463693226912135 ], [ 132.780754130121039, 34.464431021571784 ], [ 132.781544261110923, 34.464650691746272 ], [ 132.782146201498108, 34.464496917588846 ], [ 132.782641619442899, 34.464166908586535 ] ] ] } },
{ "type": "Feature", "properties": { "CITY_NAME": "東広島市", "S_NAME": "高屋町杵原", "JINKO": 2508, "medical_area": "34_広島中央医療圏", "町丁目名": "東広島市高屋町杵原" }, "geometry": { "type": "Polygon", "coordinates": [ [ [ 132.772818196756702, 34.473800172100148 ], [ 132.781572539880585, 34.473664022007547 ], [ 132.78648265353317, 34.471234294416135 ], [ 132.787138213472161, 34.471051629157522 ], [ 132.787647348942869, 34.470583341740131 ], [ 132.78826094063686, 34.469319649400575 ], [ 132.787966815124491, 34.469081417191752 ], [ 132.787791107828895, 34.469160212623287 ], [ 132.787610240936345, 34.468937315301702 ], [ 132.787415495315514, 34.4678299027129 ], [ 132.786822859618496, 34.467553051733752 ], [ 132.786753410266925, 34.466702907266274 ], [ 132.786326107786323, 34.466329146000682 ], [ 132.78681861409467, 34.465580781630173 ], [ 132.786243734318873, 34.465120163808102 ], [ 132.786291907546939, 34.464675791165696 ], [ 132.786949222968218, 34.464166322943321 ], [ 132.787263263540666, 34.46412090490859 ], [ 132.787584650034205, 34.463278475459525 ], [ 132.78782520306234, 34.463231039090566 ], [ 132.78894095070595, 34.463732677690842 ], [ 132.789958515046123, 34.462318853147345 ], [ 132.789457796037482, 34.4621294413313 ], [ 132.788787728462097, 34.460817417864767 ], [ 132.78908937009237, 34.460223698425047 ], [ 132.789560847151762, 34.46038128335546 ], [ 132.789827050975106, 34.460227923752107 ], [ 132.789487358453073, 34.45980935501985 ], [ 132.788215809849902, 34.45940784133623 ], [ 132.788107003758483, 34.458306614443117 ], [ 132.787169826296662, 34.458546243358541 ], [ 132.787183590057253, 34.458354325704143 ], [ 132.786560052240446, 34.458000457984902 ], [ 132.7866005269467, 34.457827277728271 ], [ 132.787499978183291, 34.45794956461792 ], [ 132.786511201492203, 34.456522274564236 ], [ 132.787841863850417, 34.455434908305534 ], [ 132.788259720687705, 34.455445291794774 ], [ 132.789311006549042, 34.45509546544497 ], [ 132.789229681905141, 34.454112839133188 ], [ 132.789857410364704, 34.453754206070826 ], [ 132.790956254972087, 34.454306595766305 ], [ 132.791432289185195, 34.455334651284254 ], [ 132.792892370856663, 34.45551131752724 ], [ 132.793151025580642, 34.455214168365522 ], [ 132.793297580570368, 34.453781146070057 ], [ 132.79377169633787, 34.452550540376265 ], [ 132.794275328884055, 34.452765538024401 ], [ 132.794291861493235, 34.452576985569848 ], [ 132.794278071907911, 34.452085047482939 ], [ 132.794101629589761, 34.451957364705372 ], [ 132.793350492193099, 34.451690129273686 ], [ 132.792818767113204, 34.451885868357756 ], [ 132.792467832754397, 34.451440472797287 ], [ 132.789225199977608, 34.449646574719907 ], [ 132.788813208848978, 34.448637804716498 ], [ 132.789084140185594, 34.447894771497658 ], [ 132.788326216221066, 34.447580064244853 ], [ 132.787424418388099, 34.447712614516064 ], [ 132.786026790259172, 34.448643125847163 ], [ 132.785111072883041, 34.448838834765169 ], [ 132.783428429282196, 34.448280814560263 ], [ 132.782074685610951, 34.446942300902194 ], [ 132.781287173449243, 34.445839210698416 ], [ 132.780615299138077, 34.445929133827576 ], [ 132.780772760083437, 34.447705215240191 ], [ 132.780266627248778, 34.449246641498732 ], [ 132.78110903774413, 34.449802943522656 ], [ 132.781303582832834, 34.449537987341607 ], [ 132.781868597337649, 34.44977750966369 ], [ 132.781271996656983, 34.450892612837798 ], [ 132.777973528147953, 34.452235832482863 ], [ 132.777299651360778, 34.453068315084813 ], [ 132.776099843614134, 34.45366118678362 ], [ 132.774250950733006, 34.454026459884261 ], [ 132.771582903424928, 34.453902234609551 ], [ 132.77113302144312, 34.454157871593424 ], [ 132.773224624151595, 34.456725442189196 ], [ 132.773553379280798, 34.457719902005181 ], [ 132.773445805343897, 34.458436539583467 ], [ 132.772326841370443, 34.459794904891865 ], [ 132.772066684856867, 34.461321076137246 ], [ 132.771315053434762, 34.462725753000363 ], [ 132.769591272427874, 34.463241281786246 ], [ 132.768962687910431, 34.464168267528088 ], [ 132.767771125094839, 34.465451034536855 ], [ 132.767388771057142, 34.465427157174531 ], [ 132.767022530735545, 34.464765976673185 ], [ 132.766599437278586, 34.464823712696358 ], [ 132.76691008436373, 34.466017740605224 ], [ 132.765228169620286, 34.469165725432838 ], [ 132.765276846445886, 34.469469308747115 ], [ 132.76572927701622, 34.469903289063033 ], [ 132.765173972048956, 34.471418173943995 ], [ 132.772818196756702, 34.473800172100148 ] ], [ [ 132.779865621344186, 34.46148798326449 ], [ 132.779746064374848, 34.461318437031807 ], [ 132.779437767321184, 34.461450432032876 ], [ 132.779167964212547, 34.461001488165188 ], [ 132.778632434995586, 34.460895881829863 ], [ 132.778231326650911, 34.460501972052221 ], [ 132.777819284863227, 34.459387364086972 ], [ 132.777266170643486, 34.4592063449631 ], [ 132.777877631214238, 34.459149588038628 ], [ 132.778330107129079, 34.458710085485606 ], [ 132.778624746295378, 34.457958402299752 ], [ 132.778662179579584, 34.456611782942922 ], [ 132.778540955370687, 34.456375479862018 ], [ 132.778666241147704, 34.456024961700045 ], [ 132.778954080394556, 34.455876309121493 ], [ 132.779445304040109, 34.456177497735602 ], [ 132.77996616123113, 34.455976949376904 ], [ 132.780361106190981, 34.456034804855278 ], [ 132.781341241546983, 34.456708737690761 ], [ 132.781951029322698, 34.45650758788085 ], [ 132.783491611434528, 34.456800167328218 ], [ 132.784173499528123, 34.456436933171297 ], [ 132.78412902402718, 34.456951709798545 ], [ 132.78463171221324, 34.45715520808649 ], [ 132.784649045749489, 34.457408379432572 ], [ 132.785025193164529, 34.457521815436898 ], [ 132.78626712848137, 34.458815127631325 ], [ 132.786390232009211, 34.459505117963282 ], [ 132.786322934241042, 34.45992732885739 ], [ 132.786151822775253, 34.459940743296038 ], [ 132.786091632724236, 34.460190789797657 ], [ 132.786251113064054, 34.460318293627523 ], [ 132.78563951898019, 34.460815129430472 ], [ 132.784967707053767, 34.462045854656736 ], [ 132.784031042123075, 34.462423346717244 ], [ 132.783502541440441, 34.462866642983755 ], [ 132.783699266620175, 34.463313283836847 ], [ 132.783611073215013, 34.463700102220685 ], [ 132.783942140378883, 34.463849273495633 ], [ 132.783853119560661, 34.46412284846798 ], [ 132.782800442023728, 34.464100038263915 ], [ 132.782146201498108, 34.464496917588846 ], [ 132.781413498506055, 34.464665441123323 ], [ 132.780754130121039, 34.464431021571784 ], [ 132.780827224672834, 34.463843845203698 ], [ 132.77994434933629, 34.4625359718884 ], [ 132.779759740488004, 34.461794881426137 ], [ 132.779865621344186, 34.46148798326449 ] ] ] } },
{ "type": "Feature", "properties": { "CITY_NAME": "東広島市", "S_NAME": "高屋町稲木", "JINKO": 1606, "medical_area": "34_広島中央医療圏", "町丁目名": "東広島市高屋町稲木" }, "geometry": { "type": "Polygon", "coordinates": [ [ [ 132.765173972048956, 34.471418173943995 ], [ 132.76572927701622, 34.469903289063033 ], [ 132.765276846445886, 34.469469308747115 ], [ 132.765228169620286, 34.469165725432838 ], [ 132.76691008436373, 34.466017740605224 ], [ 132.766599437278586, 34.464823712696358 ], [ 132.767022530735545, 34.464765976673185 ], [ 132.767388771057142, 34.465427157174531 ], [ 132.767771125094839, 34.465451034536855 ], [ 132.768962687910431, 34.464168267528088 ], [ 132.769591272427874, 34.463241281786246 ], [ 132.771315053434762, 34.462725753000363 ], [ 132.772066684856867, 34.461321076137246 ], [ 132.772326841370443, 34.459794904891865 ], [ 132.773445805343897, 34.458436539583467 ], [ 132.773553379280798, 34.457719902005181 ], [ 132.773224624151595, 34.456725442189196 ], [ 132.77113302144312, 34.454157871593424 ], [ 132.771582903424928, 34.453902234609551 ], [ 132.774250950733006, 34.454026459884261 ], [ 132.775515591436289, 34.453836262557324 ], [ 132.777299651360778, 34.453068315084813 ], [ 132.778042878759749, 34.452034692934276 ], [ 132.777512509593464, 34.45182349826451 ], [ 132.777331176199425, 34.451235791102363 ], [ 132.777618880260263, 34.451187426272909 ], [ 132.777602546898493, 34.450894111272547 ], [ 132.777215372809252, 34.450896076157512 ], [ 132.777092590673618, 34.4502396163887 ], [ 132.777666512523695, 34.449021839486583 ], [ 132.778337739094155, 34.448798693849646 ], [ 132.778404835048434, 34.448368886423019 ], [ 132.778116771467438, 34.448115407061692 ], [ 132.777565179465171, 34.448006234308224 ], [ 132.777295665957695, 34.448070283097977 ], [ 132.77704945842072, 34.448375777909369 ], [ 132.774845804042656, 34.446816865872876 ], [ 132.773801898366202, 34.446580586085823 ], [ 132.772268502284788, 34.447002421872725 ], [ 132.770612321383567, 34.448075625343513 ], [ 132.769480247629389, 34.44813419298135 ], [ 132.76903735274405, 34.448459078473427 ], [ 132.768740568166379, 34.448981421973244 ], [ 132.767865946335945, 34.448077659756258 ], [ 132.767404397136346, 34.448000494789966 ], [ 132.767101908501502, 34.447512796986338 ], [ 132.765790882089618, 34.446272682562636 ], [ 132.764785467164018, 34.444924558009419 ], [ 132.764407313967325, 34.444634543383735 ], [ 132.76369577776569, 34.445079905055323 ], [ 132.762424817017518, 34.443954717736368 ], [ 132.762248083257049, 34.443649346145769 ], [ 132.762307908264518, 34.443393812269171 ], [ 132.761927059921703, 34.443268051001233 ], [ 132.760575639342619, 34.443827659369738 ], [ 132.757936440107528, 34.444511957814846 ], [ 132.756732489465122, 34.446223022754374 ], [ 132.755338387946694, 34.447289858150491 ], [ 132.754309992942268, 34.448270545404625 ], [ 132.752945075616367, 34.449960798815049 ], [ 132.751489121467472, 34.451190871707745 ], [ 132.751306184686996, 34.4514555772408 ], [ 132.75179485490213, 34.452182741678527 ], [ 132.751751818977681, 34.452775822523257 ], [ 132.751420286885633, 34.453440154563118 ], [ 132.748610059635496, 34.455290691058416 ], [ 132.748071487662457, 34.455309462092636 ], [ 132.747244677496354, 34.45486561881409 ], [ 132.746496306054354, 34.454901579083945 ], [ 132.745991751368564, 34.45595169123682 ], [ 132.745373730687902, 34.456403689241483 ], [ 132.745091536489838, 34.456826762946484 ], [ 132.744448891353244, 34.45714900297385 ], [ 132.747401950926161, 34.458623548863983 ], [ 132.749392112288604, 34.45924929300913 ], [ 132.751153945644148, 34.459523672522067 ], [ 132.753824638785716, 34.459546572370193 ], [ 132.758274441509485, 34.470406991382951 ], [ 132.759369250004539, 34.471253829541574 ], [ 132.762398503284572, 34.470429264661689 ], [ 132.765173972048956, 34.471418173943995 ] ] ] } },
{ "type": "Feature", "properties": { "CITY_NAME": "東広島市", "S_NAME": "高屋町檜山", "JINKO": 629, "medical_area": "34_広島中央医療圏", "町丁目名": "東広島市高屋町檜山" }, "geometry": { "type": "Polygon", "coordinates": [ [ [ 132.769663411587288, 34.448068776300389 ], [ 132.770612321383567, 34.448075625343513 ], [ 132.772030102831081, 34.447123472031301 ], [ 132.772592105841767, 34.44692446083495 ], [ 132.772271430807422, 34.446630839305719 ], [ 132.772171250919257, 34.446219767714133 ], [ 132.772748451772713, 34.445393879186547 ], [ 132.772750299631753, 34.444150215285227 ], [ 132.773465937550213, 34.443797676942509 ], [ 132.774165458872801, 34.443085164895109 ], [ 132.774014158828351, 34.442320895787503 ], [ 132.77453166617147, 34.44073129848902 ], [ 132.770769593101278, 34.439679292574247 ], [ 132.767186178735756, 34.439610808792523 ], [ 132.762864000078906, 34.438150177890847 ], [ 132.76263095426026, 34.438618275996433 ], [ 132.762086158928952, 34.438848999234636 ], [ 132.759901970471986, 34.440745513665625 ], [ 132.759572080259574, 34.441352958869842 ], [ 132.75898186919602, 34.441837851135482 ], [ 132.75910646520353, 34.443057104707812 ], [ 132.757936440107528, 34.444511957814846 ], [ 132.760575639342619, 34.443827659369738 ], [ 132.761927059921703, 34.443268051001233 ], [ 132.762307908264518, 34.443393812269171 ], [ 132.762248083257049, 34.443649346145769 ], [ 132.762424817017518, 34.443954717736368 ], [ 132.76369577776569, 34.445079905055323 ], [ 132.764407313967325, 34.444634543383735 ], [ 132.764785467164018, 34.444924558009419 ], [ 132.765790882089618, 34.446272682562636 ], [ 132.767101908501502, 34.447512796986338 ], [ 132.767404397136346, 34.448000494789966 ], [ 132.767865946335945, 34.448077659756258 ], [ 132.768740568166379, 34.448981421973244 ], [ 132.76903735274405, 34.448459078473427 ], [ 132.769663411587288, 34.448068776300389 ] ] ] } },
{ "type": "Feature", "properties": { "CITY_NAME": "東広島市", "S_NAME": "高屋町宮領", "JINKO": 1956, "medical_area": "34_広島中央医療圏", "町丁目名": "東広島市高屋町宮領" }, "geometry": { "type": "Polygon", "coordinates": [ [ [ 132.782860542546672, 34.445217292798986 ], [ 132.78405953752258, 34.445101543837744 ], [ 132.784524813784259, 34.443887758598294 ], [ 132.785829573574773, 34.441966204998728 ], [ 132.787454939851784, 34.441360454388324 ], [ 132.787761402084982, 34.441048138347128 ], [ 132.791631610883485, 34.440748240277628 ], [ 132.791737342963586, 34.439898029591816 ], [ 132.792076976160814, 34.439384948343061 ], [ 132.791986737912453, 34.438875788801631 ], [ 132.790533024322002, 34.438703303802612 ], [ 132.790530395735317, 34.436679309679853 ], [ 132.791017823253981, 34.435886409354758 ], [ 132.790812371680886, 34.434176413763041 ], [ 132.79052163154725, 34.433742230400661 ], [ 132.790558807766615, 34.433079702285127 ], [ 132.790200209451541, 34.432474436508819 ], [ 132.790311560567687, 34.431410628861357 ], [ 132.790677326859083, 34.430618499600527 ], [ 132.790622458008187, 34.43030803931336 ], [ 132.78620771868583, 34.425269955845252 ], [ 132.785550531619492, 34.426118786167606 ], [ 132.784903851497802, 34.426357760573822 ], [ 132.785101238824126, 34.426898795383224 ], [ 132.784609625788676, 34.427334889184365 ], [ 132.783117135514658, 34.427415616300607 ], [ 132.781219154366397, 34.428433870754915 ], [ 132.780688886192337, 34.428252738734884 ], [ 132.778537790811583, 34.428496921863228 ], [ 132.778089993479853, 34.428711332132096 ], [ 132.776143672358273, 34.429000782493695 ], [ 132.774962583410854, 34.428951939223538 ], [ 132.774073319281428, 34.429537202198112 ], [ 132.771361802495761, 34.430282440403424 ], [ 132.769776628035885, 34.430399920525687 ], [ 132.768883126329087, 34.431134322924443 ], [ 132.768186843322155, 34.431444158314513 ], [ 132.765903768638822, 34.431278803144366 ], [ 132.765379840226672, 34.431945002022211 ], [ 132.7645131768017, 34.433647397158879 ], [ 132.764924198685748, 34.435094026524652 ], [ 132.765408298413831, 34.435165595374265 ], [ 132.765606241193268, 34.435633418193333 ], [ 132.766486449101592, 34.435600904693963 ], [ 132.767105476436512, 34.435138628002264 ], [ 132.767481849147742, 34.43530777773136 ], [ 132.767985708210716, 34.435241333613419 ], [ 132.768290698764531, 34.435574098282338 ], [ 132.768480042910909, 34.436335243177744 ], [ 132.768497735429946, 34.436735775412131 ], [ 132.767226244768779, 34.439525247232488 ], [ 132.770769593101278, 34.439679292574247 ], [ 132.77572965001238, 34.441113316740655 ], [ 132.780617149507407, 34.44163331341003 ], [ 132.781493728942479, 34.441867875394571 ], [ 132.782062065424242, 34.442400802147134 ], [ 132.782171559257648, 34.442807469759245 ], [ 132.781634026952133, 34.445470364083363 ], [ 132.781759758940069, 34.445794954039776 ], [ 132.782860542546672, 34.445217292798986 ] ] ] } },
{ "type": "Feature", "properties": { "CITY_NAME": "東広島市", "S_NAME": "高屋町大畠", "JINKO": 1201, "medical_area": "34_広島中央医療圏", "町丁目名": "東広島市高屋町大畠" }, "geometry": { "type": "Polygon", "coordinates": [ [ [ 132.781271996656983, 34.450892612837798 ], [ 132.781868597337649, 34.44977750966369 ], [ 132.781303582832834, 34.449537987341607 ], [ 132.78110903774413, 34.449802943522656 ], [ 132.780425172746817, 34.449430352867331 ], [ 132.780261843751617, 34.449185253182264 ], [ 132.780772760083437, 34.447705215240191 ], [ 132.780593041811471, 34.44594305201997 ], [ 132.781759758940069, 34.445794954039776 ], [ 132.781634026952133, 34.445470364083363 ], [ 132.782150787285929, 34.443030560177725 ], [ 132.782062065424242, 34.442400802147134 ], [ 132.781662418905341, 34.441935189198439 ], [ 132.780617149507407, 34.44163331341003 ], [ 132.77602694367468, 34.441166889201597 ], [ 132.77453166617147, 34.44073129848902 ], [ 132.774014158828351, 34.442320895787503 ], [ 132.774165458872801, 34.443085164895109 ], [ 132.773465937550213, 34.443797676942509 ], [ 132.772750299631724, 34.444150215285227 ], [ 132.772797998771495, 34.445149812870113 ], [ 132.772171250919257, 34.446219767714133 ], [ 132.772271430807393, 34.446630839305726 ], [ 132.772592105841767, 34.44692446083495 ], [ 132.773801898366202, 34.446580586085823 ], [ 132.774298876307171, 34.446604833114201 ], [ 132.774845804042656, 34.446816865872876 ], [ 132.77704945842072, 34.448375777909369 ], [ 132.777295665957695, 34.448070283097977 ], [ 132.777565179465171, 34.448006234308224 ], [ 132.778317275540218, 34.448212702279207 ], [ 132.778337739094155, 34.448798693849646 ], [ 132.777666512523695, 34.449021839486583 ], [ 132.777092590673618, 34.4502396163887 ], [ 132.777215372809252, 34.450896076157512 ], [ 132.777602546898493, 34.450894111272547 ], [ 132.777618880260263, 34.451187426272909 ], [ 132.777331176199425, 34.451235791102363 ], [ 132.777512509593464, 34.45182349826451 ], [ 132.778042878759749, 34.452034692934276 ], [ 132.777973528147953, 34.452235832482863 ], [ 132.781271996656983, 34.450892612837798 ] ] ] } },
{ "type": "Feature", "properties": { "CITY_NAME": "東広島市", "S_NAME": "高屋町中島", "JINKO": 3113, "medical_area": "34_広島中央医療圏", "町丁目名": "東広島市高屋町中島" }, "geometry": { "type": "Polygon", "coordinates": [ [ [ 132.796399396753174, 34.453865682807482 ], [ 132.801148477693346, 34.452680000360495 ], [ 132.799962558800132, 34.452406717754684 ], [ 132.799200854343553, 34.451533142288881 ], [ 132.797185059796163, 34.450143650056802 ], [ 132.795855285119103, 34.448219465748188 ], [ 132.795232428457922, 34.446990930350815 ], [ 132.797117692398416, 34.446993753002729 ], [ 132.797418008099982, 34.446204651841299 ], [ 132.797747465529682, 34.44580487909203 ], [ 132.797405349101439, 34.445718342304716 ], [ 132.797618909123941, 34.444981819096341 ], [ 132.79833627614704, 34.44396954103329 ], [ 132.798728005416706, 34.443802978435677 ], [ 132.798905445901426, 34.443375394201105 ], [ 132.79608210309263, 34.444236402009047 ], [ 132.796202279039477, 34.443936166569053 ], [ 132.795814383755072, 34.443417015919941 ], [ 132.795955972855666, 34.441700195358983 ], [ 132.795471252256874, 34.441703429247134 ], [ 132.795276187235885, 34.440900707151926 ], [ 132.793714292047696, 34.440785030319176 ], [ 132.79169524026571, 34.440187008647811 ], [ 132.791631610883485, 34.440748240277628 ], [ 132.787761402084982, 34.441048138347128 ], [ 132.787454939851756, 34.441360454388324 ], [ 132.785746360427055, 34.442043400068997 ], [ 132.784524813784259, 34.443887758598294 ], [ 132.784059537522552, 34.445101543837715 ], [ 132.782860542546672, 34.445217292798951 ], [ 132.781936600526649, 34.445766439942375 ], [ 132.7812871734493, 34.445839210698416 ], [ 132.782074685610951, 34.446942300902194 ], [ 132.783612459987069, 34.448397625852799 ], [ 132.785111072883041, 34.448838834765169 ], [ 132.786026790259172, 34.448643125847163 ], [ 132.787424418388099, 34.447712614516064 ], [ 132.788326216221094, 34.447580064244853 ], [ 132.789084140185594, 34.447894771497658 ], [ 132.788813208848978, 34.448637804716498 ], [ 132.789225199977608, 34.449646574719907 ], [ 132.792467832754397, 34.451440472797287 ], [ 132.792818767113204, 34.451885868357756 ], [ 132.793350492193184, 34.451690129273686 ], [ 132.794227045080419, 34.452032210073341 ], [ 132.794275328884055, 34.452765538024401 ], [ 132.795254300115204, 34.453259907227441 ], [ 132.795854133146662, 34.453348194216446 ], [ 132.79602343998593, 34.453783834817507 ], [ 132.796399396753174, 34.453865682807482 ] ] ] } },
{ "type": "Feature", "properties": { "CITY_NAME": "東広島市", "S_NAME": "高屋町郷", "JINKO": 1329, "medical_area": "34_広島中央医療圏", "町丁目名": "東広島市高屋町郷" }, "geometry": { "type": "Polygon", "coordinates": [ [ [ 132.801275497162578, 34.448252618149525 ], [ 132.801872745301552, 34.446760213273606 ], [ 132.803243755805312, 34.44555010958404 ], [ 132.802832652123186, 34.445318580514524 ], [ 132.803105286534162, 34.445030788722327 ], [ 132.803088146114334, 34.444726060642708 ], [ 132.804440122575727, 34.445026036200176 ], [ 132.804696545323281, 34.444921580448195 ], [ 132.80471496924855, 34.444431150914824 ], [ 132.804243670255858, 34.443553821417453 ], [ 132.803505454699859, 34.443223157683157 ], [ 132.803757411994695, 34.441794368334406 ], [ 132.803664467229652, 34.441212826010506 ], [ 132.801388847908242, 34.439451338012574 ], [ 132.801286471270714, 34.439076061835358 ], [ 132.801584586237652, 34.439001113325205 ], [ 132.801474676858817, 34.438360215925478 ], [ 132.800572026257839, 34.437120871254727 ], [ 132.798757958300428, 34.436032760846913 ], [ 132.799310577080945, 34.43505258155129 ], [ 132.799674650982041, 34.434899394573577 ], [ 132.800041723037623, 34.4336246511605 ], [ 132.800290808449859, 34.433362333149269 ], [ 132.800858372709371, 34.432041036950181 ], [ 132.798386174214016, 34.429048820038432 ], [ 132.7981695013832, 34.42784558559589 ], [ 132.798244417052246, 34.426296848561023 ], [ 132.798413980630528, 34.425837320520856 ], [ 132.797941139862274, 34.425552427763606 ], [ 132.797772214285203, 34.425042262393767 ], [ 132.797304510344333, 34.424835519718592 ], [ 132.797338546187348, 34.424187518778439 ], [ 132.797107271959874, 34.423454413419151 ], [ 132.797861884989601, 34.422104553259196 ], [ 132.799256105925821, 34.421230157366203 ], [ 132.79942274562913, 34.420790790700124 ], [ 132.799298151291197, 34.420360827131809 ], [ 132.799166200012991, 34.420088525006868 ], [ 132.798798762698965, 34.419892245839158 ], [ 132.795054827813146, 34.420250474217248 ], [ 132.79455600138715, 34.42011135359067 ], [ 132.792627058830192, 34.420900308477066 ], [ 132.790932027304933, 34.420978926971927 ], [ 132.790605739977934, 34.421689290863583 ], [ 132.790889931138054, 34.422362559082991 ], [ 132.790789691227275, 34.422965687468299 ], [ 132.788857954542635, 34.423493024779546 ], [ 132.789094809939058, 34.423932707880326 ], [ 132.788979789231718, 34.424527039114203 ], [ 132.788197720219074, 34.424908150117759 ], [ 132.787397781338569, 34.425569669193727 ], [ 132.786207718685802, 34.425269955845252 ], [ 132.790622458008187, 34.43030803931336 ], [ 132.790677326859083, 34.430618499600527 ], [ 132.790311560567687, 34.431410628861357 ], [ 132.790200209451541, 34.432474436508819 ], [ 132.790558807766615, 34.433079702285127 ], [ 132.79052163154725, 34.433742230400661 ], [ 132.790812371680886, 34.434176413763041 ], [ 132.791017823253981, 34.435886409354758 ], [ 132.790530395735317, 34.436679309679853 ], [ 132.790533024322002, 34.438703303802612 ], [ 132.791986737912453, 34.438875788801631 ], [ 132.792076976160814, 34.439384948343061 ], [ 132.79169524026571, 34.440187008647811 ], [ 132.793714292047696, 34.440785030319176 ], [ 132.795276187235885, 34.440900707151947 ], [ 132.795471252256874, 34.441703429247134 ], [ 132.795955972855666, 34.441700195358983 ], [ 132.795814383755072, 34.443417015919941 ], [ 132.796202279039477, 34.443936166569053 ], [ 132.79608210309263, 34.444236402009047 ], [ 132.798905445901426, 34.443375394201105 ], [ 132.798728005416706, 34.443802978435677 ], [ 132.79833627614704, 34.44396954103329 ], [ 132.797618909123941, 34.444981819096341 ], [ 132.797405349101439, 34.445718342304716 ], [ 132.797747465529682, 34.44580487909203 ], [ 132.797418008099982, 34.446204651841299 ], [ 132.797117692398416, 34.446993753002729 ], [ 132.795248553657871, 34.447089585419477 ], [ 132.796995587887977, 34.449956740258415 ], [ 132.799200854343553, 34.451533142288881 ], [ 132.799962558800132, 34.452406717754684 ], [ 132.800423088786488, 34.452587715220893 ], [ 132.802421914980698, 34.452815478376174 ], [ 132.802629630496284, 34.452484504352952 ], [ 132.802442250537354, 34.451119872201936 ], [ 132.801275497162578, 34.448252618149525 ] ] ] } },
{ "type": "Feature", "properties": { "CITY_NAME": "東広島市", "S_NAME": "高屋町溝口", "JINKO": 182, "medical_area": "34_広島中央医療圏", "町丁目名": "東広島市高屋町溝口" }, "geometry": { "type": "Polygon", "coordinates": [ [ [ 132.803095579696475, 34.440051187988701 ], [ 132.803706837159098, 34.439746961250847 ], [ 132.804249003400059, 34.439911313581554 ], [ 132.80466764258739, 34.439755293819815 ], [ 132.805285291852613, 34.44029378929131 ], [ 132.806751648785593, 34.439524149295231 ], [ 132.807925978317172, 34.440277180702587 ], [ 132.808633778828977, 34.439932274012413 ], [ 132.810237739989475, 34.43949740426681 ], [ 132.812098770752527, 34.439320384538824 ], [ 132.810606435676505, 34.437777391196256 ], [ 132.811100159302896, 34.436706506009401 ], [ 132.809053587719205, 34.434373926358397 ], [ 132.809584509186493, 34.433843156001437 ], [ 132.810345692151657, 34.433550365819535 ], [ 132.810292288296637, 34.432858305410569 ], [ 132.810720787836999, 34.432863797401424 ], [ 132.811152379326302, 34.43250162069257 ], [ 132.811132599247145, 34.432021804036737 ], [ 132.812017595656187, 34.432043765316948 ], [ 132.812282543517512, 34.425577583585373 ], [ 132.812393092776375, 34.425579254495787 ], [ 132.812682055063533, 34.424691035231852 ], [ 132.811643035556131, 34.424047443792773 ], [ 132.809342895467154, 34.421950378716886 ], [ 132.80756784757358, 34.421916375374906 ], [ 132.806956948917247, 34.421444061725481 ], [ 132.806657282728395, 34.420864319480629 ], [ 132.806109521620073, 34.420842130318995 ], [ 132.805690394109916, 34.420254280332237 ], [ 132.804710401287736, 34.420397328890665 ], [ 132.804010301174344, 34.420167599422008 ], [ 132.803821773462005, 34.419884052207635 ], [ 132.803299278772641, 34.420572211282504 ], [ 132.802283718424178, 34.42018734596784 ], [ 132.801586180979115, 34.420549761367127 ], [ 132.801027182345422, 34.420276454653127 ], [ 132.800622207313523, 34.420473940556164 ], [ 132.800213258366142, 34.420149276747175 ], [ 132.799166200012991, 34.420088525006868 ], [ 132.79939224742688, 34.420605858885089 ], [ 132.799347303046574, 34.421088821523313 ], [ 132.797861884989601, 34.422104553259196 ], [ 132.797107271959874, 34.423454413419151 ], [ 132.79715625262341, 34.42383828737384 ], [ 132.797338546187348, 34.424187518778439 ], [ 132.797304510344333, 34.424835519718592 ], [ 132.797772214285203, 34.425042262393767 ], [ 132.797941139862274, 34.425552427763606 ], [ 132.798413980630528, 34.425837320520856 ], [ 132.798244417052246, 34.426296848561023 ], [ 132.7981695013832, 34.42784558559589 ], [ 132.798386174214016, 34.429048820038432 ], [ 132.800858372709314, 34.432041036950167 ], [ 132.80029080844983, 34.433362333149269 ], [ 132.800041723037623, 34.4336246511605 ], [ 132.799674650982041, 34.434899394573577 ], [ 132.799310577080945, 34.43505258155129 ], [ 132.798757958300428, 34.436032760846913 ], [ 132.800090948477703, 34.436768139855751 ], [ 132.801057415016544, 34.437672753688105 ], [ 132.801474676858817, 34.438360215925478 ], [ 132.801584586237652, 34.439001113325205 ], [ 132.801286471270714, 34.439076061835358 ], [ 132.801388847908242, 34.439451338012574 ], [ 132.802793031108564, 34.440445208203172 ], [ 132.803095579696475, 34.440051187988701 ] ] ] } },
{ "type": "Feature", "properties": { "CITY_NAME": "東広島市", "S_NAME": "高屋町小谷", "JINKO": 3863, "medical_area": "34_広島中央医療圏", "町丁目名": "東広島市高屋町小谷" }, "geometry": { "type": "Polygon", "coordinates": [ [ [ 132.834775590055585, 34.450111553641385 ], [ 132.835497724603925, 34.450182263731783 ], [ 132.836095449550839, 34.450992599526217 ], [ 132.836925968552038, 34.450830288328376 ], [ 132.837252586876559, 34.450313795552397 ], [ 132.838714858770999, 34.450206182979564 ], [ 132.839338740976302, 34.449264624964826 ], [ 132.840260726020631, 34.448641031687984 ], [ 132.840724780808074, 34.44902034774141 ], [ 132.842217852783364, 34.449003796668016 ], [ 132.843014043317709, 34.448318757734668 ], [ 132.844203545002671, 34.447938609982067 ], [ 132.845166341063162, 34.447406029829878 ], [ 132.845849181880567, 34.447576624593424 ], [ 132.846578409748503, 34.447290286297608 ], [ 132.847948865667149, 34.446545528292276 ], [ 132.84848435790235, 34.445995860742677 ], [ 132.849683076034637, 34.44603565009475 ], [ 132.85009872724882, 34.445397336906446 ], [ 132.850156908792911, 34.445547592481375 ], [ 132.851997191553295, 34.445618138357389 ], [ 132.853178343746606, 34.44498495656935 ], [ 132.852732871600409, 34.443770987655533 ], [ 132.853927685662569, 34.443023765161016 ], [ 132.852904896109663, 34.441830793594448 ], [ 132.852288653101226, 34.440485798898898 ], [ 132.853937342591138, 34.437036286368482 ], [ 132.853856655441234, 34.436326099329513 ], [ 132.854032740306138, 34.435106237211691 ], [ 132.85510228571971, 34.434731856005428 ], [ 132.854934488356093, 34.434300499011847 ], [ 132.854039217281127, 34.433238668183925 ], [ 132.854021132383565, 34.432798438495517 ], [ 132.853775773602194, 34.432335404207471 ], [ 132.853481407706596, 34.432377067178287 ], [ 132.853214328004526, 34.432210523860505 ], [ 132.853058940694211, 34.430337810572354 ], [ 132.855725361960253, 34.429169534435367 ], [ 132.857275742255297, 34.42902088408087 ], [ 132.85739933896744, 34.428513503445409 ], [ 132.856740176460391, 34.427426271576984 ], [ 132.85734080110754, 34.426662922947934 ], [ 132.856046004599506, 34.426250491613509 ], [ 132.855589746955275, 34.42625687701635 ], [ 132.854246107109418, 34.425451420731015 ], [ 132.853146272302553, 34.425438888954375 ], [ 132.852131206315676, 34.424913279703411 ], [ 132.851448161003759, 34.423690087284598 ], [ 132.851054309301531, 34.423514675691194 ], [ 132.85113327472979, 34.422846834751304 ], [ 132.850351552610107, 34.422106216748588 ], [ 132.850347549441778, 34.421336717899216 ], [ 132.849990030849256, 34.4211384220255 ], [ 132.850024107709316, 34.420839467037005 ], [ 132.849815857785842, 34.420481441272123 ], [ 132.850004616202199, 34.420124850348444 ], [ 132.849901537938962, 34.41972961257266 ], [ 132.850073059975131, 34.419495949436723 ], [ 132.849958621239352, 34.419146553781509 ], [ 132.847760573518769, 34.418967021152255 ], [ 132.846903368581536, 34.41933410077619 ], [ 132.845389859428622, 34.419589040195177 ], [ 132.844641334514165, 34.41934458853396 ], [ 132.843740315898089, 34.419691321341837 ], [ 132.842453541706391, 34.418770477318212 ], [ 132.841789603349781, 34.418954456199479 ], [ 132.841552320186764, 34.418443322449555 ], [ 132.841054319904543, 34.418251831913508 ], [ 132.840059984246579, 34.418398329605964 ], [ 132.839473777917362, 34.418144496490811 ], [ 132.838995365533179, 34.41856126317753 ], [ 132.837956291124414, 34.419043376779399 ], [ 132.83773912192882, 34.419523213232551 ], [ 132.836979254579177, 34.41920778388198 ], [ 132.836324646011207, 34.419470844875619 ], [ 132.835850027280912, 34.420190706429956 ], [ 132.836078364767445, 34.420694572194485 ], [ 132.83605861308817, 34.421058941186523 ], [ 132.835106153212735, 34.42253529278522 ], [ 132.834420194777465, 34.42261791806466 ], [ 132.83413288762074, 34.422394250217721 ], [ 132.833628105602003, 34.422355586381812 ], [ 132.832350128623375, 34.422626505896545 ], [ 132.831623185381972, 34.422094344804151 ], [ 132.831359929040588, 34.421455147587118 ], [ 132.830733103436046, 34.420834259982527 ], [ 132.830256839132176, 34.420670626563322 ], [ 132.829945827544407, 34.420203250545292 ], [ 132.829294159676834, 34.420127754609098 ], [ 132.82780454384681, 34.420464987016139 ], [ 132.82649813250768, 34.419807596671156 ], [ 132.82575698046989, 34.418916428479747 ], [ 132.824782076028072, 34.418998718605252 ], [ 132.823944314187031, 34.419467765905566 ], [ 132.823281504709371, 34.41891774633941 ], [ 132.821630424836229, 34.41841654363796 ], [ 132.820591838157327, 34.419044555286135 ], [ 132.820543738290269, 34.419606836656023 ], [ 132.819677333255754, 34.420095596650135 ], [ 132.819235629983694, 34.420981701892288 ], [ 132.818768309638102, 34.421414799838011 ], [ 132.818312212316414, 34.42218406390181 ], [ 132.817863890496511, 34.422487324475142 ], [ 132.818665949542122, 34.422534889710143 ], [ 132.819440776155773, 34.422912343807923 ], [ 132.820112302981499, 34.423929985866394 ], [ 132.820323016697643, 34.424905154629656 ], [ 132.821109771191743, 34.425069278131801 ], [ 132.821101078385141, 34.427431528955054 ], [ 132.820424005882131, 34.430577076928849 ], [ 132.821531058468992, 34.432804020590474 ], [ 132.823830683717887, 34.435110355475793 ], [ 132.825183826045077, 34.437699407556039 ], [ 132.825293339082634, 34.438678878132194 ], [ 132.825030488432958, 34.438924330455379 ], [ 132.825691409424337, 34.439431391644938 ], [ 132.825579916355423, 34.439897813039636 ], [ 132.825870664686846, 34.439834551542944 ], [ 132.82592007912865, 34.440092340221518 ], [ 132.825758424212097, 34.440205476471938 ], [ 132.825809079255407, 34.440535097451175 ], [ 132.825375634344482, 34.441412450779161 ], [ 132.82461019097596, 34.441972681629181 ], [ 132.824596372855751, 34.444141147675168 ], [ 132.824470418920356, 34.444575530731221 ], [ 132.82415120923153, 34.445100116334757 ], [ 132.823612528312935, 34.445521503046066 ], [ 132.822655531044347, 34.445584387976403 ], [ 132.822373461897996, 34.446501906951582 ], [ 132.823016926438328, 34.446983294018011 ], [ 132.823955188849311, 34.448176268295462 ], [ 132.824713668849654, 34.449440629281284 ], [ 132.82473461966498, 34.449945073762279 ], [ 132.826476165165218, 34.450730709321419 ], [ 132.827291175621525, 34.451385959225291 ], [ 132.827577082045082, 34.451826854065658 ], [ 132.833433523985889, 34.451797916829726 ], [ 132.83287860432057, 34.451327649698413 ], [ 132.8325668966514, 34.450422773582545 ], [ 132.834175934815931, 34.450314000918283 ], [ 132.834775590055585, 34.450111553641385 ] ] ] } },
{ "type": "Feature", "properties": { "CITY_NAME": "東広島市", "S_NAME": "高屋町造賀", "JINKO": 2249, "medical_area": "34_広島中央医療圏", "町丁目名": "東広島市高屋町造賀" }, "geometry": { "type": "Polygon", "coordinates": [ [ [ 132.752334921958067, 34.512681375981394 ], [ 132.752788777008845, 34.512423807876516 ], [ 132.754059899256447, 34.512375007875548 ], [ 132.755189121425957, 34.512698201061191 ], [ 132.755689890047876, 34.511793261035706 ], [ 132.756193077265891, 34.511583900192164 ], [ 132.756688873709521, 34.509977386713587 ], [ 132.758152531892307, 34.508755513030287 ], [ 132.758340571822544, 34.508324693953682 ], [ 132.759128695119585, 34.508223671028169 ], [ 132.759642530799312, 34.507793094509964 ], [ 132.760405066811245, 34.507546112548667 ], [ 132.762298477736692, 34.507514463777376 ], [ 132.762972477785581, 34.507219159191699 ], [ 132.763946752071035, 34.507121132123579 ], [ 132.765702492671068, 34.506339874220046 ], [ 132.767109596487728, 34.506132070229867 ], [ 132.767480605585746, 34.505947822870667 ], [ 132.767600359076567, 34.505570003028197 ], [ 132.769715037356946, 34.503742551473913 ], [ 132.772649147401495, 34.501818575885146 ], [ 132.774370464158636, 34.50205113891456 ], [ 132.774880185511478, 34.501941956185931 ], [ 132.775186561510594, 34.502239192863264 ], [ 132.775423111753497, 34.502152646364586 ], [ 132.775666434607842, 34.502283838480039 ], [ 132.775642178539215, 34.502493000089196 ], [ 132.777707782539181, 34.502553206814042 ], [ 132.778152045800084, 34.500900903872861 ], [ 132.77891375805055, 34.500352774129823 ], [ 132.778731075379312, 34.500050699542072 ], [ 132.779859683410592, 34.499259413749165 ], [ 132.780570135153397, 34.498406280880978 ], [ 132.781555084505555, 34.498422710697149 ], [ 132.781912814410759, 34.497973516854735 ], [ 132.78218739026326, 34.496674066570463 ], [ 132.783896530640192, 34.49683499199547 ], [ 132.785366235891729, 34.496565932486298 ], [ 132.786256190331102, 34.496811151008451 ], [ 132.786214559898042, 34.496571048494694 ], [ 132.786745960760783, 34.496063905925496 ], [ 132.787458651007825, 34.49581755854139 ], [ 132.788240714484346, 34.494569171357547 ], [ 132.7889934844425, 34.494739707465136 ], [ 132.789636239408281, 34.494665702389447 ], [ 132.790699198648809, 34.49405932752672 ], [ 132.790745739243221, 34.493427318540711 ], [ 132.791421804547525, 34.492860532189709 ], [ 132.791865990772465, 34.492118294430604 ], [ 132.791799587133937, 34.491609556776481 ], [ 132.792105750363191, 34.490679410480361 ], [ 132.793062205613779, 34.490309083188684 ], [ 132.793900511415501, 34.490507460354259 ], [ 132.795012676442298, 34.490400433617303 ], [ 132.795685252935272, 34.490514715530921 ], [ 132.797275657983732, 34.490039789675791 ], [ 132.797540683615892, 34.489703721794726 ], [ 132.79737993321362, 34.48952537743407 ], [ 132.796841306198331, 34.489436329304063 ], [ 132.796535074772237, 34.488834598648253 ], [ 132.796175022962359, 34.488647989868269 ], [ 132.796286774897851, 34.488369203815331 ], [ 132.796100833292712, 34.48748638804296 ], [ 132.796264253690936, 34.487263963545914 ], [ 132.795829399978686, 34.486969276181711 ], [ 132.796083657925863, 34.486718067139499 ], [ 132.796184594911352, 34.486135357391227 ], [ 132.795896877637745, 34.485717361384914 ], [ 132.796009028708141, 34.485490555061091 ], [ 132.795329525822154, 34.485211223127514 ], [ 132.795446531771489, 34.484871281505526 ], [ 132.794572244765988, 34.484418567004575 ], [ 132.794056300015683, 34.483726922367303 ], [ 132.793113144899195, 34.483326954194261 ], [ 132.792956845709853, 34.48297630990141 ], [ 132.791642300023454, 34.482533590562618 ], [ 132.79096071188539, 34.482077746497467 ], [ 132.788420127202301, 34.480967548857876 ], [ 132.787816891566678, 34.480482408045717 ], [ 132.786535764829551, 34.480267660269199 ], [ 132.785527825570483, 34.479718088241263 ], [ 132.78511132240871, 34.478734036877817 ], [ 132.784654753028178, 34.478429283564388 ], [ 132.784595709193411, 34.477668797956639 ], [ 132.78327829324823, 34.477680852892789 ], [ 132.782577700182827, 34.477979933692758 ], [ 132.78126265816519, 34.47381715618198 ], [ 132.781572539880585, 34.473664022007547 ], [ 132.772818196756702, 34.473800172100148 ], [ 132.762398503284572, 34.470429264661689 ], [ 132.759369250004539, 34.471253829541574 ], [ 132.758274441509485, 34.470406991382951 ], [ 132.753824638785716, 34.459546572370193 ], [ 132.751153945644148, 34.459523672522067 ], [ 132.749392112288604, 34.45924929300913 ], [ 132.747401950926161, 34.458623548863983 ], [ 132.744448891353244, 34.45714900297385 ], [ 132.744726935797416, 34.457798875590598 ], [ 132.74416216301438, 34.45900590852537 ], [ 132.744371056378583, 34.46006108219941 ], [ 132.744888390781426, 34.461323965471152 ], [ 132.744559621175284, 34.462136177655424 ], [ 132.744127160640232, 34.464300296457175 ], [ 132.743978177403079, 34.46697016172007 ], [ 132.744052681854868, 34.468786620410754 ], [ 132.743254348813963, 34.469142005602016 ], [ 132.742742020127338, 34.471726542832563 ], [ 132.742001206181698, 34.471972621824207 ], [ 132.741782539150222, 34.472707960375445 ], [ 132.741108344074632, 34.473078099964887 ], [ 132.741076288416536, 34.473613376627092 ], [ 132.740615496017938, 34.473851923970962 ], [ 132.740788961861028, 34.475030240458004 ], [ 132.740526182995154, 34.475361237601525 ], [ 132.739767349380742, 34.475451881950931 ], [ 132.739559430393371, 34.476662994449775 ], [ 132.739314754326585, 34.477168149390948 ], [ 132.738511499634285, 34.476814161961364 ], [ 132.737558435755489, 34.476815560561121 ], [ 132.736880729264669, 34.477226262141706 ], [ 132.735969614521565, 34.477394230872548 ], [ 132.735652157884971, 34.477968321585543 ], [ 132.734086948859755, 34.479441446116681 ], [ 132.732710390633656, 34.480010195399025 ], [ 132.732119761765432, 34.480521174379547 ], [ 132.731816625569166, 34.481054755425255 ], [ 132.732166044635136, 34.481966455755526 ], [ 132.731852836800584, 34.482816737224397 ], [ 132.731913408461196, 34.483852615287752 ], [ 132.731658085015056, 34.485347761087617 ], [ 132.730618030295716, 34.486003808220595 ], [ 132.729828041626178, 34.487289712069398 ], [ 132.729986975647279, 34.488843303378601 ], [ 132.729700114693202, 34.489274106565951 ], [ 132.729672051647611, 34.490169367412001 ], [ 132.729287337676283, 34.490171156405232 ], [ 132.72839900149151, 34.490594608134359 ], [ 132.72758156269208, 34.490695306680053 ], [ 132.726420664317772, 34.491512984401837 ], [ 132.726331878960963, 34.492881369138281 ], [ 132.727689311096896, 34.493575277159451 ], [ 132.728848057913211, 34.49530424626122 ], [ 132.728910279201187, 34.495684688783179 ], [ 132.728086055377418, 34.496330240454682 ], [ 132.727698597677261, 34.497033063710738 ], [ 132.726705157707784, 34.497602759553551 ], [ 132.726269845689529, 34.498403550492299 ], [ 132.726149037406174, 34.499576010073369 ], [ 132.726389847134243, 34.499955205722848 ], [ 132.726895911190724, 34.500200634459098 ], [ 132.727340484741916, 34.501186815443333 ], [ 132.72789159819817, 34.501418794854992 ], [ 132.728380692208475, 34.502025308740798 ], [ 132.728931122528763, 34.501779368352324 ], [ 132.729626821932698, 34.501878127960552 ], [ 132.731083825403033, 34.50148838734475 ], [ 132.731837087504175, 34.500401428505313 ], [ 132.732716780589072, 34.500108015737858 ], [ 132.733135071775081, 34.499704908994474 ], [ 132.735381210391978, 34.499441294771216 ], [ 132.735989464101777, 34.49953042159985 ], [ 132.737035048523808, 34.500562922748699 ], [ 132.737548977741, 34.500797146083471 ], [ 132.738616124812722, 34.502072931107527 ], [ 132.738618366712103, 34.50240167916909 ], [ 132.739197407845865, 34.502862510588386 ], [ 132.73931238720877, 34.503336233755775 ], [ 132.73904152979793, 34.503855732222604 ], [ 132.739116078658867, 34.504301622267903 ], [ 132.739817179074521, 34.505104592027365 ], [ 132.739795439654358, 34.505315840599266 ], [ 132.740423322383208, 34.505015241469657 ], [ 132.741403731585478, 34.50512737591739 ], [ 132.742318259043827, 34.504924714612976 ], [ 132.742503043155693, 34.505667715635269 ], [ 132.742807776824236, 34.506142936280348 ], [ 132.742863985750176, 34.50673300708101 ], [ 132.743156762097186, 34.50715715325574 ], [ 132.743816243912761, 34.507521943027463 ], [ 132.74518754180113, 34.507702476682262 ], [ 132.746235021464003, 34.508562915867671 ], [ 132.746238111833037, 34.510687187571726 ], [ 132.746715790916198, 34.511017612971443 ], [ 132.74693166475484, 34.511493246172634 ], [ 132.747565606036346, 34.512069311582849 ], [ 132.748264070845494, 34.512447445697958 ], [ 132.748852741788397, 34.512550003665027 ], [ 132.749031565075398, 34.512902158817958 ], [ 132.749109894198853, 34.513950243674124 ], [ 132.74980028198172, 34.515640285968416 ], [ 132.750839127338878, 34.516353299760119 ], [ 132.751399070024434, 34.515492745581639 ], [ 132.751177883275687, 34.513638191211399 ], [ 132.751642045233865, 34.51309447938835 ], [ 132.751654567816956, 34.512786064985953 ], [ 132.752334921958067, 34.512681375981394 ] ] ] } },
{ "type": "Feature", "properties": { "CITY_NAME": "東広島市", "S_NAME": "高屋高美が丘一丁目", "JINKO": 416, "medical_area": "34_広島中央医療圏", "町丁目名": "東広島市高屋高美が丘一丁目" }, "geometry": { "type": "Polygon", "coordinates": [ [ [ 132.790940078007509, 34.459006850514974 ], [ 132.789312504301051, 34.454803742335443 ], [ 132.789311006549042, 34.45509546544497 ], [ 132.788259720687705, 34.455445291794774 ], [ 132.787841863850417, 34.455434908305534 ], [ 132.787302874061396, 34.455988155450406 ], [ 132.78655977189581, 34.45641511333956 ], [ 132.786583064682418, 34.456743754313017 ], [ 132.786938462410291, 34.457040685342356 ], [ 132.787499978183291, 34.457949564617898 ], [ 132.7866005269467, 34.457827277728271 ], [ 132.786560052240446, 34.458000457984902 ], [ 132.787183590057253, 34.458354325704143 ], [ 132.787169826296662, 34.458546243358541 ], [ 132.788107003758483, 34.458306614443117 ], [ 132.788155756667635, 34.459272503512629 ], [ 132.788434243888162, 34.459544476228871 ], [ 132.789064651330051, 34.459669128132752 ], [ 132.790940078007509, 34.459006850514974 ] ] ] } },
{ "type": "Feature", "properties": { "CITY_NAME": "東広島市", "S_NAME": "高屋高美が丘二丁目", "JINKO": 342, "medical_area": "34_広島中央医療圏", "町丁目名": "東広島市高屋高美が丘二丁目" }, "geometry": { "type": "Polygon", "coordinates": [ [ [ 132.790956254972087, 34.454306595766305 ], [ 132.789857410364704, 34.453754206070826 ], [ 132.789229681905141, 34.454112839133188 ], [ 132.789312504301051, 34.454803742335443 ], [ 132.790269192428269, 34.457308326277087 ], [ 132.792082241978221, 34.456829880729416 ], [ 132.791436342763546, 34.456121749742969 ], [ 132.792169995957096, 34.455456471190978 ], [ 132.791432289185195, 34.455334651284254 ], [ 132.790956254972087, 34.454306595766305 ] ] ] } },
{ "type": "Feature", "properties": { "CITY_NAME": "東広島市", "S_NAME": "高屋高美が丘三丁目", "JINKO": 623, "medical_area": "34_広島中央医療圏", "町丁目名": "東広島市高屋高美が丘三丁目" }, "geometry": { "type": "Polygon", "coordinates": [ [ [ 132.794599350335261, 34.457275864959087 ], [ 132.795392261245524, 34.457420625381801 ], [ 132.796304427606458, 34.457895077284689 ], [ 132.796822458879689, 34.458245933741502 ], [ 132.79696133987045, 34.458693146252735 ], [ 132.79741407760585, 34.458930948979258 ], [ 132.797907776216931, 34.45872272880851 ], [ 132.797964612233784, 34.458426768167506 ], [ 132.798402408807561, 34.457925283414831 ], [ 132.799237881767198, 34.45747525694464 ], [ 132.799965828950775, 34.456652079924758 ], [ 132.800104913803523, 34.456231169674268 ], [ 132.799629411625403, 34.456175749749704 ], [ 132.799030470181577, 34.45559077074499 ], [ 132.798106907756647, 34.455385542635732 ], [ 132.797493906098737, 34.456145710704305 ], [ 132.797587401746398, 34.456805582645799 ], [ 132.796744875205519, 34.45648980483206 ], [ 132.796444079413874, 34.455748897912336 ], [ 132.796020367402861, 34.455797736590782 ], [ 132.794224595870247, 34.455256757204324 ], [ 132.793151025580642, 34.455214168365522 ], [ 132.792892370856663, 34.45551131752724 ], [ 132.792169995957096, 34.455456471190978 ], [ 132.791450010949944, 34.456096042606319 ], [ 132.792082241978221, 34.456829880729387 ], [ 132.790269192428269, 34.457308326277087 ], [ 132.790940078007509, 34.459006850514974 ], [ 132.792074135507875, 34.458635312216266 ], [ 132.792882136536633, 34.457731737767801 ], [ 132.794599350335261, 34.457275864959087 ] ] ] } },
{ "type": "Feature", "properties": { "CITY_NAME": "東広島市", "S_NAME": "高屋高美が丘四丁目", "JINKO": 1230, "medical_area": "34_広島中央医療圏", "町丁目名": "東広島市高屋高美が丘四丁目" }, "geometry": { "type": "Polygon", "coordinates": [ [ [ 132.795089220113823, 34.461342482289581 ], [ 132.795575506082002, 34.460679600657187 ], [ 132.795918336561869, 34.460864739133015 ], [ 132.79673178704283, 34.45957838659757 ], [ 132.79741407760585, 34.458930948979258 ], [ 132.79696133987045, 34.458693146252735 ], [ 132.796822458879689, 34.458245933741502 ], [ 132.796304427606458, 34.457895077284689 ], [ 132.795150091810427, 34.457339764442288 ], [ 132.794244191361429, 34.457345467098975 ], [ 132.792882136536633, 34.457731737767801 ], [ 132.792074135507875, 34.458635312216266 ], [ 132.790940078007509, 34.459006850514974 ], [ 132.792293637598164, 34.462492306757376 ], [ 132.794346291514785, 34.461936122869254 ], [ 132.795089220113823, 34.461342482289581 ] ] ] } },
{ "type": "Feature", "properties": { "CITY_NAME": "東広島市", "S_NAME": "高屋高美が丘五丁目", "JINKO": 902, "medical_area": "34_広島中央医療圏", "町丁目名": "東広島市高屋高美が丘五丁目" }, "geometry": { "type": "Polygon", "coordinates": [ [ [ 132.792293637598164, 34.462492306757362 ], [ 132.790940078007509, 34.459006850514974 ], [ 132.789064651330051, 34.459669128132752 ], [ 132.789487358453016, 34.459809355019821 ], [ 132.789827050975106, 34.460227923752107 ], [ 132.789560847151762, 34.46038128335546 ], [ 132.78908937009237, 34.460223698425047 ], [ 132.788787728462097, 34.460817417864767 ], [ 132.789457796037482, 34.4621294413313 ], [ 132.790803090506415, 34.462620019424541 ], [ 132.792293637598164, 34.462492306757362 ] ] ] } },
{ "type": "Feature", "properties": { "CITY_NAME": "東広島市", "S_NAME": "高屋高美が丘六丁目", "JINKO": 417, "medical_area": "34_広島中央医療圏", "町丁目名": "東広島市高屋高美が丘六丁目" }, "geometry": { "type": "Polygon", "coordinates": [ [ [ 132.788925628350995, 34.464242521479456 ], [ 132.790149722210828, 34.462475347121384 ], [ 132.789958515046123, 34.462318853147394 ], [ 132.78894095070595, 34.463732677690842 ], [ 132.787690116757233, 34.463241450743759 ], [ 132.787441491532519, 34.463393586890774 ], [ 132.787440658158545, 34.463874198841651 ], [ 132.787263263540666, 34.46412090490859 ], [ 132.786949222968218, 34.464166322943321 ], [ 132.786329534406605, 34.464600241288707 ], [ 132.786243734318873, 34.465120163808102 ], [ 132.78681861409467, 34.465580781630173 ], [ 132.786326107786323, 34.466329146000682 ], [ 132.786745631461713, 34.466841693676415 ], [ 132.789020742339176, 34.466571973111698 ], [ 132.788740784191418, 34.46506848084978 ], [ 132.788925628350995, 34.464242521479456 ] ] ] } },
{ "type": "Feature", "properties": { "CITY_NAME": "東広島市", "S_NAME": "高屋高美が丘七丁目", "JINKO": 577, "medical_area": "34_広島中央医療圏", "町丁目名": "東広島市高屋高美が丘七丁目" }, "geometry": { "type": "Polygon", "coordinates": [ [ [ 132.792406812638006, 34.46279499202398 ], [ 132.792293637598164, 34.462492306757362 ], [ 132.79145079452212, 34.462648791342907 ], [ 132.790149722210828, 34.462475347121384 ], [ 132.788772829741418, 34.46463503583638 ], [ 132.789020742339176, 34.466571973111698 ], [ 132.790079792816442, 34.466352421582698 ], [ 132.790814827968518, 34.465826752106075 ], [ 132.792272188332845, 34.463657042421019 ], [ 132.792406812638006, 34.46279499202398 ] ] ] } },
{ "type": "Feature", "properties": { "CITY_NAME": "東広島市", "S_NAME": "高屋高美が丘八丁目", "JINKO": 716, "medical_area": "34_広島中央医療圏", "町丁目名": "東広島市高屋高美が丘八丁目" }, "geometry": { "type": "Polygon", "coordinates": [ [ [ 132.791854510241564, 34.465371202937732 ], [ 132.792289035010242, 34.464144891893604 ], [ 132.79273946287131, 34.464264265082114 ], [ 132.793723046258521, 34.463975623662698 ], [ 132.794174396840816, 34.464452770756388 ], [ 132.794911858001001, 34.464616707771093 ], [ 132.79559447403355, 34.463402611547806 ], [ 132.795533356204743, 34.463052469204236 ], [ 132.795799955813862, 34.462946564279655 ], [ 132.796223104799736, 34.462368808238139 ], [ 132.797178446891024, 34.462037740266538 ], [ 132.797430365778922, 34.461351419659891 ], [ 132.797304439534685, 34.461011335560478 ], [ 132.796774581147019, 34.46107128749604 ], [ 132.796042591728451, 34.460679986470993 ], [ 132.795918336561869, 34.460864739133015 ], [ 132.795575506082002, 34.460679600657187 ], [ 132.794535659015366, 34.46183893141103 ], [ 132.792293637598164, 34.462492306757362 ], [ 132.792446788500001, 34.463030724087865 ], [ 132.792370562866694, 34.463449752279885 ], [ 132.79130045451285, 34.46514770390705 ], [ 132.791854510241564, 34.465371202937732 ] ] ] } },
{ "type": "Feature", "properties": { "CITY_NAME": "東広島市", "S_NAME": "高屋高美が丘九丁目", "JINKO": 895, "medical_area": "34_広島中央医療圏", "町丁目名": "東広島市高屋高美が丘九丁目" }, "geometry": { "type": "Polygon", "coordinates": [ [ [ 132.789861438073473, 34.469405105545619 ], [ 132.79126104671036, 34.468346672265 ], [ 132.790999746251572, 34.467570477645523 ], [ 132.791031943973962, 34.466751781260989 ], [ 132.791906164843965, 34.4655995517044 ], [ 132.791854510241564, 34.465371202937732 ], [ 132.79130045451285, 34.46514770390705 ], [ 132.790578683794507, 34.466073769320204 ], [ 132.789815967651293, 34.466438997665982 ], [ 132.786745631461713, 34.466841693676415 ], [ 132.786876415023215, 34.467642786841971 ], [ 132.787415495315543, 34.4678299027129 ], [ 132.787610240936345, 34.468937315301702 ], [ 132.787791107828895, 34.469160212623287 ], [ 132.787966815124491, 34.469081417191752 ], [ 132.78826094063686, 34.469319649400575 ], [ 132.787647348942869, 34.470583341740131 ], [ 132.78857163802067, 34.470413093983431 ], [ 132.789758811586807, 34.469826657997146 ], [ 132.789861438073473, 34.469405105545619 ] ] ] } },
{ "type": "Feature", "properties": { "CITY_NAME": "東広島市", "S_NAME": "志和町志和西", "JINKO": 744, "medical_area": "34_広島中央医療圏", "町丁目名": "東広島市志和町志和西" }, "geometry": { "type": "Polygon", "coordinates": [ [ [ 132.644489467793932, 34.493685453972617 ], [ 132.647871945788324, 34.491786746981219 ], [ 132.648781533306163, 34.492417745384913 ], [ 132.648555093495162, 34.492646695670018 ], [ 132.648420418505481, 34.493314353086902 ], [ 132.648744517830323, 34.494697050080752 ], [ 132.651182698934377, 34.496465068416605 ], [ 132.652090643713194, 34.497751471207359 ], [ 132.652229940626228, 34.498188854394115 ], [ 132.652847103911938, 34.497725078403363 ], [ 132.653443693281247, 34.49768734447413 ], [ 132.654059334479797, 34.497270616133456 ], [ 132.653488393843446, 34.49652055165658 ], [ 132.653257591992201, 34.49592802318422 ], [ 132.653557263885801, 34.49554481183857 ], [ 132.655080487028215, 34.494765958352239 ], [ 132.657926187138088, 34.497445284874253 ], [ 132.658848765882709, 34.499509423958244 ], [ 132.660108652585933, 34.498691565123714 ], [ 132.660807825910865, 34.498975527710435 ], [ 132.662907696842751, 34.499080671243746 ], [ 132.6638992778621, 34.498808147304914 ], [ 132.664926074520821, 34.498785784318891 ], [ 132.664405657007364, 34.497957812978299 ], [ 132.664439417487216, 34.497177443591731 ], [ 132.664661599103141, 34.496781982686784 ], [ 132.664216995166271, 34.495990182717065 ], [ 132.664594651256522, 34.49536166833979 ], [ 132.664524951600043, 34.494657361865869 ], [ 132.663092106196729, 34.493319797811445 ], [ 132.662387943894629, 34.49234521811254 ], [ 132.662467096961535, 34.490889929877227 ], [ 132.662932664034514, 34.490155414553897 ], [ 132.662843742715381, 34.488874632613843 ], [ 132.663357908949337, 34.488204715264317 ], [ 132.661598676201265, 34.486532918156328 ], [ 132.659530052462628, 34.482070286493922 ], [ 132.657708368904736, 34.484364959092588 ], [ 132.65622661000188, 34.476703560287206 ], [ 132.654754949834626, 34.476404751901093 ], [ 132.6546175727932, 34.475317406707212 ], [ 132.655085627674481, 34.475119738355644 ], [ 132.65540735440743, 34.471589242989502 ], [ 132.654849410326193, 34.471231139078427 ], [ 132.654519333018129, 34.470805635528038 ], [ 132.653977828772184, 34.470727499856608 ], [ 132.653622396367467, 34.470305614877319 ], [ 132.652110231823258, 34.469769431391569 ], [ 132.651846718186448, 34.469518607605124 ], [ 132.65112197485405, 34.469398924225217 ], [ 132.65010057857225, 34.468457608955333 ], [ 132.649446134585133, 34.467277481014378 ], [ 132.648949979935225, 34.467212947437339 ], [ 132.648526169657259, 34.466907809445026 ], [ 132.647668010867534, 34.466792856003075 ], [ 132.647201030300323, 34.466366037149761 ], [ 132.646708377787803, 34.465288092598591 ], [ 132.646415329083567, 34.465064278651951 ], [ 132.645731482449719, 34.46491341389379 ], [ 132.645708564808274, 34.465544443285658 ], [ 132.646335312542789, 34.466140244594783 ], [ 132.646450702681705, 34.466606057715545 ], [ 132.645822591164858, 34.46745808275405 ], [ 132.645207279703783, 34.467866607034587 ], [ 132.645098962975709, 34.46821285754563 ], [ 132.644764277587683, 34.468442508503166 ], [ 132.644676207893099, 34.46882741596341 ], [ 132.643872148386151, 34.469112710639578 ], [ 132.644886396570485, 34.470256099183196 ], [ 132.645533419124831, 34.472200885883076 ], [ 132.644253965266756, 34.472685392395142 ], [ 132.642490857570721, 34.473001885288362 ], [ 132.642272568454473, 34.472812144976743 ], [ 132.641902908599008, 34.473079534842142 ], [ 132.640716451025668, 34.473210634873261 ], [ 132.638623597681203, 34.474257466941843 ], [ 132.638005083663273, 34.474919239879142 ], [ 132.637808395535018, 34.475376260481497 ], [ 132.6382129445646, 34.475966474267182 ], [ 132.639416971560024, 34.477000564219338 ], [ 132.640117729038195, 34.47783797211661 ], [ 132.640653871562336, 34.479488940395072 ], [ 132.643045155767993, 34.481936745005079 ], [ 132.642573306400124, 34.48227876976312 ], [ 132.642940152167967, 34.482740784723731 ], [ 132.642290416038378, 34.483055186455829 ], [ 132.640615197755096, 34.483273687526676 ], [ 132.640388008051929, 34.482584050946976 ], [ 132.639615812220114, 34.483256285313807 ], [ 132.638718787694273, 34.483538379641082 ], [ 132.637831572881964, 34.483608427448544 ], [ 132.637789647322677, 34.484286990194192 ], [ 132.636778041553981, 34.485347785371694 ], [ 132.636812624864859, 34.486616554882389 ], [ 132.636391791781705, 34.486963424208334 ], [ 132.636268032983537, 34.487409025581897 ], [ 132.633606970809154, 34.490157996269616 ], [ 132.63283578352852, 34.490044016890685 ], [ 132.632339322559176, 34.490198316940237 ], [ 132.631366542146338, 34.490816590949095 ], [ 132.629526158412773, 34.491646470135578 ], [ 132.625284342319617, 34.493110611291534 ], [ 132.623875174879601, 34.494154584409955 ], [ 132.62599069754657, 34.496327960151689 ], [ 132.626278118522606, 34.497333929257614 ], [ 132.627277335470211, 34.49760627075829 ], [ 132.628426536078933, 34.498269498757985 ], [ 132.628774007050083, 34.49948863619494 ], [ 132.629744396775351, 34.501355921571232 ], [ 132.630816942078951, 34.502751894577692 ], [ 132.631125011090234, 34.503890449369493 ], [ 132.631029911556425, 34.505384390654051 ], [ 132.631183288822143, 34.505579043752419 ], [ 132.63186262002074, 34.504778883808513 ], [ 132.633269890039003, 34.503921424317859 ], [ 132.63412933406363, 34.502764889498515 ], [ 132.634951730521635, 34.502144619314009 ], [ 132.636430162372704, 34.501323636087761 ], [ 132.637689623474245, 34.500260915827027 ], [ 132.639430745668278, 34.499620036200959 ], [ 132.640236786845122, 34.497501174572207 ], [ 132.640620605113213, 34.497236276080244 ], [ 132.641219676789092, 34.496267785260379 ], [ 132.642587014415028, 34.494962040521457 ], [ 132.644489467793932, 34.493685453972617 ] ] ] } },
{ "type": "Feature", "properties": { "CITY_NAME": "東広島市", "S_NAME": "志和町別府", "JINKO": 860, "medical_area": "34_広島中央医療圏", "町丁目名": "東広島市志和町別府" }, "geometry": { "type": "Polygon", "coordinates": [ [ [ 132.631366542146338, 34.490816590949095 ], [ 132.63260886770604, 34.490095590322802 ], [ 132.633606970809154, 34.490157996269616 ], [ 132.636268032983537, 34.487409025581897 ], [ 132.636391791781705, 34.486963424208334 ], [ 132.636863274756308, 34.486510430918472 ], [ 132.636902182800867, 34.486267995348413 ], [ 132.636736872094701, 34.486162558351594 ], [ 132.636778041553981, 34.485347785371694 ], [ 132.637789647322677, 34.484286990194192 ], [ 132.637831572881964, 34.483608427448544 ], [ 132.638718787694273, 34.483538379641082 ], [ 132.639615812220114, 34.483256285313807 ], [ 132.640388008051929, 34.482584050946976 ], [ 132.640615197755096, 34.483273687526676 ], [ 132.642290416038378, 34.483055186455829 ], [ 132.642940152167967, 34.482740784723731 ], [ 132.642573306400124, 34.48227876976312 ], [ 132.643045155767993, 34.481936745005079 ], [ 132.640653871562336, 34.479488940395072 ], [ 132.640117729038195, 34.47783797211661 ], [ 132.639416971560024, 34.477000564219338 ], [ 132.63804541875237, 34.475781883091464 ], [ 132.637419310006237, 34.474692027684227 ], [ 132.636317449885098, 34.474022785925484 ], [ 132.635084578701509, 34.473850869100758 ], [ 132.634497647596362, 34.47338389175728 ], [ 132.634409160154803, 34.473255197281233 ], [ 132.635239268644483, 34.472711947069946 ], [ 132.631958092628139, 34.468286635443896 ], [ 132.63082390603364, 34.466457711764839 ], [ 132.628732412601607, 34.467429003633164 ], [ 132.627876320104775, 34.467323061129179 ], [ 132.62662419663971, 34.467587809814802 ], [ 132.626127109734796, 34.467931837465329 ], [ 132.626096256657576, 34.468244534954096 ], [ 132.624022310088179, 34.468508250189743 ], [ 132.623836913567857, 34.468095079395944 ], [ 132.62346445772161, 34.468138729041499 ], [ 132.623281790271989, 34.467936283029147 ], [ 132.623534981201828, 34.467637548592407 ], [ 132.622501944744812, 34.46803413135622 ], [ 132.621987290304702, 34.468005618233846 ], [ 132.620747421885966, 34.468747650955876 ], [ 132.622099969738827, 34.469465270136048 ], [ 132.622278142914524, 34.470574341017063 ], [ 132.62024753158795, 34.472724431072891 ], [ 132.620218826817421, 34.473115717801072 ], [ 132.620942748741868, 34.474907087196762 ], [ 132.621483147182261, 34.475547141134875 ], [ 132.617612241020709, 34.47780614593411 ], [ 132.616852694544946, 34.477736819794146 ], [ 132.617163300577971, 34.476734408809868 ], [ 132.616622293179148, 34.476457908396149 ], [ 132.615687357398144, 34.477213842508462 ], [ 132.615114781552649, 34.477037325079685 ], [ 132.614900319784994, 34.476806388745743 ], [ 132.614589544194786, 34.476822458804136 ], [ 132.614290576465265, 34.47712119960719 ], [ 132.613661040028347, 34.477179283218199 ], [ 132.613024132354326, 34.476884100459777 ], [ 132.612709762733147, 34.476895952367144 ], [ 132.610793862605959, 34.477680214838806 ], [ 132.609786630379176, 34.477212953626953 ], [ 132.609517804226158, 34.477248859904691 ], [ 132.608751946933381, 34.477744371231594 ], [ 132.609380185940608, 34.478067221141565 ], [ 132.609282476966229, 34.478687939717645 ], [ 132.605535534021158, 34.481293312909358 ], [ 132.605488682786671, 34.481481956953964 ], [ 132.605625233174322, 34.481521331381337 ], [ 132.601561924664736, 34.483715565301416 ], [ 132.601686288613763, 34.484600176027087 ], [ 132.602022235966047, 34.484903389090128 ], [ 132.60194984177204, 34.485522746480136 ], [ 132.602832669690599, 34.486815838856117 ], [ 132.60520148967862, 34.488656507446201 ], [ 132.606641795415953, 34.489036740084352 ], [ 132.609755946042043, 34.490478091230749 ], [ 132.611533457316682, 34.49082717810365 ], [ 132.613260452267042, 34.49093709443337 ], [ 132.614161915018229, 34.491242288943397 ], [ 132.615896589468434, 34.490857707012722 ], [ 132.618994397984636, 34.490876851808324 ], [ 132.619810904706441, 34.491416428377796 ], [ 132.620182814866439, 34.491479000103475 ], [ 132.622325223426714, 34.493235459363014 ], [ 132.623875174879601, 34.494154584409955 ], [ 132.625284342319617, 34.493110611291534 ], [ 132.628962538719492, 34.491872004494276 ], [ 132.631366542146338, 34.490816590949095 ] ] ] } },
{ "type": "Feature", "properties": { "CITY_NAME": "東広島市", "S_NAME": "志和町奥屋", "JINKO": 480, "medical_area": "34_広島中央医療圏", "町丁目名": "東広島市志和町奥屋" }, "geometry": { "type": "Polygon", "coordinates": [ [ [ 132.617612241020709, 34.47780614593411 ], [ 132.621483147182261, 34.475547141134847 ], [ 132.620942748741868, 34.474907087196719 ], [ 132.620218826817421, 34.473115717801072 ], [ 132.62024753158795, 34.472724431072876 ], [ 132.622278142914524, 34.470574341017063 ], [ 132.62220907306417, 34.469690248978317 ], [ 132.622099969738827, 34.469465270136048 ], [ 132.620747421885966, 34.468747650955876 ], [ 132.621987290304702, 34.468005618233846 ], [ 132.622501944744812, 34.46803413135622 ], [ 132.623534981201828, 34.467637548592407 ], [ 132.623281790271989, 34.467936283029147 ], [ 132.62346445772161, 34.468138729041499 ], [ 132.623836913567857, 34.468095079395944 ], [ 132.624022310088179, 34.468508250189743 ], [ 132.626096256657576, 34.468244534954096 ], [ 132.626127109734796, 34.467931837465329 ], [ 132.62662419663971, 34.467587809814802 ], [ 132.627876320104775, 34.467323061129179 ], [ 132.628732412601607, 34.467429003633164 ], [ 132.631835365217626, 34.465952812148437 ], [ 132.630152556579247, 34.463334160665916 ], [ 132.631438952070511, 34.462968384069171 ], [ 132.631363329726014, 34.462175735125101 ], [ 132.631517836263839, 34.461632251339147 ], [ 132.631525698041372, 34.460328352002477 ], [ 132.631413329261164, 34.459907303215083 ], [ 132.630531097543326, 34.45881399983395 ], [ 132.629694385529376, 34.457359895619199 ], [ 132.630649530110759, 34.456468668963169 ], [ 132.631376824973643, 34.456053304123394 ], [ 132.63199107679867, 34.455946161465128 ], [ 132.632266283759719, 34.4540498777598 ], [ 132.632088037425547, 34.452368038413603 ], [ 132.631461683184511, 34.451821465736316 ], [ 132.631293504459194, 34.451400207850938 ], [ 132.631083792483508, 34.450679202761407 ], [ 132.631087631208942, 34.450267435711282 ], [ 132.631261435919384, 34.450048289546196 ], [ 132.630757503827425, 34.449978924390805 ], [ 132.630444038682327, 34.449597519218081 ], [ 132.628987134164419, 34.449258476030977 ], [ 132.627856769040989, 34.448711107928524 ], [ 132.625646174505192, 34.447369207935431 ], [ 132.623828963595173, 34.446529113966996 ], [ 132.622937597335607, 34.445813449859678 ], [ 132.622576096914031, 34.446313611051039 ], [ 132.621407030919755, 34.44689100615026 ], [ 132.620414484666327, 34.447899074709163 ], [ 132.619905689385604, 34.447979279924027 ], [ 132.618172627809457, 34.44730626881752 ], [ 132.615155495347608, 34.446741051305537 ], [ 132.614489845584473, 34.447602924206464 ], [ 132.613656460356481, 34.448309745233878 ], [ 132.612800150018188, 34.448561075388007 ], [ 132.613029752452604, 34.449305292623073 ], [ 132.61357452136491, 34.44980705318121 ], [ 132.613903632362963, 34.451145511502681 ], [ 132.613470643208302, 34.451599560484397 ], [ 132.612381450907577, 34.452025851066772 ], [ 132.611280569430107, 34.454186394079343 ], [ 132.61069378657632, 34.454737477912445 ], [ 132.609127559339555, 34.455384507452109 ], [ 132.607719174582371, 34.456574550981045 ], [ 132.606933653078471, 34.456829243598079 ], [ 132.604605810548065, 34.456089578515979 ], [ 132.603493833570695, 34.45598817677817 ], [ 132.602498880113473, 34.456676188166099 ], [ 132.601843735528234, 34.456808535716974 ], [ 132.601240990663143, 34.457289197320392 ], [ 132.600643997401278, 34.457453871921409 ], [ 132.600797243804436, 34.457556867196189 ], [ 132.600899835865988, 34.458148284254086 ], [ 132.601645322269661, 34.459783358045605 ], [ 132.600929296857487, 34.460585879112536 ], [ 132.60078602812689, 34.462394550728931 ], [ 132.601682014740362, 34.463339405114937 ], [ 132.601714837295958, 34.463912615112136 ], [ 132.602009268037108, 34.464205416657428 ], [ 132.602287957092187, 34.464938058214813 ], [ 132.602498641448932, 34.465069299755307 ], [ 132.602404268457065, 34.465653667724261 ], [ 132.603056356114479, 34.466553735266778 ], [ 132.60275552310739, 34.467255335851867 ], [ 132.602634915495514, 34.468346774192248 ], [ 132.603350713154015, 34.468901912786713 ], [ 132.60358659001426, 34.469287326106326 ], [ 132.603938999333934, 34.469449048896593 ], [ 132.604110794103292, 34.470020492245489 ], [ 132.605066923481218, 34.471088772836076 ], [ 132.606088044320131, 34.471888607017604 ], [ 132.606350730750648, 34.473042195325654 ], [ 132.607095934575568, 34.473960212927203 ], [ 132.607019895149648, 34.474257570607087 ], [ 132.606335771185741, 34.474897020176897 ], [ 132.606111613209265, 34.475339719236437 ], [ 132.605932369642375, 34.476384031036091 ], [ 132.607088143794329, 34.477464404343905 ], [ 132.608776185711491, 34.477712025091932 ], [ 132.609686372450739, 34.477200213931226 ], [ 132.610478800075697, 34.477618250184932 ], [ 132.610903242007623, 34.47767263533057 ], [ 132.612709762733147, 34.476895952367144 ], [ 132.613024132354326, 34.476884100459777 ], [ 132.613661040028347, 34.477179283218199 ], [ 132.614290576465265, 34.47712119960719 ], [ 132.614589544194786, 34.476822458804136 ], [ 132.614900319784994, 34.476806388745743 ], [ 132.615114781552649, 34.477037325079685 ], [ 132.615687357398144, 34.477213842508462 ], [ 132.616622293179148, 34.476457908396149 ], [ 132.617163300577971, 34.476734408809868 ], [ 132.616852694544946, 34.477736819794146 ], [ 132.617612241020709, 34.47780614593411 ] ] ] } },
{ "type": "Feature", "properties": { "CITY_NAME": "東広島市", "S_NAME": "志和町冠", "JINKO": 573, "medical_area": "34_広島中央医療圏", "町丁目名": "東広島市志和町冠" }, "geometry": { "type": "Polygon", "coordinates": [ [ [ 132.652329829250533, 34.466946030474709 ], [ 132.652636694737254, 34.466609130072136 ], [ 132.65160832406761, 34.465950713520975 ], [ 132.651023314641037, 34.465152910444708 ], [ 132.650324374302699, 34.464760403879318 ], [ 132.649865282728456, 34.463152541573123 ], [ 132.650407537105053, 34.463083348308558 ], [ 132.650940158339495, 34.463222812163302 ], [ 132.651427743945419, 34.462215945278018 ], [ 132.65186725355781, 34.46185063034919 ], [ 132.652274128878418, 34.46181140503279 ], [ 132.65246820161957, 34.462137868068034 ], [ 132.652984964712147, 34.461970861465616 ], [ 132.653732803594522, 34.461349906348865 ], [ 132.653747075876709, 34.460835680373343 ], [ 132.653943131951593, 34.46055964269074 ], [ 132.654999944664581, 34.460329618255827 ], [ 132.656610310897094, 34.459495721489368 ], [ 132.656764472416768, 34.45935000897633 ], [ 132.656711726413221, 34.458799705190124 ], [ 132.657314188771011, 34.458141266535876 ], [ 132.656832184172004, 34.457841738993849 ], [ 132.656557757289193, 34.457268796700525 ], [ 132.656693132478296, 34.456840859317921 ], [ 132.657137082604464, 34.456879087176823 ], [ 132.657299208467379, 34.456671359420817 ], [ 132.6559098839314, 34.455951873330193 ], [ 132.655410154858828, 34.456094879307301 ], [ 132.655003674305789, 34.455233540617286 ], [ 132.654662390896647, 34.455119672646269 ], [ 132.654178703220936, 34.455323042932768 ], [ 132.6538042950109, 34.455793487627744 ], [ 132.652944467437806, 34.456170772920309 ], [ 132.65295862906666, 34.456515984685474 ], [ 132.652315692731008, 34.456532906543011 ], [ 132.651714069273368, 34.456187209144112 ], [ 132.651673912135919, 34.456455018225306 ], [ 132.650599925797252, 34.45676706713666 ], [ 132.648931813721248, 34.459019514584661 ], [ 132.648649056441769, 34.459805965978262 ], [ 132.648338616118735, 34.458987055012095 ], [ 132.647930446889887, 34.458591554386544 ], [ 132.648063211976591, 34.457656935414199 ], [ 132.648723832186391, 34.456773487740534 ], [ 132.649759755687825, 34.455875170589238 ], [ 132.650050349200114, 34.455308999119062 ], [ 132.64972626070653, 34.454614672684095 ], [ 132.648875857505629, 34.454606619156166 ], [ 132.647900162816455, 34.454879377999021 ], [ 132.648759329803283, 34.453328416602879 ], [ 132.648696896346507, 34.452917471862783 ], [ 132.648839730867337, 34.452598265975624 ], [ 132.648621711251167, 34.451708982935706 ], [ 132.648497555355078, 34.451483520883983 ], [ 132.648112675629221, 34.451480529367075 ], [ 132.648064265344601, 34.452081661000797 ], [ 132.647854738667661, 34.452195460892931 ], [ 132.646518170904585, 34.450707236609148 ], [ 132.646453239214736, 34.450325740282992 ], [ 132.646881612600936, 34.449929912763736 ], [ 132.646972316318767, 34.449504841933553 ], [ 132.647456247638132, 34.449316714164958 ], [ 132.648091057554922, 34.448775959082418 ], [ 132.64939406190561, 34.448305392976557 ], [ 132.650333395591161, 34.447550996314888 ], [ 132.650672397479525, 34.446915607957798 ], [ 132.650534888671103, 34.446232522638887 ], [ 132.650772529603074, 34.445690366849384 ], [ 132.650776183455775, 34.445108569075266 ], [ 132.65129721134295, 34.444652628657984 ], [ 132.65210347934854, 34.444294443635258 ], [ 132.652383187773637, 34.443737753980898 ], [ 132.652285213610838, 34.443078887545362 ], [ 132.651649604826474, 34.442764461845869 ], [ 132.650664017681265, 34.440929916286542 ], [ 132.648980428171427, 34.440539889912117 ], [ 132.648926452160424, 34.440297248215138 ], [ 132.649380252999038, 34.439633805545519 ], [ 132.649354550437579, 34.439281879943579 ], [ 132.647829564783052, 34.437968529722809 ], [ 132.647560482086192, 34.437941556509315 ], [ 132.646773588342541, 34.438143273694557 ], [ 132.645857814599964, 34.439155759092635 ], [ 132.644415188652914, 34.440226645034919 ], [ 132.644264746040932, 34.440672231456247 ], [ 132.64390211152292, 34.441036381359815 ], [ 132.643092448034338, 34.441486792671363 ], [ 132.64141601953628, 34.442111159904528 ], [ 132.640649686583231, 34.442086666314921 ], [ 132.639483842114515, 34.441628152854605 ], [ 132.639011553575301, 34.441690130376678 ], [ 132.637774304916974, 34.442614343527005 ], [ 132.637666008370445, 34.443198935893015 ], [ 132.636047806005791, 34.443485768503074 ], [ 132.635727349033886, 34.443989047704093 ], [ 132.635648377257354, 34.444552675672732 ], [ 132.634742880403536, 34.446952991347878 ], [ 132.634248303784659, 34.447559200280743 ], [ 132.633911690093214, 34.448539086166356 ], [ 132.633429476985867, 34.449009591838966 ], [ 132.633237236945178, 34.449611826275145 ], [ 132.633311717138326, 34.450298689637883 ], [ 132.633152489646733, 34.450538910765971 ], [ 132.632545762230677, 34.450569680091043 ], [ 132.631932369800012, 34.450372690400776 ], [ 132.631530731074264, 34.449961336733026 ], [ 132.630444038682327, 34.449597519218081 ], [ 132.630757503827425, 34.449978924390805 ], [ 132.631261435919384, 34.450048289546196 ], [ 132.631087631208942, 34.450267435711282 ], [ 132.631083792483508, 34.450679202761407 ], [ 132.631461683184511, 34.451821465736316 ], [ 132.632056637307386, 34.45224109673488 ], [ 132.632266283759719, 34.4540498777598 ], [ 132.63199107679867, 34.455946161465128 ], [ 132.631376824973643, 34.456053304123394 ], [ 132.630649530110759, 34.456468668963169 ], [ 132.629702757113478, 34.457313378206699 ], [ 132.630531097543326, 34.45881399983395 ], [ 132.631413329261107, 34.459907303215033 ], [ 132.631525698041372, 34.460328352002477 ], [ 132.631517836263839, 34.461632251339147 ], [ 132.631363329726014, 34.462175735125101 ], [ 132.631438952070511, 34.462968384069171 ], [ 132.630152556579247, 34.463334160665916 ], [ 132.633152236587705, 34.467828221309922 ], [ 132.633752380077226, 34.467784095588975 ], [ 132.635632463129468, 34.46660898694099 ], [ 132.636081362555871, 34.46650654503447 ], [ 132.637390736980933, 34.465324297571648 ], [ 132.638221439393391, 34.464918080268667 ], [ 132.638540046569574, 34.465274511854389 ], [ 132.638716884414436, 34.465870114509706 ], [ 132.638396643230919, 34.46612152779111 ], [ 132.638296872407608, 34.466954853781708 ], [ 132.638968558182597, 34.467195537545656 ], [ 132.641464458606833, 34.466426750722043 ], [ 132.641793058508114, 34.466765243710825 ], [ 132.642015038595645, 34.466605202318952 ], [ 132.642771955985012, 34.466579439246722 ], [ 132.643483625302451, 34.466955315232205 ], [ 132.644439018508763, 34.466756629376803 ], [ 132.645028558029765, 34.466935478621849 ], [ 132.646119526427015, 34.46691937513782 ], [ 132.646495968226787, 34.466402893522449 ], [ 132.645708564808274, 34.465544443285658 ], [ 132.645812635795522, 34.465192856409359 ], [ 132.645698821649091, 34.465001302366296 ], [ 132.646415329083567, 34.465064278651951 ], [ 132.646708377787803, 34.465288092598591 ], [ 132.6474438739248, 34.466649632137347 ], [ 132.649446134585133, 34.467277481014378 ], [ 132.65010057857225, 34.468457608955333 ], [ 132.65112197485405, 34.469398924225217 ], [ 132.652329829250533, 34.466946030474709 ] ] ] } },
{ "type": "Feature", "properties": { "CITY_NAME": "東広島市", "S_NAME": "志和流通", "JINKO": 54, "medical_area": "34_広島中央医療圏", "町丁目名": "東広島市志和流通" }, "geometry": { "type": "Polygon", "coordinates": [ [ [ 132.654691658782326, 34.469267267109309 ], [ 132.655506187004562, 34.469383048751318 ], [ 132.656905799017807, 34.468764405039551 ], [ 132.656968224243371, 34.468264645138746 ], [ 132.656313388069805, 34.467876081848267 ], [ 132.656198764211325, 34.467652845062034 ], [ 132.656628812174148, 34.467420386116352 ], [ 132.656818197216893, 34.466644160616248 ], [ 132.658056316815845, 34.46672935246179 ], [ 132.658175520254446, 34.465509961875881 ], [ 132.656952864586799, 34.465085785271796 ], [ 132.656512331071724, 34.465761873298945 ], [ 132.656086479993064, 34.465969100700399 ], [ 132.655342146029113, 34.465737672559705 ], [ 132.655101671420169, 34.465230245112394 ], [ 132.655196241809875, 34.465006315188965 ], [ 132.653469411803968, 34.465171807108547 ], [ 132.653180960372538, 34.465032369857326 ], [ 132.652956118912499, 34.464586012460686 ], [ 132.652110386638526, 34.464520906891195 ], [ 132.651884562123826, 34.464658866199223 ], [ 132.651704658543679, 34.465193179195701 ], [ 132.651673433235345, 34.465974684589654 ], [ 132.652636694737254, 34.466609130072136 ], [ 132.651743366457765, 34.468099089129957 ], [ 132.651835354060836, 34.468380738742205 ], [ 132.652295384883502, 34.468615006413373 ], [ 132.652388659909604, 34.4691104843236 ], [ 132.653432170466232, 34.468884617293391 ], [ 132.65368312930309, 34.468950390424105 ], [ 132.654155619447806, 34.469453373635424 ], [ 132.654691658782326, 34.469267267109309 ] ] ] } },
{ "type": "Feature", "properties": { "CITY_NAME": "東広島市", "S_NAME": "志和町七条椛坂", "JINKO": 829, "medical_area": "34_広島中央医療圏", "町丁目名": "東広島市志和町七条椛坂" }, "geometry": { "type": "Polygon", "coordinates": [ [ [ 132.661480046322112, 34.469671214545066 ], [ 132.662410747954368, 34.468718439323823 ], [ 132.663225759194091, 34.468321559720017 ], [ 132.667228235534623, 34.468502056401675 ], [ 132.668944042809841, 34.468797892039817 ], [ 132.670006026378076, 34.467884952470882 ], [ 132.670873178590199, 34.466727418978081 ], [ 132.671304734723861, 34.465229232361473 ], [ 132.671356536638342, 34.464018281875795 ], [ 132.672249377136694, 34.461765127636973 ], [ 132.67088465031523, 34.460689873965151 ], [ 132.670986861791647, 34.460020755590591 ], [ 132.670813253187021, 34.459672539716102 ], [ 132.670829346686844, 34.459246207486601 ], [ 132.670532296186934, 34.45852012984983 ], [ 132.670307751568572, 34.458382155804941 ], [ 132.670395471909131, 34.457784092720303 ], [ 132.670120905792601, 34.457380647415754 ], [ 132.670188405746671, 34.456827605242154 ], [ 132.670797651011696, 34.45615330681575 ], [ 132.671160712058793, 34.455461563274959 ], [ 132.670765553903266, 34.454848579559453 ], [ 132.671157030051916, 34.453617760190127 ], [ 132.670971791406004, 34.452571589503442 ], [ 132.670186512933583, 34.452182634456193 ], [ 132.670161702033454, 34.451775062867092 ], [ 132.669083440505915, 34.45189499078613 ], [ 132.669231950643677, 34.451472905276511 ], [ 132.669127105809878, 34.451223152222013 ], [ 132.668123335070391, 34.450527563799739 ], [ 132.667491483484156, 34.449543921512443 ], [ 132.666956919722224, 34.44921689217162 ], [ 132.666711524223757, 34.448386487276068 ], [ 132.666380360355589, 34.448170474282016 ], [ 132.664582771873654, 34.44830793778376 ], [ 132.663038426422617, 34.447932154340421 ], [ 132.662360854218804, 34.447936581401898 ], [ 132.661340016035012, 34.448711106750771 ], [ 132.660571757452971, 34.448844361004959 ], [ 132.658886236162772, 34.448788603307356 ], [ 132.658777447715352, 34.448542098842125 ], [ 132.658930073526591, 34.447798968198946 ], [ 132.65985374955838, 34.447390246405746 ], [ 132.660058545407423, 34.447070074796024 ], [ 132.659841355088503, 34.446295467695464 ], [ 132.659849130828917, 34.445594194161451 ], [ 132.659372779050102, 34.445016583257775 ], [ 132.658837804802431, 34.444603747055979 ], [ 132.657215563443742, 34.444141186594571 ], [ 132.656484601580246, 34.44419356446366 ], [ 132.65523540803207, 34.444659481103741 ], [ 132.654205186100967, 34.443390585932264 ], [ 132.653642368214321, 34.443154202127793 ], [ 132.652285213610838, 34.443078887545362 ], [ 132.652383187773637, 34.443737753980898 ], [ 132.652253833237495, 34.444162980484975 ], [ 132.65129721134295, 34.444652628657984 ], [ 132.650776183455775, 34.445108569075266 ], [ 132.650772529603074, 34.445690366849384 ], [ 132.650534888671103, 34.446232522638887 ], [ 132.650672397479525, 34.446915607957798 ], [ 132.650333395591161, 34.447550996314888 ], [ 132.64939406190561, 34.448305392976557 ], [ 132.648091057554922, 34.448775959082418 ], [ 132.647456247638132, 34.449316714164958 ], [ 132.646972316318767, 34.449504841933553 ], [ 132.646881612600936, 34.449929912763736 ], [ 132.646453239214736, 34.450325740282992 ], [ 132.646518170904585, 34.450707236609148 ], [ 132.647854738667661, 34.452195460892931 ], [ 132.648064265344601, 34.452081661000797 ], [ 132.648112675629221, 34.451480529367075 ], [ 132.648497555355078, 34.451483520883983 ], [ 132.648621711251167, 34.451708982935706 ], [ 132.648839730867337, 34.452598265975624 ], [ 132.648696896346507, 34.452917471862783 ], [ 132.648759329803283, 34.453328416602879 ], [ 132.647900162816455, 34.454879377999021 ], [ 132.648875857505629, 34.454606619156166 ], [ 132.64972626070653, 34.454614672684095 ], [ 132.650050349200114, 34.455308999119062 ], [ 132.649759755687853, 34.455875170589238 ], [ 132.648723832186391, 34.456773487740534 ], [ 132.648063211976591, 34.457656935414199 ], [ 132.647930446889887, 34.458591554386544 ], [ 132.648338616118735, 34.458987055012095 ], [ 132.648649056441769, 34.459805965978262 ], [ 132.648931813721248, 34.459019514584661 ], [ 132.650599925797252, 34.45676706713666 ], [ 132.651673912135919, 34.456455018225306 ], [ 132.651714069273368, 34.456187209144112 ], [ 132.652315692731008, 34.456532906543011 ], [ 132.65295862906666, 34.456515984685474 ], [ 132.652944467437806, 34.456170772920309 ], [ 132.6538042950109, 34.455793487627744 ], [ 132.654178703220936, 34.455323042932768 ], [ 132.654662390896647, 34.455119672646269 ], [ 132.655003674305789, 34.455233540617286 ], [ 132.655410154858828, 34.456094879307301 ], [ 132.6559098839314, 34.455951873330193 ], [ 132.657162731619906, 34.456510752711665 ], [ 132.657272364735149, 34.45683543838075 ], [ 132.656693132478296, 34.456840859317921 ], [ 132.656557757289193, 34.457268796700525 ], [ 132.656832184172004, 34.457841738993849 ], [ 132.657314188771011, 34.458141266535876 ], [ 132.656711726413221, 34.458799705190124 ], [ 132.656702391478888, 34.459413930203993 ], [ 132.655177833490171, 34.460256783797782 ], [ 132.653943131951593, 34.46055964269074 ], [ 132.653747075876709, 34.460835680373343 ], [ 132.653732803594522, 34.461349906348865 ], [ 132.652984964712147, 34.461970861465616 ], [ 132.65246820161957, 34.462137868068034 ], [ 132.652274128878418, 34.46181140503279 ], [ 132.65186725355781, 34.46185063034919 ], [ 132.651427743945419, 34.462215945278018 ], [ 132.650940158339495, 34.463222812163302 ], [ 132.650407537105053, 34.463083348308558 ], [ 132.649865282728456, 34.463152541573123 ], [ 132.650324374302699, 34.464760403879318 ], [ 132.651023314641037, 34.465152910444708 ], [ 132.651673433235345, 34.465974684589654 ], [ 132.651884562123826, 34.464658866199223 ], [ 132.652410818564135, 34.464483653767743 ], [ 132.652956118912499, 34.464586012460686 ], [ 132.653180960372538, 34.465032369857326 ], [ 132.653469411803968, 34.465171807108547 ], [ 132.655196241809875, 34.465006315188965 ], [ 132.655101671420169, 34.465230245112394 ], [ 132.655342146029113, 34.465737672559705 ], [ 132.656086479993064, 34.465969100700399 ], [ 132.656512331071724, 34.465761873298945 ], [ 132.656952864586799, 34.465085785271796 ], [ 132.658175520254446, 34.465509961875881 ], [ 132.658056316815845, 34.46672935246179 ], [ 132.656818197216893, 34.466644160616248 ], [ 132.656628812174148, 34.467420386116352 ], [ 132.656198764211325, 34.467652845062034 ], [ 132.656313388069805, 34.467876081848267 ], [ 132.656968224243371, 34.468264645138746 ], [ 132.65699220307738, 34.468634181273444 ], [ 132.656818971190091, 34.468822368431219 ], [ 132.655506187004562, 34.469383048751318 ], [ 132.654809175209152, 34.469243415518811 ], [ 132.654155619447806, 34.469453373635424 ], [ 132.653517209429083, 34.468891462834527 ], [ 132.652388659909604, 34.4691104843236 ], [ 132.652295384883502, 34.468615006413373 ], [ 132.651835354060836, 34.468380738742205 ], [ 132.651743366457765, 34.468099089129957 ], [ 132.65112197485405, 34.469398924225217 ], [ 132.651846718186448, 34.469518607605124 ], [ 132.652110231823258, 34.469769431391569 ], [ 132.653622396367467, 34.470305614877319 ], [ 132.653977828772184, 34.470727499856608 ], [ 132.654519333018129, 34.470805635528038 ], [ 132.654849410326193, 34.471231139078427 ], [ 132.65540735440743, 34.471589242989502 ], [ 132.655085627674481, 34.475119738355644 ], [ 132.6546175727932, 34.475317406707212 ], [ 132.654754949834626, 34.476404751901093 ], [ 132.65622661000188, 34.476703560287206 ], [ 132.656865544516251, 34.476428428360599 ], [ 132.658695791403687, 34.474896651437867 ], [ 132.660046619227387, 34.473281000769106 ], [ 132.660360921482294, 34.472795162434132 ], [ 132.661480046322112, 34.469671214545066 ] ] ] } },
{ "type": "Feature", "properties": { "CITY_NAME": "東広島市", "S_NAME": "志和町七条椛坂", "JINKO": 0, "medical_area": "34_広島中央医療圏", "町丁目名": "東広島市志和町七条椛坂" }, "geometry": { "type": "Polygon", "coordinates": [ [ [ 132.638623597681203, 34.474257466941843 ], [ 132.64092351634028, 34.473146583286749 ], [ 132.641684908466317, 34.473134473771353 ], [ 132.642272568454473, 34.472812144976743 ], [ 132.642490857570721, 34.473001885288362 ], [ 132.644253965266756, 34.472685392395142 ], [ 132.645533419124831, 34.472200885883076 ], [ 132.644886396570485, 34.470256099183196 ], [ 132.643872148386151, 34.469112710639578 ], [ 132.644676207893099, 34.46882741596341 ], [ 132.644787469086879, 34.468400862979465 ], [ 132.645098962975709, 34.46821285754563 ], [ 132.645207279703783, 34.467866607034587 ], [ 132.645822591164858, 34.46745808275405 ], [ 132.646119526427015, 34.46691937513782 ], [ 132.645028558029765, 34.466935478621849 ], [ 132.644439018508763, 34.466756629376803 ], [ 132.643483625302451, 34.466955315232205 ], [ 132.642771955985012, 34.466579439246722 ], [ 132.642015038595645, 34.466605202318952 ], [ 132.641793058508114, 34.466765243710825 ], [ 132.641464458606833, 34.466426750722043 ], [ 132.638951837169373, 34.467193771940643 ], [ 132.638296872407608, 34.466954853781708 ], [ 132.638396643230919, 34.46612152779111 ], [ 132.638716884414436, 34.465870114509706 ], [ 132.638540046569574, 34.465274511854389 ], [ 132.638221439393391, 34.464918080268667 ], [ 132.637390736980933, 34.465324297571648 ], [ 132.636081362555871, 34.46650654503447 ], [ 132.635632463129468, 34.46660898694099 ], [ 132.633642020443915, 34.467826354287389 ], [ 132.633152236587705, 34.467828221309922 ], [ 132.631889194121101, 34.465914573246017 ], [ 132.63082390603364, 34.466457711764839 ], [ 132.631958092628139, 34.468286635443896 ], [ 132.635239268644483, 34.472711947069946 ], [ 132.634409160154803, 34.473255197281233 ], [ 132.634497647596362, 34.47338389175728 ], [ 132.635084578701509, 34.473850869100758 ], [ 132.635929743320787, 34.473913414772277 ], [ 132.637079343503217, 34.474399912654803 ], [ 132.637808395535018, 34.475376260481497 ], [ 132.638005083663273, 34.474919239879142 ], [ 132.638623597681203, 34.474257466941843 ] ] ] } },
{ "type": "Feature", "properties": { "CITY_NAME": "東広島市", "S_NAME": "志和町志和東", "JINKO": 1220, "medical_area": "34_広島中央医療圏", "町丁目名": "東広島市志和町志和東" }, "geometry": { "type": "Polygon", "coordinates": [ [ [ 132.671482911388949, 34.498564981830761 ], [ 132.672455944561165, 34.497244184394582 ], [ 132.674404725228982, 34.49821321449781 ], [ 132.67453201227238, 34.497999984383561 ], [ 132.675100336529709, 34.497820689657125 ], [ 132.675563496912247, 34.497932004853681 ], [ 132.678131126865054, 34.497802068384665 ], [ 132.678485977254525, 34.49768126884635 ], [ 132.678950224639806, 34.497178415063019 ], [ 132.684773221193666, 34.49981827074658 ], [ 132.685682592876731, 34.498585533147377 ], [ 132.683907563877938, 34.494770559790425 ], [ 132.684308324730267, 34.491002012393338 ], [ 132.687422128764155, 34.489168713248347 ], [ 132.687559000532758, 34.488693291927099 ], [ 132.688960908686056, 34.487106007545933 ], [ 132.690857123069662, 34.483662283518591 ], [ 132.701078800496362, 34.488017095441577 ], [ 132.705308076705762, 34.485109462474185 ], [ 132.705975613243737, 34.484470671184191 ], [ 132.707279394457089, 34.48385666417731 ], [ 132.70809487404884, 34.483811070420344 ], [ 132.708255131741311, 34.484292381665995 ], [ 132.708861869437783, 34.48446730921335 ], [ 132.709616710818523, 34.485057536531997 ], [ 132.710059160156135, 34.484969360320775 ], [ 132.710178966776027, 34.484531174997144 ], [ 132.711276659552709, 34.483869876778201 ], [ 132.710762538465445, 34.483203081855841 ], [ 132.710769118196509, 34.482985421640677 ], [ 132.711337742249754, 34.482813573533164 ], [ 132.711926228749263, 34.482329065232946 ], [ 132.711042379060814, 34.481204010832172 ], [ 132.711055116110202, 34.480540643399642 ], [ 132.710579344582612, 34.479633368767516 ], [ 132.710560182524688, 34.47893591327086 ], [ 132.710084409262635, 34.478405860703546 ], [ 132.710325170753066, 34.476866435638634 ], [ 132.711105999584987, 34.476010175784836 ], [ 132.711200628711651, 34.475594352370877 ], [ 132.710934521680485, 34.474726560247753 ], [ 132.710550570916638, 34.474091292699825 ], [ 132.709229199579198, 34.474175778169858 ], [ 132.708239844560069, 34.474030861766877 ], [ 132.707529106051624, 34.47443124790815 ], [ 132.706857860289858, 34.474535080784548 ], [ 132.706359500341307, 34.47502509547315 ], [ 132.705685841037337, 34.474761984304244 ], [ 132.705145706938936, 34.474808743624479 ], [ 132.704114560005792, 34.47460566177265 ], [ 132.703747280516239, 34.474280618005693 ], [ 132.702728904937146, 34.474164237993079 ], [ 132.701536752977262, 34.473139200443988 ], [ 132.700611726454099, 34.473155227332114 ], [ 132.699315376951972, 34.471820158199151 ], [ 132.697753752463427, 34.47125844074327 ], [ 132.695988518264244, 34.471211739152977 ], [ 132.694674854353025, 34.470584250366045 ], [ 132.693596498248496, 34.469824871299096 ], [ 132.692436133701904, 34.469571817907678 ], [ 132.69134296519556, 34.469550325424521 ], [ 132.691031322393172, 34.468769310504968 ], [ 132.689938196698677, 34.468358739291666 ], [ 132.6882167455542, 34.46829962357014 ], [ 132.686963837793058, 34.468030713642591 ], [ 132.68455592065996, 34.466777545983625 ], [ 132.68128081876992, 34.465941690216894 ], [ 132.679755638996369, 34.464943318564053 ], [ 132.678635556084942, 34.464451609022788 ], [ 132.678151454937193, 34.464327139962265 ], [ 132.677500907059539, 34.46439916598856 ], [ 132.676909153361635, 34.46360504664397 ], [ 132.674969725186685, 34.462596082054141 ], [ 132.673681155799727, 34.462368583905551 ], [ 132.672249377136694, 34.461765127636973 ], [ 132.671356536638342, 34.464018281875795 ], [ 132.671304734723861, 34.465229232361473 ], [ 132.670960911694749, 34.466553653431966 ], [ 132.670476940343292, 34.467377592336014 ], [ 132.669399731340889, 34.46849316278113 ], [ 132.668944042809841, 34.468797892039817 ], [ 132.667228235534623, 34.468502056401675 ], [ 132.663225759194091, 34.468321559720017 ], [ 132.662410747954368, 34.468718439323823 ], [ 132.661480046322112, 34.469671214545066 ], [ 132.660360921482294, 34.472795162434132 ], [ 132.660046619227387, 34.473281000769106 ], [ 132.658695791403687, 34.474896651437867 ], [ 132.656865544516251, 34.476428428360599 ], [ 132.65622661000188, 34.476703560287206 ], [ 132.657708368904736, 34.484364959092588 ], [ 132.659530052462628, 34.482070286493922 ], [ 132.661598676201265, 34.486532918156328 ], [ 132.663357908949337, 34.488204715264317 ], [ 132.662843742715381, 34.488874632613843 ], [ 132.662932664034514, 34.490155414553897 ], [ 132.662467096961535, 34.490889929877227 ], [ 132.662387943894629, 34.49234521811254 ], [ 132.663092106196729, 34.493319797811445 ], [ 132.664524951600043, 34.494657361865869 ], [ 132.664594651256522, 34.49536166833979 ], [ 132.664216995166271, 34.495990182717065 ], [ 132.664661599103141, 34.496781982686784 ], [ 132.664439417487216, 34.497177443591731 ], [ 132.664405657007364, 34.497957812978299 ], [ 132.664771498207529, 34.498614141398704 ], [ 132.664926074520821, 34.498785784318891 ], [ 132.665791745416158, 34.498521086250044 ], [ 132.666457100999821, 34.499136177032547 ], [ 132.66692743036964, 34.499202706603519 ], [ 132.668763090950677, 34.500837173257032 ], [ 132.671482911388949, 34.498564981830761 ] ] ] } },
{ "type": "Feature", "properties": { "CITY_NAME": "東広島市", "S_NAME": "志和町内", "JINKO": 275, "medical_area": "34_広島中央医療圏", "町丁目名": "東広島市志和町内" }, "geometry": { "type": "Polygon", "coordinates": [ [ [ 132.704103700279006, 34.513016244573201 ], [ 132.705123122903473, 34.512447440116276 ], [ 132.708386503565265, 34.51242518211599 ], [ 132.711429152431151, 34.512693546328322 ], [ 132.716393949517084, 34.512827842648562 ], [ 132.718391455896978, 34.512622938023242 ], [ 132.718448196063036, 34.511886095763046 ], [ 132.718818997131933, 34.510654289698124 ], [ 132.718411115633273, 34.50937309731642 ], [ 132.718589805832636, 34.508878723125221 ], [ 132.718943713316605, 34.508642583528584 ], [ 132.720147715134857, 34.508410864296494 ], [ 132.720646727695282, 34.507976154344632 ], [ 132.720959358433987, 34.507423554064779 ], [ 132.720918766047305, 34.50702258440203 ], [ 132.721298679272053, 34.506120921214723 ], [ 132.721380343019376, 34.505398524133149 ], [ 132.721707419296052, 34.50479360204065 ], [ 132.721553034292015, 34.504089751674876 ], [ 132.722769643172768, 34.502810997186273 ], [ 132.72487470240705, 34.50198173196582 ], [ 132.725159284794444, 34.501338554883333 ], [ 132.725891367532199, 34.500770227166534 ], [ 132.726389847134243, 34.499955205722848 ], [ 132.726149037406174, 34.499576010073369 ], [ 132.726390033397649, 34.498089032761229 ], [ 132.726705157707784, 34.497602759553551 ], [ 132.727698597677261, 34.497033063710738 ], [ 132.728086055377418, 34.496330240454682 ], [ 132.728885276708752, 34.495730160449462 ], [ 132.728848057913211, 34.49530424626122 ], [ 132.727689311096896, 34.493575277159451 ], [ 132.726331878960963, 34.492881369138281 ], [ 132.726420664317772, 34.491512984401837 ], [ 132.726193171049317, 34.490989919239631 ], [ 132.726051154247301, 34.490873667306175 ], [ 132.724882255042417, 34.490854836472899 ], [ 132.724476980315671, 34.490322445044065 ], [ 132.723163611128626, 34.489808460379706 ], [ 132.722596305085318, 34.489075110460512 ], [ 132.722175588170757, 34.488790818117003 ], [ 132.722055519907116, 34.488307531819927 ], [ 132.721401105051655, 34.488024153158733 ], [ 132.72138738545371, 34.487788426851544 ], [ 132.720340023203562, 34.486998763223838 ], [ 132.719674633159002, 34.485427253571139 ], [ 132.71908429020948, 34.485260610237091 ], [ 132.717622181812061, 34.485446669003807 ], [ 132.717089162028685, 34.485110301106715 ], [ 132.716430989487975, 34.484988180528021 ], [ 132.715616218660756, 34.48438515832342 ], [ 132.714510267910157, 34.484301381729232 ], [ 132.714167707593475, 34.484048805155865 ], [ 132.712647408958105, 34.483521467081324 ], [ 132.711419826803024, 34.483454264218906 ], [ 132.710769118196509, 34.482985421640677 ], [ 132.710762538465445, 34.483203081855841 ], [ 132.711276659552709, 34.483869876778201 ], [ 132.710178966776027, 34.484531174997144 ], [ 132.710059160156135, 34.484969360320775 ], [ 132.709616710818523, 34.485057536531997 ], [ 132.708861869437783, 34.48446730921335 ], [ 132.708255131741311, 34.484292381665995 ], [ 132.70809487404884, 34.483811070420344 ], [ 132.707279394457089, 34.48385666417731 ], [ 132.705975613243737, 34.484470671184191 ], [ 132.705308076705762, 34.485109462474185 ], [ 132.701078800496362, 34.488017095441577 ], [ 132.690857123069662, 34.483662283518591 ], [ 132.688960908686056, 34.487106007545933 ], [ 132.687559000532758, 34.488693291927099 ], [ 132.687422128764155, 34.489168713248347 ], [ 132.684308324730267, 34.491002012393338 ], [ 132.683907563877938, 34.494770559790425 ], [ 132.685682592876731, 34.498585533147377 ], [ 132.688025762771218, 34.499745929934093 ], [ 132.691011982570416, 34.501870222312689 ], [ 132.692579999368689, 34.504146072456003 ], [ 132.693824994574641, 34.505137399008341 ], [ 132.69482017023779, 34.505607212062685 ], [ 132.695719480936276, 34.505392999672175 ], [ 132.696086953723295, 34.505565220586874 ], [ 132.696442487615002, 34.507067619395798 ], [ 132.698063881268496, 34.50801359047751 ], [ 132.699384134341813, 34.509695710921925 ], [ 132.700701886993983, 34.510812000930976 ], [ 132.700255330264923, 34.512429901955279 ], [ 132.70131954221236, 34.512801319236296 ], [ 132.703020775503575, 34.512740856397649 ], [ 132.703460263079052, 34.513136566627431 ], [ 132.704103700279006, 34.513016244573201 ] ] ] } },
{ "type": "Feature", "properties": { "CITY_NAME": "東広島市", "S_NAME": "志和町志和堀", "JINKO": 1113, "medical_area": "34_広島中央医療圏", "町丁目名": "東広島市志和町志和堀" }, "geometry": { "type": "Polygon", "coordinates": [ [ [ 132.677860626165369, 34.528987221868178 ], [ 132.680049147984846, 34.527656651230181 ], [ 132.681558863574281, 34.527620234231549 ], [ 132.682768897684809, 34.527074447172225 ], [ 132.683876004057623, 34.527088174133674 ], [ 132.684368052914095, 34.526573329110555 ], [ 132.684580050891469, 34.525560743581636 ], [ 132.685039304126121, 34.525194509146111 ], [ 132.685084083159666, 34.524395767243512 ], [ 132.685392885159985, 34.523887346563605 ], [ 132.685213963745639, 34.523385929322124 ], [ 132.684172213450069, 34.522765932206632 ], [ 132.684450311764778, 34.522328068150024 ], [ 132.685669422137011, 34.522419503047693 ], [ 132.687477489167037, 34.52074242119501 ], [ 132.689274632038234, 34.520281854765393 ], [ 132.689654544555509, 34.520020755871144 ], [ 132.691002122674604, 34.519999610822971 ], [ 132.691957329188938, 34.519725752780523 ], [ 132.692699398503407, 34.519320400298888 ], [ 132.694219170717957, 34.519283405632258 ], [ 132.695165189710593, 34.519019843942246 ], [ 132.696988805270678, 34.517408659544977 ], [ 132.697765549768775, 34.515211806594728 ], [ 132.698912063982334, 34.515036351541561 ], [ 132.69916005403266, 34.514844401910437 ], [ 132.699287931730908, 34.513909939152306 ], [ 132.699991025087854, 34.513196920215236 ], [ 132.700007379603591, 34.512626786075828 ], [ 132.700255330264923, 34.512429901955279 ], [ 132.700729919247522, 34.510865264020644 ], [ 132.699384134341813, 34.509695710921925 ], [ 132.698063881268496, 34.50801359047751 ], [ 132.696442487615002, 34.507067619395798 ], [ 132.696086953723295, 34.505565220586874 ], [ 132.695719480936276, 34.505392999672175 ], [ 132.69482017023779, 34.505607212062685 ], [ 132.693824994574641, 34.505137399008341 ], [ 132.692579999368689, 34.504146072456003 ], [ 132.691011982570416, 34.501870222312689 ], [ 132.688025762771218, 34.499745929934093 ], [ 132.685682592876731, 34.498585533147377 ], [ 132.684773221193666, 34.49981827074658 ], [ 132.678950224639806, 34.497178415063019 ], [ 132.678485977254525, 34.49768126884635 ], [ 132.678131126865054, 34.497802068384665 ], [ 132.675563496912247, 34.497932004853681 ], [ 132.675100336529709, 34.497820689657125 ], [ 132.67453201227238, 34.497999984383561 ], [ 132.674404725228982, 34.49821321449781 ], [ 132.672455944561165, 34.497244184394582 ], [ 132.671482911388949, 34.498564981830761 ], [ 132.668763090950677, 34.500837173257032 ], [ 132.66692743036964, 34.499202706603519 ], [ 132.666457100999821, 34.499136177032547 ], [ 132.665791745416158, 34.498521086250044 ], [ 132.662907696842751, 34.499080671243746 ], [ 132.660807825910865, 34.498975527710435 ], [ 132.660108652585933, 34.498691565123714 ], [ 132.658848765882709, 34.499509423958244 ], [ 132.657926187138031, 34.497445284874253 ], [ 132.655080487028215, 34.494765958352239 ], [ 132.653557263885801, 34.49554481183857 ], [ 132.653257591992201, 34.49592802318422 ], [ 132.653488393843446, 34.49652055165658 ], [ 132.654059334479797, 34.497270616133456 ], [ 132.653525211645331, 34.497654763319723 ], [ 132.652847103911938, 34.497725078403363 ], [ 132.652502980901289, 34.498102548473618 ], [ 132.652180098305365, 34.498168486236189 ], [ 132.652090643713194, 34.497751471207359 ], [ 132.651182698934377, 34.496465068416562 ], [ 132.648744517830323, 34.494697050080752 ], [ 132.648420418505452, 34.493314353086902 ], [ 132.648555093495133, 34.492646695670018 ], [ 132.648781533306163, 34.492417745384905 ], [ 132.647871945788324, 34.491786746981219 ], [ 132.644489467793932, 34.493685453972617 ], [ 132.642587014415028, 34.494962040521457 ], [ 132.641219676789092, 34.496267785260379 ], [ 132.640620605113213, 34.497236276080244 ], [ 132.640236786845122, 34.497501174572207 ], [ 132.639430745668278, 34.499620036200959 ], [ 132.637689623474245, 34.500260915827027 ], [ 132.636430162372704, 34.501323636087761 ], [ 132.634951730521635, 34.502144619314009 ], [ 132.63412933406363, 34.502764889498515 ], [ 132.633269890039003, 34.503921424317859 ], [ 132.63186262002074, 34.504778883808513 ], [ 132.631183288822143, 34.505579043752419 ], [ 132.63356576353155, 34.507017877380207 ], [ 132.635668677490088, 34.506360148033615 ], [ 132.636506340681677, 34.505373704229086 ], [ 132.636708030340742, 34.505337712723566 ], [ 132.63901209926135, 34.505417849177547 ], [ 132.640548392965457, 34.505154682691789 ], [ 132.64258325442222, 34.505551751289417 ], [ 132.644751425567677, 34.505201551666296 ], [ 132.646089991001105, 34.505910897726636 ], [ 132.646913361386083, 34.506763821555516 ], [ 132.647026067453595, 34.509484972387071 ], [ 132.647223398803732, 34.509887623987872 ], [ 132.647844883189578, 34.510492855017844 ], [ 132.648020387872521, 34.511145199108178 ], [ 132.648596205751716, 34.511781880035969 ], [ 132.649327937302786, 34.514072659458385 ], [ 132.649213376178608, 34.51462599912464 ], [ 132.648407677708974, 34.51604569782171 ], [ 132.648385986044929, 34.516437382117701 ], [ 132.648944563189417, 34.517169070686123 ], [ 132.649218779287821, 34.518922993635123 ], [ 132.649553601383388, 34.519656831026289 ], [ 132.651101321796148, 34.519552087984962 ], [ 132.653184513753871, 34.521288530885563 ], [ 132.65421601546052, 34.521704184015071 ], [ 132.654503676025428, 34.522295224762964 ], [ 132.655610202817854, 34.523146396703773 ], [ 132.657569117789365, 34.523571111654945 ], [ 132.660185881515673, 34.524837039381353 ], [ 132.661167305294867, 34.525491018796473 ], [ 132.662791918153232, 34.526101654366826 ], [ 132.663074145780996, 34.52635180133408 ], [ 132.663336602467808, 34.527041522813967 ], [ 132.663656892491957, 34.529227402467576 ], [ 132.663569619741992, 34.529678242610458 ], [ 132.66534206901909, 34.531316126353033 ], [ 132.66566416275154, 34.531476091617677 ], [ 132.667394256601455, 34.529809313730965 ], [ 132.66832706418279, 34.529207217241357 ], [ 132.669107329306456, 34.528975511247374 ], [ 132.669450547224841, 34.529563182495885 ], [ 132.669658947122997, 34.530854320059575 ], [ 132.670070355133646, 34.531577780664179 ], [ 132.672555035847438, 34.53406228414746 ], [ 132.673466959502036, 34.533578694601509 ], [ 132.67378426953718, 34.533170694935016 ], [ 132.674203700944503, 34.532173736766914 ], [ 132.675538960506344, 34.529986857611505 ], [ 132.676415035244275, 34.52932125075894 ], [ 132.677102836787952, 34.529273135421185 ], [ 132.677860626165369, 34.528987221868178 ] ] ] } },
{ "type": "Feature", "properties": { "CITY_NAME": "東広島市", "S_NAME": "西条中央一丁目", "JINKO": 991, "medical_area": "34_広島中央医療圏", "町丁目名": "東広島市西条中央一丁目" }, "geometry": { "type": "Polygon", "coordinates": [ [ [ 132.740989165015435, 34.422807956546251 ], [ 132.739132097170796, 34.420408570399601 ], [ 132.738566124270761, 34.418765621237561 ], [ 132.736507342399818, 34.419641426965406 ], [ 132.735648965369677, 34.420935756193927 ], [ 132.736591222395504, 34.421481022500515 ], [ 132.737836206437663, 34.422687499744413 ], [ 132.740989165015435, 34.422807956546251 ] ] ] } },
{ "type": "Feature", "properties": { "CITY_NAME": "東広島市", "S_NAME": "西条中央二丁目", "JINKO": 433, "medical_area": "34_広島中央医療圏", "町丁目名": "東広島市西条中央二丁目" }, "geometry": { "type": "Polygon", "coordinates": [ [ [ 132.744443082510998, 34.421373018180063 ], [ 132.74468064824282, 34.420486973990371 ], [ 132.744400145523599, 34.42046491721311 ], [ 132.744037406890158, 34.420781184751377 ], [ 132.742790542148072, 34.420859896894434 ], [ 132.741790577453543, 34.421167045865857 ], [ 132.7419560850756, 34.419673228010311 ], [ 132.741437166880416, 34.419469441027935 ], [ 132.741148453464177, 34.419550670236049 ], [ 132.740831860760835, 34.419303387639332 ], [ 132.740581379127264, 34.419438106069443 ], [ 132.740549746542143, 34.419808311482946 ], [ 132.740091254780793, 34.420050218649699 ], [ 132.740187482852349, 34.420201478923282 ], [ 132.739315802096968, 34.420686904934804 ], [ 132.740989165015435, 34.422807956546251 ], [ 132.742055711657173, 34.422823647789819 ], [ 132.743216673597459, 34.422479535564975 ], [ 132.744111269571334, 34.421891141334953 ], [ 132.744443082510998, 34.421373018180063 ] ] ] } },
{ "type": "Feature", "properties": { "CITY_NAME": "東広島市", "S_NAME": "西条中央三丁目", "JINKO": 1654, "medical_area": "34_広島中央医療圏", "町丁目名": "東広島市西条中央三丁目" }, "geometry": { "type": "Polygon", "coordinates": [ [ [ 132.742790542148072, 34.420859896894434 ], [ 132.744037406890158, 34.420781184751377 ], [ 132.744400145523599, 34.42046491721311 ], [ 132.74468064824282, 34.420486973990371 ], [ 132.745044776744493, 34.419344372678076 ], [ 132.745216759068313, 34.419208889484281 ], [ 132.744605916333938, 34.416501638382663 ], [ 132.744760191341953, 34.415327061555153 ], [ 132.742029344069863, 34.415829048383003 ], [ 132.741296798779643, 34.416141418895414 ], [ 132.740728434294425, 34.416588244171649 ], [ 132.739465232426738, 34.41819132090373 ], [ 132.738538050092046, 34.418649678614891 ], [ 132.738763525284213, 34.41961891074137 ], [ 132.739315802096968, 34.420686904934804 ], [ 132.740187482852349, 34.420201478923282 ], [ 132.740091254780793, 34.420050218649699 ], [ 132.740549746542143, 34.419808311482946 ], [ 132.740581379127264, 34.419438106069443 ], [ 132.740831860760835, 34.419303387639332 ], [ 132.741148453464177, 34.419550670236049 ], [ 132.741437166880416, 34.419469441027935 ], [ 132.7419560850756, 34.419673228010311 ], [ 132.741790577453543, 34.421167045865857 ], [ 132.742790542148072, 34.420859896894434 ] ] ] } },
{ "type": "Feature", "properties": { "CITY_NAME": "東広島市", "S_NAME": "西条中央四丁目", "JINKO": 476, "medical_area": "34_広島中央医療圏", "町丁目名": "東広島市西条中央四丁目" }, "geometry": { "type": "Polygon", "coordinates": [ [ [ 132.746393925991924, 34.408761771479774 ], [ 132.74606780123267, 34.407556494931264 ], [ 132.741608442689312, 34.410458911161626 ], [ 132.741801370026366, 34.411271240580405 ], [ 132.742902961131477, 34.41355035005158 ], [ 132.743085882272453, 34.415624740003103 ], [ 132.744760191341953, 34.415327061555153 ], [ 132.745055798848682, 34.413653567203895 ], [ 132.744841408129588, 34.412216046279362 ], [ 132.744890448772679, 34.411501194447453 ], [ 132.746203733084599, 34.409675080732512 ], [ 132.746393925991924, 34.408761771479774 ] ] ] } },
{ "type": "Feature", "properties": { "CITY_NAME": "東広島市", "S_NAME": "西条中央五丁目", "JINKO": 895, "medical_area": "34_広島中央医療圏", "町丁目名": "東広島市西条中央五丁目" }, "geometry": { "type": "Polygon", "coordinates": [ [ [ 132.742986540116021, 34.413914096083822 ], [ 132.741801370026366, 34.411271240580405 ], [ 132.741608442689312, 34.410458911161626 ], [ 132.736683993503647, 34.413668711400305 ], [ 132.737211063546425, 34.414089975987821 ], [ 132.738886686361553, 34.412996616325266 ], [ 132.74098287745332, 34.413839721893204 ], [ 132.74131168989922, 34.414173578853472 ], [ 132.741372919129731, 34.415337978146091 ], [ 132.741725656965457, 34.415937396700848 ], [ 132.743085882272453, 34.415624740003103 ], [ 132.742986540116021, 34.413914096083822 ] ] ] } },
{ "type": "Feature", "properties": { "CITY_NAME": "東広島市", "S_NAME": "西条中央六丁目", "JINKO": 2555, "medical_area": "34_広島中央医療圏", "町丁目名": "東広島市西条中央六丁目" }, "geometry": { "type": "Polygon", "coordinates": [ [ [ 132.74131168989922, 34.414173578853472 ], [ 132.74098287745332, 34.413839721893204 ], [ 132.738886686361553, 34.412996616325266 ], [ 132.737211063546425, 34.414089975987821 ], [ 132.736683993503647, 34.413668711400305 ], [ 132.735960791150802, 34.414136524009372 ], [ 132.737863446043889, 34.416478136708669 ], [ 132.738263739746941, 34.417336113498088 ], [ 132.738538050092046, 34.418649678614891 ], [ 132.739465232426738, 34.418191320903709 ], [ 132.740911732502866, 34.416404960006936 ], [ 132.741725656965457, 34.415937396700848 ], [ 132.741372919129731, 34.415337978146091 ], [ 132.74131168989922, 34.414173578853472 ] ] ] } },
{ "type": "Feature", "properties": { "CITY_NAME": "東広島市", "S_NAME": "西条中央七丁目", "JINKO": 2392, "medical_area": "34_広島中央医療圏", "町丁目名": "東広島市西条中央七丁目" }, "geometry": { "type": "Polygon", "coordinates": [ [ [ 132.737980679182897, 34.416688606288638 ], [ 132.735960791150802, 34.414136524009372 ], [ 132.734199526802541, 34.415043158713637 ], [ 132.732421909201747, 34.415642037801838 ], [ 132.732515926066043, 34.41619253273312 ], [ 132.732995405296606, 34.416423026761599 ], [ 132.73245078043746, 34.418142000397154 ], [ 132.732773934347989, 34.418208685436497 ], [ 132.73221566832342, 34.419980406546799 ], [ 132.735648965369677, 34.420935756193927 ], [ 132.736507342399818, 34.419641426965406 ], [ 132.738566124270761, 34.418765621237561 ], [ 132.737980679182897, 34.416688606288638 ] ] ] } },
{ "type": "Feature", "properties": { "CITY_NAME": "東広島市", "S_NAME": "西条中央八丁目", "JINKO": 1438, "medical_area": "34_広島中央医療圏", "町丁目名": "東広島市西条中央八丁目" }, "geometry": { "type": "Polygon", "coordinates": [ [ [ 132.73221566832342, 34.419980406546799 ], [ 132.732773934347989, 34.418208685436497 ], [ 132.73245078043746, 34.418142000397154 ], [ 132.732994829821138, 34.416337946157292 ], [ 132.732515926066043, 34.41619253273312 ], [ 132.732421909201747, 34.415642037801838 ], [ 132.727425905973803, 34.416945781956692 ], [ 132.72611475778362, 34.417505247227794 ], [ 132.727421718372909, 34.41821345982833 ], [ 132.727984414446951, 34.418935074359545 ], [ 132.728739801928583, 34.418992041174818 ], [ 132.73221566832342, 34.419980406546799 ] ] ] } },
{ "type": "Feature", "properties": { "CITY_NAME": "東広島市", "S_NAME": "鏡山一丁目", "JINKO": 0, "medical_area": "34_広島中央医療圏", "町丁目名": "東広島市鏡山一丁目" }, "geometry": { "type": "Polygon", "coordinates": [ [ [ 132.716612748325986, 34.405770166042657 ], [ 132.717234177685498, 34.404057928911413 ], [ 132.717584449168385, 34.402262246133517 ], [ 132.717119002326683, 34.401277563289135 ], [ 132.716265308164452, 34.400269834740037 ], [ 132.716041758527666, 34.399461974792899 ], [ 132.716077719358367, 34.398968489783378 ], [ 132.718141333868999, 34.395814691250997 ], [ 132.718397172166249, 34.395021002574836 ], [ 132.717828013164961, 34.394870174254535 ], [ 132.717930888222583, 34.39424128808681 ], [ 132.7177396429542, 34.393897728411162 ], [ 132.716060440715154, 34.392333495588716 ], [ 132.714885196619605, 34.392489102635352 ], [ 132.714796705477141, 34.392253122071374 ], [ 132.713591615517799, 34.39265495031492 ], [ 132.713118128267183, 34.393019533615956 ], [ 132.712040587927675, 34.392972385538293 ], [ 132.711535977850048, 34.392630222787822 ], [ 132.710198026288595, 34.393783578073908 ], [ 132.710132260332756, 34.39444257235489 ], [ 132.710768939604861, 34.395414819234666 ], [ 132.710826165226848, 34.396047343718081 ], [ 132.709536681552208, 34.397610819252833 ], [ 132.70837048481954, 34.400887959301855 ], [ 132.70838757887239, 34.401333307510164 ], [ 132.708991765874941, 34.402367264136018 ], [ 132.708627166693134, 34.403132110710182 ], [ 132.708641364546423, 34.404209258918272 ], [ 132.708994939295565, 34.405308840442899 ], [ 132.709911804596999, 34.405677770337384 ], [ 132.710685877699291, 34.405766308932442 ], [ 132.714524692748938, 34.405482467982431 ], [ 132.716612748325986, 34.405770166042657 ] ] ] } },
{ "type": "Feature", "properties": { "CITY_NAME": "東広島市", "S_NAME": "鏡山二丁目", "JINKO": 633, "medical_area": "34_広島中央医療圏", "町丁目名": "東広島市鏡山二丁目" }, "geometry": { "type": "Polygon", "coordinates": [ [ [ 132.731102874687309, 34.406386472579051 ], [ 132.731908745096092, 34.406303865309624 ], [ 132.73208508618103, 34.406522101001734 ], [ 132.732422893203449, 34.406475461202653 ], [ 132.732236126027942, 34.405861006392719 ], [ 132.73155389919151, 34.405256871515 ], [ 132.731528555761798, 34.404662658911917 ], [ 132.731289224128574, 34.404319196517427 ], [ 132.732656903588492, 34.404277376203318 ], [ 132.732961938080763, 34.401375177799402 ], [ 132.731802493831651, 34.401456329847534 ], [ 132.731372668023113, 34.401107128833651 ], [ 132.732164245642508, 34.400634796793597 ], [ 132.732601706144663, 34.399808122028794 ], [ 132.732074752059646, 34.399698146287641 ], [ 132.73149004089683, 34.400430833930564 ], [ 132.731139871781636, 34.400519086689293 ], [ 132.730983892990281, 34.399797567320846 ], [ 132.730140469367086, 34.399782861871799 ], [ 132.73019650862156, 34.399235045339502 ], [ 132.731006368303497, 34.398410040289605 ], [ 132.731250473067433, 34.397804159738776 ], [ 132.731242747693727, 34.397207189445574 ], [ 132.731552672719914, 34.396953743415814 ], [ 132.730488824921935, 34.396346010954325 ], [ 132.730211444215968, 34.395598850414217 ], [ 132.729954388136349, 34.396218591784901 ], [ 132.729027612355424, 34.396575455413739 ], [ 132.728125290140895, 34.396687929594528 ], [ 132.727560511475531, 34.397052417198566 ], [ 132.727217623745219, 34.396269908965522 ], [ 132.725284351334324, 34.395583424329011 ], [ 132.725097558735342, 34.395828545953734 ], [ 132.724085314982602, 34.395428727159128 ], [ 132.723832419115354, 34.395906442604286 ], [ 132.722302275192533, 34.396826382290037 ], [ 132.721706170092432, 34.396903196386539 ], [ 132.720753812516563, 34.395700142213705 ], [ 132.720541428527667, 34.394992393497212 ], [ 132.720007963327276, 34.394674340017673 ], [ 132.719827411280221, 34.394024480268641 ], [ 132.719386133604502, 34.39377024341033 ], [ 132.719072207757222, 34.393038720633236 ], [ 132.718141333868999, 34.395814691250997 ], [ 132.716077719358367, 34.398968489783378 ], [ 132.716041758527666, 34.399461974792899 ], [ 132.716265308164452, 34.400269834740037 ], [ 132.717119002326683, 34.401277563289135 ], [ 132.717584449168385, 34.402262246133517 ], [ 132.717234177685498, 34.404057928911413 ], [ 132.716612748325986, 34.405770166042657 ], [ 132.720217870998681, 34.406342693328781 ], [ 132.723275388757202, 34.406278082474167 ], [ 132.725853742449857, 34.407613735686446 ], [ 132.730149594874348, 34.408371770596169 ], [ 132.730688793543351, 34.408010915235714 ], [ 132.731033734778151, 34.407383723394553 ], [ 132.731102874687309, 34.406386472579051 ] ] ] } },
{ "type": "Feature", "properties": { "CITY_NAME": "東広島市", "S_NAME": "鏡山三丁目", "JINKO": 359, "medical_area": "34_広島中央医療圏", "町丁目名": "東広島市鏡山三丁目" }, "geometry": { "type": "Polygon", "coordinates": [ [ [ 132.735256801263034, 34.401702333790553 ], [ 132.735355816040567, 34.401016964647873 ], [ 132.736095380979947, 34.399769220775106 ], [ 132.737781338434985, 34.40043611849115 ], [ 132.737542903181378, 34.399655828333884 ], [ 132.737767108982354, 34.397463555577232 ], [ 132.735936532391321, 34.394628784148843 ], [ 132.730153149294125, 34.392952037156334 ], [ 132.728834073162574, 34.392717924820673 ], [ 132.727454968399769, 34.392904568640631 ], [ 132.725995323499006, 34.393556294594937 ], [ 132.7242848428466, 34.393602140752847 ], [ 132.724554616411325, 34.393919982231232 ], [ 132.724561380041536, 34.394308329662842 ], [ 132.724392451636987, 34.395014720717548 ], [ 132.724085314982602, 34.395428727159128 ], [ 132.724453839556475, 34.395639195573267 ], [ 132.725097558735342, 34.395828545953734 ], [ 132.725284351334324, 34.395583424329011 ], [ 132.727217623745219, 34.396269908965522 ], [ 132.727560511475531, 34.397052417198566 ], [ 132.728125290140895, 34.396687929594528 ], [ 132.729027612355424, 34.396575455413739 ], [ 132.729954388136349, 34.396218591784901 ], [ 132.730211444215968, 34.395598850414217 ], [ 132.730488824921935, 34.396346010954325 ], [ 132.731552672719914, 34.396953743415814 ], [ 132.731242747693727, 34.397207189445574 ], [ 132.731250473067433, 34.397804159738776 ], [ 132.731006368303497, 34.398410040289605 ], [ 132.73019650862156, 34.399235045339502 ], [ 132.730140469367086, 34.399782861871799 ], [ 132.730983892990281, 34.399797567320846 ], [ 132.731139871781636, 34.400519086689293 ], [ 132.73149004089683, 34.400430833930564 ], [ 132.732074752059646, 34.399698146287641 ], [ 132.732601706144663, 34.399808122028794 ], [ 132.732164245642508, 34.400634796793597 ], [ 132.731372668023113, 34.401107128833651 ], [ 132.731802493831651, 34.401456329847534 ], [ 132.732876005917973, 34.401307958324196 ], [ 132.732979773786383, 34.401710083526943 ], [ 132.733382364949222, 34.402165622982835 ], [ 132.734899181329894, 34.401884027945322 ], [ 132.735256801263034, 34.401702333790553 ] ] ] } },
{ "type": "Feature", "properties": { "CITY_NAME": "東広島市", "S_NAME": "鏡山北", "JINKO": 111, "medical_area": "34_広島中央医療圏", "町丁目名": "東広島市鏡山北" }, "geometry": { "type": "Polygon", "coordinates": [ [ [ 132.727246867603867, 34.410987935719632 ], [ 132.728180913548186, 34.410851521028768 ], [ 132.728996453715808, 34.410383754560073 ], [ 132.730149594874348, 34.408371770596169 ], [ 132.725853742449857, 34.407613735686446 ], [ 132.723275388757202, 34.406278082474167 ], [ 132.720217870998681, 34.406342693328781 ], [ 132.716612748325986, 34.40577016604265 ], [ 132.716508986753354, 34.406114772356901 ], [ 132.717117932985559, 34.406244585274813 ], [ 132.716982062364735, 34.407039974584293 ], [ 132.717360839174546, 34.407272106865868 ], [ 132.717849285152681, 34.408264852314296 ], [ 132.717827593304776, 34.409100015818467 ], [ 132.718030232581469, 34.409113468829204 ], [ 132.718527553311418, 34.408746234302043 ], [ 132.71952452694353, 34.408978239487503 ], [ 132.719399747114778, 34.409835706685335 ], [ 132.719607579864686, 34.409902382435718 ], [ 132.719695158441027, 34.410486307067494 ], [ 132.72227624094711, 34.411451794551802 ], [ 132.722781208162957, 34.411491903249512 ], [ 132.722790238113447, 34.411867835689272 ], [ 132.723231728867205, 34.412338156614631 ], [ 132.723538634655256, 34.412362963008313 ], [ 132.723609133453152, 34.411015666528435 ], [ 132.724085239886335, 34.410964899706478 ], [ 132.724658626463736, 34.411155137760304 ], [ 132.725210978612182, 34.411939788733328 ], [ 132.725631833720797, 34.411105620793748 ], [ 132.725924205162613, 34.411066532872042 ], [ 132.726192118180222, 34.411446640298813 ], [ 132.727246867603867, 34.410987935719632 ] ] ] } },
{ "type": "Feature", "properties": { "CITY_NAME": "東広島市", "S_NAME": "八本松南一丁目", "JINKO": 453, "medical_area": "34_広島中央医療圏", "町丁目名": "東広島市八本松南一丁目" }, "geometry": { "type": "Polygon", "coordinates": [ [ [ 132.700974812925637, 34.445049320290281 ], [ 132.701603432175204, 34.444337872135506 ], [ 132.696844237597418, 34.441571586854359 ], [ 132.696084804190519, 34.441374281092806 ], [ 132.695328733213671, 34.441385718710123 ], [ 132.693774339519791, 34.441963072906546 ], [ 132.693985422781708, 34.442070631120792 ], [ 132.694471307254872, 34.442959794990351 ], [ 132.696173757827097, 34.442569283873809 ], [ 132.696314519105385, 34.442236513478065 ], [ 132.696519953730927, 34.442236329038408 ], [ 132.696958134255055, 34.442649139889312 ], [ 132.697725352774654, 34.442757797887232 ], [ 132.697644762836944, 34.442852388039377 ], [ 132.698551248434853, 34.443785622532509 ], [ 132.697317228662939, 34.443863254774278 ], [ 132.69678052918303, 34.444051382116136 ], [ 132.697020591047476, 34.444974563584026 ], [ 132.698233882355822, 34.444441467001695 ], [ 132.698626712493279, 34.444416796416682 ], [ 132.698655720404616, 34.44492139175491 ], [ 132.698840043810691, 34.445190206941597 ], [ 132.700390281498386, 34.446137251814285 ], [ 132.700974812925637, 34.445049320290281 ] ] ] } },
{ "type": "Feature", "properties": { "CITY_NAME": "東広島市", "S_NAME": "八本松南二丁目", "JINKO": 607, "medical_area": "34_広島中央医療圏", "町丁目名": "東広島市八本松南二丁目" }, "geometry": { "type": "Polygon", "coordinates": [ [ [ 132.699190673384123, 34.441355577610132 ], [ 132.697857098512173, 34.440072323105127 ], [ 132.696938379413552, 34.438218853062629 ], [ 132.696276267847452, 34.439830125698862 ], [ 132.69540949363244, 34.440604127328264 ], [ 132.694324533885634, 34.439598797111834 ], [ 132.693652054515155, 34.439720020774963 ], [ 132.693486159074382, 34.439375893784288 ], [ 132.693854571948265, 34.438831551490615 ], [ 132.69388175951218, 34.43853885455863 ], [ 132.693500846050597, 34.437641626224945 ], [ 132.692549041938548, 34.440899449566018 ], [ 132.692044474029956, 34.441824855914426 ], [ 132.692957234232182, 34.442375947757597 ], [ 132.694789539245761, 34.441493274495834 ], [ 132.696446450580652, 34.441441740043878 ], [ 132.697146061475735, 34.441710017902075 ], [ 132.699829819813999, 34.443415066154451 ], [ 132.699957659350616, 34.44283752095167 ], [ 132.699833258650699, 34.442205715076405 ], [ 132.699190673384123, 34.441355577610132 ] ] ] } },
{ "type": "Feature", "properties": { "CITY_NAME": "東広島市", "S_NAME": "八本松南三丁目", "JINKO": 338, "medical_area": "34_広島中央医療圏", "町丁目名": "東広島市八本松南三丁目" }, "geometry": { "type": "Polygon", "coordinates": [ [ [ 132.699304063842192, 34.440837823182662 ], [ 132.701529204194344, 34.440814571135874 ], [ 132.702076465618262, 34.441139402863193 ], [ 132.702774159150152, 34.440321430259736 ], [ 132.702747462511752, 34.439211660179076 ], [ 132.70260610834643, 34.438895895673063 ], [ 132.699852676145156, 34.438751737684605 ], [ 132.699336716948352, 34.439214762059841 ], [ 132.699143092984968, 34.439159542916137 ], [ 132.699159514391482, 34.438840692087609 ], [ 132.698637488105959, 34.438576732824941 ], [ 132.697298353989424, 34.438910354039436 ], [ 132.697857098512173, 34.440072323105127 ], [ 132.69912061336953, 34.441300521216867 ], [ 132.699453123222952, 34.441177081219443 ], [ 132.699304063842192, 34.440837823182662 ] ] ] } },
{ "type": "Feature", "properties": { "CITY_NAME": "東広島市", "S_NAME": "八本松南四丁目", "JINKO": 964, "medical_area": "34_広島中央医療圏", "町丁目名": "東広島市八本松南四丁目" }, "geometry": { "type": "Polygon", "coordinates": [ [ [ 132.699582231208637, 34.438887868168898 ], [ 132.699852676145156, 34.438751737684605 ], [ 132.70260610834643, 34.438895895673063 ], [ 132.702017170484169, 34.43816639952869 ], [ 132.701825538958559, 34.437278231704468 ], [ 132.700427525686024, 34.436991778420889 ], [ 132.70062731733239, 34.435701144300701 ], [ 132.700514839734353, 34.435305383197445 ], [ 132.700194748724016, 34.435299318522404 ], [ 132.699414037804473, 34.434569389151655 ], [ 132.698964272620628, 34.434495848283611 ], [ 132.696628334336111, 34.436132847428219 ], [ 132.69714259318377, 34.436510254019588 ], [ 132.697428447699764, 34.436982745912729 ], [ 132.696938379413552, 34.438218853062629 ], [ 132.697298353989424, 34.438910354039436 ], [ 132.698637488105959, 34.438576732824941 ], [ 132.699159514391482, 34.438840692087609 ], [ 132.699143092984968, 34.439159542916137 ], [ 132.699336716948352, 34.439214762059841 ], [ 132.699582231208637, 34.438887868168898 ] ] ] } },
{ "type": "Feature", "properties": { "CITY_NAME": "東広島市", "S_NAME": "八本松南五丁目", "JINKO": 364, "medical_area": "34_広島中央医療圏", "町丁目名": "東広島市八本松南五丁目" }, "geometry": { "type": "Polygon", "coordinates": [ [ [ 132.69714259318377, 34.436510254019588 ], [ 132.696448057031432, 34.436022343252532 ], [ 132.695735928452393, 34.436496190628858 ], [ 132.695130378520588, 34.43619960696897 ], [ 132.694639559297826, 34.436181155943672 ], [ 132.694457144043213, 34.436540583743266 ], [ 132.694714917099162, 34.437422140097951 ], [ 132.694606288392691, 34.438335000492657 ], [ 132.694814769880793, 34.43926494547209 ], [ 132.69575058732633, 34.440325710722313 ], [ 132.696276267847452, 34.439830125698862 ], [ 132.697325054975238, 34.437448757028811 ], [ 132.697428447699764, 34.436982745912729 ], [ 132.69714259318377, 34.436510254019588 ] ] ] } },
{ "type": "Feature", "properties": { "CITY_NAME": "東広島市", "S_NAME": "八本松南六丁目", "JINKO": 367, "medical_area": "34_広島中央医療圏", "町丁目名": "東広島市八本松南六丁目" }, "geometry": { "type": "Polygon", "coordinates": [ [ [ 132.696125704378176, 34.436249965911664 ], [ 132.696448057031404, 34.436022343252532 ], [ 132.696628334336111, 34.436132847428198 ], [ 132.699040229960275, 34.434490163549242 ], [ 132.698709279748215, 34.434265518382716 ], [ 132.698301990310057, 34.43465678489526 ], [ 132.698235405763512, 34.43315179424755 ], [ 132.697876152661706, 34.432376910839139 ], [ 132.695483124681772, 34.43215301231362 ], [ 132.695932162128543, 34.43397808906348 ], [ 132.694284068560876, 34.434819399451179 ], [ 132.694822423478854, 34.435043731756593 ], [ 132.694815763274931, 34.435187582233716 ], [ 132.694480717244744, 34.435282842452338 ], [ 132.694675381881268, 34.435653886503886 ], [ 132.69506402688404, 34.435680244304152 ], [ 132.696125704378176, 34.436249965911664 ] ] ] } },
{ "type": "Feature", "properties": { "CITY_NAME": "東広島市", "S_NAME": "八本松南七丁目", "JINKO": 541, "medical_area": "34_広島中央医療圏", "町丁目名": "東広島市八本松南七丁目" }, "geometry": { "type": "Polygon", "coordinates": [ [ [ 132.698306850395511, 34.429104154172499 ], [ 132.698293153415506, 34.428827412577441 ], [ 132.697596399734351, 34.428195704911559 ], [ 132.698028864986497, 34.427985627743851 ], [ 132.697840336666417, 34.427938695975861 ], [ 132.698192278969316, 34.427335815268627 ], [ 132.698087323717942, 34.427083843148445 ], [ 132.697330591104674, 34.426655522585136 ], [ 132.696920226093312, 34.426628988116519 ], [ 132.695964870936791, 34.426962180906429 ], [ 132.695716190280052, 34.427565309472172 ], [ 132.695198555015679, 34.427991121831127 ], [ 132.695123832369234, 34.428589697138605 ], [ 132.694839045423151, 34.4288332135649 ], [ 132.695079512314351, 34.429372955666189 ], [ 132.694555485945159, 34.429845422185196 ], [ 132.694562762170307, 34.430218119649012 ], [ 132.694847301446799, 34.430629205127978 ], [ 132.694558448053016, 34.431334774541796 ], [ 132.695246353452859, 34.43166199465881 ], [ 132.695483124681772, 34.43215301231362 ], [ 132.697876152661706, 34.432376910839139 ], [ 132.697783058686724, 34.432092768719514 ], [ 132.698075132230883, 34.431898652314494 ], [ 132.697747847049897, 34.431680609161987 ], [ 132.697880618878827, 34.43068735718883 ], [ 132.697586319662548, 34.430563124947142 ], [ 132.698306850395511, 34.429104154172499 ] ] ] } },
{ "type": "Feature", "properties": { "CITY_NAME": "東広島市", "S_NAME": "八本松南八丁目", "JINKO": 681, "medical_area": "34_広島中央医療圏", "町丁目名": "東広島市八本松南八丁目" }, "geometry": { "type": "Polygon", "coordinates": [ [ [ 132.701467169932414, 34.432048233709239 ], [ 132.701587206378832, 34.431484250456577 ], [ 132.700368255692808, 34.43148282198662 ], [ 132.700388615436822, 34.430194949740653 ], [ 132.700629433822343, 34.429856103645356 ], [ 132.70008172809446, 34.429956256820219 ], [ 132.69996277908507, 34.429804360024498 ], [ 132.699476542203456, 34.429746050013961 ], [ 132.698662949340559, 34.430060202936659 ], [ 132.698449842197732, 34.430380331082524 ], [ 132.698624706054829, 34.430771031405115 ], [ 132.698311978257607, 34.431239361073416 ], [ 132.698342470865441, 34.431765218194116 ], [ 132.697783058686724, 34.432092768719514 ], [ 132.698235405763512, 34.43315179424755 ], [ 132.698301990310057, 34.43465678489526 ], [ 132.698688356212728, 34.434143199246286 ], [ 132.701467169932414, 34.432048233709239 ] ] ] } },
{ "type": "Feature", "properties": { "CITY_NAME": "東広島市", "S_NAME": "八本松東一丁目", "JINKO": 2, "medical_area": "34_広島中央医療圏", "町丁目名": "東広島市八本松東一丁目" }, "geometry": { "type": "Polygon", "coordinates": [ [ [ 132.716890886909056, 34.445533856006406 ], [ 132.717398459994314, 34.44474173888554 ], [ 132.718129523091989, 34.445110047555595 ], [ 132.719885680532968, 34.442865179429489 ], [ 132.719049853112608, 34.442497634255588 ], [ 132.718844702766233, 34.442772965514202 ], [ 132.718526093805451, 34.442867373759917 ], [ 132.717241258001309, 34.442136012287698 ], [ 132.716170368395353, 34.442018410250888 ], [ 132.714527898901565, 34.441291014057782 ], [ 132.714235023520899, 34.440802533200454 ], [ 132.712965333055109, 34.441495914815157 ], [ 132.713851357801843, 34.443130936328465 ], [ 132.715847038604949, 34.445488540284458 ], [ 132.716085805511426, 34.445979932573458 ], [ 132.716890886909056, 34.445533856006406 ] ] ] } },
{ "type": "Feature", "properties": { "CITY_NAME": "東広島市", "S_NAME": "八本松東二丁目", "JINKO": 926, "medical_area": "34_広島中央医療圏", "町丁目名": "東広島市八本松東二丁目" }, "geometry": { "type": "Polygon", "coordinates": [ [ [ 132.717335530846299, 34.446077002825739 ], [ 132.718129523091989, 34.445110047555595 ], [ 132.717398459994314, 34.44474173888554 ], [ 132.716890886909056, 34.445533856006406 ], [ 132.716085805511426, 34.445979932573458 ], [ 132.715847038604949, 34.445488540284458 ], [ 132.713851357801872, 34.443130936328465 ], [ 132.712965333055109, 34.441495914815157 ], [ 132.710671487834929, 34.439216614603168 ], [ 132.710112389523232, 34.439606058879377 ], [ 132.70931168059397, 34.43920800553304 ], [ 132.708359287131628, 34.440040113714851 ], [ 132.709300343893318, 34.441500106009535 ], [ 132.709678196199775, 34.442774118793857 ], [ 132.712218631315181, 34.44502217668628 ], [ 132.712671067845747, 34.446237097061996 ], [ 132.712567042156081, 34.447038381707003 ], [ 132.715212629168803, 34.447135286784665 ], [ 132.716364862815027, 34.446754563738288 ], [ 132.717335530846299, 34.446077002825739 ] ] ] } },
{ "type": "Feature", "properties": { "CITY_NAME": "東広島市", "S_NAME": "八本松東三丁目", "JINKO": 1492, "medical_area": "34_広島中央医療圏", "町丁目名": "東広島市八本松東三丁目" }, "geometry": { "type": "Polygon", "coordinates": [ [ [ 132.710431112978739, 34.446987752249655 ], [ 132.712567042156081, 34.447038381707003 ], [ 132.712671067845747, 34.446237097061996 ], [ 132.712218631315181, 34.44502217668628 ], [ 132.709905080722422, 34.443020048738717 ], [ 132.709530957961022, 34.442479798239781 ], [ 132.705116315418536, 34.444783775740923 ], [ 132.705162687175573, 34.445113622316953 ], [ 132.705601802516156, 34.445464132689892 ], [ 132.705911669822115, 34.446035527759932 ], [ 132.705899575955527, 34.446712019935937 ], [ 132.705633398913733, 34.44756008202009 ], [ 132.710431112978739, 34.446987752249655 ] ] ] } },
{ "type": "Feature", "properties": { "CITY_NAME": "東広島市", "S_NAME": "八本松東四丁目", "JINKO": 521, "medical_area": "34_広島中央医療圏", "町丁目名": "東広島市八本松東四丁目" }, "geometry": { "type": "Polygon", "coordinates": [ [ [ 132.705116315418536, 34.444783775740923 ], [ 132.709530957961022, 34.442479798239738 ], [ 132.709300343893318, 34.441500106009535 ], [ 132.708359287131628, 34.440040113714851 ], [ 132.708225373470384, 34.439905475608555 ], [ 132.707226461971203, 34.440415473774088 ], [ 132.707069173567817, 34.440195432364867 ], [ 132.706559462190853, 34.440693397644189 ], [ 132.705442122283358, 34.439354747113441 ], [ 132.705700672751249, 34.438514182182679 ], [ 132.705623931988924, 34.43830617813672 ], [ 132.705150726410665, 34.438220790222736 ], [ 132.704784447836829, 34.43795377229754 ], [ 132.701825538958559, 34.437278231704468 ], [ 132.702017170484169, 34.43816639952869 ], [ 132.702442915990133, 34.438547687364625 ], [ 132.702747462511752, 34.439211660179076 ], [ 132.702774159150152, 34.440321430259736 ], [ 132.702368931629621, 34.440797365920254 ], [ 132.702870534631813, 34.440788541904404 ], [ 132.703015153948883, 34.44193934781152 ], [ 132.7034582447682, 34.44280795506279 ], [ 132.703849040939474, 34.443216582258124 ], [ 132.704007341796768, 34.44382006095563 ], [ 132.70438898999879, 34.444139980678408 ], [ 132.705149950813023, 34.444078028025992 ], [ 132.705014387548118, 34.444341621742716 ], [ 132.705116315418536, 34.444783775740923 ] ] ] } },
{ "type": "Feature", "properties": { "CITY_NAME": "東広島市", "S_NAME": "八本松東五丁目", "JINKO": 157, "medical_area": "34_広島中央医療圏", "町丁目名": "東広島市八本松東五丁目" }, "geometry": { "type": "Polygon", "coordinates": [ [ [ 132.700250875295552, 34.446214210146287 ], [ 132.702277065360562, 34.445376203925797 ], [ 132.705116315418536, 34.444783775740923 ], [ 132.705014387548118, 34.444341621742716 ], [ 132.705149950813023, 34.44407802802597 ], [ 132.70438898999879, 34.444139980678408 ], [ 132.704007341796768, 34.44382006095563 ], [ 132.703849040939474, 34.443216582258124 ], [ 132.7034582447682, 34.44280795506279 ], [ 132.703015153948883, 34.44193934781152 ], [ 132.702870534631813, 34.440788541904404 ], [ 132.702368931629621, 34.440797365920254 ], [ 132.702076465618262, 34.441139402863193 ], [ 132.701529204194344, 34.440814571135874 ], [ 132.699343730617244, 34.440745662976873 ], [ 132.699453123222952, 34.441177081219443 ], [ 132.69912061336953, 34.441300521216867 ], [ 132.699833258650699, 34.442205715076405 ], [ 132.699957659350616, 34.44283752095167 ], [ 132.699829819813971, 34.443415066154429 ], [ 132.701603432175204, 34.444337872135506 ], [ 132.700250875295552, 34.446214210146287 ] ] ] } },
{ "type": "Feature", "properties": { "CITY_NAME": "東広島市", "S_NAME": "八本松東六丁目", "JINKO": 338, "medical_area": "34_広島中央医療圏", "町丁目名": "東広島市八本松東六丁目" }, "geometry": { "type": "Polygon", "coordinates": [ [ [ 132.705162687175573, 34.445113622316953 ], [ 132.705116315418536, 34.444783775740923 ], [ 132.702649301108494, 34.445274696581045 ], [ 132.700250875295552, 34.446214210146287 ], [ 132.700124211565253, 34.446616796414965 ], [ 132.700322103428761, 34.447285751268303 ], [ 132.700229457405953, 34.447496751269739 ], [ 132.700598614667143, 34.448163830285885 ], [ 132.705633398913733, 34.44756008202009 ], [ 132.705899575955527, 34.446712019935937 ], [ 132.705911669822115, 34.446035527759932 ], [ 132.705601802516156, 34.445464132689892 ], [ 132.705162687175573, 34.445113622316953 ] ] ] } },
{ "type": "Feature", "properties": { "CITY_NAME": "東広島市", "S_NAME": "八本松東七丁目", "JINKO": 414, "medical_area": "34_広島中央医療圏", "町丁目名": "東広島市八本松東七丁目" }, "geometry": { "type": "Polygon", "coordinates": [ [ [ 132.698626712493251, 34.444416796416704 ], [ 132.698233882355822, 34.44444146700166 ], [ 132.697020591047476, 34.444974563584026 ], [ 132.690983822741146, 34.446073434703806 ], [ 132.69022528046483, 34.446778057904311 ], [ 132.691946320178175, 34.448109192474526 ], [ 132.693809432978554, 34.448729721312624 ], [ 132.695619892938339, 34.44874965577629 ], [ 132.700598614667143, 34.448163830285885 ], [ 132.700229457405953, 34.447496751269739 ], [ 132.700322103428761, 34.447285751268303 ], [ 132.700124211565253, 34.446616796414965 ], [ 132.700314832148507, 34.446137581437746 ], [ 132.698840043810691, 34.445190206941597 ], [ 132.698655720404616, 34.44492139175491 ], [ 132.698626712493251, 34.444416796416704 ] ] ] } },
{ "type": "Feature", "properties": { "CITY_NAME": "東広島市", "S_NAME": "八本松飯田一丁目", "JINKO": 731, "medical_area": "34_広島中央医療圏", "町丁目名": "東広島市八本松飯田一丁目" }, "geometry": { "type": "Polygon", "coordinates": [ [ [ 132.705991333781697, 34.450722073580067 ], [ 132.706521992330323, 34.450555478472722 ], [ 132.707116699814662, 34.45009714532722 ], [ 132.708431963435856, 34.450106250028533 ], [ 132.709552701830376, 34.449820809620128 ], [ 132.709563690268311, 34.449955004896161 ], [ 132.709877410656901, 34.449953609891232 ], [ 132.712244393039299, 34.449008138551775 ], [ 132.712567042156081, 34.447038381707003 ], [ 132.710431112978739, 34.446987752249655 ], [ 132.705633398913733, 34.44756008202009 ], [ 132.70540645272456, 34.448103981920902 ], [ 132.704956524714532, 34.448030882301545 ], [ 132.704473028277533, 34.44963466113493 ], [ 132.704252785742284, 34.449880598167084 ], [ 132.704290717591078, 34.450279785093848 ], [ 132.70433454111955, 34.450596541540989 ], [ 132.705991333781697, 34.450722073580067 ] ] ] } },
{ "type": "Feature", "properties": { "CITY_NAME": "東広島市", "S_NAME": "八本松飯田二丁目", "JINKO": 460, "medical_area": "34_広島中央医療圏", "町丁目名": "東広島市八本松飯田二丁目" }, "geometry": { "type": "Polygon", "coordinates": [ [ [ 132.712177879050301, 34.455925903796839 ], [ 132.712192028576908, 34.454483104611221 ], [ 132.712755658340058, 34.454402687290035 ], [ 132.713237830229787, 34.45384664991262 ], [ 132.713407885079135, 34.452694879769879 ], [ 132.713182630883551, 34.452684901199476 ], [ 132.713240629901691, 34.451723236067139 ], [ 132.713648578708927, 34.451548144682732 ], [ 132.713688745125381, 34.450870542496219 ], [ 132.713480528079486, 34.450233496251606 ], [ 132.712990246959208, 34.449745195458746 ], [ 132.712882827747791, 34.449380974293199 ], [ 132.71225034022919, 34.448733705731414 ], [ 132.712244393039299, 34.449008138551775 ], [ 132.710741049924764, 34.449702406380382 ], [ 132.709675266498522, 34.449992121147545 ], [ 132.709552701830376, 34.449820809620128 ], [ 132.708076612128451, 34.450086274512664 ], [ 132.708010527546065, 34.450372101164014 ], [ 132.707786380194989, 34.450446627156303 ], [ 132.707596694320273, 34.451815135882853 ], [ 132.706878924684048, 34.452316134383949 ], [ 132.707042663136889, 34.453215542870183 ], [ 132.706984648162916, 34.453698685172149 ], [ 132.706598972812884, 34.454298786103884 ], [ 132.706871289526873, 34.455454647272866 ], [ 132.706711910447439, 34.455620303732537 ], [ 132.707543657924674, 34.456246148425556 ], [ 132.709559426099588, 34.456764174182979 ], [ 132.710909425970698, 34.456762668833925 ], [ 132.712654910892496, 34.456437785992193 ], [ 132.712177879050301, 34.455925903796839 ] ] ] } },
{ "type": "Feature", "properties": { "CITY_NAME": "東広島市", "S_NAME": "八本松飯田三丁目", "JINKO": 424, "medical_area": "34_広島中央医療圏", "町丁目名": "東広島市八本松飯田三丁目" }, "geometry": { "type": "Polygon", "coordinates": [ [ [ 132.712302991693946, 34.457372586749912 ], [ 132.713442933534139, 34.457358187359851 ], [ 132.713791843369791, 34.457213365335562 ], [ 132.712654910892496, 34.456437785992193 ], [ 132.710909425970698, 34.456762668833925 ], [ 132.709559426099588, 34.456764174182993 ], [ 132.707357034514501, 34.456182598275056 ], [ 132.706711910447439, 34.455620303732537 ], [ 132.705986680140711, 34.455820581278907 ], [ 132.706510006275579, 34.457208182445491 ], [ 132.706301472591178, 34.457524783590472 ], [ 132.706144935398271, 34.458673102057944 ], [ 132.706940757141496, 34.460599008714333 ], [ 132.707811981334572, 34.460608671101703 ], [ 132.708264274036338, 34.460011087958385 ], [ 132.710197491102917, 34.459010662824141 ], [ 132.710854689604759, 34.458100281949996 ], [ 132.712302991693946, 34.457372586749912 ] ] ] } },
{ "type": "Feature", "properties": { "CITY_NAME": "東広島市", "S_NAME": "八本松飯田四丁目", "JINKO": 412, "medical_area": "34_広島中央医療圏", "町丁目名": "東広島市八本松飯田四丁目" }, "geometry": { "type": "Polygon", "coordinates": [ [ [ 132.706913542306182, 34.460473196552613 ], [ 132.706144935398271, 34.458673102057944 ], [ 132.706301472591178, 34.457524783590472 ], [ 132.706510006275579, 34.457208182445491 ], [ 132.705986680140683, 34.455820581278907 ], [ 132.705441301777341, 34.455990759355252 ], [ 132.70435070224147, 34.456853718379442 ], [ 132.704066378400256, 34.456895539685135 ], [ 132.701971548209059, 34.458822062357527 ], [ 132.701328805972622, 34.459123090561825 ], [ 132.701047734069789, 34.459582275633629 ], [ 132.700338408298194, 34.459957403839987 ], [ 132.701125403787159, 34.459854226837734 ], [ 132.701762925784209, 34.460046250547435 ], [ 132.706913542306182, 34.460473196552613 ] ] ] } },
{ "type": "Feature", "properties": { "CITY_NAME": "東広島市", "S_NAME": "八本松飯田五丁目", "JINKO": 629, "medical_area": "34_広島中央医療圏", "町丁目名": "東広島市八本松飯田五丁目" }, "geometry": { "type": "Polygon", "coordinates": [ [ [ 132.706711910447439, 34.455620303732537 ], [ 132.705443415432825, 34.454575337658738 ], [ 132.702883956799383, 34.454225851505662 ], [ 132.702622474619517, 34.455357442184493 ], [ 132.701998574665367, 34.455562040251138 ], [ 132.700874312377096, 34.457083942769188 ], [ 132.699854388684372, 34.457385065441358 ], [ 132.699757337170524, 34.45777357447141 ], [ 132.699609104040462, 34.457822960704995 ], [ 132.699832020057841, 34.458398830018297 ], [ 132.69981947712526, 34.45887937747419 ], [ 132.698972381464671, 34.459639240478523 ], [ 132.698776778269348, 34.460477536858441 ], [ 132.701047734069789, 34.459582275633629 ], [ 132.701328805972622, 34.459123090561825 ], [ 132.701971548209059, 34.458822062357527 ], [ 132.704066378400256, 34.456895539685135 ], [ 132.70435070224147, 34.456853718379442 ], [ 132.705524623927687, 34.455950385888116 ], [ 132.706711910447439, 34.455620303732537 ] ] ] } },
{ "type": "Feature", "properties": { "CITY_NAME": "東広島市", "S_NAME": "八本松飯田六丁目", "JINKO": 644, "medical_area": "34_広島中央医療圏", "町丁目名": "東広島市八本松飯田六丁目" }, "geometry": { "type": "Polygon", "coordinates": [ [ [ 132.706878924684048, 34.452316134383949 ], [ 132.707596694320273, 34.451815135882853 ], [ 132.707786380194989, 34.450446627156303 ], [ 132.708010527546094, 34.450372101164014 ], [ 132.708076612128451, 34.450086274512664 ], [ 132.707116699814662, 34.45009714532722 ], [ 132.70634418335726, 34.450637261810549 ], [ 132.70553792662227, 34.450784365850645 ], [ 132.705204236707999, 34.450616516267942 ], [ 132.70433454111955, 34.450596541540989 ], [ 132.704557386947727, 34.451510204477373 ], [ 132.704783628287714, 34.451701067870587 ], [ 132.70478163896243, 34.452139028219804 ], [ 132.702790944444502, 34.452507275407569 ], [ 132.701655846865975, 34.45339604724137 ], [ 132.702883956799383, 34.454225851505662 ], [ 132.705443415432825, 34.454575337658738 ], [ 132.706711910447439, 34.455620303732537 ], [ 132.706871289526873, 34.455454647272866 ], [ 132.706598972812856, 34.454298786103841 ], [ 132.706984648162916, 34.453698685172149 ], [ 132.707042663136889, 34.453215542870197 ], [ 132.706878924684048, 34.452316134383949 ] ] ] } },
{ "type": "Feature", "properties": { "CITY_NAME": "東広島市", "S_NAME": "八本松飯田七丁目", "JINKO": 1149, "medical_area": "34_広島中央医療圏", "町丁目名": "東広島市八本松飯田七丁目" }, "geometry": { "type": "Polygon", "coordinates": [ [ [ 132.702790944444502, 34.452507275407569 ], [ 132.70478163896243, 34.452139028219847 ], [ 132.704783628287714, 34.451701067870587 ], [ 132.704557386947727, 34.451510204477373 ], [ 132.704252785742284, 34.449880598167084 ], [ 132.704473028277533, 34.44963466113493 ], [ 132.704956524714532, 34.448030882301545 ], [ 132.70540645272456, 34.448103981920902 ], [ 132.705633398913733, 34.44756008202009 ], [ 132.704927653698263, 34.447632782495731 ], [ 132.704849957578233, 34.447879358945933 ], [ 132.704401849683137, 34.447785119836723 ], [ 132.703514535766942, 34.448042582210121 ], [ 132.702844384105873, 34.448045386111083 ], [ 132.701315236490274, 34.448714864188737 ], [ 132.699633197670352, 34.449711661273874 ], [ 132.69863154679075, 34.449489232953091 ], [ 132.698302894827407, 34.449636461923703 ], [ 132.698366017302959, 34.45033192586645 ], [ 132.698915918987097, 34.451064149720622 ], [ 132.699386072959783, 34.452270309117516 ], [ 132.69930675204867, 34.452438709243317 ], [ 132.701655846865975, 34.45339604724137 ], [ 132.702790944444502, 34.452507275407569 ] ] ] } },
{ "type": "Feature", "properties": { "CITY_NAME": "東広島市", "S_NAME": "八本松飯田八丁目", "JINKO": 730, "medical_area": "34_広島中央医療圏", "町丁目名": "東広島市八本松飯田八丁目" }, "geometry": { "type": "Polygon", "coordinates": [ [ [ 132.701998574665367, 34.455562040251138 ], [ 132.702622474619517, 34.455357442184493 ], [ 132.702883956799383, 34.454225851505662 ], [ 132.701224255128523, 34.453122546755324 ], [ 132.69930675204867, 34.452438709243317 ], [ 132.699192878557199, 34.453257076295735 ], [ 132.698278868624698, 34.454390658187215 ], [ 132.69802752426304, 34.454992826568123 ], [ 132.69771407541441, 34.45518774026263 ], [ 132.697685542404201, 34.455528758879638 ], [ 132.698146236979824, 34.456475341363081 ], [ 132.699468330522677, 34.457334490848943 ], [ 132.699609104040462, 34.457822960704995 ], [ 132.699757337170524, 34.45777357447141 ], [ 132.699916418780333, 34.457311685888001 ], [ 132.700874312377096, 34.457083942769188 ], [ 132.701998574665367, 34.455562040251138 ] ] ] } },
{ "type": "Feature", "properties": { "CITY_NAME": "東広島市", "S_NAME": "八本松飯田九丁目", "JINKO": 189, "medical_area": "34_広島中央医療圏", "町丁目名": "東広島市八本松飯田九丁目" }, "geometry": { "type": "Polygon", "coordinates": [ [ [ 132.697704219980011, 34.45569856085605 ], [ 132.69771407541441, 34.45518774026263 ], [ 132.696550837612875, 34.45544493844168 ], [ 132.695660851833821, 34.457542902047443 ], [ 132.695915867916398, 34.457558841520019 ], [ 132.695633921759423, 34.458051542870173 ], [ 132.695682513587428, 34.458427865117464 ], [ 132.695533558853271, 34.458632765565355 ], [ 132.69564581261298, 34.459328015787868 ], [ 132.696116649262791, 34.460165111099492 ], [ 132.696577941726048, 34.460325951490191 ], [ 132.696996692367037, 34.461220319560596 ], [ 132.698776778269377, 34.460477536858441 ], [ 132.698972381464728, 34.459639240478523 ], [ 132.699819477125288, 34.458879377474176 ], [ 132.699832020057841, 34.458398830018297 ], [ 132.699468330522677, 34.457334490848943 ], [ 132.698146236979824, 34.456475341363081 ], [ 132.697704219980011, 34.45569856085605 ] ] ] } },
{ "type": "Feature", "properties": { "CITY_NAME": "東広島市", "S_NAME": "西大沢一丁目", "JINKO": 994, "medical_area": "34_広島中央医療圏", "町丁目名": "東広島市西大沢一丁目" }, "geometry": { "type": "Polygon", "coordinates": [ [ [ 132.725881412171077, 34.377189689663417 ], [ 132.726820727535483, 34.377006064912628 ], [ 132.725955991314436, 34.376466284914876 ], [ 132.725457762598325, 34.375778885781195 ], [ 132.726620205373649, 34.37644971888983 ], [ 132.72747775604023, 34.376726248352057 ], [ 132.7276674728937, 34.376641562585903 ], [ 132.726133811558896, 34.375408976578818 ], [ 132.726164210915073, 34.375241064970446 ], [ 132.725906185733265, 34.375029539591388 ], [ 132.726575596166242, 34.375297780218347 ], [ 132.7278080794934, 34.376198174193817 ], [ 132.72874239963275, 34.376426731668481 ], [ 132.729953751692079, 34.375114197266868 ], [ 132.729002832861454, 34.375311705178312 ], [ 132.72888018839393, 34.375040397917907 ], [ 132.728589038795263, 34.374951162454103 ], [ 132.728480077098624, 34.37425423529362 ], [ 132.728290390279057, 34.374278914474147 ], [ 132.727672121936848, 34.373883386703859 ], [ 132.727457147574654, 34.373414163869818 ], [ 132.727800630456755, 34.373307921932749 ], [ 132.728718345012282, 34.373764052597416 ], [ 132.728831542186839, 34.373109773830684 ], [ 132.728292439152881, 34.372980966682995 ], [ 132.728502196855061, 34.372692916641284 ], [ 132.727204570840911, 34.37231684990536 ], [ 132.726134180892217, 34.372280483073304 ], [ 132.725820916015351, 34.372472649484408 ], [ 132.725100006099495, 34.372498204893816 ], [ 132.725106085390451, 34.372838509198544 ], [ 132.723945397622117, 34.373887205086561 ], [ 132.724822808126106, 34.374563580646175 ], [ 132.724690841843056, 34.37536416034893 ], [ 132.725386374587828, 34.376567919717587 ], [ 132.725043540034278, 34.376441159067099 ], [ 132.724932066972883, 34.376565912789538 ], [ 132.725881412171077, 34.377189689663417 ] ] ] } },
{ "type": "Feature", "properties": { "CITY_NAME": "東広島市", "S_NAME": "西大沢二丁目", "JINKO": 0, "medical_area": "34_広島中央医療圏", "町丁目名": "東広島市西大沢二丁目" }, "geometry": { "type": "Polygon", "coordinates": [ [ [ 132.725386374587828, 34.376567919717587 ], [ 132.724690841843056, 34.37536416034893 ], [ 132.724822808126106, 34.374563580646175 ], [ 132.723945397622117, 34.373887205086561 ], [ 132.725106085390451, 34.372838509198544 ], [ 132.725100006099439, 34.372498204893766 ], [ 132.725820916015351, 34.372472649484408 ], [ 132.726134180892217, 34.372280483073283 ], [ 132.727204570840911, 34.372316849905339 ], [ 132.728502196855061, 34.372692916641284 ], [ 132.729097849280464, 34.371807227309326 ], [ 132.72848110884658, 34.371110383047224 ], [ 132.727396267885837, 34.370808562516444 ], [ 132.726637789272843, 34.370853456251396 ], [ 132.725462037902616, 34.370661628586973 ], [ 132.724916381783146, 34.369951060686795 ], [ 132.724062781318821, 34.369823533450564 ], [ 132.723818327448384, 34.370177093827678 ], [ 132.723848355585432, 34.371044127724787 ], [ 132.723360218954326, 34.370944225167314 ], [ 132.722375616938308, 34.370267763189126 ], [ 132.722088518305839, 34.370307387707598 ], [ 132.721259886805456, 34.371104801375225 ], [ 132.720799520638337, 34.371328197419281 ], [ 132.721232822274118, 34.371670923422244 ], [ 132.72114483230601, 34.37194995726653 ], [ 132.720057206420734, 34.371988990938753 ], [ 132.719188454741698, 34.372671062991714 ], [ 132.719775384490077, 34.373124242175571 ], [ 132.719178408765998, 34.37369717623713 ], [ 132.719305445418172, 34.373949595307224 ], [ 132.720105844282358, 34.373929058141954 ], [ 132.721021489831458, 34.374343409019936 ], [ 132.721073220174702, 34.37496255983195 ], [ 132.721442743543548, 34.374962849274937 ], [ 132.721770857787789, 34.375446920422391 ], [ 132.722212891725917, 34.375551258686237 ], [ 132.723470944749266, 34.375275346403292 ], [ 132.72350966715598, 34.374926246259683 ], [ 132.723820468490572, 34.374584355672859 ], [ 132.724207863125258, 34.374969828906131 ], [ 132.723542595755845, 34.375249382740357 ], [ 132.723404192213593, 34.375656412150782 ], [ 132.724932066972883, 34.376565912789538 ], [ 132.725043540034278, 34.376441159067099 ], [ 132.725386374587828, 34.376567919717587 ] ] ] } },
{ "type": "Feature", "properties": { "CITY_NAME": "東広島市", "S_NAME": "国近", "JINKO": 842, "medical_area": "34_広島中央医療圏", "町丁目名": "東広島市国近" }, "geometry": { "type": "Polygon", "coordinates": [ [ [ 132.719225641006432, 34.35373356293492 ], [ 132.719776953561194, 34.352537652881715 ], [ 132.720864767501581, 34.353065748193679 ], [ 132.721706722215401, 34.35288710556749 ], [ 132.722921206393778, 34.352318811212619 ], [ 132.726158495637293, 34.351792231253945 ], [ 132.727548717968546, 34.351850216961942 ], [ 132.72878037891283, 34.352250518591781 ], [ 132.729619632005523, 34.352709249485322 ], [ 132.730383811299163, 34.352016462080265 ], [ 132.731701241953459, 34.351976554853415 ], [ 132.732532208776718, 34.351723507754969 ], [ 132.733497207436017, 34.351891868233139 ], [ 132.734116982850793, 34.351351297111272 ], [ 132.734215887470725, 34.35063382848773 ], [ 132.734632030249514, 34.350014050544914 ], [ 132.734855146090638, 34.349306286022866 ], [ 132.737313232079458, 34.349985361479099 ], [ 132.738334518221734, 34.350473338685312 ], [ 132.738863547552569, 34.350945300262453 ], [ 132.739642930695851, 34.351198307826621 ], [ 132.740352674721549, 34.351256677591479 ], [ 132.74112315707427, 34.350843984438242 ], [ 132.741475279322657, 34.349429020782487 ], [ 132.742037930349625, 34.348385516717158 ], [ 132.742489439362174, 34.347937408929383 ], [ 132.742713767414074, 34.347348799314375 ], [ 132.742829550021355, 34.345974247889558 ], [ 132.743099324406018, 34.345476425049156 ], [ 132.743375043096705, 34.343584574649064 ], [ 132.744010371834833, 34.342730898055052 ], [ 132.744488209765478, 34.342766674649333 ], [ 132.74496712704024, 34.340932328548909 ], [ 132.747386060267161, 34.3390531502355 ], [ 132.748805817983026, 34.337112353296455 ], [ 132.748304870013357, 34.334664793894362 ], [ 132.748277887585374, 34.333307536619422 ], [ 132.74843150245087, 34.332567122592927 ], [ 132.748336551062749, 34.331240190387632 ], [ 132.746738912492191, 34.33157146382861 ], [ 132.745838678393227, 34.331179181727158 ], [ 132.744036567305528, 34.331092874351924 ], [ 132.743130402848578, 34.330755957574205 ], [ 132.74235763015318, 34.330139912528438 ], [ 132.742158979250405, 34.329191117471375 ], [ 132.74126652827573, 34.328084139525799 ], [ 132.740277344008035, 34.327473468340294 ], [ 132.739798812873573, 34.326741656023067 ], [ 132.738851539325339, 34.326723537023199 ], [ 132.73769608822775, 34.32633379323125 ], [ 132.736112377815857, 34.326231276201383 ], [ 132.734831409179009, 34.325680375795514 ], [ 132.73392885241239, 34.324663162527266 ], [ 132.73372281846045, 34.32379737504565 ], [ 132.732523713934796, 34.322866321094928 ], [ 132.731762289148634, 34.322842373566345 ], [ 132.7309376271769, 34.323258074824487 ], [ 132.730364539696211, 34.323343127676992 ], [ 132.729404247678985, 34.323274302775246 ], [ 132.728573666602841, 34.322802135321105 ], [ 132.727773968573302, 34.322000332089651 ], [ 132.726914052728631, 34.321869888343322 ], [ 132.723124754855121, 34.324190524696625 ], [ 132.722187514876452, 34.325040140421706 ], [ 132.721838749918106, 34.325587029188362 ], [ 132.721248462381595, 34.327151095771136 ], [ 132.721688242817123, 34.329393548044273 ], [ 132.72220072166408, 34.329939053075307 ], [ 132.722088956357368, 34.330326807208827 ], [ 132.721041410211313, 34.331070282949462 ], [ 132.720881333402076, 34.331355563686202 ], [ 132.721006820500975, 34.331607853113475 ], [ 132.715308027757857, 34.333279370802913 ], [ 132.716837405750766, 34.335259712841257 ], [ 132.721748848525579, 34.335671622962145 ], [ 132.72311211683791, 34.336209446782135 ], [ 132.723385221899122, 34.336667430440755 ], [ 132.72337512596053, 34.337182767145443 ], [ 132.721665226465205, 34.34000212315842 ], [ 132.71918099832979, 34.34110837001321 ], [ 132.718137579978389, 34.342116494705742 ], [ 132.716932322119192, 34.345249905703078 ], [ 132.717030525740881, 34.346273552869711 ], [ 132.718531459612848, 34.346694568713367 ], [ 132.720400665481179, 34.346754688621964 ], [ 132.721386983257673, 34.347007561032939 ], [ 132.723006195092978, 34.346055673636684 ], [ 132.724841029539334, 34.345645532873625 ], [ 132.725655812500918, 34.345282447614366 ], [ 132.726087275337335, 34.345373299217052 ], [ 132.726229352537871, 34.345676072663608 ], [ 132.725848954807191, 34.346403981180345 ], [ 132.725314180989784, 34.346748738729985 ], [ 132.722010776971587, 34.348025856168682 ], [ 132.718098674316423, 34.348476220579919 ], [ 132.717859068403584, 34.348735512419751 ], [ 132.717860710636927, 34.34898722957125 ], [ 132.717400077137654, 34.349366973604283 ], [ 132.714987581606181, 34.350630281285667 ], [ 132.714520901269907, 34.350683936950624 ], [ 132.714461332515043, 34.351103842251852 ], [ 132.714135731122411, 34.351305472920892 ], [ 132.715180895324863, 34.351636456597234 ], [ 132.715267416386069, 34.351771718545081 ], [ 132.714973099954165, 34.351958844574035 ], [ 132.71571467284295, 34.352642646883218 ], [ 132.715636367289704, 34.352746252393516 ], [ 132.715824459575913, 34.352992481971711 ], [ 132.716391828875572, 34.353330397631879 ], [ 132.717342960541657, 34.353229048385231 ], [ 132.718349396255348, 34.353936712762085 ], [ 132.719225641006432, 34.35373356293492 ] ], [ [ 132.722110216314633, 34.345618992280642 ], [ 132.71993289473815, 34.346241949475314 ], [ 132.719806493879076, 34.345353521726373 ], [ 132.720809574596274, 34.345097233716778 ], [ 132.721503968757787, 34.344484120045621 ], [ 132.721822879091206, 34.344705517764879 ], [ 132.722110216314633, 34.345618992280642 ] ] ] } },
{ "type": "Feature", "properties": { "CITY_NAME": "東広島市", "S_NAME": "小多田", "JINKO": 445, "medical_area": "34_広島中央医療圏", "町丁目名": "東広島市小多田" }, "geometry": { "type": "Polygon", "coordinates": [ [ [ 132.714973099954165, 34.351958844574035 ], [ 132.715267416386069, 34.351771718545081 ], [ 132.715071396068737, 34.351552993753515 ], [ 132.714151606693264, 34.351350619780476 ], [ 132.714461332515043, 34.351103842251852 ], [ 132.714520901269907, 34.350683936950624 ], [ 132.714987581606181, 34.350630281285667 ], [ 132.716679180982624, 34.349828604029412 ], [ 132.717860710636927, 34.34898722957125 ], [ 132.717859068403584, 34.348735512419751 ], [ 132.718098674316423, 34.348476220579919 ], [ 132.722010776971587, 34.348025856168711 ], [ 132.725314180989784, 34.346748738729985 ], [ 132.725848954807191, 34.346403981180373 ], [ 132.726169079116687, 34.345973294862226 ], [ 132.726087275337335, 34.345373299217052 ], [ 132.725655812500918, 34.345282447614366 ], [ 132.724841029539334, 34.345645532873625 ], [ 132.723006195092978, 34.346055673636684 ], [ 132.721386983257673, 34.347007561032939 ], [ 132.720400665481179, 34.346754688621964 ], [ 132.718531459612848, 34.346694568713367 ], [ 132.717030525740881, 34.346273552869711 ], [ 132.716932322119192, 34.345249905703078 ], [ 132.718137579978389, 34.342116494705742 ], [ 132.71918099832979, 34.34110837001321 ], [ 132.721665226465205, 34.34000212315842 ], [ 132.722441181458493, 34.338900813043509 ], [ 132.72337512596053, 34.337182767145443 ], [ 132.723385221899122, 34.336667430440755 ], [ 132.72311211683791, 34.336209446782135 ], [ 132.722678347271597, 34.335953774601066 ], [ 132.721748848525579, 34.335671622962145 ], [ 132.716837405750766, 34.335259712841257 ], [ 132.717875807993892, 34.336936990329129 ], [ 132.717977259893047, 34.337486760589812 ], [ 132.715516343904625, 34.342769701850244 ], [ 132.712307546418288, 34.34469386701096 ], [ 132.711843896268647, 34.344035271214246 ], [ 132.71107947101595, 34.344372548574292 ], [ 132.710387828112829, 34.344186171319336 ], [ 132.710408981444004, 34.345486278830307 ], [ 132.71029881489298, 34.345898095220448 ], [ 132.709873595581854, 34.346407805853957 ], [ 132.710542663481903, 34.34695039125468 ], [ 132.710469174795293, 34.347599399523013 ], [ 132.71166885491408, 34.348515435673605 ], [ 132.712081776803586, 34.349102120018117 ], [ 132.711315719801064, 34.349525041839911 ], [ 132.711034537460023, 34.349345285649115 ], [ 132.710106746767764, 34.349233354551743 ], [ 132.709899315489167, 34.349998890377925 ], [ 132.709586703124387, 34.350109869881827 ], [ 132.709773479537859, 34.35096817494027 ], [ 132.712037727919238, 34.351509975640319 ], [ 132.713673689818023, 34.351801137382502 ], [ 132.714574797862809, 34.351780047133886 ], [ 132.714973099954165, 34.351958844574035 ] ] ] } },
{ "type": "Feature", "properties": { "CITY_NAME": "東広島市", "S_NAME": "小多田", "JINKO": 0, "medical_area": "34_広島中央医療圏", "町丁目名": "東広島市小多田" }, "geometry": { "type": "Polygon", "coordinates": [ [ [ 132.722110216314633, 34.345618992280642 ], [ 132.72194441412347, 34.344856818796607 ], [ 132.721503968757787, 34.344484120045621 ], [ 132.720809574596274, 34.345097233716778 ], [ 132.719806493879076, 34.345353521726373 ], [ 132.71993289473815, 34.346241949475314 ], [ 132.722110216314633, 34.345618992280642 ] ] ] } },
{ "type": "Feature", "properties": { "CITY_NAME": "東広島市", "S_NAME": "宗近柳国", "JINKO": 1352, "medical_area": "34_広島中央医療圏", "町丁目名": "東広島市宗近柳国" }, "geometry": { "type": "Polygon", "coordinates": [ [ [ 132.709397467522876, 34.364028697514499 ], [ 132.712178716947818, 34.363558482058359 ], [ 132.712639449183001, 34.362876464177489 ], [ 132.713143533661395, 34.362738413665419 ], [ 132.713489148050428, 34.362190870478749 ], [ 132.713262025846717, 34.361541088566902 ], [ 132.713778046764503, 34.360971938804184 ], [ 132.713861754477989, 34.360547137417214 ], [ 132.714434588330107, 34.360319185077024 ], [ 132.714829869893606, 34.359718454561218 ], [ 132.715310448623029, 34.359469360737705 ], [ 132.715500503198058, 34.359139305063948 ], [ 132.715317668678068, 34.357606674160273 ], [ 132.714127957390758, 34.357052646486594 ], [ 132.714440141482811, 34.356618366738886 ], [ 132.714335179547163, 34.356036928017396 ], [ 132.714512719451108, 34.355709745847946 ], [ 132.714519707755727, 34.355209082135737 ], [ 132.715182630723717, 34.354455293308902 ], [ 132.715017696546596, 34.354303480185699 ], [ 132.715164938008456, 34.353875433945738 ], [ 132.715872888024364, 34.353021846042218 ], [ 132.715636367289704, 34.352746252393516 ], [ 132.71571467284295, 34.352642646883218 ], [ 132.714766725298233, 34.351826372451157 ], [ 132.713673689818023, 34.351801137382502 ], [ 132.709773479537859, 34.35096817494027 ], [ 132.709586703124387, 34.350109869881827 ], [ 132.709899315489167, 34.349998890377925 ], [ 132.710106746767764, 34.349233354551743 ], [ 132.711034537460023, 34.349345285649115 ], [ 132.711315719801064, 34.349525041839911 ], [ 132.712081776803586, 34.349102120018117 ], [ 132.71166885491408, 34.348515435673605 ], [ 132.710469174795293, 34.347599399523013 ], [ 132.710542663481903, 34.34695039125468 ], [ 132.709873595581854, 34.346407805853957 ], [ 132.71029881489298, 34.345898095220448 ], [ 132.710408981444004, 34.345486278830307 ], [ 132.710387828112829, 34.344186171319336 ], [ 132.71107947101595, 34.344372548574292 ], [ 132.711843896268647, 34.344035271214246 ], [ 132.712307546418288, 34.34469386701096 ], [ 132.715516343904625, 34.342769701850244 ], [ 132.717977259893047, 34.337486760589812 ], [ 132.717875807993892, 34.336936990329129 ], [ 132.716837405750766, 34.335259712841257 ], [ 132.715308027757857, 34.333279370802913 ], [ 132.721006820500975, 34.331607853113475 ], [ 132.720881333402076, 34.331355563686202 ], [ 132.721041410211313, 34.331070282949497 ], [ 132.722088956357396, 34.330326807208827 ], [ 132.72220072166408, 34.329939053075307 ], [ 132.721688242817123, 34.329393548044273 ], [ 132.721248462381595, 34.327151095771136 ], [ 132.721838749918106, 34.325587029188362 ], [ 132.722187514876481, 34.325040140421706 ], [ 132.723124754855121, 34.324190524696625 ], [ 132.726914052728631, 34.321869888343322 ], [ 132.727069777337533, 34.321395439736577 ], [ 132.727046513970578, 34.32101717813886 ], [ 132.725865046023074, 34.318285263855159 ], [ 132.725199032592002, 34.317850632571286 ], [ 132.723144357440731, 34.317941271984949 ], [ 132.716307800736757, 34.315715643969952 ], [ 132.71432207664887, 34.317216632051483 ], [ 132.711594139630762, 34.317901196201397 ], [ 132.709950683293869, 34.32023371021031 ], [ 132.709013397174232, 34.320858248739043 ], [ 132.708485328579911, 34.321555349693568 ], [ 132.708270621293934, 34.323865136244301 ], [ 132.708605309298235, 34.325729036152403 ], [ 132.707961286429992, 34.328732666834128 ], [ 132.707055377081645, 34.329632310923884 ], [ 132.706790616802152, 34.331371091514463 ], [ 132.707209470775524, 34.332540564331048 ], [ 132.707134656326815, 34.333088591098921 ], [ 132.706907810026934, 34.333251309638101 ], [ 132.707477804892278, 34.333406845844344 ], [ 132.707500230238253, 34.333672988521514 ], [ 132.707877384543423, 34.333944182051475 ], [ 132.708110049563487, 34.33469482633059 ], [ 132.707717658083652, 34.335278629842527 ], [ 132.707627764187094, 34.33579883085163 ], [ 132.706529338826527, 34.336687350831347 ], [ 132.706546545088429, 34.34084613484319 ], [ 132.70752773289712, 34.341753084881148 ], [ 132.708948630736245, 34.342328446517058 ], [ 132.709222361486013, 34.343463059437958 ], [ 132.706016217751454, 34.344543450514145 ], [ 132.703444690650372, 34.344932694814709 ], [ 132.702564751970556, 34.345419853057244 ], [ 132.701350440692408, 34.346605890284302 ], [ 132.703577609062023, 34.351352451359496 ], [ 132.70352019517756, 34.352695145164589 ], [ 132.703032027413428, 34.353141008528084 ], [ 132.702458895888896, 34.353226629157099 ], [ 132.701023051252946, 34.352958218047249 ], [ 132.698854787515558, 34.358204918675177 ], [ 132.699318096209254, 34.358395041958019 ], [ 132.699381157634519, 34.358852862972952 ], [ 132.699913622012218, 34.358951542466883 ], [ 132.700602574159177, 34.359365779387886 ], [ 132.701728816480625, 34.360384521341459 ], [ 132.702077868545274, 34.360454551850914 ], [ 132.702118931807661, 34.360889646433904 ], [ 132.701511082928391, 34.362956988452531 ], [ 132.703150379002182, 34.363263367606095 ], [ 132.703982931896604, 34.363077988566701 ], [ 132.70441676547577, 34.363721106573529 ], [ 132.705832580870748, 34.364021388702831 ], [ 132.707641946726937, 34.364034797458736 ], [ 132.70856235618524, 34.363815050464574 ], [ 132.709397467522876, 34.364028697514499 ] ] ] } },
{ "type": "Feature", "properties": { "CITY_NAME": "東広島市", "S_NAME": "南方", "JINKO": 1382, "medical_area": "34_広島中央医療圏", "町丁目名": "東広島市南方" }, "geometry": { "type": "Polygon", "coordinates": [ [ [ 132.698854787515558, 34.358204918675177 ], [ 132.701023051252946, 34.352958218047249 ], [ 132.702458895888896, 34.353226629157099 ], [ 132.703032027413428, 34.353141008528084 ], [ 132.70352019517756, 34.352695145164589 ], [ 132.703577609062023, 34.351352451359496 ], [ 132.701350440692408, 34.346605890284302 ], [ 132.702564751970556, 34.345419853057244 ], [ 132.703444690650372, 34.344932694814709 ], [ 132.706016217751454, 34.344543450514145 ], [ 132.709222361486013, 34.343463059437958 ], [ 132.708948630736245, 34.342328446517058 ], [ 132.70752773289712, 34.341753084881148 ], [ 132.706546545088429, 34.34084613484319 ], [ 132.706529338826527, 34.336687350831347 ], [ 132.707627764187094, 34.33579883085163 ], [ 132.707717658083652, 34.335278629842527 ], [ 132.708110049563487, 34.33469482633059 ], [ 132.707877384543423, 34.333944182051475 ], [ 132.707500230238253, 34.333672988521514 ], [ 132.707477804892278, 34.333406845844344 ], [ 132.706907810026934, 34.333251309638101 ], [ 132.707134656326815, 34.333088591098921 ], [ 132.707209470775524, 34.332540564331048 ], [ 132.706790616802152, 34.331371091514463 ], [ 132.707055377081645, 34.329632310923884 ], [ 132.707961286429992, 34.328732666834128 ], [ 132.708605309298235, 34.325729036152403 ], [ 132.708270621293934, 34.323865136244301 ], [ 132.708485328579911, 34.321555349693568 ], [ 132.709013397174232, 34.320858248739043 ], [ 132.709950683293869, 34.32023371021031 ], [ 132.711594139630762, 34.317901196201397 ], [ 132.71432207664887, 34.317216632051483 ], [ 132.716307800736757, 34.315715643969952 ], [ 132.723014167478027, 34.317887207751951 ], [ 132.721554970371983, 34.316205131014598 ], [ 132.720527166805454, 34.313182982959844 ], [ 132.720198544069774, 34.312943164687276 ], [ 132.719933077190234, 34.313105234908889 ], [ 132.71918147220083, 34.313018190699509 ], [ 132.718382870553199, 34.313162516944146 ], [ 132.7171825039336, 34.312470764643464 ], [ 132.716901254002579, 34.311617098600486 ], [ 132.717454922727512, 34.310766022560593 ], [ 132.716351541540917, 34.309909287930601 ], [ 132.715745539024539, 34.309048905112398 ], [ 132.714628956781297, 34.307990773701881 ], [ 132.711614327913395, 34.308455275766725 ], [ 132.710461232081258, 34.308843417491808 ], [ 132.709607237776595, 34.309832575759437 ], [ 132.709014933622285, 34.310262167227968 ], [ 132.707407543783802, 34.312495845602598 ], [ 132.706453553147384, 34.312969291795305 ], [ 132.704718626161309, 34.313301627722673 ], [ 132.704275443583811, 34.313163547760851 ], [ 132.704184020616026, 34.31663836869015 ], [ 132.703373935515998, 34.316822233918813 ], [ 132.702034422446104, 34.317474125477823 ], [ 132.701725896121587, 34.317938231999548 ], [ 132.701786726651733, 34.31838875041845 ], [ 132.701599389469322, 34.318545934854306 ], [ 132.700238094493812, 34.318623996869107 ], [ 132.697789734327785, 34.319184450186917 ], [ 132.697668566933828, 34.31949742575943 ], [ 132.698009683629493, 34.319776841023526 ], [ 132.699597095312413, 34.319912085167608 ], [ 132.699112552498121, 34.320272984428279 ], [ 132.699288587067144, 34.320442671473742 ], [ 132.699937561691343, 34.320141346824563 ], [ 132.700261490924618, 34.320157967548205 ], [ 132.700420716136591, 34.319903991591417 ], [ 132.700875401810634, 34.319722680519277 ], [ 132.701486605863579, 34.319611968082732 ], [ 132.701951205767159, 34.319790252509705 ], [ 132.701142287787832, 34.320290628896764 ], [ 132.700784602787706, 34.320802698627205 ], [ 132.701015221021777, 34.320951296368506 ], [ 132.701933271066935, 34.320845298973417 ], [ 132.70206954945769, 34.321029947270603 ], [ 132.702018599876908, 34.321342899188046 ], [ 132.702945013245227, 34.321363920807535 ], [ 132.702452563163121, 34.322003085963445 ], [ 132.701615586060001, 34.321949551044902 ], [ 132.700768076391114, 34.322418539707343 ], [ 132.70048089706421, 34.322072690278638 ], [ 132.700012187513295, 34.322105301350426 ], [ 132.699858784428585, 34.322966397878027 ], [ 132.700450787311723, 34.323628860834006 ], [ 132.699338941908934, 34.324477086659876 ], [ 132.695197605816674, 34.326074170406628 ], [ 132.694277444831243, 34.327144798697233 ], [ 132.694269115293309, 34.327985682284982 ], [ 132.694637507663089, 34.328651674533226 ], [ 132.695282567894765, 34.329230538941125 ], [ 132.697194821189129, 34.33032936074251 ], [ 132.698330057334914, 34.33148124922694 ], [ 132.698466816134584, 34.332481806926751 ], [ 132.698385251490919, 34.333774208406453 ], [ 132.698556031130863, 34.334129724606463 ], [ 132.700532068582504, 34.335410912197254 ], [ 132.701873571769909, 34.336058963002785 ], [ 132.702463606927125, 34.336520822989058 ], [ 132.702903404433954, 34.337116601510296 ], [ 132.702436373151329, 34.339004590117995 ], [ 132.701850807453752, 34.339979987203591 ], [ 132.700978737932246, 34.340447954737208 ], [ 132.699250496548814, 34.340793004069191 ], [ 132.698373917803451, 34.341405222603441 ], [ 132.698315036125365, 34.342019801169066 ], [ 132.697789628614998, 34.342304662026905 ], [ 132.697956781712605, 34.342654839389212 ], [ 132.697881623938599, 34.343024659529469 ], [ 132.697287756716264, 34.343301643930772 ], [ 132.697185165862436, 34.34352944922761 ], [ 132.697116101925388, 34.344572731809045 ], [ 132.69754404730557, 34.344970800829842 ], [ 132.696806641456334, 34.346287141375313 ], [ 132.696265521589766, 34.347781387226043 ], [ 132.695758511447622, 34.348264635506752 ], [ 132.694776755078522, 34.348819233641791 ], [ 132.694344560262749, 34.349630651678027 ], [ 132.693644700426574, 34.356043339492324 ], [ 132.693990320551762, 34.355804772009449 ], [ 132.694456333262764, 34.35599546829976 ], [ 132.69492382976506, 34.355982042399404 ], [ 132.695195772557781, 34.356178220839404 ], [ 132.695764519927366, 34.356180271252761 ], [ 132.696029604290572, 34.356589608638657 ], [ 132.696645251766824, 34.356654983902246 ], [ 132.69718272679691, 34.35646431674494 ], [ 132.69793584739034, 34.356870405076542 ], [ 132.697919605934487, 34.357326318482883 ], [ 132.698387618729498, 34.357401339093492 ], [ 132.698735807538753, 34.357761568382337 ], [ 132.698854787515558, 34.358204918675177 ] ] ] } },
{ "type": "Feature", "properties": { "CITY_NAME": "東広島市", "S_NAME": "乃美尾", "JINKO": 1963, "medical_area": "34_広島中央医療圏", "町丁目名": "東広島市乃美尾" }, "geometry": { "type": "Polygon", "coordinates": [ [ [ 132.685857572049514, 34.357922809489402 ], [ 132.68666317684503, 34.357734149757171 ], [ 132.687588508526204, 34.357246059636651 ], [ 132.687998053785378, 34.357591128723158 ], [ 132.688924674969741, 34.35775847163039 ], [ 132.690385372176337, 34.357396120915666 ], [ 132.691218093178605, 34.357411852603583 ], [ 132.693368396228237, 34.356045513242357 ], [ 132.693644700426574, 34.356043339492324 ], [ 132.694344560262749, 34.349630651678027 ], [ 132.694776755078522, 34.348819233641791 ], [ 132.696106989781043, 34.348014360335583 ], [ 132.696462998990683, 34.347374137523502 ], [ 132.696806641456334, 34.346287141375313 ], [ 132.69754404730557, 34.344970800829842 ], [ 132.697116101925388, 34.344572731809045 ], [ 132.697111963297374, 34.343914053051989 ], [ 132.697287756716264, 34.343301643930772 ], [ 132.697881623938599, 34.343024659529469 ], [ 132.697956781712605, 34.342654839389212 ], [ 132.697789628614998, 34.342304662026905 ], [ 132.698279478705757, 34.342070528128183 ], [ 132.698373917803451, 34.341405222603441 ], [ 132.698623499414936, 34.341172128359347 ], [ 132.699250496548814, 34.340793004069191 ], [ 132.701300844664189, 34.340345405921283 ], [ 132.701850807453752, 34.339979987203591 ], [ 132.702327054339179, 34.339299623258114 ], [ 132.702903404433954, 34.337116601510296 ], [ 132.702463606927125, 34.336520822989058 ], [ 132.701873571769909, 34.336058963002785 ], [ 132.700532068582504, 34.335410912197254 ], [ 132.698556031130863, 34.334129724606463 ], [ 132.698385251490919, 34.333774208406453 ], [ 132.698466816134584, 34.332481806926751 ], [ 132.698330057334914, 34.33148124922694 ], [ 132.697194821189129, 34.33032936074251 ], [ 132.695282567894765, 34.329230538941125 ], [ 132.694637507663089, 34.328651674533226 ], [ 132.694357926441114, 34.328278588992688 ], [ 132.694225814501607, 34.327577911293012 ], [ 132.694277444831243, 34.327144798697233 ], [ 132.695197605816674, 34.326074170406628 ], [ 132.699338941908934, 34.324477086659876 ], [ 132.700450787311723, 34.323628860834006 ], [ 132.699858784428585, 34.322966397878027 ], [ 132.700012187513266, 34.322105301350426 ], [ 132.70048089706421, 34.322072690278638 ], [ 132.700768076391114, 34.322418539707343 ], [ 132.701615586060001, 34.321949551044902 ], [ 132.702452563163121, 34.322003085963445 ], [ 132.702945013245227, 34.321363920807535 ], [ 132.70201859987688, 34.321342899188046 ], [ 132.70206954945769, 34.321029947270567 ], [ 132.701933271066935, 34.320845298973417 ], [ 132.70101522102172, 34.320951296368506 ], [ 132.700784602787678, 34.320802698627169 ], [ 132.701142287787832, 34.320290628896764 ], [ 132.701951205767159, 34.319790252509705 ], [ 132.701486605863579, 34.319611968082732 ], [ 132.700875401810634, 34.319722680519249 ], [ 132.700420716136563, 34.319903991591431 ], [ 132.700261490924589, 34.320157967548205 ], [ 132.699937561691343, 34.320141346824563 ], [ 132.699288587067144, 34.320442671473721 ], [ 132.699112552498121, 34.320272984428279 ], [ 132.699597095312413, 34.319912085167608 ], [ 132.698009683629493, 34.319776841023526 ], [ 132.697668566933828, 34.319497425759401 ], [ 132.697703379752738, 34.319268925613692 ], [ 132.698114879846003, 34.319050904545811 ], [ 132.699630373455904, 34.318734687907806 ], [ 132.701599389469294, 34.318545934854285 ], [ 132.701786726651733, 34.318388750418407 ], [ 132.701725896121587, 34.317938231999548 ], [ 132.702034422446104, 34.317474125477823 ], [ 132.703373935515998, 34.316822233918813 ], [ 132.704184020616026, 34.316638368690136 ], [ 132.704275443583811, 34.313163547760851 ], [ 132.703765300466301, 34.313154515595656 ], [ 132.702701128996978, 34.312614290398002 ], [ 132.702093267029255, 34.312093193631561 ], [ 132.701671235804326, 34.311259821531884 ], [ 132.699547285916253, 34.310073376786882 ], [ 132.699513785256158, 34.309735435660663 ], [ 132.697867775092817, 34.308322612590381 ], [ 132.697357601159723, 34.308182541796249 ], [ 132.69667193276328, 34.308265516802351 ], [ 132.696544655735124, 34.308488499256939 ], [ 132.69611792594938, 34.308403563773652 ], [ 132.695557196529677, 34.307889972631017 ], [ 132.695638649504417, 34.306775195997886 ], [ 132.695384122522142, 34.306367064100463 ], [ 132.694818635611853, 34.305951250420406 ], [ 132.693585494615633, 34.305664375999598 ], [ 132.693196794098498, 34.305379791757929 ], [ 132.692127584844428, 34.303807596275441 ], [ 132.690488658220772, 34.302744672686288 ], [ 132.6883449661903, 34.302400197931235 ], [ 132.687016854138676, 34.302610363585792 ], [ 132.686617276962835, 34.303012402677197 ], [ 132.686583875511189, 34.303679852751785 ], [ 132.685989208463184, 34.304174008957347 ], [ 132.682712950440958, 34.310266758312189 ], [ 132.682664636227713, 34.310917088334712 ], [ 132.683160719201851, 34.311669375029311 ], [ 132.684174946857269, 34.312510467951022 ], [ 132.684461077240655, 34.313081620409484 ], [ 132.684360963227164, 34.313504936663044 ], [ 132.683848426353023, 34.313949854980507 ], [ 132.682672105486887, 34.314110047608168 ], [ 132.68253750388115, 34.314586900339215 ], [ 132.683551687870107, 34.315956685435737 ], [ 132.683615505722656, 34.316292955897893 ], [ 132.682599317991702, 34.3175118255512 ], [ 132.682292040847727, 34.318731651683514 ], [ 132.681423606847858, 34.319415569668642 ], [ 132.681297872886574, 34.320673928813399 ], [ 132.68222030598514, 34.321545417008863 ], [ 132.682587071209213, 34.322805504441313 ], [ 132.682744966554964, 34.324240727935432 ], [ 132.683584222249721, 34.324802359357157 ], [ 132.684027715102815, 34.325319169198089 ], [ 132.684881836117711, 34.327641599680319 ], [ 132.687571180734011, 34.328840119681374 ], [ 132.68756357384197, 34.329630287956007 ], [ 132.686304364284496, 34.330464085612633 ], [ 132.685885739701803, 34.330456845143729 ], [ 132.685845388413043, 34.330971047788871 ], [ 132.686155670817243, 34.33148165077327 ], [ 132.686206642524184, 34.33223127855215 ], [ 132.687296191082737, 34.332649965020245 ], [ 132.68721074576527, 34.333499343592422 ], [ 132.687895797533031, 34.334802426698502 ], [ 132.688046997311147, 34.336242589743023 ], [ 132.688932521616806, 34.339221973487589 ], [ 132.688451829184004, 34.341057135010175 ], [ 132.688303809840647, 34.343000329415375 ], [ 132.687850891323137, 34.344250344557445 ], [ 132.685815692878293, 34.347901646438352 ], [ 132.684523948834652, 34.348227024916113 ], [ 132.684131684508998, 34.348114158432828 ], [ 132.683080111909959, 34.349322862664714 ], [ 132.682968979796044, 34.350029207891275 ], [ 132.683577655248513, 34.350554040386683 ], [ 132.681645839086087, 34.35350909021556 ], [ 132.68145094101007, 34.354241000857996 ], [ 132.681428443637628, 34.35485456454041 ], [ 132.682023211946699, 34.357741351208631 ], [ 132.682869427247738, 34.359691457885411 ], [ 132.683592852448925, 34.360724760965105 ], [ 132.684855652013766, 34.359626037375257 ], [ 132.685857572049514, 34.357922809489402 ] ], [ [ 132.689008216103332, 34.315054813516532 ], [ 132.689178881549651, 34.314375371480814 ], [ 132.689566878226287, 34.313987168885461 ], [ 132.690189354720246, 34.31373263667372 ], [ 132.69096950092927, 34.313149199713294 ], [ 132.69120618634571, 34.312797138364033 ], [ 132.69111995721812, 34.312533373791666 ], [ 132.690950432752487, 34.312484512126616 ], [ 132.690343732807122, 34.31294746897278 ], [ 132.690118246648751, 34.312696554968362 ], [ 132.689980956378889, 34.313027482862317 ], [ 132.689607424947354, 34.31297526407505 ], [ 132.689214504392055, 34.313815258035987 ], [ 132.688722137987469, 34.314265323476626 ], [ 132.688669755908364, 34.314785922995362 ], [ 132.68837123955177, 34.314655056159857 ], [ 132.688476516203167, 34.313977444856107 ], [ 132.688281727023508, 34.313858532920243 ], [ 132.688063026827109, 34.314705813681044 ], [ 132.686939831210367, 34.314941894302812 ], [ 132.685788846544625, 34.314304541358673 ], [ 132.685706912799247, 34.312604156455912 ], [ 132.690597599345693, 34.312285983641701 ], [ 132.692072437894836, 34.311845793747743 ], [ 132.692473927965153, 34.312217379495621 ], [ 132.692674227395003, 34.313199796340164 ], [ 132.692948774447132, 34.313741251349121 ], [ 132.692688101787581, 34.314145965077522 ], [ 132.692860219664539, 34.314467255858219 ], [ 132.69246777625645, 34.314623333110504 ], [ 132.692661159306567, 34.31494467382965 ], [ 132.692620362307025, 34.315222645223116 ], [ 132.692302290225456, 34.315374036595578 ], [ 132.69249373063198, 34.315785260587113 ], [ 132.689735764089193, 34.315877777038658 ], [ 132.689008216103332, 34.315054813516532 ] ] ] } },
{ "type": "Feature", "properties": { "CITY_NAME": "東広島市", "S_NAME": "大多田", "JINKO": 1196, "medical_area": "34_広島中央医療圏", "町丁目名": "東広島市大多田" }, "geometry": { "type": "Polygon", "coordinates": [ [ [ 132.681501673166167, 34.362334634232027 ], [ 132.681635916684172, 34.362036557647535 ], [ 132.682635886245492, 34.361673289666683 ], [ 132.683033968334314, 34.361020112259752 ], [ 132.683592852448925, 34.360724760965105 ], [ 132.682869427247709, 34.359691457885411 ], [ 132.682023211946699, 34.357741351208631 ], [ 132.681428443637628, 34.35485456454041 ], [ 132.681645839086087, 34.353509090215546 ], [ 132.683577655248513, 34.350554040386683 ], [ 132.682968979796044, 34.350029207891275 ], [ 132.683080111909959, 34.349322862664714 ], [ 132.684131684508998, 34.348114158432828 ], [ 132.684523948834652, 34.348227024916113 ], [ 132.685815692878293, 34.347901646438352 ], [ 132.687850891323137, 34.344250344557445 ], [ 132.688303809840647, 34.343000329415375 ], [ 132.688451829184004, 34.341057135010175 ], [ 132.688932521616806, 34.339221973487589 ], [ 132.688046997311147, 34.336242589743023 ], [ 132.687895797533031, 34.334802426698502 ], [ 132.68721074576527, 34.333499343592422 ], [ 132.687263791311096, 34.332579808033969 ], [ 132.685322961631272, 34.331972304060329 ], [ 132.684403621677234, 34.331483292409494 ], [ 132.684336801581139, 34.331642475207353 ], [ 132.683464294005717, 34.331499799514326 ], [ 132.682329438048384, 34.331607981381765 ], [ 132.682307126370006, 34.332236633820166 ], [ 132.681640088862622, 34.332651199849671 ], [ 132.681223245155252, 34.333452525418451 ], [ 132.679800182367757, 34.333581195989694 ], [ 132.679475249815226, 34.333875565214178 ], [ 132.679550859624698, 34.334385898013409 ], [ 132.678643730804737, 34.335097000498379 ], [ 132.678403541648407, 34.337874523765031 ], [ 132.67984710763281, 34.342142831899842 ], [ 132.681110137601593, 34.342588447223065 ], [ 132.681452110731385, 34.343009188588042 ], [ 132.681453114878963, 34.343710284514707 ], [ 132.68047242907204, 34.345576667823671 ], [ 132.678524112628224, 34.347715001654699 ], [ 132.677158883560054, 34.348613930644852 ], [ 132.676200135552705, 34.34873695853387 ], [ 132.673198225926626, 34.347187643441991 ], [ 132.670985976339296, 34.346505108599139 ], [ 132.669091934243454, 34.346621901466548 ], [ 132.653879995379384, 34.349124031195423 ], [ 132.648596406852988, 34.347236176049613 ], [ 132.647374547871777, 34.348253243857151 ], [ 132.645502283839335, 34.349057884187523 ], [ 132.644629818622406, 34.350192732532193 ], [ 132.642894154642619, 34.350882976794061 ], [ 132.641110447772206, 34.352063172277226 ], [ 132.643030552949625, 34.353458893283872 ], [ 132.643239914248056, 34.354071131402712 ], [ 132.644046515498161, 34.354959817282989 ], [ 132.644671432700108, 34.356207992864356 ], [ 132.646600211838631, 34.355443856859459 ], [ 132.649116362322076, 34.355322971600771 ], [ 132.650289061964372, 34.355608953974802 ], [ 132.650941446525991, 34.356088703092034 ], [ 132.652552594504783, 34.355918639021375 ], [ 132.653629358554156, 34.355287228337261 ], [ 132.65487085541244, 34.355307644049908 ], [ 132.655889273458399, 34.355953256966394 ], [ 132.656491767689829, 34.35685112674377 ], [ 132.657386276036675, 34.357293529380001 ], [ 132.658176645285437, 34.358168097957702 ], [ 132.658147910399322, 34.358359369107923 ], [ 132.658455823562491, 34.358834119773874 ], [ 132.658922493093854, 34.359087073271915 ], [ 132.660052070829806, 34.360303696750982 ], [ 132.660991010608029, 34.360673342158641 ], [ 132.662144477551294, 34.360859827803047 ], [ 132.662399982193676, 34.361126015717588 ], [ 132.662968164132536, 34.361219216925619 ], [ 132.663546968765587, 34.361666367645348 ], [ 132.664947817259872, 34.362182722061597 ], [ 132.666018136659574, 34.362385432932996 ], [ 132.666256370443847, 34.362256975213334 ], [ 132.667858679171871, 34.362199142454756 ], [ 132.668785720192403, 34.362351140047096 ], [ 132.670203140355625, 34.362067376016618 ], [ 132.670780403275614, 34.362249115241973 ], [ 132.672492986003391, 34.362077365019708 ], [ 132.674210019084057, 34.363339237766688 ], [ 132.674784733785657, 34.364145734876978 ], [ 132.675849286799178, 34.364438557385235 ], [ 132.67602210809406, 34.364777617238367 ], [ 132.676501329226141, 34.364973831412186 ], [ 132.67719931781545, 34.364912467609585 ], [ 132.678308127255235, 34.364128141676545 ], [ 132.679740377794303, 34.36363996879227 ], [ 132.681501673166167, 34.362334634232027 ] ] ] } },
{ "type": "Feature", "properties": { "CITY_NAME": "東広島市", "S_NAME": "丸山", "JINKO": 1176, "medical_area": "34_広島中央医療圏", "町丁目名": "東広島市丸山" }, "geometry": { "type": "Polygon", "coordinates": [ [ [ 132.678900305148744, 34.34732900505152 ], [ 132.68047242907204, 34.345576667823671 ], [ 132.681453114878963, 34.343710284514707 ], [ 132.681492676189492, 34.343241873889028 ], [ 132.681110137601593, 34.342588447223065 ], [ 132.67984710763281, 34.342142831899842 ], [ 132.678403541648407, 34.337874523765031 ], [ 132.678643730804737, 34.335097000498379 ], [ 132.679550859624698, 34.334385898013409 ], [ 132.679475249815226, 34.333875565214178 ], [ 132.679800182367757, 34.333581195989694 ], [ 132.681223245155252, 34.333452525418451 ], [ 132.681640088862622, 34.332651199849671 ], [ 132.682307126370006, 34.332236633820166 ], [ 132.682329438048384, 34.331607981381765 ], [ 132.683464294005717, 34.331499799514326 ], [ 132.684336801581139, 34.331642475207353 ], [ 132.684403621677234, 34.331483292409494 ], [ 132.684996202318899, 34.331840989193473 ], [ 132.686206642524184, 34.33223127855215 ], [ 132.686155670817243, 34.33148165077327 ], [ 132.685845388413043, 34.330971047788871 ], [ 132.685885739701803, 34.330456845143729 ], [ 132.686304364284496, 34.330464085612633 ], [ 132.68756357384197, 34.329630287956007 ], [ 132.687571180734011, 34.328840119681374 ], [ 132.684881836117711, 34.327641599680319 ], [ 132.684027715102815, 34.325319169198089 ], [ 132.683584222249721, 34.324802359357157 ], [ 132.682744966554964, 34.324240727935432 ], [ 132.682583749671863, 34.323053873186346 ], [ 132.67829271851113, 34.322559239530086 ], [ 132.677102776793191, 34.322573360766718 ], [ 132.67709583488309, 34.32337677069615 ], [ 132.676843053146314, 34.323917356915473 ], [ 132.676551982695429, 34.324127761455252 ], [ 132.676102990935533, 34.324196402366987 ], [ 132.67529048040268, 34.323978330357576 ], [ 132.674108610115354, 34.324194536833588 ], [ 132.673760331993179, 34.324444331655165 ], [ 132.673132824047684, 34.324121377779313 ], [ 132.673147034129613, 34.323865074754565 ], [ 132.672366796713277, 34.323448504179105 ], [ 132.672190965633007, 34.323687582760456 ], [ 132.671692692961358, 34.323436071561183 ], [ 132.671084689665463, 34.323481965133006 ], [ 132.671127575072859, 34.323746766382875 ], [ 132.67164321952086, 34.323843954024881 ], [ 132.671686567139062, 34.324171581866416 ], [ 132.670897910767337, 34.325533385804043 ], [ 132.671591341085986, 34.326680030975623 ], [ 132.671529534094788, 34.327084302017354 ], [ 132.672062682955982, 34.327081397759216 ], [ 132.672496435141028, 34.32883794594747 ], [ 132.672342742216671, 34.330216566255196 ], [ 132.671765733687664, 34.330548018314651 ], [ 132.671706788133918, 34.33128923432843 ], [ 132.671248906236883, 34.332702773524566 ], [ 132.670882964801706, 34.333007713259398 ], [ 132.670523236722147, 34.333820457630679 ], [ 132.669884531858827, 34.334133137386438 ], [ 132.669573253286558, 34.335191918525815 ], [ 132.669565245790125, 34.335835865286612 ], [ 132.668844795030139, 34.336839269627411 ], [ 132.668521698811162, 34.340175206517571 ], [ 132.668844890295219, 34.342011498369835 ], [ 132.668345704870518, 34.342920442649643 ], [ 132.666490095060766, 34.344452190842397 ], [ 132.666330497543981, 34.345455105485613 ], [ 132.666483872502226, 34.346195999542871 ], [ 132.666869715641496, 34.347059345078819 ], [ 132.669904214177762, 34.346524477854118 ], [ 132.67168602904664, 34.346626193712275 ], [ 132.673198225926626, 34.347187643441991 ], [ 132.676200135552705, 34.34873695853387 ], [ 132.677474519229719, 34.348463578657423 ], [ 132.678900305148744, 34.34732900505152 ] ] ] } },
{ "type": "Feature", "properties": { "CITY_NAME": "東広島市", "S_NAME": "楢原北一丁目", "JINKO": 208, "medical_area": "34_広島中央医療圏", "町丁目名": "東広島市楢原北一丁目" }, "geometry": { "type": "Polygon", "coordinates": [ [ [ 132.665026492772313, 34.339463633322261 ], [ 132.665410821563455, 34.339440507062612 ], [ 132.665689720667075, 34.340123494562576 ], [ 132.666814600987351, 34.340283150135747 ], [ 132.666512674471704, 34.339773190553394 ], [ 132.665889326785873, 34.339306033874124 ], [ 132.665838899414467, 34.338857651036186 ], [ 132.66500165511232, 34.337703676957361 ], [ 132.66199724147998, 34.337380026827169 ], [ 132.662804621977813, 34.337960512579897 ], [ 132.662824755244174, 34.338768679980909 ], [ 132.663530803699302, 34.33894189701288 ], [ 132.663509976026177, 34.33906721066743 ], [ 132.664013279978775, 34.339282101022775 ], [ 132.663718224012996, 34.33993060709404 ], [ 132.66387083767404, 34.340191437087377 ], [ 132.664619608605619, 34.34036239994446 ], [ 132.664767597128531, 34.339840703965407 ], [ 132.665094691009585, 34.339832163164282 ], [ 132.665026492772313, 34.339463633322261 ] ] ] } },
{ "type": "Feature", "properties": { "CITY_NAME": "東広島市", "S_NAME": "楢原北二丁目", "JINKO": 838, "medical_area": "34_広島中央医療圏", "町丁目名": "東広島市楢原北二丁目" }, "geometry": { "type": "Polygon", "coordinates": [ [ [ 132.661653039956832, 34.341640790319019 ], [ 132.66163805436824, 34.340948352501087 ], [ 132.662502565894442, 34.339951191740198 ], [ 132.662870502961738, 34.33849215779928 ], [ 132.662804621977813, 34.337960512579897 ], [ 132.66199724147998, 34.337380026827169 ], [ 132.660906990161834, 34.337318079786797 ], [ 132.659798410539594, 34.337753389202597 ], [ 132.659997340208832, 34.337904889535729 ], [ 132.657933402856003, 34.339369648702665 ], [ 132.657826471255333, 34.339596709577769 ], [ 132.657422849417316, 34.339504281929187 ], [ 132.657095575115818, 34.340051221046338 ], [ 132.657819874373331, 34.340112422927547 ], [ 132.657767123653997, 34.340336856056851 ], [ 132.657967368227503, 34.340342874953969 ], [ 132.657775447830858, 34.34038357483648 ], [ 132.657678396881522, 34.34076282322399 ], [ 132.658487286134488, 34.340911016404107 ], [ 132.658467475002823, 34.341293430917474 ], [ 132.660306742895557, 34.341371082141883 ], [ 132.661653039956832, 34.341640790319019 ] ] ] } },
{ "type": "Feature", "properties": { "CITY_NAME": "東広島市", "S_NAME": "楢原北三丁目", "JINKO": 426, "medical_area": "34_広島中央医療圏", "町丁目名": "東広島市楢原北三丁目" }, "geometry": { "type": "Polygon", "coordinates": [ [ [ 132.656494950593498, 34.341118011234641 ], [ 132.657422849417316, 34.339504281929187 ], [ 132.657826471255333, 34.339596709577769 ], [ 132.657933402856003, 34.339369648702665 ], [ 132.659997340208832, 34.337904889535729 ], [ 132.659798410539594, 34.337753389202597 ], [ 132.65865887720895, 34.337941296074902 ], [ 132.655126672852674, 34.337148964338766 ], [ 132.654599833008206, 34.33784296095093 ], [ 132.654183115900651, 34.33808219828537 ], [ 132.65428393027787, 34.338507819371891 ], [ 132.654045637571016, 34.338804834345638 ], [ 132.654056117878724, 34.339141147124096 ], [ 132.653449163878889, 34.339883469195328 ], [ 132.653580642975697, 34.339944010539988 ], [ 132.653562824912967, 34.3402770395031 ], [ 132.65388064391621, 34.340572997186982 ], [ 132.653869576620593, 34.340882119191377 ], [ 132.65441004617125, 34.340920682622126 ], [ 132.654770305986574, 34.340190068133445 ], [ 132.654758966760966, 34.33972282440704 ], [ 132.655034102449576, 34.339415452981321 ], [ 132.655382373952335, 34.339518189354074 ], [ 132.655312651530068, 34.339729173238133 ], [ 132.655966187405141, 34.33992517932321 ], [ 132.655834458777605, 34.34047367350361 ], [ 132.655958058851127, 34.340906203350912 ], [ 132.656494950593498, 34.341118011234641 ] ] ] } },
{ "type": "Feature", "properties": { "CITY_NAME": "東広島市", "S_NAME": "楢原東一丁目", "JINKO": 272, "medical_area": "34_広島中央医療圏", "町丁目名": "東広島市楢原東一丁目" }, "geometry": { "type": "Polygon", "coordinates": [ [ [ 132.667612047573868, 34.332820457018109 ], [ 132.668493925670646, 34.33236300914519 ], [ 132.668973992647096, 34.331689079089536 ], [ 132.668970979939218, 34.331164095104526 ], [ 132.669176476719855, 34.330998266265709 ], [ 132.668891892675276, 34.330657742107228 ], [ 132.668503354101034, 34.330745706276794 ], [ 132.668330400327875, 34.331028876192072 ], [ 132.667237258301725, 34.330575797701812 ], [ 132.665834022756684, 34.331638998177326 ], [ 132.665568754706271, 34.332839155347664 ], [ 132.666971264604086, 34.333564124232012 ], [ 132.667612047573868, 34.332820457018109 ] ] ] } },
{ "type": "Feature", "properties": { "CITY_NAME": "東広島市", "S_NAME": "楢原東二丁目", "JINKO": 556, "medical_area": "34_広島中央医療圏", "町丁目名": "東広島市楢原東二丁目" }, "geometry": { "type": "Polygon", "coordinates": [ [ [ 132.665391857513526, 34.336240874026977 ], [ 132.66562527548345, 34.336482167715374 ], [ 132.665698140838657, 34.336202774068667 ], [ 132.665451766898002, 34.335891838950523 ], [ 132.665469008402653, 34.335499589880648 ], [ 132.664982874697017, 34.335443865954574 ], [ 132.665250181394896, 34.335078080209357 ], [ 132.665721354573151, 34.334959456143196 ], [ 132.666041370089431, 34.334185719120107 ], [ 132.666460067410981, 34.334225898404448 ], [ 132.666971264604086, 34.333564124232012 ], [ 132.665568754706271, 34.332839155347664 ], [ 132.665663439883105, 34.332505052292234 ], [ 132.663970782517055, 34.333389124021743 ], [ 132.663604272363955, 34.333724470772829 ], [ 132.66199724147998, 34.337380026827169 ], [ 132.665152168298448, 34.337721638585634 ], [ 132.665390856183819, 34.336875065188735 ], [ 132.665391857513526, 34.336240874026977 ] ] ] } },
{ "type": "Feature", "properties": { "CITY_NAME": "東広島市", "S_NAME": "楢原東三丁目", "JINKO": 825, "medical_area": "34_広島中央医療圏", "町丁目名": "東広島市楢原東三丁目" }, "geometry": { "type": "Polygon", "coordinates": [ [ [ 132.666367881618584, 34.337896767714454 ], [ 132.667640112497736, 34.338039474443683 ], [ 132.668006804902404, 34.338594859975679 ], [ 132.667927230687212, 34.338753572405359 ], [ 132.668584261959296, 34.338761023145878 ], [ 132.668814482500721, 34.336931942669381 ], [ 132.669565245790125, 34.335835865286612 ], [ 132.669573253286558, 34.335191918525815 ], [ 132.669839963424067, 34.334533106598954 ], [ 132.669884531858827, 34.334133137386438 ], [ 132.66960616123896, 34.333985183576893 ], [ 132.669507902173081, 34.333727740738027 ], [ 132.66883036381779, 34.333466361992798 ], [ 132.668520273479743, 34.334502625933922 ], [ 132.667982941627855, 34.334452611588262 ], [ 132.668008880925612, 34.334915154622074 ], [ 132.6675136866495, 34.334601682630968 ], [ 132.667408097995917, 34.334996076918536 ], [ 132.666706687996566, 34.334774365858763 ], [ 132.665176794884701, 34.33515548026994 ], [ 132.664982874697017, 34.335443865954574 ], [ 132.665448997185479, 34.335472624512761 ], [ 132.665451766898002, 34.335891838950523 ], [ 132.665693771571995, 34.33632830436126 ], [ 132.665578393281123, 34.336476492159171 ], [ 132.665391857513526, 34.336240874026977 ], [ 132.665390856183819, 34.336875065188735 ], [ 132.665152168298448, 34.337721638585634 ], [ 132.664971648923824, 34.337828808337648 ], [ 132.665896024454383, 34.338968828327701 ], [ 132.666096955843216, 34.338954028112965 ], [ 132.666367881618584, 34.337896767714454 ] ] ] } },
{ "type": "Feature", "properties": { "CITY_NAME": "東広島市", "S_NAME": "楢原西一丁目", "JINKO": 634, "medical_area": "34_広島中央医療圏", "町丁目名": "東広島市楢原西一丁目" }, "geometry": { "type": "Polygon", "coordinates": [ [ [ 132.666578975873819, 34.331032090283919 ], [ 132.664910258409634, 34.329718913346063 ], [ 132.663622034614889, 34.330622745892128 ], [ 132.663407476466801, 34.330488743751758 ], [ 132.663378044526127, 34.330750520560095 ], [ 132.661730208045014, 34.332122774031667 ], [ 132.661711519591989, 34.332540244568285 ], [ 132.661965503718903, 34.332539217917159 ], [ 132.661943123881457, 34.333166032088023 ], [ 132.66229711244543, 34.3338331627683 ], [ 132.663347114331771, 34.334066697125529 ], [ 132.663970782517055, 34.333389124021743 ], [ 132.665663439883105, 34.332505052292234 ], [ 132.665834022756684, 34.331638998177326 ], [ 132.666578975873819, 34.331032090283919 ] ] ] } },
{ "type": "Feature", "properties": { "CITY_NAME": "東広島市", "S_NAME": "楢原西二丁目", "JINKO": 290, "medical_area": "34_広島中央医療圏", "町丁目名": "東広島市楢原西二丁目" }, "geometry": { "type": "Polygon", "coordinates": [ [ [ 132.660495793381301, 34.337422006269747 ], [ 132.66199724147998, 34.337380026827169 ], [ 132.663347114331771, 34.334066697125529 ], [ 132.66229711244543, 34.3338331627683 ], [ 132.662150183958005, 34.333559205094318 ], [ 132.660852746693735, 34.333942676453802 ], [ 132.660444954958791, 34.33375718238927 ], [ 132.659854771930725, 34.334117289983269 ], [ 132.659921060986846, 34.334222251732548 ], [ 132.659626302489357, 34.334416004830331 ], [ 132.659570578611721, 34.334679934623935 ], [ 132.659351873620324, 34.334717720138535 ], [ 132.659251927988123, 34.335724486318142 ], [ 132.659646853242151, 34.335874193169992 ], [ 132.659629501518907, 34.336201671011281 ], [ 132.659423360309745, 34.33640462687292 ], [ 132.659920355680271, 34.336635692122087 ], [ 132.659644704662611, 34.336968348854327 ], [ 132.659895279112874, 34.337077489386779 ], [ 132.659882090831957, 34.337214040490885 ], [ 132.659837266157069, 34.337372366494272 ], [ 132.659337636031069, 34.337298772796686 ], [ 132.65957320199422, 34.337470558385782 ], [ 132.659561353239667, 34.337845123080669 ], [ 132.660495793381301, 34.337422006269747 ] ] ] } },
{ "type": "Feature", "properties": { "CITY_NAME": "東広島市", "S_NAME": "楢原", "JINKO": 0, "medical_area": "34_広島中央医療圏", "町丁目名": "東広島市楢原" }, "geometry": { "type": "Polygon", "coordinates": [ [ [ 132.668844890295219, 34.342011498369835 ], [ 132.668521698811162, 34.340175206517571 ], [ 132.668584261959296, 34.338761023145878 ], [ 132.667927230687212, 34.338753572405359 ], [ 132.668006804902404, 34.338594859975679 ], [ 132.667640112497708, 34.338039474443683 ], [ 132.666388912915437, 34.337875683997495 ], [ 132.666096955843216, 34.338954028112965 ], [ 132.6657502213763, 34.338936904584855 ], [ 132.665889326785873, 34.339306033874124 ], [ 132.666512674471704, 34.339773190553394 ], [ 132.666814600987351, 34.340283150135747 ], [ 132.665689720667075, 34.340123494562576 ], [ 132.665410821563427, 34.339440507062598 ], [ 132.665026492772313, 34.339463633322261 ], [ 132.665094691009585, 34.339832163164282 ], [ 132.664767597128531, 34.339840703965358 ], [ 132.664619608605534, 34.34036239994446 ], [ 132.66387083767404, 34.340191437087377 ], [ 132.663718224012996, 34.33993060709404 ], [ 132.664013279978775, 34.339282101022775 ], [ 132.663509976026148, 34.339067210667416 ], [ 132.663530803699302, 34.33894189701288 ], [ 132.662824755244174, 34.338768679980902 ], [ 132.662502565894442, 34.339951191740198 ], [ 132.66163805436824, 34.340948352501087 ], [ 132.661653039956832, 34.341640790319019 ], [ 132.660306742895557, 34.341371082141883 ], [ 132.658467475002823, 34.341293430917474 ], [ 132.658487286134488, 34.340911016404107 ], [ 132.657678396881494, 34.34076282322399 ], [ 132.657775447830801, 34.34038357483648 ], [ 132.657967368227503, 34.340342874953954 ], [ 132.657767123653997, 34.340336856056851 ], [ 132.657819874373331, 34.340112422927533 ], [ 132.65709557511579, 34.340051221046316 ], [ 132.656494950593498, 34.341118011234641 ], [ 132.656341796304901, 34.341078078814583 ], [ 132.655890670963458, 34.340758562262657 ], [ 132.655966187405141, 34.33992517932321 ], [ 132.655312651530068, 34.339729173238133 ], [ 132.655410267550138, 34.339532125189947 ], [ 132.655034102449576, 34.339415452981321 ], [ 132.654745317723751, 34.339749356068673 ], [ 132.654770305986574, 34.340190068133445 ], [ 132.654468745765598, 34.340899475476917 ], [ 132.653869576620593, 34.34088211919132 ], [ 132.65388064391621, 34.340572997186982 ], [ 132.653643181164739, 34.340344652607733 ], [ 132.65111112259271, 34.348184719960202 ], [ 132.653879995379384, 34.349124031195423 ], [ 132.666869715641496, 34.347059345078819 ], [ 132.666330497543981, 34.345455105485613 ], [ 132.666490095060766, 34.344452190842397 ], [ 132.668345704870518, 34.342920442649643 ], [ 132.668844890295219, 34.342011498369835 ] ] ] } },
{ "type": "Feature", "properties": { "CITY_NAME": "東広島市", "S_NAME": "楢原", "JINKO": 1557, "medical_area": "34_広島中央医療圏", "町丁目名": "東広島市楢原" }, "geometry": { "type": "Polygon", "coordinates": [ [ [ 132.657173039833083, 34.335089047370154 ], [ 132.657175122145048, 34.334593884615224 ], [ 132.657379675416593, 34.334647865064504 ], [ 132.657652867306894, 34.334045938658726 ], [ 132.657463387488292, 34.333971303984953 ], [ 132.657538445561329, 34.333797001750284 ], [ 132.65822822466356, 34.333827993566857 ], [ 132.658339944974927, 34.333694705702811 ], [ 132.658017913593426, 34.333390874837058 ], [ 132.658569737769028, 34.333026067386285 ], [ 132.658403039347405, 34.33222663138362 ], [ 132.659102666737311, 34.331627894272316 ], [ 132.65889512752932, 34.331485168005017 ], [ 132.659003449468088, 34.331386674594398 ], [ 132.659260124944353, 34.331607429013594 ], [ 132.659393750216253, 34.331467936126231 ], [ 132.659339508004535, 34.33161612593058 ], [ 132.658526958029341, 34.332231543327538 ], [ 132.658551652565933, 34.332609081248791 ], [ 132.658884563816144, 34.332445520647489 ], [ 132.659306695842645, 34.332661686505404 ], [ 132.659880580542762, 34.332458054062563 ], [ 132.660163547194969, 34.332552002398728 ], [ 132.660730159787192, 34.332978460352486 ], [ 132.660321297112262, 34.33354010461828 ], [ 132.660467461255479, 34.333793218783178 ], [ 132.660852746693735, 34.333942676453781 ], [ 132.661389700403731, 34.333821335180232 ], [ 132.662150183958005, 34.333559205094318 ], [ 132.661943123881457, 34.333166032088023 ], [ 132.661965503718903, 34.332539217917159 ], [ 132.661711519591989, 34.332540244568285 ], [ 132.661859493489601, 34.331960251901741 ], [ 132.663378044526127, 34.330750520560095 ], [ 132.663407476466801, 34.330488743751758 ], [ 132.663622034614889, 34.330622745892128 ], [ 132.664910258409634, 34.329718913346099 ], [ 132.665962652039411, 34.330400150157715 ], [ 132.666578975873819, 34.331032090283919 ], [ 132.667237258301725, 34.330575797701812 ], [ 132.668330400327875, 34.331028876192072 ], [ 132.66878875986086, 34.330620412036303 ], [ 132.669176476719855, 34.330998266265709 ], [ 132.668970979939218, 34.331164095104526 ], [ 132.668973992647096, 34.331689079089536 ], [ 132.668493925670646, 34.33236300914519 ], [ 132.667795167105879, 34.332646206887048 ], [ 132.667270188149246, 34.333084030465379 ], [ 132.666460067410981, 34.334225898404448 ], [ 132.666041370089431, 34.334185719120107 ], [ 132.665721354573151, 34.334959456143196 ], [ 132.666706687996566, 34.334774365858763 ], [ 132.667408097995917, 34.334996076918536 ], [ 132.6675136866495, 34.334601682630968 ], [ 132.668008880925612, 34.334915154622074 ], [ 132.667982941627855, 34.334452611588262 ], [ 132.668520273479743, 34.334502625933922 ], [ 132.66883036381779, 34.333466361992798 ], [ 132.669507902173081, 34.333727740738027 ], [ 132.66960616123896, 34.333985183576893 ], [ 132.669884531858827, 34.334133137386438 ], [ 132.670523236722147, 34.333820457630679 ], [ 132.670882964801706, 34.333007713259398 ], [ 132.671248906236883, 34.332702773524566 ], [ 132.671706788133918, 34.33128923432843 ], [ 132.671765733687664, 34.330548018314651 ], [ 132.672342742216671, 34.330216566255196 ], [ 132.672496435141028, 34.32883794594747 ], [ 132.672062682955982, 34.327081397759216 ], [ 132.671529534094788, 34.327084302017354 ], [ 132.671591341085986, 34.326680030975623 ], [ 132.670897910767337, 34.325533385804043 ], [ 132.671548748041744, 34.324570671396771 ], [ 132.67164321952086, 34.323843954024881 ], [ 132.671127575072859, 34.323746766382875 ], [ 132.670701201735596, 34.323209409369262 ], [ 132.669357839732612, 34.322621725913223 ], [ 132.667769149292496, 34.322784037939321 ], [ 132.666309357835956, 34.322457686325869 ], [ 132.665512177115744, 34.321908722254314 ], [ 132.664612901780828, 34.320931217302643 ], [ 132.664954986084098, 34.322543078207509 ], [ 132.662984277831697, 34.324332389371399 ], [ 132.663113482779181, 34.325341206348646 ], [ 132.66120403872057, 34.326932883374923 ], [ 132.659814454565662, 34.327644530766193 ], [ 132.659733595197139, 34.328132408371445 ], [ 132.659015794871863, 34.329115597682552 ], [ 132.658616026545104, 34.329366819908664 ], [ 132.659417707927645, 34.329108350146932 ], [ 132.660410544697328, 34.329762352036994 ], [ 132.658848437870745, 34.331392846389896 ], [ 132.658180862933392, 34.331852217663688 ], [ 132.655944026753787, 34.332377442280013 ], [ 132.653785807584171, 34.333193206821619 ], [ 132.654015901264387, 34.333656173550722 ], [ 132.656143931181617, 34.332939837798769 ], [ 132.656590194913548, 34.33381749966253 ], [ 132.655962747488616, 34.334422781934357 ], [ 132.656111711220376, 34.33475125707475 ], [ 132.657173039833083, 34.335089047370154 ] ] ] } },
{ "type": "Feature", "properties": { "CITY_NAME": "東広島市", "S_NAME": "兼広", "JINKO": 314, "medical_area": "34_広島中央医療圏", "町丁目名": "東広島市兼広" }, "geometry": { "type": "Polygon", "coordinates": [ [ [ 132.653449163878889, 34.339883469195328 ], [ 132.654056117878724, 34.339141147124096 ], [ 132.654045637570903, 34.33880483434563 ], [ 132.65428393027787, 34.338507819371891 ], [ 132.654183115900651, 34.33808219828537 ], [ 132.654599833008206, 34.33784296095093 ], [ 132.655126672852674, 34.337148964338766 ], [ 132.658124867001277, 34.337828772575747 ], [ 132.657991989592006, 34.337749150484441 ], [ 132.658032350670027, 34.337238632605256 ], [ 132.657163353009764, 34.335449258068692 ], [ 132.657802425027427, 34.335455716741876 ], [ 132.657793012155196, 34.335137257094061 ], [ 132.657173039833083, 34.335089047370154 ], [ 132.656280745549424, 34.334741848180727 ], [ 132.654785484465123, 34.335152381635929 ], [ 132.654564959238655, 34.334869549680604 ], [ 132.653466137094483, 34.334983228931712 ], [ 132.653280925173362, 34.334881832140788 ], [ 132.652789767599643, 34.333921926757171 ], [ 132.653000361014449, 34.3333835363578 ], [ 132.652827759910338, 34.332723123406424 ], [ 132.653308616182642, 34.331659347956929 ], [ 132.654029467067687, 34.330917207305795 ], [ 132.655664247814315, 34.330224109277658 ], [ 132.656599964704299, 34.330134024511729 ], [ 132.657452346730565, 34.329839443850311 ], [ 132.657906404002318, 34.330001738365958 ], [ 132.658284769117614, 34.329755817844607 ], [ 132.657982160384989, 34.3295693923912 ], [ 132.659015794871863, 34.329115597682588 ], [ 132.659733595197139, 34.328132408371445 ], [ 132.659814454565662, 34.327644530766193 ], [ 132.66120403872057, 34.326932883374923 ], [ 132.663113482779181, 34.325341206348646 ], [ 132.662984277831697, 34.324332389371399 ], [ 132.664954986084098, 34.322543078207509 ], [ 132.664612901780828, 34.320931217302643 ], [ 132.663893377082275, 34.319826613425562 ], [ 132.662564661903332, 34.318399474040184 ], [ 132.661375666804616, 34.317766838781203 ], [ 132.660973926076991, 34.318723288571221 ], [ 132.661037754974018, 34.319792836944011 ], [ 132.660249338577074, 34.321255242145753 ], [ 132.659645803121407, 34.321548880048432 ], [ 132.659563660277797, 34.321996388950531 ], [ 132.659772323710229, 34.322001863215071 ], [ 132.660034779430106, 34.322286606683086 ], [ 132.660550614475852, 34.32223133319539 ], [ 132.660952782412693, 34.322447160656154 ], [ 132.661321968861813, 34.322276765015779 ], [ 132.661989025521677, 34.322681750253999 ], [ 132.661333479399474, 34.323371849299313 ], [ 132.661626447643329, 34.324174053271086 ], [ 132.661224972790421, 34.324818890836674 ], [ 132.661035851000435, 34.324765842296749 ], [ 132.659695161339528, 34.324220439031784 ], [ 132.660271482559807, 34.323858899477067 ], [ 132.660320915583554, 34.323507086472375 ], [ 132.659723809435718, 34.323398623404522 ], [ 132.659395164566632, 34.32351869886741 ], [ 132.658507847851297, 34.325564603490022 ], [ 132.657463428395204, 34.326318356858955 ], [ 132.657268491516135, 34.327009402715838 ], [ 132.656253717944651, 34.32733929007837 ], [ 132.656593068481214, 34.327634045624585 ], [ 132.656498018956967, 34.327801215805096 ], [ 132.657183597541746, 34.328331390315626 ], [ 132.657097523790441, 34.328515708338415 ], [ 132.65689289829686, 34.328454262231489 ], [ 132.656500689464195, 34.329173273413161 ], [ 132.655503808440471, 34.329467577177091 ], [ 132.655183810992156, 34.329129075421541 ], [ 132.654461409292367, 34.329415940102201 ], [ 132.654268139535674, 34.329255414185788 ], [ 132.654224771902705, 34.329646778384706 ], [ 132.653989722706825, 34.329785623619983 ], [ 132.65353388368888, 34.329695586047656 ], [ 132.653727196920613, 34.329878370795875 ], [ 132.653328052719985, 34.329998425401129 ], [ 132.653074188671496, 34.330260884542838 ], [ 132.653202818587346, 34.330467452641244 ], [ 132.652717564561755, 34.330849579058302 ], [ 132.651964294997271, 34.330012417057198 ], [ 132.652111992468804, 34.330523048338847 ], [ 132.652868175081693, 34.331091137356687 ], [ 132.652573976296736, 34.331331216317416 ], [ 132.652631214084977, 34.331650056800228 ], [ 132.652378969145957, 34.331907297191655 ], [ 132.651385567062562, 34.332113231770919 ], [ 132.651132014601529, 34.332321309959312 ], [ 132.650868609849255, 34.332329674778144 ], [ 132.650329023214795, 34.331673944637416 ], [ 132.649808820487181, 34.331591472266282 ], [ 132.6498871385798, 34.331420430543268 ], [ 132.649737357400966, 34.331366220468183 ], [ 132.649942923305304, 34.330999714906831 ], [ 132.647107823668875, 34.330823352168558 ], [ 132.646213045812459, 34.333887098700551 ], [ 132.645743059163692, 34.336528824781254 ], [ 132.645441228145671, 34.337238703936393 ], [ 132.645501628142881, 34.339358090349677 ], [ 132.646048328213311, 34.341209615740475 ], [ 132.646589087376299, 34.34489876372146 ], [ 132.648231851038531, 34.346657519883671 ], [ 132.648596406852988, 34.347236176049613 ], [ 132.65111112259271, 34.348184719960202 ], [ 132.653621657874623, 34.340475718890438 ], [ 132.653580642975697, 34.339944010539988 ], [ 132.653449163878889, 34.339883469195328 ] ] ] } },
{ "type": "Feature", "properties": { "CITY_NAME": "東広島市", "S_NAME": "切田", "JINKO": 0, "medical_area": "34_広島中央医療圏", "町丁目名": "東広島市切田" }, "geometry": { "type": "Polygon", "coordinates": [ [ [ 132.649772744527752, 34.329898084943657 ], [ 132.648620812386099, 34.329630030440427 ], [ 132.649115878363091, 34.329143777809854 ], [ 132.649387004980014, 34.329180606260458 ], [ 132.649401163236291, 34.329369878776355 ], [ 132.649580504844351, 34.329331420402468 ], [ 132.649583666098749, 34.329031074863053 ], [ 132.650558826776489, 34.328559831343185 ], [ 132.650877908532038, 34.328218232988519 ], [ 132.651648181381489, 34.328076152113866 ], [ 132.651332301545949, 34.327652252330374 ], [ 132.648729519078813, 34.327848732341756 ], [ 132.648358182129726, 34.328347603244723 ], [ 132.64785441584479, 34.328693581161531 ], [ 132.647482805723484, 34.330847941937009 ], [ 132.649942923305304, 34.330999714906831 ], [ 132.65011049468572, 34.330596311771828 ], [ 132.649569352687962, 34.33037699580958 ], [ 132.649772744527752, 34.329898084943657 ] ] ] } },
{ "type": "Feature", "properties": { "CITY_NAME": "東広島市", "S_NAME": "切田", "JINKO": 0, "medical_area": "34_広島中央医療圏", "町丁目名": "東広島市切田" }, "geometry": { "type": "Polygon", "coordinates": [ [ [ 132.653074188671496, 34.330260884542838 ], [ 132.653727196920613, 34.329878370795875 ], [ 132.653546862750233, 34.329686518950517 ], [ 132.654176105525892, 34.329687541941119 ], [ 132.654285552632501, 34.329264360624236 ], [ 132.653553539791517, 34.328682800457848 ], [ 132.653384641880052, 34.32889716906891 ], [ 132.653025018582326, 34.328707858382764 ], [ 132.653098980765208, 34.328497246228928 ], [ 132.652140914920693, 34.328367777324054 ], [ 132.651836574287785, 34.328526050658589 ], [ 132.651997787547089, 34.328841099873536 ], [ 132.651441520308822, 34.329098130681523 ], [ 132.651180656158459, 34.329848442794592 ], [ 132.651972618910122, 34.329998439760786 ], [ 132.652717564561755, 34.330849579058302 ], [ 132.653202818587346, 34.330467452641244 ], [ 132.653074188671496, 34.330260884542838 ] ] ] } },
{ "type": "Feature", "properties": { "CITY_NAME": "東広島市", "S_NAME": "切田", "JINKO": 350, "medical_area": "34_広島中央医療圏", "町丁目名": "東広島市切田" }, "geometry": { "type": "Polygon", "coordinates": [ [ [ 132.657305686301271, 34.326937974014037 ], [ 132.657497878421481, 34.326278775287214 ], [ 132.65854762024054, 34.325513167115375 ], [ 132.659395164566632, 34.32351869886741 ], [ 132.659723809435718, 34.323398623404522 ], [ 132.660320915583554, 34.323507086472375 ], [ 132.660271482559807, 34.323858899477067 ], [ 132.659695161339528, 34.324220439031784 ], [ 132.661035851000435, 34.324765842296749 ], [ 132.661224972790421, 34.324818890836674 ], [ 132.661626447643329, 34.324174053271086 ], [ 132.661333479399474, 34.323371849299313 ], [ 132.661989025521677, 34.322681750253999 ], [ 132.661321968861813, 34.322276765015779 ], [ 132.660952782412693, 34.322447160656154 ], [ 132.660550614475852, 34.32223133319539 ], [ 132.660034779430106, 34.322286606683086 ], [ 132.659772323710229, 34.322001863215071 ], [ 132.659563660277797, 34.321996388950531 ], [ 132.659645803121407, 34.321548880048432 ], [ 132.660249338577074, 34.321255242145753 ], [ 132.661037754974018, 34.319792836944011 ], [ 132.660973926076991, 34.318723288571221 ], [ 132.661375666804616, 34.317766838781203 ], [ 132.657705698956107, 34.317198388251903 ], [ 132.65772838415279, 34.317930547337404 ], [ 132.657562593528098, 34.318338468533341 ], [ 132.656845318755671, 34.31952775603758 ], [ 132.655449171202861, 34.321066002615559 ], [ 132.654614621612268, 34.320819983246089 ], [ 132.654529369138345, 34.321014442695635 ], [ 132.653066241380628, 34.321894213928736 ], [ 132.651144933154455, 34.322696043398025 ], [ 132.651291543363527, 34.322998760210744 ], [ 132.653307565888099, 34.322684527667079 ], [ 132.65424148151331, 34.322075779367168 ], [ 132.654508205292757, 34.321560683073869 ], [ 132.654835884661452, 34.321369204713278 ], [ 132.65510037138128, 34.32149493560923 ], [ 132.655022165669266, 34.321850522324702 ], [ 132.654551053868431, 34.322356713741492 ], [ 132.654520328889561, 34.322666046471348 ], [ 132.653651386245485, 34.323126200451725 ], [ 132.653444710046841, 34.323088986054387 ], [ 132.653354411996418, 34.32333671300713 ], [ 132.653561597350262, 34.323469154072669 ], [ 132.653927889238133, 34.323347257324407 ], [ 132.654061522100534, 34.323495767142084 ], [ 132.654516143458437, 34.323285330497328 ], [ 132.654448041005367, 34.323054854586061 ], [ 132.654704825854054, 34.323161740948073 ], [ 132.654922058020247, 34.323049870618448 ], [ 132.655026552758812, 34.323268227458804 ], [ 132.655259237307121, 34.323178553142803 ], [ 132.655168827025335, 34.323413603127712 ], [ 132.655379546618946, 34.323488973962156 ], [ 132.65597146321673, 34.323231639520024 ], [ 132.656183153547573, 34.322962294975035 ], [ 132.656928071108467, 34.322870572681737 ], [ 132.656575548933489, 34.323089485233687 ], [ 132.656626303366494, 34.32327016061916 ], [ 132.656185118946865, 34.323747501127905 ], [ 132.655574088414795, 34.323746556359914 ], [ 132.655480632424798, 34.324114882907466 ], [ 132.655647882962569, 34.324277626537842 ], [ 132.655177218222917, 34.324510529023812 ], [ 132.654848593763262, 34.324944169313888 ], [ 132.65477846113771, 34.325646547416291 ], [ 132.652286611098674, 34.325959585960284 ], [ 132.651926917774688, 34.326183160245634 ], [ 132.652015086828158, 34.32643468797415 ], [ 132.652181876162899, 34.326753101530599 ], [ 132.652255069213822, 34.326533898754541 ], [ 132.652535643192891, 34.326392481413478 ], [ 132.653189710111945, 34.326454830656978 ], [ 132.654156631905579, 34.326864450167534 ], [ 132.654628145974698, 34.326577313088819 ], [ 132.655036673389191, 34.326541457237674 ], [ 132.655584985552593, 34.326754664353942 ], [ 132.656253717944651, 34.32733929007837 ], [ 132.657305686301271, 34.326937974014037 ] ] ] } },
{ "type": "Feature", "properties": { "CITY_NAME": "東広島市", "S_NAME": "市飯田", "JINKO": 640, "medical_area": "34_広島中央医療圏", "町丁目名": "東広島市市飯田" }, "geometry": { "type": "Polygon", "coordinates": [ [ [ 132.667169257611562, 34.314071195403585 ], [ 132.667085680430716, 34.311100547380249 ], [ 132.666862904077249, 34.310206215082118 ], [ 132.666793188463686, 34.30789760361283 ], [ 132.666408626225888, 34.304293688044822 ], [ 132.666069955488723, 34.297083800281449 ], [ 132.670553154659871, 34.292458921893818 ], [ 132.669601353489099, 34.292072922691943 ], [ 132.669062627509419, 34.291202180561079 ], [ 132.666694883703371, 34.290423442909159 ], [ 132.665187293138104, 34.289306159261955 ], [ 132.66438112279701, 34.288990227379429 ], [ 132.663813131962115, 34.28896506430592 ], [ 132.663315472785371, 34.289210788607754 ], [ 132.662667880909652, 34.28985071059121 ], [ 132.661488816666093, 34.290509967697098 ], [ 132.660738547506327, 34.291321883090077 ], [ 132.659719152848453, 34.292082901321145 ], [ 132.659205012746582, 34.294202981438573 ], [ 132.658631130156436, 34.295692897311589 ], [ 132.657687071020121, 34.297093152256117 ], [ 132.656657511038446, 34.299207817601236 ], [ 132.656467092913971, 34.299980273882291 ], [ 132.655482114350235, 34.301151051925835 ], [ 132.652567024135237, 34.305615455253246 ], [ 132.651605025195323, 34.307324652511859 ], [ 132.650630443190011, 34.309546519945826 ], [ 132.650936875902858, 34.309726044330702 ], [ 132.650181314911777, 34.310303217880076 ], [ 132.649747396810511, 34.311308774169383 ], [ 132.650927561888096, 34.311656573583157 ], [ 132.652406540155113, 34.311477026852096 ], [ 132.653266668850904, 34.311979623135493 ], [ 132.653429670411413, 34.314277851746255 ], [ 132.654586038594147, 34.31605654377632 ], [ 132.655458646822041, 34.316783907891718 ], [ 132.656121087911487, 34.31700665932204 ], [ 132.661346346568848, 34.317754279300559 ], [ 132.662564661903332, 34.318399474040184 ], [ 132.663597776063597, 34.319458165649593 ], [ 132.664825605709723, 34.31909874584229 ], [ 132.665060195392527, 34.318788577173898 ], [ 132.666445005691628, 34.318227054725867 ], [ 132.666402890338929, 34.316899511014284 ], [ 132.666539704290869, 34.316157122283578 ], [ 132.66703145481705, 34.315669245632527 ], [ 132.66747578891372, 34.314637656549422 ], [ 132.667169257611562, 34.314071195403585 ] ] ] } },
{ "type": "Feature", "properties": { "CITY_NAME": "東広島市", "S_NAME": "上保田", "JINKO": 201, "medical_area": "34_広島中央医療圏", "町丁目名": "東広島市上保田" }, "geometry": { "type": "Polygon", "coordinates": [ [ [ 132.670164608370015, 34.311981478168484 ], [ 132.671730449358421, 34.30516862137258 ], [ 132.67268864300479, 34.30448396614085 ], [ 132.674604839743239, 34.304066111434047 ], [ 132.675143994386133, 34.303688030351701 ], [ 132.673997666881291, 34.29999837142428 ], [ 132.672926910641166, 34.298099438214322 ], [ 132.670457681777918, 34.295463467211128 ], [ 132.668900222625751, 34.294164166316456 ], [ 132.666069955488723, 34.297083800281449 ], [ 132.666408626225888, 34.304293688044822 ], [ 132.666793188463714, 34.307897603612837 ], [ 132.666862904077249, 34.310206215082118 ], [ 132.667085680430745, 34.311100547380249 ], [ 132.667130251811727, 34.313827788396125 ], [ 132.667475788913748, 34.314637656549408 ], [ 132.66703145481705, 34.315669245632527 ], [ 132.666539704290869, 34.316157122283578 ], [ 132.666402890338929, 34.316899511014284 ], [ 132.666445005691628, 34.318227054725867 ], [ 132.665060195392527, 34.318788577173898 ], [ 132.664825605709723, 34.31909874584229 ], [ 132.663597776063597, 34.319458165649593 ], [ 132.665251409256769, 34.321654244951688 ], [ 132.66586400022635, 34.322191990342418 ], [ 132.666656801831323, 34.322588687014161 ], [ 132.668015362864935, 34.322794582354007 ], [ 132.669357839732612, 34.322621725913223 ], [ 132.670104194522764, 34.321348571869443 ], [ 132.669038128916014, 34.32007666075372 ], [ 132.668933481974392, 34.319075491749992 ], [ 132.669081716212759, 34.318322064601716 ], [ 132.670070538282033, 34.31646835693455 ], [ 132.66977447929969, 34.315854244673218 ], [ 132.670164608370015, 34.311981478168484 ] ] ] } },
{ "type": "Feature", "properties": { "CITY_NAME": "東広島市", "S_NAME": "菅田", "JINKO": 355, "medical_area": "34_広島中央医療圏", "町丁目名": "東広島市菅田" }, "geometry": { "type": "Polygon", "coordinates": [ [ [ 132.671249433841751, 34.322162035724865 ], [ 132.671985655683329, 34.322144067972999 ], [ 132.67406325216777, 34.322906043005887 ], [ 132.67618659982486, 34.322401225515513 ], [ 132.676180408916053, 34.322064713341668 ], [ 132.67682346496079, 34.321484469742963 ], [ 132.676917960411657, 34.320523623561677 ], [ 132.677353387058531, 34.319655031224066 ], [ 132.678918619291665, 34.318308673556807 ], [ 132.679453856725985, 34.317364991866583 ], [ 132.680006428466271, 34.316886394989744 ], [ 132.680262841341175, 34.31626633250039 ], [ 132.68009202047682, 34.315892612530568 ], [ 132.680280474534385, 34.31536135704566 ], [ 132.680146924936793, 34.313829779971854 ], [ 132.680301818664532, 34.313309074378147 ], [ 132.680102070025612, 34.312978371382385 ], [ 132.680329366308598, 34.312442129452108 ], [ 132.680060378583875, 34.311984776600283 ], [ 132.680150089009459, 34.311524828763375 ], [ 132.679746860844858, 34.311039958513895 ], [ 132.680252776314745, 34.310012582888483 ], [ 132.680192089191593, 34.30887215445528 ], [ 132.679681054734004, 34.30684301873265 ], [ 132.679641968048998, 34.305774802622736 ], [ 132.680078490409244, 34.30466492630881 ], [ 132.681370282014001, 34.302886103364585 ], [ 132.682344120288178, 34.30188848748022 ], [ 132.682496572645931, 34.301414523613495 ], [ 132.682228637706459, 34.300505008968393 ], [ 132.680904807782667, 34.299966026508912 ], [ 132.679613899442074, 34.299167183305812 ], [ 132.677670053104151, 34.298430760633686 ], [ 132.677116442484561, 34.29746582758078 ], [ 132.676003503526601, 34.296675208542531 ], [ 132.675841574824915, 34.296380466840901 ], [ 132.674779499639158, 34.296229888194759 ], [ 132.674240766886243, 34.295612969318555 ], [ 132.67319447627213, 34.294908958109033 ], [ 132.671868846131503, 34.295157286997537 ], [ 132.671132576873646, 34.292993232107236 ], [ 132.670553154659871, 34.292458921893818 ], [ 132.668900222625751, 34.294164166316456 ], [ 132.670457681777918, 34.295463467211128 ], [ 132.672926910641166, 34.298099438214322 ], [ 132.673997666881263, 34.29999837142428 ], [ 132.675143994386133, 34.303688030351701 ], [ 132.674604839743239, 34.304066111434025 ], [ 132.67268864300479, 34.30448396614085 ], [ 132.671730449358421, 34.305168621372559 ], [ 132.670229095950106, 34.311650163038237 ], [ 132.66977447929969, 34.315854244673218 ], [ 132.670070538282033, 34.31646835693455 ], [ 132.669081716212759, 34.318322064601716 ], [ 132.66895024008619, 34.319259542008659 ], [ 132.669038128916014, 34.32007666075372 ], [ 132.670104194522764, 34.321348571869443 ], [ 132.669357839732612, 34.322621725913223 ], [ 132.670701201735596, 34.323209409369262 ], [ 132.671082471585976, 34.323678770846158 ], [ 132.671084689665463, 34.323481965133006 ], [ 132.671692692961358, 34.323436071561183 ], [ 132.671412578046642, 34.323292383353909 ], [ 132.671249433841751, 34.322162035724865 ] ] ] } },
{ "type": "Feature", "properties": { "CITY_NAME": "東広島市", "S_NAME": "川角", "JINKO": 564, "medical_area": "34_広島中央医療圏", "町丁目名": "東広島市川角" }, "geometry": { "type": "Polygon", "coordinates": [ [ [ 132.675188292685732, 34.323997067146038 ], [ 132.676263776978857, 34.324201789422141 ], [ 132.676752165598458, 34.32399366549258 ], [ 132.677141064052847, 34.32321895018017 ], [ 132.677102776793191, 34.322573360766718 ], [ 132.67829271851113, 34.322559239530086 ], [ 132.682583749671863, 34.323053873186346 ], [ 132.68222030598514, 34.321545417008863 ], [ 132.681297872886574, 34.320673928813399 ], [ 132.68139427592314, 34.319540504051851 ], [ 132.682292040847727, 34.318731651683514 ], [ 132.682599317991702, 34.317511825551179 ], [ 132.683615505722656, 34.316292955897893 ], [ 132.683551687870107, 34.315956685435737 ], [ 132.68253750388115, 34.314586900339215 ], [ 132.682672105486887, 34.314110047608168 ], [ 132.683848426353023, 34.313949854980507 ], [ 132.684360963227164, 34.313504936663044 ], [ 132.684461077240655, 34.313081620409484 ], [ 132.684174946857269, 34.312510467951022 ], [ 132.683160719201851, 34.311669375029311 ], [ 132.682664636227713, 34.310917088334712 ], [ 132.682712950440958, 34.310266758312189 ], [ 132.685989208463184, 34.304174008957347 ], [ 132.686583875511189, 34.303679852751785 ], [ 132.686617276962835, 34.303012402677197 ], [ 132.687016854138676, 34.302610363585792 ], [ 132.68574694648251, 34.302275246965301 ], [ 132.685297999539216, 34.301807620909074 ], [ 132.683563107737456, 34.300902939098279 ], [ 132.682228637706459, 34.300505008968393 ], [ 132.682482867672377, 34.301305490361322 ], [ 132.682452740080691, 34.301707717646131 ], [ 132.681043577542709, 34.303292279779107 ], [ 132.679951488936439, 34.30486200422483 ], [ 132.679687078628604, 34.30551044836416 ], [ 132.679661741188227, 34.306704253340257 ], [ 132.680192089191593, 34.30887215445528 ], [ 132.680252776314745, 34.310012582888483 ], [ 132.679746860844858, 34.311039958513895 ], [ 132.680150089009459, 34.311524828763375 ], [ 132.680060378583875, 34.311984776600283 ], [ 132.680329366308598, 34.312442129452108 ], [ 132.680102070025612, 34.312978371382385 ], [ 132.680301818664532, 34.313309074378147 ], [ 132.680146924936793, 34.313829779971854 ], [ 132.680280474534385, 34.31536135704566 ], [ 132.68009202047682, 34.315892612530568 ], [ 132.680262841341175, 34.31626633250039 ], [ 132.680006428466271, 34.316886394989744 ], [ 132.679453856725985, 34.317364991866583 ], [ 132.678918619291665, 34.318308673556807 ], [ 132.677353387058531, 34.319655031224066 ], [ 132.676917960411657, 34.320523623561677 ], [ 132.67682346496079, 34.321484469742963 ], [ 132.676180408916053, 34.322064713341668 ], [ 132.67618659982486, 34.322401225515513 ], [ 132.67406325216777, 34.322906043005887 ], [ 132.671985655683329, 34.322144067972999 ], [ 132.671249433841751, 34.322162035724865 ], [ 132.671412578046642, 34.323292383353909 ], [ 132.672190965633007, 34.323687582760456 ], [ 132.672366796713277, 34.323448504179105 ], [ 132.672767300654328, 34.323605188601668 ], [ 132.673147034129613, 34.323865074754565 ], [ 132.673132824047684, 34.324121377779313 ], [ 132.673760331993179, 34.324444331655165 ], [ 132.674108610115354, 34.324194536833588 ], [ 132.675188292685732, 34.323997067146038 ] ] ] } },
{ "type": "Feature", "properties": { "CITY_NAME": "東広島市", "S_NAME": "兼沢", "JINKO": 562, "medical_area": "34_広島中央医療圏", "町丁目名": "東広島市兼沢" }, "geometry": { "type": "Polygon", "coordinates": [ [ [ 132.654614621612268, 34.320819983246089 ], [ 132.655449171202861, 34.321066002615559 ], [ 132.656343597163897, 34.320152973723545 ], [ 132.657562593528098, 34.318338468533341 ], [ 132.65772838415279, 34.317930547337404 ], [ 132.657705698956107, 34.317198388251903 ], [ 132.655774559824749, 34.316930702131991 ], [ 132.654884316964512, 34.31638386798204 ], [ 132.653429670411413, 34.314277851746255 ], [ 132.653266668850904, 34.311979623135493 ], [ 132.652406540155141, 34.311477026852096 ], [ 132.650927561888096, 34.311656573583157 ], [ 132.650388266814446, 34.31157615392015 ], [ 132.647625341636598, 34.310432597670165 ], [ 132.646192941226758, 34.309457460039646 ], [ 132.643697342976111, 34.310846006815524 ], [ 132.6432607045422, 34.311825337367331 ], [ 132.643100170839404, 34.311836242050965 ], [ 132.641732654702963, 34.31371555018481 ], [ 132.639407471274836, 34.315004055639541 ], [ 132.641655722230723, 34.315589016401425 ], [ 132.643351928607359, 34.31773284585131 ], [ 132.645010000959473, 34.319310207475766 ], [ 132.646693876957954, 34.320040383646528 ], [ 132.649426012033558, 34.320783036688738 ], [ 132.649010664662256, 34.320810169696685 ], [ 132.648578383135089, 34.32110459674071 ], [ 132.649360955280059, 34.321571182631253 ], [ 132.649566003752966, 34.322206967478586 ], [ 132.649532442503954, 34.323254190896385 ], [ 132.650569610809299, 34.32304330716584 ], [ 132.651654580484859, 34.3223915825848 ], [ 132.652813880408701, 34.322016504309801 ], [ 132.654529369138345, 34.321014442695635 ], [ 132.654614621612268, 34.320819983246089 ] ] ] } },
{ "type": "Feature", "properties": { "CITY_NAME": "東広島市", "S_NAME": "津江", "JINKO": 1016, "medical_area": "34_広島中央医療圏", "町丁目名": "東広島市津江" }, "geometry": { "type": "Polygon", "coordinates": [ [ [ 132.625631348442113, 34.353731794353479 ], [ 132.626982056758862, 34.353765327643131 ], [ 132.627579369773798, 34.353352734880033 ], [ 132.627701851684009, 34.352714996544918 ], [ 132.628692555068596, 34.352294164136374 ], [ 132.629483733873712, 34.352414296460204 ], [ 132.629950897538237, 34.352259973519878 ], [ 132.63040076187977, 34.351472665143213 ], [ 132.630946880983743, 34.351522576678065 ], [ 132.632142489121662, 34.352007833918151 ], [ 132.633384016074473, 34.353058761996181 ], [ 132.63546793256009, 34.35269258722753 ], [ 132.636616549923076, 34.352679735323527 ], [ 132.639592024549273, 34.352999746095634 ], [ 132.640280879447459, 34.35266647196697 ], [ 132.640644621133106, 34.352127097807298 ], [ 132.641110447772206, 34.352063172277226 ], [ 132.642894154642619, 34.350882976794061 ], [ 132.644629818622406, 34.350192732532193 ], [ 132.645502283839335, 34.349057884187523 ], [ 132.647374547871777, 34.348253243857151 ], [ 132.648321761824974, 34.347594352368546 ], [ 132.648596406852988, 34.347236176049613 ], [ 132.648231851038531, 34.346657519883671 ], [ 132.646589087376299, 34.34489876372146 ], [ 132.646048328213311, 34.341209615740475 ], [ 132.645501628142881, 34.339358090349677 ], [ 132.645441228145728, 34.337238703936407 ], [ 132.645743059163692, 34.336528824781254 ], [ 132.646213045812459, 34.333887098700551 ], [ 132.647107823668875, 34.330823352168558 ], [ 132.647482805723484, 34.330847941937009 ], [ 132.64785441584479, 34.328693581161531 ], [ 132.648451193553967, 34.328252010595996 ], [ 132.648758287449539, 34.327713383930579 ], [ 132.648696269239565, 34.327572335174267 ], [ 132.648114464029646, 34.327639137555472 ], [ 132.647994802504542, 34.327461264581274 ], [ 132.647511944682833, 34.327386382184514 ], [ 132.647773788657389, 34.327018108123298 ], [ 132.648418636027458, 34.326715243573112 ], [ 132.649098877729784, 34.326834423506831 ], [ 132.649161838028164, 34.326398605090603 ], [ 132.648816128411227, 34.325877335407753 ], [ 132.648967801614816, 34.325774749377636 ], [ 132.648809700770016, 34.325518001088255 ], [ 132.649035318028666, 34.32510394135489 ], [ 132.648713496090522, 34.324758101423214 ], [ 132.649160803426753, 34.324623503399565 ], [ 132.649684841362443, 34.325094202831195 ], [ 132.650622493897657, 34.325268145459717 ], [ 132.650649673361642, 34.323606894122797 ], [ 132.650876360572823, 34.323580785641376 ], [ 132.651357654380462, 34.323135282663955 ], [ 132.651144933154455, 34.322696043398025 ], [ 132.650569610809299, 34.32304330716584 ], [ 132.649532442503954, 34.323254190896385 ], [ 132.649566003752966, 34.322206967478586 ], [ 132.649360955280059, 34.321571182631253 ], [ 132.648578383135089, 34.32110459674071 ], [ 132.649010664662256, 34.320810169696685 ], [ 132.649426012033558, 34.320783036688738 ], [ 132.646693876957954, 34.320040383646528 ], [ 132.645010000959473, 34.319310207475766 ], [ 132.643351928607359, 34.31773284585131 ], [ 132.641877355974287, 34.315769601630798 ], [ 132.641655722230723, 34.315589016401425 ], [ 132.639740189432104, 34.315172527066565 ], [ 132.638745352435961, 34.314788955684527 ], [ 132.638148739452987, 34.314408356843764 ], [ 132.637856373006855, 34.313399706259787 ], [ 132.634654413823426, 34.313373206176188 ], [ 132.633214905142438, 34.313829362038497 ], [ 132.632103489027514, 34.313308427769741 ], [ 132.63057867125525, 34.311843662186256 ], [ 132.629468457517248, 34.311451887016602 ], [ 132.629260902499226, 34.311905289817858 ], [ 132.628206999826915, 34.313154160156778 ], [ 132.626929496163456, 34.313855303876998 ], [ 132.62606866340937, 34.313928133388252 ], [ 132.625237856157838, 34.31373107660125 ], [ 132.623735640575774, 34.313675847566714 ], [ 132.621105353166655, 34.312493871810915 ], [ 132.620601823149912, 34.313274325608234 ], [ 132.619542782791143, 34.313881307482731 ], [ 132.618314108466507, 34.313908656945202 ], [ 132.616930456418658, 34.314289443232958 ], [ 132.616400457556978, 34.314232784946213 ], [ 132.615270634741051, 34.31449133225631 ], [ 132.613800188014324, 34.315906811649562 ], [ 132.61270644380744, 34.316723331685125 ], [ 132.611500361217423, 34.316784762535434 ], [ 132.610880842780233, 34.316480755444267 ], [ 132.609943409579017, 34.316705732463269 ], [ 132.608185008446526, 34.316344228181535 ], [ 132.606781173061989, 34.316755654750047 ], [ 132.60659394146424, 34.31706215256883 ], [ 132.606844621759848, 34.317905633511792 ], [ 132.606121916305995, 34.319211398376609 ], [ 132.606181970804158, 34.31958322298869 ], [ 132.605936609812176, 34.320431433600987 ], [ 132.606090175972696, 34.32113735650011 ], [ 132.605747051200552, 34.321953095640062 ], [ 132.606020524384746, 34.32248700902943 ], [ 132.607158021672376, 34.322512816227437 ], [ 132.608259490955135, 34.322758500708318 ], [ 132.609247252029121, 34.322584505602407 ], [ 132.610034661578823, 34.324295372184011 ], [ 132.610393459671144, 34.324484954080432 ], [ 132.611040326227766, 34.324435421442054 ], [ 132.611956769705245, 34.32504897045397 ], [ 132.612163311100602, 34.32632056527212 ], [ 132.612459109886345, 34.32666744133806 ], [ 132.613088183557636, 34.326989015074311 ], [ 132.61307489437516, 34.327764979133164 ], [ 132.613280290211975, 34.328152752381243 ], [ 132.613284529320708, 34.328518996304027 ], [ 132.613103390954223, 34.328757723450366 ], [ 132.612130123868354, 34.329485184234308 ], [ 132.612380357697873, 34.330425134693137 ], [ 132.612218407985665, 34.331008353984011 ], [ 132.612447850671742, 34.331758206156685 ], [ 132.612316724865735, 34.332463023438109 ], [ 132.612433063076992, 34.333041428933662 ], [ 132.612109296482998, 34.333612697207784 ], [ 132.611933221794089, 34.334383744665338 ], [ 132.611471228630421, 34.334789006305783 ], [ 132.611894629784814, 34.335159222560826 ], [ 132.611858651368863, 34.33566718185638 ], [ 132.611161373299581, 34.336208387812796 ], [ 132.610719107751862, 34.336300707232162 ], [ 132.610374504447293, 34.336709061094453 ], [ 132.609941408699939, 34.336769368163871 ], [ 132.608506787133166, 34.337598612882175 ], [ 132.608588516871947, 34.33792146970471 ], [ 132.608400838459289, 34.338505055625248 ], [ 132.607826276016709, 34.339050306256453 ], [ 132.607833352032003, 34.339386673102453 ], [ 132.608288594332777, 34.339981330069911 ], [ 132.608107124179583, 34.341228662064886 ], [ 132.608193857340069, 34.342251613570021 ], [ 132.608987320291277, 34.342602760876048 ], [ 132.609558991330147, 34.343179104428351 ], [ 132.610256990350791, 34.343026984443469 ], [ 132.612041909701048, 34.343269860057745 ], [ 132.613027942113945, 34.343820312459762 ], [ 132.613234584796601, 34.344219343631387 ], [ 132.613101993618528, 34.344954310271568 ], [ 132.613534338526307, 34.346292667285027 ], [ 132.616878415251279, 34.348296954645669 ], [ 132.617264940651523, 34.349398096968152 ], [ 132.618580699175624, 34.350428622377756 ], [ 132.619776524803342, 34.351016550216173 ], [ 132.620706587403106, 34.351084950243525 ], [ 132.621042858150389, 34.351848181040104 ], [ 132.621394003953071, 34.352158897000059 ], [ 132.621234834056764, 34.352569828540929 ], [ 132.623282166130622, 34.35375930050332 ], [ 132.623890898443136, 34.354343323089971 ], [ 132.624220966008153, 34.354499863654212 ], [ 132.624922145455599, 34.353913067663626 ], [ 132.625631348442113, 34.353731794353479 ] ] ] } },
{ "type": "Feature", "properties": { "CITY_NAME": "東広島市", "S_NAME": "春日野一丁目", "JINKO": 614, "medical_area": "34_広島中央医療圏", "町丁目名": "東広島市春日野一丁目" }, "geometry": { "type": "Polygon", "coordinates": [ [ [ 132.658848437870745, 34.331392846389896 ], [ 132.660410544697328, 34.329762352036994 ], [ 132.659417707927645, 34.329108350146932 ], [ 132.658090220761153, 34.329486549934209 ], [ 132.657982160384989, 34.3295693923912 ], [ 132.658284769117614, 34.329755817844607 ], [ 132.657906404002318, 34.330001738365958 ], [ 132.657452346730565, 34.329839443850311 ], [ 132.656599964704299, 34.330134024511729 ], [ 132.655664247814315, 34.330224109277658 ], [ 132.65434504221173, 34.330733387628861 ], [ 132.653666305347372, 34.331203907395725 ], [ 132.653254855964974, 34.331751971151647 ], [ 132.652827759910338, 34.332723123406424 ], [ 132.653000361014449, 34.3333835363578 ], [ 132.655944026753787, 34.332377442280013 ], [ 132.658180862933392, 34.331852217663659 ], [ 132.658848437870745, 34.331392846389896 ] ] ] } },
{ "type": "Feature", "properties": { "CITY_NAME": "東広島市", "S_NAME": "春日野二丁目", "JINKO": 351, "medical_area": "34_広島中央医療圏", "町丁目名": "東広島市春日野二丁目" }, "geometry": { "type": "Polygon", "coordinates": [ [ [ 132.654785484465123, 34.335152381635929 ], [ 132.656111711220348, 34.33475125707475 ], [ 132.655962747488616, 34.334422781934357 ], [ 132.656590194913548, 34.33381749966253 ], [ 132.656143931181617, 34.332939837798769 ], [ 132.654015901264387, 34.333656173550722 ], [ 132.653785807584171, 34.333193206821619 ], [ 132.653000361014449, 34.3333835363578 ], [ 132.652789767599643, 34.333921926757171 ], [ 132.653280925173362, 34.334881832140788 ], [ 132.653466137094483, 34.334983228931712 ], [ 132.654564959238655, 34.334869549680604 ], [ 132.654785484465123, 34.335152381635929 ] ] ] } },
{ "type": "Feature", "properties": { "CITY_NAME": "東広島市", "S_NAME": "松ケ丘", "JINKO": 747, "medical_area": "34_広島中央医療圏", "町丁目名": "東広島市松ケ丘" }, "geometry": { "type": "Polygon", "coordinates": [ [ [ 132.65957320199422, 34.337470558385782 ], [ 132.659337636031069, 34.337298772796686 ], [ 132.659837266157069, 34.337372366494272 ], [ 132.659895279112874, 34.337077489386779 ], [ 132.659644704662611, 34.336968348854327 ], [ 132.659923329777058, 34.336652379390003 ], [ 132.659423360309745, 34.33640462687292 ], [ 132.659629501518907, 34.336201671011281 ], [ 132.659646853242151, 34.335874193169992 ], [ 132.659251927988123, 34.335724486318142 ], [ 132.659351873620324, 34.334717720138535 ], [ 132.659570578611721, 34.334679934623935 ], [ 132.659626302489357, 34.334416004830331 ], [ 132.659921060986846, 34.334222251732598 ], [ 132.659854771930753, 34.334117289983269 ], [ 132.660444954958791, 34.33375718238927 ], [ 132.660321297112262, 34.33354010461828 ], [ 132.660511880607288, 34.333259853286634 ], [ 132.659974892071773, 34.332747629692115 ], [ 132.660210939102427, 34.332591613447903 ], [ 132.659880580542762, 34.332458054062592 ], [ 132.659578137947221, 34.332662504187198 ], [ 132.658884563816144, 34.332445520647518 ], [ 132.658551652565933, 34.332609081248791 ], [ 132.65852695802937, 34.332231543327538 ], [ 132.659339508004535, 34.33161612593058 ], [ 132.659393750216253, 34.331467936126231 ], [ 132.659260124944353, 34.331607429013594 ], [ 132.659003449468088, 34.331386674594398 ], [ 132.65889512752932, 34.331485168005017 ], [ 132.659102666737311, 34.331627894272316 ], [ 132.658403039347405, 34.33222663138362 ], [ 132.658569737769028, 34.333026067386285 ], [ 132.658017913593426, 34.333390874837058 ], [ 132.658339944974927, 34.333694705702811 ], [ 132.65822822466356, 34.333827993566857 ], [ 132.657538445561329, 34.333797001750284 ], [ 132.657463387488292, 34.333971303984953 ], [ 132.657652867306894, 34.334045938658726 ], [ 132.657379675416593, 34.334647865064504 ], [ 132.657175122145048, 34.334593884615224 ], [ 132.657173039833083, 34.335089047370154 ], [ 132.657793012155196, 34.335137257094061 ], [ 132.657802425027427, 34.335455716741876 ], [ 132.657163353009764, 34.335449258068692 ], [ 132.658032350670027, 34.337238632605256 ], [ 132.657991989592006, 34.337749150484441 ], [ 132.65865887720895, 34.337941296074902 ], [ 132.659298888822292, 34.337922386633579 ], [ 132.659561353239667, 34.337845123080669 ], [ 132.65957320199422, 34.337470558385782 ] ] ] } },
{ "type": "Feature", "properties": { "CITY_NAME": "東広島市", "S_NAME": "松ケ丘", "JINKO": 0, "medical_area": "34_広島中央医療圏", "町丁目名": "東広島市松ケ丘" }, "geometry": { "type": "Polygon", "coordinates": [ [ [ 132.66072338751988, 34.333000433451893 ], [ 132.660210939102399, 34.332591613447903 ], [ 132.659974892071773, 34.332747629692101 ], [ 132.660511880607288, 34.333259853286634 ], [ 132.66072338751988, 34.333000433451893 ] ] ] } },
{ "type": "Feature", "properties": { "CITY_NAME": "東広島市", "S_NAME": "学園台", "JINKO": 705, "medical_area": "34_広島中央医療圏", "町丁目名": "東広島市学園台" }, "geometry": { "type": "Polygon", "coordinates": [ [ [ 132.692674227395003, 34.313199796340164 ], [ 132.692473927965153, 34.312217379495621 ], [ 132.692072437894836, 34.311845793747743 ], [ 132.690597599345693, 34.312285983641701 ], [ 132.685706912799247, 34.312604156455919 ], [ 132.685788846544625, 34.314304541358673 ], [ 132.686939831210367, 34.314941894302812 ], [ 132.688063026827109, 34.314705813681044 ], [ 132.688281727023508, 34.313858532920243 ], [ 132.688476516203167, 34.313977444856107 ], [ 132.68837123955177, 34.314655056159857 ], [ 132.688669755908364, 34.314785922995362 ], [ 132.688722137987469, 34.314265323476626 ], [ 132.689214504392055, 34.313815258035987 ], [ 132.689607424947354, 34.31297526407505 ], [ 132.689980956378889, 34.313027482862317 ], [ 132.690118246648751, 34.312696554968362 ], [ 132.690343732807122, 34.31294746897278 ], [ 132.690950432752487, 34.312484512126616 ], [ 132.69111995721812, 34.312533373791666 ], [ 132.69120618634571, 34.312797138364033 ], [ 132.69096950092927, 34.313149199713294 ], [ 132.690189354720246, 34.31373263667372 ], [ 132.689566878226287, 34.313987168885461 ], [ 132.689006401885479, 34.31476166793184 ], [ 132.689008216103332, 34.315054813516532 ], [ 132.689735764089193, 34.315877777038658 ], [ 132.69249373063198, 34.315785260587113 ], [ 132.692302290225456, 34.315374036595578 ], [ 132.692620362307025, 34.315222645223116 ], [ 132.692661159306567, 34.31494467382965 ], [ 132.69246777625645, 34.314623333110504 ], [ 132.692860219664539, 34.314467255858219 ], [ 132.692688101787581, 34.314145965077522 ], [ 132.692948774447132, 34.313741251349121 ], [ 132.692674227395003, 34.313199796340164 ] ] ] } },
{ "type": "Feature", "properties": { "CITY_NAME": "東広島市", "S_NAME": "桜が丘", "JINKO": 503, "medical_area": "34_広島中央医療圏", "町丁目名": "東広島市桜が丘" }, "geometry": { "type": "Polygon", "coordinates": [ [ [ 132.652211694589965, 34.332014738388075 ], [ 132.652631214084977, 34.331650056800228 ], [ 132.652573976296765, 34.331331216317416 ], [ 132.652882907789717, 34.33101078422748 ], [ 132.652453333937444, 34.330868375265375 ], [ 132.652111992468804, 34.330523048338847 ], [ 132.651972618910122, 34.329998439760786 ], [ 132.650925403613428, 34.329752673600403 ], [ 132.65062545282197, 34.330129554008245 ], [ 132.650172631472998, 34.330195011497317 ], [ 132.649737357400994, 34.331366220468183 ], [ 132.649887138579857, 34.331420430543268 ], [ 132.649808820487181, 34.331591472266282 ], [ 132.650329023214795, 34.331673944637416 ], [ 132.650947269859813, 34.332344154523994 ], [ 132.651385567062562, 34.332113231770933 ], [ 132.652211694589965, 34.332014738388075 ] ] ] } },
{ "type": "Feature", "properties": { "CITY_NAME": "東広島市", "S_NAME": "切田が丘一丁目", "JINKO": 972, "medical_area": "34_広島中央医療圏", "町丁目名": "東広島市切田が丘一丁目" }, "geometry": { "type": "Polygon", "coordinates": [ [ [ 132.652286611098674, 34.325959585960284 ], [ 132.65477846113771, 34.325646547416291 ], [ 132.654848593763262, 34.324944169313888 ], [ 132.655177218222917, 34.324510529023812 ], [ 132.655647882962569, 34.324277626537842 ], [ 132.655480632424798, 34.324114882907466 ], [ 132.655574088414795, 34.323746556359914 ], [ 132.656185118946865, 34.323747501127905 ], [ 132.656626303366494, 34.32327016061916 ], [ 132.656575548933489, 34.323089485233687 ], [ 132.656928071108467, 34.322870572681737 ], [ 132.656183153547573, 34.322962294975035 ], [ 132.65597146321673, 34.323231639520024 ], [ 132.655379546618946, 34.323488973962156 ], [ 132.655168827025335, 34.323413603127712 ], [ 132.655259237307121, 34.323178553142803 ], [ 132.655026552758812, 34.323268227458804 ], [ 132.654922058020247, 34.323049870618448 ], [ 132.654704825854054, 34.323161740948073 ], [ 132.654448041005367, 34.323054854586061 ], [ 132.654516143458437, 34.323285330497328 ], [ 132.654061522100534, 34.323495767142084 ], [ 132.653927889238133, 34.323347257324407 ], [ 132.653561597350262, 34.323469154072662 ], [ 132.653354411996418, 34.32333671300713 ], [ 132.653444710046841, 34.323088986054387 ], [ 132.653651386245485, 34.323126200451689 ], [ 132.654520328889561, 34.322666046471348 ], [ 132.654600225456448, 34.322264529098511 ], [ 132.655101565407648, 34.321701165579405 ], [ 132.65510037138128, 34.32149493560923 ], [ 132.654835884661452, 34.321369204713278 ], [ 132.654417032010599, 34.321656274170394 ], [ 132.65424148151331, 34.322075779367168 ], [ 132.653307565888099, 34.322684527667079 ], [ 132.651291543363527, 34.322998760210744 ], [ 132.651357654380462, 34.323135282663955 ], [ 132.651114767718695, 34.323400233685263 ], [ 132.650649673361642, 34.323606894122797 ], [ 132.650575618032718, 34.325428500673084 ], [ 132.651926917774688, 34.326183160245634 ], [ 132.652286611098674, 34.325959585960284 ] ] ] } },
{ "type": "Feature", "properties": { "CITY_NAME": "東広島市", "S_NAME": "切田が丘二丁目", "JINKO": 545, "medical_area": "34_広島中央医療圏", "町丁目名": "東広島市切田が丘二丁目" }, "geometry": { "type": "Polygon", "coordinates": [ [ [ 132.649780487742305, 34.32784389741601 ], [ 132.650154190109362, 34.327685214831156 ], [ 132.651014240395995, 34.327683514769106 ], [ 132.651645332947425, 34.327019916567551 ], [ 132.652201160089021, 34.326784719999019 ], [ 132.651913959308814, 34.326136866203726 ], [ 132.650575618032718, 34.325428500673084 ], [ 132.650622493897657, 34.325268145459717 ], [ 132.649684841362443, 34.325094202831195 ], [ 132.649160803426753, 34.324623503399565 ], [ 132.648713496090522, 34.324758101423214 ], [ 132.649035318028666, 34.32510394135489 ], [ 132.648809700770016, 34.325518001088255 ], [ 132.648967801614816, 34.325774749377636 ], [ 132.648816128411227, 34.325877335407753 ], [ 132.649161838028164, 34.326398605090603 ], [ 132.649098877729784, 34.326834423506831 ], [ 132.648418636027458, 34.326715243573112 ], [ 132.647773788657389, 34.327018108123298 ], [ 132.647511944682833, 34.327386382184514 ], [ 132.647994802504542, 34.327461264581274 ], [ 132.648114464029646, 34.327639137555472 ], [ 132.648696269239565, 34.327572335174267 ], [ 132.648729519078813, 34.327848732341756 ], [ 132.649780487742305, 34.32784389741601 ] ] ] } },
{ "type": "Feature", "properties": { "CITY_NAME": "東広島市", "S_NAME": "切田が丘三丁目", "JINKO": 854, "medical_area": "34_広島中央医療圏", "町丁目名": "東広島市切田が丘三丁目" }, "geometry": { "type": "Polygon", "coordinates": [ [ [ 132.65062545282197, 34.330129554008245 ], [ 132.650925403613428, 34.329752673600403 ], [ 132.651180656158459, 34.329848442794592 ], [ 132.651441520308822, 34.329098130681523 ], [ 132.651997787547089, 34.328841099873536 ], [ 132.651836574287785, 34.328526050658589 ], [ 132.652140914920693, 34.328367777324054 ], [ 132.653098980765208, 34.328497246228928 ], [ 132.653025018582326, 34.328707858382764 ], [ 132.653384641880052, 34.32889716906891 ], [ 132.653553539791517, 34.328682800457848 ], [ 132.654442954648317, 34.32941784638755 ], [ 132.655183810992156, 34.329129075421527 ], [ 132.655503808440443, 34.329467577177091 ], [ 132.656500689464195, 34.329173273413161 ], [ 132.65689289829686, 34.328454262231489 ], [ 132.657097523790441, 34.328515708338415 ], [ 132.657183597541746, 34.328331390315626 ], [ 132.65649801895691, 34.327801215805096 ], [ 132.656593068481214, 34.327634045624585 ], [ 132.655584985552593, 34.326754664353942 ], [ 132.654737797126643, 34.32654180143021 ], [ 132.654082711029531, 34.326861362843786 ], [ 132.653189710111945, 34.326454830656978 ], [ 132.652455299562121, 34.326401673727204 ], [ 132.652201160089021, 34.326784719999019 ], [ 132.651645332947425, 34.327019916567551 ], [ 132.651146097399248, 34.32757452368984 ], [ 132.651648181381489, 34.328076152113866 ], [ 132.650877908532038, 34.328218232988519 ], [ 132.650558826776489, 34.328559831343185 ], [ 132.649583666098749, 34.329031074863053 ], [ 132.649580504844351, 34.329331420402468 ], [ 132.649401163236291, 34.329369878776355 ], [ 132.649387004980014, 34.329180606260458 ], [ 132.649115878363091, 34.329143777809854 ], [ 132.648620812386099, 34.329630030440427 ], [ 132.649653296701359, 34.329788253369529 ], [ 132.649855867961634, 34.329943539119384 ], [ 132.649569352687962, 34.33037699580958 ], [ 132.649916173220419, 34.330540165914677 ], [ 132.650172631472998, 34.330195011497317 ], [ 132.65062545282197, 34.330129554008245 ] ] ] } },
{ "type": "Feature", "properties": { "CITY_NAME": "東広島市", "S_NAME": "久芳", "JINKO": 993, "medical_area": "34_広島中央医療圏", "町丁目名": "東広島市久芳" }, "geometry": { "type": "Polygon", "coordinates": [ [ [ 132.779377069049559, 34.576941945112544 ], [ 132.779099859087182, 34.575759408374196 ], [ 132.77867999524284, 34.575492615115508 ], [ 132.778259077640541, 34.574803386594589 ], [ 132.778540286519473, 34.573785103141283 ], [ 132.779487537104018, 34.572749943244979 ], [ 132.780470236337862, 34.571040016894862 ], [ 132.781391524205219, 34.570318951714995 ], [ 132.782146676864187, 34.567885312886062 ], [ 132.783706997485098, 34.56678716790266 ], [ 132.784365933840121, 34.566582541305301 ], [ 132.784365504080455, 34.565213956372638 ], [ 132.784565061768831, 34.564361309432044 ], [ 132.784879915172013, 34.56408419154333 ], [ 132.785982895299327, 34.563661245303798 ], [ 132.787043885970235, 34.562211363625103 ], [ 132.788859748915968, 34.561298676299693 ], [ 132.791264992344423, 34.560389718744538 ], [ 132.794794372768649, 34.55840794255186 ], [ 132.795898383148568, 34.557338506186646 ], [ 132.796308803077608, 34.556628300007482 ], [ 132.796897403722767, 34.55626298177517 ], [ 132.800214953938337, 34.554858090360412 ], [ 132.801872042970672, 34.555388832338949 ], [ 132.802315604355272, 34.555329760363129 ], [ 132.806153680708348, 34.553125599680484 ], [ 132.806332294865086, 34.552730545418456 ], [ 132.806436367952557, 34.551043374162141 ], [ 132.807814382655266, 34.55019792571197 ], [ 132.808466286086798, 34.548892012754031 ], [ 132.808766704426915, 34.548593233571303 ], [ 132.809636141797085, 34.548284710833073 ], [ 132.811238596070723, 34.548017433035518 ], [ 132.811934969130021, 34.548549671119204 ], [ 132.812403367786402, 34.548573929071132 ], [ 132.816164826477603, 34.546943859204603 ], [ 132.814599419867108, 34.54293118472571 ], [ 132.813332581779264, 34.540827614120481 ], [ 132.812898005456674, 34.539678605354737 ], [ 132.812472424285147, 34.539042597236367 ], [ 132.811960577379466, 34.538581159527283 ], [ 132.811618322855537, 34.538484375625856 ], [ 132.810702422854291, 34.538780721440602 ], [ 132.809108002795028, 34.538817743196191 ], [ 132.808426945206804, 34.538110616753009 ], [ 132.807776571791919, 34.538024569196644 ], [ 132.807422670834711, 34.537805253335733 ], [ 132.806013617803927, 34.537792476861362 ], [ 132.805608901480809, 34.537281961118083 ], [ 132.805194400075465, 34.537083102986621 ], [ 132.805131375554453, 34.536781828103976 ], [ 132.804597889049035, 34.536905195405012 ], [ 132.804421031653561, 34.536011452372172 ], [ 132.804166133061869, 34.536032924882818 ], [ 132.803836201576502, 34.534175019965218 ], [ 132.804003707893145, 34.533842396933025 ], [ 132.803332081980727, 34.533777292787448 ], [ 132.802284585503941, 34.532943017163731 ], [ 132.8019299560479, 34.532073439540866 ], [ 132.801320376946478, 34.531468894944979 ], [ 132.80145307040533, 34.529990341918101 ], [ 132.800455566434181, 34.529153260174766 ], [ 132.800165105888681, 34.52802696923942 ], [ 132.79922377878421, 34.527429079662006 ], [ 132.797979740988211, 34.527267041491662 ], [ 132.798920835810748, 34.526872534712794 ], [ 132.799512440237208, 34.526417989132632 ], [ 132.800415125406886, 34.526425984634599 ], [ 132.800665753503466, 34.526714587389684 ], [ 132.801332873637392, 34.526703232439033 ], [ 132.801778818638269, 34.527324674212522 ], [ 132.802455936188693, 34.527379893673221 ], [ 132.802685441030263, 34.527536327599456 ], [ 132.803178320040757, 34.527322318036475 ], [ 132.803699802682388, 34.526668365460957 ], [ 132.804638851156767, 34.526216207431595 ], [ 132.804861282865062, 34.525644950569507 ], [ 132.804310377762278, 34.52552865526377 ], [ 132.803958616832659, 34.524788682866543 ], [ 132.803644551462639, 34.524791730941018 ], [ 132.803120250061056, 34.524407504829512 ], [ 132.801900672845164, 34.523175071253377 ], [ 132.801726864455929, 34.522793238814486 ], [ 132.800399070496923, 34.521822527181151 ], [ 132.798745151299784, 34.522576158676614 ], [ 132.797215456578016, 34.522546322855099 ], [ 132.796268303515234, 34.522836318533479 ], [ 132.795095020617566, 34.523444838605343 ], [ 132.793502629272297, 34.523496681123206 ], [ 132.792823225216722, 34.524329578211713 ], [ 132.792408015227863, 34.524285077181418 ], [ 132.79175139324181, 34.523933454235085 ], [ 132.791661777423059, 34.523704020185875 ], [ 132.791732690443951, 34.522501653874897 ], [ 132.788525647203187, 34.520392364869082 ], [ 132.788525411790545, 34.519943150132839 ], [ 132.78800506713722, 34.520828031723688 ], [ 132.787603100945631, 34.52112645390293 ], [ 132.786946245112119, 34.522090483651183 ], [ 132.785401884318787, 34.522806010863768 ], [ 132.783586319238566, 34.524139762089128 ], [ 132.783083203103246, 34.524953405294482 ], [ 132.782549858892338, 34.525038230080824 ], [ 132.781909333169864, 34.524903003234797 ], [ 132.780425242091582, 34.525731877835931 ], [ 132.779940560696218, 34.525683048389112 ], [ 132.779446463454946, 34.525388457980469 ], [ 132.778297773290262, 34.526035310543527 ], [ 132.777181291426359, 34.526194886633711 ], [ 132.776389187705547, 34.526558345848343 ], [ 132.771175481946983, 34.527679311465171 ], [ 132.770274572896113, 34.527670543556404 ], [ 132.768271935277369, 34.528020794067501 ], [ 132.767742102416832, 34.528598569364625 ], [ 132.767010301382896, 34.529942948330074 ], [ 132.76516370555791, 34.531509179263622 ], [ 132.764760573448854, 34.532500603779724 ], [ 132.76446829850039, 34.532608816850143 ], [ 132.763430189948991, 34.531682507492086 ], [ 132.7633014728342, 34.531712296299631 ], [ 132.762919435076299, 34.532383563135738 ], [ 132.762497538847526, 34.532395351077852 ], [ 132.76217685035445, 34.532624841050506 ], [ 132.761880683140618, 34.533829282696864 ], [ 132.760898273473629, 34.534144409574672 ], [ 132.760396743414162, 34.53449606386927 ], [ 132.760064914056102, 34.535632775367318 ], [ 132.760421114704684, 34.536271270921972 ], [ 132.760377396192496, 34.536717745883912 ], [ 132.759421126972825, 34.537830878468164 ], [ 132.758586469097395, 34.539144425388322 ], [ 132.757703055062962, 34.539376777992764 ], [ 132.757953961066221, 34.539635033665299 ], [ 132.757725720683055, 34.54050922460376 ], [ 132.757006043358189, 34.540687390102434 ], [ 132.756714617349814, 34.540921512470391 ], [ 132.756880464258501, 34.541577985896659 ], [ 132.756332004159987, 34.544124528208464 ], [ 132.755530079968793, 34.544888656937374 ], [ 132.754577704922639, 34.545182735651544 ], [ 132.754821850437253, 34.545964899754992 ], [ 132.754792540035396, 34.546883191585273 ], [ 132.755400609528067, 34.547386943595114 ], [ 132.756198255117567, 34.547705523120371 ], [ 132.75602476952642, 34.548479847989178 ], [ 132.755200087626179, 34.549401984052921 ], [ 132.754145538931937, 34.549880795718963 ], [ 132.753233506231737, 34.550920958193515 ], [ 132.75269516011349, 34.551267393562036 ], [ 132.752572756457141, 34.551673247545232 ], [ 132.752163628993912, 34.551778745515854 ], [ 132.752097437097632, 34.552080510875165 ], [ 132.752423715394286, 34.552443498652678 ], [ 132.752365472263932, 34.552640987091046 ], [ 132.751267826670954, 34.553106593936747 ], [ 132.751161328405658, 34.554967590158043 ], [ 132.750868504114038, 34.555430593496453 ], [ 132.750425618407377, 34.555592870319664 ], [ 132.750375142402049, 34.556516309372483 ], [ 132.749941043026922, 34.557125916966029 ], [ 132.750391649094439, 34.55887127350617 ], [ 132.74965306541884, 34.559091587133096 ], [ 132.749461307933672, 34.559346756077751 ], [ 132.749114179450885, 34.561816421073793 ], [ 132.748945117903986, 34.562062183841093 ], [ 132.748570139296618, 34.562177081940554 ], [ 132.748409811326809, 34.562045861688148 ], [ 132.747479095445925, 34.560844532904163 ], [ 132.746955398552046, 34.560856609448408 ], [ 132.746616895078915, 34.561300944739976 ], [ 132.74582952876321, 34.564337975148575 ], [ 132.745423822248938, 34.565124356296693 ], [ 132.746104573846594, 34.565833302467119 ], [ 132.746117688311415, 34.566053966907617 ], [ 132.745497874005792, 34.566997300032668 ], [ 132.745274436708257, 34.56831737619116 ], [ 132.746393199835438, 34.568808013817097 ], [ 132.746678069511006, 34.569368685369234 ], [ 132.746732689520115, 34.570285845142379 ], [ 132.747696955039316, 34.571167395734555 ], [ 132.749826113036789, 34.5719220998648 ], [ 132.751575326965593, 34.572903965425375 ], [ 132.753014906458588, 34.573384282680863 ], [ 132.753569276216382, 34.574396369476823 ], [ 132.755080969880311, 34.574683759190634 ], [ 132.756985909263875, 34.574548055354796 ], [ 132.757869631125544, 34.574694632996163 ], [ 132.758711409516422, 34.574534474203581 ], [ 132.761391077529453, 34.575428414490659 ], [ 132.761790553222653, 34.575875664964805 ], [ 132.763004881758576, 34.576213139938808 ], [ 132.764908559692515, 34.574734773128903 ], [ 132.766938532150874, 34.575659670534002 ], [ 132.768646711083761, 34.575569678497182 ], [ 132.770330416226074, 34.57615619690889 ], [ 132.771899460164803, 34.575959373602892 ], [ 132.773139442943204, 34.576938240943022 ], [ 132.774591205691138, 34.576766335638467 ], [ 132.776187379325563, 34.577415610717487 ], [ 132.776709954317624, 34.577766693698898 ], [ 132.776804974356509, 34.578434035873883 ], [ 132.776995558758074, 34.578686345581467 ], [ 132.779106105310433, 34.579700637710346 ], [ 132.779326539074788, 34.579708965179428 ], [ 132.779018013418778, 34.578079367979591 ], [ 132.779377069049559, 34.576941945112544 ] ] ] } },
{ "type": "Feature", "properties": { "CITY_NAME": "東広島市", "S_NAME": "上戸野", "JINKO": 289, "medical_area": "34_広島中央医療圏", "町丁目名": "東広島市上戸野" }, "geometry": { "type": "Polygon", "coordinates": [ [ [ 132.778297773290262, 34.526035310543527 ], [ 132.779578382640352, 34.525397371998309 ], [ 132.779940560696218, 34.525683048389112 ], [ 132.780425242091582, 34.525731877835931 ], [ 132.781909333169864, 34.524903003234797 ], [ 132.782549858892338, 34.525038230080824 ], [ 132.783083203103246, 34.524953405294482 ], [ 132.783586319238566, 34.524139762089128 ], [ 132.785401884318787, 34.522806010863768 ], [ 132.786946245112119, 34.522090483651183 ], [ 132.787603100945631, 34.52112645390293 ], [ 132.78800506713722, 34.520828031723688 ], [ 132.789306556517545, 34.518540249446964 ], [ 132.789414799253223, 34.51806738163986 ], [ 132.789218541860066, 34.517141637753134 ], [ 132.788937180882158, 34.516876137213707 ], [ 132.787946990436808, 34.516465209963073 ], [ 132.787749992072065, 34.515855288045117 ], [ 132.787858469316433, 34.515413269400497 ], [ 132.787714436000471, 34.515249613690152 ], [ 132.788325219031606, 34.515294819999653 ], [ 132.789042357312809, 34.514122132165156 ], [ 132.789426936950207, 34.513030725675584 ], [ 132.789402100991794, 34.511780685436051 ], [ 132.789574608505831, 34.511186763029016 ], [ 132.790827710831962, 34.510230638601023 ], [ 132.791782655092447, 34.509250108537429 ], [ 132.792099496805349, 34.5092793311142 ], [ 132.792714321235735, 34.510143904498484 ], [ 132.79338530826081, 34.510217509400185 ], [ 132.793618651324891, 34.509872172932958 ], [ 132.793936866752432, 34.508033645478498 ], [ 132.795456430304256, 34.507424029158123 ], [ 132.796448745876233, 34.507300854287955 ], [ 132.795707317206706, 34.506108452110404 ], [ 132.793906731380616, 34.504821357075329 ], [ 132.793430330351924, 34.503789293435275 ], [ 132.792001860163111, 34.502857073661609 ], [ 132.79182689298807, 34.501453837603549 ], [ 132.791907290676534, 34.50016719094166 ], [ 132.791480537074648, 34.499124594490155 ], [ 132.790821775338287, 34.498601848188734 ], [ 132.790490172032776, 34.497835981313408 ], [ 132.789548806687151, 34.497281153156294 ], [ 132.789636239408281, 34.494665702389447 ], [ 132.7889934844425, 34.494739707465136 ], [ 132.788240714484346, 34.494569171357547 ], [ 132.787458651007825, 34.49581755854139 ], [ 132.786745960760783, 34.496063905925496 ], [ 132.786214559898042, 34.496571048494694 ], [ 132.786256190331102, 34.496811151008451 ], [ 132.785366235891729, 34.496565932486298 ], [ 132.783896530640192, 34.49683499199547 ], [ 132.78218739026326, 34.496674066570463 ], [ 132.781912814410759, 34.497973516854735 ], [ 132.781555084505555, 34.498422710697149 ], [ 132.780570135153397, 34.498406280880978 ], [ 132.779859683410592, 34.499259413749165 ], [ 132.778731075379312, 34.500050699542072 ], [ 132.77891375805055, 34.500352774129823 ], [ 132.778152045800084, 34.500900903872861 ], [ 132.777707782539181, 34.502553206814042 ], [ 132.775642178539215, 34.502493000089196 ], [ 132.775666434607842, 34.502283838480039 ], [ 132.775423111753497, 34.502152646364586 ], [ 132.775186561510594, 34.502239192863264 ], [ 132.774880185511478, 34.501941956185931 ], [ 132.774370464158636, 34.50205113891456 ], [ 132.772649147401495, 34.501818575885146 ], [ 132.769715037356946, 34.503742551473913 ], [ 132.767600359076567, 34.505570003028197 ], [ 132.767480605585746, 34.505947822870667 ], [ 132.767109596487728, 34.506132070229867 ], [ 132.765702492671068, 34.506339874220046 ], [ 132.763946752071035, 34.507121132123579 ], [ 132.762972477785581, 34.507219159191699 ], [ 132.762298477736692, 34.507514463777376 ], [ 132.760405066811245, 34.507546112548667 ], [ 132.759642530799312, 34.507793094509964 ], [ 132.759128695119585, 34.508223671028169 ], [ 132.758340571822544, 34.508324693953682 ], [ 132.758152531892307, 34.508755513030287 ], [ 132.756688873709521, 34.509977386713587 ], [ 132.756193077265891, 34.511583900192164 ], [ 132.755689890047876, 34.511793261035706 ], [ 132.755189121425957, 34.512698201061191 ], [ 132.754059899256447, 34.512375007875548 ], [ 132.752788777008845, 34.512423807876516 ], [ 132.752334921958067, 34.512681375981394 ], [ 132.751654567816956, 34.512786064985953 ], [ 132.751642045233865, 34.51309447938835 ], [ 132.751177883275687, 34.513638191211399 ], [ 132.751399070024434, 34.515492745581639 ], [ 132.750862486438734, 34.516317407499628 ], [ 132.752025677030332, 34.516387190098129 ], [ 132.752529958839858, 34.516207699131847 ], [ 132.752841966064409, 34.516334948906817 ], [ 132.753669085471614, 34.517827798516358 ], [ 132.755969428226791, 34.517277465335802 ], [ 132.756222623230087, 34.517340616348108 ], [ 132.756444916178793, 34.51853069186194 ], [ 132.757642254995858, 34.52011835144377 ], [ 132.758523626461255, 34.521015472118876 ], [ 132.758297373962051, 34.522014464541918 ], [ 132.75855073971735, 34.523469926657199 ], [ 132.758345133964752, 34.524645885820263 ], [ 132.758872929100477, 34.525029573929743 ], [ 132.759807904521921, 34.525250407272495 ], [ 132.760175891309871, 34.525039286423521 ], [ 132.760356007296821, 34.524645534811413 ], [ 132.761464264680313, 34.524637587405891 ], [ 132.761644865209945, 34.524713616429658 ], [ 132.761771536987624, 34.525067272922783 ], [ 132.764437440658895, 34.525811495944779 ], [ 132.765327394064428, 34.525665972739333 ], [ 132.765888728113538, 34.525149757504607 ], [ 132.76716426339155, 34.525523380685392 ], [ 132.767702399156718, 34.524883169756187 ], [ 132.768510509289712, 34.524777752821869 ], [ 132.768688045844016, 34.525360618215657 ], [ 132.769325259455854, 34.525841192574049 ], [ 132.769298421844752, 34.526214335218263 ], [ 132.770021987557499, 34.527026355660723 ], [ 132.770274572896113, 34.527670543556404 ], [ 132.771175481946983, 34.527679311465171 ], [ 132.776389187705547, 34.526558345848343 ], [ 132.777181291426359, 34.526194886633711 ], [ 132.778297773290262, 34.526035310543527 ] ] ] } },
{ "type": "Feature", "properties": { "CITY_NAME": "東広島市", "S_NAME": "上竹仁", "JINKO": 426, "medical_area": "34_広島中央医療圏", "町丁目名": "東広島市上竹仁" }, "geometry": { "type": "Polygon", "coordinates": [ [ [ 132.729375557224216, 34.553587884680894 ], [ 132.728007853349823, 34.552069936382459 ], [ 132.727126503266362, 34.550774412998685 ], [ 132.727019733314592, 34.549314739667402 ], [ 132.72657700931066, 34.548362163298897 ], [ 132.726488044362583, 34.546661818388614 ], [ 132.72698409017741, 34.545456159131923 ], [ 132.727293142087518, 34.545278237873809 ], [ 132.727953036887016, 34.545371402203656 ], [ 132.728262195514475, 34.54520967634155 ], [ 132.729354119236831, 34.545117158129656 ], [ 132.729876823623442, 34.54377526133581 ], [ 132.730433180868175, 34.54309583042879 ], [ 132.732363424280436, 34.541655540098887 ], [ 132.733984115797483, 34.539384993802344 ], [ 132.734027686147527, 34.538920638699764 ], [ 132.733577732603862, 34.538052332636653 ], [ 132.733873550497066, 34.536871205688136 ], [ 132.733999778518495, 34.53308923214454 ], [ 132.734157207750314, 34.532179354132005 ], [ 132.735650906961837, 34.530294926007329 ], [ 132.73584048906261, 34.529754385291504 ], [ 132.73572793321901, 34.5294279630331 ], [ 132.735854652086005, 34.528385954711908 ], [ 132.73579509655832, 34.527500045676391 ], [ 132.735170011880342, 34.527400559421707 ], [ 132.734717997019743, 34.52663382496663 ], [ 132.734770689069279, 34.526034757080964 ], [ 132.735137658026048, 34.525169253781392 ], [ 132.735012926891102, 34.525021926946756 ], [ 132.733999809201322, 34.524988618028928 ], [ 132.733791323840705, 34.5246557359552 ], [ 132.735192632132538, 34.523479029490687 ], [ 132.735596183618355, 34.522839722081109 ], [ 132.735979523600122, 34.521588024977149 ], [ 132.735734029075985, 34.521206018606478 ], [ 132.736061629891765, 34.520855559145517 ], [ 132.735875209227629, 34.520401152983077 ], [ 132.735367339254623, 34.51984964536549 ], [ 132.735482899321511, 34.519318048434968 ], [ 132.736048173543935, 34.518388379152981 ], [ 132.736614328587308, 34.518040186022752 ], [ 132.735694249739112, 34.516622761642196 ], [ 132.735421058754838, 34.51509721848128 ], [ 132.7344369746437, 34.514415522424834 ], [ 132.733962883994764, 34.513410548971414 ], [ 132.733273226318175, 34.513258096558744 ], [ 132.732969742538785, 34.512661959329336 ], [ 132.732513992361049, 34.51222696864869 ], [ 132.732373623177864, 34.511580911901177 ], [ 132.732724693841277, 34.510644689686856 ], [ 132.732279509140341, 34.508278786202467 ], [ 132.733665890803849, 34.506696140710673 ], [ 132.735004178870355, 34.504332487089293 ], [ 132.734246339847971, 34.50476085406985 ], [ 132.734000510303673, 34.504584236273836 ], [ 132.733593358366051, 34.504813197110671 ], [ 132.733070132946494, 34.504861409912309 ], [ 132.732537920348676, 34.504681191974719 ], [ 132.73196013733039, 34.503721813594993 ], [ 132.731777247186784, 34.502916397373269 ], [ 132.731353160685586, 34.502404666743651 ], [ 132.731210076694396, 34.501362863166442 ], [ 132.730084997508555, 34.50179219608733 ], [ 132.728931122528763, 34.501779368352324 ], [ 132.728380692208475, 34.502025308740798 ], [ 132.72789159819817, 34.501418794854992 ], [ 132.727340484741916, 34.501186815443333 ], [ 132.726895911190724, 34.500200634459098 ], [ 132.726389847134243, 34.499955205722848 ], [ 132.725891367532199, 34.500770227166534 ], [ 132.725159284794444, 34.501338554883333 ], [ 132.72487470240705, 34.50198173196582 ], [ 132.722769643172768, 34.502810997186273 ], [ 132.721553034292015, 34.504089751674876 ], [ 132.721707419296052, 34.50479360204065 ], [ 132.721380343019376, 34.505398524133149 ], [ 132.721298679272053, 34.506120921214723 ], [ 132.720918766047305, 34.50702258440203 ], [ 132.720959358433987, 34.507423554064779 ], [ 132.720646727695282, 34.507976154344632 ], [ 132.719832316450379, 34.508544851264119 ], [ 132.718943713316605, 34.508642583528584 ], [ 132.718460227060319, 34.509124263836284 ], [ 132.718411115633273, 34.50937309731642 ], [ 132.718818997131933, 34.510654289698124 ], [ 132.718448196063036, 34.511886095763046 ], [ 132.718391455896978, 34.512622938023242 ], [ 132.716393949517084, 34.512827842648562 ], [ 132.711429152431151, 34.512693546328322 ], [ 132.708386503565265, 34.51242518211599 ], [ 132.705123122903473, 34.512447440116276 ], [ 132.703697286023981, 34.513166790869562 ], [ 132.703460263079052, 34.513136566627431 ], [ 132.703020775503575, 34.512740856397649 ], [ 132.70131954221236, 34.512801319236253 ], [ 132.700255330264923, 34.512429901955258 ], [ 132.700007379603591, 34.512626786075828 ], [ 132.699925962668601, 34.513367647166938 ], [ 132.699287931730908, 34.513909939152306 ], [ 132.69916005403266, 34.514844401910395 ], [ 132.698912063982334, 34.515036351541561 ], [ 132.697765549768775, 34.515211806594728 ], [ 132.696988805270649, 34.517408659544948 ], [ 132.695165189710593, 34.519019843942246 ], [ 132.694219170717957, 34.519283405632258 ], [ 132.69269939850335, 34.519320400298888 ], [ 132.691957329188938, 34.519725752780523 ], [ 132.691002122674604, 34.519999610822971 ], [ 132.689900354905575, 34.519963636854435 ], [ 132.689274632038234, 34.520281854765393 ], [ 132.688478495977364, 34.520407393376715 ], [ 132.687477489167037, 34.52074242119501 ], [ 132.68700265805137, 34.521080408236955 ], [ 132.685669422137011, 34.522419503047693 ], [ 132.684450311764778, 34.522328068150024 ], [ 132.684182802986072, 34.522648547393253 ], [ 132.684172213450069, 34.522765932206632 ], [ 132.685213963745639, 34.523385929322124 ], [ 132.685334741132124, 34.523657705450276 ], [ 132.685392885159985, 34.523887346563605 ], [ 132.685084083159666, 34.524395767243512 ], [ 132.684968552209654, 34.524968865685736 ], [ 132.685269485117033, 34.525577241000782 ], [ 132.68595007607226, 34.526034262034123 ], [ 132.686942450683517, 34.526385709017404 ], [ 132.687056296193987, 34.526929659476281 ], [ 132.688349072254169, 34.527844673037329 ], [ 132.689365084840347, 34.529187687095956 ], [ 132.690114679207653, 34.529281524140359 ], [ 132.690717834583779, 34.529059043046907 ], [ 132.691909154146146, 34.529046588956234 ], [ 132.693446199504763, 34.52948015125542 ], [ 132.693478773403115, 34.53009065302011 ], [ 132.694197162193944, 34.532319234498011 ], [ 132.693985657836095, 34.533090250304213 ], [ 132.694196089891477, 34.534545578209503 ], [ 132.694900010929814, 34.534835514350988 ], [ 132.696277517097741, 34.535888941151384 ], [ 132.697026325817831, 34.535866797001731 ], [ 132.698594962942877, 34.536513559493883 ], [ 132.699275222962854, 34.536181398952898 ], [ 132.700427617925584, 34.536569510014139 ], [ 132.700983811697967, 34.539629026129759 ], [ 132.700543353653728, 34.540763071485138 ], [ 132.700638568018832, 34.541816313186942 ], [ 132.70049639443414, 34.542455046132567 ], [ 132.701745443836188, 34.543189393724596 ], [ 132.70185568238287, 34.544326241353779 ], [ 132.701691710679796, 34.544664610116705 ], [ 132.700456950019827, 34.545042171829095 ], [ 132.700574800295868, 34.545673841895557 ], [ 132.699458611717631, 34.547079016764343 ], [ 132.699960128469002, 34.547552093802608 ], [ 132.700314567456246, 34.548749133806297 ], [ 132.701104568824547, 34.549143189409918 ], [ 132.701300753550356, 34.549598157349607 ], [ 132.702626174009339, 34.55011240704858 ], [ 132.703100066140934, 34.550560095323654 ], [ 132.703612758246805, 34.550106946443648 ], [ 132.703910078014331, 34.55005366029107 ], [ 132.705238692222025, 34.550340941058394 ], [ 132.706100094765219, 34.550977070190129 ], [ 132.707206754680612, 34.550972176931573 ], [ 132.707920731642929, 34.551494426578792 ], [ 132.707925442391058, 34.552547200643552 ], [ 132.708086773039213, 34.55285863346311 ], [ 132.70910916239265, 34.553426417498542 ], [ 132.709253471324189, 34.554020638019168 ], [ 132.709902429912347, 34.554534577187425 ], [ 132.710891043318725, 34.554740057474937 ], [ 132.712481559536883, 34.554668721071337 ], [ 132.713122045576682, 34.553889000596101 ], [ 132.71390335112153, 34.553803941738273 ], [ 132.714608720260173, 34.553329030704354 ], [ 132.715536015385965, 34.553135828936156 ], [ 132.716623668183047, 34.553418854253778 ], [ 132.717160901628489, 34.555100431680565 ], [ 132.717513354422266, 34.555150818189603 ], [ 132.718504886568184, 34.554834331486362 ], [ 132.720370435133077, 34.553883943435601 ], [ 132.72125619089303, 34.553122091001164 ], [ 132.722280585527244, 34.553342951293757 ], [ 132.724588872678225, 34.554662551275399 ], [ 132.726128834991556, 34.55674361015565 ], [ 132.726508409243962, 34.558016656615031 ], [ 132.726901083707304, 34.558431096428251 ], [ 132.728162018044287, 34.55796904410478 ], [ 132.730102562671107, 34.557569902850666 ], [ 132.729950592128205, 34.555462622545946 ], [ 132.729418982869333, 34.554277620616467 ], [ 132.729375557224216, 34.553587884680894 ] ] ] } },
{ "type": "Feature", "properties": { "CITY_NAME": "東広島市", "S_NAME": "下竹仁", "JINKO": 463, "medical_area": "34_広島中央医療圏", "町丁目名": "東広島市下竹仁" }, "geometry": { "type": "Polygon", "coordinates": [ [ [ 132.746955398552046, 34.560856609448408 ], [ 132.747479095445925, 34.560844532904163 ], [ 132.748570139296618, 34.562177081940554 ], [ 132.748945117903986, 34.562062183841093 ], [ 132.749114179450885, 34.561816421073793 ], [ 132.749461307933672, 34.559346756077751 ], [ 132.74965306541884, 34.559091587133096 ], [ 132.750391649094439, 34.55887127350617 ], [ 132.749941043026922, 34.557125916966029 ], [ 132.750375142402049, 34.556516309372483 ], [ 132.750425618407377, 34.555592870319664 ], [ 132.750868504114038, 34.555430593496453 ], [ 132.751161328405658, 34.554967590158043 ], [ 132.751267826670954, 34.553106593936747 ], [ 132.752365472263932, 34.552640987091046 ], [ 132.752423715394286, 34.552443498652678 ], [ 132.752097437097632, 34.552080510875165 ], [ 132.752163628993912, 34.551778745515854 ], [ 132.752572756457141, 34.551673247545232 ], [ 132.75269516011349, 34.551267393562036 ], [ 132.753233506231737, 34.550920958193515 ], [ 132.754145538931937, 34.549880795718963 ], [ 132.755200087626179, 34.549401984052921 ], [ 132.75602476952642, 34.548479847989178 ], [ 132.756198255117567, 34.547705523120371 ], [ 132.755400609528067, 34.547386943595114 ], [ 132.754792540035396, 34.546883191585273 ], [ 132.754821850437253, 34.545964899754992 ], [ 132.754577704922639, 34.545182735651544 ], [ 132.755530079968793, 34.544888656937374 ], [ 132.756332004159987, 34.544124528208464 ], [ 132.756880464258501, 34.541577985896659 ], [ 132.756714617349814, 34.540921512470391 ], [ 132.757006043358189, 34.540687390102434 ], [ 132.757725720683055, 34.54050922460376 ], [ 132.757953961066221, 34.539635033665299 ], [ 132.757703055062962, 34.539376777992764 ], [ 132.758586469097395, 34.539144425388322 ], [ 132.759421126972825, 34.537830878468164 ], [ 132.760377396192496, 34.536717745883912 ], [ 132.760421114704684, 34.536271270921972 ], [ 132.760064914056102, 34.535632775367318 ], [ 132.760396743414162, 34.53449606386927 ], [ 132.760898273473629, 34.534144409574672 ], [ 132.761880683140618, 34.533829282696864 ], [ 132.76217685035445, 34.532624841050506 ], [ 132.762497538847526, 34.532395351077852 ], [ 132.762919435076299, 34.532383563135738 ], [ 132.7633014728342, 34.531712296299631 ], [ 132.763430189948991, 34.531682507492086 ], [ 132.76446829850039, 34.532608816850143 ], [ 132.764760573448854, 34.532500603779724 ], [ 132.76516370555791, 34.531509179263622 ], [ 132.767010301382896, 34.529942948330074 ], [ 132.768037376029923, 34.528211982219034 ], [ 132.768550754195417, 34.527937292193428 ], [ 132.770274572896113, 34.527670543556404 ], [ 132.770196947508509, 34.527303132966843 ], [ 132.769298421844752, 34.526214335218263 ], [ 132.769325259455854, 34.525841192574049 ], [ 132.768688045844016, 34.525360618215657 ], [ 132.768510509289712, 34.524777752821869 ], [ 132.767702399156718, 34.524883169756187 ], [ 132.76716426339155, 34.525523380685392 ], [ 132.765888728113538, 34.525149757504607 ], [ 132.765327394064428, 34.525665972739333 ], [ 132.764437440658895, 34.525811495944779 ], [ 132.761771536987624, 34.525067272922783 ], [ 132.761644865209945, 34.524713616429658 ], [ 132.761464264680313, 34.524637587405891 ], [ 132.760356007296821, 34.524645534811413 ], [ 132.760175891309871, 34.525039286423521 ], [ 132.759807904521921, 34.525250407272495 ], [ 132.759438433161478, 34.525252206813448 ], [ 132.758424202132346, 34.524822571385883 ], [ 132.75855073971735, 34.523469926657199 ], [ 132.758297373962051, 34.522014464541918 ], [ 132.758523626461255, 34.521015472118876 ], [ 132.757642254995858, 34.52011835144377 ], [ 132.756444916178793, 34.51853069186194 ], [ 132.756222623230087, 34.517340616348108 ], [ 132.755969428226791, 34.517277465335802 ], [ 132.753669085471614, 34.517827798516358 ], [ 132.752841966064409, 34.516334948906817 ], [ 132.752529958839858, 34.516207699131847 ], [ 132.752025677030332, 34.516387190098129 ], [ 132.750839127338878, 34.516353299760119 ], [ 132.74980028198172, 34.515640285968416 ], [ 132.749109894198853, 34.513950243674124 ], [ 132.749031565075398, 34.512902158817958 ], [ 132.748852741788397, 34.512550003665027 ], [ 132.748264070845494, 34.512447445697958 ], [ 132.747565606036346, 34.512069311582849 ], [ 132.74693166475484, 34.511493246172634 ], [ 132.746715790916198, 34.511017612971443 ], [ 132.746238111833037, 34.510687187571726 ], [ 132.746235021464003, 34.508562915867671 ], [ 132.74518754180113, 34.507702476682262 ], [ 132.743816243912761, 34.507521943027463 ], [ 132.743156762097186, 34.50715715325574 ], [ 132.742863985750176, 34.50673300708101 ], [ 132.742807776824236, 34.506142936280348 ], [ 132.742503043155693, 34.505667715635269 ], [ 132.742318259043827, 34.504924714612976 ], [ 132.741403731585478, 34.50512737591739 ], [ 132.740423322383208, 34.505015241469657 ], [ 132.739795439654358, 34.505315840599266 ], [ 132.739817179074521, 34.505104592027365 ], [ 132.739116078658867, 34.504301622267903 ], [ 132.73904152979793, 34.503855732222604 ], [ 132.73931238720877, 34.503336233755775 ], [ 132.739197407845865, 34.502862510588386 ], [ 132.738618366712103, 34.50240167916909 ], [ 132.738616124812722, 34.502072931107527 ], [ 132.737548977741, 34.500797146083471 ], [ 132.737035048523808, 34.500562922748699 ], [ 132.736196830954469, 34.499651009033293 ], [ 132.735381210391978, 34.499441294771216 ], [ 132.734018739670262, 34.499699094748742 ], [ 132.733319475621244, 34.4996629190316 ], [ 132.732953034747339, 34.499801118712838 ], [ 132.732716780589072, 34.500108015737858 ], [ 132.731837087504175, 34.500401428505313 ], [ 132.731210076694396, 34.501362863166442 ], [ 132.731204520232978, 34.501813907707678 ], [ 132.731353160685586, 34.502404666743651 ], [ 132.731804504418108, 34.502977965922661 ], [ 132.73196013733039, 34.503721813594993 ], [ 132.732537920348676, 34.504681191974719 ], [ 132.733070132946494, 34.504861409912309 ], [ 132.733593358366051, 34.504813197110671 ], [ 132.734000510303673, 34.504584236273836 ], [ 132.734246339847971, 34.50476085406985 ], [ 132.735004178870355, 34.504332487089293 ], [ 132.733665890803849, 34.506696140710673 ], [ 132.732658954585247, 34.507735706525828 ], [ 132.732251385289459, 34.508379065139998 ], [ 132.732724693841277, 34.510644689686856 ], [ 132.732374447267546, 34.511488644360057 ], [ 132.732513992361049, 34.51222696864869 ], [ 132.732969742538785, 34.512661959329336 ], [ 132.733316908214675, 34.513301138607936 ], [ 132.733962883994764, 34.513410548971414 ], [ 132.73457692870079, 34.51457066631567 ], [ 132.735421058754838, 34.51509721848128 ], [ 132.735694249739112, 34.516622761642196 ], [ 132.736614328587308, 34.518040186022752 ], [ 132.736048173543935, 34.518388379152981 ], [ 132.735482899321511, 34.519318048434968 ], [ 132.735367339254623, 34.51984964536549 ], [ 132.735875209227629, 34.520401152983077 ], [ 132.736061629891765, 34.520855559145517 ], [ 132.735734029075985, 34.521206018606478 ], [ 132.735979523600122, 34.521588024977149 ], [ 132.735596183618355, 34.522839722081109 ], [ 132.735192632132538, 34.523479029490687 ], [ 132.733791323840705, 34.5246557359552 ], [ 132.733999809201322, 34.524988618028928 ], [ 132.735012926891102, 34.525021926946756 ], [ 132.735137658026048, 34.525169253781392 ], [ 132.734681400103597, 34.526463687214935 ], [ 132.735170011880342, 34.527400559421707 ], [ 132.73579509655832, 34.527500045676391 ], [ 132.73572793321901, 34.5294279630331 ], [ 132.73584048906261, 34.529754385291504 ], [ 132.735562266264935, 34.530481000234452 ], [ 132.734157207750314, 34.532179354132005 ], [ 132.733910364125762, 34.533689171576889 ], [ 132.733873550497066, 34.536871205688136 ], [ 132.733577732603862, 34.538052332636653 ], [ 132.734027686147527, 34.538920638699764 ], [ 132.733984115797483, 34.539384993802344 ], [ 132.732363424280436, 34.541655540098887 ], [ 132.730433180868175, 34.54309583042879 ], [ 132.729876823623442, 34.54377526133581 ], [ 132.729354119236831, 34.545117158129656 ], [ 132.728262195514475, 34.54520967634155 ], [ 132.727953036887016, 34.545371402203656 ], [ 132.727293142087518, 34.545278237873809 ], [ 132.72698409017741, 34.545456159131923 ], [ 132.726488044362583, 34.546661818388614 ], [ 132.72657700931066, 34.548362163298897 ], [ 132.727019733314592, 34.549314739667402 ], [ 132.727126503266362, 34.550774412998685 ], [ 132.728007853349823, 34.552069936382459 ], [ 132.729375557224216, 34.553587884680894 ], [ 132.729418982869333, 34.554277620616467 ], [ 132.72985114393552, 34.555093884017907 ], [ 132.730010939880771, 34.555783082854511 ], [ 132.730102562671107, 34.557569902850666 ], [ 132.731155918986985, 34.557107229507821 ], [ 132.732146254791388, 34.55693092907368 ], [ 132.736082842156577, 34.557455189040709 ], [ 132.737316513464833, 34.558912815466556 ], [ 132.74130571164568, 34.561307550341446 ], [ 132.741994650318304, 34.561966480350534 ], [ 132.74379163929683, 34.564342450922346 ], [ 132.744703555322957, 34.564534901344288 ], [ 132.745423822248938, 34.565124356296693 ], [ 132.74582952876321, 34.564337975148575 ], [ 132.746616895078915, 34.561300944739976 ], [ 132.746955398552046, 34.560856609448408 ] ] ] } },
{ "type": "Feature", "properties": { "CITY_NAME": "東広島市", "S_NAME": "清武", "JINKO": 726, "medical_area": "34_広島中央医療圏", "町丁目名": "東広島市清武" }, "geometry": { "type": "Polygon", "coordinates": [ [ [ 132.809350940420046, 34.622501097758231 ], [ 132.810030911815971, 34.621395606608353 ], [ 132.81119734750024, 34.620699102913839 ], [ 132.813387673080115, 34.620242523314829 ], [ 132.814625133603045, 34.619179225212726 ], [ 132.815252997885807, 34.618411720622177 ], [ 132.815306010297803, 34.617546000097171 ], [ 132.815439649514417, 34.617434150938905 ], [ 132.815151752069852, 34.615874823350737 ], [ 132.815275889993757, 34.613680282919184 ], [ 132.816195986981427, 34.610081499357335 ], [ 132.816223343304131, 34.609275919233397 ], [ 132.815241198970995, 34.606689465668119 ], [ 132.815703454060269, 34.605853963328677 ], [ 132.816764216007073, 34.604608472847907 ], [ 132.816719057249742, 34.603510713099048 ], [ 132.820247587325582, 34.601040640910661 ], [ 132.820389671265076, 34.601535282621128 ], [ 132.821664485662211, 34.601541127298773 ], [ 132.821646752697092, 34.601236401830867 ], [ 132.822823923816145, 34.60164153280531 ], [ 132.827048068687958, 34.602445585587965 ], [ 132.831180693881322, 34.603646363336523 ], [ 132.83183794370953, 34.603431775936286 ], [ 132.831558668300715, 34.602144576686207 ], [ 132.831677297067046, 34.601844041721094 ], [ 132.836317866315227, 34.601974171144562 ], [ 132.836997470358853, 34.601203886480398 ], [ 132.837505632802163, 34.600018017750848 ], [ 132.837598231789798, 34.598989941474009 ], [ 132.836943465046886, 34.598104435009461 ], [ 132.836882961318906, 34.597687823880541 ], [ 132.837070615634786, 34.596623024343408 ], [ 132.837378940928517, 34.595884776870975 ], [ 132.839158296468412, 34.595682008992263 ], [ 132.842254407145333, 34.596087069359662 ], [ 132.840784036573154, 34.593851017236034 ], [ 132.840489399221326, 34.592750126316254 ], [ 132.840505294932171, 34.592214627997002 ], [ 132.840782863399539, 34.591632042743051 ], [ 132.842250511661916, 34.589908523175289 ], [ 132.843276968405945, 34.589118663007653 ], [ 132.844930803764385, 34.588281780475228 ], [ 132.849817478536153, 34.588160125870878 ], [ 132.851010778761008, 34.587742398686878 ], [ 132.853789274931785, 34.58633252641269 ], [ 132.857306951479416, 34.58508673412819 ], [ 132.854171137850983, 34.584536367640801 ], [ 132.85223659041003, 34.583919442514457 ], [ 132.851235337817201, 34.583158503109047 ], [ 132.850146401196895, 34.581531609859226 ], [ 132.849369200245093, 34.581030554009601 ], [ 132.848293547374283, 34.581025443004357 ], [ 132.845285768364789, 34.581508753047366 ], [ 132.842156858851382, 34.577004784522501 ], [ 132.839211162782021, 34.577670858228586 ], [ 132.838100765720441, 34.577311729365931 ], [ 132.834169410507201, 34.575342551307827 ], [ 132.833935900375991, 34.575190010532509 ], [ 132.834781168433466, 34.574218100213081 ], [ 132.833839674823309, 34.572474488102699 ], [ 132.832272705218031, 34.57093261939302 ], [ 132.83197548590087, 34.569251256448787 ], [ 132.829210797832246, 34.570700696148066 ], [ 132.828404053153832, 34.570963273191651 ], [ 132.828381767189768, 34.571534292895542 ], [ 132.8271956204172, 34.571901464726423 ], [ 132.827180262857098, 34.572144386935605 ], [ 132.826704515349348, 34.572011037889212 ], [ 132.825336791436484, 34.57091453760669 ], [ 132.824712511961593, 34.571233149515116 ], [ 132.823218267361739, 34.572039730911662 ], [ 132.822113167567522, 34.57297604107886 ], [ 132.821505861720226, 34.573954182474885 ], [ 132.821294219140071, 34.574824408524492 ], [ 132.817196541525931, 34.57514641813264 ], [ 132.81314504607073, 34.574501485724994 ], [ 132.810848095625204, 34.573869394108243 ], [ 132.810085821329551, 34.576989464320008 ], [ 132.809741892789106, 34.580318348006514 ], [ 132.810012827621335, 34.582316546782408 ], [ 132.807779801332146, 34.58334249948031 ], [ 132.804458770999247, 34.584283817440976 ], [ 132.804690523345442, 34.584710954646148 ], [ 132.802949644206677, 34.585197566625702 ], [ 132.800198730034452, 34.585580664336582 ], [ 132.798049965531504, 34.585520682131943 ], [ 132.796286161574358, 34.585227809175521 ], [ 132.79420463585123, 34.584110416758712 ], [ 132.791566113717323, 34.581760940037228 ], [ 132.790379294397184, 34.581056248105703 ], [ 132.789456578861575, 34.581185343407782 ], [ 132.785238696595854, 34.583072350913667 ], [ 132.784443990930271, 34.58414451608116 ], [ 132.784743135229718, 34.585175065684041 ], [ 132.785074672908394, 34.585487214398427 ], [ 132.784388273014429, 34.586239927407256 ], [ 132.784062663168783, 34.586979397607486 ], [ 132.78391117659055, 34.587779116463558 ], [ 132.784102312016074, 34.588082401179477 ], [ 132.783792446274134, 34.58852922681583 ], [ 132.783729771452613, 34.589011985855024 ], [ 132.783941662491742, 34.589656325088207 ], [ 132.783885459104511, 34.590345830547342 ], [ 132.784360930712865, 34.591224629416764 ], [ 132.784249934790694, 34.592569546658773 ], [ 132.784504301906622, 34.593128732620436 ], [ 132.784392339292452, 34.593666393795203 ], [ 132.784849906243039, 34.594367096934441 ], [ 132.784405636885253, 34.59506181078082 ], [ 132.784106399419812, 34.597168019602883 ], [ 132.78632411348616, 34.599112975806207 ], [ 132.787422303164504, 34.600290156231615 ], [ 132.787741067888021, 34.600814632101859 ], [ 132.787678193854077, 34.601861521431012 ], [ 132.788200909779277, 34.602640891278085 ], [ 132.789053878275837, 34.603415895897236 ], [ 132.790856533008991, 34.604548047947482 ], [ 132.791866780104755, 34.604841485936959 ], [ 132.791420324226408, 34.605496803315297 ], [ 132.792452200475765, 34.606781216741993 ], [ 132.793484179211617, 34.609707628536881 ], [ 132.793450017742714, 34.610200673669418 ], [ 132.792896936795216, 34.610884008819241 ], [ 132.793237594913393, 34.612149575249482 ], [ 132.792647343366781, 34.61356472407585 ], [ 132.792700703696909, 34.614370167473396 ], [ 132.792874847213454, 34.614877776517694 ], [ 132.795260290611225, 34.618487850534109 ], [ 132.795389173710078, 34.619870850297453 ], [ 132.795711177875461, 34.62020541687955 ], [ 132.796701112463154, 34.620595694808443 ], [ 132.797996852978628, 34.621745158518543 ], [ 132.798781070595339, 34.622014225730958 ], [ 132.797962597338511, 34.623151514704936 ], [ 132.79897764045532, 34.623467701026478 ], [ 132.799147495399808, 34.623014529598414 ], [ 132.800155548985686, 34.622364320764511 ], [ 132.801742863090482, 34.622256071987252 ], [ 132.803092754018934, 34.621731259116757 ], [ 132.804330087321119, 34.622339505369062 ], [ 132.806302765717788, 34.622335391116735 ], [ 132.807344371837189, 34.62253586428853 ], [ 132.807747636328259, 34.622901523896182 ], [ 132.807994560421861, 34.623660706917462 ], [ 132.808215876924578, 34.62389082921576 ], [ 132.809572863609787, 34.624069622393655 ], [ 132.809618286117939, 34.62298409353189 ], [ 132.809350940420046, 34.622501097758231 ] ] ] } },
{ "type": "Feature", "properties": { "CITY_NAME": "東広島市", "S_NAME": "飯田", "JINKO": 47, "medical_area": "34_広島中央医療圏", "町丁目名": "東広島市飯田" }, "geometry": { "type": "Polygon", "coordinates": [ [ [ 132.834362956979902, 34.610599907265438 ], [ 132.834967787662578, 34.610552224060704 ], [ 132.835178895109721, 34.610040035935356 ], [ 132.836046872077731, 34.609268731760039 ], [ 132.836085065612053, 34.609001877715194 ], [ 132.83604839244839, 34.608618804815158 ], [ 132.835176941148404, 34.607279371131348 ], [ 132.835049153617206, 34.60643590936278 ], [ 132.83542161285618, 34.605922837520538 ], [ 132.836532406550816, 34.605250207911972 ], [ 132.836568859196007, 34.604761229908355 ], [ 132.836330641596362, 34.603562708285466 ], [ 132.835860925056807, 34.602848734958975 ], [ 132.834952819286684, 34.601965030339485 ], [ 132.831677297067046, 34.601844041721094 ], [ 132.831558668300715, 34.602144576686207 ], [ 132.83183794370953, 34.603431775936286 ], [ 132.831180693881322, 34.603646363336523 ], [ 132.827048068687958, 34.602445585587965 ], [ 132.822823923816145, 34.601641532805331 ], [ 132.821646752697205, 34.601236401830882 ], [ 132.821664485662211, 34.601541127298773 ], [ 132.820389671265076, 34.601535282621128 ], [ 132.820247587325582, 34.601040640910682 ], [ 132.81671905724977, 34.60351071309907 ], [ 132.816764216007073, 34.604608472847907 ], [ 132.815703454060269, 34.605853963328677 ], [ 132.815241198971023, 34.60668946566814 ], [ 132.816223343304131, 34.609275919233397 ], [ 132.816195986981455, 34.610081499357342 ], [ 132.815275889993757, 34.613680282919184 ], [ 132.815151752069852, 34.615874823350737 ], [ 132.815374647875075, 34.617215178730035 ], [ 132.817309954067753, 34.616674380737621 ], [ 132.820870379339055, 34.616188786701741 ], [ 132.821507326575016, 34.615946468895451 ], [ 132.824055607273607, 34.614183013471695 ], [ 132.824148376344056, 34.614004892019885 ], [ 132.823712001490094, 34.612390756918451 ], [ 132.82381293426667, 34.611546049549972 ], [ 132.824521845362341, 34.611053446597111 ], [ 132.826151079569826, 34.610344295682033 ], [ 132.826867354037915, 34.610170825456365 ], [ 132.830439076535384, 34.610160306529949 ], [ 132.833045125593515, 34.609779577582373 ], [ 132.833664919094019, 34.609920567327819 ], [ 132.834362956979902, 34.610599907265438 ] ] ] } },
{ "type": "Feature", "properties": { "CITY_NAME": "東広島市", "S_NAME": "鍛冶屋", "JINKO": 161, "medical_area": "34_広島中央医療圏", "町丁目名": "東広島市鍛冶屋" }, "geometry": { "type": "Polygon", "coordinates": [ [ [ 132.823218267361739, 34.572039730911662 ], [ 132.825336791436484, 34.57091453760669 ], [ 132.826704515349348, 34.572011037889212 ], [ 132.827180262857098, 34.572144386935605 ], [ 132.8271956204172, 34.571901464726423 ], [ 132.828381767189768, 34.571534292895542 ], [ 132.828404053153832, 34.570963273191651 ], [ 132.829210797832246, 34.570700696148066 ], [ 132.831867975258803, 34.569307624273769 ], [ 132.831913381639453, 34.568740274427583 ], [ 132.833976664236019, 34.562667343764666 ], [ 132.831904121115457, 34.559718788064309 ], [ 132.829832387914422, 34.559786607018431 ], [ 132.828148272255277, 34.560134706362007 ], [ 132.826106191338766, 34.561967700632913 ], [ 132.823816658653556, 34.562979634372034 ], [ 132.823327191518331, 34.562923541767006 ], [ 132.822829884922584, 34.56343430291944 ], [ 132.821770464446018, 34.563884564111078 ], [ 132.821389652228333, 34.56450173918951 ], [ 132.820827970427587, 34.564995089663505 ], [ 132.820946106157777, 34.565093757352621 ], [ 132.817928919121584, 34.567760608369191 ], [ 132.813632406787775, 34.569749762947339 ], [ 132.811939680366947, 34.570753063159373 ], [ 132.811297445578248, 34.572266596508825 ], [ 132.810848095625204, 34.573869394108243 ], [ 132.81314504607073, 34.574501485724994 ], [ 132.817196541525931, 34.57514641813264 ], [ 132.821294219140071, 34.574824408524492 ], [ 132.821505861720226, 34.573954182474885 ], [ 132.822113167567522, 34.57297604107886 ], [ 132.823218267361739, 34.572039730911662 ] ] ] } },
{ "type": "Feature", "properties": { "CITY_NAME": "東広島市", "S_NAME": "安宿", "JINKO": 407, "medical_area": "34_広島中央医療圏", "町丁目名": "東広島市安宿" }, "geometry": { "type": "Polygon", "coordinates": [ [ [ 132.862203559850457, 34.582628055628447 ], [ 132.864770350226564, 34.580022385332022 ], [ 132.866698808724351, 34.578315500527026 ], [ 132.867416023396288, 34.577892742049812 ], [ 132.867523416564325, 34.578107359153698 ], [ 132.868818598383484, 34.577807058075592 ], [ 132.874491029703876, 34.576046726841888 ], [ 132.875338621846339, 34.575967421657772 ], [ 132.87682047434734, 34.576415874919974 ], [ 132.879648871730467, 34.576504704900337 ], [ 132.878438697314493, 34.576228518872625 ], [ 132.878292332141626, 34.575750028667095 ], [ 132.879268312063431, 34.574048513195514 ], [ 132.879704281332522, 34.57191616540711 ], [ 132.879710716614198, 34.570107491218991 ], [ 132.880566250586725, 34.568406668639966 ], [ 132.880618022241464, 34.565512399165662 ], [ 132.881094274073064, 34.564257082204222 ], [ 132.881811576221878, 34.563036410326113 ], [ 132.882607588213659, 34.56270607054109 ], [ 132.882579037272166, 34.561928550290204 ], [ 132.883616998757788, 34.561104053653565 ], [ 132.884326051488415, 34.558942882734364 ], [ 132.884257381686041, 34.558590571566469 ], [ 132.883343520529934, 34.557298055534957 ], [ 132.881763472541707, 34.556791922596176 ], [ 132.88161803531645, 34.556410761151916 ], [ 132.881767443138727, 34.555835454984759 ], [ 132.881470712868889, 34.554975408511226 ], [ 132.88041698903433, 34.554678449562857 ], [ 132.878971487904721, 34.553681581119776 ], [ 132.878306087498316, 34.553677437425968 ], [ 132.877593299850474, 34.552962922147366 ], [ 132.876649479426533, 34.553286347969852 ], [ 132.876012920946266, 34.552774781115531 ], [ 132.875204899227668, 34.552470428796795 ], [ 132.87218668894468, 34.550711378350513 ], [ 132.869376978220657, 34.550980853563715 ], [ 132.86776703751201, 34.550144513265209 ], [ 132.866330172241902, 34.549727634338907 ], [ 132.864303868906859, 34.550123643802799 ], [ 132.863864634617158, 34.549936129146907 ], [ 132.862739087489217, 34.548794101423724 ], [ 132.861769970544543, 34.548437606447024 ], [ 132.859917514914486, 34.546969646635553 ], [ 132.859315779981017, 34.546973064129645 ], [ 132.857263079025728, 34.547482085456011 ], [ 132.855791677995313, 34.547504069530035 ], [ 132.854969724902332, 34.547336856801039 ], [ 132.85402578191713, 34.546971285892937 ], [ 132.85331294322603, 34.546102654205932 ], [ 132.851789532640794, 34.545629324328615 ], [ 132.850984150248422, 34.544966996906929 ], [ 132.847650888974584, 34.546084520293043 ], [ 132.83989130708332, 34.547814454698603 ], [ 132.834607037869148, 34.548535318891091 ], [ 132.826291478332024, 34.548438890626208 ], [ 132.827950931172239, 34.553074679650585 ], [ 132.831904121115457, 34.559718788064309 ], [ 132.833976664236019, 34.562667343764666 ], [ 132.831863253324002, 34.569196089183919 ], [ 132.832272705218031, 34.57093261939302 ], [ 132.833839674823309, 34.572474488102699 ], [ 132.834781168433466, 34.574218100213081 ], [ 132.833935900375991, 34.575190010532509 ], [ 132.838100765720441, 34.577311729365931 ], [ 132.839211162782021, 34.577670858228586 ], [ 132.842156858851382, 34.577004784522501 ], [ 132.845285768364789, 34.581508753047366 ], [ 132.848293547374283, 34.581025443004357 ], [ 132.849430494946006, 34.581049085646455 ], [ 132.850146401196895, 34.581531609859226 ], [ 132.851682871365881, 34.583622662835801 ], [ 132.852918002703746, 34.584210008929368 ], [ 132.858251992738388, 34.585237168152084 ], [ 132.862203559850457, 34.582628055628447 ] ] ] } },
{ "type": "Feature", "properties": { "CITY_NAME": "東広島市", "S_NAME": "別府", "JINKO": 188, "medical_area": "34_広島中央医療圏", "町丁目名": "東広島市別府" }, "geometry": { "type": "Polygon", "coordinates": [ [ [ 132.810012827621335, 34.582316546782408 ], [ 132.809741892789106, 34.580318348006514 ], [ 132.810085821329551, 34.576989464320008 ], [ 132.810926433864353, 34.573589939991457 ], [ 132.808135723418388, 34.57320872647869 ], [ 132.805670324907283, 34.572632474605477 ], [ 132.804485470335607, 34.572081311370702 ], [ 132.803204809199798, 34.571036224725454 ], [ 132.801561590088511, 34.570689977278747 ], [ 132.799530916592516, 34.570808294775489 ], [ 132.797012423182736, 34.57129659690542 ], [ 132.794870503750047, 34.571915854804772 ], [ 132.792615943762144, 34.572845970825767 ], [ 132.790538743684891, 34.573920933155449 ], [ 132.789333521923538, 34.574738155067664 ], [ 132.78548085824707, 34.578330952494895 ], [ 132.783095750352658, 34.580017293424618 ], [ 132.783495463270725, 34.580087670439688 ], [ 132.783903360177447, 34.580520997392178 ], [ 132.78407230625416, 34.581531223372849 ], [ 132.78453179966715, 34.582696045163679 ], [ 132.785058078476482, 34.582974244601182 ], [ 132.785126329778024, 34.583203497690889 ], [ 132.789456578861575, 34.581185343407782 ], [ 132.790379294397184, 34.581056248105703 ], [ 132.791566113717323, 34.581760940037228 ], [ 132.79420463585123, 34.584110416758712 ], [ 132.796286161574358, 34.585227809175521 ], [ 132.798049965531504, 34.585520682131943 ], [ 132.800198730034396, 34.585580664336568 ], [ 132.801996451023456, 34.585380302074853 ], [ 132.804690523345442, 34.584710954646148 ], [ 132.804458770999247, 34.584283817440976 ], [ 132.807779801332146, 34.58334249948031 ], [ 132.809180453933465, 34.582782674697711 ], [ 132.810012827621335, 34.582316546782408 ] ] ] } },
{ "type": "Feature", "properties": { "CITY_NAME": "東広島市", "S_NAME": "乃美", "JINKO": 596, "medical_area": "34_広島中央医療圏", "町丁目名": "東広島市乃美" }, "geometry": { "type": "Polygon", "coordinates": [ [ [ 132.783095750352658, 34.580017293424618 ], [ 132.78548085824707, 34.578330952494895 ], [ 132.789333521923538, 34.574738155067664 ], [ 132.790538743684891, 34.573920933155449 ], [ 132.792615943762144, 34.572845970825767 ], [ 132.794870503750019, 34.571915854804772 ], [ 132.797012423182736, 34.571296596905405 ], [ 132.80085612307542, 34.570668435959959 ], [ 132.802328980055933, 34.570787394327049 ], [ 132.803204809199798, 34.571036224725454 ], [ 132.804485470335607, 34.572081311370702 ], [ 132.805239941362629, 34.572495424202458 ], [ 132.808135723418388, 34.57320872647869 ], [ 132.810926433864353, 34.573589939991457 ], [ 132.811939680366947, 34.570753063159373 ], [ 132.813632406787775, 34.569749762947339 ], [ 132.817928919121584, 34.567760608369191 ], [ 132.820946106157777, 34.565093757352621 ], [ 132.820827970427587, 34.564995089663505 ], [ 132.821389652228333, 34.56450173918951 ], [ 132.821770464446018, 34.563884564111078 ], [ 132.822829884922584, 34.56343430291944 ], [ 132.823327191518331, 34.562923541767006 ], [ 132.823816658653556, 34.562979634372034 ], [ 132.826106191338766, 34.561967700632913 ], [ 132.828148272255277, 34.560134706362007 ], [ 132.829832387914422, 34.559786607018431 ], [ 132.831904121115457, 34.559718788064309 ], [ 132.827950931172239, 34.553074679650585 ], [ 132.826580567716576, 34.549291231353969 ], [ 132.825153750374653, 34.548963740047071 ], [ 132.812193716060193, 34.548601812998072 ], [ 132.811238596070723, 34.548017433035518 ], [ 132.80920929461098, 34.548413857731298 ], [ 132.808546021452401, 34.548768063706412 ], [ 132.807814382655266, 34.55019792571197 ], [ 132.806436367952557, 34.551043374162141 ], [ 132.806332294865086, 34.552730545418456 ], [ 132.806153680708348, 34.553125599680484 ], [ 132.802315604355272, 34.555329760363129 ], [ 132.801872042970672, 34.555388832338949 ], [ 132.800214953938337, 34.554858090360412 ], [ 132.796897403722767, 34.55626298177517 ], [ 132.796308803077608, 34.556628300007482 ], [ 132.795898383148568, 34.557338506186646 ], [ 132.794794372768649, 34.55840794255186 ], [ 132.791264992344423, 34.560389718744538 ], [ 132.788859748915968, 34.561298676299714 ], [ 132.787043885970235, 34.562211363625103 ], [ 132.785982895299298, 34.56366124530382 ], [ 132.784879915172013, 34.56408419154333 ], [ 132.784565061768831, 34.564361309432044 ], [ 132.784365504080455, 34.565213956372659 ], [ 132.784458523728091, 34.566434169105733 ], [ 132.783706997485126, 34.566787167902667 ], [ 132.782146676864187, 34.567885312886062 ], [ 132.781391524205219, 34.570318951714995 ], [ 132.780470236337891, 34.571040016894862 ], [ 132.779487537104018, 34.572749943244979 ], [ 132.778540286519529, 34.573785103141283 ], [ 132.778511408967432, 34.57425276278228 ], [ 132.778250352063964, 34.574716660329699 ], [ 132.77867999524284, 34.575492615115508 ], [ 132.779099859087182, 34.575759408374196 ], [ 132.779327391701401, 34.576502991534106 ], [ 132.779370921627191, 34.577205948036017 ], [ 132.779001147644209, 34.578258063572548 ], [ 132.779326539074788, 34.579708965179428 ], [ 132.780630349205268, 34.579687747355891 ], [ 132.783095750352658, 34.580017293424618 ] ] ] } },
{ "type": "Feature", "properties": { "CITY_NAME": "東広島市", "S_NAME": "能良", "JINKO": 299, "medical_area": "34_広島中央医療圏", "町丁目名": "東広島市能良" }, "geometry": { "type": "Polygon", "coordinates": [ [ [ 132.826291478332024, 34.548438890626208 ], [ 132.834607037869148, 34.548535318891091 ], [ 132.842360248010294, 34.547348483488648 ], [ 132.847650888974584, 34.546084520293043 ], [ 132.850984150248422, 34.544966996906929 ], [ 132.85127332443929, 34.545156949004394 ], [ 132.851164277219908, 34.544932461794765 ], [ 132.851474168401523, 34.544171050862694 ], [ 132.852275889149553, 34.542717636140935 ], [ 132.852106199796737, 34.54247292451452 ], [ 132.849047498342145, 34.540705747493398 ], [ 132.847800191163373, 34.540298855942673 ], [ 132.847548351589694, 34.539997404169199 ], [ 132.84812059086758, 34.539446535965659 ], [ 132.849176028895954, 34.538892966222292 ], [ 132.853124086259101, 34.538497131723581 ], [ 132.85236753769567, 34.536049943471198 ], [ 132.851051979309204, 34.534804200329027 ], [ 132.852427040999601, 34.534156406690158 ], [ 132.851112818467385, 34.532716264734006 ], [ 132.850148100477185, 34.532435010372488 ], [ 132.850060096521929, 34.532158423350928 ], [ 132.84943215748703, 34.532081360437132 ], [ 132.849149097808265, 34.531773747484593 ], [ 132.847288481308794, 34.532003170711128 ], [ 132.845729004267668, 34.531971999843435 ], [ 132.842251260770837, 34.531151764179924 ], [ 132.840289113234633, 34.531362219720215 ], [ 132.839307755717812, 34.531912078393376 ], [ 132.838518933262776, 34.531697380919063 ], [ 132.837657363560993, 34.532127395490519 ], [ 132.837053357361384, 34.532120995900783 ], [ 132.835771041966296, 34.531100430028964 ], [ 132.832996033093991, 34.529533863711528 ], [ 132.831156425883847, 34.528980169405571 ], [ 132.828803543184279, 34.529044540510526 ], [ 132.827405507583677, 34.529631945844372 ], [ 132.826650615224565, 34.529758456388059 ], [ 132.824219645812065, 34.529310967831094 ], [ 132.820852523418864, 34.529718927984739 ], [ 132.818656503729642, 34.529411828206811 ], [ 132.817462737520088, 34.52971787482106 ], [ 132.814957560927553, 34.529235151278947 ], [ 132.811502047190942, 34.526766529092711 ], [ 132.810804878295045, 34.52578119424215 ], [ 132.810533106908593, 34.524893472002994 ], [ 132.81035246709979, 34.524707638112787 ], [ 132.809849140004701, 34.524610285220596 ], [ 132.809171698192699, 34.524671892461662 ], [ 132.806447525419628, 34.525578607746333 ], [ 132.806034275742007, 34.525542174948598 ], [ 132.805490264781639, 34.525091570720015 ], [ 132.804861282865062, 34.525644950569507 ], [ 132.804549000840723, 34.526335006112099 ], [ 132.803699802682388, 34.526668365460957 ], [ 132.803178320040757, 34.527322318036475 ], [ 132.802685441030263, 34.527536327599456 ], [ 132.802455936188693, 34.527379893673221 ], [ 132.801778818638269, 34.527324674212522 ], [ 132.801332873637392, 34.526703232439033 ], [ 132.800665753503466, 34.526714587389684 ], [ 132.800415125406886, 34.526425984634599 ], [ 132.799512440237208, 34.526417989132632 ], [ 132.798920835810748, 34.526872534712794 ], [ 132.797979740988211, 34.527267041491662 ], [ 132.79922377878421, 34.527429079662006 ], [ 132.800165105888681, 34.52802696923942 ], [ 132.800455566434181, 34.529153260174766 ], [ 132.80145307040533, 34.529990341918101 ], [ 132.801320376946478, 34.531468894944979 ], [ 132.8019299560479, 34.532073439540866 ], [ 132.802284585503941, 34.532943017163731 ], [ 132.803332081980727, 34.533777292787448 ], [ 132.804003707893145, 34.533842396933025 ], [ 132.803836201576502, 34.534175019965218 ], [ 132.804166133061869, 34.536032924882818 ], [ 132.804421031653561, 34.536011452372172 ], [ 132.804597889049035, 34.536905195405012 ], [ 132.805131375554453, 34.536781828103976 ], [ 132.805194400075465, 34.537083102986621 ], [ 132.805608901480809, 34.537281961118083 ], [ 132.806013617803927, 34.537792476861362 ], [ 132.807422670834711, 34.537805253335733 ], [ 132.807776571791919, 34.538024569196644 ], [ 132.808426945206804, 34.538110616753009 ], [ 132.809108002795028, 34.538817743196191 ], [ 132.810702422854291, 34.538780721440602 ], [ 132.811618322855537, 34.538484375625856 ], [ 132.811960577379466, 34.538581159527283 ], [ 132.812472424285147, 34.539042597236367 ], [ 132.812898005456674, 34.539678605354737 ], [ 132.813332581779264, 34.540827614120481 ], [ 132.814599419867108, 34.54293118472571 ], [ 132.816164826477603, 34.546943859204603 ], [ 132.81258174696211, 34.548519869600966 ], [ 132.825153750374653, 34.548963740047071 ], [ 132.826580567716576, 34.549291231353969 ], [ 132.826291478332024, 34.548438890626208 ] ] ] } },
{ "type": "Feature", "properties": { "CITY_NAME": "東広島市", "S_NAME": "吉原", "JINKO": 387, "medical_area": "34_広島中央医療圏", "町丁目名": "東広島市吉原" }, "geometry": { "type": "Polygon", "coordinates": [ [ [ 132.877868999474941, 34.613236600707715 ], [ 132.88072778926815, 34.613347443371438 ], [ 132.881800905702789, 34.612982502090865 ], [ 132.882586420325651, 34.612894625178249 ], [ 132.883167482136344, 34.613014169151761 ], [ 132.883806657495057, 34.613472133336259 ], [ 132.884743785640154, 34.613698169332388 ], [ 132.885452626193, 34.61365665776384 ], [ 132.88582920628437, 34.613404692133521 ], [ 132.886404810199593, 34.612307236692686 ], [ 132.885684715803279, 34.612179361628115 ], [ 132.88526208728203, 34.611891825797315 ], [ 132.885222277448861, 34.611005639005064 ], [ 132.885006879064264, 34.610671950548692 ], [ 132.883564409205491, 34.610516658104629 ], [ 132.882724673955835, 34.609988467160719 ], [ 132.882700237763061, 34.609690274717401 ], [ 132.88332403202088, 34.609021888802076 ], [ 132.883343296813393, 34.608714282584408 ], [ 132.882800131134388, 34.607930656397251 ], [ 132.881765068701981, 34.607878018980827 ], [ 132.881778403032683, 34.606874047077945 ], [ 132.881529202413958, 34.605898807123268 ], [ 132.88049062229689, 34.605430084337456 ], [ 132.879882592305023, 34.60474640989856 ], [ 132.878511639859994, 34.604464989582063 ], [ 132.878450543719879, 34.603714714683136 ], [ 132.877780979762889, 34.603510729605468 ], [ 132.877713503957011, 34.603303078087158 ], [ 132.878893070721062, 34.602970643996244 ], [ 132.880535747277008, 34.603015233571654 ], [ 132.883023775259232, 34.602706615726134 ], [ 132.884633726848648, 34.602769512685505 ], [ 132.88530009743161, 34.602593729811204 ], [ 132.885621014777968, 34.602361250417253 ], [ 132.886693895630941, 34.60043303541606 ], [ 132.887182024400516, 34.599905590046646 ], [ 132.887243421905509, 34.599407854093258 ], [ 132.887063571997004, 34.598866331079748 ], [ 132.887153966060424, 34.597916127505847 ], [ 132.889340731497839, 34.596456970910403 ], [ 132.88988198304105, 34.59647530733811 ], [ 132.890456326481853, 34.596785727205649 ], [ 132.891025784686917, 34.596786002908779 ], [ 132.892079401818478, 34.596505618172763 ], [ 132.893011475898334, 34.595959868573324 ], [ 132.893915984794205, 34.595133825961227 ], [ 132.893974352273375, 34.594802599385616 ], [ 132.893699001431486, 34.594714094269769 ], [ 132.894155642085423, 34.593569703958714 ], [ 132.894664551173861, 34.592924484076931 ], [ 132.894445047789418, 34.592862551477403 ], [ 132.893588755980716, 34.593844385069879 ], [ 132.893253174325821, 34.59238582045927 ], [ 132.8935795267613, 34.592148778578242 ], [ 132.894830557894778, 34.591865498315769 ], [ 132.895524510233827, 34.591101549785904 ], [ 132.894987224434175, 34.589739276805659 ], [ 132.895000405495296, 34.588735293070826 ], [ 132.894577749947189, 34.587331483335412 ], [ 132.895029547185857, 34.58578680135318 ], [ 132.895867703444395, 34.584628719222479 ], [ 132.89593935647531, 34.584058519565268 ], [ 132.895703908096976, 34.583417900045248 ], [ 132.893761974508664, 34.582276453064168 ], [ 132.892921469411419, 34.581277574979516 ], [ 132.890715903921148, 34.579692250582639 ], [ 132.890367177568635, 34.579237660331195 ], [ 132.890080343217619, 34.578348433330575 ], [ 132.890094385764002, 34.578072549087956 ], [ 132.89040365209533, 34.577767725476782 ], [ 132.890249296898901, 34.577004484190255 ], [ 132.888692018276771, 34.57601447351017 ], [ 132.888239340975446, 34.574918317514481 ], [ 132.886850366438665, 34.573768816914956 ], [ 132.886255555561945, 34.575223883459479 ], [ 132.88445175256598, 34.575469620065348 ], [ 132.884188488117786, 34.576036579762579 ], [ 132.883774810343567, 34.576292141764831 ], [ 132.881350272021109, 34.576256675576296 ], [ 132.880051354003285, 34.57667123786738 ], [ 132.879648871730467, 34.576504704900337 ], [ 132.876370104055582, 34.576354693077867 ], [ 132.875338621846339, 34.575967421657772 ], [ 132.874491029703876, 34.576046726841888 ], [ 132.868818598383484, 34.577807058075621 ], [ 132.867523416564325, 34.578107359153698 ], [ 132.867416023396288, 34.577892742049812 ], [ 132.866698808724351, 34.578315500527026 ], [ 132.864770350226564, 34.580022385332022 ], [ 132.861719818321831, 34.583024238843784 ], [ 132.858612026061593, 34.585090462686601 ], [ 132.85802230553125, 34.585256501150646 ], [ 132.857306951479416, 34.58508673412819 ], [ 132.855638768465724, 34.585600033592826 ], [ 132.849817478536153, 34.588160125870878 ], [ 132.845400665928338, 34.588190282873541 ], [ 132.844294325219124, 34.588557460906785 ], [ 132.842250511661916, 34.589908523175289 ], [ 132.841467662563957, 34.590678435005415 ], [ 132.840505294932171, 34.592214627997002 ], [ 132.840489399221326, 34.592750126316254 ], [ 132.840784036573154, 34.593851017236034 ], [ 132.842254407145333, 34.596087069359662 ], [ 132.839158296468412, 34.595682008992263 ], [ 132.837378940928517, 34.59588477687096 ], [ 132.837070615634786, 34.596623024343401 ], [ 132.836882961318906, 34.597687823880541 ], [ 132.836943465046886, 34.598104435009461 ], [ 132.837598231789798, 34.598989941474009 ], [ 132.837505632802163, 34.600018017750848 ], [ 132.83662554870466, 34.601772602815004 ], [ 132.835928504767963, 34.602054060514511 ], [ 132.834952819286684, 34.601965030339485 ], [ 132.835860925056807, 34.602848734958975 ], [ 132.836330641596362, 34.603562708285466 ], [ 132.836568859195978, 34.604761229908355 ], [ 132.836532406550788, 34.605250207911958 ], [ 132.835147864086082, 34.606163231471278 ], [ 132.836952408647221, 34.605393831189119 ], [ 132.838191545447387, 34.605542529281713 ], [ 132.83904421053478, 34.605025676484885 ], [ 132.839559143031721, 34.605280328141191 ], [ 132.840017095868717, 34.606047733629858 ], [ 132.840394375338008, 34.606316239866516 ], [ 132.841559583121665, 34.606215571245393 ], [ 132.843309225509756, 34.60636745086299 ], [ 132.844386673708101, 34.606084970835838 ], [ 132.845027908934611, 34.606245932026859 ], [ 132.84600005063831, 34.606867767336176 ], [ 132.846327953037729, 34.607550654718118 ], [ 132.846243306195078, 34.607898904081488 ], [ 132.845624066516933, 34.60853367497176 ], [ 132.845148764649082, 34.609398932066526 ], [ 132.845159097171063, 34.610000338910396 ], [ 132.845482875409914, 34.610767342343856 ], [ 132.846561936795069, 34.611520845308966 ], [ 132.847991183155386, 34.612245477068228 ], [ 132.848887485297439, 34.612059615194802 ], [ 132.849875031683126, 34.610906810711406 ], [ 132.850717728359029, 34.610787154119386 ], [ 132.85191824616021, 34.610160224815246 ], [ 132.852541134469874, 34.610124894414355 ], [ 132.855269087717062, 34.611205430889484 ], [ 132.855603192592241, 34.612555488358495 ], [ 132.855824579876781, 34.612843696730224 ], [ 132.85675976731784, 34.613390006295568 ], [ 132.857747447968023, 34.613664723772779 ], [ 132.859575381026929, 34.613600137987675 ], [ 132.860638732205814, 34.613141368323767 ], [ 132.859969117562486, 34.61287559852407 ], [ 132.859484789989864, 34.612438175295829 ], [ 132.859562041952898, 34.611930377893074 ], [ 132.860695128197023, 34.611314851062083 ], [ 132.861845349563708, 34.610060248093475 ], [ 132.863387963814091, 34.609251037587278 ], [ 132.863597398162881, 34.609421684201578 ], [ 132.863782037834198, 34.610560038051879 ], [ 132.864426914030048, 34.611085400227999 ], [ 132.865674779434244, 34.611547983359557 ], [ 132.866878516560348, 34.612412098497103 ], [ 132.868544978966838, 34.612517693615779 ], [ 132.870537853027514, 34.613826545738782 ], [ 132.87166506917697, 34.613756620129386 ], [ 132.872592148332359, 34.613326267453658 ], [ 132.874895929492823, 34.613199744735319 ], [ 132.876137761999729, 34.614053983660924 ], [ 132.876510730058897, 34.61349555662229 ], [ 132.877868999474941, 34.613236600707715 ] ] ] } },
{ "type": "Feature", "properties": { "CITY_NAME": "東広島市", "S_NAME": "下河内", "JINKO": 226, "medical_area": "34_広島中央医療圏", "町丁目名": "東広島市下河内" }, "geometry": { "type": "Polygon", "coordinates": [ [ [ 132.905265634308819, 34.48340182354346 ], [ 132.908742408608447, 34.483756112570397 ], [ 132.90949213728112, 34.484071015860202 ], [ 132.910487835773608, 34.484874041109194 ], [ 132.911463589373113, 34.48522967873852 ], [ 132.911649119298687, 34.485127410414016 ], [ 132.911672823956707, 34.484359308791511 ], [ 132.912438119829375, 34.483478081092635 ], [ 132.912298849982676, 34.483043680519785 ], [ 132.912428713782674, 34.48176136160636 ], [ 132.911507268279991, 34.481129179866379 ], [ 132.91171910473679, 34.480552765237626 ], [ 132.911722741448585, 34.479488137107374 ], [ 132.911348985851475, 34.47887923512446 ], [ 132.911431349781395, 34.47750536504131 ], [ 132.911958493321805, 34.476370068849455 ], [ 132.91190678461686, 34.475633692964834 ], [ 132.912061793870805, 34.475219327738742 ], [ 132.912640405213068, 34.474633344432263 ], [ 132.91533078358438, 34.473332387823298 ], [ 132.91711727552331, 34.471510682644791 ], [ 132.917579875342426, 34.471290212814502 ], [ 132.919292654889347, 34.471099931710796 ], [ 132.919488485065813, 34.470842501810388 ], [ 132.919666586734763, 34.470429533053107 ], [ 132.919143839232845, 34.470210340669055 ], [ 132.919137130082106, 34.469463833138008 ], [ 132.919729815291646, 34.468619395826877 ], [ 132.920628362098682, 34.467747008823487 ], [ 132.920698493892985, 34.467262866701439 ], [ 132.919645384852714, 34.466210961671294 ], [ 132.919274158944205, 34.465070610628018 ], [ 132.918271718784638, 34.46336804153043 ], [ 132.918159248989269, 34.462651485521931 ], [ 132.917598989950704, 34.461581317580809 ], [ 132.916912958788885, 34.460760923049342 ], [ 132.916807569114098, 34.460384900880484 ], [ 132.916963889492678, 34.460093477145811 ], [ 132.919570446809047, 34.458898940123611 ], [ 132.919584864109339, 34.458685864656594 ], [ 132.919237761006514, 34.458208224509491 ], [ 132.919532229068182, 34.457821284327316 ], [ 132.918819054391946, 34.456968526679795 ], [ 132.918472015405541, 34.456943762582867 ], [ 132.917122144005049, 34.45755201736489 ], [ 132.915972198291286, 34.45779362909645 ], [ 132.913687088869523, 34.459100642809091 ], [ 132.91259417255057, 34.459956324218354 ], [ 132.910395794816907, 34.460016803297215 ], [ 132.909363943389849, 34.459790942226107 ], [ 132.906692967505847, 34.460310454998272 ], [ 132.904907855675901, 34.459628072050435 ], [ 132.903758602669342, 34.460992071363187 ], [ 132.902826014164816, 34.461797917588235 ], [ 132.901946701445723, 34.463075727350699 ], [ 132.900880499328878, 34.463182709795674 ], [ 132.899805484012177, 34.464082071266219 ], [ 132.898617398990496, 34.465816555431743 ], [ 132.897326800165558, 34.465763854244315 ], [ 132.897192256380009, 34.46562506472565 ], [ 132.896979373453803, 34.465738319604576 ], [ 132.896455618339644, 34.465520857383495 ], [ 132.896162592892807, 34.465658815629581 ], [ 132.896068008708312, 34.46638058303008 ], [ 132.894618883665288, 34.465682657696469 ], [ 132.894304608016512, 34.46608710488627 ], [ 132.89351108893635, 34.468449119420335 ], [ 132.89256002680699, 34.469905487063734 ], [ 132.892367496058455, 34.470995181262211 ], [ 132.8918356364386, 34.471779112699416 ], [ 132.891704236274421, 34.472495168050692 ], [ 132.891871447050676, 34.473871908263149 ], [ 132.892300570766764, 34.474656621554061 ], [ 132.892630447125839, 34.474782985164609 ], [ 132.894069556466832, 34.476476712541469 ], [ 132.898002659150848, 34.47896152314317 ], [ 132.898366491268575, 34.480849928239195 ], [ 132.899999887603968, 34.481977684139316 ], [ 132.900285525505609, 34.48250601407792 ], [ 132.900243748286812, 34.48575753245931 ], [ 132.900597398097631, 34.486805216346021 ], [ 132.900478882252571, 34.487530648748084 ], [ 132.900625164160203, 34.488092497855085 ], [ 132.901473681130398, 34.488547014648731 ], [ 132.902317601894254, 34.488728709467189 ], [ 132.902801718064808, 34.488366318228117 ], [ 132.902782814633099, 34.487879482853202 ], [ 132.903092244709541, 34.487626747403667 ], [ 132.903428513529008, 34.486953243246838 ], [ 132.903980091472675, 34.48659410404376 ], [ 132.904219565324894, 34.486009223915538 ], [ 132.904457429175665, 34.48590890547284 ], [ 132.904131523025143, 34.485380124670179 ], [ 132.904476848136852, 34.483796629782283 ], [ 132.905265634308819, 34.48340182354346 ] ] ] } },
{ "type": "Feature", "properties": { "CITY_NAME": "東広島市", "S_NAME": "中河内", "JINKO": 1204, "medical_area": "34_広島中央医療圏", "町丁目名": "東広島市中河内" }, "geometry": { "type": "Polygon", "coordinates": [ [ [ 132.878559633104203, 34.491554087224067 ], [ 132.878794556130856, 34.491200279181733 ], [ 132.879257609426475, 34.49117672842808 ], [ 132.879874844865725, 34.490888016691663 ], [ 132.880169987154972, 34.490253960176979 ], [ 132.880840920820873, 34.489648833194821 ], [ 132.881530256661023, 34.489738186720942 ], [ 132.882980766481154, 34.489532614290624 ], [ 132.884072136590845, 34.48978538992754 ], [ 132.885417405648298, 34.489202054655451 ], [ 132.885894407311213, 34.488644959692408 ], [ 132.886201398572183, 34.48730510097274 ], [ 132.887036534853081, 34.486617715799646 ], [ 132.890953214975923, 34.486355027876158 ], [ 132.893831836012282, 34.484834897712929 ], [ 132.894445385830124, 34.484852101352203 ], [ 132.895869676631492, 34.485242678972426 ], [ 132.89893574435132, 34.486561653124809 ], [ 132.899586277904575, 34.486516196574435 ], [ 132.90033792006102, 34.486196440897274 ], [ 132.900211358038064, 34.4847298912469 ], [ 132.900285525505609, 34.482506014077948 ], [ 132.899999887603997, 34.481977684139316 ], [ 132.899559326494057, 34.481579593594404 ], [ 132.898366491268575, 34.480849928239195 ], [ 132.898002659150848, 34.47896152314317 ], [ 132.895648346505311, 34.477581648433684 ], [ 132.893664008637671, 34.476137821575179 ], [ 132.892630447125839, 34.474782985164609 ], [ 132.892300570766764, 34.474656621554061 ], [ 132.89181967584949, 34.473658253413795 ], [ 132.891704236274421, 34.472495168050692 ], [ 132.8918356364386, 34.471779112699416 ], [ 132.892367496058455, 34.470995181262211 ], [ 132.89256002680699, 34.469905487063734 ], [ 132.89351108893635, 34.468449119420335 ], [ 132.894304608016512, 34.46608710488627 ], [ 132.894618883665288, 34.465682657696469 ], [ 132.896068008708312, 34.46638058303008 ], [ 132.896162592892807, 34.465658815629581 ], [ 132.895081627843126, 34.46565074664052 ], [ 132.894646068151332, 34.465424440023853 ], [ 132.893783332849125, 34.465478166422734 ], [ 132.892457619558087, 34.464848219829278 ], [ 132.891104588967863, 34.465140211224202 ], [ 132.890322742747287, 34.465018343894414 ], [ 132.889630519117674, 34.465497981011325 ], [ 132.889337621787604, 34.46446734123915 ], [ 132.889337626382428, 34.463717398112848 ], [ 132.889612613056102, 34.462817505637979 ], [ 132.88985007083042, 34.462575934865349 ], [ 132.893049807906152, 34.461359538804494 ], [ 132.894562232070456, 34.460118041695033 ], [ 132.896260992740025, 34.46027569697317 ], [ 132.895786480591909, 34.459850030232502 ], [ 132.893274884521134, 34.459443081039389 ], [ 132.892549941614533, 34.459151431832453 ], [ 132.887705975903884, 34.461065171871944 ], [ 132.886705768397746, 34.462176816394354 ], [ 132.883091355943009, 34.462703135148125 ], [ 132.879950058533865, 34.463872295796669 ], [ 132.877479374112738, 34.463905946358921 ], [ 132.875785204639726, 34.464355110286789 ], [ 132.873622913389028, 34.465442100629559 ], [ 132.871899759659698, 34.466820512578316 ], [ 132.871456002490419, 34.46744483720834 ], [ 132.871239313759276, 34.468375354829952 ], [ 132.87124238704817, 34.469713529220591 ], [ 132.87045670831256, 34.470454609531487 ], [ 132.869944210461, 34.471620215705151 ], [ 132.87072792227886, 34.473021210214711 ], [ 132.870852810130941, 34.473577452668081 ], [ 132.871196305718883, 34.473602520507697 ], [ 132.871711556132766, 34.473320086500834 ], [ 132.871903320733139, 34.473445191970612 ], [ 132.871798502910565, 34.473925001170379 ], [ 132.871085804674919, 34.474716655544931 ], [ 132.870953809305007, 34.475388612109256 ], [ 132.871193229795978, 34.476279864929772 ], [ 132.871121511742956, 34.47947609838053 ], [ 132.871689112651012, 34.4813042715055 ], [ 132.8718733327878, 34.483977407879998 ], [ 132.871468122991445, 34.485577365812553 ], [ 132.870866917032686, 34.486328513209727 ], [ 132.870723064063981, 34.486791645890271 ], [ 132.870910256977595, 34.487579111713934 ], [ 132.870280522468022, 34.488847260957023 ], [ 132.870382027305567, 34.489200097213676 ], [ 132.870944028081482, 34.489645503281011 ], [ 132.872508366912399, 34.490166673796686 ], [ 132.874072796891227, 34.490999687223926 ], [ 132.875715011813696, 34.490812106189779 ], [ 132.876029861036471, 34.491465143917345 ], [ 132.876933205270404, 34.491687946766739 ], [ 132.877482467772154, 34.491498105540728 ], [ 132.878085388202152, 34.491733072821532 ], [ 132.878559633104203, 34.491554087224067 ] ] ] } },
{ "type": "Feature", "properties": { "CITY_NAME": "東広島市", "S_NAME": "上河内", "JINKO": 131, "medical_area": "34_広島中央医療圏", "町丁目名": "東広島市上河内" }, "geometry": { "type": "Polygon", "coordinates": [ [ [ 132.87277988768048, 34.49134397605674 ], [ 132.873390453579248, 34.490998428487885 ], [ 132.874072796891227, 34.490999687223926 ], [ 132.872508366912399, 34.490166673796686 ], [ 132.870944028081482, 34.489645503281011 ], [ 132.870382027305567, 34.489200097213676 ], [ 132.870280522468022, 34.488847260957023 ], [ 132.870910256977595, 34.487579111713934 ], [ 132.87072648763629, 34.487199422569262 ], [ 132.870866917032686, 34.486328513209727 ], [ 132.871468122991445, 34.485577365812553 ], [ 132.8718733327878, 34.483977407879998 ], [ 132.871689112651012, 34.4813042715055 ], [ 132.871121511742956, 34.47947609838053 ], [ 132.871193229795978, 34.476279864929772 ], [ 132.870953809305007, 34.475388612109256 ], [ 132.871085804674919, 34.474716655544931 ], [ 132.871798502910565, 34.473925001170379 ], [ 132.871903320733139, 34.473445191970612 ], [ 132.871711556132766, 34.473320086500834 ], [ 132.871196305718883, 34.473602520507697 ], [ 132.870852810130941, 34.473577452668081 ], [ 132.87072792227886, 34.473021210214711 ], [ 132.869944210461, 34.471620215705151 ], [ 132.867286013319102, 34.471467136255363 ], [ 132.865929444061862, 34.472154124004454 ], [ 132.865415483401023, 34.472291722248279 ], [ 132.864127536964503, 34.472276532206173 ], [ 132.863316406102513, 34.472539348474406 ], [ 132.861938415811522, 34.472562398589012 ], [ 132.860501522244988, 34.472291650692391 ], [ 132.859309504095137, 34.472399254962603 ], [ 132.85729067983732, 34.474162106135196 ], [ 132.855594077808121, 34.474727350730127 ], [ 132.853531384548177, 34.476119777982426 ], [ 132.852967350882494, 34.476681025371583 ], [ 132.853456525711721, 34.477249331120404 ], [ 132.854255179909615, 34.477415858109566 ], [ 132.85443272331409, 34.477675312738945 ], [ 132.85446467299559, 34.478143491888055 ], [ 132.854047823778757, 34.47982067832671 ], [ 132.854232229265477, 34.481387436573634 ], [ 132.854431854779079, 34.481652263451352 ], [ 132.854931167166995, 34.481813705072739 ], [ 132.855883542225769, 34.483337546154864 ], [ 132.856499143581345, 34.483716661173411 ], [ 132.856885906782679, 34.484446680365558 ], [ 132.856901379831157, 34.484833117304653 ], [ 132.856550164932116, 34.485435166552278 ], [ 132.856001550544107, 34.485926343073622 ], [ 132.85483980214218, 34.486408989975857 ], [ 132.8551310394773, 34.486864166053444 ], [ 132.857278873550257, 34.487424110206014 ], [ 132.85922886677713, 34.488572520599817 ], [ 132.85960111652156, 34.489028072786006 ], [ 132.859629992176508, 34.489366820351606 ], [ 132.858969388316069, 34.491236546085332 ], [ 132.859438066659862, 34.491897207578312 ], [ 132.862154973354876, 34.49190261627804 ], [ 132.86287872001617, 34.491608176882558 ], [ 132.863242273379569, 34.491080269861897 ], [ 132.863591734535618, 34.490898957831483 ], [ 132.865069062964892, 34.490734724874457 ], [ 132.866758859315865, 34.491286381687772 ], [ 132.868351213562761, 34.491292173863499 ], [ 132.869032034985423, 34.492319367354881 ], [ 132.869609153884767, 34.492461133887431 ], [ 132.870524388187789, 34.49193720987941 ], [ 132.872568665261241, 34.491671294703636 ], [ 132.87277988768048, 34.49134397605674 ] ] ] } },
{ "type": "Feature", "properties": { "CITY_NAME": "東広島市", "S_NAME": "河戸", "JINKO": 322, "medical_area": "34_広島中央医療圏", "町丁目名": "東広島市河戸" }, "geometry": { "type": "Polygon", "coordinates": [ [ [ 132.838505099237409, 34.509645480436767 ], [ 132.839343366344053, 34.509619318565264 ], [ 132.840721447264258, 34.510039532700901 ], [ 132.841306664036182, 34.509962914207428 ], [ 132.842019987243447, 34.509677248610664 ], [ 132.844537689518035, 34.507768138721701 ], [ 132.846201343289579, 34.507412805987677 ], [ 132.848107552267351, 34.507330925914232 ], [ 132.85068670502605, 34.506052432072515 ], [ 132.851903262471183, 34.505661352444342 ], [ 132.852120292751465, 34.505520683333451 ], [ 132.853019164573169, 34.503286206573392 ], [ 132.853503306873762, 34.5014164978504 ], [ 132.85515503990402, 34.501038718192362 ], [ 132.856083573779557, 34.499742200600302 ], [ 132.856215656330392, 34.498838805936046 ], [ 132.85570092339583, 34.496565782136443 ], [ 132.855728248496717, 34.495491831000102 ], [ 132.856185501406287, 34.494548008720855 ], [ 132.856827153233411, 34.493706543755721 ], [ 132.859438066659862, 34.491897207578312 ], [ 132.858969388316069, 34.491236546085332 ], [ 132.859629992176508, 34.489366820351606 ], [ 132.85960111652156, 34.489028072786006 ], [ 132.85922886677713, 34.488572520599817 ], [ 132.858216005550958, 34.487876477353254 ], [ 132.857278873550257, 34.487424110206014 ], [ 132.8551310394773, 34.486864166053444 ], [ 132.85483980214218, 34.486408989975857 ], [ 132.856001550544107, 34.485926343073622 ], [ 132.856550164932116, 34.485435166552278 ], [ 132.856901379831157, 34.484833117304653 ], [ 132.856885906782679, 34.484446680365558 ], [ 132.856499143581345, 34.483716661173411 ], [ 132.855883542225769, 34.483337546154864 ], [ 132.854931167166995, 34.481813705072739 ], [ 132.854431854779079, 34.481652263451352 ], [ 132.854232229265477, 34.481387436573634 ], [ 132.854047823778757, 34.47982067832671 ], [ 132.854482311617858, 34.478023099021172 ], [ 132.854255179909615, 34.477415858109566 ], [ 132.853456525711721, 34.477249331120404 ], [ 132.852833360605501, 34.476655575058345 ], [ 132.851782084025331, 34.477509151264549 ], [ 132.850636270522813, 34.477609362369783 ], [ 132.849827037447795, 34.477881791032637 ], [ 132.84841349142809, 34.478845828836647 ], [ 132.848615545408904, 34.47921883570195 ], [ 132.848096666145636, 34.479529365511247 ], [ 132.847964725339239, 34.479991425071084 ], [ 132.847342320477651, 34.480305484549206 ], [ 132.844998536497002, 34.480399757553911 ], [ 132.844528185267137, 34.480970175567798 ], [ 132.844129378851903, 34.481117328417803 ], [ 132.84322219492546, 34.482215006489852 ], [ 132.839620671059492, 34.482456689230361 ], [ 132.838487250862158, 34.483410763893787 ], [ 132.837863464395099, 34.48355912881479 ], [ 132.836995631417892, 34.484230715207495 ], [ 132.836306711738189, 34.48382936157337 ], [ 132.834305452849065, 34.483891973567438 ], [ 132.833130668575137, 34.484148258871805 ], [ 132.832046411078494, 34.485453892179947 ], [ 132.831275505130805, 34.485975609724662 ], [ 132.830734564602892, 34.485994885882718 ], [ 132.830551189103488, 34.486291550332304 ], [ 132.829806196871999, 34.48647307709939 ], [ 132.829084811440993, 34.486482901059304 ], [ 132.828433734464767, 34.486127081094232 ], [ 132.827386016570102, 34.48641658215476 ], [ 132.827099191369825, 34.486053010622257 ], [ 132.825992549922688, 34.485668500589263 ], [ 132.825515168950147, 34.485137335615377 ], [ 132.824242884978872, 34.484576346438097 ], [ 132.82394460360419, 34.484338336867715 ], [ 132.823270667675416, 34.482873569383287 ], [ 132.821851805507777, 34.481369978675851 ], [ 132.82061679880664, 34.48146241259348 ], [ 132.819826655718032, 34.481990537993859 ], [ 132.819297676620579, 34.482141848886457 ], [ 132.818541274385154, 34.482876994453079 ], [ 132.818104490008636, 34.482847074423361 ], [ 132.817047388724916, 34.483262646642679 ], [ 132.816262431652149, 34.483333045718048 ], [ 132.816000975326148, 34.483802534270318 ], [ 132.815788849100187, 34.483593918662073 ], [ 132.815441979529595, 34.483598867021009 ], [ 132.81461819214519, 34.483945416477944 ], [ 132.814239783881334, 34.48390869202494 ], [ 132.812905837155711, 34.484264278772976 ], [ 132.811865594165653, 34.484792824568274 ], [ 132.810314405720504, 34.484584810990512 ], [ 132.80931583414187, 34.48591617409469 ], [ 132.807288895512301, 34.485804750643489 ], [ 132.805831652604581, 34.485066837334529 ], [ 132.804306282654153, 34.486799575351007 ], [ 132.806707676454124, 34.487745818183747 ], [ 132.809673626438723, 34.488536050088669 ], [ 132.813181745603117, 34.490063758750011 ], [ 132.814280008536031, 34.490798031850453 ], [ 132.814822329071689, 34.491568356931808 ], [ 132.814945321650697, 34.49227738268462 ], [ 132.813835823721888, 34.493923795215935 ], [ 132.813838727395364, 34.494300453837887 ], [ 132.814547844247045, 34.49480084456296 ], [ 132.815600742123678, 34.494928502134549 ], [ 132.817287209677033, 34.49577724487294 ], [ 132.818247780914191, 34.496447426826158 ], [ 132.81815576802191, 34.497043500188852 ], [ 132.818405709740347, 34.497433068588379 ], [ 132.819746258005893, 34.497963579364665 ], [ 132.820160834716603, 34.498299999851568 ], [ 132.819365689750327, 34.498833212398395 ], [ 132.819351418673904, 34.499645521673585 ], [ 132.817793636008048, 34.499484951581366 ], [ 132.817472957887645, 34.499655563136464 ], [ 132.818005244440997, 34.500470306704273 ], [ 132.818296377553395, 34.501326342976377 ], [ 132.819457340842007, 34.501533404532474 ], [ 132.820361891665328, 34.501892977068806 ], [ 132.821429174556556, 34.503149270119295 ], [ 132.822154901128044, 34.503599097204543 ], [ 132.822620681639449, 34.503635049687148 ], [ 132.823516908839053, 34.503321727652292 ], [ 132.823774324671888, 34.503366683540875 ], [ 132.823144102148973, 34.505845502962714 ], [ 132.822635511918463, 34.50657172461522 ], [ 132.822225142566822, 34.508229096903158 ], [ 132.82320809067329, 34.508113929215206 ], [ 132.827307550243916, 34.508414491255479 ], [ 132.82926826917253, 34.508176488095671 ], [ 132.830605602650621, 34.50848967635487 ], [ 132.831936296206663, 34.509403108701093 ], [ 132.833016578956631, 34.509142944255679 ], [ 132.833586050106106, 34.509208430541769 ], [ 132.834752589534901, 34.509605051607927 ], [ 132.836596680506403, 34.510526211966727 ], [ 132.837202142905113, 34.510421327812921 ], [ 132.838505099237409, 34.509645480436767 ] ] ] } },
{ "type": "Feature", "properties": { "CITY_NAME": "東広島市", "S_NAME": "宇山", "JINKO": 161, "medical_area": "34_広島中央医療圏", "町丁目名": "東広島市宇山" }, "geometry": { "type": "Polygon", "coordinates": [ [ [ 132.853787575329363, 34.533540514768589 ], [ 132.854300200305545, 34.533543546528968 ], [ 132.854886167339203, 34.533068355107552 ], [ 132.85542528503683, 34.533048976766445 ], [ 132.855316957078628, 34.530977346974367 ], [ 132.855804549263098, 34.530324795216735 ], [ 132.855509059105913, 34.529915140504009 ], [ 132.855720580157367, 34.527123295858047 ], [ 132.85619740132131, 34.526870712358971 ], [ 132.856055724196835, 34.526376374849271 ], [ 132.856141974311697, 34.526107399514615 ], [ 132.855965760185029, 34.525857375317251 ], [ 132.856360294211981, 34.525678503297087 ], [ 132.856633940158787, 34.525313106453936 ], [ 132.856567709228756, 34.524369971733805 ], [ 132.854921886880305, 34.523815939238126 ], [ 132.852701374435128, 34.523805892743148 ], [ 132.852134906565936, 34.52361623112192 ], [ 132.851724558904095, 34.522220173921319 ], [ 132.850647535769951, 34.520951390315759 ], [ 132.850583634431729, 34.519398298117572 ], [ 132.850357849389383, 34.519221651197604 ], [ 132.849096901884877, 34.519068399583205 ], [ 132.848529529954448, 34.518720109917467 ], [ 132.84827655955803, 34.518249624626947 ], [ 132.848586190815155, 34.517279875211116 ], [ 132.846519572637476, 34.516319144442299 ], [ 132.846147796324459, 34.515648865712578 ], [ 132.846011293302183, 34.514463681149259 ], [ 132.847029103900439, 34.512705938800806 ], [ 132.848451697300192, 34.511922838716266 ], [ 132.849184576462591, 34.512149064324319 ], [ 132.849551941702515, 34.512088414549595 ], [ 132.850006697657335, 34.51183556015954 ], [ 132.850120647389843, 34.511535727892451 ], [ 132.850139161219147, 34.511218401173515 ], [ 132.849164798742237, 34.508879035300666 ], [ 132.848547008229616, 34.508065754865534 ], [ 132.848468765875992, 34.507510063410088 ], [ 132.848594699695155, 34.507172275840084 ], [ 132.847542781191351, 34.507401964887393 ], [ 132.845514108314376, 34.507505930419335 ], [ 132.844537689518035, 34.507768138721723 ], [ 132.842019987243447, 34.509677248610664 ], [ 132.841306664036154, 34.509962914207392 ], [ 132.840721447264258, 34.510039532700901 ], [ 132.83876346281167, 34.509572923590547 ], [ 132.837202142905113, 34.510421327812921 ], [ 132.836596680506403, 34.510526211966727 ], [ 132.834752589534901, 34.509605051607927 ], [ 132.833586050106106, 34.509208430541769 ], [ 132.833016578956631, 34.509142944255679 ], [ 132.831936296206663, 34.509403108701093 ], [ 132.830605602650621, 34.50848967635487 ], [ 132.82926826917253, 34.508176488095671 ], [ 132.826759213716343, 34.508417180896586 ], [ 132.82320809067329, 34.508113929215206 ], [ 132.82177614524403, 34.508411538755745 ], [ 132.820137485194806, 34.508391041449308 ], [ 132.817371401629458, 34.509253017227586 ], [ 132.817117188977335, 34.509523429717198 ], [ 132.817140634009405, 34.512201865764915 ], [ 132.816690964979529, 34.513750832802778 ], [ 132.815744815904651, 34.514308215346922 ], [ 132.812933638400182, 34.516721977489517 ], [ 132.809475470500104, 34.517950887792949 ], [ 132.808689945593017, 34.519590759552997 ], [ 132.808097529868888, 34.520033804744692 ], [ 132.807951120151301, 34.520349418117789 ], [ 132.808275920531798, 34.520917239703387 ], [ 132.80912389610009, 34.52123775912353 ], [ 132.809254333487871, 34.52144203548518 ], [ 132.809162908627314, 34.521842726700875 ], [ 132.807595370499342, 34.523150349635962 ], [ 132.806896151908688, 34.5245872186836 ], [ 132.805574997899527, 34.525172406961076 ], [ 132.806034275742007, 34.525542174948562 ], [ 132.806447525419628, 34.525578607746333 ], [ 132.809171698192699, 34.524671892461662 ], [ 132.810352467099761, 34.524707638112787 ], [ 132.811337063173113, 34.526586954358031 ], [ 132.812666245003044, 34.527678374871506 ], [ 132.81473881353412, 34.52915898233703 ], [ 132.817018318412408, 34.52968799888648 ], [ 132.817719662929818, 34.529690714887586 ], [ 132.818897954011305, 34.529397569383612 ], [ 132.821382288014206, 34.529703249500123 ], [ 132.824219645812065, 34.529310967831094 ], [ 132.826650615224565, 34.529758456388059 ], [ 132.827405507583677, 34.529631945844372 ], [ 132.82880354318425, 34.529044540510533 ], [ 132.831156425883847, 34.528980169405571 ], [ 132.832996033093991, 34.529533863711521 ], [ 132.835771041966296, 34.531100430028964 ], [ 132.837053357361356, 34.532120995900783 ], [ 132.837657363560993, 34.532127395490519 ], [ 132.838518933262776, 34.531697380919063 ], [ 132.839307755717812, 34.531912078393376 ], [ 132.840289113234633, 34.531362219720215 ], [ 132.842251260770809, 34.531151764179924 ], [ 132.845729004267668, 34.531971999843421 ], [ 132.847288481308794, 34.532003170711128 ], [ 132.849149097808265, 34.531773747484593 ], [ 132.84943215748703, 34.532081360437132 ], [ 132.850060096521929, 34.532158423350928 ], [ 132.850148100477185, 34.532435010372488 ], [ 132.851112818467385, 34.532716264734006 ], [ 132.852427040999601, 34.534156406690158 ], [ 132.853787575329363, 34.533540514768589 ] ] ] } },
{ "type": "Feature", "properties": { "CITY_NAME": "東広島市", "S_NAME": "戸野", "JINKO": 275, "medical_area": "34_広島中央医療圏", "町丁目名": "東広島市戸野" }, "geometry": { "type": "Polygon", "coordinates": [ [ [ 132.804861282865062, 34.525644950569507 ], [ 132.805490264781639, 34.525091570720015 ], [ 132.805574997899527, 34.525172406961076 ], [ 132.806761667364896, 34.524710901350737 ], [ 132.807595370499342, 34.523150349635962 ], [ 132.809162908627314, 34.521842726700875 ], [ 132.809254333487871, 34.52144203548518 ], [ 132.80912389610009, 34.52123775912353 ], [ 132.808275920531798, 34.520917239703429 ], [ 132.807951120151301, 34.520349418117789 ], [ 132.808097529868888, 34.520033804744692 ], [ 132.808689945593017, 34.519590759552997 ], [ 132.809475470500104, 34.517950887792949 ], [ 132.812933638400182, 34.516721977489517 ], [ 132.815744815904651, 34.514308215346922 ], [ 132.816690964979529, 34.513750832802778 ], [ 132.817140634009405, 34.512201865764915 ], [ 132.817117188977335, 34.509523429717198 ], [ 132.817223633869418, 34.509359737862624 ], [ 132.820137485194806, 34.508391041449308 ], [ 132.82177614524403, 34.508411538755745 ], [ 132.822225142566822, 34.508229096903158 ], [ 132.822635511918463, 34.50657172461522 ], [ 132.823144102148973, 34.505845502962714 ], [ 132.823808638818377, 34.503468203640097 ], [ 132.823650883883005, 34.503302551098749 ], [ 132.822620681639449, 34.503635049687148 ], [ 132.822154901128044, 34.503599097204543 ], [ 132.821429174556556, 34.503149270119295 ], [ 132.820361891665328, 34.501892977068806 ], [ 132.819457340842007, 34.501533404532474 ], [ 132.818296377553395, 34.501326342976377 ], [ 132.818005244440997, 34.500470306704273 ], [ 132.817472957887645, 34.499655563136464 ], [ 132.817793636008048, 34.499484951581366 ], [ 132.819351418673904, 34.499645521673585 ], [ 132.819365689750327, 34.498833212398395 ], [ 132.820160834716603, 34.498299999851568 ], [ 132.819746258005893, 34.497963579364665 ], [ 132.818405709740347, 34.497433068588379 ], [ 132.81815576802191, 34.497043500188852 ], [ 132.818247780914191, 34.496447426826158 ], [ 132.817287209677033, 34.49577724487294 ], [ 132.815600742123678, 34.494928502134549 ], [ 132.814547844247045, 34.49480084456296 ], [ 132.813838727395364, 34.494300453837887 ], [ 132.813835823721888, 34.493923795215935 ], [ 132.814945321650697, 34.49227738268462 ], [ 132.81492455794222, 34.491946038167974 ], [ 132.814280008536031, 34.490798031850453 ], [ 132.813181745603117, 34.490063758750011 ], [ 132.809673626438723, 34.488536050088669 ], [ 132.806707676454124, 34.487745818183747 ], [ 132.804306282654153, 34.486799575351007 ], [ 132.803661375858184, 34.487552919876975 ], [ 132.8032003520876, 34.487156831230649 ], [ 132.802413743196837, 34.486820197078309 ], [ 132.800443925114479, 34.48669469383222 ], [ 132.799445171189205, 34.485901632456709 ], [ 132.798980262270135, 34.485832070988799 ], [ 132.798126478337252, 34.485373073731921 ], [ 132.797190132039219, 34.485261726795535 ], [ 132.795675847517856, 34.48425156700182 ], [ 132.794056300015683, 34.483726922367303 ], [ 132.794572244765988, 34.484418567004575 ], [ 132.795446531771489, 34.484871281505526 ], [ 132.795329525822154, 34.485211223127514 ], [ 132.796009028708141, 34.485490555061091 ], [ 132.795896877637745, 34.485717361384914 ], [ 132.796184594911352, 34.486135357391227 ], [ 132.796083657925863, 34.486718067139499 ], [ 132.795829399978686, 34.486969276181711 ], [ 132.796264253690936, 34.487263963545914 ], [ 132.796100833292712, 34.48748638804296 ], [ 132.796286774897851, 34.488369203815331 ], [ 132.796140127969466, 34.488549142418606 ], [ 132.796535074772237, 34.488834598648253 ], [ 132.796841306198331, 34.489436329304063 ], [ 132.79737993321362, 34.48952537743407 ], [ 132.79751878358789, 34.489816950159614 ], [ 132.796991906756489, 34.49015916555598 ], [ 132.796269607224986, 34.490247711046273 ], [ 132.795685252935272, 34.490514715530921 ], [ 132.795012676442298, 34.490400433617303 ], [ 132.793900511415501, 34.490507460354259 ], [ 132.793062205613779, 34.490309083188684 ], [ 132.792105750363191, 34.490679410480361 ], [ 132.791799587133937, 34.491609556776481 ], [ 132.79174841198153, 34.492382877554128 ], [ 132.790745739243221, 34.493427318540711 ], [ 132.790699198648809, 34.49405932752672 ], [ 132.789636239408281, 34.494665702389447 ], [ 132.789680705570163, 34.496240759093936 ], [ 132.789528878944139, 34.497106724960453 ], [ 132.789605528118273, 34.497398906265531 ], [ 132.790490172032776, 34.497835981313408 ], [ 132.790821775338287, 34.498601848188734 ], [ 132.791480537074648, 34.499124594490155 ], [ 132.791907290676534, 34.50016719094166 ], [ 132.79182689298807, 34.501453837603549 ], [ 132.792001860163111, 34.502857073661609 ], [ 132.793430330351924, 34.503789293435275 ], [ 132.793906731380616, 34.504821357075329 ], [ 132.795707317206706, 34.506108452110404 ], [ 132.796448745876233, 34.507300854287955 ], [ 132.795456430304256, 34.507424029158123 ], [ 132.793936866752432, 34.508033645478498 ], [ 132.793618651324891, 34.509872172932958 ], [ 132.79338530826081, 34.510217509400185 ], [ 132.792714321235735, 34.510143904498484 ], [ 132.792099496805349, 34.5092793311142 ], [ 132.791782655092447, 34.509250108537429 ], [ 132.790827710831962, 34.510230638601023 ], [ 132.789574608505831, 34.511186763029016 ], [ 132.789402100991794, 34.511780685436051 ], [ 132.789426936950207, 34.513030725675584 ], [ 132.789042357312809, 34.514122132165156 ], [ 132.788325219031606, 34.515294819999653 ], [ 132.787714436000471, 34.515249613690152 ], [ 132.787858469316433, 34.515413269400497 ], [ 132.787749992072065, 34.515855288045117 ], [ 132.787946990436808, 34.516465209963073 ], [ 132.788937180882158, 34.516876137213707 ], [ 132.789218541860066, 34.517141637753134 ], [ 132.78939078391997, 34.517761969675981 ], [ 132.789306556517545, 34.518540249446964 ], [ 132.788481098345699, 34.520248909833676 ], [ 132.791732690443951, 34.522501653874897 ], [ 132.791661777423059, 34.523704020185875 ], [ 132.79175139324181, 34.523933454235085 ], [ 132.792408015227863, 34.524285077181418 ], [ 132.792823225216722, 34.524329578211713 ], [ 132.793502629272297, 34.523496681123206 ], [ 132.795095020617566, 34.523444838605343 ], [ 132.796268303515234, 34.522836318533479 ], [ 132.797215456578016, 34.522546322855099 ], [ 132.798745151299784, 34.522576158676614 ], [ 132.800399070496923, 34.521822527181151 ], [ 132.801726864455929, 34.522793238814486 ], [ 132.801900672845164, 34.523175071253377 ], [ 132.803120250061056, 34.524407504829512 ], [ 132.803644551462639, 34.524791730941018 ], [ 132.803958616832659, 34.524788682866543 ], [ 132.804310377762278, 34.52552865526377 ], [ 132.804861282865062, 34.525644950569507 ] ] ] } },
{ "type": "Feature", "properties": { "CITY_NAME": "東広島市", "S_NAME": "入野中山台一丁目", "JINKO": 52, "medical_area": "34_広島中央医療圏", "町丁目名": "東広島市入野中山台一丁目" }, "geometry": { "type": "Polygon", "coordinates": [ [ [ 132.858018343983872, 34.462295361846138 ], [ 132.858198838749814, 34.462352112745251 ], [ 132.858385020314387, 34.463092039520433 ], [ 132.858952767523675, 34.461568925433888 ], [ 132.85894221240693, 34.460287852792518 ], [ 132.85922042479703, 34.459188125055221 ], [ 132.859172894880658, 34.458785812498348 ], [ 132.858716721662915, 34.458394828946759 ], [ 132.858335360561625, 34.458904621193675 ], [ 132.857774163234666, 34.459218814165695 ], [ 132.856326311864649, 34.459385602320594 ], [ 132.856449421882104, 34.459462486737209 ], [ 132.856417620462963, 34.460096426723346 ], [ 132.857110720587372, 34.460335924764259 ], [ 132.857280845943791, 34.460641477820801 ], [ 132.857144180915157, 34.460964088080431 ], [ 132.857364426504972, 34.461540713486613 ], [ 132.857150592225878, 34.461876378667306 ], [ 132.85759418892107, 34.462347168038363 ], [ 132.857330118026738, 34.463191570729578 ], [ 132.856468921705613, 34.464486488254579 ], [ 132.856951393496473, 34.464828207761279 ], [ 132.857152613406726, 34.464250938642067 ], [ 132.857561018135101, 34.463841800889504 ], [ 132.857593823798766, 34.463492990811638 ], [ 132.857956222137375, 34.46322229459232 ], [ 132.858018343983872, 34.462295361846138 ] ] ] } },
{ "type": "Feature", "properties": { "CITY_NAME": "東広島市", "S_NAME": "入野中山台二丁目", "JINKO": 340, "medical_area": "34_広島中央医療圏", "町丁目名": "東広島市入野中山台二丁目" }, "geometry": { "type": "Polygon", "coordinates": [ [ [ 132.858194804905764, 34.459018104686052 ], [ 132.858664679119386, 34.458367197206236 ], [ 132.857392487933822, 34.457636312047761 ], [ 132.85717497243985, 34.457365679332966 ], [ 132.857117680821517, 34.456944407184075 ], [ 132.857285203691248, 34.456536879288926 ], [ 132.859365679222776, 34.453883777701456 ], [ 132.858738002648948, 34.453694722650432 ], [ 132.858428900563695, 34.454005282476395 ], [ 132.85783717716393, 34.45391216644299 ], [ 132.857552780087076, 34.454267168218983 ], [ 132.857482519840516, 34.454722828130635 ], [ 132.857347395353486, 34.454701954635709 ], [ 132.857292957968724, 34.454434513503656 ], [ 132.857251966931187, 34.45461144199561 ], [ 132.856767151411333, 34.454284226362077 ], [ 132.856426148203809, 34.454328369706431 ], [ 132.855933591434876, 34.454561185396997 ], [ 132.855872305045381, 34.45478510513432 ], [ 132.855128274229145, 34.454965091788281 ], [ 132.85503245648286, 34.4548267999171 ], [ 132.853681307231739, 34.45569353555026 ], [ 132.853672709017133, 34.45597305115718 ], [ 132.853904528504643, 34.456239497882834 ], [ 132.854194894029661, 34.456079199295232 ], [ 132.855173643266454, 34.456783179131492 ], [ 132.854876890670823, 34.456828121894475 ], [ 132.854565854110234, 34.457368734808512 ], [ 132.854777218712343, 34.457415565430786 ], [ 132.855126040309955, 34.457083649319834 ], [ 132.855445027384889, 34.457009804473387 ], [ 132.85590265114044, 34.458219683409062 ], [ 132.856085875284577, 34.458133007428124 ], [ 132.856611393189183, 34.458643002003058 ], [ 132.856437585427841, 34.45881617137843 ], [ 132.856886296453609, 34.458984927054438 ], [ 132.856244844480528, 34.459334723330862 ], [ 132.857474198055257, 34.459270993917123 ], [ 132.858194804905764, 34.459018104686052 ] ] ] } },
{ "type": "Feature", "properties": { "CITY_NAME": "東広島市", "S_NAME": "入野中山台三丁目", "JINKO": 282, "medical_area": "34_広島中央医療圏", "町丁目名": "東広島市入野中山台三丁目" }, "geometry": { "type": "Polygon", "coordinates": [ [ [ 132.861479045192226, 34.455018698225565 ], [ 132.859365679222776, 34.453883777701456 ], [ 132.857285203691248, 34.456536879288926 ], [ 132.857117680821517, 34.456944407184075 ], [ 132.85717497243985, 34.457365679332966 ], [ 132.857392487933822, 34.457636312047761 ], [ 132.85866957139234, 34.458462397004027 ], [ 132.859239589998452, 34.457495007000162 ], [ 132.859668262144226, 34.457227196101762 ], [ 132.860235099965337, 34.456299790890668 ], [ 132.861479045192226, 34.455018698225565 ] ] ] } },
{ "type": "Feature", "properties": { "CITY_NAME": "東広島市", "S_NAME": "入野中山台四丁目", "JINKO": 248, "medical_area": "34_広島中央医療圏", "町丁目名": "東広島市入野中山台四丁目" }, "geometry": { "type": "Polygon", "coordinates": [ [ [ 132.86655838193812, 34.449783317070015 ], [ 132.865420213641556, 34.449946580917839 ], [ 132.863838471448986, 34.450536400607824 ], [ 132.860897470155578, 34.452149531352113 ], [ 132.860417583872476, 34.452541375703539 ], [ 132.859365679222776, 34.453883777701456 ], [ 132.861479045192226, 34.455018698225565 ], [ 132.862252822493843, 34.454075679286241 ], [ 132.864109569510532, 34.453075692376309 ], [ 132.863973361455521, 34.452537252068495 ], [ 132.864260246123621, 34.452242201935846 ], [ 132.86464935699729, 34.452171523147967 ], [ 132.865059420422057, 34.451782657893034 ], [ 132.866097656786195, 34.45166924455377 ], [ 132.866549438120529, 34.451407341612139 ], [ 132.86655838193812, 34.449783317070015 ] ] ] } },
{ "type": "Feature", "properties": { "CITY_NAME": "東広島市", "S_NAME": "入野中山台五丁目", "JINKO": 102, "medical_area": "34_広島中央医療圏", "町丁目名": "東広島市入野中山台五丁目" }, "geometry": { "type": "Polygon", "coordinates": [ [ [ 132.863292329991111, 34.450824176349911 ], [ 132.862977967237669, 34.450578950778031 ], [ 132.862784042768482, 34.450684631438364 ], [ 132.862676376015173, 34.450561738164431 ], [ 132.86088072695685, 34.450823468414939 ], [ 132.85951105044532, 34.45074649778249 ], [ 132.859317491140871, 34.452866731579341 ], [ 132.859465794073145, 34.453246145888812 ], [ 132.85910935127859, 34.453747099703619 ], [ 132.859365679222776, 34.453883777701456 ], [ 132.860704451328331, 34.452283747138637 ], [ 132.863292329991111, 34.450824176349911 ] ] ] } },
{ "type": "Feature", "properties": { "CITY_NAME": "東広島市", "S_NAME": "河内臨空団地", "JINKO": 0, "medical_area": "34_広島中央医療圏", "町丁目名": "東広島市河内臨空団地" }, "geometry": { "type": "Polygon", "coordinates": [ [ [ 132.868811996646627, 34.451082887836598 ], [ 132.870040094483016, 34.45101632796392 ], [ 132.869841130804105, 34.450648754273836 ], [ 132.870167602317565, 34.450154898614365 ], [ 132.86999262799452, 34.449505665981114 ], [ 132.870172519965621, 34.448895206712848 ], [ 132.869969975969695, 34.448749424312524 ], [ 132.870237417002727, 34.448390419034041 ], [ 132.870483903970381, 34.448393074231298 ], [ 132.870713052372452, 34.447687673070519 ], [ 132.870539146717107, 34.447063022869905 ], [ 132.870615046778568, 34.446900313277915 ], [ 132.870737804172308, 34.447005082518103 ], [ 132.870678043339268, 34.44674593210096 ], [ 132.870160071722694, 34.446565806501461 ], [ 132.869405927109597, 34.447016353864633 ], [ 132.869521555700373, 34.44639892448815 ], [ 132.86939860932327, 34.446141024824705 ], [ 132.868550448526747, 34.445887628896962 ], [ 132.867731127512741, 34.445258067532151 ], [ 132.867252187839256, 34.445167988811995 ], [ 132.866878927600652, 34.445297241767399 ], [ 132.866520698242454, 34.445009906301308 ], [ 132.866129877646813, 34.445121227222025 ], [ 132.865999491045358, 34.444916035819105 ], [ 132.865403959281451, 34.444978432025103 ], [ 132.865332710430494, 34.445571132842062 ], [ 132.864375086335656, 34.446337259774218 ], [ 132.864487828827919, 34.447752397901731 ], [ 132.864697094026553, 34.448310857351622 ], [ 132.865266939021012, 34.448788109977478 ], [ 132.865908722175021, 34.449817612946681 ], [ 132.866851613525398, 34.449743159762669 ], [ 132.867570582560461, 34.45059688415585 ], [ 132.868072984284339, 34.450657038420594 ], [ 132.868811996646627, 34.451082887836598 ] ] ] } },
{ "type": "Feature", "properties": { "CITY_NAME": "東広島市", "S_NAME": "入野", "JINKO": 1698, "medical_area": "34_広島中央医療圏", "町丁目名": "東広島市入野" }, "geometry": { "type": "Polygon", "coordinates": [ [ [ 132.850311120380127, 34.477686677119586 ], [ 132.851782084025331, 34.477509151264549 ], [ 132.855594077808121, 34.474727350730127 ], [ 132.85729067983732, 34.474162106135196 ], [ 132.859309504095137, 34.472399254962603 ], [ 132.860501522244988, 34.472291650692391 ], [ 132.861938415811522, 34.472562398589012 ], [ 132.863316406102513, 34.472539348474406 ], [ 132.864127536964503, 34.472276532206173 ], [ 132.865415483401023, 34.472291722248279 ], [ 132.865929444061862, 34.472154124004454 ], [ 132.867286013319102, 34.471467136255363 ], [ 132.869944210461, 34.471620215705151 ], [ 132.87045670831256, 34.470454609531487 ], [ 132.87124238704817, 34.469713529220606 ], [ 132.871281119378835, 34.4680067579433 ], [ 132.871576806344734, 34.467248202154337 ], [ 132.872377811982005, 34.466392069710082 ], [ 132.874362045988022, 34.464998483571293 ], [ 132.875785204639726, 34.46435511028681 ], [ 132.877080079248429, 34.463989397973052 ], [ 132.879950058533865, 34.463872295796669 ], [ 132.883091355943009, 34.462703135148125 ], [ 132.886705768397746, 34.462176816394354 ], [ 132.887705975903884, 34.461065171871944 ], [ 132.892549941614533, 34.459151431832453 ], [ 132.893112476273927, 34.457526666946237 ], [ 132.895185627817881, 34.455287242733128 ], [ 132.895723857441737, 34.454278454290815 ], [ 132.897872302088189, 34.452387393309905 ], [ 132.898976759898602, 34.450973922576154 ], [ 132.899852948491286, 34.448933277545187 ], [ 132.901231790168879, 34.448201202689823 ], [ 132.903832246183043, 34.447852209804182 ], [ 132.902733399407992, 34.447278768816425 ], [ 132.902162954414933, 34.447211638753686 ], [ 132.901971090226425, 34.446990652043134 ], [ 132.902223783544514, 34.445560750395458 ], [ 132.903931617140927, 34.445376888741869 ], [ 132.904385180378597, 34.444449932034345 ], [ 132.903681611778865, 34.444128931514314 ], [ 132.902958630638182, 34.443463769578791 ], [ 132.903370962400942, 34.44193262117561 ], [ 132.903907123566142, 34.441089129147421 ], [ 132.902741221834845, 34.441069119424057 ], [ 132.900514327472195, 34.442180147445526 ], [ 132.899644777826694, 34.442348072079149 ], [ 132.8993124718383, 34.440170319657732 ], [ 132.897700204165062, 34.439670331779439 ], [ 132.896925302070599, 34.438920483228245 ], [ 132.894783116496768, 34.437950982057878 ], [ 132.893964607734631, 34.436820183327413 ], [ 132.893985611179374, 34.435082621893258 ], [ 132.893738498777196, 34.434587396282581 ], [ 132.894240413439235, 34.43406081922263 ], [ 132.894445667137688, 34.433465289738763 ], [ 132.89533598498565, 34.433299413716092 ], [ 132.894931761862836, 34.431519022756063 ], [ 132.895472843177828, 34.431319300386612 ], [ 132.896147819878735, 34.431516584104195 ], [ 132.896386780425303, 34.43143148840565 ], [ 132.89634805628242, 34.429399033483051 ], [ 132.895807750539973, 34.428602693993284 ], [ 132.896067158363564, 34.428435776378848 ], [ 132.896631034786253, 34.42842847914617 ], [ 132.896821170550794, 34.428163649743446 ], [ 132.896699768041998, 34.427787282334457 ], [ 132.896949119237689, 34.427029791402923 ], [ 132.897442126979996, 34.426359735486756 ], [ 132.89731678868597, 34.425274573013631 ], [ 132.897758832960847, 34.424786106171148 ], [ 132.896803785684227, 34.423890688235574 ], [ 132.895946057452761, 34.4238668982807 ], [ 132.895039522465368, 34.422599565215314 ], [ 132.894260290183468, 34.421839843480022 ], [ 132.893390032029913, 34.421531275306918 ], [ 132.894099130147964, 34.420622602855005 ], [ 132.894510023965552, 34.419110572350291 ], [ 132.893618924717543, 34.419062724965691 ], [ 132.892184910683255, 34.418233493136135 ], [ 132.892287032981613, 34.41678952584251 ], [ 132.89204997061421, 34.416518504815237 ], [ 132.890850015062085, 34.415913968251289 ], [ 132.891505558130604, 34.414316594794769 ], [ 132.892467683534903, 34.414111324180773 ], [ 132.893396620537374, 34.413597339582893 ], [ 132.893690497266533, 34.413609969522092 ], [ 132.894140359285387, 34.412669051020529 ], [ 132.894351034662094, 34.411643057421472 ], [ 132.894979675224675, 34.410810657410295 ], [ 132.894162882304784, 34.411201172764287 ], [ 132.8921150197109, 34.411423452280239 ], [ 132.891043850056263, 34.410603648122311 ], [ 132.89027188919269, 34.410392551065229 ], [ 132.889475293909015, 34.409798463461577 ], [ 132.888482726144218, 34.410185043113991 ], [ 132.887836937427039, 34.409823459887384 ], [ 132.887041809208739, 34.410008708736441 ], [ 132.886794268168956, 34.409751269251949 ], [ 132.886607639755141, 34.409078088093942 ], [ 132.886560511260512, 34.408224216398118 ], [ 132.885810057508138, 34.407241225878799 ], [ 132.885378407154235, 34.407440252187911 ], [ 132.884813904440392, 34.407359192669489 ], [ 132.883750398286367, 34.407497149899903 ], [ 132.882614772964843, 34.407291833147518 ], [ 132.882232960101589, 34.406378513473292 ], [ 132.880880371616769, 34.406317702060292 ], [ 132.879624280483938, 34.406670709930076 ], [ 132.879146349967186, 34.405941051363882 ], [ 132.877746320483169, 34.406046269796136 ], [ 132.877322056644914, 34.405829006135754 ], [ 132.876895466761738, 34.405342859019186 ], [ 132.876292927007341, 34.406111778363936 ], [ 132.876103473642843, 34.406943369822706 ], [ 132.875534347078855, 34.407019924120277 ], [ 132.875458230133432, 34.407313489645141 ], [ 132.875042232756613, 34.4076159309883 ], [ 132.873572747551833, 34.408275215897739 ], [ 132.871046951161986, 34.408263508376862 ], [ 132.870331465069455, 34.408699376671073 ], [ 132.869039483397955, 34.408992077957919 ], [ 132.868284270885169, 34.409658607765813 ], [ 132.868116274663578, 34.410364991467965 ], [ 132.868298958476629, 34.410817639130315 ], [ 132.867042210087561, 34.411248301641542 ], [ 132.865779293809339, 34.411359381483976 ], [ 132.864402285681109, 34.411885089328145 ], [ 132.863901797517656, 34.411801612326023 ], [ 132.863502121408118, 34.412366217673522 ], [ 132.862401976197447, 34.412642123937651 ], [ 132.861390177746358, 34.413356436899164 ], [ 132.860734732684961, 34.41328073505683 ], [ 132.860452263675313, 34.41417934568944 ], [ 132.859778203140792, 34.414881292928442 ], [ 132.859264548531627, 34.414804771700311 ], [ 132.857938305429997, 34.41355245741682 ], [ 132.857453682244198, 34.413454916593388 ], [ 132.857026828554865, 34.413789205318984 ], [ 132.853770707645879, 34.414721813492534 ], [ 132.853079970471725, 34.414705287216719 ], [ 132.852371417980521, 34.41426599405338 ], [ 132.851822680770567, 34.414461217520362 ], [ 132.851627747116055, 34.414823621405311 ], [ 132.85131080138845, 34.415012466753105 ], [ 132.851260264333121, 34.415828893471563 ], [ 132.850858745794824, 34.416449947918458 ], [ 132.850858594807335, 34.416999584314922 ], [ 132.850649175847451, 34.417103166956863 ], [ 132.850412084582359, 34.417789923038761 ], [ 132.849899918645946, 34.417928587732966 ], [ 132.849857916736141, 34.418276042091236 ], [ 132.850073059975131, 34.419495949436723 ], [ 132.849901537938962, 34.41972961257266 ], [ 132.850004616202199, 34.420124850348444 ], [ 132.849815857785842, 34.420481441272123 ], [ 132.850024107709316, 34.420839467037005 ], [ 132.849990030849256, 34.4211384220255 ], [ 132.850347549441778, 34.421336717899216 ], [ 132.850351552610107, 34.422106216748588 ], [ 132.85113327472979, 34.422846834751304 ], [ 132.851054309301531, 34.423514675691194 ], [ 132.851448161003759, 34.423690087284598 ], [ 132.852131206315676, 34.424913279703411 ], [ 132.853146272302553, 34.425438888954375 ], [ 132.854246107109418, 34.425451420731015 ], [ 132.855589746955275, 34.42625687701635 ], [ 132.856046004599506, 34.426250491613509 ], [ 132.85734080110754, 34.426662922947934 ], [ 132.856740176460391, 34.427426271576984 ], [ 132.85739933896744, 34.428513503445409 ], [ 132.857275742255297, 34.42902088408087 ], [ 132.855725361960253, 34.429169534435367 ], [ 132.853058940694211, 34.430337810572354 ], [ 132.853214328004526, 34.432210523860505 ], [ 132.853481407706596, 34.432377067178287 ], [ 132.853775773602194, 34.432335404207471 ], [ 132.854021132383565, 34.432798438495489 ], [ 132.854039217281127, 34.433238668183925 ], [ 132.854934488356093, 34.434300499011847 ], [ 132.85510228571971, 34.434731856005428 ], [ 132.854032740306138, 34.435106237211691 ], [ 132.853856655441234, 34.436326099329513 ], [ 132.853937342591138, 34.437036286368482 ], [ 132.852288653101226, 34.440485798898898 ], [ 132.852904896109663, 34.441830793594448 ], [ 132.853927685662569, 34.443023765161016 ], [ 132.852732871600409, 34.443770987655533 ], [ 132.853178343746606, 34.44498495656935 ], [ 132.851997191553295, 34.445618138357389 ], [ 132.850156908792911, 34.445547592481375 ], [ 132.85009872724882, 34.445397336906446 ], [ 132.849683076034637, 34.44603565009475 ], [ 132.84848435790235, 34.445995860742677 ], [ 132.847948865667149, 34.446545528292276 ], [ 132.846578409748503, 34.447290286297608 ], [ 132.845849181880567, 34.447576624593424 ], [ 132.845166341063162, 34.447406029829914 ], [ 132.844203545002671, 34.447938609982067 ], [ 132.843014043317737, 34.448318757734697 ], [ 132.842217852783364, 34.449003796668016 ], [ 132.840724780808074, 34.44902034774141 ], [ 132.840260726020631, 34.448641031687984 ], [ 132.839338740976302, 34.449264624964826 ], [ 132.838714858770999, 34.450206182979564 ], [ 132.837252586876559, 34.450313795552397 ], [ 132.836925968552038, 34.450830288328426 ], [ 132.836095449550839, 34.450992599526217 ], [ 132.835497724603954, 34.450182263731783 ], [ 132.835156117179594, 34.450076232301925 ], [ 132.834175934815931, 34.450314000918283 ], [ 132.8325668966514, 34.450422773582545 ], [ 132.83287860432057, 34.451327649698413 ], [ 132.834027992939127, 34.452510668134074 ], [ 132.834315944341284, 34.45343468499852 ], [ 132.834833664037404, 34.453639486314366 ], [ 132.835549299174517, 34.45445946219386 ], [ 132.835743091355795, 34.455512730629486 ], [ 132.836211087069046, 34.455759209702173 ], [ 132.836834675530469, 34.456974086278919 ], [ 132.837489432025706, 34.457703106028845 ], [ 132.838378833706031, 34.458001217493141 ], [ 132.83928158497136, 34.458091763383329 ], [ 132.83967254345319, 34.457788739385926 ], [ 132.840694361847341, 34.457729166813252 ], [ 132.840977219060278, 34.458005664520812 ], [ 132.841023940917694, 34.458831405701673 ], [ 132.840612526240676, 34.459954347019078 ], [ 132.840945942112086, 34.461046565597961 ], [ 132.840818947341347, 34.462512764978733 ], [ 132.839234788011225, 34.463738781344112 ], [ 132.839020849884236, 34.464662722752564 ], [ 132.839152595146061, 34.465350237978988 ], [ 132.84002386299386, 34.465958331514287 ], [ 132.841149020216307, 34.46645500917792 ], [ 132.841575789061011, 34.466239679608925 ], [ 132.841933460659305, 34.466314618457076 ], [ 132.842342064740706, 34.466066846570278 ], [ 132.843002980685412, 34.46654817983385 ], [ 132.843435318467357, 34.466143637414092 ], [ 132.843728924206744, 34.465355315730612 ], [ 132.844226636625251, 34.465086478403848 ], [ 132.844697781772993, 34.465066123672599 ], [ 132.845424522315994, 34.465742310806554 ], [ 132.846461062529329, 34.466313243579478 ], [ 132.846577027197185, 34.466525437486112 ], [ 132.846472851861961, 34.466886898786143 ], [ 132.845903756539599, 34.467162056322003 ], [ 132.845764962005859, 34.467659636079901 ], [ 132.845806930647512, 34.469756240584921 ], [ 132.846577448947215, 34.470985197161177 ], [ 132.847174760944199, 34.47154377058424 ], [ 132.847017419887635, 34.472837033885689 ], [ 132.847122465817023, 34.473897969850348 ], [ 132.848359213563498, 34.47492627389547 ], [ 132.849233693012451, 34.47531173029796 ], [ 132.84820361424164, 34.476432365972634 ], [ 132.848485445948626, 34.476833093941657 ], [ 132.848620098243202, 34.477583408934258 ], [ 132.848301069264011, 34.477875073246828 ], [ 132.84841349142809, 34.478845828836647 ], [ 132.850311120380127, 34.477686677119586 ] ], [ [ 132.856887732557368, 34.459027290003768 ], [ 132.856437585427841, 34.45881617137843 ], [ 132.856611393189183, 34.458643002003058 ], [ 132.856085875284577, 34.458133007428124 ], [ 132.85590265114044, 34.458219683409062 ], [ 132.855445027384889, 34.457009804473387 ], [ 132.855126040309955, 34.457083649319834 ], [ 132.854777218712343, 34.457415565430786 ], [ 132.854565854110234, 34.457368734808512 ], [ 132.854876890670823, 34.456828121894475 ], [ 132.855173643266454, 34.456783179131492 ], [ 132.854194894029661, 34.456079199295232 ], [ 132.853904528504643, 34.456239497882834 ], [ 132.853672709017133, 34.45597305115718 ], [ 132.853681307231739, 34.45569353555026 ], [ 132.85503245648286, 34.4548267999171 ], [ 132.855128274229145, 34.454965091788281 ], [ 132.855872305045381, 34.45478510513432 ], [ 132.855933591434876, 34.454561185396997 ], [ 132.856426148203809, 34.454328369706431 ], [ 132.856767151411333, 34.454284226362077 ], [ 132.857251966931187, 34.45461144199561 ], [ 132.857292957968724, 34.454434513503656 ], [ 132.857347395353486, 34.454701954635709 ], [ 132.857482519840516, 34.454722828130635 ], [ 132.857552780087076, 34.454267168218983 ], [ 132.857806846691204, 34.453929468525565 ], [ 132.858428900563695, 34.454005282476395 ], [ 132.858738002648948, 34.453694722650432 ], [ 132.859058536358305, 34.453812399979739 ], [ 132.859465794073145, 34.453246145888812 ], [ 132.859317491140871, 34.452866731579341 ], [ 132.85951105044532, 34.45074649778249 ], [ 132.86088072695685, 34.450823468414939 ], [ 132.862676376015173, 34.450561738164431 ], [ 132.862784042768482, 34.450684631438364 ], [ 132.862977967237669, 34.450578950778031 ], [ 132.863292329991111, 34.450824176349911 ], [ 132.865908722175021, 34.449817612946681 ], [ 132.865266939021012, 34.448788109977478 ], [ 132.864697094026553, 34.448310857351622 ], [ 132.864487828827919, 34.447752397901731 ], [ 132.864392319898627, 34.446268158543077 ], [ 132.865332710430494, 34.445571132842062 ], [ 132.865403959281451, 34.444978432025103 ], [ 132.865999491045358, 34.444916035819105 ], [ 132.866129877646813, 34.445121227222025 ], [ 132.866520698242454, 34.445009906301308 ], [ 132.866878927600652, 34.445297241767399 ], [ 132.867252187839256, 34.445167988811995 ], [ 132.867731127512741, 34.445258067532151 ], [ 132.868550448526747, 34.445887628896962 ], [ 132.86939860932327, 34.446141024824705 ], [ 132.869521555700373, 34.44639892448815 ], [ 132.869405927109597, 34.447016353864633 ], [ 132.870160071722694, 34.446565806501461 ], [ 132.870643012879469, 34.446700601967891 ], [ 132.870737804172308, 34.447005082518103 ], [ 132.870615046778568, 34.446900313277915 ], [ 132.870539146717107, 34.447063022869905 ], [ 132.870682429928877, 34.447820691247408 ], [ 132.870464610638237, 34.448428345118472 ], [ 132.870237417002727, 34.448390419034041 ], [ 132.869969975969695, 34.448749424312524 ], [ 132.870172519965621, 34.448895206712848 ], [ 132.86999262799452, 34.449505665981114 ], [ 132.870167602317565, 34.450154898614365 ], [ 132.869841130804105, 34.450648754273836 ], [ 132.870024156043428, 34.451062397729451 ], [ 132.868811996646627, 34.451082887836598 ], [ 132.868072984284339, 34.450657038420594 ], [ 132.867570582560461, 34.45059688415585 ], [ 132.867000901793602, 34.449858361870241 ], [ 132.86655838193812, 34.449783317070015 ], [ 132.866549438120529, 34.451407341612139 ], [ 132.866097656786195, 34.45166924455382 ], [ 132.865059420422057, 34.451782657893034 ], [ 132.86464935699729, 34.452171523147967 ], [ 132.864260246123621, 34.452242201935846 ], [ 132.863973361455521, 34.452537252068495 ], [ 132.864109569510532, 34.453075692376309 ], [ 132.863282413845525, 34.453413121686552 ], [ 132.862112443803028, 34.454193534663915 ], [ 132.861013721073903, 34.455608955554887 ], [ 132.860235099965337, 34.456299790890668 ], [ 132.859668262144226, 34.457227196101762 ], [ 132.859239589998452, 34.457495007000162 ], [ 132.858716721662915, 34.458394828946759 ], [ 132.859172894880658, 34.458785812498348 ], [ 132.85922042479703, 34.459188125055221 ], [ 132.85894221240693, 34.460287852792518 ], [ 132.85899532311069, 34.461367392595299 ], [ 132.858802927519918, 34.46215533180051 ], [ 132.858385020314387, 34.463092039520433 ], [ 132.858175046687279, 34.46230331940977 ], [ 132.857920374865927, 34.462305660513579 ], [ 132.857956222137375, 34.46322229459232 ], [ 132.857593823798766, 34.463492990811638 ], [ 132.857561018135101, 34.463841800889504 ], [ 132.857115127435918, 34.464313361633991 ], [ 132.857007373632086, 34.464843154612289 ], [ 132.856468921705613, 34.464486488254579 ], [ 132.857330118026738, 34.463191570729578 ], [ 132.85759418892107, 34.462347168038363 ], [ 132.857150592225878, 34.461876378667306 ], [ 132.857364426504972, 34.461540713486613 ], [ 132.857144180915157, 34.460964088080431 ], [ 132.857280845943791, 34.460641477820801 ], [ 132.857110720587372, 34.460335924764259 ], [ 132.856417620462963, 34.460096426723346 ], [ 132.856449421882104, 34.459462486737209 ], [ 132.856244844480528, 34.459334723330862 ], [ 132.856887732557368, 34.459027290003768 ] ] ] } },
{ "type": "Feature", "properties": { "CITY_NAME": "東広島市", "S_NAME": "小田", "JINKO": 455, "medical_area": "34_広島中央医療圏", "町丁目名": "東広島市小田" }, "geometry": { "type": "Polygon", "coordinates": [ [ [ 132.856592639399054, 34.524219669611078 ], [ 132.858567472863598, 34.523419236775915 ], [ 132.861645086184382, 34.522849723472511 ], [ 132.861676099142755, 34.522018448043056 ], [ 132.861836613757248, 34.521729327118344 ], [ 132.862211222012405, 34.521522661550058 ], [ 132.863931719069683, 34.521562867006317 ], [ 132.86563077193702, 34.520883779702729 ], [ 132.869318346623288, 34.519895475377652 ], [ 132.870289100357155, 34.519949196270836 ], [ 132.871877836120007, 34.519685502629713 ], [ 132.873492117783201, 34.519732918091719 ], [ 132.876066963128324, 34.519314212640658 ], [ 132.878255160960464, 34.517527821224824 ], [ 132.879824065097438, 34.517021948923677 ], [ 132.880926431934796, 34.517047458687941 ], [ 132.881896007430072, 34.517325319131601 ], [ 132.882501449560323, 34.517250199679275 ], [ 132.882874142710847, 34.517071645691018 ], [ 132.883736456953756, 34.51607137019154 ], [ 132.884347668115197, 34.515856331765384 ], [ 132.887286940450338, 34.515942629357639 ], [ 132.888095901772942, 34.51508970104269 ], [ 132.888284062762693, 34.515034775649951 ], [ 132.888608530604841, 34.515315561732379 ], [ 132.88967877707114, 34.514907325363268 ], [ 132.891220329300864, 34.513716323373991 ], [ 132.892611580305783, 34.513202479992678 ], [ 132.893391461760814, 34.511929788894633 ], [ 132.894063639662676, 34.511395294099799 ], [ 132.894003563347638, 34.510247083553288 ], [ 132.894406235282418, 34.509344587086694 ], [ 132.894871457144291, 34.508963879644142 ], [ 132.894896952101618, 34.508441702134583 ], [ 132.895829032660174, 34.50763548063474 ], [ 132.895835891935462, 34.50704523877468 ], [ 132.895388491409705, 34.505784970459587 ], [ 132.894893685428798, 34.505529311223874 ], [ 132.893990398755363, 34.505730220429989 ], [ 132.89383831553684, 34.505625765336887 ], [ 132.89379675290391, 34.502167200184623 ], [ 132.894636646245743, 34.501929202710834 ], [ 132.894632251954192, 34.50155989485004 ], [ 132.89508784777172, 34.501397719746592 ], [ 132.89519162911364, 34.501152283365208 ], [ 132.896617375190203, 34.501411530870463 ], [ 132.897082892946628, 34.500943342169514 ], [ 132.897959553464943, 34.499245659613862 ], [ 132.898384182310764, 34.498958434936711 ], [ 132.898281966269565, 34.498377157763414 ], [ 132.897937314966128, 34.498265126845993 ], [ 132.897545695259538, 34.497437952052003 ], [ 132.897693063077924, 34.497187888812725 ], [ 132.897464543948104, 34.496813161019489 ], [ 132.897699110745208, 34.49610435966941 ], [ 132.897342116008815, 34.495911969760776 ], [ 132.897420891424161, 34.495590056228963 ], [ 132.897923682071195, 34.495361950630972 ], [ 132.897967997460199, 34.495097995715859 ], [ 132.898286682802734, 34.495131440646801 ], [ 132.898417668781946, 34.494788368741368 ], [ 132.899007981451859, 34.494794406432071 ], [ 132.899117931358603, 34.494488365381095 ], [ 132.899883908128544, 34.494602650693089 ], [ 132.899961854868309, 34.494197073259457 ], [ 132.900540875621289, 34.494021604136229 ], [ 132.900412047408366, 34.493501483789622 ], [ 132.900585096999635, 34.493310847661547 ], [ 132.900342822608536, 34.492969031181218 ], [ 132.900439058861764, 34.492768433443317 ], [ 132.900754341770948, 34.49247200297944 ], [ 132.901195478494429, 34.492686412409817 ], [ 132.901421963664404, 34.492614196669869 ], [ 132.901348761593312, 34.49220107651319 ], [ 132.901552450258805, 34.492061527020091 ], [ 132.901132762361584, 34.491245946646615 ], [ 132.901696667784933, 34.490988442697898 ], [ 132.90135946444326, 34.490684949944907 ], [ 132.90123083925252, 34.490304562111561 ], [ 132.901424107146482, 34.489995340250765 ], [ 132.902103521471957, 34.489893633320484 ], [ 132.902093505663174, 34.489634230636966 ], [ 132.901834595253462, 34.489334353054574 ], [ 132.902334535026569, 34.488729310583928 ], [ 132.901473681130398, 34.488547014648731 ], [ 132.900625164160203, 34.488092497855085 ], [ 132.900478882252571, 34.487530648748084 ], [ 132.900597398097631, 34.486805216346021 ], [ 132.90033792006102, 34.486196440897274 ], [ 132.899586277904575, 34.486516196574435 ], [ 132.89893574435132, 34.486561653124809 ], [ 132.895869676631492, 34.485242678972426 ], [ 132.894445385830124, 34.484852101352203 ], [ 132.893831836012282, 34.484834897712929 ], [ 132.890953214975923, 34.486355027876158 ], [ 132.887036534853081, 34.486617715799646 ], [ 132.88636261475267, 34.487060884825524 ], [ 132.886088651506554, 34.487488321169295 ], [ 132.885782004104385, 34.488868746526492 ], [ 132.885206152536028, 34.489325000550295 ], [ 132.883821988465542, 34.489807565652036 ], [ 132.882980766481154, 34.489532614290624 ], [ 132.881530256661023, 34.489738186720942 ], [ 132.880840920820873, 34.489648833194821 ], [ 132.880169987154915, 34.490253960176979 ], [ 132.879874844865725, 34.490888016691663 ], [ 132.879257609426475, 34.49117672842808 ], [ 132.878794556130856, 34.491200279181733 ], [ 132.878559633104175, 34.491554087224067 ], [ 132.878085388202152, 34.491733072821503 ], [ 132.877482467772154, 34.491498105540728 ], [ 132.876933205270376, 34.491687946766739 ], [ 132.875955172389268, 34.491444730435632 ], [ 132.875715011813639, 34.490812106189743 ], [ 132.873671775525594, 34.490950174078158 ], [ 132.873003855794195, 34.491176886379598 ], [ 132.872568665261184, 34.491671294703615 ], [ 132.870524388187761, 34.491937209879403 ], [ 132.870019508652575, 34.492127040706265 ], [ 132.869821235814555, 34.492366663068367 ], [ 132.869346273549269, 34.492462646703224 ], [ 132.869032034985423, 34.492319367354881 ], [ 132.868351213562789, 34.491292173863499 ], [ 132.866758859315865, 34.491286381687772 ], [ 132.865286050431791, 34.490759119796316 ], [ 132.864625225366922, 34.490737262695966 ], [ 132.86338085483672, 34.490989891500909 ], [ 132.86287872001617, 34.491608176882558 ], [ 132.862154973354848, 34.49190261627804 ], [ 132.859438066659862, 34.491897207578312 ], [ 132.856827153233411, 34.493706543755714 ], [ 132.855940811582656, 34.494951548475193 ], [ 132.855648872708201, 34.495894440693789 ], [ 132.856215656330392, 34.498838805936025 ], [ 132.856230074883456, 34.499334983410307 ], [ 132.855900063307388, 34.500051160581805 ], [ 132.85515503990402, 34.501038718192362 ], [ 132.853503306873762, 34.5014164978504 ], [ 132.853019164573169, 34.503286206573392 ], [ 132.852120292751465, 34.505520683333451 ], [ 132.85068670502605, 34.506052432072515 ], [ 132.848594699695155, 34.507172275840084 ], [ 132.848468765875992, 34.507510063410088 ], [ 132.848547008229616, 34.508065754865534 ], [ 132.849164798742237, 34.508879035300666 ], [ 132.850139161219147, 34.511218401173515 ], [ 132.850006697657363, 34.511835560159547 ], [ 132.849184576462591, 34.512149064324319 ], [ 132.84845169730022, 34.511922838716281 ], [ 132.847415936542717, 34.512385008940804 ], [ 132.846623868568173, 34.513270669777178 ], [ 132.846011293302183, 34.514463681149287 ], [ 132.846147796324459, 34.515648865712578 ], [ 132.846519572637476, 34.516319144442299 ], [ 132.848586190815155, 34.517279875211116 ], [ 132.84827655955803, 34.518249624626947 ], [ 132.848529529954448, 34.518720109917467 ], [ 132.849096901884877, 34.519068399583205 ], [ 132.850357849389383, 34.519221651197604 ], [ 132.850583634431729, 34.519398298117572 ], [ 132.850647535769951, 34.520951390315759 ], [ 132.851724558904095, 34.522220173921319 ], [ 132.852134906565936, 34.52361623112192 ], [ 132.852701374435128, 34.523805892743148 ], [ 132.854921886880305, 34.523815939238126 ], [ 132.856567709228756, 34.524369971733805 ], [ 132.856592639399054, 34.524219669611078 ] ] ] } },
{ "type": "Feature", "properties": { "CITY_NAME": "東広島市", "S_NAME": "木谷", "JINKO": 1438, "medical_area": "34_広島中央医療圏", "町丁目名": "東広島市木谷" }, "geometry": { "type": "Polygon", "coordinates": [ [ [ 132.853332525573649, 34.317833407473017 ], [ 132.852318923021699, 34.316239586550772 ], [ 132.851503362466588, 34.315881852941629 ], [ 132.850897777961677, 34.315269525304409 ], [ 132.850868113986934, 34.314753847701937 ], [ 132.851925495630951, 34.314268290246943 ], [ 132.851502023867283, 34.313290248596836 ], [ 132.851945057974575, 34.312159731414546 ], [ 132.851842750857088, 34.310701529102495 ], [ 132.851579196102136, 34.30939552096978 ], [ 132.851113436790655, 34.308946662780663 ], [ 132.851040227247125, 34.308632808591213 ], [ 132.851150089383736, 34.30784745112458 ], [ 132.851974200795013, 34.307670847507595 ], [ 132.852596550826036, 34.306987701609394 ], [ 132.852985397202218, 34.306793809161988 ], [ 132.852971437844985, 34.306643164286562 ], [ 132.853537094921563, 34.306436305345429 ], [ 132.853499249149792, 34.305900958872165 ], [ 132.853782957771898, 34.304929953088411 ], [ 132.854096067032714, 34.304437571211835 ], [ 132.854090348947665, 34.303736672503803 ], [ 132.854359976391606, 34.303382016183754 ], [ 132.854289719140496, 34.30278064669438 ], [ 132.854489959835718, 34.30232200057965 ], [ 132.854386962520948, 34.301218358554557 ], [ 132.854541662620647, 34.300260047331058 ], [ 132.854301764433671, 34.299961076065756 ], [ 132.853814444934528, 34.299995647403705 ], [ 132.853348060072051, 34.298886153422266 ], [ 132.853330736783448, 34.297931343070566 ], [ 132.853916323675435, 34.297246987642851 ], [ 132.854030826005186, 34.296245093815358 ], [ 132.85228266817964, 34.296194462128057 ], [ 132.852253849593467, 34.295989949923538 ], [ 132.851884996160635, 34.295781143051308 ], [ 132.851856559893633, 34.295623535853139 ], [ 132.85218153794807, 34.295247586046685 ], [ 132.852528858284188, 34.295214088505823 ], [ 132.852437006620505, 34.29487103811514 ], [ 132.852886787917811, 34.293814726824152 ], [ 132.852822963475774, 34.293312908661498 ], [ 132.851255525904065, 34.292905147838688 ], [ 132.850721669043963, 34.292171559447524 ], [ 132.849903427488869, 34.292260925284872 ], [ 132.849338850080898, 34.292557912468695 ], [ 132.848348717451472, 34.292751900711259 ], [ 132.848129901896499, 34.292556615320223 ], [ 132.84828049732738, 34.292374486630095 ], [ 132.848012768679041, 34.292442744977635 ], [ 132.847339682655416, 34.291949665236693 ], [ 132.847348088868273, 34.291776639076296 ], [ 132.846956196661552, 34.2916688035071 ], [ 132.846697821447862, 34.291823497972558 ], [ 132.846778752347689, 34.292025890663759 ], [ 132.84655884770936, 34.292774389922606 ], [ 132.847052965747167, 34.294109557291627 ], [ 132.846892108108307, 34.29463516510129 ], [ 132.846262253528863, 34.295465390273129 ], [ 132.846752529848487, 34.296591261025078 ], [ 132.846782285646412, 34.297045519258738 ], [ 132.846382149072582, 34.297808685777355 ], [ 132.846141806731936, 34.298719573048842 ], [ 132.846031657097285, 34.299205176802907 ], [ 132.846146187724571, 34.299664317571214 ], [ 132.845997123758451, 34.299501180946223 ], [ 132.845612228264258, 34.299729543372841 ], [ 132.844881202350564, 34.299598370192371 ], [ 132.843855283038749, 34.298860296735739 ], [ 132.843762689060185, 34.298557954063696 ], [ 132.843928849230821, 34.298419973862849 ], [ 132.843714478660729, 34.298504129446144 ], [ 132.842587292919461, 34.298279487403754 ], [ 132.842469967712645, 34.298549747807371 ], [ 132.841525870280151, 34.299210397052192 ], [ 132.841614505318688, 34.299294566282605 ], [ 132.841095272186749, 34.299976250752096 ], [ 132.839225082662495, 34.300706078053899 ], [ 132.838456385150465, 34.301572949633908 ], [ 132.838274902419244, 34.302384473445919 ], [ 132.838395469295961, 34.30265793187003 ], [ 132.838218699333282, 34.302691300681118 ], [ 132.838047491555216, 34.303018621029857 ], [ 132.836911653381492, 34.302805809347916 ], [ 132.83685839089776, 34.303072051318225 ], [ 132.835432093428238, 34.303903771070139 ], [ 132.834817445955878, 34.304613986320014 ], [ 132.834820557015917, 34.305285608444294 ], [ 132.834484921027865, 34.30611501739363 ], [ 132.834471746920286, 34.306643329470106 ], [ 132.8350199250728, 34.307959383166342 ], [ 132.835702101963903, 34.310415834071698 ], [ 132.836449742363243, 34.311122112027824 ], [ 132.836459971118131, 34.311592680525322 ], [ 132.83627111526161, 34.311613578108812 ], [ 132.836444714681619, 34.31185688533742 ], [ 132.836213512836309, 34.312023246204518 ], [ 132.835922537533975, 34.31190933253518 ], [ 132.836843859803764, 34.312321801473843 ], [ 132.837432290794766, 34.312813426396225 ], [ 132.836780831747006, 34.312321160763503 ], [ 132.836857090560471, 34.312619234261007 ], [ 132.83665186270062, 34.31235891629008 ], [ 132.836184438602345, 34.312193710013169 ], [ 132.835725995197066, 34.313014785668081 ], [ 132.835849827757158, 34.313152998762213 ], [ 132.835695172320044, 34.313104261951054 ], [ 132.837163335793065, 34.31369657354 ], [ 132.835921855314098, 34.313330233889459 ], [ 132.835350469022558, 34.312926689458045 ], [ 132.835601873813772, 34.313257188781968 ], [ 132.835506493937203, 34.313559724251625 ], [ 132.836187602515707, 34.313681219564408 ], [ 132.835084404459451, 34.313492588762557 ], [ 132.834009847525522, 34.312524806082031 ], [ 132.834856117008655, 34.311966586878512 ], [ 132.834048553223965, 34.312471348087655 ], [ 132.833562207436245, 34.311973652106772 ], [ 132.832004036939594, 34.3130459773176 ], [ 132.832862062221267, 34.314112268168707 ], [ 132.83446177735226, 34.315673190119185 ], [ 132.834551432014905, 34.315884560159006 ], [ 132.834349761096348, 34.316073152006034 ], [ 132.83460348118814, 34.316555916380416 ], [ 132.833548414997665, 34.315449130555749 ], [ 132.832508480763295, 34.315152785937478 ], [ 132.832559619734326, 34.315023616632125 ], [ 132.833008375526958, 34.315027510415931 ], [ 132.832364816625415, 34.314980446712426 ], [ 132.832535712906122, 34.315021915610515 ], [ 132.832440369360199, 34.315191049356969 ], [ 132.832164467401981, 34.315062675290392 ], [ 132.83193645506006, 34.314393261095773 ], [ 132.831504238704667, 34.314005278060286 ], [ 132.830208369589911, 34.314732556719228 ], [ 132.829672385445178, 34.31551444378718 ], [ 132.829447032530197, 34.315461573859473 ], [ 132.829630441313327, 34.315572285263364 ], [ 132.828504216141567, 34.31577052622027 ], [ 132.828503623628848, 34.316105786211132 ], [ 132.827651101157983, 34.316294366572379 ], [ 132.825457448284993, 34.316121816089876 ], [ 132.825484379356539, 34.316656954810419 ], [ 132.824167470359697, 34.318007606710424 ], [ 132.824118552842805, 34.31930522826913 ], [ 132.824533987887321, 34.319838700168631 ], [ 132.825522701485966, 34.320224839135548 ], [ 132.826414923136042, 34.320829551881886 ], [ 132.826700075337669, 34.321455144577151 ], [ 132.826720304244674, 34.321870727746713 ], [ 132.825794453605567, 34.324025045510702 ], [ 132.825557912795233, 34.325503715151143 ], [ 132.829049961123047, 34.325719236792324 ], [ 132.829331916078388, 34.326435416288184 ], [ 132.830362369070656, 34.32759604271925 ], [ 132.831353547023582, 34.3283482263721 ], [ 132.8322932337054, 34.328662169784039 ], [ 132.833386849062123, 34.329448711689103 ], [ 132.834468571670641, 34.331007807783287 ], [ 132.834448343174586, 34.333001571846168 ], [ 132.835484280993995, 34.334077456263962 ], [ 132.835839882482702, 34.334972670658331 ], [ 132.835568399069558, 34.335592131437288 ], [ 132.83464615656959, 34.335975969705494 ], [ 132.83409634736924, 34.336905580241606 ], [ 132.842393577257354, 34.337331772645854 ], [ 132.856528141360712, 34.338937871979311 ], [ 132.857089051414334, 34.337253211333689 ], [ 132.856474182898808, 34.336398274300528 ], [ 132.856576253630095, 34.33557337012283 ], [ 132.855780627242297, 34.335090065676042 ], [ 132.856216143648595, 34.333725039630316 ], [ 132.856792464137925, 34.332815329917473 ], [ 132.85582987634848, 34.331785293881161 ], [ 132.85568510094393, 34.331198574918176 ], [ 132.855088871768572, 34.330715402428567 ], [ 132.855122094084123, 34.330283611997118 ], [ 132.854825698294064, 34.32999214861217 ], [ 132.854741012279959, 34.329489606536868 ], [ 132.853957145387795, 34.328878313797787 ], [ 132.853177417778426, 34.327385334318606 ], [ 132.853358737179434, 34.326396869084668 ], [ 132.853178570291647, 34.325797526466644 ], [ 132.852688960429134, 34.325208092411856 ], [ 132.85259749604819, 34.324564864443076 ], [ 132.852809829318801, 34.324088683113516 ], [ 132.852557885017973, 34.323181393839214 ], [ 132.852595324984719, 34.321877217511528 ], [ 132.852201204413404, 34.321209766989199 ], [ 132.853121941206609, 34.319908946030004 ], [ 132.853436526369023, 34.318281896512673 ], [ 132.853332525573649, 34.317833407473017 ] ] ] } },
{ "type": "Feature", "properties": { "CITY_NAME": "東広島市", "S_NAME": "木谷", "JINKO": 0, "medical_area": "34_広島中央医療圏", "町丁目名": "東広島市木谷" }, "geometry": { "type": "Polygon", "coordinates": [ [ [ 132.850762410183194, 34.286196735768257 ], [ 132.85037049907055, 34.286214281707927 ], [ 132.850538139939346, 34.28667781128032 ], [ 132.851424482316759, 34.287359848013708 ], [ 132.851651237687605, 34.287729049924408 ], [ 132.852331586583546, 34.28791639411407 ], [ 132.852383620485824, 34.287370682369136 ], [ 132.851585729881066, 34.287018199611538 ], [ 132.850762410183194, 34.286196735768257 ] ] ] } },
{ "type": "Feature", "properties": { "CITY_NAME": "東広島市", "S_NAME": "木谷", "JINKO": 0, "medical_area": "34_広島中央医療圏", "町丁目名": "東広島市木谷" }, "geometry": { "type": "Polygon", "coordinates": [ [ [ 132.836202159442081, 34.30018526816739 ], [ 132.835212017144727, 34.29929465161927 ], [ 132.834876938437077, 34.299371280564692 ], [ 132.835199770058267, 34.300079046751428 ], [ 132.836052842880832, 34.300260884472934 ], [ 132.836404676481209, 34.300653939666432 ], [ 132.836202159442081, 34.30018526816739 ] ] ] } },
{ "type": "Feature", "properties": { "CITY_NAME": "東広島市", "S_NAME": "木谷", "JINKO": 0, "medical_area": "34_広島中央医療圏", "町丁目名": "東広島市木谷" }, "geometry": { "type": "Polygon", "coordinates": [ [ [ 132.841170069659086, 34.293973512656677 ], [ 132.840634422702834, 34.293408503597966 ], [ 132.840244783078163, 34.293582925148705 ], [ 132.841170069659086, 34.293973512656677 ] ] ] } },
{ "type": "Feature", "properties": { "CITY_NAME": "東広島市", "S_NAME": "三津", "JINKO": 2955, "medical_area": "34_広島中央医療圏", "町丁目名": "東広島市三津" }, "geometry": { "type": "Polygon", "coordinates": [ [ [ 132.805291548510354, 34.3743601810298 ], [ 132.807441755155736, 34.374287970439262 ], [ 132.808353174646015, 34.373921044592663 ], [ 132.809254445255647, 34.374177063925544 ], [ 132.809566300492293, 34.374109505193928 ], [ 132.811049604669222, 34.372838583388962 ], [ 132.812055818610361, 34.372541693265156 ], [ 132.811879545090648, 34.371288789364954 ], [ 132.812294828887445, 34.370633269991529 ], [ 132.812411904492876, 34.370078915191918 ], [ 132.812190818765572, 34.369538463367469 ], [ 132.812740180870918, 34.36911184945631 ], [ 132.813392452974171, 34.369161226970569 ], [ 132.814150721977228, 34.369446829001397 ], [ 132.815529926594792, 34.369534039600552 ], [ 132.817984094926942, 34.368716107732055 ], [ 132.819145859370565, 34.367944890594153 ], [ 132.820018939478047, 34.367866136003464 ], [ 132.821214856611277, 34.366761291154134 ], [ 132.821824580739417, 34.366545604523068 ], [ 132.823860740771778, 34.366344780318748 ], [ 132.824604441409321, 34.365394591847675 ], [ 132.825273479370907, 34.365552694228633 ], [ 132.825879113770213, 34.365276993744835 ], [ 132.825578851780989, 34.364645573470945 ], [ 132.825658464006096, 34.364486672561718 ], [ 132.826162825292755, 34.363958665353998 ], [ 132.827952652661025, 34.362821217584234 ], [ 132.828872573882222, 34.362629158566868 ], [ 132.829001553383165, 34.363294042937795 ], [ 132.829570606760996, 34.36382834849401 ], [ 132.830153838886872, 34.364140292421332 ], [ 132.83077671315209, 34.364034212224894 ], [ 132.831544917913789, 34.364182443770879 ], [ 132.833335983120179, 34.363209434740298 ], [ 132.833853664444945, 34.362514535043978 ], [ 132.834959165524992, 34.362399874457282 ], [ 132.836017086897726, 34.361844275290146 ], [ 132.836239752825435, 34.361798397583101 ], [ 132.83781536340021, 34.362554917058567 ], [ 132.838375118513284, 34.362225590178973 ], [ 132.839770516481252, 34.360817694662337 ], [ 132.841024152159605, 34.360230544589285 ], [ 132.841317354941168, 34.359814497283153 ], [ 132.843025049405298, 34.35916480040099 ], [ 132.844664440993, 34.359323321537246 ], [ 132.844925190805782, 34.358987597715021 ], [ 132.845718638481031, 34.358623549012741 ], [ 132.847614239369875, 34.358186149610283 ], [ 132.847670200473743, 34.356923820924891 ], [ 132.848675022436225, 34.355729304996217 ], [ 132.849163925903838, 34.354831372047684 ], [ 132.849658949850408, 34.354836774933617 ], [ 132.850262501366387, 34.355082448535491 ], [ 132.851258749514159, 34.355709776452159 ], [ 132.852959092957946, 34.355982807173817 ], [ 132.853398447051291, 34.356372504369006 ], [ 132.854029670637885, 34.356467839145154 ], [ 132.854259904963556, 34.35621326854011 ], [ 132.854479429387851, 34.355432346415746 ], [ 132.854518966837361, 34.354741747710626 ], [ 132.854308682303923, 34.354282586368491 ], [ 132.854568933936037, 34.353747666480409 ], [ 132.854620069495638, 34.353162227981393 ], [ 132.855394867345723, 34.351892901986524 ], [ 132.856144950666248, 34.351553130642408 ], [ 132.859266182246927, 34.351544485302881 ], [ 132.859027641549403, 34.350785870552109 ], [ 132.858732436119595, 34.350462708989021 ], [ 132.858547014268026, 34.349889311796112 ], [ 132.858122272929563, 34.349509974236476 ], [ 132.857829734879488, 34.348724759320653 ], [ 132.856960003147861, 34.348636852321569 ], [ 132.856414150615507, 34.348176072501104 ], [ 132.856467332669212, 34.347578082419567 ], [ 132.85698172165641, 34.347350493419597 ], [ 132.857666222059549, 34.34741071023582 ], [ 132.858109409342973, 34.34689446400477 ], [ 132.85900228323743, 34.346653871187087 ], [ 132.859269033871357, 34.346192711587314 ], [ 132.858835302506492, 34.344682426675114 ], [ 132.858272314867378, 34.344645758121551 ], [ 132.857315826680519, 34.343518361780866 ], [ 132.857228572256105, 34.343223325879386 ], [ 132.856741609369521, 34.342971685403143 ], [ 132.85682386072412, 34.341282695016901 ], [ 132.857076089402398, 34.340492009869692 ], [ 132.8564592084781, 34.339053206507572 ], [ 132.856528141360712, 34.338937871979311 ], [ 132.842393577257354, 34.337331772645854 ], [ 132.834096347369183, 34.336905580241606 ], [ 132.83464615656959, 34.335975969705494 ], [ 132.83556839906953, 34.335592131437245 ], [ 132.835839882482702, 34.33497267065831 ], [ 132.835484280993995, 34.334077456263962 ], [ 132.834448343174586, 34.333001571846168 ], [ 132.834530968932626, 34.331296520555249 ], [ 132.834127673072203, 34.330441424010267 ], [ 132.833386849062123, 34.329448711689103 ], [ 132.8322932337054, 34.328662169784039 ], [ 132.831353547023582, 34.3283482263721 ], [ 132.830362369070656, 34.32759604271925 ], [ 132.829331916078388, 34.326435416288184 ], [ 132.829049961123047, 34.325719236792324 ], [ 132.82567861900182, 34.32557293341155 ], [ 132.825508855065095, 34.325374525088442 ], [ 132.825794453605567, 34.324025045510702 ], [ 132.826720304244674, 34.321870727746713 ], [ 132.826700075337669, 34.321455144577151 ], [ 132.826612501957783, 34.321117399173517 ], [ 132.826111611391553, 34.320595098259702 ], [ 132.824533987887321, 34.319838700168631 ], [ 132.824141990687281, 34.319496818259644 ], [ 132.824167470359697, 34.318007606710424 ], [ 132.825484379356539, 34.316656954810419 ], [ 132.825457448284993, 34.316121816089876 ], [ 132.825257195809684, 34.316108949486825 ], [ 132.825186891173104, 34.315595455672756 ], [ 132.824583277800514, 34.315652797440819 ], [ 132.824653514038062, 34.316163615535665 ], [ 132.824133901731443, 34.315988781370685 ], [ 132.823482553539151, 34.316059052731887 ], [ 132.823353466865001, 34.315669270713052 ], [ 132.823641002175975, 34.315619972343548 ], [ 132.823584039430443, 34.315417434023516 ], [ 132.823951150961165, 34.315264877536073 ], [ 132.824682789777171, 34.315319541201582 ], [ 132.824694854850293, 34.315196079228201 ], [ 132.82396971122526, 34.315135886460659 ], [ 132.823570048218954, 34.31529397186403 ], [ 132.823505093793187, 34.315187967859757 ], [ 132.823272837167167, 34.315359661185646 ], [ 132.823163915315831, 34.315046542157091 ], [ 132.823777999252002, 34.314236372788834 ], [ 132.825673570687087, 34.314337028791975 ], [ 132.823763458248976, 34.31418404946055 ], [ 132.823102511129349, 34.314971086401599 ], [ 132.822973145704395, 34.314823028382705 ], [ 132.823043999601339, 34.314994784575674 ], [ 132.821527686035637, 34.315465512066801 ], [ 132.821761035219879, 34.316078570603466 ], [ 132.819883532527143, 34.316969886925222 ], [ 132.819566603469156, 34.316451395783425 ], [ 132.820244914445766, 34.315933900276129 ], [ 132.819987765292865, 34.315838810778779 ], [ 132.819086189312571, 34.316568425914127 ], [ 132.819074534737609, 34.316746117854386 ], [ 132.818664079061847, 34.316921428785889 ], [ 132.818367998233811, 34.316849053115114 ], [ 132.818551256624175, 34.316519017656411 ], [ 132.81823366479432, 34.316474788823982 ], [ 132.818326094678667, 34.316627556656407 ], [ 132.818202150868132, 34.316900366671803 ], [ 132.81693033726998, 34.316822475323903 ], [ 132.817058514376015, 34.316536825940929 ], [ 132.816952020738398, 34.316530207582019 ], [ 132.816980752398763, 34.315468079126582 ], [ 132.819034576052843, 34.314812546820583 ], [ 132.816982666257161, 34.31543567071715 ], [ 132.81671384170906, 34.315231437925377 ], [ 132.816373389485904, 34.315326217335297 ], [ 132.814763534844616, 34.315085005434511 ], [ 132.814490057777249, 34.31583204965866 ], [ 132.815192435507328, 34.317307683469309 ], [ 132.814727162167941, 34.317276764950066 ], [ 132.814399181840258, 34.316731245232688 ], [ 132.814044377346505, 34.317074860043462 ], [ 132.813668301536495, 34.316914574466161 ], [ 132.81350668993619, 34.316384371410898 ], [ 132.813935128241525, 34.315443666081272 ], [ 132.813513152624978, 34.315954419318871 ], [ 132.813266711211014, 34.315840213697562 ], [ 132.813476121139956, 34.315520048148294 ], [ 132.813372376150852, 34.31545115063409 ], [ 132.8113164326885, 34.314677248862779 ], [ 132.810516648095643, 34.316440012720541 ], [ 132.810867341406833, 34.316423375639182 ], [ 132.809758122091154, 34.317512601178343 ], [ 132.809872121728063, 34.317795983602046 ], [ 132.808097852226297, 34.317702905421129 ], [ 132.807818001306003, 34.31844757604847 ], [ 132.807806948801243, 34.319924315707659 ], [ 132.807216076037122, 34.321239306656601 ], [ 132.807589174685859, 34.322220454308649 ], [ 132.807310259290801, 34.323658472933438 ], [ 132.807421565869731, 34.324125001968028 ], [ 132.807161229374486, 34.324817456489363 ], [ 132.806352149781532, 34.325550818400579 ], [ 132.805638985822185, 34.325952779275561 ], [ 132.802647725677787, 34.327273786722678 ], [ 132.801025350177042, 34.328750322013555 ], [ 132.799818803995322, 34.329453303127998 ], [ 132.798247712897108, 34.330824735022155 ], [ 132.796402842383884, 34.33188737390595 ], [ 132.794546799182939, 34.334639867024315 ], [ 132.793771672750154, 34.334649763267777 ], [ 132.79151606062743, 34.335457063542059 ], [ 132.788027389185373, 34.336039149668323 ], [ 132.778488694027402, 34.33606804080906 ], [ 132.772149285202403, 34.335795986445092 ], [ 132.770632696048523, 34.3369651745165 ], [ 132.769859546180044, 34.338365792326861 ], [ 132.769908838726536, 34.339778552201494 ], [ 132.77033336747823, 34.34164417327024 ], [ 132.768813225399811, 34.342642493475445 ], [ 132.767314226596966, 34.344162729442154 ], [ 132.764303063509999, 34.344406643255105 ], [ 132.764308995935096, 34.345092900636189 ], [ 132.763805427195535, 34.346114224630277 ], [ 132.764047724424699, 34.34647914519288 ], [ 132.7638500664807, 34.34774844458245 ], [ 132.763475115194097, 34.348029889647876 ], [ 132.76352660902586, 34.348292911358385 ], [ 132.764477787011231, 34.349555191796888 ], [ 132.766160552927602, 34.350478904154997 ], [ 132.766582935505227, 34.350794337819565 ], [ 132.766708049598037, 34.351108553282415 ], [ 132.767960429882919, 34.351207058710465 ], [ 132.769965925030931, 34.352763846011442 ], [ 132.770294212088999, 34.353655429977366 ], [ 132.770207516573379, 34.354006180697333 ], [ 132.770343357019584, 34.354699675340434 ], [ 132.770769797421082, 34.355255095842608 ], [ 132.770644978520409, 34.356097925415412 ], [ 132.770144165542717, 34.356511576655286 ], [ 132.770152953901174, 34.356907917137548 ], [ 132.770673190902528, 34.357543727840948 ], [ 132.771089821486413, 34.358941406058506 ], [ 132.771596652616012, 34.359912526705784 ], [ 132.772374598566557, 34.360523946663875 ], [ 132.773717109163186, 34.360482777745368 ], [ 132.774143324592131, 34.360724069659305 ], [ 132.775273575196508, 34.362052410635833 ], [ 132.776654599646804, 34.36184973007272 ], [ 132.778388900373528, 34.363584641429426 ], [ 132.779929306808242, 34.364286144773907 ], [ 132.78069740911755, 34.36507630508455 ], [ 132.781423989832263, 34.365483106716354 ], [ 132.781507110015639, 34.365698906850952 ], [ 132.781375029659671, 34.366033972451071 ], [ 132.781581328141954, 34.366646088424986 ], [ 132.7825285282442, 34.36767322846201 ], [ 132.783336179199381, 34.368287363966431 ], [ 132.783780415767296, 34.369100956380642 ], [ 132.784357182662575, 34.369622717650387 ], [ 132.784686747596595, 34.369777392052214 ], [ 132.785794407602623, 34.369764628670858 ], [ 132.786185615555524, 34.37035668983355 ], [ 132.787703348732208, 34.371396679420648 ], [ 132.789085813601361, 34.370823830652839 ], [ 132.790120218983787, 34.370805496229359 ], [ 132.791218896761876, 34.371138006912297 ], [ 132.792208581580752, 34.370987888817247 ], [ 132.793531014030521, 34.370372339517026 ], [ 132.794194778477049, 34.37027331020554 ], [ 132.794512040345211, 34.369867411467197 ], [ 132.79518157890908, 34.370012466168127 ], [ 132.795734482099277, 34.370517883730997 ], [ 132.796314700994941, 34.369891169937674 ], [ 132.796529854911171, 34.36992641145234 ], [ 132.796697554973974, 34.370004719813565 ], [ 132.796623820737437, 34.370518125577092 ], [ 132.795874153467651, 34.371366726474541 ], [ 132.795998390694507, 34.371753751113374 ], [ 132.795898378510941, 34.372212918472371 ], [ 132.796162046927066, 34.373143670666281 ], [ 132.796764138849625, 34.373312159222344 ], [ 132.797333226788425, 34.373847061206028 ], [ 132.797925446414069, 34.373758230001265 ], [ 132.798150131725237, 34.373207702969907 ], [ 132.798802949739269, 34.372712723984179 ], [ 132.797842205415947, 34.371686685770477 ], [ 132.798191026729256, 34.371503317055698 ], [ 132.79941550464261, 34.371627304864717 ], [ 132.800145581920219, 34.371349696318241 ], [ 132.800576606266361, 34.371519042269853 ], [ 132.800801640800586, 34.372073870465648 ], [ 132.80121694463071, 34.372269777541021 ], [ 132.802237927739668, 34.373364780148826 ], [ 132.803877016982142, 34.373582221064311 ], [ 132.805291548510354, 34.3743601810298 ] ] ] } },
{ "type": "Feature", "properties": { "CITY_NAME": "東広島市", "S_NAME": "風早", "JINKO": 0, "medical_area": "34_広島中央医療圏", "町丁目名": "東広島市風早" }, "geometry": { "type": "Polygon", "coordinates": [ [ [ 132.806221574510289, 34.281556034814351 ], [ 132.805837348483436, 34.281014450695466 ], [ 132.805153004398278, 34.280420343680248 ], [ 132.80504646575767, 34.279543740959781 ], [ 132.805489568563161, 34.280265323982441 ], [ 132.806304366438752, 34.280584766151179 ], [ 132.806706188857817, 34.280867488215179 ], [ 132.806637060773653, 34.281060834793131 ], [ 132.807051626111729, 34.280875538949076 ], [ 132.808636459906779, 34.280913283054964 ], [ 132.809153124631621, 34.281584885434832 ], [ 132.8096452473429, 34.280036166602265 ], [ 132.809900092373624, 34.279841840728942 ], [ 132.810436558152702, 34.279839016899238 ], [ 132.810666305858149, 34.27948620873758 ], [ 132.810924004553698, 34.277965763500319 ], [ 132.811137166047899, 34.277575286497374 ], [ 132.811164724327512, 34.276778966449136 ], [ 132.811295108441726, 34.276787294640243 ], [ 132.811178714516615, 34.276616615038307 ], [ 132.81121858071009, 34.275865447477926 ], [ 132.809382260351725, 34.274594076791885 ], [ 132.808493052895699, 34.273337431354257 ], [ 132.806275529862603, 34.272198733580559 ], [ 132.805703149997044, 34.271324547125793 ], [ 132.804746941666849, 34.27053067996394 ], [ 132.803141897126636, 34.268516034080122 ], [ 132.802546881038268, 34.268379385417852 ], [ 132.801965751200555, 34.268497773908521 ], [ 132.80117515270112, 34.268925607731404 ], [ 132.800453464148944, 34.269560438784715 ], [ 132.800332195173127, 34.269465417541312 ], [ 132.800424306653724, 34.269586651043845 ], [ 132.799597792364068, 34.27028963671706 ], [ 132.799257472751123, 34.270381552517939 ], [ 132.798931916647007, 34.270264342373004 ], [ 132.79861475508028, 34.270401214712713 ], [ 132.798949449457808, 34.270283127591874 ], [ 132.799253323334824, 34.270405098443632 ], [ 132.799361736099797, 34.270381013386952 ], [ 132.799320939309609, 34.270585905555407 ], [ 132.798869391077602, 34.270762212890965 ], [ 132.798524507938936, 34.270675669575944 ], [ 132.79785761336251, 34.27094507221998 ], [ 132.796754707130702, 34.270713664829337 ], [ 132.795928635016679, 34.270754811907814 ], [ 132.791427972053611, 34.271715424619671 ], [ 132.790374410607512, 34.272573735452447 ], [ 132.789719659324021, 34.273613844532164 ], [ 132.790097574633307, 34.273170165946354 ], [ 132.790230397020792, 34.273216400878972 ], [ 132.790335322136286, 34.273453792652788 ], [ 132.790183523011109, 34.273778277091608 ], [ 132.790441159532662, 34.274547795723684 ], [ 132.791502922546925, 34.275816264932722 ], [ 132.792542858836896, 34.276632231252684 ], [ 132.794035499252118, 34.277133152289736 ], [ 132.794494934267021, 34.277718648522502 ], [ 132.794782128774102, 34.277495314314187 ], [ 132.794946837046155, 34.277589135809535 ], [ 132.795434154673188, 34.27740182443479 ], [ 132.795687600592004, 34.277891876079316 ], [ 132.795181004072646, 34.277826850979075 ], [ 132.795758265048676, 34.277901515507445 ], [ 132.795808077134041, 34.27817524995033 ], [ 132.795896598826857, 34.278099149979454 ], [ 132.797157740766522, 34.278714744375733 ], [ 132.797824046211275, 34.27878878653771 ], [ 132.798060367744824, 34.279166204021131 ], [ 132.799453258888349, 34.279534112920182 ], [ 132.799784616524107, 34.279843421224072 ], [ 132.80044439909625, 34.279912121181724 ], [ 132.800805537093794, 34.279701064187321 ], [ 132.800958532716265, 34.279827328349548 ], [ 132.800696392160177, 34.280064072470722 ], [ 132.800795655809111, 34.280119338987774 ], [ 132.801018324499523, 34.279835187878945 ], [ 132.801339779653347, 34.28026526446007 ], [ 132.801996014790006, 34.280589219428421 ], [ 132.802366593514961, 34.280617858285105 ], [ 132.802933658121418, 34.280350786754973 ], [ 132.803360809743111, 34.280393637341291 ], [ 132.804413399068068, 34.281281504956347 ], [ 132.804076623113957, 34.281414969504233 ], [ 132.804023138736369, 34.281523431858204 ], [ 132.804435365427423, 34.281313929272592 ], [ 132.804607092406513, 34.281761965648158 ], [ 132.805305746959164, 34.282233449876308 ], [ 132.80595134426062, 34.282151612874642 ], [ 132.806222563873121, 34.281826488623409 ], [ 132.806221574510289, 34.281556034814351 ] ] ] } },
{ "type": "Feature", "properties": { "CITY_NAME": "東広島市", "S_NAME": "風早", "JINKO": 3721, "medical_area": "34_広島中央医療圏", "町丁目名": "東広島市風早" }, "geometry": { "type": "Polygon", "coordinates": [ [ [ 132.793771672750154, 34.334649763267777 ], [ 132.794546799182939, 34.334639867024315 ], [ 132.79474479267472, 34.334485587792521 ], [ 132.796402842383884, 34.33188737390595 ], [ 132.798247712897108, 34.330824735022155 ], [ 132.799818803995322, 34.329453303127998 ], [ 132.801025350177042, 34.328750322013555 ], [ 132.802326961554627, 34.327495206096671 ], [ 132.804487855775989, 34.326372797550135 ], [ 132.805638985822156, 34.325952779275561 ], [ 132.806352149781532, 34.325550818400579 ], [ 132.807161229374486, 34.324817456489363 ], [ 132.80742156586976, 34.324125001968021 ], [ 132.807310259290801, 34.323658472933438 ], [ 132.807589174685859, 34.322220454308649 ], [ 132.807216076037065, 34.321239306656601 ], [ 132.807806948801243, 34.319924315707659 ], [ 132.807818001306003, 34.318447576048428 ], [ 132.808097852226268, 34.317702905421129 ], [ 132.809872121728063, 34.317795983602046 ], [ 132.809758122091154, 34.317512601178343 ], [ 132.810867341406833, 34.316423375639182 ], [ 132.810516648095643, 34.316440012720541 ], [ 132.81167456132647, 34.313723057428277 ], [ 132.811825293174309, 34.313612026145186 ], [ 132.81208347066331, 34.31370264796432 ], [ 132.81345822524699, 34.311483111274427 ], [ 132.813237999395881, 34.311387783171497 ], [ 132.812615867662032, 34.312432339480885 ], [ 132.810177008236792, 34.311604938290635 ], [ 132.809322111688772, 34.313192470061033 ], [ 132.809242828010866, 34.313197394468077 ], [ 132.810015177334463, 34.311753697839478 ], [ 132.804655060124759, 34.309802915360102 ], [ 132.80195950167635, 34.308920763704911 ], [ 132.80157587729164, 34.309047139101118 ], [ 132.800822639289748, 34.308713957316201 ], [ 132.801137326351977, 34.308952076984561 ], [ 132.800591005149016, 34.310271996741086 ], [ 132.800943956416177, 34.310400043651441 ], [ 132.80092237824951, 34.3105669395324 ], [ 132.800490846388669, 34.310972191147002 ], [ 132.800274231067249, 34.311350127205792 ], [ 132.800447537999986, 34.311421351939302 ], [ 132.800367417884559, 34.311602919973893 ], [ 132.800141782423452, 34.311938644422305 ], [ 132.799952178567708, 34.311867503334042 ], [ 132.799764557936584, 34.312202044832034 ], [ 132.799870344421237, 34.3122564346519 ], [ 132.799371243608306, 34.312923481938732 ], [ 132.799284201695883, 34.312618254299132 ], [ 132.798276227883463, 34.312360328267118 ], [ 132.798284000300754, 34.312242101115473 ], [ 132.797930609919462, 34.312203356765529 ], [ 132.79741725748562, 34.311840036228382 ], [ 132.79716872767338, 34.312021625981039 ], [ 132.797039675652712, 34.31190325935713 ], [ 132.797258581807512, 34.311687592150619 ], [ 132.79681600362548, 34.311776364627498 ], [ 132.796751956851097, 34.311497216782115 ], [ 132.797410717833685, 34.311396484172739 ], [ 132.796946080937403, 34.311446632173045 ], [ 132.797280155703163, 34.311229528203228 ], [ 132.797177228610678, 34.311120042356762 ], [ 132.79739522606576, 34.31092508835291 ], [ 132.796631237032329, 34.310897469906465 ], [ 132.796110234257782, 34.311105673914092 ], [ 132.796627121668934, 34.310636044773744 ], [ 132.795914268234583, 34.31090918863179 ], [ 132.798418394040482, 34.309292533896709 ], [ 132.79980289990965, 34.307900532178294 ], [ 132.796236032927368, 34.306123171717324 ], [ 132.796405734856421, 34.305428959409788 ], [ 132.796697399211951, 34.30549690933762 ], [ 132.796416530909482, 34.305419888614317 ], [ 132.797650412323179, 34.305385657828644 ], [ 132.797727384067429, 34.304493583320777 ], [ 132.796743539048066, 34.30440130189092 ], [ 132.796785490260078, 34.304052162659666 ], [ 132.796639068293587, 34.303651728408049 ], [ 132.796506547335383, 34.303652407854891 ], [ 132.796395148866708, 34.302696509978382 ], [ 132.796238982318783, 34.302445727454376 ], [ 132.796096845079518, 34.302465331947452 ], [ 132.79659832547182, 34.302264425997464 ], [ 132.796087125324618, 34.30145299517465 ], [ 132.795736113175451, 34.301584669313705 ], [ 132.795442898509862, 34.301158790285584 ], [ 132.795311805271751, 34.300769975026014 ], [ 132.795497078651096, 34.300702397656103 ], [ 132.795199624606482, 34.300584045992096 ], [ 132.795434227018859, 34.300434093395509 ], [ 132.795316049219934, 34.300172268687135 ], [ 132.795124633712334, 34.300144372471728 ], [ 132.795227201301742, 34.299763516308715 ], [ 132.795368334289407, 34.299751946791588 ], [ 132.795195863109001, 34.299640983567201 ], [ 132.795306282768138, 34.299300515942228 ], [ 132.79498621433487, 34.298475567669037 ], [ 132.793451830433213, 34.298943188406795 ], [ 132.791739551164568, 34.299187862346997 ], [ 132.791490794344327, 34.299466627778983 ], [ 132.790856231550833, 34.299711435803871 ], [ 132.789980526069627, 34.300709386964122 ], [ 132.788888643972399, 34.301121876421526 ], [ 132.786763408902715, 34.301174035992943 ], [ 132.786093598086836, 34.301049088902595 ], [ 132.786903006628449, 34.300722994296137 ], [ 132.787044508510121, 34.300363504196845 ], [ 132.786529382222568, 34.30014171112947 ], [ 132.786742383874781, 34.299707061564831 ], [ 132.786551073929502, 34.299416443283704 ], [ 132.785776119282218, 34.299383025504333 ], [ 132.78610232557395, 34.298797084413046 ], [ 132.786004799713595, 34.298443024842719 ], [ 132.785224960506525, 34.29823439670237 ], [ 132.784583002853736, 34.298381315825971 ], [ 132.784210921566256, 34.29812330391853 ], [ 132.784027393345383, 34.297683049833616 ], [ 132.783523401406683, 34.297559520844793 ], [ 132.781182612225564, 34.297401983935679 ], [ 132.779860461677458, 34.298314509240832 ], [ 132.779601578238413, 34.297953365985286 ], [ 132.779586801715482, 34.297228837505003 ], [ 132.779329527123309, 34.297088275110703 ], [ 132.779715685104946, 34.296676852226845 ], [ 132.779750278620213, 34.296211968799916 ], [ 132.77942726327106, 34.296174144295932 ], [ 132.778966055462206, 34.296704269997313 ], [ 132.778310714642458, 34.296644439824497 ], [ 132.777691594933543, 34.296998002552385 ], [ 132.77728628847197, 34.29738599401373 ], [ 132.77716563693491, 34.297764676107484 ], [ 132.776843571684338, 34.297853055519937 ], [ 132.776989524607956, 34.298348591109402 ], [ 132.776067908161707, 34.298219226295856 ], [ 132.775860123437781, 34.298361970860391 ], [ 132.775141548629364, 34.299401469835445 ], [ 132.774641522339181, 34.299821482040436 ], [ 132.774139368249109, 34.301265452076251 ], [ 132.774762673893434, 34.30280228684525 ], [ 132.774720567967762, 34.303365678071216 ], [ 132.776423685928364, 34.304498226803368 ], [ 132.776943416164642, 34.305016003176078 ], [ 132.777723144893343, 34.306258800530898 ], [ 132.77916337605788, 34.309411719458495 ], [ 132.779633264128364, 34.31115487870764 ], [ 132.779865406014295, 34.311346986343409 ], [ 132.776425708351923, 34.313435130301649 ], [ 132.775409289666811, 34.314558843581686 ], [ 132.774720164927572, 34.315671342099748 ], [ 132.774711209640884, 34.316566185698861 ], [ 132.775382311951716, 34.317224495850297 ], [ 132.775697729734816, 34.318232809135282 ], [ 132.776436903732701, 34.31924547700185 ], [ 132.777131579059954, 34.321028461124818 ], [ 132.777148835750864, 34.321284044908765 ], [ 132.776573817602639, 34.322197752111826 ], [ 132.775898099208234, 34.326244069584405 ], [ 132.77681879724625, 34.32997855857009 ], [ 132.774489238034135, 34.331961249513121 ], [ 132.774188166761036, 34.333248254380202 ], [ 132.773158280666735, 34.335212473211122 ], [ 132.772149285202431, 34.335795986445092 ], [ 132.778488694027402, 34.33606804080906 ], [ 132.788027389185373, 34.336039149668323 ], [ 132.79151606062743, 34.335457063542059 ], [ 132.793771672750154, 34.334649763267777 ] ] ] } },
{ "type": "Feature", "properties": { "CITY_NAME": "東広島市", "S_NAME": "風早", "JINKO": 0, "medical_area": "34_広島中央医療圏", "町丁目名": "東広島市風早" }, "geometry": { "type": "Polygon", "coordinates": [ [ [ 132.805333770635627, 34.295556881734548 ], [ 132.805342025560748, 34.295066490894492 ], [ 132.805051337268964, 34.294977854407023 ], [ 132.804986706453747, 34.294763657087991 ], [ 132.805351809726659, 34.293634846388933 ], [ 132.806282883267755, 34.292797763399435 ], [ 132.806269951389879, 34.292524696373945 ], [ 132.806069349274964, 34.292424746173488 ], [ 132.80549688827108, 34.292419706109492 ], [ 132.804166417624117, 34.2935886254525 ], [ 132.802722308215181, 34.294384126664681 ], [ 132.802055347488903, 34.294526482320592 ], [ 132.802244383100202, 34.295253905087726 ], [ 132.802727840145138, 34.294977272656688 ], [ 132.802825740968899, 34.295136362665453 ], [ 132.803052276858523, 34.295073909299589 ], [ 132.80321186991614, 34.295350722175336 ], [ 132.803496180540435, 34.29531402789523 ], [ 132.803540698976093, 34.295596087491553 ], [ 132.803709780522041, 34.295550131188726 ], [ 132.803605359796251, 34.296247527627983 ], [ 132.804118419888567, 34.296581098846787 ], [ 132.804408192912177, 34.296548035931011 ], [ 132.805105344386959, 34.296087298439467 ], [ 132.805333770635627, 34.295556881734548 ] ] ] } },
{ "type": "Feature", "properties": { "CITY_NAME": "東広島市", "S_NAME": "風早", "JINKO": 0, "medical_area": "34_広島中央医療圏", "町丁目名": "東広島市風早" }, "geometry": { "type": "Polygon", "coordinates": [ [ [ 132.818148049404869, 34.289347218629821 ], [ 132.81770292727353, 34.288812334380907 ], [ 132.816958101615398, 34.288420470744882 ], [ 132.816681870692264, 34.288097389155382 ], [ 132.817024651706816, 34.288181211329153 ], [ 132.816708655880433, 34.287762835546118 ], [ 132.815855260659362, 34.287380558116226 ], [ 132.815559303466529, 34.287454251885848 ], [ 132.814900750231203, 34.287266594126891 ], [ 132.814629141765266, 34.287113083844254 ], [ 132.814605282019329, 34.286834580888119 ], [ 132.813969533353486, 34.287639465391017 ], [ 132.813984427166076, 34.288021549722259 ], [ 132.813672156419244, 34.288663288323171 ], [ 132.814187342364818, 34.289275431421174 ], [ 132.81557613655383, 34.28978827820103 ], [ 132.816080037538541, 34.290480625270575 ], [ 132.817238159538078, 34.291222737729498 ], [ 132.817696043898394, 34.291155362794917 ], [ 132.81810193143707, 34.29055199331016 ], [ 132.818148049404869, 34.289347218629821 ] ] ] } },
{ "type": "Feature", "properties": { "CITY_NAME": "東広島市", "S_NAME": "風早", "JINKO": 0, "medical_area": "34_広島中央医療圏", "町丁目名": "東広島市風早" }, "geometry": { "type": "Polygon", "coordinates": [ [ [ 132.798492364017022, 34.263631967955341 ], [ 132.798133301237954, 34.263681574108233 ], [ 132.79802493104981, 34.264146437166183 ], [ 132.798135613686469, 34.264567769909604 ], [ 132.79797853628105, 34.265778503348749 ], [ 132.798248581102257, 34.266896033646312 ], [ 132.799433332710521, 34.265452771418573 ], [ 132.800148800998471, 34.264134625657974 ], [ 132.798492364017022, 34.263631967955341 ] ] ] } },
{ "type": "Feature", "properties": { "CITY_NAME": "東広島市", "S_NAME": "大田", "JINKO": 225, "medical_area": "34_広島中央医療圏", "町丁目名": "東広島市大田" }, "geometry": { "type": "Polygon", "coordinates": [ [ [ 132.762896525622978, 34.343817928681339 ], [ 132.763892879085859, 34.343991267744315 ], [ 132.764257924829991, 34.344184159661246 ], [ 132.764303063509999, 34.344406643255105 ], [ 132.765417589413886, 34.344234559900926 ], [ 132.767159299505238, 34.344227722920031 ], [ 132.768813225399811, 34.342642493475445 ], [ 132.77033336747823, 34.34164417327024 ], [ 132.769908838726536, 34.339778552201494 ], [ 132.769859546180044, 34.338365792326861 ], [ 132.77016791549454, 34.337682068000937 ], [ 132.770632696048523, 34.3369651745165 ], [ 132.773158280666735, 34.335212473211108 ], [ 132.774188166761036, 34.333248254380202 ], [ 132.774489238034135, 34.331961249513121 ], [ 132.77681879724625, 34.32997855857009 ], [ 132.775898099208234, 34.326244069584405 ], [ 132.776573817602639, 34.322197752111826 ], [ 132.777148835750864, 34.321284044908765 ], [ 132.777131579059954, 34.321028461124818 ], [ 132.776436903732701, 34.31924547700185 ], [ 132.775697729734816, 34.318232809135282 ], [ 132.775382311951716, 34.317224495850297 ], [ 132.774711209640884, 34.316566185698861 ], [ 132.774638956531589, 34.31615760265553 ], [ 132.774966857540079, 34.315161996757979 ], [ 132.776425708351923, 34.313435130301649 ], [ 132.779865406014295, 34.311346986343409 ], [ 132.779633264128364, 34.31115487870764 ], [ 132.778730938294672, 34.308324399783437 ], [ 132.776943416164642, 34.305016003176043 ], [ 132.776062086760902, 34.304169412814296 ], [ 132.775245917350446, 34.303758904382661 ], [ 132.774562160758052, 34.303166717542318 ], [ 132.772638291347704, 34.302431105938965 ], [ 132.769919343945134, 34.302146454764866 ], [ 132.76906362798303, 34.302306604814646 ], [ 132.766818887329805, 34.30345455554825 ], [ 132.766237814322892, 34.303443595073141 ], [ 132.76364449301974, 34.300802193395484 ], [ 132.761953901767669, 34.299561071516258 ], [ 132.761017292029862, 34.301077961762708 ], [ 132.7592462044407, 34.30283835523322 ], [ 132.758959612151301, 34.303590705169171 ], [ 132.75758918556096, 34.304253619581779 ], [ 132.756209198321272, 34.305707398923424 ], [ 132.75583399460902, 34.306452983857966 ], [ 132.75580460751479, 34.30748878517268 ], [ 132.755468941543398, 34.308039074764842 ], [ 132.755944946632752, 34.308520953984662 ], [ 132.756222009145347, 34.309811099248513 ], [ 132.754540364354284, 34.310812703574811 ], [ 132.754577574964088, 34.311024531662 ], [ 132.755105876815236, 34.311189633455413 ], [ 132.756224756326077, 34.311224271591549 ], [ 132.756760876457747, 34.31148709066958 ], [ 132.757076531335997, 34.311393584663008 ], [ 132.757128108193655, 34.311747055822238 ], [ 132.756644890347587, 34.312021392258494 ], [ 132.756590022779733, 34.312483699166997 ], [ 132.756750040575668, 34.312874257752817 ], [ 132.756467532118421, 34.313235249803192 ], [ 132.756474865827727, 34.313646685437028 ], [ 132.755812183104354, 34.314326732150178 ], [ 132.756498037797826, 34.31657730797167 ], [ 132.756535179669726, 34.317542348458041 ], [ 132.756190972907831, 34.318405541704486 ], [ 132.756254877236557, 34.319240856134996 ], [ 132.755736066237006, 34.320441408227722 ], [ 132.754545342583015, 34.321649677370488 ], [ 132.754457703523798, 34.323050574822702 ], [ 132.753970974877745, 34.323605233140334 ], [ 132.753873992802568, 34.325201977389398 ], [ 132.754170091177684, 34.325632031338664 ], [ 132.754251322695694, 34.326263139083046 ], [ 132.754508585990095, 34.326754231391448 ], [ 132.754806120545084, 34.32867152739302 ], [ 132.754529837772736, 34.329678913384186 ], [ 132.753794660839617, 34.33087471953008 ], [ 132.75338706341725, 34.331248133064243 ], [ 132.753381211344532, 34.331822611210633 ], [ 132.753741784194744, 34.332778774407956 ], [ 132.752746210450283, 34.332911860459603 ], [ 132.752663460232867, 34.333093127259659 ], [ 132.752000656395523, 34.333263075109507 ], [ 132.751344543718858, 34.333246904863188 ], [ 132.750214629535606, 34.332820105481019 ], [ 132.749758899274042, 34.333026385006143 ], [ 132.750687920811799, 34.334100861124504 ], [ 132.75214414359786, 34.33468724954654 ], [ 132.752593192506367, 34.334447745914041 ], [ 132.753276022833376, 34.334568024822929 ], [ 132.7534894481538, 34.334820702525271 ], [ 132.753488145484823, 34.335194565807541 ], [ 132.753110130502961, 34.335789699320308 ], [ 132.753456562717474, 34.336005822092979 ], [ 132.754029182504695, 34.336891237000074 ], [ 132.755205010878456, 34.339106740975112 ], [ 132.756846090959016, 34.339059132976189 ], [ 132.757234301361876, 34.339265742439615 ], [ 132.758048304220836, 34.33937155144374 ], [ 132.758207370849448, 34.341066779278087 ], [ 132.758673505152387, 34.341533465404581 ], [ 132.758283873674316, 34.342310094133239 ], [ 132.758555285440025, 34.342821526540781 ], [ 132.759877316325372, 34.343469162910345 ], [ 132.76108597162343, 34.34445188112992 ], [ 132.761531991191561, 34.344640304071383 ], [ 132.762224682643591, 34.344414937297117 ], [ 132.762896525622978, 34.343817928681339 ] ] ] } },
{ "type": "Feature", "properties": { "CITY_NAME": "東広島市", "S_NAME": "小松原", "JINKO": 434, "medical_area": "34_広島中央医療圏", "町丁目名": "東広島市小松原" }, "geometry": { "type": "Polygon", "coordinates": [ [ [ 132.769919343945134, 34.302146454764866 ], [ 132.772638291347704, 34.302431105938965 ], [ 132.774343860781556, 34.303036096420534 ], [ 132.774720567967762, 34.303365678071216 ], [ 132.774762673893406, 34.302802286845264 ], [ 132.774139368249081, 34.301265452076237 ], [ 132.774641522339181, 34.299821482040436 ], [ 132.776067908161707, 34.298219226295856 ], [ 132.776989524607956, 34.298348591109402 ], [ 132.776843571684338, 34.297853055519937 ], [ 132.77716563693491, 34.297764676107484 ], [ 132.77728628847197, 34.29738599401373 ], [ 132.777691594933543, 34.296998002552385 ], [ 132.77831071464243, 34.296644439824497 ], [ 132.778861975795309, 34.296751978411514 ], [ 132.779635607108986, 34.296110135733784 ], [ 132.779715685104946, 34.296676852226824 ], [ 132.779329527123252, 34.297088275110688 ], [ 132.779586801715482, 34.297228837505003 ], [ 132.779601578238413, 34.297953365985272 ], [ 132.779860461677458, 34.298314509240832 ], [ 132.781182612225564, 34.297401983935679 ], [ 132.783523401406654, 34.297559520844793 ], [ 132.784027393345355, 34.29768304983358 ], [ 132.784210921566256, 34.29812330391853 ], [ 132.784583002853736, 34.298381315825971 ], [ 132.785224960506497, 34.298234396702334 ], [ 132.786004799713595, 34.298443024842676 ], [ 132.78610232557395, 34.298797084413017 ], [ 132.785776119282218, 34.299383025504333 ], [ 132.786551073929502, 34.299416443283704 ], [ 132.786742383874781, 34.299707061564831 ], [ 132.786529382222568, 34.30014171112947 ], [ 132.787044508510121, 34.300363504196845 ], [ 132.786903006628449, 34.300722994296137 ], [ 132.786093598086836, 34.301049088902595 ], [ 132.786763408902715, 34.301174035992943 ], [ 132.788888643972399, 34.301121876421526 ], [ 132.789980526069627, 34.300709386964122 ], [ 132.790856231550833, 34.299711435803871 ], [ 132.791490794344327, 34.299466627778983 ], [ 132.791739551164568, 34.299187862346997 ], [ 132.793451830433213, 34.298943188406795 ], [ 132.794570422762632, 34.298562495256846 ], [ 132.794780943633981, 34.298335894430906 ], [ 132.795847866648955, 34.298072651194964 ], [ 132.795142894387027, 34.296035150088471 ], [ 132.794119261345713, 34.296273940609879 ], [ 132.793857476009691, 34.297588829630065 ], [ 132.793596318787621, 34.297676654353168 ], [ 132.793518174298441, 34.296954000818083 ], [ 132.793951321583364, 34.295750084407665 ], [ 132.793522968718804, 34.294528030921342 ], [ 132.792872409051625, 34.293956210739076 ], [ 132.79208916697246, 34.293800607843224 ], [ 132.79183281968858, 34.293511595913223 ], [ 132.791851769246193, 34.293137367435513 ], [ 132.790851618265009, 34.292727759311298 ], [ 132.790488721388613, 34.292276167097569 ], [ 132.790560251543184, 34.292109021619034 ], [ 132.790387297611829, 34.291780845027347 ], [ 132.790513309823694, 34.291780204375478 ], [ 132.790328228142386, 34.291722546289087 ], [ 132.790230082951012, 34.29123439246937 ], [ 132.791365943308904, 34.291041969487985 ], [ 132.79113262183327, 34.289901885695983 ], [ 132.790055436062062, 34.290085837636759 ], [ 132.790154850280516, 34.289282976613549 ], [ 132.78980620343583, 34.287961337938611 ], [ 132.790013537392753, 34.287655598581338 ], [ 132.788374111280547, 34.28627373484742 ], [ 132.787581851817123, 34.286058702802002 ], [ 132.787292468464386, 34.286290901810325 ], [ 132.787166887258081, 34.284280279443443 ], [ 132.787589166011514, 34.283365767503973 ], [ 132.787999301557079, 34.283458353594384 ], [ 132.788008765704546, 34.283418581507561 ], [ 132.787592309710561, 34.28335490617544 ], [ 132.787550043796443, 34.282921539709427 ], [ 132.788632988590535, 34.279549693514944 ], [ 132.788486646655599, 34.279000500907628 ], [ 132.788517335146196, 34.278007811445733 ], [ 132.787501662554718, 34.278564574809998 ], [ 132.786909490287371, 34.279415003720402 ], [ 132.786123486003135, 34.279603782080763 ], [ 132.78595773191239, 34.279510942102128 ], [ 132.785211511023732, 34.277132806486996 ], [ 132.785392866498626, 34.277126540076324 ], [ 132.785380592237971, 34.277084200465346 ], [ 132.785238462159896, 34.277105624444999 ], [ 132.785149015147766, 34.276756301767982 ], [ 132.784467502555572, 34.277122184525808 ], [ 132.784246828823825, 34.27775479989721 ], [ 132.784585654093775, 34.278765352949655 ], [ 132.783918022676374, 34.278996351101277 ], [ 132.783114050358307, 34.278881083117454 ], [ 132.78207645941842, 34.280306487644289 ], [ 132.781461155250014, 34.280548055042402 ], [ 132.780968327759012, 34.281243013176372 ], [ 132.780919815902394, 34.281758116538505 ], [ 132.781187228007582, 34.282386862726824 ], [ 132.780942067690546, 34.28346542107316 ], [ 132.781044275378832, 34.284047524267756 ], [ 132.780860032837751, 34.284526821947495 ], [ 132.78137108321755, 34.285430865545116 ], [ 132.781093094168938, 34.286040510482643 ], [ 132.780075051751567, 34.286425515394207 ], [ 132.778427987150138, 34.286573757486245 ], [ 132.777985579646412, 34.286846561560232 ], [ 132.777551880616386, 34.287548396063649 ], [ 132.776973077487725, 34.287630724338236 ], [ 132.776543512094662, 34.287891345334486 ], [ 132.775655608546572, 34.287919985084621 ], [ 132.775089995331086, 34.288272418535016 ], [ 132.774023423819983, 34.287747912324591 ], [ 132.772997534256262, 34.287887090588427 ], [ 132.772052918058819, 34.287298292224342 ], [ 132.771600117735659, 34.287220660485154 ], [ 132.771195863864534, 34.286848658515304 ], [ 132.769955057950568, 34.286843788584122 ], [ 132.769774755435833, 34.286970751773765 ], [ 132.769720035341351, 34.287766484817013 ], [ 132.768575288580166, 34.287721967310532 ], [ 132.76784926898614, 34.288384076293326 ], [ 132.766659116722622, 34.290519077265131 ], [ 132.765326149264837, 34.290442628420386 ], [ 132.763972834146841, 34.291343720981416 ], [ 132.763280586695885, 34.292020563338127 ], [ 132.762974963301417, 34.292655799421908 ], [ 132.7627873714423, 34.293709388116028 ], [ 132.762349633051059, 34.294204681290687 ], [ 132.761073618928378, 34.29462980380432 ], [ 132.759258091545803, 34.296072604401431 ], [ 132.759847477361433, 34.297000746790012 ], [ 132.760523987272961, 34.297536710298914 ], [ 132.760906538844921, 34.298068883287442 ], [ 132.761127615793185, 34.298856382526417 ], [ 132.76364449301974, 34.300802193395484 ], [ 132.766237814322892, 34.303443595073141 ], [ 132.766818887329805, 34.30345455554825 ], [ 132.76906362798303, 34.302306604814646 ], [ 132.769919343945134, 34.302146454764866 ] ] ] } },
{ "type": "Feature", "properties": { "CITY_NAME": "東広島市", "S_NAME": "八本松西一丁目", "JINKO": 330, "medical_area": "34_広島中央医療圏", "町丁目名": "東広島市八本松西一丁目" }, "geometry": { "type": "Polygon", "coordinates": [ [ [ 132.68515332882626, 34.444818475017726 ], [ 132.681916000107293, 34.444816385073459 ], [ 132.678515620094515, 34.445204909844925 ], [ 132.677590450127781, 34.44550768829567 ], [ 132.677068622783139, 34.445849774106705 ], [ 132.677204516110947, 34.446267164168979 ], [ 132.677103436659308, 34.446572989079513 ], [ 132.676847686289307, 34.44671148110951 ], [ 132.677157586854378, 34.447028439450378 ], [ 132.677252646868993, 34.447805182765507 ], [ 132.677072833331238, 34.448120574629215 ], [ 132.677197231666838, 34.448508345712419 ], [ 132.679745691859239, 34.446893277579228 ], [ 132.683812634806316, 34.44525297916001 ], [ 132.685156164095758, 34.444933031966272 ], [ 132.68515332882626, 34.444818475017726 ] ] ] } },
{ "type": "Feature", "properties": { "CITY_NAME": "東広島市", "S_NAME": "八本松西二丁目", "JINKO": 721, "medical_area": "34_広島中央医療圏", "町丁目名": "東広島市八本松西二丁目" }, "geometry": { "type": "Polygon", "coordinates": [ [ [ 132.684195721852689, 34.441537541245978 ], [ 132.684107355420707, 34.441265438382331 ], [ 132.68387988691191, 34.4412582840989 ], [ 132.682911185321785, 34.441395790799646 ], [ 132.682004762762546, 34.441752108909519 ], [ 132.681973784505146, 34.442048051645003 ], [ 132.682668188988686, 34.443865043668168 ], [ 132.682701061842096, 34.444765189663237 ], [ 132.685719005738235, 34.444835699337645 ], [ 132.685915503003315, 34.444214907420374 ], [ 132.685090076790715, 34.443298825709697 ], [ 132.684503360549343, 34.441641602610794 ], [ 132.684195721852689, 34.441537541245978 ] ] ] } },
{ "type": "Feature", "properties": { "CITY_NAME": "東広島市", "S_NAME": "八本松西三丁目", "JINKO": 333, "medical_area": "34_広島中央医療圏", "町丁目名": "東広島市八本松西三丁目" }, "geometry": { "type": "Polygon", "coordinates": [ [ [ 132.682668188988686, 34.443865043668204 ], [ 132.681607697035759, 34.441238986993731 ], [ 132.683011399156811, 34.44088238596251 ], [ 132.683303476358276, 34.440425872273863 ], [ 132.683068742406533, 34.440122134892547 ], [ 132.683011216510351, 34.44067593176932 ], [ 132.682739348586267, 34.440349811086364 ], [ 132.68221715756772, 34.440369134015164 ], [ 132.681734335153266, 34.440597452028079 ], [ 132.681605244356717, 34.440485299280752 ], [ 132.681355496145301, 34.440925403054095 ], [ 132.681632741440296, 34.441847017574119 ], [ 132.68092349490604, 34.441989246905855 ], [ 132.680791470317729, 34.442348394472802 ], [ 132.679889773197431, 34.442350588734705 ], [ 132.678835550881473, 34.442610233977156 ], [ 132.678937131387727, 34.444228907024431 ], [ 132.679145508931612, 34.444493995684091 ], [ 132.679176412635172, 34.44511937243194 ], [ 132.682701061842096, 34.444765189663237 ], [ 132.682668188988686, 34.443865043668204 ] ] ] } },
{ "type": "Feature", "properties": { "CITY_NAME": "東広島市", "S_NAME": "八本松西四丁目", "JINKO": 221, "medical_area": "34_広島中央医療圏", "町丁目名": "東広島市八本松西四丁目" }, "geometry": { "type": "Polygon", "coordinates": [ [ [ 132.678937131387727, 34.444228907024431 ], [ 132.678835550881473, 34.442610233977156 ], [ 132.678324836806127, 34.442783005094839 ], [ 132.677711349513601, 34.443258534909326 ], [ 132.676498793832394, 34.443205879125479 ], [ 132.676769645896258, 34.443724951246509 ], [ 132.6764855193328, 34.445137972104028 ], [ 132.677068622783139, 34.445849774106705 ], [ 132.678049334942529, 34.445328001182901 ], [ 132.679176412635172, 34.44511937243194 ], [ 132.679145508931612, 34.444493995684091 ], [ 132.678937131387727, 34.444228907024431 ] ] ] } },
{ "type": "Feature", "properties": { "CITY_NAME": "東広島市", "S_NAME": "八本松西五丁目", "JINKO": 397, "medical_area": "34_広島中央医療圏", "町丁目名": "東広島市八本松西五丁目" }, "geometry": { "type": "Polygon", "coordinates": [ [ [ 132.676764528812072, 34.443778166307951 ], [ 132.676498793832394, 34.443205879125479 ], [ 132.67594538932957, 34.443284809959756 ], [ 132.675643162703096, 34.442077975307271 ], [ 132.675056283338819, 34.442198513139765 ], [ 132.675093286091879, 34.442558081094134 ], [ 132.674288548068432, 34.442825267596469 ], [ 132.673124775995518, 34.442188014029988 ], [ 132.672972209592587, 34.442340560195753 ], [ 132.67333507707076, 34.443091718542696 ], [ 132.673220385853654, 34.443252815018027 ], [ 132.672794101060504, 34.443299652280899 ], [ 132.673246021496823, 34.44382235566988 ], [ 132.673200651180537, 34.444308624560755 ], [ 132.673842968618089, 34.444534965876613 ], [ 132.673630214054583, 34.443723541671531 ], [ 132.674223472826498, 34.44393565976943 ], [ 132.674221488295501, 34.444506353434583 ], [ 132.67387733104934, 34.444998227083893 ], [ 132.674295178173537, 34.445712333267707 ], [ 132.674363814230162, 34.446443212061205 ], [ 132.674138605668333, 34.446811076795349 ], [ 132.674146188848198, 34.447147266337964 ], [ 132.675546902899697, 34.446919230219684 ], [ 132.677068622783139, 34.445849774106705 ], [ 132.6764855193328, 34.445137972104028 ], [ 132.676764528812072, 34.443778166307951 ] ] ] } },
{ "type": "Feature", "properties": { "CITY_NAME": "東広島市", "S_NAME": "八本松西六丁目", "JINKO": 216, "medical_area": "34_広島中央医療圏", "町丁目名": "東広島市八本松西六丁目" }, "geometry": { "type": "Polygon", "coordinates": [ [ [ 132.671292803366214, 34.451490538145578 ], [ 132.672443944588906, 34.451228210602338 ], [ 132.672168804796769, 34.45093842732485 ], [ 132.672170229260274, 34.450453385484217 ], [ 132.671892155693058, 34.449999243418404 ], [ 132.671854462090977, 34.449448080037655 ], [ 132.672007253361414, 34.449252195783686 ], [ 132.672512264721462, 34.449605413566054 ], [ 132.673620431750351, 34.44983704009524 ], [ 132.674079943641743, 34.449700806869892 ], [ 132.674461974994273, 34.450067959405445 ], [ 132.674327683171839, 34.450355211641195 ], [ 132.674451047946889, 34.450591637070886 ], [ 132.677197231666838, 34.448508345712419 ], [ 132.677072833331238, 34.448120574629215 ], [ 132.677252646868993, 34.447805182765507 ], [ 132.677157586854378, 34.447028439450378 ], [ 132.676844613434127, 34.446743048283601 ], [ 132.677103436659308, 34.446572989079513 ], [ 132.677204516110947, 34.446267164168979 ], [ 132.677068622783139, 34.445849774106705 ], [ 132.675546902899697, 34.446919230219684 ], [ 132.674146188848198, 34.447147266337964 ], [ 132.673823901941688, 34.448214299259909 ], [ 132.673943837588439, 34.448790798856862 ], [ 132.67360426870593, 34.449144713479882 ], [ 132.673307716405276, 34.44923429077874 ], [ 132.672150751839837, 34.448999273692671 ], [ 132.671678596843464, 34.449054387449372 ], [ 132.671447824321632, 34.44868299205018 ], [ 132.671355749776552, 34.449086642424952 ], [ 132.670801169009252, 34.449186012710264 ], [ 132.67125803343589, 34.450108280439345 ], [ 132.67108139681892, 34.450902328492703 ], [ 132.670529481738612, 34.451218940107545 ], [ 132.670144216665449, 34.451157857464182 ], [ 132.669872993544629, 34.451305042904671 ], [ 132.669081876810111, 34.451025024436674 ], [ 132.668925289178901, 34.451116292219304 ], [ 132.669226216173655, 34.451449758663358 ], [ 132.669600511374369, 34.451547103825405 ], [ 132.671292803366214, 34.451490538145578 ] ] ] } },
{ "type": "Feature", "properties": { "CITY_NAME": "東広島市", "S_NAME": "八本松西七丁目", "JINKO": 9, "medical_area": "34_広島中央医療圏", "町丁目名": "東広島市八本松西七丁目" }, "geometry": { "type": "Polygon", "coordinates": [ [ [ 132.673832326100325, 34.448527104542784 ], [ 132.674138605668333, 34.446811076795349 ], [ 132.674365799417899, 34.446411649377204 ], [ 132.674286152633982, 34.445679387116634 ], [ 132.673943386351084, 34.445124171838472 ], [ 132.673676747930017, 34.446377535894058 ], [ 132.672805959387006, 34.445982645019825 ], [ 132.672793867649489, 34.445782550142042 ], [ 132.672513011220389, 34.445766577516082 ], [ 132.672499209444453, 34.446003745140992 ], [ 132.672217537652273, 34.446018450115098 ], [ 132.669879116183239, 34.445876570401765 ], [ 132.668927331916507, 34.446124789828119 ], [ 132.668359548974081, 34.446714025601445 ], [ 132.669153602436296, 34.446828525294869 ], [ 132.668244722228508, 34.448255255556063 ], [ 132.668332506286845, 34.448557821154495 ], [ 132.672080952020394, 34.44846401419391 ], [ 132.673522595549969, 34.448776313976289 ], [ 132.673937970370787, 34.448720501875393 ], [ 132.673832326100325, 34.448527104542784 ] ] ] } },
{ "type": "Feature", "properties": { "CITY_NAME": "大崎上島町", "S_NAME": "中野", "JINKO": 49, "medical_area": "34_広島中央医療圏", "町丁目名": "大崎上島町中野" }, "geometry": { "type": "Polygon", "coordinates": [ [ [ 132.900679765216125, 34.238054464781385 ], [ 132.901412222086009, 34.23799399812075 ], [ 132.902203959614582, 34.236987972559419 ], [ 132.903609028779698, 34.2363567390573 ], [ 132.90578063601987, 34.236153868138459 ], [ 132.906183048804422, 34.23593224305305 ], [ 132.906790619667674, 34.236372574336194 ], [ 132.90730625688704, 34.23644312114331 ], [ 132.90704460892033, 34.235771081432702 ], [ 132.907675606712246, 34.235728937458006 ], [ 132.906944268291312, 34.235099895553866 ], [ 132.907506414368669, 34.234826583267434 ], [ 132.906941623096031, 34.234263583394466 ], [ 132.907726414465458, 34.234024416365465 ], [ 132.907264262728347, 34.232950575237638 ], [ 132.907878334731379, 34.233350710872486 ], [ 132.90764136949312, 34.232736842171974 ], [ 132.907207944229071, 34.232706935279573 ], [ 132.906941833769991, 34.23231820777746 ], [ 132.907282214357849, 34.231580250253302 ], [ 132.907652440878877, 34.231501368269953 ], [ 132.907741143199274, 34.230832977193174 ], [ 132.908632276811716, 34.23024957346928 ], [ 132.90937945051374, 34.230579863712428 ], [ 132.909663517293552, 34.230916919465436 ], [ 132.910104785135076, 34.230653068768163 ], [ 132.910908388121953, 34.230725690456993 ], [ 132.911882025766886, 34.230346642080264 ], [ 132.912481941191544, 34.230438658362615 ], [ 132.912842225486969, 34.230271942308022 ], [ 132.912688969466984, 34.229874639149152 ], [ 132.91292029523467, 34.229585304840214 ], [ 132.911825256622393, 34.229918184779109 ], [ 132.909592712813179, 34.229409217787243 ], [ 132.907880440929404, 34.227942255360198 ], [ 132.907910920911434, 34.227569218730608 ], [ 132.90676516326613, 34.22673582739845 ], [ 132.908492570571553, 34.22574438582253 ], [ 132.908486517448011, 34.225576097014581 ], [ 132.907224991421174, 34.225299659110185 ], [ 132.906142807570262, 34.225478499511162 ], [ 132.905977809137795, 34.225275959787304 ], [ 132.905974879105571, 34.224620139472805 ], [ 132.905744426604457, 34.224349820224823 ], [ 132.904838751947835, 34.223931321117959 ], [ 132.903211900244571, 34.223908760831989 ], [ 132.902122633859847, 34.22356403052104 ], [ 132.9015144919791, 34.222653936568186 ], [ 132.900796652265797, 34.222233423025919 ], [ 132.900400529550495, 34.222245384201187 ], [ 132.89937936499723, 34.222859194303631 ], [ 132.899154128145398, 34.221982983126921 ], [ 132.898916304419316, 34.221661133550576 ], [ 132.897421045485032, 34.22045375555426 ], [ 132.896706292391656, 34.220121242543321 ], [ 132.896463582360838, 34.218698864100737 ], [ 132.896130003330654, 34.218479004204717 ], [ 132.895457445284848, 34.218367098103641 ], [ 132.8947973654397, 34.218493594614287 ], [ 132.893499993489968, 34.219130013530837 ], [ 132.892451400509003, 34.218691277112391 ], [ 132.891571768626108, 34.218873580848374 ], [ 132.890296111882748, 34.218005689884329 ], [ 132.889398420492853, 34.218505594710628 ], [ 132.885427867853622, 34.218927171813718 ], [ 132.884117730795964, 34.219414215588664 ], [ 132.883241955706723, 34.219380015270204 ], [ 132.88280455141458, 34.221525643125275 ], [ 132.882122820279648, 34.222312797254531 ], [ 132.882198342854679, 34.222751421328745 ], [ 132.881873309586865, 34.224051348184311 ], [ 132.881979297099349, 34.224633473239273 ], [ 132.881712136788906, 34.225448078680586 ], [ 132.881738681807349, 34.226271680102762 ], [ 132.88142375530677, 34.226581717680617 ], [ 132.882219704263662, 34.227735945947813 ], [ 132.882322581588824, 34.228179903219846 ], [ 132.884081936453413, 34.229116216542522 ], [ 132.887589463176027, 34.230479805526492 ], [ 132.888423505536025, 34.230396272005727 ], [ 132.889831292013014, 34.231285224400224 ], [ 132.890469761441153, 34.231178186076399 ], [ 132.891360047882841, 34.230581701048152 ], [ 132.892138289546551, 34.230547493590393 ], [ 132.893665796822916, 34.230719125968477 ], [ 132.895824255976606, 34.231526068097907 ], [ 132.896745512398923, 34.231407868017541 ], [ 132.898314742442011, 34.234913163004705 ], [ 132.898370946132587, 34.23592155389909 ], [ 132.898057260915749, 34.236275875602246 ], [ 132.898121263366676, 34.236577363236485 ], [ 132.899009221216687, 34.237190010473675 ], [ 132.899128418711427, 34.237684712902457 ], [ 132.900679765216125, 34.238054464781385 ] ] ] } },
{ "type": "Feature", "properties": { "CITY_NAME": "大崎上島町", "S_NAME": "中野", "JINKO": 0, "medical_area": "34_広島中央医療圏", "町丁目名": "大崎上島町中野" }, "geometry": { "type": "Polygon", "coordinates": [ [ [ 132.911482282962282, 34.234685248980213 ], [ 132.911138510474899, 34.234350234583552 ], [ 132.910687004415792, 34.234309862411074 ], [ 132.910143096655815, 34.233548944467522 ], [ 132.908898185167601, 34.233169551445776 ], [ 132.908483836029575, 34.23349789906095 ], [ 132.909336093397087, 34.233748951862999 ], [ 132.911464460373367, 34.234876654602559 ], [ 132.911482282962282, 34.234685248980213 ] ] ] } },
{ "type": "Feature", "properties": { "CITY_NAME": "大崎上島町", "S_NAME": "中野", "JINKO": 209, "medical_area": "34_広島中央医療圏", "町丁目名": "大崎上島町中野" }, "geometry": { "type": "Polygon", "coordinates": [ [ [ 132.897626002754379, 34.249348469025669 ], [ 132.897881336434835, 34.249244254186173 ], [ 132.897890294689347, 34.248769912564008 ], [ 132.898786453399083, 34.247955009076748 ], [ 132.899146956069075, 34.248330647724835 ], [ 132.899289814250437, 34.248284715802612 ], [ 132.899232726683238, 34.248088411987325 ], [ 132.899613336865173, 34.247906811821416 ], [ 132.899981193600411, 34.247389750385203 ], [ 132.900117917558589, 34.247507114741516 ], [ 132.900339927842282, 34.246935989008975 ], [ 132.900199664919654, 34.247417316843645 ], [ 132.900551471727368, 34.247543251645688 ], [ 132.900334873818196, 34.247985455392339 ], [ 132.900569278237981, 34.248343674010954 ], [ 132.901253134245877, 34.248711872977402 ], [ 132.902686489320303, 34.246825538653042 ], [ 132.901784417938501, 34.246174820170857 ], [ 132.902205616930047, 34.246010293289494 ], [ 132.902914711485892, 34.245314242363584 ], [ 132.903652470646279, 34.245105685723026 ], [ 132.904077773179921, 34.244605308446495 ], [ 132.905521372167698, 34.244148785622912 ], [ 132.906676510821313, 34.243401416489924 ], [ 132.906830162415901, 34.242623478581493 ], [ 132.90696503456374, 34.242742396527163 ], [ 132.907043619785242, 34.243445115467452 ], [ 132.908012015309339, 34.243436992867792 ], [ 132.908849469885297, 34.243632502600029 ], [ 132.910056252917627, 34.243525300129143 ], [ 132.910175926560385, 34.243728124707921 ], [ 132.91000644008875, 34.24383057384037 ], [ 132.907918854161437, 34.243558279173953 ], [ 132.906804666615784, 34.243624756339067 ], [ 132.904409724164537, 34.24489616168831 ], [ 132.903700893434092, 34.245980583273202 ], [ 132.902788812054325, 34.246819710844377 ], [ 132.903030136378163, 34.247231553403367 ], [ 132.902910538885124, 34.24778586929876 ], [ 132.903188882519146, 34.248182134680633 ], [ 132.903651098167529, 34.248246261168262 ], [ 132.90404325533234, 34.247921318781565 ], [ 132.904559110356814, 34.248349111661426 ], [ 132.906974912880202, 34.247850927104011 ], [ 132.907417945939073, 34.247603563693332 ], [ 132.907993538292658, 34.246891104183241 ], [ 132.908907692165258, 34.246535369943459 ], [ 132.909324453658797, 34.245576931308186 ], [ 132.910001025414402, 34.244680865760493 ], [ 132.910124887176039, 34.243961564893006 ], [ 132.910762746296456, 34.242764717077357 ], [ 132.909387103108514, 34.241693475542966 ], [ 132.909166852950705, 34.241799898808026 ], [ 132.908958503005124, 34.242218405336203 ], [ 132.908708656457321, 34.242161182418137 ], [ 132.908813769088653, 34.240677239384844 ], [ 132.908591718810015, 34.240056388756315 ], [ 132.907692718261274, 34.239607978527076 ], [ 132.906048731285779, 34.239532433853917 ], [ 132.905736445823123, 34.239306826849365 ], [ 132.905597152892739, 34.239069467861647 ], [ 132.905632746863432, 34.238144901588548 ], [ 132.905094480608625, 34.237416789261808 ], [ 132.904724026143299, 34.236276896342474 ], [ 132.903125562265359, 34.236493901205833 ], [ 132.902203959614582, 34.236987972559419 ], [ 132.901412222086009, 34.23799399812075 ], [ 132.900312901340442, 34.238016663369173 ], [ 132.899128418711427, 34.237684712902457 ], [ 132.898905143144532, 34.238010179117673 ], [ 132.898310778285548, 34.238034869501689 ], [ 132.897995807107833, 34.238309467213824 ], [ 132.897782261723847, 34.239133246785244 ], [ 132.897337233910832, 34.239559907530783 ], [ 132.89791035744426, 34.241716477704557 ], [ 132.897864561952417, 34.243687711096484 ], [ 132.898092521608476, 34.243881865681132 ], [ 132.895881201704952, 34.247467228776934 ], [ 132.896898362672033, 34.250193065569739 ], [ 132.897400486320635, 34.250007085278078 ], [ 132.897745268774685, 34.249447910864262 ], [ 132.897626002754379, 34.249348469025669 ] ] ] } },
{ "type": "Feature", "properties": { "CITY_NAME": "大崎上島町", "S_NAME": "中野", "JINKO": 303, "medical_area": "34_広島中央医療圏", "町丁目名": "大崎上島町中野" }, "geometry": { "type": "Polygon", "coordinates": [ [ [ 132.894333538541275, 34.251776159849321 ], [ 132.895164423603973, 34.251569215889994 ], [ 132.895194054215722, 34.251100246185445 ], [ 132.895423529274836, 34.250770668172173 ], [ 132.895955117096065, 34.250725240957387 ], [ 132.896898362672033, 34.250193065569739 ], [ 132.895881201704952, 34.247467228776934 ], [ 132.898092521608476, 34.243881865681132 ], [ 132.897864561952417, 34.243687711096484 ], [ 132.89791035744426, 34.241716477704557 ], [ 132.897337233910832, 34.239559907530783 ], [ 132.897782261723847, 34.239133246785244 ], [ 132.898046073022527, 34.238218309363901 ], [ 132.898310778285548, 34.238034869501689 ], [ 132.89898135093668, 34.237967321797633 ], [ 132.899148853473605, 34.237517949309236 ], [ 132.899009221216687, 34.237190010473675 ], [ 132.898246396945581, 34.23671001155472 ], [ 132.897895181325907, 34.236175705416613 ], [ 132.896307790590612, 34.235778383668894 ], [ 132.894958732159921, 34.23593518561885 ], [ 132.89464261121131, 34.236322893851415 ], [ 132.894691106622446, 34.237464300619258 ], [ 132.89247771621018, 34.23787146127043 ], [ 132.89041812885128, 34.240020705499219 ], [ 132.89019555338939, 34.240689994665495 ], [ 132.890510006628887, 34.241678679437612 ], [ 132.891222057065306, 34.241885755345137 ], [ 132.891581291803078, 34.241745157046623 ], [ 132.891814192073895, 34.241915064924086 ], [ 132.891767253562847, 34.24260247197563 ], [ 132.891350112917138, 34.242646782032921 ], [ 132.891166004928635, 34.242885930614001 ], [ 132.8916312638855, 34.24317151877861 ], [ 132.8912898486046, 34.243244537485879 ], [ 132.891972810959402, 34.244517691188392 ], [ 132.888847226200454, 34.245548994168679 ], [ 132.890545073889541, 34.246962379489119 ], [ 132.889867997672809, 34.246981880125581 ], [ 132.889398724130785, 34.246774063675957 ], [ 132.888750573101362, 34.246903119672979 ], [ 132.888324815711627, 34.24716256718979 ], [ 132.887977638027195, 34.247745394159878 ], [ 132.891482950447767, 34.250146674178247 ], [ 132.891647846507368, 34.250167530193764 ], [ 132.891475442540241, 34.249815126037738 ], [ 132.89165261118535, 34.249586018439075 ], [ 132.894019981939977, 34.249847070244158 ], [ 132.893561096288778, 34.251461555563949 ], [ 132.894333538541275, 34.251776159849321 ] ] ] } },
{ "type": "Feature", "properties": { "CITY_NAME": "大崎上島町", "S_NAME": "中野", "JINKO": 223, "medical_area": "34_広島中央医療圏", "町丁目名": "大崎上島町中野" }, "geometry": { "type": "Polygon", "coordinates": [ [ [ 132.890202902160041, 34.240607264222596 ], [ 132.89041812885128, 34.240020705499219 ], [ 132.892196336525359, 34.238059916428902 ], [ 132.89247771621018, 34.23787146127043 ], [ 132.894691106622446, 34.237464300619258 ], [ 132.89464261121131, 34.236322893851415 ], [ 132.894958732159921, 34.23593518561885 ], [ 132.896307790590612, 34.235778383668894 ], [ 132.897607320718976, 34.236044030850316 ], [ 132.898052340504393, 34.23630520477942 ], [ 132.89834240287675, 34.235994551681799 ], [ 132.898247013512304, 34.234671282803227 ], [ 132.897491067489256, 34.233294360655883 ], [ 132.897409397832632, 34.23270420778497 ], [ 132.896798764529649, 34.231476431707151 ], [ 132.895824255976606, 34.231526068097907 ], [ 132.893665796822916, 34.230719125968477 ], [ 132.892138289546551, 34.230547493590393 ], [ 132.891360047882841, 34.230581701048152 ], [ 132.890469761441153, 34.231178186076399 ], [ 132.889831292013014, 34.231285224400224 ], [ 132.888423505536025, 34.230396272005727 ], [ 132.887589463176027, 34.230479805526492 ], [ 132.884081936453413, 34.229116216542522 ], [ 132.882322581588824, 34.228179903219846 ], [ 132.882430823438767, 34.230109489274653 ], [ 132.883129153104164, 34.233167308322315 ], [ 132.883147008852831, 34.23425422677623 ], [ 132.883446576180518, 34.235421199594214 ], [ 132.88260687608431, 34.237054458637608 ], [ 132.881709365928543, 34.237570883549793 ], [ 132.88174276391382, 34.238261057823905 ], [ 132.88125267056094, 34.240055547266309 ], [ 132.882742404675355, 34.23926859136283 ], [ 132.883870293151205, 34.239446248890864 ], [ 132.88449184008752, 34.23987689102303 ], [ 132.885478330469169, 34.239919136141928 ], [ 132.88546774543039, 34.240070625352828 ], [ 132.886975384784137, 34.23984341296309 ], [ 132.88717826560358, 34.240701759678871 ], [ 132.888100653781976, 34.240564471860729 ], [ 132.889243183969427, 34.240970732287792 ], [ 132.890202902160041, 34.240607264222596 ] ] ] } },
{ "type": "Feature", "properties": { "CITY_NAME": "大崎上島町", "S_NAME": "中野", "JINKO": 368, "medical_area": "34_広島中央医療圏", "町丁目名": "大崎上島町中野" }, "geometry": { "type": "Polygon", "coordinates": [ [ [ 132.883347200733454, 34.246621129973107 ], [ 132.885627877563167, 34.245654624033577 ], [ 132.885995004210486, 34.246330973089172 ], [ 132.887974493168826, 34.244780440295372 ], [ 132.888847226200454, 34.245548994168679 ], [ 132.891972810959402, 34.244517691188392 ], [ 132.8912898486046, 34.243244537485879 ], [ 132.8916312638855, 34.24317151877861 ], [ 132.891166004928635, 34.242885930614001 ], [ 132.891350112917138, 34.242646782032921 ], [ 132.891767253562847, 34.24260247197563 ], [ 132.891814192073895, 34.241915064924086 ], [ 132.891581291803078, 34.241745157046623 ], [ 132.891222057065306, 34.241885755345137 ], [ 132.890537978351432, 34.241706686347712 ], [ 132.89026842763937, 34.241168354990165 ], [ 132.890202902160041, 34.240607264222596 ], [ 132.889243183969427, 34.240970732287792 ], [ 132.888100653781976, 34.240564471860729 ], [ 132.88717826560358, 34.240701759678871 ], [ 132.886975384784137, 34.23984341296309 ], [ 132.88546774543039, 34.240070625352828 ], [ 132.885478330469169, 34.239919136141928 ], [ 132.88449184008752, 34.23987689102303 ], [ 132.88396275633994, 34.239479233931092 ], [ 132.882938456414365, 34.23928660383902 ], [ 132.88214692416804, 34.239531676607172 ], [ 132.88125267056094, 34.240055547266309 ], [ 132.881744605843039, 34.240313416493755 ], [ 132.882238907385386, 34.24107105024288 ], [ 132.883337125027623, 34.243788069779207 ], [ 132.883014168799747, 34.24392800325613 ], [ 132.883870764113226, 34.244100057332147 ], [ 132.88259348328711, 34.245306550094142 ], [ 132.882881525038613, 34.24662655801103 ], [ 132.883347200733454, 34.246621129973107 ] ] ] } },
{ "type": "Feature", "properties": { "CITY_NAME": "大崎上島町", "S_NAME": "中野", "JINKO": 463, "medical_area": "34_広島中央医療圏", "町丁目名": "大崎上島町中野" }, "geometry": { "type": "Polygon", "coordinates": [ [ [ 132.877287436591928, 34.249342055945213 ], [ 132.877275664754052, 34.248970667274541 ], [ 132.877909266273576, 34.249055451545239 ], [ 132.877607450370022, 34.248919157642369 ], [ 132.877592113217474, 34.248517221226223 ], [ 132.878885656145144, 34.248199524671861 ], [ 132.87868353045738, 34.248560464920601 ], [ 132.87894226049491, 34.248344425275761 ], [ 132.87886014039978, 34.248523376965103 ], [ 132.879236266836386, 34.248580634127592 ], [ 132.880751466017188, 34.248408688643778 ], [ 132.880820929612014, 34.248669726070929 ], [ 132.881757535262551, 34.248509170460231 ], [ 132.881428522186582, 34.247594212053009 ], [ 132.881831577770697, 34.248148128055163 ], [ 132.882180486228805, 34.248065939582759 ], [ 132.882177985678823, 34.247640405645576 ], [ 132.882463805721926, 34.247299678309261 ], [ 132.882425921777042, 34.24512905475612 ], [ 132.88225054820478, 34.244159113174192 ], [ 132.882610541659716, 34.244236456827622 ], [ 132.88267807798286, 34.244520040964183 ], [ 132.883009834797633, 34.244477533487235 ], [ 132.883350612678299, 34.244208605984888 ], [ 132.883299132850937, 34.244028603206125 ], [ 132.883014168799747, 34.24392800325613 ], [ 132.883337125027623, 34.243788069779207 ], [ 132.882238907385386, 34.24107105024288 ], [ 132.881744605843039, 34.240313416493755 ], [ 132.880650631401323, 34.239774229326088 ], [ 132.879890344127347, 34.239562569617803 ], [ 132.878819436638111, 34.239775861846141 ], [ 132.878058026948594, 34.239420234630003 ], [ 132.876407940704439, 34.239042842968992 ], [ 132.875076762604778, 34.239230703651835 ], [ 132.874304811060028, 34.239563514213927 ], [ 132.873646622820786, 34.239891297292644 ], [ 132.873076900013871, 34.240434511597115 ], [ 132.872704279347346, 34.241228454391965 ], [ 132.872413929601549, 34.241491147470313 ], [ 132.87266555359372, 34.242430106506013 ], [ 132.872751484416995, 34.243635407080582 ], [ 132.87245470707245, 34.24442905401019 ], [ 132.872057739708339, 34.244899150757156 ], [ 132.869453647650232, 34.245778044164226 ], [ 132.868218035085619, 34.245740194512997 ], [ 132.866306741786246, 34.246542925343249 ], [ 132.865436734703962, 34.24747491784926 ], [ 132.864690299618786, 34.247623138101531 ], [ 132.864256105924881, 34.247535599699255 ], [ 132.864170011850348, 34.24738001304663 ], [ 132.864099724617148, 34.247547196053397 ], [ 132.864290625156627, 34.247921229450291 ], [ 132.865061884173599, 34.248375626313411 ], [ 132.866755682783918, 34.248146067457085 ], [ 132.868149288029372, 34.248372490432551 ], [ 132.869517137007023, 34.2488920426429 ], [ 132.869730382683798, 34.248818696306124 ], [ 132.869971003605173, 34.248380917530213 ], [ 132.870843008167498, 34.248411967915047 ], [ 132.872222234192577, 34.247955095874104 ], [ 132.873425380262233, 34.248379062036449 ], [ 132.873985883506009, 34.248805883982662 ], [ 132.874598237872902, 34.248683315763387 ], [ 132.874630107739307, 34.248858085074517 ], [ 132.875573402154942, 34.248583014490187 ], [ 132.875633729191833, 34.248788185615794 ], [ 132.875602652382639, 34.248450292301868 ], [ 132.8759909898275, 34.248406629833227 ], [ 132.876038333254286, 34.248620891200254 ], [ 132.876004623005457, 34.248353304353984 ], [ 132.876242602924322, 34.248382634114748 ], [ 132.876681075985346, 34.248491798460286 ], [ 132.876848463029603, 34.24903273015979 ], [ 132.877182160238078, 34.248955996516933 ], [ 132.876954693328088, 34.249280034211225 ], [ 132.877287436591928, 34.249342055945213 ] ] ] } },
{ "type": "Feature", "properties": { "CITY_NAME": "大崎上島町", "S_NAME": "中野", "JINKO": 849, "medical_area": "34_広島中央医療圏", "町丁目名": "大崎上島町中野" }, "geometry": { "type": "Polygon", "coordinates": [ [ [ 132.887989628775188, 34.261670951343824 ], [ 132.888559866835607, 34.261186256507031 ], [ 132.889070480659029, 34.261090272118508 ], [ 132.889373812708641, 34.261138064467076 ], [ 132.889753606619706, 34.26161546053801 ], [ 132.890134455606045, 34.261581655222081 ], [ 132.890652055280583, 34.261795946964519 ], [ 132.891117187999441, 34.261718253477504 ], [ 132.891245508138866, 34.261863569143664 ], [ 132.89137776872866, 34.261340885195146 ], [ 132.891935420234034, 34.261032751181965 ], [ 132.89194493592862, 34.260747867778171 ], [ 132.891610787745549, 34.260143993549228 ], [ 132.892373160086407, 34.259277668881069 ], [ 132.892363861169713, 34.258698914860453 ], [ 132.892612334572277, 34.258049186077287 ], [ 132.894151239369108, 34.257339669445294 ], [ 132.894288195492862, 34.256852874279161 ], [ 132.893613965842263, 34.256226658540029 ], [ 132.892755724620486, 34.256039757589889 ], [ 132.891796377343155, 34.254824863284234 ], [ 132.890964007230849, 34.254616103315179 ], [ 132.890796711071545, 34.254860506464958 ], [ 132.889675822908828, 34.254300018342285 ], [ 132.889899662023453, 34.253813700868228 ], [ 132.890102727986772, 34.25382419187428 ], [ 132.890236117405777, 34.254186691475809 ], [ 132.891777871826832, 34.254566205517392 ], [ 132.891983207525954, 34.253566123636958 ], [ 132.891714879883466, 34.253047503939108 ], [ 132.891753664459117, 34.252506359403277 ], [ 132.891981037239276, 34.252433734703246 ], [ 132.892028282148345, 34.251989032226078 ], [ 132.891815294762296, 34.251968602051974 ], [ 132.89191114377337, 34.251494732850567 ], [ 132.892133658741642, 34.251488905767133 ], [ 132.892233849082317, 34.251026843540537 ], [ 132.891647846507368, 34.250167530193764 ], [ 132.890368971827542, 34.249455152171464 ], [ 132.887977638027195, 34.247745394159878 ], [ 132.888324815711627, 34.24716256718979 ], [ 132.888750573101362, 34.246903119672979 ], [ 132.889398724130785, 34.246774063675957 ], [ 132.890310939378224, 34.2470361688057 ], [ 132.890548696904176, 34.246900237338409 ], [ 132.887974493168826, 34.244780440295372 ], [ 132.885995004210486, 34.246330973089172 ], [ 132.885627877563167, 34.245654624033577 ], [ 132.882955094098264, 34.246695789677489 ], [ 132.882603285839224, 34.245562581752672 ], [ 132.882797011685568, 34.247026427510619 ], [ 132.883033024633761, 34.247464118162647 ], [ 132.882348534776099, 34.249191863793172 ], [ 132.882453392283992, 34.249275064037455 ], [ 132.882296660815115, 34.249997199793121 ], [ 132.882491972654492, 34.250105086352434 ], [ 132.881246278857589, 34.250054749437652 ], [ 132.88104801002936, 34.249978290028849 ], [ 132.880970987663176, 34.24959559103204 ], [ 132.880259411006421, 34.249407742749035 ], [ 132.879794799126529, 34.249026455943955 ], [ 132.879183619354194, 34.249157071694206 ], [ 132.878717965549811, 34.249426576173633 ], [ 132.87875329358215, 34.250016024989698 ], [ 132.878460069972618, 34.250004206879289 ], [ 132.878210487451128, 34.250662927379565 ], [ 132.877891762754928, 34.250715207731901 ], [ 132.877631006131082, 34.250308358438396 ], [ 132.877662713249322, 34.250074622445965 ], [ 132.877595261727294, 34.250313918789665 ], [ 132.877619005029743, 34.250555362601062 ], [ 132.877265344745496, 34.250457401783478 ], [ 132.877600917309195, 34.250603361252843 ], [ 132.877297179425426, 34.251661601682606 ], [ 132.877405403727295, 34.251752111677284 ], [ 132.877261032217405, 34.251881839917118 ], [ 132.877391006858318, 34.252229019117443 ], [ 132.877804092809953, 34.252553987213616 ], [ 132.877856517525515, 34.25297824485979 ], [ 132.878517770287374, 34.252988770052305 ], [ 132.878819215187235, 34.253199860900885 ], [ 132.879130520468948, 34.254198746070934 ], [ 132.879534178958011, 34.254299086334001 ], [ 132.879487876736619, 34.254421062328902 ], [ 132.879991900413074, 34.254855648867327 ], [ 132.880856593022031, 34.255200231705622 ], [ 132.880558904486548, 34.255435378945684 ], [ 132.881309070701491, 34.255175052803075 ], [ 132.881293504206155, 34.254868623947878 ], [ 132.881657208925134, 34.25499806645967 ], [ 132.881745434035366, 34.255159826280106 ], [ 132.881555192152263, 34.255512533573302 ], [ 132.881353229808099, 34.255642603254849 ], [ 132.881079773174406, 34.255533339620079 ], [ 132.88137099133894, 34.255686730800875 ], [ 132.88140988777721, 34.256184176152736 ], [ 132.881227366159862, 34.256808140930247 ], [ 132.881745906150968, 34.25701063333392 ], [ 132.882403971192474, 34.256901281122715 ], [ 132.88329890717219, 34.257697559929682 ], [ 132.883861692873666, 34.257485081333236 ], [ 132.884564566720115, 34.257787481116239 ], [ 132.884808177189115, 34.258345986442819 ], [ 132.885435876347458, 34.258873215535708 ], [ 132.885570477357675, 34.259758599152789 ], [ 132.886005115315072, 34.259676737235118 ], [ 132.886354990846172, 34.259831601566887 ], [ 132.886271309296234, 34.260205242502401 ], [ 132.886662283339831, 34.260464385066875 ], [ 132.886415330327367, 34.261308766932927 ], [ 132.88666208928035, 34.261715820029579 ], [ 132.887077803144734, 34.261701539914057 ], [ 132.887435365043075, 34.262119631110252 ], [ 132.887365953426524, 34.262514882507112 ], [ 132.887989628775188, 34.261670951343824 ] ] ] } },
{ "type": "Feature", "properties": { "CITY_NAME": "大崎上島町", "S_NAME": "中野", "JINKO": 0, "medical_area": "34_広島中央医療圏", "町丁目名": "大崎上島町中野" }, "geometry": { "type": "Polygon", "coordinates": [ [ [ 132.877653347912229, 34.261358283648526 ], [ 132.877523772718774, 34.260555971715362 ], [ 132.877098316463872, 34.260691698523154 ], [ 132.877653347912229, 34.261358283648526 ] ] ] } },
{ "type": "Feature", "properties": { "CITY_NAME": "大崎上島町", "S_NAME": "中野", "JINKO": 30, "medical_area": "34_広島中央医療圏", "町丁目名": "大崎上島町中野" }, "geometry": { "type": "Polygon", "coordinates": [ [ [ 132.870179137885174, 34.271055843655198 ], [ 132.870737591816749, 34.270313381899335 ], [ 132.870445912855246, 34.269843585951499 ], [ 132.87095727748553, 34.269444820869403 ], [ 132.870623046695016, 34.268813981138727 ], [ 132.870906394423542, 34.268549922962819 ], [ 132.87193001197798, 34.268248362024451 ], [ 132.872286086428772, 34.268364356429466 ], [ 132.872604320556746, 34.267985711183911 ], [ 132.873077768064832, 34.268115533417728 ], [ 132.873464989736192, 34.268322481590744 ], [ 132.873269613500071, 34.268723804179174 ], [ 132.873371953356184, 34.269143409958673 ], [ 132.874022666430761, 34.269434481063655 ], [ 132.874314440336462, 34.269132473256846 ], [ 132.874008506123204, 34.268780954384837 ], [ 132.874235927908842, 34.268443257305137 ], [ 132.874893345751559, 34.268238442927874 ], [ 132.87543875386595, 34.268531946298005 ], [ 132.875798889199189, 34.268527888909894 ], [ 132.876289974361129, 34.268210776195218 ], [ 132.876578529049254, 34.267698753296514 ], [ 132.876884308352174, 34.267521040825635 ], [ 132.87628215916547, 34.267461425204004 ], [ 132.875884799843732, 34.267593604717071 ], [ 132.874706487999816, 34.267193749754746 ], [ 132.874244100565136, 34.266955686939944 ], [ 132.873875443707391, 34.266370977184167 ], [ 132.873921641458764, 34.264885017980298 ], [ 132.873794940094513, 34.264534153325933 ], [ 132.874098525580365, 34.263572270359496 ], [ 132.874033205736481, 34.263293173563426 ], [ 132.874355893900628, 34.262795467231328 ], [ 132.874182648699957, 34.26272167032522 ], [ 132.874271141122648, 34.262530850992469 ], [ 132.874159815361139, 34.262719970500164 ], [ 132.874044950456863, 34.262617803507872 ], [ 132.873725532529022, 34.261943501311087 ], [ 132.873498612084916, 34.261298388011227 ], [ 132.873712039445621, 34.261110652068922 ], [ 132.87361505565093, 34.261066980431615 ], [ 132.87417330228979, 34.260569746561195 ], [ 132.874950388384207, 34.260527360706462 ], [ 132.875597120461549, 34.259284157588468 ], [ 132.87641794493581, 34.258815114588529 ], [ 132.878046176670153, 34.25886693935886 ], [ 132.878078049826797, 34.258279774931964 ], [ 132.877724916790555, 34.257986154151887 ], [ 132.877554903534417, 34.257519191612808 ], [ 132.877189750211585, 34.257349176601615 ], [ 132.876917329021325, 34.256979299184906 ], [ 132.876393545217553, 34.25575625873234 ], [ 132.875039783429884, 34.254606481403719 ], [ 132.874870577162994, 34.254628167976705 ], [ 132.874460505556044, 34.255184979612231 ], [ 132.873649238251545, 34.255414204006719 ], [ 132.87301410246917, 34.255923430569723 ], [ 132.872740167303476, 34.256700466400531 ], [ 132.871735846086523, 34.255093502400257 ], [ 132.871762456754993, 34.255345213649029 ], [ 132.871508661267029, 34.255200739282635 ], [ 132.872725137060826, 34.256739290070342 ], [ 132.872133860976447, 34.257056542013054 ], [ 132.871934885932745, 34.256778777474011 ], [ 132.869930952241134, 34.255921872743613 ], [ 132.871903153209018, 34.256807978080424 ], [ 132.872091802431754, 34.257078336900499 ], [ 132.871084240542473, 34.257575889118201 ], [ 132.870090395504349, 34.257638508531521 ], [ 132.869730767533611, 34.257492666040562 ], [ 132.869424232565905, 34.256784331495417 ], [ 132.869285033657548, 34.256844432986711 ], [ 132.86968068662307, 34.257508730170933 ], [ 132.869127318280476, 34.257642344167934 ], [ 132.86895651460901, 34.258304537484989 ], [ 132.868762761540609, 34.258465809995599 ], [ 132.868908686172944, 34.258556394143838 ], [ 132.868607451525776, 34.258956624278881 ], [ 132.867829154182886, 34.259125046390466 ], [ 132.867880208449435, 34.25951776315128 ], [ 132.868286359320649, 34.259529806473715 ], [ 132.869066529788114, 34.259995115675956 ], [ 132.868745460719538, 34.261603505958824 ], [ 132.86822771224351, 34.261755224206375 ], [ 132.868582914236271, 34.262163385657921 ], [ 132.868943201558636, 34.262141458618757 ], [ 132.869283787560789, 34.26236221240385 ], [ 132.869262762081803, 34.262705758831324 ], [ 132.868690415805332, 34.263475339690025 ], [ 132.86780293710973, 34.263688619123151 ], [ 132.866695075108453, 34.263251514349669 ], [ 132.866045927616142, 34.263666262039123 ], [ 132.865618829423084, 34.263359502987683 ], [ 132.865647606735564, 34.263161847578829 ], [ 132.865861295265148, 34.263137244862413 ], [ 132.865231152773276, 34.262823472926797 ], [ 132.864745120327427, 34.263006549024148 ], [ 132.864392571682174, 34.262913052060348 ], [ 132.863755399154655, 34.263068107191437 ], [ 132.863451159130648, 34.263834306259852 ], [ 132.863713884239417, 34.26461798770783 ], [ 132.86368892828105, 34.265279907619714 ], [ 132.864287018754197, 34.265372854533368 ], [ 132.864710081075629, 34.26585276284743 ], [ 132.864725930774483, 34.266745326797718 ], [ 132.864341294269707, 34.26763819959443 ], [ 132.86477457423382, 34.267607699782275 ], [ 132.86504728811363, 34.26777504137921 ], [ 132.865686624674453, 34.268935071587357 ], [ 132.866156899450402, 34.268812513215636 ], [ 132.865995833762867, 34.268508603312483 ], [ 132.866826120061404, 34.268328063538782 ], [ 132.867369927981684, 34.267518086717203 ], [ 132.869122307247409, 34.267500022816847 ], [ 132.869065619417341, 34.26812592478322 ], [ 132.868698599461055, 34.26825424223783 ], [ 132.868435120348352, 34.268822868874892 ], [ 132.868665500035434, 34.26923892871487 ], [ 132.869046521635966, 34.269355775078992 ], [ 132.869550992211316, 34.269821677049471 ], [ 132.869676765858998, 34.270194245451208 ], [ 132.868862617549553, 34.270611785649145 ], [ 132.868765300707821, 34.27092604735126 ], [ 132.86902026976307, 34.27128702904588 ], [ 132.869469340928958, 34.271489974587411 ], [ 132.870179137885174, 34.271055843655198 ] ] ] } },
{ "type": "Feature", "properties": { "CITY_NAME": "大崎上島町", "S_NAME": "中野", "JINKO": 0, "medical_area": "34_広島中央医療圏", "町丁目名": "大崎上島町中野" }, "geometry": { "type": "Polygon", "coordinates": [ [ [ 132.859122288704555, 34.268615807404259 ], [ 132.858894363660056, 34.268527165514421 ], [ 132.858925560109356, 34.268640276070535 ], [ 132.859122288704555, 34.268615807404259 ] ] ] } },
{ "type": "Feature", "properties": { "CITY_NAME": "大崎上島町", "S_NAME": "中野", "JINKO": 0, "medical_area": "34_広島中央医療圏", "町丁目名": "大崎上島町中野" }, "geometry": { "type": "Polygon", "coordinates": [ [ [ 132.85797638646747, 34.268463445270761 ], [ 132.858382216017958, 34.268531316583257 ], [ 132.858468239975366, 34.268495259073802 ], [ 132.85792671848219, 34.268258932080016 ], [ 132.857734071932697, 34.26838840820519 ], [ 132.857886785035817, 34.268587914355876 ], [ 132.85797638646747, 34.268463445270761 ] ] ] } },
{ "type": "Feature", "properties": { "CITY_NAME": "大崎上島町", "S_NAME": "中野", "JINKO": 0, "medical_area": "34_広島中央医療圏", "町丁目名": "大崎上島町中野" }, "geometry": { "type": "Polygon", "coordinates": [ [ [ 132.886910361710761, 34.271854747156397 ], [ 132.887646370550556, 34.271827873111341 ], [ 132.887922070858878, 34.271556633676013 ], [ 132.888414005306828, 34.271560916791294 ], [ 132.888599305446775, 34.270749430727221 ], [ 132.88905948313905, 34.270592468228458 ], [ 132.8895570431404, 34.27062023678009 ], [ 132.889835252221275, 34.27127586556508 ], [ 132.890364441285129, 34.271182582862373 ], [ 132.890970565542716, 34.270830919370532 ], [ 132.890926145479881, 34.2702027874546 ], [ 132.890631993402906, 34.269716011703586 ], [ 132.889954671307834, 34.269500833888173 ], [ 132.889899175931845, 34.268845862331695 ], [ 132.889699020124908, 34.268961708347454 ], [ 132.889579033855512, 34.269384587109123 ], [ 132.888721563371774, 34.269679690549211 ], [ 132.887723326874806, 34.268632338014697 ], [ 132.88742309650118, 34.26893118970024 ], [ 132.887595012156879, 34.26934276752376 ], [ 132.887511886125282, 34.270218587133449 ], [ 132.886709245762773, 34.271432211468365 ], [ 132.886910361710761, 34.271854747156397 ] ] ] } },
{ "type": "Feature", "properties": { "CITY_NAME": "大崎上島町", "S_NAME": "中野", "JINKO": 0, "medical_area": "34_広島中央医療圏", "町丁目名": "大崎上島町中野" }, "geometry": { "type": "Polygon", "coordinates": [ [ [ 132.862084685877591, 34.254938641667337 ], [ 132.862862800661048, 34.255024374836957 ], [ 132.863120408236085, 34.254397475855562 ], [ 132.861910263047577, 34.253886956937215 ], [ 132.861720190902645, 34.253624338701947 ], [ 132.861961805847216, 34.253032326397118 ], [ 132.861934026920608, 34.252320418861132 ], [ 132.862208857450781, 34.252045019875148 ], [ 132.861847800024861, 34.251225553217139 ], [ 132.862018705941352, 34.249931033291723 ], [ 132.861469552654114, 34.2504804181957 ], [ 132.861408268827205, 34.250949559758965 ], [ 132.860974365934794, 34.251390106239405 ], [ 132.86093037596342, 34.252380344357114 ], [ 132.860653731281388, 34.253329359276606 ], [ 132.861126689945706, 34.253543045606008 ], [ 132.86162060917195, 34.254067638210735 ], [ 132.8615209770484, 34.254494597700912 ], [ 132.861267978740045, 34.254620415635522 ], [ 132.861712932366913, 34.254862289821837 ], [ 132.861672195290339, 34.255189747207389 ], [ 132.862084685877591, 34.254938641667337 ] ] ] } },
{ "type": "Feature", "properties": { "CITY_NAME": "大崎上島町", "S_NAME": "中野", "JINKO": 0, "medical_area": "34_広島中央医療圏", "町丁目名": "大崎上島町中野" }, "geometry": { "type": "Polygon", "coordinates": [ [ [ 132.865201388018306, 34.254227577822441 ], [ 132.865205152304384, 34.253738336671404 ], [ 132.865632268341983, 34.253134553720393 ], [ 132.865340393707243, 34.25301958361932 ], [ 132.865201746746237, 34.252725264336171 ], [ 132.864903142680561, 34.253397337544754 ], [ 132.864295749735248, 34.253807049011968 ], [ 132.864433876786137, 34.254089961284521 ], [ 132.865201388018306, 34.254227577822441 ] ] ] } },
{ "type": "Feature", "properties": { "CITY_NAME": "大崎上島町", "S_NAME": "中野", "JINKO": 0, "medical_area": "34_広島中央医療圏", "町丁目名": "大崎上島町中野" }, "geometry": { "type": "Polygon", "coordinates": [ [ [ 132.881337060584713, 34.25888721347129 ], [ 132.88096487020033, 34.258247610416774 ], [ 132.88056980732145, 34.258534882336548 ], [ 132.880796515699302, 34.258772324660107 ], [ 132.881337060584713, 34.25888721347129 ] ] ] } },
{ "type": "Feature", "properties": { "CITY_NAME": "大崎上島町", "S_NAME": "中野", "JINKO": 0, "medical_area": "34_広島中央医療圏", "町丁目名": "大崎上島町中野" }, "geometry": { "type": "Polygon", "coordinates": [ [ [ 132.882599393441836, 34.259584015514847 ], [ 132.882745814070887, 34.259184656107024 ], [ 132.882969921730705, 34.259364636120651 ], [ 132.883116885659547, 34.259279962725103 ], [ 132.882600490955383, 34.258822217868364 ], [ 132.88136334796252, 34.259016795526193 ], [ 132.881259165969794, 34.259165451515514 ], [ 132.881633983205091, 34.259432876805789 ], [ 132.882148104225479, 34.259482133001839 ], [ 132.88228138346588, 34.259734627002175 ], [ 132.882599393441836, 34.259584015514847 ] ] ] } },
{ "type": "Feature", "properties": { "CITY_NAME": "大崎上島町", "S_NAME": "中野", "JINKO": 0, "medical_area": "34_広島中央医療圏", "町丁目名": "大崎上島町中野" }, "geometry": { "type": "Polygon", "coordinates": [ [ [ 132.860292409393679, 34.267875159569371 ], [ 132.860073407613328, 34.267987681531189 ], [ 132.860401492908863, 34.268349252895426 ], [ 132.860292409393679, 34.267875159569371 ] ] ] } },
{ "type": "Feature", "properties": { "CITY_NAME": "大崎上島町", "S_NAME": "中野", "JINKO": 0, "medical_area": "34_広島中央医療圏", "町丁目名": "大崎上島町中野" }, "geometry": { "type": "Polygon", "coordinates": [ [ [ 132.877916685834265, 34.267231066085955 ], [ 132.877410073158842, 34.267415159704221 ], [ 132.87743185086461, 34.2676745041991 ], [ 132.878606424945531, 34.268171973049114 ], [ 132.878337110482789, 34.267521479301436 ], [ 132.877916685834265, 34.267231066085955 ] ] ] } },
{ "type": "Feature", "properties": { "CITY_NAME": "大崎上島町", "S_NAME": "原田", "JINKO": 396, "medical_area": "34_広島中央医療圏", "町丁目名": "大崎上島町原田" }, "geometry": { "type": "Polygon", "coordinates": [ [ [ 132.88125267056094, 34.240055547266309 ], [ 132.88174276391382, 34.238261057823905 ], [ 132.881751705966082, 34.237483301850183 ], [ 132.88260687608431, 34.237054458637608 ], [ 132.883446576180518, 34.235421199594214 ], [ 132.883147008852831, 34.23425422677623 ], [ 132.883129153104164, 34.233167308322315 ], [ 132.882430823438767, 34.230109489274653 ], [ 132.882310866053302, 34.227957551604348 ], [ 132.88142375530677, 34.226581717680617 ], [ 132.881738681807349, 34.226271680102762 ], [ 132.881712136788906, 34.225448078680586 ], [ 132.881979297099349, 34.224633473239273 ], [ 132.881873309586865, 34.224051348184311 ], [ 132.882198342854679, 34.222751421328745 ], [ 132.882122820279648, 34.222312797254531 ], [ 132.88280455141458, 34.221525643125275 ], [ 132.883241955706723, 34.219380015270204 ], [ 132.882754242655949, 34.218754023942459 ], [ 132.882615076267456, 34.218237711321258 ], [ 132.88198996735818, 34.218227822958866 ], [ 132.880026377225022, 34.217421630150312 ], [ 132.878585724684768, 34.218176001643634 ], [ 132.877762142478986, 34.218954542451471 ], [ 132.875731267245158, 34.219720032726393 ], [ 132.874905432778121, 34.218793943705919 ], [ 132.87365432650887, 34.218322896718767 ], [ 132.871381952592031, 34.218653023304185 ], [ 132.871333460683417, 34.21914760077695 ], [ 132.87016209841056, 34.220174318293715 ], [ 132.869943501016877, 34.221126264044642 ], [ 132.869034829030966, 34.221614063955911 ], [ 132.868784592035666, 34.222131340194792 ], [ 132.868818549495046, 34.222612058812523 ], [ 132.866785040212307, 34.223317143173951 ], [ 132.865341097606091, 34.223131252834342 ], [ 132.866992637146723, 34.226656855259293 ], [ 132.868130462844533, 34.228597946739363 ], [ 132.867945799579388, 34.228794096721089 ], [ 132.867094407846906, 34.228677960757324 ], [ 132.865306059466377, 34.228869730440344 ], [ 132.865072209449977, 34.228998965671252 ], [ 132.86509887492349, 34.229281244043797 ], [ 132.865954454662017, 34.230396509265539 ], [ 132.866584790861168, 34.232182430093118 ], [ 132.866901616503611, 34.232298381047201 ], [ 132.867923332367496, 34.231946158087204 ], [ 132.868460752011316, 34.233268311661831 ], [ 132.869302567779869, 34.233931170997565 ], [ 132.870504961122123, 34.233880599962859 ], [ 132.871186111820947, 34.23421813156844 ], [ 132.871926813524539, 34.234278241752477 ], [ 132.87242132718049, 34.2341273479514 ], [ 132.872105124447927, 34.234718250789101 ], [ 132.872188953165846, 34.235034283145524 ], [ 132.873146249589439, 34.235789279928277 ], [ 132.873957651447313, 34.235761222741601 ], [ 132.874249974925192, 34.235904483338921 ], [ 132.874506859797293, 34.236662102470589 ], [ 132.873899205326666, 34.237209341183707 ], [ 132.874465931801268, 34.23767360012279 ], [ 132.874681217396159, 34.238575999076581 ], [ 132.875076762604778, 34.239230703651835 ], [ 132.876407940704439, 34.239042842968992 ], [ 132.878058026948594, 34.239420234630003 ], [ 132.878819436638111, 34.239775861846141 ], [ 132.879890344127347, 34.239562569617803 ], [ 132.88125267056094, 34.240055547266309 ] ] ] } },
{ "type": "Feature", "properties": { "CITY_NAME": "大崎上島町", "S_NAME": "原田", "JINKO": 53, "medical_area": "34_広島中央医療圏", "町丁目名": "大崎上島町原田" }, "geometry": { "type": "Polygon", "coordinates": [ [ [ 132.872250873529737, 34.244673219099099 ], [ 132.872751484416995, 34.243635407080575 ], [ 132.87266555359372, 34.242430106506013 ], [ 132.872413929601549, 34.241491147470313 ], [ 132.872704279347289, 34.241228454391965 ], [ 132.873076900013871, 34.240434511597122 ], [ 132.873646622820786, 34.239891297292644 ], [ 132.875076762604778, 34.239230703651835 ], [ 132.874681217396159, 34.238575999076581 ], [ 132.874465931801268, 34.23767360012279 ], [ 132.873899205326666, 34.237209341183707 ], [ 132.874489737136116, 34.236723759300681 ], [ 132.874346152957543, 34.236012392169187 ], [ 132.873957651447313, 34.235761222741601 ], [ 132.873146249589411, 34.235789279928277 ], [ 132.872188953165846, 34.235034283145524 ], [ 132.872105124447927, 34.234718250789101 ], [ 132.87242132718049, 34.2341273479514 ], [ 132.871016886785839, 34.234339118849931 ], [ 132.870537755353098, 34.234642331234063 ], [ 132.870130316157116, 34.235292213239347 ], [ 132.870071834087867, 34.236111800108105 ], [ 132.869621350066296, 34.237317499988386 ], [ 132.869912495183627, 34.239654732637078 ], [ 132.869088661580776, 34.240097549368173 ], [ 132.867925443630554, 34.24038848283665 ], [ 132.867611655018095, 34.241588749192069 ], [ 132.865263215870669, 34.24201434017359 ], [ 132.863095513389965, 34.242974843406181 ], [ 132.861645671440783, 34.244566246386235 ], [ 132.862854645569683, 34.244656855701407 ], [ 132.862852067529815, 34.245002971399167 ], [ 132.862318629972719, 34.245081787917812 ], [ 132.862847325603241, 34.245220351683422 ], [ 132.863004196086621, 34.245546685626856 ], [ 132.86392067159025, 34.246104925520122 ], [ 132.864028968386236, 34.246731716087154 ], [ 132.864292611018101, 34.247108011068512 ], [ 132.864170011850348, 34.24738001304663 ], [ 132.864256105924881, 34.247535599699255 ], [ 132.864690299618786, 34.247623138101531 ], [ 132.865641786257498, 34.247374720373131 ], [ 132.866306741786246, 34.246542925343249 ], [ 132.866813845888345, 34.246279147030528 ], [ 132.867462926603906, 34.246149360857885 ], [ 132.868218035085619, 34.245740194512997 ], [ 132.869453647650232, 34.245778044164226 ], [ 132.870107768515311, 34.245607786842783 ], [ 132.871863741688742, 34.245026341574075 ], [ 132.872250873529737, 34.244673219099099 ] ] ] } },
{ "type": "Feature", "properties": { "CITY_NAME": "大崎上島町", "S_NAME": "大串", "JINKO": 490, "medical_area": "34_広島中央医療圏", "町丁目名": "大崎上島町大串" }, "geometry": { "type": "Polygon", "coordinates": [ [ [ 132.85716107195833, 34.247794972573821 ], [ 132.858530443952219, 34.246888544672039 ], [ 132.859043339505973, 34.246842545622286 ], [ 132.860407639271074, 34.244835695033828 ], [ 132.861215132558556, 34.243357404889061 ], [ 132.861208022063693, 34.242491698929477 ], [ 132.861007323992538, 34.241788943630091 ], [ 132.861127281829539, 34.240410195874858 ], [ 132.861888014441348, 34.240022728833843 ], [ 132.862526238358896, 34.240217297647426 ], [ 132.862669672028915, 34.239278049584676 ], [ 132.863536762824026, 34.238760935718162 ], [ 132.863868482303161, 34.237975844733178 ], [ 132.864095141091639, 34.23506332989782 ], [ 132.865479521966506, 34.232639921604139 ], [ 132.866584790861168, 34.232182430093118 ], [ 132.865954454662017, 34.230396509265539 ], [ 132.86513170973268, 34.229335007563954 ], [ 132.865072209449977, 34.228998965671252 ], [ 132.867094407846906, 34.228677960757324 ], [ 132.867945799579388, 34.228794096721089 ], [ 132.868130462844533, 34.228597946739377 ], [ 132.86699263714678, 34.226656855259279 ], [ 132.865341097606091, 34.223131252834328 ], [ 132.863810764887205, 34.222894137967891 ], [ 132.862753702324653, 34.22300521790379 ], [ 132.861341882385034, 34.224132813838764 ], [ 132.861112142147533, 34.223905065484253 ], [ 132.859991515721021, 34.223742075229488 ], [ 132.858215553338255, 34.223856758373032 ], [ 132.857209446761146, 34.223518003691787 ], [ 132.857061608375716, 34.222546006018931 ], [ 132.856127489093808, 34.221971726339845 ], [ 132.855236300556754, 34.221670197782402 ], [ 132.854677652368082, 34.220400867774217 ], [ 132.853546035995663, 34.220277177244149 ], [ 132.853016715206337, 34.21998388774589 ], [ 132.852660403648315, 34.219096007548409 ], [ 132.852658889463186, 34.218256999474995 ], [ 132.852454860126869, 34.217823555758564 ], [ 132.852548191822649, 34.217174473509822 ], [ 132.852431327170137, 34.216402457696823 ], [ 132.852618839166809, 34.215783278006214 ], [ 132.851728035734112, 34.214950774336536 ], [ 132.851274544419198, 34.214150202805953 ], [ 132.851005916325732, 34.213145043340788 ], [ 132.850541338607201, 34.212779533764071 ], [ 132.850083173527764, 34.213787747574102 ], [ 132.849027996659885, 34.214410189876233 ], [ 132.848667166273145, 34.21528586495652 ], [ 132.847963293357452, 34.215471910519646 ], [ 132.847708974178033, 34.216630846197418 ], [ 132.847142444212068, 34.21757076449741 ], [ 132.846773909459529, 34.21775762125808 ], [ 132.845903998561084, 34.219435672814946 ], [ 132.845500574487403, 34.219739921280087 ], [ 132.845151969648953, 34.219712963999157 ], [ 132.844502576945445, 34.221014793127793 ], [ 132.844009634851886, 34.221122169327991 ], [ 132.843699216850609, 34.221791878205664 ], [ 132.843094673545011, 34.222193717269185 ], [ 132.842792258114969, 34.22292198100336 ], [ 132.842190023072533, 34.223338311303571 ], [ 132.841844183551984, 34.223928897458919 ], [ 132.841891452065255, 34.224140505756345 ], [ 132.841546001768506, 34.22451020625202 ], [ 132.84157588214066, 34.225123950620869 ], [ 132.841307493169239, 34.225492382403807 ], [ 132.841199972854184, 34.226298037298612 ], [ 132.840865090476655, 34.226766002863577 ], [ 132.84075191361606, 34.227681705636058 ], [ 132.840489623153644, 34.228135749921393 ], [ 132.839847184738488, 34.228280829367982 ], [ 132.840466379237881, 34.228346896888603 ], [ 132.840795310766481, 34.228629928632522 ], [ 132.841040921655463, 34.228396018581925 ], [ 132.841272538353024, 34.228448844610249 ], [ 132.84157902459711, 34.228639167243259 ], [ 132.841838672378401, 34.229212897152671 ], [ 132.84219612901731, 34.229525631740557 ], [ 132.842967763902209, 34.229518727634513 ], [ 132.844519551327039, 34.229885189402395 ], [ 132.845563108403667, 34.229806482738866 ], [ 132.846647864736354, 34.230270146823536 ], [ 132.846961242858214, 34.231447585644801 ], [ 132.846972370222119, 34.232562741344566 ], [ 132.846605210342119, 34.234010872386449 ], [ 132.845893949043756, 34.235864617328225 ], [ 132.844609214496188, 34.237817308579082 ], [ 132.844219554375144, 34.23795637396055 ], [ 132.843826161989767, 34.237767527783667 ], [ 132.843334086953917, 34.238127183275381 ], [ 132.843010017780955, 34.23805416485304 ], [ 132.842326628817744, 34.238250762544858 ], [ 132.841548685809727, 34.237885403742546 ], [ 132.841090261050113, 34.239067231534634 ], [ 132.840258893957753, 34.240307728403749 ], [ 132.83969440255089, 34.240847229215753 ], [ 132.838536693109148, 34.241052740276999 ], [ 132.838206844136295, 34.241346694461654 ], [ 132.838055871793358, 34.241877590681909 ], [ 132.838261403717269, 34.24219749976298 ], [ 132.838609634471737, 34.24189527465343 ], [ 132.839419898799179, 34.241684477798145 ], [ 132.840071535250161, 34.241995462639721 ], [ 132.840253299918459, 34.242460585794888 ], [ 132.840454792681754, 34.242544282200519 ], [ 132.840762095664871, 34.242013372627568 ], [ 132.841488326145594, 34.242016572886257 ], [ 132.841913813798442, 34.241604041555085 ], [ 132.842395398074387, 34.241689719435669 ], [ 132.842408629637333, 34.241308326994705 ], [ 132.843454985072697, 34.241299053501102 ], [ 132.844301341566592, 34.241931660821948 ], [ 132.844386184734702, 34.24222151218413 ], [ 132.844144259736652, 34.24237342952771 ], [ 132.844245880933329, 34.242592898676619 ], [ 132.844695481091634, 34.242618311510157 ], [ 132.844884137910583, 34.242861528569208 ], [ 132.845475286972857, 34.243071955429166 ], [ 132.846005136418057, 34.242946478056176 ], [ 132.846365089997477, 34.243297916119026 ], [ 132.846281644221307, 34.243451636714596 ], [ 132.847216374839263, 34.244269529117801 ], [ 132.847526179872432, 34.244321904057628 ], [ 132.84764662003326, 34.244044440248921 ], [ 132.847971447853411, 34.244077851811632 ], [ 132.84762515657124, 34.245017360803587 ], [ 132.847923024041506, 34.245072473369675 ], [ 132.848142471121577, 34.244147191158895 ], [ 132.848832280720671, 34.244481427495856 ], [ 132.848968046055148, 34.244758314623844 ], [ 132.848880856229698, 34.244983335766037 ], [ 132.849248337703727, 34.245320208829796 ], [ 132.849431997310518, 34.244811653973315 ], [ 132.850801420221075, 34.24487698901217 ], [ 132.851154319000784, 34.244621747725574 ], [ 132.851461204128924, 34.243910507518763 ], [ 132.852244339183812, 34.243834855013311 ], [ 132.852396400272283, 34.24344282651078 ], [ 132.852218078971532, 34.243807110903148 ], [ 132.851632339649967, 34.243862643185508 ], [ 132.851635437714748, 34.243172114340908 ], [ 132.851163805761473, 34.242708632477715 ], [ 132.851533406416934, 34.242637122174798 ], [ 132.852027838964716, 34.242973418757813 ], [ 132.851594057191079, 34.242623260559846 ], [ 132.851982327874964, 34.242443463840857 ], [ 132.852201309346611, 34.242811019844993 ], [ 132.852334370746945, 34.242753506925027 ], [ 132.852074271887574, 34.242403366295711 ], [ 132.857340315595792, 34.240172267823219 ], [ 132.857305992551915, 34.240751267496968 ], [ 132.857564871899797, 34.241085205880296 ], [ 132.857348351074052, 34.240756381729128 ], [ 132.857379231877616, 34.24015035566952 ], [ 132.857588826811337, 34.240161007421285 ], [ 132.857548591864685, 34.240021497673943 ], [ 132.857773096655876, 34.239864155987384 ], [ 132.857913072765399, 34.240389069033093 ], [ 132.85805299300398, 34.240243049002075 ], [ 132.858021903698869, 34.240423529370048 ], [ 132.858288976397972, 34.240426530963177 ], [ 132.859016669969009, 34.240875864730199 ], [ 132.859108754431588, 34.241252295075576 ], [ 132.859621566010958, 34.241308842599452 ], [ 132.859846723661036, 34.241495058036335 ], [ 132.860346053317471, 34.24335035984523 ], [ 132.860147568205065, 34.244028473293511 ], [ 132.859307377710365, 34.244825720306679 ], [ 132.858257710589385, 34.244836997350859 ], [ 132.857809917194118, 34.244634001350946 ], [ 132.857149539552353, 34.244990161431247 ], [ 132.85749899590121, 34.245774354273728 ], [ 132.857319264899672, 34.24609907123709 ], [ 132.857403166492475, 34.247202969272863 ], [ 132.857034124719178, 34.24760439458543 ], [ 132.856582305481737, 34.24757989156921 ], [ 132.856534573069808, 34.24811741377296 ], [ 132.855965744399924, 34.248383042422446 ], [ 132.855748826977589, 34.249209158508435 ], [ 132.85716107195833, 34.247794972573821 ] ] ] } },
{ "type": "Feature", "properties": { "CITY_NAME": "大崎上島町", "S_NAME": "大串", "JINKO": 0, "medical_area": "34_広島中央医療圏", "町丁目名": "大崎上島町大串" }, "geometry": { "type": "Polygon", "coordinates": [ [ [ 132.840566174004039, 34.255279630829989 ], [ 132.840974562148233, 34.25529894031876 ], [ 132.841385298791153, 34.254665609920835 ], [ 132.840925459175679, 34.254181307240323 ], [ 132.840021347342514, 34.253803115743551 ], [ 132.839745302465843, 34.2534927540677 ], [ 132.839167764918159, 34.253223626190866 ], [ 132.837827236482809, 34.253389573622108 ], [ 132.836614177966368, 34.253206874291145 ], [ 132.836315311800234, 34.253306827234056 ], [ 132.835961495057859, 34.253870386237253 ], [ 132.835434458459616, 34.253942704170399 ], [ 132.835337370655111, 34.254161433457881 ], [ 132.835761447990706, 34.254519738948851 ], [ 132.835688065537909, 34.25512501482207 ], [ 132.83623999190678, 34.254487408382765 ], [ 132.83690319615414, 34.254746080765003 ], [ 132.83717914107595, 34.255044757978965 ], [ 132.837699617658814, 34.254962607452214 ], [ 132.838277104787664, 34.25522455863117 ], [ 132.838902874466726, 34.254863195459599 ], [ 132.839836999650117, 34.255468445726166 ], [ 132.840407089511757, 34.25548151745523 ], [ 132.840566174004039, 34.255279630829989 ] ] ] } },
{ "type": "Feature", "properties": { "CITY_NAME": "大崎上島町", "S_NAME": "大串", "JINKO": 0, "medical_area": "34_広島中央医療圏", "町丁目名": "大崎上島町大串" }, "geometry": { "type": "Polygon", "coordinates": [ [ [ 132.802495885693332, 34.230384073540385 ], [ 132.802524919350731, 34.230202765319994 ], [ 132.802964710955564, 34.230081459808069 ], [ 132.803336979417537, 34.229502534015502 ], [ 132.804426097045479, 34.229126276407264 ], [ 132.804624384766356, 34.228507677737568 ], [ 132.803267657969855, 34.227794434751488 ], [ 132.803111913076833, 34.227004558681941 ], [ 132.802693530069973, 34.226791193701075 ], [ 132.802465408918835, 34.226338077764531 ], [ 132.801972134820687, 34.225980850032592 ], [ 132.801012339776804, 34.225648702610798 ], [ 132.80082364707647, 34.226538534448977 ], [ 132.800545970576451, 34.226706747266682 ], [ 132.800183761756358, 34.226604932202967 ], [ 132.79995223420417, 34.226849537122021 ], [ 132.800657477149059, 34.227972836037402 ], [ 132.800527039820878, 34.228382866134488 ], [ 132.800950091883379, 34.228488879390063 ], [ 132.801554754790402, 34.228934720950825 ], [ 132.802127553325136, 34.230186783407312 ], [ 132.802495885693332, 34.230384073540385 ] ] ] } },
{ "type": "Feature", "properties": { "CITY_NAME": "大崎上島町", "S_NAME": "大串", "JINKO": 13, "medical_area": "34_広島中央医療圏", "町丁目名": "大崎上島町大串" }, "geometry": { "type": "Polygon", "coordinates": [ [ [ 132.86147402146247, 34.244814294326517 ], [ 132.863095513389965, 34.242974843406181 ], [ 132.865263215870669, 34.24201434017359 ], [ 132.867611655018095, 34.241588749192069 ], [ 132.867925443630554, 34.240388482836636 ], [ 132.869088661580776, 34.240097549368159 ], [ 132.86991249518357, 34.239654732637106 ], [ 132.869823555206182, 34.238504807169079 ], [ 132.869598779243859, 34.237785156611849 ], [ 132.869631390504026, 34.23725010878163 ], [ 132.870071834087867, 34.236111800108112 ], [ 132.870102639637651, 34.235359844956619 ], [ 132.870537755353098, 34.23464233123407 ], [ 132.871016886785839, 34.234339118849931 ], [ 132.871926813524567, 34.234278241752477 ], [ 132.871186111820947, 34.234218131568433 ], [ 132.870504961122123, 34.233880599962859 ], [ 132.869472901876009, 34.233963859636745 ], [ 132.86904237588152, 34.233814902920841 ], [ 132.868460752011316, 34.233268311661803 ], [ 132.868057939666102, 34.232063148512488 ], [ 132.867833936548323, 34.231913004082124 ], [ 132.866901616503611, 34.232298381047165 ], [ 132.866584790861168, 34.232182430093118 ], [ 132.865479521966506, 34.232639921604154 ], [ 132.864095141091667, 34.235063329897834 ], [ 132.864122298071123, 34.235945401165843 ], [ 132.863678082081975, 34.23852883266094 ], [ 132.863402706753675, 34.23890692847732 ], [ 132.862669672028915, 34.239278049584712 ], [ 132.862526238358896, 34.240217297647447 ], [ 132.861888014441348, 34.240022728833843 ], [ 132.861127281829567, 34.240410195874858 ], [ 132.861007323992538, 34.241788943630091 ], [ 132.861208022063693, 34.242491698929506 ], [ 132.861215132558584, 34.243357404889061 ], [ 132.86077647485601, 34.24420577747366 ], [ 132.859043339506002, 34.2468425456223 ], [ 132.858530443952247, 34.246888544672039 ], [ 132.85799156159888, 34.24716908508713 ], [ 132.856213092861907, 34.24865281306824 ], [ 132.855853321057339, 34.249240969346182 ], [ 132.856408469552548, 34.248893436153068 ], [ 132.856634875653242, 34.248436046296241 ], [ 132.857113559157881, 34.248426168556833 ], [ 132.857403012433451, 34.248113511733997 ], [ 132.857939356222573, 34.248252901973714 ], [ 132.859689272499764, 34.247320791763634 ], [ 132.860011739103442, 34.246929480088973 ], [ 132.859959864756775, 34.246291521417071 ], [ 132.860216336958132, 34.24606468729587 ], [ 132.860997526935648, 34.245878968157783 ], [ 132.861698152537343, 34.245931761989901 ], [ 132.861423492705569, 34.245797245802301 ], [ 132.86147402146247, 34.244814294326517 ] ] ] } },
{ "type": "Feature", "properties": { "CITY_NAME": "大崎上島町", "S_NAME": "東野", "JINKO": 119, "medical_area": "34_広島中央医療圏", "町丁目名": "大崎上島町東野" }, "geometry": { "type": "Polygon", "coordinates": [ [ [ 132.936774651926783, 34.266907990240547 ], [ 132.936342488056965, 34.266199472618489 ], [ 132.936070487727221, 34.264828184937073 ], [ 132.936249259750639, 34.263713692850359 ], [ 132.935561477405145, 34.262823649483124 ], [ 132.934572965129604, 34.262183397257637 ], [ 132.934740530023305, 34.262102061591058 ], [ 132.93422867250618, 34.261225420369449 ], [ 132.934038161810946, 34.261283375635486 ], [ 132.934024448532881, 34.260613651164306 ], [ 132.934544113933896, 34.259493358848154 ], [ 132.934017695117234, 34.259028828355085 ], [ 132.933697117043494, 34.258045479372619 ], [ 132.933113372745595, 34.257253933363693 ], [ 132.93321277799825, 34.257196546924476 ], [ 132.933016942176579, 34.257274395843311 ], [ 132.932903454935456, 34.257088456086564 ], [ 132.933037933731953, 34.256951404062775 ], [ 132.932874303189834, 34.256988483423946 ], [ 132.932563019429182, 34.256551486184044 ], [ 132.932561000014033, 34.255242445393456 ], [ 132.932653199840786, 34.254876751401639 ], [ 132.932813223677925, 34.254807155541982 ], [ 132.932778171278898, 34.254411684873162 ], [ 132.932568253425472, 34.254366928480863 ], [ 132.931999894446761, 34.253228333173155 ], [ 132.931927421647629, 34.251940434165448 ], [ 132.931282194820255, 34.251546922401936 ], [ 132.930465755497039, 34.249983319004542 ], [ 132.929927940229959, 34.24825655154423 ], [ 132.929204131930589, 34.247572207229325 ], [ 132.929169522780171, 34.247223640183613 ], [ 132.928632031193047, 34.246732813265986 ], [ 132.926504864966631, 34.248564803630465 ], [ 132.927344726550217, 34.249356771964884 ], [ 132.928076660440212, 34.251122355333791 ], [ 132.928286003715044, 34.252187266031832 ], [ 132.927830925949706, 34.253316433859602 ], [ 132.927862850310504, 34.253715586752314 ], [ 132.92810586756687, 34.254007645549635 ], [ 132.92847929026766, 34.254114928520821 ], [ 132.928101347594236, 34.254673679741508 ], [ 132.929458371058189, 34.256161120480165 ], [ 132.930254204365781, 34.258021232004388 ], [ 132.931684626412874, 34.258207452281994 ], [ 132.931794131782993, 34.258656551815598 ], [ 132.931561516960556, 34.259414015192782 ], [ 132.931695994102597, 34.259726039604409 ], [ 132.931534416425507, 34.26068435652406 ], [ 132.932198215688231, 34.262483425730707 ], [ 132.932309909431808, 34.26400615947594 ], [ 132.932952438806865, 34.26487677746092 ], [ 132.933100461417268, 34.26651154970034 ], [ 132.933806847326736, 34.269132398951598 ], [ 132.934760628643318, 34.270274617625297 ], [ 132.934561811940284, 34.271186398365522 ], [ 132.934629899339882, 34.271836339208193 ], [ 132.934815232636311, 34.272168041323461 ], [ 132.935570154869708, 34.272710309827396 ], [ 132.936339269335036, 34.274065125881357 ], [ 132.937420808267888, 34.274358554612085 ], [ 132.937995917035835, 34.275098294600269 ], [ 132.939518525516462, 34.274215418353037 ], [ 132.938502415899507, 34.273115159304446 ], [ 132.938248297152114, 34.271671494900325 ], [ 132.938330616955085, 34.270343910625435 ], [ 132.938118072681732, 34.269300460358217 ], [ 132.937412901169324, 34.267952585251045 ], [ 132.936658924946812, 34.266962803791429 ], [ 132.936774651926783, 34.266907990240547 ] ] ] } },
{ "type": "Feature", "properties": { "CITY_NAME": "大崎上島町", "S_NAME": "東野", "JINKO": 106, "medical_area": "34_広島中央医療圏", "町丁目名": "大崎上島町東野" }, "geometry": { "type": "Polygon", "coordinates": [ [ [ 132.936197617319834, 34.28141702659466 ], [ 132.937550000688333, 34.280844291450336 ], [ 132.937322456888097, 34.280669920479568 ], [ 132.937559512608146, 34.280817186842718 ], [ 132.937525814897072, 34.280694849801506 ], [ 132.938119666461148, 34.280433220469675 ], [ 132.938395907512046, 34.280709127346498 ], [ 132.938814828408226, 34.280320688907103 ], [ 132.938834178730332, 34.280181821330906 ], [ 132.938638276889264, 34.280136986159732 ], [ 132.939193348917513, 34.279076921215271 ], [ 132.939521108359088, 34.279410254406756 ], [ 132.939486665640089, 34.279680075786608 ], [ 132.939577541496902, 34.279401872302692 ], [ 132.939237835038767, 34.279070444743752 ], [ 132.939488101967214, 34.278769549354422 ], [ 132.939940592288025, 34.278964058467373 ], [ 132.939537374941892, 34.278692612926974 ], [ 132.939673259427764, 34.278465400411946 ], [ 132.939897918350937, 34.278454131666116 ], [ 132.939696797070354, 34.278432010016417 ], [ 132.93981182834176, 34.278299584730817 ], [ 132.939899289823273, 34.278242269540343 ], [ 132.93993801856908, 34.278441203479851 ], [ 132.940732684454275, 34.278291133621899 ], [ 132.941938824840406, 34.27740998658453 ], [ 132.942133360102588, 34.27754309060191 ], [ 132.942190504929101, 34.277381303512783 ], [ 132.941510818743325, 34.27666388820937 ], [ 132.940363671129205, 34.275943155997844 ], [ 132.940151222808225, 34.275154811778926 ], [ 132.940346319976925, 34.274278127566497 ], [ 132.940148046266756, 34.274213587073888 ], [ 132.94016850482933, 34.274548852959065 ], [ 132.939958842562021, 34.274547490624059 ], [ 132.939920065843864, 34.274101480476979 ], [ 132.939485466416272, 34.273847269241024 ], [ 132.939351790485432, 34.273591172570235 ], [ 132.939165274919702, 34.2736247386798 ], [ 132.93861658077634, 34.272879063422465 ], [ 132.938466155524594, 34.272934940730217 ], [ 132.938502415899507, 34.273115159304446 ], [ 132.939518525516462, 34.274215418353037 ], [ 132.937995917035835, 34.275098294600269 ], [ 132.938644629931389, 34.27541371468471 ], [ 132.938970366227721, 34.276763114249469 ], [ 132.939196635167548, 34.277021588838728 ], [ 132.938765309108589, 34.277025134111824 ], [ 132.938182991805974, 34.277283456950812 ], [ 132.938030489610526, 34.277838283092223 ], [ 132.938228970448478, 34.278398800093285 ], [ 132.937282595802827, 34.278540082807019 ], [ 132.936797503987549, 34.279022600606609 ], [ 132.936048616171234, 34.278815420128687 ], [ 132.936143149959179, 34.279674500834098 ], [ 132.936766551643046, 34.280384489414672 ], [ 132.936702283381493, 34.280724927417367 ], [ 132.936158108839749, 34.281047514266028 ], [ 132.936517140527627, 34.280967096029677 ], [ 132.93659106899463, 34.28109101345207 ], [ 132.936147582128712, 34.281289437721775 ], [ 132.936197617319834, 34.28141702659466 ] ] ] } },
{ "type": "Feature", "properties": { "CITY_NAME": "大崎上島町", "S_NAME": "東野", "JINKO": 411, "medical_area": "34_広島中央医療圏", "町丁目名": "大崎上島町東野" }, "geometry": { "type": "Polygon", "coordinates": [ [ [ 132.931325825213918, 34.284458422927152 ], [ 132.932764892182831, 34.284333259154714 ], [ 132.93340254944664, 34.284472542233289 ], [ 132.933740313394054, 34.283029010169656 ], [ 132.933498453449261, 34.28288514988084 ], [ 132.933452768453861, 34.282581880666939 ], [ 132.934080919213784, 34.282030720080741 ], [ 132.934393634899095, 34.282259498606528 ], [ 132.934826912077568, 34.28201071061941 ], [ 132.934653731688542, 34.281833321494432 ], [ 132.934939379870116, 34.281837877324207 ], [ 132.934658465367221, 34.281523116979379 ], [ 132.934859888742011, 34.281335219729762 ], [ 132.935837652640089, 34.281367013237279 ], [ 132.936702283381493, 34.280724927417367 ], [ 132.936766551643046, 34.280384489414672 ], [ 132.936143149959179, 34.279674500834098 ], [ 132.936039878814597, 34.278880974168715 ], [ 132.93529315865959, 34.278482627962028 ], [ 132.936343071036447, 34.278287892278918 ], [ 132.936770564814822, 34.278356499134851 ], [ 132.937022670608883, 34.278023758086754 ], [ 132.936758586163393, 34.27755351619161 ], [ 132.937053036678066, 34.27723079219048 ], [ 132.935546062696943, 34.276127375241046 ], [ 132.931366656800947, 34.275025662048982 ], [ 132.9312680028074, 34.274567765807092 ], [ 132.9316156761858, 34.273618723419908 ], [ 132.930595989800509, 34.274110895266858 ], [ 132.929524716528107, 34.273202636229271 ], [ 132.929359737483367, 34.273348185153864 ], [ 132.92914555068171, 34.274810966860699 ], [ 132.929340986376786, 34.275446034641377 ], [ 132.929251964236755, 34.275660134853396 ], [ 132.928590507751323, 34.275197552892948 ], [ 132.928238812802363, 34.275468919647224 ], [ 132.92758278416224, 34.275128004894782 ], [ 132.927314493314498, 34.275343212247122 ], [ 132.927282988561473, 34.275886998133551 ], [ 132.927007769405975, 34.276096613092044 ], [ 132.926143318039863, 34.276062228177537 ], [ 132.92581047395052, 34.276279803276488 ], [ 132.925584480165213, 34.276047223361545 ], [ 132.925241405245032, 34.276145830742223 ], [ 132.925281821000027, 34.276659731118372 ], [ 132.925624044633452, 34.277136977520158 ], [ 132.92524200438217, 34.277205398263426 ], [ 132.925047867347445, 34.277506914981792 ], [ 132.923885710184976, 34.277211076302905 ], [ 132.923192335879889, 34.276801909089507 ], [ 132.923022343849226, 34.276777739146212 ], [ 132.923401728861052, 34.277246734094128 ], [ 132.923080616193232, 34.278084167113043 ], [ 132.92319098634519, 34.278177162443093 ], [ 132.922554689215758, 34.278552806256066 ], [ 132.922877141965103, 34.279143990029688 ], [ 132.923281591872325, 34.27943548075806 ], [ 132.923194098604398, 34.279737037828809 ], [ 132.923629156678516, 34.279684779014438 ], [ 132.923868694520166, 34.279988973084791 ], [ 132.924118926707365, 34.279924327200881 ], [ 132.925036097760767, 34.280345063067955 ], [ 132.924984508650596, 34.280042530881737 ], [ 132.925838130083548, 34.280038111376335 ], [ 132.926188809537905, 34.280510084979497 ], [ 132.925978067040262, 34.280748595287243 ], [ 132.925393039419191, 34.280909968474525 ], [ 132.926027936309907, 34.281576689041685 ], [ 132.925955716114629, 34.282122547546656 ], [ 132.927099085358634, 34.283056717041731 ], [ 132.927355753035897, 34.282490702075279 ], [ 132.927134108856905, 34.281999059837403 ], [ 132.92724571746723, 34.281616073391412 ], [ 132.927797685491186, 34.281279101717956 ], [ 132.927772267279863, 34.281104310504588 ], [ 132.927944304433453, 34.281156490922449 ], [ 132.92797713213767, 34.280939081118987 ], [ 132.92831717263266, 34.280831471294746 ], [ 132.929233218362327, 34.280767198915271 ], [ 132.929647716491047, 34.280965637310459 ], [ 132.929906304356308, 34.281215611117645 ], [ 132.929762947789214, 34.281220021336004 ], [ 132.929668427029384, 34.282056333906041 ], [ 132.930382086860163, 34.284467102509545 ], [ 132.930785759656743, 34.284789138611146 ], [ 132.931325825213918, 34.284458422927152 ] ] ] } },
{ "type": "Feature", "properties": { "CITY_NAME": "大崎上島町", "S_NAME": "東野", "JINKO": 162, "medical_area": "34_広島中央医療圏", "町丁目名": "大崎上島町東野" }, "geometry": { "type": "Polygon", "coordinates": [ [ [ 132.923373257635859, 34.27712759876767 ], [ 132.923022343849226, 34.276777739146212 ], [ 132.923192335879889, 34.276801909089507 ], [ 132.923885710184976, 34.277211076302905 ], [ 132.925047867347445, 34.277506914981792 ], [ 132.92524200438217, 34.277205398263426 ], [ 132.925624044633452, 34.277136977520158 ], [ 132.925281821000027, 34.276659731118372 ], [ 132.925186559317581, 34.276179693726931 ], [ 132.925584480165213, 34.276047223361545 ], [ 132.92581047395052, 34.276279803276488 ], [ 132.926143318039863, 34.276062228177537 ], [ 132.926516743818922, 34.276112042456688 ], [ 132.924620390067531, 34.274618334985796 ], [ 132.925312256415708, 34.272582121192578 ], [ 132.925359304103324, 34.272010630522871 ], [ 132.92562206138328, 34.271529089244368 ], [ 132.92540182233094, 34.271425927677669 ], [ 132.924635527067068, 34.271584754526309 ], [ 132.921598764648053, 34.272488623660152 ], [ 132.920986525598352, 34.272267008473762 ], [ 132.920426610133973, 34.272574855295666 ], [ 132.920320200918297, 34.272439716872242 ], [ 132.920049791060734, 34.272551392492709 ], [ 132.919499601630349, 34.272389818505566 ], [ 132.9188261129826, 34.272587495674415 ], [ 132.918372791695248, 34.273472220029305 ], [ 132.918515353017199, 34.273503885255664 ], [ 132.918591665165252, 34.2732987431352 ], [ 132.919090694682154, 34.273478664790488 ], [ 132.919135035494577, 34.273703774063449 ], [ 132.918667814439544, 34.27385665850224 ], [ 132.918844891393718, 34.27417251579719 ], [ 132.919382082487573, 34.274254865544002 ], [ 132.919277811341743, 34.274740638361401 ], [ 132.919395706129734, 34.27480302168933 ], [ 132.919244828932307, 34.275057219015231 ], [ 132.91954772836047, 34.274677565613914 ], [ 132.919709707458566, 34.274821800759028 ], [ 132.919537532556603, 34.274999500119698 ], [ 132.91974510509516, 34.275137962224541 ], [ 132.920028516589866, 34.274894641511125 ], [ 132.919732617384199, 34.275202976832183 ], [ 132.920177774527758, 34.275800602442324 ], [ 132.919334514599541, 34.276229496460395 ], [ 132.918791305376971, 34.276082386749721 ], [ 132.918410158466997, 34.276327148492932 ], [ 132.918486969438192, 34.276663904306723 ], [ 132.919310199251157, 34.276909450932905 ], [ 132.919466403529924, 34.276643388296648 ], [ 132.919354354814999, 34.276256420443971 ], [ 132.920195481263391, 34.275835708906328 ], [ 132.921002869769239, 34.276987373144827 ], [ 132.922762523974825, 34.278500960236848 ], [ 132.92319098634519, 34.278177162443093 ], [ 132.923080616193232, 34.278084167113043 ], [ 132.923385864793687, 34.277388962997129 ], [ 132.923373257635859, 34.27712759876767 ] ] ] } },
{ "type": "Feature", "properties": { "CITY_NAME": "大崎上島町", "S_NAME": "東野", "JINKO": 257, "medical_area": "34_広島中央医療圏", "町丁目名": "大崎上島町東野" }, "geometry": { "type": "Polygon", "coordinates": [ [ [ 132.91808299439387, 34.273608378536593 ], [ 132.918140342755919, 34.273464628921644 ], [ 132.918335787263061, 34.27358513743259 ], [ 132.9188261129826, 34.272587495674415 ], [ 132.919270026365467, 34.272399678861348 ], [ 132.9202210573348, 34.272519631892564 ], [ 132.920579574399852, 34.272060891496601 ], [ 132.920495061097029, 34.271774331522543 ], [ 132.920644173865526, 34.271551414768489 ], [ 132.921108005673744, 34.271334169614853 ], [ 132.92109562846656, 34.270983637700382 ], [ 132.922092431978541, 34.270720710259823 ], [ 132.922132370220254, 34.270471559109211 ], [ 132.921909236716203, 34.270375878033796 ], [ 132.921756253887281, 34.269091862269732 ], [ 132.922043352012878, 34.267801896539993 ], [ 132.920727729938847, 34.269144671897656 ], [ 132.920966220901306, 34.269868373005799 ], [ 132.920486443068484, 34.270284896326913 ], [ 132.920088816916319, 34.27010562490706 ], [ 132.919773708991272, 34.270408302566437 ], [ 132.918957708145939, 34.270215395366428 ], [ 132.918960946370987, 34.269988303764968 ], [ 132.919315202518732, 34.269689753723178 ], [ 132.91872719301108, 34.269337536566212 ], [ 132.918980956994773, 34.268729280314417 ], [ 132.918758600409433, 34.268624572096599 ], [ 132.918270065964862, 34.268772514839164 ], [ 132.918249151862597, 34.268472038426019 ], [ 132.918702874655366, 34.268235283657155 ], [ 132.918660385873892, 34.267731673828223 ], [ 132.918212081261004, 34.267489738346349 ], [ 132.91733917856493, 34.267697220460946 ], [ 132.917221751812178, 34.267896275425358 ], [ 132.91650445062723, 34.267675418064201 ], [ 132.915628507506739, 34.269770207727241 ], [ 132.914849525371409, 34.270737904390572 ], [ 132.916029100091208, 34.271738583623012 ], [ 132.915941668940548, 34.271924775690493 ], [ 132.916062849701689, 34.271746407249175 ], [ 132.916237803362236, 34.271767030907128 ], [ 132.916414026943954, 34.272045427240144 ], [ 132.914533669754576, 34.272098318354928 ], [ 132.915520111088682, 34.272146392820858 ], [ 132.915773321884728, 34.273146526660376 ], [ 132.916448618064862, 34.272759534402347 ], [ 132.915993526976507, 34.273485930516728 ], [ 132.916351444381803, 34.272947335777495 ], [ 132.916939329083988, 34.272863450233785 ], [ 132.91709190368627, 34.273287219637439 ], [ 132.917278534048393, 34.273275231372473 ], [ 132.917270326341196, 34.273086806928553 ], [ 132.917393182806251, 34.273096901098903 ], [ 132.917414793854846, 34.273332996736201 ], [ 132.917757912433814, 34.273325544187713 ], [ 132.917858789644242, 34.273067991755291 ], [ 132.918137320738225, 34.273124885059495 ], [ 132.91808299439387, 34.273608378536593 ] ] ] } },
{ "type": "Feature", "properties": { "CITY_NAME": "大崎上島町", "S_NAME": "東野", "JINKO": 210, "medical_area": "34_広島中央医療圏", "町丁目名": "大崎上島町東野" }, "geometry": { "type": "Polygon", "coordinates": [ [ [ 132.914933388881764, 34.270512855889208 ], [ 132.915816761847822, 34.269377596089107 ], [ 132.91650445062723, 34.267675418064201 ], [ 132.917221751812178, 34.267896275425358 ], [ 132.91733917856493, 34.267697220460946 ], [ 132.918212081261004, 34.267489738346349 ], [ 132.918660385873892, 34.267731673828223 ], [ 132.918795239337442, 34.267641821400588 ], [ 132.918333483225155, 34.267108661813545 ], [ 132.918254360746204, 34.266711205198902 ], [ 132.918882731569482, 34.26611023315202 ], [ 132.918474750025894, 34.265651403091603 ], [ 132.918713048549279, 34.265346099020817 ], [ 132.918454689614322, 34.264645614555953 ], [ 132.918752231004135, 34.263476591971006 ], [ 132.918251405667576, 34.263622353969176 ], [ 132.917813047767766, 34.264010440951743 ], [ 132.916903824459183, 34.264145595166532 ], [ 132.91680765000558, 34.264368467242726 ], [ 132.915266166050031, 34.264829909221973 ], [ 132.91374688500207, 34.264408118018245 ], [ 132.91261490113331, 34.263758148574233 ], [ 132.911962083012185, 34.263177524478792 ], [ 132.908926179847214, 34.26418790625857 ], [ 132.908485690405911, 34.264164236077228 ], [ 132.908220187113614, 34.263983002984446 ], [ 132.907997498502908, 34.264175788403165 ], [ 132.907534648523693, 34.26404955984389 ], [ 132.910276637207403, 34.266540186509175 ], [ 132.911620304009602, 34.26744977306258 ], [ 132.910737415440849, 34.268066341082616 ], [ 132.911648586910331, 34.269185054716132 ], [ 132.910785372452835, 34.268078728152545 ], [ 132.911387771503598, 34.267681075502772 ], [ 132.912538632315716, 34.268888480881955 ], [ 132.912732827094061, 34.268994498917209 ], [ 132.912924017213157, 34.268875291321315 ], [ 132.913689159573977, 34.269440574312611 ], [ 132.913266804798326, 34.269696277812898 ], [ 132.913496471596659, 34.269879694422045 ], [ 132.91382151338442, 34.269546825507412 ], [ 132.914061215959606, 34.26976173354624 ], [ 132.913923174065218, 34.269866250535642 ], [ 132.914336865774885, 34.270232511271345 ], [ 132.914477175512616, 34.270135164644969 ], [ 132.914933388881764, 34.270512855889208 ] ] ] } },
{ "type": "Feature", "properties": { "CITY_NAME": "大崎上島町", "S_NAME": "東野", "JINKO": 57, "medical_area": "34_広島中央医療圏", "町丁目名": "大崎上島町東野" }, "geometry": { "type": "Polygon", "coordinates": [ [ [ 132.918560250751455, 34.263466639443138 ], [ 132.919944450739564, 34.263046973351322 ], [ 132.923745750121668, 34.261445101438888 ], [ 132.925087088228537, 34.2606987235459 ], [ 132.925412518578071, 34.259340762322417 ], [ 132.92528299481927, 34.258434254664749 ], [ 132.924205808059526, 34.256450475605348 ], [ 132.92352908831333, 34.255675234537492 ], [ 132.922926586196326, 34.255571738022979 ], [ 132.922306396113697, 34.255728666555669 ], [ 132.921264939166292, 34.256661958010206 ], [ 132.920136760615264, 34.25690948316943 ], [ 132.920041784355504, 34.25722672791133 ], [ 132.918902756464092, 34.257257377625855 ], [ 132.918964741297941, 34.258007519667387 ], [ 132.918381697335775, 34.258290282651039 ], [ 132.918163586902949, 34.258564752441508 ], [ 132.918459623448257, 34.259517009593367 ], [ 132.918830795051889, 34.26211451777035 ], [ 132.917989064907232, 34.263169390640172 ], [ 132.918075358591778, 34.263810921705264 ], [ 132.918560250751455, 34.263466639443138 ] ] ] } },
{ "type": "Feature", "properties": { "CITY_NAME": "大崎上島町", "S_NAME": "東野", "JINKO": 48, "medical_area": "34_広島中央医療圏", "町丁目名": "大崎上島町東野" }, "geometry": { "type": "Polygon", "coordinates": [ [ [ 132.916903824459183, 34.264145595166532 ], [ 132.917995131558996, 34.26390917241531 ], [ 132.917989064907232, 34.263169390640172 ], [ 132.918830795051889, 34.26211451777035 ], [ 132.918459623448257, 34.259517009593367 ], [ 132.918163586902949, 34.258564752441508 ], [ 132.918381697335775, 34.258290282651039 ], [ 132.918964741297941, 34.258007519667387 ], [ 132.918902756464092, 34.257257377625855 ], [ 132.918356885018483, 34.256664304365501 ], [ 132.91672932794404, 34.255870069433264 ], [ 132.916437586153705, 34.255895375971413 ], [ 132.91626896709414, 34.255504805129391 ], [ 132.915905985212362, 34.255655773159553 ], [ 132.916272978792591, 34.256358554556186 ], [ 132.915957522743355, 34.256713625268794 ], [ 132.915309744503475, 34.256440076383804 ], [ 132.914650207056042, 34.256370566126286 ], [ 132.914297132634886, 34.256539499205338 ], [ 132.914014402388233, 34.256395004607448 ], [ 132.914007569396972, 34.256217136337533 ], [ 132.914776397344809, 34.25580183584416 ], [ 132.914783090810545, 34.255456116187737 ], [ 132.912813002245059, 34.254548552038315 ], [ 132.912907487385752, 34.256065075273398 ], [ 132.912464787084247, 34.259034768008021 ], [ 132.912946289533522, 34.259661077861232 ], [ 132.912993962690933, 34.259910539121996 ], [ 132.912856640032231, 34.259950815344034 ], [ 132.913044219948745, 34.260078142594672 ], [ 132.912005890377856, 34.261902290599799 ], [ 132.912320488682241, 34.262667108507259 ], [ 132.911962083012185, 34.263177524478792 ], [ 132.91261490113331, 34.263758148574233 ], [ 132.914721495837853, 34.264777587684861 ], [ 132.915663800189293, 34.264803396170109 ], [ 132.916936455687335, 34.264304713302636 ], [ 132.916903824459183, 34.264145595166532 ] ] ] } },
{ "type": "Feature", "properties": { "CITY_NAME": "大崎上島町", "S_NAME": "東野", "JINKO": 25, "medical_area": "34_広島中央医療圏", "町丁目名": "大崎上島町東野" }, "geometry": { "type": "Polygon", "coordinates": [ [ [ 132.920041784355504, 34.25722672791133 ], [ 132.920136760615264, 34.25690948316943 ], [ 132.921264939166292, 34.256661958010206 ], [ 132.92242894153199, 34.255697203741214 ], [ 132.9214546417912, 34.25517439539788 ], [ 132.921259657151552, 34.254987118316848 ], [ 132.921267280221599, 34.254586876949155 ], [ 132.920744227361297, 34.25427906412007 ], [ 132.920790528655601, 34.253916477590145 ], [ 132.921322535373832, 34.254077736552311 ], [ 132.921718477632282, 34.253858089536756 ], [ 132.921370533018063, 34.253705842766259 ], [ 132.921549721640162, 34.253159595905871 ], [ 132.919201954936824, 34.252590694411168 ], [ 132.918381452542974, 34.251929996414063 ], [ 132.917954067692648, 34.251856688036732 ], [ 132.917388442486271, 34.251298098603456 ], [ 132.917293908432555, 34.250891859476631 ], [ 132.917613028425166, 34.250035703257339 ], [ 132.917477122357298, 34.249946663635363 ], [ 132.917717825757478, 34.249668390941444 ], [ 132.917235810480918, 34.248761635119415 ], [ 132.916714450790863, 34.248839903604384 ], [ 132.916536983703793, 34.249133282562859 ], [ 132.912154774355713, 34.250268868570792 ], [ 132.910481712397541, 34.252746547997404 ], [ 132.910443811635105, 34.25293131102854 ], [ 132.910971029220946, 34.253717092454153 ], [ 132.914783090810545, 34.255456116187737 ], [ 132.91484642898547, 34.255730977296402 ], [ 132.914007569396972, 34.256217136337533 ], [ 132.914054400093676, 34.256428709714648 ], [ 132.914297132634886, 34.256539499205338 ], [ 132.914650207056042, 34.256370566126286 ], [ 132.915309744503475, 34.256440076383804 ], [ 132.915957522743355, 34.256713625268794 ], [ 132.916272978792591, 34.256358554556186 ], [ 132.915905985212362, 34.255655773159553 ], [ 132.91626896709414, 34.255504805129391 ], [ 132.916437586153705, 34.255895375971413 ], [ 132.91672932794404, 34.255870069433264 ], [ 132.918356885018483, 34.256664304365501 ], [ 132.918869039179754, 34.257252513127327 ], [ 132.920041784355504, 34.25722672791133 ] ] ] } },
{ "type": "Feature", "properties": { "CITY_NAME": "大崎上島町", "S_NAME": "東野", "JINKO": 632, "medical_area": "34_広島中央医療圏", "町丁目名": "大崎上島町東野" }, "geometry": { "type": "Polygon", "coordinates": [ [ [ 132.908926179847214, 34.26418790625857 ], [ 132.911962083012185, 34.263177524478792 ], [ 132.912320488682241, 34.262667108507259 ], [ 132.912005890377856, 34.261902290599799 ], [ 132.913044219948745, 34.260078142594672 ], [ 132.912856640032231, 34.259950815344034 ], [ 132.912993962690933, 34.259910539121996 ], [ 132.912946289533522, 34.259661077861232 ], [ 132.912464787084247, 34.259034768008021 ], [ 132.912716318372759, 34.257172858947825 ], [ 132.911677789937585, 34.257182123770022 ], [ 132.910783576234962, 34.257608586770587 ], [ 132.909540790366862, 34.257802060216569 ], [ 132.908559987850623, 34.256908600061308 ], [ 132.908226073728486, 34.257560848239656 ], [ 132.907728491470579, 34.257812908802194 ], [ 132.906857885352508, 34.258757736448025 ], [ 132.907284807007272, 34.259578638284879 ], [ 132.90629471369806, 34.260093989151429 ], [ 132.905966220908397, 34.259779596491462 ], [ 132.906255114511566, 34.260163674096773 ], [ 132.907293610992895, 34.259595770840619 ], [ 132.907764136061672, 34.259884085008331 ], [ 132.908713108155325, 34.260130750026207 ], [ 132.908030617038889, 34.261048112311364 ], [ 132.908335828803416, 34.261433917304856 ], [ 132.908087128949148, 34.261677992603943 ], [ 132.907538803855147, 34.262047281188451 ], [ 132.90731186455676, 34.261803409693741 ], [ 132.907504222829346, 34.261576861412493 ], [ 132.907273799703091, 34.261796456049503 ], [ 132.906733287319156, 34.261818603742086 ], [ 132.907085454280747, 34.261861549403406 ], [ 132.907071724649569, 34.263266336579562 ], [ 132.907534648523693, 34.26404955984389 ], [ 132.907997498502908, 34.264175788403165 ], [ 132.908220187113614, 34.263983002984446 ], [ 132.908485690405911, 34.264164236077228 ], [ 132.908926179847214, 34.26418790625857 ] ] ] } },
{ "type": "Feature", "properties": { "CITY_NAME": "大崎上島町", "S_NAME": "東野", "JINKO": 51, "medical_area": "34_広島中央医療圏", "町丁目名": "大崎上島町東野" }, "geometry": { "type": "Polygon", "coordinates": [ [ [ 132.908559987850623, 34.256908600061308 ], [ 132.909540790366862, 34.257802060216569 ], [ 132.910783576234962, 34.257608586770587 ], [ 132.911677789937585, 34.257182123770022 ], [ 132.912716318372759, 34.257172858947825 ], [ 132.912907487385752, 34.256065075273398 ], [ 132.912813002245059, 34.254548552038315 ], [ 132.910971029220946, 34.253717092454153 ], [ 132.910443811635105, 34.25293131102854 ], [ 132.90931778642954, 34.252282414910148 ], [ 132.907010450689455, 34.251918737643457 ], [ 132.903156819603822, 34.251725340743967 ], [ 132.902912261954242, 34.252102496612693 ], [ 132.901548401347554, 34.252576812559262 ], [ 132.900919779405598, 34.252575233285391 ], [ 132.901272817455293, 34.252976970722131 ], [ 132.901868820476295, 34.253089605276557 ], [ 132.902001398872159, 34.25335306929064 ], [ 132.903262415350497, 34.253914293174205 ], [ 132.903796385651219, 34.255004601409532 ], [ 132.904859306761665, 34.254509540151595 ], [ 132.904898196494599, 34.25461129066921 ], [ 132.904108562249917, 34.255075829394819 ], [ 132.904037170863489, 34.255351224960407 ], [ 132.90479049693343, 34.256196793519699 ], [ 132.906381968173434, 34.256912911276714 ], [ 132.906641834331907, 34.258322226008751 ], [ 132.906857885352508, 34.258757736448025 ], [ 132.907728491470579, 34.257812908802194 ], [ 132.908226073728486, 34.257560848239656 ], [ 132.908559987850623, 34.256908600061308 ] ] ] } },
{ "type": "Feature", "properties": { "CITY_NAME": "大崎上島町", "S_NAME": "東野", "JINKO": 40, "medical_area": "34_広島中央医療圏", "町丁目名": "大崎上島町東野" }, "geometry": { "type": "Polygon", "coordinates": [ [ [ 132.910443811635105, 34.25293131102854 ], [ 132.912154774355713, 34.250268868570792 ], [ 132.912511156148497, 34.24921768316436 ], [ 132.913224524360913, 34.246590724917496 ], [ 132.913153223589148, 34.244663001317306 ], [ 132.913946069957802, 34.242898921397327 ], [ 132.913618445243998, 34.242803437336001 ], [ 132.913187644910835, 34.243192449059748 ], [ 132.912714507270067, 34.243339993451528 ], [ 132.910811085858683, 34.242725827138528 ], [ 132.910643907528652, 34.24283981391973 ], [ 132.91008333182981, 34.244077466490282 ], [ 132.910001025414402, 34.244680865760493 ], [ 132.909324453658797, 34.245576931308186 ], [ 132.908907692165258, 34.246535369943459 ], [ 132.907993538292658, 34.246891104183241 ], [ 132.907417945939073, 34.247603563693332 ], [ 132.906642863896025, 34.247968163489787 ], [ 132.904559110356814, 34.248349111661426 ], [ 132.90404325533234, 34.247921318781565 ], [ 132.903651098167529, 34.248246261168262 ], [ 132.903339667070924, 34.248228557022806 ], [ 132.902910538885124, 34.24778586929876 ], [ 132.903030136378163, 34.247231553403367 ], [ 132.902788812054325, 34.246819710844377 ], [ 132.903700893434092, 34.245980583273202 ], [ 132.904409724164537, 34.24489616168831 ], [ 132.905874813932257, 34.24422947729515 ], [ 132.90673708780227, 34.243646013377941 ], [ 132.907918854161437, 34.243558279173953 ], [ 132.91000644008875, 34.24383057384037 ], [ 132.910170207619956, 34.243598563859962 ], [ 132.907043619785242, 34.243445115467452 ], [ 132.90696503456374, 34.242742396527163 ], [ 132.906830162415901, 34.242623478581493 ], [ 132.906676510821313, 34.243401416489924 ], [ 132.905521372167698, 34.244148785622912 ], [ 132.904077773179921, 34.244605308446495 ], [ 132.903652470646279, 34.245105685723026 ], [ 132.902914711485892, 34.245314242363584 ], [ 132.902205616930047, 34.246010293289494 ], [ 132.901784417938501, 34.246174820170857 ], [ 132.902686489320303, 34.246825538653042 ], [ 132.901253134245877, 34.248711872977402 ], [ 132.902450267919704, 34.249416040990489 ], [ 132.903290420195191, 34.248777237593501 ], [ 132.903461590069156, 34.248982573242046 ], [ 132.902894685518874, 34.249334906046109 ], [ 132.903716259329116, 34.250174721255711 ], [ 132.903416214185739, 34.250627293449256 ], [ 132.903621572454568, 34.251270650846614 ], [ 132.903156819603822, 34.251725340743967 ], [ 132.907010450689455, 34.251918737643457 ], [ 132.90931778642954, 34.252282414910148 ], [ 132.910443811635105, 34.25293131102854 ] ] ] } },
{ "type": "Feature", "properties": { "CITY_NAME": "大崎上島町", "S_NAME": "東野", "JINKO": 0, "medical_area": "34_広島中央医療圏", "町丁目名": "大崎上島町東野" }, "geometry": { "type": "Polygon", "coordinates": [ [ [ 132.91594237292577, 34.294992040478817 ], [ 132.916338140114362, 34.295036526129934 ], [ 132.916228597558444, 34.29480913981736 ], [ 132.91594237292577, 34.294992040478817 ] ] ] } },
{ "type": "Feature", "properties": { "CITY_NAME": "大崎上島町", "S_NAME": "東野", "JINKO": 0, "medical_area": "34_広島中央医療圏", "町丁目名": "大崎上島町東野" }, "geometry": { "type": "Polygon", "coordinates": [ [ [ 132.905009794118399, 34.289582568228788 ], [ 132.904939869636223, 34.289408178875206 ], [ 132.9041116089833, 34.289595312596099 ], [ 132.903996733399339, 34.289742924763928 ], [ 132.90461292211981, 34.290028540608091 ], [ 132.904738189484789, 34.289701405727236 ], [ 132.905009794118399, 34.289582568228788 ] ] ] } },
{ "type": "Feature", "properties": { "CITY_NAME": "大崎上島町", "S_NAME": "東野", "JINKO": 0, "medical_area": "34_広島中央医療圏", "町丁目名": "大崎上島町東野" }, "geometry": { "type": "Polygon", "coordinates": [ [ [ 132.917683401213452, 34.279601444460802 ], [ 132.917396099919046, 34.279533759131198 ], [ 132.917671991688678, 34.279663775740794 ], [ 132.917683401213452, 34.279601444460802 ] ] ] } },
{ "type": "Feature", "properties": { "CITY_NAME": "大崎上島町", "S_NAME": "東野", "JINKO": 0, "medical_area": "34_広島中央医療圏", "町丁目名": "大崎上島町東野" }, "geometry": { "type": "Polygon", "coordinates": [ [ [ 132.916740872249989, 34.294271287023847 ], [ 132.916570163029178, 34.294379669548654 ], [ 132.916540302128453, 34.294561988493491 ], [ 132.916780362043625, 34.29456051853083 ], [ 132.916740872249989, 34.294271287023847 ] ] ] } },
{ "type": "Feature", "properties": { "CITY_NAME": "大崎上島町", "S_NAME": "東野", "JINKO": 11, "medical_area": "34_広島中央医療圏", "町丁目名": "大崎上島町東野" }, "geometry": { "type": "Polygon", "coordinates": [ [ [ 132.915548004280339, 34.299992548886102 ], [ 132.916078445439609, 34.299785475017941 ], [ 132.916238251616051, 34.299432903462673 ], [ 132.915986743885043, 34.299131587558094 ], [ 132.916634536390006, 34.298684891081251 ], [ 132.917016595434859, 34.298770026100691 ], [ 132.917503534991852, 34.299291755541262 ], [ 132.918641057917512, 34.299184764176196 ], [ 132.917963730670209, 34.298517287583749 ], [ 132.917529524025753, 34.298303585240696 ], [ 132.917070424923565, 34.298344150332056 ], [ 132.91687858633631, 34.298034300541275 ], [ 132.916474457041062, 34.298024238068017 ], [ 132.916228338072443, 34.297708380672731 ], [ 132.916462555702367, 34.298031494934982 ], [ 132.916321765007126, 34.298441704713909 ], [ 132.915697944295573, 34.298530179628656 ], [ 132.915383988012394, 34.298286857740948 ], [ 132.915253017488595, 34.297606163296571 ], [ 132.914845856821984, 34.297503144991488 ], [ 132.914684252138215, 34.297166061183219 ], [ 132.914717360640395, 34.296488871881543 ], [ 132.915753751783569, 34.2951572994873 ], [ 132.914673294229402, 34.294833015470516 ], [ 132.914581205969625, 34.29448733678516 ], [ 132.914168633800529, 34.294394349652315 ], [ 132.914187854658024, 34.294112083492941 ], [ 132.914484765792452, 34.293909259855518 ], [ 132.914160691885087, 34.293613735169608 ], [ 132.914447780943647, 34.293289124334159 ], [ 132.914884801296893, 34.293326178172975 ], [ 132.915215842811335, 34.292934668637336 ], [ 132.91529595245305, 34.292409464107159 ], [ 132.915524307387869, 34.292437931037327 ], [ 132.915369185642447, 34.292342387585094 ], [ 132.915453068507873, 34.292251722297699 ], [ 132.916163912206741, 34.292296958002915 ], [ 132.916693089006657, 34.291952970733348 ], [ 132.916826720542616, 34.291597740280963 ], [ 132.916502735412621, 34.290825398402603 ], [ 132.91659432014967, 34.29050381071584 ], [ 132.91684687624749, 34.290439157114463 ], [ 132.917599484177799, 34.291278456076455 ], [ 132.917738936403737, 34.291205478894909 ], [ 132.917811985107051, 34.290632562322934 ], [ 132.918725265839043, 34.290732464401437 ], [ 132.9189681481798, 34.291286255419266 ], [ 132.919379580509514, 34.291385571547551 ], [ 132.919596519824267, 34.291836831988093 ], [ 132.9201071880874, 34.29197793547344 ], [ 132.920648107114289, 34.292825703622221 ], [ 132.921350574115564, 34.293034080199099 ], [ 132.921730972409364, 34.293789017217236 ], [ 132.922145394456066, 34.294097488024988 ], [ 132.92215355033818, 34.294524817787135 ], [ 132.922534176638891, 34.29468826624727 ], [ 132.922915521515705, 34.29542333441681 ], [ 132.923165269505262, 34.295536315618406 ], [ 132.923323777957933, 34.296130341760829 ], [ 132.923109444584782, 34.2964553657199 ], [ 132.923126347733273, 34.296768962482666 ], [ 132.924041048486004, 34.297745974984913 ], [ 132.924447163988901, 34.297485688966319 ], [ 132.924808595139496, 34.297569944429426 ], [ 132.925082795187024, 34.29690028083278 ], [ 132.925532974795203, 34.296831573203534 ], [ 132.925667104948928, 34.296044732143706 ], [ 132.92620115432706, 34.295282320319778 ], [ 132.926058472234246, 34.294873857791714 ], [ 132.92628186172297, 34.294594835397525 ], [ 132.926111070425605, 34.293957644721175 ], [ 132.925578219845363, 34.293655268584494 ], [ 132.925715950730677, 34.293146044582336 ], [ 132.925479442232813, 34.292815634191605 ], [ 132.925689297114388, 34.292352871292749 ], [ 132.926108180095042, 34.291949105198412 ], [ 132.925897902020751, 34.291761085990963 ], [ 132.925587139455644, 34.29186386417836 ], [ 132.92525328908954, 34.291701962387698 ], [ 132.924837469502364, 34.291115723129899 ], [ 132.924941553314426, 34.29085645659508 ], [ 132.92473753465319, 34.289551352619284 ], [ 132.925166246630994, 34.288542666061879 ], [ 132.925875108249073, 34.287898210913625 ], [ 132.925519433950939, 34.287723623052131 ], [ 132.925374557563288, 34.287428001363047 ], [ 132.924407608823202, 34.287038137034926 ], [ 132.92444542075819, 34.286287813655584 ], [ 132.924890500465381, 34.285420609859052 ], [ 132.924507270385419, 34.285312958483544 ], [ 132.923693891326252, 34.284483085437884 ], [ 132.923514685008513, 34.28387750030312 ], [ 132.923072935272273, 34.283544828190152 ], [ 132.922240396079417, 34.283357955209439 ], [ 132.921509454679153, 34.283724051168321 ], [ 132.921749293092063, 34.283824415081916 ], [ 132.921498817408178, 34.283986399184528 ], [ 132.921323473738767, 34.283934234556035 ], [ 132.921445661960718, 34.283754165303485 ], [ 132.921296941015129, 34.283880307391158 ], [ 132.920913906764127, 34.283678980611441 ], [ 132.921069326956228, 34.282717070480793 ], [ 132.920108991841346, 34.282450693875766 ], [ 132.920158287337102, 34.281642552480918 ], [ 132.91962797745677, 34.281004892244091 ], [ 132.919034570232185, 34.281074318264729 ], [ 132.91855310438342, 34.281889621119987 ], [ 132.917896827070678, 34.281864768504882 ], [ 132.917553879829654, 34.281398927916982 ], [ 132.916563300657629, 34.280782101750674 ], [ 132.916902528729054, 34.27997133875698 ], [ 132.916423025412143, 34.279662404536076 ], [ 132.915931522590171, 34.279712175310031 ], [ 132.915641642401908, 34.280089906498979 ], [ 132.915240273903095, 34.280267308530526 ], [ 132.91449947828167, 34.279761486727061 ], [ 132.914224447626566, 34.279862330967205 ], [ 132.914164405631226, 34.281416969849772 ], [ 132.914536104488661, 34.282055625497385 ], [ 132.91489528332616, 34.282267120233428 ], [ 132.915166268435001, 34.283431098752651 ], [ 132.914913890115969, 34.283513776841723 ], [ 132.914615175567548, 34.283384880827548 ], [ 132.913834800534488, 34.282829010801592 ], [ 132.913622990446726, 34.28246237002972 ], [ 132.912783852546909, 34.282379160891416 ], [ 132.91199638101287, 34.282007145758342 ], [ 132.912432912040629, 34.282609353936941 ], [ 132.912400979091473, 34.282932404951659 ], [ 132.912882773881222, 34.282886086152196 ], [ 132.913701086795498, 34.283797971420668 ], [ 132.913733369594951, 34.284520960974106 ], [ 132.91348637445509, 34.284694460403578 ], [ 132.913247009911146, 34.284397572786247 ], [ 132.913117498545859, 34.284490345111948 ], [ 132.913420491971294, 34.284738247632589 ], [ 132.912882697023917, 34.285083115642557 ], [ 132.912551803651354, 34.284760584313545 ], [ 132.912639239688019, 34.284448182616842 ], [ 132.912536114586743, 34.284703912320111 ], [ 132.912066479975778, 34.284533651209891 ], [ 132.911886503093939, 34.284561791871248 ], [ 132.9116488558833, 34.284958075577912 ], [ 132.911441749694973, 34.28487369066756 ], [ 132.910958386549083, 34.284503483197284 ], [ 132.91085796963452, 34.284316605683657 ], [ 132.911020292620378, 34.284009102390272 ], [ 132.910623057766117, 34.283792333038235 ], [ 132.910625527308866, 34.28333169647879 ], [ 132.910341525019078, 34.283023241410817 ], [ 132.90987931199038, 34.28295223439514 ], [ 132.909601345224132, 34.283087319567144 ], [ 132.909591794366946, 34.283602090377592 ], [ 132.909847579978731, 34.283789856093726 ], [ 132.909893200089556, 34.284161879822939 ], [ 132.909214279703463, 34.284641133338738 ], [ 132.909219146437692, 34.285193709205494 ], [ 132.908924822982328, 34.285447922099038 ], [ 132.908926902672931, 34.285684135893639 ], [ 132.908046784485293, 34.286376462927564 ], [ 132.907218409514542, 34.287782506870172 ], [ 132.906547264137686, 34.2871707160838 ], [ 132.906425402207731, 34.286154562559943 ], [ 132.90572599710967, 34.284185441482684 ], [ 132.905224628352613, 34.283858427243892 ], [ 132.904877872351875, 34.28481162851822 ], [ 132.905345479727714, 34.285749066732087 ], [ 132.905452004518736, 34.286498518461542 ], [ 132.905782743188013, 34.286940943299925 ], [ 132.905386305024081, 34.28916657931844 ], [ 132.906124044908609, 34.288943923862739 ], [ 132.906577613847389, 34.289138670938272 ], [ 132.907460266202804, 34.290081617339773 ], [ 132.90770274475733, 34.290983502313757 ], [ 132.907517592707734, 34.291042377884743 ], [ 132.907715972142796, 34.291001452630717 ], [ 132.906874126147812, 34.291864828900295 ], [ 132.906966567029428, 34.292611688824088 ], [ 132.907412836419866, 34.293585307375395 ], [ 132.90740225760581, 34.294360681045056 ], [ 132.907605652165813, 34.294879656423454 ], [ 132.908172679205592, 34.29501229327493 ], [ 132.908439278081147, 34.29543171621426 ], [ 132.909420547810726, 34.295596065495353 ], [ 132.910173669709081, 34.295640229975383 ], [ 132.91074505252169, 34.295150783184368 ], [ 132.911228995444759, 34.29533997945996 ], [ 132.911226129808597, 34.295630174708933 ], [ 132.911064315101868, 34.295632143763477 ], [ 132.911225783121722, 34.295715821532283 ], [ 132.91071613642896, 34.296056144158356 ], [ 132.911300532685999, 34.295810027052767 ], [ 132.911824464740278, 34.296959944478679 ], [ 132.912289636721908, 34.297232077921194 ], [ 132.912797211726769, 34.297874421274955 ], [ 132.912957187829619, 34.299139240097674 ], [ 132.913524025723035, 34.29887349845297 ], [ 132.914099184227069, 34.298924080909558 ], [ 132.914647943197309, 34.299929448812385 ], [ 132.915663949437118, 34.300452460602514 ], [ 132.915548004280339, 34.299992548886102 ] ] ] } },
{ "type": "Feature", "properties": { "CITY_NAME": "大崎上島町", "S_NAME": "東野", "JINKO": 33, "medical_area": "34_広島中央医療圏", "町丁目名": "大崎上島町東野" }, "geometry": { "type": "Polygon", "coordinates": [ [ [ 132.903817300922015, 34.298654564739969 ], [ 132.903320033176243, 34.298436687323516 ], [ 132.903339990434262, 34.298234710488842 ], [ 132.903732722482147, 34.298173746165745 ], [ 132.90336028577309, 34.298187681029411 ], [ 132.903414387398698, 34.297668980792615 ], [ 132.903233975501564, 34.297166061255865 ], [ 132.903412080329048, 34.297163298389975 ], [ 132.903239154997067, 34.297137294093581 ], [ 132.903398786757947, 34.297001949316758 ], [ 132.903116190666168, 34.296487952840742 ], [ 132.902819639010744, 34.296367187365455 ], [ 132.902656329669128, 34.295577508175043 ], [ 132.902781733632935, 34.294760032305433 ], [ 132.902559527728982, 34.294318637087173 ], [ 132.902151796615442, 34.294147124021968 ], [ 132.901582259572109, 34.294357052904019 ], [ 132.901217413813271, 34.294743235941255 ], [ 132.901311029299222, 34.295638842096039 ], [ 132.901098003948675, 34.296501917726474 ], [ 132.900969914878345, 34.296508040021699 ], [ 132.901100440318118, 34.296528104076828 ], [ 132.90111681242567, 34.297032857016575 ], [ 132.900957326214382, 34.297059028280742 ], [ 132.901118299147413, 34.297076937504144 ], [ 132.901258316409013, 34.297814498027336 ], [ 132.901372005701745, 34.297772261418629 ], [ 132.902038247512507, 34.298555398244162 ], [ 132.902468479399147, 34.299308256737 ], [ 132.902845421092479, 34.299440231816959 ], [ 132.904048432247976, 34.299366358863253 ], [ 132.903817300922015, 34.298654564739969 ] ] ] } },
{ "type": "Feature", "properties": { "CITY_NAME": "大崎上島町", "S_NAME": "東野", "JINKO": 0, "medical_area": "34_広島中央医療圏", "町丁目名": "大崎上島町東野" }, "geometry": { "type": "Polygon", "coordinates": [ [ [ 132.936797503987549, 34.279022600606609 ], [ 132.937282595802799, 34.278540082807027 ], [ 132.938228970448478, 34.278398800093285 ], [ 132.938030489610526, 34.277838283092251 ], [ 132.938182991805974, 34.277283456950812 ], [ 132.938765309108589, 34.277025134111824 ], [ 132.939196635167548, 34.277021588838728 ], [ 132.938970366227693, 34.276763114249469 ], [ 132.938644629931389, 34.275413714684703 ], [ 132.93805265612599, 34.275160905612893 ], [ 132.937420808267888, 34.274358554612085 ], [ 132.936339269335036, 34.274065125881343 ], [ 132.935570154869708, 34.272710309827403 ], [ 132.934815232636311, 34.272168041323461 ], [ 132.93462989933991, 34.271836339208193 ], [ 132.934561811940284, 34.271186398365522 ], [ 132.934760628643318, 34.270274617625297 ], [ 132.933806847326736, 34.269132398951598 ], [ 132.933100461417268, 34.26651154970034 ], [ 132.932952438806865, 34.26487677746092 ], [ 132.93230990943178, 34.264006159475926 ], [ 132.932198215688231, 34.262483425730693 ], [ 132.931534416425507, 34.260684356524024 ], [ 132.931695994102597, 34.259726039604409 ], [ 132.931561516960556, 34.25941401519276 ], [ 132.931802167672714, 34.258485351767227 ], [ 132.931602211222497, 34.258108373080077 ], [ 132.930254204365781, 34.258021232004396 ], [ 132.929458371058189, 34.256161120480165 ], [ 132.928101347594293, 34.254673679741508 ], [ 132.92847929026766, 34.254114928520821 ], [ 132.92798228384035, 34.253894873004626 ], [ 132.927830925949706, 34.253316433859574 ], [ 132.928286003715044, 34.252187266031832 ], [ 132.928076660440212, 34.251122355333798 ], [ 132.927344726550217, 34.249356771964884 ], [ 132.926504864966631, 34.248564803630465 ], [ 132.925727754136688, 34.248808784021264 ], [ 132.924827222343652, 34.249761647202895 ], [ 132.924385558523028, 34.249892552471152 ], [ 132.923242200196597, 34.249162437309536 ], [ 132.92206352948449, 34.249575652714299 ], [ 132.921335679265837, 34.249430532942895 ], [ 132.920982867505472, 34.247884456520076 ], [ 132.920647776527801, 34.247630141766997 ], [ 132.920459571116368, 34.246802590140163 ], [ 132.920520827328914, 34.245995903479695 ], [ 132.919984713288528, 34.245434468323204 ], [ 132.91962011070683, 34.244569544651789 ], [ 132.919802320156521, 34.244182741708663 ], [ 132.919735753832697, 34.243118079256391 ], [ 132.918294089343277, 34.243133817942635 ], [ 132.917009212200838, 34.242343966524402 ], [ 132.915939848799155, 34.242614336237217 ], [ 132.915496594469602, 34.242409970642193 ], [ 132.914295539522698, 34.242242337862791 ], [ 132.914324535924607, 34.242701660610706 ], [ 132.913820952666725, 34.243011811033327 ], [ 132.913153223589148, 34.244663001317292 ], [ 132.913224524360913, 34.246590724917496 ], [ 132.912154774355685, 34.250268868570792 ], [ 132.916536983703793, 34.249133282562845 ], [ 132.916836840542061, 34.248791684086662 ], [ 132.917324057944313, 34.248813497067118 ], [ 132.91771782575745, 34.24966839094143 ], [ 132.917477122357326, 34.249946663635363 ], [ 132.917613028425166, 34.250035703257339 ], [ 132.917293908432555, 34.250891859476631 ], [ 132.917388442486271, 34.251298098603456 ], [ 132.917954067692648, 34.251856688036732 ], [ 132.918381452542974, 34.251929996414063 ], [ 132.919201954936824, 34.252590694411197 ], [ 132.92154972164019, 34.253159595905856 ], [ 132.921370533018063, 34.253705842766273 ], [ 132.921718477632282, 34.253858089536756 ], [ 132.921322535373832, 34.25407773655229 ], [ 132.920790528655544, 34.253916477590131 ], [ 132.920793562957897, 34.254361025522776 ], [ 132.921267280221599, 34.254586876949155 ], [ 132.921259657151552, 34.254987118316848 ], [ 132.9214546417912, 34.25517439539788 ], [ 132.92242894153199, 34.255697203741214 ], [ 132.923302422357409, 34.255597884779888 ], [ 132.92372199266137, 34.255828295106653 ], [ 132.924918504404275, 34.257593990972268 ], [ 132.925282994819241, 34.258434254664749 ], [ 132.925412518578071, 34.259340762322417 ], [ 132.925087088228537, 34.2606987235459 ], [ 132.92374575012164, 34.261445101438888 ], [ 132.918752231004135, 34.263476591971006 ], [ 132.918454689614379, 34.264645614555953 ], [ 132.918713048549279, 34.265346099020825 ], [ 132.918474750025894, 34.265651403091603 ], [ 132.918882731569482, 34.266110233152027 ], [ 132.918254360746204, 34.266711205198916 ], [ 132.918333483225155, 34.267108661813559 ], [ 132.918795239337442, 34.267641821400581 ], [ 132.918602539985756, 34.267923743692954 ], [ 132.918702874655338, 34.268235283657155 ], [ 132.918222502896441, 34.268508826293321 ], [ 132.91830069226657, 34.268801203843338 ], [ 132.918758600409433, 34.268624572096599 ], [ 132.919019264577429, 34.268782010331428 ], [ 132.91872719301108, 34.269337536566212 ], [ 132.919315202518732, 34.269689753723178 ], [ 132.918960946371016, 34.269988303764983 ], [ 132.918957708145939, 34.270215395366428 ], [ 132.919773708991272, 34.270408302566437 ], [ 132.920088816916319, 34.27010562490706 ], [ 132.920397816500383, 34.270278961076762 ], [ 132.920644553173958, 34.270186588326034 ], [ 132.920966220901306, 34.269868373005799 ], [ 132.920727729938847, 34.269144671897664 ], [ 132.922043352012878, 34.26780189654 ], [ 132.921756253887281, 34.26909186226974 ], [ 132.921909236716203, 34.270375878033796 ], [ 132.922132370220282, 34.270471559109211 ], [ 132.922092431978541, 34.270720710259823 ], [ 132.92109562846656, 34.270983637700382 ], [ 132.921108005673744, 34.271334169614825 ], [ 132.920495061097029, 34.27177433152255 ], [ 132.920598717784173, 34.271962592732102 ], [ 132.920320200918241, 34.272439716872242 ], [ 132.920426610133973, 34.272574855295666 ], [ 132.920884501346762, 34.272271298722877 ], [ 132.921598764648053, 34.272488623660152 ], [ 132.925460507587019, 34.271432749240418 ], [ 132.925633227612394, 34.271563250111477 ], [ 132.925359304103324, 34.272010630522871 ], [ 132.925312256415708, 34.272582121192578 ], [ 132.924620390067531, 34.274618334985796 ], [ 132.926733877328957, 34.276151691908659 ], [ 132.927211193774809, 34.275998442035458 ], [ 132.927314493314526, 34.275343212247122 ], [ 132.92758278416224, 34.275128004894761 ], [ 132.928238812802363, 34.275468919647224 ], [ 132.928590507751323, 34.275197552892948 ], [ 132.929251964236755, 34.275660134853389 ], [ 132.929340986376786, 34.275446034641377 ], [ 132.929145550681653, 34.274810966860699 ], [ 132.929359737483367, 34.273348185153871 ], [ 132.929524716528107, 34.273202636229293 ], [ 132.930595989800509, 34.274110895266872 ], [ 132.931615676185771, 34.273618723419922 ], [ 132.931268002807371, 34.27456776580707 ], [ 132.931366656800975, 34.275025662048961 ], [ 132.935546062696943, 34.276127375241018 ], [ 132.937053036678066, 34.27723079219048 ], [ 132.936758586163393, 34.27755351619161 ], [ 132.937022670608883, 34.278023758086732 ], [ 132.936770564814793, 34.278356499134851 ], [ 132.936343071036447, 34.278287892278918 ], [ 132.935293158659562, 34.278482627962035 ], [ 132.936039878814569, 34.278880974168715 ], [ 132.936219971708141, 34.278783502229352 ], [ 132.936797503987549, 34.279022600606609 ] ] ] } },
{ "type": "Feature", "properties": { "CITY_NAME": "大崎上島町", "S_NAME": "東野", "JINKO": 0, "medical_area": "34_広島中央医療圏", "町丁目名": "大崎上島町東野" }, "geometry": { "type": "Polygon", "coordinates": [ [ [ 132.882801430231382, 34.275191701959059 ], [ 132.882687024593992, 34.274018831800987 ], [ 132.883227157314224, 34.273044695641921 ], [ 132.882548214763148, 34.273148821689297 ], [ 132.882203122216595, 34.272923624214719 ], [ 132.882107517814518, 34.273294655558132 ], [ 132.88241314249052, 34.273607560091179 ], [ 132.882274848946736, 34.274336776803615 ], [ 132.881890242458269, 34.274564406307384 ], [ 132.881236516041326, 34.274571885664272 ], [ 132.881032281312343, 34.274439538070993 ], [ 132.880959617660153, 34.274705067608586 ], [ 132.881768037464497, 34.275140268138209 ], [ 132.882297836769027, 34.275005606202157 ], [ 132.882801430231382, 34.275191701959059 ] ] ] } },
{ "type": "Feature", "properties": { "CITY_NAME": "大崎上島町", "S_NAME": "東野", "JINKO": 0, "medical_area": "34_広島中央医療圏", "町丁目名": "大崎上島町東野" }, "geometry": { "type": "Polygon", "coordinates": [ [ [ 132.88376375428831, 34.290150727599887 ], [ 132.885274268226283, 34.288965536022772 ], [ 132.885807767929009, 34.288222169457342 ], [ 132.886623620781023, 34.287474462005264 ], [ 132.886700185130394, 34.286317105644684 ], [ 132.885486527893505, 34.285234521560177 ], [ 132.885513955053852, 34.284879100644403 ], [ 132.88613312879977, 34.284462585759954 ], [ 132.885606157848059, 34.284189732262682 ], [ 132.885592101011099, 34.283974433429691 ], [ 132.885802559538149, 34.283679493849853 ], [ 132.886620244792624, 34.283537480469221 ], [ 132.887034476318803, 34.283188796641404 ], [ 132.887227718905933, 34.282667728274184 ], [ 132.887103706201486, 34.282394337689389 ], [ 132.887161733073697, 34.28182786189474 ], [ 132.887498813578247, 34.281487801364925 ], [ 132.887424316782926, 34.280922670485289 ], [ 132.887967286194282, 34.280400384713509 ], [ 132.887870139612545, 34.279954840532682 ], [ 132.888007790440412, 34.279542000860005 ], [ 132.887447139262946, 34.278889865049578 ], [ 132.887548205713699, 34.278772633816175 ], [ 132.887418990987442, 34.278089076177409 ], [ 132.886802720730003, 34.277866618945879 ], [ 132.886772744050063, 34.277038937523656 ], [ 132.88627074279745, 34.276326442219315 ], [ 132.885444726012452, 34.276100563257451 ], [ 132.885087759571661, 34.275629356702865 ], [ 132.884603105048058, 34.275715169452035 ], [ 132.884065140995631, 34.275558722415497 ], [ 132.88430195176889, 34.276576909617269 ], [ 132.883973903751439, 34.278226801214018 ], [ 132.882897246087452, 34.279207741600089 ], [ 132.882042970061661, 34.279002706051209 ], [ 132.88116138403285, 34.279928257545066 ], [ 132.881242998864025, 34.280077379703712 ], [ 132.881665998334768, 34.280011804252588 ], [ 132.882765385111526, 34.279535740240568 ], [ 132.882977114138072, 34.279659871975284 ], [ 132.882778221496579, 34.279508619259566 ], [ 132.88319769943206, 34.279418689391925 ], [ 132.883636043811094, 34.279880413122314 ], [ 132.883504944910243, 34.281184879868178 ], [ 132.883716336021507, 34.281776821670391 ], [ 132.884558952121694, 34.282401973810344 ], [ 132.884350044041952, 34.283754649134245 ], [ 132.883769803328676, 34.285125696793742 ], [ 132.883311671552605, 34.285791846796364 ], [ 132.882535730810446, 34.285985702781439 ], [ 132.881769009008309, 34.286635758512752 ], [ 132.881574926916727, 34.287441917658896 ], [ 132.881644527201388, 34.287963406654761 ], [ 132.882028208947247, 34.288638291682346 ], [ 132.883234851080346, 34.28952458999202 ], [ 132.883443826579168, 34.289949757923068 ], [ 132.88376375428831, 34.290150727599887 ] ] ] } },
{ "type": "Feature", "properties": { "CITY_NAME": "大崎上島町", "S_NAME": "東野", "JINKO": 0, "medical_area": "34_広島中央医療圏", "町丁目名": "大崎上島町東野" }, "geometry": { "type": "Polygon", "coordinates": [ [ [ 132.890228916395898, 34.288537819627201 ], [ 132.890352015962634, 34.287952794050184 ], [ 132.890104659595437, 34.287350240005189 ], [ 132.890590787225818, 34.286915618851239 ], [ 132.8903372958099, 34.286615955722382 ], [ 132.890533312228428, 34.2861722009117 ], [ 132.890242211577601, 34.285790774017634 ], [ 132.890488381223349, 34.285367429822678 ], [ 132.890085701100446, 34.285015399153465 ], [ 132.889752965658516, 34.284191762623152 ], [ 132.889293677058788, 34.285113052926995 ], [ 132.889269775517818, 34.28561072602745 ], [ 132.889001206489269, 34.285965740382878 ], [ 132.889270255354347, 34.286299547803758 ], [ 132.888950848077684, 34.286554709314281 ], [ 132.889241749965493, 34.28676484786191 ], [ 132.889805889421496, 34.288476229198722 ], [ 132.890228916395898, 34.288537819627201 ] ] ] } },
{ "type": "Feature", "properties": { "CITY_NAME": "大崎上島町", "S_NAME": "東野", "JINKO": 0, "medical_area": "34_広島中央医療圏", "町丁目名": "大崎上島町東野" }, "geometry": { "type": "Polygon", "coordinates": [ [ [ 132.890839047878075, 34.276252575324776 ], [ 132.890415927472361, 34.276637666487474 ], [ 132.890434972046478, 34.276849976902938 ], [ 132.890741055122334, 34.276855490414995 ], [ 132.890648369551769, 34.276554870970926 ], [ 132.890839047878075, 34.276252575324776 ] ] ] } },
{ "type": "Feature", "properties": { "CITY_NAME": "大崎上島町", "S_NAME": "東野", "JINKO": 0, "medical_area": "34_広島中央医療圏", "町丁目名": "大崎上島町東野" }, "geometry": { "type": "Polygon", "coordinates": [ [ [ 132.945765290083102, 34.298436632900781 ], [ 132.945658610156357, 34.298767205076295 ], [ 132.946053705511105, 34.299084730064315 ], [ 132.946207538138225, 34.298686245070478 ], [ 132.945765290083102, 34.298436632900781 ] ] ] } },
{ "type": "Feature", "properties": { "CITY_NAME": "大崎上島町", "S_NAME": "東野", "JINKO": 0, "medical_area": "34_広島中央医療圏", "町丁目名": "大崎上島町東野" }, "geometry": { "type": "Polygon", "coordinates": [ [ [ 132.942725254772, 34.287726300052384 ], [ 132.942190229053693, 34.286948053656403 ], [ 132.942922194512931, 34.286106883712435 ], [ 132.943628472572186, 34.286258360553219 ], [ 132.944123330965709, 34.285850550858392 ], [ 132.943967056190388, 34.285391774289394 ], [ 132.944337903846844, 34.28497108251436 ], [ 132.944290308351583, 34.284408793825165 ], [ 132.944572230893385, 34.283997818984083 ], [ 132.944365133057914, 34.283687124874568 ], [ 132.943127138851594, 34.283345179160136 ], [ 132.943188043900676, 34.283592707128854 ], [ 132.942581227771569, 34.28350553482997 ], [ 132.942606666883847, 34.283318736378249 ], [ 132.942476562872315, 34.283463795268453 ], [ 132.94228599217476, 34.283409073886567 ], [ 132.941794748715068, 34.282905494907148 ], [ 132.939558229034986, 34.283109842453428 ], [ 132.938094153966318, 34.283467926628802 ], [ 132.937041994881866, 34.284213742817265 ], [ 132.935964002071103, 34.284155541326655 ], [ 132.93563855396863, 34.28455240455326 ], [ 132.935668382688192, 34.285564581662705 ], [ 132.937191238313488, 34.286883936899763 ], [ 132.937796080657904, 34.28698565449168 ], [ 132.938209024265007, 34.287249854028083 ], [ 132.938823126399598, 34.28717571526515 ], [ 132.939753705341303, 34.287626961532773 ], [ 132.939730333586397, 34.287799236843576 ], [ 132.939773683941695, 34.287668247891546 ], [ 132.941700813937871, 34.287590347909926 ], [ 132.942525482902738, 34.287825878534989 ], [ 132.942725254772, 34.287726300052384 ] ] ] } },
{ "type": "Feature", "properties": { "CITY_NAME": "大崎上島町", "S_NAME": "東野", "JINKO": 0, "medical_area": "34_広島中央医療圏", "町丁目名": "大崎上島町東野" }, "geometry": { "type": "Polygon", "coordinates": [ [ [ 132.905597634965716, 34.268166070108336 ], [ 132.905342215982103, 34.268188036826785 ], [ 132.905307921439658, 34.268302062402007 ], [ 132.905533263381187, 34.268362260002469 ], [ 132.905597634965716, 34.268166070108336 ] ] ] } },
{ "type": "Feature", "properties": { "CITY_NAME": "大崎上島町", "S_NAME": "東野", "JINKO": 0, "medical_area": "34_広島中央医療圏", "町丁目名": "大崎上島町東野" }, "geometry": { "type": "Polygon", "coordinates": [ [ [ 132.910453646469989, 34.278255340862742 ], [ 132.910263184937293, 34.277833764554373 ], [ 132.910441129872538, 34.277451226737512 ], [ 132.910772602913141, 34.277352865353784 ], [ 132.911314008310939, 34.277661450873154 ], [ 132.911951480807403, 34.276924665480053 ], [ 132.911865155978177, 34.27637258264901 ], [ 132.911206796799604, 34.275731988783136 ], [ 132.911408496597687, 34.275696393560104 ], [ 132.91129843590744, 34.275280668788817 ], [ 132.910860424790116, 34.274745931467251 ], [ 132.910794068938799, 34.274369523604051 ], [ 132.911002063281899, 34.273816498563953 ], [ 132.91063652049661, 34.273368938640488 ], [ 132.910732403880502, 34.273283556598507 ], [ 132.91041993974568, 34.272947378347844 ], [ 132.909271430853181, 34.272521471000374 ], [ 132.909035203333019, 34.27220920033951 ], [ 132.907579013713956, 34.271726691024902 ], [ 132.9071304308967, 34.270958880665944 ], [ 132.906173550472431, 34.271183567810667 ], [ 132.906052367824799, 34.2713447439682 ], [ 132.906086939806471, 34.272075760362505 ], [ 132.906491150973721, 34.272476328777955 ], [ 132.906520326663639, 34.273210758191574 ], [ 132.90630115810535, 34.273479019448729 ], [ 132.906088835704907, 34.274277170001874 ], [ 132.906254509954266, 34.274719748668687 ], [ 132.906228814260942, 34.275505220502843 ], [ 132.906525195537711, 34.275624148763924 ], [ 132.906227016032545, 34.276171375917919 ], [ 132.906620778562313, 34.277603412249512 ], [ 132.907231191912473, 34.27773311698548 ], [ 132.907425828437255, 34.277511064506065 ], [ 132.907703452715083, 34.27758953560096 ], [ 132.908487543593793, 34.277342357721068 ], [ 132.908648237173935, 34.277467597360918 ], [ 132.90833686199116, 34.277989695309302 ], [ 132.910027111954008, 34.278658259428319 ], [ 132.910453646469989, 34.278255340862742 ] ] ] } },
{ "type": "Feature", "properties": { "CITY_NAME": "大崎上島町", "S_NAME": "東野", "JINKO": 0, "medical_area": "34_広島中央医療圏", "町丁目名": "大崎上島町東野" }, "geometry": { "type": "Polygon", "coordinates": [ [ [ 132.905031804421753, 34.267790981502365 ], [ 132.905180519504569, 34.267819665725966 ], [ 132.9051895913301, 34.267557180791947 ], [ 132.904819736768474, 34.267686612369765 ], [ 132.904790791911125, 34.268305886703615 ], [ 132.905031804421753, 34.267790981502365 ] ] ] } },
{ "type": "Feature", "properties": { "CITY_NAME": "大崎上島町", "S_NAME": "東野", "JINKO": 0, "medical_area": "34_広島中央医療圏", "町丁目名": "大崎上島町東野" }, "geometry": { "type": "Polygon", "coordinates": [ [ [ 132.90070853824713, 34.263123388447092 ], [ 132.900075768109986, 34.262662894538032 ], [ 132.899890138757939, 34.262787545336195 ], [ 132.899075606827324, 34.262769886337892 ], [ 132.898859770991493, 34.263050653129639 ], [ 132.899058679929169, 34.264329637211524 ], [ 132.899831589203842, 34.264925372327234 ], [ 132.900268669656413, 34.264732444194443 ], [ 132.900806221277378, 34.263401291247717 ], [ 132.90070853824713, 34.263123388447092 ] ] ] } },
{ "type": "Feature", "properties": { "CITY_NAME": "大崎上島町", "S_NAME": "東野", "JINKO": 0, "medical_area": "34_広島中央医療圏", "町丁目名": "大崎上島町東野" }, "geometry": { "type": "Polygon", "coordinates": [ [ [ 132.905300454510183, 34.270454939113435 ], [ 132.905201569811567, 34.270614288978237 ], [ 132.90526929328351, 34.270771929714847 ], [ 132.90532864800096, 34.270671136055441 ], [ 132.905300454510183, 34.270454939113435 ] ] ] } },
{ "type": "Feature", "properties": { "CITY_NAME": "大崎上島町", "S_NAME": "木江", "JINKO": 769, "medical_area": "34_広島中央医療圏", "町丁目名": "大崎上島町木江" }, "geometry": { "type": "Polygon", "coordinates": [ [ [ 132.924827222343652, 34.249761647202895 ], [ 132.925727754136688, 34.248808784021264 ], [ 132.926504864966631, 34.248564803630465 ], [ 132.928632031193047, 34.246732813265986 ], [ 132.927641056723672, 34.24627197349912 ], [ 132.927702026377915, 34.246167074987838 ], [ 132.926697701254341, 34.245314143358677 ], [ 132.92636232886116, 34.245321565097065 ], [ 132.926493799016271, 34.245077198580887 ], [ 132.926253880255331, 34.244843294160503 ], [ 132.926240274546359, 34.244188220168553 ], [ 132.925826355843327, 34.243297132492309 ], [ 132.925215268240038, 34.243059176612363 ], [ 132.924560147784121, 34.242175910930285 ], [ 132.923577222288088, 34.241469469328436 ], [ 132.922455939621955, 34.240274229713009 ], [ 132.92182520847777, 34.238802422563005 ], [ 132.92093374322414, 34.23834995256221 ], [ 132.919836897763503, 34.237061299876842 ], [ 132.919732116669934, 34.236875298205852 ], [ 132.91992553868954, 34.236777761286881 ], [ 132.918561972408042, 34.236637363305618 ], [ 132.918547157652142, 34.236439960558045 ], [ 132.918536489731423, 34.236699639777193 ], [ 132.918235947262332, 34.236719509653163 ], [ 132.918125952554476, 34.236557061546634 ], [ 132.917964941728684, 34.236637353407794 ], [ 132.918074083530229, 34.236827838357527 ], [ 132.917834175314709, 34.236952844097587 ], [ 132.917546243120569, 34.236645407313155 ], [ 132.917236111715766, 34.237075389452535 ], [ 132.917154562725699, 34.236697244889953 ], [ 132.916266329081679, 34.236536869965775 ], [ 132.916240716443184, 34.23634502640229 ], [ 132.91556365983925, 34.236012767171459 ], [ 132.915342013283237, 34.236476723043062 ], [ 132.914860679816201, 34.236306530267775 ], [ 132.914302643686852, 34.236371768162698 ], [ 132.914205097408114, 34.236263753583422 ], [ 132.914776327131733, 34.236098702972818 ], [ 132.914697470862421, 34.235773780875789 ], [ 132.914064885732898, 34.235799324419048 ], [ 132.914678122200826, 34.235666558908001 ], [ 132.914493323536931, 34.235022232356535 ], [ 132.913892630980627, 34.235096178399104 ], [ 132.913303219261934, 34.234852821231662 ], [ 132.913438408622881, 34.234671690235039 ], [ 132.914006661647676, 34.234862069354577 ], [ 132.913956718291558, 34.234737846764681 ], [ 132.914142666527738, 34.234648392138887 ], [ 132.914229512600684, 34.234774080580991 ], [ 132.914914711467901, 34.234311954376054 ], [ 132.915043188844948, 34.234619247291576 ], [ 132.915774493241912, 34.234317565067769 ], [ 132.915672943176276, 34.234130691363276 ], [ 132.915942477868697, 34.23428766378067 ], [ 132.916492777628719, 34.234040047500379 ], [ 132.916892249776424, 34.233557961688724 ], [ 132.916730334845965, 34.231822495158454 ], [ 132.91717381031998, 34.230910219699368 ], [ 132.917136328303883, 34.229006363835943 ], [ 132.917739581856296, 34.227630537717424 ], [ 132.917625606124858, 34.226902843143058 ], [ 132.917107506052417, 34.226242550469983 ], [ 132.917240380770266, 34.226175817697438 ], [ 132.916887785105388, 34.225207158707796 ], [ 132.916762710888548, 34.225178058951769 ], [ 132.916822935289872, 34.224873997194258 ], [ 132.916549660970361, 34.224780018802953 ], [ 132.91658728913373, 34.224490462760414 ], [ 132.916904637877792, 34.224544449434795 ], [ 132.917132901418341, 34.224209499601905 ], [ 132.916397662031471, 34.224161584328712 ], [ 132.916647292988301, 34.223175731423332 ], [ 132.916538600283332, 34.223042859190649 ], [ 132.916950570164687, 34.222254344547778 ], [ 132.916723769097416, 34.221892310017047 ], [ 132.916840179013349, 34.221307451049363 ], [ 132.91627234096066, 34.221164001453161 ], [ 132.916014205742727, 34.221667742641806 ], [ 132.915571521832561, 34.22156310747873 ], [ 132.914939302766385, 34.221742753495711 ], [ 132.915685709110733, 34.221339712361825 ], [ 132.915631568599338, 34.219762411421364 ], [ 132.916677076681765, 34.219185397712344 ], [ 132.916943356378653, 34.218740199037967 ], [ 132.917459555822262, 34.218942698897649 ], [ 132.918090181370388, 34.218213122019463 ], [ 132.918426464719772, 34.218444468584309 ], [ 132.91855348509938, 34.218206620851944 ], [ 132.918134055374679, 34.218150592124537 ], [ 132.918406380132467, 34.217652247832255 ], [ 132.917846468100919, 34.217414944919739 ], [ 132.918005194582378, 34.217195778983765 ], [ 132.917879973279952, 34.2171487938582 ], [ 132.917751753599788, 34.217375801946943 ], [ 132.917913155793286, 34.216855599389795 ], [ 132.919101426766019, 34.215872007718929 ], [ 132.919023846474175, 34.215804870140282 ], [ 132.920621860309836, 34.2154992491526 ], [ 132.920950057485328, 34.215184518755819 ], [ 132.920988338279528, 34.214608159050975 ], [ 132.920270631955333, 34.214911620041704 ], [ 132.916970412067286, 34.215321616500297 ], [ 132.913248201561885, 34.217004090642064 ], [ 132.909834022727125, 34.21792970992739 ], [ 132.909173494674292, 34.218321515646323 ], [ 132.908333379243032, 34.219439839233267 ], [ 132.906797940642662, 34.222347746844171 ], [ 132.905100896147474, 34.224024532608453 ], [ 132.905949027470513, 34.224562825890715 ], [ 132.905992343271578, 34.225347710099932 ], [ 132.906142807570262, 34.225478499511162 ], [ 132.907224991421174, 34.225299659110185 ], [ 132.908486517448011, 34.225576097014581 ], [ 132.908492570571553, 34.22574438582253 ], [ 132.90676516326613, 34.22673582739845 ], [ 132.907910920911434, 34.227569218730608 ], [ 132.907880440929404, 34.227942255360198 ], [ 132.909040132167718, 34.228804883413019 ], [ 132.909504585271975, 34.229348477768148 ], [ 132.911825256622393, 34.229918184779109 ], [ 132.91292029523467, 34.229585304840214 ], [ 132.912688969466984, 34.229874639149152 ], [ 132.912842225486969, 34.230271942308022 ], [ 132.912481941191544, 34.230438658362615 ], [ 132.9116980178635, 34.230385930836462 ], [ 132.910908388121953, 34.230725690456993 ], [ 132.910104785135076, 34.230653068768163 ], [ 132.909663517293552, 34.230916919465436 ], [ 132.90937945051374, 34.230579863712428 ], [ 132.908632276811716, 34.23024957346928 ], [ 132.907741143199274, 34.230832977193174 ], [ 132.907652440878877, 34.231501368269953 ], [ 132.907282214357849, 34.231580250253302 ], [ 132.906941833769991, 34.23231820777746 ], [ 132.907207944229071, 34.232706935279573 ], [ 132.90764136949312, 34.232736842171974 ], [ 132.907878334731379, 34.233350710872486 ], [ 132.907264262728347, 34.232950575237638 ], [ 132.907726414465458, 34.234024416365465 ], [ 132.906941623096031, 34.234263583394466 ], [ 132.90750114952246, 34.234748151625958 ], [ 132.907403979932781, 34.234963141317195 ], [ 132.906937032055112, 34.235057819647039 ], [ 132.907661264224515, 34.235669578519783 ], [ 132.907577196658423, 34.235802222201407 ], [ 132.90704460892033, 34.235771081432702 ], [ 132.907329139010244, 34.236421993165891 ], [ 132.906790619667674, 34.236372574336194 ], [ 132.906183048804422, 34.23593224305305 ], [ 132.90578063601987, 34.236153868138459 ], [ 132.904723759719332, 34.236246329425477 ], [ 132.905094480608625, 34.237416789261808 ], [ 132.905632746863432, 34.238144901588548 ], [ 132.905619557275372, 34.239139201041475 ], [ 132.906048731285779, 34.239532433853917 ], [ 132.907480228963067, 34.239564049546694 ], [ 132.908591718810015, 34.240056388756315 ], [ 132.908813769088653, 34.240677239384844 ], [ 132.908708656457321, 34.242161182418137 ], [ 132.908958503005124, 34.242218405336203 ], [ 132.909166852950705, 34.241799898808026 ], [ 132.909387103108514, 34.241693475542966 ], [ 132.910762746296456, 34.242764717077357 ], [ 132.912228446253494, 34.243214760114135 ], [ 132.912858465863678, 34.243324186751813 ], [ 132.913618445243998, 34.242803437336001 ], [ 132.913946069957802, 34.242898921397327 ], [ 132.914258956441842, 34.242756997098269 ], [ 132.914212882241941, 34.242313414256245 ], [ 132.914434595691546, 34.242209937301539 ], [ 132.915939848799155, 34.242614336237217 ], [ 132.91709585826402, 34.242359494829017 ], [ 132.918294089343277, 34.243133817942642 ], [ 132.919684849107369, 34.243068526325828 ], [ 132.919802320156521, 34.244182741708663 ], [ 132.919620110706802, 34.244569544651789 ], [ 132.919984713288528, 34.245434468323182 ], [ 132.920520827328914, 34.245995903479695 ], [ 132.920459571116368, 34.246802590140163 ], [ 132.920647776527829, 34.247630141766997 ], [ 132.920982867505472, 34.247884456520069 ], [ 132.921315985392084, 34.249419384866314 ], [ 132.922040316908777, 34.249578753755792 ], [ 132.923242200196597, 34.249162437309558 ], [ 132.924385558523028, 34.249892552471131 ], [ 132.924827222343652, 34.249761647202895 ] ], [ [ 132.908483836029575, 34.23349789906095 ], [ 132.908898185167601, 34.233169551445776 ], [ 132.910143096655815, 34.233548944467522 ], [ 132.910687004415792, 34.234309862411074 ], [ 132.911396459049513, 34.234521235614949 ], [ 132.911464460373367, 34.234876654602559 ], [ 132.909336093397087, 34.233748951862999 ], [ 132.908483836029575, 34.23349789906095 ] ] ] } },
{ "type": "Feature", "properties": { "CITY_NAME": "大崎上島町", "S_NAME": "沖浦", "JINKO": 475, "medical_area": "34_広島中央医療圏", "町丁目名": "大崎上島町沖浦" }, "geometry": { "type": "Polygon", "coordinates": [ [ [ 132.905100896147474, 34.224024532608453 ], [ 132.906797940642662, 34.222347746844171 ], [ 132.908333379243032, 34.219439839233267 ], [ 132.909173494674292, 34.218321515646323 ], [ 132.910311187818763, 34.217734823833609 ], [ 132.913248201561885, 34.217004090642064 ], [ 132.916970412067286, 34.215321616500297 ], [ 132.920270631955333, 34.214911620041704 ], [ 132.920988338279528, 34.214608159050975 ], [ 132.920793235914942, 34.214148742162237 ], [ 132.920591205853157, 34.21400658671832 ], [ 132.919525482293267, 34.214130330401254 ], [ 132.919127030445367, 34.21386598485919 ], [ 132.918900963990041, 34.213336323824599 ], [ 132.918133295260873, 34.213043531435744 ], [ 132.91727184968758, 34.212940626110829 ], [ 132.916845466376799, 34.212708842367597 ], [ 132.916717327013203, 34.212206610994919 ], [ 132.916079381505142, 34.211855260064446 ], [ 132.915014951923325, 34.211873453569652 ], [ 132.914319300530451, 34.21138017458037 ], [ 132.912840980585202, 34.212207724541685 ], [ 132.910885114168053, 34.212906589234635 ], [ 132.909523412693403, 34.212932884076068 ], [ 132.908312225084813, 34.213669473413738 ], [ 132.906959852915321, 34.214143779937309 ], [ 132.904748810674278, 34.214465496914492 ], [ 132.903454641029128, 34.213768295766336 ], [ 132.90218241000963, 34.213359431458194 ], [ 132.900508908227266, 34.213213556553072 ], [ 132.899385137355125, 34.212901106319237 ], [ 132.899080910647001, 34.212985896513118 ], [ 132.899087939417228, 34.212661309185471 ], [ 132.899040796542948, 34.212984306213492 ], [ 132.898019002338771, 34.212914780762404 ], [ 132.89774874177067, 34.212662141961424 ], [ 132.897941400592117, 34.212469840150085 ], [ 132.898231223117875, 34.212484305686644 ], [ 132.897492390453067, 34.212124596698494 ], [ 132.896678468116306, 34.21224848868264 ], [ 132.896072876113209, 34.211735420248871 ], [ 132.89655283135815, 34.212150916511689 ], [ 132.895848444877942, 34.212265105516352 ], [ 132.895801572255323, 34.211862405446603 ], [ 132.895693191732164, 34.211878377673671 ], [ 132.895808364778134, 34.212273457939311 ], [ 132.895015049434988, 34.212394483880935 ], [ 132.894908042218589, 34.21181273800515 ], [ 132.894964138297127, 34.21239764850796 ], [ 132.893202082875433, 34.21236977567613 ], [ 132.89329584740068, 34.211726739356003 ], [ 132.891734805123491, 34.211667546041184 ], [ 132.890971484963302, 34.21136371352079 ], [ 132.890593149460784, 34.211407369217902 ], [ 132.890689770827123, 34.21102645670198 ], [ 132.889346924099414, 34.210205817756197 ], [ 132.889726511237541, 34.210180191293468 ], [ 132.890971766477406, 34.210631627196079 ], [ 132.889692356291533, 34.210121792449186 ], [ 132.888961076960328, 34.210263035416176 ], [ 132.888474557466907, 34.210853746339019 ], [ 132.887813041399795, 34.210525905522061 ], [ 132.887110988110123, 34.21040565643974 ], [ 132.886060730789296, 34.209272215472517 ], [ 132.88582132597233, 34.209443087640885 ], [ 132.885724973961459, 34.2092174191731 ], [ 132.885505422144007, 34.209179970415761 ], [ 132.885884611047885, 34.208977568693051 ], [ 132.885405384747912, 34.208128413351695 ], [ 132.885365583660018, 34.207522772735658 ], [ 132.88492265634099, 34.206994439326031 ], [ 132.884099317593524, 34.207403114846031 ], [ 132.88333641145411, 34.207008202394022 ], [ 132.881606846546447, 34.207539341869172 ], [ 132.881182215335258, 34.209975872924808 ], [ 132.880669615276503, 34.211652927793075 ], [ 132.879836517802744, 34.213347317888307 ], [ 132.880214221511352, 34.215625054584365 ], [ 132.880323717656779, 34.217503158379117 ], [ 132.88198996735818, 34.218227822958866 ], [ 132.882615076267456, 34.218237711321258 ], [ 132.883069454693839, 34.219273960557082 ], [ 132.883516824196647, 34.219459836409882 ], [ 132.884117730795964, 34.219414215588664 ], [ 132.885427867853622, 34.218927171813718 ], [ 132.889398420492853, 34.218505594710628 ], [ 132.890296111882748, 34.218005689884329 ], [ 132.891571768626108, 34.218873580848374 ], [ 132.892451400509003, 34.218691277112391 ], [ 132.893499993489968, 34.219130013530837 ], [ 132.8947973654397, 34.218493594614287 ], [ 132.895457445284848, 34.218367098103641 ], [ 132.896130003330654, 34.218479004204717 ], [ 132.896463582360838, 34.218698864100737 ], [ 132.896706292391656, 34.220121242543321 ], [ 132.897421045485032, 34.22045375555426 ], [ 132.898916304419316, 34.221661133550576 ], [ 132.899154128145398, 34.221982983126921 ], [ 132.89937936499723, 34.222859194303631 ], [ 132.900611879117321, 34.222182838202428 ], [ 132.9015144919791, 34.222653936568186 ], [ 132.902122633859847, 34.22356403052104 ], [ 132.903211900244571, 34.223908760831989 ], [ 132.905100896147474, 34.224024532608453 ] ] ] } },
{ "type": "Feature", "properties": { "CITY_NAME": "大崎上島町", "S_NAME": "明石", "JINKO": 306, "medical_area": "34_広島中央医療圏", "町丁目名": "大崎上島町明石" }, "geometry": { "type": "Polygon", "coordinates": [ [ [ 132.861341882385034, 34.224132813838764 ], [ 132.862753702324653, 34.22300521790379 ], [ 132.863810764887205, 34.222894137967891 ], [ 132.866671875633699, 34.223325535748472 ], [ 132.868818549495046, 34.222612058812523 ], [ 132.868784592035666, 34.222131340194792 ], [ 132.869034829030966, 34.221614063955911 ], [ 132.869943501016877, 34.221126264044642 ], [ 132.87016209841056, 34.220174318293715 ], [ 132.871333460683417, 34.21914760077695 ], [ 132.871320951386394, 34.218688730303192 ], [ 132.87152270647573, 34.218593616216239 ], [ 132.872692220301701, 34.218549155705418 ], [ 132.873145350958026, 34.218325819279585 ], [ 132.87365432650887, 34.218322896718767 ], [ 132.874905432778121, 34.218793943705919 ], [ 132.875731267245158, 34.219720032726393 ], [ 132.877762142478986, 34.218954542451471 ], [ 132.878585724684768, 34.218176001643634 ], [ 132.879852236727231, 34.217472506253507 ], [ 132.880323717656779, 34.217503158379117 ], [ 132.880214221511352, 34.215625054584365 ], [ 132.879836517802744, 34.213347317888307 ], [ 132.880669615276503, 34.211652927793075 ], [ 132.881182215335258, 34.209975872924808 ], [ 132.881606846546447, 34.207539341869172 ], [ 132.88101331275405, 34.207021719969681 ], [ 132.8803242285843, 34.206754267350171 ], [ 132.879485212377773, 34.205954917265657 ], [ 132.878737927916148, 34.206387486587133 ], [ 132.878298802049812, 34.206164639424628 ], [ 132.878708994970452, 34.206424701940129 ], [ 132.877576835075416, 34.207282238323238 ], [ 132.877253899424915, 34.207075901033498 ], [ 132.877240790468306, 34.206806355480005 ], [ 132.877840192497217, 34.206337742729403 ], [ 132.877838950334564, 34.206058267230276 ], [ 132.877631370141955, 34.206415582617986 ], [ 132.876526971778617, 34.20630659191994 ], [ 132.87644699507976, 34.206737969592737 ], [ 132.876405375800914, 34.206171074742805 ], [ 132.876336159495793, 34.206459972431432 ], [ 132.875964877416493, 34.206432390864009 ], [ 132.8760525880746, 34.206155079319089 ], [ 132.875846363987193, 34.206148238796494 ], [ 132.875923535629113, 34.206425445043102 ], [ 132.875597011705565, 34.206438174804418 ], [ 132.875872716823778, 34.206572663736381 ], [ 132.875327626401855, 34.206917552641571 ], [ 132.875118155741205, 34.206786202620258 ], [ 132.87543551101345, 34.206325425651769 ], [ 132.875174029877087, 34.206589369508578 ], [ 132.874945892262872, 34.206557297988866 ], [ 132.87500546509284, 34.206285643156598 ], [ 132.874897065395317, 34.206557579215222 ], [ 132.874240987954806, 34.20647387694401 ], [ 132.874443186423008, 34.206257326318649 ], [ 132.874349471779908, 34.20621180122081 ], [ 132.874199568109589, 34.206452562982804 ], [ 132.873948925486474, 34.206324123813381 ], [ 132.874754043973439, 34.205414271485338 ], [ 132.87530445141752, 34.205442655268982 ], [ 132.874738607745797, 34.205382805881683 ], [ 132.87393972493777, 34.206262899051744 ], [ 132.873409168173879, 34.206526415392673 ], [ 132.871945552629313, 34.206417611005577 ], [ 132.871104507043952, 34.206797554815452 ], [ 132.870241275780927, 34.206594144280352 ], [ 132.868809576137551, 34.207716722199855 ], [ 132.867714626043437, 34.207837485190311 ], [ 132.86713812689473, 34.208063337039675 ], [ 132.865870379465804, 34.207760487282542 ], [ 132.865437225923074, 34.207210318028878 ], [ 132.864720392913199, 34.20673289228796 ], [ 132.8646970353048, 34.206532004996753 ], [ 132.864040028490365, 34.206333720028319 ], [ 132.863691717568969, 34.206464586631796 ], [ 132.863772258783086, 34.206758968694707 ], [ 132.863484809329975, 34.207301530983671 ], [ 132.862815268722727, 34.207558739901792 ], [ 132.86189465575842, 34.208826123797479 ], [ 132.861201924372324, 34.209301519301683 ], [ 132.859833665488168, 34.209312749380992 ], [ 132.85901223103258, 34.208778264155541 ], [ 132.857797784313561, 34.208356843301914 ], [ 132.85675857463886, 34.208132771848398 ], [ 132.855832439206864, 34.208197545903928 ], [ 132.855578766455267, 34.208891338255675 ], [ 132.855053910483804, 34.209066415883058 ], [ 132.855340102300545, 34.209565184332234 ], [ 132.855244654597357, 34.209972409030307 ], [ 132.854853503780134, 34.209509303068728 ], [ 132.854635467750199, 34.209520523726972 ], [ 132.852522687246449, 34.211520265348156 ], [ 132.852755263456345, 34.212098646139026 ], [ 132.852032348601341, 34.211673445171769 ], [ 132.851486341896333, 34.212322088114092 ], [ 132.850541338607201, 34.212779533764099 ], [ 132.851005916325732, 34.213145043340788 ], [ 132.851274544419255, 34.214150202805953 ], [ 132.851728035734112, 34.214950774336536 ], [ 132.852618839166809, 34.215783278006214 ], [ 132.852431327170137, 34.216402457696823 ], [ 132.852548191822649, 34.217174473509822 ], [ 132.852443889852594, 34.21770472335735 ], [ 132.852658889463186, 34.218256999474995 ], [ 132.852698702999788, 34.219218631679894 ], [ 132.853103893413191, 34.220054258240744 ], [ 132.853546035995691, 34.220277177244157 ], [ 132.854677652368082, 34.220400867774217 ], [ 132.855236300556754, 34.221670197782402 ], [ 132.856127489093808, 34.221971726339845 ], [ 132.857101803019503, 34.22257775686753 ], [ 132.857209446761146, 34.223518003691787 ], [ 132.85834768617076, 34.22388136980981 ], [ 132.860192898598058, 34.223764181138719 ], [ 132.861112142147533, 34.223905065484281 ], [ 132.861341882385034, 34.224132813838764 ] ] ] } }
]
}
