{
"type": "FeatureCollection",
"name": "geo_34_2",
"crs": { "type": "name", "properties": { "name": "urn:ogc:def:crs:OGC:1.3:CRS84" } },
"features": [
{ "type": "Feature", "properties": { "ID": 3422340000250, "正式名称": "医療法人山紫会伊達医院", "機関区分": 2, "都道府県コード": 34, "市区町村コード": 102, "所在地": "広島県広島市東区温品７－１２－２６", "緯度": 34.413627, "経度": 132.509339, "url": "https://www.iryou.teikyouseido.mhlw.go.jp/znk-web/juminkanja/S2430/initialize?prefCd=34&kikanCd=2340000250&kikanKbn=2", "url2": "www.dateclinic.jp", "内容": "医療法人山紫会伊達医院【2:診療所】【診療科目:内科_胃腸内科_外科_リハビリテーション科】広島県広島市東区温品７－１２－２６" }, "geometry": { "type": "Point", "coordinates": [ 132.509339, 34.413627 ] } },
{ "type": "Feature", "properties": { "ID": 3422340004610, "正式名称": "高橋医院", "機関区分": 2, "都道府県コード": 34, "市区町村コード": 304, "所在地": "広島県安芸郡海田町南堀川町１－１５", "緯度": 34.366598, "経度": 132.533202, "url": "https://www.iryou.teikyouseido.mhlw.go.jp/znk-web/juminkanja/S2430/initialize?prefCd=34&kikanCd=2340004610&kikanKbn=2", "url2": null, "内容": "高橋医院【2:診療所】【診療科目:内科_小児科】広島県安芸郡海田町南堀川町１－１５" }, "geometry": { "type": "Point", "coordinates": [ 132.533202, 34.366598 ] } },
{ "type": "Feature", "properties": { "ID": 3422340006340, "正式名称": "梶山医院", "機関区分": 2, "都道府県コード": 34, "市区町村コード": 307, "所在地": "広島県安芸郡熊野町貴船１８－１６", "緯度": 34.32888, "経度": 132.568839, "url": "https://www.iryou.teikyouseido.mhlw.go.jp/znk-web/juminkanja/S2430/initialize?prefCd=34&kikanCd=2340006340&kikanKbn=2", "url2": null, "内容": "梶山医院【2:診療所】【診療科目:内科_循環器内科】広島県安芸郡熊野町貴船１８－１６" }, "geometry": { "type": "Point", "coordinates": [ 132.568839, 34.32888 ] } },
{ "type": "Feature", "properties": { "ID": 3422340007060, "正式名称": "宗盛医院", "機関区分": 2, "都道府県コード": 34, "市区町村コード": 307, "所在地": "広島県安芸郡熊野町中溝４丁目１番８号", "緯度": 34.339907, "経度": 132.585282, "url": "https://www.iryou.teikyouseido.mhlw.go.jp/znk-web/juminkanja/S2430/initialize?prefCd=34&kikanCd=2340007060&kikanKbn=2", "url2": null, "内容": "宗盛医院【2:診療所】【診療科目:内科_放射線科】広島県安芸郡熊野町中溝４丁目１番８号" }, "geometry": { "type": "Point", "coordinates": [ 132.585282, 34.339907 ] } },
{ "type": "Feature", "properties": { "ID": 3422340007480, "正式名称": "医療法人社団ひろし会　だて子どもクリニック", "機関区分": 2, "都道府県コード": 34, "市区町村コード": 107, "所在地": "広島県広島市安芸区矢野東５－７－１３", "緯度": 34.353408, "経度": 132.538498, "url": "https://www.iryou.teikyouseido.mhlw.go.jp/znk-web/juminkanja/S2430/initialize?prefCd=34&kikanCd=2340007480&kikanKbn=2", "url2": "https://www.date-kodomo-clinic.com", "内容": "医療法人社団ひろし会　だて子どもクリニック【2:診療所】【診療科目:小児科】広島県広島市安芸区矢野東５－７－１３" }, "geometry": { "type": "Point", "coordinates": [ 132.538498, 34.353408 ] } },
{ "type": "Feature", "properties": { "ID": 3422340008940, "正式名称": "医療法人社団　向日葵会　角医院", "機関区分": 2, "都道府県コード": 34, "市区町村コード": 202, "所在地": "広島県呉市音戸町藤脇二丁目１９－３", "緯度": 34.147371, "経度": 132.508233, "url": "https://www.iryou.teikyouseido.mhlw.go.jp/znk-web/juminkanja/S2430/initialize?prefCd=34&kikanCd=2340008940&kikanKbn=2", "url2": "http://kadoiin.jp", "内容": "医療法人社団　向日葵会　角医院【2:診療所】【診療科目:内科_小児科】広島県呉市音戸町藤脇二丁目１９－３" }, "geometry": { "type": "Point", "coordinates": [ 132.508233, 34.147371 ] } },
{ "type": "Feature", "properties": { "ID": 3422340009370, "正式名称": "河野診療所", "機関区分": 2, "都道府県コード": 34, "市区町村コード": 202, "所在地": "広島県呉市音戸町鰯浜２丁目３番３１号", "緯度": 34.194505, "経度": 132.534321, "url": "https://www.iryou.teikyouseido.mhlw.go.jp/znk-web/juminkanja/S2430/initialize?prefCd=34&kikanCd=2340009370&kikanKbn=2", "url2": null, "内容": "河野診療所【2:診療所】【診療科目:内科_小児科_泌尿器科】広島県呉市音戸町鰯浜２丁目３番３１号" }, "geometry": { "type": "Point", "coordinates": [ 132.534321, 34.194505 ] } },
{ "type": "Feature", "properties": { "ID": 3422340012530, "正式名称": "佐川内科医院", "機関区分": 2, "都道府県コード": 34, "市区町村コード": 211, "所在地": "広島県大竹市玖波２－４－２", "緯度": 34.254406, "経度": 132.228819, "url": "https://www.iryou.teikyouseido.mhlw.go.jp/znk-web/juminkanja/S2430/initialize?prefCd=34&kikanCd=2340012530&kikanKbn=2", "url2": "http://www.urban.ne.jp/home/hsagawa/hospital/framepage3.htm", "内容": "佐川内科医院【2:診療所】【診療科目:内科】広島県大竹市玖波２－４－２" }, "geometry": { "type": "Point", "coordinates": [ 132.228819, 34.254406 ] } },
{ "type": "Feature", "properties": { "ID": 3422340013540, "正式名称": "医療法人社団　おだ整形外科クリニック", "機関区分": 2, "都道府県コード": 34, "市区町村コード": 211, "所在地": "広島県大竹市立戸４－１－１７", "緯度": 34.22432, "経度": 132.221923, "url": "https://www.iryou.teikyouseido.mhlw.go.jp/znk-web/juminkanja/S2430/initialize?prefCd=34&kikanCd=2340013540&kikanKbn=2", "url2": null, "内容": "医療法人社団　おだ整形外科クリニック【2:診療所】【診療科目:整形外科】広島県大竹市立戸４－１－１７" }, "geometry": { "type": "Point", "coordinates": [ 132.221923, 34.22432 ] } },
{ "type": "Feature", "properties": { "ID": 3422340014390, "正式名称": "医療法人社団　親和会　大和橋医院", "機関区分": 2, "都道府県コード": 34, "市区町村コード": 211, "所在地": "広島県大竹市本町２丁目９番４号", "緯度": 34.207109, "経度": 132.216652, "url": "https://www.iryou.teikyouseido.mhlw.go.jp/znk-web/juminkanja/S2430/initialize?prefCd=34&kikanCd=2340014390&kikanKbn=2", "url2": null, "内容": "医療法人社団　親和会　大和橋医院【2:診療所】【診療科目:内科_消化器内科_外科_放射線科】広島県大竹市本町２丁目９番４号" }, "geometry": { "type": "Point", "coordinates": [ 132.216652, 34.207109 ] } },
{ "type": "Feature", "properties": { "ID": 3422340014970, "正式名称": "あまき内科泌尿器科医院", "機関区分": 2, "都道府県コード": 34, "市区町村コード": 108, "所在地": "広島県広島市佐伯区五日市中央２丁目１－１０", "緯度": 34.369733, "経度": 132.356327, "url": "https://www.iryou.teikyouseido.mhlw.go.jp/znk-web/juminkanja/S2430/initialize?prefCd=34&kikanCd=2340014970&kikanKbn=2", "url2": "http://ikemoto.3zoku.com/", "内容": "あまき内科泌尿器科医院【2:診療所】【診療科目:内科_泌尿器科】広島県広島市佐伯区五日市中央２丁目１－１０" }, "geometry": { "type": "Point", "coordinates": [ 132.356327, 34.369733 ] } },
{ "type": "Feature", "properties": { "ID": 3422340015850, "正式名称": "医療法人　加藤内科クリニック", "機関区分": 2, "都道府県コード": 34, "市区町村コード": 108, "所在地": "広島県広島市佐伯区五日市一丁目５番６１号", "緯度": 34.367178, "経度": 132.359327, "url": "https://www.iryou.teikyouseido.mhlw.go.jp/znk-web/juminkanja/S2430/initialize?prefCd=34&kikanCd=2340015850&kikanKbn=2", "url2": null, "内容": "医療法人　加藤内科クリニック【2:診療所】【診療科目:内科】広島県広島市佐伯区五日市一丁目５番６１号" }, "geometry": { "type": "Point", "coordinates": [ 132.359327, 34.367178 ] } },
{ "type": "Feature", "properties": { "ID": 3422340018330, "正式名称": "医療法人社団　つわぶき会　山下外科医院", "機関区分": 2, "都道府県コード": 34, "市区町村コード": 108, "所在地": "広島県広島市佐伯区五日市中央５丁目１３－２５", "緯度": 34.374122, "経度": 132.352522, "url": "https://www.iryou.teikyouseido.mhlw.go.jp/znk-web/juminkanja/S2430/initialize?prefCd=34&kikanCd=2340018330&kikanKbn=2", "url2": null, "内容": "医療法人社団　つわぶき会　山下外科医院【2:診療所】【診療科目:内科_外科】広島県広島市佐伯区五日市中央５丁目１３－２５" }, "geometry": { "type": "Point", "coordinates": [ 132.352522, 34.374122 ] } },
{ "type": "Feature", "properties": { "ID": 3422340019050, "正式名称": "医療法人社団　江川レディースクリニック", "機関区分": 2, "都道府県コード": 34, "市区町村コード": 213, "所在地": "広島県廿日市市本町５－１８", "緯度": 34.351263, "経度": 132.334302, "url": "https://www.iryou.teikyouseido.mhlw.go.jp/znk-web/juminkanja/S2430/initialize?prefCd=34&kikanCd=2340019050&kikanKbn=2", "url2": "https://www.egawa.or.jp/", "内容": "医療法人社団　江川レディースクリニック【2:診療所】【診療科目:産婦人科】広島県廿日市市本町５－１８" }, "geometry": { "type": "Point", "coordinates": [ 132.334302, 34.351263 ] } },
{ "type": "Feature", "properties": { "ID": 3422340019340, "正式名称": "勝谷医院", "機関区分": 2, "都道府県コード": 34, "市区町村コード": 213, "所在地": "広島県廿日市市本町７－３９", "緯度": 34.351191, "経度": 132.335805, "url": "https://www.iryou.teikyouseido.mhlw.go.jp/znk-web/juminkanja/S2430/initialize?prefCd=34&kikanCd=2340019340&kikanKbn=2", "url2": null, "内容": "勝谷医院【2:診療所】【診療科目:内科_糖尿病・内分泌内科_呼吸器内科_胃腸内科_アレルギー疾患内科_アレルギー科】広島県廿日市市本町７－３９" }, "geometry": { "type": "Point", "coordinates": [ 132.335805, 34.351191 ] } },
{ "type": "Feature", "properties": { "ID": 3422340019630, "正式名称": "勝谷・小笠原クリニック", "機関区分": 2, "都道府県コード": 34, "市区町村コード": 213, "所在地": "広島県廿日市市地御前２－１０－２２", "緯度": 34.345846, "経度": 132.320082, "url": "https://www.iryou.teikyouseido.mhlw.go.jp/znk-web/juminkanja/S2430/initialize?prefCd=34&kikanCd=2340019630&kikanKbn=2", "url2": null, "内容": "勝谷・小笠原クリニック【2:診療所】【診療科目:内科_脳神経外科】広島県廿日市市地御前２－１０－２２" }, "geometry": { "type": "Point", "coordinates": [ 132.320082, 34.345846 ] } },
{ "type": "Feature", "properties": { "ID": 3422340020030, "正式名称": "田辺医院", "機関区分": 2, "都道府県コード": 34, "市区町村コード": 213, "所在地": "広島県廿日市市駅前１１番３号", "緯度": 34.35586, "経度": 132.333471, "url": "https://www.iryou.teikyouseido.mhlw.go.jp/znk-web/juminkanja/S2430/initialize?prefCd=34&kikanCd=2340020030&kikanKbn=2", "url2": "http://nttbj.itp.ne.jp/0829321135/index.html", "内容": "田辺医院【2:診療所】【診療科目:内科_呼吸器内科_循環器内科_消化器内科_アレルギー科】広島県廿日市市駅前１１番３号" }, "geometry": { "type": "Point", "coordinates": [ 132.333471, 34.35586 ] } },
{ "type": "Feature", "properties": { "ID": 3422340020870, "正式名称": "松浦内科医院", "機関区分": 2, "都道府県コード": 34, "市区町村コード": 213, "所在地": "広島県廿日市市新宮１丁目１３番２４号", "緯度": 34.35016, "経度": 132.331239, "url": "https://www.iryou.teikyouseido.mhlw.go.jp/znk-web/juminkanja/S2430/initialize?prefCd=34&kikanCd=2340020870&kikanKbn=2", "url2": "http:/matsuuranaika,sakura.ne.jp/", "内容": "松浦内科医院【2:診療所】【診療科目:内科_循環器内科】広島県廿日市市新宮１丁目１３番２４号" }, "geometry": { "type": "Point", "coordinates": [ 132.331239, 34.35016 ] } },
{ "type": "Feature", "properties": { "ID": 3422340021750, "正式名称": "永井医院", "機関区分": 2, "都道府県コード": 34, "市区町村コード": 213, "所在地": "広島県廿日市市大野中央３丁目２番３１号", "緯度": 34.289796, "経度": 132.271616, "url": "https://www.iryou.teikyouseido.mhlw.go.jp/znk-web/juminkanja/S2430/initialize?prefCd=34&kikanCd=2340021750&kikanKbn=2", "url2": "http://nagai-iin.byoinnavi.jp/", "内容": "永井医院【2:診療所】【診療科目:内科_腎臓内科_人工透析内科】広島県廿日市市大野中央３丁目２番３１号" }, "geometry": { "type": "Point", "coordinates": [ 132.271616, 34.289796 ] } },
{ "type": "Feature", "properties": { "ID": 3422340021880, "正式名称": "永井内科胃腸科医院", "機関区分": 2, "都道府県コード": 34, "市区町村コード": 213, "所在地": "広島県廿日市市宮島口１丁目４番１号", "緯度": 34.310489, "経度": 132.302974, "url": "https://www.iryou.teikyouseido.mhlw.go.jp/znk-web/juminkanja/S2430/initialize?prefCd=34&kikanCd=2340021880&kikanKbn=2", "url2": null, "内容": "永井内科胃腸科医院【2:診療所】【診療科目:内科_循環器内科_消化器内科】広島県廿日市市宮島口１丁目４番１号" }, "geometry": { "type": "Point", "coordinates": [ 132.302974, 34.310489 ] } },
{ "type": "Feature", "properties": { "ID": 3422340024810, "正式名称": "水口医院", "機関区分": 2, "都道府県コード": 34, "市区町村コード": 215, "所在地": "広島県江田島市江田島町中央二丁目１－８", "緯度": 34.246628, "経度": 132.477193, "url": "https://www.iryou.teikyouseido.mhlw.go.jp/znk-web/juminkanja/S2430/initialize?prefCd=34&kikanCd=2340024810&kikanKbn=2", "url2": "etajima-mizuguchiiin.com", "内容": "水口医院【2:診療所】【診療科目:内科】広島県江田島市江田島町中央二丁目１－８" }, "geometry": { "type": "Point", "coordinates": [ 132.477193, 34.246628 ] } },
{ "type": "Feature", "properties": { "ID": 3422340025950, "正式名称": "医療法人社団　長尾医院", "機関区分": 2, "都道府県コード": 34, "市区町村コード": 215, "所在地": "広島県江田島市沖美町三吉２７０７", "緯度": 34.258079, "経度": 132.403412, "url": "https://www.iryou.teikyouseido.mhlw.go.jp/znk-web/juminkanja/S2430/initialize?prefCd=34&kikanCd=2340025950&kikanKbn=2", "url2": null, "内容": "医療法人社団　長尾医院【2:診療所】【診療科目:内科_小児科】広島県江田島市沖美町三吉２７０７" }, "geometry": { "type": "Point", "coordinates": [ 132.403412, 34.258079 ] } },
{ "type": "Feature", "properties": { "ID": 3422340028140, "正式名称": "医療法人　唐淵会　桑原医院", "機関区分": 2, "都道府県コード": 34, "市区町村コード": 105, "所在地": "広島県広島市安佐南区八木２－１３－２７", "緯度": 34.480057, "経度": 132.493311, "url": "https://www.iryou.teikyouseido.mhlw.go.jp/znk-web/juminkanja/S2430/initialize?prefCd=34&kikanCd=2340028140&kikanKbn=2", "url2": "http://www.pedi-kuwabaraclinic.jp/k/", "内容": "医療法人　唐淵会　桑原医院【2:診療所】【診療科目:内科_小児科_小児科系その他】広島県広島市安佐南区八木２－１３－２７" }, "geometry": { "type": "Point", "coordinates": [ 132.493311, 34.480057 ] } },
{ "type": "Feature", "properties": { "ID": 3422340028270, "正式名称": "末井内科", "機関区分": 2, "都道府県コード": 34, "市区町村コード": 105, "所在地": "広島県広島市安佐南区八木４－６－４", "緯度": 34.482967, "経度": 132.497121, "url": "https://www.iryou.teikyouseido.mhlw.go.jp/znk-web/juminkanja/S2430/initialize?prefCd=34&kikanCd=2340028270&kikanKbn=2", "url2": null, "内容": "末井内科【2:診療所】【診療科目:内科_呼吸器内科_循環器内科_消化器内科】広島県広島市安佐南区八木４－６－４" }, "geometry": { "type": "Point", "coordinates": [ 132.497121, 34.482967 ] } },
{ "type": "Feature", "properties": { "ID": 3422340029310, "正式名称": "はしもとクリニック", "機関区分": 2, "都道府県コード": 34, "市区町村コード": 106, "所在地": "広島県広島市安佐北区深川５－２３－１", "緯度": 34.481209, "経度": 132.53298, "url": "https://www.iryou.teikyouseido.mhlw.go.jp/znk-web/juminkanja/S2430/initialize?prefCd=34&kikanCd=2340029310&kikanKbn=2", "url2": "https://hashimotoclinic.h-fmg.com", "内容": "はしもとクリニック【2:診療所】【診療科目:内科_泌尿器科_リウマチ科】広島県広島市安佐北区深川５－２３－１" }, "geometry": { "type": "Point", "coordinates": [ 132.53298, 34.481209 ] } },
{ "type": "Feature", "properties": { "ID": 3422340029730, "正式名称": "落合整形外科内科", "機関区分": 2, "都道府県コード": 34, "市区町村コード": 368, "所在地": "広島県山県郡安芸太田町大字加計３４８８－１", "緯度": 34.609124, "経度": 132.322791, "url": "https://www.iryou.teikyouseido.mhlw.go.jp/znk-web/juminkanja/S2430/initialize?prefCd=34&kikanCd=2340029730&kikanKbn=2", "url2": "https://rouken-hikobae.jp/ochiai.html", "内容": "落合整形外科内科【2:診療所】【診療科目:内科_整形外科_リハビリテーション科】広島県山県郡安芸太田町大字加計３４８８－１" }, "geometry": { "type": "Point", "coordinates": [ 132.322791, 34.609124 ] } },
{ "type": "Feature", "properties": { "ID": 3422340031140, "正式名称": "いのうえ内科", "機関区分": 2, "都道府県コード": 34, "市区町村コード": 369, "所在地": "広島県山県郡北広島町壬生１４４－１", "緯度": 34.67787, "経度": 132.549269, "url": "https://www.iryou.teikyouseido.mhlw.go.jp/znk-web/juminkanja/S2430/initialize?prefCd=34&kikanCd=2340031140&kikanKbn=2", "url2": null, "内容": "いのうえ内科【2:診療所】【診療科目:内科_循環器内科】広島県山県郡北広島町壬生１４４－１" }, "geometry": { "type": "Point", "coordinates": [ 132.549269, 34.67787 ] } },
{ "type": "Feature", "properties": { "ID": 3422340031720, "正式名称": "立川医院", "機関区分": 2, "都道府県コード": 34, "市区町村コード": 369, "所在地": "広島県山県郡北広島町有田１３３", "緯度": 34.680203, "経度": 132.530938, "url": "https://www.iryou.teikyouseido.mhlw.go.jp/znk-web/juminkanja/S2430/initialize?prefCd=34&kikanCd=2340031720&kikanKbn=2", "url2": null, "内容": "立川医院【2:診療所】【診療科目:内科_整形外科】広島県山県郡北広島町有田１３３" }, "geometry": { "type": "Point", "coordinates": [ 132.530938, 34.680203 ] } },
{ "type": "Feature", "properties": { "ID": 3422340035890, "正式名称": "中村耳鼻咽喉科医院", "機関区分": 2, "都道府県コード": 34, "市区町村コード": 214, "所在地": "広島県安芸高田市向原町坂１７０１", "緯度": 34.610103, "経度": 132.731646, "url": "https://www.iryou.teikyouseido.mhlw.go.jp/znk-web/juminkanja/S2430/initialize?prefCd=34&kikanCd=2340035890&kikanKbn=2", "url2": "https://nakamura-jibika.jimdo.com/%E5%90%91%E5%8E%9F%E8%A8%BA%E7%99%82%E6%89%80/", "内容": "中村耳鼻咽喉科医院【2:診療所】【診療科目:耳鼻いんこう科】広島県安芸高田市向原町坂１７０１" }, "geometry": { "type": "Point", "coordinates": [ 132.731646, 34.610103 ] } },
{ "type": "Feature", "properties": { "ID": 3422340038370, "正式名称": "のだ医院", "機関区分": 2, "都道府県コード": 34, "市区町村コード": 212, "所在地": "広島県東広島市西条中央三丁目５－６", "緯度": 34.418457, "経度": 132.743932, "url": "https://www.iryou.teikyouseido.mhlw.go.jp/znk-web/juminkanja/S2430/initialize?prefCd=34&kikanCd=2340038370&kikanKbn=2", "url2": "http://nodaiin.byoinnavi.jp/pc/", "内容": "のだ医院【2:診療所】【診療科目:内科_整形外科】広島県東広島市西条中央三丁目５－６" }, "geometry": { "type": "Point", "coordinates": [ 132.743932, 34.418457 ] } },
{ "type": "Feature", "properties": { "ID": 3422340039090, "正式名称": "清水医院", "機関区分": 2, "都道府県コード": 34, "市区町村コード": 212, "所在地": "広島県東広島市黒瀬町丸山１３２４", "緯度": 34.326105, "経度": 132.677108, "url": "https://www.iryou.teikyouseido.mhlw.go.jp/znk-web/juminkanja/S2430/initialize?prefCd=34&kikanCd=2340039090&kikanKbn=2", "url2": "https://shimizuiin.amebaownd.com/", "内容": "清水医院【2:診療所】【診療科目:内科】広島県東広島市黒瀬町丸山１３２４" }, "geometry": { "type": "Point", "coordinates": [ 132.677108, 34.326105 ] } },
{ "type": "Feature", "properties": { "ID": 3422340039120, "正式名称": "医療法人社団辰星会新開医院", "機関区分": 2, "都道府県コード": 34, "市区町村コード": 212, "所在地": "広島県東広島市黒瀬町兼沢１０７４", "緯度": 34.318216, "経度": 132.650417, "url": "https://www.iryou.teikyouseido.mhlw.go.jp/znk-web/juminkanja/S2430/initialize?prefCd=34&kikanCd=2340039120&kikanKbn=2", "url2": null, "内容": "医療法人社団辰星会新開医院【2:診療所】【診療科目:内科_人工透析内科_小児科】広島県東広島市黒瀬町兼沢１０７４" }, "geometry": { "type": "Point", "coordinates": [ 132.650417, 34.318216 ] } },
{ "type": "Feature", "properties": { "ID": 3422340039700, "正式名称": "佐々木医院", "機関区分": 2, "都道府県コード": 34, "市区町村コード": 212, "所在地": "広島県東広島市八本松町原６７６９", "緯度": 34.418317, "経度": 132.696436, "url": "https://www.iryou.teikyouseido.mhlw.go.jp/znk-web/juminkanja/S2430/initialize?prefCd=34&kikanCd=2340039700&kikanKbn=2", "url2": "https://www.sasakihara.jp", "内容": "佐々木医院【2:診療所】【診療科目:内科_呼吸器内科_循環器内科】広島県東広島市八本松町原６７６９" }, "geometry": { "type": "Point", "coordinates": [ 132.696436, 34.418317 ] } },
{ "type": "Feature", "properties": { "ID": 3422340040810, "正式名称": "三木医院", "機関区分": 2, "都道府県コード": 34, "市区町村コード": 212, "所在地": "広島県東広島市志和町別府１３２４", "緯度": 34.479814, "経度": 132.635191, "url": "https://www.iryou.teikyouseido.mhlw.go.jp/znk-web/juminkanja/S2430/initialize?prefCd=34&kikanCd=2340040810&kikanKbn=2", "url2": null, "内容": "三木医院【2:診療所】【診療科目:内科_小児科】広島県東広島市志和町別府１３２４" }, "geometry": { "type": "Point", "coordinates": [ 132.635191, 34.479814 ] } },
{ "type": "Feature", "properties": { "ID": 3422340044720, "正式名称": "医療法人社団聴晴会　あまの耳鼻咽喉科医院", "機関区分": 2, "都道府県コード": 34, "市区町村コード": 203, "所在地": "広島県竹原市中央三丁目３－１", "緯度": 34.343051, "経度": 132.907172, "url": "https://www.iryou.teikyouseido.mhlw.go.jp/znk-web/juminkanja/S2430/initialize?prefCd=34&kikanCd=2340044720&kikanKbn=2", "url2": null, "内容": "医療法人社団聴晴会　あまの耳鼻咽喉科医院【2:診療所】【診療科目:耳鼻いんこう科】広島県竹原市中央三丁目３－１" }, "geometry": { "type": "Point", "coordinates": [ 132.907172, 34.343051 ] } },
{ "type": "Feature", "properties": { "ID": 3422340045440, "正式名称": "医療法人　かわの医院", "機関区分": 2, "都道府県コード": 34, "市区町村コード": 203, "所在地": "広島県竹原市竹原町３５５４", "緯度": 34.346329, "経度": 132.907672, "url": "https://www.iryou.teikyouseido.mhlw.go.jp/znk-web/juminkanja/S2430/initialize?prefCd=34&kikanCd=2340045440&kikanKbn=2", "url2": "http://www.kwnmed.com", "内容": "医療法人　かわの医院【2:診療所】【診療科目:内科_胃腸内科_外科_乳腺外科_肛門外科】広島県竹原市竹原町３５５４" }, "geometry": { "type": "Point", "coordinates": [ 132.907672, 34.346329 ] } },
{ "type": "Feature", "properties": { "ID": 3422340047750, "正式名称": "神田医院", "機関区分": 2, "都道府県コード": 34, "市区町村コード": 212, "所在地": "広島県東広島市安芸津町風早", "緯度": 34.317558, "経度": 132.796, "url": "https://www.iryou.teikyouseido.mhlw.go.jp/znk-web/juminkanja/S2430/initialize?prefCd=34&kikanCd=2340047750&kikanKbn=2", "url2": null, "内容": "神田医院【2:診療所】【診療科目:内科_小児科】広島県東広島市安芸津町風早" }, "geometry": { "type": "Point", "coordinates": [ 132.796, 34.317558 ] } },
{ "type": "Feature", "properties": { "ID": 3422340047910, "正式名称": "南海診療所", "機関区分": 2, "都道府県コード": 34, "市区町村コード": 212, "所在地": "広島県東広島市安芸津町風早２０２７", "緯度": 34.31636, "経度": 132.802865, "url": "https://www.iryou.teikyouseido.mhlw.go.jp/znk-web/juminkanja/S2430/initialize?prefCd=34&kikanCd=2340047910&kikanKbn=2", "url2": null, "内容": "南海診療所【2:診療所】【診療科目:内科_整形外科_リハビリテーション科】広島県東広島市安芸津町風早２０２７" }, "geometry": { "type": "Point", "coordinates": [ 132.802865, 34.31636 ] } },
{ "type": "Feature", "properties": { "ID": 3422340048630, "正式名称": "呉市国民健康保険安浦診療所", "機関区分": 2, "都道府県コード": 34, "市区町村コード": 202, "所在地": "広島県呉市安浦町安登西六丁目１－３９", "緯度": 34.251558, "経度": 132.719803, "url": "https://www.iryou.teikyouseido.mhlw.go.jp/znk-web/juminkanja/S2430/initialize?prefCd=34&kikanCd=2340048630&kikanKbn=2", "url2": "http://www.city.kure.lg.jp", "内容": "呉市国民健康保険安浦診療所【2:診療所】【診療科目:内科_外科】広島県呉市安浦町安登西六丁目１－３９" }, "geometry": { "type": "Point", "coordinates": [ 132.719803, 34.251558 ] } },
{ "type": "Feature", "properties": { "ID": 3422340048890, "正式名称": "医療法人　藤田医院", "機関区分": 2, "都道府県コード": 34, "市区町村コード": 202, "所在地": "広島県呉市川尻町西２丁目１４番２５号", "緯度": 34.233504, "経度": 132.6925, "url": "https://www.iryou.teikyouseido.mhlw.go.jp/znk-web/juminkanja/S2430/initialize?prefCd=34&kikanCd=2340048890&kikanKbn=2", "url2": null, "内容": "医療法人　藤田医院【2:診療所】【診療科目:内科】広島県呉市川尻町西２丁目１４番２５号" }, "geometry": { "type": "Point", "coordinates": [ 132.6925, 34.233504 ] } },
{ "type": "Feature", "properties": { "ID": 3422340049190, "正式名称": "医療法人社団　渡辺クリニック", "機関区分": 2, "都道府県コード": 34, "市区町村コード": 202, "所在地": "広島県呉市川尻町西２丁目１１番１５号", "緯度": 34.234254, "経度": 132.693556, "url": "https://www.iryou.teikyouseido.mhlw.go.jp/znk-web/juminkanja/S2430/initialize?prefCd=34&kikanCd=2340049190&kikanKbn=2", "url2": null, "内容": "医療法人社団　渡辺クリニック【2:診療所】【診療科目:内科_小児科】広島県呉市川尻町西２丁目１１番１５号" }, "geometry": { "type": "Point", "coordinates": [ 132.693556, 34.234254 ] } },
{ "type": "Feature", "properties": { "ID": 3422340049510, "正式名称": "医療法人　社団　升谷医院", "機関区分": 2, "都道府県コード": 34, "市区町村コード": 202, "所在地": "広島県呉市豊浜町豊島３９５８番地", "緯度": 34.174155, "経度": 132.797456, "url": "https://www.iryou.teikyouseido.mhlw.go.jp/znk-web/juminkanja/S2430/initialize?prefCd=34&kikanCd=2340049510&kikanKbn=2", "url2": "http://www.masutani-iin.com", "内容": "医療法人　社団　升谷医院【2:診療所】【診療科目:内科_消化器内科_外科_肛門外科】広島県呉市豊浜町豊島３９５８番地" }, "geometry": { "type": "Point", "coordinates": [ 132.797456, 34.174155 ] } },
{ "type": "Feature", "properties": { "ID": 3422340049800, "正式名称": "医療法人　沖本クリニック", "機関区分": 2, "都道府県コード": 34, "市区町村コード": 202, "所在地": "広島県呉市豊町久比１８５番地の４", "緯度": 34.179512, "経度": 132.829269, "url": "https://www.iryou.teikyouseido.mhlw.go.jp/znk-web/juminkanja/S2430/initialize?prefCd=34&kikanCd=2340049800&kikanKbn=2", "url2": null, "内容": "医療法人　沖本クリニック【2:診療所】【診療科目:内科_呼吸器内科_循環器内科_外科_整形外科】広島県呉市豊町久比１８５番地の４" }, "geometry": { "type": "Point", "coordinates": [ 132.829269, 34.179512 ] } },
{ "type": "Feature", "properties": { "ID": 3422340050750, "正式名称": "射場医院", "機関区分": 2, "都道府県コード": 34, "市区町村コード": 431, "所在地": "広島県豊田郡大崎上島町東野５４８１番地４号", "緯度": 34.276559, "経度": 132.940755, "url": "https://www.iryou.teikyouseido.mhlw.go.jp/znk-web/juminkanja/S2430/initialize?prefCd=34&kikanCd=2340050750&kikanKbn=2", "url2": null, "内容": "射場医院【2:診療所】【診療科目:内科_外科_整形外科】広島県豊田郡大崎上島町東野５４８１番地４号" }, "geometry": { "type": "Point", "coordinates": [ 132.940755, 34.276559 ] } },
{ "type": "Feature", "properties": { "ID": 3422340051340, "正式名称": "医療法人社団　田村医院", "機関区分": 2, "都道府県コード": 34, "市区町村コード": 431, "所在地": "広島県豊田郡大崎上島町明石２７００番地", "緯度": 34.207371, "経度": 132.878208, "url": "https://www.iryou.teikyouseido.mhlw.go.jp/znk-web/juminkanja/S2430/initialize?prefCd=34&kikanCd=2340051340&kikanKbn=2", "url2": null, "内容": "医療法人社団　田村医院【2:診療所】【診療科目:内科_消化器内科_胃腸内科_婦人科】広島県豊田郡大崎上島町明石２７００番地" }, "geometry": { "type": "Point", "coordinates": [ 132.878208, 34.207371 ] } },
{ "type": "Feature", "properties": { "ID": 3422340053070, "正式名称": "川西医院", "機関区分": 2, "都道府県コード": 34, "市区町村コード": 204, "所在地": "広島県三原市西町１－２－６３", "緯度": 34.401826, "経度": 133.076266, "url": "https://www.iryou.teikyouseido.mhlw.go.jp/znk-web/juminkanja/S2430/initialize?prefCd=34&kikanCd=2340053070&kikanKbn=2", "url2": "http://www.kawanishi-cl.com/", "内容": "川西医院【2:診療所】【診療科目:内科_小児科】広島県三原市西町１－２－６３" }, "geometry": { "type": "Point", "coordinates": [ 133.076266, 34.401826 ] } },
{ "type": "Feature", "properties": { "ID": 3422340053780, "正式名称": "医療法人　阪田医院", "機関区分": 2, "都道府県コード": 34, "市区町村コード": 204, "所在地": "広島県三原市幸崎町能地４－１０－５", "緯度": 34.335693, "経度": 133.034717, "url": "https://www.iryou.teikyouseido.mhlw.go.jp/znk-web/juminkanja/S2430/initialize?prefCd=34&kikanCd=2340053780&kikanKbn=2", "url2": null, "内容": "医療法人　阪田医院【2:診療所】【診療科目:内科_消化器内科_リハビリテーション科】広島県三原市幸崎町能地４－１０－５" }, "geometry": { "type": "Point", "coordinates": [ 133.034717, 34.335693 ] } },
{ "type": "Feature", "properties": { "ID": 3422340059610, "正式名称": "板阪内科小児科医院", "機関区分": 2, "都道府県コード": 34, "市区町村コード": 205, "所在地": "広島県尾道市西久保町１２－２８", "緯度": 34.414299, "経度": 133.204588, "url": "https://www.iryou.teikyouseido.mhlw.go.jp/znk-web/juminkanja/S2430/initialize?prefCd=34&kikanCd=2340059610&kikanKbn=2", "url2": null, "内容": "板阪内科小児科医院【2:診療所】【診療科目:内科_漢方内科_小児科】広島県尾道市西久保町１２－２８" }, "geometry": { "type": "Point", "coordinates": [ 133.204588, 34.414299 ] } },
{ "type": "Feature", "properties": { "ID": 3422340060560, "正式名称": "医療法人社団永楽会　おかはし内科医院", "機関区分": 2, "都道府県コード": 34, "市区町村コード": 205, "所在地": "広島県尾道市三軒家町１７－１２", "緯度": 34.408097, "経度": 133.190444, "url": "https://www.iryou.teikyouseido.mhlw.go.jp/znk-web/juminkanja/S2430/initialize?prefCd=34&kikanCd=2340060560&kikanKbn=2", "url2": "https://www.okahashi-naika.com/", "内容": "医療法人社団永楽会　おかはし内科医院【2:診療所】【診療科目:内科_呼吸器内科_循環器内科_消化器内科】広島県尾道市三軒家町１７－１２" }, "geometry": { "type": "Point", "coordinates": [ 133.190444, 34.408097 ] } },
{ "type": "Feature", "properties": { "ID": 3422340061150, "正式名称": "尾道造船株式会社診療所", "機関区分": 2, "都道府県コード": 34, "市区町村コード": 205, "所在地": "広島県尾道市山波町１００５番地", "緯度": 34.4128, "経度": 133.229336, "url": "https://www.iryou.teikyouseido.mhlw.go.jp/znk-web/juminkanja/S2430/initialize?prefCd=34&kikanCd=2340061150&kikanKbn=2", "url2": null, "内容": "尾道造船株式会社診療所【2:診療所】【診療科目:内科】広島県尾道市山波町１００５番地" }, "geometry": { "type": "Point", "coordinates": [ 133.229336, 34.4128 ] } },
{ "type": "Feature", "properties": { "ID": 3422340061280, "正式名称": "医療法人　ささき小児科医院", "機関区分": 2, "都道府県コード": 34, "市区町村コード": 205, "所在地": "広島県尾道市西御所町２－９", "緯度": 34.403689, "経度": 133.190257, "url": "https://www.iryou.teikyouseido.mhlw.go.jp/znk-web/juminkanja/S2430/initialize?prefCd=34&kikanCd=2340061280&kikanKbn=2", "url2": "https://www.sasaki-shounika.jp/", "内容": "医療法人　ささき小児科医院【2:診療所】【診療科目:内科_小児科】広島県尾道市西御所町２－９" }, "geometry": { "type": "Point", "coordinates": [ 133.190257, 34.403689 ] } },
{ "type": "Feature", "properties": { "ID": 3422340063170, "正式名称": "医療法人社団杏愛会　高橋医院", "機関区分": 2, "都道府県コード": 34, "市区町村コード": 205, "所在地": "36.401991", "緯度": 34.436436, "経度": 133.228502, "url": "https://www.iryou.teikyouseido.mhlw.go.jp/znk-web/juminkanja/S2430/initialize?prefCd=34&kikanCd=2340063170&kikanKbn=2", "url2": "http://kyouaikai.byoinnavi.jp/", "内容": "医療法人社団杏愛会　高橋医院【2:診療所】【診療科目:内科_循環器内科】36" }, "geometry": { "type": "Point", "coordinates": [ 133.228502, 34.436436 ] } },
{ "type": "Feature", "properties": { "ID": 3422340064180, "正式名称": "医療法人　西医院", "機関区分": 2, "都道府県コード": 34, "市区町村コード": 205, "所在地": "広島県尾道市手崎町７－１６", "緯度": 34.401161, "経度": 133.171786, "url": "https://www.iryou.teikyouseido.mhlw.go.jp/znk-web/juminkanja/S2430/initialize?prefCd=34&kikanCd=2340064180&kikanKbn=2", "url2": null, "内容": "医療法人　西医院【2:診療所】【診療科目:内科_消化器内科_小児科】広島県尾道市手崎町７－１６" }, "geometry": { "type": "Point", "coordinates": [ 133.171786, 34.401161 ] } },
{ "type": "Feature", "properties": { "ID": 3422340064760, "正式名称": "医療法人社団　花房眼科医院", "機関区分": 2, "都道府県コード": 34, "市区町村コード": 205, "所在地": "広島県尾道市土堂２－４－２９", "緯度": 34.408938, "経度": 133.202672, "url": "https://www.iryou.teikyouseido.mhlw.go.jp/znk-web/juminkanja/S2430/initialize?prefCd=34&kikanCd=2340064760&kikanKbn=2", "url2": null, "内容": "医療法人社団　花房眼科医院【2:診療所】【診療科目:眼科】広島県尾道市土堂２－４－２９" }, "geometry": { "type": "Point", "coordinates": [ 133.202672, 34.408938 ] } },
{ "type": "Feature", "properties": { "ID": 3422340065190, "正式名称": "医療法人社団　平櫛内科医院", "機関区分": 2, "都道府県コード": 34, "市区町村コード": 205, "所在地": "広島県尾道市栗原東２－４－３２", "緯度": 34.413938, "経度": 133.188867, "url": "https://www.iryou.teikyouseido.mhlw.go.jp/znk-web/juminkanja/S2430/initialize?prefCd=34&kikanCd=2340065190&kikanKbn=2", "url2": null, "内容": "医療法人社団　平櫛内科医院【2:診療所】【診療科目:内科_消化器内科】広島県尾道市栗原東２－４－３２" }, "geometry": { "type": "Point", "coordinates": [ 133.188867, 34.413938 ] } },
{ "type": "Feature", "properties": { "ID": 3422340066780, "正式名称": "医療法人　森本医院", "機関区分": 2, "都道府県コード": 34, "市区町村コード": 205, "所在地": "広島県尾道市天満町１７－１５", "緯度": 34.406218, "経度": 133.190441, "url": "https://www.iryou.teikyouseido.mhlw.go.jp/znk-web/juminkanja/S2430/initialize?prefCd=34&kikanCd=2340066780&kikanKbn=2", "url2": null, "内容": "医療法人　森本医院【2:診療所】【診療科目:内科_消化器内科_放射線科】広島県尾道市天満町１７－１５" }, "geometry": { "type": "Point", "coordinates": [ 133.190441, 34.406218 ] } },
{ "type": "Feature", "properties": { "ID": 3422340067080, "正式名称": "山本医院", "機関区分": 2, "都道府県コード": 34, "市区町村コード": 205, "所在地": "広島県尾道市美ノ郷町白江５９７", "緯度": 34.457017, "経度": 133.186492, "url": "https://www.iryou.teikyouseido.mhlw.go.jp/znk-web/juminkanja/S2430/initialize?prefCd=34&kikanCd=2340067080&kikanKbn=2", "url2": null, "内容": "山本医院【2:診療所】【診療科目:内科】広島県尾道市美ノ郷町白江５９７" }, "geometry": { "type": "Point", "coordinates": [ 133.186492, 34.457017 ] } },
{ "type": "Feature", "properties": { "ID": 3422340067530, "正式名称": "医療法人社団奉佑会　本多医院", "機関区分": 2, "都道府県コード": 34, "市区町村コード": 205, "所在地": "広島県尾道市御調町丸河南７２１－１", "緯度": 34.496622, "経度": 133.119925, "url": "https://www.iryou.teikyouseido.mhlw.go.jp/znk-web/juminkanja/S2430/initialize?prefCd=34&kikanCd=2340067530&kikanKbn=2", "url2": null, "内容": "医療法人社団奉佑会　本多医院【2:診療所】【診療科目:内科_外科】広島県尾道市御調町丸河南７２１－１" }, "geometry": { "type": "Point", "coordinates": [ 133.119925, 34.496622 ] } },
{ "type": "Feature", "properties": { "ID": 3422340067950, "正式名称": "大田垣医院", "機関区分": 2, "都道府県コード": 34, "市区町村コード": 205, "所在地": "広島県尾道市向島町５４２－３５", "緯度": 34.39861, "経度": 133.206085, "url": "https://www.iryou.teikyouseido.mhlw.go.jp/znk-web/juminkanja/S2430/initialize?prefCd=34&kikanCd=2340067950&kikanKbn=2", "url2": null, "内容": "大田垣医院【2:診療所】【診療科目:内科】広島県尾道市向島町５４２－３５" }, "geometry": { "type": "Point", "coordinates": [ 133.206085, 34.39861 ] } },
{ "type": "Feature", "properties": { "ID": 3422340068410, "正式名称": "三宅医院", "機関区分": 2, "都道府県コード": 34, "市区町村コード": 205, "所在地": "広島県尾道市向島町５７６－１", "緯度": 34.402106, "経度": 133.203422, "url": "https://www.iryou.teikyouseido.mhlw.go.jp/znk-web/juminkanja/S2430/initialize?prefCd=34&kikanCd=2340068410&kikanKbn=2", "url2": "http://www.miyakeiin.jp", "内容": "三宅医院【2:診療所】【診療科目:消化器内科_外科_肛門外科_整形外科】広島県尾道市向島町５７６－１" }, "geometry": { "type": "Point", "coordinates": [ 133.203422, 34.402106 ] } },
{ "type": "Feature", "properties": { "ID": 3422340068670, "正式名称": "山本医院", "機関区分": 2, "都道府県コード": 34, "市区町村コード": 205, "所在地": "広島県尾道市向島町１４７７５", "緯度": 34.372706, "経度": 133.181962, "url": "https://www.iryou.teikyouseido.mhlw.go.jp/znk-web/juminkanja/S2430/initialize?prefCd=34&kikanCd=2340068670&kikanKbn=2", "url2": null, "内容": "山本医院【2:診療所】【診療科目:内科_循環器内科】広島県尾道市向島町１４７７５" }, "geometry": { "type": "Point", "coordinates": [ 133.181962, 34.372706 ] } },
{ "type": "Feature", "properties": { "ID": 3422340069390, "正式名称": "医療法人社団　眞田クリニック", "機関区分": 2, "都道府県コード": 34, "市区町村コード": 205, "所在地": "広島県尾道市因島土生町１８０９番３４号", "緯度": 34.286312, "経度": 133.176985, "url": "https://www.iryou.teikyouseido.mhlw.go.jp/znk-web/juminkanja/S2430/initialize?prefCd=34&kikanCd=2340069390&kikanKbn=2", "url2": null, "内容": "医療法人社団　眞田クリニック【2:診療所】【診療科目:内科_循環器内科_整形外科_皮膚科_リウマチ科_リハビリテーション科】広島県尾道市因島土生町１８０９番３４号" }, "geometry": { "type": "Point", "coordinates": [ 133.176985, 34.286312 ] } },
{ "type": "Feature", "properties": { "ID": 3422340070240, "正式名称": "医療法人社団　巻幡内科循環器科", "機関区分": 2, "都道府県コード": 34, "市区町村コード": 205, "所在地": "広島県尾道市因島土生町３３１", "緯度": 34.294867, "経度": 133.174013, "url": "https://www.iryou.teikyouseido.mhlw.go.jp/znk-web/juminkanja/S2430/initialize?prefCd=34&kikanCd=2340070240&kikanKbn=2", "url2": null, "内容": "医療法人社団　巻幡内科循環器科【2:診療所】【診療科目:内科_循環器内科_放射線科】広島県尾道市因島土生町３３１" }, "geometry": { "type": "Point", "coordinates": [ 133.174013, 34.294867 ] } },
{ "type": "Feature", "properties": { "ID": 3422340070820, "正式名称": "医療法人社団青影会　三宅医院", "機関区分": 2, "都道府県コード": 34, "市区町村コード": 205, "所在地": "広島県尾道市因島土生町２０８６－３", "緯度": 34.283507, "経度": 133.179902, "url": "https://www.iryou.teikyouseido.mhlw.go.jp/znk-web/juminkanja/S2430/initialize?prefCd=34&kikanCd=2340070820&kikanKbn=2", "url2": null, "内容": "医療法人社団青影会　三宅医院【2:診療所】【診療科目:内科_感染症内科】広島県尾道市因島土生町２０８６－３" }, "geometry": { "type": "Point", "coordinates": [ 133.179902, 34.283507 ] } },
{ "type": "Feature", "properties": { "ID": 3422340074150, "正式名称": "赤木皮膚科泌尿器科", "機関区分": 2, "都道府県コード": 34, "市区町村コード": 207, "所在地": "広島県福山市明治町１２－１４", "緯度": 34.482322, "経度": 133.367516, "url": "https://www.iryou.teikyouseido.mhlw.go.jp/znk-web/juminkanja/S2430/initialize?prefCd=34&kikanCd=2340074150&kikanKbn=2", "url2": null, "内容": "赤木皮膚科泌尿器科【2:診療所】【診療科目:皮膚科_泌尿器科】広島県福山市明治町１２－１４" }, "geometry": { "type": "Point", "coordinates": [ 133.367516, 34.482322 ] } },
{ "type": "Feature", "properties": { "ID": 3422340075320, "正式名称": "石井内科医院", "機関区分": 2, "都道府県コード": 34, "市区町村コード": 207, "所在地": "広島県福山市大黒町１番４３号", "緯度": 34.490599, "経度": 133.366988, "url": "https://www.iryou.teikyouseido.mhlw.go.jp/znk-web/juminkanja/S2430/initialize?prefCd=34&kikanCd=2340075320&kikanKbn=2", "url2": null, "内容": "石井内科医院【2:診療所】【診療科目:内科】広島県福山市大黒町１番４３号" }, "geometry": { "type": "Point", "coordinates": [ 133.366988, 34.490599 ] } },
{ "type": "Feature", "properties": { "ID": 3422340075740, "正式名称": "石藤クリニック", "機関区分": 2, "都道府県コード": 34, "市区町村コード": 207, "所在地": "広島県福山市道三町１－１", "緯度": 34.482683, "経度": 133.364377, "url": "https://www.iryou.teikyouseido.mhlw.go.jp/znk-web/juminkanja/S2430/initialize?prefCd=34&kikanCd=2340075740&kikanKbn=2", "url2": "https://www.ishido-clinic.net", "内容": "石藤クリニック【2:診療所】【診療科目:内科_消化器内科_神経内科_外科_脳神経外科_整形外科_放射線科】広島県福山市道三町１－１" }, "geometry": { "type": "Point", "coordinates": [ 133.364377, 34.482683 ] } },
{ "type": "Feature", "properties": { "ID": 3422340076460, "正式名称": "上田循環器科内科", "機関区分": 2, "都道府県コード": 34, "市区町村コード": 207, "所在地": "広島県福山市王子町２－１４－１１", "緯度": 34.488016, "経度": 133.383764, "url": "https://www.iryou.teikyouseido.mhlw.go.jp/znk-web/juminkanja/S2430/initialize?prefCd=34&kikanCd=2340076460&kikanKbn=2", "url2": "https://uedajunkan.com/", "内容": "上田循環器科内科【2:診療所】【診療科目:内科_循環器内科】広島県福山市王子町２－１４－１１" }, "geometry": { "type": "Point", "coordinates": [ 133.383764, 34.488016 ] } },
{ "type": "Feature", "properties": { "ID": 3422340077760, "正式名称": "おかだ（外科・内科）医院", "機関区分": 2, "都道府県コード": 34, "市区町村コード": 207, "所在地": "広島県福山市赤坂町早戸１４７０", "緯度": 34.459602, "経度": 133.310744, "url": "https://www.iryou.teikyouseido.mhlw.go.jp/znk-web/juminkanja/S2430/initialize?prefCd=34&kikanCd=2340077760&kikanKbn=2", "url2": null, "内容": "おかだ（外科・内科）医院【2:診療所】【診療科目:内科_外科】広島県福山市赤坂町早戸１４７０" }, "geometry": { "type": "Point", "coordinates": [ 133.310744, 34.459602 ] } },
{ "type": "Feature", "properties": { "ID": 3422340079940, "正式名称": "医療法人社団　雄知会　アクア心のクリニック", "機関区分": 2, "都道府県コード": 34, "市区町村コード": 207, "所在地": "広島県福山市引野町五丁目２１－３２", "緯度": 34.491405, "経度": 133.402735, "url": "https://www.iryou.teikyouseido.mhlw.go.jp/znk-web/juminkanja/S2430/initialize?prefCd=34&kikanCd=2340079940&kikanKbn=2", "url2": "http://aqua-clinic.jp", "内容": "医療法人社団　雄知会　アクア心のクリニック【2:診療所】【診療科目:精神科_心療内科】広島県福山市引野町五丁目２１－３２" }, "geometry": { "type": "Point", "coordinates": [ 133.402735, 34.491405 ] } },
{ "type": "Feature", "properties": { "ID": 3422340081190, "正式名称": "医療法人社団敬明会佐藤胃腸科医院", "機関区分": 2, "都道府県コード": 34, "市区町村コード": 207, "所在地": "広島県福山市西町１－４－１", "緯度": 34.487266, "経度": 133.357711, "url": "https://www.iryou.teikyouseido.mhlw.go.jp/znk-web/juminkanja/S2430/initialize?prefCd=34&kikanCd=2340081190&kikanKbn=2", "url2": "https://satoichoka.com", "内容": "医療法人社団敬明会佐藤胃腸科医院【2:診療所】【診療科目:内科_消化器内科_胃腸内科】広島県福山市西町１－４－１" }, "geometry": { "type": "Point", "coordinates": [ 133.357711, 34.487266 ] } },
{ "type": "Feature", "properties": { "ID": 3422340081510, "正式名称": "医療法人社団　佐藤耳鼻咽喉科医院", "機関区分": 2, "都道府県コード": 34, "市区町村コード": 207, "所在地": "広島県福山市御船町１丁目１１番１１号", "緯度": 34.487739, "経度": 133.370738, "url": "https://www.iryou.teikyouseido.mhlw.go.jp/znk-web/juminkanja/S2430/initialize?prefCd=34&kikanCd=2340081510&kikanKbn=2", "url2": "satoent.jp", "内容": "医療法人社団　佐藤耳鼻咽喉科医院【2:診療所】【診療科目:耳鼻いんこう科_気管食道・耳鼻いんこう科_頭頸部・耳鼻いんこう科】広島県福山市御船町１丁目１１番１１号" }, "geometry": { "type": "Point", "coordinates": [ 133.370738, 34.487739 ] } },
{ "type": "Feature", "properties": { "ID": 3422340082520, "正式名称": "沼南医院", "機関区分": 2, "都道府県コード": 34, "市区町村コード": 207, "所在地": "広島県福山市鞆町後地１２９６番地２号", "緯度": 34.384833, "経度": 133.381186, "url": "https://www.iryou.teikyouseido.mhlw.go.jp/znk-web/juminkanja/S2430/initialize?prefCd=34&kikanCd=2340082520&kikanKbn=2", "url2": "http://www.h2.dion.ne.jp/~j-jgroup/", "内容": "沼南医院【2:診療所】【診療科目:内科_循環器内科】広島県福山市鞆町後地１２９６番地２号" }, "geometry": { "type": "Point", "coordinates": [ 133.381186, 34.384833 ] } },
{ "type": "Feature", "properties": { "ID": 3422340082650, "正式名称": "医療法人社団　白河産婦人科", "機関区分": 2, "都道府県コード": 34, "市区町村コード": 207, "所在地": "広島県福山市旭町８－３", "緯度": 34.490183, "経度": 133.374848, "url": "https://www.iryou.teikyouseido.mhlw.go.jp/znk-web/juminkanja/S2430/initialize?prefCd=34&kikanCd=2340082650&kikanKbn=2", "url2": "https://shirakawa-clinic.jp/", "内容": "医療法人社団　白河産婦人科【2:診療所】【診療科目:産婦人科】広島県福山市旭町８－３" }, "geometry": { "type": "Point", "coordinates": [ 133.374848, 34.490183 ] } },
{ "type": "Feature", "properties": { "ID": 3422340082810, "正式名称": "進藤内科循環器科医院", "機関区分": 2, "都道府県コード": 34, "市区町村コード": 207, "所在地": "広島県福山市松永町４丁目１２－２６", "緯度": 34.449554, "経度": 133.259263, "url": "https://www.iryou.teikyouseido.mhlw.go.jp/znk-web/juminkanja/S2430/initialize?prefCd=34&kikanCd=2340082810&kikanKbn=2", "url2": null, "内容": "進藤内科循環器科医院【2:診療所】【診療科目:内科_循環器内科】広島県福山市松永町４丁目１２－２６" }, "geometry": { "type": "Point", "coordinates": [ 133.259263, 34.449554 ] } },
{ "type": "Feature", "properties": { "ID": 3422340083110, "正式名称": "瀬尾胃腸科内科医院", "機関区分": 2, "都道府県コード": 34, "市区町村コード": 207, "所在地": "広島県福山市昭和町１－２６", "緯度": 34.485355, "経度": 133.366771, "url": "https://www.iryou.teikyouseido.mhlw.go.jp/znk-web/juminkanja/S2430/initialize?prefCd=34&kikanCd=2340083110&kikanKbn=2", "url2": null, "内容": "瀬尾胃腸科内科医院【2:診療所】【診療科目:内科_胃腸内科】広島県福山市昭和町１－２６" }, "geometry": { "type": "Point", "coordinates": [ 133.366771, 34.485355 ] } },
{ "type": "Feature", "properties": { "ID": 3422340085840, "正式名称": "まつはまクリニック", "機関区分": 2, "都道府県コード": 34, "市区町村コード": 207, "所在地": "広島県福山市松浜町１－４－１３", "緯度": 34.484897, "経度": 133.373704, "url": "https://www.iryou.teikyouseido.mhlw.go.jp/znk-web/juminkanja/S2430/initialize?prefCd=34&kikanCd=2340085840&kikanKbn=2", "url2": null, "内容": "まつはまクリニック【2:診療所】【診療科目:内科_外科_皮膚科】広島県福山市松浜町１－４－１３" }, "geometry": { "type": "Point", "coordinates": [ 133.373704, 34.484897 ] } },
{ "type": "Feature", "properties": { "ID": 3422340086560, "正式名称": "医療法人社団　日野ホームクリニック", "機関区分": 2, "都道府県コード": 34, "市区町村コード": 207, "所在地": "広島県福山市御門町３丁目３番１５号", "緯度": 34.478045, "経度": 133.370849, "url": "https://www.iryou.teikyouseido.mhlw.go.jp/znk-web/juminkanja/S2430/initialize?prefCd=34&kikanCd=2340086560&kikanKbn=2", "url2": null, "内容": "医療法人社団　日野ホームクリニック【2:診療所】【診療科目:内科_消化器内科_肝臓内科_漢方内科_小児科】広島県福山市御門町３丁目３番１５号" }, "geometry": { "type": "Point", "coordinates": [ 133.370849, 34.478045 ] } },
{ "type": "Feature", "properties": { "ID": 3422340091610, "正式名称": "やすだクリニック", "機関区分": 2, "都道府県コード": 34, "市区町村コード": 207, "所在地": "広島県福山市御門町２丁目５番２９号", "緯度": 34.478878, "経度": 133.369905, "url": "https://www.iryou.teikyouseido.mhlw.go.jp/znk-web/juminkanja/S2430/initialize?prefCd=34&kikanCd=2340091610&kikanKbn=2", "url2": "https://yasuda-thyroid.com", "内容": "やすだクリニック【2:診療所】【診療科目:胃腸内科_外科_肛門外科_整形外科_リウマチ科_リハビリテーション科】広島県福山市御門町２丁目５番２９号" }, "geometry": { "type": "Point", "coordinates": [ 133.369905, 34.478878 ] } },
{ "type": "Feature", "properties": { "ID": 3422340094190, "正式名称": "医療法人社団　柚木外科医院", "機関区分": 2, "都道府県コード": 34, "市区町村コード": 207, "所在地": "広島県福山市神辺町川北９５４－４", "緯度": 34.546066, "経度": 133.381068, "url": "https://www.iryou.teikyouseido.mhlw.go.jp/znk-web/juminkanja/S2430/initialize?prefCd=34&kikanCd=2340094190&kikanKbn=2", "url2": "https://www.yunokigeka.com/", "内容": "医療法人社団　柚木外科医院【2:診療所】【診療科目:胃腸内科_外科_肛門外科_整形外科_皮膚泌尿器科_リハビリテーション科】広島県福山市神辺町川北９５４－４" }, "geometry": { "type": "Point", "coordinates": [ 133.381068, 34.546066 ] } },
{ "type": "Feature", "properties": { "ID": 3422340094480, "正式名称": "福山市民病院附属広瀬診療所", "機関区分": 2, "都道府県コード": 34, "市区町村コード": 207, "所在地": "広島県福山市加茂町北山２２２番地", "緯度": 34.609442, "経度": 133.343458, "url": "https://www.iryou.teikyouseido.mhlw.go.jp/znk-web/juminkanja/S2430/initialize?prefCd=34&kikanCd=2340094480&kikanKbn=2", "url2": null, "内容": "福山市民病院附属広瀬診療所【2:診療所】【診療科目:内科】広島県福山市加茂町北山２２２番地" }, "geometry": { "type": "Point", "coordinates": [ 133.343458, 34.609442 ] } },
{ "type": "Feature", "properties": { "ID": 3422340094640, "正式名称": "木原医院", "機関区分": 2, "都道府県コード": 34, "市区町村コード": 207, "所在地": "広島県福山市加茂町上加茂４００－１", "緯度": 34.56748, "経度": 133.347986, "url": "https://www.iryou.teikyouseido.mhlw.go.jp/znk-web/juminkanja/S2430/initialize?prefCd=34&kikanCd=2340094640&kikanKbn=2", "url2": null, "内容": "木原医院【2:診療所】【診療科目:内科】広島県福山市加茂町上加茂４００－１" }, "geometry": { "type": "Point", "coordinates": [ 133.347986, 34.56748 ] } },
{ "type": "Feature", "properties": { "ID": 3422340094800, "正式名称": "医療法人社団　いなほ会　せら医院", "機関区分": 2, "都道府県コード": 34, "市区町村コード": 207, "所在地": "広島県福山市加茂町下加茂９９３", "緯度": 34.565146, "経度": 133.340459, "url": "https://www.iryou.teikyouseido.mhlw.go.jp/znk-web/juminkanja/S2430/initialize?prefCd=34&kikanCd=2340094800&kikanKbn=2", "url2": null, "内容": "医療法人社団　いなほ会　せら医院【2:診療所】【診療科目:内科_消化器内科_老年内科】広島県福山市加茂町下加茂９９３" }, "geometry": { "type": "Point", "coordinates": [ 133.340459, 34.565146 ] } },
{ "type": "Feature", "properties": { "ID": 3422340095810, "正式名称": "唐川医院", "機関区分": 2, "都道府県コード": 34, "市区町村コード": 208, "所在地": "広島県府中市中須町１３９２番地の２", "緯度": 34.55509, "経度": 133.25505, "url": "https://www.iryou.teikyouseido.mhlw.go.jp/znk-web/juminkanja/S2430/initialize?prefCd=34&kikanCd=2340095810&kikanKbn=2", "url2": null, "内容": "唐川医院【2:診療所】【診療科目:内科_小児科】広島県府中市中須町１３９２番地の２" }, "geometry": { "type": "Point", "coordinates": [ 133.25505, 34.55509 ] } },
{ "type": "Feature", "properties": { "ID": 3422340096370, "正式名称": "医療法人　佐野内科医院", "機関区分": 2, "都道府県コード": 34, "市区町村コード": 208, "所在地": "広島県府中市鵜飼町６９９－１０", "緯度": 34.565478, "経度": 133.250244, "url": "https://www.iryou.teikyouseido.mhlw.go.jp/znk-web/juminkanja/S2430/initialize?prefCd=34&kikanCd=2340096370&kikanKbn=2", "url2": "http://www.fuchu-ishikai.net/?clinic=52", "内容": "医療法人　佐野内科医院【2:診療所】【診療科目:内科_胃腸内科_放射線科】広島県府中市鵜飼町６９９－１０" }, "geometry": { "type": "Point", "coordinates": [ 133.250244, 34.565478 ] } },
{ "type": "Feature", "properties": { "ID": 3422340097090, "正式名称": "中川整形外科医院", "機関区分": 2, "都道府県コード": 34, "市区町村コード": 208, "所在地": "広島県府中市中須町７７番地", "緯度": 34.555674, "経度": 133.26716, "url": "https://www.iryou.teikyouseido.mhlw.go.jp/znk-web/juminkanja/S2430/initialize?prefCd=34&kikanCd=2340097090&kikanKbn=2", "url2": null, "内容": "中川整形外科医院【2:診療所】【診療科目:整形外科_形成外科_皮膚科_リウマチ科_リハビリテーション科】広島県府中市中須町７７番地" }, "geometry": { "type": "Point", "coordinates": [ 133.26716, 34.555674 ] } },
{ "type": "Feature", "properties": { "ID": 3422340097700, "正式名称": "前原皮膚科クリニック", "機関区分": 2, "都道府県コード": 34, "市区町村コード": 208, "所在地": "広島県府中市高木町１８６", "緯度": 34.565969, "経度": 133.247553, "url": "https://www.iryou.teikyouseido.mhlw.go.jp/znk-web/juminkanja/S2430/initialize?prefCd=34&kikanCd=2340097700&kikanKbn=2", "url2": null, "内容": "前原皮膚科クリニック【2:診療所】【診療科目:皮膚科】広島県府中市高木町１８６" }, "geometry": { "type": "Point", "coordinates": [ 133.247553, 34.565969 ] } },
{ "type": "Feature", "properties": { "ID": 3422340097830, "正式名称": "宮下内科医院", "機関区分": 2, "都道府県コード": 34, "市区町村コード": 208, "所在地": "広島県府中市元町４５４", "緯度": 34.573338, "経度": 133.238023, "url": "https://www.iryou.teikyouseido.mhlw.go.jp/znk-web/juminkanja/S2430/initialize?prefCd=34&kikanCd=2340097830&kikanKbn=2", "url2": null, "内容": "宮下内科医院【2:診療所】【診療科目:内科】広島県府中市元町４５４" }, "geometry": { "type": "Point", "coordinates": [ 133.238023, 34.573338 ] } },
{ "type": "Feature", "properties": { "ID": 3422340100020, "正式名称": "三島医院", "機関区分": 2, "都道府県コード": 34, "市区町村コード": 207, "所在地": "広島県福山市新市町宮内１８６－５", "緯度": 34.5692, "経度": 133.274492, "url": "https://www.iryou.teikyouseido.mhlw.go.jp/znk-web/juminkanja/S2430/initialize?prefCd=34&kikanCd=2340100020&kikanKbn=2", "url2": "http://mishima-iin.com", "内容": "三島医院【2:診療所】【診療科目:内科_リハビリテーション科】広島県福山市新市町宮内１８６－５" }, "geometry": { "type": "Point", "coordinates": [ 133.274492, 34.5692 ] } },
{ "type": "Feature", "properties": { "ID": 3422340103470, "正式名称": "医療法人社団　岡崎医院", "機関区分": 2, "都道府県コード": 34, "市区町村コード": 209, "所在地": "広島県三次市十日市中二丁目１４－３３", "緯度": 34.805482, "経度": 132.849596, "url": "https://www.iryou.teikyouseido.mhlw.go.jp/znk-web/juminkanja/S2430/initialize?prefCd=34&kikanCd=2340103470&kikanKbn=2", "url2": "http://www.or-okazaki.jp/", "内容": "医療法人社団　岡崎医院【2:診療所】【診療科目:内科_循環器内科_胃腸内科_外科_心臓血管外科_整形外科_リハビリテーション科】広島県三次市十日市中二丁目１４－３３" }, "geometry": { "type": "Point", "coordinates": [ 132.849596, 34.805482 ] } },
{ "type": "Feature", "properties": { "ID": 3422340103920, "正式名称": "医療法人社団　近藤医院", "機関区分": 2, "都道府県コード": 34, "市区町村コード": 209, "所在地": "広島県三次市四拾貫町１６－２", "緯度": 34.803038, "経度": 132.885436, "url": "https://www.iryou.teikyouseido.mhlw.go.jp/znk-web/juminkanja/S2430/initialize?prefCd=34&kikanCd=2340103920&kikanKbn=2", "url2": null, "内容": "医療法人社団　近藤医院【2:診療所】【診療科目:内科_小児科】広島県三次市四拾貫町１６－２" }, "geometry": { "type": "Point", "coordinates": [ 132.885436, 34.803038 ] } },
{ "type": "Feature", "properties": { "ID": 3422340105230, "正式名称": "野村内科医院", "機関区分": 2, "都道府県コード": 34, "市区町村コード": 209, "所在地": "広島県三次市十日市中二丁目１４－２３", "緯度": 34.806167, "経度": 132.849711, "url": "https://www.iryou.teikyouseido.mhlw.go.jp/znk-web/juminkanja/S2430/initialize?prefCd=34&kikanCd=2340105230&kikanKbn=2", "url2": null, "内容": "野村内科医院【2:診療所】【診療科目:内科】広島県三次市十日市中二丁目１４－２３" }, "geometry": { "type": "Point", "coordinates": [ 132.849711, 34.806167 ] } },
{ "type": "Feature", "properties": { "ID": 3422340105780, "正式名称": "医療法人源仁会　箕岡内科医院", "機関区分": 2, "都道府県コード": 34, "市区町村コード": 209, "所在地": "広島県三次市三次町１９００－１", "緯度": 34.811056, "経度": 132.845572, "url": "https://www.iryou.teikyouseido.mhlw.go.jp/znk-web/juminkanja/S2430/initialize?prefCd=34&kikanCd=2340105780&kikanKbn=2", "url2": null, "内容": "医療法人源仁会　箕岡内科医院【2:診療所】【診療科目:内科_呼吸器内科_循環器内科_消化器内科_放射線科】広島県三次市三次町１９００－１" }, "geometry": { "type": "Point", "coordinates": [ 132.845572, 34.811056 ] } },
{ "type": "Feature", "properties": { "ID": 3422340109010, "正式名称": "高場クリニック", "機関区分": 2, "都道府県コード": 34, "市区町村コード": 209, "所在地": "広島県三次市三良坂町三良坂８７７－５", "緯度": 34.765202, "経度": 132.960759, "url": "https://www.iryou.teikyouseido.mhlw.go.jp/znk-web/juminkanja/S2430/initialize?prefCd=34&kikanCd=2340109010&kikanKbn=2", "url2": "http://takabacl2015.byoinnavi.jp/pc/", "内容": "高場クリニック【2:診療所】【診療科目:内科_小児科】広島県三次市三良坂町三良坂８７７－５" }, "geometry": { "type": "Point", "coordinates": [ 132.960759, 34.765202 ] } },
{ "type": "Feature", "properties": { "ID": 3422340109560, "正式名称": "笠間医院", "機関区分": 2, "都道府県コード": 34, "市区町村コード": 210, "所在地": "広島県庄原市西本町一丁目２２－３４", "緯度": 34.854249, "経度": 133.01475, "url": "https://www.iryou.teikyouseido.mhlw.go.jp/znk-web/juminkanja/S2430/initialize?prefCd=34&kikanCd=2340109560&kikanKbn=2", "url2": null, "内容": "笠間医院【2:診療所】【診療科目:内科】広島県庄原市西本町一丁目２２－３４" }, "geometry": { "type": "Point", "coordinates": [ 133.01475, 34.854249 ] } },
{ "type": "Feature", "properties": { "ID": 3422340116470, "正式名称": "医療法人和平会　折口医院", "機関区分": 2, "都道府県コード": 34, "市区町村コード": 101, "所在地": "広島県広島市中区吉島東１－４－１６", "緯度": 34.376512, "経度": 132.449569, "url": "https://www.iryou.teikyouseido.mhlw.go.jp/znk-web/juminkanja/S2430/initialize?prefCd=34&kikanCd=2340116470&kikanKbn=2", "url2": "https://wahei.or.jp/", "内容": "医療法人和平会　折口医院【2:診療所】【診療科目:内科_呼吸器内科_緩和ケア内科】広島県広島市中区吉島東１－４－１６" }, "geometry": { "type": "Point", "coordinates": [ 132.449569, 34.376512 ] } },
{ "type": "Feature", "properties": { "ID": 3422340116630, "正式名称": "回生医院リハビリ整形外科", "機関区分": 2, "都道府県コード": 34, "市区町村コード": 102, "所在地": "広島県広島市東区光町１丁目９－１６", "緯度": 34.399482, "経度": 132.479177, "url": "https://www.iryou.teikyouseido.mhlw.go.jp/znk-web/juminkanja/S2430/initialize?prefCd=34&kikanCd=2340116630&kikanKbn=2", "url2": "https://www.kaisei082.com/#info", "内容": "回生医院リハビリ整形外科【2:診療所】【診療科目:整形外科_リハビリテーション科】広島県広島市東区光町１丁目９－１６" }, "geometry": { "type": "Point", "coordinates": [ 132.479177, 34.399482 ] } },
{ "type": "Feature", "properties": { "ID": 3422340124680, "正式名称": "医療法人社団　豊島医院", "機関区分": 2, "都道府県コード": 34, "市区町村コード": 102, "所在地": "広島県広島市東区矢賀１－６－２６", "緯度": 34.394594, "経度": 132.493204, "url": "https://www.iryou.teikyouseido.mhlw.go.jp/znk-web/juminkanja/S2430/initialize?prefCd=34&kikanCd=2340124680&kikanKbn=2", "url2": null, "内容": "医療法人社団　豊島医院【2:診療所】【診療科目:内科_胃腸内科_小児科】広島県広島市東区矢賀１－６－２６" }, "geometry": { "type": "Point", "coordinates": [ 132.493204, 34.394594 ] } },
{ "type": "Feature", "properties": { "ID": 3422340126310, "正式名称": "医療法人　西村内科医院", "機関区分": 2, "都道府県コード": 34, "市区町村コード": 101, "所在地": "広島県広島市中区富士見町２番２１号", "緯度": 34.387483, "経度": 132.462679, "url": "https://www.iryou.teikyouseido.mhlw.go.jp/znk-web/juminkanja/S2430/initialize?prefCd=34&kikanCd=2340126310&kikanKbn=2", "url2": null, "内容": "医療法人　西村内科医院【2:診療所】【診療科目:内科_糖尿病内科_呼吸器内科_消化器内科】広島県広島市中区富士見町２番２１号" }, "geometry": { "type": "Point", "coordinates": [ 132.462679, 34.387483 ] } },
{ "type": "Feature", "properties": { "ID": 3422340130580, "正式名称": "医療法人社団　藤村医院", "機関区分": 2, "都道府県コード": 34, "市区町村コード": 103, "所在地": "広島県広島市南区大州２丁目１５－１１", "緯度": 34.389222, "経度": 132.488298, "url": "https://www.iryou.teikyouseido.mhlw.go.jp/znk-web/juminkanja/S2430/initialize?prefCd=34&kikanCd=2340130580&kikanKbn=2", "url2": null, "内容": "医療法人社団　藤村医院【2:診療所】【診療科目:内科_血液内科_循環器内科】広島県広島市南区大州２丁目１５－１１" }, "geometry": { "type": "Point", "coordinates": [ 132.488298, 34.389222 ] } },
{ "type": "Feature", "properties": { "ID": 3422340135820, "正式名称": "石橋内科医院", "機関区分": 2, "都道府県コード": 34, "市区町村コード": 104, "所在地": "広島県広島市西区井口鈴が台１－４－６", "緯度": 34.373669, "経度": 132.382878, "url": "https://www.iryou.teikyouseido.mhlw.go.jp/znk-web/juminkanja/S2430/initialize?prefCd=34&kikanCd=2340135820&kikanKbn=2", "url2": null, "内容": "石橋内科医院【2:診療所】【診療科目:内科】広島県広島市西区井口鈴が台１－４－６" }, "geometry": { "type": "Point", "coordinates": [ 132.382878, 34.373669 ] } },
{ "type": "Feature", "properties": { "ID": 3422340136120, "正式名称": "医療法人社団　杏林会　いとうクリニック", "機関区分": 2, "都道府県コード": 34, "市区町村コード": 104, "所在地": "広島県広島市西区庚午南１－３５－１３", "緯度": 34.381281, "経度": 132.410904, "url": "https://www.iryou.teikyouseido.mhlw.go.jp/znk-web/juminkanja/S2430/initialize?prefCd=34&kikanCd=2340136120&kikanKbn=2", "url2": "http://itohclinic1998.jp/", "内容": "医療法人社団　杏林会　いとうクリニック【2:診療所】【診療科目:内科_循環器内科_消化器内科_内視鏡内科_外科_リハビリテーション科】広島県広島市西区庚午南１－３５－１３" }, "geometry": { "type": "Point", "coordinates": [ 132.410904, 34.381281 ] } },
{ "type": "Feature", "properties": { "ID": 3422340137000, "正式名称": "医療法人社団　鈴峰今中医院", "機関区分": 2, "都道府県コード": 34, "市区町村コード": 104, "所在地": "広島県広島市西区井口４－２－３１", "緯度": 34.369067, "経度": 132.374187, "url": "https://www.iryou.teikyouseido.mhlw.go.jp/znk-web/juminkanja/S2430/initialize?prefCd=34&kikanCd=2340137000&kikanKbn=2", "url2": "https://www.suzugamine.org", "内容": "医療法人社団　鈴峰今中医院【2:診療所】【診療科目:内科_呼吸器内科_循環器内科_胃腸内科_小児科_産婦人科_産科_婦人科】広島県広島市西区井口４－２－３１" }, "geometry": { "type": "Point", "coordinates": [ 132.374187, 34.369067 ] } },
{ "type": "Feature", "properties": { "ID": 3422340139020, "正式名称": "医療法人　岡田眼科医院", "機関区分": 2, "都道府県コード": 34, "市区町村コード": 101, "所在地": "広島県広島市中区江波二本松１丁目１５番３号", "緯度": 34.368124, "経度": 132.432349, "url": "https://www.iryou.teikyouseido.mhlw.go.jp/znk-web/juminkanja/S2430/initialize?prefCd=34&kikanCd=2340139020&kikanKbn=2", "url2": "http://www.okada-ganka.jp", "内容": "医療法人　岡田眼科医院【2:診療所】【診療科目:眼科】広島県広島市中区江波二本松１丁目１５番３号" }, "geometry": { "type": "Point", "coordinates": [ 132.432349, 34.368124 ] } },
{ "type": "Feature", "properties": { "ID": 3422340139310, "正式名称": "医療法人あろえ会　岡本クリニック", "機関区分": 2, "都道府県コード": 34, "市区町村コード": 104, "所在地": "広島県広島市西区己斐本町３丁目１１番７号", "緯度": 34.394565, "経度": 132.425765, "url": "https://www.iryou.teikyouseido.mhlw.go.jp/znk-web/juminkanja/S2430/initialize?prefCd=34&kikanCd=2340139310&kikanKbn=2", "url2": "www.okamoto-mmg.com/", "内容": "医療法人あろえ会　岡本クリニック【2:診療所】【診療科目:内科_消化器内科_外科_乳腺外科_肛門外科_皮膚科_泌尿器科】広島県広島市西区己斐本町３丁目１１番７号" }, "geometry": { "type": "Point", "coordinates": [ 132.425765, 34.394565 ] } },
{ "type": "Feature", "properties": { "ID": 3422340141140, "正式名称": "医療法人社団　梶谷整形外科", "機関区分": 2, "都道府県コード": 34, "市区町村コード": 101, "所在地": "広島県広島市中区舟入南４－１４－１０", "緯度": 34.37632, "経度": 132.438274, "url": "https://www.iryou.teikyouseido.mhlw.go.jp/znk-web/juminkanja/S2430/initialize?prefCd=34&kikanCd=2340141140&kikanKbn=2", "url2": null, "内容": "医療法人社団　梶谷整形外科【2:診療所】【診療科目:外科_整形外科_リウマチ科_リハビリテーション科】広島県広島市中区舟入南４－１４－１０" }, "geometry": { "type": "Point", "coordinates": [ 132.438274, 34.37632 ] } },
{ "type": "Feature", "properties": { "ID": 3422340141850, "正式名称": "川瀬内科循環器科", "機関区分": 2, "都道府県コード": 34, "市区町村コード": 104, "所在地": "広島県広島市西区南観音２丁目５番１４号", "緯度": 34.383372, "経度": 132.432293, "url": "https://www.iryou.teikyouseido.mhlw.go.jp/znk-web/juminkanja/S2430/initialize?prefCd=34&kikanCd=2340141850&kikanKbn=2", "url2": null, "内容": "川瀬内科循環器科【2:診療所】【診療科目:内科_循環器内科】広島県広島市西区南観音２丁目５番１４号" }, "geometry": { "type": "Point", "coordinates": [ 132.432293, 34.383372 ] } },
{ "type": "Feature", "properties": { "ID": 3422340142280, "正式名称": "医療法人社団芸朋会　川本内科呼吸器内科クリニック", "機関区分": 2, "都道府県コード": 34, "市区町村コード": 104, "所在地": "広島県広島市西区東観音町５－６", "緯度": 34.392017, "経度": 132.43992, "url": "https://www.iryou.teikyouseido.mhlw.go.jp/znk-web/juminkanja/S2430/initialize?prefCd=34&kikanCd=2340142280&kikanKbn=2", "url2": "http://www.kawamoto-clinic.net/", "内容": "医療法人社団芸朋会　川本内科呼吸器内科クリニック【2:診療所】【診療科目:内科_呼吸器内科_循環器内科_消化器内科_アレルギー科】広島県広島市西区東観音町５－６" }, "geometry": { "type": "Point", "coordinates": [ 132.43992, 34.392017 ] } },
{ "type": "Feature", "properties": { "ID": 3422340142860, "正式名称": "医療法人　吉川医院", "機関区分": 2, "都道府県コード": 34, "市区町村コード": 106, "所在地": "広島県広島市安佐北区大林１丁目２１番３４号", "緯度": 34.547606, "経度": 132.53586, "url": "https://www.iryou.teikyouseido.mhlw.go.jp/znk-web/juminkanja/S2430/initialize?prefCd=34&kikanCd=2340142860&kikanKbn=2", "url2": null, "内容": "医療法人　吉川医院【2:診療所】【診療科目:内科_消化器内科_胃腸内科_肝臓内科】広島県広島市安佐北区大林１丁目２１番３４号" }, "geometry": { "type": "Point", "coordinates": [ 132.53586, 34.547606 ] } },
{ "type": "Feature", "properties": { "ID": 3422340143160, "正式名称": "窪医院", "機関区分": 2, "都道府県コード": 34, "市区町村コード": 106, "所在地": "広島県広島市安佐北区亀山南５丁目７番２４号", "緯度": 34.524302, "経度": 132.491726, "url": "https://www.iryou.teikyouseido.mhlw.go.jp/znk-web/juminkanja/S2430/initialize?prefCd=34&kikanCd=2340143160&kikanKbn=2", "url2": null, "内容": "窪医院【2:診療所】【診療科目:内科_リハビリテーション科】広島県広島市安佐北区亀山南５丁目７番２４号" }, "geometry": { "type": "Point", "coordinates": [ 132.491726, 34.524302 ] } },
{ "type": "Feature", "properties": { "ID": 3422340144170, "正式名称": "医療法人社団　河野医院", "機関区分": 2, "都道府県コード": 34, "市区町村コード": 106, "所在地": "広島県広島市安佐北区三入６－２１－１６", "緯度": 34.544331, "経度": 132.531131, "url": "https://www.iryou.teikyouseido.mhlw.go.jp/znk-web/juminkanja/S2430/initialize?prefCd=34&kikanCd=2340144170&kikanKbn=2", "url2": "https://www.konoiin.com/", "内容": "医療法人社団　河野医院【2:診療所】【診療科目:内科_循環器内科】広島県広島市安佐北区三入６－２１－１６" }, "geometry": { "type": "Point", "coordinates": [ 132.531131, 34.544331 ] } },
{ "type": "Feature", "properties": { "ID": 3422340144880, "正式名称": "医療法人近藤内科クリニック", "機関区分": 2, "都道府県コード": 34, "市区町村コード": 105, "所在地": "広島県広島市安佐南区山本一丁目１９－３６", "緯度": 34.435882, "経度": 132.453087, "url": "https://www.iryou.teikyouseido.mhlw.go.jp/znk-web/juminkanja/S2430/initialize?prefCd=34&kikanCd=2340144880&kikanKbn=2", "url2": "http://kondoclinic.org/", "内容": "医療法人近藤内科クリニック【2:診療所】【診療科目:内科_呼吸器内科】広島県広島市安佐南区山本一丁目１９－３６" }, "geometry": { "type": "Point", "coordinates": [ 132.453087, 34.435882 ] } },
{ "type": "Feature", "properties": { "ID": 3422340145180, "正式名称": "酒井内科医院", "機関区分": 2, "都道府県コード": 34, "市区町村コード": 101, "所在地": "広島県広島市中区十日市町２丁目４番６号", "緯度": 34.399371, "経度": 132.449874, "url": "https://www.iryou.teikyouseido.mhlw.go.jp/znk-web/juminkanja/S2430/initialize?prefCd=34&kikanCd=2340145180&kikanKbn=2", "url2": null, "内容": "酒井内科医院【2:診療所】【診療科目:内科_麻酔科】広島県広島市中区十日市町２丁目４番６号" }, "geometry": { "type": "Point", "coordinates": [ 132.449874, 34.399371 ] } },
{ "type": "Feature", "properties": { "ID": 3422340149410, "正式名称": "中国新聞健康保険組合診療所", "機関区分": 2, "都道府県コード": 34, "市区町村コード": 101, "所在地": "広島県広島市中区土橋町７－１", "緯度": 34.39251, "経度": 132.448763, "url": "https://www.iryou.teikyouseido.mhlw.go.jp/znk-web/juminkanja/S2430/initialize?prefCd=34&kikanCd=2340149410&kikanKbn=2", "url2": null, "内容": "中国新聞健康保険組合診療所【2:診療所】【診療科目:内科】広島県広島市中区土橋町７－１" }, "geometry": { "type": "Point", "coordinates": [ 132.448763, 34.39251 ] } },
{ "type": "Feature", "properties": { "ID": 3422340149830, "正式名称": "医療法人　津田耳鼻咽喉科医院", "機関区分": 2, "都道府県コード": 34, "市区町村コード": 101, "所在地": "広島県広島市中区舟入本町１２番７号", "緯度": 34.3854, "経度": 132.442097, "url": "https://www.iryou.teikyouseido.mhlw.go.jp/znk-web/juminkanja/S2430/initialize?prefCd=34&kikanCd=2340149830&kikanKbn=2", "url2": null, "内容": "医療法人　津田耳鼻咽喉科医院【2:診療所】【診療科目:耳鼻いんこう科_頭頸部・耳鼻いんこう科_耳鼻咽喉科アレルギー_アレルギー科】広島県広島市中区舟入本町１２番７号" }, "geometry": { "type": "Point", "coordinates": [ 132.442097, 34.3854 ] } },
{ "type": "Feature", "properties": { "ID": 3422340150490, "正式名称": "医療法人社団　土居会　土井クリニック", "機関区分": 2, "都道府県コード": 34, "市区町村コード": 106, "所在地": "広島県広島市安佐北区可部２丁目４０番２２号", "緯度": 34.511057, "経度": 132.511436, "url": "https://www.iryou.teikyouseido.mhlw.go.jp/znk-web/juminkanja/S2430/initialize?prefCd=34&kikanCd=2340150490&kikanKbn=2", "url2": "https://doi-clinic-hiroshima.com/", "内容": "医療法人社団　土居会　土井クリニック【2:診療所】【診療科目:内科_消化器内科_外科_肛門外科_整形外科_小児科】広島県広島市安佐北区可部２丁目４０番２２号" }, "geometry": { "type": "Point", "coordinates": [ 132.511436, 34.511057 ] } },
{ "type": "Feature", "properties": { "ID": 3422340152090, "正式名称": "中村内科小児科医院", "機関区分": 2, "都道府県コード": 34, "市区町村コード": 101, "所在地": "広島県広島市中区舟入南３－１３－７", "緯度": 34.375859, "経度": 132.437195, "url": "https://www.iryou.teikyouseido.mhlw.go.jp/znk-web/juminkanja/S2430/initialize?prefCd=34&kikanCd=2340152090&kikanKbn=2", "url2": null, "内容": "中村内科小児科医院【2:診療所】【診療科目:内科_小児科】広島県広島市中区舟入南３－１３－７" }, "geometry": { "type": "Point", "coordinates": [ 132.437195, 34.375859 ] } },
{ "type": "Feature", "properties": { "ID": 3422340153130, "正式名称": "医療法人　林クリニック", "機関区分": 2, "都道府県コード": 34, "市区町村コード": 101, "所在地": "広島県広島市中区舟入南１－１０－１３", "緯度": 34.37815, "経度": 132.438654, "url": "https://www.iryou.teikyouseido.mhlw.go.jp/znk-web/juminkanja/S2430/initialize?prefCd=34&kikanCd=2340153130&kikanKbn=2", "url2": "https://www.hayashi-funairi.com", "内容": "医療法人　林クリニック【2:診療所】【診療科目:内科_消化器内科_外科_肛門外科】広島県広島市中区舟入南１－１０－１３" }, "geometry": { "type": "Point", "coordinates": [ 132.438654, 34.37815 ] } },
{ "type": "Feature", "properties": { "ID": 3422340155440, "正式名称": "藤浪医院", "機関区分": 2, "都道府県コード": 34, "市区町村コード": 104, "所在地": "広島県広島市西区草津南２－６－７", "緯度": 34.378066, "経度": 132.400823, "url": "https://www.iryou.teikyouseido.mhlw.go.jp/znk-web/juminkanja/S2430/initialize?prefCd=34&kikanCd=2340155440&kikanKbn=2", "url2": "http://fujinami-iin.com/", "内容": "藤浪医院【2:診療所】【診療科目:内科_感染症内科_糖尿病内科_呼吸器内科_消化器内科_胃腸内科_漢方内科_内視鏡内科_アレルギー疾患内科_アレルギー科】広島県広島市西区草津南２－６－７" }, "geometry": { "type": "Point", "coordinates": [ 132.400823, 34.378066 ] } },
{ "type": "Feature", "properties": { "ID": 3422340155600, "正式名称": "藤村内科循環器科医院", "機関区分": 2, "都道府県コード": 34, "市区町村コード": 101, "所在地": "広島県広島市中区河原町１２－２１", "緯度": 34.388641, "経度": 132.446052, "url": "https://www.iryou.teikyouseido.mhlw.go.jp/znk-web/juminkanja/S2430/initialize?prefCd=34&kikanCd=2340155600&kikanKbn=2", "url2": null, "内容": "藤村内科循環器科医院【2:診療所】【診療科目:内科_循環器内科_消化器内科】広島県広島市中区河原町１２－２１" }, "geometry": { "type": "Point", "coordinates": [ 132.446052, 34.388641 ] } },
{ "type": "Feature", "properties": { "ID": 3422340156450, "正式名称": "堀江医院", "機関区分": 2, "都道府県コード": 34, "市区町村コード": 105, "所在地": "広島県広島市安佐南区祇園２丁目２２番２８号", "緯度": 34.442644, "経度": 132.465843, "url": "https://www.iryou.teikyouseido.mhlw.go.jp/znk-web/juminkanja/S2430/initialize?prefCd=34&kikanCd=2340156450&kikanKbn=2", "url2": null, "内容": "堀江医院【2:診療所】【診療科目:内科_小児科_アレルギー科】広島県広島市安佐南区祇園２丁目２２番２８号" }, "geometry": { "type": "Point", "coordinates": [ 132.465843, 34.442644 ] } },
{ "type": "Feature", "properties": { "ID": 3422340157170, "正式名称": "松原医院", "機関区分": 2, "都道府県コード": 34, "市区町村コード": 106, "所在地": "広島県広島市安佐北区三入３－１６－２２", "緯度": 34.53819, "経度": 132.524667, "url": "https://www.iryou.teikyouseido.mhlw.go.jp/znk-web/juminkanja/S2430/initialize?prefCd=34&kikanCd=2340157170&kikanKbn=2", "url2": null, "内容": "松原医院【2:診療所】【診療科目:内科_消化器内科】広島県広島市安佐北区三入３－１６－２２" }, "geometry": { "type": "Point", "coordinates": [ 132.524667, 34.53819 ] } },
{ "type": "Feature", "properties": { "ID": 3422340157880, "正式名称": "宮脇耳鼻咽喉科医院", "機関区分": 2, "都道府県コード": 34, "市区町村コード": 104, "所在地": "広島県広島市西区横川町３丁目１０番１９号", "緯度": 34.40912, "経度": 132.451429, "url": "https://www.iryou.teikyouseido.mhlw.go.jp/znk-web/juminkanja/S2430/initialize?prefCd=34&kikanCd=2340157880&kikanKbn=2", "url2": null, "内容": "宮脇耳鼻咽喉科医院【2:診療所】【診療科目:耳鼻いんこう科】広島県広島市西区横川町３丁目１０番１９号" }, "geometry": { "type": "Point", "coordinates": [ 132.451429, 34.40912 ] } },
{ "type": "Feature", "properties": { "ID": 3422340158890, "正式名称": "医療法人社団　さくら会　山崎内科クリニック", "機関区分": 2, "都道府県コード": 34, "市区町村コード": 104, "所在地": "広島県広島市西区三篠町２丁目４番２８号", "緯度": 34.414008, "経度": 132.454317, "url": "https://www.iryou.teikyouseido.mhlw.go.jp/znk-web/juminkanja/S2430/initialize?prefCd=34&kikanCd=2340158890&kikanKbn=2", "url2": null, "内容": "医療法人社団　さくら会　山崎内科クリニック【2:診療所】【診療科目:内科_感染症内科_糖尿病内科_代謝内科_内分泌内科_脂質代謝内科_糖尿病・内分泌内科_糖尿病・代謝内科_代謝・内分泌内科_呼吸器内科_老年・呼吸器内科_循環器内科_心臓内科_心臓血管内科_消化器内科_胃腸内科_腎臓内科_肝臓内科_神経内科_腫瘍内科_漢方内科_老年内科_疼痛緩和内科_アレルギー疾患内科_小児科_アレルギー科_放射線科】広島県広島市西区三篠町２丁目４番２８号" }, "geometry": { "type": "Point", "coordinates": [ 132.454317, 34.414008 ] } },
{ "type": "Feature", "properties": { "ID": 3422340160590, "正式名称": "医療法人　てっせん会　あきもと皮膚科リハビリ整形外科", "機関区分": 2, "都道府県コード": 34, "市区町村コード": 103, "所在地": "広島県広島市南区的場町一丁目７番２１号", "緯度": 34.3929, "経度": 132.474567, "url": "https://www.iryou.teikyouseido.mhlw.go.jp/znk-web/juminkanja/S2430/initialize?prefCd=34&kikanCd=2340160590&kikanKbn=2", "url2": "https://www.akimoto-medical.com/", "内容": "医療法人　てっせん会　あきもと皮膚科リハビリ整形外科【2:診療所】【診療科目:整形外科_皮膚科_美容皮膚科_皮膚外科（皮膚腫瘍手術など）_アレルギー科_リウマチ科_リハビリテーション科】広島県広島市南区的場町一丁目７番２１号" }, "geometry": { "type": "Point", "coordinates": [ 132.474567, 34.3929 ] } },
{ "type": "Feature", "properties": { "ID": 3422340160880, "正式名称": "医療法人社団　　新井内科", "機関区分": 2, "都道府県コード": 34, "市区町村コード": 103, "所在地": "広島県広島市南区京橋町７－１８", "緯度": 34.394545, "経度": 132.471822, "url": "https://www.iryou.teikyouseido.mhlw.go.jp/znk-web/juminkanja/S2430/initialize?prefCd=34&kikanCd=2340160880&kikanKbn=2", "url2": null, "内容": "医療法人社団　　新井内科【2:診療所】【診療科目:内科_リハビリテーション科】広島県広島市南区京橋町７－１８" }, "geometry": { "type": "Point", "coordinates": [ 132.471822, 34.394545 ] } },
{ "type": "Feature", "properties": { "ID": 3422340161210, "正式名称": "医療法人　石田耳鼻咽喉科医院", "機関区分": 2, "都道府県コード": 34, "市区町村コード": 103, "所在地": "広島県広島市南区旭２－４－２８", "緯度": 34.375074, "経度": 132.477129, "url": "https://www.iryou.teikyouseido.mhlw.go.jp/znk-web/juminkanja/S2430/initialize?prefCd=34&kikanCd=2340161210&kikanKbn=2", "url2": null, "内容": "医療法人　石田耳鼻咽喉科医院【2:診療所】【診療科目:頭頸部外科_耳鼻いんこう科】広島県広島市南区旭２－４－２８" }, "geometry": { "type": "Point", "coordinates": [ 132.477129, 34.375074 ] } },
{ "type": "Feature", "properties": { "ID": 3422340162510, "正式名称": "医療法人　牛尾内科医院", "機関区分": 2, "都道府県コード": 34, "市区町村コード": 103, "所在地": "広島県広島市南区宇品神田５－２２－１７", "緯度": 34.357403, "経度": 132.464652, "url": "https://www.iryou.teikyouseido.mhlw.go.jp/znk-web/juminkanja/S2430/initialize?prefCd=34&kikanCd=2340162510&kikanKbn=2", "url2": "http://ushionaika.or.jp", "内容": "医療法人　牛尾内科医院【2:診療所】【診療科目:内科_呼吸器内科_放射線科】広島県広島市南区宇品神田５－２２－１７" }, "geometry": { "type": "Point", "coordinates": [ 132.464652, 34.357403 ] } },
{ "type": "Feature", "properties": { "ID": 3422340162800, "正式名称": "医療法人社団　江島医院", "機関区分": 2, "都道府県コード": 34, "市区町村コード": 103, "所在地": "広島県広島市南区宇品御幸２丁目５番７号", "緯度": 34.366458, "経度": 132.462485, "url": "https://www.iryou.teikyouseido.mhlw.go.jp/znk-web/juminkanja/S2430/initialize?prefCd=34&kikanCd=2340162800&kikanKbn=2", "url2": "http://www.ejima-clinic.jp/", "内容": "医療法人社団　江島医院【2:診療所】【診療科目:内科_呼吸器内科_アレルギー疾患内科_小児科】広島県広島市南区宇品御幸２丁目５番７号" }, "geometry": { "type": "Point", "coordinates": [ 132.462485, 34.366458 ] } },
{ "type": "Feature", "properties": { "ID": 3422340166420, "正式名称": "さかたに小児科", "機関区分": 2, "都道府県コード": 34, "市区町村コード": 103, "所在地": "広島県広島市南区宇品神田５丁目２６番１７号", "緯度": 34.357181, "経度": 132.463819, "url": "https://www.iryou.teikyouseido.mhlw.go.jp/znk-web/juminkanja/S2430/initialize?prefCd=34&kikanCd=2340166420&kikanKbn=2", "url2": "http://tatuiti/coocan.jp/", "内容": "さかたに小児科【2:診療所】【診療科目:内科_小児科】広島県広島市南区宇品神田５丁目２６番１７号" }, "geometry": { "type": "Point", "coordinates": [ 132.463819, 34.357181 ] } },
{ "type": "Feature", "properties": { "ID": 3422340166550, "正式名称": "佐々木外科整形外科医院", "機関区分": 2, "都道府県コード": 34, "市区町村コード": 103, "所在地": "広島県広島市南区的場町２丁目３－９", "緯度": 34.392011, "経度": 132.474261, "url": "https://www.iryou.teikyouseido.mhlw.go.jp/znk-web/juminkanja/S2430/initialize?prefCd=34&kikanCd=2340166550&kikanKbn=2", "url2": "http://www.ortho-sasaki1962.jp", "内容": "佐々木外科整形外科医院【2:診療所】【診療科目:整形外科_リハビリテーション科】広島県広島市南区的場町２丁目３－９" }, "geometry": { "type": "Point", "coordinates": [ 132.474261, 34.392011 ] } },
{ "type": "Feature", "properties": { "ID": 3422340167270, "正式名称": "医療法人社団　しまもと医院", "機関区分": 2, "都道府県コード": 34, "市区町村コード": 103, "所在地": "広島県広島市南区宇品東７丁目２番２６号", "緯度": 34.360201, "経度": 132.468016, "url": "https://www.iryou.teikyouseido.mhlw.go.jp/znk-web/juminkanja/S2430/initialize?prefCd=34&kikanCd=2340167270&kikanKbn=2", "url2": "https://www.shimamoto.cl.com/", "内容": "医療法人社団　しまもと医院【2:診療所】【診療科目:内科_消化器内科_内視鏡内科】広島県広島市南区宇品東７丁目２番２６号" }, "geometry": { "type": "Point", "coordinates": [ 132.468016, 34.360201 ] } },
{ "type": "Feature", "properties": { "ID": 3422340167720, "正式名称": "瀬戸産婦人科医院", "機関区分": 2, "都道府県コード": 34, "市区町村コード": 103, "所在地": "広島県広島市南区東本浦町２２番５号", "緯度": 34.374818, "経度": 132.492205, "url": "https://www.iryou.teikyouseido.mhlw.go.jp/znk-web/juminkanja/S2430/initialize?prefCd=34&kikanCd=2340167720&kikanKbn=2", "url2": null, "内容": "瀬戸産婦人科医院【2:診療所】【診療科目:産婦人科】広島県広島市南区東本浦町２２番５号" }, "geometry": { "type": "Point", "coordinates": [ 132.492205, 34.374818 ] } },
{ "type": "Feature", "properties": { "ID": 3422340167980, "正式名称": "医療法人社団　そごう会　十河クリニック", "機関区分": 2, "都道府県コード": 34, "市区町村コード": 103, "所在地": "広島県広島市南区的場町１丁目７番２０号", "緯度": 34.392737, "経度": 132.474469, "url": "https://www.iryou.teikyouseido.mhlw.go.jp/znk-web/juminkanja/S2430/initialize?prefCd=34&kikanCd=2340167980&kikanKbn=2", "url2": "https://www.sogo-clinic.jp/", "内容": "医療法人社団　そごう会　十河クリニック【2:診療所】【診療科目:内科_精神科_神経科_心療内科】広島県広島市南区的場町１丁目７番２０号" }, "geometry": { "type": "Point", "coordinates": [ 132.474469, 34.392737 ] } },
{ "type": "Feature", "properties": { "ID": 3422340169030, "正式名称": "医療法人社団　宏精クリニック", "機関区分": 2, "都道府県コード": 34, "市区町村コード": 103, "所在地": "広島県広島市南区宇品御幸三丁目１－１１", "緯度": 34.363375, "経度": 132.463958, "url": "https://www.iryou.teikyouseido.mhlw.go.jp/znk-web/juminkanja/S2430/initialize?prefCd=34&kikanCd=2340169030&kikanKbn=2", "url2": null, "内容": "医療法人社団　宏精クリニック【2:診療所】【診療科目:内科_呼吸器内科_小児科】広島県広島市南区宇品御幸三丁目１－１１" }, "geometry": { "type": "Point", "coordinates": [ 132.463958, 34.363375 ] } },
{ "type": "Feature", "properties": { "ID": 3422340172030, "正式名称": "医療法人　野島内科医院", "機関区分": 2, "都道府県コード": 34, "市区町村コード": 103, "所在地": "広島県広島市南区東雲本町１丁目１２番３号", "緯度": 34.381484, "経度": 132.485455, "url": "https://www.iryou.teikyouseido.mhlw.go.jp/znk-web/juminkanja/S2430/initialize?prefCd=34&kikanCd=2340172030&kikanKbn=2", "url2": "http://nojima-naika.com", "内容": "医療法人　野島内科医院【2:診療所】【診療科目:内科_糖尿病内科_内分泌内科_脂質代謝内科_呼吸器内科_循環器内科_消化器内科】広島県広島市南区東雲本町１丁目１２番３号" }, "geometry": { "type": "Point", "coordinates": [ 132.485455, 34.381484 ] } },
{ "type": "Feature", "properties": { "ID": 3422340172870, "正式名称": "医療法人社団　タイエツカイ　半田耳鼻咽喉科医院", "機関区分": 2, "都道府県コード": 34, "市区町村コード": 103, "所在地": "広島県広島市南区出汐１丁目１２番１号", "緯度": 34.378873, "経度": 132.476567, "url": "https://www.iryou.teikyouseido.mhlw.go.jp/znk-web/juminkanja/S2430/initialize?prefCd=34&kikanCd=2340172870&kikanKbn=2", "url2": null, "内容": "医療法人社団　タイエツカイ　半田耳鼻咽喉科医院【2:診療所】【診療科目:耳鼻いんこう科】広島県広島市南区出汐１丁目１２番１号" }, "geometry": { "type": "Point", "coordinates": [ 132.476567, 34.378873 ] } },
{ "type": "Feature", "properties": { "ID": 3422340173460, "正式名称": "医療法人社団あやめ会　福原整形外科医院", "機関区分": 2, "都道府県コード": 34, "市区町村コード": 103, "所在地": "広島県広島市南区宇品西４丁目４番８号", "緯度": 34.356125, "経度": 132.459847, "url": "https://www.iryou.teikyouseido.mhlw.go.jp/znk-web/juminkanja/S2430/initialize?prefCd=34&kikanCd=2340173460&kikanKbn=2", "url2": "http://www.fukuhara.or.jp", "内容": "医療法人社団あやめ会　福原整形外科医院【2:診療所】【診療科目:整形外科_リハビリテーション科】広島県広島市南区宇品西４丁目４番８号" }, "geometry": { "type": "Point", "coordinates": [ 132.459847, 34.356125 ] } },
{ "type": "Feature", "properties": { "ID": 3422340177370, "正式名称": "神垣医院", "機関区分": 2, "都道府県コード": 34, "市区町村コード": 202, "所在地": "広島県呉市広横路２－１４－３２", "緯度": 34.242751, "経度": 132.610312, "url": "https://www.iryou.teikyouseido.mhlw.go.jp/znk-web/juminkanja/S2430/initialize?prefCd=34&kikanCd=2340177370&kikanKbn=2", "url2": null, "内容": "神垣医院【2:診療所】【診療科目:内科_小児科】広島県呉市広横路２－１４－３２" }, "geometry": { "type": "Point", "coordinates": [ 132.610312, 34.242751 ] } },
{ "type": "Feature", "properties": { "ID": 3422340178090, "正式名称": "さいとう内科", "機関区分": 2, "都道府県コード": 34, "市区町村コード": 202, "所在地": "広島県呉市広大新開１丁目４番３号", "緯度": 34.232142, "経度": 132.623395, "url": "https://www.iryou.teikyouseido.mhlw.go.jp/znk-web/juminkanja/S2430/initialize?prefCd=34&kikanCd=2340178090&kikanKbn=2", "url2": null, "内容": "さいとう内科【2:診療所】【診療科目:内科_消化器内科_神経内科】広島県呉市広大新開１丁目４番３号" }, "geometry": { "type": "Point", "coordinates": [ 132.623395, 34.232142 ] } },
{ "type": "Feature", "properties": { "ID": 3422340178380, "正式名称": "杉　医院", "機関区分": 2, "都道府県コード": 34, "市区町村コード": 202, "所在地": "広島県呉市広本町３－１６－９", "緯度": 34.237415, "経度": 132.622483, "url": "https://www.iryou.teikyouseido.mhlw.go.jp/znk-web/juminkanja/S2430/initialize?prefCd=34&kikanCd=2340178380&kikanKbn=2", "url2": "https://www.sugi-iin.jp/home", "内容": "杉　医院【2:診療所】【診療科目:内科_消化器内科_神経内科_外科_乳腺外科_整形外科_小児科】広島県呉市広本町３－１６－９" }, "geometry": { "type": "Point", "coordinates": [ 132.622483, 34.237415 ] } },
{ "type": "Feature", "properties": { "ID": 3422340178960, "正式名称": "玉木産婦人科医院", "機関区分": 2, "都道府県コード": 34, "市区町村コード": 202, "所在地": "広島県呉市広本町３－２２－２６", "緯度": 34.23778, "経度": 132.624672, "url": "https://www.iryou.teikyouseido.mhlw.go.jp/znk-web/juminkanja/S2430/initialize?prefCd=34&kikanCd=2340178960&kikanKbn=2", "url2": null, "内容": "玉木産婦人科医院【2:診療所】【診療科目:内科_産婦人科】広島県呉市広本町３－２２－２６" }, "geometry": { "type": "Point", "coordinates": [ 132.624672, 34.23778 ] } },
{ "type": "Feature", "properties": { "ID": 3422340179130, "正式名称": "二井谷内科", "機関区分": 2, "都道府県コード": 34, "市区町村コード": 202, "所在地": "広島県呉市広駅前２丁目１番５１号", "緯度": 34.229309, "経度": 132.629422, "url": "https://www.iryou.teikyouseido.mhlw.go.jp/znk-web/juminkanja/S2430/initialize?prefCd=34&kikanCd=2340179130&kikanKbn=2", "url2": null, "内容": "二井谷内科【2:診療所】【診療科目:内科_糖尿病・代謝内科_呼吸器内科_循環器内科_消化器内科】広島県呉市広駅前２丁目１番５１号" }, "geometry": { "type": "Point", "coordinates": [ 132.629422, 34.229309 ] } },
{ "type": "Feature", "properties": { "ID": 3422340179710, "正式名称": "医療法人社団　福岡医院", "機関区分": 2, "都道府県コード": 34, "市区町村コード": 202, "所在地": "広島県呉市広古新開７－２１－１４", "緯度": 34.240224, "経度": 132.622478, "url": "https://www.iryou.teikyouseido.mhlw.go.jp/znk-web/juminkanja/S2430/initialize?prefCd=34&kikanCd=2340179710&kikanKbn=2", "url2": null, "内容": "医療法人社団　福岡医院【2:診療所】【診療科目:内科_循環器内科】広島県呉市広古新開７－２１－１４" }, "geometry": { "type": "Point", "coordinates": [ 132.622478, 34.240224 ] } },
{ "type": "Feature", "properties": { "ID": 3422340181090, "正式名称": "医療法人社団　小林医院", "機関区分": 2, "都道府県コード": 34, "市区町村コード": 202, "所在地": "広島県呉市阿賀中央８－５－９", "緯度": 34.237585, "経度": 132.596536, "url": "https://www.iryou.teikyouseido.mhlw.go.jp/znk-web/juminkanja/S2430/initialize?prefCd=34&kikanCd=2340181090&kikanKbn=2", "url2": null, "内容": "医療法人社団　小林医院【2:診療所】【診療科目:内科_消化器内科】広島県呉市阿賀中央８－５－９" }, "geometry": { "type": "Point", "coordinates": [ 132.596536, 34.237585 ] } },
{ "type": "Feature", "properties": { "ID": 3422340183300, "正式名称": "岡田医院", "機関区分": 2, "都道府県コード": 34, "市区町村コード": 202, "所在地": "広島県呉市宮原１２―１２―２８", "緯度": 34.224049, "経度": 132.555981, "url": "https://www.iryou.teikyouseido.mhlw.go.jp/znk-web/juminkanja/S2430/initialize?prefCd=34&kikanCd=2340183300&kikanKbn=2", "url2": null, "内容": "岡田医院【2:診療所】【診療科目:内科_呼吸器内科_循環器内科_皮膚科_リハビリテーション科】広島県呉市宮原１２―１２―２８" }, "geometry": { "type": "Point", "coordinates": [ 132.555981, 34.224049 ] } },
{ "type": "Feature", "properties": { "ID": 3422340183850, "正式名称": "大原内科循環器科", "機関区分": 2, "都道府県コード": 34, "市区町村コード": 202, "所在地": "広島県呉市本通２―６―７", "緯度": 34.24325, "経度": 132.565205, "url": "https://www.iryou.teikyouseido.mhlw.go.jp/znk-web/juminkanja/S2430/initialize?prefCd=34&kikanCd=2340183850&kikanKbn=2", "url2": null, "内容": "大原内科循環器科【2:診療所】【診療科目:内科_糖尿病内科_循環器内科】広島県呉市本通２―６―７" }, "geometry": { "type": "Point", "coordinates": [ 132.565205, 34.24325 ] } },
{ "type": "Feature", "properties": { "ID": 3422340184570, "正式名称": "医療法人社団　片岡皮膚科", "機関区分": 2, "都道府県コード": 34, "市区町村コード": 202, "所在地": "広島県呉市本通４－６－５", "緯度": 34.248268, "経度": 132.569337, "url": "https://www.iryou.teikyouseido.mhlw.go.jp/znk-web/juminkanja/S2430/initialize?prefCd=34&kikanCd=2340184570&kikanKbn=2", "url2": null, "内容": "医療法人社団　片岡皮膚科【2:診療所】【診療科目:皮膚科_アレルギー科_リウマチ科】広島県呉市本通４－６－５" }, "geometry": { "type": "Point", "coordinates": [ 132.569337, 34.248268 ] } },
{ "type": "Feature", "properties": { "ID": 3422340187630, "正式名称": "コムラ医院", "機関区分": 2, "都道府県コード": 34, "市区町村コード": 202, "所在地": "広島県呉市本通２―７―１", "緯度": 34.242575, "経度": 132.565271, "url": "https://www.iryou.teikyouseido.mhlw.go.jp/znk-web/juminkanja/S2430/initialize?prefCd=34&kikanCd=2340187630&kikanKbn=2", "url2": null, "内容": "コムラ医院【2:診療所】【診療科目:内科_外科_整形外科_皮膚科_リハビリテーション科_放射線科】広島県呉市本通２―７―１" }, "geometry": { "type": "Point", "coordinates": [ 132.565271, 34.242575 ] } },
{ "type": "Feature", "properties": { "ID": 3422340189810, "正式名称": "竹広医院", "機関区分": 2, "都道府県コード": 34, "市区町村コード": 202, "所在地": "広島県呉市両城１－３－１９", "緯度": 34.246694, "経度": 132.550345, "url": "https://www.iryou.teikyouseido.mhlw.go.jp/znk-web/juminkanja/S2430/initialize?prefCd=34&kikanCd=2340189810&kikanKbn=2", "url2": null, "内容": "竹広医院【2:診療所】【診療科目:内科_小児科】広島県呉市両城１－３－１９" }, "geometry": { "type": "Point", "coordinates": [ 132.550345, 34.246694 ] } },
{ "type": "Feature", "properties": { "ID": 3422340192100, "正式名称": "医療法人社団　仁和堂　仁和堂医院", "機関区分": 2, "都道府県コード": 34, "市区町村コード": 202, "所在地": "広島県呉市本通６丁目２－１８", "緯度": 34.250111, "経度": 132.572482, "url": "https://www.iryou.teikyouseido.mhlw.go.jp/znk-web/juminkanja/S2430/initialize?prefCd=34&kikanCd=2340192100&kikanKbn=2", "url2": "http://www.ninnadou.com/", "内容": "医療法人社団　仁和堂　仁和堂医院【2:診療所】【診療科目:皮膚科_アレルギー科】広島県呉市本通６丁目２－１８" }, "geometry": { "type": "Point", "coordinates": [ 132.572482, 34.250111 ] } },
{ "type": "Feature", "properties": { "ID": 3422340195260, "正式名称": "三好内科胃腸科", "機関区分": 2, "都道府県コード": 34, "市区町村コード": 202, "所在地": "広島県呉市東中央２－１－７", "緯度": 34.251943, "経度": 132.569937, "url": "https://www.iryou.teikyouseido.mhlw.go.jp/znk-web/juminkanja/S2430/initialize?prefCd=34&kikanCd=2340195260&kikanKbn=2", "url2": "http://www.ab.auone-net.jp/~miyoshi/", "内容": "三好内科胃腸科【2:診療所】【診療科目:内科_消化器内科】広島県呉市東中央２－１－７" }, "geometry": { "type": "Point", "coordinates": [ 132.569937, 34.251943 ] } },
{ "type": "Feature", "properties": { "ID": 3422340198740, "正式名称": "梶川医院", "機関区分": 2, "都道府県コード": 34, "市区町村コード": 215, "所在地": "広島県江田島市沖美町岡大王４４１", "緯度": 34.205609, "経度": 132.410944, "url": "https://www.iryou.teikyouseido.mhlw.go.jp/znk-web/juminkanja/S2430/initialize?prefCd=34&kikanCd=2340198740&kikanKbn=2", "url2": null, "内容": "梶川医院【2:診療所】【診療科目:内科】広島県江田島市沖美町岡大王４４１" }, "geometry": { "type": "Point", "coordinates": [ 132.410944, 34.205609 ] } },
{ "type": "Feature", "properties": { "ID": 3422340198870, "正式名称": "医療法人　守屋医院", "機関区分": 2, "都道府県コード": 34, "市区町村コード": 202, "所在地": "広島県呉市広駅前１－２－２４", "緯度": 34.23041, "経度": 132.626445, "url": "https://www.iryou.teikyouseido.mhlw.go.jp/znk-web/juminkanja/S2430/initialize?prefCd=34&kikanCd=2340198870&kikanKbn=2", "url2": null, "内容": "医療法人　守屋医院【2:診療所】【診療科目:皮膚科_アレルギー科】広島県呉市広駅前１－２－２４" }, "geometry": { "type": "Point", "coordinates": [ 132.626445, 34.23041 ] } },
{ "type": "Feature", "properties": { "ID": 3422340199330, "正式名称": "医療法人社団幸明会　松本内科循環器科医院", "機関区分": 2, "都道府県コード": 34, "市区町村コード": 101, "所在地": "広島県広島市中区光南１－１６－２３", "緯度": 34.367457, "経度": 132.446265, "url": "https://www.iryou.teikyouseido.mhlw.go.jp/znk-web/juminkanja/S2430/initialize?prefCd=34&kikanCd=2340199330&kikanKbn=2", "url2": null, "内容": "医療法人社団幸明会　松本内科循環器科医院【2:診療所】【診療科目:内科_循環器内科】広島県広島市中区光南１－１６－２３" }, "geometry": { "type": "Point", "coordinates": [ 132.446265, 34.367457 ] } },
{ "type": "Feature", "properties": { "ID": 3422340201220, "正式名称": "医療法人社団　たつき会　菅田医院", "機関区分": 2, "都道府県コード": 34, "市区町村コード": 202, "所在地": "広島県呉市川尻町東一丁目２１－１", "緯度": 34.236726, "経度": 132.698472, "url": "https://www.iryou.teikyouseido.mhlw.go.jp/znk-web/juminkanja/S2430/initialize?prefCd=34&kikanCd=2340201220&kikanKbn=2", "url2": null, "内容": "医療法人社団　たつき会　菅田医院【2:診療所】【診療科目:内科_外科_整形外科_皮膚科_リハビリテーション科_放射線科】広島県呉市川尻町東一丁目２１－１" }, "geometry": { "type": "Point", "coordinates": [ 132.698472, 34.236726 ] } },
{ "type": "Feature", "properties": { "ID": 3422340201480, "正式名称": "太田外科胃腸科放射線科医院", "機関区分": 2, "都道府県コード": 34, "市区町村コード": 101, "所在地": "広島県広島市中区舟入南４－３－１", "緯度": 34.377289, "経度": 132.440292, "url": "https://www.iryou.teikyouseido.mhlw.go.jp/znk-web/juminkanja/S2430/initialize?prefCd=34&kikanCd=2340201480&kikanKbn=2", "url2": null, "内容": "太田外科胃腸科放射線科医院【2:診療所】【診療科目:胃腸内科_外科_放射線科】広島県広島市中区舟入南４－３－１" }, "geometry": { "type": "Point", "coordinates": [ 132.440292, 34.377289 ] } },
{ "type": "Feature", "properties": { "ID": 3422340201510, "正式名称": "小野内科循環器科", "機関区分": 2, "都道府県コード": 34, "市区町村コード": 104, "所在地": "広島県広島市西区中広町２－２８－１０", "緯度": 34.402287, "経度": 132.44268, "url": "https://www.iryou.teikyouseido.mhlw.go.jp/znk-web/juminkanja/S2430/initialize?prefCd=34&kikanCd=2340201510&kikanKbn=2", "url2": null, "内容": "小野内科循環器科【2:診療所】【診療科目:内科_循環器内科】広島県広島市西区中広町２－２８－１０" }, "geometry": { "type": "Point", "coordinates": [ 132.44268, 34.402287 ] } },
{ "type": "Feature", "properties": { "ID": 3422340201770, "正式名称": "沢近医院", "機関区分": 2, "都道府県コード": 34, "市区町村コード": 103, "所在地": "広島県広島市南区宇品御幸１丁目１７番８号", "緯度": 34.367513, "経度": 132.464402, "url": "https://www.iryou.teikyouseido.mhlw.go.jp/znk-web/juminkanja/S2430/initialize?prefCd=34&kikanCd=2340201770&kikanKbn=2", "url2": null, "内容": "沢近医院【2:診療所】【診療科目:内科_循環器内科】広島県広島市南区宇品御幸１丁目１７番８号" }, "geometry": { "type": "Point", "coordinates": [ 132.464402, 34.367513 ] } },
{ "type": "Feature", "properties": { "ID": 3422340202490, "正式名称": "三次市国民健康保険　川西診療所", "機関区分": 2, "都道府県コード": 34, "市区町村コード": 209, "所在地": "広島県三次市三若町２６５５番地４", "緯度": 34.716594, "経度": 132.889934, "url": "https://www.iryou.teikyouseido.mhlw.go.jp/znk-web/juminkanja/S2430/initialize?prefCd=34&kikanCd=2340202490&kikanKbn=2", "url2": "http://www.shoujin.or.jp/shinryoujyo.html", "内容": "三次市国民健康保険　川西診療所【2:診療所】【診療科目:内科】広島県三次市三若町２６５５番地４" }, "geometry": { "type": "Point", "coordinates": [ 132.889934, 34.716594 ] } },
{ "type": "Feature", "properties": { "ID": 3422340202780, "正式名称": "楢崎外科医院", "機関区分": 2, "都道府県コード": 34, "市区町村コード": 208, "所在地": "広島県府中市元町４２１－７", "緯度": 34.573199, "経度": 133.238884, "url": "https://www.iryou.teikyouseido.mhlw.go.jp/znk-web/juminkanja/S2430/initialize?prefCd=34&kikanCd=2340202780&kikanKbn=2", "url2": null, "内容": "楢崎外科医院【2:診療所】【診療科目:外科】広島県府中市元町４２１－７" }, "geometry": { "type": "Point", "coordinates": [ 133.238884, 34.573199 ] } },
{ "type": "Feature", "properties": { "ID": 3422340204380, "正式名称": "医療法人社団　城原胃腸科整形外科", "機関区分": 2, "都道府県コード": 34, "市区町村コード": 203, "所在地": "広島県竹原市中央三丁目４－１", "緯度": 34.343385, "経度": 132.907755, "url": "https://www.iryou.teikyouseido.mhlw.go.jp/znk-web/juminkanja/S2430/initialize?prefCd=34&kikanCd=2340204380&kikanKbn=2", "url2": "jobara-clinic.com", "内容": "医療法人社団　城原胃腸科整形外科【2:診療所】【診療科目:内科_胃腸内科_外科_肛門外科_整形外科_皮膚泌尿器科】広島県竹原市中央三丁目４－１" }, "geometry": { "type": "Point", "coordinates": [ 132.907755, 34.343385 ] } },
{ "type": "Feature", "properties": { "ID": 3422340204540, "正式名称": "医療法人社団　田村内科小児科", "機関区分": 2, "都道府県コード": 34, "市区町村コード": 202, "所在地": "広島県呉市仁方西神町４－１４", "緯度": 34.224532, "経度": 132.650476, "url": "https://www.iryou.teikyouseido.mhlw.go.jp/znk-web/juminkanja/S2430/initialize?prefCd=34&kikanCd=2340204540&kikanKbn=2", "url2": null, "内容": "医療法人社団　田村内科小児科【2:診療所】【診療科目:内科_小児科】広島県呉市仁方西神町４－１４" }, "geometry": { "type": "Point", "coordinates": [ 132.650476, 34.224532 ] } },
{ "type": "Feature", "properties": { "ID": 3422340206010, "正式名称": "大野木耳鼻咽喉科医院", "機関区分": 2, "都道府県コード": 34, "市区町村コード": 102, "所在地": "広島県広島市東区牛田旭１丁目７番１３号", "緯度": 34.41473, "経度": 132.468455, "url": "https://www.iryou.teikyouseido.mhlw.go.jp/znk-web/juminkanja/S2430/initialize?prefCd=34&kikanCd=2340206010&kikanKbn=2", "url2": "https://www.onogi-jibiinkouka.com", "内容": "大野木耳鼻咽喉科医院【2:診療所】【診療科目:耳鼻いんこう科】広島県広島市東区牛田旭１丁目７番１３号" }, "geometry": { "type": "Point", "coordinates": [ 132.468455, 34.41473 ] } },
{ "type": "Feature", "properties": { "ID": 3422340206270, "正式名称": "内科（糖尿病）　久安医院", "機関区分": 2, "都道府県コード": 34, "市区町村コード": 104, "所在地": "広島県広島市西区観音本町２丁目７番２３号", "緯度": 34.389121, "経度": 132.434931, "url": "https://www.iryou.teikyouseido.mhlw.go.jp/znk-web/juminkanja/S2430/initialize?prefCd=34&kikanCd=2340206270&kikanKbn=2", "url2": "https://www.hisayasuclinic.com/", "内容": "内科（糖尿病）　久安医院【2:診療所】【診療科目:内科_糖尿病内科_内分泌内科】広島県広島市西区観音本町２丁目７番２３号" }, "geometry": { "type": "Point", "coordinates": [ 132.434931, 34.389121 ] } },
{ "type": "Feature", "properties": { "ID": 3422340206690, "正式名称": "かねもり婦人科クリニック", "機関区分": 2, "都道府県コード": 34, "市区町村コード": 207, "所在地": "広島県福山市南本庄３－２－６", "緯度": 34.484655, "経度": 133.354489, "url": "https://www.iryou.teikyouseido.mhlw.go.jp/znk-web/juminkanja/S2430/initialize?prefCd=34&kikanCd=2340206690&kikanKbn=2", "url2": "http://www.kanemori-clinic.jp", "内容": "かねもり婦人科クリニック【2:診療所】【診療科目:産婦人科_産婦人科（生殖医療）_泌尿器科】広島県福山市南本庄３－２－６" }, "geometry": { "type": "Point", "coordinates": [ 133.354489, 34.484655 ] } },
{ "type": "Feature", "properties": { "ID": 3422340206720, "正式名称": "児玉医院", "機関区分": 2, "都道府県コード": 34, "市区町村コード": 210, "所在地": "広島県庄原市川北町１５８－２", "緯度": 34.882717, "経度": 132.99975, "url": "https://www.iryou.teikyouseido.mhlw.go.jp/znk-web/juminkanja/S2430/initialize?prefCd=34&kikanCd=2340206720&kikanKbn=2", "url2": "http://yuusinkai-kodamaiin.com/index.html", "内容": "児玉医院【2:診療所】【診療科目:内科_外科】広島県庄原市川北町１５８－２" }, "geometry": { "type": "Point", "coordinates": [ 132.99975, 34.882717 ] } },
{ "type": "Feature", "properties": { "ID": 3422340207150, "正式名称": "医療法人社団　慈聖会　小沢医院", "機関区分": 2, "都道府県コード": 34, "市区町村コード": 102, "所在地": "広島県広島市東区温品六丁目３番１３号", "緯度": 34.418647, "経度": 132.510201, "url": "https://www.iryou.teikyouseido.mhlw.go.jp/znk-web/juminkanja/S2430/initialize?prefCd=34&kikanCd=2340207150&kikanKbn=2", "url2": "http://www.ozawaiin.or.jp", "内容": "医療法人社団　慈聖会　小沢医院【2:診療所】【診療科目:内科_循環器内科】広島県広島市東区温品六丁目３番１３号" }, "geometry": { "type": "Point", "coordinates": [ 132.510201, 34.418647 ] } },
{ "type": "Feature", "properties": { "ID": 3422340210310, "正式名称": "医療法人璃醫会　上田耳鼻咽喉科医院", "機関区分": 2, "都道府県コード": 34, "市区町村コード": 207, "所在地": "広島県福山市旭町８－１７", "緯度": 34.489924, "経度": 133.374704, "url": "https://www.iryou.teikyouseido.mhlw.go.jp/znk-web/juminkanja/S2430/initialize?prefCd=34&kikanCd=2340210310&kikanKbn=2", "url2": null, "内容": "医療法人璃醫会　上田耳鼻咽喉科医院【2:診療所】【診療科目:耳鼻いんこう科】広島県福山市旭町８－１７" }, "geometry": { "type": "Point", "coordinates": [ 133.374704, 34.489924 ] } },
{ "type": "Feature", "properties": { "ID": 3422340211160, "正式名称": "ハラダ内科医院", "機関区分": 2, "都道府県コード": 34, "市区町村コード": 101, "所在地": "広島県広島市中区小網町２－１　ハラダビル１Ｆ", "緯度": 34.394093, "経度": 132.44543, "url": "https://www.iryou.teikyouseido.mhlw.go.jp/znk-web/juminkanja/S2430/initialize?prefCd=34&kikanCd=2340211160&kikanKbn=2", "url2": null, "内容": "ハラダ内科医院【2:診療所】【診療科目:内科】広島県広島市中区小網町２－１　ハラダビル１Ｆ" }, "geometry": { "type": "Point", "coordinates": [ 132.44543, 34.394093 ] } },
{ "type": "Feature", "properties": { "ID": 3422340212750, "正式名称": "松尾産婦人科内科医院", "機関区分": 2, "都道府県コード": 34, "市区町村コード": 104, "所在地": "広島県広島市西区三篠町１－５－７", "緯度": 34.411675, "経度": 132.452873, "url": "https://www.iryou.teikyouseido.mhlw.go.jp/znk-web/juminkanja/S2430/initialize?prefCd=34&kikanCd=2340212750&kikanKbn=2", "url2": "http://www.ccv.ne.jp/home/pinetree/", "内容": "松尾産婦人科内科医院【2:診療所】【診療科目:内科_産婦人科_皮膚泌尿器科】広島県広島市西区三篠町１－５－７" }, "geometry": { "type": "Point", "coordinates": [ 132.452873, 34.411675 ] } },
{ "type": "Feature", "properties": { "ID": 3422340212880, "正式名称": "医療法人社団　成仁会　中高下整形外科医院", "機関区分": 2, "都道府県コード": 34, "市区町村コード": 104, "所在地": "広島県広島市西区観音本町２丁目１３番２号", "緯度": 34.38851, "経度": 132.43482, "url": "https://www.iryou.teikyouseido.mhlw.go.jp/znk-web/juminkanja/S2430/initialize?prefCd=34&kikanCd=2340212880&kikanKbn=2", "url2": null, "内容": "医療法人社団　成仁会　中高下整形外科医院【2:診療所】【診療科目:整形外科】広島県広島市西区観音本町２丁目１３番２号" }, "geometry": { "type": "Point", "coordinates": [ 132.43482, 34.38851 ] } },
{ "type": "Feature", "properties": { "ID": 3422340213210, "正式名称": "広島市こども療育センター附属診療所", "機関区分": 2, "都道府県コード": 34, "市区町村コード": 102, "所在地": "広島県広島市東区光町二丁目１５番５５号", "緯度": 34.400786, "経度": 132.482793, "url": "https://www.iryou.teikyouseido.mhlw.go.jp/znk-web/juminkanja/S2430/initialize?prefCd=34&kikanCd=2340213210&kikanKbn=2", "url2": "http://www.hsfj.city.hiroshima.jp/020201010100kodomoryosotop.html", "内容": "広島市こども療育センター附属診療所【2:診療所】【診療科目:整形外科_小児科_耳鼻いんこう科_精神科】広島県広島市東区光町二丁目１５番５５号" }, "geometry": { "type": "Point", "coordinates": [ 132.482793, 34.400786 ] } },
{ "type": "Feature", "properties": { "ID": 3422340213920, "正式名称": "医療法人社団匡医　木村神経科内科クリニック", "機関区分": 2, "都道府県コード": 34, "市区町村コード": 101, "所在地": "広島県広島市中区榎町３－１", "緯度": 34.397565, "経度": 132.445069, "url": "https://www.iryou.teikyouseido.mhlw.go.jp/znk-web/juminkanja/S2430/initialize?prefCd=34&kikanCd=2340213920&kikanKbn=2", "url2": "http://kimuramentalclinic.webmedipr.jp/index.html", "内容": "医療法人社団匡医　木村神経科内科クリニック【2:診療所】【診療科目:内科_精神科_心療内科_リハビリテーション科】広島県広島市中区榎町３－１" }, "geometry": { "type": "Point", "coordinates": [ 132.445069, 34.397565 ] } },
{ "type": "Feature", "properties": { "ID": 3422340214060, "正式名称": "津田医院", "機関区分": 2, "都道府県コード": 34, "市区町村コード": 105, "所在地": "広島県広島市安佐南区長束３丁目１０番３１号", "緯度": 34.432784, "経度": 132.460205, "url": "https://www.iryou.teikyouseido.mhlw.go.jp/znk-web/juminkanja/S2430/initialize?prefCd=34&kikanCd=2340214060&kikanKbn=2", "url2": null, "内容": "津田医院【2:診療所】【診療科目:耳鼻いんこう科】広島県広島市安佐南区長束３丁目１０番３１号" }, "geometry": { "type": "Point", "coordinates": [ 132.460205, 34.432784 ] } },
{ "type": "Feature", "properties": { "ID": 3422340214510, "正式名称": "舛本産婦人科医院", "機関区分": 2, "都道府県コード": 34, "市区町村コード": 105, "所在地": "広島県広島市安佐南区相田２－７－２２", "緯度": 34.472613, "経度": 132.450537, "url": "https://www.iryou.teikyouseido.mhlw.go.jp/znk-web/juminkanja/S2430/initialize?prefCd=34&kikanCd=2340214510&kikanKbn=2", "url2": "www.masumoto-ladys-clinic.jp", "内容": "舛本産婦人科医院【2:診療所】【診療科目:産婦人科】広島県広島市安佐南区相田２－７－２２" }, "geometry": { "type": "Point", "coordinates": [ 132.450537, 34.472613 ] } },
{ "type": "Feature", "properties": { "ID": 3422340215360, "正式名称": "医療法人　くろせ皮フ科", "機関区分": 2, "都道府県コード": 34, "市区町村コード": 101, "所在地": "広島県広島市中区基町６－２７　広島バスセンター８Ｆ", "緯度": 34.396094, "経度": 132.457265, "url": "https://www.iryou.teikyouseido.mhlw.go.jp/znk-web/juminkanja/S2430/initialize?prefCd=34&kikanCd=2340215360&kikanKbn=2", "url2": "kurose-hifuka.or.jp", "内容": "医療法人　くろせ皮フ科【2:診療所】【診療科目:皮膚科】広島県広島市中区基町６－２７　広島バスセンター８Ｆ" }, "geometry": { "type": "Point", "coordinates": [ 132.457265, 34.396094 ] } },
{ "type": "Feature", "properties": { "ID": 3422340215520, "正式名称": "医療法人社団　日域医院", "機関区分": 2, "都道府県コード": 34, "市区町村コード": 104, "所在地": "広島県広島市西区己斐本町１－１４－１４　　広島総合開発ビル５階", "緯度": 34.397742, "経度": 132.428805, "url": "https://www.iryou.teikyouseido.mhlw.go.jp/znk-web/juminkanja/S2430/initialize?prefCd=34&kikanCd=2340215520&kikanKbn=2", "url2": "jitsuiki-clinic.net", "内容": "医療法人社団　日域医院【2:診療所】【診療科目:精神科_心療内科】広島県広島市西区己斐本町１－１４－１４　　広島総合開発ビル５階" }, "geometry": { "type": "Point", "coordinates": [ 132.428805, 34.397742 ] } },
{ "type": "Feature", "properties": { "ID": 3422340215650, "正式名称": "セントラル眼科", "機関区分": 2, "都道府県コード": 34, "市区町村コード": 101, "所在地": "広島県広島市中区基町６－２７　広島センタービル８Ｆ", "緯度": 34.396234, "経度": 132.456899, "url": "https://www.iryou.teikyouseido.mhlw.go.jp/znk-web/juminkanja/S2430/initialize?prefCd=34&kikanCd=2340215650&kikanKbn=2", "url2": "http://www.central-ganka.com", "内容": "セントラル眼科【2:診療所】【診療科目:眼科】広島県広島市中区基町６－２７　広島センタービル８Ｆ" }, "geometry": { "type": "Point", "coordinates": [ 132.456899, 34.396234 ] } },
{ "type": "Feature", "properties": { "ID": 3422340216080, "正式名称": "医療法人社団　山形内科循環器医院", "機関区分": 2, "都道府県コード": 34, "市区町村コード": 212, "所在地": "広島県東広島市黒瀬町楢原２４３－６", "緯度": 34.324265, "経度": 132.671253, "url": "https://www.iryou.teikyouseido.mhlw.go.jp/znk-web/juminkanja/S2430/initialize?prefCd=34&kikanCd=2340216080&kikanKbn=2", "url2": null, "内容": "医療法人社団　山形内科循環器医院【2:診療所】【診療科目:内科_糖尿病内科_呼吸器内科_循環器内科】広島県東広島市黒瀬町楢原２４３－６" }, "geometry": { "type": "Point", "coordinates": [ 132.671253, 34.324265 ] } },
{ "type": "Feature", "properties": { "ID": 3422340217540, "正式名称": "医療法人社団　大下医院", "機関区分": 2, "都道府県コード": 34, "市区町村コード": 103, "所在地": "広島県広島市南区旭１－１９－２５", "緯度": 34.373457, "経度": 132.479734, "url": "https://www.iryou.teikyouseido.mhlw.go.jp/znk-web/juminkanja/S2430/initialize?prefCd=34&kikanCd=2340217540&kikanKbn=2", "url2": "oshita-clinic.com", "内容": "医療法人社団　大下医院【2:診療所】【診療科目:内科_糖尿病内科_呼吸器内科_循環器内科_消化器内科】広島県広島市南区旭１－１９－２５" }, "geometry": { "type": "Point", "coordinates": [ 132.479734, 34.373457 ] } },
{ "type": "Feature", "properties": { "ID": 3422340218840, "正式名称": "中前外科・内科クリニック", "機関区分": 2, "都道府県コード": 34, "市区町村コード": 212, "所在地": "広島県東広島市西条町助実１８５４－１", "緯度": 34.420054, "経度": 132.746618, "url": "https://www.iryou.teikyouseido.mhlw.go.jp/znk-web/juminkanja/S2430/initialize?prefCd=34&kikanCd=2340218840&kikanKbn=2", "url2": "http://nakamaegeka-naika.com/", "内容": "中前外科・内科クリニック【2:診療所】【診療科目:内科_消化器内科_内視鏡内科_外科_肛門外科_整形外科_皮膚科】広島県東広島市西条町助実１８５４－１" }, "geometry": { "type": "Point", "coordinates": [ 132.746618, 34.420054 ] } },
{ "type": "Feature", "properties": { "ID": 3422340220960, "正式名称": "医療法人社団　法宗会　法宗医院", "機関区分": 2, "都道府県コード": 34, "市区町村コード": 207, "所在地": "広島県福山市伊勢丘五丁目６－１", "緯度": 34.507071, "経度": 133.421566, "url": "https://www.iryou.teikyouseido.mhlw.go.jp/znk-web/juminkanja/S2430/initialize?prefCd=34&kikanCd=2340220960&kikanKbn=2", "url2": "http://www.norimune.jp", "内容": "医療法人社団　法宗会　法宗医院【2:診療所】【診療科目:内科_消化器内科_外科_小児科】広島県福山市伊勢丘五丁目６－１" }, "geometry": { "type": "Point", "coordinates": [ 133.421566, 34.507071 ] } },
{ "type": "Feature", "properties": { "ID": 3422340221260, "正式名称": "堀川内科　胃腸科　消化器科", "機関区分": 2, "都道府県コード": 34, "市区町村コード": 106, "所在地": "広島県広島市安佐北区深川３丁目１１番２０号", "緯度": 34.490307, "経度": 132.524863, "url": "https://www.iryou.teikyouseido.mhlw.go.jp/znk-web/juminkanja/S2430/initialize?prefCd=34&kikanCd=2340221260&kikanKbn=2", "url2": null, "内容": "堀川内科　胃腸科　消化器科【2:診療所】【診療科目:内科_消化器内科_胃腸内科】広島県広島市安佐北区深川３丁目１１番２０号" }, "geometry": { "type": "Point", "coordinates": [ 132.524863, 34.490307 ] } },
{ "type": "Feature", "properties": { "ID": 3422340221390, "正式名称": "児玉医院", "機関区分": 2, "都道府県コード": 34, "市区町村コード": 105, "所在地": "広島県広島市安佐南区祇園４丁目５０番２４号", "緯度": 34.442033, "経度": 132.457482, "url": "https://www.iryou.teikyouseido.mhlw.go.jp/znk-web/juminkanja/S2430/initialize?prefCd=34&kikanCd=2340221390&kikanKbn=2", "url2": "http://kodamaiin.net", "内容": "児玉医院【2:診療所】【診療科目:内科_小児科_アレルギー科】広島県広島市安佐南区祇園４丁目５０番２４号" }, "geometry": { "type": "Point", "coordinates": [ 132.457482, 34.442033 ] } },
{ "type": "Feature", "properties": { "ID": 3422340221550, "正式名称": "片山医院", "機関区分": 2, "都道府県コード": 34, "市区町村コード": 307, "所在地": "広島県安芸郡熊野町出来庭９丁目２番１８号", "緯度": 34.334158, "経度": 132.571367, "url": "https://www.iryou.teikyouseido.mhlw.go.jp/znk-web/juminkanja/S2430/initialize?prefCd=34&kikanCd=2340221550&kikanKbn=2", "url2": null, "内容": "片山医院【2:診療所】【診療科目:内科_消化器内科_外科_皮膚科_泌尿器科】広島県安芸郡熊野町出来庭９丁目２番１８号" }, "geometry": { "type": "Point", "coordinates": [ 132.571367, 34.334158 ] } },
{ "type": "Feature", "properties": { "ID": 3422340222010, "正式名称": "医療法人社団　祐仁会　川上医院", "機関区分": 2, "都道府県コード": 34, "市区町村コード": 103, "所在地": "広島県広島市南区青崎１丁目７番２号", "緯度": 34.374624, "経度": 132.506093, "url": "https://www.iryou.teikyouseido.mhlw.go.jp/znk-web/juminkanja/S2430/initialize?prefCd=34&kikanCd=2340222010&kikanKbn=2", "url2": null, "内容": "医療法人社団　祐仁会　川上医院【2:診療所】【診療科目:内科_胃腸内科】広島県広島市南区青崎１丁目７番２号" }, "geometry": { "type": "Point", "coordinates": [ 132.506093, 34.374624 ] } },
{ "type": "Feature", "properties": { "ID": 3422340222560, "正式名称": "しまだファミリークリニック", "機関区分": 2, "都道府県コード": 34, "市区町村コード": 211, "所在地": "広島県大竹市油見３丁目１２番７号", "緯度": 34.219352, "経度": 132.221011, "url": "https://www.iryou.teikyouseido.mhlw.go.jp/znk-web/juminkanja/S2430/initialize?prefCd=34&kikanCd=2340222560&kikanKbn=2", "url2": "http://www.shimada-fc.com/", "内容": "しまだファミリークリニック【2:診療所】【診療科目:内科_小児科】広島県大竹市油見３丁目１２番７号" }, "geometry": { "type": "Point", "coordinates": [ 132.221011, 34.219352 ] } },
{ "type": "Feature", "properties": { "ID": 3422340224610, "正式名称": "医療法人社団　品川小児科内科", "機関区分": 2, "都道府県コード": 34, "市区町村コード": 207, "所在地": "広島県福山市今津町２－３－３１", "緯度": 34.451324, "経度": 133.254971, "url": "https://www.iryou.teikyouseido.mhlw.go.jp/znk-web/juminkanja/S2430/initialize?prefCd=34&kikanCd=2340224610&kikanKbn=2", "url2": null, "内容": "医療法人社団　品川小児科内科【2:診療所】【診療科目:内科】広島県福山市今津町２－３－３１" }, "geometry": { "type": "Point", "coordinates": [ 133.254971, 34.451324 ] } },
{ "type": "Feature", "properties": { "ID": 3422340225330, "正式名称": "医療法人　細川医院", "機関区分": 2, "都道府県コード": 34, "市区町村コード": 104, "所在地": "広島県広島市西区庚午中３丁目１番１６号", "緯度": 34.382927, "経度": 132.413378, "url": "https://www.iryou.teikyouseido.mhlw.go.jp/znk-web/juminkanja/S2430/initialize?prefCd=34&kikanCd=2340225330&kikanKbn=2", "url2": null, "内容": "医療法人　細川医院【2:診療所】【診療科目:内科_外科】広島県広島市西区庚午中３丁目１番１６号" }, "geometry": { "type": "Point", "coordinates": [ 132.413378, 34.382927 ] } },
{ "type": "Feature", "properties": { "ID": 3422340225590, "正式名称": "医療法人　竹田眼科医院", "機関区分": 2, "都道府県コード": 34, "市区町村コード": 106, "所在地": "広島県広島市安佐北区可部５－１１－２３", "緯度": 34.520136, "経度": 132.511249, "url": "https://www.iryou.teikyouseido.mhlw.go.jp/znk-web/juminkanja/S2430/initialize?prefCd=34&kikanCd=2340225590&kikanKbn=2", "url2": null, "内容": "医療法人　竹田眼科医院【2:診療所】【診療科目:眼科】広島県広島市安佐北区可部５－１１－２３" }, "geometry": { "type": "Point", "coordinates": [ 132.511249, 34.520136 ] } },
{ "type": "Feature", "properties": { "ID": 3422340226500, "正式名称": "医療法人社団　最上クリニック", "機関区分": 2, "都道府県コード": 34, "市区町村コード": 101, "所在地": "広島県広島市中区八丁堀６－２０", "緯度": 34.395974, "経度": 132.463533, "url": "https://www.iryou.teikyouseido.mhlw.go.jp/znk-web/juminkanja/S2430/initialize?prefCd=34&kikanCd=2340226500&kikanKbn=2", "url2": "mogaminaika.com", "内容": "医療法人社団　最上クリニック【2:診療所】【診療科目:内科_感染症内科_血液内科_糖尿病内科_代謝内科_内分泌内科_脂質代謝内科_脳神経内科_呼吸器内科_老年・呼吸器内科_循環器内科_消化器内科_肝臓内科】広島県広島市中区八丁堀６－２０" }, "geometry": { "type": "Point", "coordinates": [ 132.463533, 34.395974 ] } },
{ "type": "Feature", "properties": { "ID": 3422340226890, "正式名称": "梶山内科", "機関区分": 2, "都道府県コード": 34, "市区町村コード": 101, "所在地": "広島県広島市中区十日市町１－２－２２", "緯度": 34.398037, "経度": 132.44768, "url": "https://www.iryou.teikyouseido.mhlw.go.jp/znk-web/juminkanja/S2430/initialize?prefCd=34&kikanCd=2340226890&kikanKbn=2", "url2": "https://kajiyama-naika.jp/", "内容": "梶山内科【2:診療所】【診療科目:内科_呼吸器内科_消化器内科_アレルギー科】広島県広島市中区十日市町１－２－２２" }, "geometry": { "type": "Point", "coordinates": [ 132.44768, 34.398037 ] } },
{ "type": "Feature", "properties": { "ID": 3422340228360, "正式名称": "宮原内科医院", "機関区分": 2, "都道府県コード": 34, "市区町村コード": 202, "所在地": "広島県呉市東中央１丁目３番２２号", "緯度": 34.250083, "経度": 132.568926, "url": "https://www.iryou.teikyouseido.mhlw.go.jp/znk-web/juminkanja/S2430/initialize?prefCd=34&kikanCd=2340228360&kikanKbn=2", "url2": null, "内容": "宮原内科医院【2:診療所】【診療科目:内科】広島県呉市東中央１丁目３番２２号" }, "geometry": { "type": "Point", "coordinates": [ 132.568926, 34.250083 ] } },
{ "type": "Feature", "properties": { "ID": 3422340228520, "正式名称": "平尾クリニック", "機関区分": 2, "都道府県コード": 34, "市区町村コード": 108, "所在地": "広島県広島市佐伯区五日市駅前１－１１－３９", "緯度": 34.367164, "経度": 132.36718, "url": "https://www.iryou.teikyouseido.mhlw.go.jp/znk-web/juminkanja/S2430/initialize?prefCd=34&kikanCd=2340228520&kikanKbn=2", "url2": "https://www.hiraoclinic.jp", "内容": "平尾クリニック【2:診療所】【診療科目:内科_整形外科_小児科_アレルギー科_リハビリテーション科】広島県広島市佐伯区五日市駅前１－１１－３９" }, "geometry": { "type": "Point", "coordinates": [ 132.36718, 34.367164 ] } },
{ "type": "Feature", "properties": { "ID": 3422340229080, "正式名称": "いけだ放射線科内科", "機関区分": 2, "都道府県コード": 34, "市区町村コード": 101, "所在地": "広島県広島市中区羽衣町１１－２", "緯度": 34.379123, "経度": 132.44868, "url": "https://www.iryou.teikyouseido.mhlw.go.jp/znk-web/juminkanja/S2430/initialize?prefCd=34&kikanCd=2340229080&kikanKbn=2", "url2": "https://www.ikeda-hn.com/", "内容": "いけだ放射線科内科【2:診療所】【診療科目:内科_放射線科】広島県広島市中区羽衣町１１－２" }, "geometry": { "type": "Point", "coordinates": [ 132.44868, 34.379123 ] } },
{ "type": "Feature", "properties": { "ID": 3422340229820, "正式名称": "一般財団法人　広島県環境保健協会　健康クリニック", "機関区分": 2, "都道府県コード": 34, "市区町村コード": 101, "所在地": "広島県広島市中区広瀬北町９－１", "緯度": 34.404564, "経度": 132.448096, "url": "https://www.iryou.teikyouseido.mhlw.go.jp/znk-web/juminkanja/S2430/initialize?prefCd=34&kikanCd=2340229820&kikanKbn=2", "url2": "https://www.kanhokyo.or.jp/?page_id=152", "内容": "一般財団法人　広島県環境保健協会　健康クリニック【2:診療所】【診療科目:内科】広島県広島市中区広瀬北町９－１" }, "geometry": { "type": "Point", "coordinates": [ 132.448096, 34.404564 ] } },
{ "type": "Feature", "properties": { "ID": 3422340230510, "正式名称": "医療法人社団　向井眼科", "機関区分": 2, "都道府県コード": 34, "市区町村コード": 105, "所在地": "広島県広島市安佐南区祇園二丁目４１番１号", "緯度": 34.439033, "経度": 132.465676, "url": "https://www.iryou.teikyouseido.mhlw.go.jp/znk-web/juminkanja/S2430/initialize?prefCd=34&kikanCd=2340230510&kikanKbn=2", "url2": "http://mukaiganka.com/index.html", "内容": "医療法人社団　向井眼科【2:診療所】【診療科目:眼科】広島県広島市安佐南区祇園二丁目４１番１号" }, "geometry": { "type": "Point", "coordinates": [ 132.465676, 34.439033 ] } },
{ "type": "Feature", "properties": { "ID": 3422340231100, "正式名称": "医療法人社団　津村眼科医院", "機関区分": 2, "都道府県コード": 34, "市区町村コード": 211, "所在地": "広島県大竹市西栄２丁目１５－１７", "緯度": 34.217457, "経度": 132.225979, "url": "https://www.iryou.teikyouseido.mhlw.go.jp/znk-web/juminkanja/S2430/initialize?prefCd=34&kikanCd=2340231100&kikanKbn=2", "url2": null, "内容": "医療法人社団　津村眼科医院【2:診療所】【診療科目:眼科】広島県大竹市西栄２丁目１５－１７" }, "geometry": { "type": "Point", "coordinates": [ 132.225979, 34.217457 ] } },
{ "type": "Feature", "properties": { "ID": 3422340231780, "正式名称": "医療社団法人郁雅会　おちあい循環器内科クリニック", "機関区分": 2, "都道府県コード": 34, "市区町村コード": 102, "所在地": "広島県広島市東区温品４丁目６番２２号", "緯度": 34.41151, "経度": 132.508045, "url": "https://www.iryou.teikyouseido.mhlw.go.jp/znk-web/juminkanja/S2430/initialize?prefCd=34&kikanCd=2340231780&kikanKbn=2", "url2": "http://www.ochiai-clinic.com", "内容": "医療社団法人郁雅会　おちあい循環器内科クリニック【2:診療所】【診療科目:内科_循環器内科】広島県広島市東区温品４丁目６番２２号" }, "geometry": { "type": "Point", "coordinates": [ 132.508045, 34.41151 ] } },
{ "type": "Feature", "properties": { "ID": 3422340232080, "正式名称": "医療法人社団　晴風会　井上内科・胃腸科", "機関区分": 2, "都道府県コード": 34, "市区町村コード": 104, "所在地": "広島県広島市西区観音新町２丁目３番９号", "緯度": 34.377817, "経度": 132.425266, "url": "https://www.iryou.teikyouseido.mhlw.go.jp/znk-web/juminkanja/S2430/initialize?prefCd=34&kikanCd=2340232080&kikanKbn=2", "url2": "http://www.inouenaika-ichouka.com/", "内容": "医療法人社団　晴風会　井上内科・胃腸科【2:診療所】【診療科目:内科_消化器内科】広島県広島市西区観音新町２丁目３番９号" }, "geometry": { "type": "Point", "coordinates": [ 132.425266, 34.377817 ] } },
{ "type": "Feature", "properties": { "ID": 3422340232370, "正式名称": "坪井クリニック", "機関区分": 2, "都道府県コード": 34, "市区町村コード": 211, "所在地": "広島県大竹市本町１－１－１８", "緯度": 34.213177, "経度": 132.220157, "url": "https://www.iryou.teikyouseido.mhlw.go.jp/znk-web/juminkanja/S2430/initialize?prefCd=34&kikanCd=2340232370&kikanKbn=2", "url2": "http://tsuboiclinic.com/", "内容": "坪井クリニック【2:診療所】【診療科目:内科_呼吸器内科_消化器内科_アレルギー疾患内科_アレルギー科】広島県大竹市本町１－１－１８" }, "geometry": { "type": "Point", "coordinates": [ 132.220157, 34.213177 ] } },
{ "type": "Feature", "properties": { "ID": 3422340232660, "正式名称": "風呂中内科", "機関区分": 2, "都道府県コード": 34, "市区町村コード": 101, "所在地": "広島県広島市中区紙屋町１丁目４－１９", "緯度": 34.394232, "経度": 132.458346, "url": "https://www.iryou.teikyouseido.mhlw.go.jp/znk-web/juminkanja/S2430/initialize?prefCd=34&kikanCd=2340232660&kikanKbn=2", "url2": "http://furonaka-naika.jimdo.com/", "内容": "風呂中内科【2:診療所】【診療科目:内科_呼吸器内科_アレルギー科】広島県広島市中区紙屋町１丁目４－１９" }, "geometry": { "type": "Point", "coordinates": [ 132.458346, 34.394232 ] } },
{ "type": "Feature", "properties": { "ID": 3422340232820, "正式名称": "医療法人　こばたけ小児科皮ふ科医院", "機関区分": 2, "都道府県コード": 34, "市区町村コード": 101, "所在地": "広島県広島市中区西白島町７－４", "緯度": 34.407234, "経度": 132.461622, "url": "https://www.iryou.teikyouseido.mhlw.go.jp/znk-web/juminkanja/S2430/initialize?prefCd=34&kikanCd=2340232820&kikanKbn=2", "url2": "http://www.kobatake.jp/", "内容": "医療法人　こばたけ小児科皮ふ科医院【2:診療所】【診療科目:小児科_皮膚科】広島県広島市中区西白島町７－４" }, "geometry": { "type": "Point", "coordinates": [ 132.461622, 34.407234 ] } },
{ "type": "Feature", "properties": { "ID": 3422340234390, "正式名称": "西亀会　みつの内科消化器科クリニック", "機関区分": 2, "都道府県コード": 34, "市区町村コード": 202, "所在地": "広島県呉市広中新開１丁目１１番９号", "緯度": 34.243057, "経度": 132.627616, "url": "https://www.iryou.teikyouseido.mhlw.go.jp/znk-web/juminkanja/S2430/initialize?prefCd=34&kikanCd=2340234390&kikanKbn=2", "url2": "https://mitsuno.or.jp/", "内容": "西亀会　みつの内科消化器科クリニック【2:診療所】【診療科目:内科_消化器内科_内視鏡内科_内科系その他】広島県呉市広中新開１丁目１１番９号" }, "geometry": { "type": "Point", "coordinates": [ 132.627616, 34.243057 ] } },
{ "type": "Feature", "properties": { "ID": 3422340235270, "正式名称": "医療法人医心会　数田皮膚科医院", "機関区分": 2, "都道府県コード": 34, "市区町村コード": 205, "所在地": "広島県尾道市西御所町７－１２", "緯度": 34.402829, "経度": 133.18948, "url": "https://www.iryou.teikyouseido.mhlw.go.jp/znk-web/juminkanja/S2430/initialize?prefCd=34&kikanCd=2340235270&kikanKbn=2", "url2": null, "内容": "医療法人医心会　数田皮膚科医院【2:診療所】【診療科目:皮膚科】広島県尾道市西御所町７－１２" }, "geometry": { "type": "Point", "coordinates": [ 133.18948, 34.402829 ] } },
{ "type": "Feature", "properties": { "ID": 3422340235690, "正式名称": "医療法人社団　大山皮ふ科クリニック", "機関区分": 2, "都道府県コード": 34, "市区町村コード": 101, "所在地": "広島県広島市中区鉄砲町３－１", "緯度": 34.396927, "経度": 132.465789, "url": "https://www.iryou.teikyouseido.mhlw.go.jp/znk-web/juminkanja/S2430/initialize?prefCd=34&kikanCd=2340235690&kikanKbn=2", "url2": "http://www.e-ohada.net", "内容": "医療法人社団　大山皮ふ科クリニック【2:診療所】【診療科目:皮膚科_美容皮膚科_アレルギー科】広島県広島市中区鉄砲町３－１" }, "geometry": { "type": "Point", "coordinates": [ 132.465789, 34.396927 ] } },
{ "type": "Feature", "properties": { "ID": 3422340236570, "正式名称": "医療法人　みかんの会　平田整形外科リハビリクリニック", "機関区分": 2, "都道府県コード": 34, "市区町村コード": 107, "所在地": "広島県広島市安芸区矢野西１丁目３１番８号", "緯度": 34.353136, "経度": 132.533252, "url": "https://www.iryou.teikyouseido.mhlw.go.jp/znk-web/juminkanja/S2430/initialize?prefCd=34&kikanCd=2340236570&kikanKbn=2", "url2": null, "内容": "医療法人　みかんの会　平田整形外科リハビリクリニック【2:診療所】【診療科目:整形外科】広島県広島市安芸区矢野西１丁目３１番８号" }, "geometry": { "type": "Point", "coordinates": [ 132.533252, 34.353136 ] } },
{ "type": "Feature", "properties": { "ID": 3422340236600, "正式名称": "医療法人　いのうえ内科脳神経クリニック", "機関区分": 2, "都道府県コード": 34, "市区町村コード": 101, "所在地": "広島県広島市中区舟入川口町５－７", "緯度": 34.3824, "経度": 132.441209, "url": "https://www.iryou.teikyouseido.mhlw.go.jp/znk-web/juminkanja/S2430/initialize?prefCd=34&kikanCd=2340236600&kikanKbn=2", "url2": "https://www.inoue-i.jp", "内容": "医療法人　いのうえ内科脳神経クリニック【2:診療所】【診療科目:内科_神経内科_漢方内科_アレルギー疾患内科】広島県広島市中区舟入川口町５－７" }, "geometry": { "type": "Point", "coordinates": [ 132.441209, 34.3824 ] } },
{ "type": "Feature", "properties": { "ID": 3422340237320, "正式名称": "井尻眼科医院", "機関区分": 2, "都道府県コード": 34, "市区町村コード": 101, "所在地": "広島県広島市中区八丁堀１３－１９", "緯度": 34.395232, "経度": 132.462929, "url": "https://www.iryou.teikyouseido.mhlw.go.jp/znk-web/juminkanja/S2430/initialize?prefCd=34&kikanCd=2340237320&kikanKbn=2", "url2": "https://www.ijiri-ganka.com/", "内容": "井尻眼科医院【2:診療所】【診療科目:眼科】広島県広島市中区八丁堀１３－１９" }, "geometry": { "type": "Point", "coordinates": [ 132.462929, 34.395232 ] } },
{ "type": "Feature", "properties": { "ID": 3422340238460, "正式名称": "平賀内科医院", "機関区分": 2, "都道府県コード": 34, "市区町村コード": 106, "所在地": "広島県広島市安佐北区あさひが丘２丁目１－５", "緯度": 34.504562, "経度": 132.439528, "url": "https://www.iryou.teikyouseido.mhlw.go.jp/znk-web/juminkanja/S2430/initialize?prefCd=34&kikanCd=2340238460&kikanKbn=2", "url2": null, "内容": "平賀内科医院【2:診療所】【診療科目:内科】広島県広島市安佐北区あさひが丘２丁目１－５" }, "geometry": { "type": "Point", "coordinates": [ 132.439528, 34.504562 ] } },
{ "type": "Feature", "properties": { "ID": 3422340239340, "正式名称": "医療法人　さつき会　井上内科医院", "機関区分": 2, "都道府県コード": 34, "市区町村コード": 103, "所在地": "広島県広島市南区宇品神田２丁目１５番３号", "緯度": 34.364808, "経度": 132.465519, "url": "https://www.iryou.teikyouseido.mhlw.go.jp/znk-web/juminkanja/S2430/initialize?prefCd=34&kikanCd=2340239340&kikanKbn=2", "url2": "https://inoue-naika-cl.jp/", "内容": "医療法人　さつき会　井上内科医院【2:診療所】【診療科目:内科】広島県広島市南区宇品神田２丁目１５番３号" }, "geometry": { "type": "Point", "coordinates": [ 132.465519, 34.364808 ] } },
{ "type": "Feature", "properties": { "ID": 3422340239470, "正式名称": "医療法人社団　福原医院", "機関区分": 2, "都道府県コード": 34, "市区町村コード": 103, "所在地": "広島県広島市南区翠１丁目２－１１", "緯度": 34.371346, "経度": 132.464985, "url": "https://www.iryou.teikyouseido.mhlw.go.jp/znk-web/juminkanja/S2430/initialize?prefCd=34&kikanCd=2340239470&kikanKbn=2", "url2": "http://fukuhara-iin.com/", "内容": "医療法人社団　福原医院【2:診療所】【診療科目:内科_呼吸器内科_アレルギー疾患内科_外科_小児外科_アレルギー科_リウマチ科】広島県広島市南区翠１丁目２－１１" }, "geometry": { "type": "Point", "coordinates": [ 132.464985, 34.371346 ] } },
{ "type": "Feature", "properties": { "ID": 3422340239630, "正式名称": "医療法人　聖弘会　久保内科医院", "機関区分": 2, "都道府県コード": 34, "市区町村コード": 202, "所在地": "広島県呉市海岸１丁目４－７", "緯度": 34.244861, "経度": 132.548595, "url": "https://www.iryou.teikyouseido.mhlw.go.jp/znk-web/juminkanja/S2430/initialize?prefCd=34&kikanCd=2340239630&kikanKbn=2", "url2": null, "内容": "医療法人　聖弘会　久保内科医院【2:診療所】【診療科目:内科】広島県呉市海岸１丁目４－７" }, "geometry": { "type": "Point", "coordinates": [ 132.548595, 34.244861 ] } },
{ "type": "Feature", "properties": { "ID": 3422340239890, "正式名称": "医療法人まこと会　クリニック和田", "機関区分": 2, "都道府県コード": 34, "市区町村コード": 207, "所在地": "広島県福山市多治米町２－１４－１２", "緯度": 34.470824, "経度": 133.379988, "url": "https://www.iryou.teikyouseido.mhlw.go.jp/znk-web/juminkanja/S2430/initialize?prefCd=34&kikanCd=2340239890&kikanKbn=2", "url2": "http://clinic-wada.jp/", "内容": "医療法人まこと会　クリニック和田【2:診療所】【診療科目:内科_消化器内科_小児科】広島県福山市多治米町２－１４－１２" }, "geometry": { "type": "Point", "coordinates": [ 133.379988, 34.470824 ] } },
{ "type": "Feature", "properties": { "ID": 3422340240030, "正式名称": "川中医院", "機関区分": 2, "都道府県コード": 34, "市区町村コード": 212, "所在地": "広島県東広島市高屋町宮領１０３２", "緯度": 34.440511, "経度": 132.790705, "url": "https://www.iryou.teikyouseido.mhlw.go.jp/znk-web/juminkanja/S2430/initialize?prefCd=34&kikanCd=2340240030&kikanKbn=2", "url2": "https://byoinnavi.jp/clinic/94046", "内容": "川中医院【2:診療所】【診療科目:内科_漢方内科_小児科_小児外科_皮膚科_アレルギー科】広島県東広島市高屋町宮領１０３２" }, "geometry": { "type": "Point", "coordinates": [ 132.790705, 34.440511 ] } },
{ "type": "Feature", "properties": { "ID": 3422340240580, "正式名称": "中島内科クリニック", "機関区分": 2, "都道府県コード": 34, "市区町村コード": 203, "所在地": "広島県竹原市中央２丁目１４－１５", "緯度": 34.344301, "経度": 132.90981, "url": "https://www.iryou.teikyouseido.mhlw.go.jp/znk-web/juminkanja/S2430/initialize?prefCd=34&kikanCd=2340240580&kikanKbn=2", "url2": "https://www.nakashimaclinic.com/", "内容": "中島内科クリニック【2:診療所】【診療科目:内科】広島県竹原市中央２丁目１４－１５" }, "geometry": { "type": "Point", "coordinates": [ 132.90981, 34.344301 ] } },
{ "type": "Feature", "properties": { "ID": 3422340240610, "正式名称": "正岡外科胃腸科医院", "機関区分": 2, "都道府県コード": 34, "市区町村コード": 205, "所在地": "広島県尾道市栗原西１－９－１５", "緯度": 34.409049, "経度": 133.188229, "url": "https://www.iryou.teikyouseido.mhlw.go.jp/znk-web/juminkanja/S2430/initialize?prefCd=34&kikanCd=2340240610&kikanKbn=2", "url2": null, "内容": "正岡外科胃腸科医院【2:診療所】【診療科目:胃腸内科_外科_肛門外科】広島県尾道市栗原西１－９－１５" }, "geometry": { "type": "Point", "coordinates": [ 133.188229, 34.409049 ] } },
{ "type": "Feature", "properties": { "ID": 3422340240870, "正式名称": "医療法人　小武家放射線科胃腸科医院", "機関区分": 2, "都道府県コード": 34, "市区町村コード": 101, "所在地": "広島県広島市中区銀山町１１－２７", "緯度": 34.391919, "経度": 132.466411, "url": "https://www.iryou.teikyouseido.mhlw.go.jp/znk-web/juminkanja/S2430/initialize?prefCd=34&kikanCd=2340240870&kikanKbn=2", "url2": "http://www.kobukeiin.com/", "内容": "医療法人　小武家放射線科胃腸科医院【2:診療所】【診療科目:呼吸器内科_循環器内科_胃腸内科_放射線科】広島県広島市中区銀山町１１－２７" }, "geometry": { "type": "Point", "coordinates": [ 132.466411, 34.391919 ] } },
{ "type": "Feature", "properties": { "ID": 3422340240900, "正式名称": "山﨑医院", "機関区分": 2, "都道府県コード": 34, "市区町村コード": 101, "所在地": "広島県広島市中区大手町２－６－１１", "緯度": 34.391733, "経度": 132.455651, "url": "https://www.iryou.teikyouseido.mhlw.go.jp/znk-web/juminkanja/S2430/initialize?prefCd=34&kikanCd=2340240900&kikanKbn=2", "url2": "yamasakiiin-hiroshima.com", "内容": "山﨑医院【2:診療所】【診療科目:内科_胃腸内科_漢方内科_外科_脳神経外科_肛門外科_整形外科】広島県広島市中区大手町２－６－１１" }, "geometry": { "type": "Point", "coordinates": [ 132.455651, 34.391733 ] } },
{ "type": "Feature", "properties": { "ID": 3422340241330, "正式名称": "医療法人　はまゆう会　黒澤医院", "機関区分": 2, "都道府県コード": 34, "市区町村コード": 202, "所在地": "広島県呉市音戸町北隠渡１丁目６番３号", "緯度": 34.192728, "経度": 132.532849, "url": "https://www.iryou.teikyouseido.mhlw.go.jp/znk-web/juminkanja/S2430/initialize?prefCd=34&kikanCd=2340241330&kikanKbn=2", "url2": null, "内容": "医療法人　はまゆう会　黒澤医院【2:診療所】【診療科目:内科_小児科】広島県呉市音戸町北隠渡１丁目６番３号" }, "geometry": { "type": "Point", "coordinates": [ 132.532849, 34.192728 ] } },
{ "type": "Feature", "properties": { "ID": 3422340242180, "正式名称": "医療法人社団　正岡クリニック", "機関区分": 2, "都道府県コード": 34, "市区町村コード": 202, "所在地": "広島県呉市本通１－５－１４", "緯度": 34.24163, "経度": 132.564099, "url": "https://www.iryou.teikyouseido.mhlw.go.jp/znk-web/juminkanja/S2430/initialize?prefCd=34&kikanCd=2340242180&kikanKbn=2", "url2": "https://goo.gl/maps/XzXiKcQ2Rs72", "内容": "医療法人社団　正岡クリニック【2:診療所】【診療科目:内科_外科_整形外科_皮膚泌尿器科】広島県呉市本通１－５－１４" }, "geometry": { "type": "Point", "coordinates": [ 132.564099, 34.24163 ] } },
{ "type": "Feature", "properties": { "ID": 3422340242210, "正式名称": "医療法人社団　小林内科胃腸科医院", "機関区分": 2, "都道府県コード": 34, "市区町村コード": 104, "所在地": "広島県広島市西区庚午北２－１８－１２", "緯度": 34.388617, "経度": 132.418483, "url": "https://www.iryou.teikyouseido.mhlw.go.jp/znk-web/juminkanja/S2430/initialize?prefCd=34&kikanCd=2340242210&kikanKbn=2", "url2": "http://www.kobayashi-med.net/", "内容": "医療法人社団　小林内科胃腸科医院【2:診療所】【診療科目:内科_胃腸内科】広島県広島市西区庚午北２－１８－１２" }, "geometry": { "type": "Point", "coordinates": [ 132.418483, 34.388617 ] } },
{ "type": "Feature", "properties": { "ID": 3422340244490, "正式名称": "医療法人社団恵友会　木下内科医院", "機関区分": 2, "都道府県コード": 34, "市区町村コード": 202, "所在地": "広島県呉市中通３－２－１４", "緯度": 34.245874, "経度": 132.564527, "url": "https://www.iryou.teikyouseido.mhlw.go.jp/znk-web/juminkanja/S2430/initialize?prefCd=34&kikanCd=2340244490&kikanKbn=2", "url2": "https://kinoshitanaikaiin.info", "内容": "医療法人社団恵友会　木下内科医院【2:診療所】【診療科目:内科_呼吸器内科_アレルギー科】広島県呉市中通３－２－１４" }, "geometry": { "type": "Point", "coordinates": [ 132.564527, 34.245874 ] } },
{ "type": "Feature", "properties": { "ID": 3422340245400, "正式名称": "医療法人社団泰山会　根石医院", "機関区分": 2, "都道府県コード": 34, "市区町村コード": 107, "所在地": "広島県広島市安芸区船越６－３－１９", "緯度": 34.37493, "経度": 132.529396, "url": "https://www.iryou.teikyouseido.mhlw.go.jp/znk-web/juminkanja/S2430/initialize?prefCd=34&kikanCd=2340245400&kikanKbn=2", "url2": null, "内容": "医療法人社団泰山会　根石医院【2:診療所】【診療科目:内科_呼吸器内科_消化器内科_神経内科】広島県広島市安芸区船越６－３－１９" }, "geometry": { "type": "Point", "coordinates": [ 132.529396, 34.37493 ] } },
{ "type": "Feature", "properties": { "ID": 3422340245530, "正式名称": "上田耳鼻咽喉科医院", "機関区分": 2, "都道府県コード": 34, "市区町村コード": 202, "所在地": "広島県呉市広大新開１－２－４", "緯度": 34.230975, "経度": 132.624228, "url": "https://www.iryou.teikyouseido.mhlw.go.jp/znk-web/juminkanja/S2430/initialize?prefCd=34&kikanCd=2340245530&kikanKbn=2", "url2": "https://fdoc.jp/clinic/detail/index/id/47153/", "内容": "上田耳鼻咽喉科医院【2:診療所】【診療科目:耳鼻いんこう科_アレルギー科】広島県呉市広大新開１－２－４" }, "geometry": { "type": "Point", "coordinates": [ 132.624228, 34.230975 ] } },
{ "type": "Feature", "properties": { "ID": 3422340245820, "正式名称": "医療法人　恵林会　益田内科胃腸科医院", "機関区分": 2, "都道府県コード": 34, "市区町村コード": 102, "所在地": "広島県広島市東区若草町６－１", "緯度": 34.397483, "経度": 132.483149, "url": "https://www.iryou.teikyouseido.mhlw.go.jp/znk-web/juminkanja/S2430/initialize?prefCd=34&kikanCd=2340245820&kikanKbn=2", "url2": "http://www.masuda-naika.com", "内容": "医療法人　恵林会　益田内科胃腸科医院【2:診療所】【診療科目:内科_呼吸器内科_循環器内科_消化器内科_内視鏡内科】広島県広島市東区若草町６－１" }, "geometry": { "type": "Point", "coordinates": [ 132.483149, 34.397483 ] } },
{ "type": "Feature", "properties": { "ID": 3422340246120, "正式名称": "まつだ整形外科", "機関区分": 2, "都道府県コード": 34, "市区町村コード": 103, "所在地": "広島県広島市南区比治山本町１－２０", "緯度": 34.386092, "経度": 132.470852, "url": "https://www.iryou.teikyouseido.mhlw.go.jp/znk-web/juminkanja/S2430/initialize?prefCd=34&kikanCd=2340246120&kikanKbn=2", "url2": null, "内容": "まつだ整形外科【2:診療所】【診療科目:胃腸内科_整形外科_リウマチ科_リハビリテーション科】広島県広島市南区比治山本町１－２０" }, "geometry": { "type": "Point", "coordinates": [ 132.470852, 34.386092 ] } },
{ "type": "Feature", "properties": { "ID": 3422340247260, "正式名称": "福原内科医院", "機関区分": 2, "都道府県コード": 34, "市区町村コード": 101, "所在地": "広島県広島市中区八丁堀１１－１０　ＫＳビル３Ｆ", "緯度": 34.394982, "経度": 132.462484, "url": "https://www.iryou.teikyouseido.mhlw.go.jp/znk-web/juminkanja/S2430/initialize?prefCd=34&kikanCd=2340247260&kikanKbn=2", "url2": "https://www.fukuhara-naika.jp/", "内容": "福原内科医院【2:診療所】【診療科目:内科_呼吸器内科_消化器内科_肝臓内科】広島県広島市中区八丁堀１１－１０　ＫＳビル３Ｆ" }, "geometry": { "type": "Point", "coordinates": [ 132.462484, 34.394982 ] } },
{ "type": "Feature", "properties": { "ID": 3422340248270, "正式名称": "医療法人　かどます　佐々木医院", "機関区分": 2, "都道府県コード": 34, "市区町村コード": 214, "所在地": "広島県安芸高田市向原町坂４２８―２", "緯度": 34.61204, "経度": 132.719641, "url": "https://www.iryou.teikyouseido.mhlw.go.jp/znk-web/juminkanja/S2430/initialize?prefCd=34&kikanCd=2340248270&kikanKbn=2", "url2": null, "内容": "医療法人　かどます　佐々木医院【2:診療所】【診療科目:内科_胃腸内科_外科_整形外科】広島県安芸高田市向原町坂４２８―２" }, "geometry": { "type": "Point", "coordinates": [ 132.719641, 34.61204 ] } },
{ "type": "Feature", "properties": { "ID": 3422340248560, "正式名称": "医療法人　なかお内科消化器呼吸器クリニック　横山外科胃腸科", "機関区分": 2, "都道府県コード": 34, "市区町村コード": 106, "所在地": "広島県広島市安佐北区落合南１－１１－２２", "緯度": 34.46785, "経度": 132.507439, "url": "https://www.iryou.teikyouseido.mhlw.go.jp/znk-web/juminkanja/S2430/initialize?prefCd=34&kikanCd=2340248560&kikanKbn=2", "url2": "http://www.kunikusa.or.jp/", "内容": "医療法人　なかお内科消化器呼吸器クリニック　横山外科胃腸科【2:診療所】【診療科目:内科_呼吸器内科_消化器内科_内視鏡内科_外科_肛門外科_整形外科】広島県広島市安佐北区落合南１－１１－２２" }, "geometry": { "type": "Point", "coordinates": [ 132.507439, 34.46785 ] } },
{ "type": "Feature", "properties": { "ID": 3422340248980, "正式名称": "コープ草津診療所", "機関区分": 2, "都道府県コード": 34, "市区町村コード": 104, "所在地": "広島県広島市西区草津東１丁目１１－４３", "緯度": 34.378792, "経度": 132.406199, "url": "https://www.iryou.teikyouseido.mhlw.go.jp/znk-web/juminkanja/S2430/initialize?prefCd=34&kikanCd=2340248980&kikanKbn=2", "url2": "http://www.hch.coop/hch/insyo/kusatu/kusatu.htm", "内容": "コープ草津診療所【2:診療所】【診療科目:内科】広島県広島市西区草津東１丁目１１－４３" }, "geometry": { "type": "Point", "coordinates": [ 132.406199, 34.378792 ] } },
{ "type": "Feature", "properties": { "ID": 3422340249310, "正式名称": "藤野医院", "機関区分": 2, "都道府県コード": 34, "市区町村コード": 210, "所在地": "広島県庄原市東本町一丁目１－１２", "緯度": 34.859695, "経度": 133.017607, "url": "https://www.iryou.teikyouseido.mhlw.go.jp/znk-web/juminkanja/S2430/initialize?prefCd=34&kikanCd=2340249310&kikanKbn=2", "url2": null, "内容": "藤野医院【2:診療所】【診療科目:内科_外科_大腸・肛門外科_整形外科_リハビリテーション科】広島県庄原市東本町一丁目１－１２" }, "geometry": { "type": "Point", "coordinates": [ 133.017607, 34.859695 ] } },
{ "type": "Feature", "properties": { "ID": 3422340249440, "正式名称": "医療法人社団　内藤内科医院", "機関区分": 2, "都道府県コード": 34, "市区町村コード": 213, "所在地": "広島県廿日市市佐方４丁目８番３１号", "緯度": 34.36565, "経度": 132.344023, "url": "https://www.iryou.teikyouseido.mhlw.go.jp/znk-web/juminkanja/S2430/initialize?prefCd=34&kikanCd=2340249440&kikanKbn=2", "url2": null, "内容": "医療法人社団　内藤内科医院【2:診療所】【診療科目:内科_糖尿病内科_脳神経内科_循環器内科_胃腸内科】広島県廿日市市佐方４丁目８番３１号" }, "geometry": { "type": "Point", "coordinates": [ 132.344023, 34.36565 ] } },
{ "type": "Feature", "properties": { "ID": 3422340249570, "正式名称": "小山整形外科医院", "機関区分": 2, "都道府県コード": 34, "市区町村コード": 213, "所在地": "広島県廿日市市大東１番５号", "緯度": 34.361178, "経度": 132.341079, "url": "https://www.iryou.teikyouseido.mhlw.go.jp/znk-web/juminkanja/S2430/initialize?prefCd=34&kikanCd=2340249570&kikanKbn=2", "url2": null, "内容": "小山整形外科医院【2:診療所】【診療科目:ペインクリニック内科_整形外科_リハビリテーション科】広島県廿日市市大東１番５号" }, "geometry": { "type": "Point", "coordinates": [ 132.341079, 34.361178 ] } },
{ "type": "Feature", "properties": { "ID": 3422340249860, "正式名称": "医療法人社団　豊会　タカタ内科胃腸科", "機関区分": 2, "都道府県コード": 34, "市区町村コード": 207, "所在地": "広島県福山市東町３丁目３番３号", "緯度": 34.493738, "経度": 133.367682, "url": "https://www.iryou.teikyouseido.mhlw.go.jp/znk-web/juminkanja/S2430/initialize?prefCd=34&kikanCd=2340249860&kikanKbn=2", "url2": "http://www.takatanaika.or.jp", "内容": "医療法人社団　豊会　タカタ内科胃腸科【2:診療所】【診療科目:内科_呼吸器内科_循環器内科_消化器内科】広島県福山市東町３丁目３番３号" }, "geometry": { "type": "Point", "coordinates": [ 133.367682, 34.493738 ] } },
{ "type": "Feature", "properties": { "ID": 3422340250130, "正式名称": "医療法人　岡本内科消化器科クリニック", "機関区分": 2, "都道府県コード": 34, "市区町村コード": 101, "所在地": "広島県広島市中区光南１－１５－５", "緯度": 34.367682, "経度": 132.447175, "url": "https://www.iryou.teikyouseido.mhlw.go.jp/znk-web/juminkanja/S2430/initialize?prefCd=34&kikanCd=2340250130&kikanKbn=2", "url2": "http://www.okamotonaika-cl.jp/index.htm", "内容": "医療法人　岡本内科消化器科クリニック【2:診療所】【診療科目:内科_消化器内科_胃腸内科】広島県広島市中区光南１－１５－５" }, "geometry": { "type": "Point", "coordinates": [ 132.447175, 34.367682 ] } },
{ "type": "Feature", "properties": { "ID": 3422340252280, "正式名称": "医療法人　山下内科クリニック", "機関区分": 2, "都道府県コード": 34, "市区町村コード": 202, "所在地": "広島県呉市川尻町西２丁目４－２８", "緯度": 34.235809, "経度": 132.694139, "url": "https://www.iryou.teikyouseido.mhlw.go.jp/znk-web/juminkanja/S2430/initialize?prefCd=34&kikanCd=2340252280&kikanKbn=2", "url2": null, "内容": "医療法人　山下内科クリニック【2:診療所】【診療科目:内科_呼吸器内科_循環器内科_消化器内科】広島県呉市川尻町西２丁目４－２８" }, "geometry": { "type": "Point", "coordinates": [ 132.694139, 34.235809 ] } },
{ "type": "Feature", "properties": { "ID": 3422340252860, "正式名称": "医療法人まさよし会　児玉クリニック", "機関区分": 2, "都道府県コード": 34, "市区町村コード": 207, "所在地": "広島県福山市南蔵王町六丁目２－８", "緯度": 34.500182, "経度": 133.400346, "url": "https://www.iryou.teikyouseido.mhlw.go.jp/znk-web/juminkanja/S2430/initialize?prefCd=34&kikanCd=2340252860&kikanKbn=2", "url2": "http://www.kodama-cl.com", "内容": "医療法人まさよし会　児玉クリニック【2:診療所】【診療科目:胃腸内科_外科_肛門外科】広島県福山市南蔵王町六丁目２－８" }, "geometry": { "type": "Point", "coordinates": [ 133.400346, 34.500182 ] } },
{ "type": "Feature", "properties": { "ID": 3422340253740, "正式名称": "医療法人社団　上田耳鼻咽喉科", "機関区分": 2, "都道府県コード": 34, "市区町村コード": 102, "所在地": "広島県広島市東区温品６丁目３番１５号", "緯度": 34.418453, "経度": 132.510118, "url": "https://www.iryou.teikyouseido.mhlw.go.jp/znk-web/juminkanja/S2430/initialize?prefCd=34&kikanCd=2340253740&kikanKbn=2", "url2": null, "内容": "医療法人社団　上田耳鼻咽喉科【2:診療所】【診療科目:耳鼻いんこう科】広島県広島市東区温品６丁目３番１５号" }, "geometry": { "type": "Point", "coordinates": [ 132.510118, 34.418453 ] } },
{ "type": "Feature", "properties": { "ID": 3422340253870, "正式名称": "中岡医院", "機関区分": 2, "都道府県コード": 34, "市区町村コード": 102, "所在地": "広島県広島市東区矢賀新町４丁目１－２８", "緯度": 34.391903, "経度": 132.498272, "url": "https://www.iryou.teikyouseido.mhlw.go.jp/znk-web/juminkanja/S2430/initialize?prefCd=34&kikanCd=2340253870&kikanKbn=2", "url2": null, "内容": "中岡医院【2:診療所】【診療科目:内科_神経内科】広島県広島市東区矢賀新町４丁目１－２８" }, "geometry": { "type": "Point", "coordinates": [ 132.498272, 34.391903 ] } },
{ "type": "Feature", "properties": { "ID": 3422340254200, "正式名称": "医療法人　菊川皮ふ科医院", "機関区分": 2, "都道府県コード": 34, "市区町村コード": 304, "所在地": "広島県安芸郡海田町蟹原二丁目４－２８", "緯度": 34.372403, "経度": 132.543948, "url": "https://www.iryou.teikyouseido.mhlw.go.jp/znk-web/juminkanja/S2430/initialize?prefCd=34&kikanCd=2340254200&kikanKbn=2", "url2": null, "内容": "医療法人　菊川皮ふ科医院【2:診療所】【診療科目:皮膚科】広島県安芸郡海田町蟹原二丁目４－２８" }, "geometry": { "type": "Point", "coordinates": [ 132.543948, 34.372403 ] } },
{ "type": "Feature", "properties": { "ID": 3422340254460, "正式名称": "井上内科医院", "機関区分": 2, "都道府県コード": 34, "市区町村コード": 214, "所在地": "広島県安芸高田市吉田町吉田１０９１－１番地", "緯度": 34.663061, "経度": 132.706074, "url": "https://www.iryou.teikyouseido.mhlw.go.jp/znk-web/juminkanja/S2430/initialize?prefCd=34&kikanCd=2340254460&kikanKbn=2", "url2": null, "内容": "井上内科医院【2:診療所】【診療科目:内科】広島県安芸高田市吉田町吉田１０９１－１番地" }, "geometry": { "type": "Point", "coordinates": [ 132.706074, 34.663061 ] } },
{ "type": "Feature", "properties": { "ID": 3422340257070, "正式名称": "医療法人社団　杉原外科医院", "機関区分": 2, "都道府県コード": 34, "市区町村コード": 213, "所在地": "広島県廿日市市大野一丁目７番７号", "緯度": 34.285741, "経度": 132.276449, "url": "https://www.iryou.teikyouseido.mhlw.go.jp/znk-web/juminkanja/S2430/initialize?prefCd=34&kikanCd=2340257070&kikanKbn=2", "url2": null, "内容": "医療法人社団　杉原外科医院【2:診療所】【診療科目:外科】広島県廿日市市大野一丁目７番７号" }, "geometry": { "type": "Point", "coordinates": [ 132.276449, 34.285741 ] } },
{ "type": "Feature", "properties": { "ID": 3422340257230, "正式名称": "医療法人社団天風会　益田眼科小児科医院", "機関区分": 2, "都道府県コード": 34, "市区町村コード": 205, "所在地": "広島県尾道市因島土生町２０２１", "緯度": 34.284136, "経度": 133.180331, "url": "https://www.iryou.teikyouseido.mhlw.go.jp/znk-web/juminkanja/S2430/initialize?prefCd=34&kikanCd=2340257230&kikanKbn=2", "url2": null, "内容": "医療法人社団天風会　益田眼科小児科医院【2:診療所】【診療科目:眼科】広島県尾道市因島土生町２０２１" }, "geometry": { "type": "Point", "coordinates": [ 133.180331, 34.284136 ] } },
{ "type": "Feature", "properties": { "ID": 3422340257490, "正式名称": "医療法人社団　林外科医院", "機関区分": 2, "都道府県コード": 34, "市区町村コード": 108, "所在地": "広島県広島市佐伯区五日市中央２－６－７", "緯度": 34.368706, "経度": 132.354161, "url": "https://www.iryou.teikyouseido.mhlw.go.jp/znk-web/juminkanja/S2430/initialize?prefCd=34&kikanCd=2340257490&kikanKbn=2", "url2": null, "内容": "医療法人社団　林外科医院【2:診療所】【診療科目:内科_胃腸内科_外科_整形外科_リハビリテーション科】広島県広島市佐伯区五日市中央２－６－７" }, "geometry": { "type": "Point", "coordinates": [ 132.354161, 34.368706 ] } },
{ "type": "Feature", "properties": { "ID": 3422340258110, "正式名称": "加藤内科胃腸科医院", "機関区分": 2, "都道府県コード": 34, "市区町村コード": 107, "所在地": "広島県広島市安芸区中野東３丁目３番１４号", "緯度": 34.395623, "経度": 132.572531, "url": "https://www.iryou.teikyouseido.mhlw.go.jp/znk-web/juminkanja/S2430/initialize?prefCd=34&kikanCd=2340258110&kikanKbn=2", "url2": null, "内容": "加藤内科胃腸科医院【2:診療所】【診療科目:内科_呼吸器内科_循環器内科_胃腸内科】広島県広島市安芸区中野東３丁目３番１４号" }, "geometry": { "type": "Point", "coordinates": [ 132.572531, 34.395623 ] } },
{ "type": "Feature", "properties": { "ID": 3422340258400, "正式名称": "伊藤内科医院", "機関区分": 2, "都道府県コード": 34, "市区町村コード": 101, "所在地": "広島県広島市中区白島九軒町１５－７", "緯度": 34.40712, "経度": 132.46865, "url": "https://www.iryou.teikyouseido.mhlw.go.jp/znk-web/juminkanja/S2430/initialize?prefCd=34&kikanCd=2340258400&kikanKbn=2", "url2": "http://www7b.biglobe.ne.jp/~itonaika/", "内容": "伊藤内科医院【2:診療所】【診療科目:内科】広島県広島市中区白島九軒町１５－７" }, "geometry": { "type": "Point", "coordinates": [ 132.46865, 34.40712 ] } },
{ "type": "Feature", "properties": { "ID": 3422340258950, "正式名称": "野島内科医院", "機関区分": 2, "都道府県コード": 34, "市区町村コード": 108, "所在地": "広島県広島市佐伯区五日市２－９－４", "緯度": 34.368345, "経度": 132.36491, "url": "https://www.iryou.teikyouseido.mhlw.go.jp/znk-web/juminkanja/S2430/initialize?prefCd=34&kikanCd=2340258950&kikanKbn=2", "url2": "https://www.nojima-clinic.jp", "内容": "野島内科医院【2:診療所】【診療科目:内科_リウマチ科】広島県広島市佐伯区五日市２－９－４" }, "geometry": { "type": "Point", "coordinates": [ 132.36491, 34.368345 ] } },
{ "type": "Feature", "properties": { "ID": 3422340260070, "正式名称": "川村内科胃腸科医院", "機関区分": 2, "都道府県コード": 34, "市区町村コード": 101, "所在地": "広島県広島市中区光南１丁目５番１０号", "緯度": 34.368541, "経度": 132.448209, "url": "https://www.iryou.teikyouseido.mhlw.go.jp/znk-web/juminkanja/S2430/initialize?prefCd=34&kikanCd=2340260070&kikanKbn=2", "url2": null, "内容": "川村内科胃腸科医院【2:診療所】【診療科目:内科_脂質代謝内科_糖尿病・代謝内科_呼吸器内科_消化器内科】広島県広島市中区光南１丁目５番１０号" }, "geometry": { "type": "Point", "coordinates": [ 132.448209, 34.368541 ] } },
{ "type": "Feature", "properties": { "ID": 3422340260490, "正式名称": "医療法人　尚志会　古江駅前内科", "機関区分": 2, "都道府県コード": 34, "市区町村コード": 104, "所在地": "広島県広島市西区古江新町３番７号　新本ビル２０１", "緯度": 34.385955, "経度": 132.411183, "url": "https://www.iryou.teikyouseido.mhlw.go.jp/znk-web/juminkanja/S2430/initialize?prefCd=34&kikanCd=2340260490&kikanKbn=2", "url2": "https://www.furue-ekimaenaika.jp", "内容": "医療法人　尚志会　古江駅前内科【2:診療所】【診療科目:内科_消化器内科_内視鏡内科】広島県広島市西区古江新町３番７号　新本ビル２０１" }, "geometry": { "type": "Point", "coordinates": [ 132.411183, 34.385955 ] } },
{ "type": "Feature", "properties": { "ID": 3422340262700, "正式名称": "茶幡皮膚科泌尿器科医院", "機関区分": 2, "都道府県コード": 34, "市区町村コード": 101, "所在地": "広島県広島市中区羽衣町１３－４", "緯度": 34.377651, "経度": 132.449153, "url": "https://www.iryou.teikyouseido.mhlw.go.jp/znk-web/juminkanja/S2430/initialize?prefCd=34&kikanCd=2340262700&kikanKbn=2", "url2": "https://chabataiin.com/", "内容": "茶幡皮膚科泌尿器科医院【2:診療所】【診療科目:皮膚科_泌尿器科】広島県広島市中区羽衣町１３－４" }, "geometry": { "type": "Point", "coordinates": [ 132.449153, 34.377651 ] } },
{ "type": "Feature", "properties": { "ID": 3422340262960, "正式名称": "大中医院", "機関区分": 2, "都道府県コード": 34, "市区町村コード": 105, "所在地": "広島県広島市安佐南区沼田町阿戸２８１１－１", "緯度": 34.497442, "経度": 132.369321, "url": "https://www.iryou.teikyouseido.mhlw.go.jp/znk-web/juminkanja/S2430/initialize?prefCd=34&kikanCd=2340262960&kikanKbn=2", "url2": "ohonakaiin.jp/index.html", "内容": "大中医院【2:診療所】【診療科目:内科_小児科】広島県広島市安佐南区沼田町阿戸２８１１－１" }, "geometry": { "type": "Point", "coordinates": [ 132.369321, 34.497442 ] } },
{ "type": "Feature", "properties": { "ID": 3422340263260, "正式名称": "医療法人社団　藤田医院", "機関区分": 2, "都道府県コード": 34, "市区町村コード": 101, "所在地": "広島県広島市中区江波本町５－１８", "緯度": 34.369401, "経度": 132.435543, "url": "https://www.iryou.teikyouseido.mhlw.go.jp/znk-web/juminkanja/S2430/initialize?prefCd=34&kikanCd=2340263260&kikanKbn=2", "url2": null, "内容": "医療法人社団　藤田医院【2:診療所】【診療科目:内科_呼吸器内科_循環器内科_胃腸内科_小児科_放射線科】広島県広島市中区江波本町５－１８" }, "geometry": { "type": "Point", "coordinates": [ 132.435543, 34.369401 ] } },
{ "type": "Feature", "properties": { "ID": 3422340263970, "正式名称": "医療法人社団　松田医院", "機関区分": 2, "都道府県コード": 34, "市区町村コード": 212, "所在地": "広島県東広島市八本松町飯田１０１", "緯度": 34.445797, "経度": 132.690067, "url": "https://www.iryou.teikyouseido.mhlw.go.jp/znk-web/juminkanja/S2430/initialize?prefCd=34&kikanCd=2340263970&kikanKbn=2", "url2": "http://itp.ne.jp/info/340695722400000899/", "内容": "医療法人社団　松田医院【2:診療所】【診療科目:内科_外科_産婦人科】広島県東広島市八本松町飯田１０１" }, "geometry": { "type": "Point", "coordinates": [ 132.690067, 34.445797 ] } },
{ "type": "Feature", "properties": { "ID": 3422340264690, "正式名称": "鼻岡内科医院", "機関区分": 2, "都道府県コード": 34, "市区町村コード": 213, "所在地": "広島県廿日市市宮内１丁目１０番２０号", "緯度": 34.349957, "経度": 132.316526, "url": "https://www.iryou.teikyouseido.mhlw.go.jp/znk-web/juminkanja/S2430/initialize?prefCd=34&kikanCd=2340264690&kikanKbn=2", "url2": null, "内容": "鼻岡内科医院【2:診療所】【診療科目:内科_循環器内科_消化器内科】広島県廿日市市宮内１丁目１０番２０号" }, "geometry": { "type": "Point", "coordinates": [ 132.316526, 34.349957 ] } },
{ "type": "Feature", "properties": { "ID": 3422340264850, "正式名称": "山地内科医院", "機関区分": 2, "都道府県コード": 34, "市区町村コード": 102, "所在地": "広島県広島市東区牛田旭２丁目４番１４号", "緯度": 34.412286, "経度": 132.471594, "url": "https://www.iryou.teikyouseido.mhlw.go.jp/znk-web/juminkanja/S2430/initialize?prefCd=34&kikanCd=2340264850&kikanKbn=2", "url2": null, "内容": "山地内科医院【2:診療所】【診療科目:内科_循環器内科_腎臓内科_人工透析内科】広島県広島市東区牛田旭２丁目４番１４号" }, "geometry": { "type": "Point", "coordinates": [ 132.471594, 34.412286 ] } },
{ "type": "Feature", "properties": { "ID": 3422340265150, "正式名称": "西医院", "機関区分": 2, "都道府県コード": 34, "市区町村コード": 105, "所在地": "広島県広島市安佐南区大町東１丁目２番２４号", "緯度": 34.458476, "経度": 132.467509, "url": "https://www.iryou.teikyouseido.mhlw.go.jp/znk-web/juminkanja/S2430/initialize?prefCd=34&kikanCd=2340265150&kikanKbn=2", "url2": null, "内容": "西医院【2:診療所】【診療科目:内科】広島県広島市安佐南区大町東１丁目２番２４号" }, "geometry": { "type": "Point", "coordinates": [ 132.467509, 34.458476 ] } },
{ "type": "Feature", "properties": { "ID": 3422340265440, "正式名称": "マツモト外科整形外科", "機関区分": 2, "都道府県コード": 34, "市区町村コード": 105, "所在地": "広島県広島市安佐南区伴東五丁目１２－４", "緯度": 34.46641, "経度": 132.423782, "url": "https://www.iryou.teikyouseido.mhlw.go.jp/znk-web/juminkanja/S2430/initialize?prefCd=34&kikanCd=2340265440&kikanKbn=2", "url2": "ortho-matsumoto.com", "内容": "マツモト外科整形外科【2:診療所】【診療科目:外科_整形外科_リウマチ科_リハビリテーション科】広島県広島市安佐南区伴東五丁目１２－４" }, "geometry": { "type": "Point", "coordinates": [ 132.423782, 34.46641 ] } },
{ "type": "Feature", "properties": { "ID": 3422340265570, "正式名称": "医療法人社団　城山会　石井内科", "機関区分": 2, "都道府県コード": 34, "市区町村コード": 207, "所在地": "広島県福山市本郷町１６０５－２", "緯度": 34.468627, "経度": 133.245943, "url": "https://www.iryou.teikyouseido.mhlw.go.jp/znk-web/juminkanja/S2430/initialize?prefCd=34&kikanCd=2340265570&kikanKbn=2", "url2": "http://www.ishiinaika.jp", "内容": "医療法人社団　城山会　石井内科【2:診療所】【診療科目:内科_糖尿病内科_呼吸器内科_消化器内科_胃腸内科_老年内科_内視鏡内科】広島県福山市本郷町１６０５－２" }, "geometry": { "type": "Point", "coordinates": [ 133.245943, 34.468627 ] } },
{ "type": "Feature", "properties": { "ID": 3422340266870, "正式名称": "医療法人社団　仁寿会　こうの医院", "機関区分": 2, "都道府県コード": 34, "市区町村コード": 203, "所在地": "広島県竹原市中央三丁目１５－１", "緯度": 34.34394, "経度": 132.909672, "url": "https://www.iryou.teikyouseido.mhlw.go.jp/znk-web/juminkanja/S2430/initialize?prefCd=34&kikanCd=2340266870&kikanKbn=2", "url2": "https://www.jinjyukai-takehara.or.jp/kouno/", "内容": "医療法人社団　仁寿会　こうの医院【2:診療所】【診療科目:内科_循環器内科_小児科】広島県竹原市中央三丁目１５－１" }, "geometry": { "type": "Point", "coordinates": [ 132.909672, 34.34394 ] } },
{ "type": "Feature", "properties": { "ID": 3422340267750, "正式名称": "医療法人三浜会　浜田内科泌尿器科", "機関区分": 2, "都道府県コード": 34, "市区町村コード": 202, "所在地": "広島県呉市焼山本庄４－８－１６", "緯度": 34.304188, "経度": 132.553592, "url": "https://www.iryou.teikyouseido.mhlw.go.jp/znk-web/juminkanja/S2430/initialize?prefCd=34&kikanCd=2340267750&kikanKbn=2", "url2": "http://hamadanaikahinyoukika.info/", "内容": "医療法人三浜会　浜田内科泌尿器科【2:診療所】【診療科目:内科_泌尿器科】広島県呉市焼山本庄４－８－１６" }, "geometry": { "type": "Point", "coordinates": [ 132.553592, 34.304188 ] } },
{ "type": "Feature", "properties": { "ID": 3422340267880, "正式名称": "石田眼科医院", "機関区分": 2, "都道府県コード": 34, "市区町村コード": 213, "所在地": "広島県廿日市市住吉１丁目４番１５号", "緯度": 34.35179, "経度": 132.337108, "url": "https://www.iryou.teikyouseido.mhlw.go.jp/znk-web/juminkanja/S2430/initialize?prefCd=34&kikanCd=2340267880&kikanKbn=2", "url2": null, "内容": "石田眼科医院【2:診療所】【診療科目:眼科】広島県廿日市市住吉１丁目４番１５号" }, "geometry": { "type": "Point", "coordinates": [ 132.337108, 34.35179 ] } },
{ "type": "Feature", "properties": { "ID": 3422340267910, "正式名称": "小田耳鼻咽喉科医院", "機関区分": 2, "都道府県コード": 34, "市区町村コード": 213, "所在地": "広島県廿日市市宮内２－１－１８", "緯度": 34.349463, "経度": 132.318432, "url": "https://www.iryou.teikyouseido.mhlw.go.jp/znk-web/juminkanja/S2430/initialize?prefCd=34&kikanCd=2340267910&kikanKbn=2", "url2": null, "内容": "小田耳鼻咽喉科医院【2:診療所】【診療科目:耳鼻いんこう科】広島県廿日市市宮内２－１－１８" }, "geometry": { "type": "Point", "coordinates": [ 132.318432, 34.349463 ] } },
{ "type": "Feature", "properties": { "ID": 3422340268180, "正式名称": "佐々木クリニック", "機関区分": 2, "都道府県コード": 34, "市区町村コード": 214, "所在地": "広島県安芸高田市吉田町山手５８５", "緯度": 34.651125, "経度": 132.67501, "url": "https://www.iryou.teikyouseido.mhlw.go.jp/znk-web/juminkanja/S2430/initialize?prefCd=34&kikanCd=2340268180&kikanKbn=2", "url2": "https://sasakiclinic.jp/", "内容": "佐々木クリニック【2:診療所】【診療科目:内科_呼吸器内科_耳鼻いんこう科_放射線科】広島県安芸高田市吉田町山手５８５" }, "geometry": { "type": "Point", "coordinates": [ 132.67501, 34.651125 ] } },
{ "type": "Feature", "properties": { "ID": 3422340268630, "正式名称": "渡辺内科医院", "機関区分": 2, "都道府県コード": 34, "市区町村コード": 208, "所在地": "広島県府中市府川町１００―１９", "緯度": 34.568505, "経度": 133.24102, "url": "https://www.iryou.teikyouseido.mhlw.go.jp/znk-web/juminkanja/S2430/initialize?prefCd=34&kikanCd=2340268630&kikanKbn=2", "url2": null, "内容": "渡辺内科医院【2:診療所】【診療科目:内科_糖尿病内科_胃腸内科_小児科】広島県府中市府川町１００―１９" }, "geometry": { "type": "Point", "coordinates": [ 133.24102, 34.568505 ] } },
{ "type": "Feature", "properties": { "ID": 3422340268760, "正式名称": "医療法人　渡部内科医院", "機関区分": 2, "都道府県コード": 34, "市区町村コード": 102, "所在地": "広島県広島市東区牛田新町１丁目６番３６号", "緯度": 34.420508, "経度": 132.46576, "url": "https://www.iryou.teikyouseido.mhlw.go.jp/znk-web/juminkanja/S2430/initialize?prefCd=34&kikanCd=2340268760&kikanKbn=2", "url2": null, "内容": "医療法人　渡部内科医院【2:診療所】【診療科目:内科_呼吸器内科_循環器内科_胃腸内科_小児科】広島県広島市東区牛田新町１丁目６番３６号" }, "geometry": { "type": "Point", "coordinates": [ 132.46576, 34.420508 ] } },
{ "type": "Feature", "properties": { "ID": 3422340270460, "正式名称": "医療法人社団むつみ会　坂田医院", "機関区分": 2, "都道府県コード": 34, "市区町村コード": 207, "所在地": "広島県福山市丸之内２丁目１２番６号", "緯度": 34.493265, "経度": 133.358877, "url": "https://www.iryou.teikyouseido.mhlw.go.jp/znk-web/juminkanja/S2430/initialize?prefCd=34&kikanCd=2340270460&kikanKbn=2", "url2": null, "内容": "医療法人社団むつみ会　坂田医院【2:診療所】【診療科目:内科_胃腸内科_整形外科】広島県福山市丸之内２丁目１２番６号" }, "geometry": { "type": "Point", "coordinates": [ 133.358877, 34.493265 ] } },
{ "type": "Feature", "properties": { "ID": 3422340270880, "正式名称": "医療法人社団　北野皮ふ科医院", "機関区分": 2, "都道府県コード": 34, "市区町村コード": 108, "所在地": "広島県広島市佐伯区五日市駅前三丁目９番１４号", "緯度": 34.369289, "経度": 132.368215, "url": "https://www.iryou.teikyouseido.mhlw.go.jp/znk-web/juminkanja/S2430/initialize?prefCd=34&kikanCd=2340270880&kikanKbn=2", "url2": null, "内容": "医療法人社団　北野皮ふ科医院【2:診療所】【診療科目:皮膚科】広島県広島市佐伯区五日市駅前三丁目９番１４号" }, "geometry": { "type": "Point", "coordinates": [ 132.368215, 34.369289 ] } },
{ "type": "Feature", "properties": { "ID": 3422340271210, "正式名称": "医療法人社団　さつき会　三上整形外科医院", "機関区分": 2, "都道府県コード": 34, "市区町村コード": 105, "所在地": "広島県広島市安佐南区長楽寺一丁目８番９号", "緯度": 34.472363, "経度": 132.434035, "url": "https://www.iryou.teikyouseido.mhlw.go.jp/znk-web/juminkanja/S2430/initialize?prefCd=34&kikanCd=2340271210&kikanKbn=2", "url2": "https://www.mikami-seikeigeka.com/", "内容": "医療法人社団　さつき会　三上整形外科医院【2:診療所】【診療科目:整形外科_リウマチ科_リハビリテーション科】広島県広島市安佐南区長楽寺一丁目８番９号" }, "geometry": { "type": "Point", "coordinates": [ 132.434035, 34.472363 ] } },
{ "type": "Feature", "properties": { "ID": 3422340272640, "正式名称": "向井内科・脳神経内科", "機関区分": 2, "都道府県コード": 34, "市区町村コード": 107, "所在地": "広島県広島市安芸区矢野西１丁目２８番２３号", "緯度": 34.353657, "経度": 132.53155, "url": "https://www.iryou.teikyouseido.mhlw.go.jp/znk-web/juminkanja/S2430/initialize?prefCd=34&kikanCd=2340272640&kikanKbn=2", "url2": "https://www.mukai-c.jp", "内容": "向井内科・脳神経内科【2:診療所】【診療科目:内科_神経内科】広島県広島市安芸区矢野西１丁目２８番２３号" }, "geometry": { "type": "Point", "coordinates": [ 132.53155, 34.353657 ] } },
{ "type": "Feature", "properties": { "ID": 3422340273490, "正式名称": "医療法人社団　田中医院", "機関区分": 2, "都道府県コード": 34, "市区町村コード": 202, "所在地": "広島県呉市音戸町渡子二丁目２７番３号", "緯度": 34.189644, "経度": 132.513378, "url": "https://www.iryou.teikyouseido.mhlw.go.jp/znk-web/juminkanja/S2430/initialize?prefCd=34&kikanCd=2340273490&kikanKbn=2", "url2": null, "内容": "医療法人社団　田中医院【2:診療所】【診療科目:内科_小児科】広島県呉市音戸町渡子二丁目２７番３号" }, "geometry": { "type": "Point", "coordinates": [ 132.513378, 34.189644 ] } },
{ "type": "Feature", "properties": { "ID": 3422340274370, "正式名称": "医療法人　康和会　占部内科医院", "機関区分": 2, "都道府県コード": 34, "市区町村コード": 207, "所在地": "広島県福山市川口町５丁目１６番５３号", "緯度": 34.462464, "経度": 133.382571, "url": "https://www.iryou.teikyouseido.mhlw.go.jp/znk-web/juminkanja/S2430/initialize?prefCd=34&kikanCd=2340274370&kikanKbn=2", "url2": null, "内容": "医療法人　康和会　占部内科医院【2:診療所】【診療科目:内科】広島県福山市川口町５丁目１６番５３号" }, "geometry": { "type": "Point", "coordinates": [ 133.382571, 34.462464 ] } },
{ "type": "Feature", "properties": { "ID": 3422340274950, "正式名称": "かたぎりこども診療所", "機関区分": 2, "都道府県コード": 34, "市区町村コード": 202, "所在地": "広島県呉市海岸２―２―９", "緯度": 34.246948, "経度": 132.546123, "url": "https://www.iryou.teikyouseido.mhlw.go.jp/znk-web/juminkanja/S2430/initialize?prefCd=34&kikanCd=2340274950&kikanKbn=2", "url2": null, "内容": "かたぎりこども診療所【2:診療所】【診療科目:小児科】広島県呉市海岸２―２―９" }, "geometry": { "type": "Point", "coordinates": [ 132.546123, 34.246948 ] } },
{ "type": "Feature", "properties": { "ID": 3422340275700, "正式名称": "なかたに外科・在宅クリニック", "機関区分": 2, "都道府県コード": 34, "市区町村コード": 103, "所在地": "広島県広島市南区西霞町１３－２７", "緯度": 34.377374, "経度": 132.48215, "url": "https://www.iryou.teikyouseido.mhlw.go.jp/znk-web/juminkanja/S2430/initialize?prefCd=34&kikanCd=2340275700&kikanKbn=2", "url2": "https://www.nakatanigeka.com/", "内容": "なかたに外科・在宅クリニック【2:診療所】【診療科目:内科_疼痛緩和内科_外科_整形外科】広島県広島市南区西霞町１３－２７" }, "geometry": { "type": "Point", "coordinates": [ 132.48215, 34.377374 ] } },
{ "type": "Feature", "properties": { "ID": 3422340275830, "正式名称": "友和クリニック", "機関区分": 2, "都道府県コード": 34, "市区町村コード": 103, "所在地": "広島県広島市南区稲荷町５－４　山田ビル　２Ｆ", "緯度": 34.391289, "経度": 132.470734, "url": "https://www.iryou.teikyouseido.mhlw.go.jp/znk-web/juminkanja/S2430/initialize?prefCd=34&kikanCd=2340275830&kikanKbn=2", "url2": null, "内容": "友和クリニック【2:診療所】【診療科目:内科_神経内科_整形外科_精神科】広島県広島市南区稲荷町５－４　山田ビル　２Ｆ" }, "geometry": { "type": "Point", "coordinates": [ 132.470734, 34.391289 ] } },
{ "type": "Feature", "properties": { "ID": 3422340276000, "正式名称": "医療法人社団　生仁会　福井内科医院", "機関区分": 2, "都道府県コード": 34, "市区町村コード": 105, "所在地": "広島県広島市安佐南区長楽寺２丁目１３番２６号", "緯度": 34.469502, "経度": 132.427206, "url": "https://www.iryou.teikyouseido.mhlw.go.jp/znk-web/juminkanja/S2430/initialize?prefCd=34&kikanCd=2340276000&kikanKbn=2", "url2": "seijinkai-clinic.com", "内容": "医療法人社団　生仁会　福井内科医院【2:診療所】【診療科目:内科_糖尿病内科_呼吸器内科_循環器内科_消化器内科_緩和ケア内科_小児科_美容皮膚科_放射線科_麻酔科】広島県広島市安佐南区長楽寺２丁目１３番２６号" }, "geometry": { "type": "Point", "coordinates": [ 132.427206, 34.469502 ] } },
{ "type": "Feature", "properties": { "ID": 3422340276130, "正式名称": "医療法人　博善会　長尾医院", "機関区分": 2, "都道府県コード": 34, "市区町村コード": 105, "所在地": "広島県広島市安佐南区西原４－１７－１１", "緯度": 34.437773, "経度": 132.467614, "url": "https://www.iryou.teikyouseido.mhlw.go.jp/znk-web/juminkanja/S2430/initialize?prefCd=34&kikanCd=2340276130&kikanKbn=2", "url2": "https://www.hakuzenkai.jp/clinic/", "内容": "医療法人　博善会　長尾医院【2:診療所】【診療科目:内科_循環器内科_老年内科_整形外科_泌尿器科系その他_リハビリテーション科】広島県広島市安佐南区西原４－１７－１１" }, "geometry": { "type": "Point", "coordinates": [ 132.467614, 34.437773 ] } },
{ "type": "Feature", "properties": { "ID": 3422340276390, "正式名称": "医療法人社団　芳谷眼科医院", "機関区分": 2, "都道府県コード": 34, "市区町村コード": 102, "所在地": "広島県広島市東区温品５－２－２３", "緯度": 34.41262, "経度": 132.507924, "url": "https://www.iryou.teikyouseido.mhlw.go.jp/znk-web/juminkanja/S2430/initialize?prefCd=34&kikanCd=2340276390&kikanKbn=2", "url2": "http://yoshitani-ganka.com/", "内容": "医療法人社団　芳谷眼科医院【2:診療所】【診療科目:眼科】広島県広島市東区温品５－２－２３" }, "geometry": { "type": "Point", "coordinates": [ 132.507924, 34.41262 ] } },
{ "type": "Feature", "properties": { "ID": 3422340277270, "正式名称": "津島医院", "機関区分": 2, "都道府県コード": 34, "市区町村コード": 209, "所在地": "広島県三次市三和町敷名４８３０―１", "緯度": 34.660128, "経度": 132.85244, "url": "https://www.iryou.teikyouseido.mhlw.go.jp/znk-web/juminkanja/S2430/initialize?prefCd=34&kikanCd=2340277270&kikanKbn=2", "url2": null, "内容": "津島医院【2:診療所】【診療科目:内科_小児科_皮膚科】広島県三次市三和町敷名４８３０―１" }, "geometry": { "type": "Point", "coordinates": [ 132.85244, 34.660128 ] } },
{ "type": "Feature", "properties": { "ID": 3422340277300, "正式名称": "星田医院", "機関区分": 2, "都道府県コード": 34, "市区町村コード": 209, "所在地": "広島県三次市吉舎町敷地１４９７番地１", "緯度": 34.747928, "経度": 132.970213, "url": "https://www.iryou.teikyouseido.mhlw.go.jp/znk-web/juminkanja/S2430/initialize?prefCd=34&kikanCd=2340277300&kikanKbn=2", "url2": null, "内容": "星田医院【2:診療所】【診療科目:内科】広島県三次市吉舎町敷地１４９７番地１" }, "geometry": { "type": "Point", "coordinates": [ 132.970213, 34.747928 ] } },
{ "type": "Feature", "properties": { "ID": 3422340277690, "正式名称": "医療法人社団　金谷医院", "機関区分": 2, "都道府県コード": 34, "市区町村コード": 102, "所在地": "広島県広島市東区福田１丁目７２４番地の１", "緯度": 34.451811, "経度": 132.539947, "url": "https://www.iryou.teikyouseido.mhlw.go.jp/znk-web/juminkanja/S2430/initialize?prefCd=34&kikanCd=2340277690&kikanKbn=2", "url2": null, "内容": "医療法人社団　金谷医院【2:診療所】【診療科目:内科_呼吸器内科_消化器内科】広島県広島市東区福田１丁目７２４番地の１" }, "geometry": { "type": "Point", "coordinates": [ 132.539947, 34.451811 ] } },
{ "type": "Feature", "properties": { "ID": 3422340277720, "正式名称": "医療法人社団　山下内科医院", "機関区分": 2, "都道府県コード": 34, "市区町村コード": 101, "所在地": "広島県広島市中区西川口町１２－７", "緯度": 34.381067, "経度": 132.43957, "url": "https://www.iryou.teikyouseido.mhlw.go.jp/znk-web/juminkanja/S2430/initialize?prefCd=34&kikanCd=2340277720&kikanKbn=2", "url2": "https://www.ymstnk.com/", "内容": "医療法人社団　山下内科医院【2:診療所】【診療科目:内科_糖尿病内科_呼吸器内科_循環器内科_消化器内科_小児科_放射線科】広島県広島市中区西川口町１２－７" }, "geometry": { "type": "Point", "coordinates": [ 132.43957, 34.381067 ] } },
{ "type": "Feature", "properties": { "ID": 3422340277850, "正式名称": "医療法人社団　田中眼科医院", "機関区分": 2, "都道府県コード": 34, "市区町村コード": 103, "所在地": "広島県広島市南区翠１丁目３番１５号", "緯度": 34.370152, "経度": 132.464902, "url": "https://www.iryou.teikyouseido.mhlw.go.jp/znk-web/juminkanja/S2430/initialize?prefCd=34&kikanCd=2340277850&kikanKbn=2", "url2": null, "内容": "医療法人社団　田中眼科医院【2:診療所】【診療科目:眼科】広島県広島市南区翠１丁目３番１５号" }, "geometry": { "type": "Point", "coordinates": [ 132.464902, 34.370152 ] } },
{ "type": "Feature", "properties": { "ID": 3422340278020, "正式名称": "医療法人社団アイオワ　戸坂外科医院", "機関区分": 2, "都道府県コード": 34, "市区町村コード": 102, "所在地": "広島県広島市東区戸坂千足２－５－１６", "緯度": 34.438006, "経度": 132.485036, "url": "https://www.iryou.teikyouseido.mhlw.go.jp/znk-web/juminkanja/S2430/initialize?prefCd=34&kikanCd=2340278020&kikanKbn=2", "url2": "http://www.hesaka-geka.jp/", "内容": "医療法人社団アイオワ　戸坂外科医院【2:診療所】【診療科目:胃腸内科_外科_整形外科】広島県広島市東区戸坂千足２－５－１６" }, "geometry": { "type": "Point", "coordinates": [ 132.485036, 34.438006 ] } },
{ "type": "Feature", "properties": { "ID": 3422340278150, "正式名称": "山下内科医院", "機関区分": 2, "都道府県コード": 34, "市区町村コード": 104, "所在地": "広島県広島市西区山田新町２丁目２３番１号", "緯度": 34.397703, "経度": 132.386796, "url": "https://www.iryou.teikyouseido.mhlw.go.jp/znk-web/juminkanja/S2430/initialize?prefCd=34&kikanCd=2340278150&kikanKbn=2", "url2": null, "内容": "山下内科医院【2:診療所】【診療科目:内科】広島県広島市西区山田新町２丁目２３番１号" }, "geometry": { "type": "Point", "coordinates": [ 132.386796, 34.397703 ] } },
{ "type": "Feature", "properties": { "ID": 3422340278600, "正式名称": "池上内科小児科医院", "機関区分": 2, "都道府県コード": 34, "市区町村コード": 105, "所在地": "広島県広島市安佐南区西原８－３９－１２", "緯度": 34.441478, "経度": 132.472759, "url": "https://www.iryou.teikyouseido.mhlw.go.jp/znk-web/juminkanja/S2430/initialize?prefCd=34&kikanCd=2340278600&kikanKbn=2", "url2": null, "内容": "池上内科小児科医院【2:診療所】【診療科目:内科_消化器内科_胃腸内科_小児科】広島県広島市安佐南区西原８－３９－１２" }, "geometry": { "type": "Point", "coordinates": [ 132.472759, 34.441478 ] } },
{ "type": "Feature", "properties": { "ID": 3422340279740, "正式名称": "大浜診療所", "機関区分": 2, "都道府県コード": 34, "市区町村コード": 202, "所在地": "広島県呉市豊浜町大浜３６８番地の１", "緯度": 34.164846, "経度": 132.809244, "url": "https://www.iryou.teikyouseido.mhlw.go.jp/znk-web/juminkanja/S2430/initialize?prefCd=34&kikanCd=2340279740&kikanKbn=2", "url2": null, "内容": "大浜診療所【2:診療所】【診療科目:内科_呼吸器内科_循環器内科_外科_整形外科】広島県呉市豊浜町大浜３６８番地の１" }, "geometry": { "type": "Point", "coordinates": [ 132.809244, 34.164846 ] } },
{ "type": "Feature", "properties": { "ID": 3422340280270, "正式名称": "医療法人社団黎明会　さくらの丘クリニック", "機関区分": 2, "都道府県コード": 34, "市区町村コード": 207, "所在地": "広島県福山市駅家町法成寺１０８", "緯度": 34.553953, "経度": 133.325933, "url": "https://www.iryou.teikyouseido.mhlw.go.jp/znk-web/juminkanja/S2430/initialize?prefCd=34&kikanCd=2340280270&kikanKbn=2", "url2": "https://ekiya-sakura.jp", "内容": "医療法人社団黎明会　さくらの丘クリニック【2:診療所】【診療科目:内科_循環器内科_胃腸内科_リハビリテーション科】広島県福山市駅家町法成寺１０８" }, "geometry": { "type": "Point", "coordinates": [ 133.325933, 34.553953 ] } },
{ "type": "Feature", "properties": { "ID": 3422340280850, "正式名称": "浜田医院", "機関区分": 2, "都道府県コード": 34, "市区町村コード": 107, "所在地": "広島県広島市安芸区矢野東２－３１－１０", "緯度": 34.355633, "経度": 132.535997, "url": "https://www.iryou.teikyouseido.mhlw.go.jp/znk-web/juminkanja/S2430/initialize?prefCd=34&kikanCd=2340280850&kikanKbn=2", "url2": null, "内容": "浜田医院【2:診療所】【診療科目:内科_呼吸器内科_小児科】広島県広島市安芸区矢野東２－３１－１０" }, "geometry": { "type": "Point", "coordinates": [ 132.535997, 34.355633 ] } },
{ "type": "Feature", "properties": { "ID": 3422340281020, "正式名称": "医療法人　くが眼科医院", "機関区分": 2, "都道府県コード": 34, "市区町村コード": 108, "所在地": "広島県広島市佐伯区五日市中央７－１２－１", "緯度": 34.383176, "経度": 132.356521, "url": "https://www.iryou.teikyouseido.mhlw.go.jp/znk-web/juminkanja/S2430/initialize?prefCd=34&kikanCd=2340281020&kikanKbn=2", "url2": "http://www.kugaganka.jp", "内容": "医療法人　くが眼科医院【2:診療所】【診療科目:眼科】広島県広島市佐伯区五日市中央７－１２－１" }, "geometry": { "type": "Point", "coordinates": [ 132.356521, 34.383176 ] } },
{ "type": "Feature", "properties": { "ID": 3422340281150, "正式名称": "医療法人長谷川整形外科", "機関区分": 2, "都道府県コード": 34, "市区町村コード": 213, "所在地": "広島県廿日市市塩屋２丁目２番１６", "緯度": 34.282715, "経度": 132.26414, "url": "https://www.iryou.teikyouseido.mhlw.go.jp/znk-web/juminkanja/S2430/initialize?prefCd=34&kikanCd=2340281150&kikanKbn=2", "url2": null, "内容": "医療法人長谷川整形外科【2:診療所】【診療科目:整形外科】広島県廿日市市塩屋２丁目２番１６" }, "geometry": { "type": "Point", "coordinates": [ 132.26414, 34.282715 ] } },
{ "type": "Feature", "properties": { "ID": 3422340281570, "正式名称": "上野整形外科", "機関区分": 2, "都道府県コード": 34, "市区町村コード": 205, "所在地": "広島県尾道市高須町１２８６―３", "緯度": 34.429964, "経度": 133.22728, "url": "https://www.iryou.teikyouseido.mhlw.go.jp/znk-web/juminkanja/S2430/initialize?prefCd=34&kikanCd=2340281570&kikanKbn=2", "url2": "ueno-seikeigeka.com", "内容": "上野整形外科【2:診療所】【診療科目:整形外科_リウマチ科_リハビリテーション科】広島県尾道市高須町１２８６―３" }, "geometry": { "type": "Point", "coordinates": [ 133.22728, 34.429964 ] } },
{ "type": "Feature", "properties": { "ID": 3422340281860, "正式名称": "医療法人社団緑樹会　佐々木内科", "機関区分": 2, "都道府県コード": 34, "市区町村コード": 208, "所在地": "広島県府中市中須町２８―２", "緯度": 34.554702, "経度": 133.269576, "url": "https://www.iryou.teikyouseido.mhlw.go.jp/znk-web/juminkanja/S2430/initialize?prefCd=34&kikanCd=2340281860&kikanKbn=2", "url2": null, "内容": "医療法人社団緑樹会　佐々木内科【2:診療所】【診療科目:内科_呼吸器内科_循環器内科_消化器内科_心療内科_アレルギー科_放射線科】広島県府中市中須町２８―２" }, "geometry": { "type": "Point", "coordinates": [ 133.269576, 34.554702 ] } },
{ "type": "Feature", "properties": { "ID": 3422340282450, "正式名称": "医療法人　中村耳鼻咽喉科医院", "機関区分": 2, "都道府県コード": 34, "市区町村コード": 106, "所在地": "広島県広島市安佐北区口田３－１－２８", "緯度": 34.466253, "経度": 132.505533, "url": "https://www.iryou.teikyouseido.mhlw.go.jp/znk-web/juminkanja/S2430/initialize?prefCd=34&kikanCd=2340282450&kikanKbn=2", "url2": "https://nakamura-jibika.jimdo.com/", "内容": "医療法人　中村耳鼻咽喉科医院【2:診療所】【診療科目:耳鼻いんこう科】広島県広島市安佐北区口田３－１－２８" }, "geometry": { "type": "Point", "coordinates": [ 132.505533, 34.466253 ] } },
{ "type": "Feature", "properties": { "ID": 3422340282740, "正式名称": "若林医院", "機関区分": 2, "都道府県コード": 34, "市区町村コード": 207, "所在地": "広島県福山市春日町２丁目３番２９号", "緯度": 34.509959, "経度": 133.411511, "url": "https://www.iryou.teikyouseido.mhlw.go.jp/znk-web/juminkanja/S2430/initialize?prefCd=34&kikanCd=2340282740&kikanKbn=2", "url2": null, "内容": "若林医院【2:診療所】【診療科目:内科_小児科_リハビリテーション科】広島県福山市春日町２丁目３番２９号" }, "geometry": { "type": "Point", "coordinates": [ 133.411511, 34.509959 ] } },
{ "type": "Feature", "properties": { "ID": 3422340283040, "正式名称": "医療法人　名草内科胃腸科医院", "機関区分": 2, "都道府県コード": 34, "市区町村コード": 106, "所在地": "広島県広島市安佐北区落合１丁目２番６号", "緯度": 34.477252, "経度": 132.507616, "url": "https://www.iryou.teikyouseido.mhlw.go.jp/znk-web/juminkanja/S2430/initialize?prefCd=34&kikanCd=2340283040&kikanKbn=2", "url2": null, "内容": "医療法人　名草内科胃腸科医院【2:診療所】【診療科目:内科_循環器内科_胃腸内科_神経内科_小児科】広島県広島市安佐北区落合１丁目２番６号" }, "geometry": { "type": "Point", "coordinates": [ 132.507616, 34.477252 ] } },
{ "type": "Feature", "properties": { "ID": 3422340284500, "正式名称": "にしえクリニック", "機関区分": 2, "都道府県コード": 34, "市区町村コード": 207, "所在地": "広島県福山市宝町５―２５", "緯度": 34.489191, "経度": 133.366571, "url": "https://www.iryou.teikyouseido.mhlw.go.jp/znk-web/juminkanja/S2430/initialize?prefCd=34&kikanCd=2340284500&kikanKbn=2", "url2": "http://nishie-clinic.com/", "内容": "にしえクリニック【2:診療所】【診療科目:内科_胃腸内科_外科_肛門外科】広島県福山市宝町５―２５" }, "geometry": { "type": "Point", "coordinates": [ 133.366571, 34.489191 ] } },
{ "type": "Feature", "properties": { "ID": 3422340285480, "正式名称": "医療法人社団　古川医院", "機関区分": 2, "都道府県コード": 34, "市区町村コード": 103, "所在地": "広島県広島市南区東雲本町１丁目１番２号", "緯度": 34.384373, "経度": 132.483927, "url": "https://www.iryou.teikyouseido.mhlw.go.jp/znk-web/juminkanja/S2430/initialize?prefCd=34&kikanCd=2340285480&kikanKbn=2", "url2": "http://www.furukawa-iin.net/", "内容": "医療法人社団　古川医院【2:診療所】【診療科目:内科_糖尿病内科_代謝内科_呼吸器内科_循環器内科_消化器内科_老年内科】広島県広島市南区東雲本町１丁目１番２号" }, "geometry": { "type": "Point", "coordinates": [ 132.483927, 34.384373 ] } },
{ "type": "Feature", "properties": { "ID": 3422340285800, "正式名称": "村上内科循環器科医院", "機関区分": 2, "都道府県コード": 34, "市区町村コード": 207, "所在地": "広島県福山市道三町５―１５", "緯度": 34.481878, "経度": 133.363322, "url": "https://www.iryou.teikyouseido.mhlw.go.jp/znk-web/juminkanja/S2430/initialize?prefCd=34&kikanCd=2340285800&kikanKbn=2", "url2": null, "内容": "村上内科循環器科医院【2:診療所】【診療科目:内科_循環器内科_消化器内科】広島県福山市道三町５―１５" }, "geometry": { "type": "Point", "coordinates": [ 133.363322, 34.481878 ] } },
{ "type": "Feature", "properties": { "ID": 3422340285930, "正式名称": "大日方小児科医院", "機関区分": 2, "都道府県コード": 34, "市区町村コード": 207, "所在地": "広島県福山市光南町３丁目２番８号", "緯度": 34.478004, "経度": 133.368182, "url": "https://www.iryou.teikyouseido.mhlw.go.jp/znk-web/juminkanja/S2430/initialize?prefCd=34&kikanCd=2340285930&kikanKbn=2", "url2": null, "内容": "大日方小児科医院【2:診療所】【診療科目:小児科】広島県福山市光南町３丁目２番８号" }, "geometry": { "type": "Point", "coordinates": [ 133.368182, 34.478004 ] } },
{ "type": "Feature", "properties": { "ID": 3422340286100, "正式名称": "医療法人　辰上内科医院", "機関区分": 2, "都道府県コード": 34, "市区町村コード": 105, "所在地": "広島県広島市安佐南区緑井３丁目１０番１１号", "緯度": 34.467669, "経度": 132.468341, "url": "https://www.iryou.teikyouseido.mhlw.go.jp/znk-web/juminkanja/S2430/initialize?prefCd=34&kikanCd=2340286100&kikanKbn=2", "url2": "https://www.tatsugami-clinic.com/doctor", "内容": "医療法人　辰上内科医院【2:診療所】【診療科目:内科_消化器内科】広島県広島市安佐南区緑井３丁目１０番１１号" }, "geometry": { "type": "Point", "coordinates": [ 132.468341, 34.467669 ] } },
{ "type": "Feature", "properties": { "ID": 3422340286490, "正式名称": "山田内科医院", "機関区分": 2, "都道府県コード": 34, "市区町村コード": 103, "所在地": "広島県広島市南区西霞町１９－１５", "緯度": 34.373647, "経度": 132.48084, "url": "https://www.iryou.teikyouseido.mhlw.go.jp/znk-web/juminkanja/S2430/initialize?prefCd=34&kikanCd=2340286490&kikanKbn=2", "url2": null, "内容": "山田内科医院【2:診療所】【診療科目:内科】広島県広島市南区西霞町１９－１５" }, "geometry": { "type": "Point", "coordinates": [ 132.48084, 34.373647 ] } },
{ "type": "Feature", "properties": { "ID": 3422340286650, "正式名称": "医療法人創樹会　もりた心療内科クリニック", "機関区分": 2, "都道府県コード": 34, "市区町村コード": 101, "所在地": "広島県広島市中区大手町２丁目１－４　広島本通マークビル５Ｆ", "緯度": 34.392942, "経度": 132.456517, "url": "https://www.iryou.teikyouseido.mhlw.go.jp/znk-web/juminkanja/S2430/initialize?prefCd=34&kikanCd=2340286650&kikanKbn=2", "url2": "http://www.morita-mental-clinic.com", "内容": "医療法人創樹会　もりた心療内科クリニック【2:診療所】【診療科目:内科_脳神経内科_老年内科_児童精神科_精神科_神経科_心療内科_老年精神科_老年心療内科_精神科系その他】広島県広島市中区大手町２丁目１－４　広島本通マークビル５Ｆ" }, "geometry": { "type": "Point", "coordinates": [ 132.456517, 34.392942 ] } },
{ "type": "Feature", "properties": { "ID": 3422340287530, "正式名称": "長外科胃腸科医院", "機関区分": 2, "都道府県コード": 34, "市区町村コード": 207, "所在地": "広島県福山市駅家町法成寺４－１", "緯度": 34.55412, "経度": 133.334293, "url": "https://www.iryou.teikyouseido.mhlw.go.jp/znk-web/juminkanja/S2430/initialize?prefCd=34&kikanCd=2340287530&kikanKbn=2", "url2": "http://www.mars.dti.ne.jp/~chogeka", "内容": "長外科胃腸科医院【2:診療所】【診療科目:内科_胃腸内科_外科_肛門外科_整形外科_皮膚科】広島県福山市駅家町法成寺４－１" }, "geometry": { "type": "Point", "coordinates": [ 133.334293, 34.55412 ] } },
{ "type": "Feature", "properties": { "ID": 3422340288250, "正式名称": "医療法人　咸宜会　よしだハートクリニック", "機関区分": 2, "都道府県コード": 34, "市区町村コード": 101, "所在地": "広島県広島市中区大手町３－１３－８　本逕寺ビル２Ｆ", "緯度": 34.386428, "経度": 132.453874, "url": "https://www.iryou.teikyouseido.mhlw.go.jp/znk-web/juminkanja/S2430/initialize?prefCd=34&kikanCd=2340288250&kikanKbn=2", "url2": "https://yoshida-heart.sakura.ne.jp", "内容": "医療法人　咸宜会　よしだハートクリニック【2:診療所】【診療科目:内科_糖尿病内科_循環器内科】広島県広島市中区大手町３－１３－８　本逕寺ビル２Ｆ" }, "geometry": { "type": "Point", "coordinates": [ 132.453874, 34.386428 ] } },
{ "type": "Feature", "properties": { "ID": 3422340288410, "正式名称": "医療法人社団　升島医院", "機関区分": 2, "都道府県コード": 34, "市区町村コード": 103, "所在地": "広島県広島市南区宇品神田２－３－１９", "緯度": 34.366013, "経度": 132.465763, "url": "https://www.iryou.teikyouseido.mhlw.go.jp/znk-web/juminkanja/S2430/initialize?prefCd=34&kikanCd=2340288410&kikanKbn=2", "url2": null, "内容": "医療法人社団　升島医院【2:診療所】【診療科目:内科_消化器内科】広島県広島市南区宇品神田２－３－１９" }, "geometry": { "type": "Point", "coordinates": [ 132.465763, 34.366013 ] } },
{ "type": "Feature", "properties": { "ID": 3422340290080, "正式名称": "医療法人　三好内科医院", "機関区分": 2, "都道府県コード": 34, "市区町村コード": 104, "所在地": "広島県広島市西区天満町１７－１", "緯度": 34.396121, "経度": 132.43968, "url": "https://www.iryou.teikyouseido.mhlw.go.jp/znk-web/juminkanja/S2430/initialize?prefCd=34&kikanCd=2340290080&kikanKbn=2", "url2": "http://www.miyoshi-naika.jp", "内容": "医療法人　三好内科医院【2:診療所】【診療科目:内科_消化器内科_胃腸内科_内視鏡内科_肛門外科】広島県広島市西区天満町１７－１" }, "geometry": { "type": "Point", "coordinates": [ 132.43968, 34.396121 ] } },
{ "type": "Feature", "properties": { "ID": 3422340290530, "正式名称": "医療法人社団豊和会　豊田内科胃腸科", "機関区分": 2, "都道府県コード": 34, "市区町村コード": 202, "所在地": "広島県呉市伏原一丁目８－１３", "緯度": 34.253259, "経度": 132.576428, "url": "https://www.iryou.teikyouseido.mhlw.go.jp/znk-web/juminkanja/S2430/initialize?prefCd=34&kikanCd=2340290530&kikanKbn=2", "url2": "toyota-clinic.com/", "内容": "医療法人社団豊和会　豊田内科胃腸科【2:診療所】【診療科目:内科_胃腸内科_放射線科】広島県呉市伏原一丁目８－１３" }, "geometry": { "type": "Point", "coordinates": [ 132.576428, 34.253259 ] } },
{ "type": "Feature", "properties": { "ID": 3422340290790, "正式名称": "医療法人社団　藤原医院", "機関区分": 2, "都道府県コード": 34, "市区町村コード": 212, "所在地": "広島県東広島市高屋町檜山４４８－１", "緯度": 34.441008, "経度": 132.767256, "url": "https://www.iryou.teikyouseido.mhlw.go.jp/znk-web/juminkanja/S2430/initialize?prefCd=34&kikanCd=2340290790&kikanKbn=2", "url2": "https://www.fujiwaraiin.org/index.html", "内容": "医療法人社団　藤原医院【2:診療所】【診療科目:内科_呼吸器内科_循環器内科_消化器内科_アレルギー疾患内科】広島県東広島市高屋町檜山４４８－１" }, "geometry": { "type": "Point", "coordinates": [ 132.767256, 34.441008 ] } },
{ "type": "Feature", "properties": { "ID": 3422340291120, "正式名称": "医療法人社団　竹本医院", "機関区分": 2, "都道府県コード": 34, "市区町村コード": 103, "所在地": "広島県広島市南区宇品海岸２丁目２－１１", "緯度": 34.355987, "経度": 132.462014, "url": "https://www.iryou.teikyouseido.mhlw.go.jp/znk-web/juminkanja/S2430/initialize?prefCd=34&kikanCd=2340291120&kikanKbn=2", "url2": null, "内容": "医療法人社団　竹本医院【2:診療所】【診療科目:内科_呼吸器内科】広島県広島市南区宇品海岸２丁目２－１１" }, "geometry": { "type": "Point", "coordinates": [ 132.462014, 34.355987 ] } },
{ "type": "Feature", "properties": { "ID": 3422340292000, "正式名称": "医療法人純心会　行武医院", "機関区分": 2, "都道府県コード": 34, "市区町村コード": 107, "所在地": "広島県広島市安芸区矢野西１－３－２", "緯度": 34.354821, "経度": 132.534008, "url": "https://www.iryou.teikyouseido.mhlw.go.jp/znk-web/juminkanja/S2430/initialize?prefCd=34&kikanCd=2340292000&kikanKbn=2", "url2": "http://www.junshinkai.or.jp", "内容": "医療法人純心会　行武医院【2:診療所】【診療科目:内科_呼吸器内科_循環器内科_消化器内科_放射線科】広島県広島市安芸区矢野西１－３－２" }, "geometry": { "type": "Point", "coordinates": [ 132.534008, 34.354821 ] } },
{ "type": "Feature", "properties": { "ID": 3422340292390, "正式名称": "医療法人社団まこと会　神辺内科医院", "機関区分": 2, "都道府県コード": 34, "市区町村コード": 207, "所在地": "広島県福山市野上町２－１０－２９", "緯度": 34.477275, "経度": 133.362735, "url": "https://www.iryou.teikyouseido.mhlw.go.jp/znk-web/juminkanja/S2430/initialize?prefCd=34&kikanCd=2340292390&kikanKbn=2", "url2": "http://www.kanbe.or.jp", "内容": "医療法人社団まこと会　神辺内科医院【2:診療所】【診療科目:内科_消化器内科】広島県福山市野上町２－１０－２９" }, "geometry": { "type": "Point", "coordinates": [ 133.362735, 34.477275 ] } },
{ "type": "Feature", "properties": { "ID": 3422340293720, "正式名称": "大岩内科", "機関区分": 2, "都道府県コード": 34, "市区町村コード": 101, "所在地": "広島県広島市中区鉄砲町２－６", "緯度": 34.396727, "経度": 132.465119, "url": "https://www.iryou.teikyouseido.mhlw.go.jp/znk-web/juminkanja/S2430/initialize?prefCd=34&kikanCd=2340293720&kikanKbn=2", "url2": null, "内容": "大岩内科【2:診療所】【診療科目:内科_循環器内科_胃腸内科】広島県広島市中区鉄砲町２－６" }, "geometry": { "type": "Point", "coordinates": [ 132.465119, 34.396727 ] } },
{ "type": "Feature", "properties": { "ID": 3422340294600, "正式名称": "医療法人社団　杉本クリニック", "機関区分": 2, "都道府県コード": 34, "市区町村コード": 101, "所在地": "広島県広島市中区国泰寺町２丁目４番２号", "緯度": 34.383379, "経度": 132.455133, "url": "https://www.iryou.teikyouseido.mhlw.go.jp/znk-web/juminkanja/S2430/initialize?prefCd=34&kikanCd=2340294600&kikanKbn=2", "url2": "http://www.sugimoto-clinic.or.jp", "内容": "医療法人社団　杉本クリニック【2:診療所】【診療科目:耳鼻いんこう科_アレルギー科】広島県広島市中区国泰寺町２丁目４番２号" }, "geometry": { "type": "Point", "coordinates": [ 132.455133, 34.383379 ] } },
{ "type": "Feature", "properties": { "ID": 3422340294860, "正式名称": "木下皮膚科医院", "機関区分": 2, "都道府県コード": 34, "市区町村コード": 103, "所在地": "広島県広島市南区上東雲町３２－１３", "緯度": 34.384043, "経度": 132.486023, "url": "https://www.iryou.teikyouseido.mhlw.go.jp/znk-web/juminkanja/S2430/initialize?prefCd=34&kikanCd=2340294860&kikanKbn=2", "url2": null, "内容": "木下皮膚科医院【2:診療所】【診療科目:皮膚科】広島県広島市南区上東雲町３２－１３" }, "geometry": { "type": "Point", "coordinates": [ 132.486023, 34.384043 ] } },
{ "type": "Feature", "properties": { "ID": 3422340294990, "正式名称": "医療法人社団　ほむら会　砂川クリニック", "機関区分": 2, "都道府県コード": 34, "市区町村コード": 105, "所在地": "広島県広島市安佐南区八木７丁目６番２５号", "緯度": 34.487473, "経度": 132.502227, "url": "https://www.iryou.teikyouseido.mhlw.go.jp/znk-web/juminkanja/S2430/initialize?prefCd=34&kikanCd=2340294990&kikanKbn=2", "url2": "https://www.sunakawa-cl.com", "内容": "医療法人社団　ほむら会　砂川クリニック【2:診療所】【診療科目:内科_外科_整形外科】広島県広島市安佐南区八木７丁目６番２５号" }, "geometry": { "type": "Point", "coordinates": [ 132.502227, 34.487473 ] } },
{ "type": "Feature", "properties": { "ID": 3422340295450, "正式名称": "十河医院", "機関区分": 2, "都道府県コード": 34, "市区町村コード": 101, "所在地": "広島県広島市中区上八丁堀８－１０　クロスタワー３階", "緯度": 34.398136, "経度": 132.464536, "url": "https://www.iryou.teikyouseido.mhlw.go.jp/znk-web/juminkanja/S2430/initialize?prefCd=34&kikanCd=2340295450&kikanKbn=2", "url2": null, "内容": "十河医院【2:診療所】【診療科目:内科_漢方内科】広島県広島市中区上八丁堀８－１０　クロスタワー３階" }, "geometry": { "type": "Point", "coordinates": [ 132.464536, 34.398136 ] } },
{ "type": "Feature", "properties": { "ID": 3422340295610, "正式名称": "冨原脳神経外科医院", "機関区分": 2, "都道府県コード": 34, "市区町村コード": 103, "所在地": "広島県広島市南区宇品神田２丁目１２番１６号", "緯度": 34.365552, "経度": 132.464698, "url": "https://www.iryou.teikyouseido.mhlw.go.jp/znk-web/juminkanja/S2430/initialize?prefCd=34&kikanCd=2340295610&kikanKbn=2", "url2": "http://www.tomihara-cl.com/       http://fdoc.jp/sp/clinic/detail/inde/id46656/", "内容": "冨原脳神経外科医院【2:診療所】【診療科目:神経内科_脳神経外科_放射線科】広島県広島市南区宇品神田２丁目１２番１６号" }, "geometry": { "type": "Point", "coordinates": [ 132.464698, 34.365552 ] } },
{ "type": "Feature", "properties": { "ID": 3422340295870, "正式名称": "日高内科医院", "機関区分": 2, "都道府県コード": 34, "市区町村コード": 105, "所在地": "広島県広島市安佐南区上安２－３２－２１", "緯度": 34.476196, "経度": 132.443676, "url": "https://www.iryou.teikyouseido.mhlw.go.jp/znk-web/juminkanja/S2430/initialize?prefCd=34&kikanCd=2340295870&kikanKbn=2", "url2": "https://hidaka-naika.jp", "内容": "日高内科医院【2:診療所】【診療科目:内科_消化器内科_内視鏡内科】広島県広島市安佐南区上安２－３２－２１" }, "geometry": { "type": "Point", "coordinates": [ 132.443676, 34.476196 ] } },
{ "type": "Feature", "properties": { "ID": 3422340296750, "正式名称": "林医院", "機関区分": 2, "都道府県コード": 34, "市区町村コード": 210, "所在地": "広島県庄原市三日市町２７２番地", "緯度": 34.856631, "経度": 133.003663, "url": "https://www.iryou.teikyouseido.mhlw.go.jp/znk-web/juminkanja/S2430/initialize?prefCd=34&kikanCd=2340296750&kikanKbn=2", "url2": null, "内容": "林医院【2:診療所】【診療科目:内科】広島県庄原市三日市町２７２番地" }, "geometry": { "type": "Point", "coordinates": [ 133.003663, 34.856631 ] } },
{ "type": "Feature", "properties": { "ID": 3422340297180, "正式名称": "西谷内科", "機関区分": 2, "都道府県コード": 34, "市区町村コード": 207, "所在地": "広島県福山市本町５番２０号", "緯度": 34.493766, "経度": 133.365294, "url": "https://www.iryou.teikyouseido.mhlw.go.jp/znk-web/juminkanja/S2430/initialize?prefCd=34&kikanCd=2340297180&kikanKbn=2", "url2": null, "内容": "西谷内科【2:診療所】【診療科目:内科_リウマチ科】広島県福山市本町５番２０号" }, "geometry": { "type": "Point", "coordinates": [ 133.365294, 34.493766 ] } },
{ "type": "Feature", "properties": { "ID": 3422340297210, "正式名称": "医療法人　井上小児科内科医院", "機関区分": 2, "都道府県コード": 34, "市区町村コード": 207, "所在地": "広島県福山市駅家町近田３７９番地の１", "緯度": 34.540899, "経度": 133.315212, "url": "https://www.iryou.teikyouseido.mhlw.go.jp/znk-web/juminkanja/S2430/initialize?prefCd=34&kikanCd=2340297210&kikanKbn=2", "url2": null, "内容": "医療法人　井上小児科内科医院【2:診療所】【診療科目:内科_小児科_小児皮膚科】広島県福山市駅家町近田３７９番地の１" }, "geometry": { "type": "Point", "coordinates": [ 133.315212, 34.540899 ] } },
{ "type": "Feature", "properties": { "ID": 3422340297500, "正式名称": "はしもと内科", "機関区分": 2, "都道府県コード": 34, "市区町村コード": 101, "所在地": "広島県広島市中区吉島東１丁目２７番２０号", "緯度": 34.372735, "経度": 132.448264, "url": "https://www.iryou.teikyouseido.mhlw.go.jp/znk-web/juminkanja/S2430/initialize?prefCd=34&kikanCd=2340297500&kikanKbn=2", "url2": "https://www.aebakai-hashimoto-naika.com/", "内容": "はしもと内科【2:診療所】【診療科目:内科_消化器内科_リハビリテーション科】広島県広島市中区吉島東１丁目２７番２０号" }, "geometry": { "type": "Point", "coordinates": [ 132.448264, 34.372735 ] } },
{ "type": "Feature", "properties": { "ID": 3422340297920, "正式名称": "呉市医師会休日急患センター", "機関区分": 2, "都道府県コード": 34, "市区町村コード": 202, "所在地": "広島県呉市朝日町１５－２４", "緯度": 34.251444, "経度": 132.574954, "url": "https://www.iryou.teikyouseido.mhlw.go.jp/znk-web/juminkanja/S2430/initialize?prefCd=34&kikanCd=2340297920&kikanKbn=2", "url2": "http://www.kure.hiroshima.med.or.jp/", "内容": "呉市医師会休日急患センター【2:診療所】【診療科目:内科_外科_小児科】広島県呉市朝日町１５－２４" }, "geometry": { "type": "Point", "coordinates": [ 132.574954, 34.251444 ] } },
{ "type": "Feature", "properties": { "ID": 3422340298800, "正式名称": "高橋ホームクリニック", "機関区分": 2, "都道府県コード": 34, "市区町村コード": 212, "所在地": "広島県東広島市八本松飯田六丁目１６－１２", "緯度": 34.452471, "経度": 132.704426, "url": "https://www.iryou.teikyouseido.mhlw.go.jp/znk-web/juminkanja/S2430/initialize?prefCd=34&kikanCd=2340298800&kikanKbn=2", "url2": null, "内容": "高橋ホームクリニック【2:診療所】【診療科目:内科_呼吸器内科_消化器内科_小児科】広島県東広島市八本松飯田六丁目１６－１２" }, "geometry": { "type": "Point", "coordinates": [ 132.704426, 34.452471 ] } },
{ "type": "Feature", "properties": { "ID": 3422340299230, "正式名称": "新谷整形外科医院", "機関区分": 2, "都道府県コード": 34, "市区町村コード": 106, "所在地": "広島県広島市安佐北区落合南７－４－２２", "緯度": 34.476141, "経度": 132.520281, "url": "https://www.iryou.teikyouseido.mhlw.go.jp/znk-web/juminkanja/S2430/initialize?prefCd=34&kikanCd=2340299230&kikanKbn=2", "url2": null, "内容": "新谷整形外科医院【2:診療所】【診療科目:整形外科_リウマチ科_リハビリテーション科_放射線科】広島県広島市安佐北区落合南７－４－２２" }, "geometry": { "type": "Point", "coordinates": [ 132.520281, 34.476141 ] } },
{ "type": "Feature", "properties": { "ID": 3422340299650, "正式名称": "川西整形外科医院", "機関区分": 2, "都道府県コード": 34, "市区町村コード": 202, "所在地": "広島県呉市広大新開一丁目１番１０号", "緯度": 34.230697, "経度": 132.625117, "url": "https://www.iryou.teikyouseido.mhlw.go.jp/znk-web/juminkanja/S2430/initialize?prefCd=34&kikanCd=2340299650&kikanKbn=2", "url2": null, "内容": "川西整形外科医院【2:診療所】【診療科目:整形外科】広島県呉市広大新開一丁目１番１０号" }, "geometry": { "type": "Point", "coordinates": [ 132.625117, 34.230697 ] } },
{ "type": "Feature", "properties": { "ID": 3422340299780, "正式名称": "田辺泌尿器科医院", "機関区分": 2, "都道府県コード": 34, "市区町村コード": 101, "所在地": "広島県広島市中区舟入中町８番６号", "緯度": 34.386816, "経度": 132.443069, "url": "https://www.iryou.teikyouseido.mhlw.go.jp/znk-web/juminkanja/S2430/initialize?prefCd=34&kikanCd=2340299780&kikanKbn=2", "url2": null, "内容": "田辺泌尿器科医院【2:診療所】【診療科目:泌尿器科】広島県広島市中区舟入中町８番６号" }, "geometry": { "type": "Point", "coordinates": [ 132.443069, 34.386816 ] } },
{ "type": "Feature", "properties": { "ID": 3422340300240, "正式名称": "医療法人社団南坊　南坊井上内科循環器科医院", "機関区分": 2, "都道府県コード": 34, "市区町村コード": 207, "所在地": "広島県福山市駅家町近田５８２番地", "緯度": 34.545092, "経度": 133.311879, "url": "https://www.iryou.teikyouseido.mhlw.go.jp/znk-web/juminkanja/S2430/initialize?prefCd=34&kikanCd=2340300240&kikanKbn=2", "url2": null, "内容": "医療法人社団南坊　南坊井上内科循環器科医院【2:診療所】【診療科目:内科_循環器内科_胃腸内科_小児科】広島県福山市駅家町近田５８２番地" }, "geometry": { "type": "Point", "coordinates": [ 133.311879, 34.545092 ] } },
{ "type": "Feature", "properties": { "ID": 3422340300370, "正式名称": "医療法人社団　加美川クリニック", "機関区分": 2, "都道府県コード": 34, "市区町村コード": 209, "所在地": "広島県三次市十日市東１丁目４番１２号", "緯度": 34.804529, "経度": 132.857488, "url": "https://www.iryou.teikyouseido.mhlw.go.jp/znk-web/juminkanja/S2430/initialize?prefCd=34&kikanCd=2340300370&kikanKbn=2", "url2": "http://kamikawa-clinic.or.jp/", "内容": "医療法人社団　加美川クリニック【2:診療所】【診療科目:内科_人工透析内科_泌尿器科】広島県三次市十日市東１丁目４番１２号" }, "geometry": { "type": "Point", "coordinates": [ 132.857488, 34.804529 ] } },
{ "type": "Feature", "properties": { "ID": 3422340301380, "正式名称": "医療法人社団　住吉医院", "機関区分": 2, "都道府県コード": 34, "市区町村コード": 202, "所在地": "広島県呉市川尻町東１丁目１０番１２号", "緯度": 34.235828, "経度": 132.696977, "url": "https://www.iryou.teikyouseido.mhlw.go.jp/znk-web/juminkanja/S2430/initialize?prefCd=34&kikanCd=2340301380&kikanKbn=2", "url2": "http://www.sumiyoshicl.com", "内容": "医療法人社団　住吉医院【2:診療所】【診療科目:内科_呼吸器内科_小児科】広島県呉市川尻町東１丁目１０番１２号" }, "geometry": { "type": "Point", "coordinates": [ 132.696977, 34.235828 ] } },
{ "type": "Feature", "properties": { "ID": 3422340302420, "正式名称": "戸谷医院", "機関区分": 2, "都道府県コード": 34, "市区町村コード": 210, "所在地": "広島県庄原市西本町二丁目１５－３１", "緯度": 34.856248, "経度": 133.009779, "url": "https://www.iryou.teikyouseido.mhlw.go.jp/znk-web/juminkanja/S2430/initialize?prefCd=34&kikanCd=2340302420&kikanKbn=2", "url2": "http://seijin-kai.com/", "内容": "戸谷医院【2:診療所】【診療科目:内科_小児科_老年精神科】広島県庄原市西本町二丁目１５－３１" }, "geometry": { "type": "Point", "coordinates": [ 133.009779, 34.856248 ] } },
{ "type": "Feature", "properties": { "ID": 3422340302710, "正式名称": "医療法人社団　白市診療所", "機関区分": 2, "都道府県コード": 34, "市区町村コード": 212, "所在地": "広島県東広島市高屋町白市７１６－１", "緯度": 34.456316, "経度": 132.822035, "url": "https://www.iryou.teikyouseido.mhlw.go.jp/znk-web/juminkanja/S2430/initialize?prefCd=34&kikanCd=2340302710&kikanKbn=2", "url2": null, "内容": "医療法人社団　白市診療所【2:診療所】【診療科目:内科_腎臓内科】広島県東広島市高屋町白市７１６－１" }, "geometry": { "type": "Point", "coordinates": [ 132.822035, 34.456316 ] } },
{ "type": "Feature", "properties": { "ID": 3422340304150, "正式名称": "医療法人社団　藤崎眼科医院", "機関区分": 2, "都道府県コード": 34, "市区町村コード": 207, "所在地": "広島県福山市神辺町川南３１４３－１", "緯度": 34.538872, "経度": 133.380985, "url": "https://www.iryou.teikyouseido.mhlw.go.jp/znk-web/juminkanja/S2430/initialize?prefCd=34&kikanCd=2340304150&kikanKbn=2", "url2": null, "内容": "医療法人社団　藤崎眼科医院【2:診療所】【診療科目:眼科】広島県福山市神辺町川南３１４３－１" }, "geometry": { "type": "Point", "coordinates": [ 133.380985, 34.538872 ] } },
{ "type": "Feature", "properties": { "ID": 3422340304570, "正式名称": "医療法人社団　岸本医院", "機関区分": 2, "都道府県コード": 34, "市区町村コード": 304, "所在地": "広島県安芸郡海田町窪町１０－１８", "緯度": 34.369931, "経度": 132.529396, "url": "https://www.iryou.teikyouseido.mhlw.go.jp/znk-web/juminkanja/S2430/initialize?prefCd=34&kikanCd=2340304570&kikanKbn=2", "url2": null, "内容": "医療法人社団　岸本医院【2:診療所】【診療科目:眼科】広島県安芸郡海田町窪町１０－１８" }, "geometry": { "type": "Point", "coordinates": [ 132.529396, 34.369931 ] } },
{ "type": "Feature", "properties": { "ID": 3422340305320, "正式名称": "はらだ小児科医院", "機関区分": 2, "都道府県コード": 34, "市区町村コード": 101, "所在地": "広島県広島市中区堺町２丁目６番２２号", "緯度": 34.394649, "経度": 132.445874, "url": "https://www.iryou.teikyouseido.mhlw.go.jp/znk-web/juminkanja/S2430/initialize?prefCd=34&kikanCd=2340305320&kikanKbn=2", "url2": "https://www.haradashounika.jp", "内容": "はらだ小児科医院【2:診療所】【診療科目:小児科】広島県広島市中区堺町２丁目６番２２号" }, "geometry": { "type": "Point", "coordinates": [ 132.445874, 34.394649 ] } },
{ "type": "Feature", "properties": { "ID": 3422340305900, "正式名称": "医療法人社団　孝風会　吉山クリニック", "機関区分": 2, "都道府県コード": 34, "市区町村コード": 106, "所在地": "広島県広島市安佐北区可部南４丁目５番１０号", "緯度": 34.510054, "経度": 132.510558, "url": "https://www.iryou.teikyouseido.mhlw.go.jp/znk-web/juminkanja/S2430/initialize?prefCd=34&kikanCd=2340305900&kikanKbn=2", "url2": "https://www.yoshiyama-cl.jp", "内容": "医療法人社団　孝風会　吉山クリニック【2:診療所】【診療科目:脳神経内科_神経内科_脳神経外科_リハビリテーション科_放射線科】広島県広島市安佐北区可部南４丁目５番１０号" }, "geometry": { "type": "Point", "coordinates": [ 132.510558, 34.510054 ] } },
{ "type": "Feature", "properties": { "ID": 3422340306460, "正式名称": "奥坊クリニック", "機関区分": 2, "都道府県コード": 34, "市区町村コード": 207, "所在地": "広島県福山市西桜町１－６－１", "緯度": 34.484083, "経度": 133.357746, "url": "https://www.iryou.teikyouseido.mhlw.go.jp/znk-web/juminkanja/S2430/initialize?prefCd=34&kikanCd=2340306460&kikanKbn=2", "url2": "http://www.okunobou.or.jp", "内容": "奥坊クリニック【2:診療所】【診療科目:性感染症内科_整形外科_泌尿器科_リハビリテーション科】広島県福山市西桜町１－６－１" }, "geometry": { "type": "Point", "coordinates": [ 133.357746, 34.484083 ] } },
{ "type": "Feature", "properties": { "ID": 3422340307340, "正式名称": "医療法人　武富眼科医院", "機関区分": 2, "都道府県コード": 34, "市区町村コード": 205, "所在地": "広島県尾道市西則末町１－２９", "緯度": 34.416893, "経度": 133.188, "url": "https://www.iryou.teikyouseido.mhlw.go.jp/znk-web/juminkanja/S2430/initialize?prefCd=34&kikanCd=2340307340&kikanKbn=2", "url2": "https://www.taketomiganka.com/", "内容": "医療法人　武富眼科医院【2:診療所】【診療科目:眼科】広島県尾道市西則末町１－２９" }, "geometry": { "type": "Point", "coordinates": [ 133.188, 34.416893 ] } },
{ "type": "Feature", "properties": { "ID": 3422340307470, "正式名称": "手島医院", "機関区分": 2, "都道府県コード": 34, "市区町村コード": 202, "所在地": "広島県呉市本通５丁目１番２４号", "緯度": 34.248694, "経度": 132.569926, "url": "https://www.iryou.teikyouseido.mhlw.go.jp/znk-web/juminkanja/S2430/initialize?prefCd=34&kikanCd=2340307470&kikanKbn=2", "url2": "http://www.teshimaclinic.jp/", "内容": "手島医院【2:診療所】【診療科目:内科_糖尿病内科_代謝内科_脂質代謝内科_循環器内科_心臓内科_消化器内科_腎臓内科_小児科】広島県呉市本通５丁目１番２４号" }, "geometry": { "type": "Point", "coordinates": [ 132.569926, 34.248694 ] } },
{ "type": "Feature", "properties": { "ID": 3422340307500, "正式名称": "三原市医師会　休日夜間急患診療所", "機関区分": 2, "都道府県コード": 34, "市区町村コード": 204, "所在地": "広島県三原市宮浦一丁目１５－１", "緯度": 34.400213, "経度": 133.064236, "url": "https://www.iryou.teikyouseido.mhlw.go.jp/znk-web/juminkanja/S2430/initialize?prefCd=34&kikanCd=2340307500&kikanKbn=2", "url2": "http://mihara-hiroshima-med.jp/mma/holiday_night_emergency_clinic/", "内容": "三原市医師会　休日夜間急患診療所【2:診療所】【診療科目:内科_外科_小児科】広島県三原市宮浦一丁目１５－１" }, "geometry": { "type": "Point", "coordinates": [ 133.064236, 34.400213 ] } },
{ "type": "Feature", "properties": { "ID": 3422340307630, "正式名称": "きむら内科小児科医院", "機関区分": 2, "都道府県コード": 34, "市区町村コード": 213, "所在地": "広島県廿日市市阿品台４－１７－３１", "緯度": 34.326959, "経度": 132.304945, "url": "https://www.iryou.teikyouseido.mhlw.go.jp/znk-web/juminkanja/S2430/initialize?prefCd=34&kikanCd=2340307630&kikanKbn=2", "url2": "http://www.kimuraclinic.jp/", "内容": "きむら内科小児科医院【2:診療所】【診療科目:内科_消化器内科_小児科】広島県廿日市市阿品台４－１７－３１" }, "geometry": { "type": "Point", "coordinates": [ 132.304945, 34.326959 ] } },
{ "type": "Feature", "properties": { "ID": 3422340307760, "正式名称": "村上内科医院", "機関区分": 2, "都道府県コード": 34, "市区町村コード": 213, "所在地": "広島県廿日市市阿品台１丁目１２番２８号", "緯度": 34.330903, "経度": 132.315277, "url": "https://www.iryou.teikyouseido.mhlw.go.jp/znk-web/juminkanja/S2430/initialize?prefCd=34&kikanCd=2340307760&kikanKbn=2", "url2": null, "内容": "村上内科医院【2:診療所】【診療科目:内科_循環器内科】広島県廿日市市阿品台１丁目１２番２８号" }, "geometry": { "type": "Point", "coordinates": [ 132.315277, 34.330903 ] } },
{ "type": "Feature", "properties": { "ID": 3422340308640, "正式名称": "児玉眼科医院", "機関区分": 2, "都道府県コード": 34, "市区町村コード": 214, "所在地": "広島県安芸高田市吉田町吉田７７０番地", "緯度": 34.667902, "経度": 132.704729, "url": "https://www.iryou.teikyouseido.mhlw.go.jp/znk-web/juminkanja/S2430/initialize?prefCd=34&kikanCd=2340308640&kikanKbn=2", "url2": null, "内容": "児玉眼科医院【2:診療所】【診療科目:眼科】広島県安芸高田市吉田町吉田７７０番地" }, "geometry": { "type": "Point", "coordinates": [ 132.704729, 34.667902 ] } },
{ "type": "Feature", "properties": { "ID": 3422340309100, "正式名称": "医療法人社団　博寿会　山下医院", "機関区分": 2, "都道府県コード": 34, "市区町村コード": 106, "所在地": "広島県広島市安佐北区口田１－１５－１０", "緯度": 34.461698, "経度": 132.495256, "url": "https://www.iryou.teikyouseido.mhlw.go.jp/znk-web/juminkanja/S2430/initialize?prefCd=34&kikanCd=2340309100&kikanKbn=2", "url2": "https://www.yamashita-hakujukai.jp/", "内容": "医療法人社団　博寿会　山下医院【2:診療所】【診療科目:胃腸内科_人工透析内科_外科_耳鼻いんこう科_アレルギー科_リハビリテーション科_放射線科】広島県広島市安佐北区口田１－１５－１０" }, "geometry": { "type": "Point", "coordinates": [ 132.495256, 34.461698 ] } },
{ "type": "Feature", "properties": { "ID": 3422340309360, "正式名称": "石田医院", "機関区分": 2, "都道府県コード": 34, "市区町村コード": 104, "所在地": "広島県広島市西区庚午中３丁目１番１号", "緯度": 34.383761, "経度": 132.414489, "url": "https://www.iryou.teikyouseido.mhlw.go.jp/znk-web/juminkanja/S2430/initialize?prefCd=34&kikanCd=2340309360&kikanKbn=2", "url2": null, "内容": "石田医院【2:診療所】【診療科目:内科_胃腸内科】広島県広島市西区庚午中３丁目１番１号" }, "geometry": { "type": "Point", "coordinates": [ 132.414489, 34.383761 ] } },
{ "type": "Feature", "properties": { "ID": 3422340309490, "正式名称": "博美医院", "機関区分": 2, "都道府県コード": 34, "市区町村コード": 104, "所在地": "広島県広島市西区観音本町１丁目７番２６号", "緯度": 34.389733, "経度": 132.437153, "url": "https://www.iryou.teikyouseido.mhlw.go.jp/znk-web/juminkanja/S2430/initialize?prefCd=34&kikanCd=2340309490&kikanKbn=2", "url2": null, "内容": "博美医院【2:診療所】【診療科目:腎臓内科_人工透析内科】広島県広島市西区観音本町１丁目７番２６号" }, "geometry": { "type": "Point", "coordinates": [ 132.437153, 34.389733 ] } },
{ "type": "Feature", "properties": { "ID": 3422340309520, "正式名称": "医療法人　かがやき会　奥田整形外科皮膚科医院", "機関区分": 2, "都道府県コード": 34, "市区町村コード": 104, "所在地": "広島県広島市西区井口明神１丁目１５番２１号", "緯度": 34.372372, "経度": 132.391769, "url": "https://www.iryou.teikyouseido.mhlw.go.jp/znk-web/juminkanja/S2430/initialize?prefCd=34&kikanCd=2340309520&kikanKbn=2", "url2": null, "内容": "医療法人　かがやき会　奥田整形外科皮膚科医院【2:診療所】【診療科目:整形外科_皮膚科_リハビリテーション科】広島県広島市西区井口明神１丁目１５番２１号" }, "geometry": { "type": "Point", "coordinates": [ 132.391769, 34.372372 ] } },
{ "type": "Feature", "properties": { "ID": 3422340309650, "正式名称": "医療法人社団　岩崎内科医院", "機関区分": 2, "都道府県コード": 34, "市区町村コード": 103, "所在地": "広島県広島市南区南蟹屋１－３－３４", "緯度": 34.39015, "経度": 132.484121, "url": "https://www.iryou.teikyouseido.mhlw.go.jp/znk-web/juminkanja/S2430/initialize?prefCd=34&kikanCd=2340309650&kikanKbn=2", "url2": null, "内容": "医療法人社団　岩崎内科医院【2:診療所】【診療科目:内科_循環器内科】広島県広島市南区南蟹屋１－３－３４" }, "geometry": { "type": "Point", "coordinates": [ 132.484121, 34.39015 ] } },
{ "type": "Feature", "properties": { "ID": 3422340310180, "正式名称": "医療法人社団　ちゃたに脳神経すいみんクリニック", "機関区分": 2, "都道府県コード": 34, "市区町村コード": 101, "所在地": "広島県広島市中区大手町５丁目７番３号　ビアビアンカマツオビル３階", "緯度": 34.383375, "経度": 132.451996, "url": "https://www.iryou.teikyouseido.mhlw.go.jp/znk-web/juminkanja/S2430/initialize?prefCd=34&kikanCd=2340310180&kikanKbn=2", "url2": "chatani-naika.com", "内容": "医療法人社団　ちゃたに脳神経すいみんクリニック【2:診療所】【診療科目:内科_脳神経内科】広島県広島市中区大手町５丁目７番３号　ビアビアンカマツオビル３階" }, "geometry": { "type": "Point", "coordinates": [ 132.451996, 34.383375 ] } },
{ "type": "Feature", "properties": { "ID": 3422340310470, "正式名称": "医療法人社団　仁井谷医院", "機関区分": 2, "都道府県コード": 34, "市区町村コード": 202, "所在地": "広島県呉市音戸町高須３－７－２", "緯度": 34.188061, "経度": 132.539793, "url": "https://www.iryou.teikyouseido.mhlw.go.jp/znk-web/juminkanja/S2430/initialize?prefCd=34&kikanCd=2340310470&kikanKbn=2", "url2": "http://www.niitani-iin.jp/", "内容": "医療法人社団　仁井谷医院【2:診療所】【診療科目:内科_外科_整形外科_形成外科_皮膚科_リハビリテーション科】広島県呉市音戸町高須３－７－２" }, "geometry": { "type": "Point", "coordinates": [ 132.539793, 34.188061 ] } },
{ "type": "Feature", "properties": { "ID": 3422340310630, "正式名称": "三上整形外科医院", "機関区分": 2, "都道府県コード": 34, "市区町村コード": 108, "所在地": "広島県広島市佐伯区八幡２－２５－２３", "緯度": 34.388842, "経度": 132.355827, "url": "https://www.iryou.teikyouseido.mhlw.go.jp/znk-web/juminkanja/S2430/initialize?prefCd=34&kikanCd=2340310630&kikanKbn=2", "url2": null, "内容": "三上整形外科医院【2:診療所】【診療科目:整形外科_リハビリテーション科】広島県広島市佐伯区八幡２－２５－２３" }, "geometry": { "type": "Point", "coordinates": [ 132.355827, 34.388842 ] } },
{ "type": "Feature", "properties": { "ID": 3422340310760, "正式名称": "平田内科小児科医院", "機関区分": 2, "都道府県コード": 34, "市区町村コード": 213, "所在地": "広島県廿日市市阿品台４丁目１番２６号", "緯度": 34.329285, "経度": 132.30864646772201, "url": "https://www.iryou.teikyouseido.mhlw.go.jp/znk-web/juminkanja/S2430/initialize?prefCd=34&kikanCd=2340310760&kikanKbn=2", "url2": "https://hiratamedical.com/", "内容": "平田内科小児科医院【2:診療所】【診療科目:内科_小児科_皮膚科_放射線科】広島県廿日市市阿品台４丁目１番２６号" }, "geometry": { "type": "Point", "coordinates": [ 132.308646467722014, 34.329285 ] } },
{ "type": "Feature", "properties": { "ID": 3422340311770, "正式名称": "藤田小児科医院", "機関区分": 2, "都道府県コード": 34, "市区町村コード": 307, "所在地": "広島県安芸郡熊野町萩原６丁目２６番４号", "緯度": 34.3419, "経度": 132.590062, "url": "https://www.iryou.teikyouseido.mhlw.go.jp/znk-web/juminkanja/S2430/initialize?prefCd=34&kikanCd=2340311770&kikanKbn=2", "url2": null, "内容": "藤田小児科医院【2:診療所】【診療科目:小児科】広島県安芸郡熊野町萩原６丁目２６番４号" }, "geometry": { "type": "Point", "coordinates": [ 132.590062, 34.3419 ] } },
{ "type": "Feature", "properties": { "ID": 3422340312490, "正式名称": "福原内科医院", "機関区分": 2, "都道府県コード": 34, "市区町村コード": 205, "所在地": "広島県尾道市新浜２－２－３", "緯度": 34.400918, "経度": 133.179674, "url": "https://www.iryou.teikyouseido.mhlw.go.jp/znk-web/juminkanja/S2430/initialize?prefCd=34&kikanCd=2340312490&kikanKbn=2", "url2": null, "内容": "福原内科医院【2:診療所】【診療科目:内科_循環器内科_心臓内科】広島県尾道市新浜２－２－３" }, "geometry": { "type": "Point", "coordinates": [ 133.179674, 34.400918 ] } },
{ "type": "Feature", "properties": { "ID": 3422340312650, "正式名称": "広畑内科・もり皮膚科", "機関区分": 2, "都道府県コード": 34, "市区町村コード": 207, "所在地": "広島県福山市横尾町１－２１－８", "緯度": 34.51868, "経度": 133.364542, "url": "https://www.iryou.teikyouseido.mhlw.go.jp/znk-web/juminkanja/S2430/initialize?prefCd=34&kikanCd=2340312650&kikanKbn=2", "url2": "http://www.h-m-cl.com/", "内容": "広畑内科・もり皮膚科【2:診療所】【診療科目:内科_消化器内科_皮膚科】広島県福山市横尾町１－２１－８" }, "geometry": { "type": "Point", "coordinates": [ 133.364542, 34.51868 ] } },
{ "type": "Feature", "properties": { "ID": 3422340312780, "正式名称": "北広島町八幡診療所", "機関区分": 2, "都道府県コード": 34, "市区町村コード": 369, "所在地": "広島県山県郡北広島町西八幡原１４５３－１３", "緯度": 34.708583, "経度": 132.172327, "url": "https://www.iryou.teikyouseido.mhlw.go.jp/znk-web/juminkanja/S2430/initialize?prefCd=34&kikanCd=2340312780&kikanKbn=2", "url2": null, "内容": "北広島町八幡診療所【2:診療所】【診療科目:内科】広島県山県郡北広島町西八幡原１４５３－１３" }, "geometry": { "type": "Point", "coordinates": [ 132.172327, 34.708583 ] } },
{ "type": "Feature", "properties": { "ID": 3422340313110, "正式名称": "「ゼノ」診療所", "機関区分": 2, "都道府県コード": 34, "市区町村コード": 207, "所在地": "広島県福山市沼隈町草深７２２３番地", "緯度": 34.392602, "経度": 133.33249, "url": "https://www.iryou.teikyouseido.mhlw.go.jp/znk-web/juminkanja/S2430/initialize?prefCd=34&kikanCd=2340313110&kikanKbn=2", "url2": null, "内容": "「ゼノ」診療所【2:診療所】【診療科目:内科_精神科_歯科】広島県福山市沼隈町草深７２２３番地" }, "geometry": { "type": "Point", "coordinates": [ 133.33249, 34.392602 ] } },
{ "type": "Feature", "properties": { "ID": 3422340313370, "正式名称": "医療法人社団博和会　得本医院", "機関区分": 2, "都道府県コード": 34, "市区町村コード": 205, "所在地": "広島県尾道市向島町５４５０番地", "緯度": 34.39644, "経度": 133.200367, "url": "https://www.iryou.teikyouseido.mhlw.go.jp/znk-web/juminkanja/S2430/initialize?prefCd=34&kikanCd=2340313370&kikanKbn=2", "url2": null, "内容": "医療法人社団博和会　得本医院【2:診療所】【診療科目:外科_整形外科_リウマチ科】広島県尾道市向島町５４５０番地" }, "geometry": { "type": "Point", "coordinates": [ 133.200367, 34.39644 ] } },
{ "type": "Feature", "properties": { "ID": 3422340313400, "正式名称": "医療法人　たがしら医院", "機関区分": 2, "都道府県コード": 34, "市区町村コード": 205, "所在地": "広島県尾道市美ノ郷町三成２６７５番地", "緯度": 34.449133, "経度": 133.195669, "url": "https://www.iryou.teikyouseido.mhlw.go.jp/znk-web/juminkanja/S2430/initialize?prefCd=34&kikanCd=2340313400&kikanKbn=2", "url2": null, "内容": "医療法人　たがしら医院【2:診療所】【診療科目:内科_循環器内科】広島県尾道市美ノ郷町三成２６７５番地" }, "geometry": { "type": "Point", "coordinates": [ 133.195669, 34.449133 ] } },
{ "type": "Feature", "properties": { "ID": 3422340313530, "正式名称": "大倉医院", "機関区分": 2, "都道府県コード": 34, "市区町村コード": 209, "所在地": "広島県三次市南畑敷町２２７－１", "緯度": 34.804807, "経度": 132.871959, "url": "https://www.iryou.teikyouseido.mhlw.go.jp/znk-web/juminkanja/S2430/initialize?prefCd=34&kikanCd=2340313530&kikanKbn=2", "url2": "http://tomomi-kai-med.com/", "内容": "大倉医院【2:診療所】【診療科目:内科_呼吸器内科_消化器内科_外科_肛門外科_整形外科_放射線科】広島県三次市南畑敷町２２７－１" }, "geometry": { "type": "Point", "coordinates": [ 132.871959, 34.804807 ] } },
{ "type": "Feature", "properties": { "ID": 3422340314830, "正式名称": "医療法人　宏慈会　桑原内科循環器科医院", "機関区分": 2, "都道府県コード": 34, "市区町村コード": 203, "所在地": "広島県竹原市中央二丁目２０番２５号", "緯度": 34.343482, "経度": 132.911495, "url": "https://www.iryou.teikyouseido.mhlw.go.jp/znk-web/juminkanja/S2430/initialize?prefCd=34&kikanCd=2340314830&kikanKbn=2", "url2": "https://www.kuwahara-naika.info/", "内容": "医療法人　宏慈会　桑原内科循環器科医院【2:診療所】【診療科目:内科】広島県竹原市中央二丁目２０番２５号" }, "geometry": { "type": "Point", "coordinates": [ 132.911495, 34.343482 ] } },
{ "type": "Feature", "properties": { "ID": 3422340315550, "正式名称": "医療法人　山科内科医院", "機関区分": 2, "都道府県コード": 34, "市区町村コード": 108, "所在地": "広島県広島市佐伯区八幡２丁目２６番２５号", "緯度": 34.387649, "経度": 132.35612, "url": "https://www.iryou.teikyouseido.mhlw.go.jp/znk-web/juminkanja/S2430/initialize?prefCd=34&kikanCd=2340315550&kikanKbn=2", "url2": null, "内容": "医療法人　山科内科医院【2:診療所】【診療科目:内科_呼吸器内科_循環器内科_消化器内科】広島県広島市佐伯区八幡２丁目２６番２５号" }, "geometry": { "type": "Point", "coordinates": [ 132.35612, 34.387649 ] } },
{ "type": "Feature", "properties": { "ID": 3422340316140, "正式名称": "川岡内科クリニック", "機関区分": 2, "都道府県コード": 34, "市区町村コード": 108, "所在地": "広島県広島市佐伯区海老園２－３－８", "緯度": 34.366484, "経度": 132.360911, "url": "https://www.iryou.teikyouseido.mhlw.go.jp/znk-web/juminkanja/S2430/initialize?prefCd=34&kikanCd=2340316140&kikanKbn=2", "url2": null, "内容": "川岡内科クリニック【2:診療所】【診療科目:内科_循環器内科_消化器内科】広島県広島市佐伯区海老園２－３－８" }, "geometry": { "type": "Point", "coordinates": [ 132.360911, 34.366484 ] } },
{ "type": "Feature", "properties": { "ID": 3422340316690, "正式名称": "瀬山備北内科", "機関区分": 2, "都道府県コード": 34, "市区町村コード": 209, "所在地": "広島県三次市十日市東四丁目３番７号", "緯度": 34.804684, "経度": 132.862013, "url": "https://www.iryou.teikyouseido.mhlw.go.jp/znk-web/juminkanja/S2430/initialize?prefCd=34&kikanCd=2340316690&kikanKbn=2", "url2": null, "内容": "瀬山備北内科【2:診療所】【診療科目:内科_皮膚科_アレルギー科】広島県三次市十日市東四丁目３番７号" }, "geometry": { "type": "Point", "coordinates": [ 132.862013, 34.804684 ] } },
{ "type": "Feature", "properties": { "ID": 3422340317020, "正式名称": "医療法人社団　回生会　永井医院", "機関区分": 2, "都道府県コード": 34, "市区町村コード": 205, "所在地": "広島県尾道市瀬戸田町瀬戸田３４９－７", "緯度": 34.303055, "経度": 133.085749, "url": "https://www.iryou.teikyouseido.mhlw.go.jp/znk-web/juminkanja/S2430/initialize?prefCd=34&kikanCd=2340317020&kikanKbn=2", "url2": null, "内容": "医療法人社団　回生会　永井医院【2:診療所】【診療科目:内科_外科】広島県尾道市瀬戸田町瀬戸田３４９－７" }, "geometry": { "type": "Point", "coordinates": [ 133.085749, 34.303055 ] } },
{ "type": "Feature", "properties": { "ID": 3422340317150, "正式名称": "医療法人社団　住幸会　弓場医院", "機関区分": 2, "都道府県コード": 34, "市区町村コード": 205, "所在地": "広島県尾道市因島土生町２０２３番５号", "緯度": 34.284312, "経度": 133.180596, "url": "https://www.iryou.teikyouseido.mhlw.go.jp/znk-web/juminkanja/S2430/initialize?prefCd=34&kikanCd=2340317150&kikanKbn=2", "url2": null, "内容": "医療法人社団　住幸会　弓場医院【2:診療所】【診療科目:内科_外科_胃腸外科_肛門外科_整形外科】広島県尾道市因島土生町２０２３番５号" }, "geometry": { "type": "Point", "coordinates": [ 133.180596, 34.284312 ] } },
{ "type": "Feature", "properties": { "ID": 3422340318030, "正式名称": "諫見内科眼科医院", "機関区分": 2, "都道府県コード": 34, "市区町村コード": 205, "所在地": "広島県尾道市久保１丁目２番４号", "緯度": 34.41091, "経度": 133.202866, "url": "https://www.iryou.teikyouseido.mhlw.go.jp/znk-web/juminkanja/S2430/initialize?prefCd=34&kikanCd=2340318030&kikanKbn=2", "url2": null, "内容": "諫見内科眼科医院【2:診療所】【診療科目:内科_呼吸器内科_循環器内科_消化器内科_眼科_皮膚科_放射線科】広島県尾道市久保１丁目２番４号" }, "geometry": { "type": "Point", "coordinates": [ 133.202866, 34.41091 ] } },
{ "type": "Feature", "properties": { "ID": 3422340318450, "正式名称": "医療法人社団　細田小児科医院", "機関区分": 2, "都道府県コード": 34, "市区町村コード": 302, "所在地": "広島県安芸郡府中町浜田１－１－２８", "緯度": 34.38842, "経度": 132.506819, "url": "https://www.iryou.teikyouseido.mhlw.go.jp/znk-web/juminkanja/S2430/initialize?prefCd=34&kikanCd=2340318450&kikanKbn=2", "url2": "http://www.hosoda-shonika.com/indexhtml", "内容": "医療法人社団　細田小児科医院【2:診療所】【診療科目:小児科】広島県安芸郡府中町浜田１－１－２８" }, "geometry": { "type": "Point", "coordinates": [ 132.506819, 34.38842 ] } },
{ "type": "Feature", "properties": { "ID": 3422340318580, "正式名称": "いぐち内科", "機関区分": 2, "都道府県コード": 34, "市区町村コード": 207, "所在地": "広島県福山市神辺町徳田８４６番地１号", "緯度": 34.550926, "経度": 133.371346, "url": "https://www.iryou.teikyouseido.mhlw.go.jp/znk-web/juminkanja/S2430/initialize?prefCd=34&kikanCd=2340318580&kikanKbn=2", "url2": null, "内容": "いぐち内科【2:診療所】【診療科目:内科_循環器内科_消化器内科】広島県福山市神辺町徳田８４６番地１号" }, "geometry": { "type": "Point", "coordinates": [ 133.371346, 34.550926 ] } },
{ "type": "Feature", "properties": { "ID": 3422340319200, "正式名称": "医療法人　わかば会　岩本内科医院", "機関区分": 2, "都道府県コード": 34, "市区町村コード": 103, "所在地": "広島県広島市南区宇品西２丁目７－３１", "緯度": 34.365735, "経度": 132.459875, "url": "https://www.iryou.teikyouseido.mhlw.go.jp/znk-web/juminkanja/S2430/initialize?prefCd=34&kikanCd=2340319200&kikanKbn=2", "url2": "http://iwamotoclinic.web.fc2.com/", "内容": "医療法人　わかば会　岩本内科医院【2:診療所】【診療科目:内科_呼吸器内科_循環器内科_消化器内科】広島県広島市南区宇品西２丁目７－３１" }, "geometry": { "type": "Point", "coordinates": [ 132.459875, 34.365735 ] } },
{ "type": "Feature", "properties": { "ID": 3422340319910, "正式名称": "槇殿放射線科", "機関区分": 2, "都道府県コード": 34, "市区町村コード": 103, "所在地": "広島県広島市南区猿猴橋町６番３１号", "緯度": 34.395399, "経度": 132.477927, "url": "https://www.iryou.teikyouseido.mhlw.go.jp/znk-web/juminkanja/S2430/initialize?prefCd=34&kikanCd=2340319910&kikanKbn=2", "url2": "http://nttbj.itp.ne.jp/0822618811/", "内容": "槇殿放射線科【2:診療所】【診療科目:内科_呼吸器内科_胃腸内科_放射線科】広島県広島市南区猿猴橋町６番３１号" }, "geometry": { "type": "Point", "coordinates": [ 132.477927, 34.395399 ] } },
{ "type": "Feature", "properties": { "ID": 3422340320310, "正式名称": "医療法人社団　大井医院", "機関区分": 2, "都道府県コード": 34, "市区町村コード": 215, "所在地": "広島県江田島市大柿町大原５９０８－２", "緯度": 34.171942, "経度": 132.457727, "url": "https://www.iryou.teikyouseido.mhlw.go.jp/znk-web/juminkanja/S2430/initialize?prefCd=34&kikanCd=2340320310&kikanKbn=2", "url2": null, "内容": "医療法人社団　大井医院【2:診療所】【診療科目:内科_循環器内科_小児科_皮膚科】広島県江田島市大柿町大原５９０８－２" }, "geometry": { "type": "Point", "coordinates": [ 132.457727, 34.171942 ] } },
{ "type": "Feature", "properties": { "ID": 3422340320730, "正式名称": "医療法人　中山整形外科医院", "機関区分": 2, "都道府県コード": 34, "市区町村コード": 102, "所在地": "広島県広島市東区中山東１丁目５－８", "緯度": 34.410231, "経度": 132.500703, "url": "https://www.iryou.teikyouseido.mhlw.go.jp/znk-web/juminkanja/S2430/initialize?prefCd=34&kikanCd=2340320730&kikanKbn=2", "url2": null, "内容": "医療法人　中山整形外科医院【2:診療所】【診療科目:整形外科_リウマチ科_リハビリテーション科】広島県広島市東区中山東１丁目５－８" }, "geometry": { "type": "Point", "coordinates": [ 132.500703, 34.410231 ] } },
{ "type": "Feature", "properties": { "ID": 3422340321160, "正式名称": "石原内科胃腸科", "機関区分": 2, "都道府県コード": 34, "市区町村コード": 207, "所在地": "広島県福山市幕山台１－２０－２０", "緯度": 34.51332, "経度": 133.434037, "url": "https://www.iryou.teikyouseido.mhlw.go.jp/znk-web/juminkanja/S2430/initialize?prefCd=34&kikanCd=2340321160&kikanKbn=2", "url2": null, "内容": "石原内科胃腸科【2:診療所】【診療科目:内科_胃腸内科】広島県福山市幕山台１－２０－２０" }, "geometry": { "type": "Point", "coordinates": [ 133.434037, 34.51332 ] } },
{ "type": "Feature", "properties": { "ID": 3422340321450, "正式名称": "高橋歯科・整形外科", "機関区分": 2, "都道府県コード": 34, "市区町村コード": 207, "所在地": "広島県福山市新涯町三丁目１－２６", "緯度": 34.462047, "経度": 133.387765, "url": "https://www.iryou.teikyouseido.mhlw.go.jp/znk-web/juminkanja/S2430/initialize?prefCd=34&kikanCd=2340321450&kikanKbn=2", "url2": "http://orthohigh.sakura.ne.jp/", "内容": "高橋歯科・整形外科【2:診療所】【診療科目:外科_肛門外科_整形外科_歯科_矯正歯科_歯科口腔外科_小児歯科_リハビリテーション科】広島県福山市新涯町三丁目１－２６" }, "geometry": { "type": "Point", "coordinates": [ 133.387765, 34.462047 ] } },
{ "type": "Feature", "properties": { "ID": 3422340321870, "正式名称": "三好医院", "機関区分": 2, "都道府県コード": 34, "市区町村コード": 101, "所在地": "広島県広島市中区東白島町１７番１号ロータリーマンション１階", "緯度": 34.404009, "経度": 132.46665, "url": "https://www.iryou.teikyouseido.mhlw.go.jp/znk-web/juminkanja/S2430/initialize?prefCd=34&kikanCd=2340321870&kikanKbn=2", "url2": null, "内容": "三好医院【2:診療所】【診療科目:内科_消化器内科_胃腸内科_外科】広島県広島市中区東白島町１７番１号ロータリーマンション１階" }, "geometry": { "type": "Point", "coordinates": [ 132.46665, 34.404009 ] } },
{ "type": "Feature", "properties": { "ID": 3422340321900, "正式名称": "医療法人社団俊幸会　中川外科胃腸科", "機関区分": 2, "都道府県コード": 34, "市区町村コード": 102, "所在地": "広島県広島市東区東蟹屋町１１番２３号", "緯度": 34.395933, "経度": 132.484054, "url": "https://www.iryou.teikyouseido.mhlw.go.jp/znk-web/juminkanja/S2430/initialize?prefCd=34&kikanCd=2340321900&kikanKbn=2", "url2": "http://www.nakagawageka.jp", "内容": "医療法人社団俊幸会　中川外科胃腸科【2:診療所】【診療科目:消化器内科_外科_肛門外科】広島県広島市東区東蟹屋町１１番２３号" }, "geometry": { "type": "Point", "coordinates": [ 132.484054, 34.395933 ] } },
{ "type": "Feature", "properties": { "ID": 3422340322330, "正式名称": "医療法人社団　平田耳鼻咽喉科", "機関区分": 2, "都道府県コード": 34, "市区町村コード": 207, "所在地": "広島県福山市曙町五丁目２１－５０", "緯度": 34.467547, "経度": 133.394931, "url": "https://www.iryou.teikyouseido.mhlw.go.jp/znk-web/juminkanja/S2430/initialize?prefCd=34&kikanCd=2340322330&kikanKbn=2", "url2": null, "内容": "医療法人社団　平田耳鼻咽喉科【2:診療所】【診療科目:小児耳鼻いんこう科_耳鼻いんこう科_耳鼻いんこう科系その他】広島県福山市曙町五丁目２１－５０" }, "geometry": { "type": "Point", "coordinates": [ 133.394931, 34.467547 ] } },
{ "type": "Feature", "properties": { "ID": 3422340322590, "正式名称": "さいとう小児科", "機関区分": 2, "都道府県コード": 34, "市区町村コード": 207, "所在地": "広島県福山市宝町５番２４号", "緯度": 34.489127, "経度": 133.366599, "url": "https://www.iryou.teikyouseido.mhlw.go.jp/znk-web/juminkanja/S2430/initialize?prefCd=34&kikanCd=2340322590&kikanKbn=2", "url2": "http://saito-cl.org/index.html", "内容": "さいとう小児科【2:診療所】【診療科目:小児科_アレルギー科】広島県福山市宝町５番２４号" }, "geometry": { "type": "Point", "coordinates": [ 133.366599, 34.489127 ] } },
{ "type": "Feature", "properties": { "ID": 3422340322880, "正式名称": "医療法人社団　小田クリニック", "機関区分": 2, "都道府県コード": 34, "市区町村コード": 101, "所在地": "広島県広島市中区鉄砲町６－１１", "緯度": 34.395482, "経度": 132.464651, "url": "https://www.iryou.teikyouseido.mhlw.go.jp/znk-web/juminkanja/S2430/initialize?prefCd=34&kikanCd=2340322880&kikanKbn=2", "url2": "http://itp.ne.jp/info/0822232353/index.html", "内容": "医療法人社団　小田クリニック【2:診療所】【診療科目:内科_精神科_心療内科】広島県広島市中区鉄砲町６－１１" }, "geometry": { "type": "Point", "coordinates": [ 132.464651, 34.395482 ] } },
{ "type": "Feature", "properties": { "ID": 3422340323180, "正式名称": "医療法人　ケーエスワイ　立町クリニック", "機関区分": 2, "都道府県コード": 34, "市区町村コード": 101, "所在地": "広島県広島市中区立町２－２　立町中央ビル　６Ｆ", "緯度": 34.394149, "経度": 132.461068, "url": "https://www.iryou.teikyouseido.mhlw.go.jp/znk-web/juminkanja/S2430/initialize?prefCd=34&kikanCd=2340323180&kikanKbn=2", "url2": "http://tatemachi-clinic.jp/", "内容": "医療法人　ケーエスワイ　立町クリニック【2:診療所】【診療科目:内科_精神科_神経科_心療内科】広島県広島市中区立町２－２　立町中央ビル　６Ｆ" }, "geometry": { "type": "Point", "coordinates": [ 132.461068, 34.394149 ] } },
{ "type": "Feature", "properties": { "ID": 3422340323500, "正式名称": "医療法人社団　ハイマート眼科クリニック", "機関区分": 2, "都道府県コード": 34, "市区町村コード": 101, "所在地": "広島県広島市中区三川町３番１６号　ハイマートビル３階", "緯度": 34.391077, "経度": 132.46139, "url": "https://www.iryou.teikyouseido.mhlw.go.jp/znk-web/juminkanja/S2430/initialize?prefCd=34&kikanCd=2340323500&kikanKbn=2", "url2": "http://www.heimat-eyeclinic.com", "内容": "医療法人社団　ハイマート眼科クリニック【2:診療所】【診療科目:眼科】広島県広島市中区三川町３番１６号　ハイマートビル３階" }, "geometry": { "type": "Point", "coordinates": [ 132.46139, 34.391077 ] } },
{ "type": "Feature", "properties": { "ID": 3422340323890, "正式名称": "瀬戸ハイム内科", "機関区分": 2, "都道府県コード": 34, "市区町村コード": 302, "所在地": "広島県安芸郡府中町瀬戸ハイム１丁目２番２４号", "緯度": 34.393511, "経度": 132.51598, "url": "https://www.iryou.teikyouseido.mhlw.go.jp/znk-web/juminkanja/S2430/initialize?prefCd=34&kikanCd=2340323890&kikanKbn=2", "url2": "http://www.seto816.com/home/", "内容": "瀬戸ハイム内科【2:診療所】【診療科目:内科】広島県安芸郡府中町瀬戸ハイム１丁目２番２４号" }, "geometry": { "type": "Point", "coordinates": [ 132.51598, 34.393511 ] } },
{ "type": "Feature", "properties": { "ID": 3422340324190, "正式名称": "土橋内科医院", "機関区分": 2, "都道府県コード": 34, "市区町村コード": 205, "所在地": "広島県尾道市美ノ郷町三成１０６５－１", "緯度": 34.451239, "経度": 133.193254, "url": "https://www.iryou.teikyouseido.mhlw.go.jp/znk-web/juminkanja/S2430/initialize?prefCd=34&kikanCd=2340324190&kikanKbn=2", "url2": "http://www.seisaikai.or.jp", "内容": "土橋内科医院【2:診療所】【診療科目:内科_呼吸器内科_循環器内科_消化器内科_胃腸内科】広島県尾道市美ノ郷町三成１０６５－１" }, "geometry": { "type": "Point", "coordinates": [ 133.193254, 34.451239 ] } },
{ "type": "Feature", "properties": { "ID": 3422340324480, "正式名称": "松村循環器・外科医院", "機関区分": 2, "都道府県コード": 34, "市区町村コード": 108, "所在地": "広島県広島市佐伯区楽々園２丁目２－１９", "緯度": 34.363847, "経度": 132.350222, "url": "https://www.iryou.teikyouseido.mhlw.go.jp/znk-web/juminkanja/S2430/initialize?prefCd=34&kikanCd=2340324480&kikanKbn=2", "url2": "http://www.matsumura-cc.jp/", "内容": "松村循環器・外科医院【2:診療所】【診療科目:内科_呼吸器内科_循環器内科_消化器内科_外科】広島県広島市佐伯区楽々園２丁目２－１９" }, "geometry": { "type": "Point", "coordinates": [ 132.350222, 34.363847 ] } },
{ "type": "Feature", "properties": { "ID": 3422340324770, "正式名称": "医療法人　小園内科・循環器科", "機関区分": 2, "都道府県コード": 34, "市区町村コード": 204, "所在地": "広島県三原市城町二丁目２－１　第２勝原ビル２Ｆ", "緯度": 34.400187, "経度": 133.085932, "url": "https://www.iryou.teikyouseido.mhlw.go.jp/znk-web/juminkanja/S2430/initialize?prefCd=34&kikanCd=2340324770&kikanKbn=2", "url2": "https://www.ozono-naika.com/", "内容": "医療法人　小園内科・循環器科【2:診療所】【診療科目:内科_呼吸器内科_循環器内科】広島県三原市城町二丁目２－１　第２勝原ビル２Ｆ" }, "geometry": { "type": "Point", "coordinates": [ 133.085932, 34.400187 ] } },
{ "type": "Feature", "properties": { "ID": 3422340325520, "正式名称": "医療法人　篠原医院", "機関区分": 2, "都道府県コード": 34, "市区町村コード": 104, "所在地": "広島県広島市西区井口３丁目６－３５", "緯度": 34.369678, "経度": 132.37627, "url": "https://www.iryou.teikyouseido.mhlw.go.jp/znk-web/juminkanja/S2430/initialize?prefCd=34&kikanCd=2340325520&kikanKbn=2", "url2": "www.shinohara-iin.net/", "内容": "医療法人　篠原医院【2:診療所】【診療科目:内科_循環器内科_消化器内科_肝臓内科】広島県広島市西区井口３丁目６－３５" }, "geometry": { "type": "Point", "coordinates": [ 132.37627, 34.369678 ] } },
{ "type": "Feature", "properties": { "ID": 3422340325780, "正式名称": "大瀬戸内科医院", "機関区分": 2, "都道府県コード": 34, "市区町村コード": 307, "所在地": "広島県安芸郡熊野町出来庭２丁目１８番１１号", "緯度": 34.332436, "経度": 132.575005, "url": "https://www.iryou.teikyouseido.mhlw.go.jp/znk-web/juminkanja/S2430/initialize?prefCd=34&kikanCd=2340325780&kikanKbn=2", "url2": null, "内容": "大瀬戸内科医院【2:診療所】【診療科目:内科_小児科】広島県安芸郡熊野町出来庭２丁目１８番１１号" }, "geometry": { "type": "Point", "coordinates": [ 132.575005, 34.332436 ] } },
{ "type": "Feature", "properties": { "ID": 3422340325940, "正式名称": "山田整形外科医院", "機関区分": 2, "都道府県コード": 34, "市区町村コード": 209, "所在地": "広島県三次市十日市西６－６－１０", "緯度": 34.80314, "経度": 132.844128, "url": "https://www.iryou.teikyouseido.mhlw.go.jp/znk-web/juminkanja/S2430/initialize?prefCd=34&kikanCd=2340325940&kikanKbn=2", "url2": null, "内容": "山田整形外科医院【2:診療所】【診療科目:整形外科_リハビリテーション科】広島県三次市十日市西６－６－１０" }, "geometry": { "type": "Point", "coordinates": [ 132.844128, 34.80314 ] } },
{ "type": "Feature", "properties": { "ID": 3422340326660, "正式名称": "平野内科医院", "機関区分": 2, "都道府県コード": 34, "市区町村コード": 106, "所在地": "広島県広島市安佐北区口田南７－１２－３１", "緯度": 34.461225, "経度": 132.497413, "url": "https://www.iryou.teikyouseido.mhlw.go.jp/znk-web/juminkanja/S2430/initialize?prefCd=34&kikanCd=2340326660&kikanKbn=2", "url2": null, "内容": "平野内科医院【2:診療所】【診療科目:内科_循環器内科_小児科】広島県広島市安佐北区口田南７－１２－３１" }, "geometry": { "type": "Point", "coordinates": [ 132.497413, 34.461225 ] } },
{ "type": "Feature", "properties": { "ID": 3422340326820, "正式名称": "馬場眼科", "機関区分": 2, "都道府県コード": 34, "市区町村コード": 105, "所在地": "広島県広島市安佐南区相田１丁目１０番１７号", "緯度": 34.471502, "経度": 132.455842, "url": "https://www.iryou.teikyouseido.mhlw.go.jp/znk-web/juminkanja/S2430/initialize?prefCd=34&kikanCd=2340326820&kikanKbn=2", "url2": null, "内容": "馬場眼科【2:診療所】【診療科目:眼科】広島県広島市安佐南区相田１丁目１０番１７号" }, "geometry": { "type": "Point", "coordinates": [ 132.455842, 34.471502 ] } },
{ "type": "Feature", "properties": { "ID": 3422340327090, "正式名称": "深江長坂医院", "機関区分": 2, "都道府県コード": 34, "市区町村コード": 215, "所在地": "広島県江田島市大柿町深江９６３－１", "緯度": 34.1711, "経度": 132.454164, "url": "https://www.iryou.teikyouseido.mhlw.go.jp/znk-web/juminkanja/S2430/initialize?prefCd=34&kikanCd=2340327090&kikanKbn=2", "url2": null, "内容": "深江長坂医院【2:診療所】【診療科目:内科_呼吸器内科_循環器内科_小児科_耳鼻いんこう科_皮膚科】広島県江田島市大柿町深江９６３－１" }, "geometry": { "type": "Point", "coordinates": [ 132.454164, 34.1711 ] } },
{ "type": "Feature", "properties": { "ID": 3422340327380, "正式名称": "津田内科医院", "機関区分": 2, "都道府県コード": 34, "市区町村コード": 101, "所在地": "広島県広島市中区昭和町１１番２６号", "緯度": 34.382512, "経度": 132.46354, "url": "https://www.iryou.teikyouseido.mhlw.go.jp/znk-web/juminkanja/S2430/initialize?prefCd=34&kikanCd=2340327380&kikanKbn=2", "url2": null, "内容": "津田内科医院【2:診療所】【診療科目:内科_内分泌内科_糖尿病・内分泌内科_呼吸器内科_老年・呼吸器内科_循環器内科_消化器内科_胃腸内科_老年内科_老年精神科_放射線科】広島県広島市中区昭和町１１番２６号" }, "geometry": { "type": "Point", "coordinates": [ 132.46354, 34.382512 ] } },
{ "type": "Feature", "properties": { "ID": 3422340327700, "正式名称": "松本内科医院", "機関区分": 2, "都道府県コード": 34, "市区町村コード": 202, "所在地": "広島県呉市本通５丁目５番９号", "緯度": 34.250389, "経度": 132.571621, "url": "https://www.iryou.teikyouseido.mhlw.go.jp/znk-web/juminkanja/S2430/initialize?prefCd=34&kikanCd=2340327700&kikanKbn=2", "url2": "http://www.naika-matsumoto.com", "内容": "松本内科医院【2:診療所】【診療科目:内科_糖尿病内科_代謝内科_脂質代謝内科_呼吸器内科_循環器内科_消化器内科】広島県呉市本通５丁目５番９号" }, "geometry": { "type": "Point", "coordinates": [ 132.571621, 34.250389 ] } },
{ "type": "Feature", "properties": { "ID": 3422340328130, "正式名称": "三次市国民健康保険作木診療所", "機関区分": 2, "都道府県コード": 34, "市区町村コード": 209, "所在地": "広島県三次市作木町下作木１５０３番地", "緯度": 34.879518, "経度": 132.709497, "url": "https://www.iryou.teikyouseido.mhlw.go.jp/znk-web/juminkanja/S2430/initialize?prefCd=34&kikanCd=2340328130&kikanKbn=2", "url2": "https://www.city.miyoshi.hiroshima.jp/map/7665.html", "内容": "三次市国民健康保険作木診療所【2:診療所】【診療科目:内科_小児科】広島県三次市作木町下作木１５０３番地" }, "geometry": { "type": "Point", "coordinates": [ 132.709497, 34.879518 ] } },
{ "type": "Feature", "properties": { "ID": 3422340328680, "正式名称": "医療法人社団　ひらた眼科", "機関区分": 2, "都道府県コード": 34, "市区町村コード": 103, "所在地": "広島県広島市南区宇品御幸二丁目１６－５", "緯度": 34.365097, "経度": 132.462476, "url": "https://www.iryou.teikyouseido.mhlw.go.jp/znk-web/juminkanja/S2430/initialize?prefCd=34&kikanCd=2340328680&kikanKbn=2", "url2": "http://www.hirata-eyeclinic.jp/", "内容": "医療法人社団　ひらた眼科【2:診療所】【診療科目:眼科】広島県広島市南区宇品御幸二丁目１６－５" }, "geometry": { "type": "Point", "coordinates": [ 132.462476, 34.365097 ] } },
{ "type": "Feature", "properties": { "ID": 3422340328710, "正式名称": "医療法人社団　緑雨会　高陽第一診療所", "機関区分": 2, "都道府県コード": 34, "市区町村コード": 106, "所在地": "広島県広島市安佐北区落合１丁目１４番９号", "緯度": 34.472475, "経度": 132.510643, "url": "https://www.iryou.teikyouseido.mhlw.go.jp/znk-web/juminkanja/S2430/initialize?prefCd=34&kikanCd=2340328710&kikanKbn=2", "url2": "http://www.koyodaiichi.jp", "内容": "医療法人社団　緑雨会　高陽第一診療所【2:診療所】【診療科目:内科_神経内科_小児科_リハビリテーション科】広島県広島市安佐北区落合１丁目１４番９号" }, "geometry": { "type": "Point", "coordinates": [ 132.510643, 34.472475 ] } },
{ "type": "Feature", "properties": { "ID": 3422340328970, "正式名称": "医療法人　サカもみの木会　サカ整形外科", "機関区分": 2, "都道府県コード": 34, "市区町村コード": 106, "所在地": "広島県広島市安佐北区亀山７丁目５番１１号", "緯度": 34.527442, "経度": 132.493053, "url": "https://www.iryou.teikyouseido.mhlw.go.jp/znk-web/juminkanja/S2430/initialize?prefCd=34&kikanCd=2340328970&kikanKbn=2", "url2": null, "内容": "医療法人　サカもみの木会　サカ整形外科【2:診療所】【診療科目:整形外科_リウマチ科_リハビリテーション科】広島県広島市安佐北区亀山７丁目５番１１号" }, "geometry": { "type": "Point", "coordinates": [ 132.493053, 34.527442 ] } },
{ "type": "Feature", "properties": { "ID": 3422340329010, "正式名称": "医療法人社団　原田クリニック", "機関区分": 2, "都道府県コード": 34, "市区町村コード": 101, "所在地": "広島県広島市中区三川町２－８　井手ビル３階", "緯度": 34.390278, "経度": 132.462138, "url": "https://www.iryou.teikyouseido.mhlw.go.jp/znk-web/juminkanja/S2430/initialize?prefCd=34&kikanCd=2340329010&kikanKbn=2", "url2": null, "内容": "医療法人社団　原田クリニック【2:診療所】【診療科目:内科_感染症内科_代謝内科_内分泌内科_糖尿病・内分泌内科_糖尿病・代謝内科_脳神経内科_アレルギー疾患内科_脳神経外科_アレルギー科_リハビリテーション科】広島県広島市中区三川町２－８　井手ビル３階" }, "geometry": { "type": "Point", "coordinates": [ 132.462138, 34.390278 ] } },
{ "type": "Feature", "properties": { "ID": 3422340329270, "正式名称": "あさお医院", "機関区分": 2, "都道府県コード": 34, "市区町村コード": 101, "所在地": "広島県広島市中区江波南１丁目７番１７号", "緯度": 34.367068, "経度": 132.43396, "url": "https://www.iryou.teikyouseido.mhlw.go.jp/znk-web/juminkanja/S2430/initialize?prefCd=34&kikanCd=2340329270&kikanKbn=2", "url2": null, "内容": "あさお医院【2:診療所】【診療科目:内科_小児科】広島県広島市中区江波南１丁目７番１７号" }, "geometry": { "type": "Point", "coordinates": [ 132.43396, 34.367068 ] } },
{ "type": "Feature", "properties": { "ID": 3422340330540, "正式名称": "医療法人　晴生会　西山整形外科・胃腸科", "機関区分": 2, "都道府県コード": 34, "市区町村コード": 106, "所在地": "広島県広島市安佐北区白木町秋山２３２５－１", "緯度": 34.518276, "経度": 132.507808, "url": "https://www.iryou.teikyouseido.mhlw.go.jp/znk-web/juminkanja/S2430/initialize?prefCd=34&kikanCd=2340330540&kikanKbn=2", "url2": "http://nishiyama-seikei.net/", "内容": "医療法人　晴生会　西山整形外科・胃腸科【2:診療所】【診療科目:内科_胃腸内科_整形外科_リウマチ科_リハビリテーション科】広島県広島市安佐北区白木町秋山２３２５－１" }, "geometry": { "type": "Point", "coordinates": [ 132.507808, 34.518276 ] } },
{ "type": "Feature", "properties": { "ID": 3422340330670, "正式名称": "医療法人社団　光会　中野内科医院", "機関区分": 2, "都道府県コード": 34, "市区町村コード": 106, "所在地": "広島県広島市安佐北区亀山７－１－６", "緯度": 34.525941, "経度": 132.493976, "url": "https://www.iryou.teikyouseido.mhlw.go.jp/znk-web/juminkanja/S2430/initialize?prefCd=34&kikanCd=2340330670&kikanKbn=2", "url2": null, "内容": "医療法人社団　光会　中野内科医院【2:診療所】【診療科目:内科_呼吸器内科_循環器内科_消化器内科】広島県広島市安佐北区亀山７－１－６" }, "geometry": { "type": "Point", "coordinates": [ 132.493976, 34.525941 ] } },
{ "type": "Feature", "properties": { "ID": 3422340333150, "正式名称": "医療法人社団　細木小児科", "機関区分": 2, "都道府県コード": 34, "市区町村コード": 207, "所在地": "広島県福山市港町２丁目１１－１", "緯度": 34.484045, "経度": 133.38157, "url": "https://www.iryou.teikyouseido.mhlw.go.jp/znk-web/juminkanja/S2430/initialize?prefCd=34&kikanCd=2340333150&kikanKbn=2", "url2": "http://hosogi-pediatric.clinic/", "内容": "医療法人社団　細木小児科【2:診療所】【診療科目:小児科】広島県福山市港町２丁目１１－１" }, "geometry": { "type": "Point", "coordinates": [ 133.38157, 34.484045 ] } },
{ "type": "Feature", "properties": { "ID": 3422340333280, "正式名称": "徳永医院", "機関区分": 2, "都道府県コード": 34, "市区町村コード": 214, "所在地": "広島県安芸高田市甲田町高田原１４１９－１", "緯度": 34.697085, "経度": 132.756511, "url": "https://www.iryou.teikyouseido.mhlw.go.jp/znk-web/juminkanja/S2430/initialize?prefCd=34&kikanCd=2340333280&kikanKbn=2", "url2": null, "内容": "徳永医院【2:診療所】【診療科目:内科_外科_整形外科_小児科_リハビリテーション科】広島県安芸高田市甲田町高田原１４１９－１" }, "geometry": { "type": "Point", "coordinates": [ 132.756511, 34.697085 ] } },
{ "type": "Feature", "properties": { "ID": 3422340333570, "正式名称": "藤井脳神経外科", "機関区分": 2, "都道府県コード": 34, "市区町村コード": 212, "所在地": "広島県東広島市西条町馬木２４５番地", "緯度": 34.358243, "経度": 132.720297, "url": "https://www.iryou.teikyouseido.mhlw.go.jp/znk-web/juminkanja/S2430/initialize?prefCd=34&kikanCd=2340333570&kikanKbn=2", "url2": "fujii-brain.jp", "内容": "藤井脳神経外科【2:診療所】【診療科目:神経内科_脳神経外科】広島県東広島市西条町馬木２４５番地" }, "geometry": { "type": "Point", "coordinates": [ 132.720297, 34.358243 ] } },
{ "type": "Feature", "properties": { "ID": 3422340333600, "正式名称": "よしはら内科外科リハビリテーションクリニック", "機関区分": 2, "都道府県コード": 34, "市区町村コード": 205, "所在地": "広島県尾道市向東町８６８１－１", "緯度": 34.399735, "経度": 133.221174, "url": "https://www.iryou.teikyouseido.mhlw.go.jp/znk-web/juminkanja/S2430/initialize?prefCd=34&kikanCd=2340333600&kikanKbn=2", "url2": "https://www.yoshiharamedicalgroup.com/", "内容": "よしはら内科外科リハビリテーションクリニック【2:診療所】【診療科目:内科_呼吸器内科_循環器内科_消化器内科_神経内科_外科_肛門外科_整形外科_リハビリテーション科_放射線科】広島県尾道市向東町８６８１－１" }, "geometry": { "type": "Point", "coordinates": [ 133.221174, 34.399735 ] } },
{ "type": "Feature", "properties": { "ID": 3422340333730, "正式名称": "日傳医院", "機関区分": 2, "都道府県コード": 34, "市区町村コード": 210, "所在地": "広島県庄原市東城町川西４９３－１", "緯度": 34.901248, "経度": 133.26981, "url": "https://www.iryou.teikyouseido.mhlw.go.jp/znk-web/juminkanja/S2430/initialize?prefCd=34&kikanCd=2340333730&kikanKbn=2", "url2": null, "内容": "日傳医院【2:診療所】【診療科目:内科_消化器内科_外科_小児科】広島県庄原市東城町川西４９３－１" }, "geometry": { "type": "Point", "coordinates": [ 133.26981, 34.901248 ] } },
{ "type": "Feature", "properties": { "ID": 3422340333990, "正式名称": "小林内科医院", "機関区分": 2, "都道府県コード": 34, "市区町村コード": 106, "所在地": "広島県広島市安佐北区可部３丁目１７番１８号", "緯度": 34.520025, "経度": 132.513863, "url": "https://www.iryou.teikyouseido.mhlw.go.jp/znk-web/juminkanja/S2430/initialize?prefCd=34&kikanCd=2340333990&kikanKbn=2", "url2": "https://kobayashi-naika.org/index.html", "内容": "小林内科医院【2:診療所】【診療科目:内科_消化器内科】広島県広島市安佐北区可部３丁目１７番１８号" }, "geometry": { "type": "Point", "coordinates": [ 132.513863, 34.520025 ] } },
{ "type": "Feature", "properties": { "ID": 3422340334030, "正式名称": "医療法人ちゃたに胃腸科外科", "機関区分": 2, "都道府県コード": 34, "市区町村コード": 101, "所在地": "広島県広島市中区榎町３－２４", "緯度": 34.397815, "経度": 132.443902, "url": "https://www.iryou.teikyouseido.mhlw.go.jp/znk-web/juminkanja/S2430/initialize?prefCd=34&kikanCd=2340334030&kikanKbn=2", "url2": "http://www.chatani-cl.com/", "内容": "医療法人ちゃたに胃腸科外科【2:診療所】【診療科目:内科_消化器内科_胃腸内科_外科_肛門外科_整形外科_リハビリテーション科_放射線科】広島県広島市中区榎町３－２４" }, "geometry": { "type": "Point", "coordinates": [ 132.443902, 34.397815 ] } },
{ "type": "Feature", "properties": { "ID": 3422340334580, "正式名称": "医療法人社団　いぶき小児科", "機関区分": 2, "都道府県コード": 34, "市区町村コード": 207, "所在地": "広島県福山市城見町１丁目３－３", "緯度": 34.490566, "経度": 133.365432, "url": "https://www.iryou.teikyouseido.mhlw.go.jp/znk-web/juminkanja/S2430/initialize?prefCd=34&kikanCd=2340334580&kikanKbn=2", "url2": "http://www.fukuyama.hiroshima.med.or.jp/kaiinhp/ibuki/", "内容": "医療法人社団　いぶき小児科【2:診療所】【診療科目:小児科_アレルギー科】広島県福山市城見町１丁目３－３" }, "geometry": { "type": "Point", "coordinates": [ 133.365432, 34.490566 ] } },
{ "type": "Feature", "properties": { "ID": 3422340334610, "正式名称": "医療法人社団平井外科胃腸科医院", "機関区分": 2, "都道府県コード": 34, "市区町村コード": 207, "所在地": "広島県福山市御幸町下岩成６４９－５", "緯度": 34.539316, "経度": 133.345821, "url": "https://www.iryou.teikyouseido.mhlw.go.jp/znk-web/juminkanja/S2430/initialize?prefCd=34&kikanCd=2340334610&kikanKbn=2", "url2": "https://www.hirai.or.jp/", "内容": "医療法人社団平井外科胃腸科医院【2:診療所】【診療科目:内科_消化器内科_肝臓内科_漢方内科_外科_肛門外科_整形外科】広島県福山市御幸町下岩成６４９－５" }, "geometry": { "type": "Point", "coordinates": [ 133.345821, 34.539316 ] } },
{ "type": "Feature", "properties": { "ID": 3422340334870, "正式名称": "くぼファミリークリニック", "機関区分": 2, "都道府県コード": 34, "市区町村コード": 202, "所在地": "広島県呉市海岸１丁目３番４号", "緯度": 34.244444, "経度": 132.549456, "url": "https://www.iryou.teikyouseido.mhlw.go.jp/znk-web/juminkanja/S2430/initialize?prefCd=34&kikanCd=2340334870&kikanKbn=2", "url2": null, "内容": "くぼファミリークリニック【2:診療所】【診療科目:内科_外科_整形外科】広島県呉市海岸１丁目３番４号" }, "geometry": { "type": "Point", "coordinates": [ 132.549456, 34.244444 ] } },
{ "type": "Feature", "properties": { "ID": 3422340335170, "正式名称": "中村内科医院", "機関区分": 2, "都道府県コード": 34, "市区町村コード": 108, "所在地": "広島県広島市佐伯区美鈴が丘西一丁目１番１号", "緯度": 34.394231, "経度": 132.384657, "url": "https://www.iryou.teikyouseido.mhlw.go.jp/znk-web/juminkanja/S2430/initialize?prefCd=34&kikanCd=2340335170&kikanKbn=2", "url2": "http://www.nakamura-naika.biz", "内容": "中村内科医院【2:診療所】【診療科目:内科_糖尿病内科_呼吸器内科_消化器内科_整形外科_リハビリテーション科】広島県広島市佐伯区美鈴が丘西一丁目１番１号" }, "geometry": { "type": "Point", "coordinates": [ 132.384657, 34.394231 ] } },
{ "type": "Feature", "properties": { "ID": 3422340335200, "正式名称": "クリニック長坂", "機関区分": 2, "都道府県コード": 34, "市区町村コード": 205, "所在地": "広島県尾道市久保１丁目１３番１４号", "緯度": 34.409966, "経度": 133.20545, "url": "https://www.iryou.teikyouseido.mhlw.go.jp/znk-web/juminkanja/S2430/initialize?prefCd=34&kikanCd=2340335200&kikanKbn=2", "url2": null, "内容": "クリニック長坂【2:診療所】【診療科目:内科】広島県尾道市久保１丁目１３番１４号" }, "geometry": { "type": "Point", "coordinates": [ 133.20545, 34.409966 ] } },
{ "type": "Feature", "properties": { "ID": 3422340335330, "正式名称": "医療法人社団杏善会　初鹿内科胃腸科医院", "機関区分": 2, "都道府県コード": 34, "市区町村コード": 204, "所在地": "広島県三原市中之町１丁目２１－１０", "緯度": 34.40652, "経度": 133.091376, "url": "https://www.iryou.teikyouseido.mhlw.go.jp/znk-web/juminkanja/S2430/initialize?prefCd=34&kikanCd=2340335330&kikanKbn=2", "url2": null, "内容": "医療法人社団杏善会　初鹿内科胃腸科医院【2:診療所】【診療科目:内科_消化器内科_胃腸内科】広島県三原市中之町１丁目２１－１０" }, "geometry": { "type": "Point", "coordinates": [ 133.091376, 34.40652 ] } },
{ "type": "Feature", "properties": { "ID": 3422340335460, "正式名称": "細川医院", "機関区分": 2, "都道府県コード": 34, "市区町村コード": 210, "所在地": "広島県庄原市東城町東城１３３番地１号", "緯度": 34.898721, "経度": 133.269144, "url": "https://www.iryou.teikyouseido.mhlw.go.jp/znk-web/juminkanja/S2430/initialize?prefCd=34&kikanCd=2340335460&kikanKbn=2", "url2": null, "内容": "細川医院【2:診療所】【診療科目:内科_皮膚科_美容皮膚科】広島県庄原市東城町東城１３３番地１号" }, "geometry": { "type": "Point", "coordinates": [ 133.269144, 34.898721 ] } },
{ "type": "Feature", "properties": { "ID": 3422340337220, "正式名称": "医療法人社団　石井クリニック", "機関区分": 2, "都道府県コード": 34, "市区町村コード": 202, "所在地": "広島県呉市音戸町南隠渡１－５－１４", "緯度": 34.188395, "経度": 132.532988, "url": "https://www.iryou.teikyouseido.mhlw.go.jp/znk-web/juminkanja/S2430/initialize?prefCd=34&kikanCd=2340337220&kikanKbn=2", "url2": "https;//www.ishiiclinic-ondo.com", "内容": "医療法人社団　石井クリニック【2:診療所】【診療科目:内科_心臓血管内科_消化器内科_外科_整形外科_皮膚科_リハビリテーション科】広島県呉市音戸町南隠渡１－５－１４" }, "geometry": { "type": "Point", "coordinates": [ 132.532988, 34.188395 ] } },
{ "type": "Feature", "properties": { "ID": 3422340337350, "正式名称": "医療法人　秋本クリニック", "機関区分": 2, "都道府県コード": 34, "市区町村コード": 304, "所在地": "広島県安芸郡海田町稲荷町３番３４号", "緯度": 34.374236, "経度": 132.532257, "url": "https://www.iryou.teikyouseido.mhlw.go.jp/znk-web/juminkanja/S2430/initialize?prefCd=34&kikanCd=2340337350&kikanKbn=2", "url2": "https://akimoto-clinic-k.com/", "内容": "医療法人　秋本クリニック【2:診療所】【診療科目:内科_外科_乳腺外科】広島県安芸郡海田町稲荷町３番３４号" }, "geometry": { "type": "Point", "coordinates": [ 132.532257, 34.374236 ] } },
{ "type": "Feature", "properties": { "ID": 3422340337930, "正式名称": "医療法人社団　小池消化器科外科内科", "機関区分": 2, "都道府県コード": 34, "市区町村コード": 104, "所在地": "広島県広島市西区草津新町１丁目１７－１９", "緯度": 34.376681, "経度": 132.399801, "url": "https://www.iryou.teikyouseido.mhlw.go.jp/znk-web/juminkanja/S2430/initialize?prefCd=34&kikanCd=2340337930&kikanKbn=2", "url2": null, "内容": "医療法人社団　小池消化器科外科内科【2:診療所】【診療科目:内科_消化器内科_漢方内科_内視鏡内科_外科_消化器外科_肛門外科】広島県広島市西区草津新町１丁目１７－１９" }, "geometry": { "type": "Point", "coordinates": [ 132.399801, 34.376681 ] } },
{ "type": "Feature", "properties": { "ID": 3422340338070, "正式名称": "眼科日山医院", "機関区分": 2, "都道府県コード": 34, "市区町村コード": 212, "所在地": "広島県東広島市西条町西条東１２４３－４", "緯度": 34.426143, "経度": 132.73933, "url": "https://www.iryou.teikyouseido.mhlw.go.jp/znk-web/juminkanja/S2430/initialize?prefCd=34&kikanCd=2340338070&kikanKbn=2", "url2": "https://airrsv.net/hiyama-eye-clinic/calendar", "内容": "眼科日山医院【2:診療所】【診療科目:眼科】広島県東広島市西条町西条東１２４３－４" }, "geometry": { "type": "Point", "coordinates": [ 132.73933, 34.426143 ] } },
{ "type": "Feature", "properties": { "ID": 3422340339370, "正式名称": "医療法人社団　久保田内科クリニック", "機関区分": 2, "都道府県コード": 34, "市区町村コード": 104, "所在地": "広島県広島市西区井口台２丁目　２３－３２", "緯度": 34.37782, "経度": 132.379084, "url": "https://www.iryou.teikyouseido.mhlw.go.jp/znk-web/juminkanja/S2430/initialize?prefCd=34&kikanCd=2340339370&kikanKbn=2", "url2": null, "内容": "医療法人社団　久保田内科クリニック【2:診療所】【診療科目:内科_循環器内科_消化器内科_胃腸内科_小児科】広島県広島市西区井口台２丁目　２３－３２" }, "geometry": { "type": "Point", "coordinates": [ 132.379084, 34.37782 ] } },
{ "type": "Feature", "properties": { "ID": 3422340339400, "正式名称": "末光産婦人科", "機関区分": 2, "都道府県コード": 34, "市区町村コード": 202, "所在地": "広島県呉市本町３－４", "緯度": 34.245349, "経度": 132.568057, "url": "https://www.iryou.teikyouseido.mhlw.go.jp/znk-web/juminkanja/S2430/initialize?prefCd=34&kikanCd=2340339400&kikanKbn=2", "url2": "https://www.suemitsu-sanhujinka.com/", "内容": "末光産婦人科【2:診療所】【診療科目:産婦人科】広島県呉市本町３－４" }, "geometry": { "type": "Point", "coordinates": [ 132.568057, 34.245349 ] } },
{ "type": "Feature", "properties": { "ID": 3422340339660, "正式名称": "医療法人社団　めぐみ会　森藤医院", "機関区分": 2, "都道府県コード": 34, "市区町村コード": 215, "所在地": "広島県江田島市江田島町切串２丁目１７－１０", "緯度": 34.280832, "経度": 132.47974, "url": "https://www.iryou.teikyouseido.mhlw.go.jp/znk-web/juminkanja/S2430/initialize?prefCd=34&kikanCd=2340339660&kikanKbn=2", "url2": "http://morifuji-cl.com/", "内容": "医療法人社団　めぐみ会　森藤医院【2:診療所】【診療科目:内科_外科_小児科_リハビリテーション科】広島県江田島市江田島町切串２丁目１７－１０" }, "geometry": { "type": "Point", "coordinates": [ 132.47974, 34.280832 ] } },
{ "type": "Feature", "properties": { "ID": 3422340339950, "正式名称": "かとうクリニック", "機関区分": 2, "都道府県コード": 34, "市区町村コード": 105, "所在地": "広島県広島市安佐南区八木２丁目３番６号　かとうクリニック", "緯度": 34.480418, "経度": 132.497366, "url": "https://www.iryou.teikyouseido.mhlw.go.jp/znk-web/juminkanja/S2430/initialize?prefCd=34&kikanCd=2340339950&kikanKbn=2", "url2": "https://www.kato-cli.jp/", "内容": "かとうクリニック【2:診療所】【診療科目:内科_外科_リハビリテーション科】広島県広島市安佐南区八木２丁目３番６号　かとうクリニック" }, "geometry": { "type": "Point", "coordinates": [ 132.497366, 34.480418 ] } },
{ "type": "Feature", "properties": { "ID": 3422340340510, "正式名称": "医療法人社団　国原医院", "機関区分": 2, "都道府県コード": 34, "市区町村コード": 210, "所在地": "広島県庄原市口和町永田４０２－４", "緯度": 34.887727, "経度": 132.919584, "url": "https://www.iryou.teikyouseido.mhlw.go.jp/znk-web/juminkanja/S2430/initialize?prefCd=34&kikanCd=2340340510&kikanKbn=2", "url2": null, "内容": "医療法人社団　国原医院【2:診療所】【診療科目:内科_小児科_放射線科】広島県庄原市口和町永田４０２－４" }, "geometry": { "type": "Point", "coordinates": [ 132.919584, 34.887727 ] } },
{ "type": "Feature", "properties": { "ID": 3422340340770, "正式名称": "今田眼科医院", "機関区分": 2, "都道府県コード": 34, "市区町村コード": 213, "所在地": "広島県廿日市市阿品台４－１－１４", "緯度": 34.329098, "経度": 132.308861, "url": "https://www.iryou.teikyouseido.mhlw.go.jp/znk-web/juminkanja/S2430/initialize?prefCd=34&kikanCd=2340340770&kikanKbn=2", "url2": null, "内容": "今田眼科医院【2:診療所】【診療科目:眼科】広島県廿日市市阿品台４－１－１４" }, "geometry": { "type": "Point", "coordinates": [ 132.308861, 34.329098 ] } },
{ "type": "Feature", "properties": { "ID": 3422340341780, "正式名称": "医療法人　石橋クリニック", "機関区分": 2, "都道府県コード": 34, "市区町村コード": 104, "所在地": "広島県広島市西区西観音町２３－１８", "緯度": 34.390806, "経度": 132.436181, "url": "https://www.iryou.teikyouseido.mhlw.go.jp/znk-web/juminkanja/S2430/initialize?prefCd=34&kikanCd=2340341780&kikanKbn=2", "url2": "https://www.ishibashi-cl.com/", "内容": "医療法人　石橋クリニック【2:診療所】【診療科目:内科_循環器内科】広島県広島市西区西観音町２３－１８" }, "geometry": { "type": "Point", "coordinates": [ 132.436181, 34.390806 ] } },
{ "type": "Feature", "properties": { "ID": 3422340342240, "正式名称": "内科・外科鳴戸医院", "機関区分": 2, "都道府県コード": 34, "市区町村コード": 209, "所在地": "広島県三次市十日市中４丁目６番１０号", "緯度": 34.807862, "経度": 132.853099, "url": "https://www.iryou.teikyouseido.mhlw.go.jp/znk-web/juminkanja/S2430/initialize?prefCd=34&kikanCd=2340342240&kikanKbn=2", "url2": null, "内容": "内科・外科鳴戸医院【2:診療所】【診療科目:内科_呼吸器内科_循環器内科_消化器内科_外科_肛門外科_リハビリテーション科_放射線科】広島県三次市十日市中４丁目６番１０号" }, "geometry": { "type": "Point", "coordinates": [ 132.853099, 34.807862 ] } },
{ "type": "Feature", "properties": { "ID": 3422340343410, "正式名称": "みゆき橋内科医院", "機関区分": 2, "都道府県コード": 34, "市区町村コード": 101, "所在地": "広島県広島市中区東千田町２丁目１２番２０号", "緯度": 34.376818, "経度": 132.460263, "url": "https://www.iryou.teikyouseido.mhlw.go.jp/znk-web/juminkanja/S2430/initialize?prefCd=34&kikanCd=2340343410&kikanKbn=2", "url2": null, "内容": "みゆき橋内科医院【2:診療所】【診療科目:内科】広島県広島市中区東千田町２丁目１２番２０号" }, "geometry": { "type": "Point", "coordinates": [ 132.460263, 34.376818 ] } },
{ "type": "Feature", "properties": { "ID": 3422340343540, "正式名称": "小田クリニック", "機関区分": 2, "都道府県コード": 34, "市区町村コード": 106, "所在地": "広島県広島市安佐北区あさひが丘７丁目１５－３２", "緯度": 34.506998, "経度": 132.437759, "url": "https://www.iryou.teikyouseido.mhlw.go.jp/znk-web/juminkanja/S2430/initialize?prefCd=34&kikanCd=2340343540&kikanKbn=2", "url2": "http://www.oda-painclinic.com", "内容": "小田クリニック【2:診療所】【診療科目:胃腸内科_外科_ペインクリニック外科_整形外科_リハビリテーション科_麻酔科】広島県広島市安佐北区あさひが丘７丁目１５－３２" }, "geometry": { "type": "Point", "coordinates": [ 132.437759, 34.506998 ] } },
{ "type": "Feature", "properties": { "ID": 3422340343670, "正式名称": "医療法人　いくた内科医院", "機関区分": 2, "都道府県コード": 34, "市区町村コード": 108, "所在地": "広島県広島市佐伯区海老園一丁目８－２６", "緯度": 34.362492, "経度": 132.357517, "url": "https://www.iryou.teikyouseido.mhlw.go.jp/znk-web/juminkanja/S2430/initialize?prefCd=34&kikanCd=2340343670&kikanKbn=2", "url2": null, "内容": "医療法人　いくた内科医院【2:診療所】【診療科目:内科_呼吸器内科_アレルギー疾患内科_アレルギー科】広島県広島市佐伯区海老園一丁目８－２６" }, "geometry": { "type": "Point", "coordinates": [ 132.357517, 34.362492 ] } },
{ "type": "Feature", "properties": { "ID": 3422340344420, "正式名称": "安芸高田市　川根診療所", "機関区分": 2, "都道府県コード": 34, "市区町村コード": 214, "所在地": "広島県安芸高田市高宮町川根２４３８－１番地", "緯度": 34.824647, "経度": 132.679755, "url": "https://www.iryou.teikyouseido.mhlw.go.jp/znk-web/juminkanja/S2430/initialize?prefCd=34&kikanCd=2340344420&kikanKbn=2", "url2": null, "内容": "安芸高田市　川根診療所【2:診療所】【診療科目:内科_整形外科】広島県安芸高田市高宮町川根２４３８－１番地" }, "geometry": { "type": "Point", "coordinates": [ 132.679755, 34.824647 ] } },
{ "type": "Feature", "properties": { "ID": 3422340344550, "正式名称": "寺元医院", "機関区分": 2, "都道府県コード": 34, "市区町村コード": 431, "所在地": "広島県豊田郡大崎上島町中野１６０８－５", "緯度": 34.246117, "経度": 132.896177, "url": "https://www.iryou.teikyouseido.mhlw.go.jp/znk-web/juminkanja/S2430/initialize?prefCd=34&kikanCd=2340344550&kikanKbn=2", "url2": null, "内容": "寺元医院【2:診療所】【診療科目:内科】広島県豊田郡大崎上島町中野１６０８－５" }, "geometry": { "type": "Point", "coordinates": [ 132.896177, 34.246117 ] } },
{ "type": "Feature", "properties": { "ID": 3422340344710, "正式名称": "医療法人緑風会　邦友クリニック", "機関区分": 2, "都道府県コード": 34, "市区町村コード": 202, "所在地": "広島県呉市中央１丁目４－２", "緯度": 34.245722, "経度": 132.559566, "url": "https://www.iryou.teikyouseido.mhlw.go.jp/znk-web/juminkanja/S2430/initialize?prefCd=34&kikanCd=2340344710&kikanKbn=2", "url2": "http://www.hoyu-hp.com/clinic/index.html", "内容": "医療法人緑風会　邦友クリニック【2:診療所】【診療科目:耳鼻いんこう科_精神科_心療内科】広島県呉市中央１丁目４－２" }, "geometry": { "type": "Point", "coordinates": [ 132.559566, 34.245722 ] } },
{ "type": "Feature", "properties": { "ID": 3422340345140, "正式名称": "むろもとクリニック", "機関区分": 2, "都道府県コード": 34, "市区町村コード": 101, "所在地": "広島県広島市中区大手町１丁目１－２０　相生橋ビル５Ｆ", "緯度": 34.395677, "経度": 132.455068, "url": "https://www.iryou.teikyouseido.mhlw.go.jp/znk-web/juminkanja/S2430/initialize?prefCd=34&kikanCd=2340345140&kikanKbn=2", "url2": null, "内容": "むろもとクリニック【2:診療所】【診療科目:内科】広島県広島市中区大手町１丁目１－２０　相生橋ビル５Ｆ" }, "geometry": { "type": "Point", "coordinates": [ 132.455068, 34.395677 ] } },
{ "type": "Feature", "properties": { "ID": 3422340346020, "正式名称": "医療法人大田クリニック　大田クリニック整形外科", "機関区分": 2, "都道府県コード": 34, "市区町村コード": 101, "所在地": "広島県広島市中区富士見町４－２７", "緯度": 34.387872, "経度": 132.460957, "url": "https://www.iryou.teikyouseido.mhlw.go.jp/znk-web/juminkanja/S2430/initialize?prefCd=34&kikanCd=2340346020&kikanKbn=2", "url2": "http://www.oota-clinicseikei.com", "内容": "医療法人大田クリニック　大田クリニック整形外科【2:診療所】【診療科目:整形外科_リウマチ科_リハビリテーション科】広島県広島市中区富士見町４－２７" }, "geometry": { "type": "Point", "coordinates": [ 132.460957, 34.387872 ] } },
{ "type": "Feature", "properties": { "ID": 3422340346310, "正式名称": "住元皮ふ科クリニック", "機関区分": 2, "都道府県コード": 34, "市区町村コード": 104, "所在地": "広島県広島市西区己斐本町１丁目１４－３　ＬＩＴ西広島駅前４Ｆ", "緯度": 34.397843, "経度": 132.429126, "url": "https://www.iryou.teikyouseido.mhlw.go.jp/znk-web/juminkanja/S2430/initialize?prefCd=34&kikanCd=2340346310&kikanKbn=2", "url2": null, "内容": "住元皮ふ科クリニック【2:診療所】【診療科目:皮膚科】広島県広島市西区己斐本町１丁目１４－３　ＬＩＴ西広島駅前４Ｆ" }, "geometry": { "type": "Point", "coordinates": [ 132.429126, 34.397843 ] } },
{ "type": "Feature", "properties": { "ID": 3422340346990, "正式名称": "医療法人社団潤会　宮崎胃腸科放射線科内科医院", "機関区分": 2, "都道府県コード": 34, "市区町村コード": 207, "所在地": "広島県福山市霞町２丁目４－３", "緯度": 34.483933, "経度": 133.364155, "url": "https://www.iryou.teikyouseido.mhlw.go.jp/znk-web/juminkanja/S2430/initialize?prefCd=34&kikanCd=2340346990&kikanKbn=2", "url2": "https://www.uruoikai.jp/", "内容": "医療法人社団潤会　宮崎胃腸科放射線科内科医院【2:診療所】【診療科目:内科_胃腸内科_内視鏡内科_放射線科】広島県福山市霞町２丁目４－３" }, "geometry": { "type": "Point", "coordinates": [ 133.364155, 34.483933 ] } },
{ "type": "Feature", "properties": { "ID": 3422340347030, "正式名称": "医療法人社団千手会　瀬尾医院", "機関区分": 2, "都道府県コード": 34, "市区町村コード": 210, "所在地": "広島県庄原市東城町川東１６３－７", "緯度": 34.90047, "経度": 133.274005, "url": "https://www.iryou.teikyouseido.mhlw.go.jp/znk-web/juminkanja/S2430/initialize?prefCd=34&kikanCd=2340347030&kikanKbn=2", "url2": "http://www.seoiin.jp", "内容": "医療法人社団千手会　瀬尾医院【2:診療所】【診療科目:内科_消化器内科_放射線科】広島県庄原市東城町川東１６３－７" }, "geometry": { "type": "Point", "coordinates": [ 133.274005, 34.90047 ] } },
{ "type": "Feature", "properties": { "ID": 3422340347290, "正式名称": "池田皮膚科クリニック", "機関区分": 2, "都道府県コード": 34, "市区町村コード": 104, "所在地": "広島県広島市西区井口台２－２３－３２", "緯度": 34.377821, "経度": 132.379096, "url": "https://www.iryou.teikyouseido.mhlw.go.jp/znk-web/juminkanja/S2430/initialize?prefCd=34&kikanCd=2340347290&kikanKbn=2", "url2": null, "内容": "池田皮膚科クリニック【2:診療所】【診療科目:皮膚科】広島県広島市西区井口台２－２３－３２" }, "geometry": { "type": "Point", "coordinates": [ 132.379096, 34.377821 ] } },
{ "type": "Feature", "properties": { "ID": 3422340348170, "正式名称": "医療法人社団三浦内科医院", "機関区分": 2, "都道府県コード": 34, "市区町村コード": 101, "所在地": "広島県広島市中区千田町二丁目９－２１", "緯度": 34.378567, "経度": 132.456152, "url": "https://www.iryou.teikyouseido.mhlw.go.jp/znk-web/juminkanja/S2430/initialize?prefCd=34&kikanCd=2340348170&kikanKbn=2", "url2": null, "内容": "医療法人社団三浦内科医院【2:診療所】【診療科目:内科_小児科】広島県広島市中区千田町二丁目９－２１" }, "geometry": { "type": "Point", "coordinates": [ 132.456152, 34.378567 ] } },
{ "type": "Feature", "properties": { "ID": 3422340349760, "正式名称": "佐野内科胃腸科医院", "機関区分": 2, "都道府県コード": 34, "市区町村コード": 207, "所在地": "広島県福山市駅家町万能倉３４７", "緯度": 34.545593, "経度": 133.337821, "url": "https://www.iryou.teikyouseido.mhlw.go.jp/znk-web/juminkanja/S2430/initialize?prefCd=34&kikanCd=2340349760&kikanKbn=2", "url2": null, "内容": "佐野内科胃腸科医院【2:診療所】【診療科目:内科_胃腸内科】広島県福山市駅家町万能倉３４７" }, "geometry": { "type": "Point", "coordinates": [ 133.337821, 34.545593 ] } },
{ "type": "Feature", "properties": { "ID": 3422340349890, "正式名称": "円山医院", "機関区分": 2, "都道府県コード": 34, "市区町村コード": 431, "所在地": "広島県豊田郡大崎上島町中野４３２２－３", "緯度": 34.242895, "経度": 132.880984, "url": "https://www.iryou.teikyouseido.mhlw.go.jp/znk-web/juminkanja/S2430/initialize?prefCd=34&kikanCd=2340349890&kikanKbn=2", "url2": null, "内容": "円山医院【2:診療所】【診療科目:内科】広島県豊田郡大崎上島町中野４３２２－３" }, "geometry": { "type": "Point", "coordinates": [ 132.880984, 34.242895 ] } },
{ "type": "Feature", "properties": { "ID": 3422340349920, "正式名称": "医療法人　あずさ会　森整形外科", "機関区分": 2, "都道府県コード": 34, "市区町村コード": 102, "所在地": "広島県広島市東区光町１－３－１６", "緯度": 34.39876, "経度": 132.483121, "url": "https://www.iryou.teikyouseido.mhlw.go.jp/znk-web/juminkanja/S2430/initialize?prefCd=34&kikanCd=2340349920&kikanKbn=2", "url2": "http://mori-seikei.net/", "内容": "医療法人　あずさ会　森整形外科【2:診療所】【診療科目:整形外科_リウマチ科_リハビリテーション科】広島県広島市東区光町１－３－１６" }, "geometry": { "type": "Point", "coordinates": [ 132.483121, 34.39876 ] } },
{ "type": "Feature", "properties": { "ID": 3422340350160, "正式名称": "中尾医院", "機関区分": 2, "都道府県コード": 34, "市区町村コード": 213, "所在地": "広島県廿日市市天神２番１７号", "緯度": 34.357734, "経度": 132.33833, "url": "https://www.iryou.teikyouseido.mhlw.go.jp/znk-web/juminkanja/S2430/initialize?prefCd=34&kikanCd=2340350160&kikanKbn=2", "url2": "https://nakao-clinic.jp/", "内容": "中尾医院【2:診療所】【診療科目:内科_循環器内科_消化器内科_小児科_放射線科】広島県廿日市市天神２番１７号" }, "geometry": { "type": "Point", "coordinates": [ 132.33833, 34.357734 ] } },
{ "type": "Feature", "properties": { "ID": 3422340350450, "正式名称": "医療法人　汐仁会　橘高内科小児科医院", "機関区分": 2, "都道府県コード": 34, "市区町村コード": 207, "所在地": "広島県福山市柳津町一丁目２－３０", "緯度": 34.442353, "経度": 133.261693, "url": "https://www.iryou.teikyouseido.mhlw.go.jp/znk-web/juminkanja/S2430/initialize?prefCd=34&kikanCd=2340350450&kikanKbn=2", "url2": "http://www.sekijinkai.com/", "内容": "医療法人　汐仁会　橘高内科小児科医院【2:診療所】【診療科目:内科_呼吸器内科_循環器内科_消化器内科_小児科_アレルギー科_放射線科】広島県福山市柳津町一丁目２－３０" }, "geometry": { "type": "Point", "coordinates": [ 133.261693, 34.442353 ] } },
{ "type": "Feature", "properties": { "ID": 3422340350610, "正式名称": "田村医院", "機関区分": 2, "都道府県コード": 34, "市区町村コード": 106, "所在地": "広島県広島市安佐北区安佐町くすの木台６２番地１号", "緯度": 34.518276, "経度": 132.507808, "url": "https://www.iryou.teikyouseido.mhlw.go.jp/znk-web/juminkanja/S2430/initialize?prefCd=34&kikanCd=2340350610&kikanKbn=2", "url2": null, "内容": "田村医院【2:診療所】【診療科目:内科_循環器内科_リハビリテーション科】広島県広島市安佐北区安佐町くすの木台６２番地１号" }, "geometry": { "type": "Point", "coordinates": [ 132.507808, 34.518276 ] } },
{ "type": "Feature", "properties": { "ID": 3422340350740, "正式名称": "医療法人社団金尾医院", "機関区分": 2, "都道府県コード": 34, "市区町村コード": 105, "所在地": "広島県広島市安佐南区上安二丁目２０－４４", "緯度": 34.475612, "経度": 132.445815, "url": "https://www.iryou.teikyouseido.mhlw.go.jp/znk-web/juminkanja/S2430/initialize?prefCd=34&kikanCd=2340350740&kikanKbn=2", "url2": null, "内容": "医療法人社団金尾医院【2:診療所】【診療科目:胃腸内科_外科_肛門外科】広島県広島市安佐南区上安二丁目２０－４４" }, "geometry": { "type": "Point", "coordinates": [ 132.445815, 34.475612 ] } },
{ "type": "Feature", "properties": { "ID": 3422340351330, "正式名称": "医療法人社団造賀信原医院", "機関区分": 2, "都道府県コード": 34, "市区町村コード": 212, "所在地": "広島県東広島市高屋町造賀７３７－２", "緯度": 34.499576, "経度": 132.769868, "url": "https://www.iryou.teikyouseido.mhlw.go.jp/znk-web/juminkanja/S2430/initialize?prefCd=34&kikanCd=2340351330&kikanKbn=2", "url2": "https://zouka-nobuharaclinic.net/", "内容": "医療法人社団造賀信原医院【2:診療所】【診療科目:内科_整形外科_小児科】広島県東広島市高屋町造賀７３７－２" }, "geometry": { "type": "Point", "coordinates": [ 132.769868, 34.499576 ] } },
{ "type": "Feature", "properties": { "ID": 3422340351590, "正式名称": "小野耳鼻咽喉科医院", "機関区分": 2, "都道府県コード": 34, "市区町村コード": 208, "所在地": "広島県府中市中須町８－１", "緯度": 34.555752, "経度": 133.269932, "url": "https://www.iryou.teikyouseido.mhlw.go.jp/znk-web/juminkanja/S2430/initialize?prefCd=34&kikanCd=2340351590&kikanKbn=2", "url2": null, "内容": "小野耳鼻咽喉科医院【2:診療所】【診療科目:耳鼻いんこう科】広島県府中市中須町８－１" }, "geometry": { "type": "Point", "coordinates": [ 133.269932, 34.555752 ] } },
{ "type": "Feature", "properties": { "ID": 3422340351620, "正式名称": "医療法人　仁光会　日谷眼科", "機関区分": 2, "都道府県コード": 34, "市区町村コード": 203, "所在地": "広島県竹原市中央二丁目７－７", "緯度": 34.341294, "経度": 132.909452, "url": "https://www.iryou.teikyouseido.mhlw.go.jp/znk-web/juminkanja/S2430/initialize?prefCd=34&kikanCd=2340351620&kikanKbn=2", "url2": "http://www.hitani-eye.or.jp", "内容": "医療法人　仁光会　日谷眼科【2:診療所】【診療科目:眼科】広島県竹原市中央二丁目７－７" }, "geometry": { "type": "Point", "coordinates": [ 132.909452, 34.341294 ] } },
{ "type": "Feature", "properties": { "ID": 3422340352050, "正式名称": "西村内科クリニック", "機関区分": 2, "都道府県コード": 34, "市区町村コード": 101, "所在地": "広島県広島市中区袋町５－３８　山中ビル４階", "緯度": 34.391632, "経度": 132.457996, "url": "https://www.iryou.teikyouseido.mhlw.go.jp/znk-web/juminkanja/S2430/initialize?prefCd=34&kikanCd=2340352050&kikanKbn=2", "url2": null, "内容": "西村内科クリニック【2:診療所】【診療科目:内科_循環器内科_胃腸内科】広島県広島市中区袋町５－３８　山中ビル４階" }, "geometry": { "type": "Point", "coordinates": [ 132.457996, 34.391632 ] } },
{ "type": "Feature", "properties": { "ID": 3422340352340, "正式名称": "医療法人社団みのりの会　田島医院", "機関区分": 2, "都道府県コード": 34, "市区町村コード": 103, "所在地": "広島県広島市南区宇品東一丁目４－１９", "緯度": 34.364016, "経度": 132.468922, "url": "https://www.iryou.teikyouseido.mhlw.go.jp/znk-web/juminkanja/S2430/initialize?prefCd=34&kikanCd=2340352340&kikanKbn=2", "url2": "https://tajima-clinic.jp/", "内容": "医療法人社団みのりの会　田島医院【2:診療所】【診療科目:内科_糖尿病内科_内分泌内科】広島県広島市南区宇品東一丁目４－１９" }, "geometry": { "type": "Point", "coordinates": [ 132.468922, 34.364016 ] } },
{ "type": "Feature", "properties": { "ID": 3422340352470, "正式名称": "医療法人社団　ワイ・エス・ケー心和会　重信医院", "機関区分": 2, "都道府県コード": 34, "市区町村コード": 209, "所在地": "広島県三次市下志和地町７１０－１２", "緯度": 34.741007, "経度": 132.803773, "url": "https://www.iryou.teikyouseido.mhlw.go.jp/znk-web/juminkanja/S2430/initialize?prefCd=34&kikanCd=2340352470&kikanKbn=2", "url2": "https://shigenobu-iin.jp/", "内容": "医療法人社団　ワイ・エス・ケー心和会　重信医院【2:診療所】【診療科目:内科_循環器内科_小児科】広島県三次市下志和地町７１０－１２" }, "geometry": { "type": "Point", "coordinates": [ 132.803773, 34.741007 ] } },
{ "type": "Feature", "properties": { "ID": 3422340353480, "正式名称": "医療法人社団　瀬尾医院", "機関区分": 2, "都道府県コード": 34, "市区町村コード": 462, "所在地": "広島県世羅郡世羅町本郷８２５番地１", "緯度": 34.590888, "経度": 133.047538, "url": "https://www.iryou.teikyouseido.mhlw.go.jp/znk-web/juminkanja/S2430/initialize?prefCd=34&kikanCd=2340353480&kikanKbn=2", "url2": "https://seo-iin.com/", "内容": "医療法人社団　瀬尾医院【2:診療所】【診療科目:内科_消化器内科_腫瘍内科_疼痛緩和内科_整形外科_小児科】広島県世羅郡世羅町本郷８２５番地１" }, "geometry": { "type": "Point", "coordinates": [ 133.047538, 34.590888 ] } },
{ "type": "Feature", "properties": { "ID": 3422340353640, "正式名称": "国家公務員共済組合連合会　広島合同庁舎診療所", "機関区分": 2, "都道府県コード": 34, "市区町村コード": 101, "所在地": "広島県広島市中区上八丁堀６番３０号", "緯度": 34.399593, "経度": 132.461956, "url": "https://www.iryou.teikyouseido.mhlw.go.jp/znk-web/juminkanja/S2430/initialize?prefCd=34&kikanCd=2340353640&kikanKbn=2", "url2": null, "内容": "国家公務員共済組合連合会　広島合同庁舎診療所【2:診療所】【診療科目:内科_歯科】広島県広島市中区上八丁堀６番３０号" }, "geometry": { "type": "Point", "coordinates": [ 132.461956, 34.399593 ] } },
{ "type": "Feature", "properties": { "ID": 3422340354360, "正式名称": "神垣小児科", "機関区分": 2, "都道府県コード": 34, "市区町村コード": 202, "所在地": "広島県呉市広中町１２－２４", "緯度": 34.230531, "経度": 132.623867, "url": "https://www.iryou.teikyouseido.mhlw.go.jp/znk-web/juminkanja/S2430/initialize?prefCd=34&kikanCd=2340354360&kikanKbn=2", "url2": "https://www.kamigaki-kodomo.jp", "内容": "神垣小児科【2:診療所】【診療科目:小児科】広島県呉市広中町１２－２４" }, "geometry": { "type": "Point", "coordinates": [ 132.623867, 34.230531 ] } },
{ "type": "Feature", "properties": { "ID": 3422340354650, "正式名称": "医療法人社団　砂堀医院", "機関区分": 2, "都道府県コード": 34, "市区町村コード": 215, "所在地": "広島県江田島市能美町中町４９３０番地５号", "緯度": 34.221751, "経度": 132.441216, "url": "https://www.iryou.teikyouseido.mhlw.go.jp/znk-web/juminkanja/S2430/initialize?prefCd=34&kikanCd=2340354650&kikanKbn=2", "url2": null, "内容": "医療法人社団　砂堀医院【2:診療所】【診療科目:内科_小児科_放射線科】広島県江田島市能美町中町４９３０番地５号" }, "geometry": { "type": "Point", "coordinates": [ 132.441216, 34.221751 ] } },
{ "type": "Feature", "properties": { "ID": 3422340355080, "正式名称": "医療法人社団　砂田内科", "機関区分": 2, "都道府県コード": 34, "市区町村コード": 205, "所在地": "広島県尾道市久保１丁目１番１５号", "緯度": 34.410744, "経度": 133.203255, "url": "https://www.iryou.teikyouseido.mhlw.go.jp/znk-web/juminkanja/S2430/initialize?prefCd=34&kikanCd=2340355080&kikanKbn=2", "url2": "http://sunada.byoinnavi.jp/prepc/", "内容": "医療法人社団　砂田内科【2:診療所】【診療科目:内科_糖尿病内科_糖尿病・内分泌内科_呼吸器内科_循環器内科_消化器内科_内視鏡内科】広島県尾道市久保１丁目１番１５号" }, "geometry": { "type": "Point", "coordinates": [ 133.203255, 34.410744 ] } },
{ "type": "Feature", "properties": { "ID": 3422340355110, "正式名称": "三好眼科", "機関区分": 2, "都道府県コード": 34, "市区町村コード": 207, "所在地": "広島県福山市大黒町２番３９号", "緯度": 34.490877, "経度": 133.367877, "url": "https://www.iryou.teikyouseido.mhlw.go.jp/znk-web/juminkanja/S2430/initialize?prefCd=34&kikanCd=2340355110&kikanKbn=2", "url2": "http://www.miyoshi-eye-clinic.com/", "内容": "三好眼科【2:診療所】【診療科目:眼科】広島県福山市大黒町２番３９号" }, "geometry": { "type": "Point", "coordinates": [ 133.367877, 34.490877 ] } },
{ "type": "Feature", "properties": { "ID": 3422340355240, "正式名称": "黒木眼科医院", "機関区分": 2, "都道府県コード": 34, "市区町村コード": 207, "所在地": "広島県福山市東深津町２丁目１１番２６号", "緯度": 34.494821, "経度": 133.390014, "url": "https://www.iryou.teikyouseido.mhlw.go.jp/znk-web/juminkanja/S2430/initialize?prefCd=34&kikanCd=2340355240&kikanKbn=2", "url2": "http://kurokiiin.sakura.ne.jp/", "内容": "黒木眼科医院【2:診療所】【診療科目:眼科】広島県福山市東深津町２丁目１１番２６号" }, "geometry": { "type": "Point", "coordinates": [ 133.390014, 34.494821 ] } },
{ "type": "Feature", "properties": { "ID": 3422340355660, "正式名称": "高橋医院", "機関区分": 2, "都道府県コード": 34, "市区町村コード": 202, "所在地": "広島県呉市宮原３丁目９－１", "緯度": 34.234734, "経度": 132.564783, "url": "https://www.iryou.teikyouseido.mhlw.go.jp/znk-web/juminkanja/S2430/initialize?prefCd=34&kikanCd=2340355660&kikanKbn=2", "url2": null, "内容": "高橋医院【2:診療所】【診療科目:内科】広島県呉市宮原３丁目９－１" }, "geometry": { "type": "Point", "coordinates": [ 132.564783, 34.234734 ] } },
{ "type": "Feature", "properties": { "ID": 3422340355790, "正式名称": "ちくいえクリニック", "機関区分": 2, "都道府県コード": 34, "市区町村コード": 302, "所在地": "広島県安芸郡府中町本町５丁目１－６", "緯度": 34.398608, "経度": 132.504268, "url": "https://www.iryou.teikyouseido.mhlw.go.jp/znk-web/juminkanja/S2430/initialize?prefCd=34&kikanCd=2340355790&kikanKbn=2", "url2": null, "内容": "ちくいえクリニック【2:診療所】【診療科目:内科_脳神経内科_脳神経外科_リハビリテーション科】広島県安芸郡府中町本町５丁目１－６" }, "geometry": { "type": "Point", "coordinates": [ 132.504268, 34.398608 ] } },
{ "type": "Feature", "properties": { "ID": 3422340356090, "正式名称": "越智眼科", "機関区分": 2, "都道府県コード": 34, "市区町村コード": 204, "所在地": "広島県三原市宮浦六丁目７－３９", "緯度": 34.394993, "経度": 133.061712, "url": "https://www.iryou.teikyouseido.mhlw.go.jp/znk-web/juminkanja/S2430/initialize?prefCd=34&kikanCd=2340356090&kikanKbn=2", "url2": "http://www.ochi-ganka.gr.jp", "内容": "越智眼科【2:診療所】【診療科目:小児眼科_眼科】広島県三原市宮浦六丁目７－３９" }, "geometry": { "type": "Point", "coordinates": [ 133.061712, 34.394993 ] } },
{ "type": "Feature", "properties": { "ID": 3422340356120, "正式名称": "住元整形外科医院", "機関区分": 2, "都道府県コード": 34, "市区町村コード": 205, "所在地": "広島県尾道市栗原西２丁目９番６号", "緯度": 34.414723, "経度": 133.188291, "url": "https://www.iryou.teikyouseido.mhlw.go.jp/znk-web/juminkanja/S2430/initialize?prefCd=34&kikanCd=2340356120&kikanKbn=2", "url2": null, "内容": "住元整形外科医院【2:診療所】【診療科目:整形外科_リウマチ科_リハビリテーション科】広島県尾道市栗原西２丁目９番６号" }, "geometry": { "type": "Point", "coordinates": [ 133.188291, 34.414723 ] } },
{ "type": "Feature", "properties": { "ID": 3422340356250, "正式名称": "小林医院", "機関区分": 2, "都道府県コード": 34, "市区町村コード": 207, "所在地": "広島県福山市水呑町２０３０－３", "緯度": 34.446826, "経度": 133.380767, "url": "https://www.iryou.teikyouseido.mhlw.go.jp/znk-web/juminkanja/S2430/initialize?prefCd=34&kikanCd=2340356250&kikanKbn=2", "url2": null, "内容": "小林医院【2:診療所】【診療科目:内科】広島県福山市水呑町２０３０－３" }, "geometry": { "type": "Point", "coordinates": [ 133.380767, 34.446826 ] } },
{ "type": "Feature", "properties": { "ID": 3422340356380, "正式名称": "はやかわ小児クリニック", "機関区分": 2, "都道府県コード": 34, "市区町村コード": 101, "所在地": "広島県広島市中区袋町６番４６号", "緯度": 34.392149, "経度": 132.458735, "url": "https://www.iryou.teikyouseido.mhlw.go.jp/znk-web/juminkanja/S2430/initialize?prefCd=34&kikanCd=2340356380&kikanKbn=2", "url2": null, "内容": "はやかわ小児クリニック【2:診療所】【診療科目:小児科_小児科系その他】広島県広島市中区袋町６番４６号" }, "geometry": { "type": "Point", "coordinates": [ 132.458735, 34.392149 ] } },
{ "type": "Feature", "properties": { "ID": 3422340356700, "正式名称": "医療法人社団　誰故会　いいだ眼科", "機関区分": 2, "都道府県コード": 34, "市区町村コード": 107, "所在地": "広島県広島市安芸区船越３丁目１０－６", "緯度": 34.375152, "経度": 132.520258, "url": "https://www.iryou.teikyouseido.mhlw.go.jp/znk-web/juminkanja/S2430/initialize?prefCd=34&kikanCd=2340356700&kikanKbn=2", "url2": null, "内容": "医療法人社団　誰故会　いいだ眼科【2:診療所】【診療科目:眼科】広島県広島市安芸区船越３丁目１０－６" }, "geometry": { "type": "Point", "coordinates": [ 132.520258, 34.375152 ] } },
{ "type": "Feature", "properties": { "ID": 3422340356830, "正式名称": "中野東クリニック", "機関区分": 2, "都道府県コード": 34, "市区町村コード": 107, "所在地": "広島県広島市安芸区中野五丁目１７－１５", "緯度": 34.403331, "経度": 132.580173, "url": "https://www.iryou.teikyouseido.mhlw.go.jp/znk-web/juminkanja/S2430/initialize?prefCd=34&kikanCd=2340356830&kikanKbn=2", "url2": null, "内容": "中野東クリニック【2:診療所】【診療科目:内科_呼吸器内科_アレルギー疾患内科】広島県広島市安芸区中野五丁目１７－１５" }, "geometry": { "type": "Point", "coordinates": [ 132.580173, 34.403331 ] } },
{ "type": "Feature", "properties": { "ID": 3422340357260, "正式名称": "功野皮膚科医院", "機関区分": 2, "都道府県コード": 34, "市区町村コード": 102, "所在地": "広島県広島市東区戸坂山根１丁目２番８号", "緯度": 34.435867, "経度": 132.488091, "url": "https://www.iryou.teikyouseido.mhlw.go.jp/znk-web/juminkanja/S2430/initialize?prefCd=34&kikanCd=2340357260&kikanKbn=2", "url2": null, "内容": "功野皮膚科医院【2:診療所】【診療科目:皮膚科】広島県広島市東区戸坂山根１丁目２番８号" }, "geometry": { "type": "Point", "coordinates": [ 132.488091, 34.435867 ] } },
{ "type": "Feature", "properties": { "ID": 3422340357840, "正式名称": "むらい内科クリニック", "機関区分": 2, "都道府県コード": 34, "市区町村コード": 202, "所在地": "広島県呉市音戸町引地１－５－６０", "緯度": 34.196672, "経度": 132.536682, "url": "https://www.iryou.teikyouseido.mhlw.go.jp/znk-web/juminkanja/S2430/initialize?prefCd=34&kikanCd=2340357840&kikanKbn=2", "url2": "https://www.murai-naikaclinic.com", "内容": "むらい内科クリニック【2:診療所】【診療科目:内科_呼吸器内科_アレルギー科_リウマチ科】広島県呉市音戸町引地１－５－６０" }, "geometry": { "type": "Point", "coordinates": [ 132.536682, 34.196672 ] } },
{ "type": "Feature", "properties": { "ID": 3422340357970, "正式名称": "医療法人社団　数佐整形外科医院", "機関区分": 2, "都道府県コード": 34, "市区町村コード": 212, "所在地": "広島県東広島市八本松東七丁目８－１５", "緯度": 34.447427, "経度": 132.700044, "url": "https://www.iryou.teikyouseido.mhlw.go.jp/znk-web/juminkanja/S2430/initialize?prefCd=34&kikanCd=2340357970&kikanKbn=2", "url2": "https://www.kazusa-seikei.com", "内容": "医療法人社団　数佐整形外科医院【2:診療所】【診療科目:整形外科_リハビリテーション科】広島県東広島市八本松東七丁目８－１５" }, "geometry": { "type": "Point", "coordinates": [ 132.700044, 34.447427 ] } },
{ "type": "Feature", "properties": { "ID": 3422340358270, "正式名称": "たかば内科医院", "機関区分": 2, "都道府県コード": 34, "市区町村コード": 209, "所在地": "広島県三次市三良坂町三良坂１０９６番地３", "緯度": 34.767951, "経度": 132.956926, "url": "https://www.iryou.teikyouseido.mhlw.go.jp/znk-web/juminkanja/S2430/initialize?prefCd=34&kikanCd=2340358270&kikanKbn=2", "url2": "http://takabanaika.byoinnavi.jp/prepc/", "内容": "たかば内科医院【2:診療所】【診療科目:内科_循環器内科_消化器内科】広島県三次市三良坂町三良坂１０９６番地３" }, "geometry": { "type": "Point", "coordinates": [ 132.956926, 34.767951 ] } },
{ "type": "Feature", "properties": { "ID": 3422340358430, "正式名称": "医療法人社団　前野医院", "機関区分": 2, "都道府県コード": 34, "市区町村コード": 302, "所在地": "広島県安芸郡府中町石井城２－１０－２０　マエノビル１０１", "緯度": 34.40026, "経度": 132.507786, "url": "https://www.iryou.teikyouseido.mhlw.go.jp/znk-web/juminkanja/S2430/initialize?prefCd=34&kikanCd=2340358430&kikanKbn=2", "url2": null, "内容": "医療法人社団　前野医院【2:診療所】【診療科目:内科_感染症内科_呼吸器内科_小児科】広島県安芸郡府中町石井城２－１０－２０　マエノビル１０１" }, "geometry": { "type": "Point", "coordinates": [ 132.507786, 34.40026 ] } },
{ "type": "Feature", "properties": { "ID": 3422340359020, "正式名称": "医療法人社団　杉野小児科医院", "機関区分": 2, "都道府県コード": 34, "市区町村コード": 106, "所在地": "広島県広島市安佐北区亀山２丁目８－２６", "緯度": 34.520581, "経度": 132.501447, "url": "https://www.iryou.teikyouseido.mhlw.go.jp/znk-web/juminkanja/S2430/initialize?prefCd=34&kikanCd=2340359020&kikanKbn=2", "url2": "sugino-pediatric-clinic.jp", "内容": "医療法人社団　杉野小児科医院【2:診療所】【診療科目:小児科】広島県広島市安佐北区亀山２丁目８－２６" }, "geometry": { "type": "Point", "coordinates": [ 132.501447, 34.520581 ] } },
{ "type": "Feature", "properties": { "ID": 3422340359730, "正式名称": "医療法人　国政内科医院", "機関区分": 2, "都道府県コード": 34, "市区町村コード": 103, "所在地": "広島県広島市南区宇品神田４丁目９番２２号", "緯度": 34.361958, "経度": 132.46443, "url": "https://www.iryou.teikyouseido.mhlw.go.jp/znk-web/juminkanja/S2430/initialize?prefCd=34&kikanCd=2340359730&kikanKbn=2", "url2": null, "内容": "医療法人　国政内科医院【2:診療所】【診療科目:内科】広島県広島市南区宇品神田４丁目９番２２号" }, "geometry": { "type": "Point", "coordinates": [ 132.46443, 34.361958 ] } },
{ "type": "Feature", "properties": { "ID": 3422340359860, "正式名称": "医療法人　宮武医院", "機関区分": 2, "都道府県コード": 34, "市区町村コード": 105, "所在地": "広島県広島市安佐南区東野３丁目７番１７号", "緯度": 34.454587, "経度": 132.481619, "url": "https://www.iryou.teikyouseido.mhlw.go.jp/znk-web/juminkanja/S2430/initialize?prefCd=34&kikanCd=2340359860&kikanKbn=2", "url2": "https://www.miya-clin.com", "内容": "医療法人　宮武医院【2:診療所】【診療科目:内科_消化器内科_胃腸内科_肝臓内科_リハビリテーション科】広島県広島市安佐南区東野３丁目７番１７号" }, "geometry": { "type": "Point", "coordinates": [ 132.481619, 34.454587 ] } },
{ "type": "Feature", "properties": { "ID": 3422340359990, "正式名称": "よしみ内科クリニック", "機関区分": 2, "都道府県コード": 34, "市区町村コード": 106, "所在地": "広島県広島市安佐北区口田３丁目２８番１１号", "緯度": 34.465003, "経度": 132.503339, "url": "https://www.iryou.teikyouseido.mhlw.go.jp/znk-web/juminkanja/S2430/initialize?prefCd=34&kikanCd=2340359990&kikanKbn=2", "url2": "http://www.yoshiminaika.net/", "内容": "よしみ内科クリニック【2:診療所】【診療科目:内科_呼吸器内科_循環器内科_消化器内科_小児科】広島県広島市安佐北区口田３丁目２８番１１号" }, "geometry": { "type": "Point", "coordinates": [ 132.503339, 34.465003 ] } },
{ "type": "Feature", "properties": { "ID": 3422340360000, "正式名称": "大橋内科医院", "機関区分": 2, "都道府県コード": 34, "市区町村コード": 101, "所在地": "広島県広島市中区白島中町１１番１０号", "緯度": 34.408625, "経度": 132.465706, "url": "https://www.iryou.teikyouseido.mhlw.go.jp/znk-web/juminkanja/S2430/initialize?prefCd=34&kikanCd=2340360000&kikanKbn=2", "url2": null, "内容": "大橋内科医院【2:診療所】【診療科目:内科_呼吸器内科_循環器内科_腫瘍内科_疼痛緩和内科_アレルギー疾患内科】広島県広島市中区白島中町１１番１０号" }, "geometry": { "type": "Point", "coordinates": [ 132.465706, 34.408625 ] } },
{ "type": "Feature", "properties": { "ID": 3422340360390, "正式名称": "医療法人社団　森本医院", "機関区分": 2, "都道府県コード": 34, "市区町村コード": 202, "所在地": "広島県呉市倉橋町７３８２－２", "緯度": 34.144704, "経度": 132.509853, "url": "https://www.iryou.teikyouseido.mhlw.go.jp/znk-web/juminkanja/S2430/initialize?prefCd=34&kikanCd=2340360390&kikanKbn=2", "url2": "http://www.morimotoiin.com/", "内容": "医療法人社団　森本医院【2:診療所】【診療科目:内科_呼吸器内科_循環器内科_人工透析内科_整形外科_泌尿器科】広島県呉市倉橋町７３８２－２" }, "geometry": { "type": "Point", "coordinates": [ 132.509853, 34.144704 ] } },
{ "type": "Feature", "properties": { "ID": 3422340360680, "正式名称": "宇田内科リウマチ科", "機関区分": 2, "都道府県コード": 34, "市区町村コード": 207, "所在地": "広島県福山市東深津町二丁目８－３０", "緯度": 34.496294, "経度": 133.391375, "url": "https://www.iryou.teikyouseido.mhlw.go.jp/znk-web/juminkanja/S2430/initialize?prefCd=34&kikanCd=2340360680&kikanKbn=2", "url2": "https://sakuta4.wixsite.com/website", "内容": "宇田内科リウマチ科【2:診療所】【診療科目:内科_リウマチ科_リハビリテーション科_放射線科】広島県福山市東深津町二丁目８－３０" }, "geometry": { "type": "Point", "coordinates": [ 133.391375, 34.496294 ] } },
{ "type": "Feature", "properties": { "ID": 3422340360710, "正式名称": "医療法人　高橋眼科", "機関区分": 2, "都道府県コード": 34, "市区町村コード": 207, "所在地": "広島県福山市野上町２－１０－２４", "緯度": 34.477383, "経度": 133.363057, "url": "https://www.iryou.teikyouseido.mhlw.go.jp/znk-web/juminkanja/S2430/initialize?prefCd=34&kikanCd=2340360710&kikanKbn=2", "url2": "http://www.takahashi-eyeclinic.com/", "内容": "医療法人　高橋眼科【2:診療所】【診療科目:眼科】広島県福山市野上町２－１０－２４" }, "geometry": { "type": "Point", "coordinates": [ 133.363057, 34.477383 ] } },
{ "type": "Feature", "properties": { "ID": 3422340361270, "正式名称": "医療法人　蜂須賀整形外科", "機関区分": 2, "都道府県コード": 34, "市区町村コード": 104, "所在地": "広島県広島市西区己斐本町二丁目１２－２７", "緯度": 34.394091, "経度": 132.425982, "url": "https://www.iryou.teikyouseido.mhlw.go.jp/znk-web/juminkanja/S2430/initialize?prefCd=34&kikanCd=2340361270&kikanKbn=2", "url2": "http://www.hachisukaseikei.jp/", "内容": "医療法人　蜂須賀整形外科【2:診療所】【診療科目:整形外科_リハビリテーション科_麻酔科】広島県広島市西区己斐本町二丁目１２－２７" }, "geometry": { "type": "Point", "coordinates": [ 132.425982, 34.394091 ] } },
{ "type": "Feature", "properties": { "ID": 3422340361560, "正式名称": "土屋内科医院", "機関区分": 2, "都道府県コード": 34, "市区町村コード": 207, "所在地": "広島県福山市東手城町３丁目１１－１６", "緯度": 34.488545, "経度": 133.406013, "url": "https://www.iryou.teikyouseido.mhlw.go.jp/znk-web/juminkanja/S2430/initialize?prefCd=34&kikanCd=2340361560&kikanKbn=2", "url2": "http://nttbj.itp.ne.jp/0849411754/index.html?clk=105&kok=11&sv", "内容": "土屋内科医院【2:診療所】【診療科目:内科_循環器内科_消化器内科_小児科】広島県福山市東手城町３丁目１１－１６" }, "geometry": { "type": "Point", "coordinates": [ 133.406013, 34.488545 ] } },
{ "type": "Feature", "properties": { "ID": 3422340361720, "正式名称": "医療法人社団　石川胃腸科医院", "機関区分": 2, "都道府県コード": 34, "市区町村コード": 105, "所在地": "広島県広島市安佐南区緑井四丁目２５－７", "緯度": 34.467919, "経度": 132.473897, "url": "https://www.iryou.teikyouseido.mhlw.go.jp/znk-web/juminkanja/S2430/initialize?prefCd=34&kikanCd=2340361720&kikanKbn=2", "url2": "http://ishikawaiin.byoinnavi.jp", "内容": "医療法人社団　石川胃腸科医院【2:診療所】【診療科目:内科_胃腸内科_内視鏡内科_外科_放射線科】広島県広島市安佐南区緑井四丁目２５－７" }, "geometry": { "type": "Point", "coordinates": [ 132.473897, 34.467919 ] } },
{ "type": "Feature", "properties": { "ID": 3422340361850, "正式名称": "水入医院", "機関区分": 2, "都道府県コード": 34, "市区町村コード": 108, "所在地": "広島県広島市佐伯区利松一丁目８－５２", "緯度": 34.396147, "経度": 132.361738, "url": "https://www.iryou.teikyouseido.mhlw.go.jp/znk-web/juminkanja/S2430/initialize?prefCd=34&kikanCd=2340361850&kikanKbn=2", "url2": null, "内容": "水入医院【2:診療所】【診療科目:内科_消化器内科】広島県広島市佐伯区利松一丁目８－５２" }, "geometry": { "type": "Point", "coordinates": [ 132.361738, 34.396147 ] } },
{ "type": "Feature", "properties": { "ID": 3422340361980, "正式名称": "医療法人社団　かねみつ整形外科医院", "機関区分": 2, "都道府県コード": 34, "市区町村コード": 108, "所在地": "広島県広島市佐伯区八幡東三丁目２５－１７", "緯度": 34.384677, "経度": 132.363983, "url": "https://www.iryou.teikyouseido.mhlw.go.jp/znk-web/juminkanja/S2430/initialize?prefCd=34&kikanCd=2340361980&kikanKbn=2", "url2": null, "内容": "医療法人社団　かねみつ整形外科医院【2:診療所】【診療科目:循環器内科_外科_整形外科】広島県広島市佐伯区八幡東三丁目２５－１７" }, "geometry": { "type": "Point", "coordinates": [ 132.363983, 34.384677 ] } },
{ "type": "Feature", "properties": { "ID": 3422340362570, "正式名称": "さとう内科循環器科", "機関区分": 2, "都道府県コード": 34, "市区町村コード": 105, "所在地": "広島県広島市安佐南区緑井五丁目９－９", "緯度": 34.469641, "経度": 132.479202, "url": "https://www.iryou.teikyouseido.mhlw.go.jp/znk-web/juminkanja/S2430/initialize?prefCd=34&kikanCd=2340362570&kikanKbn=2", "url2": "https://www.sato-cli.com/", "内容": "さとう内科循環器科【2:診療所】【診療科目:内科_循環器内科】広島県広島市安佐南区緑井五丁目９－９" }, "geometry": { "type": "Point", "coordinates": [ 132.479202, 34.469641 ] } },
{ "type": "Feature", "properties": { "ID": 3422340362730, "正式名称": "医療法人社団　妹尾内科", "機関区分": 2, "都道府県コード": 34, "市区町村コード": 101, "所在地": "広島県広島市中区十日市町一丁目４－２５", "緯度": 34.396926, "経度": 132.448291, "url": "https://www.iryou.teikyouseido.mhlw.go.jp/znk-web/juminkanja/S2430/initialize?prefCd=34&kikanCd=2340362730&kikanKbn=2", "url2": null, "内容": "医療法人社団　妹尾内科【2:診療所】【診療科目:内科_消化器内科_神経内科】広島県広島市中区十日市町一丁目４－２５" }, "geometry": { "type": "Point", "coordinates": [ 132.448291, 34.396926 ] } },
{ "type": "Feature", "properties": { "ID": 3422340363160, "正式名称": "佐伯クリニック", "機関区分": 2, "都道府県コード": 34, "市区町村コード": 207, "所在地": "広島県福山市霞町４丁目１番２１号", "緯度": 34.483711, "経度": 133.360072, "url": "https://www.iryou.teikyouseido.mhlw.go.jp/znk-web/juminkanja/S2430/initialize?prefCd=34&kikanCd=2340363160&kikanKbn=2", "url2": null, "内容": "佐伯クリニック【2:診療所】【診療科目:外科_形成外科_皮膚科_リハビリテーション科】広島県福山市霞町４丁目１番２１号" }, "geometry": { "type": "Point", "coordinates": [ 133.360072, 34.483711 ] } },
{ "type": "Feature", "properties": { "ID": 3422340363290, "正式名称": "医療法人社団　おおもと会　大本整形外科", "機関区分": 2, "都道府県コード": 34, "市区町村コード": 202, "所在地": "広島県呉市中央６丁目５番２号", "緯度": 34.251861, "経度": 132.567871, "url": "https://www.iryou.teikyouseido.mhlw.go.jp/znk-web/juminkanja/S2430/initialize?prefCd=34&kikanCd=2340363290&kikanKbn=2", "url2": null, "内容": "医療法人社団　おおもと会　大本整形外科【2:診療所】【診療科目:整形外科_リハビリテーション科】広島県呉市中央６丁目５番２号" }, "geometry": { "type": "Point", "coordinates": [ 132.567871, 34.251861 ] } },
{ "type": "Feature", "properties": { "ID": 3422340363610, "正式名称": "医療法人社団　長谷川産婦人科", "機関区分": 2, "都道府県コード": 34, "市区町村コード": 205, "所在地": "広島県尾道市久保１丁目１３番１８号", "緯度": 34.409966, "経度": 133.2052, "url": "https://www.iryou.teikyouseido.mhlw.go.jp/znk-web/juminkanja/S2430/initialize?prefCd=34&kikanCd=2340363610&kikanKbn=2", "url2": null, "内容": "医療法人社団　長谷川産婦人科【2:診療所】【診療科目:産婦人科】広島県尾道市久保１丁目１３番１８号" }, "geometry": { "type": "Point", "coordinates": [ 133.2052, 34.409966 ] } },
{ "type": "Feature", "properties": { "ID": 3422340363870, "正式名称": "武井胃腸科内科", "機関区分": 2, "都道府県コード": 34, "市区町村コード": 204, "所在地": "広島県三原市宮沖５－８－２０", "緯度": 34.390299, "経度": 133.074711, "url": "https://www.iryou.teikyouseido.mhlw.go.jp/znk-web/juminkanja/S2430/initialize?prefCd=34&kikanCd=2340363870&kikanKbn=2", "url2": "https://takeiclinic.com/", "内容": "武井胃腸科内科【2:診療所】【診療科目:内科_胃腸内科】広島県三原市宮沖５－８－２０" }, "geometry": { "type": "Point", "coordinates": [ 133.074711, 34.390299 ] } },
{ "type": "Feature", "properties": { "ID": 3422340364750, "正式名称": "医療法人正智会　小林外科胃腸科", "機関区分": 2, "都道府県コード": 34, "市区町村コード": 207, "所在地": "広島県福山市山手町２丁目１－１", "緯度": 34.492182, "経度": 133.334185, "url": "https://www.iryou.teikyouseido.mhlw.go.jp/znk-web/juminkanja/S2430/initialize?prefCd=34&kikanCd=2340364750&kikanKbn=2", "url2": null, "内容": "医療法人正智会　小林外科胃腸科【2:診療所】【診療科目:胃腸内科_外科_放射線科】広島県福山市山手町２丁目１－１" }, "geometry": { "type": "Point", "coordinates": [ 133.334185, 34.492182 ] } },
{ "type": "Feature", "properties": { "ID": 3422340364910, "正式名称": "医療法人　石田医院", "機関区分": 2, "都道府県コード": 34, "市区町村コード": 102, "所在地": "広島県広島市東区戸坂出江２丁目１０番３１号", "緯度": 34.433562, "経度": 132.488397, "url": "https://www.iryou.teikyouseido.mhlw.go.jp/znk-web/juminkanja/S2430/initialize?prefCd=34&kikanCd=2340364910&kikanKbn=2", "url2": "https://www.bing.com/search?q=%E7%9F%B3%E7%94%B0%E5%8C%BB%E9%99%A2&form=ANNTH1&refig=a7e4bef2d929479f926b04b86dea6fe4", "内容": "医療法人　石田医院【2:診療所】【診療科目:内科_消化器内科_肝臓内科】広島県広島市東区戸坂出江２丁目１０番３１号" }, "geometry": { "type": "Point", "coordinates": [ 132.488397, 34.433562 ] } },
{ "type": "Feature", "properties": { "ID": 3422340365050, "正式名称": "高橋内科小児科医院", "機関区分": 2, "都道府県コード": 34, "市区町村コード": 105, "所在地": "広島県広島市安佐南区緑井２丁目１２番２５号", "緯度": 34.467508, "経度": 132.470199, "url": "https://www.iryou.teikyouseido.mhlw.go.jp/znk-web/juminkanja/S2430/initialize?prefCd=34&kikanCd=2340365050&kikanKbn=2", "url2": "http://www.asuka-net.or.jp", "内容": "高橋内科小児科医院【2:診療所】【診療科目:内科_糖尿病内科_代謝内科_呼吸器内科_循環器内科_消化器内科_小児科_リハビリテーション科】広島県広島市安佐南区緑井２丁目１２番２５号" }, "geometry": { "type": "Point", "coordinates": [ 132.470199, 34.467508 ] } },
{ "type": "Feature", "properties": { "ID": 3422340365340, "正式名称": "医療法人　青雲会　豊栄診療所", "機関区分": 2, "都道府県コード": 34, "市区町村コード": 212, "所在地": "広島県東広島市豊栄町乃美３００９", "緯度": 34.567137, "経度": 132.814391, "url": "https://www.iryou.teikyouseido.mhlw.go.jp/znk-web/juminkanja/S2430/initialize?prefCd=34&kikanCd=2340365340&kikanKbn=2", "url2": "https://zouka-nobuharaclinic.net/", "内容": "医療法人　青雲会　豊栄診療所【2:診療所】【診療科目:内科_小児科】広島県東広島市豊栄町乃美３００９" }, "geometry": { "type": "Point", "coordinates": [ 132.814391, 34.567137 ] } },
{ "type": "Feature", "properties": { "ID": 3422340365500, "正式名称": "もりお内科", "機関区分": 2, "都道府県コード": 34, "市区町村コード": 101, "所在地": "広島県広島市中区舟入川口町６－８", "緯度": 34.38167, "経度": 132.442302, "url": "https://www.iryou.teikyouseido.mhlw.go.jp/znk-web/juminkanja/S2430/initialize?prefCd=34&kikanCd=2340365500&kikanKbn=2", "url2": "https://morio-naika.jp", "内容": "もりお内科【2:診療所】【診療科目:内科_消化器内科_胃腸内科_肝臓内科_内視鏡内科】広島県広島市中区舟入川口町６－８" }, "geometry": { "type": "Point", "coordinates": [ 132.442302, 34.38167 ] } },
{ "type": "Feature", "properties": { "ID": 3422340366060, "正式名称": "こたち胃腸科・内科医院", "機関区分": 2, "都道府県コード": 34, "市区町村コード": 202, "所在地": "広島県呉市焼山中央１丁目１５番２５号", "緯度": 34.294856, "経度": 132.556898, "url": "https://www.iryou.teikyouseido.mhlw.go.jp/znk-web/juminkanja/S2430/initialize?prefCd=34&kikanCd=2340366060&kikanKbn=2", "url2": null, "内容": "こたち胃腸科・内科医院【2:診療所】【診療科目:内科】広島県呉市焼山中央１丁目１５番２５号" }, "geometry": { "type": "Point", "coordinates": [ 132.556898, 34.294856 ] } },
{ "type": "Feature", "properties": { "ID": 3422340366220, "正式名称": "原医院", "機関区分": 2, "都道府県コード": 34, "市区町村コード": 202, "所在地": "広島県呉市吉浦東本町１丁目７－４", "緯度": 34.257915, "経度": 132.529596, "url": "https://www.iryou.teikyouseido.mhlw.go.jp/znk-web/juminkanja/S2430/initialize?prefCd=34&kikanCd=2340366220&kikanKbn=2", "url2": null, "内容": "原医院【2:診療所】【診療科目:内科_循環器内科_小児科】広島県呉市吉浦東本町１丁目７－４" }, "geometry": { "type": "Point", "coordinates": [ 132.529596, 34.257915 ] } },
{ "type": "Feature", "properties": { "ID": 3422340366350, "正式名称": "向井内科・訪問歯科クリニック", "機関区分": 2, "都道府県コード": 34, "市区町村コード": 202, "所在地": "広島県呉市音戸町田原２－２－８", "緯度": 34.177836, "経度": 132.49952, "url": "https://www.iryou.teikyouseido.mhlw.go.jp/znk-web/juminkanja/S2430/initialize?prefCd=34&kikanCd=2340366350&kikanKbn=2", "url2": "http://www.mukai-naika.jp/", "内容": "向井内科・訪問歯科クリニック【2:診療所】【診療科目:内科_胃腸内科_歯科_リハビリテーション科_放射線科】広島県呉市音戸町田原２－２－８" }, "geometry": { "type": "Point", "coordinates": [ 132.49952, 34.177836 ] } },
{ "type": "Feature", "properties": { "ID": 3422340366480, "正式名称": "門沢医院", "機関区分": 2, "都道府県コード": 34, "市区町村コード": 212, "所在地": "広島県東広島市西条下見六丁目１０番４号", "緯度": 34.408402, "経度": 132.714851, "url": "https://www.iryou.teikyouseido.mhlw.go.jp/znk-web/juminkanja/S2430/initialize?prefCd=34&kikanCd=2340366480&kikanKbn=2", "url2": null, "内容": "門沢医院【2:診療所】【診療科目:内科_呼吸器内科_消化器内科_小児科】広島県東広島市西条下見六丁目１０番４号" }, "geometry": { "type": "Point", "coordinates": [ 132.714851, 34.408402 ] } },
{ "type": "Feature", "properties": { "ID": 3422340366510, "正式名称": "医療法人社団　大井内科医院", "機関区分": 2, "都道府県コード": 34, "市区町村コード": 215, "所在地": "広島県江田島市大柿町飛渡瀬１５５３－３", "緯度": 34.201532, "経度": 132.472919, "url": "https://www.iryou.teikyouseido.mhlw.go.jp/znk-web/juminkanja/S2430/initialize?prefCd=34&kikanCd=2340366510&kikanKbn=2", "url2": null, "内容": "医療法人社団　大井内科医院【2:診療所】【診療科目:内科_眼科_リウマチ科_リハビリテーション科】広島県江田島市大柿町飛渡瀬１５５３－３" }, "geometry": { "type": "Point", "coordinates": [ 132.472919, 34.201532 ] } },
{ "type": "Feature", "properties": { "ID": 3422340366770, "正式名称": "本町医院", "機関区分": 2, "都道府県コード": 34, "市区町村コード": 211, "所在地": "広島県大竹市本町２－１５－１７", "緯度": 34.209498, "経度": 132.216819, "url": "https://www.iryou.teikyouseido.mhlw.go.jp/znk-web/juminkanja/S2430/initialize?prefCd=34&kikanCd=2340366770&kikanKbn=2", "url2": null, "内容": "本町医院【2:診療所】【診療科目:内科_消化器内科_胃腸内科】広島県大竹市本町２－１５－１７" }, "geometry": { "type": "Point", "coordinates": [ 132.216819, 34.209498 ] } },
{ "type": "Feature", "properties": { "ID": 3422340366930, "正式名称": "医療法人社団啓仁会　中村外科胃腸科医院", "機関区分": 2, "都道府県コード": 34, "市区町村コード": 207, "所在地": "広島県福山市金江町金見２８７９－８", "緯度": 34.429326, "経度": 133.277137, "url": "https://www.iryou.teikyouseido.mhlw.go.jp/znk-web/juminkanja/S2430/initialize?prefCd=34&kikanCd=2340366930&kikanKbn=2", "url2": null, "内容": "医療法人社団啓仁会　中村外科胃腸科医院【2:診療所】【診療科目:内科_胃腸内科_外科_肛門外科_リハビリテーション科_放射線科】広島県福山市金江町金見２８７９－８" }, "geometry": { "type": "Point", "coordinates": [ 133.277137, 34.429326 ] } },
{ "type": "Feature", "properties": { "ID": 3422340367490, "正式名称": "医療法人　大内耳鼻咽喉科医院", "機関区分": 2, "都道府県コード": 34, "市区町村コード": 108, "所在地": "広島県広島市佐伯区皆賀二丁目２番２７号", "緯度": 34.374955, "経度": 132.367576, "url": "https://www.iryou.teikyouseido.mhlw.go.jp/znk-web/juminkanja/S2430/initialize?prefCd=34&kikanCd=2340367490&kikanKbn=2", "url2": "http://www.ouchi-jibi.jp/", "内容": "医療法人　大内耳鼻咽喉科医院【2:診療所】【診療科目:耳鼻いんこう科】広島県広島市佐伯区皆賀二丁目２番２７号" }, "geometry": { "type": "Point", "coordinates": [ 132.367576, 34.374955 ] } },
{ "type": "Feature", "properties": { "ID": 3422340367650, "正式名称": "医療法人社団　野間クリニック", "機関区分": 2, "都道府県コード": 34, "市区町村コード": 202, "所在地": "広島県呉市吉浦本町１丁目２－３", "緯度": 34.258359, "経度": 132.52718, "url": "https://www.iryou.teikyouseido.mhlw.go.jp/znk-web/juminkanja/S2430/initialize?prefCd=34&kikanCd=2340367650&kikanKbn=2", "url2": "https://www.the-nomaclinic.com/", "内容": "医療法人社団　野間クリニック【2:診療所】【診療科目:内科_循環器内科_消化器内科】広島県呉市吉浦本町１丁目２－３" }, "geometry": { "type": "Point", "coordinates": [ 132.52718, 34.258359 ] } },
{ "type": "Feature", "properties": { "ID": 3422340367810, "正式名称": "医療法人社団　三矢会　原田医院", "機関区分": 2, "都道府県コード": 34, "市区町村コード": 105, "所在地": "広島県広島市安佐南区川内四丁目１５番１８号", "緯度": 34.463975, "経度": 132.487007, "url": "https://www.iryou.teikyouseido.mhlw.go.jp/znk-web/juminkanja/S2430/initialize?prefCd=34&kikanCd=2340367810&kikanKbn=2", "url2": "http://www.harada-hp.co.jp/", "内容": "医療法人社団　三矢会　原田医院【2:診療所】【診療科目:内科_整形外科_小児科_リハビリテーション科】広島県広島市安佐南区川内四丁目１５番１８号" }, "geometry": { "type": "Point", "coordinates": [ 132.487007, 34.463975 ] } },
{ "type": "Feature", "properties": { "ID": 3422340368660, "正式名称": "小山田内科医院", "機関区分": 2, "都道府県コード": 34, "市区町村コード": 302, "所在地": "広島県安芸郡府中町鹿籠二丁目１３－６", "緯度": 34.380124, "経度": 132.507898, "url": "https://www.iryou.teikyouseido.mhlw.go.jp/znk-web/juminkanja/S2430/initialize?prefCd=34&kikanCd=2340368660&kikanKbn=2", "url2": null, "内容": "小山田内科医院【2:診療所】【診療科目:内科_循環器内科_消化器内科】広島県安芸郡府中町鹿籠二丁目１３－６" }, "geometry": { "type": "Point", "coordinates": [ 132.507898, 34.380124 ] } },
{ "type": "Feature", "properties": { "ID": 3422340368820, "正式名称": "医療法人社団　藤本外科・胃腸科・肛門科クリニック", "機関区分": 2, "都道府県コード": 34, "市区町村コード": 207, "所在地": "広島県福山市御門町３丁目９番２３号", "緯度": 34.477264, "経度": 133.370774, "url": "https://www.iryou.teikyouseido.mhlw.go.jp/znk-web/juminkanja/S2430/initialize?prefCd=34&kikanCd=2340368820&kikanKbn=2", "url2": "https://www.fujimotocl.com/", "内容": "医療法人社団　藤本外科・胃腸科・肛門科クリニック【2:診療所】【診療科目:胃腸内科_外科_肛門外科】広島県福山市御門町３丁目９番２３号" }, "geometry": { "type": "Point", "coordinates": [ 133.370774, 34.477264 ] } },
{ "type": "Feature", "properties": { "ID": 3422340369700, "正式名称": "広島原爆障害対策協議会　健康管理・増進センター", "機関区分": 2, "都道府県コード": 34, "市区町村コード": 101, "所在地": "広島県広島市中区千田町三丁目８番６号", "緯度": 34.376318, "経度": 132.45718, "url": "https://www.iryou.teikyouseido.mhlw.go.jp/znk-web/juminkanja/S2430/initialize?prefCd=34&kikanCd=2340369700&kikanKbn=2", "url2": "http://www.gentaikyo.or.jp", "内容": "広島原爆障害対策協議会　健康管理・増進センター【2:診療所】【診療科目:内科_糖尿病・代謝内科_呼吸器内科_循環器内科_消化器内科_乳腺外科_婦人科_放射線科】広島県広島市中区千田町三丁目８番６号" }, "geometry": { "type": "Point", "coordinates": [ 132.45718, 34.376318 ] } },
{ "type": "Feature", "properties": { "ID": 3422340371110, "正式名称": "うえむらファミリークリニック", "機関区分": 2, "都道府県コード": 34, "市区町村コード": 101, "所在地": "広島県広島市中区住吉町８－１９", "緯度": 34.383834, "経度": 132.449001, "url": "https://www.iryou.teikyouseido.mhlw.go.jp/znk-web/juminkanja/S2430/initialize?prefCd=34&kikanCd=2340371110&kikanKbn=2", "url2": "https://uemura-family-clinic.com", "内容": "うえむらファミリークリニック【2:診療所】【診療科目:内科_脳神経内科_小児科】広島県広島市中区住吉町８－１９" }, "geometry": { "type": "Point", "coordinates": [ 132.449001, 34.383834 ] } },
{ "type": "Feature", "properties": { "ID": 3422340371530, "正式名称": "医療法人社団ひかり会　焼山木村眼科", "機関区分": 2, "都道府県コード": 34, "市区町村コード": 202, "所在地": "広島県呉市焼山中央１丁目１０－９", "緯度": 34.293967, "経度": 132.555203, "url": "https://www.iryou.teikyouseido.mhlw.go.jp/znk-web/juminkanja/S2430/initialize?prefCd=34&kikanCd=2340371530&kikanKbn=2", "url2": "http://www.kimura-eye.or.jp/", "内容": "医療法人社団ひかり会　焼山木村眼科【2:診療所】【診療科目:眼科】広島県呉市焼山中央１丁目１０－９" }, "geometry": { "type": "Point", "coordinates": [ 132.555203, 34.293967 ] } },
{ "type": "Feature", "properties": { "ID": 3422340372120, "正式名称": "医療法人社団　孝和会　石田診療所", "機関区分": 2, "都道府県コード": 34, "市区町村コード": 103, "所在地": "広島県広島市南区的場町１丁目８－１９", "緯度": 34.392761, "経度": 132.473678, "url": "https://www.iryou.teikyouseido.mhlw.go.jp/znk-web/juminkanja/S2430/initialize?prefCd=34&kikanCd=2340372120&kikanKbn=2", "url2": null, "内容": "医療法人社団　孝和会　石田診療所【2:診療所】【診療科目:内科_呼吸器内科_消化器内科_胃腸内科_外科_整形外科_リハビリテーション科】広島県広島市南区的場町１丁目８－１９" }, "geometry": { "type": "Point", "coordinates": [ 132.473678, 34.392761 ] } },
{ "type": "Feature", "properties": { "ID": 3422340372380, "正式名称": "医療法人社団　山本内科循環器科", "機関区分": 2, "都道府県コード": 34, "市区町村コード": 104, "所在地": "広島県広島市西区高須一丁目５－２３", "緯度": 34.393199, "経度": 132.418597, "url": "https://www.iryou.teikyouseido.mhlw.go.jp/znk-web/juminkanja/S2430/initialize?prefCd=34&kikanCd=2340372380&kikanKbn=2", "url2": "www.yamamotonaika.jp", "内容": "医療法人社団　山本内科循環器科【2:診療所】【診療科目:内科_呼吸器内科_循環器内科_消化器内科】広島県広島市西区高須一丁目５－２３" }, "geometry": { "type": "Point", "coordinates": [ 132.418597, 34.393199 ] } },
{ "type": "Feature", "properties": { "ID": 3422340372670, "正式名称": "後藤泌尿器科医院", "機関区分": 2, "都道府県コード": 34, "市区町村コード": 207, "所在地": "広島県福山市駅家町江良４２７番地の１", "緯度": 34.538899, "経度": 133.319462, "url": "https://www.iryou.teikyouseido.mhlw.go.jp/znk-web/juminkanja/S2430/initialize?prefCd=34&kikanCd=2340372670&kikanKbn=2", "url2": null, "内容": "後藤泌尿器科医院【2:診療所】【診療科目:泌尿器科】広島県福山市駅家町江良４２７番地の１" }, "geometry": { "type": "Point", "coordinates": [ 133.319462, 34.538899 ] } },
{ "type": "Feature", "properties": { "ID": 3422340373000, "正式名称": "新本クリニック", "機関区分": 2, "都道府県コード": 34, "市区町村コード": 101, "所在地": "広島県広島市中区胡町６－２６　福屋１１Ｆ", "緯度": 34.39351, "経度": 132.46279, "url": "https://www.iryou.teikyouseido.mhlw.go.jp/znk-web/juminkanja/S2430/initialize?prefCd=34&kikanCd=2340373000&kikanKbn=2", "url2": "https://www.niimotoclinic-hacchoubori.com", "内容": "新本クリニック【2:診療所】【診療科目:内科_外科_整形外科】広島県広島市中区胡町６－２６　福屋１１Ｆ" }, "geometry": { "type": "Point", "coordinates": [ 132.46279, 34.39351 ] } },
{ "type": "Feature", "properties": { "ID": 3422340373130, "正式名称": "木ノ原内科小児科医院", "機関区分": 2, "都道府県コード": 34, "市区町村コード": 106, "所在地": "広島県広島市安佐北区亀崎一丁目２－３０", "緯度": 34.481613, "経度": 132.524281, "url": "https://www.iryou.teikyouseido.mhlw.go.jp/znk-web/juminkanja/S2430/initialize?prefCd=34&kikanCd=2340373130&kikanKbn=2", "url2": "https://www.kinohara-naika-shonika.com/", "内容": "木ノ原内科小児科医院【2:診療所】【診療科目:内科_小児科】広島県広島市安佐北区亀崎一丁目２－３０" }, "geometry": { "type": "Point", "coordinates": [ 132.524281, 34.481613 ] } },
{ "type": "Feature", "properties": { "ID": 3422340373390, "正式名称": "森岡整形外科医院", "機関区分": 2, "都道府県コード": 34, "市区町村コード": 202, "所在地": "広島県呉市焼山中央２丁目９番３７号", "緯度": 34.296578, "経度": 132.55937, "url": "https://www.iryou.teikyouseido.mhlw.go.jp/znk-web/juminkanja/S2430/initialize?prefCd=34&kikanCd=2340373390&kikanKbn=2", "url2": null, "内容": "森岡整形外科医院【2:診療所】【診療科目:整形外科】広島県呉市焼山中央２丁目９番３７号" }, "geometry": { "type": "Point", "coordinates": [ 132.55937, 34.296578 ] } },
{ "type": "Feature", "properties": { "ID": 3422340373550, "正式名称": "田中皮ふ科医院", "機関区分": 2, "都道府県コード": 34, "市区町村コード": 207, "所在地": "広島県福山市宝町４－１０", "緯度": 34.489405, "経度": 133.366127, "url": "https://www.iryou.teikyouseido.mhlw.go.jp/znk-web/juminkanja/S2430/initialize?prefCd=34&kikanCd=2340373550&kikanKbn=2", "url2": "https://www.tanakahifu.jp/", "内容": "田中皮ふ科医院【2:診療所】【診療科目:形成外科_皮膚科_アレルギー科】広島県福山市宝町４－１０" }, "geometry": { "type": "Point", "coordinates": [ 133.366127, 34.489405 ] } },
{ "type": "Feature", "properties": { "ID": 3422340373710, "正式名称": "唐川消化器・内科医院", "機関区分": 2, "都道府県コード": 34, "市区町村コード": 103, "所在地": "広島県広島市南区東霞町７番５号", "緯度": 34.378151, "経度": 132.486011, "url": "https://www.iryou.teikyouseido.mhlw.go.jp/znk-web/juminkanja/S2430/initialize?prefCd=34&kikanCd=2340373710&kikanKbn=2", "url2": "http://www.enjoy.ne.jp/~karataku/", "内容": "唐川消化器・内科医院【2:診療所】【診療科目:内科_糖尿病内科_呼吸器内科_循環器内科_消化器内科_アレルギー科_リハビリテーション科】広島県広島市南区東霞町７番５号" }, "geometry": { "type": "Point", "coordinates": [ 132.486011, 34.378151 ] } },
{ "type": "Feature", "properties": { "ID": 3422340374140, "正式名称": "森岡医院", "機関区分": 2, "都道府県コード": 34, "市区町村コード": 462, "所在地": "広島県世羅郡世羅町西上原４８２－１３", "緯度": 34.588985, "経度": 133.060436, "url": "https://www.iryou.teikyouseido.mhlw.go.jp/znk-web/juminkanja/S2430/initialize?prefCd=34&kikanCd=2340374140&kikanKbn=2", "url2": null, "内容": "森岡医院【2:診療所】【診療科目:内科_胃腸内科_外科_肛門外科】広島県世羅郡世羅町西上原４８２－１３" }, "geometry": { "type": "Point", "coordinates": [ 133.060436, 34.588985 ] } },
{ "type": "Feature", "properties": { "ID": 3422340374720, "正式名称": "医療法人　おち眼科医院", "機関区分": 2, "都道府県コード": 34, "市区町村コード": 105, "所在地": "広島県広島市安佐南区山本１丁目５番１５号", "緯度": 34.435773, "経度": 132.456265, "url": "https://www.iryou.teikyouseido.mhlw.go.jp/znk-web/juminkanja/S2430/initialize?prefCd=34&kikanCd=2340374720&kikanKbn=2", "url2": "www.ochi-ganka.com", "内容": "医療法人　おち眼科医院【2:診療所】【診療科目:眼科】広島県広島市安佐南区山本１丁目５番１５号" }, "geometry": { "type": "Point", "coordinates": [ 132.456265, 34.435773 ] } },
{ "type": "Feature", "properties": { "ID": 3422340374850, "正式名称": "医療法人　光恵会　おの眼科", "機関区分": 2, "都道府県コード": 34, "市区町村コード": 107, "所在地": "広島県広島市安芸区矢野西４丁目１－２１メデイックスビル３階", "緯度": 34.352349, "経度": 132.532703, "url": "https://www.iryou.teikyouseido.mhlw.go.jp/znk-web/juminkanja/S2430/initialize?prefCd=34&kikanCd=2340374850&kikanKbn=2", "url2": "https:www.onoeye.net", "内容": "医療法人　光恵会　おの眼科【2:診療所】【診療科目:眼科】広島県広島市安芸区矢野西４丁目１－２１メデイックスビル３階" }, "geometry": { "type": "Point", "coordinates": [ 132.532703, 34.352349 ] } },
{ "type": "Feature", "properties": { "ID": 3422340374980, "正式名称": "吉田内科循環器科", "機関区分": 2, "都道府県コード": 34, "市区町村コード": 101, "所在地": "広島県広島市中区胡町４－２８ビル３Ｆ", "緯度": 34.392966, "経度": 132.465735, "url": "https://www.iryou.teikyouseido.mhlw.go.jp/znk-web/juminkanja/S2430/initialize?prefCd=34&kikanCd=2340374980&kikanKbn=2", "url2": null, "内容": "吉田内科循環器科【2:診療所】【診療科目:内科_循環器内科_放射線科】広島県広島市中区胡町４－２８ビル３Ｆ" }, "geometry": { "type": "Point", "coordinates": [ 132.465735, 34.392966 ] } },
{ "type": "Feature", "properties": { "ID": 3422340375150, "正式名称": "健康倶楽部　健診クリニック", "機関区分": 2, "都道府県コード": 34, "市区町村コード": 101, "所在地": "広島県広島市中区大手町三丁目７－５", "緯度": 34.387983, "経度": 132.454707, "url": "https://www.iryou.teikyouseido.mhlw.go.jp/znk-web/juminkanja/S2430/initialize?prefCd=34&kikanCd=2340375150&kikanKbn=2", "url2": "https://www.kenkouclub.or.jp", "内容": "健康倶楽部　健診クリニック【2:診療所】【診療科目:内科_消化器内科】広島県広島市中区大手町三丁目７－５" }, "geometry": { "type": "Point", "coordinates": [ 132.454707, 34.387983 ] } },
{ "type": "Feature", "properties": { "ID": 3422340375310, "正式名称": "むとう内科・外科・胃腸科医院", "機関区分": 2, "都道府県コード": 34, "市区町村コード": 104, "所在地": "広島県広島市西区楠木町１丁目５－１２", "緯度": 34.409592, "経度": 132.45554, "url": "https://www.iryou.teikyouseido.mhlw.go.jp/znk-web/juminkanja/S2430/initialize?prefCd=34&kikanCd=2340375310&kikanKbn=2", "url2": null, "内容": "むとう内科・外科・胃腸科医院【2:診療所】【診療科目:内科_呼吸器内科_循環器内科_消化器内科_外科_肛門外科_整形外科】広島県広島市西区楠木町１丁目５－１２" }, "geometry": { "type": "Point", "coordinates": [ 132.45554, 34.409592 ] } },
{ "type": "Feature", "properties": { "ID": 3422340375600, "正式名称": "寄田医院", "機関区分": 2, "都道府県コード": 34, "市区町村コード": 108, "所在地": "広島県広島市佐伯区五日市中央二丁目２番１５号", "緯度": 34.370344, "経度": 132.355966, "url": "https://www.iryou.teikyouseido.mhlw.go.jp/znk-web/juminkanja/S2430/initialize?prefCd=34&kikanCd=2340375600&kikanKbn=2", "url2": "http://www.yoritaiin.sakura.ne.jp/", "内容": "寄田医院【2:診療所】【診療科目:内科】広島県広島市佐伯区五日市中央二丁目２番１５号" }, "geometry": { "type": "Point", "coordinates": [ 132.355966, 34.370344 ] } },
{ "type": "Feature", "properties": { "ID": 3422340376320, "正式名称": "一般社団法人　福山市医師会健康支援センター", "機関区分": 2, "都道府県コード": 34, "市区町村コード": 207, "所在地": "広島県福山市三吉町南二丁目１１－２５", "緯度": 34.489211, "経度": 133.379737, "url": "https://www.iryou.teikyouseido.mhlw.go.jp/znk-web/juminkanja/S2430/initialize?prefCd=34&kikanCd=2340376320&kikanKbn=2", "url2": "http://www.fmed.jp", "内容": "一般社団法人　福山市医師会健康支援センター【2:診療所】【診療科目:小児科_病理診断科】広島県福山市三吉町南二丁目１１－２５" }, "geometry": { "type": "Point", "coordinates": [ 133.379737, 34.489211 ] } },
{ "type": "Feature", "properties": { "ID": 3422340376900, "正式名称": "医療法人社団　竹内クリニック", "機関区分": 2, "都道府県コード": 34, "市区町村コード": 103, "所在地": "広島県広島市南区出汐二丁目３－２８　ハイタウン出汐１Ｆ", "緯度": 34.377429, "経度": 132.475734, "url": "https://www.iryou.teikyouseido.mhlw.go.jp/znk-web/juminkanja/S2430/initialize?prefCd=34&kikanCd=2340376900&kikanKbn=2", "url2": null, "内容": "医療法人社団　竹内クリニック【2:診療所】【診療科目:内科_胃腸内科_外科】広島県広島市南区出汐二丁目３－２８　ハイタウン出汐１Ｆ" }, "geometry": { "type": "Point", "coordinates": [ 132.475734, 34.377429 ] } },
{ "type": "Feature", "properties": { "ID": 3422340377040, "正式名称": "医療法人いずみ会　藤井循環器内科", "機関区分": 2, "都道府県コード": 34, "市区町村コード": 103, "所在地": "広島県広島市南区宇品神田二丁目１４－２４　サンシャインＯＤＡ２階", "緯度": 34.364597, "経度": 132.464652, "url": "https://www.iryou.teikyouseido.mhlw.go.jp/znk-web/juminkanja/S2430/initialize?prefCd=34&kikanCd=2340377040&kikanKbn=2", "url2": "http://www.fujii-naika.jp/", "内容": "医療法人いずみ会　藤井循環器内科【2:診療所】【診療科目:内科_呼吸器内科_循環器内科_消化器内科_放射線科】広島県広島市南区宇品神田二丁目１４－２４　サンシャインＯＤＡ２階" }, "geometry": { "type": "Point", "coordinates": [ 132.464652, 34.364597 ] } },
{ "type": "Feature", "properties": { "ID": 3422340377330, "正式名称": "福原内科クリニック", "機関区分": 2, "都道府県コード": 34, "市区町村コード": 202, "所在地": "広島県呉市本通七丁目１－２０", "緯度": 34.25066, "経度": 132.575659, "url": "https://www.iryou.teikyouseido.mhlw.go.jp/znk-web/juminkanja/S2430/initialize?prefCd=34&kikanCd=2340377330&kikanKbn=2", "url2": "http://fukuharanaik.byoinnavi.jp", "内容": "福原内科クリニック【2:診療所】【診療科目:内科_呼吸器内科_循環器内科_胃腸内科_アレルギー科_リハビリテーション科_放射線科】広島県呉市本通七丁目１－２０" }, "geometry": { "type": "Point", "coordinates": [ 132.575659, 34.25066 ] } },
{ "type": "Feature", "properties": { "ID": 3422340377750, "正式名称": "医療法人　山代眼科医院", "機関区分": 2, "都道府県コード": 34, "市区町村コード": 101, "所在地": "広島県広島市中区舟入本町７－１５", "緯度": 34.3864, "経度": 132.441014, "url": "https://www.iryou.teikyouseido.mhlw.go.jp/znk-web/juminkanja/S2430/initialize?prefCd=34&kikanCd=2340377750&kikanKbn=2", "url2": "http://www.yamashiro-eye.jp", "内容": "医療法人　山代眼科医院【2:診療所】【診療科目:眼科】広島県広島市中区舟入本町７－１５" }, "geometry": { "type": "Point", "coordinates": [ 132.441014, 34.3864 ] } },
{ "type": "Feature", "properties": { "ID": 3422340377880, "正式名称": "細川・内藤医院", "機関区分": 2, "都道府県コード": 34, "市区町村コード": 101, "所在地": "広島県広島市中区江波東一丁目１３－２８", "緯度": 34.372846, "経度": 132.438001, "url": "https://www.iryou.teikyouseido.mhlw.go.jp/znk-web/juminkanja/S2430/initialize?prefCd=34&kikanCd=2340377880&kikanKbn=2", "url2": null, "内容": "細川・内藤医院【2:診療所】【診療科目:内科_小児科_皮膚科】広島県広島市中区江波東一丁目１３－２８" }, "geometry": { "type": "Point", "coordinates": [ 132.438001, 34.372846 ] } },
{ "type": "Feature", "properties": { "ID": 3422340378500, "正式名称": "医療法人　つぼい医院", "機関区分": 2, "都道府県コード": 34, "市区町村コード": 204, "所在地": "広島県三原市糸崎４丁目９番２４号", "緯度": 34.393009, "経度": 133.104381, "url": "https://www.iryou.teikyouseido.mhlw.go.jp/znk-web/juminkanja/S2430/initialize?prefCd=34&kikanCd=2340378500&kikanKbn=2", "url2": "tsuboi-iin.com", "内容": "医療法人　つぼい医院【2:診療所】【診療科目:内科_糖尿病内科_消化器内科_外科_肛門外科_整形外科_皮膚科_リハビリテーション科】広島県三原市糸崎４丁目９番２４号" }, "geometry": { "type": "Point", "coordinates": [ 133.104381, 34.393009 ] } },
{ "type": "Feature", "properties": { "ID": 3422340378760, "正式名称": "広岡整形外科", "機関区分": 2, "都道府県コード": 34, "市区町村コード": 207, "所在地": "広島県福山市南手城町一丁目９－２５", "緯度": 34.482316, "経度": 133.387267, "url": "https://www.iryou.teikyouseido.mhlw.go.jp/znk-web/juminkanja/S2430/initialize?prefCd=34&kikanCd=2340378760&kikanKbn=2", "url2": "https://hirooka-seikei.com", "内容": "広岡整形外科【2:診療所】【診療科目:整形外科_リハビリテーション科】広島県福山市南手城町一丁目９－２５" }, "geometry": { "type": "Point", "coordinates": [ 133.387267, 34.482316 ] } },
{ "type": "Feature", "properties": { "ID": 3422340379480, "正式名称": "医療法人社団　稲垣内科", "機関区分": 2, "都道府県コード": 34, "市区町村コード": 104, "所在地": "広島県広島市西区観音本町一丁目２２番地２６号", "緯度": 34.388122, "経度": 132.435098, "url": "https://www.iryou.teikyouseido.mhlw.go.jp/znk-web/juminkanja/S2430/initialize?prefCd=34&kikanCd=2340379480&kikanKbn=2", "url2": "http://www.inagaki-naika.jp", "内容": "医療法人社団　稲垣内科【2:診療所】【診療科目:内科_糖尿病・内分泌内科_呼吸器内科】広島県広島市西区観音本町一丁目２２番地２６号" }, "geometry": { "type": "Point", "coordinates": [ 132.435098, 34.388122 ] } },
{ "type": "Feature", "properties": { "ID": 3422340379640, "正式名称": "せいこう胃腸科外科医院", "機関区分": 2, "都道府県コード": 34, "市区町村コード": 213, "所在地": "広島県廿日市市佐方５６２－２", "緯度": 34.364428, "経度": 132.336024, "url": "https://www.iryou.teikyouseido.mhlw.go.jp/znk-web/juminkanja/S2430/initialize?prefCd=34&kikanCd=2340379640&kikanKbn=2", "url2": null, "内容": "せいこう胃腸科外科医院【2:診療所】【診療科目:内科_外科_肛門外科_リハビリテーション科】広島県廿日市市佐方５６２－２" }, "geometry": { "type": "Point", "coordinates": [ 132.336024, 34.364428 ] } },
{ "type": "Feature", "properties": { "ID": 3422340379930, "正式名称": "医療法人社団寿会　永山医院", "機関区分": 2, "都道府県コード": 34, "市区町村コード": 101, "所在地": "広島県広島市中区白島北町１０－１", "緯度": 34.409921, "経度": 132.463854, "url": "https://www.iryou.teikyouseido.mhlw.go.jp/znk-web/juminkanja/S2430/initialize?prefCd=34&kikanCd=2340379930&kikanKbn=2", "url2": "http://www.nagayama-cl.com/", "内容": "医療法人社団寿会　永山医院【2:診療所】【診療科目:内科】広島県広島市中区白島北町１０－１" }, "geometry": { "type": "Point", "coordinates": [ 132.463854, 34.409921 ] } },
{ "type": "Feature", "properties": { "ID": 3422340380040, "正式名称": "医療法人社団　井原クリニック", "機関区分": 2, "都道府県コード": 34, "市区町村コード": 101, "所在地": "広島県広島市中区基町６番２７号　アクア広島センター街９階", "緯度": 34.396116, "経度": 132.457215, "url": "https://www.iryou.teikyouseido.mhlw.go.jp/znk-web/juminkanja/S2430/initialize?prefCd=34&kikanCd=2340380040&kikanKbn=2", "url2": "http://www.ihara-clinic.jp", "内容": "医療法人社団　井原クリニック【2:診療所】【診療科目:産婦人科】広島県広島市中区基町６番２７号　アクア広島センター街９階" }, "geometry": { "type": "Point", "coordinates": [ 132.457215, 34.396116 ] } },
{ "type": "Feature", "properties": { "ID": 3422340380200, "正式名称": "医療法人　神経内科山中クリニック", "機関区分": 2, "都道府県コード": 34, "市区町村コード": 103, "所在地": "広島県広島市南区比治山本町１６－３５", "緯度": 34.380651, "経度": 132.468845, "url": "https://www.iryou.teikyouseido.mhlw.go.jp/znk-web/juminkanja/S2430/initialize?prefCd=34&kikanCd=2340380200&kikanKbn=2", "url2": null, "内容": "医療法人　神経内科山中クリニック【2:診療所】【診療科目:精神科_神経科_心療内科_精神科系その他】広島県広島市南区比治山本町１６－３５" }, "geometry": { "type": "Point", "coordinates": [ 132.468845, 34.380651 ] } },
{ "type": "Feature", "properties": { "ID": 3422340380330, "正式名称": "みなみ内科ライフケアクリニック", "機関区分": 2, "都道府県コード": 34, "市区町村コード": 103, "所在地": "広島県広島市南区比治山本町１６－３５", "緯度": 34.380844, "経度": 132.468291, "url": "https://www.iryou.teikyouseido.mhlw.go.jp/znk-web/juminkanja/S2430/initialize?prefCd=34&kikanCd=2340380330&kikanKbn=2", "url2": "http://www.minami-naika.com", "内容": "みなみ内科ライフケアクリニック【2:診療所】【診療科目:内科_糖尿病内科_糖尿病・内分泌内科】広島県広島市南区比治山本町１６－３５" }, "geometry": { "type": "Point", "coordinates": [ 132.468291, 34.380844 ] } },
{ "type": "Feature", "properties": { "ID": 3422340380590, "正式名称": "医療法人社団わらび会　脇田医院", "機関区分": 2, "都道府県コード": 34, "市区町村コード": 202, "所在地": "広島県呉市焼山中央二丁目１－１", "緯度": 34.295411, "経度": 132.556453, "url": "https://www.iryou.teikyouseido.mhlw.go.jp/znk-web/juminkanja/S2430/initialize?prefCd=34&kikanCd=2340380590&kikanKbn=2", "url2": "wakita-clinic.com", "内容": "医療法人社団わらび会　脇田医院【2:診療所】【診療科目:内科_外科_整形外科】広島県呉市焼山中央二丁目１－１" }, "geometry": { "type": "Point", "coordinates": [ 132.556453, 34.295411 ] } },
{ "type": "Feature", "properties": { "ID": 3422340381180, "正式名称": "新井口内科循環器科", "機関区分": 2, "都道府県コード": 34, "市区町村コード": 104, "所在地": "広島県広島市西区草津新町２－８－１２", "緯度": 34.374629, "経度": 132.393993, "url": "https://www.iryou.teikyouseido.mhlw.go.jp/znk-web/juminkanja/S2430/initialize?prefCd=34&kikanCd=2340381180&kikanKbn=2", "url2": "https://shininokuchi-naika.com/", "内容": "新井口内科循環器科【2:診療所】【診療科目:内科_循環器内科_消化器内科】広島県広島市西区草津新町２－８－１２" }, "geometry": { "type": "Point", "coordinates": [ 132.393993, 34.374629 ] } },
{ "type": "Feature", "properties": { "ID": 3422340381920, "正式名称": "医療法人社団　わだ内科医院", "機関区分": 2, "都道府県コード": 34, "市区町村コード": 101, "所在地": "広島県広島市中区大手町五丁目７番１１号", "緯度": 34.382539, "経度": 132.453069, "url": "https://www.iryou.teikyouseido.mhlw.go.jp/znk-web/juminkanja/S2430/initialize?prefCd=34&kikanCd=2340381920&kikanKbn=2", "url2": "https://www.wadanaika.com", "内容": "医療法人社団　わだ内科医院【2:診療所】【診療科目:内科_呼吸器内科_循環器内科_消化器内科_腎臓内科】広島県広島市中区大手町五丁目７番１１号" }, "geometry": { "type": "Point", "coordinates": [ 132.453069, 34.382539 ] } },
{ "type": "Feature", "properties": { "ID": 3422340382350, "正式名称": "医療法人社団山路会　山野上内科クリニック", "機関区分": 2, "都道府県コード": 34, "市区町村コード": 304, "所在地": "広島県安芸郡海田町稲荷町７－１５", "緯度": 34.373048, "経度": 132.532786, "url": "https://www.iryou.teikyouseido.mhlw.go.jp/znk-web/juminkanja/S2430/initialize?prefCd=34&kikanCd=2340382350&kikanKbn=2", "url2": "http://www.yamanoue-naika.com", "内容": "医療法人社団山路会　山野上内科クリニック【2:診療所】【診療科目:内科_呼吸器内科_消化器内科】広島県安芸郡海田町稲荷町７－１５" }, "geometry": { "type": "Point", "coordinates": [ 132.532786, 34.373048 ] } },
{ "type": "Feature", "properties": { "ID": 3422340382510, "正式名称": "向田医院", "機関区分": 2, "都道府県コード": 34, "市区町村コード": 207, "所在地": "広島県福山市水呑町２３２９－７", "緯度": 34.444568, "経度": 133.383238, "url": "https://www.iryou.teikyouseido.mhlw.go.jp/znk-web/juminkanja/S2430/initialize?prefCd=34&kikanCd=2340382510&kikanKbn=2", "url2": null, "内容": "向田医院【2:診療所】【診療科目:内科_麻酔科】広島県福山市水呑町２３２９－７" }, "geometry": { "type": "Point", "coordinates": [ 133.383238, 34.444568 ] } },
{ "type": "Feature", "properties": { "ID": 3422340382640, "正式名称": "柴田内科", "機関区分": 2, "都道府県コード": 34, "市区町村コード": 207, "所在地": "広島県福山市神辺町道上１－１７", "緯度": 34.551701, "経度": 133.357501, "url": "https://www.iryou.teikyouseido.mhlw.go.jp/znk-web/juminkanja/S2430/initialize?prefCd=34&kikanCd=2340382640&kikanKbn=2", "url2": null, "内容": "柴田内科【2:診療所】【診療科目:内科_呼吸器内科_循環器内科_消化器内科】広島県福山市神辺町道上１－１７" }, "geometry": { "type": "Point", "coordinates": [ 133.357501, 34.551701 ] } },
{ "type": "Feature", "properties": { "ID": 3422340382770, "正式名称": "森近内科", "機関区分": 2, "都道府県コード": 34, "市区町村コード": 207, "所在地": "広島県福山市西深津町４－２－５０", "緯度": 34.49746, "経度": 133.379264, "url": "https://www.iryou.teikyouseido.mhlw.go.jp/znk-web/juminkanja/S2430/initialize?prefCd=34&kikanCd=2340382770&kikanKbn=2", "url2": "https://morichika.fmed.jp/", "内容": "森近内科【2:診療所】【診療科目:内科_呼吸器内科_循環器内科_消化器内科_肝臓内科_リハビリテーション科】広島県福山市西深津町４－２－５０" }, "geometry": { "type": "Point", "coordinates": [ 133.379264, 34.49746 ] } },
{ "type": "Feature", "properties": { "ID": 3422340382800, "正式名称": "医療法人　福原内科胃腸科", "機関区分": 2, "都道府県コード": 34, "市区町村コード": 209, "所在地": "広島県三次市十日市東２－３－１８", "緯度": 34.807667, "経度": 132.859154, "url": "https://www.iryou.teikyouseido.mhlw.go.jp/znk-web/juminkanja/S2430/initialize?prefCd=34&kikanCd=2340382800&kikanKbn=2", "url2": null, "内容": "医療法人　福原内科胃腸科【2:診療所】【診療科目:内科_呼吸器内科_循環器内科_消化器内科_胃腸内科_神経内科_小児科_リハビリテーション科】広島県三次市十日市東２－３－１８" }, "geometry": { "type": "Point", "coordinates": [ 132.859154, 34.807667 ] } },
{ "type": "Feature", "properties": { "ID": 3422340382930, "正式名称": "医療法人　すざわ小児科", "機関区分": 2, "都道府県コード": 34, "市区町村コード": 209, "所在地": "広島県三次市畠敷町１５０３番地７号", "緯度": 34.811001, "経度": 132.88843, "url": "https://www.iryou.teikyouseido.mhlw.go.jp/znk-web/juminkanja/S2430/initialize?prefCd=34&kikanCd=2340382930&kikanKbn=2", "url2": null, "内容": "医療法人　すざわ小児科【2:診療所】【診療科目:小児科】広島県三次市畠敷町１５０３番地７号" }, "geometry": { "type": "Point", "coordinates": [ 132.88843, 34.811001 ] } },
{ "type": "Feature", "properties": { "ID": 3422340383100, "正式名称": "医療法人　河野産婦人科クリニック", "機関区分": 2, "都道府県コード": 34, "市区町村コード": 101, "所在地": "広島県広島市中区紙屋町２丁目２番２５号", "緯度": 34.394232, "経度": 132.456151, "url": "https://www.iryou.teikyouseido.mhlw.go.jp/znk-web/juminkanja/S2430/initialize?prefCd=34&kikanCd=2340383100&kikanKbn=2", "url2": "https://www.konosanfujinka.com/", "内容": "医療法人　河野産婦人科クリニック【2:診療所】【診療科目:性感染症内科_女性内科_産婦人科_婦人科】広島県広島市中区紙屋町２丁目２番２５号" }, "geometry": { "type": "Point", "coordinates": [ 132.456151, 34.394232 ] } },
{ "type": "Feature", "properties": { "ID": 3422340383230, "正式名称": "戸田眼科的場医院", "機関区分": 2, "都道府県コード": 34, "市区町村コード": 103, "所在地": "広島県広島市南区的場町二丁目３－２５", "緯度": 34.392282, "経度": 132.474137, "url": "https://www.iryou.teikyouseido.mhlw.go.jp/znk-web/juminkanja/S2430/initialize?prefCd=34&kikanCd=2340383230&kikanKbn=2", "url2": "http://todaganka.com", "内容": "戸田眼科的場医院【2:診療所】【診療科目:眼科】広島県広島市南区的場町二丁目３－２５" }, "geometry": { "type": "Point", "coordinates": [ 132.474137, 34.392282 ] } },
{ "type": "Feature", "properties": { "ID": 3422340384080, "正式名称": "佐竹医院", "機関区分": 2, "都道府県コード": 34, "市区町村コード": 209, "所在地": "広島県三次市和知町２８５２－１", "緯度": 34.798503, "経度": 132.921122, "url": "https://www.iryou.teikyouseido.mhlw.go.jp/znk-web/juminkanja/S2430/initialize?prefCd=34&kikanCd=2340384080&kikanKbn=2", "url2": null, "内容": "佐竹医院【2:診療所】【診療科目:内科_眼科】広島県三次市和知町２８５２－１" }, "geometry": { "type": "Point", "coordinates": [ 132.921122, 34.798503 ] } },
{ "type": "Feature", "properties": { "ID": 3422340384370, "正式名称": "医療法人社団　山岡産婦人科", "機関区分": 2, "都道府県コード": 34, "市区町村コード": 101, "所在地": "広島県広島市中区羽衣町１６番４３号", "緯度": 34.37729, "経度": 132.449708, "url": "https://www.iryou.teikyouseido.mhlw.go.jp/znk-web/juminkanja/S2430/initialize?prefCd=34&kikanCd=2340384370&kikanKbn=2", "url2": null, "内容": "医療法人社団　山岡産婦人科【2:診療所】【診療科目:産婦人科_婦人科】広島県広島市中区羽衣町１６番４３号" }, "geometry": { "type": "Point", "coordinates": [ 132.449708, 34.37729 ] } },
{ "type": "Feature", "properties": { "ID": 3422340384950, "正式名称": "仁愛内科医院", "機関区分": 2, "都道府県コード": 34, "市区町村コード": 213, "所在地": "広島県廿日市市地御前三丁目１８－９", "緯度": 34.340513, "経度": 132.316804, "url": "https://www.iryou.teikyouseido.mhlw.go.jp/znk-web/juminkanja/S2430/initialize?prefCd=34&kikanCd=2340384950&kikanKbn=2", "url2": "https://www.n-jinai.com/", "内容": "仁愛内科医院【2:診療所】【診療科目:内科_循環器内科_消化器内科_胃腸内科_内視鏡内科】広島県廿日市市地御前三丁目１８－９" }, "geometry": { "type": "Point", "coordinates": [ 132.316804, 34.340513 ] } },
{ "type": "Feature", "properties": { "ID": 3422340385250, "正式名称": "藤原内科医院", "機関区分": 2, "都道府県コード": 34, "市区町村コード": 212, "所在地": "広島県東広島市西条町御薗宇２４２１－４", "緯度": 34.405514, "経度": 132.740294, "url": "https://www.iryou.teikyouseido.mhlw.go.jp/znk-web/juminkanja/S2430/initialize?prefCd=34&kikanCd=2340385250&kikanKbn=2", "url2": "http://fmclinic.sakura.ne.jp/", "内容": "藤原内科医院【2:診療所】【診療科目:内科_循環器内科_消化器内科_小児科】広島県東広島市西条町御薗宇２４２１－４" }, "geometry": { "type": "Point", "coordinates": [ 132.740294, 34.405514 ] } },
{ "type": "Feature", "properties": { "ID": 3422340385670, "正式名称": "竹原市休日診療所", "機関区分": 2, "都道府県コード": 34, "市区町村コード": 203, "所在地": "広島県竹原市中央三丁目１４－１", "緯度": 34.343633, "経度": 132.909905, "url": "https://www.iryou.teikyouseido.mhlw.go.jp/znk-web/juminkanja/S2430/initialize?prefCd=34&kikanCd=2340385670&kikanKbn=2", "url2": null, "内容": "竹原市休日診療所【2:診療所】【診療科目:内科_小児科】広島県竹原市中央三丁目１４－１" }, "geometry": { "type": "Point", "coordinates": [ 132.909905, 34.343633 ] } },
{ "type": "Feature", "properties": { "ID": 3422340386260, "正式名称": "中原クリニック", "機関区分": 2, "都道府県コード": 34, "市区町村コード": 103, "所在地": "広島県広島市南区段原南２丁目１２番２８号", "緯度": 34.384067, "経度": 132.477622, "url": "https://www.iryou.teikyouseido.mhlw.go.jp/znk-web/juminkanja/S2430/initialize?prefCd=34&kikanCd=2340386260&kikanKbn=2", "url2": null, "内容": "中原クリニック【2:診療所】【診療科目:内科_精神科_心療内科】広島県広島市南区段原南２丁目１２番２８号" }, "geometry": { "type": "Point", "coordinates": [ 132.477622, 34.384067 ] } },
{ "type": "Feature", "properties": { "ID": 3422340386970, "正式名称": "三登医院", "機関区分": 2, "都道府県コード": 34, "市区町村コード": 309, "所在地": "広島県安芸郡坂町坂西１丁目６番８号", "緯度": 34.337263, "経度": 132.508889, "url": "https://www.iryou.teikyouseido.mhlw.go.jp/znk-web/juminkanja/S2430/initialize?prefCd=34&kikanCd=2340386970&kikanKbn=2", "url2": null, "内容": "三登医院【2:診療所】【診療科目:内科】広島県安芸郡坂町坂西１丁目６番８号" }, "geometry": { "type": "Point", "coordinates": [ 132.508889, 34.337263 ] } },
{ "type": "Feature", "properties": { "ID": 3422340387140, "正式名称": "医療法人　ほり整形外科", "機関区分": 2, "都道府県コード": 34, "市区町村コード": 104, "所在地": "広島県広島市西区草津新町二丁目６－１０", "緯度": 34.375011, "経度": 132.394074, "url": "https://www.iryou.teikyouseido.mhlw.go.jp/znk-web/juminkanja/S2430/initialize?prefCd=34&kikanCd=2340387140&kikanKbn=2", "url2": "https://hori-seikei.com/", "内容": "医療法人　ほり整形外科【2:診療所】【診療科目:整形外科_リハビリテーション科】広島県広島市西区草津新町二丁目６－１０" }, "geometry": { "type": "Point", "coordinates": [ 132.394074, 34.375011 ] } },
{ "type": "Feature", "properties": { "ID": 3422340387300, "正式名称": "医療法人社団　竹中クリニック", "機関区分": 2, "都道府県コード": 34, "市区町村コード": 107, "所在地": "広島県広島市安芸区矢野西４丁目１番２１号", "緯度": 34.352322, "経度": 132.53273, "url": "https://www.iryou.teikyouseido.mhlw.go.jp/znk-web/juminkanja/S2430/initialize?prefCd=34&kikanCd=2340387300&kikanKbn=2", "url2": null, "内容": "医療法人社団　竹中クリニック【2:診療所】【診療科目:内科_胃腸内科_外科_肛門外科_リハビリテーション科_放射線科】広島県広島市安芸区矢野西４丁目１番２１号" }, "geometry": { "type": "Point", "coordinates": [ 132.53273, 34.352322 ] } },
{ "type": "Feature", "properties": { "ID": 3422340387560, "正式名称": "佐々木内科・呼吸器科クリニック", "機関区分": 2, "都道府県コード": 34, "市区町村コード": 202, "所在地": "広島県呉市本町４－１", "緯度": 34.245556, "経度": 132.568232, "url": "https://www.iryou.teikyouseido.mhlw.go.jp/znk-web/juminkanja/S2430/initialize?prefCd=34&kikanCd=2340387560&kikanKbn=2", "url2": "http://sasakiclinic-kure.com/index.html", "内容": "佐々木内科・呼吸器科クリニック【2:診療所】【診療科目:内科_呼吸器内科】広島県呉市本町４－１" }, "geometry": { "type": "Point", "coordinates": [ 132.568232, 34.245556 ] } },
{ "type": "Feature", "properties": { "ID": 3422340388020, "正式名称": "医療法人社団　田川内科医院", "機関区分": 2, "都道府県コード": 34, "市区町村コード": 207, "所在地": "広島県福山市高西町一丁目７番３０号", "緯度": 34.447316, "経度": 133.239811, "url": "https://www.iryou.teikyouseido.mhlw.go.jp/znk-web/juminkanja/S2430/initialize?prefCd=34&kikanCd=2340388020&kikanKbn=2", "url2": null, "内容": "医療法人社団　田川内科医院【2:診療所】【診療科目:内科】広島県福山市高西町一丁目７番３０号" }, "geometry": { "type": "Point", "coordinates": [ 133.239811, 34.447316 ] } },
{ "type": "Feature", "properties": { "ID": 3422340388150, "正式名称": "医療法人社団慶正会　奥野内科医院", "機関区分": 2, "都道府県コード": 34, "市区町村コード": 208, "所在地": "広島県府中市府川町３６８－１", "緯度": 34.566506, "経度": 133.238801, "url": "https://www.iryou.teikyouseido.mhlw.go.jp/znk-web/juminkanja/S2430/initialize?prefCd=34&kikanCd=2340388150&kikanKbn=2", "url2": null, "内容": "医療法人社団慶正会　奥野内科医院【2:診療所】【診療科目:内科_消化器内科_胃腸内科_小児科_放射線科】広島県府中市府川町３６８－１" }, "geometry": { "type": "Point", "coordinates": [ 133.238801, 34.566506 ] } },
{ "type": "Feature", "properties": { "ID": 3422340388310, "正式名称": "医療法人　津谷内科　津谷内科呼吸器科クリニック", "機関区分": 2, "都道府県コード": 34, "市区町村コード": 102, "所在地": "広島県広島市東区牛田早稲田一丁目６－３", "緯度": 34.41237, "経度": 132.473649, "url": "https://www.iryou.teikyouseido.mhlw.go.jp/znk-web/juminkanja/S2430/initialize?prefCd=34&kikanCd=2340388310&kikanKbn=2", "url2": "http://www.tsuyaclinic.net/", "内容": "医療法人　津谷内科　津谷内科呼吸器科クリニック【2:診療所】【診療科目:内科_呼吸器内科_リハビリテーション科_放射線科】広島県広島市東区牛田早稲田一丁目６－３" }, "geometry": { "type": "Point", "coordinates": [ 132.473649, 34.41237 ] } },
{ "type": "Feature", "properties": { "ID": 3422340388570, "正式名称": "医療法人社団　たねもり内科クリニック", "機関区分": 2, "都道府県コード": 34, "市区町村コード": 103, "所在地": "広島県広島市南区上東雲町２６－１７", "緯度": 34.38452, "経度": 132.487288, "url": "https://www.iryou.teikyouseido.mhlw.go.jp/znk-web/juminkanja/S2430/initialize?prefCd=34&kikanCd=2340388570&kikanKbn=2", "url2": null, "内容": "医療法人社団　たねもり内科クリニック【2:診療所】【診療科目:内科_呼吸器内科_消化器内科_放射線科】広島県広島市南区上東雲町２６－１７" }, "geometry": { "type": "Point", "coordinates": [ 132.487288, 34.38452 ] } },
{ "type": "Feature", "properties": { "ID": 3422340389160, "正式名称": "たんきょう眼科", "機関区分": 2, "都道府県コード": 34, "市区町村コード": 304, "所在地": "広島県安芸郡海田町新町１１－２０", "緯度": 34.373347, "経度": 132.531063, "url": "https://www.iryou.teikyouseido.mhlw.go.jp/znk-web/juminkanja/S2430/initialize?prefCd=34&kikanCd=2340389160&kikanKbn=2", "url2": "https://byoinnavi.jp/clinic/94156", "内容": "たんきょう眼科【2:診療所】【診療科目:眼科】広島県安芸郡海田町新町１１－２０" }, "geometry": { "type": "Point", "coordinates": [ 132.531063, 34.373347 ] } },
{ "type": "Feature", "properties": { "ID": 3422340389610, "正式名称": "中村整形外科", "機関区分": 2, "都道府県コード": 34, "市区町村コード": 207, "所在地": "広島県福山市南蔵王町二丁目４－１１", "緯度": 34.503793, "経度": 133.39193, "url": "https://www.iryou.teikyouseido.mhlw.go.jp/znk-web/juminkanja/S2430/initialize?prefCd=34&kikanCd=2340389610&kikanKbn=2", "url2": "http://www.nakamura-ortho.com/", "内容": "中村整形外科【2:診療所】【診療科目:整形外科_リウマチ科_リハビリテーション科】広島県福山市南蔵王町二丁目４－１１" }, "geometry": { "type": "Point", "coordinates": [ 133.39193, 34.503793 ] } },
{ "type": "Feature", "properties": { "ID": 3422340389870, "正式名称": "本通水田内科クリニック", "機関区分": 2, "都道府県コード": 34, "市区町村コード": 101, "所在地": "広島県広島市中区袋町４ー３　滝口ビル５Ｆ", "緯度": 34.392149, "経度": 132.458068, "url": "https://www.iryou.teikyouseido.mhlw.go.jp/znk-web/juminkanja/S2430/initialize?prefCd=34&kikanCd=2340389870&kikanKbn=2", "url2": "https://hondori-mizuta-clinic.jp/", "内容": "本通水田内科クリニック【2:診療所】【診療科目:内科_循環器内科_消化器内科】広島県広島市中区袋町４ー３　滝口ビル５Ｆ" }, "geometry": { "type": "Point", "coordinates": [ 132.458068, 34.392149 ] } },
{ "type": "Feature", "properties": { "ID": 3422340389900, "正式名称": "医療法人　沖胃腸科クリニック", "機関区分": 2, "都道府県コード": 34, "市区町村コード": 101, "所在地": "広島県広島市中区上八丁堀８－２６　メープル八丁堀２０１", "緯度": 34.398704, "経度": 132.464039, "url": "https://www.iryou.teikyouseido.mhlw.go.jp/znk-web/juminkanja/S2430/initialize?prefCd=34&kikanCd=2340389900&kikanKbn=2", "url2": "https://okiclinic.jp", "内容": "医療法人　沖胃腸科クリニック【2:診療所】【診療科目:消化器内科_胃腸内科】広島県広島市中区上八丁堀８－２６　メープル八丁堀２０１" }, "geometry": { "type": "Point", "coordinates": [ 132.464039, 34.398704 ] } },
{ "type": "Feature", "properties": { "ID": 3422340390010, "正式名称": "滝口耳鼻咽喉科", "機関区分": 2, "都道府県コード": 34, "市区町村コード": 101, "所在地": "広島県広島市中区袋町４番３号　滝口ビル６Ｆ", "緯度": 34.392149, "経度": 132.458068, "url": "https://www.iryou.teikyouseido.mhlw.go.jp/znk-web/juminkanja/S2430/initialize?prefCd=34&kikanCd=2340390010&kikanKbn=2", "url2": "http://www.takiguchi-clinic.jp", "内容": "滝口耳鼻咽喉科【2:診療所】【診療科目:耳鼻いんこう科_気管食道・耳鼻いんこう科_アレルギー科】広島県広島市中区袋町４番３号　滝口ビル６Ｆ" }, "geometry": { "type": "Point", "coordinates": [ 132.458068, 34.392149 ] } },
{ "type": "Feature", "properties": { "ID": 3422340390300, "正式名称": "武市クリニック", "機関区分": 2, "都道府県コード": 34, "市区町村コード": 103, "所在地": "広島県広島市南区西荒神町１－３３", "緯度": 34.393611, "経度": 132.476501, "url": "https://www.iryou.teikyouseido.mhlw.go.jp/znk-web/juminkanja/S2430/initialize?prefCd=34&kikanCd=2340390300&kikanKbn=2", "url2": null, "内容": "武市クリニック【2:診療所】【診療科目:内科_精神科】広島県広島市南区西荒神町１－３３" }, "geometry": { "type": "Point", "coordinates": [ 132.476501, 34.393611 ] } },
{ "type": "Feature", "properties": { "ID": 3422340390430, "正式名称": "医療法人　秀仁会　ないとう内科", "機関区分": 2, "都道府県コード": 34, "市区町村コード": 106, "所在地": "広島県広島市安佐北区可部五丁目４－２４", "緯度": 34.521831, "経度": 132.509336, "url": "https://www.iryou.teikyouseido.mhlw.go.jp/znk-web/juminkanja/S2430/initialize?prefCd=34&kikanCd=2340390430&kikanKbn=2", "url2": "https://nanohana-kabe.com/naitou", "内容": "医療法人　秀仁会　ないとう内科【2:診療所】【診療科目:内科_循環器内科_消化器内科】広島県広島市安佐北区可部五丁目４－２４" }, "geometry": { "type": "Point", "coordinates": [ 132.509336, 34.521831 ] } },
{ "type": "Feature", "properties": { "ID": 3422340390560, "正式名称": "医療法人　中丸クリニック", "機関区分": 2, "都道府県コード": 34, "市区町村コード": 213, "所在地": "広島県廿日市市宮島口一丁目７－１５", "緯度": 34.310378, "経度": 132.304085, "url": "https://www.iryou.teikyouseido.mhlw.go.jp/znk-web/juminkanja/S2430/initialize?prefCd=34&kikanCd=2340390560&kikanKbn=2", "url2": "http://7799nakamax.byoinnavi.jp/prepc", "内容": "医療法人　中丸クリニック【2:診療所】【診療科目:内科_循環器内科】広島県廿日市市宮島口一丁目７－１５" }, "geometry": { "type": "Point", "coordinates": [ 132.304085, 34.310378 ] } },
{ "type": "Feature", "properties": { "ID": 3422340390690, "正式名称": "小林内科泌尿器科医院", "機関区分": 2, "都道府県コード": 34, "市区町村コード": 213, "所在地": "広島県廿日市市宮園３丁目１－１", "緯度": 34.354567, "経度": 132.303499, "url": "https://www.iryou.teikyouseido.mhlw.go.jp/znk-web/juminkanja/S2430/initialize?prefCd=34&kikanCd=2340390690&kikanKbn=2", "url2": null, "内容": "小林内科泌尿器科医院【2:診療所】【診療科目:内科_泌尿器科】広島県廿日市市宮園３丁目１－１" }, "geometry": { "type": "Point", "coordinates": [ 132.303499, 34.354567 ] } },
{ "type": "Feature", "properties": { "ID": 3422340391280, "正式名称": "原田リハビリ整形外科", "機関区分": 2, "都道府県コード": 34, "市区町村コード": 105, "所在地": "広島県広島市安佐南区東野２－２１－２０", "緯度": 34.448755, "経度": 132.484702, "url": "https://www.iryou.teikyouseido.mhlw.go.jp/znk-web/juminkanja/S2430/initialize?prefCd=34&kikanCd=2340391280&kikanKbn=2", "url2": null, "内容": "原田リハビリ整形外科【2:診療所】【診療科目:整形外科_リハビリテーション科】広島県広島市安佐南区東野２－２１－２０" }, "geometry": { "type": "Point", "coordinates": [ 132.484702, 34.448755 ] } },
{ "type": "Feature", "properties": { "ID": 3422340391310, "正式名称": "医療法人　中西内科", "機関区分": 2, "都道府県コード": 34, "市区町村コード": 106, "所在地": "広島県広島市安佐北区亀山四丁目２０－８", "緯度": 34.522275, "経度": 132.498531, "url": "https://www.iryou.teikyouseido.mhlw.go.jp/znk-web/juminkanja/S2430/initialize?prefCd=34&kikanCd=2340391310&kikanKbn=2", "url2": "http://www.nakanisi-naika.com/", "内容": "医療法人　中西内科【2:診療所】【診療科目:内科_呼吸器内科_循環器内科_消化器内科_胃腸内科_アレルギー科_放射線科】広島県広島市安佐北区亀山四丁目２０－８" }, "geometry": { "type": "Point", "coordinates": [ 132.498531, 34.522275 ] } },
{ "type": "Feature", "properties": { "ID": 3422340391860, "正式名称": "小林内科クリニック", "機関区分": 2, "都道府県コード": 34, "市区町村コード": 204, "所在地": "広島県三原市宮浦三丁目２８－１８", "緯度": 34.39902, "経度": 133.064434, "url": "https://www.iryou.teikyouseido.mhlw.go.jp/znk-web/juminkanja/S2430/initialize?prefCd=34&kikanCd=2340391860&kikanKbn=2", "url2": null, "内容": "小林内科クリニック【2:診療所】【診療科目:内科_循環器内科_リハビリテーション科】広島県三原市宮浦三丁目２８－１８" }, "geometry": { "type": "Point", "coordinates": [ 133.064434, 34.39902 ] } },
{ "type": "Feature", "properties": { "ID": 3422340391990, "正式名称": "今福内科クリニック", "機関区分": 2, "都道府県コード": 34, "市区町村コード": 207, "所在地": "広島県福山市西町二丁目１４－１８", "緯度": 34.489294, "経度": 133.355711, "url": "https://www.iryou.teikyouseido.mhlw.go.jp/znk-web/juminkanja/S2430/initialize?prefCd=34&kikanCd=2340391990&kikanKbn=2", "url2": null, "内容": "今福内科クリニック【2:診療所】【診療科目:内科_呼吸器内科_消化器内科】広島県福山市西町二丁目１４－１８" }, "geometry": { "type": "Point", "coordinates": [ 133.355711, 34.489294 ] } },
{ "type": "Feature", "properties": { "ID": 3422340392030, "正式名称": "こいけ内科クリニック", "機関区分": 2, "都道府県コード": 34, "市区町村コード": 207, "所在地": "広島県福山市明治町１４番２６号", "緯度": 34.482295, "経度": 133.368933, "url": "https://www.iryou.teikyouseido.mhlw.go.jp/znk-web/juminkanja/S2430/initialize?prefCd=34&kikanCd=2340392030&kikanKbn=2", "url2": "koike-naika-clinic.com", "内容": "こいけ内科クリニック【2:診療所】【診療科目:内科_循環器内科】広島県福山市明治町１４番２６号" }, "geometry": { "type": "Point", "coordinates": [ 133.368933, 34.482295 ] } },
{ "type": "Feature", "properties": { "ID": 3422340392290, "正式名称": "医療法人杉本会　杉本眼科医院", "機関区分": 2, "都道府県コード": 34, "市区町村コード": 101, "所在地": "広島県広島市中区大手町３－１３－１４", "緯度": 34.386536, "経度": 132.453476, "url": "https://www.iryou.teikyouseido.mhlw.go.jp/znk-web/juminkanja/S2430/initialize?prefCd=34&kikanCd=2340392290&kikanKbn=2", "url2": "http://www.sugimotoganka.jp/", "内容": "医療法人杉本会　杉本眼科医院【2:診療所】【診療科目:眼科】広島県広島市中区大手町３－１３－１４" }, "geometry": { "type": "Point", "coordinates": [ 132.453476, 34.386536 ] } },
{ "type": "Feature", "properties": { "ID": 3422340392580, "正式名称": "北野泌尿器科医院", "機関区分": 2, "都道府県コード": 34, "市区町村コード": 106, "所在地": "広島県広島市安佐北区口田１丁目８番１７号　小夫家ビル１Ｆ", "緯度": 34.461531, "経度": 132.496312, "url": "https://www.iryou.teikyouseido.mhlw.go.jp/znk-web/juminkanja/S2430/initialize?prefCd=34&kikanCd=2340392580&kikanKbn=2", "url2": null, "内容": "北野泌尿器科医院【2:診療所】【診療科目:泌尿器科_男性泌尿器科】広島県広島市安佐北区口田１丁目８番１７号　小夫家ビル１Ｆ" }, "geometry": { "type": "Point", "coordinates": [ 132.496312, 34.461531 ] } },
{ "type": "Feature", "properties": { "ID": 3422340393170, "正式名称": "幸田内科医院", "機関区分": 2, "都道府県コード": 34, "市区町村コード": 103, "所在地": "広島県広島市南区向洋新町二丁目１番５号", "緯度": 34.366097, "経度": 132.510648, "url": "https://www.iryou.teikyouseido.mhlw.go.jp/znk-web/juminkanja/S2430/initialize?prefCd=34&kikanCd=2340393170&kikanKbn=2", "url2": null, "内容": "幸田内科医院【2:診療所】【診療科目:内科】広島県広島市南区向洋新町二丁目１番５号" }, "geometry": { "type": "Point", "coordinates": [ 132.510648, 34.366097 ] } },
{ "type": "Feature", "properties": { "ID": 3422340393330, "正式名称": "むれクリニック", "機関区分": 2, "都道府県コード": 34, "市区町村コード": 107, "所在地": "広島県広島市安芸区船越南二丁目１－１１", "緯度": 34.372514, "経度": 132.524702, "url": "https://www.iryou.teikyouseido.mhlw.go.jp/znk-web/juminkanja/S2430/initialize?prefCd=34&kikanCd=2340393330&kikanKbn=2", "url2": "https://www.tani-clinic.net/", "内容": "むれクリニック【2:診療所】【診療科目:内科_消化器内科_外科】広島県広島市安芸区船越南二丁目１－１１" }, "geometry": { "type": "Point", "coordinates": [ 132.524702, 34.372514 ] } },
{ "type": "Feature", "properties": { "ID": 3422340393590, "正式名称": "佐藤脳神経外科", "機関区分": 2, "都道府県コード": 34, "市区町村コード": 207, "所在地": "広島県福山市松永町５丁目２３番２３号", "緯度": 34.446133, "経度": 133.260576, "url": "https://www.iryou.teikyouseido.mhlw.go.jp/znk-web/juminkanja/S2430/initialize?prefCd=34&kikanCd=2340393590&kikanKbn=2", "url2": "http://ryofukai.jp", "内容": "佐藤脳神経外科【2:診療所】【診療科目:神経内科_脳神経外科_精神科_リハビリテーション科_放射線科】広島県福山市松永町５丁目２３番２３号" }, "geometry": { "type": "Point", "coordinates": [ 133.260576, 34.446133 ] } },
{ "type": "Feature", "properties": { "ID": 3422340393910, "正式名称": "医療法人　河野内科", "機関区分": 2, "都道府県コード": 34, "市区町村コード": 106, "所在地": "広島県広島市安佐北区安佐町飯室１４９８－１１", "緯度": 34.55241, "経度": 132.44645, "url": "https://www.iryou.teikyouseido.mhlw.go.jp/znk-web/juminkanja/S2430/initialize?prefCd=34&kikanCd=2340393910&kikanKbn=2", "url2": null, "内容": "医療法人　河野内科【2:診療所】【診療科目:内科】広島県広島市安佐北区安佐町飯室１４９８－１１" }, "geometry": { "type": "Point", "coordinates": [ 132.44645, 34.55241 ] } },
{ "type": "Feature", "properties": { "ID": 3422340394050, "正式名称": "医療法人　宥善会　前田医院", "機関区分": 2, "都道府県コード": 34, "市区町村コード": 212, "所在地": "広島県東広島市黒瀬町国近３３５番地１号", "緯度": 34.35113, "経度": 132.714882, "url": "https://www.iryou.teikyouseido.mhlw.go.jp/znk-web/juminkanja/S2430/initialize?prefCd=34&kikanCd=2340394050&kikanKbn=2", "url2": "www.maeda-cl.net", "内容": "医療法人　宥善会　前田医院【2:診療所】【診療科目:内科_消化器内科】広島県東広島市黒瀬町国近３３５番地１号" }, "geometry": { "type": "Point", "coordinates": [ 132.714882, 34.35113 ] } },
{ "type": "Feature", "properties": { "ID": 3422340394210, "正式名称": "医療法人社団　石田内科・循環器科", "機関区分": 2, "都道府県コード": 34, "市区町村コード": 207, "所在地": "広島県福山市東川口町四丁目９－１２", "緯度": 34.473629, "経度": 133.385737, "url": "https://www.iryou.teikyouseido.mhlw.go.jp/znk-web/juminkanja/S2430/initialize?prefCd=34&kikanCd=2340394210&kikanKbn=2", "url2": "http://www.ishida.or.jp/", "内容": "医療法人社団　石田内科・循環器科【2:診療所】【診療科目:内科_呼吸器内科_循環器内科_胃腸内科】広島県福山市東川口町四丁目９－１２" }, "geometry": { "type": "Point", "coordinates": [ 133.385737, 34.473629 ] } },
{ "type": "Feature", "properties": { "ID": 3422340394470, "正式名称": "橘高クリニック", "機関区分": 2, "都道府県コード": 34, "市区町村コード": 207, "所在地": "広島県福山市宮前町一丁目３－１５", "緯度": 34.453691, "経度": 133.260626, "url": "https://www.iryou.teikyouseido.mhlw.go.jp/znk-web/juminkanja/S2430/initialize?prefCd=34&kikanCd=2340394470&kikanKbn=2", "url2": "http://www.kittaka-clinic.com/", "内容": "橘高クリニック【2:診療所】【診療科目:内科_小児科_アレルギー科】広島県福山市宮前町一丁目３－１５" }, "geometry": { "type": "Point", "coordinates": [ 133.260626, 34.453691 ] } },
{ "type": "Feature", "properties": { "ID": 3422340395350, "正式名称": "医療法人社団　さえき医院", "機関区分": 2, "都道府県コード": 34, "市区町村コード": 212, "所在地": "広島県東広島市志和町志和東１１９９番地の４", "緯度": 34.48431, "経度": 132.679073, "url": "https://www.iryou.teikyouseido.mhlw.go.jp/znk-web/juminkanja/S2430/initialize?prefCd=34&kikanCd=2340395350&kikanKbn=2", "url2": null, "内容": "医療法人社団　さえき医院【2:診療所】【診療科目:内科_外科_肛門外科_整形外科】広島県東広島市志和町志和東１１９９番地の４" }, "geometry": { "type": "Point", "coordinates": [ 132.679073, 34.48431 ] } },
{ "type": "Feature", "properties": { "ID": 3422340395640, "正式名称": "医療法人社団明健会　冨永内科医院", "機関区分": 2, "都道府県コード": 34, "市区町村コード": 207, "所在地": "広島県福山市奈良津町三丁目１－１", "緯度": 34.499207, "経度": 133.373884, "url": "https://www.iryou.teikyouseido.mhlw.go.jp/znk-web/juminkanja/S2430/initialize?prefCd=34&kikanCd=2340395640&kikanKbn=2", "url2": null, "内容": "医療法人社団明健会　冨永内科医院【2:診療所】【診療科目:内科_消化器内科_小児科】広島県福山市奈良津町三丁目１－１" }, "geometry": { "type": "Point", "coordinates": [ 133.373884, 34.499207 ] } },
{ "type": "Feature", "properties": { "ID": 3422340395800, "正式名称": "松野内科医院", "機関区分": 2, "都道府県コード": 34, "市区町村コード": 101, "所在地": "広島県広島市中区幟町５－２１", "緯度": 34.395177, "経度": 132.467039, "url": "https://www.iryou.teikyouseido.mhlw.go.jp/znk-web/juminkanja/S2430/initialize?prefCd=34&kikanCd=2340395800&kikanKbn=2", "url2": "http://www.m-naika.jp", "内容": "松野内科医院【2:診療所】【診療科目:内科_呼吸器内科_循環器内科_消化器内科】広島県広島市中区幟町５－２１" }, "geometry": { "type": "Point", "coordinates": [ 132.467039, 34.395177 ] } },
{ "type": "Feature", "properties": { "ID": 3422340395930, "正式名称": "医療法人社団　石田内科", "機関区分": 2, "都道府県コード": 34, "市区町村コード": 104, "所在地": "広島県広島市西区己斐上二丁目１１番３号", "緯度": 34.405175, "経度": 132.419265, "url": "https://www.iryou.teikyouseido.mhlw.go.jp/znk-web/juminkanja/S2430/initialize?prefCd=34&kikanCd=2340395930&kikanKbn=2", "url2": "https://ishida-med.or.jp", "内容": "医療法人社団　石田内科【2:診療所】【診療科目:内科_循環器内科_消化器内科】広島県広島市西区己斐上二丁目１１番３号" }, "geometry": { "type": "Point", "coordinates": [ 132.419265, 34.405175 ] } },
{ "type": "Feature", "properties": { "ID": 3422340396100, "正式名称": "松ケ丘医院", "機関区分": 2, "都道府県コード": 34, "市区町村コード": 212, "所在地": "広島県東広島市黒瀬松ケ丘１０－２１", "緯度": 34.333326, "経度": 132.65823, "url": "https://www.iryou.teikyouseido.mhlw.go.jp/znk-web/juminkanja/S2430/initialize?prefCd=34&kikanCd=2340396100&kikanKbn=2", "url2": null, "内容": "松ケ丘医院【2:診療所】【診療科目:内科】広島県東広島市黒瀬松ケ丘１０－２１" }, "geometry": { "type": "Point", "coordinates": [ 132.65823, 34.333326 ] } },
{ "type": "Feature", "properties": { "ID": 3422340396490, "正式名称": "外科胃腸科いとう医院", "機関区分": 2, "都道府県コード": 34, "市区町村コード": 102, "所在地": "広島県広島市東区牛田中一丁目１１番１２号", "緯度": 34.408442, "経度": 132.472805, "url": "https://www.iryou.teikyouseido.mhlw.go.jp/znk-web/juminkanja/S2430/initialize?prefCd=34&kikanCd=2340396490&kikanKbn=2", "url2": "https://www.489map.com/helios/A8399697/reserve/syoshin", "内容": "外科胃腸科いとう医院【2:診療所】【診療科目:胃腸内科_外科_肛門外科_整形外科】広島県広島市東区牛田中一丁目１１番１２号" }, "geometry": { "type": "Point", "coordinates": [ 132.472805, 34.408442 ] } },
{ "type": "Feature", "properties": { "ID": 3422340396520, "正式名称": "医療法人社団保志会　福永循環器・内科", "機関区分": 2, "都道府県コード": 34, "市区町村コード": 103, "所在地": "広島県広島市南区段原南２丁目３番２３号", "緯度": 34.387095, "経度": 132.476261, "url": "https://www.iryou.teikyouseido.mhlw.go.jp/znk-web/juminkanja/S2430/initialize?prefCd=34&kikanCd=2340396520&kikanKbn=2", "url2": "http://www.fukunaga-jn-cl.jp/", "内容": "医療法人社団保志会　福永循環器・内科【2:診療所】【診療科目:内科_循環器内科】広島県広島市南区段原南２丁目３番２３号" }, "geometry": { "type": "Point", "coordinates": [ 132.476261, 34.387095 ] } },
{ "type": "Feature", "properties": { "ID": 3422340397080, "正式名称": "東広島市休日診療所", "機関区分": 2, "都道府県コード": 34, "市区町村コード": 212, "所在地": "広島県東広島市西条町土与丸１１１３", "緯度": 34.424289, "経度": 132.752995, "url": "https://www.iryou.teikyouseido.mhlw.go.jp/znk-web/juminkanja/S2430/initialize?prefCd=34&kikanCd=2340397080&kikanKbn=2", "url2": "http://www.city.higashihiroshima.lg.jp/kenko/iryo/1/6549.html", "内容": "東広島市休日診療所【2:診療所】【診療科目:内科_小児科_歯科】広島県東広島市西条町土与丸１１１３" }, "geometry": { "type": "Point", "coordinates": [ 132.752995, 34.424289 ] } },
{ "type": "Feature", "properties": { "ID": 3422340397530, "正式名称": "医療法人　大江内科医院", "機関区分": 2, "都道府県コード": 34, "市区町村コード": 108, "所在地": "広島県広島市佐伯区楽々園三丁目５－２７", "緯度": 34.363706, "経度": 132.354439, "url": "https://www.iryou.teikyouseido.mhlw.go.jp/znk-web/juminkanja/S2430/initialize?prefCd=34&kikanCd=2340397530&kikanKbn=2", "url2": null, "内容": "医療法人　大江内科医院【2:診療所】【診療科目:内科_呼吸器内科_循環器内科_胃腸内科_小児科_リハビリテーション科】広島県広島市佐伯区楽々園三丁目５－２７" }, "geometry": { "type": "Point", "coordinates": [ 132.354439, 34.363706 ] } },
{ "type": "Feature", "properties": { "ID": 3422340397790, "正式名称": "医療法人社団　天野医院", "機関区分": 2, "都道府県コード": 34, "市区町村コード": 101, "所在地": "広島県広島市中区西白島町７－３１", "緯度": 34.407718, "経度": 132.461048, "url": "https://www.iryou.teikyouseido.mhlw.go.jp/znk-web/juminkanja/S2430/initialize?prefCd=34&kikanCd=2340397790&kikanKbn=2", "url2": "http://m-amano.sakura.ne.jp", "内容": "医療法人社団　天野医院【2:診療所】【診療科目:内科_精神科】広島県広島市中区西白島町７－３１" }, "geometry": { "type": "Point", "coordinates": [ 132.461048, 34.407718 ] } },
{ "type": "Feature", "properties": { "ID": 3422340397950, "正式名称": "花田内科", "機関区分": 2, "都道府県コード": 34, "市区町村コード": 103, "所在地": "広島県広島市南区松川町３－２８", "緯度": 34.39065, "経度": 132.47165, "url": "https://www.iryou.teikyouseido.mhlw.go.jp/znk-web/juminkanja/S2430/initialize?prefCd=34&kikanCd=2340397950&kikanKbn=2", "url2": null, "内容": "花田内科【2:診療所】【診療科目:内科_小児科】広島県広島市南区松川町３－２８" }, "geometry": { "type": "Point", "coordinates": [ 132.47165, 34.39065 ] } },
{ "type": "Feature", "properties": { "ID": 3422340398410, "正式名称": "なんば内科クリニック", "機関区分": 2, "都道府県コード": 34, "市区町村コード": 302, "所在地": "広島県安芸郡府中町本町二丁目５－１３", "緯度": 34.396728, "経度": 132.505371, "url": "https://www.iryou.teikyouseido.mhlw.go.jp/znk-web/juminkanja/S2430/initialize?prefCd=34&kikanCd=2340398410&kikanKbn=2", "url2": "https://nanba-medical-clinic.com/", "内容": "なんば内科クリニック【2:診療所】【診療科目:内科_呼吸器内科】広島県安芸郡府中町本町二丁目５－１３" }, "geometry": { "type": "Point", "coordinates": [ 132.505371, 34.396728 ] } },
{ "type": "Feature", "properties": { "ID": 3422340398670, "正式名称": "明石内科クリニック", "機関区分": 2, "都道府県コード": 34, "市区町村コード": 213, "所在地": "広島県廿日市市山陽園８－１９", "緯度": 34.362093, "経度": 132.340728, "url": "https://www.iryou.teikyouseido.mhlw.go.jp/znk-web/juminkanja/S2430/initialize?prefCd=34&kikanCd=2340398670&kikanKbn=2", "url2": null, "内容": "明石内科クリニック【2:診療所】【診療科目:糖尿病内科_呼吸器内科_循環器内科_消化器内科_漢方内科_緩和ケア内科】広島県廿日市市山陽園８－１９" }, "geometry": { "type": "Point", "coordinates": [ 132.340728, 34.362093 ] } },
{ "type": "Feature", "properties": { "ID": 3422340398700, "正式名称": "門川内科医院", "機関区分": 2, "都道府県コード": 34, "市区町村コード": 212, "所在地": "広島県東広島市高屋町小谷２９４４番１０号", "緯度": 34.436429, "経度": 132.83884, "url": "https://www.iryou.teikyouseido.mhlw.go.jp/znk-web/juminkanja/S2430/initialize?prefCd=34&kikanCd=2340398700&kikanKbn=2", "url2": null, "内容": "門川内科医院【2:診療所】【診療科目:内科_胃腸内科_小児科】広島県東広島市高屋町小谷２９４４番１０号" }, "geometry": { "type": "Point", "coordinates": [ 132.83884, 34.436429 ] } },
{ "type": "Feature", "properties": { "ID": 3422340398830, "正式名称": "くさか整形外科", "機関区分": 2, "都道府県コード": 34, "市区町村コード": 205, "所在地": "広島県尾道市美ノ郷町三成２２６－５", "緯度": 34.452017, "経度": 133.196809, "url": "https://www.iryou.teikyouseido.mhlw.go.jp/znk-web/juminkanja/S2430/initialize?prefCd=34&kikanCd=2340398830&kikanKbn=2", "url2": "kusaka-seikeigeka.com", "内容": "くさか整形外科【2:診療所】【診療科目:整形外科_リウマチ科_リハビリテーション科】広島県尾道市美ノ郷町三成２２６－５" }, "geometry": { "type": "Point", "coordinates": [ 133.196809, 34.452017 ] } },
{ "type": "Feature", "properties": { "ID": 3422340398960, "正式名称": "森尾内科医院", "機関区分": 2, "都道府県コード": 34, "市区町村コード": 205, "所在地": "広島県尾道市因島中庄町３３１４－３", "緯度": 34.327224, "経度": 133.172262, "url": "https://www.iryou.teikyouseido.mhlw.go.jp/znk-web/juminkanja/S2430/initialize?prefCd=34&kikanCd=2340398960&kikanKbn=2", "url2": null, "内容": "森尾内科医院【2:診療所】【診療科目:内科_リハビリテーション科】広島県尾道市因島中庄町３３１４－３" }, "geometry": { "type": "Point", "coordinates": [ 133.172262, 34.327224 ] } },
{ "type": "Feature", "properties": { "ID": 3422340399260, "正式名称": "備北眼科", "機関区分": 2, "都道府県コード": 34, "市区町村コード": 209, "所在地": "広島県三次市十日市東１丁目１１－５", "緯度": 34.806029, "経度": 132.856877, "url": "https://www.iryou.teikyouseido.mhlw.go.jp/znk-web/juminkanja/S2430/initialize?prefCd=34&kikanCd=2340399260&kikanKbn=2", "url2": "bihoku.ganka.com", "内容": "備北眼科【2:診療所】【診療科目:眼科】広島県三次市十日市東１丁目１１－５" }, "geometry": { "type": "Point", "coordinates": [ 132.856877, 34.806029 ] } },
{ "type": "Feature", "properties": { "ID": 3422340399840, "正式名称": "医療法人社団　なんぶ内科医院", "機関区分": 2, "都道府県コード": 34, "市区町村コード": 212, "所在地": "広島県東広島市高屋町小谷３２５３－１", "緯度": 34.446441, "経度": 132.830306, "url": "https://www.iryou.teikyouseido.mhlw.go.jp/znk-web/juminkanja/S2430/initialize?prefCd=34&kikanCd=2340399840&kikanKbn=2", "url2": "http://nambuiin.or.jp/", "内容": "医療法人社団　なんぶ内科医院【2:診療所】【診療科目:内科_呼吸器内科_胃腸内科_小児科_リハビリテーション科】広島県東広島市高屋町小谷３２５３－１" }, "geometry": { "type": "Point", "coordinates": [ 132.830306, 34.446441 ] } },
{ "type": "Feature", "properties": { "ID": 3422340400270, "正式名称": "医療法人　向田内科医院", "機関区分": 2, "都道府県コード": 34, "市区町村コード": 207, "所在地": "広島県福山市加茂町中野４０３－３", "緯度": 34.573173, "経度": 133.345347, "url": "https://www.iryou.teikyouseido.mhlw.go.jp/znk-web/juminkanja/S2430/initialize?prefCd=34&kikanCd=2340400270&kikanKbn=2", "url2": "http://www.mukouda-naika.com/", "内容": "医療法人　向田内科医院【2:診療所】【診療科目:内科_呼吸器内科_循環器内科_消化器内科】広島県福山市加茂町中野４０３－３" }, "geometry": { "type": "Point", "coordinates": [ 133.345347, 34.573173 ] } },
{ "type": "Feature", "properties": { "ID": 3422340400850, "正式名称": "緑井皮ふ科クリニック", "機関区分": 2, "都道府県コード": 34, "市区町村コード": 105, "所在地": "広島県広島市安佐南区緑井二丁目１１－１６", "緯度": 34.467919, "経度": 132.470313, "url": "https://www.iryou.teikyouseido.mhlw.go.jp/znk-web/juminkanja/S2430/initialize?prefCd=34&kikanCd=2340400850&kikanKbn=2", "url2": null, "内容": "緑井皮ふ科クリニック【2:診療所】【診療科目:皮膚科】広島県広島市安佐南区緑井二丁目１１－１６" }, "geometry": { "type": "Point", "coordinates": [ 132.470313, 34.467919 ] } },
{ "type": "Feature", "properties": { "ID": 3422340401280, "正式名称": "寺沢耳鼻咽喉科医院", "機関区分": 2, "都道府県コード": 34, "市区町村コード": 304, "所在地": "広島県安芸郡海田町窪町２－１４", "緯度": 34.371653, "経度": 132.529841, "url": "https://www.iryou.teikyouseido.mhlw.go.jp/znk-web/juminkanja/S2430/initialize?prefCd=34&kikanCd=2340401280&kikanKbn=2", "url2": null, "内容": "寺沢耳鼻咽喉科医院【2:診療所】【診療科目:耳鼻いんこう科】広島県安芸郡海田町窪町２－１４" }, "geometry": { "type": "Point", "coordinates": [ 132.529841, 34.371653 ] } },
{ "type": "Feature", "properties": { "ID": 3422340401440, "正式名称": "高美ケ丘クリニック", "機関区分": 2, "都道府県コード": 34, "市区町村コード": 212, "所在地": "広島県東広島市高屋高美が丘四丁目３３－１", "緯度": 34.460267, "経度": 132.792928, "url": "https://www.iryou.teikyouseido.mhlw.go.jp/znk-web/juminkanja/S2430/initialize?prefCd=34&kikanCd=2340401440&kikanKbn=2", "url2": null, "内容": "高美ケ丘クリニック【2:診療所】【診療科目:内科_小児科_皮膚科_放射線科】広島県東広島市高屋高美が丘四丁目３３－１" }, "geometry": { "type": "Point", "coordinates": [ 132.792928, 34.460267 ] } },
{ "type": "Feature", "properties": { "ID": 3422340401730, "正式名称": "医療法人社団　恵仁会　平岡内科医院", "機関区分": 2, "都道府県コード": 34, "市区町村コード": 101, "所在地": "広島県広島市中区舟入本町１５番１９号", "緯度": 34.385066, "経度": 132.443375, "url": "https://www.iryou.teikyouseido.mhlw.go.jp/znk-web/juminkanja/S2430/initialize?prefCd=34&kikanCd=2340401730&kikanKbn=2", "url2": null, "内容": "医療法人社団　恵仁会　平岡内科医院【2:診療所】【診療科目:内科】広島県広島市中区舟入本町１５番１９号" }, "geometry": { "type": "Point", "coordinates": [ 132.443375, 34.385066 ] } },
{ "type": "Feature", "properties": { "ID": 3422340401990, "正式名称": "医療法人　えんじゅ会　かわごえ循環器内科", "機関区分": 2, "都道府県コード": 34, "市区町村コード": 101, "所在地": "広島県広島市中区上幟町３－１１－１０１", "緯度": 34.398954, "経度": 132.466178, "url": "https://www.iryou.teikyouseido.mhlw.go.jp/znk-web/juminkanja/S2430/initialize?prefCd=34&kikanCd=2340401990&kikanKbn=2", "url2": "http://www.kawagoe-clinic.jp", "内容": "医療法人　えんじゅ会　かわごえ循環器内科【2:診療所】【診療科目:内科_循環器内科_心臓内科】広島県広島市中区上幟町３－１１－１０１" }, "geometry": { "type": "Point", "coordinates": [ 132.466178, 34.398954 ] } },
{ "type": "Feature", "properties": { "ID": 3422340402030, "正式名称": "医療法人　優喜会　耳鼻咽喉科　佐藤クリニック", "機関区分": 2, "都道府県コード": 34, "市区町村コード": 102, "所在地": "広島県広島市東区牛田早稲田一丁目３－２６", "緯度": 34.412175, "経度": 132.47526, "url": "https://www.iryou.teikyouseido.mhlw.go.jp/znk-web/juminkanja/S2430/initialize?prefCd=34&kikanCd=2340402030&kikanKbn=2", "url2": null, "内容": "医療法人　優喜会　耳鼻咽喉科　佐藤クリニック【2:診療所】【診療科目:耳鼻いんこう科_アレルギー科】広島県広島市東区牛田早稲田一丁目３－２６" }, "geometry": { "type": "Point", "coordinates": [ 132.47526, 34.412175 ] } },
{ "type": "Feature", "properties": { "ID": 3422340402160, "正式名称": "医療法人社団　ひろまさ会　谷本クリニック", "機関区分": 2, "都道府県コード": 34, "市区町村コード": 102, "所在地": "広島県広島市東区尾長東二丁目５－４", "緯度": 34.39826, "経度": 132.488343, "url": "https://www.iryou.teikyouseido.mhlw.go.jp/znk-web/juminkanja/S2430/initialize?prefCd=34&kikanCd=2340402160&kikanKbn=2", "url2": "https://www.hiromasakai.com/", "内容": "医療法人社団　ひろまさ会　谷本クリニック【2:診療所】【診療科目:内科_外科_整形外科_小児科】広島県広島市東区尾長東二丁目５－４" }, "geometry": { "type": "Point", "coordinates": [ 132.488343, 34.39826 ] } },
{ "type": "Feature", "properties": { "ID": 3422340402320, "正式名称": "メディカルケア　さつき診療所", "機関区分": 2, "都道府県コード": 34, "市区町村コード": 108, "所在地": "広島県広島市佐伯区五月が丘２丁目７番２５号", "緯度": 34.421145, "経度": 132.400683, "url": "https://www.iryou.teikyouseido.mhlw.go.jp/znk-web/juminkanja/S2430/initialize?prefCd=34&kikanCd=2340402320&kikanKbn=2", "url2": "https://www.medicalcare-satsuki.com/", "内容": "メディカルケア　さつき診療所【2:診療所】【診療科目:内科_腎臓内科】広島県広島市佐伯区五月が丘２丁目７番２５号" }, "geometry": { "type": "Point", "coordinates": [ 132.400683, 34.421145 ] } },
{ "type": "Feature", "properties": { "ID": 3422340402580, "正式名称": "今井医院", "機関区分": 2, "都道府県コード": 34, "市区町村コード": 209, "所在地": "広島県三次市三良坂町三良坂２６３３", "緯度": 34.763111, "経度": 132.961718, "url": "https://www.iryou.teikyouseido.mhlw.go.jp/znk-web/juminkanja/S2430/initialize?prefCd=34&kikanCd=2340402580&kikanKbn=2", "url2": null, "内容": "今井医院【2:診療所】【診療科目:内科_外科】広島県三次市三良坂町三良坂２６３３" }, "geometry": { "type": "Point", "coordinates": [ 132.961718, 34.763111 ] } },
{ "type": "Feature", "properties": { "ID": 3422340402740, "正式名称": "公益財団法人　広島県地域保健医療推進機構（ＨｉＴＳ健診プラザ）", "機関区分": 2, "都道府県コード": 34, "市区町村コード": 103, "所在地": "広島県広島市南区皆実町一丁目６番２９号", "緯度": 34.379901, "経度": 132.468401, "url": "https://www.iryou.teikyouseido.mhlw.go.jp/znk-web/juminkanja/S2430/initialize?prefCd=34&kikanCd=2340402740&kikanKbn=2", "url2": "http://www.hiroshima-hm.or.jp/", "内容": "公益財団法人　広島県地域保健医療推進機構（ＨｉＴＳ健診プラザ）【2:診療所】【診療科目:内科_呼吸器内科_放射線科】広島県広島市南区皆実町一丁目６番２９号" }, "geometry": { "type": "Point", "coordinates": [ 132.468401, 34.379901 ] } },
{ "type": "Feature", "properties": { "ID": 3422340403200, "正式名称": "医療法人社団　長寿会　はたのリハビリ整形外科", "機関区分": 2, "都道府県コード": 34, "市区町村コード": 107, "所在地": "広島県広島市安芸区中野５丁目１３－３０", "緯度": 34.402373, "経度": 132.580835, "url": "https://www.iryou.teikyouseido.mhlw.go.jp/znk-web/juminkanja/S2430/initialize?prefCd=34&kikanCd=2340403200&kikanKbn=2", "url2": "http://hatano-group.jp/", "内容": "医療法人社団　長寿会　はたのリハビリ整形外科【2:診療所】【診療科目:内科_整形外科_リハビリテーション科】広島県広島市安芸区中野５丁目１３－３０" }, "geometry": { "type": "Point", "coordinates": [ 132.580835, 34.402373 ] } },
{ "type": "Feature", "properties": { "ID": 3422340403460, "正式名称": "松本クリニック", "機関区分": 2, "都道府県コード": 34, "市区町村コード": 213, "所在地": "広島県廿日市市福面三丁目１－２０", "緯度": 34.320602, "経度": 132.30115, "url": "https://www.iryou.teikyouseido.mhlw.go.jp/znk-web/juminkanja/S2430/initialize?prefCd=34&kikanCd=2340403460&kikanKbn=2", "url2": null, "内容": "松本クリニック【2:診療所】【診療科目:内科_消化器内科_麻酔科】広島県廿日市市福面三丁目１－２０" }, "geometry": { "type": "Point", "coordinates": [ 132.30115, 34.320602 ] } },
{ "type": "Feature", "properties": { "ID": 3422340403620, "正式名称": "加納内科消化器科", "機関区分": 2, "都道府県コード": 34, "市区町村コード": 205, "所在地": "広島県尾道市高須町字原田３６５９番１号", "緯度": 34.440463, "経度": 133.230946, "url": "https://www.iryou.teikyouseido.mhlw.go.jp/znk-web/juminkanja/S2430/initialize?prefCd=34&kikanCd=2340403620&kikanKbn=2", "url2": null, "内容": "加納内科消化器科【2:診療所】【診療科目:内科_消化器内科】広島県尾道市高須町字原田３６５９番１号" }, "geometry": { "type": "Point", "coordinates": [ 133.230946, 34.440463 ] } },
{ "type": "Feature", "properties": { "ID": 3422340403910, "正式名称": "大和診療所", "機関区分": 2, "都道府県コード": 34, "市区町村コード": 204, "所在地": "広島県三原市大和町和木１５３８－１", "緯度": 34.514098, "経度": 132.921558, "url": "https://www.iryou.teikyouseido.mhlw.go.jp/znk-web/juminkanja/S2430/initialize?prefCd=34&kikanCd=2340403910&kikanKbn=2", "url2": "http://www.city.mihara.hiroshima.jp/soshiki/16/114574.html", "内容": "大和診療所【2:診療所】【診療科目:内科】広島県三原市大和町和木１５３８－１" }, "geometry": { "type": "Point", "coordinates": [ 132.921558, 34.514098 ] } },
{ "type": "Feature", "properties": { "ID": 3422340404470, "正式名称": "小川内科胃腸科", "機関区分": 2, "都道府県コード": 34, "市区町村コード": 207, "所在地": "広島県福山市神辺町新徳田５４５－１", "緯度": 34.54651, "経度": 133.364347, "url": "https://www.iryou.teikyouseido.mhlw.go.jp/znk-web/juminkanja/S2430/initialize?prefCd=34&kikanCd=2340404470&kikanKbn=2", "url2": "http://www.ogawanaika", "内容": "小川内科胃腸科【2:診療所】【診療科目:内科_呼吸器内科_循環器内科_胃腸内科_アレルギー科_リハビリテーション科】広島県福山市神辺町新徳田５４５－１" }, "geometry": { "type": "Point", "coordinates": [ 133.364347, 34.54651 ] } },
{ "type": "Feature", "properties": { "ID": 3422340404630, "正式名称": "びんごクリニック", "機関区分": 2, "都道府県コード": 34, "市区町村コード": 207, "所在地": "広島県福山市丸之内１－３－９　鈴木第２ビル６階", "緯度": 34.491349, "経度": 133.362877, "url": "https://www.iryou.teikyouseido.mhlw.go.jp/znk-web/juminkanja/S2430/initialize?prefCd=34&kikanCd=2340404630&kikanKbn=2", "url2": null, "内容": "びんごクリニック【2:診療所】【診療科目:内科_精神科_心療内科】広島県福山市丸之内１－３－９　鈴木第２ビル６階" }, "geometry": { "type": "Point", "coordinates": [ 133.362877, 34.491349 ] } },
{ "type": "Feature", "properties": { "ID": 3422340405060, "正式名称": "野田耳鼻咽喉科医院", "機関区分": 2, "都道府県コード": 34, "市区町村コード": 106, "所在地": "広島県広島市安佐北区可部三丁目３８－１８", "緯度": 34.517135, "経度": 132.51102, "url": "https://www.iryou.teikyouseido.mhlw.go.jp/znk-web/juminkanja/S2430/initialize?prefCd=34&kikanCd=2340405060&kikanKbn=2", "url2": null, "内容": "野田耳鼻咽喉科医院【2:診療所】【診療科目:耳鼻いんこう科】広島県広島市安佐北区可部三丁目３８－１８" }, "geometry": { "type": "Point", "coordinates": [ 132.51102, 34.517135 ] } },
{ "type": "Feature", "properties": { "ID": 3422340405190, "正式名称": "名草クリニック", "機関区分": 2, "都道府県コード": 34, "市区町村コード": 108, "所在地": "広島県広島市佐伯区五日市中央三丁目９－５１", "緯度": 34.370317, "経度": 132.350993, "url": "https://www.iryou.teikyouseido.mhlw.go.jp/znk-web/juminkanja/S2430/initialize?prefCd=34&kikanCd=2340405190&kikanKbn=2", "url2": null, "内容": "名草クリニック【2:診療所】【診療科目:内科_胃腸内科_外科_肛門外科_リハビリテーション科】広島県広島市佐伯区五日市中央三丁目９－５１" }, "geometry": { "type": "Point", "coordinates": [ 132.350993, 34.370317 ] } },
{ "type": "Feature", "properties": { "ID": 3422340405220, "正式名称": "医療法人社団　松永クリニック", "機関区分": 2, "都道府県コード": 34, "市区町村コード": 108, "所在地": "広島県広島市佐伯区皆賀二丁目２－３１　グリーンハイツ皆賀２Ｆ", "緯度": 34.375316, "経度": 132.367826, "url": "https://www.iryou.teikyouseido.mhlw.go.jp/znk-web/juminkanja/S2430/initialize?prefCd=34&kikanCd=2340405220&kikanKbn=2", "url2": "http://www.matsunaga1131.com", "内容": "医療法人社団　松永クリニック【2:診療所】【診療科目:内科_消化器内科_内視鏡内科_外科_肛門外科_小児科】広島県広島市佐伯区皆賀二丁目２－３１　グリーンハイツ皆賀２Ｆ" }, "geometry": { "type": "Point", "coordinates": [ 132.367826, 34.375316 ] } },
{ "type": "Feature", "properties": { "ID": 3422340405350, "正式名称": "久芳診療所", "機関区分": 2, "都道府県コード": 34, "市区町村コード": 212, "所在地": "広島県東広島市福富町久芳３７９７－１", "緯度": 34.538334, "経度": 132.780507, "url": "https://www.iryou.teikyouseido.mhlw.go.jp/znk-web/juminkanja/S2430/initialize?prefCd=34&kikanCd=2340405350&kikanKbn=2", "url2": null, "内容": "久芳診療所【2:診療所】【診療科目:内科】広島県東広島市福富町久芳３７９７－１" }, "geometry": { "type": "Point", "coordinates": [ 132.780507, 34.538334 ] } },
{ "type": "Feature", "properties": { "ID": 3422340405770, "正式名称": "医療法人　榎木内科・循環器科医院", "機関区分": 2, "都道府県コード": 34, "市区町村コード": 101, "所在地": "広島県広島市中区江波南１丁目３９－９", "緯度": 34.365096, "経度": 132.433821, "url": "https://www.iryou.teikyouseido.mhlw.go.jp/znk-web/juminkanja/S2430/initialize?prefCd=34&kikanCd=2340405770&kikanKbn=2", "url2": "http://enoki-iin.webmedipro.jp/", "内容": "医療法人　榎木内科・循環器科医院【2:診療所】【診療科目:内科_感染症内科_糖尿病内科_内分泌内科_脂質代謝内科_呼吸器内科_心臓内科_消化器内科_腎臓内科_老年内科_アレルギー疾患内科_リハビリテーション科】広島県広島市中区江波南１丁目３９－９" }, "geometry": { "type": "Point", "coordinates": [ 132.433821, 34.365096 ] } },
{ "type": "Feature", "properties": { "ID": 3422340405930, "正式名称": "新田小児科医院", "機関区分": 2, "都道府県コード": 34, "市区町村コード": 104, "所在地": "広島県広島市西区横川町三丁目９－１４", "緯度": 34.408953, "経度": 132.453095, "url": "https://www.iryou.teikyouseido.mhlw.go.jp/znk-web/juminkanja/S2430/initialize?prefCd=34&kikanCd=2340405930&kikanKbn=2", "url2": null, "内容": "新田小児科医院【2:診療所】【診療科目:内科_小児科】広島県広島市西区横川町三丁目９－１４" }, "geometry": { "type": "Point", "coordinates": [ 132.453095, 34.408953 ] } },
{ "type": "Feature", "properties": { "ID": 3422340406230, "正式名称": "医療法人黄内科医院", "機関区分": 2, "都道府県コード": 34, "市区町村コード": 108, "所在地": "広島県広島市佐伯区藤の木一丁目３１－１２", "緯度": 34.419546, "経度": 132.357454, "url": "https://www.iryou.teikyouseido.mhlw.go.jp/znk-web/juminkanja/S2430/initialize?prefCd=34&kikanCd=2340406230&kikanKbn=2", "url2": null, "内容": "医療法人黄内科医院【2:診療所】【診療科目:内科_糖尿病内科_脂質代謝内科_呼吸器内科_循環器内科_消化器内科_アレルギー疾患内科_アレルギー科_リハビリテーション科】広島県広島市佐伯区藤の木一丁目３１－１２" }, "geometry": { "type": "Point", "coordinates": [ 132.357454, 34.419546 ] } },
{ "type": "Feature", "properties": { "ID": 3422340406520, "正式名称": "医療法人社団　敬友会　卜部耳鼻咽喉科医院", "機関区分": 2, "都道府県コード": 34, "市区町村コード": 207, "所在地": "広島県福山市霞町２丁目２番３号", "緯度": 34.48425, "経度": 133.363335, "url": "https://www.iryou.teikyouseido.mhlw.go.jp/znk-web/juminkanja/S2430/initialize?prefCd=34&kikanCd=2340406520&kikanKbn=2", "url2": "https://www.urabeent.jp", "内容": "医療法人社団　敬友会　卜部耳鼻咽喉科医院【2:診療所】【診療科目:耳鼻いんこう科】広島県福山市霞町２丁目２番３号" }, "geometry": { "type": "Point", "coordinates": [ 133.363335, 34.48425 ] } },
{ "type": "Feature", "properties": { "ID": 3422340406940, "正式名称": "中川内科医院", "機関区分": 2, "都道府県コード": 34, "市区町村コード": 106, "所在地": "広島県広島市安佐北区可部二丁目６－３", "緯度": 34.513359, "経度": 132.510725, "url": "https://www.iryou.teikyouseido.mhlw.go.jp/znk-web/juminkanja/S2430/initialize?prefCd=34&kikanCd=2340406940&kikanKbn=2", "url2": null, "内容": "中川内科医院【2:診療所】【診療科目:内科】広島県広島市安佐北区可部二丁目６－３" }, "geometry": { "type": "Point", "coordinates": [ 132.510725, 34.513359 ] } },
{ "type": "Feature", "properties": { "ID": 3422340407240, "正式名称": "鈴木内科医院", "機関区分": 2, "都道府県コード": 34, "市区町村コード": 205, "所在地": "広島県尾道市因島土生町１８９９－２４", "緯度": 34.284899, "経度": 133.178241, "url": "https://www.iryou.teikyouseido.mhlw.go.jp/znk-web/juminkanja/S2430/initialize?prefCd=34&kikanCd=2340407240&kikanKbn=2", "url2": "https://urban.ne.jp/home/toshi999/", "内容": "鈴木内科医院【2:診療所】【診療科目:内科_漢方内科】広島県尾道市因島土生町１８９９－２４" }, "geometry": { "type": "Point", "coordinates": [ 133.178241, 34.284899 ] } },
{ "type": "Feature", "properties": { "ID": 3422340407370, "正式名称": "医療法人　穣和会　藤田医院", "機関区分": 2, "都道府県コード": 34, "市区町村コード": 207, "所在地": "広島県福山市神辺町川北１３０番１号", "緯度": 34.540455, "経度": 133.383818, "url": "https://www.iryou.teikyouseido.mhlw.go.jp/znk-web/juminkanja/S2430/initialize?prefCd=34&kikanCd=2340407370&kikanKbn=2", "url2": null, "内容": "医療法人　穣和会　藤田医院【2:診療所】【診療科目:内科_循環器内科】広島県福山市神辺町川北１３０番１号" }, "geometry": { "type": "Point", "coordinates": [ 133.383818, 34.540455 ] } },
{ "type": "Feature", "properties": { "ID": 3422340407530, "正式名称": "石川クリニック", "機関区分": 2, "都道府県コード": 34, "市区町村コード": 207, "所在地": "広島県福山市新市町上安井５０", "緯度": 34.589298, "経度": 133.268601, "url": "https://www.iryou.teikyouseido.mhlw.go.jp/znk-web/juminkanja/S2430/initialize?prefCd=34&kikanCd=2340407530&kikanKbn=2", "url2": null, "内容": "石川クリニック【2:診療所】【診療科目:内科_外科_肛門外科_皮膚科】広島県福山市新市町上安井５０" }, "geometry": { "type": "Point", "coordinates": [ 133.268601, 34.589298 ] } },
{ "type": "Feature", "properties": { "ID": 3422340407950, "正式名称": "平野眼科", "機関区分": 2, "都道府県コード": 34, "市区町村コード": 106, "所在地": "広島県広島市安佐北区口田南七丁目１２－３１", "緯度": 34.461193, "経度": 132.497328, "url": "https://www.iryou.teikyouseido.mhlw.go.jp/znk-web/juminkanja/S2430/initialize?prefCd=34&kikanCd=2340407950&kikanKbn=2", "url2": null, "内容": "平野眼科【2:診療所】【診療科目:眼科】広島県広島市安佐北区口田南七丁目１２－３１" }, "geometry": { "type": "Point", "coordinates": [ 132.497328, 34.461193 ] } },
{ "type": "Feature", "properties": { "ID": 3422340408090, "正式名称": "倉掛のぞみ園診療所", "機関区分": 2, "都道府県コード": 34, "市区町村コード": 106, "所在地": "広島県広島市安佐北区倉掛３丁目５０番１号", "緯度": 34.474142, "経度": 132.532086, "url": "https://www.iryou.teikyouseido.mhlw.go.jp/znk-web/juminkanja/S2430/initialize?prefCd=34&kikanCd=2340408090&kikanKbn=2", "url2": null, "内容": "倉掛のぞみ園診療所【2:診療所】【診療科目:内科】広島県広島市安佐北区倉掛３丁目５０番１号" }, "geometry": { "type": "Point", "coordinates": [ 132.532086, 34.474142 ] } },
{ "type": "Feature", "properties": { "ID": 3422340408250, "正式名称": "よこやま産婦人科", "機関区分": 2, "都道府県コード": 34, "市区町村コード": 212, "所在地": "広島県東広島市高屋町中島１６８番地", "緯度": 34.451343, "経度": 132.79276, "url": "https://www.iryou.teikyouseido.mhlw.go.jp/znk-web/juminkanja/S2430/initialize?prefCd=34&kikanCd=2340408250&kikanKbn=2", "url2": null, "内容": "よこやま産婦人科【2:診療所】【診療科目:産婦人科】広島県東広島市高屋町中島１６８番地" }, "geometry": { "type": "Point", "coordinates": [ 132.79276, 34.451343 ] } },
{ "type": "Feature", "properties": { "ID": 3422340408540, "正式名称": "医療法人　翠幸会　大瀬戸リハビリ整形外科", "機関区分": 2, "都道府県コード": 34, "市区町村コード": 103, "所在地": "広島県広島市南区宇品御幸一丁目１７－１", "緯度": 34.368146, "経度": 132.464366, "url": "https://www.iryou.teikyouseido.mhlw.go.jp/znk-web/juminkanja/S2430/initialize?prefCd=34&kikanCd=2340408540&kikanKbn=2", "url2": "http://www.ohseto.or.jp", "内容": "医療法人　翠幸会　大瀬戸リハビリ整形外科【2:診療所】【診療科目:内科_整形外科_リハビリテーション科】広島県広島市南区宇品御幸一丁目１７－１" }, "geometry": { "type": "Point", "coordinates": [ 132.464366, 34.368146 ] } },
{ "type": "Feature", "properties": { "ID": 3422340408700, "正式名称": "白石眼科ペインクリニック", "機関区分": 2, "都道府県コード": 34, "市区町村コード": 106, "所在地": "広島県広島市安佐北区可部３丁目２１番２０号", "緯度": 34.519887, "経度": 132.512391, "url": "https://www.iryou.teikyouseido.mhlw.go.jp/znk-web/juminkanja/S2430/initialize?prefCd=34&kikanCd=2340408700&kikanKbn=2", "url2": "http://shiraishi-eye.com/", "内容": "白石眼科ペインクリニック【2:診療所】【診療科目:内科_ペインクリニック内科_眼科】広島県広島市安佐北区可部３丁目２１番２０号" }, "geometry": { "type": "Point", "coordinates": [ 132.512391, 34.519887 ] } },
{ "type": "Feature", "properties": { "ID": 3422340408960, "正式名称": "酒井耳鼻咽喉科皮ふ科医院", "機関区分": 2, "都道府県コード": 34, "市区町村コード": 307, "所在地": "広島県安芸郡熊野町萩原２－２－８", "緯度": 34.338657, "経度": 132.588337, "url": "https://www.iryou.teikyouseido.mhlw.go.jp/znk-web/juminkanja/S2430/initialize?prefCd=34&kikanCd=2340408960&kikanKbn=2", "url2": "http://jijijijiji.web.fc2.com/", "内容": "酒井耳鼻咽喉科皮ふ科医院【2:診療所】【診療科目:耳鼻いんこう科_皮膚科_アレルギー科】広島県安芸郡熊野町萩原２－２－８" }, "geometry": { "type": "Point", "coordinates": [ 132.588337, 34.338657 ] } },
{ "type": "Feature", "properties": { "ID": 3422340409420, "正式名称": "小川内科", "機関区分": 2, "都道府県コード": 34, "市区町村コード": 101, "所在地": "広島県広島市中区江波西二丁目３３－２０", "緯度": 34.365874, "経度": 132.430322, "url": "https://www.iryou.teikyouseido.mhlw.go.jp/znk-web/juminkanja/S2430/initialize?prefCd=34&kikanCd=2340409420&kikanKbn=2", "url2": null, "内容": "小川内科【2:診療所】【診療科目:内科_消化器内科】広島県広島市中区江波西二丁目３３－２０" }, "geometry": { "type": "Point", "coordinates": [ 132.430322, 34.365874 ] } },
{ "type": "Feature", "properties": { "ID": 3422340409840, "正式名称": "広島市北部こども療育センター附属診療所", "機関区分": 2, "都道府県コード": 34, "市区町村コード": 106, "所在地": "広島県広島市安佐北区可部南五丁目８－７０", "緯度": 34.508749, "経度": 132.514225, "url": "https://www.iryou.teikyouseido.mhlw.go.jp/znk-web/juminkanja/S2430/initialize?prefCd=34&kikanCd=2340409840&kikanKbn=2", "url2": "http://www.hsfj.city.hiroshima.jp", "内容": "広島市北部こども療育センター附属診療所【2:診療所】【診療科目:整形外科_小児科】広島県広島市安佐北区可部南五丁目８－７０" }, "geometry": { "type": "Point", "coordinates": [ 132.514225, 34.508749 ] } },
{ "type": "Feature", "properties": { "ID": 3422340410080, "正式名称": "医療法人　社団　長生　郷原診療所", "機関区分": 2, "都道府県コード": 34, "市区町村コード": 202, "所在地": "広島県呉市郷原町１８２０－１", "緯度": 34.300607, "経度": 132.634085, "url": "https://www.iryou.teikyouseido.mhlw.go.jp/znk-web/juminkanja/S2430/initialize?prefCd=34&kikanCd=2340410080&kikanKbn=2", "url2": null, "内容": "医療法人　社団　長生　郷原診療所【2:診療所】【診療科目:内科_呼吸器内科_循環器内科_消化器内科】広島県呉市郷原町１８２０－１" }, "geometry": { "type": "Point", "coordinates": [ 132.634085, 34.300607 ] } },
{ "type": "Feature", "properties": { "ID": 3422340410110, "正式名称": "渡部耳鼻咽喉科医院", "機関区分": 2, "都道府県コード": 34, "市区町村コード": 202, "所在地": "広島県呉市中央二丁目５－３３", "緯度": 34.246263, "経度": 132.561633, "url": "https://www.iryou.teikyouseido.mhlw.go.jp/znk-web/juminkanja/S2430/initialize?prefCd=34&kikanCd=2340410110&kikanKbn=2", "url2": "http://nttbj.itp.ne.jp/0823248733/", "内容": "渡部耳鼻咽喉科医院【2:診療所】【診療科目:小児耳鼻いんこう科_耳鼻いんこう科_耳鼻いんこう科系その他_アレルギー科】広島県呉市中央二丁目５－３３" }, "geometry": { "type": "Point", "coordinates": [ 132.561633, 34.246263 ] } },
{ "type": "Feature", "properties": { "ID": 3422340410400, "正式名称": "井上眼科", "機関区分": 2, "都道府県コード": 34, "市区町村コード": 204, "所在地": "広島県三原市城町二丁目１３－１", "緯度": 34.39978, "経度": 133.08664, "url": "https://www.iryou.teikyouseido.mhlw.go.jp/znk-web/juminkanja/S2430/initialize?prefCd=34&kikanCd=2340410400&kikanKbn=2", "url2": null, "内容": "井上眼科【2:診療所】【診療科目:眼科】広島県三原市城町二丁目１３－１" }, "geometry": { "type": "Point", "coordinates": [ 133.08664, 34.39978 ] } },
{ "type": "Feature", "properties": { "ID": 3422340410530, "正式名称": "医療法人社団藤本会　藤本医院", "機関区分": 2, "都道府県コード": 34, "市区町村コード": 205, "所在地": "広島県尾道市栗原町９６５０－４", "緯度": 34.43388, "経度": 133.191505, "url": "https://www.iryou.teikyouseido.mhlw.go.jp/znk-web/juminkanja/S2430/initialize?prefCd=34&kikanCd=2340410530&kikanKbn=2", "url2": null, "内容": "医療法人社団藤本会　藤本医院【2:診療所】【診療科目:内科_小児科】広島県尾道市栗原町９６５０－４" }, "geometry": { "type": "Point", "coordinates": [ 133.191505, 34.43388 ] } },
{ "type": "Feature", "properties": { "ID": 3422340410660, "正式名称": "広島市精神保健福祉センター", "機関区分": 2, "都道府県コード": 34, "市区町村コード": 101, "所在地": "広島県広島市中区富士見町１１－２７", "緯度": 34.385878, "経度": 132.46148, "url": "https://www.iryou.teikyouseido.mhlw.go.jp/znk-web/juminkanja/S2430/initialize?prefCd=34&kikanCd=2340410660&kikanKbn=2", "url2": "https://www.city.hiroshima.lg.jp/living/kenkou/1021217/1006072/1013551.html", "内容": "広島市精神保健福祉センター【2:診療所】【診療科目:精神科】広島県広島市中区富士見町１１－２７" }, "geometry": { "type": "Point", "coordinates": [ 132.46148, 34.385878 ] } },
{ "type": "Feature", "properties": { "ID": 3422340410950, "正式名称": "藤武眼科", "機関区分": 2, "都道府県コード": 34, "市区町村コード": 105, "所在地": "広島県広島市安佐南区伴東七丁目５９－１　大原ビル２階", "緯度": 34.463531, "経度": 132.412745, "url": "https://www.iryou.teikyouseido.mhlw.go.jp/znk-web/juminkanja/S2430/initialize?prefCd=34&kikanCd=2340410950&kikanKbn=2", "url2": "https://fujitake-ganka.com/", "内容": "藤武眼科【2:診療所】【診療科目:眼科】広島県広島市安佐南区伴東七丁目５９－１　大原ビル２階" }, "geometry": { "type": "Point", "coordinates": [ 132.412745, 34.463531 ] } },
{ "type": "Feature", "properties": { "ID": 3422340411090, "正式名称": "医療法人　本田内科クリニック", "機関区分": 2, "都道府県コード": 34, "市区町村コード": 202, "所在地": "広島県呉市郷原町１６５０－１", "緯度": 34.299906, "経度": 132.635939, "url": "https://www.iryou.teikyouseido.mhlw.go.jp/znk-web/juminkanja/S2430/initialize?prefCd=34&kikanCd=2340411090&kikanKbn=2", "url2": "https://www.kure-honda-naika.com/", "内容": "医療法人　本田内科クリニック【2:診療所】【診療科目:内科_呼吸器内科_小児科_アレルギー科】広島県呉市郷原町１６５０－１" }, "geometry": { "type": "Point", "coordinates": [ 132.635939, 34.299906 ] } },
{ "type": "Feature", "properties": { "ID": 3422340411380, "正式名称": "医療法人社団　堀内医院", "機関区分": 2, "都道府県コード": 34, "市区町村コード": 204, "所在地": "広島県三原市本郷南６丁目２１番３号", "緯度": 34.40899, "経度": 132.987134, "url": "https://www.iryou.teikyouseido.mhlw.go.jp/znk-web/juminkanja/S2430/initialize?prefCd=34&kikanCd=2340411380&kikanKbn=2", "url2": null, "内容": "医療法人社団　堀内医院【2:診療所】【診療科目:内科_消化器内科_小児科】広島県三原市本郷南６丁目２１番３号" }, "geometry": { "type": "Point", "coordinates": [ 132.987134, 34.40899 ] } },
{ "type": "Feature", "properties": { "ID": 3422340411700, "正式名称": "古市クリニック", "機関区分": 2, "都道府県コード": 34, "市区町村コード": 105, "所在地": "広島県広島市安佐南区古市１丁目３０番２５号", "緯度": 34.451782, "経度": 132.470314, "url": "https://www.iryou.teikyouseido.mhlw.go.jp/znk-web/juminkanja/S2430/initialize?prefCd=34&kikanCd=2340411700&kikanKbn=2", "url2": null, "内容": "古市クリニック【2:診療所】【診療科目:内科_消化器内科_外科_肛門外科_リハビリテーション科】広島県広島市安佐南区古市１丁目３０番２５号" }, "geometry": { "type": "Point", "coordinates": [ 132.470314, 34.451782 ] } },
{ "type": "Feature", "properties": { "ID": 3422340411830, "正式名称": "医療法人社団裕親会　増田内科医院", "機関区分": 2, "都道府県コード": 34, "市区町村コード": 105, "所在地": "広島県広島市安佐南区毘沙門台二丁目４２－２３", "緯度": 34.477235, "経度": 132.462002, "url": "https://www.iryou.teikyouseido.mhlw.go.jp/znk-web/juminkanja/S2430/initialize?prefCd=34&kikanCd=2340411830&kikanKbn=2", "url2": null, "内容": "医療法人社団裕親会　増田内科医院【2:診療所】【診療科目:内科_小児科_心療内科】広島県広島市安佐南区毘沙門台二丁目４２－２３" }, "geometry": { "type": "Point", "coordinates": [ 132.462002, 34.477235 ] } },
{ "type": "Feature", "properties": { "ID": 3422340411960, "正式名称": "医療法人　清和会　荒谷医院", "機関区分": 2, "都道府県コード": 34, "市区町村コード": 202, "所在地": "広島県呉市焼山西２丁目１番３５号", "緯度": 34.291328, "経度": 132.554592, "url": "https://www.iryou.teikyouseido.mhlw.go.jp/znk-web/juminkanja/S2430/initialize?prefCd=34&kikanCd=2340411960&kikanKbn=2", "url2": null, "内容": "医療法人　清和会　荒谷医院【2:診療所】【診療科目:内科_胃腸内科_外科_小児科_リハビリテーション科】広島県呉市焼山西２丁目１番３５号" }, "geometry": { "type": "Point", "coordinates": [ 132.554592, 34.291328 ] } },
{ "type": "Feature", "properties": { "ID": 3422340412000, "正式名称": "医療法人社団あんず会　本田クリニック・東広島胃と腸内視鏡内科", "機関区分": 2, "都道府県コード": 34, "市区町村コード": 212, "所在地": "広島県東広島市高屋町杵原１２９２－１", "緯度": 34.448955, "経度": 132.785955, "url": "https://www.iryou.teikyouseido.mhlw.go.jp/znk-web/juminkanja/S2430/initialize?prefCd=34&kikanCd=2340412000&kikanKbn=2", "url2": "https://www.anzukai.or.jp/", "内容": "医療法人社団あんず会　本田クリニック・東広島胃と腸内視鏡内科【2:診療所】【診療科目:内科_消化器内科_小児科】広島県東広島市高屋町杵原１２９２－１" }, "geometry": { "type": "Point", "coordinates": [ 132.785955, 34.448955 ] } },
{ "type": "Feature", "properties": { "ID": 3422340412550, "正式名称": "医療法人社団　村上クリニック", "機関区分": 2, "都道府県コード": 34, "市区町村コード": 211, "所在地": "広島県大竹市元町１丁目１１番２号", "緯度": 34.208942, "経度": 132.215735, "url": "https://www.iryou.teikyouseido.mhlw.go.jp/znk-web/juminkanja/S2430/initialize?prefCd=34&kikanCd=2340412550&kikanKbn=2", "url2": null, "内容": "医療法人社団　村上クリニック【2:診療所】【診療科目:耳鼻いんこう科】広島県大竹市元町１丁目１１番２号" }, "geometry": { "type": "Point", "coordinates": [ 132.215735, 34.208942 ] } },
{ "type": "Feature", "properties": { "ID": 3422340412680, "正式名称": "医療法人　恵風会　谷川脳神経外科", "機関区分": 2, "都道府県コード": 34, "市区町村コード": 105, "所在地": "広島県広島市安佐南区相田一丁目３番１６号", "緯度": 34.470085, "経度": 132.457203, "url": "https://www.iryou.teikyouseido.mhlw.go.jp/znk-web/juminkanja/S2430/initialize?prefCd=34&kikanCd=2340412680&kikanKbn=2", "url2": "http://hbs.o.oo7.jp/", "内容": "医療法人　恵風会　谷川脳神経外科【2:診療所】【診療科目:脳神経外科】広島県広島市安佐南区相田一丁目３番１６号" }, "geometry": { "type": "Point", "coordinates": [ 132.457203, 34.470085 ] } },
{ "type": "Feature", "properties": { "ID": 3422340412710, "正式名称": "深坂内科循環器科医院", "機関区分": 2, "都道府県コード": 34, "市区町村コード": 304, "所在地": "広島県安芸郡海田町窪町２－１４　ハンドウビル２Ｆ", "緯度": 34.371681, "経度": 132.529952, "url": "https://www.iryou.teikyouseido.mhlw.go.jp/znk-web/juminkanja/S2430/initialize?prefCd=34&kikanCd=2340412710&kikanKbn=2", "url2": null, "内容": "深坂内科循環器科医院【2:診療所】【診療科目:内科_呼吸器内科_循環器内科】広島県安芸郡海田町窪町２－１４　ハンドウビル２Ｆ" }, "geometry": { "type": "Point", "coordinates": [ 132.529952, 34.371681 ] } },
{ "type": "Feature", "properties": { "ID": 3422340412840, "正式名称": "医療法人社団　小坂耳鼻咽喉科クリニック", "機関区分": 2, "都道府県コード": 34, "市区町村コード": 205, "所在地": "広島県尾道市向島町５８８３－７", "緯度": 34.393523, "経度": 133.196701, "url": "https://www.iryou.teikyouseido.mhlw.go.jp/znk-web/juminkanja/S2430/initialize?prefCd=34&kikanCd=2340412840&kikanKbn=2", "url2": "https://www.kosaka-ent-clinic.com/", "内容": "医療法人社団　小坂耳鼻咽喉科クリニック【2:診療所】【診療科目:小児耳鼻いんこう科_耳鼻いんこう科_アレルギー科】広島県尾道市向島町５８８３－７" }, "geometry": { "type": "Point", "coordinates": [ 133.196701, 34.393523 ] } },
{ "type": "Feature", "properties": { "ID": 3422340414020, "正式名称": "佐々木内科糖尿病クリニック", "機関区分": 2, "都道府県コード": 34, "市区町村コード": 207, "所在地": "広島県福山市三之丸町１１番１１号", "緯度": 34.487492, "経度": 133.359182, "url": "https://www.iryou.teikyouseido.mhlw.go.jp/znk-web/juminkanja/S2430/initialize?prefCd=34&kikanCd=2340414020&kikanKbn=2", "url2": "https://sasakinaika.jp", "内容": "佐々木内科糖尿病クリニック【2:診療所】【診療科目:内科_糖尿病内科_脂質代謝内科_循環器内科_漢方内科_アレルギー疾患内科_アレルギー科】広島県福山市三之丸町１１番１１号" }, "geometry": { "type": "Point", "coordinates": [ 133.359182, 34.487492 ] } },
{ "type": "Feature", "properties": { "ID": 3422340414150, "正式名称": "原田内科　神経内科　クリニック", "機関区分": 2, "都道府県コード": 34, "市区町村コード": 101, "所在地": "広島県広島市中区舟入幸町１７－５", "緯度": 34.383983, "経度": 132.440264, "url": "https://www.iryou.teikyouseido.mhlw.go.jp/znk-web/juminkanja/S2430/initialize?prefCd=34&kikanCd=2340414150&kikanKbn=2", "url2": null, "内容": "原田内科　神経内科　クリニック【2:診療所】【診療科目:内科_神経内科_精神科】広島県広島市中区舟入幸町１７－５" }, "geometry": { "type": "Point", "coordinates": [ 132.440264, 34.383983 ] } },
{ "type": "Feature", "properties": { "ID": 3422340414280, "正式名称": "スサワ循環器科・内科", "機関区分": 2, "都道府県コード": 34, "市区町村コード": 101, "所在地": "広島県広島市中区基町１－２０　オプリビル２Ｆ", "緯度": 34.398154, "経度": 132.461572, "url": "https://www.iryou.teikyouseido.mhlw.go.jp/znk-web/juminkanja/S2430/initialize?prefCd=34&kikanCd=2340414280&kikanKbn=2", "url2": "http://www.city.hiroshima.med.or.jp/", "内容": "スサワ循環器科・内科【2:診療所】【診療科目:内科_循環器内科】広島県広島市中区基町１－２０　オプリビル２Ｆ" }, "geometry": { "type": "Point", "coordinates": [ 132.461572, 34.398154 ] } },
{ "type": "Feature", "properties": { "ID": 3422340414440, "正式名称": "医療法人社団　ながたこどもクリニック", "機関区分": 2, "都道府県コード": 34, "市区町村コード": 108, "所在地": "広島県広島市佐伯区海老園一丁目６－２２", "緯度": 34.363659, "経度": 132.35732, "url": "https://www.iryou.teikyouseido.mhlw.go.jp/znk-web/juminkanja/S2430/initialize?prefCd=34&kikanCd=2340414440&kikanKbn=2", "url2": null, "内容": "医療法人社団　ながたこどもクリニック【2:診療所】【診療科目:小児科】広島県広島市佐伯区海老園一丁目６－２２" }, "geometry": { "type": "Point", "coordinates": [ 132.35732, 34.363659 ] } },
{ "type": "Feature", "properties": { "ID": 3422340414570, "正式名称": "医療法人ＴａｋｕＹｕ会　岸槌医院", "機関区分": 2, "都道府県コード": 34, "市区町村コード": 202, "所在地": "広島県呉市海岸二丁目１６－１２", "緯度": 34.246432, "経度": 132.544487, "url": "https://www.iryou.teikyouseido.mhlw.go.jp/znk-web/juminkanja/S2430/initialize?prefCd=34&kikanCd=2340414570&kikanKbn=2", "url2": "https://www.kishiduchi-iin.jp/kishiduchi/", "内容": "医療法人ＴａｋｕＹｕ会　岸槌医院【2:診療所】【診療科目:内科_呼吸器内科_循環器内科】広島県呉市海岸二丁目１６－１２" }, "geometry": { "type": "Point", "coordinates": [ 132.544487, 34.246432 ] } },
{ "type": "Feature", "properties": { "ID": 3422340414730, "正式名称": "三次市国民健康保険甲奴診療所", "機関区分": 2, "都道府県コード": 34, "市区町村コード": 209, "所在地": "広島県三次市甲奴町本郷６４５番地１", "緯度": 34.704794, "経度": 133.081974, "url": "https://www.iryou.teikyouseido.mhlw.go.jp/znk-web/juminkanja/S2430/initialize?prefCd=34&kikanCd=2340414730&kikanKbn=2", "url2": "https://www.city.miyoshi.hiroshima.jp/map/7666.html", "内容": "三次市国民健康保険甲奴診療所【2:診療所】【診療科目:内科】広島県三次市甲奴町本郷６４５番地１" }, "geometry": { "type": "Point", "coordinates": [ 133.081974, 34.704794 ] } },
{ "type": "Feature", "properties": { "ID": 3422340415290, "正式名称": "井上眼科医院", "機関区分": 2, "都道府県コード": 34, "市区町村コード": 102, "所在地": "広島県広島市東区牛田本町二丁目３－１", "緯度": 34.41122, "経度": 132.471486, "url": "https://www.iryou.teikyouseido.mhlw.go.jp/znk-web/juminkanja/S2430/initialize?prefCd=34&kikanCd=2340415290&kikanKbn=2", "url2": "https://inoue-ganka-hiroshima.amebaownd.com/", "内容": "井上眼科医院【2:診療所】【診療科目:眼科】広島県広島市東区牛田本町二丁目３－１" }, "geometry": { "type": "Point", "coordinates": [ 132.471486, 34.41122 ] } },
{ "type": "Feature", "properties": { "ID": 3422340415320, "正式名称": "こうち内科胃腸科", "機関区分": 2, "都道府県コード": 34, "市区町村コード": 104, "所在地": "広島県広島市西区横川新町１３－２２", "緯度": 34.407036, "経度": 132.447179, "url": "https://www.iryou.teikyouseido.mhlw.go.jp/znk-web/juminkanja/S2430/initialize?prefCd=34&kikanCd=2340415320&kikanKbn=2", "url2": null, "内容": "こうち内科胃腸科【2:診療所】【診療科目:内科_感染症内科_糖尿病内科_脂質代謝内科_糖尿病・内分泌内科_呼吸器内科_老年・呼吸器内科_循環器内科_消化器内科_老年内科_放射線科】広島県広島市西区横川新町１３－２２" }, "geometry": { "type": "Point", "coordinates": [ 132.447179, 34.407036 ] } },
{ "type": "Feature", "properties": { "ID": 3422340415610, "正式名称": "医療法人　ひいらぎ会　明海耳鼻咽喉科医院", "機関区分": 2, "都道府県コード": 34, "市区町村コード": 104, "所在地": "広島県広島市西区古江新町１３－３６－１０１", "緯度": 34.383141, "経度": 132.410829, "url": "https://www.iryou.teikyouseido.mhlw.go.jp/znk-web/juminkanja/S2430/initialize?prefCd=34&kikanCd=2340415610&kikanKbn=2", "url2": "https://www.myokai-jibika.com", "内容": "医療法人　ひいらぎ会　明海耳鼻咽喉科医院【2:診療所】【診療科目:耳鼻いんこう科_頭頸部・耳鼻いんこう科】広島県広島市西区古江新町１３－３６－１０１" }, "geometry": { "type": "Point", "coordinates": [ 132.410829, 34.383141 ] } },
{ "type": "Feature", "properties": { "ID": 3422340415870, "正式名称": "医療法人奏会　マキツボ整形外科・モモデンタルクリニック", "機関区分": 2, "都道府県コード": 34, "市区町村コード": 105, "所在地": "広島県広島市安佐南区緑井２丁目１７番５号", "緯度": 34.466058, "経度": 132.472924, "url": "https://www.iryou.teikyouseido.mhlw.go.jp/znk-web/juminkanja/S2430/initialize?prefCd=34&kikanCd=2340415870&kikanKbn=2", "url2": "https://makitsubo-seikei.com/", "内容": "医療法人奏会　マキツボ整形外科・モモデンタルクリニック【2:診療所】【診療科目:整形外科_歯科_歯科口腔外科_小児歯科_リハビリテーション科】広島県広島市安佐南区緑井２丁目１７番５号" }, "geometry": { "type": "Point", "coordinates": [ 132.472924, 34.466058 ] } },
{ "type": "Feature", "properties": { "ID": 3422340415900, "正式名称": "かぎもと内科・皮フ科・形成外科", "機関区分": 2, "都道府県コード": 34, "市区町村コード": 213, "所在地": "広島県廿日市市廿日市二丁目７－２６", "緯度": 34.35481, "経度": 132.33631, "url": "https://www.iryou.teikyouseido.mhlw.go.jp/znk-web/juminkanja/S2430/initialize?prefCd=34&kikanCd=2340415900&kikanKbn=2", "url2": "https://www.hatsukaichi-kagimotoiin.com/", "内容": "かぎもと内科・皮フ科・形成外科【2:診療所】【診療科目:内科_消化器内科_形成外科_皮膚科_美容皮膚科】広島県廿日市市廿日市二丁目７－２６" }, "geometry": { "type": "Point", "coordinates": [ 132.33631, 34.35481 ] } },
{ "type": "Feature", "properties": { "ID": 3422340416040, "正式名称": "医療法人社団　竹内耳鼻咽喉科医院", "機関区分": 2, "都道府県コード": 34, "市区町村コード": 212, "所在地": "広島県東広島市西条土与丸一丁目３番４０号", "緯度": 34.428317, "経度": 132.751403, "url": "https://www.iryou.teikyouseido.mhlw.go.jp/znk-web/juminkanja/S2430/initialize?prefCd=34&kikanCd=2340416040&kikanKbn=2", "url2": "itp.ne.jp/ap/0824223351/", "内容": "医療法人社団　竹内耳鼻咽喉科医院【2:診療所】【診療科目:耳鼻いんこう科_アレルギー科】広島県東広島市西条土与丸一丁目３番４０号" }, "geometry": { "type": "Point", "coordinates": [ 132.751403, 34.428317 ] } },
{ "type": "Feature", "properties": { "ID": 3422340416330, "正式名称": "医療法人社団　稲垣胃腸科外科クリニック", "機関区分": 2, "都道府県コード": 34, "市区町村コード": 103, "所在地": "広島県広島市南区段原南二丁目３－１６", "緯度": 34.385206, "経度": 132.477567, "url": "https://www.iryou.teikyouseido.mhlw.go.jp/znk-web/juminkanja/S2430/initialize?prefCd=34&kikanCd=2340416330&kikanKbn=2", "url2": "inagaki.byoinnavi.jp/", "内容": "医療法人社団　稲垣胃腸科外科クリニック【2:診療所】【診療科目:内科_呼吸器内科_循環器内科_消化器内科_胃腸内科_外科_肛門外科_放射線科】広島県広島市南区段原南二丁目３－１６" }, "geometry": { "type": "Point", "coordinates": [ 132.477567, 34.385206 ] } },
{ "type": "Feature", "properties": { "ID": 3422340416460, "正式名称": "医療法人社団博栄会　津村耳鼻咽喉科", "機関区分": 2, "都道府県コード": 34, "市区町村コード": 106, "所在地": "広島県広島市安佐北区可部３丁目２４番２９号", "緯度": 34.519664, "経度": 132.513558, "url": "https://www.iryou.teikyouseido.mhlw.go.jp/znk-web/juminkanja/S2430/initialize?prefCd=34&kikanCd=2340416460&kikanKbn=2", "url2": "https://tsumura-jibiinkou.com/", "内容": "医療法人社団博栄会　津村耳鼻咽喉科【2:診療所】【診療科目:頭頸部・耳鼻いんこう科】広島県広島市安佐北区可部３丁目２４番２９号" }, "geometry": { "type": "Point", "coordinates": [ 132.513558, 34.519664 ] } },
{ "type": "Feature", "properties": { "ID": 3422340416910, "正式名称": "島内科医院", "機関区分": 2, "都道府県コード": 34, "市区町村コード": 101, "所在地": "広島県広島市中区大手町一丁目５－２５", "緯度": 34.394816, "経度": 132.454818, "url": "https://www.iryou.teikyouseido.mhlw.go.jp/znk-web/juminkanja/S2430/initialize?prefCd=34&kikanCd=2340416910&kikanKbn=2", "url2": "http://www.shimagekanaika.jp", "内容": "島内科医院【2:診療所】【診療科目:内科_消化器内科】広島県広島市中区大手町一丁目５－２５" }, "geometry": { "type": "Point", "coordinates": [ 132.454818, 34.394816 ] } },
{ "type": "Feature", "properties": { "ID": 3422340417050, "正式名称": "医療法人社団　しのはら小児クリニック", "機関区分": 2, "都道府県コード": 34, "市区町村コード": 104, "所在地": "広島県広島市西区井口三丁目１３－５", "緯度": 34.370178, "経度": 132.376909, "url": "https://www.iryou.teikyouseido.mhlw.go.jp/znk-web/juminkanja/S2430/initialize?prefCd=34&kikanCd=2340417050&kikanKbn=2", "url2": "http://www.shinoped.com", "内容": "医療法人社団　しのはら小児クリニック【2:診療所】【診療科目:小児科_小児皮膚科_アレルギー科】広島県広島市西区井口三丁目１３－５" }, "geometry": { "type": "Point", "coordinates": [ 132.376909, 34.370178 ] } },
{ "type": "Feature", "properties": { "ID": 3422340417210, "正式名称": "医療法人　数佐内科胃腸科", "機関区分": 2, "都道府県コード": 34, "市区町村コード": 105, "所在地": "広島県広島市安佐南区山本四丁目２６－２３", "緯度": 34.43645, "経度": 132.450233, "url": "https://www.iryou.teikyouseido.mhlw.go.jp/znk-web/juminkanja/S2430/initialize?prefCd=34&kikanCd=2340417210&kikanKbn=2", "url2": null, "内容": "医療法人　数佐内科胃腸科【2:診療所】【診療科目:内科_循環器内科_消化器内科】広島県広島市安佐南区山本四丁目２６－２３" }, "geometry": { "type": "Point", "coordinates": [ 132.450233, 34.43645 ] } },
{ "type": "Feature", "properties": { "ID": 3422340417340, "正式名称": "渡辺小児科循環器科クリニック", "機関区分": 2, "都道府県コード": 34, "市区町村コード": 202, "所在地": "広島県呉市東中央２丁目５番２２号", "緯度": 34.252055, "経度": 132.570871, "url": "https://www.iryou.teikyouseido.mhlw.go.jp/znk-web/juminkanja/S2430/initialize?prefCd=34&kikanCd=2340417340&kikanKbn=2", "url2": null, "内容": "渡辺小児科循環器科クリニック【2:診療所】【診療科目:循環器内科_小児科】広島県呉市東中央２丁目５番２２号" }, "geometry": { "type": "Point", "coordinates": [ 132.570871, 34.252055 ] } },
{ "type": "Feature", "properties": { "ID": 3422340418060, "正式名称": "わたなべクリニック", "機関区分": 2, "都道府県コード": 34, "市区町村コード": 202, "所在地": "広島県呉市焼山中央二丁目９－４６", "緯度": 34.296603, "経度": 132.559783, "url": "https://www.iryou.teikyouseido.mhlw.go.jp/znk-web/juminkanja/S2430/initialize?prefCd=34&kikanCd=2340418060&kikanKbn=2", "url2": null, "内容": "わたなべクリニック【2:診療所】【診療科目:内科_循環器内科_消化器内科】広島県呉市焼山中央二丁目９－４６" }, "geometry": { "type": "Point", "coordinates": [ 132.559783, 34.296603 ] } },
{ "type": "Feature", "properties": { "ID": 3422340418770, "正式名称": "清川神経科内科クリニック", "機関区分": 2, "都道府県コード": 34, "市区町村コード": 101, "所在地": "広島県広島市中区八丁堀４－１５　アーバンビュー八丁堀３Ｆ", "緯度": 34.397149, "経度": 132.463623, "url": "https://www.iryou.teikyouseido.mhlw.go.jp/znk-web/juminkanja/S2430/initialize?prefCd=34&kikanCd=2340418770&kikanKbn=2", "url2": null, "内容": "清川神経科内科クリニック【2:診療所】【診療科目:内科_精神科_神経科_心療内科_リハビリテーション科】広島県広島市中区八丁堀４－１５　アーバンビュー八丁堀３Ｆ" }, "geometry": { "type": "Point", "coordinates": [ 132.463623, 34.397149 ] } },
{ "type": "Feature", "properties": { "ID": 3422340418800, "正式名称": "佐々木内科胃腸科", "機関区分": 2, "都道府県コード": 34, "市区町村コード": 103, "所在地": "広島県広島市南区東本浦町４－５", "緯度": 34.37654, "経度": 132.488344, "url": "https://www.iryou.teikyouseido.mhlw.go.jp/znk-web/juminkanja/S2430/initialize?prefCd=34&kikanCd=2340418800&kikanKbn=2", "url2": null, "内容": "佐々木内科胃腸科【2:診療所】【診療科目:内科_消化器内科_胃腸内科】広島県広島市南区東本浦町４－５" }, "geometry": { "type": "Point", "coordinates": [ 132.488344, 34.37654 ] } },
{ "type": "Feature", "properties": { "ID": 3422340419070, "正式名称": "吉田整形外科", "機関区分": 2, "都道府県コード": 34, "市区町村コード": 104, "所在地": "広島県広島市西区井口鈴が台三丁目１６番２１号", "緯度": 34.371722, "経度": 132.375349, "url": "https://www.iryou.teikyouseido.mhlw.go.jp/znk-web/juminkanja/S2430/initialize?prefCd=34&kikanCd=2340419070&kikanKbn=2", "url2": null, "内容": "吉田整形外科【2:診療所】【診療科目:整形外科】広島県広島市西区井口鈴が台三丁目１６番２１号" }, "geometry": { "type": "Point", "coordinates": [ 132.375349, 34.371722 ] } },
{ "type": "Feature", "properties": { "ID": 3422340419230, "正式名称": "医療法人清水眼科", "機関区分": 2, "都道府県コード": 34, "市区町村コード": 104, "所在地": "広島県広島市西区天満町１３－１－２Ｆ", "緯度": 34.396037, "経度": 132.440541, "url": "https://www.iryou.teikyouseido.mhlw.go.jp/znk-web/juminkanja/S2430/initialize?prefCd=34&kikanCd=2340419230&kikanKbn=2", "url2": null, "内容": "医療法人清水眼科【2:診療所】【診療科目:眼科】広島県広島市西区天満町１３－１－２Ｆ" }, "geometry": { "type": "Point", "coordinates": [ 132.440541, 34.396037 ] } },
{ "type": "Feature", "properties": { "ID": 3422340419490, "正式名称": "医療法人千寿会　平林内科医院", "機関区分": 2, "都道府県コード": 34, "市区町村コード": 104, "所在地": "広島県広島市西区南観音六丁目１－６　ドマーニ　タセイ", "緯度": 34.382566, "経度": 132.428543, "url": "https://www.iryou.teikyouseido.mhlw.go.jp/znk-web/juminkanja/S2430/initialize?prefCd=34&kikanCd=2340419490&kikanKbn=2", "url2": "http://www.hirabayashi-clinic.com/", "内容": "医療法人千寿会　平林内科医院【2:診療所】【診療科目:内科_循環器内科_胃腸内科_小児科】広島県広島市西区南観音六丁目１－６　ドマーニ　タセイ" }, "geometry": { "type": "Point", "coordinates": [ 132.428543, 34.382566 ] } },
{ "type": "Feature", "properties": { "ID": 3422340419520, "正式名称": "医療法人社団森川内科医院", "機関区分": 2, "都道府県コード": 34, "市区町村コード": 202, "所在地": "広島県呉市阿賀南五丁目２－１０", "緯度": 34.231363, "経度": 132.59538, "url": "https://www.iryou.teikyouseido.mhlw.go.jp/znk-web/juminkanja/S2430/initialize?prefCd=34&kikanCd=2340419520&kikanKbn=2", "url2": null, "内容": "医療法人社団森川内科医院【2:診療所】【診療科目:内科_呼吸器内科_循環器内科_消化器内科】広島県呉市阿賀南五丁目２－１０" }, "geometry": { "type": "Point", "coordinates": [ 132.59538, 34.231363 ] } },
{ "type": "Feature", "properties": { "ID": 3422340419650, "正式名称": "医療法人社団　おおくぼ内科", "機関区分": 2, "都道府県コード": 34, "市区町村コード": 213, "所在地": "広島県廿日市市永原１２３５－１", "緯度": 34.365343, "経度": 132.225589, "url": "https://www.iryou.teikyouseido.mhlw.go.jp/znk-web/juminkanja/S2430/initialize?prefCd=34&kikanCd=2340419650&kikanKbn=2", "url2": null, "内容": "医療法人社団　おおくぼ内科【2:診療所】【診療科目:内科_胃腸内科_放射線科】広島県廿日市市永原１２３５－１" }, "geometry": { "type": "Point", "coordinates": [ 132.225589, 34.365343 ] } },
{ "type": "Feature", "properties": { "ID": 3422340419780, "正式名称": "高美中央クリニック", "機関区分": 2, "都道府県コード": 34, "市区町村コード": 212, "所在地": "広島県東広島市高屋高美が丘五丁目２番１号", "緯度": 34.460301, "経度": 132.790984, "url": "https://www.iryou.teikyouseido.mhlw.go.jp/znk-web/juminkanja/S2430/initialize?prefCd=34&kikanCd=2340419780&kikanKbn=2", "url2": null, "内容": "高美中央クリニック【2:診療所】【診療科目:内科_消化器内科_外科_小児科_皮膚科】広島県東広島市高屋高美が丘五丁目２番１号" }, "geometry": { "type": "Point", "coordinates": [ 132.790984, 34.460301 ] } },
{ "type": "Feature", "properties": { "ID": 3422340420050, "正式名称": "黒澤波多見診療所", "機関区分": 2, "都道府県コード": 34, "市区町村コード": 202, "所在地": "広島県呉市音戸町波多見５丁目１６番１２号", "緯度": 34.178563, "経度": 132.55282, "url": "https://www.iryou.teikyouseido.mhlw.go.jp/znk-web/juminkanja/S2430/initialize?prefCd=34&kikanCd=2340420050&kikanKbn=2", "url2": null, "内容": "黒澤波多見診療所【2:診療所】【診療科目:内科】広島県呉市音戸町波多見５丁目１６番１２号" }, "geometry": { "type": "Point", "coordinates": [ 132.55282, 34.178563 ] } },
{ "type": "Feature", "properties": { "ID": 3422340420340, "正式名称": "医療法人社団　中野皮ふ科泌尿器科医院", "機関区分": 2, "都道府県コード": 34, "市区町村コード": 108, "所在地": "東京都足立区伊興４－３－３", "緯度": 34.377614, "経度": 132.359626, "url": "https://www.iryou.teikyouseido.mhlw.go.jp/znk-web/juminkanja/S2430/initialize?prefCd=34&kikanCd=2340420340&kikanKbn=2", "url2": null, "内容": "医療法人社団　中野皮ふ科泌尿器科医院【2:診療所】【診療科目:皮膚泌尿器科】東京都足立区伊興４－３－３" }, "geometry": { "type": "Point", "coordinates": [ 132.359626, 34.377614 ] } },
{ "type": "Feature", "properties": { "ID": 3422340420500, "正式名称": "日下医院", "機関区分": 2, "都道府県コード": 34, "市区町村コード": 202, "所在地": "広島県呉市焼山中央１丁目２番２５号", "緯度": 34.291384, "経度": 132.555537, "url": "https://www.iryou.teikyouseido.mhlw.go.jp/znk-web/juminkanja/S2430/initialize?prefCd=34&kikanCd=2340420500&kikanKbn=2", "url2": "http://kusakaiin.com/", "内容": "日下医院【2:診療所】【診療科目:内科_循環器内科】広島県呉市焼山中央１丁目２番２５号" }, "geometry": { "type": "Point", "coordinates": [ 132.555537, 34.291384 ] } },
{ "type": "Feature", "properties": { "ID": 3422340421190, "正式名称": "医療法人社団　永田内科", "機関区分": 2, "都道府県コード": 34, "市区町村コード": 213, "所在地": "広島県廿日市市塩屋一丁目１－６４", "緯度": 34.2854, "経度": 132.265851, "url": "https://www.iryou.teikyouseido.mhlw.go.jp/znk-web/juminkanja/S2430/initialize?prefCd=34&kikanCd=2340421190&kikanKbn=2", "url2": null, "内容": "医療法人社団　永田内科【2:診療所】【診療科目:内科_糖尿病内科_糖尿病・代謝内科_代謝・内分泌内科_呼吸器内科_循環器内科_心臓内科_心臓血管内科_消化器内科】広島県廿日市市塩屋一丁目１－６４" }, "geometry": { "type": "Point", "coordinates": [ 132.265851, 34.2854 ] } },
{ "type": "Feature", "properties": { "ID": 3422340421220, "正式名称": "医療法人社団　青野整形外科", "機関区分": 2, "都道府県コード": 34, "市区町村コード": 101, "所在地": "広島県広島市中区八丁堀１１－１９　八丁堀坪井第ニビル", "緯度": 34.395121, "経度": 132.462234, "url": "https://www.iryou.teikyouseido.mhlw.go.jp/znk-web/juminkanja/S2430/initialize?prefCd=34&kikanCd=2340421220&kikanKbn=2", "url2": null, "内容": "医療法人社団　青野整形外科【2:診療所】【診療科目:整形外科】広島県広島市中区八丁堀１１－１９　八丁堀坪井第ニビル" }, "geometry": { "type": "Point", "coordinates": [ 132.462234, 34.395121 ] } },
{ "type": "Feature", "properties": { "ID": 3422340421480, "正式名称": "医療法人　坪井皮膚科泌尿科性病科医院", "機関区分": 2, "都道府県コード": 34, "市区町村コード": 101, "所在地": "広島県広島市中区八丁堀１１番１８号　坪井ビル１階", "緯度": 34.39501, "経度": 132.462123, "url": "https://www.iryou.teikyouseido.mhlw.go.jp/znk-web/juminkanja/S2430/initialize?prefCd=34&kikanCd=2340421480&kikanKbn=2", "url2": null, "内容": "医療法人　坪井皮膚科泌尿科性病科医院【2:診療所】【診療科目:皮膚科_泌尿器科】広島県広島市中区八丁堀１１番１８号　坪井ビル１階" }, "geometry": { "type": "Point", "coordinates": [ 132.462123, 34.39501 ] } },
{ "type": "Feature", "properties": { "ID": 3422340421930, "正式名称": "医療法人緑康会　山根クリニック", "機関区分": 2, "都道府県コード": 34, "市区町村コード": 213, "所在地": "広島県廿日市市宮内三丁目１０番１５号", "緯度": 34.346562, "経度": 132.309775, "url": "https://www.iryou.teikyouseido.mhlw.go.jp/znk-web/juminkanja/S2430/initialize?prefCd=34&kikanCd=2340421930&kikanKbn=2", "url2": "https://www.yamaneclinic.com/", "内容": "医療法人緑康会　山根クリニック【2:診療所】【診療科目:内科_呼吸器内科_消化器内科_腫瘍内科_内視鏡内科_緩和ケア内科_外科_乳腺外科_肛門外科_リハビリテーション科】広島県廿日市市宮内三丁目１０番１５号" }, "geometry": { "type": "Point", "coordinates": [ 132.309775, 34.346562 ] } },
{ "type": "Feature", "properties": { "ID": 3422340422100, "正式名称": "北広島町雄鹿原診療所", "機関区分": 2, "都道府県コード": 34, "市区町村コード": 369, "所在地": "広島県山県郡北広島町荒神原２００", "緯度": 34.729665, "経度": 132.250347, "url": "https://www.iryou.teikyouseido.mhlw.go.jp/znk-web/juminkanja/S2430/initialize?prefCd=34&kikanCd=2340422100&kikanKbn=2", "url2": null, "内容": "北広島町雄鹿原診療所【2:診療所】【診療科目:内科】広島県山県郡北広島町荒神原２００" }, "geometry": { "type": "Point", "coordinates": [ 132.250347, 34.729665 ] } },
{ "type": "Feature", "properties": { "ID": 3422340422230, "正式名称": "笹尾クリニック", "機関区分": 2, "都道府県コード": 34, "市区町村コード": 101, "所在地": "広島県広島市中区宝町４番７号　笹尾ビル２階", "緯度": 34.385983, "経度": 132.463429, "url": "https://www.iryou.teikyouseido.mhlw.go.jp/znk-web/juminkanja/S2430/initialize?prefCd=34&kikanCd=2340422230&kikanKbn=2", "url2": "http://www.sasao-clinic.jp", "内容": "笹尾クリニック【2:診療所】【診療科目:内科_胃腸内科_内視鏡内科】広島県広島市中区宝町４番７号　笹尾ビル２階" }, "geometry": { "type": "Point", "coordinates": [ 132.463429, 34.385983 ] } },
{ "type": "Feature", "properties": { "ID": 3422340422780, "正式名称": "医療法人　矢村皮ふ科クリニック", "機関区分": 2, "都道府県コード": 34, "市区町村コード": 105, "所在地": "広島県広島市安佐南区中筋二丁目５－２０", "緯度": 34.450782, "経度": 132.477758, "url": "https://www.iryou.teikyouseido.mhlw.go.jp/znk-web/juminkanja/S2430/initialize?prefCd=34&kikanCd=2340422780&kikanKbn=2", "url2": "http://www.yamura-cl.com", "内容": "医療法人　矢村皮ふ科クリニック【2:診療所】【診療科目:皮膚科_アレルギー科】広島県広島市安佐南区中筋二丁目５－２０" }, "geometry": { "type": "Point", "coordinates": [ 132.477758, 34.450782 ] } },
{ "type": "Feature", "properties": { "ID": 3422340422940, "正式名称": "医療法人社団樹良会　高亀医院", "機関区分": 2, "都道府県コード": 34, "市区町村コード": 205, "所在地": "広島県尾道市久保二丁目２４－１７", "緯度": 34.409827, "経度": 133.205866, "url": "https://www.iryou.teikyouseido.mhlw.go.jp/znk-web/juminkanja/S2430/initialize?prefCd=34&kikanCd=2340422940&kikanKbn=2", "url2": "http://www.kougame.jp/pc", "内容": "医療法人社団樹良会　高亀医院【2:診療所】【診療科目:内科_循環器内科_外科_脳神経外科_心臓血管外科_整形外科_リハビリテーション科】広島県尾道市久保二丁目２４－１７" }, "geometry": { "type": "Point", "coordinates": [ 133.205866, 34.409827 ] } },
{ "type": "Feature", "properties": { "ID": 3422340423400, "正式名称": "医療法人社団　佐々木整形外科クリニック", "機関区分": 2, "都道府県コード": 34, "市区町村コード": 105, "所在地": "広島県広島市安佐南区伴中央四丁目３番２０号", "緯度": 34.455334, "経度": 132.404785, "url": "https://www.iryou.teikyouseido.mhlw.go.jp/znk-web/juminkanja/S2430/initialize?prefCd=34&kikanCd=2340423400&kikanKbn=2", "url2": null, "内容": "医療法人社団　佐々木整形外科クリニック【2:診療所】【診療科目:整形外科_リウマチ科_リハビリテーション科】広島県広島市安佐南区伴中央四丁目３番２０号" }, "geometry": { "type": "Point", "coordinates": [ 132.404785, 34.455334 ] } },
{ "type": "Feature", "properties": { "ID": 3422340423530, "正式名称": "眼科　宍道医院", "機関区分": 2, "都道府県コード": 34, "市区町村コード": 202, "所在地": "広島県呉市広中町１５番２５号", "緯度": 34.230882, "経度": 132.622653, "url": "https://www.iryou.teikyouseido.mhlw.go.jp/znk-web/juminkanja/S2430/initialize?prefCd=34&kikanCd=2340423530&kikanKbn=2", "url2": "www.shinjiganka.jp", "内容": "眼科　宍道医院【2:診療所】【診療科目:眼科】広島県呉市広中町１５番２５号" }, "geometry": { "type": "Point", "coordinates": [ 132.622653, 34.230882 ] } },
{ "type": "Feature", "properties": { "ID": 3422340423790, "正式名称": "長谷川医院", "機関区分": 2, "都道府県コード": 34, "市区町村コード": 213, "所在地": "広島県廿日市市廿日市一丁目７－５", "緯度": 34.35404, "経度": 132.336024, "url": "https://www.iryou.teikyouseido.mhlw.go.jp/znk-web/juminkanja/S2430/initialize?prefCd=34&kikanCd=2340423790&kikanKbn=2", "url2": null, "内容": "長谷川医院【2:診療所】【診療科目:内科_呼吸器内科_循環器内科_胃腸内科_リハビリテーション科】広島県廿日市市廿日市一丁目７－５" }, "geometry": { "type": "Point", "coordinates": [ 132.336024, 34.35404 ] } },
{ "type": "Feature", "properties": { "ID": 3422340423820, "正式名称": "医療法人川口内科クリニック", "機関区分": 2, "都道府県コード": 34, "市区町村コード": 212, "所在地": "広島県東広島市西条中央七丁目１－１７", "緯度": 34.419623, "経度": 132.736071, "url": "https://www.iryou.teikyouseido.mhlw.go.jp/znk-web/juminkanja/S2430/initialize?prefCd=34&kikanCd=2340423820&kikanKbn=2", "url2": "hhttp://kawaguchinaikahigashihiroshima.com/", "内容": "医療法人川口内科クリニック【2:診療所】【診療科目:内科_呼吸器内科_消化器内科】広島県東広島市西条中央七丁目１－１７" }, "geometry": { "type": "Point", "coordinates": [ 132.736071, 34.419623 ] } },
{ "type": "Feature", "properties": { "ID": 3422340423950, "正式名称": "医療法人社団　みやの耳鼻咽喉科", "機関区分": 2, "都道府県コード": 34, "市区町村コード": 205, "所在地": "広島県尾道市高須町５７３７", "緯度": 34.429715, "経度": 133.23328, "url": "https://www.iryou.teikyouseido.mhlw.go.jp/znk-web/juminkanja/S2430/initialize?prefCd=34&kikanCd=2340423950&kikanKbn=2", "url2": null, "内容": "医療法人社団　みやの耳鼻咽喉科【2:診療所】【診療科目:小児耳鼻いんこう科_耳鼻いんこう科_気管食道・耳鼻いんこう科_アレルギー科】広島県尾道市高須町５７３７" }, "geometry": { "type": "Point", "coordinates": [ 133.23328, 34.429715 ] } },
{ "type": "Feature", "properties": { "ID": 3422340424250, "正式名称": "医療法人　辻外科内科クリニック", "機関区分": 2, "都道府県コード": 34, "市区町村コード": 105, "所在地": "広島県広島市安佐南区川内六丁目２７－１６", "緯度": 34.471831, "経度": 132.487997, "url": "https://www.iryou.teikyouseido.mhlw.go.jp/znk-web/juminkanja/S2430/initialize?prefCd=34&kikanCd=2340424250&kikanKbn=2", "url2": "http://www.tsuji-clinic.or.jp", "内容": "医療法人　辻外科内科クリニック【2:診療所】【診療科目:内科_呼吸器内科_循環器内科_胃腸内科_外科_リハビリテーション科_放射線科】広島県広島市安佐南区川内六丁目２７－１６" }, "geometry": { "type": "Point", "coordinates": [ 132.487997, 34.471831 ] } },
{ "type": "Feature", "properties": { "ID": 3422340424540, "正式名称": "八幡クリニック", "機関区分": 2, "都道府県コード": 34, "市区町村コード": 213, "所在地": "広島県廿日市市串戸４－１３－２４", "緯度": 34.347902, "経度": 132.322387, "url": "https://www.iryou.teikyouseido.mhlw.go.jp/znk-web/juminkanja/S2430/initialize?prefCd=34&kikanCd=2340424540&kikanKbn=2", "url2": "http://hiroshimacl.net/yahatacl/", "内容": "八幡クリニック【2:診療所】【診療科目:内科_消化器内科_外科_リハビリテーション科】広島県廿日市市串戸４－１３－２４" }, "geometry": { "type": "Point", "coordinates": [ 132.322387, 34.347902 ] } },
{ "type": "Feature", "properties": { "ID": 3422340424670, "正式名称": "本城内科小児科", "機関区分": 2, "都道府県コード": 34, "市区町村コード": 212, "所在地": "広島県東広島市西条中央八丁目３－３", "緯度": 34.419235, "経度": 132.730433, "url": "https://www.iryou.teikyouseido.mhlw.go.jp/znk-web/juminkanja/S2430/initialize?prefCd=34&kikanCd=2340424670&kikanKbn=2", "url2": null, "内容": "本城内科小児科【2:診療所】【診療科目:内科_小児科】広島県東広島市西条中央八丁目３－３" }, "geometry": { "type": "Point", "coordinates": [ 132.730433, 34.419235 ] } },
{ "type": "Feature", "properties": { "ID": 3422340425260, "正式名称": "広島医療生活協同組合・あすなろ生協診療所", "機関区分": 2, "都道府県コード": 34, "市区町村コード": 106, "所在地": "広島県広島市安佐北区口田１丁目１０－１", "緯度": 34.46092, "経度": 132.495312, "url": "https://www.iryou.teikyouseido.mhlw.go.jp/znk-web/juminkanja/S2430/initialize?prefCd=34&kikanCd=2340425260&kikanKbn=2", "url2": "http://www.hiroshimairyo.coop/asunaroshinryojo/", "内容": "広島医療生活協同組合・あすなろ生協診療所【2:診療所】【診療科目:内科_小児科】広島県広島市安佐北区口田１丁目１０－１" }, "geometry": { "type": "Point", "coordinates": [ 132.495312, 34.46092 ] } },
{ "type": "Feature", "properties": { "ID": 3422340425390, "正式名称": "広島中央保健生活協同組合　コープ五日市診療所", "機関区分": 2, "都道府県コード": 34, "市区町村コード": 108, "所在地": "広島県広島市佐伯区千同一丁目２５－３６", "緯度": 34.376399, "経度": 132.352355, "url": "https://www.iryou.teikyouseido.mhlw.go.jp/znk-web/juminkanja/S2430/initialize?prefCd=34&kikanCd=2340425390&kikanKbn=2", "url2": "http://www.hch.coop/", "内容": "広島中央保健生活協同組合　コープ五日市診療所【2:診療所】【診療科目:内科】広島県広島市佐伯区千同一丁目２５－３６" }, "geometry": { "type": "Point", "coordinates": [ 132.352355, 34.376399 ] } },
{ "type": "Feature", "properties": { "ID": 3422340425550, "正式名称": "医療法人寿仁会　田原クリニック", "機関区分": 2, "都道府県コード": 34, "市区町村コード": 204, "所在地": "広島県三原市大和町下徳良１９０１－８", "緯度": 34.545364, "経度": 132.949853, "url": "https://www.iryou.teikyouseido.mhlw.go.jp/znk-web/juminkanja/S2430/initialize?prefCd=34&kikanCd=2340425550&kikanKbn=2", "url2": null, "内容": "医療法人寿仁会　田原クリニック【2:診療所】【診療科目:内科_循環器内科_外科】広島県三原市大和町下徳良１９０１－８" }, "geometry": { "type": "Point", "coordinates": [ 132.949853, 34.545364 ] } },
{ "type": "Feature", "properties": { "ID": 3422340425680, "正式名称": "医療法人　大森整形外科", "機関区分": 2, "都道府県コード": 34, "市区町村コード": 212, "所在地": "広島県東広島市西条町寺家１６３３", "緯度": 34.422623, "経度": 132.721961, "url": "https://www.iryou.teikyouseido.mhlw.go.jp/znk-web/juminkanja/S2430/initialize?prefCd=34&kikanCd=2340425680&kikanKbn=2", "url2": "http://www.omori-seikei.com/", "内容": "医療法人　大森整形外科【2:診療所】【診療科目:整形外科_リハビリテーション科】広島県東広島市西条町寺家１６３３" }, "geometry": { "type": "Point", "coordinates": [ 132.721961, 34.422623 ] } },
{ "type": "Feature", "properties": { "ID": 3422340426270, "正式名称": "山本内科クリニック", "機関区分": 2, "都道府県コード": 34, "市区町村コード": 101, "所在地": "広島県広島市中区八丁堀１１－１８　坪井ビル３Ｆ", "緯度": 34.39501, "経度": 132.462123, "url": "https://www.iryou.teikyouseido.mhlw.go.jp/znk-web/juminkanja/S2430/initialize?prefCd=34&kikanCd=2340426270&kikanKbn=2", "url2": null, "内容": "山本内科クリニック【2:診療所】【診療科目:内科_呼吸器内科_循環器内科_消化器内科_リハビリテーション科】広島県広島市中区八丁堀１１－１８　坪井ビル３Ｆ" }, "geometry": { "type": "Point", "coordinates": [ 132.462123, 34.39501 ] } },
{ "type": "Feature", "properties": { "ID": 3422340426560, "正式名称": "吉村整形外科", "機関区分": 2, "都道府県コード": 34, "市区町村コード": 104, "所在地": "広島県広島市西区庚午中二丁目１９－２２", "緯度": 34.386316, "経度": 132.41185, "url": "https://www.iryou.teikyouseido.mhlw.go.jp/znk-web/juminkanja/S2430/initialize?prefCd=34&kikanCd=2340426560&kikanKbn=2", "url2": "https://yoshimura.gr.jp/", "内容": "吉村整形外科【2:診療所】【診療科目:整形外科_リハビリテーション科】広島県広島市西区庚午中二丁目１９－２２" }, "geometry": { "type": "Point", "coordinates": [ 132.41185, 34.386316 ] } },
{ "type": "Feature", "properties": { "ID": 3422340426850, "正式名称": "医療法人　西廻クリニック", "機関区分": 2, "都道府県コード": 34, "市区町村コード": 106, "所在地": "広島県広島市安佐北区亀山二丁目６－２４", "緯度": 34.520056, "経度": 132.504786, "url": "https://www.iryou.teikyouseido.mhlw.go.jp/znk-web/juminkanja/S2430/initialize?prefCd=34&kikanCd=2340426850&kikanKbn=2", "url2": null, "内容": "医療法人　西廻クリニック【2:診療所】【診療科目:胃腸内科_外科_肛門外科_リハビリテーション科】広島県広島市安佐北区亀山二丁目６－２４" }, "geometry": { "type": "Point", "coordinates": [ 132.504786, 34.520056 ] } },
{ "type": "Feature", "properties": { "ID": 3422340427020, "正式名称": "正岡クリニック", "機関区分": 2, "都道府県コード": 34, "市区町村コード": 205, "所在地": "広島県尾道市栗原町５９０１－１　ｏｆ－１ビル２Ｆ", "緯度": 34.426992, "経度": 133.187922, "url": "https://www.iryou.teikyouseido.mhlw.go.jp/znk-web/juminkanja/S2430/initialize?prefCd=34&kikanCd=2340427020&kikanKbn=2", "url2": null, "内容": "正岡クリニック【2:診療所】【診療科目:内科_循環器内科】広島県尾道市栗原町５９０１－１　ｏｆ－１ビル２Ｆ" }, "geometry": { "type": "Point", "coordinates": [ 133.187922, 34.426992 ] } },
{ "type": "Feature", "properties": { "ID": 3422340427150, "正式名称": "医療法人　ゆあさ眼科", "機関区分": 2, "都道府県コード": 34, "市区町村コード": 205, "所在地": "広島県尾道市栗原町５９０１番地１号　ＯＦ１ビル　３Ｆ", "緯度": 34.426964, "経度": 133.187922, "url": "https://www.iryou.teikyouseido.mhlw.go.jp/znk-web/juminkanja/S2430/initialize?prefCd=34&kikanCd=2340427150&kikanKbn=2", "url2": null, "内容": "医療法人　ゆあさ眼科【2:診療所】【診療科目:眼科】広島県尾道市栗原町５９０１番地１号　ＯＦ１ビル　３Ｆ" }, "geometry": { "type": "Point", "coordinates": [ 133.187922, 34.426964 ] } },
{ "type": "Feature", "properties": { "ID": 3422340427310, "正式名称": "市頭眼科医院", "機関区分": 2, "都道府県コード": 34, "市区町村コード": 369, "所在地": "広島県山県郡北広島町蔵迫６６５－１", "緯度": 34.707394, "経度": 132.50255, "url": "https://www.iryou.teikyouseido.mhlw.go.jp/znk-web/juminkanja/S2430/initialize?prefCd=34&kikanCd=2340427310&kikanKbn=2", "url2": null, "内容": "市頭眼科医院【2:診療所】【診療科目:眼科】広島県山県郡北広島町蔵迫６６５－１" }, "geometry": { "type": "Point", "coordinates": [ 132.50255, 34.707394 ] } },
{ "type": "Feature", "properties": { "ID": 3422340428030, "正式名称": "森石内科医院", "機関区分": 2, "都道府県コード": 34, "市区町村コード": 107, "所在地": "広島県広島市安芸区中野東１－１１－３１", "緯度": 34.386632, "経度": 132.561847, "url": "https://www.iryou.teikyouseido.mhlw.go.jp/znk-web/juminkanja/S2430/initialize?prefCd=34&kikanCd=2340428030&kikanKbn=2", "url2": null, "内容": "森石内科医院【2:診療所】【診療科目:内科_循環器内科_胃腸内科_放射線科】広島県広島市安芸区中野東１－１１－３１" }, "geometry": { "type": "Point", "coordinates": [ 132.561847, 34.386632 ] } },
{ "type": "Feature", "properties": { "ID": 3422340428160, "正式名称": "畑川小児科", "機関区分": 2, "都道府県コード": 34, "市区町村コード": 107, "所在地": "広島県広島市安芸区船越南三丁目５番３号", "緯度": 34.371653, "経度": 132.524619, "url": "https://www.iryou.teikyouseido.mhlw.go.jp/znk-web/juminkanja/S2430/initialize?prefCd=34&kikanCd=2340428160&kikanKbn=2", "url2": "http://www.hatakawa.com/", "内容": "畑川小児科【2:診療所】【診療科目:小児科】広島県広島市安芸区船越南三丁目５番３号" }, "geometry": { "type": "Point", "coordinates": [ 132.524619, 34.371653 ] } },
{ "type": "Feature", "properties": { "ID": 3422340428290, "正式名称": "医療法人　一心会　丸谷循環器科内科医院", "機関区分": 2, "都道府県コード": 34, "市区町村コード": 205, "所在地": "広島県尾道市高須町１３８３番地２", "緯度": 34.426715, "経度": 133.226753, "url": "https://www.iryou.teikyouseido.mhlw.go.jp/znk-web/juminkanja/S2430/initialize?prefCd=34&kikanCd=2340428290&kikanKbn=2", "url2": null, "内容": "医療法人　一心会　丸谷循環器科内科医院【2:診療所】【診療科目:内科_循環器内科_リハビリテーション科】広島県尾道市高須町１３８３番地２" }, "geometry": { "type": "Point", "coordinates": [ 133.226753, 34.426715 ] } },
{ "type": "Feature", "properties": { "ID": 3422340428450, "正式名称": "庄原市口和診療所", "機関区分": 2, "都道府県コード": 34, "市区町村コード": 210, "所在地": "広島県庄原市口和町大月５６４－１１", "緯度": 34.910518, "経度": 132.882342, "url": "https://www.iryou.teikyouseido.mhlw.go.jp/znk-web/juminkanja/S2430/initialize?prefCd=34&kikanCd=2340428450&kikanKbn=2", "url2": null, "内容": "庄原市口和診療所【2:診療所】【診療科目:内科_小児科】広島県庄原市口和町大月５６４－１１" }, "geometry": { "type": "Point", "coordinates": [ 132.882342, 34.910518 ] } },
{ "type": "Feature", "properties": { "ID": 3422340429590, "正式名称": "医療法人社団光羅会　藤原眼科", "機関区分": 2, "都道府県コード": 34, "市区町村コード": 462, "所在地": "広島県世羅郡世羅町本郷１０２８", "緯度": 34.588611, "経度": 133.041403, "url": "https://www.iryou.teikyouseido.mhlw.go.jp/znk-web/juminkanja/S2430/initialize?prefCd=34&kikanCd=2340429590&kikanKbn=2", "url2": "http://www.fujiwara-eye.com", "内容": "医療法人社団光羅会　藤原眼科【2:診療所】【診療科目:美容外科_小児眼科_眼科_美容皮膚科】広島県世羅郡世羅町本郷１０２８" }, "geometry": { "type": "Point", "coordinates": [ 133.041403, 34.588611 ] } },
{ "type": "Feature", "properties": { "ID": 3422340429620, "正式名称": "清水内科・消化器科", "機関区分": 2, "都道府県コード": 34, "市区町村コード": 101, "所在地": "広島県広島市中区富士見町１２－１７", "緯度": 34.386428, "経度": 132.46079, "url": "https://www.iryou.teikyouseido.mhlw.go.jp/znk-web/juminkanja/S2430/initialize?prefCd=34&kikanCd=2340429620&kikanKbn=2", "url2": "https://www.shimizu-naikashokaki.com/", "内容": "清水内科・消化器科【2:診療所】【診療科目:内科_循環器内科_消化器内科】広島県広島市中区富士見町１２－１７" }, "geometry": { "type": "Point", "coordinates": [ 132.46079, 34.386428 ] } },
{ "type": "Feature", "properties": { "ID": 3422340430280, "正式名称": "医療法人社団　たなべ小児科内科", "機関区分": 2, "都道府県コード": 34, "市区町村コード": 105, "所在地": "広島県広島市安佐南区大町東二丁目７－２５－５", "緯度": 34.462031, "経度": 132.469453, "url": "https://www.iryou.teikyouseido.mhlw.go.jp/znk-web/juminkanja/S2430/initialize?prefCd=34&kikanCd=2340430280&kikanKbn=2", "url2": null, "内容": "医療法人社団　たなべ小児科内科【2:診療所】【診療科目:内科_小児科】広島県広島市安佐南区大町東二丁目７－２５－５" }, "geometry": { "type": "Point", "coordinates": [ 132.469453, 34.462031 ] } },
{ "type": "Feature", "properties": { "ID": 3422340430730, "正式名称": "医療法人社団　裕仁会　斉藤脳外科クリニック", "機関区分": 2, "都道府県コード": 34, "市区町村コード": 213, "所在地": "広島県廿日市市串戸２丁目１７－５", "緯度": 34.353734, "経度": 132.323609, "url": "https://www.iryou.teikyouseido.mhlw.go.jp/znk-web/juminkanja/S2430/initialize?prefCd=34&kikanCd=2340430730&kikanKbn=2", "url2": null, "内容": "医療法人社団　裕仁会　斉藤脳外科クリニック【2:診療所】【診療科目:神経内科_脳神経外科_リハビリテーション科】広島県廿日市市串戸２丁目１７－５" }, "geometry": { "type": "Point", "coordinates": [ 132.323609, 34.353734 ] } },
{ "type": "Feature", "properties": { "ID": 3422340430990, "正式名称": "医療法人社団　浜中皮ふ科クリニック", "機関区分": 2, "都道府県コード": 34, "市区町村コード": 205, "所在地": "広島県尾道市栗原町５９０１－１　Ｏ・Ｆ・１ビル４Ｆ", "緯度": 34.42702, "経度": 133.188117, "url": "https://www.iryou.teikyouseido.mhlw.go.jp/znk-web/juminkanja/S2430/initialize?prefCd=34&kikanCd=2340430990&kikanKbn=2", "url2": "http://ww5.enjoy.ne.jp/~nozominokai/hamanaka-hihuka/", "内容": "医療法人社団　浜中皮ふ科クリニック【2:診療所】【診療科目:形成外科_皮膚科_アレルギー科】広島県尾道市栗原町５９０１－１　Ｏ・Ｆ・１ビル４Ｆ" }, "geometry": { "type": "Point", "coordinates": [ 133.188117, 34.42702 ] } },
{ "type": "Feature", "properties": { "ID": 3422340431290, "正式名称": "たかはし小児科", "機関区分": 2, "都道府県コード": 34, "市区町村コード": 207, "所在地": "広島県福山市三吉町三丁目１番１３号", "緯度": 34.493155, "経度": 133.375015, "url": "https://www.iryou.teikyouseido.mhlw.go.jp/znk-web/juminkanja/S2430/initialize?prefCd=34&kikanCd=2340431290&kikanKbn=2", "url2": "http://takahashi-pediatrics.jp/", "内容": "たかはし小児科【2:診療所】【診療科目:小児科】広島県福山市三吉町三丁目１番１３号" }, "geometry": { "type": "Point", "coordinates": [ 133.375015, 34.493155 ] } },
{ "type": "Feature", "properties": { "ID": 3422340431450, "正式名称": "土橋眼科", "機関区分": 2, "都道府県コード": 34, "市区町村コード": 101, "所在地": "広島県広島市中区小網町１番１６号", "緯度": 34.393958, "経度": 132.445817, "url": "https://www.iryou.teikyouseido.mhlw.go.jp/znk-web/juminkanja/S2430/initialize?prefCd=34&kikanCd=2340431450&kikanKbn=2", "url2": null, "内容": "土橋眼科【2:診療所】【診療科目:眼科】広島県広島市中区小網町１番１６号" }, "geometry": { "type": "Point", "coordinates": [ 132.445817, 34.393958 ] } },
{ "type": "Feature", "properties": { "ID": 3422340431580, "正式名称": "森田皮膚科医院", "機関区分": 2, "都道府県コード": 34, "市区町村コード": 101, "所在地": "広島県広島市中区河原町１０－１", "緯度": 34.389716, "経度": 132.445892, "url": "https://www.iryou.teikyouseido.mhlw.go.jp/znk-web/juminkanja/S2430/initialize?prefCd=34&kikanCd=2340431580&kikanKbn=2", "url2": "http://morita-hifukacom/", "内容": "森田皮膚科医院【2:診療所】【診療科目:皮膚科】広島県広島市中区河原町１０－１" }, "geometry": { "type": "Point", "coordinates": [ 132.445892, 34.389716 ] } },
{ "type": "Feature", "properties": { "ID": 3422340431740, "正式名称": "寛田クリニック", "機関区分": 2, "都道府県コード": 34, "市区町村コード": 103, "所在地": "広島県広島市南区稲荷町３番２０号", "緯度": 34.392108, "経度": 132.470407, "url": "https://www.iryou.teikyouseido.mhlw.go.jp/znk-web/juminkanja/S2430/initialize?prefCd=34&kikanCd=2340431740&kikanKbn=2", "url2": "http://www.hishokai.or.jp/", "内容": "寛田クリニック【2:診療所】【診療科目:内科_整形外科_リウマチ科_リハビリテーション科】広島県広島市南区稲荷町３番２０号" }, "geometry": { "type": "Point", "coordinates": [ 132.470407, 34.392108 ] } },
{ "type": "Feature", "properties": { "ID": 3422340431870, "正式名称": "福島整形外科クリニック", "機関区分": 2, "都道府県コード": 34, "市区町村コード": 108, "所在地": "広島県広島市佐伯区海老園１丁目１３－９", "緯度": 34.361623, "経度": 132.35705, "url": "https://www.iryou.teikyouseido.mhlw.go.jp/znk-web/juminkanja/S2430/initialize?prefCd=34&kikanCd=2340431870&kikanKbn=2", "url2": null, "内容": "福島整形外科クリニック【2:診療所】【診療科目:整形外科】広島県広島市佐伯区海老園１丁目１３－９" }, "geometry": { "type": "Point", "coordinates": [ 132.35705, 34.361623 ] } },
{ "type": "Feature", "properties": { "ID": 3422340431900, "正式名称": "まつなが眼科", "機関区分": 2, "都道府県コード": 34, "市区町村コード": 205, "所在地": "広島県尾道市向東町３５６９－１", "緯度": 34.398388, "経度": 133.217639, "url": "https://www.iryou.teikyouseido.mhlw.go.jp/znk-web/juminkanja/S2430/initialize?prefCd=34&kikanCd=2340431900&kikanKbn=2", "url2": null, "内容": "まつなが眼科【2:診療所】【診療科目:眼科】広島県尾道市向東町３５６９－１" }, "geometry": { "type": "Point", "coordinates": [ 133.217639, 34.398388 ] } },
{ "type": "Feature", "properties": { "ID": 3422340432200, "正式名称": "三浦クリニック", "機関区分": 2, "都道府県コード": 34, "市区町村コード": 209, "所在地": "広島県三次市吉舎町吉舎７７０番地", "緯度": 34.71739, "経度": 132.993873, "url": "https://www.iryou.teikyouseido.mhlw.go.jp/znk-web/juminkanja/S2430/initialize?prefCd=34&kikanCd=2340432200&kikanKbn=2", "url2": "https://www.miura-clinic1995.com/", "内容": "三浦クリニック【2:診療所】【診療科目:内科_胃腸内科】広島県三次市吉舎町吉舎７７０番地" }, "geometry": { "type": "Point", "coordinates": [ 132.993873, 34.71739 ] } },
{ "type": "Feature", "properties": { "ID": 3422340432880, "正式名称": "医療法人社団花水木会　鈴張クリニック", "機関区分": 2, "都道府県コード": 34, "市区町村コード": 106, "所在地": "広島県広島市安佐北区安佐町鈴張２０１３－１", "緯度": 34.581796, "経度": 132.456032, "url": "https://www.iryou.teikyouseido.mhlw.go.jp/znk-web/juminkanja/S2430/initialize?prefCd=34&kikanCd=2340432880&kikanKbn=2", "url2": "http://www.hanamizukikai.jp/clinic.html", "内容": "医療法人社団花水木会　鈴張クリニック【2:診療所】【診療科目:内科_糖尿病内科_呼吸器内科_循環器内科_消化器内科_外科_整形外科_精神科】広島県広島市安佐北区安佐町鈴張２０１３－１" }, "geometry": { "type": "Point", "coordinates": [ 132.456032, 34.581796 ] } },
{ "type": "Feature", "properties": { "ID": 3422340433050, "正式名称": "古島整形外科", "機関区分": 2, "都道府県コード": 34, "市区町村コード": 205, "所在地": "広島県尾道市高須町４７８８－４", "緯度": 34.432454, "経度": 133.236543, "url": "https://www.iryou.teikyouseido.mhlw.go.jp/znk-web/juminkanja/S2430/initialize?prefCd=34&kikanCd=2340433050&kikanKbn=2", "url2": null, "内容": "古島整形外科【2:診療所】【診療科目:整形外科_リウマチ科_リハビリテーション科】広島県尾道市高須町４７８８－４" }, "geometry": { "type": "Point", "coordinates": [ 133.236543, 34.432454 ] } },
{ "type": "Feature", "properties": { "ID": 3422340433210, "正式名称": "三次市国民健康保険君田診療所", "機関区分": 2, "都道府県コード": 34, "市区町村コード": 209, "所在地": "広島県三次市君田町東入君７１８番地６", "緯度": 34.880354, "経度": 132.85354, "url": "https://www.iryou.teikyouseido.mhlw.go.jp/znk-web/juminkanja/S2430/initialize?prefCd=34&kikanCd=2340433210&kikanKbn=2", "url2": "https://www.city.miyoshi.hiroshima.jp/map/7664.html", "内容": "三次市国民健康保険君田診療所【2:診療所】【診療科目:内科】広島県三次市君田町東入君７１８番地６" }, "geometry": { "type": "Point", "coordinates": [ 132.85354, 34.880354 ] } },
{ "type": "Feature", "properties": { "ID": 3422340433470, "正式名称": "うすい皮フ科クリニック", "機関区分": 2, "都道府県コード": 34, "市区町村コード": 103, "所在地": "広島県広島市南区段原南２丁目３番２４号　川本ビル２階", "緯度": 34.385873, "経度": 132.477678, "url": "https://www.iryou.teikyouseido.mhlw.go.jp/znk-web/juminkanja/S2430/initialize?prefCd=34&kikanCd=2340433470&kikanKbn=2", "url2": null, "内容": "うすい皮フ科クリニック【2:診療所】【診療科目:皮膚科】広島県広島市南区段原南２丁目３番２４号　川本ビル２階" }, "geometry": { "type": "Point", "coordinates": [ 132.477678, 34.385873 ] } },
{ "type": "Feature", "properties": { "ID": 3422340433890, "正式名称": "医療法人社団　浅野内科医院", "機関区分": 2, "都道府県コード": 34, "市区町村コード": 203, "所在地": "広島県竹原市忠海中町二丁目１０－１０", "緯度": 34.337187, "経度": 132.989961, "url": "https://www.iryou.teikyouseido.mhlw.go.jp/znk-web/juminkanja/S2430/initialize?prefCd=34&kikanCd=2340433890&kikanKbn=2", "url2": null, "内容": "医療法人社団　浅野内科医院【2:診療所】【診療科目:内科】広島県竹原市忠海中町二丁目１０－１０" }, "geometry": { "type": "Point", "coordinates": [ 132.989961, 34.337187 ] } },
{ "type": "Feature", "properties": { "ID": 3422340434350, "正式名称": "福原リハビリテーション整形外科・内科医院", "機関区分": 2, "都道府県コード": 34, "市区町村コード": 108, "所在地": "広島県広島市佐伯区海老園２丁目９番２２号", "緯度": 34.364345, "経度": 132.362549, "url": "https://www.iryou.teikyouseido.mhlw.go.jp/znk-web/juminkanja/S2430/initialize?prefCd=34&kikanCd=2340434350&kikanKbn=2", "url2": "https://www.29clinic.com/", "内容": "福原リハビリテーション整形外科・内科医院【2:診療所】【診療科目:内科_呼吸器内科_循環器内科_消化器内科_整形外科_アレルギー科_リウマチ科_リハビリテーション科】広島県広島市佐伯区海老園２丁目９番２２号" }, "geometry": { "type": "Point", "coordinates": [ 132.362549, 34.364345 ] } },
{ "type": "Feature", "properties": { "ID": 3422340435360, "正式名称": "医療法人社団　二階堂眼科", "機関区分": 2, "都道府県コード": 34, "市区町村コード": 212, "所在地": "広島県東広島市西条中央三丁目５－３８", "緯度": 34.418513, "経度": 132.743349, "url": "https://www.iryou.teikyouseido.mhlw.go.jp/znk-web/juminkanja/S2430/initialize?prefCd=34&kikanCd=2340435360&kikanKbn=2", "url2": "http://nikaido-ganka.com", "内容": "医療法人社団　二階堂眼科【2:診療所】【診療科目:眼科】広島県東広島市西条中央三丁目５－３８" }, "geometry": { "type": "Point", "coordinates": [ 132.743349, 34.418513 ] } },
{ "type": "Feature", "properties": { "ID": 3422340435490, "正式名称": "医療法人社団　みやもり医院", "機関区分": 2, "都道府県コード": 34, "市区町村コード": 204, "所在地": "広島県三原市宗郷３丁目３番３号", "緯度": 34.386272, "経度": 133.061629, "url": "https://www.iryou.teikyouseido.mhlw.go.jp/znk-web/juminkanja/S2430/initialize?prefCd=34&kikanCd=2340435490&kikanKbn=2", "url2": null, "内容": "医療法人社団　みやもり医院【2:診療所】【診療科目:内科_呼吸器内科_循環器内科_胃腸内科_腎臓内科_小児科_アレルギー科_リハビリテーション科】広島県三原市宗郷３丁目３番３号" }, "geometry": { "type": "Point", "coordinates": [ 133.061629, 34.386272 ] } },
{ "type": "Feature", "properties": { "ID": 3422340435520, "正式名称": "青景医院", "機関区分": 2, "都道府県コード": 34, "市区町村コード": 207, "所在地": "広島県福山市津之郷町津之郷４８４番５号", "緯度": 34.482683, "経度": 133.314909, "url": "https://www.iryou.teikyouseido.mhlw.go.jp/znk-web/juminkanja/S2430/initialize?prefCd=34&kikanCd=2340435520&kikanKbn=2", "url2": null, "内容": "青景医院【2:診療所】【診療科目:内科_小児科】広島県福山市津之郷町津之郷４８４番５号" }, "geometry": { "type": "Point", "coordinates": [ 133.314909, 34.482683 ] } },
{ "type": "Feature", "properties": { "ID": 3422340435650, "正式名称": "医療法人社団　朋仁会　広島中央健診所", "機関区分": 2, "都道府県コード": 34, "市区町村コード": 101, "所在地": "広島県広島市中区八丁堀１０番１０号", "緯度": 34.395189, "経度": 132.461818, "url": "https://www.iryou.teikyouseido.mhlw.go.jp/znk-web/juminkanja/S2430/initialize?prefCd=34&kikanCd=2340435650&kikanKbn=2", "url2": "http://www.h-chuuken.or.jp/", "内容": "医療法人社団　朋仁会　広島中央健診所【2:診療所】【診療科目:内科_呼吸器内科_循環器内科_消化器内科_脳神経外科_乳腺外科_婦人科_放射線科】広島県広島市中区八丁堀１０番１０号" }, "geometry": { "type": "Point", "coordinates": [ 132.461818, 34.395189 ] } },
{ "type": "Feature", "properties": { "ID": 3422340436400, "正式名称": "大竹市休日診療所", "機関区分": 2, "都道府県コード": 34, "市区町村コード": 211, "所在地": "広島県大竹市立戸二丁目１－１６", "緯度": 34.22534, "経度": 132.220765, "url": "https://www.iryou.teikyouseido.mhlw.go.jp/znk-web/juminkanja/S2430/initialize?prefCd=34&kikanCd=2340436400&kikanKbn=2", "url2": "https://www.city.otake.hiroshima.jp/soshiki/kenkofukushi/hokeniryou/gyomu/2/1454223910360.html", "内容": "大竹市休日診療所【2:診療所】【診療科目:内科_外科】広島県大竹市立戸二丁目１－１６" }, "geometry": { "type": "Point", "coordinates": [ 132.220765, 34.22534 ] } },
{ "type": "Feature", "properties": { "ID": 3422340436820, "正式名称": "医療法人　近藤眼科医院", "機関区分": 2, "都道府県コード": 34, "市区町村コード": 106, "所在地": "広島県広島市安佐北区口田３丁目１番５号", "緯度": 34.466277, "経度": 132.505718, "url": "https://www.iryou.teikyouseido.mhlw.go.jp/znk-web/juminkanja/S2430/initialize?prefCd=34&kikanCd=2340436820&kikanKbn=2", "url2": null, "内容": "医療法人　近藤眼科医院【2:診療所】【診療科目:眼科】広島県広島市安佐北区口田３丁目１番５号" }, "geometry": { "type": "Point", "coordinates": [ 132.505718, 34.466277 ] } },
{ "type": "Feature", "properties": { "ID": 3422340437250, "正式名称": "医療法人社団　翠明会　藤田医院", "機関区分": 2, "都道府県コード": 34, "市区町村コード": 205, "所在地": "広島県尾道市因島中庄町字文久新開４９３４", "緯度": 34.333363, "経度": 133.178344, "url": "https://www.iryou.teikyouseido.mhlw.go.jp/znk-web/juminkanja/S2430/initialize?prefCd=34&kikanCd=2340437250&kikanKbn=2", "url2": null, "内容": "医療法人社団　翠明会　藤田医院【2:診療所】【診療科目:内科_精神科】広島県尾道市因島中庄町字文久新開４９３４" }, "geometry": { "type": "Point", "coordinates": [ 133.178344, 34.333363 ] } },
{ "type": "Feature", "properties": { "ID": 3422340437380, "正式名称": "医療法人静悠会　コム・クリニック佐藤", "機関区分": 2, "都道府県コード": 34, "市区町村コード": 207, "所在地": "広島県福山市引野町二丁目２０－１７", "緯度": 34.499321, "経度": 133.417344, "url": "https://www.iryou.teikyouseido.mhlw.go.jp/znk-web/juminkanja/S2430/initialize?prefCd=34&kikanCd=2340437380&kikanKbn=2", "url2": "https://comclinicsato.my.canva.site/", "内容": "医療法人静悠会　コム・クリニック佐藤【2:診療所】【診療科目:内科_呼吸器内科_循環器内科_消化器内科_外科_整形外科_眼科_アレルギー科_放射線科】広島県福山市引野町二丁目２０－１７" }, "geometry": { "type": "Point", "coordinates": [ 133.417344, 34.499321 ] } },
{ "type": "Feature", "properties": { "ID": 3422340437960, "正式名称": "広島県公立大学法人県立広島大学保健福祉学部附属診療所", "機関区分": 2, "都道府県コード": 34, "市区町村コード": 204, "所在地": "広島県三原市学園町１－１", "緯度": 34.39116, "経度": 133.056324, "url": "https://www.iryou.teikyouseido.mhlw.go.jp/znk-web/juminkanja/S2430/initialize?prefCd=34&kikanCd=2340437960&kikanKbn=2", "url2": "https://www.pu-hiroshima.ac.jp/soshiki/diagnosis/", "内容": "広島県公立大学法人県立広島大学保健福祉学部附属診療所【2:診療所】【診療科目:内科_脳神経外科_小児科_耳鼻いんこう科_精神科_リハビリテーション科】広島県三原市学園町１－１" }, "geometry": { "type": "Point", "coordinates": [ 133.056324, 34.39116 ] } },
{ "type": "Feature", "properties": { "ID": 3422340438000, "正式名称": "片山整形外科医院", "機関区分": 2, "都道府県コード": 34, "市区町村コード": 207, "所在地": "広島県福山市神辺町川南１３７３－５", "緯度": 34.535067, "経度": 133.38004, "url": "https://www.iryou.teikyouseido.mhlw.go.jp/znk-web/juminkanja/S2430/initialize?prefCd=34&kikanCd=2340438000&kikanKbn=2", "url2": "https://katayama-seikei-fukuyama.com/", "内容": "片山整形外科医院【2:診療所】【診療科目:整形外科_リウマチ科】広島県福山市神辺町川南１３７３－５" }, "geometry": { "type": "Point", "coordinates": [ 133.38004, 34.535067 ] } },
{ "type": "Feature", "properties": { "ID": 3422340438390, "正式名称": "桑原循環器内科クリニック", "機関区分": 2, "都道府県コード": 34, "市区町村コード": 105, "所在地": "広島県広島市安佐南区祇園二丁目２６番８号", "緯度": 34.441783, "経度": 132.46737, "url": "https://www.iryou.teikyouseido.mhlw.go.jp/znk-web/juminkanja/S2430/initialize?prefCd=34&kikanCd=2340438390&kikanKbn=2", "url2": null, "内容": "桑原循環器内科クリニック【2:診療所】【診療科目:内科_循環器内科_消化器内科】広島県広島市安佐南区祇園二丁目２６番８号" }, "geometry": { "type": "Point", "coordinates": [ 132.46737, 34.441783 ] } },
{ "type": "Feature", "properties": { "ID": 3422340438680, "正式名称": "医療法人社団　幸伸会　おかはた小児科クリニック", "機関区分": 2, "都道府県コード": 34, "市区町村コード": 103, "所在地": "広島県広島市南区段原南１丁目１－２２", "緯度": 34.385595, "経度": 132.476761, "url": "https://www.iryou.teikyouseido.mhlw.go.jp/znk-web/juminkanja/S2430/initialize?prefCd=34&kikanCd=2340438680&kikanKbn=2", "url2": "http://www.okahata-cl.com", "内容": "医療法人社団　幸伸会　おかはた小児科クリニック【2:診療所】【診療科目:小児科_小児循環器科_アレルギー科】広島県広島市南区段原南１丁目１－２２" }, "geometry": { "type": "Point", "coordinates": [ 132.476761, 34.385595 ] } },
{ "type": "Feature", "properties": { "ID": 3422340438710, "正式名称": "医療法人社団　誠風会　高橋内科呼吸器クリニック", "機関区分": 2, "都道府県コード": 34, "市区町村コード": 103, "所在地": "広島県広島市南区段原三丁目３－２７　段原メディカルビル２Ｆ", "緯度": 34.389093, "経度": 132.47729, "url": "https://www.iryou.teikyouseido.mhlw.go.jp/znk-web/juminkanja/S2430/initialize?prefCd=34&kikanCd=2340438710&kikanKbn=2", "url2": "http://www.clinic-takahashi.com", "内容": "医療法人社団　誠風会　高橋内科呼吸器クリニック【2:診療所】【診療科目:内科_呼吸器内科_アレルギー科】広島県広島市南区段原三丁目３－２７　段原メディカルビル２Ｆ" }, "geometry": { "type": "Point", "coordinates": [ 132.47729, 34.389093 ] } },
{ "type": "Feature", "properties": { "ID": 3422340438840, "正式名称": "医療法人社団　一陽会　一陽会クリニック", "機関区分": 2, "都道府県コード": 34, "市区町村コード": 108, "所在地": "広島県広島市佐伯区旭園１０－３", "緯度": 34.364328, "経度": 132.367286, "url": "https://www.iryou.teikyouseido.mhlw.go.jp/znk-web/juminkanja/S2430/initialize?prefCd=34&kikanCd=2340438840&kikanKbn=2", "url2": "http://www.icy.or.jp/ichiyokaiclinic/index.html", "内容": "医療法人社団　一陽会　一陽会クリニック【2:診療所】【診療科目:内科_腎臓内科】広島県広島市佐伯区旭園１０－３" }, "geometry": { "type": "Point", "coordinates": [ 132.367286, 34.364328 ] } },
{ "type": "Feature", "properties": { "ID": 3422340439560, "正式名称": "医療法人　産婦人科・内科小松クリニック", "機関区分": 2, "都道府県コード": 34, "市区町村コード": 101, "所在地": "広島県広島市中区鉄砲町１０－１８　八丁堀栗村ビル７Ｆ", "緯度": 34.394121, "経度": 132.463817, "url": "https://www.iryou.teikyouseido.mhlw.go.jp/znk-web/juminkanja/S2430/initialize?prefCd=34&kikanCd=2340439560&kikanKbn=2", "url2": "http://www.komatu.org", "内容": "医療法人　産婦人科・内科小松クリニック【2:診療所】【診療科目:内科_産婦人科】広島県広島市中区鉄砲町１０－１８　八丁堀栗村ビル７Ｆ" }, "geometry": { "type": "Point", "coordinates": [ 132.463817, 34.394121 ] } },
{ "type": "Feature", "properties": { "ID": 3422340439850, "正式名称": "吉本脳神経外科内科医院", "機関区分": 2, "都道府県コード": 34, "市区町村コード": 102, "所在地": "広島県広島市東区牛田中１丁目６番１２号", "緯度": 34.410037, "経度": 132.472649, "url": "https://www.iryou.teikyouseido.mhlw.go.jp/znk-web/juminkanja/S2430/initialize?prefCd=34&kikanCd=2340439850&kikanKbn=2", "url2": "http://www.yoshimoto-nougeka.com/", "内容": "吉本脳神経外科内科医院【2:診療所】【診療科目:内科_脳神経内科_脳神経外科】広島県広島市東区牛田中１丁目６番１２号" }, "geometry": { "type": "Point", "coordinates": [ 132.472649, 34.410037 ] } },
{ "type": "Feature", "properties": { "ID": 3422340440090, "正式名称": "医療法人　網岡内科医院", "機関区分": 2, "都道府県コード": 34, "市区町村コード": 104, "所在地": "広島県広島市西区草津東一丁目７－２０", "緯度": 34.380177, "経度": 132.406545, "url": "https://www.iryou.teikyouseido.mhlw.go.jp/znk-web/juminkanja/S2430/initialize?prefCd=34&kikanCd=2340440090&kikanKbn=2", "url2": "http://amioka-clinic.com", "内容": "医療法人　網岡内科医院【2:診療所】【診療科目:内科_胃腸内科_放射線科】広島県広島市西区草津東一丁目７－２０" }, "geometry": { "type": "Point", "coordinates": [ 132.406545, 34.380177 ] } },
{ "type": "Feature", "properties": { "ID": 3422340440380, "正式名称": "にしだ耳鼻咽喉科", "機関区分": 2, "都道府県コード": 34, "市区町村コード": 105, "所在地": "広島県広島市安佐南区高取北一丁目４－２５ジョイパレス高取駅前２階", "緯度": 34.474779, "経度": 132.437483, "url": "https://www.iryou.teikyouseido.mhlw.go.jp/znk-web/juminkanja/S2430/initialize?prefCd=34&kikanCd=2340440380&kikanKbn=2", "url2": null, "内容": "にしだ耳鼻咽喉科【2:診療所】【診療科目:耳鼻いんこう科】広島県広島市安佐南区高取北一丁目４－２５ジョイパレス高取駅前２階" }, "geometry": { "type": "Point", "coordinates": [ 132.437483, 34.474779 ] } },
{ "type": "Feature", "properties": { "ID": 3422340440410, "正式名称": "医療法人ひまわり会　桐陽台医院", "機関区分": 2, "都道府県コード": 34, "市区町村コード": 106, "所在地": "広島県広島市安佐北区三入東１丁目３０番２１号", "緯度": 34.534858, "経度": 132.541721, "url": "https://www.iryou.teikyouseido.mhlw.go.jp/znk-web/juminkanja/S2430/initialize?prefCd=34&kikanCd=2340440410&kikanKbn=2", "url2": null, "内容": "医療法人ひまわり会　桐陽台医院【2:診療所】【診療科目:内科】広島県広島市安佐北区三入東１丁目３０番２１号" }, "geometry": { "type": "Point", "coordinates": [ 132.541721, 34.534858 ] } },
{ "type": "Feature", "properties": { "ID": 3422340440670, "正式名称": "医療法人社団一陽会　長尾クリニック", "機関区分": 2, "都道府県コード": 34, "市区町村コード": 108, "所在地": "広島県広島市佐伯区藤垂園１－１６", "緯度": 34.367234, "経度": 132.372132, "url": "https://www.iryou.teikyouseido.mhlw.go.jp/znk-web/juminkanja/S2430/initialize?prefCd=34&kikanCd=2340440670&kikanKbn=2", "url2": null, "内容": "医療法人社団一陽会　長尾クリニック【2:診療所】【診療科目:内科】広島県広島市佐伯区藤垂園１－１６" }, "geometry": { "type": "Point", "coordinates": [ 132.372132, 34.367234 ] } },
{ "type": "Feature", "properties": { "ID": 3422340440700, "正式名称": "五日市やまもと眼科", "機関区分": 2, "都道府県コード": 34, "市区町村コード": 108, "所在地": "広島県広島市佐伯区五日市駅前２丁目１８番３２号", "緯度": 34.369539, "経度": 132.366216, "url": "https://www.iryou.teikyouseido.mhlw.go.jp/znk-web/juminkanja/S2430/initialize?prefCd=34&kikanCd=2340440700&kikanKbn=2", "url2": null, "内容": "五日市やまもと眼科【2:診療所】【診療科目:眼科】広島県広島市佐伯区五日市駅前２丁目１８番３２号" }, "geometry": { "type": "Point", "coordinates": [ 132.366216, 34.369539 ] } },
{ "type": "Feature", "properties": { "ID": 3422340440960, "正式名称": "医療法人社団　小池皮フ科医院", "機関区分": 2, "都道府県コード": 34, "市区町村コード": 213, "所在地": "広島県廿日市市宮内１０５７－１　アーバンモール宮内", "緯度": 34.348118, "経度": 132.309886, "url": "https://www.iryou.teikyouseido.mhlw.go.jp/znk-web/juminkanja/S2430/initialize?prefCd=34&kikanCd=2340440960&kikanKbn=2", "url2": null, "内容": "医療法人社団　小池皮フ科医院【2:診療所】【診療科目:小児皮膚科_皮膚科_美容皮膚科_アレルギー科】広島県廿日市市宮内１０５７－１　アーバンモール宮内" }, "geometry": { "type": "Point", "coordinates": [ 132.309886, 34.348118 ] } },
{ "type": "Feature", "properties": { "ID": 3422340441130, "正式名称": "高屋整形外科", "機関区分": 2, "都道府県コード": 34, "市区町村コード": 212, "所在地": "広島県東広島市高屋町杵原１７７１－１", "緯度": 34.452815, "経度": 132.787427, "url": "https://www.iryou.teikyouseido.mhlw.go.jp/znk-web/juminkanja/S2430/initialize?prefCd=34&kikanCd=2340441130&kikanKbn=2", "url2": "takaya-seikeigeka.jp", "内容": "高屋整形外科【2:診療所】【診療科目:整形外科_リハビリテーション科】広島県東広島市高屋町杵原１７７１－１" }, "geometry": { "type": "Point", "coordinates": [ 132.787427, 34.452815 ] } },
{ "type": "Feature", "properties": { "ID": 3422340441260, "正式名称": "医療法人社団　川中皮フ科形成外科", "機関区分": 2, "都道府県コード": 34, "市区町村コード": 212, "所在地": "広島県東広島市西条大坪町２－１５　東広島ビル１階", "緯度": 34.424845, "経度": 132.749709, "url": "https://www.iryou.teikyouseido.mhlw.go.jp/znk-web/juminkanja/S2430/initialize?prefCd=34&kikanCd=2340441260&kikanKbn=2", "url2": "https://kawanaka.amebaownd.com/", "内容": "医療法人社団　川中皮フ科形成外科【2:診療所】【診療科目:形成外科_皮膚科】広島県東広島市西条大坪町２－１５　東広島ビル１階" }, "geometry": { "type": "Point", "coordinates": [ 132.749709, 34.424845 ] } },
{ "type": "Feature", "properties": { "ID": 3422340441390, "正式名称": "佐藤内科クリニック", "機関区分": 2, "都道府県コード": 34, "市区町村コード": 205, "所在地": "広島県尾道市浦崎町２７２３", "緯度": 34.406384, "経度": 133.273861, "url": "https://www.iryou.teikyouseido.mhlw.go.jp/znk-web/juminkanja/S2430/initialize?prefCd=34&kikanCd=2340441390&kikanKbn=2", "url2": null, "内容": "佐藤内科クリニック【2:診療所】【診療科目:内科_呼吸器内科_消化器内科_小児科】広島県尾道市浦崎町２７２３" }, "geometry": { "type": "Point", "coordinates": [ 133.273861, 34.406384 ] } },
{ "type": "Feature", "properties": { "ID": 3422340441680, "正式名称": "のりかわ眼科クリニック", "機関区分": 2, "都道府県コード": 34, "市区町村コード": 214, "所在地": "広島県安芸高田市吉田町吉田１８５３－８", "緯度": 34.666097, "経度": 132.710479, "url": "https://www.iryou.teikyouseido.mhlw.go.jp/znk-web/juminkanja/S2430/initialize?prefCd=34&kikanCd=2340441680&kikanKbn=2", "url2": null, "内容": "のりかわ眼科クリニック【2:診療所】【診療科目:眼科】広島県安芸高田市吉田町吉田１８５３－８" }, "geometry": { "type": "Point", "coordinates": [ 132.710479, 34.666097 ] } },
{ "type": "Feature", "properties": { "ID": 3422340441840, "正式名称": "医療法人財団　愛和会広島クリニック", "機関区分": 2, "都道府県コード": 34, "市区町村コード": 101, "所在地": "広島県広島市中区住吉町５－７", "緯度": 34.384955, "経度": 132.447541, "url": "https://www.iryou.teikyouseido.mhlw.go.jp/znk-web/juminkanja/S2430/initialize?prefCd=34&kikanCd=2340441840&kikanKbn=2", "url2": null, "内容": "医療法人財団　愛和会広島クリニック【2:診療所】【診療科目:内科】広島県広島市中区住吉町５－７" }, "geometry": { "type": "Point", "coordinates": [ 132.447541, 34.384955 ] } },
{ "type": "Feature", "properties": { "ID": 3422340442010, "正式名称": "大崎クリニック", "機関区分": 2, "都道府県コード": 34, "市区町村コード": 105, "所在地": "広島県広島市安佐南区安東二丁目１０－２", "緯度": 34.475529, "経度": 132.452959, "url": "https://www.iryou.teikyouseido.mhlw.go.jp/znk-web/juminkanja/S2430/initialize?prefCd=34&kikanCd=2340442010&kikanKbn=2", "url2": "ohsaki-clinic.com", "内容": "大崎クリニック【2:診療所】【診療科目:内科_呼吸器内科_アレルギー疾患内科_小児科】広島県広島市安佐南区安東二丁目１０－２" }, "geometry": { "type": "Point", "coordinates": [ 132.452959, 34.475529 ] } },
{ "type": "Feature", "properties": { "ID": 3422340442270, "正式名称": "堀田医院", "機関区分": 2, "都道府県コード": 34, "市区町村コード": 202, "所在地": "広島県呉市宮原６丁目３－１１", "緯度": 34.231774, "経度": 132.561725, "url": "https://www.iryou.teikyouseido.mhlw.go.jp/znk-web/juminkanja/S2430/initialize?prefCd=34&kikanCd=2340442270&kikanKbn=2", "url2": null, "内容": "堀田医院【2:診療所】【診療科目:内科_小児科_泌尿器科】広島県呉市宮原６丁目３－１１" }, "geometry": { "type": "Point", "coordinates": [ 132.561725, 34.231774 ] } },
{ "type": "Feature", "properties": { "ID": 3422340442720, "正式名称": "医療法人社団　芸南クリニック", "機関区分": 2, "都道府県コード": 34, "市区町村コード": 215, "所在地": "広島県江田島市大柿町柿浦９９１－１", "緯度": 34.186783, "経度": 132.472576, "url": "https://www.iryou.teikyouseido.mhlw.go.jp/znk-web/juminkanja/S2430/initialize?prefCd=34&kikanCd=2340442720&kikanKbn=2", "url2": "https://wp803832.wpx.jp/etajima-geinan-clinic", "内容": "医療法人社団　芸南クリニック【2:診療所】【診療科目:内科_人工透析内科_外科】広島県江田島市大柿町柿浦９９１－１" }, "geometry": { "type": "Point", "coordinates": [ 132.472576, 34.186783 ] } },
{ "type": "Feature", "properties": { "ID": 3422340442980, "正式名称": "小田耳鼻咽喉科", "機関区分": 2, "都道府県コード": 34, "市区町村コード": 101, "所在地": "広島県広島市中区白島中町１－１７　小田ビル２階", "緯度": 34.410231, "経度": 132.465622, "url": "https://www.iryou.teikyouseido.mhlw.go.jp/znk-web/juminkanja/S2430/initialize?prefCd=34&kikanCd=2340442980&kikanKbn=2", "url2": null, "内容": "小田耳鼻咽喉科【2:診療所】【診療科目:耳鼻いんこう科】広島県広島市中区白島中町１－１７　小田ビル２階" }, "geometry": { "type": "Point", "coordinates": [ 132.465622, 34.410231 ] } },
{ "type": "Feature", "properties": { "ID": 3422340443150, "正式名称": "医療法人　つばさ　廣本クリニック", "機関区分": 2, "都道府県コード": 34, "市区町村コード": 107, "所在地": "広島県広島市安芸区矢野南３－１－２", "緯度": 34.345239, "経度": 132.528675, "url": "https://www.iryou.teikyouseido.mhlw.go.jp/znk-web/juminkanja/S2430/initialize?prefCd=34&kikanCd=2340443150&kikanKbn=2", "url2": null, "内容": "医療法人　つばさ　廣本クリニック【2:診療所】【診療科目:内科_胃腸内科_外科_肛門外科_リハビリテーション科】広島県広島市安芸区矢野南３－１－２" }, "geometry": { "type": "Point", "coordinates": [ 132.528675, 34.345239 ] } },
{ "type": "Feature", "properties": { "ID": 3422340443990, "正式名称": "社会福祉法人　あと会　あと・クリニック", "機関区分": 2, "都道府県コード": 34, "市区町村コード": 107, "所在地": "広島県広島市安芸区阿戸町４８５－１", "緯度": 34.373988, "経度": 132.624166, "url": "https://www.iryou.teikyouseido.mhlw.go.jp/znk-web/juminkanja/S2430/initialize?prefCd=34&kikanCd=2340443990&kikanKbn=2", "url2": null, "内容": "社会福祉法人　あと会　あと・クリニック【2:診療所】【診療科目:内科_胃腸内科_外科_リハビリテーション科】広島県広島市安芸区阿戸町４８５－１" }, "geometry": { "type": "Point", "coordinates": [ 132.624166, 34.373988 ] } },
{ "type": "Feature", "properties": { "ID": 3422340444030, "正式名称": "医療法人社団　にしだ眼科医院", "機関区分": 2, "都道府県コード": 34, "市区町村コード": 212, "所在地": "広島県東広島市高屋町杵原１３４７－８", "緯度": 34.462231, "経度": 132.776177, "url": "https://www.iryou.teikyouseido.mhlw.go.jp/znk-web/juminkanja/S2430/initialize?prefCd=34&kikanCd=2340444030&kikanKbn=2", "url2": null, "内容": "医療法人社団　にしだ眼科医院【2:診療所】【診療科目:眼科】広島県東広島市高屋町杵原１３４７－８" }, "geometry": { "type": "Point", "coordinates": [ 132.776177, 34.462231 ] } },
{ "type": "Feature", "properties": { "ID": 3422340444290, "正式名称": "医療法人社団　ばんぶ会　たけもとクリニック", "機関区分": 2, "都道府県コード": 34, "市区町村コード": 101, "所在地": "広島県広島市中区鶴見町１４－６", "緯度": 34.384123, "経度": 132.465346, "url": "https://www.iryou.teikyouseido.mhlw.go.jp/znk-web/juminkanja/S2430/initialize?prefCd=34&kikanCd=2340444290&kikanKbn=2", "url2": "http://website2.infomity.net/8080000088/", "内容": "医療法人社団　ばんぶ会　たけもとクリニック【2:診療所】【診療科目:内科_呼吸器内科_消化器内科_整形外科_小児科_アレルギー科_リウマチ科_リハビリテーション科】広島県広島市中区鶴見町１４－６" }, "geometry": { "type": "Point", "coordinates": [ 132.465346, 34.384123 ] } },
{ "type": "Feature", "properties": { "ID": 3422340444450, "正式名称": "洪内科・消化器科医院", "機関区分": 2, "都道府県コード": 34, "市区町村コード": 104, "所在地": "広島県広島市西区都町２３－１４", "緯度": 34.397037, "経度": 132.437542, "url": "https://www.iryou.teikyouseido.mhlw.go.jp/znk-web/juminkanja/S2430/initialize?prefCd=34&kikanCd=2340444450&kikanKbn=2", "url2": "https://www.kohclinic.org", "内容": "洪内科・消化器科医院【2:診療所】【診療科目:内科_消化器内科】広島県広島市西区都町２３－１４" }, "geometry": { "type": "Point", "coordinates": [ 132.437542, 34.397037 ] } },
{ "type": "Feature", "properties": { "ID": 3422340444740, "正式名称": "わたなべ耳鼻咽喉科医院", "機関区分": 2, "都道府県コード": 34, "市区町村コード": 212, "所在地": "広島県東広島市西条昭和町７－１６", "緯度": 34.423556, "経度": 132.739365, "url": "https://www.iryou.teikyouseido.mhlw.go.jp/znk-web/juminkanja/S2430/initialize?prefCd=34&kikanCd=2340444740&kikanKbn=2", "url2": null, "内容": "わたなべ耳鼻咽喉科医院【2:診療所】【診療科目:耳鼻いんこう科】広島県東広島市西条昭和町７－１６" }, "geometry": { "type": "Point", "coordinates": [ 132.739365, 34.423556 ] } },
{ "type": "Feature", "properties": { "ID": 3422340444870, "正式名称": "医療法人社団杏善会　初鹿内科医院分院", "機関区分": 2, "都道府県コード": 34, "市区町村コード": 204, "所在地": "広島県三原市中之町３丁目３－１１", "緯度": 34.411909, "経度": 133.100903, "url": "https://www.iryou.teikyouseido.mhlw.go.jp/znk-web/juminkanja/S2430/initialize?prefCd=34&kikanCd=2340444870&kikanKbn=2", "url2": null, "内容": "医療法人社団杏善会　初鹿内科医院分院【2:診療所】【診療科目:内科】広島県三原市中之町３丁目３－１１" }, "geometry": { "type": "Point", "coordinates": [ 133.100903, 34.411909 ] } },
{ "type": "Feature", "properties": { "ID": 3422340444900, "正式名称": "神原こうじクリニック", "機関区分": 2, "都道府県コード": 34, "市区町村コード": 205, "所在地": "広島県尾道市浦崎町２７４６", "緯度": 34.404275, "経度": 133.274813, "url": "https://www.iryou.teikyouseido.mhlw.go.jp/znk-web/juminkanja/S2430/initialize?prefCd=34&kikanCd=2340444900&kikanKbn=2", "url2": null, "内容": "神原こうじクリニック【2:診療所】【診療科目:内科】広島県尾道市浦崎町２７４６" }, "geometry": { "type": "Point", "coordinates": [ 133.274813, 34.404275 ] } },
{ "type": "Feature", "properties": { "ID": 3422340445170, "正式名称": "医療法人　妙好会　ときや内科", "機関区分": 2, "都道府県コード": 34, "市区町村コード": 431, "所在地": "広島県豊田郡大崎上島町沖浦１００１", "緯度": 34.213593, "経度": 132.894012, "url": "https://www.iryou.teikyouseido.mhlw.go.jp/znk-web/juminkanja/S2430/initialize?prefCd=34&kikanCd=2340445170&kikanKbn=2", "url2": null, "内容": "医療法人　妙好会　ときや内科【2:診療所】【診療科目:内科_消化器内科_放射線科】広島県豊田郡大崎上島町沖浦１００１" }, "geometry": { "type": "Point", "coordinates": [ 132.894012, 34.213593 ] } },
{ "type": "Feature", "properties": { "ID": 3422340445460, "正式名称": "くすのき眼科", "機関区分": 2, "都道府県コード": 34, "市区町村コード": 107, "所在地": "広島県広島市安芸区中野東一丁目１１－３１", "緯度": 34.386644, "経度": 132.561843, "url": "https://www.iryou.teikyouseido.mhlw.go.jp/znk-web/juminkanja/S2430/initialize?prefCd=34&kikanCd=2340445460&kikanKbn=2", "url2": null, "内容": "くすのき眼科【2:診療所】【診療科目:眼科】広島県広島市安芸区中野東一丁目１１－３１" }, "geometry": { "type": "Point", "coordinates": [ 132.561843, 34.386644 ] } },
{ "type": "Feature", "properties": { "ID": 3422340445750, "正式名称": "医療法人産婦人科よしはらクリニック", "機関区分": 2, "都道府県コード": 34, "市区町村コード": 205, "所在地": "広島県尾道市山波町５５１－１", "緯度": 34.41768, "経度": 133.230679, "url": "https://www.iryou.teikyouseido.mhlw.go.jp/znk-web/juminkanja/S2430/initialize?prefCd=34&kikanCd=2340445750&kikanKbn=2", "url2": "http://www.yoshihara-clinic.com", "内容": "医療法人産婦人科よしはらクリニック【2:診療所】【診療科目:産婦人科】広島県尾道市山波町５５１－１" }, "geometry": { "type": "Point", "coordinates": [ 133.230679, 34.41768 ] } },
{ "type": "Feature", "properties": { "ID": 3422340445910, "正式名称": "医療法人社団松原クリニック　まつばらクリニック", "機関区分": 2, "都道府県コード": 34, "市区町村コード": 102, "所在地": "広島県広島市東区温品７丁目１１番３５号", "緯度": 34.414564, "経度": 132.508674, "url": "https://www.iryou.teikyouseido.mhlw.go.jp/znk-web/juminkanja/S2430/initialize?prefCd=34&kikanCd=2340445910&kikanKbn=2", "url2": null, "内容": "医療法人社団松原クリニック　まつばらクリニック【2:診療所】【診療科目:胃腸内科_外科_整形外科_リハビリテーション科_麻酔科】広島県広島市東区温品７丁目１１番３５号" }, "geometry": { "type": "Point", "coordinates": [ 132.508674, 34.414564 ] } },
{ "type": "Feature", "properties": { "ID": 3422340446050, "正式名称": "医療法人　おかもと整形外科クリニック", "機関区分": 2, "都道府県コード": 34, "市区町村コード": 102, "所在地": "広島県広島市東区温品七丁目５－２６", "緯度": 34.416148, "経度": 132.509396, "url": "https://www.iryou.teikyouseido.mhlw.go.jp/znk-web/juminkanja/S2430/initialize?prefCd=34&kikanCd=2340446050&kikanKbn=2", "url2": "hittps://okamoto-seikei.jp/", "内容": "医療法人　おかもと整形外科クリニック【2:診療所】【診療科目:整形外科_リウマチ科_リハビリテーション科】広島県広島市東区温品七丁目５－２６" }, "geometry": { "type": "Point", "coordinates": [ 132.509396, 34.416148 ] } },
{ "type": "Feature", "properties": { "ID": 3422340446210, "正式名称": "鈴が台クリニック", "機関区分": 2, "都道府県コード": 34, "市区町村コード": 104, "所在地": "広島県広島市西区井口鈴が台３－５－２", "緯度": 34.375455, "経度": 132.378881, "url": "https://www.iryou.teikyouseido.mhlw.go.jp/znk-web/juminkanja/S2430/initialize?prefCd=34&kikanCd=2340446210&kikanKbn=2", "url2": null, "内容": "鈴が台クリニック【2:診療所】【診療科目:内科_皮膚科_美容皮膚科_アレルギー科_放射線科】広島県広島市西区井口鈴が台３－５－２" }, "geometry": { "type": "Point", "coordinates": [ 132.378881, 34.375455 ] } },
{ "type": "Feature", "properties": { "ID": 3422340446340, "正式名称": "医療法人社団　しみずクリニック", "機関区分": 2, "都道府県コード": 34, "市区町村コード": 106, "所在地": "広島県広島市安佐北区白木町小越１９３", "緯度": 34.55458, "経度": 132.663821, "url": "https://www.iryou.teikyouseido.mhlw.go.jp/znk-web/juminkanja/S2430/initialize?prefCd=34&kikanCd=2340446340&kikanKbn=2", "url2": "www.shimizuclinics.com", "内容": "医療法人社団　しみずクリニック【2:診療所】【診療科目:内科_循環器内科_胃腸内科_外科_リハビリテーション科】広島県広島市安佐北区白木町小越１９３" }, "geometry": { "type": "Point", "coordinates": [ 132.663821, 34.55458 ] } },
{ "type": "Feature", "properties": { "ID": 3422340446630, "正式名称": "庵谷内科循環器科", "機関区分": 2, "都道府県コード": 34, "市区町村コード": 207, "所在地": "広島県福山市御幸町上岩成２３４－１", "緯度": 34.485905, "経度": 133.362405, "url": "https://www.iryou.teikyouseido.mhlw.go.jp/znk-web/juminkanja/S2430/initialize?prefCd=34&kikanCd=2340446630&kikanKbn=2", "url2": null, "内容": "庵谷内科循環器科【2:診療所】【診療科目:内科_呼吸器内科_循環器内科_消化器内科_小児科_リハビリテーション科】広島県福山市御幸町上岩成２３４－１" }, "geometry": { "type": "Point", "coordinates": [ 133.362405, 34.485905 ] } },
{ "type": "Feature", "properties": { "ID": 3422340447480, "正式名称": "医療法人社団　越智医院", "機関区分": 2, "都道府県コード": 34, "市区町村コード": 202, "所在地": "広島県呉市豊町大長４９７６－２", "緯度": 34.181596, "経度": 132.855434, "url": "https://www.iryou.teikyouseido.mhlw.go.jp/znk-web/juminkanja/S2430/initialize?prefCd=34&kikanCd=2340447480&kikanKbn=2", "url2": null, "内容": "医療法人社団　越智医院【2:診療所】【診療科目:内科】広島県呉市豊町大長４９７６－２" }, "geometry": { "type": "Point", "coordinates": [ 132.855434, 34.181596 ] } },
{ "type": "Feature", "properties": { "ID": 3422340447510, "正式名称": "かくれんぼ小児科・アレルギー科", "機関区分": 2, "都道府県コード": 34, "市区町村コード": 103, "所在地": "広島県広島市南区東雲本町２丁目６番３２号", "緯度": 34.382948, "経度": 132.486987, "url": "https://www.iryou.teikyouseido.mhlw.go.jp/znk-web/juminkanja/S2430/initialize?prefCd=34&kikanCd=2340447510&kikanKbn=2", "url2": "http://www.shiraoclinic.com/", "内容": "かくれんぼ小児科・アレルギー科【2:診療所】【診療科目:小児科_アレルギー科】広島県広島市南区東雲本町２丁目６番３２号" }, "geometry": { "type": "Point", "coordinates": [ 132.486987, 34.382948 ] } },
{ "type": "Feature", "properties": { "ID": 3422340447770, "正式名称": "たなべ小児科", "機関区分": 2, "都道府県コード": 34, "市区町村コード": 213, "所在地": "広島県廿日市市平良山手１１番１１号", "緯度": 34.357929, "経度": 132.335024, "url": "https://www.iryou.teikyouseido.mhlw.go.jp/znk-web/juminkanja/S2430/initialize?prefCd=34&kikanCd=2340447770&kikanKbn=2", "url2": null, "内容": "たなべ小児科【2:診療所】【診療科目:小児科】広島県廿日市市平良山手１１番１１号" }, "geometry": { "type": "Point", "coordinates": [ 132.335024, 34.357929 ] } },
{ "type": "Feature", "properties": { "ID": 3422340447930, "正式名称": "田辺クリニック", "機関区分": 2, "都道府県コード": 34, "市区町村コード": 205, "所在地": "広島県尾道市古浜町６番２０号", "緯度": 34.399133, "経度": 133.174203, "url": "https://www.iryou.teikyouseido.mhlw.go.jp/znk-web/juminkanja/S2430/initialize?prefCd=34&kikanCd=2340447930&kikanKbn=2", "url2": "http://www.tanabecl.or.jp/", "内容": "田辺クリニック【2:診療所】【診療科目:内科_糖尿病内科_呼吸器内科_消化器内科_漢方内科_内視鏡内科_小児科_皮膚科_精神科_心療内科_アレルギー科_リハビリテーション科】広島県尾道市古浜町６番２０号" }, "geometry": { "type": "Point", "coordinates": [ 133.174203, 34.399133 ] } },
{ "type": "Feature", "properties": { "ID": 3422340448230, "正式名称": "医療法人社団　有地医院", "機関区分": 2, "都道府県コード": 34, "市区町村コード": 208, "所在地": "広島県府中市府中町６６０－３", "緯度": 34.576015, "経度": 133.229854, "url": "https://www.iryou.teikyouseido.mhlw.go.jp/znk-web/juminkanja/S2430/initialize?prefCd=34&kikanCd=2340448230&kikanKbn=2", "url2": null, "内容": "医療法人社団　有地医院【2:診療所】【診療科目:呼吸器内科_胃腸内科_外科】広島県府中市府中町６６０－３" }, "geometry": { "type": "Point", "coordinates": [ 133.229854, 34.576015 ] } },
{ "type": "Feature", "properties": { "ID": 3422340448360, "正式名称": "常石医院", "機関区分": 2, "都道府県コード": 34, "市区町村コード": 207, "所在地": "広島県福山市沼隈町常石１０８３", "緯度": 34.387009, "経度": 133.300454, "url": "https://www.iryou.teikyouseido.mhlw.go.jp/znk-web/juminkanja/S2430/initialize?prefCd=34&kikanCd=2340448360&kikanKbn=2", "url2": "http://www.shounankai.or.jp", "内容": "常石医院【2:診療所】【診療科目:内科_外科_整形外科_小児科】広島県福山市沼隈町常石１０８３" }, "geometry": { "type": "Point", "coordinates": [ 133.300454, 34.387009 ] } },
{ "type": "Feature", "properties": { "ID": 3422340448520, "正式名称": "藤田内科医院", "機関区分": 2, "都道府県コード": 34, "市区町村コード": 205, "所在地": "広島県尾道市長江一丁目２３－８", "緯度": 34.413466, "経度": 133.200616, "url": "https://www.iryou.teikyouseido.mhlw.go.jp/znk-web/juminkanja/S2430/initialize?prefCd=34&kikanCd=2340448520&kikanKbn=2", "url2": "http://fimc.or.jp/", "内容": "藤田内科医院【2:診療所】【診療科目:内科_呼吸器内科_循環器内科_消化器内科】広島県尾道市長江一丁目２３－８" }, "geometry": { "type": "Point", "coordinates": [ 133.200616, 34.413466 ] } },
{ "type": "Feature", "properties": { "ID": 3422340448940, "正式名称": "医療法人社団　リード　島本内科循環器科・皮フ科", "機関区分": 2, "都道府県コード": 34, "市区町村コード": 105, "所在地": "広島県広島市安佐南区山本１丁目１５番１２号", "緯度": 34.438031, "経度": 132.450971, "url": "https://www.iryou.teikyouseido.mhlw.go.jp/znk-web/juminkanja/S2430/initialize?prefCd=34&kikanCd=2340448940&kikanKbn=2", "url2": null, "内容": "医療法人社団　リード　島本内科循環器科・皮フ科【2:診療所】【診療科目:内科_呼吸器内科_循環器内科_消化器内科_心臓血管外科_皮膚科】広島県広島市安佐南区山本１丁目１５番１２号" }, "geometry": { "type": "Point", "coordinates": [ 132.450971, 34.438031 ] } },
{ "type": "Feature", "properties": { "ID": 3422340449080, "正式名称": "奈良井眼科", "機関区分": 2, "都道府県コード": 34, "市区町村コード": 202, "所在地": "広島県呉市阿賀中央６丁目２番１１号　あがプラザ２階", "緯度": 34.236557, "経度": 132.600536, "url": "https://www.iryou.teikyouseido.mhlw.go.jp/znk-web/juminkanja/S2430/initialize?prefCd=34&kikanCd=2340449080&kikanKbn=2", "url2": "http://www.narai-eye-clinic.com", "内容": "奈良井眼科【2:診療所】【診療科目:眼科】広島県呉市阿賀中央６丁目２番１１号　あがプラザ２階" }, "geometry": { "type": "Point", "coordinates": [ 132.600536, 34.236557 ] } },
{ "type": "Feature", "properties": { "ID": 3422340449370, "正式名称": "井村眼科医院", "機関区分": 2, "都道府県コード": 34, "市区町村コード": 213, "所在地": "広島県廿日市市天神５－１２", "緯度": 34.355788, "経度": 132.33841, "url": "https://www.iryou.teikyouseido.mhlw.go.jp/znk-web/juminkanja/S2430/initialize?prefCd=34&kikanCd=2340449370&kikanKbn=2", "url2": null, "内容": "井村眼科医院【2:診療所】【診療科目:眼科】広島県廿日市市天神５－１２" }, "geometry": { "type": "Point", "coordinates": [ 132.33841, 34.355788 ] } },
{ "type": "Feature", "properties": { "ID": 3422340449400, "正式名称": "医療法人社団恵正会　二宮内科", "機関区分": 2, "都道府県コード": 34, "市区町村コード": 106, "所在地": "広島県広島市安佐北区可部五丁目１４－１６", "緯度": 34.519926, "経度": 132.51012, "url": "https://www.iryou.teikyouseido.mhlw.go.jp/znk-web/juminkanja/S2430/initialize?prefCd=34&kikanCd=2340449400&kikanKbn=2", "url2": "https://www.keiseikai-nmn.net/wp3", "内容": "医療法人社団恵正会　二宮内科【2:診療所】【診療科目:内科_循環器内科_消化器内科_放射線科_麻酔科】広島県広島市安佐北区可部五丁目１４－１６" }, "geometry": { "type": "Point", "coordinates": [ 132.51012, 34.519926 ] } },
{ "type": "Feature", "properties": { "ID": 3422340449820, "正式名称": "医療法人社団　伸寿会　高須クリニック", "機関区分": 2, "都道府県コード": 34, "市区町村コード": 207, "所在地": "広島県福山市南蔵王町１－７－１４", "緯度": 34.502071, "経度": 133.389958, "url": "https://www.iryou.teikyouseido.mhlw.go.jp/znk-web/juminkanja/S2430/initialize?prefCd=34&kikanCd=2340449820&kikanKbn=2", "url2": "https://takasu-toseki.com/", "内容": "医療法人社団　伸寿会　高須クリニック【2:診療所】【診療科目:内科_人工透析内科_外科_乳腺外科_人工透析外科】広島県福山市南蔵王町１－７－１４" }, "geometry": { "type": "Point", "coordinates": [ 133.389958, 34.502071 ] } },
{ "type": "Feature", "properties": { "ID": 3422340450060, "正式名称": "医療法人　社団　雅会　わかさ整形外科", "機関区分": 2, "都道府県コード": 34, "市区町村コード": 107, "所在地": "広島県広島市安芸区船越一丁目５０番１８号", "緯度": 34.376013, "経度": 132.516119, "url": "https://www.iryou.teikyouseido.mhlw.go.jp/znk-web/juminkanja/S2430/initialize?prefCd=34&kikanCd=2340450060&kikanKbn=2", "url2": null, "内容": "医療法人　社団　雅会　わかさ整形外科【2:診療所】【診療科目:整形外科_リウマチ科_リハビリテーション科】広島県広島市安芸区船越一丁目５０番１８号" }, "geometry": { "type": "Point", "coordinates": [ 132.516119, 34.376013 ] } },
{ "type": "Feature", "properties": { "ID": 3422340450510, "正式名称": "下山記念クリニック", "機関区分": 2, "都道府県コード": 34, "市区町村コード": 212, "所在地": "広島県東広島市西条町寺家７４３２－１", "緯度": 34.422706, "経度": 132.728739, "url": "https://www.iryou.teikyouseido.mhlw.go.jp/znk-web/juminkanja/S2430/initialize?prefCd=34&kikanCd=2340450510&kikanKbn=2", "url2": "https://koenkai-gr.jp/clinic/shimoyama-clinic/", "内容": "下山記念クリニック【2:診療所】【診療科目:内科_糖尿病内科_内分泌内科_脳神経内科_呼吸器内科_消化器内科_胃腸内科_外科_整形外科_小児科_精神科_心療内科_アレルギー科_リハビリテーション科】広島県東広島市西条町寺家７４３２－１" }, "geometry": { "type": "Point", "coordinates": [ 132.728739, 34.422706 ] } },
{ "type": "Feature", "properties": { "ID": 3422340450800, "正式名称": "田中耳鼻咽喉科医院", "機関区分": 2, "都道府県コード": 34, "市区町村コード": 208, "所在地": "広島県府中市中須町１６９６－１", "緯度": 34.561081, "経度": 133.255175, "url": "https://www.iryou.teikyouseido.mhlw.go.jp/znk-web/juminkanja/S2430/initialize?prefCd=34&kikanCd=2340450800&kikanKbn=2", "url2": null, "内容": "田中耳鼻咽喉科医院【2:診療所】【診療科目:耳鼻いんこう科_アレルギー科】広島県府中市中須町１６９６－１" }, "geometry": { "type": "Point", "coordinates": [ 133.255175, 34.561081 ] } },
{ "type": "Feature", "properties": { "ID": 3422340451100, "正式名称": "松永脳外科クリニック", "機関区分": 2, "都道府県コード": 34, "市区町村コード": 207, "所在地": "広島県福山市宮前町二丁目６－２０", "緯度": 34.454143, "経度": 133.262117, "url": "https://www.iryou.teikyouseido.mhlw.go.jp/znk-web/juminkanja/S2430/initialize?prefCd=34&kikanCd=2340451100&kikanKbn=2", "url2": "http://www.myclinic.ne.jp/matsu/", "内容": "松永脳外科クリニック【2:診療所】【診療科目:神経内科_脳神経外科_整形外科_リハビリテーション科】広島県福山市宮前町二丁目６－２０" }, "geometry": { "type": "Point", "coordinates": [ 133.262117, 34.454143 ] } },
{ "type": "Feature", "properties": { "ID": 3422340451490, "正式名称": "医療法人社団　幸の鳥レディスクリニック", "機関区分": 2, "都道府県コード": 34, "市区町村コード": 207, "所在地": "広島県福山市春日町一丁目７－１４", "緯度": 34.506678, "経度": 133.401484, "url": "https://www.iryou.teikyouseido.mhlw.go.jp/znk-web/juminkanja/S2430/initialize?prefCd=34&kikanCd=2340451490&kikanKbn=2", "url2": "http://www.kohnotori.com", "内容": "医療法人社団　幸の鳥レディスクリニック【2:診療所】【診療科目:産婦人科_産婦人科（生殖医療）】広島県福山市春日町一丁目７－１４" }, "geometry": { "type": "Point", "coordinates": [ 133.401484, 34.506678 ] } },
{ "type": "Feature", "properties": { "ID": 3422340451650, "正式名称": "せおクリニック", "機関区分": 2, "都道府県コード": 34, "市区町村コード": 208, "所在地": "広島県府中市栗柄町２２０３－４", "緯度": 34.549424, "経度": 133.239718, "url": "https://www.iryou.teikyouseido.mhlw.go.jp/znk-web/juminkanja/S2430/initialize?prefCd=34&kikanCd=2340451650&kikanKbn=2", "url2": null, "内容": "せおクリニック【2:診療所】【診療科目:外科_肛門外科】広島県府中市栗柄町２２０３－４" }, "geometry": { "type": "Point", "coordinates": [ 133.239718, 34.549424 ] } },
{ "type": "Feature", "properties": { "ID": 3422340451940, "正式名称": "かわぐち胃腸科", "機関区分": 2, "都道府県コード": 34, "市区町村コード": 202, "所在地": "広島県呉市川尻町西１丁目３５番２５号", "緯度": 34.230587, "経度": 132.694528, "url": "https://www.iryou.teikyouseido.mhlw.go.jp/znk-web/juminkanja/S2430/initialize?prefCd=34&kikanCd=2340451940&kikanKbn=2", "url2": null, "内容": "かわぐち胃腸科【2:診療所】【診療科目:内科_消化器内科_胃腸内科】広島県呉市川尻町西１丁目３５番２５号" }, "geometry": { "type": "Point", "coordinates": [ 132.694528, 34.230587 ] } },
{ "type": "Feature", "properties": { "ID": 3422340452240, "正式名称": "もみじクリニック", "機関区分": 2, "都道府県コード": 34, "市区町村コード": 101, "所在地": "広島県広島市中区白島北町１７－２", "緯度": 34.408509, "経度": 132.461789, "url": "https://www.iryou.teikyouseido.mhlw.go.jp/znk-web/juminkanja/S2430/initialize?prefCd=34&kikanCd=2340452240&kikanKbn=2", "url2": "www.daijinatokoro.com", "内容": "もみじクリニック【2:診療所】【診療科目:内科_循環器内科_泌尿器科_リハビリテーション科】広島県広島市中区白島北町１７－２" }, "geometry": { "type": "Point", "coordinates": [ 132.461789, 34.408509 ] } },
{ "type": "Feature", "properties": { "ID": 3422340452370, "正式名称": "医療法人社団　岡野皮ふ科クリニック", "機関区分": 2, "都道府県コード": 34, "市区町村コード": 106, "所在地": "広島県広島市安佐北区可部５丁目１４－１６　可部中央クリニックビル２階", "緯度": 34.519887, "経度": 132.510113, "url": "https://www.iryou.teikyouseido.mhlw.go.jp/znk-web/juminkanja/S2430/initialize?prefCd=34&kikanCd=2340452370&kikanKbn=2", "url2": null, "内容": "医療法人社団　岡野皮ふ科クリニック【2:診療所】【診療科目:形成外科_皮膚科】広島県広島市安佐北区可部５丁目１４－１６　可部中央クリニックビル２階" }, "geometry": { "type": "Point", "coordinates": [ 132.510113, 34.519887 ] } },
{ "type": "Feature", "properties": { "ID": 3422340452790, "正式名称": "すずき内科胃腸科クリニック", "機関区分": 2, "都道府県コード": 34, "市区町村コード": 204, "所在地": "広島県三原市本町一丁目９－１２", "緯度": 34.401058, "経度": 133.076866, "url": "https://www.iryou.teikyouseido.mhlw.go.jp/znk-web/juminkanja/S2430/initialize?prefCd=34&kikanCd=2340452790&kikanKbn=2", "url2": null, "内容": "すずき内科胃腸科クリニック【2:診療所】【診療科目:内科_胃腸内科】広島県三原市本町一丁目９－１２" }, "geometry": { "type": "Point", "coordinates": [ 133.076866, 34.401058 ] } },
{ "type": "Feature", "properties": { "ID": 3422340453090, "正式名称": "耳鼻咽喉科　啓愛クリニック", "機関区分": 2, "都道府県コード": 34, "市区町村コード": 103, "所在地": "広島県広島市南区段原１丁目３番１１号　啓愛プラザビル　２階", "緯度": 34.390455, "経度": 132.474733, "url": "https://www.iryou.teikyouseido.mhlw.go.jp/znk-web/juminkanja/S2430/initialize?prefCd=34&kikanCd=2340453090&kikanKbn=2", "url2": "https://keiaiclinic.jp", "内容": "耳鼻咽喉科　啓愛クリニック【2:診療所】【診療科目:耳鼻いんこう科】広島県広島市南区段原１丁目３番１１号　啓愛プラザビル　２階" }, "geometry": { "type": "Point", "coordinates": [ 132.474733, 34.390455 ] } },
{ "type": "Feature", "properties": { "ID": 3422340453120, "正式名称": "医療法人社団銀杏会　広島ハートクリニック安佐南", "機関区分": 2, "都道府県コード": 34, "市区町村コード": 105, "所在地": "広島県広島市安佐南区西原７－５－４", "緯度": 34.442589, "経度": 132.475703, "url": "https://www.iryou.teikyouseido.mhlw.go.jp/znk-web/juminkanja/S2430/initialize?prefCd=34&kikanCd=2340453120&kikanKbn=2", "url2": "https://hhc-asaminami.com/", "内容": "医療法人社団銀杏会　広島ハートクリニック安佐南【2:診療所】【診療科目:内科_循環器内科_消化器内科_胃腸内科】広島県広島市安佐南区西原７－５－４" }, "geometry": { "type": "Point", "coordinates": [ 132.475703, 34.442589 ] } },
{ "type": "Feature", "properties": { "ID": 3422340453250, "正式名称": "くしだ耳鼻咽喉科", "機関区分": 2, "都道府県コード": 34, "市区町村コード": 107, "所在地": "広島県広島市安芸区中野３－９－６", "緯度": 34.392734, "経度": 132.564837, "url": "https://www.iryou.teikyouseido.mhlw.go.jp/znk-web/juminkanja/S2430/initialize?prefCd=34&kikanCd=2340453250&kikanKbn=2", "url2": null, "内容": "くしだ耳鼻咽喉科【2:診療所】【診療科目:耳鼻いんこう科】広島県広島市安芸区中野３－９－６" }, "geometry": { "type": "Point", "coordinates": [ 132.564837, 34.392734 ] } },
{ "type": "Feature", "properties": { "ID": 3422340453380, "正式名称": "中山内科医院", "機関区分": 2, "都道府県コード": 34, "市区町村コード": 107, "所在地": "広島県広島市安芸区中野３－９－６", "緯度": 34.392691, "経度": 132.564873, "url": "https://www.iryou.teikyouseido.mhlw.go.jp/znk-web/juminkanja/S2430/initialize?prefCd=34&kikanCd=2340453380&kikanKbn=2", "url2": "http://prodoc2000.byoinnavi.jp/pc/", "内容": "中山内科医院【2:診療所】【診療科目:内科_呼吸器内科_循環器内科_消化器内科】広島県広島市安芸区中野３－９－６" }, "geometry": { "type": "Point", "coordinates": [ 132.564873, 34.392691 ] } },
{ "type": "Feature", "properties": { "ID": 3422340453410, "正式名称": "医療法人ふるもと眼科", "機関区分": 2, "都道府県コード": 34, "市区町村コード": 105, "所在地": "広島県広島市安佐南区緑井二丁目１２番２６号", "緯度": 34.467586, "経度": 132.470341, "url": "https://www.iryou.teikyouseido.mhlw.go.jp/znk-web/juminkanja/S2430/initialize?prefCd=34&kikanCd=2340453410&kikanKbn=2", "url2": null, "内容": "医療法人ふるもと眼科【2:診療所】【診療科目:眼科】広島県広島市安佐南区緑井二丁目１２番２６号" }, "geometry": { "type": "Point", "coordinates": [ 132.470341, 34.467586 ] } },
{ "type": "Feature", "properties": { "ID": 3422340453540, "正式名称": "菅田内科医院", "機関区分": 2, "都道府県コード": 34, "市区町村コード": 202, "所在地": "広島県呉市焼山桜ケ丘三丁目３－２５", "緯度": 34.287379, "経度": 132.55327, "url": "https://www.iryou.teikyouseido.mhlw.go.jp/znk-web/juminkanja/S2430/initialize?prefCd=34&kikanCd=2340453540&kikanKbn=2", "url2": null, "内容": "菅田内科医院【2:診療所】【診療科目:内科】広島県呉市焼山桜ケ丘三丁目３－２５" }, "geometry": { "type": "Point", "coordinates": [ 132.55327, 34.287379 ] } },
{ "type": "Feature", "properties": { "ID": 3422340454000, "正式名称": "医療法人社団　にし小児科", "機関区分": 2, "都道府県コード": 34, "市区町村コード": 106, "所在地": "広島県広島市安佐北区可部５－１４－１６", "緯度": 34.519887, "経度": 132.510113, "url": "https://www.iryou.teikyouseido.mhlw.go.jp/znk-web/juminkanja/S2430/initialize?prefCd=34&kikanCd=2340454000&kikanKbn=2", "url2": "http://nisisyounika.jp/", "内容": "医療法人社団　にし小児科【2:診療所】【診療科目:小児科】広島県広島市安佐北区可部５－１４－１６" }, "geometry": { "type": "Point", "coordinates": [ 132.510113, 34.519887 ] } },
{ "type": "Feature", "properties": { "ID": 3422340454130, "正式名称": "ふじた消化器内科クリニック", "機関区分": 2, "都道府県コード": 34, "市区町村コード": 105, "所在地": "広島県広島市安佐南区中筋４丁目１３－１５　レジデンス西宮１階", "緯度": 34.455059, "経度": 132.47935, "url": "https://www.iryou.teikyouseido.mhlw.go.jp/znk-web/juminkanja/S2430/initialize?prefCd=34&kikanCd=2340454130&kikanKbn=2", "url2": "http://www2s.biglobe.ne.jp/~na22xafb/", "内容": "ふじた消化器内科クリニック【2:診療所】【診療科目:内科_内分泌内科_呼吸器内科_気管食道内科_循環器内科_消化器内科_胃腸内科_内視鏡内科_心療内科_リハビリテーション科】広島県広島市安佐南区中筋４丁目１３－１５　レジデンス西宮１階" }, "geometry": { "type": "Point", "coordinates": [ 132.47935, 34.455059 ] } },
{ "type": "Feature", "properties": { "ID": 3422340454260, "正式名称": "医療法人社団親心会　小西脳外科内科医院", "機関区分": 2, "都道府県コード": 34, "市区町村コード": 212, "所在地": "広島県東広島市高屋町造賀２９５７－１", "緯度": 34.484867, "経度": 132.764038, "url": "https://www.iryou.teikyouseido.mhlw.go.jp/znk-web/juminkanja/S2430/initialize?prefCd=34&kikanCd=2340454260&kikanKbn=2", "url2": null, "内容": "医療法人社団親心会　小西脳外科内科医院【2:診療所】【診療科目:内科_脳神経外科】広島県東広島市高屋町造賀２９５７－１" }, "geometry": { "type": "Point", "coordinates": [ 132.764038, 34.484867 ] } },
{ "type": "Feature", "properties": { "ID": 3422340454390, "正式名称": "中村医院", "機関区分": 2, "都道府県コード": 34, "市区町村コード": 214, "所在地": "広島県安芸高田市向原町戸島小字八東戸２８４６－５", "緯度": 34.618907, "経度": 132.721758, "url": "https://www.iryou.teikyouseido.mhlw.go.jp/znk-web/juminkanja/S2430/initialize?prefCd=34&kikanCd=2340454390&kikanKbn=2", "url2": null, "内容": "中村医院【2:診療所】【診療科目:循環器内科_消化器内科_外科_リハビリテーション科】広島県安芸高田市向原町戸島小字八東戸２８４６－５" }, "geometry": { "type": "Point", "coordinates": [ 132.721758, 34.618907 ] } },
{ "type": "Feature", "properties": { "ID": 3422340454710, "正式名称": "医療法人社団たけなお会　たにぐち小児クリニック", "機関区分": 2, "都道府県コード": 34, "市区町村コード": 102, "所在地": "広島県広島市東区中山東二丁目２－９", "緯度": 34.410456, "経度": 132.504747, "url": "https://www.iryou.teikyouseido.mhlw.go.jp/znk-web/juminkanja/S2430/initialize?prefCd=34&kikanCd=2340454710&kikanKbn=2", "url2": "https://www.taniguchi-cl.or.jp/", "内容": "医療法人社団たけなお会　たにぐち小児クリニック【2:診療所】【診療科目:小児科_小児皮膚科_アレルギー科】広島県広島市東区中山東二丁目２－９" }, "geometry": { "type": "Point", "coordinates": [ 132.504747, 34.410456 ] } },
{ "type": "Feature", "properties": { "ID": 3422340454970, "正式名称": "医療法人社団つばさ会　横山内科クリニック", "機関区分": 2, "都道府県コード": 34, "市区町村コード": 101, "所在地": "広島県広島市中区西十日市町１－５", "緯度": 34.398538, "経度": 132.447067, "url": "https://www.iryou.teikyouseido.mhlw.go.jp/znk-web/juminkanja/S2430/initialize?prefCd=34&kikanCd=2340454970&kikanKbn=2", "url2": null, "内容": "医療法人社団つばさ会　横山内科クリニック【2:診療所】【診療科目:内科_呼吸器内科_循環器内科_消化器内科_精神科_心療内科】広島県広島市中区西十日市町１－５" }, "geometry": { "type": "Point", "coordinates": [ 132.447067, 34.398538 ] } },
{ "type": "Feature", "properties": { "ID": 3422340455010, "正式名称": "田辺医院", "機関区分": 2, "都道府県コード": 34, "市区町村コード": 202, "所在地": "広島県呉市阿賀中央３丁目５番６号", "緯度": 34.239418, "経度": 132.598202, "url": "https://www.iryou.teikyouseido.mhlw.go.jp/znk-web/juminkanja/S2430/initialize?prefCd=34&kikanCd=2340455010&kikanKbn=2", "url2": "http//website2.infomity.net/8080272/", "内容": "田辺医院【2:診療所】【診療科目:内科】広島県呉市阿賀中央３丁目５番６号" }, "geometry": { "type": "Point", "coordinates": [ 132.598202, 34.239418 ] } },
{ "type": "Feature", "properties": { "ID": 3422340455270, "正式名称": "木山産婦人科クリニック", "機関区分": 2, "都道府県コード": 34, "市区町村コード": 101, "所在地": "広島県広島市中区袋町４－３　滝口ビル３階", "緯度": 34.392122, "経度": 132.458124, "url": "https://www.iryou.teikyouseido.mhlw.go.jp/znk-web/juminkanja/S2430/initialize?prefCd=34&kikanCd=2340455270&kikanKbn=2", "url2": "https://kiyama-c.com", "内容": "木山産婦人科クリニック【2:診療所】【診療科目:産婦人科】広島県広島市中区袋町４－３　滝口ビル３階" }, "geometry": { "type": "Point", "coordinates": [ 132.458124, 34.392122 ] } },
{ "type": "Feature", "properties": { "ID": 3422340455300, "正式名称": "村上外科内科", "機関区分": 2, "都道府県コード": 34, "市区町村コード": 103, "所在地": "広島県広島市南区東雲２－１８－１５", "緯度": 34.379068, "経度": 132.490816, "url": "https://www.iryou.teikyouseido.mhlw.go.jp/znk-web/juminkanja/S2430/initialize?prefCd=34&kikanCd=2340455300&kikanKbn=2", "url2": null, "内容": "村上外科内科【2:診療所】【診療科目:内科_呼吸器内科_循環器内科_消化器内科_外科_整形外科_アレルギー科_リハビリテーション科】広島県広島市南区東雲２－１８－１５" }, "geometry": { "type": "Point", "coordinates": [ 132.490816, 34.379068 ] } },
{ "type": "Feature", "properties": { "ID": 3422340455560, "正式名称": "医療法人　秋本外科クリニック", "機関区分": 2, "都道府県コード": 34, "市区町村コード": 103, "所在地": "広島県広島市南区東本浦町５番２２号", "緯度": 34.375596, "経度": 132.487761, "url": "https://www.iryou.teikyouseido.mhlw.go.jp/znk-web/juminkanja/S2430/initialize?prefCd=34&kikanCd=2340455560&kikanKbn=2", "url2": "akimoto-geka.byoinnavi.jp", "内容": "医療法人　秋本外科クリニック【2:診療所】【診療科目:胃腸内科_外科_整形外科】広島県広島市南区東本浦町５番２２号" }, "geometry": { "type": "Point", "coordinates": [ 132.487761, 34.375596 ] } },
{ "type": "Feature", "properties": { "ID": 3422340455690, "正式名称": "むねの眼科医院", "機関区分": 2, "都道府県コード": 34, "市区町村コード": 106, "所在地": "広島県広島市安佐北区亀崎一丁目２番２６号　第２タウンセンタービル３Ｆ", "緯度": 34.481558, "経度": 132.524086, "url": "https://www.iryou.teikyouseido.mhlw.go.jp/znk-web/juminkanja/S2430/initialize?prefCd=34&kikanCd=2340455690&kikanKbn=2", "url2": null, "内容": "むねの眼科医院【2:診療所】【診療科目:眼科】広島県広島市安佐北区亀崎一丁目２番２６号　第２タウンセンタービル３Ｆ" }, "geometry": { "type": "Point", "coordinates": [ 132.524086, 34.481558 ] } },
{ "type": "Feature", "properties": { "ID": 3422340455720, "正式名称": "町田内科・神経内科クリニック", "機関区分": 2, "都道府県コード": 34, "市区町村コード": 108, "所在地": "広島県広島市佐伯区隅の浜二丁目９－７", "緯度": 34.362384, "経度": 132.345744, "url": "https://www.iryou.teikyouseido.mhlw.go.jp/znk-web/juminkanja/S2430/initialize?prefCd=34&kikanCd=2340455720&kikanKbn=2", "url2": null, "内容": "町田内科・神経内科クリニック【2:診療所】【診療科目:内科_脳神経内科】広島県広島市佐伯区隅の浜二丁目９－７" }, "geometry": { "type": "Point", "coordinates": [ 132.345744, 34.362384 ] } },
{ "type": "Feature", "properties": { "ID": 3422340455850, "正式名称": "おかもと小児科クリニック", "機関区分": 2, "都道府県コード": 34, "市区町村コード": 202, "所在地": "広島県呉市中央１丁目２番３号　多摩川呉ビル３階", "緯度": 34.245861, "経度": 132.559289, "url": "https://www.iryou.teikyouseido.mhlw.go.jp/znk-web/juminkanja/S2430/initialize?prefCd=34&kikanCd=2340455850&kikanKbn=2", "url2": null, "内容": "おかもと小児科クリニック【2:診療所】【診療科目:小児科】広島県呉市中央１丁目２番３号　多摩川呉ビル３階" }, "geometry": { "type": "Point", "coordinates": [ 132.559289, 34.245861 ] } },
{ "type": "Feature", "properties": { "ID": 3422340456310, "正式名称": "小松内科クリニック", "機関区分": 2, "都道府県コード": 34, "市区町村コード": 108, "所在地": "広島県広島市佐伯区八幡東３－２８－１７　クロスロード４Ｆ", "緯度": 34.38403, "経度": 132.361655, "url": "https://www.iryou.teikyouseido.mhlw.go.jp/znk-web/juminkanja/S2430/initialize?prefCd=34&kikanCd=2340456310&kikanKbn=2", "url2": "komatsuclinic.com", "内容": "小松内科クリニック【2:診療所】【診療科目:内科_消化器内科】広島県広島市佐伯区八幡東３－２８－１７　クロスロード４Ｆ" }, "geometry": { "type": "Point", "coordinates": [ 132.361655, 34.38403 ] } },
{ "type": "Feature", "properties": { "ID": 3422340456440, "正式名称": "医療法人社団　清康会　宮地クリニック", "機関区分": 2, "都道府県コード": 34, "市区町村コード": 207, "所在地": "広島県福山市松永町３５０", "緯度": 34.452694, "経度": 133.259904, "url": "https://www.iryou.teikyouseido.mhlw.go.jp/znk-web/juminkanja/S2430/initialize?prefCd=34&kikanCd=2340456440&kikanKbn=2", "url2": null, "内容": "医療法人社団　清康会　宮地クリニック【2:診療所】【診療科目:内科_呼吸器内科_循環器内科_アレルギー科】広島県福山市松永町３５０" }, "geometry": { "type": "Point", "coordinates": [ 133.259904, 34.452694 ] } },
{ "type": "Feature", "properties": { "ID": 3422340456730, "正式名称": "青山クリニック", "機関区分": 2, "都道府県コード": 34, "市区町村コード": 102, "所在地": "広島県広島市東区曙町一丁目４番３０号", "緯度": 34.397251, "経度": 132.485261, "url": "https://www.iryou.teikyouseido.mhlw.go.jp/znk-web/juminkanja/S2430/initialize?prefCd=34&kikanCd=2340456730&kikanKbn=2", "url2": null, "内容": "青山クリニック【2:診療所】【診療科目:神経内科_脳神経外科_リハビリテーション科】広島県広島市東区曙町一丁目４番３０号" }, "geometry": { "type": "Point", "coordinates": [ 132.485261, 34.397251 ] } },
{ "type": "Feature", "properties": { "ID": 3422340456860, "正式名称": "医療法人　似島診療所", "機関区分": 2, "都道府県コード": 34, "市区町村コード": 103, "所在地": "広島県広島市南区似島町字家下７５２－７４", "緯度": 34.312324, "経度": 132.432352, "url": "https://www.iryou.teikyouseido.mhlw.go.jp/znk-web/juminkanja/S2430/initialize?prefCd=34&kikanCd=2340456860&kikanKbn=2", "url2": null, "内容": "医療法人　似島診療所【2:診療所】【診療科目:内科_形成外科_歯科】広島県広島市南区似島町字家下７５２－７４" }, "geometry": { "type": "Point", "coordinates": [ 132.432352, 34.312324 ] } },
{ "type": "Feature", "properties": { "ID": 3422340457030, "正式名称": "医療法人　エム・エム会　クリニック　広島健診", "機関区分": 2, "都道府県コード": 34, "市区町村コード": 202, "所在地": "広島県呉市本通一丁目１－１", "緯度": 34.241997, "経度": 132.562827, "url": "https://www.iryou.teikyouseido.mhlw.go.jp/znk-web/juminkanja/S2430/initialize?prefCd=34&kikanCd=2340457030&kikanKbn=2", "url2": "www.matterhorn-hospital.jp/hiroshima/", "内容": "医療法人　エム・エム会　クリニック　広島健診【2:診療所】【診療科目:内科_乳腺外科】広島県呉市本通一丁目１－１" }, "geometry": { "type": "Point", "coordinates": [ 132.562827, 34.241997 ] } },
{ "type": "Feature", "properties": { "ID": 3422340457160, "正式名称": "木村耳鼻咽喉科", "機関区分": 2, "都道府県コード": 34, "市区町村コード": 207, "所在地": "広島県福山市今津町二丁目１－２４", "緯度": 34.451268, "経度": 133.256221, "url": "https://www.iryou.teikyouseido.mhlw.go.jp/znk-web/juminkanja/S2430/initialize?prefCd=34&kikanCd=2340457160&kikanKbn=2", "url2": "https://www.kimura-ent.info/", "内容": "木村耳鼻咽喉科【2:診療所】【診療科目:耳鼻いんこう科】広島県福山市今津町二丁目１－２４" }, "geometry": { "type": "Point", "coordinates": [ 133.256221, 34.451268 ] } },
{ "type": "Feature", "properties": { "ID": 3422340457610, "正式名称": "医療法人こどもクリニックはぐくみ", "機関区分": 2, "都道府県コード": 34, "市区町村コード": 207, "所在地": "広島県福山市駅家町万能倉９１０－１５", "緯度": 34.544515, "経度": 133.332961, "url": "https://www.iryou.teikyouseido.mhlw.go.jp/znk-web/juminkanja/S2430/initialize?prefCd=34&kikanCd=2340457610&kikanKbn=2", "url2": "https://kids-hagukumi.jp/", "内容": "医療法人こどもクリニックはぐくみ【2:診療所】【診療科目:小児科】広島県福山市駅家町万能倉９１０－１５" }, "geometry": { "type": "Point", "coordinates": [ 133.332961, 34.544515 ] } },
{ "type": "Feature", "properties": { "ID": 3422340457740, "正式名称": "中村医院", "機関区分": 2, "都道府県コード": 34, "市区町村コード": 209, "所在地": "広島県三次市布野町上布野１４８５番地１", "緯度": 34.88338, "経度": 132.782741, "url": "https://www.iryou.teikyouseido.mhlw.go.jp/znk-web/juminkanja/S2430/initialize?prefCd=34&kikanCd=2340457740&kikanKbn=2", "url2": null, "内容": "中村医院【2:診療所】【診療科目:内科】広島県三次市布野町上布野１４８５番地１" }, "geometry": { "type": "Point", "coordinates": [ 132.782741, 34.88338 ] } },
{ "type": "Feature", "properties": { "ID": 3422340458170, "正式名称": "医療法人社団　池田整形外科", "機関区分": 2, "都道府県コード": 34, "市区町村コード": 103, "所在地": "広島県広島市南区仁保新町二丁目４－５", "緯度": 34.376485, "経度": 132.495093, "url": "https://www.iryou.teikyouseido.mhlw.go.jp/znk-web/juminkanja/S2430/initialize?prefCd=34&kikanCd=2340458170&kikanKbn=2", "url2": "https://www.ikeda-seikei3350.com/", "内容": "医療法人社団　池田整形外科【2:診療所】【診療科目:整形外科_リウマチ科_リハビリテーション科】広島県広島市南区仁保新町二丁目４－５" }, "geometry": { "type": "Point", "coordinates": [ 132.495093, 34.376485 ] } },
{ "type": "Feature", "properties": { "ID": 3422340458460, "正式名称": "さなだ内科クリニック", "機関区分": 2, "都道府県コード": 34, "市区町村コード": 107, "所在地": "広島県広島市安芸区瀬野二丁目１２－１１", "緯度": 34.422629, "経度": 132.595241, "url": "https://www.iryou.teikyouseido.mhlw.go.jp/znk-web/juminkanja/S2430/initialize?prefCd=34&kikanCd=2340458460&kikanKbn=2", "url2": "http://sanadanaika.jp/", "内容": "さなだ内科クリニック【2:診療所】【診療科目:内科_糖尿病内科_呼吸器内科_循環器内科_消化器内科_リハビリテーション科】広島県広島市安芸区瀬野二丁目１２－１１" }, "geometry": { "type": "Point", "coordinates": [ 132.595241, 34.422629 ] } },
{ "type": "Feature", "properties": { "ID": 3422340458750, "正式名称": "ふるかど眼科", "機関区分": 2, "都道府県コード": 34, "市区町村コード": 207, "所在地": "広島県福山市駅家町倉光３５－１", "緯度": 34.545148, "経度": 133.328239, "url": "https://www.iryou.teikyouseido.mhlw.go.jp/znk-web/juminkanja/S2430/initialize?prefCd=34&kikanCd=2340458750&kikanKbn=2", "url2": null, "内容": "ふるかど眼科【2:診療所】【診療科目:眼科】広島県福山市駅家町倉光３５－１" }, "geometry": { "type": "Point", "coordinates": [ 133.328239, 34.545148 ] } },
{ "type": "Feature", "properties": { "ID": 3422340458910, "正式名称": "一般財団法人広島結核予防協会　住吉浜病院附属大浦診療所", "機関区分": 2, "都道府県コード": 34, "市区町村コード": 202, "所在地": "広島県呉市蒲刈町大浦７９３", "緯度": 34.179761, "経度": 132.752692, "url": "https://www.iryou.teikyouseido.mhlw.go.jp/znk-web/juminkanja/S2430/initialize?prefCd=34&kikanCd=2340458910&kikanKbn=2", "url2": null, "内容": "一般財団法人広島結核予防協会　住吉浜病院附属大浦診療所【2:診療所】【診療科目:内科】広島県呉市蒲刈町大浦７９３" }, "geometry": { "type": "Point", "coordinates": [ 132.752692, 34.179761 ] } },
{ "type": "Feature", "properties": { "ID": 3422340459050, "正式名称": "おか内科循環器科", "機関区分": 2, "都道府県コード": 34, "市区町村コード": 102, "所在地": "広島県広島市東区光町二丁目４－６", "緯度": 34.402121, "経度": 132.479871, "url": "https://www.iryou.teikyouseido.mhlw.go.jp/znk-web/juminkanja/S2430/initialize?prefCd=34&kikanCd=2340459050&kikanKbn=2", "url2": null, "内容": "おか内科循環器科【2:診療所】【診療科目:内科_循環器内科】広島県広島市東区光町二丁目４－６" }, "geometry": { "type": "Point", "coordinates": [ 132.479871, 34.402121 ] } },
{ "type": "Feature", "properties": { "ID": 3422340459470, "正式名称": "バスセンター佐々木内科", "機関区分": 2, "都道府県コード": 34, "市区町村コード": 101, "所在地": "広島県広島市中区基町６番２７号　広島センタービル８Ｆ", "緯度": 34.396954, "経度": 132.457012, "url": "https://www.iryou.teikyouseido.mhlw.go.jp/znk-web/juminkanja/S2430/initialize?prefCd=34&kikanCd=2340459470&kikanKbn=2", "url2": "https://www.aqa-hc.com/shops/page.php?id=76", "内容": "バスセンター佐々木内科【2:診療所】【診療科目:内科_循環器内科_消化器内科】広島県広島市中区基町６番２７号　広島センタービル８Ｆ" }, "geometry": { "type": "Point", "coordinates": [ 132.457012, 34.396954 ] } },
{ "type": "Feature", "properties": { "ID": 3422340459500, "正式名称": "松野クリニック", "機関区分": 2, "都道府県コード": 34, "市区町村コード": 102, "所在地": "広島県広島市東区中山東２丁目２番３３号", "緯度": 34.412453, "経度": 132.502758, "url": "https://www.iryou.teikyouseido.mhlw.go.jp/znk-web/juminkanja/S2430/initialize?prefCd=34&kikanCd=2340459500&kikanKbn=2", "url2": "https://matsunoclinic.info", "内容": "松野クリニック【2:診療所】【診療科目:内科_呼吸器内科_循環器内科_胃腸内科_外科_肛門外科】広島県広島市東区中山東２丁目２番３３号" }, "geometry": { "type": "Point", "coordinates": [ 132.502758, 34.412453 ] } },
{ "type": "Feature", "properties": { "ID": 3422340459630, "正式名称": "松浦内科医院", "機関区分": 2, "都道府県コード": 34, "市区町村コード": 103, "所在地": "広島県広島市南区翠３丁目１８番６号", "緯度": 34.369934, "経度": 132.471094, "url": "https://www.iryou.teikyouseido.mhlw.go.jp/znk-web/juminkanja/S2430/initialize?prefCd=34&kikanCd=2340459630&kikanKbn=2", "url2": null, "内容": "松浦内科医院【2:診療所】【診療科目:内科】広島県広島市南区翠３丁目１８番６号" }, "geometry": { "type": "Point", "coordinates": [ 132.471094, 34.369934 ] } },
{ "type": "Feature", "properties": { "ID": 3422340459920, "正式名称": "医療法人　ふじい内科循環器科", "機関区分": 2, "都道府県コード": 34, "市区町村コード": 105, "所在地": "広島県広島市安佐南区西原一丁目２５－１３－１", "緯度": 34.43272, "経度": 132.462574, "url": "https://www.iryou.teikyouseido.mhlw.go.jp/znk-web/juminkanja/S2430/initialize?prefCd=34&kikanCd=2340459920&kikanKbn=2", "url2": "https//www.fujii-junkanki2513.com", "内容": "医療法人　ふじい内科循環器科【2:診療所】【診療科目:内科_呼吸器内科_循環器内科_胃腸内科_アレルギー科_リハビリテーション科_放射線科】広島県広島市安佐南区西原一丁目２５－１３－１" }, "geometry": { "type": "Point", "coordinates": [ 132.462574, 34.43272 ] } },
{ "type": "Feature", "properties": { "ID": 3422340460580, "正式名称": "医療法人豊田レディースクリニック", "機関区分": 2, "都道府県コード": 34, "市区町村コード": 307, "所在地": "広島県安芸郡熊野町川角四丁目３０番１号", "緯度": 34.323548, "経度": 132.574408, "url": "https://www.iryou.teikyouseido.mhlw.go.jp/znk-web/juminkanja/S2430/initialize?prefCd=34&kikanCd=2340460580&kikanKbn=2", "url2": "https://www.toyota-lc.jp/", "内容": "医療法人豊田レディースクリニック【2:診療所】【診療科目:女性内科_産婦人科】広島県安芸郡熊野町川角四丁目３０番１号" }, "geometry": { "type": "Point", "coordinates": [ 132.574408, 34.323548 ] } },
{ "type": "Feature", "properties": { "ID": 3422340460610, "正式名称": "原小児科", "機関区分": 2, "都道府県コード": 34, "市区町村コード": 304, "所在地": "広島県安芸郡海田町日の出町６番６号　２０２　グランステイツ海田２Ｆ", "緯度": 34.366181, "経度": 132.538285, "url": "https://www.iryou.teikyouseido.mhlw.go.jp/znk-web/juminkanja/S2430/initialize?prefCd=34&kikanCd=2340460610&kikanKbn=2", "url2": null, "内容": "原小児科【2:診療所】【診療科目:小児科】広島県安芸郡海田町日の出町６番６号　２０２　グランステイツ海田２Ｆ" }, "geometry": { "type": "Point", "coordinates": [ 132.538285, 34.366181 ] } },
{ "type": "Feature", "properties": { "ID": 3422340460740, "正式名称": "宮島クリニック", "機関区分": 2, "都道府県コード": 34, "市区町村コード": 213, "所在地": "広島県廿日市市宮島町１１８５－１", "緯度": 34.299086, "経度": 132.32134, "url": "https://www.iryou.teikyouseido.mhlw.go.jp/znk-web/juminkanja/S2430/initialize?prefCd=34&kikanCd=2340460740&kikanKbn=2", "url2": "https://www.miyajima-clinic.com", "内容": "宮島クリニック【2:診療所】【診療科目:内科_外科】広島県廿日市市宮島町１１８５－１" }, "geometry": { "type": "Point", "coordinates": [ 132.32134, 34.299086 ] } },
{ "type": "Feature", "properties": { "ID": 3422340460900, "正式名称": "吉實クリニック", "機関区分": 2, "都道府県コード": 34, "市区町村コード": 545, "所在地": "広島県神石郡神石高原町油木乙６６７６－１５", "緯度": 34.774734, "経度": 133.278093, "url": "https://www.iryou.teikyouseido.mhlw.go.jp/znk-web/juminkanja/S2430/initialize?prefCd=34&kikanCd=2340460900&kikanKbn=2", "url2": null, "内容": "吉實クリニック【2:診療所】【診療科目:内科_ペインクリニック内科_外科_ペインクリニック外科_皮膚科_リハビリテーション科_麻酔科】広島県神石郡神石高原町油木乙６６７６－１５" }, "geometry": { "type": "Point", "coordinates": [ 133.278093, 34.774734 ] } },
{ "type": "Feature", "properties": { "ID": 3422340461040, "正式名称": "医療法人　優心会　心石形成外科", "機関区分": 2, "都道府県コード": 34, "市区町村コード": 101, "所在地": "広島県広島市中区基町６－２７　アクア広島センター街９階", "緯度": 34.396954, "経度": 132.457012, "url": "https://www.iryou.teikyouseido.mhlw.go.jp/znk-web/juminkanja/S2430/initialize?prefCd=34&kikanCd=2340461040&kikanKbn=2", "url2": "http://www.kokoroishi.jp", "内容": "医療法人　優心会　心石形成外科【2:診療所】【診療科目:形成外科_美容外科】広島県広島市中区基町６－２７　アクア広島センター街９階" }, "geometry": { "type": "Point", "coordinates": [ 132.457012, 34.396954 ] } },
{ "type": "Feature", "properties": { "ID": 3422340461200, "正式名称": "平賀内科クリニック", "機関区分": 2, "都道府県コード": 34, "市区町村コード": 103, "所在地": "広島県広島市南区皆実町６－１４－４", "緯度": 34.372874, "経度": 132.464207, "url": "https://www.iryou.teikyouseido.mhlw.go.jp/znk-web/juminkanja/S2430/initialize?prefCd=34&kikanCd=2340461200&kikanKbn=2", "url2": "http://www.hiraganaika.jp", "内容": "平賀内科クリニック【2:診療所】【診療科目:内科_循環器内科】広島県広島市南区皆実町６－１４－４" }, "geometry": { "type": "Point", "coordinates": [ 132.464207, 34.372874 ] } },
{ "type": "Feature", "properties": { "ID": 3422340461460, "正式名称": "かわもと眼科クリニック", "機関区分": 2, "都道府県コード": 34, "市区町村コード": 104, "所在地": "広島県広島市西区三篠北町１９番２７号　イケダビル２階", "緯度": 34.417341, "経度": 132.456067, "url": "https://www.iryou.teikyouseido.mhlw.go.jp/znk-web/juminkanja/S2430/initialize?prefCd=34&kikanCd=2340461460&kikanKbn=2", "url2": null, "内容": "かわもと眼科クリニック【2:診療所】【診療科目:眼科】広島県広島市西区三篠北町１９番２７号　イケダビル２階" }, "geometry": { "type": "Point", "coordinates": [ 132.456067, 34.417341 ] } },
{ "type": "Feature", "properties": { "ID": 3422340461590, "正式名称": "奥本皮膚科クリニック", "機関区分": 2, "都道府県コード": 34, "市区町村コード": 104, "所在地": "広島県広島市西区三篠北町１９－２７　イケダビル２Ｆ", "緯度": 34.417369, "経度": 132.456067, "url": "https://www.iryou.teikyouseido.mhlw.go.jp/znk-web/juminkanja/S2430/initialize?prefCd=34&kikanCd=2340461590&kikanKbn=2", "url2": null, "内容": "奥本皮膚科クリニック【2:診療所】【診療科目:皮膚科】広島県広島市西区三篠北町１９－２７　イケダビル２Ｆ" }, "geometry": { "type": "Point", "coordinates": [ 132.456067, 34.417369 ] } },
{ "type": "Feature", "properties": { "ID": 3422340462210, "正式名称": "石井医院", "機関区分": 2, "都道府県コード": 34, "市区町村コード": 212, "所在地": "広島県東広島市八本松町正力２１４７－２", "緯度": 34.45673, "経度": 132.714405, "url": "https://www.iryou.teikyouseido.mhlw.go.jp/znk-web/juminkanja/S2430/initialize?prefCd=34&kikanCd=2340462210&kikanKbn=2", "url2": null, "内容": "石井医院【2:診療所】【診療科目:内科_循環器内科_消化器内科_外科_リハビリテーション科】広島県東広島市八本松町正力２１４７－２" }, "geometry": { "type": "Point", "coordinates": [ 132.714405, 34.45673 ] } },
{ "type": "Feature", "properties": { "ID": 3422340462340, "正式名称": "医療法人社団　中郷クリニック　東生口診療所", "機関区分": 2, "都道府県コード": 34, "市区町村コード": 205, "所在地": "広島県尾道市因島原町６６８－１８", "緯度": 34.280423, "経度": 133.131489, "url": "https://www.iryou.teikyouseido.mhlw.go.jp/znk-web/juminkanja/S2430/initialize?prefCd=34&kikanCd=2340462340&kikanKbn=2", "url2": null, "内容": "医療法人社団　中郷クリニック　東生口診療所【2:診療所】【診療科目:内科_外科_産婦人科】広島県尾道市因島原町６６８－１８" }, "geometry": { "type": "Point", "coordinates": [ 133.131489, 34.280423 ] } },
{ "type": "Feature", "properties": { "ID": 3422340462500, "正式名称": "三次市休日夜間急患センター", "機関区分": 2, "都道府県コード": 34, "市区町村コード": 209, "所在地": "広島県三次市十日市東三丁目１６－１", "緯度": 34.810223, "経度": 132.860404, "url": "https://www.iryou.teikyouseido.mhlw.go.jp/znk-web/juminkanja/S2430/initialize?prefCd=34&kikanCd=2340462500&kikanKbn=2", "url2": "https://miyoshi-med.or.jp/", "内容": "三次市休日夜間急患センター【2:診療所】【診療科目:内科】広島県三次市十日市東三丁目１６－１" }, "geometry": { "type": "Point", "coordinates": [ 132.860404, 34.810223 ] } },
{ "type": "Feature", "properties": { "ID": 3422340462920, "正式名称": "やすらぎクリニック", "機関区分": 2, "都道府県コード": 34, "市区町村コード": 101, "所在地": "広島県広島市中区袋町３－１１", "緯度": 34.392705, "経度": 132.457568, "url": "https://www.iryou.teikyouseido.mhlw.go.jp/znk-web/juminkanja/S2430/initialize?prefCd=34&kikanCd=2340462920&kikanKbn=2", "url2": null, "内容": "やすらぎクリニック【2:診療所】【診療科目:内科_神経内科_リウマチ科】広島県広島市中区袋町３－１１" }, "geometry": { "type": "Point", "coordinates": [ 132.457568, 34.392705 ] } },
{ "type": "Feature", "properties": { "ID": 3422340463190, "正式名称": "貞岡耳鼻咽喉科クリニック", "機関区分": 2, "都道府県コード": 34, "市区町村コード": 101, "所在地": "広島県広島市中区基町６－２７　広島センタービル８階", "緯度": 34.396038, "経度": 132.457096, "url": "https://www.iryou.teikyouseido.mhlw.go.jp/znk-web/juminkanja/S2430/initialize?prefCd=34&kikanCd=2340463190&kikanKbn=2", "url2": null, "内容": "貞岡耳鼻咽喉科クリニック【2:診療所】【診療科目:耳鼻いんこう科】広島県広島市中区基町６－２７　広島センタービル８階" }, "geometry": { "type": "Point", "coordinates": [ 132.457096, 34.396038 ] } },
{ "type": "Feature", "properties": { "ID": 3422340463220, "正式名称": "医療法人社団　いずみ会　和泉内科消化器医院", "機関区分": 2, "都道府県コード": 34, "市区町村コード": 105, "所在地": "広島県広島市安佐南区伴東五丁目１９－２５－３", "緯度": 34.467696, "経度": 132.418568, "url": "https://www.iryou.teikyouseido.mhlw.go.jp/znk-web/juminkanja/S2430/initialize?prefCd=34&kikanCd=2340463220&kikanKbn=2", "url2": "https://www.izumi-clinc.com/", "内容": "医療法人社団　いずみ会　和泉内科消化器医院【2:診療所】【診療科目:内科_消化器内科_放射線科】広島県広島市安佐南区伴東五丁目１９－２５－３" }, "geometry": { "type": "Point", "coordinates": [ 132.418568, 34.467696 ] } },
{ "type": "Feature", "properties": { "ID": 3422340463350, "正式名称": "医療法人社団たくみ会　きむらクリニック", "機関区分": 2, "都道府県コード": 34, "市区町村コード": 107, "所在地": "広島県広島市安芸区船越南２－１７－１", "緯度": 34.372917, "経度": 132.522283, "url": "https://www.iryou.teikyouseido.mhlw.go.jp/znk-web/juminkanja/S2430/initialize?prefCd=34&kikanCd=2340463350&kikanKbn=2", "url2": "http://www.kimuclihp.jp/index.html", "内容": "医療法人社団たくみ会　きむらクリニック【2:診療所】【診療科目:内科_呼吸器内科_循環器内科_消化器内科_漢方内科_心療内科_リハビリテーション科_放射線科_放射線診断科】広島県広島市安芸区船越南２－１７－１" }, "geometry": { "type": "Point", "coordinates": [ 132.522283, 34.372917 ] } },
{ "type": "Feature", "properties": { "ID": 3422340463510, "正式名称": "大下皮膚科泌尿器科医院", "機関区分": 2, "都道府県コード": 34, "市区町村コード": 202, "所在地": "広島県呉市広本町　１－３－１", "緯度": 34.231419, "経度": 132.62084, "url": "https://www.iryou.teikyouseido.mhlw.go.jp/znk-web/juminkanja/S2430/initialize?prefCd=34&kikanCd=2340463510&kikanKbn=2", "url2": null, "内容": "大下皮膚科泌尿器科医院【2:診療所】【診療科目:皮膚科_泌尿器科】広島県呉市広本町　１－３－１" }, "geometry": { "type": "Point", "coordinates": [ 132.62084, 34.231419 ] } },
{ "type": "Feature", "properties": { "ID": 3422340463800, "正式名称": "立川整形外科リハビリリウマチクリニック", "機関区分": 2, "都道府県コード": 34, "市区町村コード": 211, "所在地": "広島県大竹市西栄１丁目１２番１号", "緯度": 34.21647, "経度": 132.225207, "url": "https://www.iryou.teikyouseido.mhlw.go.jp/znk-web/juminkanja/S2430/initialize?prefCd=34&kikanCd=2340463800&kikanKbn=2", "url2": null, "内容": "立川整形外科リハビリリウマチクリニック【2:診療所】【診療科目:整形外科_リウマチ科_リハビリテーション科】広島県大竹市西栄１丁目１２番１号" }, "geometry": { "type": "Point", "coordinates": [ 132.225207, 34.21647 ] } },
{ "type": "Feature", "properties": { "ID": 3422340464100, "正式名称": "さくま眼科", "機関区分": 2, "都道府県コード": 34, "市区町村コード": 103, "所在地": "広島県広島市南区段原１丁目３－１１啓愛プラザビル４Ｆ", "緯度": 34.390539, "経度": 132.474706, "url": "https://www.iryou.teikyouseido.mhlw.go.jp/znk-web/juminkanja/S2430/initialize?prefCd=34&kikanCd=2340464100&kikanKbn=2", "url2": "http://sakuma-eyeclinic.com", "内容": "さくま眼科【2:診療所】【診療科目:眼科】広島県広島市南区段原１丁目３－１１啓愛プラザビル４Ｆ" }, "geometry": { "type": "Point", "coordinates": [ 132.474706, 34.390539 ] } },
{ "type": "Feature", "properties": { "ID": 3422340464520, "正式名称": "クリニックたなべ整形外科", "機関区分": 2, "都道府県コード": 34, "市区町村コード": 309, "所在地": "広島県安芸郡坂町平成ケ浜１丁目８－３３", "緯度": 34.342373, "経度": 132.5155, "url": "https://www.iryou.teikyouseido.mhlw.go.jp/znk-web/juminkanja/S2430/initialize?prefCd=34&kikanCd=2340464520&kikanKbn=2", "url2": null, "内容": "クリニックたなべ整形外科【2:診療所】【診療科目:整形外科_リウマチ科_リハビリテーション科】広島県安芸郡坂町平成ケ浜１丁目８－３３" }, "geometry": { "type": "Point", "coordinates": [ 132.5155, 34.342373 ] } },
{ "type": "Feature", "properties": { "ID": 3422340464650, "正式名称": "医療法人　瑠璃光会　山田脳神経外科", "機関区分": 2, "都道府県コード": 34, "市区町村コード": 212, "所在地": "広島県東広島市八本松町飯田１１１番地１", "緯度": 34.444061, "経度": 132.689453, "url": "https://www.iryou.teikyouseido.mhlw.go.jp/znk-web/juminkanja/S2430/initialize?prefCd=34&kikanCd=2340464650&kikanKbn=2", "url2": "https://www.yamada-nougeka.jp/", "内容": "医療法人　瑠璃光会　山田脳神経外科【2:診療所】【診療科目:神経内科_脳神経外科_リハビリテーション科】広島県東広島市八本松町飯田１１１番地１" }, "geometry": { "type": "Point", "coordinates": [ 132.689453, 34.444061 ] } },
{ "type": "Feature", "properties": { "ID": 3422340465240, "正式名称": "中西医院", "機関区分": 2, "都道府県コード": 34, "市区町村コード": 103, "所在地": "広島県広島市南区段原四丁目１９－９", "緯度": 34.387041, "経度": 132.480024, "url": "https://www.iryou.teikyouseido.mhlw.go.jp/znk-web/juminkanja/S2430/initialize?prefCd=34&kikanCd=2340465240&kikanKbn=2", "url2": "http://www.enkou.com", "内容": "中西医院【2:診療所】【診療科目:外科_胃腸外科_肛門外科】広島県広島市南区段原四丁目１９－９" }, "geometry": { "type": "Point", "coordinates": [ 132.480024, 34.387041 ] } },
{ "type": "Feature", "properties": { "ID": 3422340465400, "正式名称": "益田眼科", "機関区分": 2, "都道府県コード": 34, "市区町村コード": 302, "所在地": "広島県安芸郡府中町大須１－１６－２", "緯度": 34.391789, "経度": 132.501453, "url": "https://www.iryou.teikyouseido.mhlw.go.jp/znk-web/juminkanja/S2430/initialize?prefCd=34&kikanCd=2340465400&kikanKbn=2", "url2": "http://masuda.atat.jp", "内容": "益田眼科【2:診療所】【診療科目:眼科】広島県安芸郡府中町大須１－１６－２" }, "geometry": { "type": "Point", "coordinates": [ 132.501453, 34.391789 ] } },
{ "type": "Feature", "properties": { "ID": 3422340465530, "正式名称": "庄原市高野診療所", "機関区分": 2, "都道府県コード": 34, "市区町村コード": 210, "所在地": "広島県庄原市高野町新市１１５０－１", "緯度": 35.032644, "経度": 132.907362, "url": "https://www.iryou.teikyouseido.mhlw.go.jp/znk-web/juminkanja/S2430/initialize?prefCd=34&kikanCd=2340465530&kikanKbn=2", "url2": null, "内容": "庄原市高野診療所【2:診療所】【診療科目:内科_外科】広島県庄原市高野町新市１１５０－１" }, "geometry": { "type": "Point", "coordinates": [ 132.907362, 35.032644 ] } },
{ "type": "Feature", "properties": { "ID": 3422340465820, "正式名称": "大木クリニック", "機関区分": 2, "都道府県コード": 34, "市区町村コード": 107, "所在地": "広島県広島市安芸区船越３丁目１４番４１号", "緯度": 34.374958, "経度": 132.522036, "url": "https://www.iryou.teikyouseido.mhlw.go.jp/znk-web/juminkanja/S2430/initialize?prefCd=34&kikanCd=2340465820&kikanKbn=2", "url2": "ohki-clinic.jimdosite.com", "内容": "大木クリニック【2:診療所】【診療科目:内科】広島県広島市安芸区船越３丁目１４番４１号" }, "geometry": { "type": "Point", "coordinates": [ 132.522036, 34.374958 ] } },
{ "type": "Feature", "properties": { "ID": 3422340466120, "正式名称": "医療法人社団　おおうち総合健診所　くにき内科", "機関区分": 2, "都道府県コード": 34, "市区町村コード": 101, "所在地": "広島県広島市中区大手町３－６－１２", "緯度": 34.387705, "経度": 132.454152, "url": "https://www.iryou.teikyouseido.mhlw.go.jp/znk-web/juminkanja/S2430/initialize?prefCd=34&kikanCd=2340466120&kikanKbn=2", "url2": "http://www.oouchi-kenshin.jp/", "内容": "医療法人社団　おおうち総合健診所　くにき内科【2:診療所】【診療科目:内科】広島県広島市中区大手町３－６－１２" }, "geometry": { "type": "Point", "coordinates": [ 132.454152, 34.387705 ] } },
{ "type": "Feature", "properties": { "ID": 3422340466540, "正式名称": "シルククリニック", "機関区分": 2, "都道府県コード": 34, "市区町村コード": 211, "所在地": "広島県大竹市本町１丁目５番６号", "緯度": 34.210415, "経度": 132.218791, "url": "https://www.iryou.teikyouseido.mhlw.go.jp/znk-web/juminkanja/S2430/initialize?prefCd=34&kikanCd=2340466540&kikanKbn=2", "url2": null, "内容": "シルククリニック【2:診療所】【診療科目:内科_婦人科】広島県大竹市本町１丁目５番６号" }, "geometry": { "type": "Point", "coordinates": [ 132.218791, 34.210415 ] } },
{ "type": "Feature", "properties": { "ID": 3422340466960, "正式名称": "医療法人　光耀会　岩崎整形外科", "機関区分": 2, "都道府県コード": 34, "市区町村コード": 207, "所在地": "広島県福山市木之庄町二丁目７－５", "緯度": 34.497907, "経度": 133.354182, "url": "https://www.iryou.teikyouseido.mhlw.go.jp/znk-web/juminkanja/S2430/initialize?prefCd=34&kikanCd=2340466960&kikanKbn=2", "url2": "http://www.iwasaki-seikeigeka.com", "内容": "医療法人　光耀会　岩崎整形外科【2:診療所】【診療科目:内科_整形外科_精神科_心療内科_リウマチ科_リハビリテーション科】広島県福山市木之庄町二丁目７－５" }, "geometry": { "type": "Point", "coordinates": [ 133.354182, 34.497907 ] } },
{ "type": "Feature", "properties": { "ID": 3422340467000, "正式名称": "アソカの園　武島医院", "機関区分": 2, "都道府県コード": 34, "市区町村コード": 212, "所在地": "広島県東広島市西条西本町２５－２９", "緯度": 34.4284, "経度": 132.739265, "url": "https://www.iryou.teikyouseido.mhlw.go.jp/znk-web/juminkanja/S2430/initialize?prefCd=34&kikanCd=2340467000&kikanKbn=2", "url2": "http://www.asoka.or.jp", "内容": "アソカの園　武島医院【2:診療所】【診療科目:内科_呼吸器内科_消化器内科_神経内科_整形外科_アレルギー科】広島県東広島市西条西本町２５－２９" }, "geometry": { "type": "Point", "coordinates": [ 132.739265, 34.4284 ] } },
{ "type": "Feature", "properties": { "ID": 3422340467130, "正式名称": "医療法人社団卜部医院　うらべ医院", "機関区分": 2, "都道府県コード": 34, "市区町村コード": 462, "所在地": "広島県世羅郡世羅町本郷６１４－１", "緯度": 34.587661, "経度": 133.053018, "url": "https://www.iryou.teikyouseido.mhlw.go.jp/znk-web/juminkanja/S2430/initialize?prefCd=34&kikanCd=2340467130&kikanKbn=2", "url2": null, "内容": "医療法人社団卜部医院　うらべ医院【2:診療所】【診療科目:内科_循環器内科_消化器内科_人工透析内科】広島県世羅郡世羅町本郷６１４－１" }, "geometry": { "type": "Point", "coordinates": [ 133.053018, 34.587661 ] } },
{ "type": "Feature", "properties": { "ID": 3422340467390, "正式名称": "はたの小児科", "機関区分": 2, "都道府県コード": 34, "市区町村コード": 212, "所在地": "広島県東広島市黒瀬町兼広５－１", "緯度": 34.32341, "経度": 132.663554, "url": "https://www.iryou.teikyouseido.mhlw.go.jp/znk-web/juminkanja/S2430/initialize?prefCd=34&kikanCd=2340467390&kikanKbn=2", "url2": null, "内容": "はたの小児科【2:診療所】【診療科目:小児科】広島県東広島市黒瀬町兼広５－１" }, "geometry": { "type": "Point", "coordinates": [ 132.663554, 34.32341 ] } },
{ "type": "Feature", "properties": { "ID": 3422340467680, "正式名称": "木下メディカルクリニック", "機関区分": 2, "都道府県コード": 34, "市区町村コード": 207, "所在地": "広島県福山市沼隈町草深１７１１", "緯度": 34.39097, "経度": 133.321774, "url": "https://www.iryou.teikyouseido.mhlw.go.jp/znk-web/juminkanja/S2430/initialize?prefCd=34&kikanCd=2340467680&kikanKbn=2", "url2": null, "内容": "木下メディカルクリニック【2:診療所】【診療科目:胃腸内科_外科_整形外科】広島県福山市沼隈町草深１７１１" }, "geometry": { "type": "Point", "coordinates": [ 133.321774, 34.39097 ] } },
{ "type": "Feature", "properties": { "ID": 3422340467840, "正式名称": "広島医療生活協同組合　沼田診療所", "機関区分": 2, "都道府県コード": 34, "市区町村コード": 105, "所在地": "広島県広島市安佐南区伴東七丁目３８番１０号", "緯度": 34.463887, "経度": 132.415448, "url": "https://www.iryou.teikyouseido.mhlw.go.jp/znk-web/juminkanja/S2430/initialize?prefCd=34&kikanCd=2340467840&kikanKbn=2", "url2": "http://www.hiroshimairyo.coop/numatashinryojo/", "内容": "広島医療生活協同組合　沼田診療所【2:診療所】【診療科目:内科】広島県広島市安佐南区伴東七丁目３８番１０号" }, "geometry": { "type": "Point", "coordinates": [ 132.415448, 34.463887 ] } },
{ "type": "Feature", "properties": { "ID": 3422340467970, "正式名称": "広兼眼科", "機関区分": 2, "都道府県コード": 34, "市区町村コード": 108, "所在地": "広島県広島市佐伯区八幡東三丁目２８－１７クロスロードビル２０２", "緯度": 34.384025, "経度": 132.361648, "url": "https://www.iryou.teikyouseido.mhlw.go.jp/znk-web/juminkanja/S2430/initialize?prefCd=34&kikanCd=2340467970&kikanKbn=2", "url2": "http://tt77.g1.xrea.com", "内容": "広兼眼科【2:診療所】【診療科目:眼科】広島県広島市佐伯区八幡東三丁目２８－１７クロスロードビル２０２" }, "geometry": { "type": "Point", "coordinates": [ 132.361648, 34.384025 ] } },
{ "type": "Feature", "properties": { "ID": 3422340468140, "正式名称": "特別養護老人ホーム豊寿園診療所", "機関区分": 2, "都道府県コード": 34, "市区町村コード": 202, "所在地": "広島県呉市豊町大長字小長６０００", "緯度": 34.186706, "経度": 132.852878, "url": "https://www.iryou.teikyouseido.mhlw.go.jp/znk-web/juminkanja/S2430/initialize?prefCd=34&kikanCd=2340468140&kikanKbn=2", "url2": null, "内容": "特別養護老人ホーム豊寿園診療所【2:診療所】【診療科目:内科】広島県呉市豊町大長字小長６０００" }, "geometry": { "type": "Point", "coordinates": [ 132.852878, 34.186706 ] } },
{ "type": "Feature", "properties": { "ID": 3422340468300, "正式名称": "医療法人社団　恵宣会　なごみクリニック", "機関区分": 2, "都道府県コード": 34, "市区町村コード": 101, "所在地": "広島県広島市中区竹屋町６番３号　第１間ビル１階２階", "緯度": 34.383484, "経度": 132.46279, "url": "https://www.iryou.teikyouseido.mhlw.go.jp/znk-web/juminkanja/S2430/initialize?prefCd=34&kikanCd=2340468300&kikanKbn=2", "url2": null, "内容": "医療法人社団　恵宣会　なごみクリニック【2:診療所】【診療科目:内科_精神科_神経科_心療内科_リハビリテーション科】広島県広島市中区竹屋町６番３号　第１間ビル１階２階" }, "geometry": { "type": "Point", "coordinates": [ 132.46279, 34.383484 ] } },
{ "type": "Feature", "properties": { "ID": 3422340468430, "正式名称": "木原耳鼻咽喉科医院", "機関区分": 2, "都道府県コード": 34, "市区町村コード": 102, "所在地": "広島県広島市東区戸坂千足一丁目４－２０", "緯度": 34.437812, "経度": 132.483257, "url": "https://www.iryou.teikyouseido.mhlw.go.jp/znk-web/juminkanja/S2430/initialize?prefCd=34&kikanCd=2340468430&kikanKbn=2", "url2": null, "内容": "木原耳鼻咽喉科医院【2:診療所】【診療科目:耳鼻いんこう科】広島県広島市東区戸坂千足一丁目４－２０" }, "geometry": { "type": "Point", "coordinates": [ 132.483257, 34.437812 ] } },
{ "type": "Feature", "properties": { "ID": 3422340468560, "正式名称": "東雲クリニック", "機関区分": 2, "都道府県コード": 34, "市区町村コード": 103, "所在地": "広島県広島市南区上東雲町３０番　２０号", "緯度": 34.384651, "経度": 132.484733, "url": "https://www.iryou.teikyouseido.mhlw.go.jp/znk-web/juminkanja/S2430/initialize?prefCd=34&kikanCd=2340468560&kikanKbn=2", "url2": "https://www.shinonomeclinic.com", "内容": "東雲クリニック【2:診療所】【診療科目:内科_呼吸器内科_循環器内科_消化器内科_胃腸内科_内視鏡内科_肛門外科】広島県広島市南区上東雲町３０番　２０号" }, "geometry": { "type": "Point", "coordinates": [ 132.484733, 34.384651 ] } },
{ "type": "Feature", "properties": { "ID": 3422340468720, "正式名称": "高上クリニック", "機関区分": 2, "都道府県コード": 34, "市区町村コード": 302, "所在地": "広島県安芸郡府中町浜田三丁目９－３　メディスンビル　一階", "緯度": 34.385623, "経度": 132.510703, "url": "https://www.iryou.teikyouseido.mhlw.go.jp/znk-web/juminkanja/S2430/initialize?prefCd=34&kikanCd=2340468720&kikanKbn=2", "url2": null, "内容": "高上クリニック【2:診療所】【診療科目:内科_胃腸内科_外科_肛門外科_リハビリテーション科】広島県安芸郡府中町浜田三丁目９－３　メディスンビル　一階" }, "geometry": { "type": "Point", "coordinates": [ 132.510703, 34.385623 ] } },
{ "type": "Feature", "properties": { "ID": 3422340468980, "正式名称": "田中医院", "機関区分": 2, "都道府県コード": 34, "市区町村コード": 209, "所在地": "広島県三次市吉舎町吉舎４９３番地", "緯度": 34.716825, "経度": 132.991486, "url": "https://www.iryou.teikyouseido.mhlw.go.jp/znk-web/juminkanja/S2430/initialize?prefCd=34&kikanCd=2340468980&kikanKbn=2", "url2": null, "内容": "田中医院【2:診療所】【診療科目:内科_外科】広島県三次市吉舎町吉舎４９３番地" }, "geometry": { "type": "Point", "coordinates": [ 132.991486, 34.716825 ] } },
{ "type": "Feature", "properties": { "ID": 3422340469020, "正式名称": "澤崎産婦人科", "機関区分": 2, "都道府県コード": 34, "市区町村コード": 103, "所在地": "広島県広島市南区的場町二丁目２－１５", "緯度": 34.392122, "経度": 132.474594, "url": "https://www.iryou.teikyouseido.mhlw.go.jp/znk-web/juminkanja/S2430/initialize?prefCd=34&kikanCd=2340469020&kikanKbn=2", "url2": "http://sawasaki-sanfujinka.com/", "内容": "澤崎産婦人科【2:診療所】【診療科目:産婦人科】広島県広島市南区的場町二丁目２－１５" }, "geometry": { "type": "Point", "coordinates": [ 132.474594, 34.392122 ] } },
{ "type": "Feature", "properties": { "ID": 3422340469280, "正式名称": "医療法人社団　ＩＧＬ医療会　クリニック　アルペンローゼ", "機関区分": 2, "都道府県コード": 34, "市区町村コード": 105, "所在地": "広島県広島市安佐南区上安六丁目３１番１号", "緯度": 34.482723, "経度": 132.444704, "url": "https://www.iryou.teikyouseido.mhlw.go.jp/znk-web/juminkanja/S2430/initialize?prefCd=34&kikanCd=2340469280&kikanKbn=2", "url2": "http://www.igl.or.jp/c05iryo/alpen.html", "内容": "医療法人社団　ＩＧＬ医療会　クリニック　アルペンローゼ【2:診療所】【診療科目:内科_外科】広島県広島市安佐南区上安六丁目３１番１号" }, "geometry": { "type": "Point", "coordinates": [ 132.444704, 34.482723 ] } },
{ "type": "Feature", "properties": { "ID": 3422340470680, "正式名称": "さかの小児科", "機関区分": 2, "都道府県コード": 34, "市区町村コード": 302, "所在地": "広島県安芸郡府中町鹿籠２丁目１３－２　カトウビル　１Ｆ", "緯度": 34.379846, "経度": 132.508064, "url": "https://www.iryou.teikyouseido.mhlw.go.jp/znk-web/juminkanja/S2430/initialize?prefCd=34&kikanCd=2340470680&kikanKbn=2", "url2": null, "内容": "さかの小児科【2:診療所】【診療科目:小児科】広島県安芸郡府中町鹿籠２丁目１３－２　カトウビル　１Ｆ" }, "geometry": { "type": "Point", "coordinates": [ 132.508064, 34.379846 ] } },
{ "type": "Feature", "properties": { "ID": 3422340470840, "正式名称": "巻幡内科医院", "機関区分": 2, "都道府県コード": 34, "市区町村コード": 205, "所在地": "広島県尾道市因島土生町１６８６－１", "緯度": 34.290951, "経度": 133.175874, "url": "https://www.iryou.teikyouseido.mhlw.go.jp/znk-web/juminkanja/S2430/initialize?prefCd=34&kikanCd=2340470840&kikanKbn=2", "url2": null, "内容": "巻幡内科医院【2:診療所】【診療科目:内科】広島県尾道市因島土生町１６８６－１" }, "geometry": { "type": "Point", "coordinates": [ 133.175874, 34.290951 ] } },
{ "type": "Feature", "properties": { "ID": 3422340470970, "正式名称": "医療法人　さくら眼科クリニック", "機関区分": 2, "都道府県コード": 34, "市区町村コード": 204, "所在地": "広島県三原市円一町１－１－７フジグラン三原２Ｆ", "緯度": 34.394743, "経度": 133.079155, "url": "https://www.iryou.teikyouseido.mhlw.go.jp/znk-web/juminkanja/S2430/initialize?prefCd=34&kikanCd=2340470970&kikanKbn=2", "url2": null, "内容": "医療法人　さくら眼科クリニック【2:診療所】【診療科目:眼科】広島県三原市円一町１－１－７フジグラン三原２Ｆ" }, "geometry": { "type": "Point", "coordinates": [ 133.079155, 34.394743 ] } },
{ "type": "Feature", "properties": { "ID": 3422340471430, "正式名称": "えもり内科クリニック", "機関区分": 2, "都道府県コード": 34, "市区町村コード": 104, "所在地": "広島県広島市西区庚午南二丁目３５－２３", "緯度": 34.38015, "経度": 132.409989, "url": "https://www.iryou.teikyouseido.mhlw.go.jp/znk-web/juminkanja/S2430/initialize?prefCd=34&kikanCd=2340471430&kikanKbn=2", "url2": null, "内容": "えもり内科クリニック【2:診療所】【診療科目:内科_消化器内科】広島県広島市西区庚午南二丁目３５－２３" }, "geometry": { "type": "Point", "coordinates": [ 132.409989, 34.38015 ] } },
{ "type": "Feature", "properties": { "ID": 3422340471560, "正式名称": "村尾皮ふ科クリニック", "機関区分": 2, "都道府県コード": 34, "市区町村コード": 107, "所在地": "広島県広島市安芸区中野３丁目９番６号", "緯度": 34.392689, "経度": 132.564911, "url": "https://www.iryou.teikyouseido.mhlw.go.jp/znk-web/juminkanja/S2430/initialize?prefCd=34&kikanCd=2340471560&kikanKbn=2", "url2": "murao-hifuka.com", "内容": "村尾皮ふ科クリニック【2:診療所】【診療科目:皮膚科】広島県広島市安芸区中野３丁目９番６号" }, "geometry": { "type": "Point", "coordinates": [ 132.564911, 34.392689 ] } },
{ "type": "Feature", "properties": { "ID": 3422340471720, "正式名称": "呉中央クリニック整形外科", "機関区分": 2, "都道府県コード": 34, "市区町村コード": 202, "所在地": "広島県呉市中央１－５－２１", "緯度": 34.244835, "経度": 132.560952, "url": "https://www.iryou.teikyouseido.mhlw.go.jp/znk-web/juminkanja/S2430/initialize?prefCd=34&kikanCd=2340471720&kikanKbn=2", "url2": null, "内容": "呉中央クリニック整形外科【2:診療所】【診療科目:内科_消化器内科_漢方内科_アレルギー疾患内科_緩和ケア内科_整形外科_リウマチ科_リハビリテーション科】広島県呉市中央１－５－２１" }, "geometry": { "type": "Point", "coordinates": [ 132.560952, 34.244835 ] } },
{ "type": "Feature", "properties": { "ID": 3422340471850, "正式名称": "こじょう内科", "機関区分": 2, "都道府県コード": 34, "市区町村コード": 207, "所在地": "広島県福山市南手城町１－１５－３", "緯度": 34.481741, "経度": 133.386115, "url": "https://www.iryou.teikyouseido.mhlw.go.jp/znk-web/juminkanja/S2430/initialize?prefCd=34&kikanCd=2340471850&kikanKbn=2", "url2": "http://www.kojo.jp/", "内容": "こじょう内科【2:診療所】【診療科目:内科_循環器内科_消化器内科】広島県福山市南手城町１－１５－３" }, "geometry": { "type": "Point", "coordinates": [ 133.386115, 34.481741 ] } },
{ "type": "Feature", "properties": { "ID": 3422340471980, "正式名称": "柳津にしきおり眼科", "機関区分": 2, "都道府県コード": 34, "市区町村コード": 207, "所在地": "広島県福山市柳津町４丁目２番５号", "緯度": 34.43727, "経度": 133.265971, "url": "https://www.iryou.teikyouseido.mhlw.go.jp/znk-web/juminkanja/S2430/initialize?prefCd=34&kikanCd=2340471980&kikanKbn=2", "url2": "http://www.nishikiori-cl.com/", "内容": "柳津にしきおり眼科【2:診療所】【診療科目:眼科】広島県福山市柳津町４丁目２番５号" }, "geometry": { "type": "Point", "coordinates": [ 133.265971, 34.43727 ] } },
{ "type": "Feature", "properties": { "ID": 3422340472150, "正式名称": "くぼにし小児科・内科クリニック", "機関区分": 2, "都道府県コード": 34, "市区町村コード": 212, "所在地": "広島県東広島市西条町大沢９８－１", "緯度": 34.380489, "経度": 132.735046, "url": "https://www.iryou.teikyouseido.mhlw.go.jp/znk-web/juminkanja/S2430/initialize?prefCd=34&kikanCd=2340472150&kikanKbn=2", "url2": null, "内容": "くぼにし小児科・内科クリニック【2:診療所】【診療科目:内科_小児科_アレルギー科】広島県東広島市西条町大沢９８－１" }, "geometry": { "type": "Point", "coordinates": [ 132.735046, 34.380489 ] } },
{ "type": "Feature", "properties": { "ID": 3422340472310, "正式名称": "医療法人芳仁会　ひとみ眼科", "機関区分": 2, "都道府県コード": 34, "市区町村コード": 207, "所在地": "広島県福山市柳津町一丁目２－２６", "緯度": 34.441964, "経度": 133.261999, "url": "https://www.iryou.teikyouseido.mhlw.go.jp/znk-web/juminkanja/S2430/initialize?prefCd=34&kikanCd=2340472310&kikanKbn=2", "url2": "http://www.hitomi-ganka.com", "内容": "医療法人芳仁会　ひとみ眼科【2:診療所】【診療科目:眼科】広島県福山市柳津町一丁目２－２６" }, "geometry": { "type": "Point", "coordinates": [ 133.261999, 34.441964 ] } },
{ "type": "Feature", "properties": { "ID": 3422340472570, "正式名称": "日下耳鼻咽喉科医院", "機関区分": 2, "都道府県コード": 34, "市区町村コード": 202, "所在地": "広島県呉市東片山町１０番１８号", "緯度": 34.253027, "経度": 132.567593, "url": "https://www.iryou.teikyouseido.mhlw.go.jp/znk-web/juminkanja/S2430/initialize?prefCd=34&kikanCd=2340472570&kikanKbn=2", "url2": null, "内容": "日下耳鼻咽喉科医院【2:診療所】【診療科目:耳鼻いんこう科_アレルギー科】広島県呉市東片山町１０番１８号" }, "geometry": { "type": "Point", "coordinates": [ 132.567593, 34.253027 ] } },
{ "type": "Feature", "properties": { "ID": 3422340472860, "正式名称": "医療法人　崇光会　山村整形外科", "機関区分": 2, "都道府県コード": 34, "市区町村コード": 108, "所在地": "広島県広島市佐伯区八幡東四丁目２１番８号", "緯度": 34.395262, "経度": 132.366829, "url": "https://www.iryou.teikyouseido.mhlw.go.jp/znk-web/juminkanja/S2430/initialize?prefCd=34&kikanCd=2340472860&kikanKbn=2", "url2": "http://yamamura-seikeigeka.com/", "内容": "医療法人　崇光会　山村整形外科【2:診療所】【診療科目:整形外科_リハビリテーション科】広島県広島市佐伯区八幡東四丁目２１番８号" }, "geometry": { "type": "Point", "coordinates": [ 132.366829, 34.395262 ] } },
{ "type": "Feature", "properties": { "ID": 3422340473030, "正式名称": "じごぜんクリニック", "機関区分": 2, "都道府県コード": 34, "市区町村コード": 213, "所在地": "広島県廿日市市地御前３－１６－２０", "緯度": 34.338764, "経度": 132.316166, "url": "https://www.iryou.teikyouseido.mhlw.go.jp/znk-web/juminkanja/S2430/initialize?prefCd=34&kikanCd=2340473030&kikanKbn=2", "url2": "http://www3.kyosai.or.jp/~jigocli/", "内容": "じごぜんクリニック【2:診療所】【診療科目:内科_呼吸器内科_循環器内科_消化器内科_アレルギー疾患内科_外科_リハビリテーション科】広島県廿日市市地御前３－１６－２０" }, "geometry": { "type": "Point", "coordinates": [ 132.316166, 34.338764 ] } },
{ "type": "Feature", "properties": { "ID": 3422340473740, "正式名称": "はしもと眼科", "機関区分": 2, "都道府県コード": 34, "市区町村コード": 106, "所在地": "広島県広島市安佐北区深川五丁目２３－８", "緯度": 34.481322, "経度": 132.533287, "url": "https://www.iryou.teikyouseido.mhlw.go.jp/znk-web/juminkanja/S2430/initialize?prefCd=34&kikanCd=2340473740&kikanKbn=2", "url2": "http://www.fureai-ch.ne.jp/roisin/", "内容": "はしもと眼科【2:診療所】【診療科目:眼科】広島県広島市安佐北区深川五丁目２３－８" }, "geometry": { "type": "Point", "coordinates": [ 132.533287, 34.481322 ] } },
{ "type": "Feature", "properties": { "ID": 3422340474040, "正式名称": "豊田内科医院", "機関区分": 2, "都道府県コード": 34, "市区町村コード": 309, "所在地": "広島県安芸郡坂町坂西１丁目４－１０", "緯度": 34.339017, "経度": 132.51176, "url": "https://www.iryou.teikyouseido.mhlw.go.jp/znk-web/juminkanja/S2430/initialize?prefCd=34&kikanCd=2340474040&kikanKbn=2", "url2": null, "内容": "豊田内科医院【2:診療所】【診療科目:内科】広島県安芸郡坂町坂西１丁目４－１０" }, "geometry": { "type": "Point", "coordinates": [ 132.51176, 34.339017 ] } },
{ "type": "Feature", "properties": { "ID": 3422340474330, "正式名称": "ふるさとクリニック", "機関区分": 2, "都道府県コード": 34, "市区町村コード": 202, "所在地": "広島県呉市中央四丁目３－１", "緯度": 34.248361, "経度": 132.566593, "url": "https://www.iryou.teikyouseido.mhlw.go.jp/znk-web/juminkanja/S2430/initialize?prefCd=34&kikanCd=2340474330&kikanKbn=2", "url2": null, "内容": "ふるさとクリニック【2:診療所】【診療科目:内科_消化器内科_小児科】広島県呉市中央四丁目３－１" }, "geometry": { "type": "Point", "coordinates": [ 132.566593, 34.248361 ] } },
{ "type": "Feature", "properties": { "ID": 3422340474590, "正式名称": "医療法人　すくすく会　木村小児科", "機関区分": 2, "都道府県コード": 34, "市区町村コード": 207, "所在地": "広島県福山市南蔵王町６－２０－１０", "緯度": 34.500599, "経度": 133.403596, "url": "https://www.iryou.teikyouseido.mhlw.go.jp/znk-web/juminkanja/S2430/initialize?prefCd=34&kikanCd=2340474590&kikanKbn=2", "url2": "https://kimura-kodomoclinic.com/", "内容": "医療法人　すくすく会　木村小児科【2:診療所】【診療科目:小児科_アレルギー科】広島県福山市南蔵王町６－２０－１０" }, "geometry": { "type": "Point", "coordinates": [ 133.403596, 34.500599 ] } },
{ "type": "Feature", "properties": { "ID": 3422340474620, "正式名称": "宮河小児科医院", "機関区分": 2, "都道府県コード": 34, "市区町村コード": 213, "所在地": "広島県廿日市市本町５－１２", "緯度": 34.351016, "経度": 132.334249, "url": "https://www.iryou.teikyouseido.mhlw.go.jp/znk-web/juminkanja/S2430/initialize?prefCd=34&kikanCd=2340474620&kikanKbn=2", "url2": "http://miyagawashounika.jp", "内容": "宮河小児科医院【2:診療所】【診療科目:小児科】広島県廿日市市本町５－１２" }, "geometry": { "type": "Point", "coordinates": [ 132.334249, 34.351016 ] } },
{ "type": "Feature", "properties": { "ID": 3422340475470, "正式名称": "医療法人社団　吉岡整形外科", "機関区分": 2, "都道府県コード": 34, "市区町村コード": 103, "所在地": "広島県広島市南区皆実町四丁目１８番１４号", "緯度": 34.374985, "経度": 132.471957, "url": "https://www.iryou.teikyouseido.mhlw.go.jp/znk-web/juminkanja/S2430/initialize?prefCd=34&kikanCd=2340475470&kikanKbn=2", "url2": "www.yoshioka-seikei.com", "内容": "医療法人社団　吉岡整形外科【2:診療所】【診療科目:整形外科_リハビリテーション科】広島県広島市南区皆実町四丁目１８番１４号" }, "geometry": { "type": "Point", "coordinates": [ 132.471957, 34.374985 ] } },
{ "type": "Feature", "properties": { "ID": 3422340475500, "正式名称": "たがしらクリニック", "機関区分": 2, "都道府県コード": 34, "市区町村コード": 104, "所在地": "広島県広島市西区中広町二丁目２２－２１", "緯度": 34.403473, "経度": 132.443723, "url": "https://www.iryou.teikyouseido.mhlw.go.jp/znk-web/juminkanja/S2430/initialize?prefCd=34&kikanCd=2340475500&kikanKbn=2", "url2": "https://www.tagashira-cli.com/", "内容": "たがしらクリニック【2:診療所】【診療科目:内科_胃腸内科_外科_肛門外科_リハビリテーション科_麻酔科】広島県広島市西区中広町二丁目２２－２１" }, "geometry": { "type": "Point", "coordinates": [ 132.443723, 34.403473 ] } },
{ "type": "Feature", "properties": { "ID": 3422340476220, "正式名称": "石橋クリニック", "機関区分": 2, "都道府県コード": 34, "市区町村コード": 213, "所在地": "広島県廿日市市串戸１丁目９番４１－２号", "緯度": 34.34618, "経度": 132.32747, "url": "https://www.iryou.teikyouseido.mhlw.go.jp/znk-web/juminkanja/S2430/initialize?prefCd=34&kikanCd=2340476220&kikanKbn=2", "url2": "http://www.urban.ne.jp/home/ishiclic/", "内容": "石橋クリニック【2:診療所】【診療科目:糖尿病内科_内分泌内科】広島県廿日市市串戸１丁目９番４１－２号" }, "geometry": { "type": "Point", "coordinates": [ 132.32747, 34.34618 ] } },
{ "type": "Feature", "properties": { "ID": 3422340476350, "正式名称": "多田耳鼻咽喉科クリニック", "機関区分": 2, "都道府県コード": 34, "市区町村コード": 103, "所在地": "広島県広島市南区東雲本町二丁目１３番３０号", "緯度": 34.380845, "経度": 132.486122, "url": "https://www.iryou.teikyouseido.mhlw.go.jp/znk-web/juminkanja/S2430/initialize?prefCd=34&kikanCd=2340476350&kikanKbn=2", "url2": "http://www.tadajibika-clinic.com/", "内容": "多田耳鼻咽喉科クリニック【2:診療所】【診療科目:小児耳鼻いんこう科_耳鼻いんこう科_頭頸部・耳鼻いんこう科】広島県広島市南区東雲本町二丁目１３番３０号" }, "geometry": { "type": "Point", "coordinates": [ 132.486122, 34.380845 ] } },
{ "type": "Feature", "properties": { "ID": 3422340476480, "正式名称": "医療法人叡幸会　岡本耳鼻咽喉科医院", "機関区分": 2, "都道府県コード": 34, "市区町村コード": 207, "所在地": "広島県福山市御幸町下岩成中町３１６－１", "緯度": 34.540339, "経度": 133.34907, "url": "https://www.iryou.teikyouseido.mhlw.go.jp/znk-web/juminkanja/S2430/initialize?prefCd=34&kikanCd=2340476480&kikanKbn=2", "url2": null, "内容": "医療法人叡幸会　岡本耳鼻咽喉科医院【2:診療所】【診療科目:耳鼻いんこう科】広島県福山市御幸町下岩成中町３１６－１" }, "geometry": { "type": "Point", "coordinates": [ 133.34907, 34.540339 ] } },
{ "type": "Feature", "properties": { "ID": 3422340476640, "正式名称": "医療法人社団　春陽会　竹内耳鼻咽喉科", "機関区分": 2, "都道府県コード": 34, "市区町村コード": 207, "所在地": "広島県福山市春日町７丁目１４番２６号", "緯度": 34.509265, "経度": 133.415789, "url": "https://www.iryou.teikyouseido.mhlw.go.jp/znk-web/juminkanja/S2430/initialize?prefCd=34&kikanCd=2340476640&kikanKbn=2", "url2": null, "内容": "医療法人社団　春陽会　竹内耳鼻咽喉科【2:診療所】【診療科目:気管食道・耳鼻いんこう科_アレルギー科】広島県福山市春日町７丁目１４番２６号" }, "geometry": { "type": "Point", "coordinates": [ 133.415789, 34.509265 ] } },
{ "type": "Feature", "properties": { "ID": 3422340476770, "正式名称": "日野内科小児科クリニック", "機関区分": 2, "都道府県コード": 34, "市区町村コード": 207, "所在地": "広島県福山市新涯町一丁目５－３８", "緯度": 34.463204, "経度": 133.389393, "url": "https://www.iryou.teikyouseido.mhlw.go.jp/znk-web/juminkanja/S2430/initialize?prefCd=34&kikanCd=2340476770&kikanKbn=2", "url2": "https://park.paa.jp/park2/clinics/1275/businesses/01", "内容": "日野内科小児科クリニック【2:診療所】【診療科目:内科_呼吸器内科_小児科】広島県福山市新涯町一丁目５－３８" }, "geometry": { "type": "Point", "coordinates": [ 133.389393, 34.463204 ] } },
{ "type": "Feature", "properties": { "ID": 3422340476930, "正式名称": "医療法人社団親愛会　高橋脳神経外科循環器内科", "機関区分": 2, "都道府県コード": 34, "市区町村コード": 207, "所在地": "広島県福山市神辺町道上３００４", "緯度": 34.550843, "経度": 133.354486, "url": "https://www.iryou.teikyouseido.mhlw.go.jp/znk-web/juminkanja/S2430/initialize?prefCd=34&kikanCd=2340476930&kikanKbn=2", "url2": "http://www.takahashi-nouge.jp/", "内容": "医療法人社団親愛会　高橋脳神経外科循環器内科【2:診療所】【診療科目:内科_循環器内科_脳神経外科_リハビリテーション科_放射線科】広島県福山市神辺町道上３００４" }, "geometry": { "type": "Point", "coordinates": [ 133.354486, 34.550843 ] } },
{ "type": "Feature", "properties": { "ID": 3422340477780, "正式名称": "岡本内科消化器科", "機関区分": 2, "都道府県コード": 34, "市区町村コード": 212, "所在地": "広島県東広島市黒瀬町兼広１３８", "緯度": 34.325688, "経度": 132.660999, "url": "https://www.iryou.teikyouseido.mhlw.go.jp/znk-web/juminkanja/S2430/initialize?prefCd=34&kikanCd=2340477780&kikanKbn=2", "url2": null, "内容": "岡本内科消化器科【2:診療所】【診療科目:内科_消化器内科】広島県東広島市黒瀬町兼広１３８" }, "geometry": { "type": "Point", "coordinates": [ 132.660999, 34.325688 ] } },
{ "type": "Feature", "properties": { "ID": 3422340478080, "正式名称": "医療法人社団有信会呉記念クリニック", "機関区分": 2, "都道府県コード": 34, "市区町村コード": 202, "所在地": "広島県呉市阿賀北３丁目４－１１", "緯度": 34.251796, "経度": 132.591394, "url": "https://www.iryou.teikyouseido.mhlw.go.jp/znk-web/juminkanja/S2430/initialize?prefCd=34&kikanCd=2340478080&kikanKbn=2", "url2": "http://1221.byoinnavi.jp/", "内容": "医療法人社団有信会呉記念クリニック【2:診療所】【診療科目:内科_外科_整形外科_リハビリテーション科】広島県呉市阿賀北３丁目４－１１" }, "geometry": { "type": "Point", "coordinates": [ 132.591394, 34.251796 ] } },
{ "type": "Feature", "properties": { "ID": 3422340478530, "正式名称": "医療法人社団　聖愛会　ぎおん牛田病院附属　牛田クリニック", "機関区分": 2, "都道府県コード": 34, "市区町村コード": 102, "所在地": "広島県広島市東区牛田本町一丁目５－１４", "緯度": 34.409098, "経度": 132.471474, "url": "https://www.iryou.teikyouseido.mhlw.go.jp/znk-web/juminkanja/S2430/initialize?prefCd=34&kikanCd=2340478530&kikanKbn=2", "url2": "http://www.smile-seiaikai.com/", "内容": "医療法人社団　聖愛会　ぎおん牛田病院附属　牛田クリニック【2:診療所】【診療科目:内科_呼吸器内科_循環器内科_胃腸内科_外科_整形外科_美容皮膚科_リハビリテーション科】広島県広島市東区牛田本町一丁目５－１４" }, "geometry": { "type": "Point", "coordinates": [ 132.471474, 34.409098 ] } },
{ "type": "Feature", "properties": { "ID": 3422340478820, "正式名称": "医療法人　広翔会　こうの脳神経外科クリニック", "機関区分": 2, "都道府県コード": 34, "市区町村コード": 101, "所在地": "広島県広島市中区西白島町１６番１７号", "緯度": 34.406342, "経度": 132.460039, "url": "https://www.iryou.teikyouseido.mhlw.go.jp/znk-web/juminkanja/S2430/initialize?prefCd=34&kikanCd=2340478820&kikanKbn=2", "url2": "http://www.kouno-nsc.or.jp/", "内容": "医療法人　広翔会　こうの脳神経外科クリニック【2:診療所】【診療科目:内科_神経内科_脳神経外科_精神科_心療内科_リハビリテーション科_放射線科】広島県広島市中区西白島町１６番１７号" }, "geometry": { "type": "Point", "coordinates": [ 132.460039, 34.406342 ] } },
{ "type": "Feature", "properties": { "ID": 3422340478950, "正式名称": "リバーサイド内科クリニック", "機関区分": 2, "都道府県コード": 34, "市区町村コード": 102, "所在地": "広島県広島市東区牛田南一丁目７－８", "緯度": 34.406603, "経度": 132.470757, "url": "https://www.iryou.teikyouseido.mhlw.go.jp/znk-web/juminkanja/S2430/initialize?prefCd=34&kikanCd=2340478950&kikanKbn=2", "url2": null, "内容": "リバーサイド内科クリニック【2:診療所】【診療科目:内科_糖尿病・代謝内科_消化器内科_小児科_アレルギー科_放射線科】広島県広島市東区牛田南一丁目７－８" }, "geometry": { "type": "Point", "coordinates": [ 132.470757, 34.406603 ] } },
{ "type": "Feature", "properties": { "ID": 3422340479250, "正式名称": "やの皮ふ科", "機関区分": 2, "都道府県コード": 34, "市区町村コード": 106, "所在地": "広島県広島市安佐北区可部南四丁目９－４１", "緯度": 34.508027, "経度": 132.511614, "url": "https://www.iryou.teikyouseido.mhlw.go.jp/znk-web/juminkanja/S2430/initialize?prefCd=34&kikanCd=2340479250&kikanKbn=2", "url2": "http://yanohifuka.net", "内容": "やの皮ふ科【2:診療所】【診療科目:皮膚科_アレルギー科】広島県広島市安佐北区可部南四丁目９－４１" }, "geometry": { "type": "Point", "coordinates": [ 132.511614, 34.508027 ] } },
{ "type": "Feature", "properties": { "ID": 3422340479380, "正式名称": "医療法人　みつだ循環器科内科", "機関区分": 2, "都道府県コード": 34, "市区町村コード": 106, "所在地": "広島県広島市安佐北区可部南４丁目９番４１号", "緯度": 34.508027, "経度": 132.511614, "url": "https://www.iryou.teikyouseido.mhlw.go.jp/znk-web/juminkanja/S2430/initialize?prefCd=34&kikanCd=2340479380&kikanKbn=2", "url2": null, "内容": "医療法人　みつだ循環器科内科【2:診療所】【診療科目:内科_循環器内科】広島県広島市安佐北区可部南４丁目９番４１号" }, "geometry": { "type": "Point", "coordinates": [ 132.511614, 34.508027 ] } },
{ "type": "Feature", "properties": { "ID": 3422340479700, "正式名称": "わたえだ皮膚科クリニック", "機関区分": 2, "都道府県コード": 34, "市区町村コード": 302, "所在地": "広島県安芸郡府中町浜田３丁目９番３－２０１号", "緯度": 34.385623, "経度": 132.510703, "url": "https://www.iryou.teikyouseido.mhlw.go.jp/znk-web/juminkanja/S2430/initialize?prefCd=34&kikanCd=2340479700&kikanKbn=2", "url2": null, "内容": "わたえだ皮膚科クリニック【2:診療所】【診療科目:皮膚科_アレルギー科】広島県安芸郡府中町浜田３丁目９番３－２０１号" }, "geometry": { "type": "Point", "coordinates": [ 132.510703, 34.385623 ] } },
{ "type": "Feature", "properties": { "ID": 3422340479960, "正式名称": "松田整形外科", "機関区分": 2, "都道府県コード": 34, "市区町村コード": 213, "所在地": "広島県廿日市市串戸二丁目１７－４", "緯度": 34.346547, "経度": 132.326645, "url": "https://www.iryou.teikyouseido.mhlw.go.jp/znk-web/juminkanja/S2430/initialize?prefCd=34&kikanCd=2340479960&kikanKbn=2", "url2": null, "内容": "松田整形外科【2:診療所】【診療科目:整形外科】広島県廿日市市串戸二丁目１７－４" }, "geometry": { "type": "Point", "coordinates": [ 132.326645, 34.346547 ] } },
{ "type": "Feature", "properties": { "ID": 3422340480490, "正式名称": "堀田レディースクリニック", "機関区分": 2, "都道府県コード": 34, "市区町村コード": 205, "所在地": "広島県尾道市西則末町９－１６", "緯度": 34.420798, "経度": 133.187006, "url": "https://www.iryou.teikyouseido.mhlw.go.jp/znk-web/juminkanja/S2430/initialize?prefCd=34&kikanCd=2340480490&kikanKbn=2", "url2": "http://hotta-ladies.jp", "内容": "堀田レディースクリニック【2:診療所】【診療科目:産婦人科_産科_婦人科】広島県尾道市西則末町９－１６" }, "geometry": { "type": "Point", "coordinates": [ 133.187006, 34.420798 ] } },
{ "type": "Feature", "properties": { "ID": 3422340480940, "正式名称": "竹本内科・眼科医院", "機関区分": 2, "都道府県コード": 34, "市区町村コード": 103, "所在地": "広島県広島市南区丹那町６－１５", "緯度": 34.364153, "経度": 132.48004, "url": "https://www.iryou.teikyouseido.mhlw.go.jp/znk-web/juminkanja/S2430/initialize?prefCd=34&kikanCd=2340480940&kikanKbn=2", "url2": null, "内容": "竹本内科・眼科医院【2:診療所】【診療科目:内科_眼科】広島県広島市南区丹那町６－１５" }, "geometry": { "type": "Point", "coordinates": [ 132.48004, 34.364153 ] } },
{ "type": "Feature", "properties": { "ID": 3422340481240, "正式名称": "医療法人　はまだ小児クリニック", "機関区分": 2, "都道府県コード": 34, "市区町村コード": 104, "所在地": "広島県広島市西区己斐本町一丁目２５－８", "緯度": 34.39691, "経度": 132.427284, "url": "https://www.iryou.teikyouseido.mhlw.go.jp/znk-web/juminkanja/S2430/initialize?prefCd=34&kikanCd=2340481240&kikanKbn=2", "url2": "http://hamdapediatricclinic.web.fc2.com/guide.html", "内容": "医療法人　はまだ小児クリニック【2:診療所】【診療科目:小児科】広島県広島市西区己斐本町一丁目２５－８" }, "geometry": { "type": "Point", "coordinates": [ 132.427284, 34.39691 ] } },
{ "type": "Feature", "properties": { "ID": 3422340481820, "正式名称": "あまのクリニック", "機関区分": 2, "都道府県コード": 34, "市区町村コード": 213, "所在地": "広島県廿日市市串戸５－１－３７", "緯度": 34.349901, "経度": 132.320665, "url": "https://www.iryou.teikyouseido.mhlw.go.jp/znk-web/juminkanja/S2430/initialize?prefCd=34&kikanCd=2340481820&kikanKbn=2", "url2": "http://www.amano-reha.com", "内容": "あまのクリニック【2:診療所】【診療科目:内科_小児科_精神科_心療内科】広島県廿日市市串戸５－１－３７" }, "geometry": { "type": "Point", "coordinates": [ 132.320665, 34.349901 ] } },
{ "type": "Feature", "properties": { "ID": 3422340482090, "正式名称": "三浦医院", "機関区分": 2, "都道府県コード": 34, "市区町村コード": 212, "所在地": "広島県東広島市西条西本町２７－２８", "緯度": 34.426789, "経度": 132.738793, "url": "https://www.iryou.teikyouseido.mhlw.go.jp/znk-web/juminkanja/S2430/initialize?prefCd=34&kikanCd=2340482090&kikanKbn=2", "url2": "www.miura-iin.net", "内容": "三浦医院【2:診療所】【診療科目:内科_呼吸器内科_循環器内科_消化器内科_胃腸内科_内視鏡内科_小児科】広島県東広島市西条西本町２７－２８" }, "geometry": { "type": "Point", "coordinates": [ 132.738793, 34.426789 ] } },
{ "type": "Feature", "properties": { "ID": 3422340482380, "正式名称": "こだま整形外科医院", "機関区分": 2, "都道府県コード": 34, "市区町村コード": 214, "所在地": "広島県安芸高田市吉田町常友３４１－１", "緯度": 34.654264, "経度": 132.683204, "url": "https://www.iryou.teikyouseido.mhlw.go.jp/znk-web/juminkanja/S2430/initialize?prefCd=34&kikanCd=2340482380&kikanKbn=2", "url2": "http://aratamakai.web.fc2.com/", "内容": "こだま整形外科医院【2:診療所】【診療科目:外科_整形外科_リウマチ科_リハビリテーション科】広島県安芸高田市吉田町常友３４１－１" }, "geometry": { "type": "Point", "coordinates": [ 132.683204, 34.654264 ] } },
{ "type": "Feature", "properties": { "ID": 3422340482830, "正式名称": "医療法人社団　田丸整形外科", "機関区分": 2, "都道府県コード": 34, "市区町村コード": 101, "所在地": "広島県広島市中区羽衣町２－１５", "緯度": 34.380289, "経度": 132.449097, "url": "https://www.iryou.teikyouseido.mhlw.go.jp/znk-web/juminkanja/S2430/initialize?prefCd=34&kikanCd=2340482830&kikanKbn=2", "url2": "http://www.tamaruseikei.com/", "内容": "医療法人社団　田丸整形外科【2:診療所】【診療科目:整形外科_リウマチ科_リハビリテーション科】広島県広島市中区羽衣町２－１５" }, "geometry": { "type": "Point", "coordinates": [ 132.449097, 34.380289 ] } },
{ "type": "Feature", "properties": { "ID": 3422340483130, "正式名称": "医療法人　野村脳神経外科クリニック", "機関区分": 2, "都道府県コード": 34, "市区町村コード": 212, "所在地": "広島県東広島市黒瀬町兼広１３７番地", "緯度": 34.322605, "経度": 132.663054, "url": "https://www.iryou.teikyouseido.mhlw.go.jp/znk-web/juminkanja/S2430/initialize?prefCd=34&kikanCd=2340483130&kikanKbn=2", "url2": null, "内容": "医療法人　野村脳神経外科クリニック【2:診療所】【診療科目:脳神経外科_リハビリテーション科】広島県東広島市黒瀬町兼広１３７番地" }, "geometry": { "type": "Point", "coordinates": [ 132.663054, 34.322605 ] } },
{ "type": "Feature", "properties": { "ID": 3422340484010, "正式名称": "ふじわら医院", "機関区分": 2, "都道府県コード": 34, "市区町村コード": 103, "所在地": "広島県広島市南区段原１丁目３番１１号　啓愛プラザビル　３階", "緯度": 34.390566, "経度": 132.474817, "url": "https://www.iryou.teikyouseido.mhlw.go.jp/znk-web/juminkanja/S2430/initialize?prefCd=34&kikanCd=2340484010&kikanKbn=2", "url2": "https://www.489map.com/helios/medical/login", "内容": "ふじわら医院【2:診療所】【診療科目:内科_泌尿器科_心療内科】広島県広島市南区段原１丁目３番１１号　啓愛プラザビル　３階" }, "geometry": { "type": "Point", "coordinates": [ 132.474817, 34.390566 ] } },
{ "type": "Feature", "properties": { "ID": 3422340484300, "正式名称": "土本ファミリークリニック", "機関区分": 2, "都道府県コード": 34, "市区町村コード": 205, "所在地": "広島県尾道市向島町５９００", "緯度": 34.392607, "経度": 133.195784, "url": "https://www.iryou.teikyouseido.mhlw.go.jp/znk-web/juminkanja/S2430/initialize?prefCd=34&kikanCd=2340484300&kikanKbn=2", "url2": "http://www.tsuchimoto-fcl.com/pc/", "内容": "土本ファミリークリニック【2:診療所】【診療科目:内科_小児科_心療内科】広島県尾道市向島町５９００" }, "geometry": { "type": "Point", "coordinates": [ 133.195784, 34.392607 ] } },
{ "type": "Feature", "properties": { "ID": 3422340484560, "正式名称": "浜村耳鼻咽喉科", "機関区分": 2, "都道府県コード": 34, "市区町村コード": 102, "所在地": "広島県広島市東区曙１－８－９", "緯度": 34.395622, "経度": 132.488482, "url": "https://www.iryou.teikyouseido.mhlw.go.jp/znk-web/juminkanja/S2430/initialize?prefCd=34&kikanCd=2340484560&kikanKbn=2", "url2": "hamamura-ent.jp", "内容": "浜村耳鼻咽喉科【2:診療所】【診療科目:耳鼻いんこう科】広島県広島市東区曙１－８－９" }, "geometry": { "type": "Point", "coordinates": [ 132.488482, 34.395622 ] } },
{ "type": "Feature", "properties": { "ID": 3422340484720, "正式名称": "医療法人たちばな会　斉藤内科医院", "機関区分": 2, "都道府県コード": 34, "市区町村コード": 105, "所在地": "広島県広島市安佐南区大塚西４番８－３１号", "緯度": 34.434588, "経度": 132.398793, "url": "https://www.iryou.teikyouseido.mhlw.go.jp/znk-web/juminkanja/S2430/initialize?prefCd=34&kikanCd=2340484720&kikanKbn=2", "url2": null, "内容": "医療法人たちばな会　斉藤内科医院【2:診療所】【診療科目:内科_呼吸器内科_消化器内科_小児科_リハビリテーション科】広島県広島市安佐南区大塚西４番８－３１号" }, "geometry": { "type": "Point", "coordinates": [ 132.398793, 34.434588 ] } },
{ "type": "Feature", "properties": { "ID": 3422340484850, "正式名称": "医療法人　あいクリニック", "機関区分": 2, "都道府県コード": 34, "市区町村コード": 107, "所在地": "広島県広島市安芸区船越南２丁目１８番１９号", "緯度": 34.372676, "経度": 132.522864, "url": "https://www.iryou.teikyouseido.mhlw.go.jp/znk-web/juminkanja/S2430/initialize?prefCd=34&kikanCd=2340484850&kikanKbn=2", "url2": null, "内容": "医療法人　あいクリニック【2:診療所】【診療科目:内科_呼吸器内科_消化器内科_外科_肛門外科】広島県広島市安芸区船越南２丁目１８番１９号" }, "geometry": { "type": "Point", "coordinates": [ 132.522864, 34.372676 ] } },
{ "type": "Feature", "properties": { "ID": 3422340484980, "正式名称": "医療法人社団淳愛会　きだに小児科", "機関区分": 2, "都道府県コード": 34, "市区町村コード": 108, "所在地": "広島県広島市佐伯区五日市一丁目３－１４", "緯度": 34.366327, "経度": 132.360705, "url": "https://www.iryou.teikyouseido.mhlw.go.jp/znk-web/juminkanja/S2430/initialize?prefCd=34&kikanCd=2340484980&kikanKbn=2", "url2": null, "内容": "医療法人社団淳愛会　きだに小児科【2:診療所】【診療科目:小児科】広島県広島市佐伯区五日市一丁目３－１４" }, "geometry": { "type": "Point", "coordinates": [ 132.360705, 34.366327 ] } },
{ "type": "Feature", "properties": { "ID": 3422340485730, "正式名称": "板阪整形外科クリニック", "機関区分": 2, "都道府県コード": 34, "市区町村コード": 205, "所在地": "広島県尾道市高須町４７５６－３１", "緯度": 34.436295, "経度": 133.23618, "url": "https://www.iryou.teikyouseido.mhlw.go.jp/znk-web/juminkanja/S2430/initialize?prefCd=34&kikanCd=2340485730&kikanKbn=2", "url2": null, "内容": "板阪整形外科クリニック【2:診療所】【診療科目:整形外科】広島県尾道市高須町４７５６－３１" }, "geometry": { "type": "Point", "coordinates": [ 133.23618, 34.436295 ] } },
{ "type": "Feature", "properties": { "ID": 3422340485860, "正式名称": "医療法人　原田会　原田内科医院", "機関区分": 2, "都道府県コード": 34, "市区町村コード": 101, "所在地": "広島県広島市中区堺町二丁目６－２２", "緯度": 34.394649, "経度": 132.445874, "url": "https://www.iryou.teikyouseido.mhlw.go.jp/znk-web/juminkanja/S2430/initialize?prefCd=34&kikanCd=2340485860&kikanKbn=2", "url2": "https://www.harada-naika-clinic.com/", "内容": "医療法人　原田会　原田内科医院【2:診療所】【診療科目:内科_循環器内科】広島県広島市中区堺町二丁目６－２２" }, "geometry": { "type": "Point", "coordinates": [ 132.445874, 34.394649 ] } },
{ "type": "Feature", "properties": { "ID": 3422340486290, "正式名称": "小川胃腸内科　産婦人科　医院", "機関区分": 2, "都道府県コード": 34, "市区町村コード": 207, "所在地": "広島県福山市松永町６－１９－９", "緯度": 34.442047, "経度": 133.253416, "url": "https://www.iryou.teikyouseido.mhlw.go.jp/znk-web/juminkanja/S2430/initialize?prefCd=34&kikanCd=2340486290&kikanKbn=2", "url2": null, "内容": "小川胃腸内科　産婦人科　医院【2:診療所】【診療科目:内科_消化器内科_胃腸内科_婦人科】広島県福山市松永町６－１９－９" }, "geometry": { "type": "Point", "coordinates": [ 133.253416, 34.442047 ] } },
{ "type": "Feature", "properties": { "ID": 3422340486320, "正式名称": "医療法人　杏林堂　河原クリニック", "機関区分": 2, "都道府県コード": 34, "市区町村コード": 309, "所在地": "広島県安芸郡坂町横浜中央１丁目３番５号", "緯度": 34.338212, "経度": 132.507622, "url": "https://www.iryou.teikyouseido.mhlw.go.jp/znk-web/juminkanja/S2430/initialize?prefCd=34&kikanCd=2340486320&kikanKbn=2", "url2": null, "内容": "医療法人　杏林堂　河原クリニック【2:診療所】【診療科目:内科】広島県安芸郡坂町横浜中央１丁目３番５号" }, "geometry": { "type": "Point", "coordinates": [ 132.507622, 34.338212 ] } },
{ "type": "Feature", "properties": { "ID": 3422340486610, "正式名称": "重河眼科御薗クリニック", "機関区分": 2, "都道府県コード": 34, "市区町村コード": 212, "所在地": "広島県東広島市西条町御薗宇４４０５　フジグラン東広島１Ｆ", "緯度": 34.408292, "経度": 132.749376, "url": "https://www.iryou.teikyouseido.mhlw.go.jp/znk-web/juminkanja/S2430/initialize?prefCd=34&kikanCd=2340486610&kikanKbn=2", "url2": "www.tsumamoto.com/misono.html", "内容": "重河眼科御薗クリニック【2:診療所】【診療科目:眼科】広島県東広島市西条町御薗宇４４０５　フジグラン東広島１Ｆ" }, "geometry": { "type": "Point", "coordinates": [ 132.749376, 34.408292 ] } },
{ "type": "Feature", "properties": { "ID": 3422340487170, "正式名称": "医療法人　舛田内科・消化器科", "機関区分": 2, "都道府県コード": 34, "市区町村コード": 108, "所在地": "広島県広島市佐伯区五日市中央５丁目８番１７号", "緯度": 34.375621, "経度": 132.353689, "url": "https://www.iryou.teikyouseido.mhlw.go.jp/znk-web/juminkanja/S2430/initialize?prefCd=34&kikanCd=2340487170&kikanKbn=2", "url2": "http://www.masuda-cl.jp", "内容": "医療法人　舛田内科・消化器科【2:診療所】【診療科目:内科_消化器内科】広島県広島市佐伯区五日市中央５丁目８番１７号" }, "geometry": { "type": "Point", "coordinates": [ 132.353689, 34.375621 ] } },
{ "type": "Feature", "properties": { "ID": 3422340487590, "正式名称": "医療法人エフシー　ふじい内科循環器科", "機関区分": 2, "都道府県コード": 34, "市区町村コード": 202, "所在地": "広島県呉市広本町三丁目１７－２１", "緯度": 34.23782, "経度": 132.622295, "url": "https://www.iryou.teikyouseido.mhlw.go.jp/znk-web/juminkanja/S2430/initialize?prefCd=34&kikanCd=2340487590&kikanKbn=2", "url2": null, "内容": "医療法人エフシー　ふじい内科循環器科【2:診療所】【診療科目:内科_循環器内科】広島県呉市広本町三丁目１７－２１" }, "geometry": { "type": "Point", "coordinates": [ 132.622295, 34.23782 ] } },
{ "type": "Feature", "properties": { "ID": 3422340487620, "正式名称": "ほそや内科クリニック", "機関区分": 2, "都道府県コード": 34, "市区町村コード": 208, "所在地": "広島県府中市中須町１６９４－１", "緯度": 34.561073, "経度": 133.254798, "url": "https://www.iryou.teikyouseido.mhlw.go.jp/znk-web/juminkanja/S2430/initialize?prefCd=34&kikanCd=2340487620&kikanKbn=2", "url2": null, "内容": "ほそや内科クリニック【2:診療所】【診療科目:内科_呼吸器内科_循環器内科_消化器内科】広島県府中市中須町１６９４－１" }, "geometry": { "type": "Point", "coordinates": [ 133.254798, 34.561073 ] } },
{ "type": "Feature", "properties": { "ID": 3422340487910, "正式名称": "久保整形外科内科", "機関区分": 2, "都道府県コード": 34, "市区町村コード": 202, "所在地": "広島県呉市警固屋四丁目２－２８", "緯度": 34.212408, "経度": 132.545446, "url": "https://www.iryou.teikyouseido.mhlw.go.jp/znk-web/juminkanja/S2430/initialize?prefCd=34&kikanCd=2340487910&kikanKbn=2", "url2": null, "内容": "久保整形外科内科【2:診療所】【診療科目:内科_消化器内科_外科_整形外科_リハビリテーション科】広島県呉市警固屋四丁目２－２８" }, "geometry": { "type": "Point", "coordinates": [ 132.545446, 34.212408 ] } },
{ "type": "Feature", "properties": { "ID": 3422340488470, "正式名称": "医療法人社団　古吉眼科医院", "機関区分": 2, "都道府県コード": 34, "市区町村コード": 211, "所在地": "広島県大竹市新町２－７－１", "緯度": 34.214541, "経度": 132.222507, "url": "https://www.iryou.teikyouseido.mhlw.go.jp/znk-web/juminkanja/S2430/initialize?prefCd=34&kikanCd=2340488470&kikanKbn=2", "url2": null, "内容": "医療法人社団　古吉眼科医院【2:診療所】【診療科目:眼科】広島県大竹市新町２－７－１" }, "geometry": { "type": "Point", "coordinates": [ 132.222507, 34.214541 ] } },
{ "type": "Feature", "properties": { "ID": 3422340488630, "正式名称": "医療法人　社団成恵会　やまてクリニック", "機関区分": 2, "都道府県コード": 34, "市区町村コード": 207, "所在地": "広島県福山市神辺町川南１０４４－４", "緯度": 34.535522, "経度": 133.379546, "url": "https://www.iryou.teikyouseido.mhlw.go.jp/znk-web/juminkanja/S2430/initialize?prefCd=34&kikanCd=2340488630&kikanKbn=2", "url2": null, "内容": "医療法人　社団成恵会　やまてクリニック【2:診療所】【診療科目:内科_循環器内科_泌尿器科】広島県福山市神辺町川南１０４４－４" }, "geometry": { "type": "Point", "coordinates": [ 133.379546, 34.535522 ] } },
{ "type": "Feature", "properties": { "ID": 3422340488760, "正式名称": "医療法人社団　遼悠会　住井内科", "機関区分": 2, "都道府県コード": 34, "市区町村コード": 207, "所在地": "広島県福山市新市町新市３８８番４号", "緯度": 34.554369, "経度": 133.273243, "url": "https://www.iryou.teikyouseido.mhlw.go.jp/znk-web/juminkanja/S2430/initialize?prefCd=34&kikanCd=2340488760&kikanKbn=2", "url2": null, "内容": "医療法人社団　遼悠会　住井内科【2:診療所】【診療科目:内科_呼吸器内科_循環器内科_消化器内科_小児科】広島県福山市新市町新市３８８番４号" }, "geometry": { "type": "Point", "coordinates": [ 133.273243, 34.554369 ] } },
{ "type": "Feature", "properties": { "ID": 3422340488890, "正式名称": "医療法人大和会　西条ときわクリニック", "機関区分": 2, "都道府県コード": 34, "市区町村コード": 212, "所在地": "広島県東広島市西条中央５丁目４－１", "緯度": 34.41543, "経度": 132.741627, "url": "https://www.iryou.teikyouseido.mhlw.go.jp/znk-web/juminkanja/S2430/initialize?prefCd=34&kikanCd=2340488890&kikanKbn=2", "url2": "https://tokiwa-higashihiroshima-japan.jp/", "内容": "医療法人大和会　西条ときわクリニック【2:診療所】【診療科目:内科_糖尿病内科_消化器内科_漢方内科_外科_乳腺外科_肛門外科_産婦人科_リハビリテーション科】広島県東広島市西条中央５丁目４－１" }, "geometry": { "type": "Point", "coordinates": [ 132.741627, 34.41543 ] } },
{ "type": "Feature", "properties": { "ID": 3422340488920, "正式名称": "医療法人　あやめ会　押尾クリニック", "機関区分": 2, "都道府県コード": 34, "市区町村コード": 204, "所在地": "広島県三原市城町１－１２－２３－１", "緯度": 34.398604, "経度": 133.083599, "url": "https://www.iryou.teikyouseido.mhlw.go.jp/znk-web/juminkanja/S2430/initialize?prefCd=34&kikanCd=2340488920&kikanKbn=2", "url2": "https://www.oshio-clinic.com/", "内容": "医療法人　あやめ会　押尾クリニック【2:診療所】【診療科目:内科_精神科_神経科_心療内科】広島県三原市城町１－１２－２３－１" }, "geometry": { "type": "Point", "coordinates": [ 133.083599, 34.398604 ] } },
{ "type": "Feature", "properties": { "ID": 3422340489190, "正式名称": "医療法人　ささき皮膚科", "機関区分": 2, "都道府県コード": 34, "市区町村コード": 205, "所在地": "広島県尾道市高須町４７８８番地１０", "緯度": 34.431633, "経度": 133.236897, "url": "https://www.iryou.teikyouseido.mhlw.go.jp/znk-web/juminkanja/S2430/initialize?prefCd=34&kikanCd=2340489190&kikanKbn=2", "url2": "http://www.sasaki-hifuka.com", "内容": "医療法人　ささき皮膚科【2:診療所】【診療科目:皮膚科_美容皮膚科】広島県尾道市高須町４７８８番地１０" }, "geometry": { "type": "Point", "coordinates": [ 133.236897, 34.431633 ] } },
{ "type": "Feature", "properties": { "ID": 3422340489350, "正式名称": "大宇根内科呼吸器科クリニック", "機関区分": 2, "都道府県コード": 34, "市区町村コード": 202, "所在地": "広島県呉市広古新開一丁目１－３１", "緯度": 34.232154, "経度": 132.617448, "url": "https://www.iryou.teikyouseido.mhlw.go.jp/znk-web/juminkanja/S2430/initialize?prefCd=34&kikanCd=2340489350&kikanKbn=2", "url2": "http://www.ohuneclinic.com/", "内容": "大宇根内科呼吸器科クリニック【2:診療所】【診療科目:内科_呼吸器内科_リハビリテーション科_放射線科】広島県呉市広古新開一丁目１－３１" }, "geometry": { "type": "Point", "coordinates": [ 132.617448, 34.232154 ] } },
{ "type": "Feature", "properties": { "ID": 3422340489480, "正式名称": "よしみつこどもクリニック", "機関区分": 2, "都道府県コード": 34, "市区町村コード": 105, "所在地": "広島県広島市安佐南区大町東一丁目８－２５　カサグランデ１－３０１", "緯度": 34.45667, "経度": 132.467536, "url": "https://www.iryou.teikyouseido.mhlw.go.jp/znk-web/juminkanja/S2430/initialize?prefCd=34&kikanCd=2340489480&kikanKbn=2", "url2": "https://yoshimiz-kodomo.jp/", "内容": "よしみつこどもクリニック【2:診療所】【診療科目:小児科_アレルギー科】広島県広島市安佐南区大町東一丁目８－２５　カサグランデ１－３０１" }, "geometry": { "type": "Point", "coordinates": [ 132.467536, 34.45667 ] } },
{ "type": "Feature", "properties": { "ID": 3422340489510, "正式名称": "医療法人社団　三上脳神経外科", "機関区分": 2, "都道府県コード": 34, "市区町村コード": 106, "所在地": "広島県広島市安佐北区可部５丁目１４番１６号", "緯度": 34.520025, "経度": 132.509752, "url": "https://www.iryou.teikyouseido.mhlw.go.jp/znk-web/juminkanja/S2430/initialize?prefCd=34&kikanCd=2340489510&kikanKbn=2", "url2": "http://www.mikami-geka.com", "内容": "医療法人社団　三上脳神経外科【2:診療所】【診療科目:神経内科_脳神経外科_リハビリテーション科_放射線科】広島県広島市安佐北区可部５丁目１４番１６号" }, "geometry": { "type": "Point", "coordinates": [ 132.509752, 34.520025 ] } },
{ "type": "Feature", "properties": { "ID": 3422340489640, "正式名称": "吉本クリニック", "機関区分": 2, "都道府県コード": 34, "市区町村コード": 107, "所在地": "広島県広島市安芸区船越南二丁目１７番１号安芸メディカルサービスビル５階", "緯度": 34.372909, "経度": 132.522294, "url": "https://www.iryou.teikyouseido.mhlw.go.jp/znk-web/juminkanja/S2430/initialize?prefCd=34&kikanCd=2340489640&kikanKbn=2", "url2": null, "内容": "吉本クリニック【2:診療所】【診療科目:外科_皮膚科_アレルギー科】広島県広島市安芸区船越南二丁目１７番１号安芸メディカルサービスビル５階" }, "geometry": { "type": "Point", "coordinates": [ 132.522294, 34.372909 ] } },
{ "type": "Feature", "properties": { "ID": 3422340489800, "正式名称": "医療法人社団大安会　大道内科", "機関区分": 2, "都道府県コード": 34, "市区町村コード": 103, "所在地": "広島県広島市南区東雲本町二丁目１７－５", "緯度": 34.380318, "経度": 132.488622, "url": "https://www.iryou.teikyouseido.mhlw.go.jp/znk-web/juminkanja/S2430/initialize?prefCd=34&kikanCd=2340489800&kikanKbn=2", "url2": null, "内容": "医療法人社団大安会　大道内科【2:診療所】【診療科目:内科_呼吸器内科_循環器内科_アレルギー科_放射線科】広島県広島市南区東雲本町二丁目１７－５" }, "geometry": { "type": "Point", "coordinates": [ 132.488622, 34.380318 ] } },
{ "type": "Feature", "properties": { "ID": 3422340490040, "正式名称": "大田整形外科おおた内科", "機関区分": 2, "都道府県コード": 34, "市区町村コード": 203, "所在地": "広島県竹原市中央４丁目４－２５", "緯度": 34.340447, "経度": 132.908357, "url": "https://www.iryou.teikyouseido.mhlw.go.jp/znk-web/juminkanja/S2430/initialize?prefCd=34&kikanCd=2340490040&kikanKbn=2", "url2": "http://www.ohta-cl.jp/top.htm", "内容": "大田整形外科おおた内科【2:診療所】【診療科目:内科_消化器内科_整形外科_リハビリテーション科】広島県竹原市中央４丁目４－２５" }, "geometry": { "type": "Point", "coordinates": [ 132.908357, 34.340447 ] } },
{ "type": "Feature", "properties": { "ID": 3422340490170, "正式名称": "折田クリニック", "機関区分": 2, "都道府県コード": 34, "市区町村コード": 209, "所在地": "広島県三次市江田川之内町１３６３番地１", "緯度": 34.777287, "経度": 132.907722, "url": "https://www.iryou.teikyouseido.mhlw.go.jp/znk-web/juminkanja/S2430/initialize?prefCd=34&kikanCd=2340490170&kikanKbn=2", "url2": null, "内容": "折田クリニック【2:診療所】【診療科目:内科_胃腸内科_外科】広島県三次市江田川之内町１３６３番地１" }, "geometry": { "type": "Point", "coordinates": [ 132.907722, 34.777287 ] } },
{ "type": "Feature", "properties": { "ID": 3422340490200, "正式名称": "福山医療生活協同組合　ふれあい診療所", "機関区分": 2, "都道府県コード": 34, "市区町村コード": 207, "所在地": "広島県福山市駅家町万能倉９６－３", "緯度": 34.544093, "経度": 133.340654, "url": "https://www.iryou.teikyouseido.mhlw.go.jp/znk-web/juminkanja/S2430/initialize?prefCd=34&kikanCd=2340490200&kikanKbn=2", "url2": "http://www.fico-op.jp/", "内容": "福山医療生活協同組合　ふれあい診療所【2:診療所】【診療科目:内科】広島県福山市駅家町万能倉９６－３" }, "geometry": { "type": "Point", "coordinates": [ 133.340654, 34.544093 ] } },
{ "type": "Feature", "properties": { "ID": 3422340490460, "正式名称": "医療法人仁康会　港町クリニック", "機関区分": 2, "都道府県コード": 34, "市区町村コード": 204, "所在地": "広島県三原市港町三丁目１９番６号", "緯度": 34.398382, "経度": 133.077433, "url": "https://www.iryou.teikyouseido.mhlw.go.jp/znk-web/juminkanja/S2430/initialize?prefCd=34&kikanCd=2340490460&kikanKbn=2", "url2": "http://www.jinkokai.jp/minato/", "内容": "医療法人仁康会　港町クリニック【2:診療所】【診療科目:精神科_心療内科】広島県三原市港町三丁目１９番６号" }, "geometry": { "type": "Point", "coordinates": [ 133.077433, 34.398382 ] } },
{ "type": "Feature", "properties": { "ID": 3422340490590, "正式名称": "原田内科クリニック", "機関区分": 2, "都道府県コード": 34, "市区町村コード": 205, "所在地": "広島県尾道市高須町４７５５番７", "緯度": 34.437204, "経度": 133.236264, "url": "https://www.iryou.teikyouseido.mhlw.go.jp/znk-web/juminkanja/S2430/initialize?prefCd=34&kikanCd=2340490590&kikanKbn=2", "url2": null, "内容": "原田内科クリニック【2:診療所】【診療科目:内科】広島県尾道市高須町４７５５番７" }, "geometry": { "type": "Point", "coordinates": [ 133.236264, 34.437204 ] } },
{ "type": "Feature", "properties": { "ID": 3422340491180, "正式名称": "米田小児科医院", "機関区分": 2, "都道府県コード": 34, "市区町村コード": 203, "所在地": "広島県竹原市中央二丁目１８－１５", "緯度": 34.342292, "経度": 132.912157, "url": "https://www.iryou.teikyouseido.mhlw.go.jp/znk-web/juminkanja/S2430/initialize?prefCd=34&kikanCd=2340491180&kikanKbn=2", "url2": "https://epark.jp", "内容": "米田小児科医院【2:診療所】【診療科目:内科_小児科】広島県竹原市中央二丁目１８－１５" }, "geometry": { "type": "Point", "coordinates": [ 132.912157, 34.342292 ] } },
{ "type": "Feature", "properties": { "ID": 3422340491210, "正式名称": "きむら内科消化器科クリニック", "機関区分": 2, "都道府県コード": 34, "市区町村コード": 202, "所在地": "広島県呉市広大新開３丁目３－５０", "緯度": 34.233419, "経度": 132.629811, "url": "https://www.iryou.teikyouseido.mhlw.go.jp/znk-web/juminkanja/S2430/initialize?prefCd=34&kikanCd=2340491210&kikanKbn=2", "url2": null, "内容": "きむら内科消化器科クリニック【2:診療所】【診療科目:内科_消化器内科_胃腸内科_放射線科】広島県呉市広大新開３丁目３－５０" }, "geometry": { "type": "Point", "coordinates": [ 132.629811, 34.233419 ] } },
{ "type": "Feature", "properties": { "ID": 3422340491470, "正式名称": "藤原整形外科クリニック", "機関区分": 2, "都道府県コード": 34, "市区町村コード": 105, "所在地": "広島県広島市安佐南区緑井５－９－１５", "緯度": 34.469086, "経度": 132.47909, "url": "https://www.iryou.teikyouseido.mhlw.go.jp/znk-web/juminkanja/S2430/initialize?prefCd=34&kikanCd=2340491470&kikanKbn=2", "url2": null, "内容": "藤原整形外科クリニック【2:診療所】【診療科目:整形外科_リハビリテーション科】広島県広島市安佐南区緑井５－９－１５" }, "geometry": { "type": "Point", "coordinates": [ 132.47909, 34.469086 ] } },
{ "type": "Feature", "properties": { "ID": 3422340491760, "正式名称": "くしろ外科胃腸科クリニック", "機関区分": 2, "都道府県コード": 34, "市区町村コード": 104, "所在地": "広島県広島市西区三篠北町１９－２７　イケダビル５階", "緯度": 34.417341, "経度": 132.456067, "url": "https://www.iryou.teikyouseido.mhlw.go.jp/znk-web/juminkanja/S2430/initialize?prefCd=34&kikanCd=2340491760&kikanKbn=2", "url2": null, "内容": "くしろ外科胃腸科クリニック【2:診療所】【診療科目:胃腸内科_外科_肛門外科_整形外科_リハビリテーション科】広島県広島市西区三篠北町１９－２７　イケダビル５階" }, "geometry": { "type": "Point", "coordinates": [ 132.456067, 34.417341 ] } },
{ "type": "Feature", "properties": { "ID": 3422340491890, "正式名称": "医療法人社団リード　島本内科循環器科・皮フ科分院", "機関区分": 2, "都道府県コード": 34, "市区町村コード": 105, "所在地": "広島県広島市安佐南区山本１丁目１５番８号", "緯度": 34.437794, "経度": 132.451152, "url": "https://www.iryou.teikyouseido.mhlw.go.jp/znk-web/juminkanja/S2430/initialize?prefCd=34&kikanCd=2340491890&kikanKbn=2", "url2": null, "内容": "医療法人社団リード　島本内科循環器科・皮フ科分院【2:診療所】【診療科目:内科_循環器内科】広島県広島市安佐南区山本１丁目１５番８号" }, "geometry": { "type": "Point", "coordinates": [ 132.451152, 34.437794 ] } },
{ "type": "Feature", "properties": { "ID": 3422340491920, "正式名称": "松尾胃腸科内科医院", "機関区分": 2, "都道府県コード": 34, "市区町村コード": 104, "所在地": "広島県広島市西区井口明神２丁目７番１５号", "緯度": 34.371261, "経度": 132.388269, "url": "https://www.iryou.teikyouseido.mhlw.go.jp/znk-web/juminkanja/S2430/initialize?prefCd=34&kikanCd=2340491920&kikanKbn=2", "url2": null, "内容": "松尾胃腸科内科医院【2:診療所】【診療科目:内科_消化器内科_胃腸内科】広島県広島市西区井口明神２丁目７番１５号" }, "geometry": { "type": "Point", "coordinates": [ 132.388269, 34.371261 ] } },
{ "type": "Feature", "properties": { "ID": 3422340492060, "正式名称": "みささ内科・消化器科クリニック", "機関区分": 2, "都道府県コード": 34, "市区町村コード": 104, "所在地": "広島県広島市西区三篠北町１９番２７号", "緯度": 34.417341, "経度": 132.456096, "url": "https://www.iryou.teikyouseido.mhlw.go.jp/znk-web/juminkanja/S2430/initialize?prefCd=34&kikanCd=2340492060&kikanKbn=2", "url2": null, "内容": "みささ内科・消化器科クリニック【2:診療所】【診療科目:内科_消化器内科_小児科】広島県広島市西区三篠北町１９番２７号" }, "geometry": { "type": "Point", "coordinates": [ 132.456096, 34.417341 ] } },
{ "type": "Feature", "properties": { "ID": 3422340492190, "正式名称": "医療法人社団　こにしこどもクリニック", "機関区分": 2, "都道府県コード": 34, "市区町村コード": 108, "所在地": "広島県広島市佐伯区城山２丁目２－４　水戸第３ビル　１Ｆ", "緯度": 34.387759, "経度": 132.35541, "url": "https://www.iryou.teikyouseido.mhlw.go.jp/znk-web/juminkanja/S2430/initialize?prefCd=34&kikanCd=2340492190&kikanKbn=2", "url2": null, "内容": "医療法人社団　こにしこどもクリニック【2:診療所】【診療科目:小児科】広島県広島市佐伯区城山２丁目２－４　水戸第３ビル　１Ｆ" }, "geometry": { "type": "Point", "coordinates": [ 132.35541, 34.387759 ] } },
{ "type": "Feature", "properties": { "ID": 3422340492350, "正式名称": "瀬尾医院", "機関区分": 2, "都道府県コード": 34, "市区町村コード": 207, "所在地": "広島県福山市新市町新市８０９－２", "緯度": 34.55573, "経度": 133.275493, "url": "https://www.iryou.teikyouseido.mhlw.go.jp/znk-web/juminkanja/S2430/initialize?prefCd=34&kikanCd=2340492350&kikanKbn=2", "url2": null, "内容": "瀬尾医院【2:診療所】【診療科目:内科_消化器内科_小児科】広島県福山市新市町新市８０９－２" }, "geometry": { "type": "Point", "coordinates": [ 133.275493, 34.55573 ] } },
{ "type": "Feature", "properties": { "ID": 3422340492480, "正式名称": "こどもクリニックさとう", "機関区分": 2, "都道府県コード": 34, "市区町村コード": 205, "所在地": "広島県尾道市久保一丁目２番１２号", "緯度": 34.411355, "経度": 133.203089, "url": "https://www.iryou.teikyouseido.mhlw.go.jp/znk-web/juminkanja/S2430/initialize?prefCd=34&kikanCd=2340492480&kikanKbn=2", "url2": null, "内容": "こどもクリニックさとう【2:診療所】【診療科目:小児科】広島県尾道市久保一丁目２番１２号" }, "geometry": { "type": "Point", "coordinates": [ 133.203089, 34.411355 ] } },
{ "type": "Feature", "properties": { "ID": 3422340492510, "正式名称": "医療法人社団　松本内科胃腸科医院", "機関区分": 2, "都道府県コード": 34, "市区町村コード": 205, "所在地": "広島県尾道市向東町３５７０－５", "緯度": 34.397849, "経度": 133.217745, "url": "https://www.iryou.teikyouseido.mhlw.go.jp/znk-web/juminkanja/S2430/initialize?prefCd=34&kikanCd=2340492510&kikanKbn=2", "url2": "https://matsumoto-naika.jp/", "内容": "医療法人社団　松本内科胃腸科医院【2:診療所】【診療科目:内科_呼吸器内科_循環器内科_消化器内科_放射線科】広島県尾道市向東町３５７０－５" }, "geometry": { "type": "Point", "coordinates": [ 133.217745, 34.397849 ] } },
{ "type": "Feature", "properties": { "ID": 3422340492640, "正式名称": "なぎさ医院", "機関区分": 2, "都道府県コード": 34, "市区町村コード": 204, "所在地": "広島県三原市須波町２－２２－３２", "緯度": 34.364941, "経度": 133.082656, "url": "https://www.iryou.teikyouseido.mhlw.go.jp/znk-web/juminkanja/S2430/initialize?prefCd=34&kikanCd=2340492640&kikanKbn=2", "url2": null, "内容": "なぎさ医院【2:診療所】【診療科目:内科_皮膚科】広島県三原市須波町２－２２－３２" }, "geometry": { "type": "Point", "coordinates": [ 133.082656, 34.364941 ] } },
{ "type": "Feature", "properties": { "ID": 3422340492770, "正式名称": "向井クリニック", "機関区分": 2, "都道府県コード": 34, "市区町村コード": 213, "所在地": "広島県廿日市市前空５丁目３－１６", "緯度": 34.301851, "経度": 132.289857, "url": "https://www.iryou.teikyouseido.mhlw.go.jp/znk-web/juminkanja/S2430/initialize?prefCd=34&kikanCd=2340492770&kikanKbn=2", "url2": null, "内容": "向井クリニック【2:診療所】【診療科目:内科_消化器内科】広島県廿日市市前空５丁目３－１６" }, "geometry": { "type": "Point", "coordinates": [ 132.289857, 34.301851 ] } },
{ "type": "Feature", "properties": { "ID": 3422340492800, "正式名称": "医療法人あかね会　中島土谷クリニック", "機関区分": 2, "都道府県コード": 34, "市区町村コード": 101, "所在地": "広島県広島市中区中島町６－１", "緯度": 34.389708, "経度": 132.451342, "url": "https://www.iryou.teikyouseido.mhlw.go.jp/znk-web/juminkanja/S2430/initialize?prefCd=34&kikanCd=2340492800&kikanKbn=2", "url2": "http://www.tsuchiya-hp.jp", "内容": "医療法人あかね会　中島土谷クリニック【2:診療所】【診療科目:内科_脳神経内科_外科_整形外科_婦人科_放射線科】広島県広島市中区中島町６－１" }, "geometry": { "type": "Point", "coordinates": [ 132.451342, 34.389708 ] } },
{ "type": "Feature", "properties": { "ID": 3422340493100, "正式名称": "かなたクリニック", "機関区分": 2, "都道府県コード": 34, "市区町村コード": 212, "所在地": "広島県東広島市西条町御薗宇２０４９－１", "緯度": 34.41018, "経度": 132.734016, "url": "https://www.iryou.teikyouseido.mhlw.go.jp/znk-web/juminkanja/S2430/initialize?prefCd=34&kikanCd=2340493100&kikanKbn=2", "url2": null, "内容": "かなたクリニック【2:診療所】【診療科目:精神科_心療内科】広島県東広島市西条町御薗宇２０４９－１" }, "geometry": { "type": "Point", "coordinates": [ 132.734016, 34.41018 ] } },
{ "type": "Feature", "properties": { "ID": 3422340493360, "正式名称": "医療法人社団　あいあい会　石岡内科クリニック", "機関区分": 2, "都道府県コード": 34, "市区町村コード": 101, "所在地": "広島県広島市中区紙屋町２－２－６　紙屋町イワミビル　５階", "緯度": 34.394426, "経度": 132.45692, "url": "https://www.iryou.teikyouseido.mhlw.go.jp/znk-web/juminkanja/S2430/initialize?prefCd=34&kikanCd=2340493360&kikanKbn=2", "url2": "http://ishioka-clinic.com/", "内容": "医療法人社団　あいあい会　石岡内科クリニック【2:診療所】【診療科目:内科_呼吸器内科_アレルギー科_リウマチ科】広島県広島市中区紙屋町２－２－６　紙屋町イワミビル　５階" }, "geometry": { "type": "Point", "coordinates": [ 132.45692, 34.394426 ] } },
{ "type": "Feature", "properties": { "ID": 3422340493520, "正式名称": "医療法人　おきた内科クリニック", "機関区分": 2, "都道府県コード": 34, "市区町村コード": 106, "所在地": "広島県広島市安佐北区落合南１丁目１１番１５号", "緯度": 34.467225, "経度": 132.507116, "url": "https://www.iryou.teikyouseido.mhlw.go.jp/znk-web/juminkanja/S2430/initialize?prefCd=34&kikanCd=2340493520&kikanKbn=2", "url2": "http://www.okita-naika.com", "内容": "医療法人　おきた内科クリニック【2:診療所】【診療科目:内科_糖尿病内科_呼吸器内科_循環器内科_消化器内科_漢方内科_老年内科_内視鏡内科_リウマチ科_リハビリテーション科】広島県広島市安佐北区落合南１丁目１１番１５号" }, "geometry": { "type": "Point", "coordinates": [ 132.507116, 34.467225 ] } },
{ "type": "Feature", "properties": { "ID": 3422340493650, "正式名称": "岡山形成外科", "機関区分": 2, "都道府県コード": 34, "市区町村コード": 101, "所在地": "広島県広島市中区八丁堀１１番１８号　八丁堀坪井ビル４階", "緯度": 34.395002, "経度": 132.462119, "url": "https://www.iryou.teikyouseido.mhlw.go.jp/znk-web/juminkanja/S2430/initialize?prefCd=34&kikanCd=2340493650&kikanKbn=2", "url2": "http://www.okayamakeisei.com", "内容": "岡山形成外科【2:診療所】【診療科目:形成外科_美容外科】広島県広島市中区八丁堀１１番１８号　八丁堀坪井ビル４階" }, "geometry": { "type": "Point", "coordinates": [ 132.462119, 34.395002 ] } },
{ "type": "Feature", "properties": { "ID": 3422340493810, "正式名称": "医療法人　まが医院", "機関区分": 2, "都道府県コード": 34, "市区町村コード": 207, "所在地": "広島県福山市神辺町平野１２１番地５", "緯度": 34.547205, "経度": 133.390872, "url": "https://www.iryou.teikyouseido.mhlw.go.jp/znk-web/juminkanja/S2430/initialize?prefCd=34&kikanCd=2340493810&kikanKbn=2", "url2": "https://www.magaiin.jp", "内容": "医療法人　まが医院【2:診療所】【診療科目:内科】広島県福山市神辺町平野１２１番地５" }, "geometry": { "type": "Point", "coordinates": [ 133.390872, 34.547205 ] } },
{ "type": "Feature", "properties": { "ID": 3422340494110, "正式名称": "出口内科クリニック", "機関区分": 2, "都道府県コード": 34, "市区町村コード": 103, "所在地": "広島県広島市南区金屋町８－７", "緯度": 34.390566, "経度": 132.473928, "url": "https://www.iryou.teikyouseido.mhlw.go.jp/znk-web/juminkanja/S2430/initialize?prefCd=34&kikanCd=2340494110&kikanKbn=2", "url2": null, "内容": "出口内科クリニック【2:診療所】【診療科目:内科_消化器内科_放射線科】広島県広島市南区金屋町８－７" }, "geometry": { "type": "Point", "coordinates": [ 132.473928, 34.390566 ] } },
{ "type": "Feature", "properties": { "ID": 3422340494370, "正式名称": "サザンクリニック整形外科・内科", "機関区分": 2, "都道府県コード": 34, "市区町村コード": 101, "所在地": "広島県広島市中区江波本町５番２８号", "緯度": 34.369957, "経度": 132.435543, "url": "https://www.iryou.teikyouseido.mhlw.go.jp/znk-web/juminkanja/S2430/initialize?prefCd=34&kikanCd=2340494370&kikanKbn=2", "url2": "https://sites.google.com/view/southern-clinic", "内容": "サザンクリニック整形外科・内科【2:診療所】【診療科目:内科_整形外科_小児科_リハビリテーション科】広島県広島市中区江波本町５番２８号" }, "geometry": { "type": "Point", "coordinates": [ 132.435543, 34.369957 ] } },
{ "type": "Feature", "properties": { "ID": 3422340494400, "正式名称": "医療法人　木曽胃腸科内科", "機関区分": 2, "都道府県コード": 34, "市区町村コード": 204, "所在地": "広島県三原市明神２丁目１１－７", "緯度": 34.387382, "経度": 133.050575, "url": "https://www.iryou.teikyouseido.mhlw.go.jp/znk-web/juminkanja/S2430/initialize?prefCd=34&kikanCd=2340494400&kikanKbn=2", "url2": "https://kiso-clinic.com", "内容": "医療法人　木曽胃腸科内科【2:診療所】【診療科目:内科_胃腸内科】広島県三原市明神２丁目１１－７" }, "geometry": { "type": "Point", "coordinates": [ 133.050575, 34.387382 ] } },
{ "type": "Feature", "properties": { "ID": 3422340494820, "正式名称": "医療法人　和会　山村クリニック", "機関区分": 2, "都道府県コード": 34, "市区町村コード": 101, "所在地": "広島県広島市中区紙屋町二丁目２番６号　カミヤチョウイワミビル３Ｆ", "緯度": 34.394371, "経度": 132.45704, "url": "https://www.iryou.teikyouseido.mhlw.go.jp/znk-web/juminkanja/S2430/initialize?prefCd=34&kikanCd=2340494820&kikanKbn=2", "url2": "http://www.yamamura-clinic.net", "内容": "医療法人　和会　山村クリニック【2:診療所】【診療科目:脳神経外科】広島県広島市中区紙屋町二丁目２番６号　カミヤチョウイワミビル３Ｆ" }, "geometry": { "type": "Point", "coordinates": [ 132.45704, 34.394371 ] } },
{ "type": "Feature", "properties": { "ID": 3422340495120, "正式名称": "内藤クリニック", "機関区分": 2, "都道府県コード": 34, "市区町村コード": 207, "所在地": "広島県福山市駅家町万能倉９２５－３", "緯度": 34.544537, "経度": 133.331822, "url": "https://www.iryou.teikyouseido.mhlw.go.jp/znk-web/juminkanja/S2430/initialize?prefCd=34&kikanCd=2340495120&kikanKbn=2", "url2": "http://www.naito-clinic.net/", "内容": "内藤クリニック【2:診療所】【診療科目:内科_循環器内科_消化器内科_外科_アレルギー科】広島県福山市駅家町万能倉９２５－３" }, "geometry": { "type": "Point", "coordinates": [ 133.331822, 34.544537 ] } },
{ "type": "Feature", "properties": { "ID": 3422340495380, "正式名称": "医療法人社団ライフアスリート高陽整形外科クリニック", "機関区分": 2, "都道府県コード": 34, "市区町村コード": 106, "所在地": "広島県広島市安佐北区口田南８丁目１４番１３号", "緯度": 34.465036, "経度": 132.504488, "url": "https://www.iryou.teikyouseido.mhlw.go.jp/znk-web/juminkanja/S2430/initialize?prefCd=34&kikanCd=2340495380&kikanKbn=2", "url2": "https://lifeathlete.or.jp", "内容": "医療法人社団ライフアスリート高陽整形外科クリニック【2:診療所】【診療科目:整形外科】広島県広島市安佐北区口田南８丁目１４番１３号" }, "geometry": { "type": "Point", "coordinates": [ 132.504488, 34.465036 ] } },
{ "type": "Feature", "properties": { "ID": 3422340495410, "正式名称": "医療法人社団　沼田皮膚科クリニック", "機関区分": 2, "都道府県コード": 34, "市区町村コード": 101, "所在地": "広島県広島市中区幟町１３－１４　マツダビル２階", "緯度": 34.39366, "経度": 132.466073, "url": "https://www.iryou.teikyouseido.mhlw.go.jp/znk-web/juminkanja/S2430/initialize?prefCd=34&kikanCd=2340495410&kikanKbn=2", "url2": "http://www.numata-hifuka.or.jp", "内容": "医療法人社団　沼田皮膚科クリニック【2:診療所】【診療科目:皮膚科_アレルギー科】広島県広島市中区幟町１３－１４　マツダビル２階" }, "geometry": { "type": "Point", "coordinates": [ 132.466073, 34.39366 ] } },
{ "type": "Feature", "properties": { "ID": 3422340495670, "正式名称": "みはら眼科", "機関区分": 2, "都道府県コード": 34, "市区町村コード": 207, "所在地": "広島県福山市神辺町新徳田二丁目３０９番地", "緯度": 34.547066, "経度": 133.371013, "url": "https://www.iryou.teikyouseido.mhlw.go.jp/znk-web/juminkanja/S2430/initialize?prefCd=34&kikanCd=2340495670&kikanKbn=2", "url2": "https://www.miharaganka.info", "内容": "みはら眼科【2:診療所】【診療科目:眼科】広島県福山市神辺町新徳田二丁目３０９番地" }, "geometry": { "type": "Point", "coordinates": [ 133.371013, 34.547066 ] } },
{ "type": "Feature", "properties": { "ID": 3422340496130, "正式名称": "医療法人　秀陽会　こもりクリニック", "機関区分": 2, "都道府県コード": 34, "市区町村コード": 106, "所在地": "広島県広島市安佐北区安佐町飯室１５６９番地１", "緯度": 34.550938, "経度": 132.445201, "url": "https://www.iryou.teikyouseido.mhlw.go.jp/znk-web/juminkanja/S2430/initialize?prefCd=34&kikanCd=2340496130&kikanKbn=2", "url2": "http://www.komoriclinic.jp/", "内容": "医療法人　秀陽会　こもりクリニック【2:診療所】【診療科目:形成外科_眼科】広島県広島市安佐北区安佐町飯室１５６９番地１" }, "geometry": { "type": "Point", "coordinates": [ 132.445201, 34.550938 ] } },
{ "type": "Feature", "properties": { "ID": 3422340496260, "正式名称": "金沢内科・循環器科", "機関区分": 2, "都道府県コード": 34, "市区町村コード": 107, "所在地": "広島県広島市安芸区矢野西四丁目１０－１８　ジーニアルビル２Ｆ", "緯度": 34.351059, "経度": 132.530759, "url": "https://www.iryou.teikyouseido.mhlw.go.jp/znk-web/juminkanja/S2430/initialize?prefCd=34&kikanCd=2340496260&kikanKbn=2", "url2": null, "内容": "金沢内科・循環器科【2:診療所】【診療科目:内科_循環器内科】広島県広島市安芸区矢野西四丁目１０－１８　ジーニアルビル２Ｆ" }, "geometry": { "type": "Point", "coordinates": [ 132.530759, 34.351059 ] } },
{ "type": "Feature", "properties": { "ID": 3422340496420, "正式名称": "藤田小児科内科医院", "機関区分": 2, "都道府県コード": 34, "市区町村コード": 207, "所在地": "広島県福山市春日町３丁目１０－２５", "緯度": 34.511564, "経度": 133.4143, "url": "https://www.iryou.teikyouseido.mhlw.go.jp/znk-web/juminkanja/S2430/initialize?prefCd=34&kikanCd=2340496420&kikanKbn=2", "url2": "http://fujitashomikanaika.wixsite.com/garden2nd", "内容": "藤田小児科内科医院【2:診療所】【診療科目:内科_小児科_精神科_アレルギー科】広島県福山市春日町３丁目１０－２５" }, "geometry": { "type": "Point", "coordinates": [ 133.4143, 34.511564 ] } },
{ "type": "Feature", "properties": { "ID": 3422340496840, "正式名称": "武皮膚科医院", "機関区分": 2, "都道府県コード": 34, "市区町村コード": 207, "所在地": "広島県福山市東川口町５－１７－１８", "緯度": 34.471935, "経度": 133.390959, "url": "https://www.iryou.teikyouseido.mhlw.go.jp/znk-web/juminkanja/S2430/initialize?prefCd=34&kikanCd=2340496840&kikanKbn=2", "url2": null, "内容": "武皮膚科医院【2:診療所】【診療科目:皮膚科】広島県福山市東川口町５－１７－１８" }, "geometry": { "type": "Point", "coordinates": [ 133.390959, 34.471935 ] } },
{ "type": "Feature", "properties": { "ID": 3422340497270, "正式名称": "医療法人社団三康会　得能クリニック", "機関区分": 2, "都道府県コード": 34, "市区町村コード": 204, "所在地": "広島県三原市宗郷一丁目３－１２", "緯度": 34.386022, "経度": 133.066212, "url": "https://www.iryou.teikyouseido.mhlw.go.jp/znk-web/juminkanja/S2430/initialize?prefCd=34&kikanCd=2340497270&kikanKbn=2", "url2": null, "内容": "医療法人社団三康会　得能クリニック【2:診療所】【診療科目:内科_呼吸器内科_外科_整形外科_アレルギー科_リハビリテーション科】広島県三原市宗郷一丁目３－１２" }, "geometry": { "type": "Point", "coordinates": [ 133.066212, 34.386022 ] } },
{ "type": "Feature", "properties": { "ID": 3422340497300, "正式名称": "ゆみば子どもクリニック", "機関区分": 2, "都道府県コード": 34, "市区町村コード": 202, "所在地": "広島県呉市焼山北１丁目７番８号", "緯度": 34.298978, "経度": 132.558164, "url": "https://www.iryou.teikyouseido.mhlw.go.jp/znk-web/juminkanja/S2430/initialize?prefCd=34&kikanCd=2340497300&kikanKbn=2", "url2": "https://www.yumiba-kids.com", "内容": "ゆみば子どもクリニック【2:診療所】【診療科目:小児科】広島県呉市焼山北１丁目７番８号" }, "geometry": { "type": "Point", "coordinates": [ 132.558164, 34.298978 ] } },
{ "type": "Feature", "properties": { "ID": 3422340497430, "正式名称": "姫野内科医院", "機関区分": 2, "都道府県コード": 34, "市区町村コード": 202, "所在地": "広島県呉市東中央４－５－２５", "緯度": 34.254888, "経度": 132.57212, "url": "https://www.iryou.teikyouseido.mhlw.go.jp/znk-web/juminkanja/S2430/initialize?prefCd=34&kikanCd=2340497430&kikanKbn=2", "url2": null, "内容": "姫野内科医院【2:診療所】【診療科目:内科_循環器内科_消化器内科】広島県呉市東中央４－５－２５" }, "geometry": { "type": "Point", "coordinates": [ 132.57212, 34.254888 ] } },
{ "type": "Feature", "properties": { "ID": 3422340497980, "正式名称": "医療法人社団　仁正会　ざおう眼科", "機関区分": 2, "都道府県コード": 34, "市区町村コード": 207, "所在地": "広島県福山市南蔵王町５丁目９番１８号", "緯度": 34.504598, "経度": 133.399873, "url": "https://www.iryou.teikyouseido.mhlw.go.jp/znk-web/juminkanja/S2430/initialize?prefCd=34&kikanCd=2340497980&kikanKbn=2", "url2": null, "内容": "医療法人社団　仁正会　ざおう眼科【2:診療所】【診療科目:眼科】広島県福山市南蔵王町５丁目９番１８号" }, "geometry": { "type": "Point", "coordinates": [ 133.399873, 34.504598 ] } },
{ "type": "Feature", "properties": { "ID": 3422340498020, "正式名称": "上原内科クリニック", "機関区分": 2, "都道府県コード": 34, "市区町村コード": 105, "所在地": "広島県広島市安佐南区八木八丁目１１番１０号", "緯度": 34.491148, "経度": 132.50632, "url": "https://www.iryou.teikyouseido.mhlw.go.jp/znk-web/juminkanja/S2430/initialize?prefCd=34&kikanCd=2340498020&kikanKbn=2", "url2": null, "内容": "上原内科クリニック【2:診療所】【診療科目:内科_呼吸器内科_循環器内科_消化器内科】広島県広島市安佐南区八木八丁目１１番１０号" }, "geometry": { "type": "Point", "coordinates": [ 132.50632, 34.491148 ] } },
{ "type": "Feature", "properties": { "ID": 3422340498280, "正式名称": "医療法人　はまさきこどもクリニック", "機関区分": 2, "都道府県コード": 34, "市区町村コード": 104, "所在地": "広島県広島市西区庚午中三丁目５－１３", "緯度": 34.3835, "経度": 132.411422, "url": "https://www.iryou.teikyouseido.mhlw.go.jp/znk-web/juminkanja/S2430/initialize?prefCd=34&kikanCd=2340498280&kikanKbn=2", "url2": "http://hamacli.sakura.ne.jp/", "内容": "医療法人　はまさきこどもクリニック【2:診療所】【診療科目:小児科】広島県広島市西区庚午中三丁目５－１３" }, "geometry": { "type": "Point", "coordinates": [ 132.411422, 34.3835 ] } },
{ "type": "Feature", "properties": { "ID": 3422340498440, "正式名称": "医療法人社団はつき会　井槌産婦人科", "機関区分": 2, "都道府県コード": 34, "市区町村コード": 101, "所在地": "広島県広島市中区鉄砲町９番２４号", "緯度": 34.394666, "経度": 132.464992, "url": "https://www.iryou.teikyouseido.mhlw.go.jp/znk-web/juminkanja/S2430/initialize?prefCd=34&kikanCd=2340498440&kikanKbn=2", "url2": "www.izuchi-clinic.jp", "内容": "医療法人社団はつき会　井槌産婦人科【2:診療所】【診療科目:内科_産婦人科】広島県広島市中区鉄砲町９番２４号" }, "geometry": { "type": "Point", "coordinates": [ 132.464992, 34.394666 ] } },
{ "type": "Feature", "properties": { "ID": 3422340498570, "正式名称": "医療法人　森岡神経内科", "機関区分": 2, "都道府県コード": 34, "市区町村コード": 106, "所在地": "広島県広島市安佐北区可部南四丁目９－１７", "緯度": 34.507749, "経度": 132.512003, "url": "https://www.iryou.teikyouseido.mhlw.go.jp/znk-web/juminkanja/S2430/initialize?prefCd=34&kikanCd=2340498570&kikanKbn=2", "url2": "http://www.16.ocn.ne.jp/~moriokac/", "内容": "医療法人　森岡神経内科【2:診療所】【診療科目:神経内科_精神科_心療内科】広島県広島市安佐北区可部南四丁目９－１７" }, "geometry": { "type": "Point", "coordinates": [ 132.512003, 34.507749 ] } },
{ "type": "Feature", "properties": { "ID": 3422340498730, "正式名称": "医療法人　ふじえ小児科", "機関区分": 2, "都道府県コード": 34, "市区町村コード": 108, "所在地": "広島県広島市佐伯区八幡東三丁目２８－１７", "緯度": 34.384019, "経度": 132.36166, "url": "https://www.iryou.teikyouseido.mhlw.go.jp/znk-web/juminkanja/S2430/initialize?prefCd=34&kikanCd=2340498730&kikanKbn=2", "url2": null, "内容": "医療法人　ふじえ小児科【2:診療所】【診療科目:小児科】広島県広島市佐伯区八幡東三丁目２８－１７" }, "geometry": { "type": "Point", "coordinates": [ 132.36166, 34.384019 ] } },
{ "type": "Feature", "properties": { "ID": 3422340498990, "正式名称": "藪田耳鼻咽喉科医院", "機関区分": 2, "都道府県コード": 34, "市区町村コード": 104, "所在地": "広島県広島市西区井口鈴が台三丁目５番２０号", "緯度": 34.375523, "経度": 132.37866, "url": "https://www.iryou.teikyouseido.mhlw.go.jp/znk-web/juminkanja/S2430/initialize?prefCd=34&kikanCd=2340498990&kikanKbn=2", "url2": null, "内容": "藪田耳鼻咽喉科医院【2:診療所】【診療科目:耳鼻咽喉科_耳鼻いんこう科】広島県広島市西区井口鈴が台三丁目５番２０号" }, "geometry": { "type": "Point", "coordinates": [ 132.37866, 34.375523 ] } },
{ "type": "Feature", "properties": { "ID": 3422340499290, "正式名称": "うさがわクリニック", "機関区分": 2, "都道府県コード": 34, "市区町村コード": 101, "所在地": "広島県広島市中区幟町１４番１６号", "緯度": 34.393746, "経度": 132.466553, "url": "https://www.iryou.teikyouseido.mhlw.go.jp/znk-web/juminkanja/S2430/initialize?prefCd=34&kikanCd=2340499290&kikanKbn=2", "url2": null, "内容": "うさがわクリニック【2:診療所】【診療科目:内科_放射線診断科】広島県広島市中区幟町１４番１６号" }, "geometry": { "type": "Point", "coordinates": [ 132.466553, 34.393746 ] } },
{ "type": "Feature", "properties": { "ID": 3422340499610, "正式名称": "せきとう内科消化器科クリニック", "機関区分": 2, "都道府県コード": 34, "市区町村コード": 212, "所在地": "広島県東広島市西条町御薗宇５４８９－５", "緯度": 34.412377, "経度": 132.751079, "url": "https://www.iryou.teikyouseido.mhlw.go.jp/znk-web/juminkanja/S2430/initialize?prefCd=34&kikanCd=2340499610&kikanKbn=2", "url2": null, "内容": "せきとう内科消化器科クリニック【2:診療所】【診療科目:内科_呼吸器内科_消化器内科_小児科】広島県東広島市西条町御薗宇５４８９－５" }, "geometry": { "type": "Point", "coordinates": [ 132.751079, 34.412377 ] } },
{ "type": "Feature", "properties": { "ID": 3422340499740, "正式名称": "医療法人社団　こね森内科医院", "機関区分": 2, "都道府県コード": 34, "市区町村コード": 209, "所在地": "広島県三次市十日市東四丁目１番１号", "緯度": 34.803779, "経度": 132.858599, "url": "https://www.iryou.teikyouseido.mhlw.go.jp/znk-web/juminkanja/S2430/initialize?prefCd=34&kikanCd=2340499740&kikanKbn=2", "url2": "http://www.pionet.ne.jp/~konemori/", "内容": "医療法人社団　こね森内科医院【2:診療所】【診療科目:内科_呼吸器内科_循環器内科_消化器内科】広島県三次市十日市東四丁目１番１号" }, "geometry": { "type": "Point", "coordinates": [ 132.858599, 34.803779 ] } },
{ "type": "Feature", "properties": { "ID": 3422340500200, "正式名称": "山中眼科医院", "機関区分": 2, "都道府県コード": 34, "市区町村コード": 102, "所在地": "広島県広島市東区戸坂千足１丁目１番２１号　吉興ビル２階", "緯度": 34.437728, "経度": 132.481731, "url": "https://www.iryou.teikyouseido.mhlw.go.jp/znk-web/juminkanja/S2430/initialize?prefCd=34&kikanCd=2340500200&kikanKbn=2", "url2": null, "内容": "山中眼科医院【2:診療所】【診療科目:眼科】広島県広島市東区戸坂千足１丁目１番２１号　吉興ビル２階" }, "geometry": { "type": "Point", "coordinates": [ 132.481731, 34.437728 ] } },
{ "type": "Feature", "properties": { "ID": 3422340500330, "正式名称": "医療法人　小畑内科クリニック", "機関区分": 2, "都道府県コード": 34, "市区町村コード": 102, "所在地": "広島県広島市東区曙町五丁目３－２６", "緯度": 34.394321, "経度": 132.491539, "url": "https://www.iryou.teikyouseido.mhlw.go.jp/znk-web/juminkanja/S2430/initialize?prefCd=34&kikanCd=2340500330&kikanKbn=2", "url2": null, "内容": "医療法人　小畑内科クリニック【2:診療所】【診療科目:内科_呼吸器内科_循環器内科_消化器内科_腎臓内科_人工透析内科_小児科】広島県広島市東区曙町五丁目３－２６" }, "geometry": { "type": "Point", "coordinates": [ 132.491539, 34.394321 ] } },
{ "type": "Feature", "properties": { "ID": 3422340500460, "正式名称": "竹内医院", "機関区分": 2, "都道府県コード": 34, "市区町村コード": 103, "所在地": "広島県広島市南区宇品神田四丁目７－８", "緯度": 34.361375, "経度": 132.465152, "url": "https://www.iryou.teikyouseido.mhlw.go.jp/znk-web/juminkanja/S2430/initialize?prefCd=34&kikanCd=2340500460&kikanKbn=2", "url2": "https://mtythtkt2015.jimdofree.com/", "内容": "竹内医院【2:診療所】【診療科目:内科_消化器内科_放射線科】広島県広島市南区宇品神田四丁目７－８" }, "geometry": { "type": "Point", "coordinates": [ 132.465152, 34.361375 ] } },
{ "type": "Feature", "properties": { "ID": 3422340500750, "正式名称": "いとう耳鼻咽喉科クリニック", "機関区分": 2, "都道府県コード": 34, "市区町村コード": 202, "所在地": "広島県呉市三条３丁目２－７", "緯度": 34.248221, "経度": 132.554463, "url": "https://www.iryou.teikyouseido.mhlw.go.jp/znk-web/juminkanja/S2430/initialize?prefCd=34&kikanCd=2340500750&kikanKbn=2", "url2": null, "内容": "いとう耳鼻咽喉科クリニック【2:診療所】【診療科目:耳鼻いんこう科】広島県呉市三条３丁目２－７" }, "geometry": { "type": "Point", "coordinates": [ 132.554463, 34.248221 ] } },
{ "type": "Feature", "properties": { "ID": 3422340500880, "正式名称": "寺岡内科・呼吸器科", "機関区分": 2, "都道府県コード": 34, "市区町村コード": 202, "所在地": "広島県呉市本通５丁目６－１２", "緯度": 34.24976, "経度": 132.571976, "url": "https://www.iryou.teikyouseido.mhlw.go.jp/znk-web/juminkanja/S2430/initialize?prefCd=34&kikanCd=2340500880&kikanKbn=2", "url2": null, "内容": "寺岡内科・呼吸器科【2:診療所】【診療科目:内科_呼吸器内科_小児科_アレルギー科】広島県呉市本通５丁目６－１２" }, "geometry": { "type": "Point", "coordinates": [ 132.571976, 34.24976 ] } },
{ "type": "Feature", "properties": { "ID": 3422340501050, "正式名称": "医療法人　能宗クリニック", "機関区分": 2, "都道府県コード": 34, "市区町村コード": 205, "所在地": "広島県尾道市土堂２丁目６－１７", "緯度": 34.408077, "経度": 133.201311, "url": "https://www.iryou.teikyouseido.mhlw.go.jp/znk-web/juminkanja/S2430/initialize?prefCd=34&kikanCd=2340501050&kikanKbn=2", "url2": null, "内容": "医療法人　能宗クリニック【2:診療所】【診療科目:形成外科_皮膚科_アレルギー科】広島県尾道市土堂２丁目６－１７" }, "geometry": { "type": "Point", "coordinates": [ 133.201311, 34.408077 ] } },
{ "type": "Feature", "properties": { "ID": 3422340501210, "正式名称": "草浦医院", "機関区分": 2, "都道府県コード": 34, "市区町村コード": 207, "所在地": "広島県福山市駅家町万能倉１０３８", "緯度": 34.549898, "経度": 133.331933, "url": "https://www.iryou.teikyouseido.mhlw.go.jp/znk-web/juminkanja/S2430/initialize?prefCd=34&kikanCd=2340501210&kikanKbn=2", "url2": null, "内容": "草浦医院【2:診療所】【診療科目:内科_胃腸内科】広島県福山市駅家町万能倉１０３８" }, "geometry": { "type": "Point", "coordinates": [ 133.331933, 34.549898 ] } },
{ "type": "Feature", "properties": { "ID": 3422340502060, "正式名称": "高橋医院", "機関区分": 2, "都道府県コード": 34, "市区町村コード": 207, "所在地": "広島県福山市沼隈町草深４２８－１", "緯度": 34.39397, "経度": 133.320469, "url": "https://www.iryou.teikyouseido.mhlw.go.jp/znk-web/juminkanja/S2430/initialize?prefCd=34&kikanCd=2340502060&kikanKbn=2", "url2": null, "内容": "高橋医院【2:診療所】【診療科目:内科_胃腸内科_外科】広島県福山市沼隈町草深４２８－１" }, "geometry": { "type": "Point", "coordinates": [ 133.320469, 34.39397 ] } },
{ "type": "Feature", "properties": { "ID": 3422340502480, "正式名称": "黒瀬クリニック", "機関区分": 2, "都道府県コード": 34, "市区町村コード": 207, "所在地": "広島県福山市三吉町南一丁目１１番１５号", "緯度": 34.491849, "経度": 133.379098, "url": "https://www.iryou.teikyouseido.mhlw.go.jp/znk-web/juminkanja/S2430/initialize?prefCd=34&kikanCd=2340502480&kikanKbn=2", "url2": null, "内容": "黒瀬クリニック【2:診療所】【診療科目:内科_糖尿病内科_外科】広島県福山市三吉町南一丁目１１番１５号" }, "geometry": { "type": "Point", "coordinates": [ 133.379098, 34.491849 ] } },
{ "type": "Feature", "properties": { "ID": 3422340502800, "正式名称": "佐々木眼科", "機関区分": 2, "都道府県コード": 34, "市区町村コード": 104, "所在地": "広島県広島市西区己斐本町三丁目４－５", "緯度": 34.395752, "経度": 132.426839, "url": "https://www.iryou.teikyouseido.mhlw.go.jp/znk-web/juminkanja/S2430/initialize?prefCd=34&kikanCd=2340502800&kikanKbn=2", "url2": "http://miyagawaganka.jp", "内容": "佐々木眼科【2:診療所】【診療科目:眼科】広島県広島市西区己斐本町三丁目４－５" }, "geometry": { "type": "Point", "coordinates": [ 132.426839, 34.395752 ] } },
{ "type": "Feature", "properties": { "ID": 3422340503100, "正式名称": "医療法人社団　まきだクリニック", "機関区分": 2, "都道府県コード": 34, "市区町村コード": 212, "所在地": "広島県東広島市高屋町中島３１－１７", "緯度": 34.4454, "経度": 132.793565, "url": "https://www.iryou.teikyouseido.mhlw.go.jp/znk-web/juminkanja/S2430/initialize?prefCd=34&kikanCd=2340503100&kikanKbn=2", "url2": null, "内容": "医療法人社団　まきだクリニック【2:診療所】【診療科目:内科_呼吸器内科_循環器内科_消化器内科_小児科_アレルギー科】広島県東広島市高屋町中島３１－１７" }, "geometry": { "type": "Point", "coordinates": [ 132.793565, 34.4454 ] } },
{ "type": "Feature", "properties": { "ID": 3422340503230, "正式名称": "土本内科消化器科医院", "機関区分": 2, "都道府県コード": 34, "市区町村コード": 202, "所在地": "広島県呉市伏原１丁目３番１８号", "緯度": 34.253916, "経度": 132.574481, "url": "https://www.iryou.teikyouseido.mhlw.go.jp/znk-web/juminkanja/S2430/initialize?prefCd=34&kikanCd=2340503230&kikanKbn=2", "url2": null, "内容": "土本内科消化器科医院【2:診療所】【診療科目:内科】広島県呉市伏原１丁目３番１８号" }, "geometry": { "type": "Point", "coordinates": [ 132.574481, 34.253916 ] } },
{ "type": "Feature", "properties": { "ID": 3422340503360, "正式名称": "小川眼科", "機関区分": 2, "都道府県コード": 34, "市区町村コード": 209, "所在地": "広島県三次市南畑敷町７７番１号", "緯度": 34.805164, "経度": 132.868633, "url": "https://www.iryou.teikyouseido.mhlw.go.jp/znk-web/juminkanja/S2430/initialize?prefCd=34&kikanCd=2340503360&kikanKbn=2", "url2": "http://ogawa-eye.byoinnavi.jp", "内容": "小川眼科【2:診療所】【診療科目:眼科】広島県三次市南畑敷町７７番１号" }, "geometry": { "type": "Point", "coordinates": [ 132.868633, 34.805164 ] } },
{ "type": "Feature", "properties": { "ID": 3422340503810, "正式名称": "中島クリニック", "機関区分": 2, "都道府県コード": 34, "市区町村コード": 108, "所在地": "広島県広島市佐伯区旭園４番２９号　山根ビル一階", "緯度": 34.365632, "経度": 132.367438, "url": "https://www.iryou.teikyouseido.mhlw.go.jp/znk-web/juminkanja/S2430/initialize?prefCd=34&kikanCd=2340503810&kikanKbn=2", "url2": null, "内容": "中島クリニック【2:診療所】【診療科目:内科_精神科_心療内科】広島県広島市佐伯区旭園４番２９号　山根ビル一階" }, "geometry": { "type": "Point", "coordinates": [ 132.367438, 34.365632 ] } },
{ "type": "Feature", "properties": { "ID": 3422340504080, "正式名称": "医療法人社団　いけだ小児科", "機関区分": 2, "都道府県コード": 34, "市区町村コード": 207, "所在地": "広島県福山市南蔵王町三丁目７番４２号", "緯度": 34.500599, "経度": 133.393513, "url": "https://www.iryou.teikyouseido.mhlw.go.jp/znk-web/juminkanja/S2430/initialize?prefCd=34&kikanCd=2340504080&kikanKbn=2", "url2": null, "内容": "医療法人社団　いけだ小児科【2:診療所】【診療科目:小児科_アレルギー科】広島県福山市南蔵王町三丁目７番４２号" }, "geometry": { "type": "Point", "coordinates": [ 133.393513, 34.500599 ] } },
{ "type": "Feature", "properties": { "ID": 3422340504110, "正式名称": "みやび皮膚科クリニック", "機関区分": 2, "都道府県コード": 34, "市区町村コード": 202, "所在地": "広島県呉市西中央一丁目３番１０号　メディカルスクエアビル３階", "緯度": 34.246778, "経度": 132.555928, "url": "https://www.iryou.teikyouseido.mhlw.go.jp/znk-web/juminkanja/S2430/initialize?prefCd=34&kikanCd=2340504110&kikanKbn=2", "url2": null, "内容": "みやび皮膚科クリニック【2:診療所】【診療科目:皮膚科】広島県呉市西中央一丁目３番１０号　メディカルスクエアビル３階" }, "geometry": { "type": "Point", "coordinates": [ 132.555928, 34.246778 ] } },
{ "type": "Feature", "properties": { "ID": 3422340504240, "正式名称": "下原循環器内科クリニック", "機関区分": 2, "都道府県コード": 34, "市区町村コード": 202, "所在地": "広島県呉市西中央１丁目３－１０　４Ｆ", "緯度": 34.246804, "経度": 132.555972, "url": "https://www.iryou.teikyouseido.mhlw.go.jp/znk-web/juminkanja/S2430/initialize?prefCd=34&kikanCd=2340504240&kikanKbn=2", "url2": null, "内容": "下原循環器内科クリニック【2:診療所】【診療科目:内科_感染症内科_血液内科_代謝内科_内分泌内科_脂質代謝内科_糖尿病・内分泌内科_糖尿病・代謝内科_代謝・内分泌内科_呼吸器内科_循環器内科_心臓内科_消化器内科_胃腸内科_腎臓内科_老年内科_アレルギー疾患内科】広島県呉市西中央１丁目３－１０　４Ｆ" }, "geometry": { "type": "Point", "coordinates": [ 132.555972, 34.246804 ] } },
{ "type": "Feature", "properties": { "ID": 3422340504790, "正式名称": "東広島整形外科クリニック", "機関区分": 2, "都道府県コード": 34, "市区町村コード": 212, "所在地": "広島県東広島市西条町御薗宇４２８１－１", "緯度": 34.406792, "経度": 132.751182, "url": "https://www.iryou.teikyouseido.mhlw.go.jp/znk-web/juminkanja/S2430/initialize?prefCd=34&kikanCd=2340504790&kikanKbn=2", "url2": "http://www.hmh.or.jp/seikei/", "内容": "東広島整形外科クリニック【2:診療所】【診療科目:整形外科_リウマチ科_リハビリテーション科】広島県東広島市西条町御薗宇４２８１－１" }, "geometry": { "type": "Point", "coordinates": [ 132.751182, 34.406792 ] } },
{ "type": "Feature", "properties": { "ID": 3422340504820, "正式名称": "むぎ耳鼻咽喉科医院", "機関区分": 2, "都道府県コード": 34, "市区町村コード": 212, "所在地": "広島県東広島市黒瀬町兼広１４０", "緯度": 34.322827, "経度": 132.663387, "url": "https://www.iryou.teikyouseido.mhlw.go.jp/znk-web/juminkanja/S2430/initialize?prefCd=34&kikanCd=2340504820&kikanKbn=2", "url2": "https://mugi-ent.com", "内容": "むぎ耳鼻咽喉科医院【2:診療所】【診療科目:耳鼻いんこう科_気管食道・耳鼻いんこう科_頭頸部・耳鼻いんこう科】広島県東広島市黒瀬町兼広１４０" }, "geometry": { "type": "Point", "coordinates": [ 132.663387, 34.322827 ] } },
{ "type": "Feature", "properties": { "ID": 3422340504950, "正式名称": "おおたクリニック", "機関区分": 2, "都道府県コード": 34, "市区町村コード": 209, "所在地": "広島県三次市三和町敷名１１４６１－５", "緯度": 34.664127, "経度": 132.846551, "url": "https://www.iryou.teikyouseido.mhlw.go.jp/znk-web/juminkanja/S2430/initialize?prefCd=34&kikanCd=2340504950&kikanKbn=2", "url2": null, "内容": "おおたクリニック【2:診療所】【診療科目:整形外科_リハビリテーション科】広島県三次市三和町敷名１１４６１－５" }, "geometry": { "type": "Point", "coordinates": [ 132.846551, 34.664127 ] } },
{ "type": "Feature", "properties": { "ID": 3422340505120, "正式名称": "佐々木内科クリニック", "機関区分": 2, "都道府県コード": 34, "市区町村コード": 207, "所在地": "広島県福山市沼隈町草深１９６４－１", "緯度": 34.38897, "経度": 133.323468, "url": "https://www.iryou.teikyouseido.mhlw.go.jp/znk-web/juminkanja/S2430/initialize?prefCd=34&kikanCd=2340505120&kikanKbn=2", "url2": null, "内容": "佐々木内科クリニック【2:診療所】【診療科目:内科_胃腸内科_小児科】広島県福山市沼隈町草深１９６４－１" }, "geometry": { "type": "Point", "coordinates": [ 133.323468, 34.38897 ] } },
{ "type": "Feature", "properties": { "ID": 3422340505670, "正式名称": "医療法人　朝日会　おむら耳鼻咽喉科", "機関区分": 2, "都道府県コード": 34, "市区町村コード": 105, "所在地": "広島県広島市安佐南区大町東１丁目８番２５号", "緯度": 34.456791, "経度": 132.467641, "url": "https://www.iryou.teikyouseido.mhlw.go.jp/znk-web/juminkanja/S2430/initialize?prefCd=34&kikanCd=2340505670&kikanKbn=2", "url2": null, "内容": "医療法人　朝日会　おむら耳鼻咽喉科【2:診療所】【診療科目:耳鼻いんこう科】広島県広島市安佐南区大町東１丁目８番２５号" }, "geometry": { "type": "Point", "coordinates": [ 132.467641, 34.456791 ] } },
{ "type": "Feature", "properties": { "ID": 3422340505830, "正式名称": "リハビリテーション礼和クリニック広島", "機関区分": 2, "都道府県コード": 34, "市区町村コード": 104, "所在地": "広島県広島市西区上天満町７－１３井口家具西館４階", "緯度": 34.398176, "経度": 132.438875, "url": "https://www.iryou.teikyouseido.mhlw.go.jp/znk-web/juminkanja/S2430/initialize?prefCd=34&kikanCd=2340505830&kikanKbn=2", "url2": "https://sites.google.com/view/reiwaclinic-hiroshima", "内容": "リハビリテーション礼和クリニック広島【2:診療所】【診療科目:内科_脳神経内科_神経内科_整形外科_精神科_リハビリテーション科】広島県広島市西区上天満町７－１３井口家具西館４階" }, "geometry": { "type": "Point", "coordinates": [ 132.438875, 34.398176 ] } },
{ "type": "Feature", "properties": { "ID": 3422340506390, "正式名称": "医療法人　慈光会　森眼科", "機関区分": 2, "都道府県コード": 34, "市区町村コード": 101, "所在地": "広島県広島市中区紙屋町２丁目２番１５号　友田ビル２階", "緯度": 34.393899, "経度": 132.456679, "url": "https://www.iryou.teikyouseido.mhlw.go.jp/znk-web/juminkanja/S2430/initialize?prefCd=34&kikanCd=2340506390&kikanKbn=2", "url2": "http://www.moriganka.jp/", "内容": "医療法人　慈光会　森眼科【2:診療所】【診療科目:眼科】広島県広島市中区紙屋町２丁目２番１５号　友田ビル２階" }, "geometry": { "type": "Point", "coordinates": [ 132.456679, 34.393899 ] } },
{ "type": "Feature", "properties": { "ID": 3422340506420, "正式名称": "医療法人社団　たかた外科・整形外科", "機関区分": 2, "都道府県コード": 34, "市区町村コード": 108, "所在地": "広島県広島市佐伯区海老園１丁目６番１８号", "緯度": 34.363482, "経度": 132.357312, "url": "https://www.iryou.teikyouseido.mhlw.go.jp/znk-web/juminkanja/S2430/initialize?prefCd=34&kikanCd=2340506420&kikanKbn=2", "url2": null, "内容": "医療法人社団　たかた外科・整形外科【2:診療所】【診療科目:外科_整形外科】広島県広島市佐伯区海老園１丁目６番１８号" }, "geometry": { "type": "Point", "coordinates": [ 132.357312, 34.363482 ] } },
{ "type": "Feature", "properties": { "ID": 3422340506550, "正式名称": "山本クリニック", "機関区分": 2, "都道府県コード": 34, "市区町村コード": 207, "所在地": "広島県福山市駅家町坊寺５８－１", "緯度": 34.535794, "経度": 133.32505, "url": "https://www.iryou.teikyouseido.mhlw.go.jp/znk-web/juminkanja/S2430/initialize?prefCd=34&kikanCd=2340506550&kikanKbn=2", "url2": "http://www.yamacl.com", "内容": "山本クリニック【2:診療所】【診療科目:内科_糖尿病・内分泌内科_糖尿病・代謝内科】広島県福山市駅家町坊寺５８－１" }, "geometry": { "type": "Point", "coordinates": [ 133.32505, 34.535794 ] } },
{ "type": "Feature", "properties": { "ID": 3422340506680, "正式名称": "医療法人社団　恵宣会　あきクリニック", "機関区分": 2, "都道府県コード": 34, "市区町村コード": 107, "所在地": "広島県広島市安芸区船越南３－７－１２", "緯度": 34.370153, "経度": 132.523425, "url": "https://www.iryou.teikyouseido.mhlw.go.jp/znk-web/juminkanja/S2430/initialize?prefCd=34&kikanCd=2340506680&kikanKbn=2", "url2": null, "内容": "医療法人社団　恵宣会　あきクリニック【2:診療所】【診療科目:精神科_心療内科】広島県広島市安芸区船越南３－７－１２" }, "geometry": { "type": "Point", "coordinates": [ 132.523425, 34.370153 ] } },
{ "type": "Feature", "properties": { "ID": 3422340506710, "正式名称": "医療法人社団　ねじはし小児科", "機関区分": 2, "都道府県コード": 34, "市区町村コード": 102, "所在地": "広島県広島市東区牛田旭一丁目１３－１８", "緯度": 34.413067, "経度": 132.46964, "url": "https://www.iryou.teikyouseido.mhlw.go.jp/znk-web/juminkanja/S2430/initialize?prefCd=34&kikanCd=2340506710&kikanKbn=2", "url2": "http://nejihashi-ped.com", "内容": "医療法人社団　ねじはし小児科【2:診療所】【診療科目:小児科】広島県広島市東区牛田旭一丁目１３－１８" }, "geometry": { "type": "Point", "coordinates": [ 132.46964, 34.413067 ] } },
{ "type": "Feature", "properties": { "ID": 3422340506970, "正式名称": "医療法人　英仁会　荒木医院", "機関区分": 2, "都道府県コード": 34, "市区町村コード": 207, "所在地": "広島県福山市笠岡町１番１号", "緯度": 34.488711, "経度": 133.367349, "url": "https://www.iryou.teikyouseido.mhlw.go.jp/znk-web/juminkanja/S2430/initialize?prefCd=34&kikanCd=2340506970&kikanKbn=2", "url2": "araki-cl.com", "内容": "医療法人　英仁会　荒木医院【2:診療所】【診療科目:皮膚科_美容皮膚科】広島県福山市笠岡町１番１号" }, "geometry": { "type": "Point", "coordinates": [ 133.367349, 34.488711 ] } },
{ "type": "Feature", "properties": { "ID": 3422340507010, "正式名称": "板崎外科整形外科", "機関区分": 2, "都道府県コード": 34, "市区町村コード": 207, "所在地": "広島県福山市港町２丁目５番２５号", "緯度": 34.485156, "経度": 133.382765, "url": "https://www.iryou.teikyouseido.mhlw.go.jp/znk-web/juminkanja/S2430/initialize?prefCd=34&kikanCd=2340507010&kikanKbn=2", "url2": null, "内容": "板崎外科整形外科【2:診療所】【診療科目:外科_整形外科_リウマチ科_リハビリテーション科】広島県福山市港町２丁目５番２５号" }, "geometry": { "type": "Point", "coordinates": [ 133.382765, 34.485156 ] } },
{ "type": "Feature", "properties": { "ID": 3422340507270, "正式名称": "医療法人社団ＨＡＲＧ　広島アレルギー呼吸器クリニック", "機関区分": 2, "都道府県コード": 34, "市区町村コード": 102, "所在地": "広島県広島市東区光町１丁目９番２８号　第１寺岡ビル６Ｆ", "緯度": 34.399954, "経度": 132.479816, "url": "https://www.iryou.teikyouseido.mhlw.go.jp/znk-web/juminkanja/S2430/initialize?prefCd=34&kikanCd=2340507270&kikanKbn=2", "url2": "http://www.0825681167.com/", "内容": "医療法人社団ＨＡＲＧ　広島アレルギー呼吸器クリニック【2:診療所】【診療科目:内科_呼吸器内科_アレルギー科】広島県広島市東区光町１丁目９番２８号　第１寺岡ビル６Ｆ" }, "geometry": { "type": "Point", "coordinates": [ 132.479816, 34.399954 ] } },
{ "type": "Feature", "properties": { "ID": 3422340507690, "正式名称": "医療法人こまざわ小児科", "機関区分": 2, "都道府県コード": 34, "市区町村コード": 212, "所在地": "広島県東広島市西条町寺家７３７７", "緯度": 34.42079, "経度": 132.727128, "url": "https://www.iryou.teikyouseido.mhlw.go.jp/znk-web/juminkanja/S2430/initialize?prefCd=34&kikanCd=2340507690&kikanKbn=2", "url2": "https://b.inet489.jp/koma6566/", "内容": "医療法人こまざわ小児科【2:診療所】【診療科目:小児科_アレルギー科】広島県東広島市西条町寺家７３７７" }, "geometry": { "type": "Point", "coordinates": [ 132.727128, 34.42079 ] } },
{ "type": "Feature", "properties": { "ID": 3422340507850, "正式名称": "わかみやメンタルクリニック", "機関区分": 2, "都道府県コード": 34, "市区町村コード": 212, "所在地": "広島県東広島市西条上市町５番５号　総合不動産ビル３Ｆ", "緯度": 34.427675, "経度": 132.749027, "url": "https://www.iryou.teikyouseido.mhlw.go.jp/znk-web/juminkanja/S2430/initialize?prefCd=34&kikanCd=2340507850&kikanKbn=2", "url2": "http://www.wakamiya.org", "内容": "わかみやメンタルクリニック【2:診療所】【診療科目:精神科_神経科_心療内科】広島県東広島市西条上市町５番５号　総合不動産ビル３Ｆ" }, "geometry": { "type": "Point", "coordinates": [ 132.749027, 34.427675 ] } },
{ "type": "Feature", "properties": { "ID": 3422340508150, "正式名称": "医療法人社団　上原医院", "機関区分": 2, "都道府県コード": 34, "市区町村コード": 207, "所在地": "広島県福山市幕山台一丁目１番１号", "緯度": 34.511261, "経度": 133.429204, "url": "https://www.iryou.teikyouseido.mhlw.go.jp/znk-web/juminkanja/S2430/initialize?prefCd=34&kikanCd=2340508150&kikanKbn=2", "url2": null, "内容": "医療法人社団　上原医院【2:診療所】【診療科目:内科_循環器内科_外科_小児科】広島県福山市幕山台一丁目１番１号" }, "geometry": { "type": "Point", "coordinates": [ 133.429204, 34.511261 ] } },
{ "type": "Feature", "properties": { "ID": 3422340508280, "正式名称": "医療法人うだクリニック　うだ胃腸科内科外科クリニック", "機関区分": 2, "都道府県コード": 34, "市区町村コード": 207, "所在地": "広島県福山市沖野上町四丁目３番２６号", "緯度": 34.473157, "経度": 133.368155, "url": "https://www.iryou.teikyouseido.mhlw.go.jp/znk-web/juminkanja/S2430/initialize?prefCd=34&kikanCd=2340508280&kikanKbn=2", "url2": "https://uda-clinic.fmed.jp/", "内容": "医療法人うだクリニック　うだ胃腸科内科外科クリニック【2:診療所】【診療科目:内科_胃腸内科_外科_乳腺外科_肛門外科_リハビリテーション科_放射線科】広島県福山市沖野上町四丁目３番２６号" }, "geometry": { "type": "Point", "coordinates": [ 133.368155, 34.473157 ] } },
{ "type": "Feature", "properties": { "ID": 3422340508310, "正式名称": "坂本眼科小児科クリニック", "機関区分": 2, "都道府県コード": 34, "市区町村コード": 207, "所在地": "広島県福山市大門町一丁目４０番１２号", "緯度": 34.497211, "経度": 133.441481, "url": "https://www.iryou.teikyouseido.mhlw.go.jp/znk-web/juminkanja/S2430/initialize?prefCd=34&kikanCd=2340508310&kikanKbn=2", "url2": "http://sakamoto.life.coocan.jp/", "内容": "坂本眼科小児科クリニック【2:診療所】【診療科目:内科_小児科_眼科_皮膚科】広島県福山市大門町一丁目４０番１２号" }, "geometry": { "type": "Point", "coordinates": [ 133.441481, 34.497211 ] } },
{ "type": "Feature", "properties": { "ID": 3422340508570, "正式名称": "松田脳神経外科", "機関区分": 2, "都道府県コード": 34, "市区町村コード": 202, "所在地": "広島県呉市焼山中央１丁目２－１６", "緯度": 34.291531, "経度": 132.555419, "url": "https://www.iryou.teikyouseido.mhlw.go.jp/znk-web/juminkanja/S2430/initialize?prefCd=34&kikanCd=2340508570&kikanKbn=2", "url2": "http://matsudabrain.byoinnavi.jp/", "内容": "松田脳神経外科【2:診療所】【診療科目:神経内科_脳神経外科_放射線科】広島県呉市焼山中央１丁目２－１６" }, "geometry": { "type": "Point", "coordinates": [ 132.555419, 34.291531 ] } },
{ "type": "Feature", "properties": { "ID": 3422340508860, "正式名称": "医療法人　片岡内科クリニック", "機関区分": 2, "都道府県コード": 34, "市区町村コード": 105, "所在地": "広島県広島市安佐南区緑井一丁目５－１－３０３", "緯度": 34.465906, "経度": 132.475279, "url": "https://www.iryou.teikyouseido.mhlw.go.jp/znk-web/juminkanja/S2430/initialize?prefCd=34&kikanCd=2340508860&kikanKbn=2", "url2": "http://www.kataokanaika.com", "内容": "医療法人　片岡内科クリニック【2:診療所】【診療科目:内科_糖尿病内科】広島県広島市安佐南区緑井一丁目５－１－３０３" }, "geometry": { "type": "Point", "coordinates": [ 132.475279, 34.465906 ] } },
{ "type": "Feature", "properties": { "ID": 3422340508990, "正式名称": "髙山眼科", "機関区分": 2, "都道府県コード": 34, "市区町村コード": 103, "所在地": "広島県広島市南区東雲本町２－３－１５", "緯度": 34.382936, "経度": 132.485854, "url": "https://www.iryou.teikyouseido.mhlw.go.jp/znk-web/juminkanja/S2430/initialize?prefCd=34&kikanCd=2340508990&kikanKbn=2", "url2": null, "内容": "髙山眼科【2:診療所】【診療科目:眼科】広島県広島市南区東雲本町２－３－１５" }, "geometry": { "type": "Point", "coordinates": [ 132.485854, 34.382936 ] } },
{ "type": "Feature", "properties": { "ID": 3422340509030, "正式名称": "さち皮ふ科クリニック", "機関区分": 2, "都道府県コード": 34, "市区町村コード": 101, "所在地": "広島県広島市中区大手町五丁目２－２２", "緯度": 34.384628, "経度": 132.452301, "url": "https://www.iryou.teikyouseido.mhlw.go.jp/znk-web/juminkanja/S2430/initialize?prefCd=34&kikanCd=2340509030&kikanKbn=2", "url2": "http://www11.plala.or.jp/sachi-clinic/", "内容": "さち皮ふ科クリニック【2:診療所】【診療科目:皮膚科】広島県広島市中区大手町五丁目２－２２" }, "geometry": { "type": "Point", "coordinates": [ 132.452301, 34.384628 ] } },
{ "type": "Feature", "properties": { "ID": 3422340509160, "正式名称": "みやもとクリニック", "機関区分": 2, "都道府県コード": 34, "市区町村コード": 205, "所在地": "広島県尾道市西御所町３－５", "緯度": 34.407188, "経度": 133.190284, "url": "https://www.iryou.teikyouseido.mhlw.go.jp/znk-web/juminkanja/S2430/initialize?prefCd=34&kikanCd=2340509160&kikanKbn=2", "url2": null, "内容": "みやもとクリニック【2:診療所】【診療科目:精神科_心療内科_精神科系その他】広島県尾道市西御所町３－５" }, "geometry": { "type": "Point", "coordinates": [ 133.190284, 34.407188 ] } },
{ "type": "Feature", "properties": { "ID": 3422340509580, "正式名称": "松井内科", "機関区分": 2, "都道府県コード": 34, "市区町村コード": 207, "所在地": "広島県福山市駅家町向永谷６６６－３", "緯度": 34.535427, "経度": 133.297853, "url": "https://www.iryou.teikyouseido.mhlw.go.jp/znk-web/juminkanja/S2430/initialize?prefCd=34&kikanCd=2340509580&kikanKbn=2", "url2": "https://www.fuchu-ishikai.net/?clinic=15", "内容": "松井内科【2:診療所】【診療科目:内科_神経内科】広島県福山市駅家町向永谷６６６－３" }, "geometry": { "type": "Point", "coordinates": [ 133.297853, 34.535427 ] } },
{ "type": "Feature", "properties": { "ID": 3422340509610, "正式名称": "福山市民病院附属山野診療所", "機関区分": 2, "都道府県コード": 34, "市区町村コード": 207, "所在地": "広島県福山市山野町山野３７９０番地の１", "緯度": 34.653345, "経度": 133.390622, "url": "https://www.iryou.teikyouseido.mhlw.go.jp/znk-web/juminkanja/S2430/initialize?prefCd=34&kikanCd=2340509610&kikanKbn=2", "url2": null, "内容": "福山市民病院附属山野診療所【2:診療所】【診療科目:内科】広島県福山市山野町山野３７９０番地の１" }, "geometry": { "type": "Point", "coordinates": [ 133.390622, 34.653345 ] } },
{ "type": "Feature", "properties": { "ID": 3422340509740, "正式名称": "東川耳鼻咽喉科医院", "機関区分": 2, "都道府県コード": 34, "市区町村コード": 207, "所在地": "広島県福山市御門町三丁目２番８号", "緯度": 34.478939, "経度": 133.371674, "url": "https://www.iryou.teikyouseido.mhlw.go.jp/znk-web/juminkanja/S2430/initialize?prefCd=34&kikanCd=2340509740&kikanKbn=2", "url2": null, "内容": "東川耳鼻咽喉科医院【2:診療所】【診療科目:耳鼻いんこう科】広島県福山市御門町三丁目２番８号" }, "geometry": { "type": "Point", "coordinates": [ 133.371674, 34.478939 ] } },
{ "type": "Feature", "properties": { "ID": 3422340509900, "正式名称": "だて耳鼻咽喉科クリニック", "機関区分": 2, "都道府県コード": 34, "市区町村コード": 309, "所在地": "広島県安芸郡坂町坂西１丁目１６番３５号", "緯度": 34.338989, "経度": 132.512455, "url": "https://www.iryou.teikyouseido.mhlw.go.jp/znk-web/juminkanja/S2430/initialize?prefCd=34&kikanCd=2340509900&kikanKbn=2", "url2": "https://www.date-jibika.com", "内容": "だて耳鼻咽喉科クリニック【2:診療所】【診療科目:耳鼻いんこう科】広島県安芸郡坂町坂西１丁目１６番３５号" }, "geometry": { "type": "Point", "coordinates": [ 132.512455, 34.338989 ] } },
{ "type": "Feature", "properties": { "ID": 3422340510140, "正式名称": "医療法人　玉川クリニック", "機関区分": 2, "都道府県コード": 34, "市区町村コード": 213, "所在地": "広島県廿日市市宮内４３１１番地　５号", "緯度": 34.344818, "経度": 132.304416, "url": "https://www.iryou.teikyouseido.mhlw.go.jp/znk-web/juminkanja/S2430/initialize?prefCd=34&kikanCd=2340510140&kikanKbn=2", "url2": null, "内容": "医療法人　玉川クリニック【2:診療所】【診療科目:内科_呼吸器内科_アレルギー疾患内科】広島県廿日市市宮内４３１１番地　５号" }, "geometry": { "type": "Point", "coordinates": [ 132.304416, 34.344818 ] } },
{ "type": "Feature", "properties": { "ID": 3422340510300, "正式名称": "みぞて眼科", "機関区分": 2, "都道府県コード": 34, "市区町村コード": 304, "所在地": "広島県安芸郡海田町西浜４番２２－４号　サンフラワークリニックビル２Ｆ", "緯度": 34.369875, "経度": 132.544145, "url": "https://www.iryou.teikyouseido.mhlw.go.jp/znk-web/juminkanja/S2430/initialize?prefCd=34&kikanCd=2340510300&kikanKbn=2", "url2": "http://www.mizote-eyeclinic.com/", "内容": "みぞて眼科【2:診療所】【診療科目:眼科】広島県安芸郡海田町西浜４番２２－４号　サンフラワークリニックビル２Ｆ" }, "geometry": { "type": "Point", "coordinates": [ 132.544145, 34.369875 ] } },
{ "type": "Feature", "properties": { "ID": 3422340510430, "正式名称": "三滝参道クリニック", "機関区分": 2, "都道府県コード": 34, "市区町村コード": 104, "所在地": "広島県広島市西区三滝本町二丁目１３番３４－１号", "緯度": 34.417342, "経度": 132.444211, "url": "https://www.iryou.teikyouseido.mhlw.go.jp/znk-web/juminkanja/S2430/initialize?prefCd=34&kikanCd=2340510430&kikanKbn=2", "url2": "http://www.miyauchi.or.jp/mitaki/index.html", "内容": "三滝参道クリニック【2:診療所】【診療科目:内科_神経内科_精神科_心療内科_放射線科】広島県広島市西区三滝本町二丁目１３番３４－１号" }, "geometry": { "type": "Point", "coordinates": [ 132.444211, 34.417342 ] } },
{ "type": "Feature", "properties": { "ID": 3422340510560, "正式名称": "医療法人　ふくだクリニック", "機関区分": 2, "都道府県コード": 34, "市区町村コード": 102, "所在地": "広島県広島市東区福田五丁目１１７５番地の１", "緯度": 34.454675, "経度": 132.542956, "url": "https://www.iryou.teikyouseido.mhlw.go.jp/znk-web/juminkanja/S2430/initialize?prefCd=34&kikanCd=2340510560&kikanKbn=2", "url2": null, "内容": "医療法人　ふくだクリニック【2:診療所】【診療科目:内科_外科_脳神経外科_リハビリテーション科】広島県広島市東区福田五丁目１１７５番地の１" }, "geometry": { "type": "Point", "coordinates": [ 132.542956, 34.454675 ] } },
{ "type": "Feature", "properties": { "ID": 3422340510690, "正式名称": "医療法人竹生会　いくたに内科クリニック", "機関区分": 2, "都道府県コード": 34, "市区町村コード": 102, "所在地": "広島県広島市東区戸坂山根一丁目２４－２３", "緯度": 34.433596, "経度": 132.489573, "url": "https://www.iryou.teikyouseido.mhlw.go.jp/znk-web/juminkanja/S2430/initialize?prefCd=34&kikanCd=2340510690&kikanKbn=2", "url2": null, "内容": "医療法人竹生会　いくたに内科クリニック【2:診療所】【診療科目:内科_循環器内科】広島県広島市東区戸坂山根一丁目２４－２３" }, "geometry": { "type": "Point", "coordinates": [ 132.489573, 34.433596 ] } },
{ "type": "Feature", "properties": { "ID": 3422340510850, "正式名称": "青木耳鼻咽喉科クリニック", "機関区分": 2, "都道府県コード": 34, "市区町村コード": 108, "所在地": "広島県広島市佐伯区五日市４丁目４番２７号　ストリート２１ビル３階", "緯度": 34.370289, "経度": 132.356966, "url": "https://www.iryou.teikyouseido.mhlw.go.jp/znk-web/juminkanja/S2430/initialize?prefCd=34&kikanCd=2340510850&kikanKbn=2", "url2": null, "内容": "青木耳鼻咽喉科クリニック【2:診療所】【診療科目:耳鼻いんこう科_頭頸部・耳鼻いんこう科_アレルギー科】広島県広島市佐伯区五日市４丁目４番２７号　ストリート２１ビル３階" }, "geometry": { "type": "Point", "coordinates": [ 132.356966, 34.370289 ] } },
{ "type": "Feature", "properties": { "ID": 3422340510980, "正式名称": "おおや耳鼻咽喉科", "機関区分": 2, "都道府県コード": 34, "市区町村コード": 304, "所在地": "広島県安芸郡海田町西浜４－２２－４　サンフラワークリニックビル３階", "緯度": 34.369903, "経度": 132.544173, "url": "https://www.iryou.teikyouseido.mhlw.go.jp/znk-web/juminkanja/S2430/initialize?prefCd=34&kikanCd=2340510980&kikanKbn=2", "url2": "ooya-ent.com", "内容": "おおや耳鼻咽喉科【2:診療所】【診療科目:耳鼻いんこう科】広島県安芸郡海田町西浜４－２２－４　サンフラワークリニックビル３階" }, "geometry": { "type": "Point", "coordinates": [ 132.544173, 34.369903 ] } },
{ "type": "Feature", "properties": { "ID": 3422340511020, "正式名称": "もんぜんクリニック", "機関区分": 2, "都道府県コード": 34, "市区町村コード": 207, "所在地": "広島県福山市駅家町倉光３０６－４", "緯度": 34.543815, "経度": 133.325961, "url": "https://www.iryou.teikyouseido.mhlw.go.jp/znk-web/juminkanja/S2430/initialize?prefCd=34&kikanCd=2340511020&kikanKbn=2", "url2": null, "内容": "もんぜんクリニック【2:診療所】【診療科目:外科_整形外科_歯科_リハビリテーション科】広島県福山市駅家町倉光３０６－４" }, "geometry": { "type": "Point", "coordinates": [ 133.325961, 34.543815 ] } },
{ "type": "Feature", "properties": { "ID": 3422340511150, "正式名称": "おおいし耳鼻咽喉科", "機関区分": 2, "都道府県コード": 34, "市区町村コード": 215, "所在地": "広島県江田島市能美町高田間所１５１９番１３号", "緯度": 34.234194, "経度": 132.433772, "url": "https://www.iryou.teikyouseido.mhlw.go.jp/znk-web/juminkanja/S2430/initialize?prefCd=34&kikanCd=2340511150&kikanKbn=2", "url2": null, "内容": "おおいし耳鼻咽喉科【2:診療所】【診療科目:耳鼻いんこう科】広島県江田島市能美町高田間所１５１９番１３号" }, "geometry": { "type": "Point", "coordinates": [ 132.433772, 34.234194 ] } },
{ "type": "Feature", "properties": { "ID": 3422340511440, "正式名称": "医療法人　かいせいクリニック", "機関区分": 2, "都道府県コード": 34, "市区町村コード": 101, "所在地": "広島県広島市中区鉄砲町５－７　広島偕成ビル７階", "緯度": 34.39595, "経度": 132.464527, "url": "https://www.iryou.teikyouseido.mhlw.go.jp/znk-web/juminkanja/S2430/initialize?prefCd=34&kikanCd=2340511440&kikanKbn=2", "url2": "https://www.kaiseiclinic.com/", "内容": "医療法人　かいせいクリニック【2:診療所】【診療科目:内科_消化器内科_胃腸内科】広島県広島市中区鉄砲町５－７　広島偕成ビル７階" }, "geometry": { "type": "Point", "coordinates": [ 132.464527, 34.39595 ] } },
{ "type": "Feature", "properties": { "ID": 3422340511570, "正式名称": "医療法人　凜りしき手　真田整形外科リハビリ科", "機関区分": 2, "都道府県コード": 34, "市区町村コード": 103, "所在地": "広島県広島市南区翠一丁目２－２６", "緯度": 34.371318, "経度": 132.464763, "url": "https://www.iryou.teikyouseido.mhlw.go.jp/znk-web/juminkanja/S2430/initialize?prefCd=34&kikanCd=2340511570&kikanKbn=2", "url2": "http://www.sanada-seikei.com", "内容": "医療法人　凜りしき手　真田整形外科リハビリ科【2:診療所】【診療科目:内科_整形外科_リウマチ科_リハビリテーション科】広島県広島市南区翠一丁目２－２６" }, "geometry": { "type": "Point", "coordinates": [ 132.464763, 34.371318 ] } },
{ "type": "Feature", "properties": { "ID": 3422340511600, "正式名称": "医療法人社団　一陽会　横川クリニック", "機関区分": 2, "都道府県コード": 34, "市区町村コード": 104, "所在地": "広島県広島市西区横川町二丁目７番１９号横川メディカルプラザ３Ｆ", "緯度": 34.40887, "経度": 132.44904, "url": "https://www.iryou.teikyouseido.mhlw.go.jp/znk-web/juminkanja/S2430/initialize?prefCd=34&kikanCd=2340511600&kikanKbn=2", "url2": "http://www.icy.or.jp/", "内容": "医療法人社団　一陽会　横川クリニック【2:診療所】【診療科目:内科_腎臓内科】広島県広島市西区横川町二丁目７番１９号横川メディカルプラザ３Ｆ" }, "geometry": { "type": "Point", "coordinates": [ 132.44904, 34.40887 ] } },
{ "type": "Feature", "properties": { "ID": 3422340511860, "正式名称": "碓井サテライトクリニック", "機関区分": 2, "都道府県コード": 34, "市区町村コード": 202, "所在地": "広島県呉市広本町３丁目６番１７号", "緯度": 34.236373, "経度": 132.62192, "url": "https://www.iryou.teikyouseido.mhlw.go.jp/znk-web/juminkanja/S2430/initialize?prefCd=34&kikanCd=2340511860&kikanKbn=2", "url2": "http://www.usuisatellite.com/", "内容": "碓井サテライトクリニック【2:診療所】【診療科目:内科_胃腸内科_内視鏡内科_肛門外科】広島県呉市広本町３丁目６番１７号" }, "geometry": { "type": "Point", "coordinates": [ 132.62192, 34.236373 ] } },
{ "type": "Feature", "properties": { "ID": 3422340511990, "正式名称": "医療法人繁桂会　中川産科婦人科医院", "機関区分": 2, "都道府県コード": 34, "市区町村コード": 101, "所在地": "広島県広島市中区本川町二丁目１番１６号", "緯度": 34.397541, "経度": 132.451633, "url": "https://www.iryou.teikyouseido.mhlw.go.jp/znk-web/juminkanja/S2430/initialize?prefCd=34&kikanCd=2340511990&kikanKbn=2", "url2": "https://www.nakagawa.or.jp/", "内容": "医療法人繁桂会　中川産科婦人科医院【2:診療所】【診療科目:産婦人科】広島県広島市中区本川町二丁目１番１６号" }, "geometry": { "type": "Point", "coordinates": [ 132.451633, 34.397541 ] } },
{ "type": "Feature", "properties": { "ID": 3422340512290, "正式名称": "医療法人千草会　すやま眼科クリニック", "機関区分": 2, "都道府県コード": 34, "市区町村コード": 104, "所在地": "広島県広島市西区横川町二丁目７－１９　横川メディカルプラザ５Ｆ", "緯度": 34.408843, "経度": 132.449061, "url": "https://www.iryou.teikyouseido.mhlw.go.jp/znk-web/juminkanja/S2430/initialize?prefCd=34&kikanCd=2340512290&kikanKbn=2", "url2": "http://suyama-eye.com/", "内容": "医療法人千草会　すやま眼科クリニック【2:診療所】【診療科目:眼科】広島県広島市西区横川町二丁目７－１９　横川メディカルプラザ５Ｆ" }, "geometry": { "type": "Point", "coordinates": [ 132.449061, 34.408843 ] } },
{ "type": "Feature", "properties": { "ID": 3422340512320, "正式名称": "コスモクリニック", "機関区分": 2, "都道府県コード": 34, "市区町村コード": 104, "所在地": "広島県広島市西区天満町１８－５－１", "緯度": 34.395371, "経度": 132.440458, "url": "https://www.iryou.teikyouseido.mhlw.go.jp/znk-web/juminkanja/S2430/initialize?prefCd=34&kikanCd=2340512320&kikanKbn=2", "url2": null, "内容": "コスモクリニック【2:診療所】【診療科目:眼科系その他】広島県広島市西区天満町１８－５－１" }, "geometry": { "type": "Point", "coordinates": [ 132.440458, 34.395371 ] } },
{ "type": "Feature", "properties": { "ID": 3422340512450, "正式名称": "よこがわ駅前クリニック", "機関区分": 2, "都道府県コード": 34, "市区町村コード": 104, "所在地": "広島県広島市西区横川町二丁目７－１９", "緯度": 34.40887, "経度": 132.44904, "url": "https://www.iryou.teikyouseido.mhlw.go.jp/znk-web/juminkanja/S2430/initialize?prefCd=34&kikanCd=2340512450&kikanKbn=2", "url2": "http://www.senoriver.com/facilities/yokogawanaika/index.html", "内容": "よこがわ駅前クリニック【2:診療所】【診療科目:内科_循環器内科_精神科_心療内科】広島県広島市西区横川町二丁目７－１９" }, "geometry": { "type": "Point", "coordinates": [ 132.44904, 34.40887 ] } },
{ "type": "Feature", "properties": { "ID": 3422340512580, "正式名称": "中岡内科", "機関区分": 2, "都道府県コード": 34, "市区町村コード": 106, "所在地": "広島県広島市安佐北区可部南二丁目１４－１４", "緯度": 34.503287, "経度": 132.51763, "url": "https://www.iryou.teikyouseido.mhlw.go.jp/znk-web/juminkanja/S2430/initialize?prefCd=34&kikanCd=2340512580&kikanKbn=2", "url2": "https://www.keiseikai-nmn.net/wp3", "内容": "中岡内科【2:診療所】【診療科目:内科_呼吸器内科_循環器内科_消化器内科_放射線科】広島県広島市安佐北区可部南二丁目１４－１４" }, "geometry": { "type": "Point", "coordinates": [ 132.51763, 34.503287 ] } },
{ "type": "Feature", "properties": { "ID": 3422340512740, "正式名称": "医療法人社団　聡志会　耳鼻咽喉科セラクリニック", "機関区分": 2, "都道府県コード": 34, "市区町村コード": 107, "所在地": "広島県広島市安芸区船越南３丁目２７番２３号", "緯度": 34.371612, "経度": 132.526573, "url": "https://www.iryou.teikyouseido.mhlw.go.jp/znk-web/juminkanja/S2430/initialize?prefCd=34&kikanCd=2340512740&kikanKbn=2", "url2": null, "内容": "医療法人社団　聡志会　耳鼻咽喉科セラクリニック【2:診療所】【診療科目:耳鼻いんこう科】広島県広島市安芸区船越南３丁目２７番２３号" }, "geometry": { "type": "Point", "coordinates": [ 132.526573, 34.371612 ] } },
{ "type": "Feature", "properties": { "ID": 3422340512870, "正式名称": "医療法人社団誠友会　セントラルクリニック", "機関区分": 2, "都道府県コード": 34, "市区町村コード": 108, "所在地": "広島県広島市佐伯区五日市駅前三丁目５番１６号", "緯度": 34.368928, "経度": 132.367215, "url": "https://www.iryou.teikyouseido.mhlw.go.jp/znk-web/juminkanja/S2430/initialize?prefCd=34&kikanCd=2340512870&kikanKbn=2", "url2": "http://www.centralcl.com", "内容": "医療法人社団誠友会　セントラルクリニック【2:診療所】【診療科目:内科_呼吸器内科_循環器内科_消化器内科_放射線科】広島県広島市佐伯区五日市駅前三丁目５番１６号" }, "geometry": { "type": "Point", "coordinates": [ 132.367215, 34.368928 ] } },
{ "type": "Feature", "properties": { "ID": 3422340512900, "正式名称": "土井内科神経内科クリニック", "機関区分": 2, "都道府県コード": 34, "市区町村コード": 101, "所在地": "広島県広島市中区紙屋町１－１－１７広島ミッドタウンビル", "緯度": 34.394621, "経度": 132.459318, "url": "https://www.iryou.teikyouseido.mhlw.go.jp/znk-web/juminkanja/S2430/initialize?prefCd=34&kikanCd=2340512900&kikanKbn=2", "url2": "http://www.doi-naika.com/", "内容": "土井内科神経内科クリニック【2:診療所】【診療科目:内科_神経内科】広島県広島市中区紙屋町１－１－１７広島ミッドタウンビル" }, "geometry": { "type": "Point", "coordinates": [ 132.459318, 34.394621 ] } },
{ "type": "Feature", "properties": { "ID": 3422340513040, "正式名称": "よしだ内科呼吸器科", "機関区分": 2, "都道府県コード": 34, "市区町村コード": 304, "所在地": "広島県安芸郡海田町西浜４番２２ー４号　サンフラワービル３階", "緯度": 34.369875, "経度": 132.544117, "url": "https://www.iryou.teikyouseido.mhlw.go.jp/znk-web/juminkanja/S2430/initialize?prefCd=34&kikanCd=2340513040&kikanKbn=2", "url2": null, "内容": "よしだ内科呼吸器科【2:診療所】【診療科目:内科_呼吸器内科_消化器内科】広島県安芸郡海田町西浜４番２２ー４号　サンフラワービル３階" }, "geometry": { "type": "Point", "coordinates": [ 132.544117, 34.369875 ] } },
{ "type": "Feature", "properties": { "ID": 3422340513590, "正式名称": "医療法人　福徳永会　さいきじんクリニック", "機関区分": 2, "都道府県コード": 34, "市区町村コード": 207, "所在地": "広島県福山市瀬戸町山北４５０－１", "緯度": 34.473517, "経度": 133.313688, "url": "https://www.iryou.teikyouseido.mhlw.go.jp/znk-web/juminkanja/S2430/initialize?prefCd=34&kikanCd=2340513590&kikanKbn=2", "url2": "https://www.saiki-cl.com/", "内容": "医療法人　福徳永会　さいきじんクリニック【2:診療所】【診療科目:内科_糖尿病内科_代謝内科_循環器内科_腎臓内科_人工透析内科_外科_リハビリテーション科】広島県福山市瀬戸町山北４５０－１" }, "geometry": { "type": "Point", "coordinates": [ 133.313688, 34.473517 ] } },
{ "type": "Feature", "properties": { "ID": 3422340513750, "正式名称": "医療法人社団　慈恵会　いまだクリニック", "機関区分": 2, "都道府県コード": 34, "市区町村コード": 104, "所在地": "広島県広島市西区三篠町１丁目３番１７号", "緯度": 34.411092, "経度": 132.453429, "url": "https://www.iryou.teikyouseido.mhlw.go.jp/znk-web/juminkanja/S2430/initialize?prefCd=34&kikanCd=2340513750&kikanKbn=2", "url2": null, "内容": "医療法人社団　慈恵会　いまだクリニック【2:診療所】【診療科目:内科_眼科_リハビリテーション科】広島県広島市西区三篠町１丁目３番１７号" }, "geometry": { "type": "Point", "coordinates": [ 132.453429, 34.411092 ] } },
{ "type": "Feature", "properties": { "ID": 3422340513880, "正式名称": "医療法人こころ　本通くらもと心療内科", "機関区分": 2, "都道府県コード": 34, "市区町村コード": 101, "所在地": "広島県広島市中区本通３番１０号　本通サザン３０１号", "緯度": 34.392955, "経度": 132.460068, "url": "https://www.iryou.teikyouseido.mhlw.go.jp/znk-web/juminkanja/S2430/initialize?prefCd=34&kikanCd=2340513880&kikanKbn=2", "url2": "http://www.megaegg.ne.jp/~i-kokoro/", "内容": "医療法人こころ　本通くらもと心療内科【2:診療所】【診療科目:神経内科_精神科_心療内科】広島県広島市中区本通３番１０号　本通サザン３０１号" }, "geometry": { "type": "Point", "coordinates": [ 132.460068, 34.392955 ] } },
{ "type": "Feature", "properties": { "ID": 3422340513910, "正式名称": "いいだこどもクリニック", "機関区分": 2, "都道府県コード": 34, "市区町村コード": 103, "所在地": "広島県広島市南区皆実町四丁目２２番８号", "緯度": 34.374624, "経度": 132.471207, "url": "https://www.iryou.teikyouseido.mhlw.go.jp/znk-web/juminkanja/S2430/initialize?prefCd=34&kikanCd=2340513910&kikanKbn=2", "url2": null, "内容": "いいだこどもクリニック【2:診療所】【診療科目:内科_小児科】広島県広島市南区皆実町四丁目２２番８号" }, "geometry": { "type": "Point", "coordinates": [ 132.471207, 34.374624 ] } },
{ "type": "Feature", "properties": { "ID": 3422340514050, "正式名称": "なかむら神経内科・メンタルクリニック", "機関区分": 2, "都道府県コード": 34, "市区町村コード": 101, "所在地": "広島県広島市中区基町１２番３号４０１", "緯度": 34.395038, "経度": 132.460012, "url": "https://www.iryou.teikyouseido.mhlw.go.jp/znk-web/juminkanja/S2430/initialize?prefCd=34&kikanCd=2340514050&kikanKbn=2", "url2": null, "内容": "なかむら神経内科・メンタルクリニック【2:診療所】【診療科目:内科_神経内科_精神科_心療内科】広島県広島市中区基町１２番３号４０１" }, "geometry": { "type": "Point", "coordinates": [ 132.460012, 34.395038 ] } },
{ "type": "Feature", "properties": { "ID": 3422340514180, "正式名称": "医療法人　川口クリニック", "機関区分": 2, "都道府県コード": 34, "市区町村コード": 104, "所在地": "広島県広島市西区庚午中３丁目６番１１号", "緯度": 34.382899, "経度": 132.411545, "url": "https://www.iryou.teikyouseido.mhlw.go.jp/znk-web/juminkanja/S2430/initialize?prefCd=34&kikanCd=2340514180&kikanKbn=2", "url2": "https://www.kawaguchi-cln.jp/", "内容": "医療法人　川口クリニック【2:診療所】【診療科目:内科_糖尿病内科_内分泌内科_呼吸器内科_循環器内科_消化器内科_外科_肛門外科_甲状腺科_心療内科_リハビリテーション科】広島県広島市西区庚午中３丁目６番１１号" }, "geometry": { "type": "Point", "coordinates": [ 132.411545, 34.382899 ] } },
{ "type": "Feature", "properties": { "ID": 3422340514340, "正式名称": "医療法人社団　幸誠会　かなはら医院", "機関区分": 2, "都道府県コード": 34, "市区町村コード": 105, "所在地": "広島県広島市安佐南区大町西一丁目１番１０号", "緯度": 34.459879, "経度": 132.466208, "url": "https://www.iryou.teikyouseido.mhlw.go.jp/znk-web/juminkanja/S2430/initialize?prefCd=34&kikanCd=2340514340&kikanKbn=2", "url2": "https://www.kanahara-clinic.com/", "内容": "医療法人社団　幸誠会　かなはら医院【2:診療所】【診療科目:内科_呼吸器内科_循環器内科_腎臓内科_小児科_アレルギー科】広島県広島市安佐南区大町西一丁目１番１０号" }, "geometry": { "type": "Point", "coordinates": [ 132.466208, 34.459879 ] } },
{ "type": "Feature", "properties": { "ID": 3422340514470, "正式名称": "医療法人社団　田中医院", "機関区分": 2, "都道府県コード": 34, "市区町村コード": 105, "所在地": "広島県広島市安佐南区長束五丁目３２－２－２", "緯度": 34.429046, "経度": 132.456121, "url": "https://www.iryou.teikyouseido.mhlw.go.jp/znk-web/juminkanja/S2430/initialize?prefCd=34&kikanCd=2340514470&kikanKbn=2", "url2": null, "内容": "医療法人社団　田中医院【2:診療所】【診療科目:内科】広島県広島市安佐南区長束五丁目３２－２－２" }, "geometry": { "type": "Point", "coordinates": [ 132.456121, 34.429046 ] } },
{ "type": "Feature", "properties": { "ID": 3422340514500, "正式名称": "医療法人　紹応会　河田産婦人科医院", "機関区分": 2, "都道府県コード": 34, "市区町村コード": 108, "所在地": "広島県広島市佐伯区海老園一丁目２番１３号", "緯度": 34.364996, "経度": 132.356604, "url": "https://www.iryou.teikyouseido.mhlw.go.jp/znk-web/juminkanja/S2430/initialize?prefCd=34&kikanCd=2340514500&kikanKbn=2", "url2": "http://kawata-obgy.com", "内容": "医療法人　紹応会　河田産婦人科医院【2:診療所】【診療科目:産婦人科】広島県広島市佐伯区海老園一丁目２番１３号" }, "geometry": { "type": "Point", "coordinates": [ 132.356604, 34.364996 ] } },
{ "type": "Feature", "properties": { "ID": 3422340514630, "正式名称": "医療法人社団　高陽耳鼻咽喉科", "機関区分": 2, "都道府県コード": 34, "市区町村コード": 106, "所在地": "広島県広島市安佐北区亀崎一丁目２番４号　タウンセンタービル１Ｆ", "緯度": 34.481391, "経度": 132.522364, "url": "https://www.iryou.teikyouseido.mhlw.go.jp/znk-web/juminkanja/S2430/initialize?prefCd=34&kikanCd=2340514630&kikanKbn=2", "url2": "http://jibika.gr.jp/koyo/", "内容": "医療法人社団　高陽耳鼻咽喉科【2:診療所】【診療科目:耳鼻いんこう科_気管食道・耳鼻いんこう科_頭頸部・耳鼻いんこう科_補聴器相談_アレルギー科】広島県広島市安佐北区亀崎一丁目２番４号　タウンセンタービル１Ｆ" }, "geometry": { "type": "Point", "coordinates": [ 132.522364, 34.481391 ] } },
{ "type": "Feature", "properties": { "ID": 3422340514760, "正式名称": "谷医院", "機関区分": 2, "都道府県コード": 34, "市区町村コード": 208, "所在地": "広島県府中市府川町１７１－１", "緯度": 34.568894, "経度": 133.23769, "url": "https://www.iryou.teikyouseido.mhlw.go.jp/znk-web/juminkanja/S2430/initialize?prefCd=34&kikanCd=2340514760&kikanKbn=2", "url2": null, "内容": "谷医院【2:診療所】【診療科目:内科_循環器内科_胃腸内科】広島県府中市府川町１７１－１" }, "geometry": { "type": "Point", "coordinates": [ 133.23769, 34.568894 ] } },
{ "type": "Feature", "properties": { "ID": 3422340514920, "正式名称": "藤原脳神経外科クリニック", "機関区分": 2, "都道府県コード": 34, "市区町村コード": 202, "所在地": "広島県呉市中通２丁目１番２４号", "緯度": 34.244113, "経度": 132.563091, "url": "https://www.iryou.teikyouseido.mhlw.go.jp/znk-web/juminkanja/S2430/initialize?prefCd=34&kikanCd=2340514920&kikanKbn=2", "url2": "http://www.fnclinic.jp", "内容": "藤原脳神経外科クリニック【2:診療所】【診療科目:神経内科_脳神経外科_心療内科】広島県呉市中通２丁目１番２４号" }, "geometry": { "type": "Point", "coordinates": [ 132.563091, 34.244113 ] } },
{ "type": "Feature", "properties": { "ID": 3422340515060, "正式名称": "医療法人　己斐杉本クリニック", "機関区分": 2, "都道府県コード": 34, "市区町村コード": 104, "所在地": "広島県広島市西区己斐本町一丁目２５番６号", "緯度": 34.397009, "経度": 132.427431, "url": "https://www.iryou.teikyouseido.mhlw.go.jp/znk-web/juminkanja/S2430/initialize?prefCd=34&kikanCd=2340515060&kikanKbn=2", "url2": null, "内容": "医療法人　己斐杉本クリニック【2:診療所】【診療科目:内科_胃腸内科_肝臓内科_アレルギー疾患内科_外科_皮膚科_アレルギー科_リハビリテーション科】広島県広島市西区己斐本町一丁目２５番６号" }, "geometry": { "type": "Point", "coordinates": [ 132.427431, 34.397009 ] } },
{ "type": "Feature", "properties": { "ID": 3422340515220, "正式名称": "城本内科医院", "機関区分": 2, "都道府県コード": 34, "市区町村コード": 202, "所在地": "広島県呉市警固屋５丁目４番１４号", "緯度": 34.207893, "経度": 132.544597, "url": "https://www.iryou.teikyouseido.mhlw.go.jp/znk-web/juminkanja/S2430/initialize?prefCd=34&kikanCd=2340515220&kikanKbn=2", "url2": null, "内容": "城本内科医院【2:診療所】【診療科目:内科_呼吸器内科_循環器内科_消化器内科_神経科】広島県呉市警固屋５丁目４番１４号" }, "geometry": { "type": "Point", "coordinates": [ 132.544597, 34.207893 ] } },
{ "type": "Feature", "properties": { "ID": 3422340515350, "正式名称": "おかだ眼科", "機関区分": 2, "都道府県コード": 34, "市区町村コード": 307, "所在地": "広島県安芸郡熊野町萩原２－２－１２", "緯度": 34.338806, "経度": 132.588962, "url": "https://www.iryou.teikyouseido.mhlw.go.jp/znk-web/juminkanja/S2430/initialize?prefCd=34&kikanCd=2340515350&kikanKbn=2", "url2": "https://www.okadaeye-clinic.com", "内容": "おかだ眼科【2:診療所】【診療科目:眼科】広島県安芸郡熊野町萩原２－２－１２" }, "geometry": { "type": "Point", "coordinates": [ 132.588962, 34.338806 ] } },
{ "type": "Feature", "properties": { "ID": 3422340515640, "正式名称": "おぎ皮膚科アレルギー科クリニック", "機関区分": 2, "都道府県コード": 34, "市区町村コード": 203, "所在地": "広島県竹原市下野町小井手３２７０－１", "緯度": 34.349879, "経度": 132.902544, "url": "https://www.iryou.teikyouseido.mhlw.go.jp/znk-web/juminkanja/S2430/initialize?prefCd=34&kikanCd=2340515640&kikanKbn=2", "url2": "http://www.web-clover.net/ogihifuka/", "内容": "おぎ皮膚科アレルギー科クリニック【2:診療所】【診療科目:アレルギー疾患内科_内科系その他_形成外科_小児皮膚科_皮膚科_アレルギー科】広島県竹原市下野町小井手３２７０－１" }, "geometry": { "type": "Point", "coordinates": [ 132.902544, 34.349879 ] } },
{ "type": "Feature", "properties": { "ID": 3422340516070, "正式名称": "広島市西部こども療育センター附属診療所", "機関区分": 2, "都道府県コード": 34, "市区町村コード": 108, "所在地": "広島県広島市佐伯区海老山南二丁目２番１８号", "緯度": 34.359873, "経度": 132.369577, "url": "https://www.iryou.teikyouseido.mhlw.go.jp/znk-web/juminkanja/S2430/initialize?prefCd=34&kikanCd=2340516070&kikanKbn=2", "url2": "http://www.hsfj.city.hiroshima.jp/02020130000seibutop.html", "内容": "広島市西部こども療育センター附属診療所【2:診療所】【診療科目:整形外科_小児科_精神科】広島県広島市佐伯区海老山南二丁目２番１８号" }, "geometry": { "type": "Point", "coordinates": [ 132.369577, 34.359873 ] } },
{ "type": "Feature", "properties": { "ID": 3422340516100, "正式名称": "河村内科", "機関区分": 2, "都道府県コード": 34, "市区町村コード": 208, "所在地": "広島県府中市府中町８３８－３", "緯度": 34.574671, "経度": 133.229523, "url": "https://www.iryou.teikyouseido.mhlw.go.jp/znk-web/juminkanja/S2430/initialize?prefCd=34&kikanCd=2340516100&kikanKbn=2", "url2": "http://www.6300.jp", "内容": "河村内科【2:診療所】【診療科目:内科_循環器内科_消化器内科_胃腸内科_内視鏡内科_小児科】広島県府中市府中町８３８－３" }, "geometry": { "type": "Point", "coordinates": [ 133.229523, 34.574671 ] } },
{ "type": "Feature", "properties": { "ID": 3422340516940, "正式名称": "わんぱくキッズクリニック", "機関区分": 2, "都道府県コード": 34, "市区町村コード": 105, "所在地": "広島県広島市安佐南区東原１丁目１番２号", "緯度": 34.444005, "経度": 132.480286, "url": "https://www.iryou.teikyouseido.mhlw.go.jp/znk-web/juminkanja/S2430/initialize?prefCd=34&kikanCd=2340516940&kikanKbn=2", "url2": null, "内容": "わんぱくキッズクリニック【2:診療所】【診療科目:小児科】広島県広島市安佐南区東原１丁目１番２号" }, "geometry": { "type": "Point", "coordinates": [ 132.480286, 34.444005 ] } },
{ "type": "Feature", "properties": { "ID": 3422340517110, "正式名称": "菊地内科", "機関区分": 2, "都道府県コード": 34, "市区町村コード": 207, "所在地": "広島県福山市千田町二丁目４７－６", "緯度": 34.520263, "経度": 133.383624, "url": "https://www.iryou.teikyouseido.mhlw.go.jp/znk-web/juminkanja/S2430/initialize?prefCd=34&kikanCd=2340517110&kikanKbn=2", "url2": null, "内容": "菊地内科【2:診療所】【診療科目:内科_消化器内科】広島県福山市千田町二丁目４７－６" }, "geometry": { "type": "Point", "coordinates": [ 133.383624, 34.520263 ] } },
{ "type": "Feature", "properties": { "ID": 3422340517240, "正式名称": "岡本麻酔科クリニック", "機関区分": 2, "都道府県コード": 34, "市区町村コード": 207, "所在地": "広島県福山市曙町５－１－１－２０２", "緯度": 34.471324, "経度": 133.391487, "url": "https://www.iryou.teikyouseido.mhlw.go.jp/znk-web/juminkanja/S2430/initialize?prefCd=34&kikanCd=2340517240&kikanKbn=2", "url2": null, "内容": "岡本麻酔科クリニック【2:診療所】【診療科目:麻酔科】広島県福山市曙町５－１－１－２０２" }, "geometry": { "type": "Point", "coordinates": [ 133.391487, 34.471324 ] } },
{ "type": "Feature", "properties": { "ID": 3422340517370, "正式名称": "医療法人社団　喜真会　弘田内科クリニック", "機関区分": 2, "都道府県コード": 34, "市区町村コード": 205, "所在地": "広島県尾道市栗原西２丁目３番１１号", "緯度": 34.411355, "経度": 133.187701, "url": "https://www.iryou.teikyouseido.mhlw.go.jp/znk-web/juminkanja/S2430/initialize?prefCd=34&kikanCd=2340517370&kikanKbn=2", "url2": "hirota-clinic.or.jp", "内容": "医療法人社団　喜真会　弘田内科クリニック【2:診療所】【診療科目:内科_呼吸器内科_循環器内科_消化器内科】広島県尾道市栗原西２丁目３番１１号" }, "geometry": { "type": "Point", "coordinates": [ 133.187701, 34.411355 ] } },
{ "type": "Feature", "properties": { "ID": 3422340517400, "正式名称": "すぎた皮ふ科アレルギー科", "機関区分": 2, "都道府県コード": 34, "市区町村コード": 212, "所在地": "広島県東広島市西条中央７丁目３－４５", "緯度": 34.416595, "経度": 132.737369, "url": "https://www.iryou.teikyouseido.mhlw.go.jp/znk-web/juminkanja/S2430/initialize?prefCd=34&kikanCd=2340517400&kikanKbn=2", "url2": "http://www.sugitaderma.jp", "内容": "すぎた皮ふ科アレルギー科【2:診療所】【診療科目:皮膚科_アレルギー科】広島県東広島市西条中央７丁目３－４５" }, "geometry": { "type": "Point", "coordinates": [ 132.737369, 34.416595 ] } },
{ "type": "Feature", "properties": { "ID": 3422340517790, "正式名称": "医療法人社団　石井外科診療所", "機関区分": 2, "都道府県コード": 34, "市区町村コード": 202, "所在地": "広島県呉市仁方西神町６番１３号", "緯度": 34.224921, "経度": 132.650976, "url": "https://www.iryou.teikyouseido.mhlw.go.jp/znk-web/juminkanja/S2430/initialize?prefCd=34&kikanCd=2340517790&kikanKbn=2", "url2": null, "内容": "医療法人社団　石井外科診療所【2:診療所】【診療科目:内科_外科_整形外科】広島県呉市仁方西神町６番１３号" }, "geometry": { "type": "Point", "coordinates": [ 132.650976, 34.224921 ] } },
{ "type": "Feature", "properties": { "ID": 3422340517950, "正式名称": "医療法人社団追風会　大本内科医院", "機関区分": 2, "都道府県コード": 34, "市区町村コード": 105, "所在地": "広島県広島市安佐南区上安二丁目４番３６号", "緯度": 34.472696, "経度": 132.445843, "url": "https://www.iryou.teikyouseido.mhlw.go.jp/znk-web/juminkanja/S2430/initialize?prefCd=34&kikanCd=2340517950&kikanKbn=2", "url2": "https://www.oomotoiin.com", "内容": "医療法人社団追風会　大本内科医院【2:診療所】【診療科目:内科_胃腸内科_小児科_麻酔科】広島県広島市安佐南区上安二丁目４番３６号" }, "geometry": { "type": "Point", "coordinates": [ 132.445843, 34.472696 ] } },
{ "type": "Feature", "properties": { "ID": 3422340518120, "正式名称": "医療法人　青葉会　しらたきクリニック", "機関区分": 2, "都道府県コード": 34, "市区町村コード": 108, "所在地": "広島県広島市佐伯区八幡二丁目６番１６号", "緯度": 34.364456, "経度": 132.3608, "url": "https://www.iryou.teikyouseido.mhlw.go.jp/znk-web/juminkanja/S2430/initialize?prefCd=34&kikanCd=2340518120&kikanKbn=2", "url2": "https://www.shirataki-cl.com/", "内容": "医療法人　青葉会　しらたきクリニック【2:診療所】【診療科目:内科_呼吸器内科_循環器内科_消化器内科】広島県広島市佐伯区八幡二丁目６番１６号" }, "geometry": { "type": "Point", "coordinates": [ 132.3608, 34.364456 ] } },
{ "type": "Feature", "properties": { "ID": 3422340518380, "正式名称": "なんば麻酔科・リウマチ科", "機関区分": 2, "都道府県コード": 34, "市区町村コード": 204, "所在地": "広島県三原市宮浦五丁目１－３８", "緯度": 34.397844, "経度": 133.060884, "url": "https://www.iryou.teikyouseido.mhlw.go.jp/znk-web/juminkanja/S2430/initialize?prefCd=34&kikanCd=2340518380&kikanKbn=2", "url2": null, "内容": "なんば麻酔科・リウマチ科【2:診療所】【診療科目:内科_リウマチ科_麻酔科】広島県三原市宮浦五丁目１－３８" }, "geometry": { "type": "Point", "coordinates": [ 133.060884, 34.397844 ] } },
{ "type": "Feature", "properties": { "ID": 3422340518410, "正式名称": "青葉レディスクリニック", "機関区分": 2, "都道府県コード": 34, "市区町村コード": 213, "所在地": "広島県廿日市市福面２－１－１１", "緯度": 34.319119, "経度": 132.298115, "url": "https://www.iryou.teikyouseido.mhlw.go.jp/znk-web/juminkanja/S2430/initialize?prefCd=34&kikanCd=2340518410&kikanKbn=2", "url2": null, "内容": "青葉レディスクリニック【2:診療所】【診療科目:内科_産婦人科】広島県廿日市市福面２－１－１１" }, "geometry": { "type": "Point", "coordinates": [ 132.298115, 34.319119 ] } },
{ "type": "Feature", "properties": { "ID": 3422340519390, "正式名称": "たくまファミリークリニック", "機関区分": 2, "都道府県コード": 34, "市区町村コード": 101, "所在地": "広島県広島市中区西白島町２０－１５　メディカルプラザ西白島３Ｆ", "緯度": 34.427145, "経度": 132.437846, "url": "https://www.iryou.teikyouseido.mhlw.go.jp/znk-web/juminkanja/S2430/initialize?prefCd=34&kikanCd=2340519390&kikanKbn=2", "url2": null, "内容": "たくまファミリークリニック【2:診療所】【診療科目:内科_糖尿病内科_糖尿病・代謝内科_胃腸内科_肝臓内科_漢方内科_内視鏡内科_アレルギー疾患内科】広島県広島市中区西白島町２０－１５　メディカルプラザ西白島３Ｆ" }, "geometry": { "type": "Point", "coordinates": [ 132.437846, 34.427145 ] } },
{ "type": "Feature", "properties": { "ID": 3422340519420, "正式名称": "岸眼科", "機関区分": 2, "都道府県コード": 34, "市区町村コード": 103, "所在地": "広島県広島市南区翠２－２５－１１", "緯度": 34.371513, "経度": 132.470683, "url": "https://www.iryou.teikyouseido.mhlw.go.jp/znk-web/juminkanja/S2430/initialize?prefCd=34&kikanCd=2340519420&kikanKbn=2", "url2": "https://www.kishi-ganka-clinic.com", "内容": "岸眼科【2:診療所】【診療科目:眼科】広島県広島市南区翠２－２５－１１" }, "geometry": { "type": "Point", "coordinates": [ 132.470683, 34.371513 ] } },
{ "type": "Feature", "properties": { "ID": 3422340519550, "正式名称": "医療法人社団佐々木内科クリニック", "機関区分": 2, "都道府県コード": 34, "市区町村コード": 103, "所在地": "広島県広島市南区京橋町１番２－２０１", "緯度": 34.394969, "経度": 132.473158, "url": "https://www.iryou.teikyouseido.mhlw.go.jp/znk-web/juminkanja/S2430/initialize?prefCd=34&kikanCd=2340519550&kikanKbn=2", "url2": null, "内容": "医療法人社団佐々木内科クリニック【2:診療所】【診療科目:内科_消化器内科】広島県広島市南区京橋町１番２－２０１" }, "geometry": { "type": "Point", "coordinates": [ 132.473158, 34.394969 ] } },
{ "type": "Feature", "properties": { "ID": 3422340519710, "正式名称": "みわこどもクリニック", "機関区分": 2, "都道府県コード": 34, "市区町村コード": 212, "所在地": "広島県東広島市西条町西条東１０５１　丸ビル２階", "緯度": 34.425984, "経度": 132.736932, "url": "https://www.iryou.teikyouseido.mhlw.go.jp/znk-web/juminkanja/S2430/initialize?prefCd=34&kikanCd=2340519710&kikanKbn=2", "url2": "http://www.miwa-cl.com/", "内容": "みわこどもクリニック【2:診療所】【診療科目:小児科_アレルギー科】広島県東広島市西条町西条東１０５１　丸ビル２階" }, "geometry": { "type": "Point", "coordinates": [ 132.736932, 34.425984 ] } },
{ "type": "Feature", "properties": { "ID": 3422340519970, "正式名称": "のぞみ整形外科クリニック西条", "機関区分": 2, "都道府県コード": 34, "市区町村コード": 212, "所在地": "広島県東広島市西条町助実１１８２－１", "緯度": 34.424984, "経度": 132.755458, "url": "https://www.iryou.teikyouseido.mhlw.go.jp/znk-web/juminkanja/S2430/initialize?prefCd=34&kikanCd=2340519970&kikanKbn=2", "url2": "https://www.nozomi-clinic.jp/saijo/", "内容": "のぞみ整形外科クリニック西条【2:診療所】【診療科目:内科_整形外科_リハビリテーション科】広島県東広島市西条町助実１１８２－１" }, "geometry": { "type": "Point", "coordinates": [ 132.755458, 34.424984 ] } },
{ "type": "Feature", "properties": { "ID": 3422340520080, "正式名称": "つるが眼科", "機関区分": 2, "都道府県コード": 34, "市区町村コード": 202, "所在地": "広島県呉市安浦町中央五丁目２番３７号", "緯度": 34.282916, "経度": 132.747049, "url": "https://www.iryou.teikyouseido.mhlw.go.jp/znk-web/juminkanja/S2430/initialize?prefCd=34&kikanCd=2340520080&kikanKbn=2", "url2": "https://tsuruga-eye-clinic.com/", "内容": "つるが眼科【2:診療所】【診療科目:眼科】広島県呉市安浦町中央五丁目２番３７号" }, "geometry": { "type": "Point", "coordinates": [ 132.747049, 34.282916 ] } },
{ "type": "Feature", "properties": { "ID": 3422340520370, "正式名称": "医療法人　よしたかクリニック", "機関区分": 2, "都道府県コード": 34, "市区町村コード": 207, "所在地": "広島県福山市神辺町川北１３４５－１１", "緯度": 34.546424, "経度": 133.371107, "url": "https://www.iryou.teikyouseido.mhlw.go.jp/znk-web/juminkanja/S2430/initialize?prefCd=34&kikanCd=2340520370&kikanKbn=2", "url2": "https://yoshitakacl.com/", "内容": "医療法人　よしたかクリニック【2:診療所】【診療科目:内科_胃腸内科_外科_大腸外科_乳腺外科_肛門外科】広島県福山市神辺町川北１３４５－１１" }, "geometry": { "type": "Point", "coordinates": [ 133.371107, 34.546424 ] } },
{ "type": "Feature", "properties": { "ID": 3422340520660, "正式名称": "今井整形外科クリニック", "機関区分": 2, "都道府県コード": 34, "市区町村コード": 105, "所在地": "広島県広島市安佐南区安東２－１１－２７", "緯度": 34.475813, "経度": 132.453159, "url": "https://www.iryou.teikyouseido.mhlw.go.jp/znk-web/juminkanja/S2430/initialize?prefCd=34&kikanCd=2340520660&kikanKbn=2", "url2": null, "内容": "今井整形外科クリニック【2:診療所】【診療科目:整形外科_リウマチ科_リハビリテーション科】広島県広島市安佐南区安東２－１１－２７" }, "geometry": { "type": "Point", "coordinates": [ 132.453159, 34.475813 ] } },
{ "type": "Feature", "properties": { "ID": 3422340520790, "正式名称": "耳鼻咽喉科　くにもと医院", "機関区分": 2, "都道府県コード": 34, "市区町村コード": 105, "所在地": "広島県広島市安佐南区伴東七丁目５９－２８", "緯度": 34.462169, "経度": 132.41093, "url": "https://www.iryou.teikyouseido.mhlw.go.jp/znk-web/juminkanja/S2430/initialize?prefCd=34&kikanCd=2340520790&kikanKbn=2", "url2": "https://www.kunimoto-clinic.jp/", "内容": "耳鼻咽喉科　くにもと医院【2:診療所】【診療科目:小児耳鼻いんこう科_耳鼻いんこう科_気管食道・耳鼻いんこう科_頭頸部・耳鼻いんこう科_アレルギー科】広島県広島市安佐南区伴東七丁目５９－２８" }, "geometry": { "type": "Point", "coordinates": [ 132.41093, 34.462169 ] } },
{ "type": "Feature", "properties": { "ID": 3422340521090, "正式名称": "つまもと眼科", "機関区分": 2, "都道府県コード": 34, "市区町村コード": 212, "所在地": "広島県東広島市西条岡町３－２５", "緯度": 34.430567, "経度": 132.742681, "url": "https://www.iryou.teikyouseido.mhlw.go.jp/znk-web/juminkanja/S2430/initialize?prefCd=34&kikanCd=2340521090&kikanKbn=2", "url2": "www.tsumamoto.com", "内容": "つまもと眼科【2:診療所】【診療科目:眼科】広島県東広島市西条岡町３－２５" }, "geometry": { "type": "Point", "coordinates": [ 132.742681, 34.430567 ] } },
{ "type": "Feature", "properties": { "ID": 3422340521120, "正式名称": "山尾医院", "機関区分": 2, "都道府県コード": 34, "市区町村コード": 202, "所在地": "広島県呉市東畑１丁目１－２２", "緯度": 34.251948, "経度": 132.583162, "url": "https://www.iryou.teikyouseido.mhlw.go.jp/znk-web/juminkanja/S2430/initialize?prefCd=34&kikanCd=2340521120&kikanKbn=2", "url2": null, "内容": "山尾医院【2:診療所】【診療科目:内科】広島県呉市東畑１丁目１－２２" }, "geometry": { "type": "Point", "coordinates": [ 132.583162, 34.251948 ] } },
{ "type": "Feature", "properties": { "ID": 3422340521380, "正式名称": "吉田医院", "機関区分": 2, "都道府県コード": 34, "市区町村コード": 101, "所在地": "広島県広島市中区江波二本松１－１３－２０", "緯度": 34.368807, "経度": 132.431494, "url": "https://www.iryou.teikyouseido.mhlw.go.jp/znk-web/juminkanja/S2430/initialize?prefCd=34&kikanCd=2340521380&kikanKbn=2", "url2": null, "内容": "吉田医院【2:診療所】【診療科目:内科】広島県広島市中区江波二本松１－１３－２０" }, "geometry": { "type": "Point", "coordinates": [ 132.431494, 34.368807 ] } },
{ "type": "Feature", "properties": { "ID": 3422340521410, "正式名称": "京橋心療クリニック", "機関区分": 2, "都道府県コード": 34, "市区町村コード": 103, "所在地": "広島県広島市南区京橋町１番２号　新京橋ビル８階", "緯度": 34.394927, "経度": 132.47315, "url": "https://www.iryou.teikyouseido.mhlw.go.jp/znk-web/juminkanja/S2430/initialize?prefCd=34&kikanCd=2340521410&kikanKbn=2", "url2": "http://www.kyoubashi.jp", "内容": "京橋心療クリニック【2:診療所】【診療科目:精神科_心療内科】広島県広島市南区京橋町１番２号　新京橋ビル８階" }, "geometry": { "type": "Point", "coordinates": [ 132.47315, 34.394927 ] } },
{ "type": "Feature", "properties": { "ID": 3422340521670, "正式名称": "医療法人社団　河内会　河内クリニック", "機関区分": 2, "都道府県コード": 34, "市区町村コード": 212, "所在地": "広島県東広島市河内町中河内１１９７番地１号", "緯度": 34.471176, "経度": 132.889056, "url": "https://www.iryou.teikyouseido.mhlw.go.jp/znk-web/juminkanja/S2430/initialize?prefCd=34&kikanCd=2340521670&kikanKbn=2", "url2": null, "内容": "医療法人社団　河内会　河内クリニック【2:診療所】【診療科目:内科_整形外科_小児科_皮膚科_アレルギー科_リハビリテーション科】広島県東広島市河内町中河内１１９７番地１号" }, "geometry": { "type": "Point", "coordinates": [ 132.889056, 34.471176 ] } },
{ "type": "Feature", "properties": { "ID": 3422340521830, "正式名称": "ソレイユ眼科・矯正歯科", "機関区分": 2, "都道府県コード": 34, "市区町村コード": 302, "所在地": "広島県安芸郡府中町大須２丁目１－１－２０１５", "緯度": 34.39515, "経度": 132.498592, "url": "https://www.iryou.teikyouseido.mhlw.go.jp/znk-web/juminkanja/S2430/initialize?prefCd=34&kikanCd=2340521830&kikanKbn=2", "url2": "http://www.eye-dental.com/", "内容": "ソレイユ眼科・矯正歯科【2:診療所】【診療科目:眼科_矯正歯科】広島県安芸郡府中町大須２丁目１－１－２０１５" }, "geometry": { "type": "Point", "coordinates": [ 132.498592, 34.39515 ] } },
{ "type": "Feature", "properties": { "ID": 3422340521960, "正式名称": "医療法人　隅田耳鼻咽喉科医院", "機関区分": 2, "都道府県コード": 34, "市区町村コード": 104, "所在地": "広島県広島市西区己斐本町３丁目１－３", "緯度": 34.396121, "経度": 132.426015, "url": "https://www.iryou.teikyouseido.mhlw.go.jp/znk-web/juminkanja/S2430/initialize?prefCd=34&kikanCd=2340521960&kikanKbn=2", "url2": "https://www.sumidajibika.com/", "内容": "医療法人　隅田耳鼻咽喉科医院【2:診療所】【診療科目:耳鼻いんこう科_頭頸部・耳鼻いんこう科】広島県広島市西区己斐本町３丁目１－３" }, "geometry": { "type": "Point", "coordinates": [ 132.426015, 34.396121 ] } },
{ "type": "Feature", "properties": { "ID": 3422340522000, "正式名称": "かとうレディースクリニック", "機関区分": 2, "都道府県コード": 34, "市区町村コード": 213, "所在地": "広島県廿日市市阿品３丁目１－６", "緯度": 34.323432, "経度": 132.316972, "url": "https://www.iryou.teikyouseido.mhlw.go.jp/znk-web/juminkanja/S2430/initialize?prefCd=34&kikanCd=2340522000&kikanKbn=2", "url2": "http://www.kato-lc.jp/", "内容": "かとうレディースクリニック【2:診療所】【診療科目:産婦人科】広島県廿日市市阿品３丁目１－６" }, "geometry": { "type": "Point", "coordinates": [ 132.316972, 34.323432 ] } },
{ "type": "Feature", "properties": { "ID": 3422340522130, "正式名称": "庄原眼科", "機関区分": 2, "都道府県コード": 34, "市区町村コード": 210, "所在地": "広島県庄原市板橋町１６５－６", "緯度": 34.849721, "経度": 133.018195, "url": "https://www.iryou.teikyouseido.mhlw.go.jp/znk-web/juminkanja/S2430/initialize?prefCd=34&kikanCd=2340522130&kikanKbn=2", "url2": "http://www.shobaraganka.com", "内容": "庄原眼科【2:診療所】【診療科目:眼科】広島県庄原市板橋町１６５－６" }, "geometry": { "type": "Point", "coordinates": [ 133.018195, 34.849721 ] } },
{ "type": "Feature", "properties": { "ID": 3422340522390, "正式名称": "医療法人とまと会　津丸内科医院", "機関区分": 2, "都道府県コード": 34, "市区町村コード": 107, "所在地": "広島県広島市安芸区矢野西４丁目１番１７号", "緯度": 34.352516, "経度": 132.53298, "url": "https://www.iryou.teikyouseido.mhlw.go.jp/znk-web/juminkanja/S2430/initialize?prefCd=34&kikanCd=2340522390&kikanKbn=2", "url2": null, "内容": "医療法人とまと会　津丸内科医院【2:診療所】【診療科目:内科_循環器内科_消化器内科_小児科】広島県広島市安芸区矢野西４丁目１番１７号" }, "geometry": { "type": "Point", "coordinates": [ 132.53298, 34.352516 ] } },
{ "type": "Feature", "properties": { "ID": 3422340522550, "正式名称": "こだま泌尿器科クリニック", "機関区分": 2, "都道府県コード": 34, "市区町村コード": 204, "所在地": "広島県三原市港町１丁目３－１", "緯度": 34.399659, "経度": 133.081238, "url": "https://www.iryou.teikyouseido.mhlw.go.jp/znk-web/juminkanja/S2430/initialize?prefCd=34&kikanCd=2340522550&kikanKbn=2", "url2": null, "内容": "こだま泌尿器科クリニック【2:診療所】【診療科目:泌尿器科】広島県三原市港町１丁目３－１" }, "geometry": { "type": "Point", "coordinates": [ 133.081238, 34.399659 ] } },
{ "type": "Feature", "properties": { "ID": 3422340522710, "正式名称": "しげの整形外科スポーツクリニック", "機関区分": 2, "都道府県コード": 34, "市区町村コード": 213, "所在地": "広島県廿日市市阿品三丁目１番６号　ナタリーもみじビル３階", "緯度": 34.321099, "経度": 132.31525, "url": "https://www.iryou.teikyouseido.mhlw.go.jp/znk-web/juminkanja/S2430/initialize?prefCd=34&kikanCd=2340522710&kikanKbn=2", "url2": "http://www.shigenoseikei.com", "内容": "しげの整形外科スポーツクリニック【2:診療所】【診療科目:整形外科_リウマチ科_リハビリテーション科】広島県廿日市市阿品三丁目１番６号　ナタリーもみじビル３階" }, "geometry": { "type": "Point", "coordinates": [ 132.31525, 34.321099 ] } },
{ "type": "Feature", "properties": { "ID": 3422340523140, "正式名称": "ひらやま眼科", "機関区分": 2, "都道府県コード": 34, "市区町村コード": 101, "所在地": "広島県広島市中区白島北町３番２０号　ＫＡＴＯビル２０１", "緯度": 34.411286, "経度": 132.46315, "url": "https://www.iryou.teikyouseido.mhlw.go.jp/znk-web/juminkanja/S2430/initialize?prefCd=34&kikanCd=2340523140&kikanKbn=2", "url2": "http://www.hirayama-eye.com/", "内容": "ひらやま眼科【2:診療所】【診療科目:眼科】広島県広島市中区白島北町３番２０号　ＫＡＴＯビル２０１" }, "geometry": { "type": "Point", "coordinates": [ 132.46315, 34.411286 ] } },
{ "type": "Feature", "properties": { "ID": 3422340523430, "正式名称": "田中整形外科クリニック", "機関区分": 2, "都道府県コード": 34, "市区町村コード": 101, "所在地": "広島県広島市中区西白島町２０－１５　メディカルプラザ西白島２Ｆ", "緯度": 34.406037, "経度": 132.459289, "url": "https://www.iryou.teikyouseido.mhlw.go.jp/znk-web/juminkanja/S2430/initialize?prefCd=34&kikanCd=2340523430&kikanKbn=2", "url2": null, "内容": "田中整形外科クリニック【2:診療所】【診療科目:整形外科_リハビリテーション科】広島県広島市中区西白島町２０－１５　メディカルプラザ西白島２Ｆ" }, "geometry": { "type": "Point", "coordinates": [ 132.459289, 34.406037 ] } },
{ "type": "Feature", "properties": { "ID": 3422340523560, "正式名称": "ひがき眼科", "機関区分": 2, "都道府県コード": 34, "市区町村コード": 102, "所在地": "広島県広島市東区牛田本町４－２－１４", "緯度": 34.412164, "経度": 132.469725, "url": "https://www.iryou.teikyouseido.mhlw.go.jp/znk-web/juminkanja/S2430/initialize?prefCd=34&kikanCd=2340523560&kikanKbn=2", "url2": "http://higaki-eye.com/", "内容": "ひがき眼科【2:診療所】【診療科目:眼科】広島県広島市東区牛田本町４－２－１４" }, "geometry": { "type": "Point", "coordinates": [ 132.469725, 34.412164 ] } },
{ "type": "Feature", "properties": { "ID": 3422340523850, "正式名称": "やない心療内科クリニック", "機関区分": 2, "都道府県コード": 34, "市区町村コード": 108, "所在地": "広島県広島市佐伯区楽々園２－２－２", "緯度": 34.364123, "経度": 132.351911, "url": "https://www.iryou.teikyouseido.mhlw.go.jp/znk-web/juminkanja/S2430/initialize?prefCd=34&kikanCd=2340523850&kikanKbn=2", "url2": "https://www.yanai-shinryonaika-clinic.info/", "内容": "やない心療内科クリニック【2:診療所】【診療科目:精神科_心療内科】広島県広島市佐伯区楽々園２－２－２" }, "geometry": { "type": "Point", "coordinates": [ 132.351911, 34.364123 ] } },
{ "type": "Feature", "properties": { "ID": 3422340524020, "正式名称": "メディカルカウンセリングルーム　本田クリニック", "機関区分": 2, "都道府県コード": 34, "市区町村コード": 205, "所在地": "広島県尾道市高須町４７５４－５", "緯度": 34.434686, "経度": 133.238668, "url": "https://www.iryou.teikyouseido.mhlw.go.jp/znk-web/juminkanja/S2430/initialize?prefCd=34&kikanCd=2340524020&kikanKbn=2", "url2": "https://www.happiness-hondaclinic.com/", "内容": "メディカルカウンセリングルーム　本田クリニック【2:診療所】【診療科目:精神科_心療内科】広島県尾道市高須町４７５４－５" }, "geometry": { "type": "Point", "coordinates": [ 133.238668, 34.434686 ] } },
{ "type": "Feature", "properties": { "ID": 3422340524440, "正式名称": "岡田クリニック", "機関区分": 2, "都道府県コード": 34, "市区町村コード": 207, "所在地": "広島県福山市水呑町三新田２丁目２３３", "緯度": 34.443938, "経度": 133.385933, "url": "https://www.iryou.teikyouseido.mhlw.go.jp/znk-web/juminkanja/S2430/initialize?prefCd=34&kikanCd=2340524440&kikanKbn=2", "url2": "http://www.okadaclinic.net/", "内容": "岡田クリニック【2:診療所】【診療科目:内科_胃腸内科_外科_肛門外科_整形外科】広島県福山市水呑町三新田２丁目２３３" }, "geometry": { "type": "Point", "coordinates": [ 133.385933, 34.443938 ] } },
{ "type": "Feature", "properties": { "ID": 3422340524730, "正式名称": "医療法人社団おると会　浜脇整形外科リハビリセンター", "機関区分": 2, "都道府県コード": 34, "市区町村コード": 101, "所在地": "広島県広島市中区舟入中町１１－７", "緯度": 34.38615, "経度": 132.444347, "url": "https://www.iryou.teikyouseido.mhlw.go.jp/znk-web/juminkanja/S2430/initialize?prefCd=34&kikanCd=2340524730&kikanKbn=2", "url2": "http://www.hamawaki.or.jp", "内容": "医療法人社団おると会　浜脇整形外科リハビリセンター【2:診療所】【診療科目:整形外科_リウマチ科_リハビリテーション科】広島県広島市中区舟入中町１１－７" }, "geometry": { "type": "Point", "coordinates": [ 132.444347, 34.38615 ] } },
{ "type": "Feature", "properties": { "ID": 3422340524860, "正式名称": "医療法人　薫風会　はだ脳神経外科", "機関区分": 2, "都道府県コード": 34, "市区町村コード": 106, "所在地": "広島県広島市安佐北区口田３丁目２６－５", "緯度": 34.46567, "経度": 132.504366, "url": "https://www.iryou.teikyouseido.mhlw.go.jp/znk-web/juminkanja/S2430/initialize?prefCd=34&kikanCd=2340524860&kikanKbn=2", "url2": null, "内容": "医療法人　薫風会　はだ脳神経外科【2:診療所】【診療科目:脳神経外科】広島県広島市安佐北区口田３丁目２６－５" }, "geometry": { "type": "Point", "coordinates": [ 132.504366, 34.46567 ] } },
{ "type": "Feature", "properties": { "ID": 3422340524990, "正式名称": "糸谷整形外科医院", "機関区分": 2, "都道府県コード": 34, "市区町村コード": 211, "所在地": "広島県大竹市油見１丁目９－１２", "緯度": 34.216692, "経度": 132.218763, "url": "https://www.iryou.teikyouseido.mhlw.go.jp/znk-web/juminkanja/S2430/initialize?prefCd=34&kikanCd=2340524990&kikanKbn=2", "url2": "itotaniseikei.com", "内容": "糸谷整形外科医院【2:診療所】【診療科目:整形外科】広島県大竹市油見１丁目９－１２" }, "geometry": { "type": "Point", "coordinates": [ 132.218763, 34.216692 ] } },
{ "type": "Feature", "properties": { "ID": 3422340525030, "正式名称": "さとう皮ふ科", "機関区分": 2, "都道府県コード": 34, "市区町村コード": 205, "所在地": "広島県尾道市栗原西２丁目５番９号", "緯度": 34.412697, "経度": 133.188712, "url": "https://www.iryou.teikyouseido.mhlw.go.jp/znk-web/juminkanja/S2430/initialize?prefCd=34&kikanCd=2340525030&kikanKbn=2", "url2": null, "内容": "さとう皮ふ科【2:診療所】【診療科目:皮膚科】広島県尾道市栗原西２丁目５番９号" }, "geometry": { "type": "Point", "coordinates": [ 133.188712, 34.412697 ] } },
{ "type": "Feature", "properties": { "ID": 3422340525320, "正式名称": "どんぐり小児科", "機関区分": 2, "都道府県コード": 34, "市区町村コード": 104, "所在地": "広島県広島市西区南観音２－７－２１　平野ビル１階", "緯度": 34.384029, "経度": 132.429978, "url": "https://www.iryou.teikyouseido.mhlw.go.jp/znk-web/juminkanja/S2430/initialize?prefCd=34&kikanCd=2340525320&kikanKbn=2", "url2": "https://www.donguripd.com/", "内容": "どんぐり小児科【2:診療所】【診療科目:小児科_アレルギー科】広島県広島市西区南観音２－７－２１　平野ビル１階" }, "geometry": { "type": "Point", "coordinates": [ 132.429978, 34.384029 ] } },
{ "type": "Feature", "properties": { "ID": 3422340525580, "正式名称": "村上泌尿器科内科医院", "機関区分": 2, "都道府県コード": 34, "市区町村コード": 207, "所在地": "広島県福山市沼隈町常石２６３５", "緯度": 34.377551, "経度": 133.322598, "url": "https://www.iryou.teikyouseido.mhlw.go.jp/znk-web/juminkanja/S2430/initialize?prefCd=34&kikanCd=2340525580&kikanKbn=2", "url2": null, "内容": "村上泌尿器科内科医院【2:診療所】【診療科目:内科_泌尿器科】広島県福山市沼隈町常石２６３５" }, "geometry": { "type": "Point", "coordinates": [ 133.322598, 34.377551 ] } },
{ "type": "Feature", "properties": { "ID": 3422340525610, "正式名称": "なかた内科医院", "機関区分": 2, "都道府県コード": 34, "市区町村コード": 212, "所在地": "広島県東広島市八本松南５丁目９番１４号", "緯度": 34.437732, "経度": 132.696935, "url": "https://www.iryou.teikyouseido.mhlw.go.jp/znk-web/juminkanja/S2430/initialize?prefCd=34&kikanCd=2340525610&kikanKbn=2", "url2": "http://www.nakata-c.jp", "内容": "なかた内科医院【2:診療所】【診療科目:内科】広島県東広島市八本松南５丁目９番１４号" }, "geometry": { "type": "Point", "coordinates": [ 132.696935, 34.437732 ] } },
{ "type": "Feature", "properties": { "ID": 3422340525740, "正式名称": "谷口クリニック", "機関区分": 2, "都道府県コード": 34, "市区町村コード": 202, "所在地": "広島県呉市東中央２丁目８番１８号", "緯度": 34.251305, "経度": 132.571371, "url": "https://www.iryou.teikyouseido.mhlw.go.jp/znk-web/juminkanja/S2430/initialize?prefCd=34&kikanCd=2340525740&kikanKbn=2", "url2": "http://www.taniguchi-clinic.jp/", "内容": "谷口クリニック【2:診療所】【診療科目:内科_消化器内科_外科_リハビリテーション科】広島県呉市東中央２丁目８番１８号" }, "geometry": { "type": "Point", "coordinates": [ 132.571371, 34.251305 ] } },
{ "type": "Feature", "properties": { "ID": 3422340525870, "正式名称": "アイビー眼科", "機関区分": 2, "都道府県コード": 34, "市区町村コード": 213, "所在地": "広島県廿日市市宮内４３１１－５", "緯度": 34.344707, "経度": 132.304416, "url": "https://www.iryou.teikyouseido.mhlw.go.jp/znk-web/juminkanja/S2430/initialize?prefCd=34&kikanCd=2340525870&kikanKbn=2", "url2": "http://www.ivy-eye.jp/", "内容": "アイビー眼科【2:診療所】【診療科目:眼科】広島県廿日市市宮内４３１１－５" }, "geometry": { "type": "Point", "coordinates": [ 132.304416, 34.344707 ] } },
{ "type": "Feature", "properties": { "ID": 3422340526200, "正式名称": "医療法人社団恵正会　三田クリニック", "機関区分": 2, "都道府県コード": 34, "市区町村コード": 106, "所在地": "広島県広島市安佐北区白木町三田７００５－１", "緯度": 34.512084, "経度": 132.607495, "url": "https://www.iryou.teikyouseido.mhlw.go.jp/znk-web/juminkanja/S2430/initialize?prefCd=34&kikanCd=2340526200&kikanKbn=2", "url2": "https://www.keiseikai-nmn.net/wp3", "内容": "医療法人社団恵正会　三田クリニック【2:診療所】【診療科目:内科_循環器内科】広島県広島市安佐北区白木町三田７００５－１" }, "geometry": { "type": "Point", "coordinates": [ 132.607495, 34.512084 ] } },
{ "type": "Feature", "properties": { "ID": 3422340526330, "正式名称": "医療法人社団　谷本小児科", "機関区分": 2, "都道府県コード": 34, "市区町村コード": 108, "所在地": "広島県広島市佐伯区五日市４－３－１　谷本小児科ビル", "緯度": 34.370205, "経度": 132.357327, "url": "https://www.iryou.teikyouseido.mhlw.go.jp/znk-web/juminkanja/S2430/initialize?prefCd=34&kikanCd=2340526330&kikanKbn=2", "url2": "http://tanimoto-syounika.jp", "内容": "医療法人社団　谷本小児科【2:診療所】【診療科目:小児科】広島県広島市佐伯区五日市４－３－１　谷本小児科ビル" }, "geometry": { "type": "Point", "coordinates": [ 132.357327, 34.370205 ] } },
{ "type": "Feature", "properties": { "ID": 3422340526750, "正式名称": "早川クリニック", "機関区分": 2, "都道府県コード": 34, "市区町村コード": 202, "所在地": "広島県呉市広大広２丁目７－４", "緯度": 34.251362, "経度": 132.620783, "url": "https://www.iryou.teikyouseido.mhlw.go.jp/znk-web/juminkanja/S2430/initialize?prefCd=34&kikanCd=2340526750&kikanKbn=2", "url2": "http://hayakawa-c.jp/index.html", "内容": "早川クリニック【2:診療所】【診療科目:精神科_心療内科】広島県呉市広大広２丁目７－４" }, "geometry": { "type": "Point", "coordinates": [ 132.620783, 34.251362 ] } },
{ "type": "Feature", "properties": { "ID": 3422340526910, "正式名称": "さだもりレディースクリニック", "機関区分": 2, "都道府県コード": 34, "市区町村コード": 101, "所在地": "広島県広島市中区大手町２丁目７番２号　Ｂａｌｃｏｍ大手町ビル　４Ｆ", "緯度": 34.392419, "経度": 132.45635, "url": "https://www.iryou.teikyouseido.mhlw.go.jp/znk-web/juminkanja/S2430/initialize?prefCd=34&kikanCd=2340526910&kikanKbn=2", "url2": "https://www.sadalc.cc", "内容": "さだもりレディースクリニック【2:診療所】【診療科目:産婦人科】広島県広島市中区大手町２丁目７番２号　Ｂａｌｃｏｍ大手町ビル　４Ｆ" }, "geometry": { "type": "Point", "coordinates": [ 132.45635, 34.392419 ] } },
{ "type": "Feature", "properties": { "ID": 3422340527050, "正式名称": "医療法人みやた眼科", "機関区分": 2, "都道府県コード": 34, "市区町村コード": 104, "所在地": "広島県広島市西区井口　四丁目２－３４", "緯度": 34.368761, "経度": 132.374437, "url": "https://www.iryou.teikyouseido.mhlw.go.jp/znk-web/juminkanja/S2430/initialize?prefCd=34&kikanCd=2340527050&kikanKbn=2", "url2": "https://www.miyata-ganka.com", "内容": "医療法人みやた眼科【2:診療所】【診療科目:眼科】広島県広島市西区井口　四丁目２－３４" }, "geometry": { "type": "Point", "coordinates": [ 132.374437, 34.368761 ] } },
{ "type": "Feature", "properties": { "ID": 3422340527210, "正式名称": "福山元町眼科", "機関区分": 2, "都道府県コード": 34, "市区町村コード": 207, "所在地": "広島県福山市元町７番３号　横井ビル３階", "緯度": 34.487224, "経度": 133.364328, "url": "https://www.iryou.teikyouseido.mhlw.go.jp/znk-web/juminkanja/S2430/initialize?prefCd=34&kikanCd=2340527210&kikanKbn=2", "url2": null, "内容": "福山元町眼科【2:診療所】【診療科目:眼科】広島県福山市元町７番３号　横井ビル３階" }, "geometry": { "type": "Point", "coordinates": [ 133.364328, 34.487224 ] } },
{ "type": "Feature", "properties": { "ID": 3422340527500, "正式名称": "むつかど内科呼吸器科", "機関区分": 2, "都道府県コード": 34, "市区町村コード": 213, "所在地": "広島県廿日市市阿品３丁目１番６号", "緯度": 34.323432, "経度": 132.316972, "url": "https://www.iryou.teikyouseido.mhlw.go.jp/znk-web/juminkanja/S2430/initialize?prefCd=34&kikanCd=2340527500&kikanKbn=2", "url2": null, "内容": "むつかど内科呼吸器科【2:診療所】【診療科目:内科_呼吸器内科_循環器内科_リウマチ科】広島県廿日市市阿品３丁目１番６号" }, "geometry": { "type": "Point", "coordinates": [ 132.316972, 34.323432 ] } },
{ "type": "Feature", "properties": { "ID": 3422340527630, "正式名称": "みよしクリニック", "機関区分": 2, "都道府県コード": 34, "市区町村コード": 210, "所在地": "広島県庄原市西本町２丁目１５－４７", "緯度": 34.856415, "経度": 133.010778, "url": "https://www.iryou.teikyouseido.mhlw.go.jp/znk-web/juminkanja/S2430/initialize?prefCd=34&kikanCd=2340527630&kikanKbn=2", "url2": null, "内容": "みよしクリニック【2:診療所】【診療科目:内科_精神科_心療内科】広島県庄原市西本町２丁目１５－４７" }, "geometry": { "type": "Point", "coordinates": [ 133.010778, 34.856415 ] } },
{ "type": "Feature", "properties": { "ID": 3422340527760, "正式名称": "庄原市国民健康保険総領診療所", "機関区分": 2, "都道府県コード": 34, "市区町村コード": 210, "所在地": "広島県庄原市総領町下領家７１", "緯度": 34.783507, "経度": 133.073888, "url": "https://www.iryou.teikyouseido.mhlw.go.jp/znk-web/juminkanja/S2430/initialize?prefCd=34&kikanCd=2340527760&kikanKbn=2", "url2": "http://www.city.shobara.hiroshima.jp/", "内容": "庄原市国民健康保険総領診療所【2:診療所】【診療科目:内科】広島県庄原市総領町下領家７１" }, "geometry": { "type": "Point", "coordinates": [ 133.073888, 34.783507 ] } },
{ "type": "Feature", "properties": { "ID": 3422340527920, "正式名称": "医療法人社団　やまさき整形外科", "機関区分": 2, "都道府県コード": 34, "市区町村コード": 106, "所在地": "広島県広島市安佐北区可部南二丁目１４－１４", "緯度": 34.503305, "経度": 132.517558, "url": "https://www.iryou.teikyouseido.mhlw.go.jp/znk-web/juminkanja/S2430/initialize?prefCd=34&kikanCd=2340527920&kikanKbn=2", "url2": "http://www.yamasaki-c.com", "内容": "医療法人社団　やまさき整形外科【2:診療所】【診療科目:整形外科_リウマチ科_リハビリテーション科】広島県広島市安佐北区可部南二丁目１４－１４" }, "geometry": { "type": "Point", "coordinates": [ 132.517558, 34.503305 ] } },
{ "type": "Feature", "properties": { "ID": 3422340528060, "正式名称": "医療法人　耕仁会　村上産婦人科クリニック", "機関区分": 2, "都道府県コード": 34, "市区町村コード": 106, "所在地": "広島県広島市安佐北区亀山二丁目６－２０", "緯度": 34.520115, "経度": 132.504514, "url": "https://www.iryou.teikyouseido.mhlw.go.jp/znk-web/juminkanja/S2430/initialize?prefCd=34&kikanCd=2340528060&kikanKbn=2", "url2": "http://www.murakami-clinic.jp", "内容": "医療法人　耕仁会　村上産婦人科クリニック【2:診療所】【診療科目:産婦人科】広島県広島市安佐北区亀山二丁目６－２０" }, "geometry": { "type": "Point", "coordinates": [ 132.504514, 34.520115 ] } },
{ "type": "Feature", "properties": { "ID": 3422340528220, "正式名称": "緑井レディースクリニック", "機関区分": 2, "都道府県コード": 34, "市区町村コード": 105, "所在地": "広島県広島市安佐南区緑井一丁目５－１　　３０２", "緯度": 34.466003, "経度": 132.47523, "url": "https://www.iryou.teikyouseido.mhlw.go.jp/znk-web/juminkanja/S2430/initialize?prefCd=34&kikanCd=2340528220&kikanKbn=2", "url2": "http://www.midorii-clinic.jp/", "内容": "緑井レディースクリニック【2:診療所】【診療科目:産婦人科_婦人科】広島県広島市安佐南区緑井一丁目５－１　　３０２" }, "geometry": { "type": "Point", "coordinates": [ 132.47523, 34.466003 ] } },
{ "type": "Feature", "properties": { "ID": 3422340528640, "正式名称": "サザンクリニック", "機関区分": 2, "都道府県コード": 34, "市区町村コード": 212, "所在地": "広島県東広島市黒瀬町兼広１３７番８", "緯度": 34.322771, "経度": 132.663276, "url": "https://www.iryou.teikyouseido.mhlw.go.jp/znk-web/juminkanja/S2430/initialize?prefCd=34&kikanCd=2340528640&kikanKbn=2", "url2": null, "内容": "サザンクリニック【2:診療所】【診療科目:内科_精神科_神経科_心療内科】広島県東広島市黒瀬町兼広１３７番８" }, "geometry": { "type": "Point", "coordinates": [ 132.663276, 34.322771 ] } },
{ "type": "Feature", "properties": { "ID": 3422340528930, "正式名称": "山本醫院", "機関区分": 2, "都道府県コード": 34, "市区町村コード": 207, "所在地": "広島県福山市引野町北２丁目８番２８号", "緯度": 34.502043, "経度": 133.408151, "url": "https://www.iryou.teikyouseido.mhlw.go.jp/znk-web/juminkanja/S2430/initialize?prefCd=34&kikanCd=2340528930&kikanKbn=2", "url2": "http://www.0849432777.com", "内容": "山本醫院【2:診療所】【診療科目:消化器内科_外科_肛門外科_麻酔科】広島県福山市引野町北２丁目８番２８号" }, "geometry": { "type": "Point", "coordinates": [ 133.408151, 34.502043 ] } },
{ "type": "Feature", "properties": { "ID": 3422340529070, "正式名称": "なんば医院", "機関区分": 2, "都道府県コード": 34, "市区町村コード": 208, "所在地": "広島県府中市土生町１５７２－２", "緯度": 34.571172, "経度": 133.230634, "url": "https://www.iryou.teikyouseido.mhlw.go.jp/znk-web/juminkanja/S2430/initialize?prefCd=34&kikanCd=2340529070&kikanKbn=2", "url2": "https://namba-iin.com/", "内容": "なんば医院【2:診療所】【診療科目:内科_整形外科_形成外科_皮膚科_泌尿器科_リウマチ科_リハビリテーション科】広島県府中市土生町１５７２－２" }, "geometry": { "type": "Point", "coordinates": [ 133.230634, 34.571172 ] } },
{ "type": "Feature", "properties": { "ID": 3422340529100, "正式名称": "医療法人　古谷皮ふ科クリニック", "機関区分": 2, "都道府県コード": 34, "市区町村コード": 103, "所在地": "広島県広島市南区翠３丁目６番４号　翠町メディカルビル３階", "緯度": 34.372957, "経度": 132.471484, "url": "https://www.iryou.teikyouseido.mhlw.go.jp/znk-web/juminkanja/S2430/initialize?prefCd=34&kikanCd=2340529100&kikanKbn=2", "url2": "http://www.furutani-fuka.com", "内容": "医療法人　古谷皮ふ科クリニック【2:診療所】【診療科目:皮膚科_アレルギー科】広島県広島市南区翠３丁目６番４号　翠町メディカルビル３階" }, "geometry": { "type": "Point", "coordinates": [ 132.471484, 34.372957 ] } },
{ "type": "Feature", "properties": { "ID": 3422340529360, "正式名称": "医療法人　あかね会　大町土谷クリニック", "機関区分": 2, "都道府県コード": 34, "市区町村コード": 105, "所在地": "広島県広島市安佐南区大町東２丁目８番３５号", "緯度": 34.461781, "経度": 132.468897, "url": "https://www.iryou.teikyouseido.mhlw.go.jp/znk-web/juminkanja/S2430/initialize?prefCd=34&kikanCd=2340529360&kikanKbn=2", "url2": "http://www.tsuchiya-hp.jp/hpt/oty/index.htm", "内容": "医療法人　あかね会　大町土谷クリニック【2:診療所】【診療科目:内科_放射線科】広島県広島市安佐南区大町東２丁目８番３５号" }, "geometry": { "type": "Point", "coordinates": [ 132.468897, 34.461781 ] } },
{ "type": "Feature", "properties": { "ID": 3422340529520, "正式名称": "医療法人　至誠会　石井整形外科リハビリクリニック", "機関区分": 2, "都道府県コード": 34, "市区町村コード": 105, "所在地": "広島県広島市安佐南区山本１－９－２６クリニックモール祇園１Ｆ", "緯度": 34.436894, "経度": 132.453844, "url": "https://www.iryou.teikyouseido.mhlw.go.jp/znk-web/juminkanja/S2430/initialize?prefCd=34&kikanCd=2340529520&kikanKbn=2", "url2": "https://www.ishiiseikei-clinic.com", "内容": "医療法人　至誠会　石井整形外科リハビリクリニック【2:診療所】【診療科目:整形外科_リウマチ科_リハビリテーション科】広島県広島市安佐南区山本１－９－２６クリニックモール祇園１Ｆ" }, "geometry": { "type": "Point", "coordinates": [ 132.453844, 34.436894 ] } },
{ "type": "Feature", "properties": { "ID": 3422340529810, "正式名称": "森原内科胃腸科医院", "機関区分": 2, "都道府県コード": 34, "市区町村コード": 304, "所在地": "広島県安芸郡海田町蟹原一丁目１３－１１", "緯度": 34.370712, "経度": 132.543591, "url": "https://www.iryou.teikyouseido.mhlw.go.jp/znk-web/juminkanja/S2430/initialize?prefCd=34&kikanCd=2340529810&kikanKbn=2", "url2": "http://www.morihara-cl.com/", "内容": "森原内科胃腸科医院【2:診療所】【診療科目:内科_胃腸内科】広島県安芸郡海田町蟹原一丁目１３－１１" }, "geometry": { "type": "Point", "coordinates": [ 132.543591, 34.370712 ] } },
{ "type": "Feature", "properties": { "ID": 3422340529940, "正式名称": "かわもと皮ふ科", "機関区分": 2, "都道府県コード": 34, "市区町村コード": 304, "所在地": "広島県安芸郡海田町窪町２－１４　はんどうビル４Ｆ", "緯度": 34.371638, "経度": 132.529943, "url": "https://www.iryou.teikyouseido.mhlw.go.jp/znk-web/juminkanja/S2430/initialize?prefCd=34&kikanCd=2340529940&kikanKbn=2", "url2": "http://www.kawamotohifuka.com", "内容": "かわもと皮ふ科【2:診療所】【診療科目:形成外科_皮膚科_アレルギー科】広島県安芸郡海田町窪町２－１４　はんどうビル４Ｆ" }, "geometry": { "type": "Point", "coordinates": [ 132.529943, 34.371638 ] } },
{ "type": "Feature", "properties": { "ID": 3422340530180, "正式名称": "医療法人　翠蘭会　加川内科", "機関区分": 2, "都道府県コード": 34, "市区町村コード": 106, "所在地": "広島県広島市安佐北区口田３丁目２６－５　ＭＤＲビル　４階", "緯度": 34.465642, "経度": 132.504422, "url": "https://www.iryou.teikyouseido.mhlw.go.jp/znk-web/juminkanja/S2430/initialize?prefCd=34&kikanCd=2340530180&kikanKbn=2", "url2": null, "内容": "医療法人　翠蘭会　加川内科【2:診療所】【診療科目:内科】広島県広島市安佐北区口田３丁目２６－５　ＭＤＲビル　４階" }, "geometry": { "type": "Point", "coordinates": [ 132.504422, 34.465642 ] } },
{ "type": "Feature", "properties": { "ID": 3422340530210, "正式名称": "山東クリニック", "機関区分": 2, "都道府県コード": 34, "市区町村コード": 105, "所在地": "広島県広島市安佐南区緑井３－１４－８", "緯度": 34.468836, "経度": 132.467508, "url": "https://www.iryou.teikyouseido.mhlw.go.jp/znk-web/juminkanja/S2430/initialize?prefCd=34&kikanCd=2340530210&kikanKbn=2", "url2": "http://santoclinic.com", "内容": "山東クリニック【2:診療所】【診療科目:内科_糖尿病内科_脂質代謝内科_糖尿病・代謝内科_呼吸器内科_消化器内科_肝臓内科_内視鏡内科_アレルギー疾患内科_美容皮膚科_アレルギー科】広島県広島市安佐南区緑井３－１４－８" }, "geometry": { "type": "Point", "coordinates": [ 132.467508, 34.468836 ] } },
{ "type": "Feature", "properties": { "ID": 3422340530760, "正式名称": "医療法人　西山皮ふ科　アレルギー科", "機関区分": 2, "都道府県コード": 34, "市区町村コード": 105, "所在地": "広島県広島市安佐南区山本一丁目９－２６　クリニックモール祇園３階", "緯度": 34.436733, "経度": 132.45385, "url": "https://www.iryou.teikyouseido.mhlw.go.jp/znk-web/juminkanja/S2430/initialize?prefCd=34&kikanCd=2340530760&kikanKbn=2", "url2": null, "内容": "医療法人　西山皮ふ科　アレルギー科【2:診療所】【診療科目:形成外科_皮膚科_アレルギー科】広島県広島市安佐南区山本一丁目９－２６　クリニックモール祇園３階" }, "geometry": { "type": "Point", "coordinates": [ 132.45385, 34.436733 ] } },
{ "type": "Feature", "properties": { "ID": 3422340530890, "正式名称": "医療法人社団　きらら友正会　勝木台クリニック", "機関区分": 2, "都道府県コード": 34, "市区町村コード": 106, "所在地": "広島県広島市安佐北区亀山西１丁目２番１号", "緯度": 34.534551, "経度": 132.475782, "url": "https://www.iryou.teikyouseido.mhlw.go.jp/znk-web/juminkanja/S2430/initialize?prefCd=34&kikanCd=2340530890&kikanKbn=2", "url2": "http://www.katsugidai-clinic.jp", "内容": "医療法人社団　きらら友正会　勝木台クリニック【2:診療所】【診療科目:内科_消化器内科_腎臓内科_人工透析内科】広島県広島市安佐北区亀山西１丁目２番１号" }, "geometry": { "type": "Point", "coordinates": [ 132.475782, 34.534551 ] } },
{ "type": "Feature", "properties": { "ID": 3422340530920, "正式名称": "広島平和クリニック", "機関区分": 2, "都道府県コード": 34, "市区町村コード": 101, "所在地": "広島県広島市中区河原町１－３１", "緯度": 34.391233, "経度": 132.447736, "url": "https://www.iryou.teikyouseido.mhlw.go.jp/znk-web/juminkanja/S2430/initialize?prefCd=34&kikanCd=2340530920&kikanKbn=2", "url2": "http://www.aoikai.jp/h-heiwa/", "内容": "広島平和クリニック【2:診療所】【診療科目:放射線科】広島県広島市中区河原町１－３１" }, "geometry": { "type": "Point", "coordinates": [ 132.447736, 34.391233 ] } },
{ "type": "Feature", "properties": { "ID": 3422340531060, "正式名称": "医療法人社団秋月会　香月産婦人科", "機関区分": 2, "都道府県コード": 34, "市区町村コード": 104, "所在地": "広島県広島市西区己斐本町２丁目１４番２４号", "緯度": 34.392811, "経度": 132.42574, "url": "https://www.iryou.teikyouseido.mhlw.go.jp/znk-web/juminkanja/S2430/initialize?prefCd=34&kikanCd=2340531060&kikanKbn=2", "url2": "http://www.katsuki-clinic.com", "内容": "医療法人社団秋月会　香月産婦人科【2:診療所】【診療科目:産婦人科_産婦人科（生殖医療）】広島県広島市西区己斐本町２丁目１４番２４号" }, "geometry": { "type": "Point", "coordinates": [ 132.42574, 34.392811 ] } },
{ "type": "Feature", "properties": { "ID": 3422340531800, "正式名称": "こばたけ医院", "機関区分": 2, "都道府県コード": 34, "市区町村コード": 207, "所在地": "広島県福山市松浜町四丁目５－２５", "緯度": 34.477994, "経度": 133.377036, "url": "https://www.iryou.teikyouseido.mhlw.go.jp/znk-web/juminkanja/S2430/initialize?prefCd=34&kikanCd=2340531800&kikanKbn=2", "url2": "http://www.kobatake-cli.jp", "内容": "こばたけ医院【2:診療所】【診療科目:内科_循環器内科_消化器内科_胃腸内科】広島県福山市松浜町四丁目５－２５" }, "geometry": { "type": "Point", "coordinates": [ 133.377036, 34.477994 ] } },
{ "type": "Feature", "properties": { "ID": 3422340531930, "正式名称": "医療法人社団　育伸会　なかよし小児科", "機関区分": 2, "都道府県コード": 34, "市区町村コード": 207, "所在地": "広島県福山市引野町四丁目２２－１９", "緯度": 34.4906, "経度": 133.41004, "url": "https://www.iryou.teikyouseido.mhlw.go.jp/znk-web/juminkanja/S2430/initialize?prefCd=34&kikanCd=2340531930&kikanKbn=2", "url2": "http://www.nakayoshi-web.com/", "内容": "医療法人社団　育伸会　なかよし小児科【2:診療所】【診療科目:小児科_アレルギー科】広島県福山市引野町四丁目２２－１９" }, "geometry": { "type": "Point", "coordinates": [ 133.41004, 34.4906 ] } },
{ "type": "Feature", "properties": { "ID": 3422340532070, "正式名称": "重政レディスクリニック", "機関区分": 2, "都道府県コード": 34, "市区町村コード": 207, "所在地": "広島県福山市沖野上町五丁目６－２３", "緯度": 34.473462, "経度": 133.364517, "url": "https://www.iryou.teikyouseido.mhlw.go.jp/znk-web/juminkanja/S2430/initialize?prefCd=34&kikanCd=2340532070&kikanKbn=2", "url2": "http://kaiinhp.fmed.jp/shigemasa-clinic/", "内容": "重政レディスクリニック【2:診療所】【診療科目:内科_婦人科】広島県福山市沖野上町五丁目６－２３" }, "geometry": { "type": "Point", "coordinates": [ 133.364517, 34.473462 ] } },
{ "type": "Feature", "properties": { "ID": 3422340532100, "正式名称": "河村小児科", "機関区分": 2, "都道府県コード": 34, "市区町村コード": 213, "所在地": "広島県廿日市市上平良３５８－１", "緯度": 34.35715, "経度": 132.312915, "url": "https://www.iryou.teikyouseido.mhlw.go.jp/znk-web/juminkanja/S2430/initialize?prefCd=34&kikanCd=2340532100&kikanKbn=2", "url2": "http://kawamura-kids.com", "内容": "河村小児科【2:診療所】【診療科目:小児科_小児科系その他】広島県廿日市市上平良３５８－１" }, "geometry": { "type": "Point", "coordinates": [ 132.312915, 34.35715 ] } },
{ "type": "Feature", "properties": { "ID": 3422340532230, "正式名称": "きぬた小児科", "機関区分": 2, "都道府県コード": 34, "市区町村コード": 207, "所在地": "広島県福山市神辺町川南９６０－３", "緯度": 34.534567, "経度": 133.370539, "url": "https://www.iryou.teikyouseido.mhlw.go.jp/znk-web/juminkanja/S2430/initialize?prefCd=34&kikanCd=2340532230&kikanKbn=2", "url2": null, "内容": "きぬた小児科【2:診療所】【診療科目:小児科】広島県福山市神辺町川南９６０－３" }, "geometry": { "type": "Point", "coordinates": [ 133.370539, 34.534567 ] } },
{ "type": "Feature", "properties": { "ID": 3422340532490, "正式名称": "医療法人　　木下循環器・内科", "機関区分": 2, "都道府県コード": 34, "市区町村コード": 103, "所在地": "広島県広島市南区東雲本町２－７－１０", "緯度": 34.382299, "経度": 132.486751, "url": "https://www.iryou.teikyouseido.mhlw.go.jp/znk-web/juminkanja/S2430/initialize?prefCd=34&kikanCd=2340532490&kikanKbn=2", "url2": null, "内容": "医療法人　　木下循環器・内科【2:診療所】【診療科目:内科_循環器内科】広島県広島市南区東雲本町２－７－１０" }, "geometry": { "type": "Point", "coordinates": [ 132.486751, 34.382299 ] } },
{ "type": "Feature", "properties": { "ID": 3422340532520, "正式名称": "まゆみ眼科クリニック", "機関区分": 2, "都道府県コード": 34, "市区町村コード": 105, "所在地": "広島県広島市安佐南区東原１丁目１番２号　シーブリーズ東原７番館　３Ｆ", "緯度": 34.443894, "経度": 132.480064, "url": "https://www.iryou.teikyouseido.mhlw.go.jp/znk-web/juminkanja/S2430/initialize?prefCd=34&kikanCd=2340532520&kikanKbn=2", "url2": null, "内容": "まゆみ眼科クリニック【2:診療所】【診療科目:眼科】広島県広島市安佐南区東原１丁目１番２号　シーブリーズ東原７番館　３Ｆ" }, "geometry": { "type": "Point", "coordinates": [ 132.480064, 34.443894 ] } },
{ "type": "Feature", "properties": { "ID": 3422340532780, "正式名称": "呉整形外科クリニック", "機関区分": 2, "都道府県コード": 34, "市区町村コード": 202, "所在地": "広島県呉市宝町２番５０号　レクレ４階", "緯度": 34.243785, "経度": 132.557854, "url": "https://www.iryou.teikyouseido.mhlw.go.jp/znk-web/juminkanja/S2430/initialize?prefCd=34&kikanCd=2340532780&kikanKbn=2", "url2": "http://www.hishokai.or.jp/", "内容": "呉整形外科クリニック【2:診療所】【診療科目:整形外科_リウマチ科_リハビリテーション科】広島県呉市宝町２番５０号　レクレ４階" }, "geometry": { "type": "Point", "coordinates": [ 132.557854, 34.243785 ] } },
{ "type": "Feature", "properties": { "ID": 3422340533080, "正式名称": "医療法人和光　和光整形外科クリニック", "機関区分": 2, "都道府県コード": 34, "市区町村コード": 108, "所在地": "広島県広島市佐伯区八幡東２丁目２８－８－７", "緯度": 34.383898, "経度": 132.359799, "url": "https://www.iryou.teikyouseido.mhlw.go.jp/znk-web/juminkanja/S2430/initialize?prefCd=34&kikanCd=2340533080&kikanKbn=2", "url2": "wakoseikei.com", "内容": "医療法人和光　和光整形外科クリニック【2:診療所】【診療科目:整形外科_リハビリテーション科】広島県広島市佐伯区八幡東２丁目２８－８－７" }, "geometry": { "type": "Point", "coordinates": [ 132.359799, 34.383898 ] } },
{ "type": "Feature", "properties": { "ID": 3422340533370, "正式名称": "矢野脳神経外科・やのこどもクリニック", "機関区分": 2, "都道府県コード": 34, "市区町村コード": 105, "所在地": "広島県広島市安佐南区大塚西１丁目２４－１２", "緯度": 34.444671, "経度": 132.404403, "url": "https://www.iryou.teikyouseido.mhlw.go.jp/znk-web/juminkanja/S2430/initialize?prefCd=34&kikanCd=2340533370&kikanKbn=2", "url2": "http://www.duopfeil.com", "内容": "矢野脳神経外科・やのこどもクリニック【2:診療所】【診療科目:神経内科_脳神経外科_小児科_リハビリテーション科】広島県広島市安佐南区大塚西１丁目２４－１２" }, "geometry": { "type": "Point", "coordinates": [ 132.404403, 34.444671 ] } },
{ "type": "Feature", "properties": { "ID": 3422340533530, "正式名称": "山下内科・消化器科クリニック", "機関区分": 2, "都道府県コード": 34, "市区町村コード": 102, "所在地": "広島県広島市東区戸坂出江一丁目１－１０", "緯度": 34.431757, "経度": 132.488897, "url": "https://www.iryou.teikyouseido.mhlw.go.jp/znk-web/juminkanja/S2430/initialize?prefCd=34&kikanCd=2340533530&kikanKbn=2", "url2": "https://www.hesaka-yamashitanaika.com/", "内容": "山下内科・消化器科クリニック【2:診療所】【診療科目:内科_消化器内科_胃腸内科】広島県広島市東区戸坂出江一丁目１－１０" }, "geometry": { "type": "Point", "coordinates": [ 132.488897, 34.431757 ] } },
{ "type": "Feature", "properties": { "ID": 3422340533660, "正式名称": "医療法人さくら美容クリニックさくら美容クリニック", "機関区分": 2, "都道府県コード": 34, "市区町村コード": 101, "所在地": "広島県広島市中区幟町１４番１４号　広島教販ビル４Ｆ", "緯度": 34.393538, "経度": 132.466345, "url": "https://www.iryou.teikyouseido.mhlw.go.jp/znk-web/juminkanja/S2430/initialize?prefCd=34&kikanCd=2340533660&kikanKbn=2", "url2": "https://www.sakurabiyou.com/", "内容": "医療法人さくら美容クリニックさくら美容クリニック【2:診療所】【診療科目:形成外科_美容外科_皮膚科_美容皮膚科】広島県広島市中区幟町１４番１４号　広島教販ビル４Ｆ" }, "geometry": { "type": "Point", "coordinates": [ 132.466345, 34.393538 ] } },
{ "type": "Feature", "properties": { "ID": 3422340533790, "正式名称": "いわもとメンタルクリニック", "機関区分": 2, "都道府県コード": 34, "市区町村コード": 101, "所在地": "広島県広島市中区胡町４－２４　クリタ胡町ビル２Ｆ", "緯度": 34.393149, "経度": 132.46529, "url": "https://www.iryou.teikyouseido.mhlw.go.jp/znk-web/juminkanja/S2430/initialize?prefCd=34&kikanCd=2340533790&kikanKbn=2", "url2": "http://iwamoto-m-c.com", "内容": "いわもとメンタルクリニック【2:診療所】【診療科目:精神科_心療内科_老年精神科_精神科系その他】広島県広島市中区胡町４－２４　クリタ胡町ビル２Ｆ" }, "geometry": { "type": "Point", "coordinates": [ 132.46529, 34.393149 ] } },
{ "type": "Feature", "properties": { "ID": 3422340533820, "正式名称": "グランドタワーメディカルコートライフケアクリニック", "機関区分": 2, "都道府県コード": 34, "市区町村コード": 101, "所在地": "広島県広島市中区上八丁堀４－１　アーバンビューグランドタワー４Ｆ", "緯度": 34.399383, "経度": 132.464701, "url": "https://www.iryou.teikyouseido.mhlw.go.jp/znk-web/juminkanja/S2430/initialize?prefCd=34&kikanCd=2340533820&kikanKbn=2", "url2": "http://www.uvgt-medical.com/", "内容": "グランドタワーメディカルコートライフケアクリニック【2:診療所】【診療科目:内科_糖尿病・代謝内科_循環器内科_放射線科】広島県広島市中区上八丁堀４－１　アーバンビューグランドタワー４Ｆ" }, "geometry": { "type": "Point", "coordinates": [ 132.464701, 34.399383 ] } },
{ "type": "Feature", "properties": { "ID": 3422340534090, "正式名称": "医療法人　藤井レディースクリニック", "機関区分": 2, "都道府県コード": 34, "市区町村コード": 101, "所在地": "広島県広島市中区紙屋町２丁目２番６号　紙屋町イワミビル４階", "緯度": 34.394364, "経度": 132.456938, "url": "https://www.iryou.teikyouseido.mhlw.go.jp/znk-web/juminkanja/S2430/initialize?prefCd=34&kikanCd=2340534090&kikanKbn=2", "url2": "http://www.fujii-ladies-clinic.jp", "内容": "医療法人　藤井レディースクリニック【2:診療所】【診療科目:内科_産婦人科】広島県広島市中区紙屋町２丁目２番６号　紙屋町イワミビル４階" }, "geometry": { "type": "Point", "coordinates": [ 132.456938, 34.394364 ] } },
{ "type": "Feature", "properties": { "ID": 3422340534120, "正式名称": "なかしお内科クリニック", "機関区分": 2, "都道府県コード": 34, "市区町村コード": 202, "所在地": "広島県呉市広駅前一丁目１－１０", "緯度": 34.230892, "経度": 132.627256, "url": "https://www.iryou.teikyouseido.mhlw.go.jp/znk-web/juminkanja/S2430/initialize?prefCd=34&kikanCd=2340534120&kikanKbn=2", "url2": "http://www.citydo.com/prf/hiroshima/guide/sg/450001946.html", "内容": "なかしお内科クリニック【2:診療所】【診療科目:内科_消化器内科】広島県呉市広駅前一丁目１－１０" }, "geometry": { "type": "Point", "coordinates": [ 132.627256, 34.230892 ] } },
{ "type": "Feature", "properties": { "ID": 3422340534380, "正式名称": "ひらた耳鼻咽喉科アレルギー科", "機関区分": 2, "都道府県コード": 34, "市区町村コード": 213, "所在地": "広島県廿日市市天神１２－７　クレアーレヴェント天神ビル２Ｆ", "緯度": 34.354485, "経度": 132.33808, "url": "https://www.iryou.teikyouseido.mhlw.go.jp/znk-web/juminkanja/S2430/initialize?prefCd=34&kikanCd=2340534380&kikanKbn=2", "url2": "http://www.hirata-ent.jp", "内容": "ひらた耳鼻咽喉科アレルギー科【2:診療所】【診療科目:小児耳鼻いんこう科_耳鼻いんこう科_頭頸部・耳鼻いんこう科_アレルギー科】広島県廿日市市天神１２－７　クレアーレヴェント天神ビル２Ｆ" }, "geometry": { "type": "Point", "coordinates": [ 132.33808, 34.354485 ] } },
{ "type": "Feature", "properties": { "ID": 3422340534540, "正式名称": "医療法人　かとう小児科アレルギー科", "機関区分": 2, "都道府県コード": 34, "市区町村コード": 212, "所在地": "広島県東広島市西条土与丸五丁目９番６号", "緯度": 34.428345, "経度": 132.753042, "url": "https://www.iryou.teikyouseido.mhlw.go.jp/znk-web/juminkanja/S2430/initialize?prefCd=34&kikanCd=2340534540&kikanKbn=2", "url2": "http://www.kato-kidsclinic.or.jp/", "内容": "医療法人　かとう小児科アレルギー科【2:診療所】【診療科目:小児科_アレルギー科】広島県東広島市西条土与丸五丁目９番６号" }, "geometry": { "type": "Point", "coordinates": [ 132.753042, 34.428345 ] } },
{ "type": "Feature", "properties": { "ID": 3422340534960, "正式名称": "医療法人社団　はやしクリニック", "機関区分": 2, "都道府県コード": 34, "市区町村コード": 108, "所在地": "広島県広島市佐伯区八幡一丁目２２－１", "緯度": 34.386954, "経度": 132.357465, "url": "https://www.iryou.teikyouseido.mhlw.go.jp/znk-web/juminkanja/S2430/initialize?prefCd=34&kikanCd=2340534960&kikanKbn=2", "url2": "http://www.hayashi3.com/", "内容": "医療法人社団　はやしクリニック【2:診療所】【診療科目:内科_循環器内科】広島県広島市佐伯区八幡一丁目２２－１" }, "geometry": { "type": "Point", "coordinates": [ 132.357465, 34.386954 ] } },
{ "type": "Feature", "properties": { "ID": 3422340535390, "正式名称": "あさだ内科", "機関区分": 2, "都道府県コード": 34, "市区町村コード": 204, "所在地": "広島県三原市宮浦５丁目１６－２３", "緯度": 34.394826, "経度": 133.060907, "url": "https://www.iryou.teikyouseido.mhlw.go.jp/znk-web/juminkanja/S2430/initialize?prefCd=34&kikanCd=2340535390&kikanKbn=2", "url2": "https://www.nasada060202.jp", "内容": "あさだ内科【2:診療所】【診療科目:内科_呼吸器内科_消化器内科】広島県三原市宮浦５丁目１６－２３" }, "geometry": { "type": "Point", "coordinates": [ 133.060907, 34.394826 ] } },
{ "type": "Feature", "properties": { "ID": 3422340535680, "正式名称": "さくら内科・循環器内科", "機関区分": 2, "都道府県コード": 34, "市区町村コード": 101, "所在地": "広島県広島市中区本川町１丁目１番２６号　山根ビル２Ｆ", "緯度": 34.39651, "経度": 132.450929, "url": "https://www.iryou.teikyouseido.mhlw.go.jp/znk-web/juminkanja/S2430/initialize?prefCd=34&kikanCd=2340535680&kikanKbn=2", "url2": "https://sakuranaika.sunnyday.jp", "内容": "さくら内科・循環器内科【2:診療所】【診療科目:内科_呼吸器内科_循環器内科_消化器内科】広島県広島市中区本川町１丁目１番２６号　山根ビル２Ｆ" }, "geometry": { "type": "Point", "coordinates": [ 132.450929, 34.39651 ] } },
{ "type": "Feature", "properties": { "ID": 3422340535710, "正式名称": "おおひら内科クリニック", "機関区分": 2, "都道府県コード": 34, "市区町村コード": 104, "所在地": "広島県広島市西区己斐上１－１１－３６", "緯度": 34.406092, "経度": 132.419821, "url": "https://www.iryou.teikyouseido.mhlw.go.jp/znk-web/juminkanja/S2430/initialize?prefCd=34&kikanCd=2340535710&kikanKbn=2", "url2": "http://www.ccv.ne.jp/home/oohira/", "内容": "おおひら内科クリニック【2:診療所】【診療科目:内科_呼吸器内科_循環器内科】広島県広島市西区己斐上１－１１－３６" }, "geometry": { "type": "Point", "coordinates": [ 132.419821, 34.406092 ] } },
{ "type": "Feature", "properties": { "ID": 3422340535840, "正式名称": "湯来まつむらクリニック", "機関区分": 2, "都道府県コード": 34, "市区町村コード": 108, "所在地": "広島県広島市佐伯区湯来町白砂５９０番地", "緯度": 34.421628, "経度": 132.288857, "url": "https://www.iryou.teikyouseido.mhlw.go.jp/znk-web/juminkanja/S2430/initialize?prefCd=34&kikanCd=2340535840&kikanKbn=2", "url2": "http://www.matsumura-cc.jp/", "内容": "湯来まつむらクリニック【2:診療所】【診療科目:内科_呼吸器内科_循環器内科_消化器内科_外科】広島県広島市佐伯区湯来町白砂５９０番地" }, "geometry": { "type": "Point", "coordinates": [ 132.288857, 34.421628 ] } },
{ "type": "Feature", "properties": { "ID": 3422340536720, "正式名称": "医療法人　児玉医院", "機関区分": 2, "都道府県コード": 34, "市区町村コード": 205, "所在地": "広島県尾道市瀬戸田町瀬戸田３４６", "緯度": 34.302448, "経度": 133.091658, "url": "https://www.iryou.teikyouseido.mhlw.go.jp/znk-web/juminkanja/S2430/initialize?prefCd=34&kikanCd=2340536720&kikanKbn=2", "url2": null, "内容": "医療法人　児玉医院【2:診療所】【診療科目:内科_消化器内科_外科】広島県尾道市瀬戸田町瀬戸田３４６" }, "geometry": { "type": "Point", "coordinates": [ 133.091658, 34.302448 ] } },
{ "type": "Feature", "properties": { "ID": 3422340536850, "正式名称": "かじまクリニック", "機関区分": 2, "都道府県コード": 34, "市区町村コード": 202, "所在地": "広島県呉市宮原２－６－６", "緯度": 34.235251, "経度": 132.565677, "url": "https://www.iryou.teikyouseido.mhlw.go.jp/znk-web/juminkanja/S2430/initialize?prefCd=34&kikanCd=2340536850&kikanKbn=2", "url2": "https://kajimaclinic.sakura.ne.jp/homepage/", "内容": "かじまクリニック【2:診療所】【診療科目:内科_神経内科_アレルギー疾患内科_小児科_小児アレルギー科_放射線科】広島県呉市宮原２－６－６" }, "geometry": { "type": "Point", "coordinates": [ 132.565677, 34.235251 ] } },
{ "type": "Feature", "properties": { "ID": 3422340536980, "正式名称": "はまもと皮ふ科", "機関区分": 2, "都道府県コード": 34, "市区町村コード": 307, "所在地": "広島県安芸郡熊野町出来庭１０丁目４－４", "緯度": 34.332991, "経度": 132.567728, "url": "https://www.iryou.teikyouseido.mhlw.go.jp/znk-web/juminkanja/S2430/initialize?prefCd=34&kikanCd=2340536980&kikanKbn=2", "url2": "hamamoto-hifuka.com", "内容": "はまもと皮ふ科【2:診療所】【診療科目:形成外科_皮膚科_アレルギー科】広島県安芸郡熊野町出来庭１０丁目４－４" }, "geometry": { "type": "Point", "coordinates": [ 132.567728, 34.332991 ] } },
{ "type": "Feature", "properties": { "ID": 3422340537280, "正式名称": "河本内科クリニック", "機関区分": 2, "都道府県コード": 34, "市区町村コード": 210, "所在地": "広島県庄原市板橋町１６４－４", "緯度": 34.849863, "経度": 133.018441, "url": "https://www.iryou.teikyouseido.mhlw.go.jp/znk-web/juminkanja/S2430/initialize?prefCd=34&kikanCd=2340537280&kikanKbn=2", "url2": "http://www.citydo.com/sp/0824-75-0311", "内容": "河本内科クリニック【2:診療所】【診療科目:内科_胃腸内科】広島県庄原市板橋町１６４－４" }, "geometry": { "type": "Point", "coordinates": [ 133.018441, 34.849863 ] } },
{ "type": "Feature", "properties": { "ID": 3422340537310, "正式名称": "高山内科クリニック", "機関区分": 2, "都道府県コード": 34, "市区町村コード": 101, "所在地": "広島県広島市中区吉島東１丁目２３番１０の５", "緯度": 34.372735, "経度": 132.450431, "url": "https://www.iryou.teikyouseido.mhlw.go.jp/znk-web/juminkanja/S2430/initialize?prefCd=34&kikanCd=2340537310&kikanKbn=2", "url2": null, "内容": "高山内科クリニック【2:診療所】【診療科目:内科_糖尿病内科_内分泌内科_糖尿病・代謝内科】広島県広島市中区吉島東１丁目２３番１０の５" }, "geometry": { "type": "Point", "coordinates": [ 132.450431, 34.372735 ] } },
{ "type": "Feature", "properties": { "ID": 3422340537440, "正式名称": "医療法人むらき小児科", "機関区分": 2, "都道府県コード": 34, "市区町村コード": 104, "所在地": "広島県広島市西区庚午北２丁目２２－４　サンフラワービル　２Ｆ", "緯度": 34.389843, "経度": 132.417544, "url": "https://www.iryou.teikyouseido.mhlw.go.jp/znk-web/juminkanja/S2430/initialize?prefCd=34&kikanCd=2340537440&kikanKbn=2", "url2": "https://muraki-kids-clinic.com", "内容": "医療法人むらき小児科【2:診療所】【診療科目:小児科】広島県広島市西区庚午北２丁目２２－４　サンフラワービル　２Ｆ" }, "geometry": { "type": "Point", "coordinates": [ 132.417544, 34.389843 ] } },
{ "type": "Feature", "properties": { "ID": 3422340537600, "正式名称": "医療法人　新緑会　かわした泌尿器科クリニック", "機関区分": 2, "都道府県コード": 34, "市区町村コード": 105, "所在地": "広島県広島市安佐南区東原１－１－２　シーブリーズ７番館３０１号", "緯度": 34.443922, "経度": 132.480314, "url": "https://www.iryou.teikyouseido.mhlw.go.jp/znk-web/juminkanja/S2430/initialize?prefCd=34&kikanCd=2340537600&kikanKbn=2", "url2": null, "内容": "医療法人　新緑会　かわした泌尿器科クリニック【2:診療所】【診療科目:泌尿器科】広島県広島市安佐南区東原１－１－２　シーブリーズ７番館３０１号" }, "geometry": { "type": "Point", "coordinates": [ 132.480314, 34.443922 ] } },
{ "type": "Feature", "properties": { "ID": 3422340537730, "正式名称": "医療法人尉継　フジハラレディースクリニック", "機関区分": 2, "都道府県コード": 34, "市区町村コード": 105, "所在地": "広島県広島市安佐南区祇園５－２－１", "緯度": 34.446727, "経度": 132.460843, "url": "https://www.iryou.teikyouseido.mhlw.go.jp/znk-web/juminkanja/S2430/initialize?prefCd=34&kikanCd=2340537730&kikanKbn=2", "url2": "http://www.fujihara-lc.jp", "内容": "医療法人尉継　フジハラレディースクリニック【2:診療所】【診療科目:産婦人科】広島県広島市安佐南区祇園５－２－１" }, "geometry": { "type": "Point", "coordinates": [ 132.460843, 34.446727 ] } },
{ "type": "Feature", "properties": { "ID": 3422340537860, "正式名称": "三上クリニック", "機関区分": 2, "都道府県コード": 34, "市区町村コード": 210, "所在地": "広島県庄原市東城町東城３７５－５", "緯度": 34.89778, "経度": 133.271515, "url": "https://www.iryou.teikyouseido.mhlw.go.jp/znk-web/juminkanja/S2430/initialize?prefCd=34&kikanCd=2340537860&kikanKbn=2", "url2": null, "内容": "三上クリニック【2:診療所】【診療科目:内科_呼吸器内科_循環器内科_胃腸内科_アレルギー疾患内科_アレルギー科_放射線科】広島県庄原市東城町東城３７５－５" }, "geometry": { "type": "Point", "coordinates": [ 133.271515, 34.89778 ] } },
{ "type": "Feature", "properties": { "ID": 3422340537990, "正式名称": "船町ふじおかクリニック", "機関区分": 2, "都道府県コード": 34, "市区町村コード": 207, "所在地": "広島県福山市船町３－４", "緯度": 34.487155, "経度": 133.368571, "url": "https://www.iryou.teikyouseido.mhlw.go.jp/znk-web/juminkanja/S2430/initialize?prefCd=34&kikanCd=2340537990&kikanKbn=2", "url2": "http://kaiinhp.fmed.jp/funamachicl/", "内容": "船町ふじおかクリニック【2:診療所】【診療科目:内科_消化器内科_外科_放射線科】広島県福山市船町３－４" }, "geometry": { "type": "Point", "coordinates": [ 133.368571, 34.487155 ] } },
{ "type": "Feature", "properties": { "ID": 3422340538030, "正式名称": "森田内科クリニック", "機関区分": 2, "都道府県コード": 34, "市区町村コード": 207, "所在地": "広島県福山市南蔵王町六丁目４－１３", "緯度": 34.499145, "経度": 133.401121, "url": "https://www.iryou.teikyouseido.mhlw.go.jp/znk-web/juminkanja/S2430/initialize?prefCd=34&kikanCd=2340538030&kikanKbn=2", "url2": "http://kaiinhp.fmed.jp/moritacl/", "内容": "森田内科クリニック【2:診療所】【診療科目:内科_呼吸器内科_循環器内科_消化器内科_漢方内科_内視鏡内科_アレルギー疾患内科_アレルギー科】広島県福山市南蔵王町六丁目４－１３" }, "geometry": { "type": "Point", "coordinates": [ 133.401121, 34.499145 ] } },
{ "type": "Feature", "properties": { "ID": 3422340538290, "正式名称": "大崎上島町耳鼻咽喉科診療所", "機関区分": 2, "都道府県コード": 34, "市区町村コード": 431, "所在地": "広島県豊田郡大崎上島町東野６６２５－１", "緯度": 34.269865, "経度": 132.914619, "url": "https://www.iryou.teikyouseido.mhlw.go.jp/znk-web/juminkanja/S2430/initialize?prefCd=34&kikanCd=2340538290&kikanKbn=2", "url2": null, "内容": "大崎上島町耳鼻咽喉科診療所【2:診療所】【診療科目:耳鼻いんこう科】広島県豊田郡大崎上島町東野６６２５－１" }, "geometry": { "type": "Point", "coordinates": [ 132.914619, 34.269865 ] } },
{ "type": "Feature", "properties": { "ID": 3422340538450, "正式名称": "医療法人社団　大石整形外科リウマチクリニック", "機関区分": 2, "都道府県コード": 34, "市区町村コード": 104, "所在地": "広島県広島市西区己斐上１－１１－３６　ここから己斐上ビル２階", "緯度": 34.406098, "経度": 132.419858, "url": "https://www.iryou.teikyouseido.mhlw.go.jp/znk-web/juminkanja/S2430/initialize?prefCd=34&kikanCd=2340538450&kikanKbn=2", "url2": "http://www.ccv.ne.jp/home/oishi/index.htm", "内容": "医療法人社団　大石整形外科リウマチクリニック【2:診療所】【診療科目:ペインクリニック内科_ペインクリニック外科_整形外科_リウマチ科_リハビリテーション科】広島県広島市西区己斐上１－１１－３６　ここから己斐上ビル２階" }, "geometry": { "type": "Point", "coordinates": [ 132.419858, 34.406098 ] } },
{ "type": "Feature", "properties": { "ID": 3422340538580, "正式名称": "医療法人社団スマイル　クレア焼山クリニック", "機関区分": 2, "都道府県コード": 34, "市区町村コード": 202, "所在地": "広島県呉市神山３丁目３番３号", "緯度": 34.287412, "経度": 132.567758, "url": "https://www.iryou.teikyouseido.mhlw.go.jp/znk-web/juminkanja/S2430/initialize?prefCd=34&kikanCd=2340538580&kikanKbn=2", "url2": "http://d-smile.or.jp/cyc/", "内容": "医療法人社団スマイル　クレア焼山クリニック【2:診療所】【診療科目:内科_循環器内科_消化器内科_腎臓内科_人工透析内科】広島県呉市神山３丁目３番３号" }, "geometry": { "type": "Point", "coordinates": [ 132.567758, 34.287412 ] } },
{ "type": "Feature", "properties": { "ID": 3422340538740, "正式名称": "焼山中央内科クリニック", "機関区分": 2, "都道府県コード": 34, "市区町村コード": 202, "所在地": "広島県呉市焼山中央２丁目５番地７号クリニックモールリフレ１Ｆ", "緯度": 34.29587, "経度": 132.557064, "url": "https://www.iryou.teikyouseido.mhlw.go.jp/znk-web/juminkanja/S2430/initialize?prefCd=34&kikanCd=2340538740&kikanKbn=2", "url2": null, "内容": "焼山中央内科クリニック【2:診療所】【診療科目:内科_代謝内科_内分泌内科_循環器内科_消化器内科】広島県呉市焼山中央２丁目５番地７号クリニックモールリフレ１Ｆ" }, "geometry": { "type": "Point", "coordinates": [ 132.557064, 34.29587 ] } },
{ "type": "Feature", "properties": { "ID": 3422340538900, "正式名称": "みなもと眼科", "機関区分": 2, "都道府県コード": 34, "市区町村コード": 103, "所在地": "広島県広島市南区東本浦町１７－１２－１０１", "緯度": 34.375444, "経度": 132.492267, "url": "https://www.iryou.teikyouseido.mhlw.go.jp/znk-web/juminkanja/S2430/initialize?prefCd=34&kikanCd=2340538900&kikanKbn=2", "url2": "http://www.minamoto-eye.jp/", "内容": "みなもと眼科【2:診療所】【診療科目:眼科】広島県広島市南区東本浦町１７－１２－１０１" }, "geometry": { "type": "Point", "coordinates": [ 132.492267, 34.375444 ] } },
{ "type": "Feature", "properties": { "ID": 3422340539170, "正式名称": "まつもりファミリークリニック", "機関区分": 2, "都道府県コード": 34, "市区町村コード": 207, "所在地": "広島県福山市本庄町中一丁目２－１３", "緯度": 34.48946, "経度": 133.352711, "url": "https://www.iryou.teikyouseido.mhlw.go.jp/znk-web/juminkanja/S2430/initialize?prefCd=34&kikanCd=2340539170&kikanKbn=2", "url2": "https://sites.google.com / view / matsumorifamilyclinic", "内容": "まつもりファミリークリニック【2:診療所】【診療科目:内科_消化器内科_外科_整形外科】広島県福山市本庄町中一丁目２－１３" }, "geometry": { "type": "Point", "coordinates": [ 133.352711, 34.48946 ] } },
{ "type": "Feature", "properties": { "ID": 3422340539200, "正式名称": "医療法人社団　大下クリニック", "機関区分": 2, "都道府県コード": 34, "市区町村コード": 202, "所在地": "広島県呉市天応南町１１ー１", "緯度": 34.284621, "経度": 132.51699, "url": "https://www.iryou.teikyouseido.mhlw.go.jp/znk-web/juminkanja/S2430/initialize?prefCd=34&kikanCd=2340539200&kikanKbn=2", "url2": null, "内容": "医療法人社団　大下クリニック【2:診療所】【診療科目:内科_胃腸内科_外科_整形外科_小児科_リハビリテーション科_放射線科】広島県呉市天応南町１１ー１" }, "geometry": { "type": "Point", "coordinates": [ 132.51699, 34.284621 ] } },
{ "type": "Feature", "properties": { "ID": 3422340539460, "正式名称": "中谷整形外科", "機関区分": 2, "都道府県コード": 34, "市区町村コード": 102, "所在地": "広島県広島市東区愛宕町９－１７", "緯度": 34.396121, "経度": 132.479899, "url": "https://www.iryou.teikyouseido.mhlw.go.jp/znk-web/juminkanja/S2430/initialize?prefCd=34&kikanCd=2340539460&kikanKbn=2", "url2": null, "内容": "中谷整形外科【2:診療所】【診療科目:整形外科_リハビリテーション科】広島県広島市東区愛宕町９－１７" }, "geometry": { "type": "Point", "coordinates": [ 132.479899, 34.396121 ] } },
{ "type": "Feature", "properties": { "ID": 3422340539620, "正式名称": "わたなべ耳鼻咽喉科・アレルギー科", "機関区分": 2, "都道府県コード": 34, "市区町村コード": 105, "所在地": "広島県広島市安佐南区東原１丁目１－２　シーブリーズ東原７番館４０３", "緯度": 34.4437, "経度": 132.479481, "url": "https://www.iryou.teikyouseido.mhlw.go.jp/znk-web/juminkanja/S2430/initialize?prefCd=34&kikanCd=2340539620&kikanKbn=2", "url2": "http://www.watanabeoto.com/", "内容": "わたなべ耳鼻咽喉科・アレルギー科【2:診療所】【診療科目:耳鼻いんこう科_アレルギー科】広島県広島市安佐南区東原１丁目１－２　シーブリーズ東原７番館４０３" }, "geometry": { "type": "Point", "coordinates": [ 132.479481, 34.4437 ] } },
{ "type": "Feature", "properties": { "ID": 3422340539910, "正式名称": "くすのきクリニック", "機関区分": 2, "都道府県コード": 34, "市区町村コード": 101, "所在地": "広島県広島市中区光南１－１５－１０", "緯度": 34.367152, "経度": 132.446959, "url": "https://www.iryou.teikyouseido.mhlw.go.jp/znk-web/juminkanja/S2430/initialize?prefCd=34&kikanCd=2340539910&kikanKbn=2", "url2": null, "内容": "くすのきクリニック【2:診療所】【診療科目:整形外科_リハビリテーション科】広島県広島市中区光南１－１５－１０" }, "geometry": { "type": "Point", "coordinates": [ 132.446959, 34.367152 ] } },
{ "type": "Feature", "properties": { "ID": 3422340540020, "正式名称": "医療法人社団　京口門クリニック", "機関区分": 2, "都道府県コード": 34, "市区町村コード": 101, "所在地": "広島県広島市中区八丁堀１２－１０　ジェイシティ八丁堀", "緯度": 34.395386, "経度": 132.463215, "url": "https://www.iryou.teikyouseido.mhlw.go.jp/znk-web/juminkanja/S2430/initialize?prefCd=34&kikanCd=2340540020&kikanKbn=2", "url2": "http://www.kyouguchimon-clinic.jp/", "内容": "医療法人社団　京口門クリニック【2:診療所】【診療科目:精神科_心療内科】広島県広島市中区八丁堀１２－１０　ジェイシティ八丁堀" }, "geometry": { "type": "Point", "coordinates": [ 132.463215, 34.395386 ] } },
{ "type": "Feature", "properties": { "ID": 3422340540150, "正式名称": "医療法人　健真会　山本整形外科クリニック", "機関区分": 2, "都道府県コード": 34, "市区町村コード": 103, "所在地": "広島県広島市南区青崎２丁目４番２０号", "緯度": 34.374458, "経度": 132.507509, "url": "https://www.iryou.teikyouseido.mhlw.go.jp/znk-web/juminkanja/S2430/initialize?prefCd=34&kikanCd=2340540150&kikanKbn=2", "url2": "http://www.kensinkai.or.jp", "内容": "医療法人　健真会　山本整形外科クリニック【2:診療所】【診療科目:整形外科_リウマチ科_リハビリテーション科】広島県広島市南区青崎２丁目４番２０号" }, "geometry": { "type": "Point", "coordinates": [ 132.507509, 34.374458 ] } },
{ "type": "Feature", "properties": { "ID": 3422340540310, "正式名称": "よしだレディースクリニック内科・小児科", "機関区分": 2, "都道府県コード": 34, "市区町村コード": 207, "所在地": "広島県福山市新涯町３丁目１９－３６", "緯度": 34.460964, "経度": 133.391626, "url": "https://www.iryou.teikyouseido.mhlw.go.jp/znk-web/juminkanja/S2430/initialize?prefCd=34&kikanCd=2340540310&kikanKbn=2", "url2": "http://www.yoshida-ladies.net/", "内容": "よしだレディースクリニック内科・小児科【2:診療所】【診療科目:内科_消化器内科_小児科_婦人科_産婦人科（生殖医療）】広島県福山市新涯町３丁目１９－３６" }, "geometry": { "type": "Point", "coordinates": [ 133.391626, 34.460964 ] } },
{ "type": "Feature", "properties": { "ID": 3422340540570, "正式名称": "富永内科", "機関区分": 2, "都道府県コード": 34, "市区町村コード": 202, "所在地": "広島県呉市中央３丁目１番９号", "緯度": 34.248062, "経度": 132.561288, "url": "https://www.iryou.teikyouseido.mhlw.go.jp/znk-web/juminkanja/S2430/initialize?prefCd=34&kikanCd=2340540570&kikanKbn=2", "url2": null, "内容": "富永内科【2:診療所】【診療科目:内科_循環器内科】広島県呉市中央３丁目１番９号" }, "geometry": { "type": "Point", "coordinates": [ 132.561288, 34.248062 ] } },
{ "type": "Feature", "properties": { "ID": 3422340540600, "正式名称": "かじやま内科循環器科", "機関区分": 2, "都道府県コード": 34, "市区町村コード": 204, "所在地": "広島県三原市宮沖２－６－１８", "緯度": 34.396742, "経度": 133.074577, "url": "https://www.iryou.teikyouseido.mhlw.go.jp/znk-web/juminkanja/S2430/initialize?prefCd=34&kikanCd=2340540600&kikanKbn=2", "url2": "http://www.citydo.com/prf/hiroshima/guide/sg/455001073....", "内容": "かじやま内科循環器科【2:診療所】【診療科目:内科_呼吸器内科_循環器内科_アレルギー疾患内科】広島県三原市宮沖２－６－１８" }, "geometry": { "type": "Point", "coordinates": [ 133.074577, 34.396742 ] } },
{ "type": "Feature", "properties": { "ID": 3422340540730, "正式名称": "徳永医院", "機関区分": 2, "都道府県コード": 34, "市区町村コード": 207, "所在地": "広島県福山市鞆町鞆９０８－３", "緯度": 34.383528, "経度": 133.38052, "url": "https://www.iryou.teikyouseido.mhlw.go.jp/znk-web/juminkanja/S2430/initialize?prefCd=34&kikanCd=2340540730&kikanKbn=2", "url2": "https://www.tokunaga-iin.jp", "内容": "徳永医院【2:診療所】【診療科目:内科_外科_泌尿器科】広島県福山市鞆町鞆９０８－３" }, "geometry": { "type": "Point", "coordinates": [ 133.38052, 34.383528 ] } },
{ "type": "Feature", "properties": { "ID": 3422340540990, "正式名称": "高橋泌尿器科・皮ふ科クリニック", "機関区分": 2, "都道府県コード": 34, "市区町村コード": 102, "所在地": "広島県広島市東区温品７－１０－１１－１８", "緯度": 34.414537, "経度": 132.51009, "url": "https://www.iryou.teikyouseido.mhlw.go.jp/znk-web/juminkanja/S2430/initialize?prefCd=34&kikanCd=2340540990&kikanKbn=2", "url2": "http://www.takahashi-c.com/", "内容": "高橋泌尿器科・皮ふ科クリニック【2:診療所】【診療科目:皮膚科_泌尿器科_アレルギー科】広島県広島市東区温品７－１０－１１－１８" }, "geometry": { "type": "Point", "coordinates": [ 132.51009, 34.414537 ] } },
{ "type": "Feature", "properties": { "ID": 3422340541030, "正式名称": "わかばクリニック", "機関区分": 2, "都道府県コード": 34, "市区町村コード": 104, "所在地": "広島県広島市西区己斐本町１丁目９－２０", "緯度": 34.398027, "経度": 132.429265, "url": "https://www.iryou.teikyouseido.mhlw.go.jp/znk-web/juminkanja/S2430/initialize?prefCd=34&kikanCd=2340541030&kikanKbn=2", "url2": "https://wakabaclinic.sakura.ne.jp/top.shtml", "内容": "わかばクリニック【2:診療所】【診療科目:内科_糖尿病内科_内分泌内科_脂質代謝内科_呼吸器内科_循環器内科_消化器内科_胃腸内科_腎臓内科_漢方内科_老年内科_内視鏡内科_肛門外科_精神科_心療内科_アレルギー科_リウマチ科】広島県広島市西区己斐本町１丁目９－２０" }, "geometry": { "type": "Point", "coordinates": [ 132.429265, 34.398027 ] } },
{ "type": "Feature", "properties": { "ID": 3422340541160, "正式名称": "明神館クリニック", "機関区分": 2, "都道府県コード": 34, "市区町村コード": 207, "所在地": "広島県福山市明神町２丁目５－２２", "緯度": 34.49235, "経度": 133.399596, "url": "https://www.iryou.teikyouseido.mhlw.go.jp/znk-web/juminkanja/S2430/initialize?prefCd=34&kikanCd=2340541160&kikanKbn=2", "url2": "http://www.myojin-kan.jp", "内容": "明神館クリニック【2:診療所】【診療科目:内科_神経内科_泌尿器科】広島県福山市明神町２丁目５－２２" }, "geometry": { "type": "Point", "coordinates": [ 133.399596, 34.49235 ] } },
{ "type": "Feature", "properties": { "ID": 3422340541290, "正式名称": "おの内科クリニック", "機関区分": 2, "都道府県コード": 34, "市区町村コード": 212, "所在地": "広島県東広島市安芸津町風早１１１８番地１４", "緯度": 34.31022, "経度": 132.794988, "url": "https://www.iryou.teikyouseido.mhlw.go.jp/znk-web/juminkanja/S2430/initialize?prefCd=34&kikanCd=2340541290&kikanKbn=2", "url2": null, "内容": "おの内科クリニック【2:診療所】【診療科目:内科_循環器内科】広島県東広島市安芸津町風早１１１８番地１４" }, "geometry": { "type": "Point", "coordinates": [ 132.794988, 34.31022 ] } },
{ "type": "Feature", "properties": { "ID": 3422340541320, "正式名称": "医療法人社団緑子会千田こどもクリニック", "機関区分": 2, "都道府県コード": 34, "市区町村コード": 101, "所在地": "広島県広島市中区千田町２－１－２７　井原ビル１階", "緯度": 34.379401, "経度": 132.456208, "url": "https://www.iryou.teikyouseido.mhlw.go.jp/znk-web/juminkanja/S2430/initialize?prefCd=34&kikanCd=2340541320&kikanKbn=2", "url2": "http://www.senda-kodomo.jp/", "内容": "医療法人社団緑子会千田こどもクリニック【2:診療所】【診療科目:小児科】広島県広島市中区千田町２－１－２７　井原ビル１階" }, "geometry": { "type": "Point", "coordinates": [ 132.456208, 34.379401 ] } },
{ "type": "Feature", "properties": { "ID": 3422340541580, "正式名称": "医療法人　なかむら内科クリニック", "機関区分": 2, "都道府県コード": 34, "市区町村コード": 101, "所在地": "広島県広島市中区大手町１－１－２０　相生橋ビル９Ｆ（折り鶴タワー隣）", "緯度": 34.395644, "経度": 132.455098, "url": "https://www.iryou.teikyouseido.mhlw.go.jp/znk-web/juminkanja/S2430/initialize?prefCd=34&kikanCd=2340541580&kikanKbn=2", "url2": "https://nakamuranaika.net/", "内容": "医療法人　なかむら内科クリニック【2:診療所】【診療科目:内科_糖尿病内科_内分泌内科_脂質代謝内科_糖尿病・内分泌内科_糖尿病・代謝内科_代謝・内分泌内科_肝臓内科】広島県広島市中区大手町１－１－２０　相生橋ビル９Ｆ（折り鶴タワー隣）" }, "geometry": { "type": "Point", "coordinates": [ 132.455098, 34.395644 ] } },
{ "type": "Feature", "properties": { "ID": 3422340541610, "正式名称": "医療法人　平和大通り心療クリニック", "機関区分": 2, "都道府県コード": 34, "市区町村コード": 101, "所在地": "広島県広島市中区中町８－６　フジタビル３Ｆ", "緯度": 34.389703, "経度": 132.458856, "url": "https://www.iryou.teikyouseido.mhlw.go.jp/znk-web/juminkanja/S2430/initialize?prefCd=34&kikanCd=2340541610&kikanKbn=2", "url2": "http//:www.heiwa-shinryou.net/", "内容": "医療法人　平和大通り心療クリニック【2:診療所】【診療科目:精神科_心療内科】広島県広島市中区中町８－６　フジタビル３Ｆ" }, "geometry": { "type": "Point", "coordinates": [ 132.458856, 34.389703 ] } },
{ "type": "Feature", "properties": { "ID": 3422340541740, "正式名称": "医療法人社団　髙畑医院", "機関区分": 2, "都道府県コード": 34, "市区町村コード": 103, "所在地": "広島県広島市南区宇品御幸５丁目１６－１６", "緯度": 34.357014, "経度": 132.463041, "url": "https://www.iryou.teikyouseido.mhlw.go.jp/znk-web/juminkanja/S2430/initialize?prefCd=34&kikanCd=2340541740&kikanKbn=2", "url2": null, "内容": "医療法人社団　髙畑医院【2:診療所】【診療科目:内科_循環器内科_精神科_心療内科】広島県広島市南区宇品御幸５丁目１６－１６" }, "geometry": { "type": "Point", "coordinates": [ 132.463041, 34.357014 ] } },
{ "type": "Feature", "properties": { "ID": 3422340541870, "正式名称": "にいみ皮ふ科アレルギー科", "機関区分": 2, "都道府県コード": 34, "市区町村コード": 105, "所在地": "広島県広島市安佐南区川内５－３１－１１", "緯度": 34.468142, "経度": 132.483257, "url": "https://www.iryou.teikyouseido.mhlw.go.jp/znk-web/juminkanja/S2430/initialize?prefCd=34&kikanCd=2340541870&kikanKbn=2", "url2": "https://www.niimi-hifuka.jp", "内容": "にいみ皮ふ科アレルギー科【2:診療所】【診療科目:皮膚科_アレルギー科】広島県広島市安佐南区川内５－３１－１１" }, "geometry": { "type": "Point", "coordinates": [ 132.483257, 34.468142 ] } },
{ "type": "Feature", "properties": { "ID": 3422340541900, "正式名称": "医療法人地主クリニック", "機関区分": 2, "都道府県コード": 34, "市区町村コード": 105, "所在地": "広島県広島市安佐南区祇園２－１２－１９", "緯度": 34.444727, "経度": 132.46787, "url": "https://www.iryou.teikyouseido.mhlw.go.jp/znk-web/juminkanja/S2430/initialize?prefCd=34&kikanCd=2340541900&kikanKbn=2", "url2": "http://jinushi-clinic.jp/", "内容": "医療法人地主クリニック【2:診療所】【診療科目:内科_消化器内科_外科_肛門外科_整形外科_アレルギー科_リハビリテーション科】広島県広島市安佐南区祇園２－１２－１９" }, "geometry": { "type": "Point", "coordinates": [ 132.46787, 34.444727 ] } },
{ "type": "Feature", "properties": { "ID": 3422340542040, "正式名称": "小椿クリニック", "機関区分": 2, "都道府県コード": 34, "市区町村コード": 106, "所在地": "広島県広島市安佐北区白木町三田下小椿４２７５－１", "緯度": 34.498244, "経度": 132.588531, "url": "https://www.iryou.teikyouseido.mhlw.go.jp/znk-web/juminkanja/S2430/initialize?prefCd=34&kikanCd=2340542040&kikanKbn=2", "url2": "https://kotsubaki-clinic.com/", "内容": "小椿クリニック【2:診療所】【診療科目:内科_呼吸器内科_循環器内科_消化器内科_放射線科】広島県広島市安佐北区白木町三田下小椿４２７５－１" }, "geometry": { "type": "Point", "coordinates": [ 132.588531, 34.498244 ] } },
{ "type": "Feature", "properties": { "ID": 3422340542170, "正式名称": "さとう脳外科クリニック", "機関区分": 2, "都道府県コード": 34, "市区町村コード": 207, "所在地": "広島県福山市大門町三丁目２８－４３", "緯度": 34.493322, "経度": 133.440537, "url": "https://www.iryou.teikyouseido.mhlw.go.jp/znk-web/juminkanja/S2430/initialize?prefCd=34&kikanCd=2340542170&kikanKbn=2", "url2": "https://www.sato-nougeka.com", "内容": "さとう脳外科クリニック【2:診療所】【診療科目:内科_脳神経外科_リハビリテーション科_放射線科】広島県福山市大門町三丁目２８－４３" }, "geometry": { "type": "Point", "coordinates": [ 133.440537, 34.493322 ] } },
{ "type": "Feature", "properties": { "ID": 3422340542330, "正式名称": "澤医院", "機関区分": 2, "都道府県コード": 34, "市区町村コード": 215, "所在地": "広島県江田島市大柿町小古江６６８－２", "緯度": 34.1812, "経度": 132.456106, "url": "https://www.iryou.teikyouseido.mhlw.go.jp/znk-web/juminkanja/S2430/initialize?prefCd=34&kikanCd=2340542330&kikanKbn=2", "url2": "https://etajima-sawa-clinic.com/", "内容": "澤医院【2:診療所】【診療科目:内科_消化器内科_外科_消化器外科】広島県江田島市大柿町小古江６６８－２" }, "geometry": { "type": "Point", "coordinates": [ 132.456106, 34.1812 ] } },
{ "type": "Feature", "properties": { "ID": 3422340542590, "正式名称": "医療法人　にしお小児科アレルギー科", "機関区分": 2, "都道府県コード": 34, "市区町村コード": 105, "所在地": "広島県広島市安佐南区山本１丁目９番２６号", "緯度": 34.436811, "経度": 132.453816, "url": "https://www.iryou.teikyouseido.mhlw.go.jp/znk-web/juminkanja/S2430/initialize?prefCd=34&kikanCd=2340542590&kikanKbn=2", "url2": "https://www.nishiocc.com/", "内容": "医療法人　にしお小児科アレルギー科【2:診療所】【診療科目:小児科_アレルギー科】広島県広島市安佐南区山本１丁目９番２６号" }, "geometry": { "type": "Point", "coordinates": [ 132.453816, 34.436811 ] } },
{ "type": "Feature", "properties": { "ID": 3422340542880, "正式名称": "医療法人社団仁友会　尾道クリニック", "機関区分": 2, "都道府県コード": 34, "市区町村コード": 205, "所在地": "広島県尾道市新浜２丁目１０番１２号", "緯度": 34.3998, "経度": 133.177091, "url": "https://www.iryou.teikyouseido.mhlw.go.jp/znk-web/juminkanja/S2430/initialize?prefCd=34&kikanCd=2340542880&kikanKbn=2", "url2": "http://www.onocli.jp/", "内容": "医療法人社団仁友会　尾道クリニック【2:診療所】【診療科目:内科_腎臓内科_人工透析内科_血管外科_眼科】広島県尾道市新浜２丁目１０番１２号" }, "geometry": { "type": "Point", "coordinates": [ 133.177091, 34.3998 ] } },
{ "type": "Feature", "properties": { "ID": 3422340543050, "正式名称": "網本内科消化器科医院", "機関区分": 2, "都道府県コード": 34, "市区町村コード": 213, "所在地": "広島県廿日市市平良２丁目１０－３７", "緯度": 34.353824, "経度": 132.326956, "url": "https://www.iryou.teikyouseido.mhlw.go.jp/znk-web/juminkanja/S2430/initialize?prefCd=34&kikanCd=2340543050&kikanKbn=2", "url2": "http://www.amimoto-clinic.com/", "内容": "網本内科消化器科医院【2:診療所】【診療科目:内科_消化器内科】広島県廿日市市平良２丁目１０－３７" }, "geometry": { "type": "Point", "coordinates": [ 132.326956, 34.353824 ] } },
{ "type": "Feature", "properties": { "ID": 3422340543210, "正式名称": "藤堂眼科医院", "機関区分": 2, "都道府県コード": 34, "市区町村コード": 101, "所在地": "広島県広島市中区銀山町１－６", "緯度": 34.392149, "経度": 132.468428, "url": "https://www.iryou.teikyouseido.mhlw.go.jp/znk-web/juminkanja/S2430/initialize?prefCd=34&kikanCd=2340543210&kikanKbn=2", "url2": "http://www.todo-ganka.com", "内容": "藤堂眼科医院【2:診療所】【診療科目:眼科】広島県広島市中区銀山町１－６" }, "geometry": { "type": "Point", "coordinates": [ 132.468428, 34.392149 ] } },
{ "type": "Feature", "properties": { "ID": 3422340543470, "正式名称": "たかいしクリニック", "機関区分": 2, "都道府県コード": 34, "市区町村コード": 108, "所在地": "広島県広島市佐伯区坪井１丁目２１－４３", "緯度": 34.377316, "経度": 132.349828, "url": "https://www.iryou.teikyouseido.mhlw.go.jp/znk-web/juminkanja/S2430/initialize?prefCd=34&kikanCd=2340543470&kikanKbn=2", "url2": "http://www.takaishi-clinic-naika.info/", "内容": "たかいしクリニック【2:診療所】【診療科目:内科_消化器内科】広島県広島市佐伯区坪井１丁目２１－４３" }, "geometry": { "type": "Point", "coordinates": [ 132.349828, 34.377316 ] } },
{ "type": "Feature", "properties": { "ID": 3422340543630, "正式名称": "医療法人　優和会　こどい内科クリニック", "機関区分": 2, "都道府県コード": 34, "市区町村コード": 108, "所在地": "広島県広島市佐伯区八幡東二丁目２８番５４号", "緯度": 34.384557, "経度": 132.35932, "url": "https://www.iryou.teikyouseido.mhlw.go.jp/znk-web/juminkanja/S2430/initialize?prefCd=34&kikanCd=2340543630&kikanKbn=2", "url2": "http://www.kodoi-naika.com/", "内容": "医療法人　優和会　こどい内科クリニック【2:診療所】【診療科目:内科_糖尿病内科_呼吸器内科_消化器内科_内視鏡内科_心療内科_リハビリテーション科】広島県広島市佐伯区八幡東二丁目２８番５４号" }, "geometry": { "type": "Point", "coordinates": [ 132.35932, 34.384557 ] } },
{ "type": "Feature", "properties": { "ID": 3422340543760, "正式名称": "まつおか耳鼻咽喉科", "機関区分": 2, "都道府県コード": 34, "市区町村コード": 207, "所在地": "広島県福山市水呑町三新田２丁目２８", "緯度": 34.446271, "経度": 133.386405, "url": "https://www.iryou.teikyouseido.mhlw.go.jp/znk-web/juminkanja/S2430/initialize?prefCd=34&kikanCd=2340543760&kikanKbn=2", "url2": "http://matsuokajibi.byoinnavi.jp/", "内容": "まつおか耳鼻咽喉科【2:診療所】【診療科目:耳鼻いんこう科】広島県福山市水呑町三新田２丁目２８" }, "geometry": { "type": "Point", "coordinates": [ 133.386405, 34.446271 ] } },
{ "type": "Feature", "properties": { "ID": 3422340544060, "正式名称": "西町クリニック耳鼻咽喉科", "機関区分": 2, "都道府県コード": 34, "市区町村コード": 207, "所在地": "広島県福山市西町二丁目５－６", "緯度": 34.490182, "経度": 133.357933, "url": "https://www.iryou.teikyouseido.mhlw.go.jp/znk-web/juminkanja/S2430/initialize?prefCd=34&kikanCd=2340544060&kikanKbn=2", "url2": "https://nishimachi-c.sakura.ne.jp", "内容": "西町クリニック耳鼻咽喉科【2:診療所】【診療科目:耳鼻いんこう科】広島県福山市西町二丁目５－６" }, "geometry": { "type": "Point", "coordinates": [ 133.357933, 34.490182 ] } },
{ "type": "Feature", "properties": { "ID": 3422340544190, "正式名称": "ひふみクリニック", "機関区分": 2, "都道府県コード": 34, "市区町村コード": 101, "所在地": "広島県広島市中区西白島町１８－２６", "緯度": 34.405287, "経度": 132.461873, "url": "https://www.iryou.teikyouseido.mhlw.go.jp/znk-web/juminkanja/S2430/initialize?prefCd=34&kikanCd=2340544190&kikanKbn=2", "url2": "http://www1.ocn.ne.jp/~hifumi-c/", "内容": "ひふみクリニック【2:診療所】【診療科目:内科】広島県広島市中区西白島町１８－２６" }, "geometry": { "type": "Point", "coordinates": [ 132.461873, 34.405287 ] } },
{ "type": "Feature", "properties": { "ID": 3422340544350, "正式名称": "大町メディカルクリニック", "機関区分": 2, "都道府県コード": 34, "市区町村コード": 105, "所在地": "広島県広島市安佐南区大町東２－１２－２４", "緯度": 34.460826, "経度": 132.468507, "url": "https://www.iryou.teikyouseido.mhlw.go.jp/znk-web/juminkanja/S2430/initialize?prefCd=34&kikanCd=2340544350&kikanKbn=2", "url2": "https://omachi-medical-clinic.jp/", "内容": "大町メディカルクリニック【2:診療所】【診療科目:内科_糖尿病内科_循環器内科_消化器内科_胃腸内科_リハビリテーション科】広島県広島市安佐南区大町東２－１２－２４" }, "geometry": { "type": "Point", "coordinates": [ 132.468507, 34.460826 ] } },
{ "type": "Feature", "properties": { "ID": 3422340544640, "正式名称": "医療法人社団博典会檀上医院", "機関区分": 2, "都道府県コード": 34, "市区町村コード": 205, "所在地": "広島県尾道市西御所町９番９号", "緯度": 34.40355, "経度": 133.188868, "url": "https://www.iryou.teikyouseido.mhlw.go.jp/znk-web/juminkanja/S2430/initialize?prefCd=34&kikanCd=2340544640&kikanKbn=2", "url2": "https://www.danjo-iin.jp/", "内容": "医療法人社団博典会檀上医院【2:診療所】【診療科目:内科】広島県尾道市西御所町９番９号" }, "geometry": { "type": "Point", "coordinates": [ 133.188868, 34.40355 ] } },
{ "type": "Feature", "properties": { "ID": 3422340544800, "正式名称": "医療法人　敬愛会　沖野医院", "機関区分": 2, "都道府県コード": 34, "市区町村コード": 106, "所在地": "広島県広島市安佐北区可部６丁目５番９号", "緯度": 34.523608, "経度": 132.505447, "url": "https://www.iryou.teikyouseido.mhlw.go.jp/znk-web/juminkanja/S2430/initialize?prefCd=34&kikanCd=2340544800&kikanKbn=2", "url2": "https://keiaikai-okinoiin-2.jimdosite.com/", "内容": "医療法人　敬愛会　沖野医院【2:診療所】【診療科目:内科_糖尿病内科_脂質代謝内科_呼吸器内科_循環器内科_心臓内科_消化器内科_漢方内科_老年内科】広島県広島市安佐北区可部６丁目５番９号" }, "geometry": { "type": "Point", "coordinates": [ 132.505447, 34.523608 ] } },
{ "type": "Feature", "properties": { "ID": 3422340545070, "正式名称": "五月が丘クリニック", "機関区分": 2, "都道府県コード": 34, "市区町村コード": 108, "所在地": "広島県広島市佐伯区五月が丘五丁目２０－９", "緯度": 34.426687, "経度": 132.401086, "url": "https://www.iryou.teikyouseido.mhlw.go.jp/znk-web/juminkanja/S2430/initialize?prefCd=34&kikanCd=2340545070&kikanKbn=2", "url2": "http://satsukigaoka-clinic.p2.weblife.me", "内容": "五月が丘クリニック【2:診療所】【診療科目:内科_消化器内科_胃腸内科】広島県広島市佐伯区五月が丘五丁目２０－９" }, "geometry": { "type": "Point", "coordinates": [ 132.401086, 34.426687 ] } },
{ "type": "Feature", "properties": { "ID": 3422340545100, "正式名称": "おおもとウィメンズクリニック", "機関区分": 2, "都道府県コード": 34, "市区町村コード": 207, "所在地": "広島県福山市水呑町三新田二丁目２７番地", "緯度": 34.446159, "経度": 133.386642, "url": "https://www.iryou.teikyouseido.mhlw.go.jp/znk-web/juminkanja/S2430/initialize?prefCd=34&kikanCd=2340545100&kikanKbn=2", "url2": "http://ohwc.jp", "内容": "おおもとウィメンズクリニック【2:診療所】【診療科目:産婦人科_婦人科】広島県福山市水呑町三新田二丁目２７番地" }, "geometry": { "type": "Point", "coordinates": [ 133.386642, 34.446159 ] } },
{ "type": "Feature", "properties": { "ID": 3422340545230, "正式名称": "児玉クリニック", "機関区分": 2, "都道府県コード": 34, "市区町村コード": 307, "所在地": "広島県安芸郡熊野町萩原三丁目１番１号", "緯度": 34.338574, "経度": 132.589421, "url": "https://www.iryou.teikyouseido.mhlw.go.jp/znk-web/juminkanja/S2430/initialize?prefCd=34&kikanCd=2340545230&kikanKbn=2", "url2": "http://www.citydo.com/sp/082-855-4700", "内容": "児玉クリニック【2:診療所】【診療科目:内科_胃腸内科_外科】広島県安芸郡熊野町萩原三丁目１番１号" }, "geometry": { "type": "Point", "coordinates": [ 132.589421, 34.338574 ] } },
{ "type": "Feature", "properties": { "ID": 3422340545360, "正式名称": "天神川なかむら内科", "機関区分": 2, "都道府県コード": 34, "市区町村コード": 302, "所在地": "広島県安芸郡府中町大須１丁目１７－２２", "緯度": 34.391595, "経度": 132.500731, "url": "https://www.iryou.teikyouseido.mhlw.go.jp/znk-web/juminkanja/S2430/initialize?prefCd=34&kikanCd=2340545360&kikanKbn=2", "url2": null, "内容": "天神川なかむら内科【2:診療所】【診療科目:内科_糖尿病内科_呼吸器内科】広島県安芸郡府中町大須１丁目１７－２２" }, "geometry": { "type": "Point", "coordinates": [ 132.500731, 34.391595 ] } },
{ "type": "Feature", "properties": { "ID": 3422340545520, "正式名称": "医療法人徳永呼吸睡眠クリニック", "機関区分": 2, "都道府県コード": 34, "市区町村コード": 101, "所在地": "広島県広島市中区幟町１３－１４広島マツダビル２Ｆ", "緯度": 34.393649, "経度": 132.465956, "url": "https://www.iryou.teikyouseido.mhlw.go.jp/znk-web/juminkanja/S2430/initialize?prefCd=34&kikanCd=2340545520&kikanKbn=2", "url2": "http://www.respiration-sleep.com/", "内容": "医療法人徳永呼吸睡眠クリニック【2:診療所】【診療科目:内科_呼吸器内科】広島県広島市中区幟町１３－１４広島マツダビル２Ｆ" }, "geometry": { "type": "Point", "coordinates": [ 132.465956, 34.393649 ] } },
{ "type": "Feature", "properties": { "ID": 3422340545650, "正式名称": "八丁堀眼科医院", "機関区分": 2, "都道府県コード": 34, "市区町村コード": 101, "所在地": "広島県広島市中区鉄砲町９－１０　湯浅ビル３Ｆ", "緯度": 34.394323, "経度": 132.46467, "url": "https://www.iryou.teikyouseido.mhlw.go.jp/znk-web/juminkanja/S2430/initialize?prefCd=34&kikanCd=2340545650&kikanKbn=2", "url2": "http://park5.wakwak.com/~maepi54/", "内容": "八丁堀眼科医院【2:診療所】【診療科目:眼科】広島県広島市中区鉄砲町９－１０　湯浅ビル３Ｆ" }, "geometry": { "type": "Point", "coordinates": [ 132.46467, 34.394323 ] } },
{ "type": "Feature", "properties": { "ID": 3422340545780, "正式名称": "醫療法人齊和會　廣島クリニック", "機関区分": 2, "都道府県コード": 34, "市区町村コード": 104, "所在地": "広島県広島市西区東観音町２０－１６", "緯度": 34.390816, "経度": 132.43807, "url": "https://www.iryou.teikyouseido.mhlw.go.jp/znk-web/juminkanja/S2430/initialize?prefCd=34&kikanCd=2340545780&kikanKbn=2", "url2": "https://hiroshima-clinic.jp/", "内容": "醫療法人齊和會　廣島クリニック【2:診療所】【診療科目:内科_漢方内科_整形外科_リウマチ科_リハビリテーション科】広島県広島市西区東観音町２０－１６" }, "geometry": { "type": "Point", "coordinates": [ 132.43807, 34.390816 ] } },
{ "type": "Feature", "properties": { "ID": 3422340545940, "正式名称": "米田耳鼻咽喉科クリニック", "機関区分": 2, "都道府県コード": 34, "市区町村コード": 207, "所在地": "広島県福山市駅家町倉光１５６－１", "緯度": 34.544482, "経度": 133.324711, "url": "https://www.iryou.teikyouseido.mhlw.go.jp/znk-web/juminkanja/S2430/initialize?prefCd=34&kikanCd=2340545940&kikanKbn=2", "url2": "http://www.yoneda-jibika.com/", "内容": "米田耳鼻咽喉科クリニック【2:診療所】【診療科目:耳鼻いんこう科】広島県福山市駅家町倉光１５６－１" }, "geometry": { "type": "Point", "coordinates": [ 133.324711, 34.544482 ] } },
{ "type": "Feature", "properties": { "ID": 3422340546080, "正式名称": "秋月診療所", "機関区分": 2, "都道府県コード": 34, "市区町村コード": 215, "所在地": "広島県江田島市江田島町秋月２丁目６番１５号", "緯度": 34.230112, "経度": 132.491628, "url": "https://www.iryou.teikyouseido.mhlw.go.jp/znk-web/juminkanja/S2430/initialize?prefCd=34&kikanCd=2340546080&kikanKbn=2", "url2": null, "内容": "秋月診療所【2:診療所】【診療科目:内科_外科_皮膚科】広島県江田島市江田島町秋月２丁目６番１５号" }, "geometry": { "type": "Point", "coordinates": [ 132.491628, 34.230112 ] } },
{ "type": "Feature", "properties": { "ID": 3422340546110, "正式名称": "木阪クリニック", "機関区分": 2, "都道府県コード": 34, "市区町村コード": 212, "所在地": "広島県東広島市西条本町１２－２", "緯度": 34.430405, "経度": 132.743126, "url": "https://www.iryou.teikyouseido.mhlw.go.jp/znk-web/juminkanja/S2430/initialize?prefCd=34&kikanCd=2340546110&kikanKbn=2", "url2": "http://www.kisaka-hp.or.jp", "内容": "木阪クリニック【2:診療所】【診療科目:内科_循環器内科_消化器内科_外科_肛門外科_小児科_皮膚科_美容皮膚科】広島県東広島市西条本町１２－２" }, "geometry": { "type": "Point", "coordinates": [ 132.743126, 34.430405 ] } },
{ "type": "Feature", "properties": { "ID": 3422340546240, "正式名称": "みはら内科クリニック", "機関区分": 2, "都道府県コード": 34, "市区町村コード": 302, "所在地": "広島県安芸郡府中町大通２丁目８－２１　大興クリニックビル２Ｆ", "緯度": 34.391691, "経度": 132.503808, "url": "https://www.iryou.teikyouseido.mhlw.go.jp/znk-web/juminkanja/S2430/initialize?prefCd=34&kikanCd=2340546240&kikanKbn=2", "url2": "https://www.mihara-naika.com/", "内容": "みはら内科クリニック【2:診療所】【診療科目:内科_循環器内科_消化器内科】広島県安芸郡府中町大通２丁目８－２１　大興クリニックビル２Ｆ" }, "geometry": { "type": "Point", "coordinates": [ 132.503808, 34.391691 ] } },
{ "type": "Feature", "properties": { "ID": 3422340546370, "正式名称": "海田心療内科メンタルクリニック", "機関区分": 2, "都道府県コード": 34, "市区町村コード": 304, "所在地": "広島県安芸郡海田町新町１１－２０　丹京ビル１階", "緯度": 34.373319, "経度": 132.531063, "url": "https://www.iryou.teikyouseido.mhlw.go.jp/znk-web/juminkanja/S2430/initialize?prefCd=34&kikanCd=2340546370&kikanKbn=2", "url2": "http://www.myclinic.ne.jp/kaita/pc/", "内容": "海田心療内科メンタルクリニック【2:診療所】【診療科目:精神科_心療内科】広島県安芸郡海田町新町１１－２０　丹京ビル１階" }, "geometry": { "type": "Point", "coordinates": [ 132.531063, 34.373319 ] } },
{ "type": "Feature", "properties": { "ID": 3422340546400, "正式名称": "すくすくキッズクリニック", "機関区分": 2, "都道府県コード": 34, "市区町村コード": 302, "所在地": "広島県安芸郡府中町大通２丁目８－２１　大興クリニックビル４Ｆ", "緯度": 34.39165, "経度": 132.503564, "url": "https://www.iryou.teikyouseido.mhlw.go.jp/znk-web/juminkanja/S2430/initialize?prefCd=34&kikanCd=2340546400&kikanKbn=2", "url2": "http://www.sukusuku-kids.com/", "内容": "すくすくキッズクリニック【2:診療所】【診療科目:小児科】広島県安芸郡府中町大通２丁目８－２１　大興クリニックビル４Ｆ" }, "geometry": { "type": "Point", "coordinates": [ 132.503564, 34.39165 ] } },
{ "type": "Feature", "properties": { "ID": 3422340546530, "正式名称": "白根耳鼻咽喉科", "機関区分": 2, "都道府県コード": 34, "市区町村コード": 302, "所在地": "広島県安芸郡府中町鶴江１丁目２５－２０　モーティマービル３Ｆ", "緯度": 34.39926, "経度": 132.504175, "url": "https://www.iryou.teikyouseido.mhlw.go.jp/znk-web/juminkanja/S2430/initialize?prefCd=34&kikanCd=2340546530&kikanKbn=2", "url2": "http://www.shirane-ent-clinic.com/", "内容": "白根耳鼻咽喉科【2:診療所】【診療科目:頭頸部外科_耳鼻いんこう科_アレルギー科】広島県安芸郡府中町鶴江１丁目２５－２０　モーティマービル３Ｆ" }, "geometry": { "type": "Point", "coordinates": [ 132.504175, 34.39926 ] } },
{ "type": "Feature", "properties": { "ID": 3422340546660, "正式名称": "しらね眼科", "機関区分": 2, "都道府県コード": 34, "市区町村コード": 302, "所在地": "広島県安芸郡府中町鶴江１丁目２５番２０号　モーティマービル２階", "緯度": 34.399288, "経度": 132.504147, "url": "https://www.iryou.teikyouseido.mhlw.go.jp/znk-web/juminkanja/S2430/initialize?prefCd=34&kikanCd=2340546660&kikanKbn=2", "url2": "http://www.shirane-eye-clinic.com/", "内容": "しらね眼科【2:診療所】【診療科目:眼科】広島県安芸郡府中町鶴江１丁目２５番２０号　モーティマービル２階" }, "geometry": { "type": "Point", "coordinates": [ 132.504147, 34.399288 ] } },
{ "type": "Feature", "properties": { "ID": 3422340547540, "正式名称": "森皮ふ科アレルギー科", "機関区分": 2, "都道府県コード": 34, "市区町村コード": 202, "所在地": "広島県呉市広古新開８丁目３２－４", "緯度": 34.242807, "経度": 132.6222, "url": "https://www.iryou.teikyouseido.mhlw.go.jp/znk-web/juminkanja/S2430/initialize?prefCd=34&kikanCd=2340547540&kikanKbn=2", "url2": "http://mori.webmedipr.jp/", "内容": "森皮ふ科アレルギー科【2:診療所】【診療科目:皮膚科_アレルギー科】広島県呉市広古新開８丁目３２－４" }, "geometry": { "type": "Point", "coordinates": [ 132.6222, 34.242807 ] } },
{ "type": "Feature", "properties": { "ID": 3422340547700, "正式名称": "医療法人よこがわ　しのだ皮ふ科", "機関区分": 2, "都道府県コード": 34, "市区町村コード": 104, "所在地": "広島県広島市西区横川町２－９－２２", "緯度": 34.408453, "経度": 132.449485, "url": "https://www.iryou.teikyouseido.mhlw.go.jp/znk-web/juminkanja/S2430/initialize?prefCd=34&kikanCd=2340547700&kikanKbn=2", "url2": "http://www.shinodaderma.com", "内容": "医療法人よこがわ　しのだ皮ふ科【2:診療所】【診療科目:皮膚科_アレルギー科】広島県広島市西区横川町２－９－２２" }, "geometry": { "type": "Point", "coordinates": [ 132.449485, 34.408453 ] } },
{ "type": "Feature", "properties": { "ID": 3422340547830, "正式名称": "ありしげ耳鼻咽喉科", "機関区分": 2, "都道府県コード": 34, "市区町村コード": 104, "所在地": "広島県広島市西区南観音２丁目７－２１　平野ビル２階", "緯度": 34.384094, "経度": 132.429848, "url": "https://www.iryou.teikyouseido.mhlw.go.jp/znk-web/juminkanja/S2430/initialize?prefCd=34&kikanCd=2340547830&kikanKbn=2", "url2": null, "内容": "ありしげ耳鼻咽喉科【2:診療所】【診療科目:耳鼻いんこう科】広島県広島市西区南観音２丁目７－２１　平野ビル２階" }, "geometry": { "type": "Point", "coordinates": [ 132.429848, 34.384094 ] } },
{ "type": "Feature", "properties": { "ID": 3422340548000, "正式名称": "安佐在宅診療クリニック", "機関区分": 2, "都道府県コード": 34, "市区町村コード": 105, "所在地": "広島県広島市安佐南区緑井６－３７－５　ドミール藤沢１０３号", "緯度": 34.471661, "経度": 132.481222, "url": "https://www.iryou.teikyouseido.mhlw.go.jp/znk-web/juminkanja/S2430/initialize?prefCd=34&kikanCd=2340548000&kikanKbn=2", "url2": "http://www.asa-zaitaku.jp/", "内容": "安佐在宅診療クリニック【2:診療所】【診療科目:内科_呼吸器内科_アレルギー疾患内科_緩和ケア内科】広島県広島市安佐南区緑井６－３７－５　ドミール藤沢１０３号" }, "geometry": { "type": "Point", "coordinates": [ 132.481222, 34.471661 ] } },
{ "type": "Feature", "properties": { "ID": 3422340548130, "正式名称": "医療法人　うえ眼科", "機関区分": 2, "都道府県コード": 34, "市区町村コード": 104, "所在地": "広島県広島市西区庚午北２丁目２２番４号　サンフラワービル　３０１号", "緯度": 34.389842, "経度": 132.417557, "url": "https://www.iryou.teikyouseido.mhlw.go.jp/znk-web/juminkanja/S2430/initialize?prefCd=34&kikanCd=2340548130&kikanKbn=2", "url2": "http://www.ue-ganka.com", "内容": "医療法人　うえ眼科【2:診療所】【診療科目:眼科】広島県広島市西区庚午北２丁目２２番４号　サンフラワービル　３０１号" }, "geometry": { "type": "Point", "coordinates": [ 132.417557, 34.389842 ] } },
{ "type": "Feature", "properties": { "ID": 3422340548390, "正式名称": "医療法人社団　こうろ皮ふ科", "機関区分": 2, "都道府県コード": 34, "市区町村コード": 211, "所在地": "広島県大竹市立戸２丁目６番２６号", "緯度": 34.22533, "経度": 132.219651, "url": "https://www.iryou.teikyouseido.mhlw.go.jp/znk-web/juminkanja/S2430/initialize?prefCd=34&kikanCd=2340548390&kikanKbn=2", "url2": "http://www.korohifu.com", "内容": "医療法人社団　こうろ皮ふ科【2:診療所】【診療科目:皮膚科_アレルギー科】広島県大竹市立戸２丁目６番２６号" }, "geometry": { "type": "Point", "coordinates": [ 132.219651, 34.22533 ] } },
{ "type": "Feature", "properties": { "ID": 3422340548420, "正式名称": "神安内科クリニック", "機関区分": 2, "都道府県コード": 34, "市区町村コード": 105, "所在地": "広島県広島市安佐南区大町東１－８－２５", "緯度": 34.456791, "経度": 132.467641, "url": "https://www.iryou.teikyouseido.mhlw.go.jp/znk-web/juminkanja/S2430/initialize?prefCd=34&kikanCd=2340548420&kikanKbn=2", "url2": null, "内容": "神安内科クリニック【2:診療所】【診療科目:内科_呼吸器内科_消化器内科】広島県広島市安佐南区大町東１－８－２５" }, "geometry": { "type": "Point", "coordinates": [ 132.467641, 34.456791 ] } },
{ "type": "Feature", "properties": { "ID": 3422340548680, "正式名称": "医療法人一香会　宇根クリニック", "機関区分": 2, "都道府県コード": 34, "市区町村コード": 205, "所在地": "広島県尾道市高須町４７７３番地１", "緯度": 34.434547, "経度": 133.23464, "url": "https://www.iryou.teikyouseido.mhlw.go.jp/znk-web/juminkanja/S2430/initialize?prefCd=34&kikanCd=2340548680&kikanKbn=2", "url2": "http://www.myclinic.ne.jp/une_clinic/pc/", "内容": "医療法人一香会　宇根クリニック【2:診療所】【診療科目:内科_小児科_眼科_アレルギー科】広島県尾道市高須町４７７３番地１" }, "geometry": { "type": "Point", "coordinates": [ 133.23464, 34.434547 ] } },
{ "type": "Feature", "properties": { "ID": 3422340548710, "正式名称": "マイクリニック", "機関区分": 2, "都道府県コード": 34, "市区町村コード": 212, "所在地": "広島県東広島市八本松東３丁目３１－２６", "緯度": 34.443676, "経度": 132.710406, "url": "https://www.iryou.teikyouseido.mhlw.go.jp/znk-web/juminkanja/S2430/initialize?prefCd=34&kikanCd=2340548710&kikanKbn=2", "url2": "http://www.my-cl.jp", "内容": "マイクリニック【2:診療所】【診療科目:内科_胃腸内科_外科】広島県東広島市八本松東３丁目３１－２６" }, "geometry": { "type": "Point", "coordinates": [ 132.710406, 34.443676 ] } },
{ "type": "Feature", "properties": { "ID": 3422340548840, "正式名称": "医療法人社団　石根内科循環器科医院", "機関区分": 2, "都道府県コード": 34, "市区町村コード": 204, "所在地": "広島県三原市沼田東町片島２２４番地５", "緯度": 34.390965, "経度": 133.020882, "url": "https://www.iryou.teikyouseido.mhlw.go.jp/znk-web/juminkanja/S2430/initialize?prefCd=34&kikanCd=2340548840&kikanKbn=2", "url2": null, "内容": "医療法人社団　石根内科循環器科医院【2:診療所】【診療科目:内科_循環器内科_小児科_リハビリテーション科】広島県三原市沼田東町片島２２４番地５" }, "geometry": { "type": "Point", "coordinates": [ 133.020882, 34.390965 ] } },
{ "type": "Feature", "properties": { "ID": 3422340549270, "正式名称": "福山医療生活協同組合　城北診療所", "機関区分": 2, "都道府県コード": 34, "市区町村コード": 207, "所在地": "広島県福山市木之庄町２丁目７－２", "緯度": 34.498265, "経度": 133.354155, "url": "https://www.iryou.teikyouseido.mhlw.go.jp/znk-web/juminkanja/S2430/initialize?prefCd=34&kikanCd=2340549270&kikanKbn=2", "url2": "http://www.fico-op.jp/", "内容": "福山医療生活協同組合　城北診療所【2:診療所】【診療科目:内科_精神科_心療内科】広島県福山市木之庄町２丁目７－２" }, "geometry": { "type": "Point", "coordinates": [ 133.354155, 34.498265 ] } },
{ "type": "Feature", "properties": { "ID": 3422340549560, "正式名称": "前田皮ふ科医院", "機関区分": 2, "都道府県コード": 34, "市区町村コード": 105, "所在地": "広島県広島市安佐南区上安２－４－３９　２Ｆ", "緯度": 34.472655, "経度": 132.446432, "url": "https://www.iryou.teikyouseido.mhlw.go.jp/znk-web/juminkanja/S2430/initialize?prefCd=34&kikanCd=2340549560&kikanKbn=2", "url2": "http://www.maeda-hifuka.com", "内容": "前田皮ふ科医院【2:診療所】【診療科目:皮膚科】広島県広島市安佐南区上安２－４－３９　２Ｆ" }, "geometry": { "type": "Point", "coordinates": [ 132.446432, 34.472655 ] } },
{ "type": "Feature", "properties": { "ID": 3422340549690, "正式名称": "医療法人仁医会　井口医院", "機関区分": 2, "都道府県コード": 34, "市区町村コード": 106, "所在地": "広島県広島市安佐北区可部７－５－７", "緯度": 34.521593, "経度": 132.512236, "url": "https://www.iryou.teikyouseido.mhlw.go.jp/znk-web/juminkanja/S2430/initialize?prefCd=34&kikanCd=2340549690&kikanKbn=2", "url2": "http://www.inokuchi-clinic.net", "内容": "医療法人仁医会　井口医院【2:診療所】【診療科目:内科_糖尿病内科_循環器内科_腎臓内科_人工透析内科_泌尿器科】広島県広島市安佐北区可部７－５－７" }, "geometry": { "type": "Point", "coordinates": [ 132.512236, 34.521593 ] } },
{ "type": "Feature", "properties": { "ID": 3422340549850, "正式名称": "わたなべ眼科", "機関区分": 2, "都道府県コード": 34, "市区町村コード": 213, "所在地": "広島県廿日市市宮内四丁目１１番１６号", "緯度": 34.349019, "経度": 132.312166, "url": "https://www.iryou.teikyouseido.mhlw.go.jp/znk-web/juminkanja/S2430/initialize?prefCd=34&kikanCd=2340549850&kikanKbn=2", "url2": "http://www.watanabe-eye.jp/", "内容": "わたなべ眼科【2:診療所】【診療科目:眼科】広島県廿日市市宮内四丁目１１番１６号" }, "geometry": { "type": "Point", "coordinates": [ 132.312166, 34.349019 ] } },
{ "type": "Feature", "properties": { "ID": 3422340550120, "正式名称": "大手町こぶけ内科クリニック", "機関区分": 2, "都道府県コード": 34, "市区町村コード": 101, "所在地": "広島県広島市中区大手町３－１－１１　平野ビル１階", "緯度": 34.388622, "経度": 132.455041, "url": "https://www.iryou.teikyouseido.mhlw.go.jp/znk-web/juminkanja/S2430/initialize?prefCd=34&kikanCd=2340550120&kikanKbn=2", "url2": "http://kkobu-clinic.jp/", "内容": "大手町こぶけ内科クリニック【2:診療所】【診療科目:内科_糖尿病内科_代謝内科_内分泌内科】広島県広島市中区大手町３－１－１１　平野ビル１階" }, "geometry": { "type": "Point", "coordinates": [ 132.455041, 34.388622 ] } },
{ "type": "Feature", "properties": { "ID": 3422340550410, "正式名称": "中増整形外科クリニック", "機関区分": 2, "都道府県コード": 34, "市区町村コード": 105, "所在地": "広島県広島市安佐南区大塚西４－１７－１", "緯度": 34.435227, "経度": 132.397654, "url": "https://www.iryou.teikyouseido.mhlw.go.jp/znk-web/juminkanja/S2430/initialize?prefCd=34&kikanCd=2340550410&kikanKbn=2", "url2": "http://www.nakamasu-seikei.com/", "内容": "中増整形外科クリニック【2:診療所】【診療科目:整形外科_リウマチ科_リハビリテーション科】広島県広島市安佐南区大塚西４－１７－１" }, "geometry": { "type": "Point", "coordinates": [ 132.397654, 34.435227 ] } },
{ "type": "Feature", "properties": { "ID": 3422340550540, "正式名称": "医療法人　こうゆう会　川上内科クリニック", "機関区分": 2, "都道府県コード": 34, "市区町村コード": 107, "所在地": "広島県広島市安芸区中野東５－１－７", "緯度": 34.401653, "経度": 132.582414, "url": "https://www.iryou.teikyouseido.mhlw.go.jp/znk-web/juminkanja/S2430/initialize?prefCd=34&kikanCd=2340550540&kikanKbn=2", "url2": "http://kawakami.byoinnavi.jp/pc/", "内容": "医療法人　こうゆう会　川上内科クリニック【2:診療所】【診療科目:内科_糖尿病内科_内分泌内科_呼吸器内科_循環器内科_消化器内科_放射線科】広島県広島市安芸区中野東５－１－７" }, "geometry": { "type": "Point", "coordinates": [ 132.582414, 34.401653 ] } },
{ "type": "Feature", "properties": { "ID": 3422340550700, "正式名称": "佐藤皮ふ科クリニック", "機関区分": 2, "都道府県コード": 34, "市区町村コード": 213, "所在地": "広島県廿日市市串戸二丁目１７番４号", "緯度": 34.346541, "経度": 132.326637, "url": "https://www.iryou.teikyouseido.mhlw.go.jp/znk-web/juminkanja/S2430/initialize?prefCd=34&kikanCd=2340550700&kikanKbn=2", "url2": null, "内容": "佐藤皮ふ科クリニック【2:診療所】【診療科目:皮膚科_アレルギー科】広島県廿日市市串戸二丁目１７番４号" }, "geometry": { "type": "Point", "coordinates": [ 132.326637, 34.346541 ] } },
{ "type": "Feature", "properties": { "ID": 3422340550830, "正式名称": "医療法人　つかさ会　高橋メディカルクリニック", "機関区分": 2, "都道府県コード": 34, "市区町村コード": 101, "所在地": "広島県広島市中区大手町３丁目１３番２９号　メディオコート大手町２階", "緯度": 34.386622, "経度": 132.453596, "url": "https://www.iryou.teikyouseido.mhlw.go.jp/znk-web/juminkanja/S2430/initialize?prefCd=34&kikanCd=2340550830&kikanKbn=2", "url2": "http://www.takahashi-mc.jp", "内容": "医療法人　つかさ会　高橋メディカルクリニック【2:診療所】【診療科目:内科_循環器内科_胃腸内科_外科_肛門外科】広島県広島市中区大手町３丁目１３番２９号　メディオコート大手町２階" }, "geometry": { "type": "Point", "coordinates": [ 132.453596, 34.386622 ] } },
{ "type": "Feature", "properties": { "ID": 3422340551130, "正式名称": "医療法人社団　藤井医院", "機関区分": 2, "都道府県コード": 34, "市区町村コード": 205, "所在地": "広島県尾道市因島重井町６３０９番地", "緯度": 34.340028, "経度": 133.14118, "url": "https://www.iryou.teikyouseido.mhlw.go.jp/znk-web/juminkanja/S2430/initialize?prefCd=34&kikanCd=2340551130&kikanKbn=2", "url2": null, "内容": "医療法人社団　藤井医院【2:診療所】【診療科目:内科_外科_麻酔科】広島県尾道市因島重井町６３０９番地" }, "geometry": { "type": "Point", "coordinates": [ 133.14118, 34.340028 ] } },
{ "type": "Feature", "properties": { "ID": 3422340551260, "正式名称": "いしおか医院", "機関区分": 2, "都道府県コード": 34, "市区町村コード": 207, "所在地": "広島県福山市大門町３丁目１９番１４号", "緯度": 34.4926, "経度": 133.439315, "url": "https://www.iryou.teikyouseido.mhlw.go.jp/znk-web/juminkanja/S2430/initialize?prefCd=34&kikanCd=2340551260&kikanKbn=2", "url2": "https://ishiokaiin.jp/", "内容": "いしおか医院【2:診療所】【診療科目:内科_胃腸内科_放射線科】広島県福山市大門町３丁目１９番１４号" }, "geometry": { "type": "Point", "coordinates": [ 133.439315, 34.4926 ] } },
{ "type": "Feature", "properties": { "ID": 3422340551390, "正式名称": "吉貴眼科", "機関区分": 2, "都道府県コード": 34, "市区町村コード": 101, "所在地": "広島県広島市中区十日市町２－８－１３　ラ・メゾン泰１階", "緯度": 34.39855, "経度": 132.448703, "url": "https://www.iryou.teikyouseido.mhlw.go.jp/znk-web/juminkanja/S2430/initialize?prefCd=34&kikanCd=2340551390&kikanKbn=2", "url2": null, "内容": "吉貴眼科【2:診療所】【診療科目:眼科】広島県広島市中区十日市町２－８－１３　ラ・メゾン泰１階" }, "geometry": { "type": "Point", "coordinates": [ 132.448703, 34.39855 ] } },
{ "type": "Feature", "properties": { "ID": 3422340551680, "正式名称": "医療法人　豊心会　とよた内科クリニック", "機関区分": 2, "都道府県コード": 34, "市区町村コード": 105, "所在地": "広島県広島市安佐南区大塚西３－１１－５", "緯度": 34.442865, "経度": 132.401209, "url": "https://www.iryou.teikyouseido.mhlw.go.jp/znk-web/juminkanja/S2430/initialize?prefCd=34&kikanCd=2340551680&kikanKbn=2", "url2": "https://toyo-cli.com", "内容": "医療法人　豊心会　とよた内科クリニック【2:診療所】【診療科目:内科_循環器内科_胃腸内科_外科】広島県広島市安佐南区大塚西３－１１－５" }, "geometry": { "type": "Point", "coordinates": [ 132.401209, 34.442865 ] } },
{ "type": "Feature", "properties": { "ID": 3422340551710, "正式名称": "四季が丘クリニック", "機関区分": 2, "都道府県コード": 34, "市区町村コード": 213, "所在地": "広島県廿日市市四季が丘５丁目１３－７", "緯度": 34.347791, "経度": 132.294079, "url": "https://www.iryou.teikyouseido.mhlw.go.jp/znk-web/juminkanja/S2430/initialize?prefCd=34&kikanCd=2340551710&kikanKbn=2", "url2": null, "内容": "四季が丘クリニック【2:診療所】【診療科目:内科_消化器内科_外科_アレルギー科】広島県廿日市市四季が丘５丁目１３－７" }, "geometry": { "type": "Point", "coordinates": [ 132.294079, 34.347791 ] } },
{ "type": "Feature", "properties": { "ID": 3422340551840, "正式名称": "広大前皮ふ科内科", "機関区分": 2, "都道府県コード": 34, "市区町村コード": 212, "所在地": "広島県東広島市西条町下見４４７１－２　マンション香月１０３", "緯度": 34.410223, "経度": 132.713128, "url": "https://www.iryou.teikyouseido.mhlw.go.jp/znk-web/juminkanja/S2430/initialize?prefCd=34&kikanCd=2340551840&kikanKbn=2", "url2": "http://www.hiroshima-beauty.jp", "内容": "広大前皮ふ科内科【2:診療所】【診療科目:内科_皮膚科】広島県東広島市西条町下見４４７１－２　マンション香月１０３" }, "geometry": { "type": "Point", "coordinates": [ 132.713128, 34.410223 ] } },
{ "type": "Feature", "properties": { "ID": 3422340551970, "正式名称": "石井医院", "機関区分": 2, "都道府県コード": 34, "市区町村コード": 207, "所在地": "広島県福山市神村町３１２２－１", "緯度": 34.452879, "経度": 133.265443, "url": "https://www.iryou.teikyouseido.mhlw.go.jp/znk-web/juminkanja/S2430/initialize?prefCd=34&kikanCd=2340551970&kikanKbn=2", "url2": null, "内容": "石井医院【2:診療所】【診療科目:内科】広島県福山市神村町３１２２－１" }, "geometry": { "type": "Point", "coordinates": [ 133.265443, 34.452879 ] } },
{ "type": "Feature", "properties": { "ID": 3422340552010, "正式名称": "あいたに整形外科", "機関区分": 2, "都道府県コード": 34, "市区町村コード": 207, "所在地": "広島県福山市川口町四丁目１３番１０号", "緯度": 34.464165, "経度": 133.38446, "url": "https://www.iryou.teikyouseido.mhlw.go.jp/znk-web/juminkanja/S2430/initialize?prefCd=34&kikanCd=2340552010&kikanKbn=2", "url2": null, "内容": "あいたに整形外科【2:診療所】【診療科目:整形外科_リハビリテーション科】広島県福山市川口町四丁目１３番１０号" }, "geometry": { "type": "Point", "coordinates": [ 133.38446, 34.464165 ] } },
{ "type": "Feature", "properties": { "ID": 3422340552140, "正式名称": "いぐち腎泌尿器クリニック", "機関区分": 2, "都道府県コード": 34, "市区町村コード": 101, "所在地": "広島県広島市中区紙屋町２－２－２　紙屋町ビル５階", "緯度": 34.394593, "経度": 132.456985, "url": "https://www.iryou.teikyouseido.mhlw.go.jp/znk-web/juminkanja/S2430/initialize?prefCd=34&kikanCd=2340552140&kikanKbn=2", "url2": "http://iguchi-jinhinyouki.jp/", "内容": "いぐち腎泌尿器クリニック【2:診療所】【診療科目:泌尿器科_男性泌尿器科】広島県広島市中区紙屋町２－２－２　紙屋町ビル５階" }, "geometry": { "type": "Point", "coordinates": [ 132.456985, 34.394593 ] } },
{ "type": "Feature", "properties": { "ID": 3422340552270, "正式名称": "医療法人　絹谷産婦人科", "機関区分": 2, "都道府県コード": 34, "市区町村コード": 101, "所在地": "広島県広島市中区本通８－２３　本通ヒルズ４Ｆ", "緯度": 34.39301, "経度": 132.458707, "url": "https://www.iryou.teikyouseido.mhlw.go.jp/znk-web/juminkanja/S2430/initialize?prefCd=34&kikanCd=2340552270&kikanKbn=2", "url2": "https://www.kinutani.org", "内容": "医療法人　絹谷産婦人科【2:診療所】【診療科目:産婦人科_産婦人科（生殖医療）】広島県広島市中区本通８－２３　本通ヒルズ４Ｆ" }, "geometry": { "type": "Point", "coordinates": [ 132.458707, 34.39301 ] } },
{ "type": "Feature", "properties": { "ID": 3422340552300, "正式名称": "品川スキンクリニック　広島院", "機関区分": 2, "都道府県コード": 34, "市区町村コード": 101, "所在地": "広島県広島市中区紙屋町２－２－２　紙屋町ビル５Ｆ", "緯度": 34.394649, "経度": 132.456957, "url": "https://www.iryou.teikyouseido.mhlw.go.jp/znk-web/juminkanja/S2430/initialize?prefCd=34&kikanCd=2340552300&kikanKbn=2", "url2": "https://shinagawa-skin.com/clinic/hiroshima/", "内容": "品川スキンクリニック　広島院【2:診療所】【診療科目:美容外科_美容皮膚科】広島県広島市中区紙屋町２－２－２　紙屋町ビル５Ｆ" }, "geometry": { "type": "Point", "coordinates": [ 132.456957, 34.394649 ] } },
{ "type": "Feature", "properties": { "ID": 3422340552560, "正式名称": "古城クリニック", "機関区分": 2, "都道府県コード": 34, "市区町村コード": 207, "所在地": "広島県福山市野上町三丁目６－３", "緯度": 34.475156, "経度": 133.366924, "url": "https://www.iryou.teikyouseido.mhlw.go.jp/znk-web/juminkanja/S2430/initialize?prefCd=34&kikanCd=2340552560&kikanKbn=2", "url2": "http://www.kojou.jp", "内容": "古城クリニック【2:診療所】【診療科目:内科_ペインクリニック外科_整形外科】広島県福山市野上町三丁目６－３" }, "geometry": { "type": "Point", "coordinates": [ 133.366924, 34.475156 ] } },
{ "type": "Feature", "properties": { "ID": 3422340552690, "正式名称": "池田響子ハートクリニック", "機関区分": 2, "都道府県コード": 34, "市区町村コード": 207, "所在地": "広島県福山市若松町３番２０号", "緯度": 34.492044, "経度": 133.371599, "url": "https://www.iryou.teikyouseido.mhlw.go.jp/znk-web/juminkanja/S2430/initialize?prefCd=34&kikanCd=2340552690&kikanKbn=2", "url2": "http://ikedaheart-cl.jp", "内容": "池田響子ハートクリニック【2:診療所】【診療科目:内科_循環器内科】広島県福山市若松町３番２０号" }, "geometry": { "type": "Point", "coordinates": [ 133.371599, 34.492044 ] } },
{ "type": "Feature", "properties": { "ID": 3422340552720, "正式名称": "医療法人社団　村上整形外科医院", "機関区分": 2, "都道府県コード": 34, "市区町村コード": 105, "所在地": "広島県広島市安佐南区古市１丁目３４番１２号", "緯度": 34.452155, "経度": 132.470811, "url": "https://www.iryou.teikyouseido.mhlw.go.jp/znk-web/juminkanja/S2430/initialize?prefCd=34&kikanCd=2340552720&kikanKbn=2", "url2": "https://www.murakami-seikei.com/", "内容": "医療法人社団　村上整形外科医院【2:診療所】【診療科目:整形外科】広島県広島市安佐南区古市１丁目３４番１２号" }, "geometry": { "type": "Point", "coordinates": [ 132.470811, 34.452155 ] } },
{ "type": "Feature", "properties": { "ID": 3422340552850, "正式名称": "藤元内科ファミリークリニック", "機関区分": 2, "都道府県コード": 34, "市区町村コード": 103, "所在地": "広島県広島市南区東本浦町２２－２９", "緯度": 34.374735, "経度": 132.491594, "url": "https://www.iryou.teikyouseido.mhlw.go.jp/znk-web/juminkanja/S2430/initialize?prefCd=34&kikanCd=2340552850&kikanKbn=2", "url2": "http://www.fujimoto-family-clinic.com", "内容": "藤元内科ファミリークリニック【2:診療所】【診療科目:内科_血液内科_呼吸器内科_循環器内科_消化器内科_小児科_アレルギー科_リウマチ科】広島県広島市南区東本浦町２２－２９" }, "geometry": { "type": "Point", "coordinates": [ 132.491594, 34.374735 ] } },
{ "type": "Feature", "properties": { "ID": 3422340552980, "正式名称": "医療法人社団永慈会　永田クリニック", "機関区分": 2, "都道府県コード": 34, "市区町村コード": 104, "所在地": "広島県広島市西区古江東町７－２５", "緯度": 34.387121, "経度": 132.411155, "url": "https://www.iryou.teikyouseido.mhlw.go.jp/znk-web/juminkanja/S2430/initialize?prefCd=34&kikanCd=2340552980&kikanKbn=2", "url2": "http://care-net.biz/34/yutakaf/", "内容": "医療法人社団永慈会　永田クリニック【2:診療所】【診療科目:内科_呼吸器内科_循環器内科_消化器内科_脳神経外科_放射線科】広島県広島市西区古江東町７－２５" }, "geometry": { "type": "Point", "coordinates": [ 132.411155, 34.387121 ] } },
{ "type": "Feature", "properties": { "ID": 3422340553020, "正式名称": "たまき整形外科", "機関区分": 2, "都道府県コード": 34, "市区町村コード": 202, "所在地": "広島県呉市広本町３－１８－１２", "緯度": 34.238002, "経度": 132.621839, "url": "https://www.iryou.teikyouseido.mhlw.go.jp/znk-web/juminkanja/S2430/initialize?prefCd=34&kikanCd=2340553020&kikanKbn=2", "url2": null, "内容": "たまき整形外科【2:診療所】【診療科目:整形外科_リハビリテーション科】広島県呉市広本町３－１８－１２" }, "geometry": { "type": "Point", "coordinates": [ 132.621839, 34.238002 ] } },
{ "type": "Feature", "properties": { "ID": 3422340553150, "正式名称": "池田内科クリニック", "機関区分": 2, "都道府県コード": 34, "市区町村コード": 105, "所在地": "広島県広島市安佐南区高取北１－４－２５", "緯度": 34.474679, "経度": 132.43751, "url": "https://www.iryou.teikyouseido.mhlw.go.jp/znk-web/juminkanja/S2430/initialize?prefCd=34&kikanCd=2340553150&kikanKbn=2", "url2": "http://www.ikeda-naika.net/", "内容": "池田内科クリニック【2:診療所】【診療科目:内科_糖尿病内科_呼吸器内科_循環器内科_消化器内科_アレルギー科】広島県広島市安佐南区高取北１－４－２５" }, "geometry": { "type": "Point", "coordinates": [ 132.43751, 34.474679 ] } },
{ "type": "Feature", "properties": { "ID": 3422340553280, "正式名称": "おちうみ内科・胃・大腸内視鏡クリニック", "機関区分": 2, "都道府県コード": 34, "市区町村コード": 103, "所在地": "広島県広島市南区西旭町８－８", "緯度": 34.372582, "経度": 132.4735, "url": "https://www.iryou.teikyouseido.mhlw.go.jp/znk-web/juminkanja/S2430/initialize?prefCd=34&kikanCd=2340553280&kikanKbn=2", "url2": "http://www.ochiumi-clinic.net/", "内容": "おちうみ内科・胃・大腸内視鏡クリニック【2:診療所】【診療科目:内科_感染症内科_糖尿病内科_代謝内科_内分泌内科_脂質代謝内科_呼吸器内科_循環器内科_消化器内科_胃腸内科_腎臓内科_漢方内科_内視鏡内科_アレルギー疾患内科】広島県広島市南区西旭町８－８" }, "geometry": { "type": "Point", "coordinates": [ 132.4735, 34.372582 ] } },
{ "type": "Feature", "properties": { "ID": 3422340553310, "正式名称": "クリスタル美容外科", "機関区分": 2, "都道府県コード": 34, "市区町村コード": 207, "所在地": "広島県福山市東桜町２－７　アインビル４Ｆ", "緯度": 34.486544, "経度": 133.361544, "url": "https://www.iryou.teikyouseido.mhlw.go.jp/znk-web/juminkanja/S2430/initialize?prefCd=34&kikanCd=2340553310&kikanKbn=2", "url2": "http://www.crystal-biyou.com/index.html", "内容": "クリスタル美容外科【2:診療所】【診療科目:形成外科_美容外科_皮膚科_美容皮膚科】広島県福山市東桜町２－７　アインビル４Ｆ" }, "geometry": { "type": "Point", "coordinates": [ 133.361544, 34.486544 ] } },
{ "type": "Feature", "properties": { "ID": 3422340553570, "正式名称": "政永内科・まさなが歯科クリニック", "機関区分": 2, "都道府県コード": 34, "市区町村コード": 214, "所在地": "広島県安芸高田市甲田町高田原１４５１", "緯度": 34.694677, "経度": 132.759363, "url": "https://www.iryou.teikyouseido.mhlw.go.jp/znk-web/juminkanja/S2430/initialize?prefCd=34&kikanCd=2340553570&kikanKbn=2", "url2": "https://akitakatamed.or.jp/pages/100/", "内容": "政永内科・まさなが歯科クリニック【2:診療所】【診療科目:内科_呼吸器内科_循環器内科_消化器内科_小児科_歯科_小児歯科】広島県安芸高田市甲田町高田原１４５１" }, "geometry": { "type": "Point", "coordinates": [ 132.759363, 34.694677 ] } },
{ "type": "Feature", "properties": { "ID": 3422340553730, "正式名称": "太田整形外科", "機関区分": 2, "都道府県コード": 34, "市区町村コード": 302, "所在地": "広島県安芸郡府中町大通２丁目１０－８", "緯度": 34.391137, "経度": 132.503452, "url": "https://www.iryou.teikyouseido.mhlw.go.jp/znk-web/juminkanja/S2430/initialize?prefCd=34&kikanCd=2340553730&kikanKbn=2", "url2": "http://www.ota-seikeigeka.jp", "内容": "太田整形外科【2:診療所】【診療科目:整形外科_リウマチ科_リハビリテーション科】広島県安芸郡府中町大通２丁目１０－８" }, "geometry": { "type": "Point", "coordinates": [ 132.503452, 34.391137 ] } },
{ "type": "Feature", "properties": { "ID": 3422340553860, "正式名称": "医療法人社団　スマイル　博愛クリニック", "機関区分": 2, "都道府県コード": 34, "市区町村コード": 202, "所在地": "広島県呉市中央二丁目６－１３", "緯度": 34.245833, "経度": 132.561399, "url": "https://www.iryou.teikyouseido.mhlw.go.jp/znk-web/juminkanja/S2430/initialize?prefCd=34&kikanCd=2340553860&kikanKbn=2", "url2": "https://d-smile.or.jp/hakuai/", "内容": "医療法人社団　スマイル　博愛クリニック【2:診療所】【診療科目:内科_腎臓内科_人工透析内科_泌尿器科】広島県呉市中央二丁目６－１３" }, "geometry": { "type": "Point", "coordinates": [ 132.561399, 34.245833 ] } },
{ "type": "Feature", "properties": { "ID": 3422340554290, "正式名称": "コールメディカルクリニック広島", "機関区分": 2, "都道府県コード": 34, "市区町村コード": 104, "所在地": "広島県広島市西区古田台２－１２－９", "緯度": 34.394509, "経度": 132.401795, "url": "https://www.iryou.teikyouseido.mhlw.go.jp/znk-web/juminkanja/S2430/initialize?prefCd=34&kikanCd=2340554290&kikanKbn=2", "url2": "https://call-medical-clinic.com", "内容": "コールメディカルクリニック広島【2:診療所】【診療科目:内科_リハビリテーション科】広島県広島市西区古田台２－１２－９" }, "geometry": { "type": "Point", "coordinates": [ 132.401795, 34.394509 ] } },
{ "type": "Feature", "properties": { "ID": 3422340554450, "正式名称": "有木医院", "機関区分": 2, "都道府県コード": 34, "市区町村コード": 207, "所在地": "広島県福山市本町一番１－１０３号", "緯度": 34.492482, "経度": 133.363782, "url": "https://www.iryou.teikyouseido.mhlw.go.jp/znk-web/juminkanja/S2430/initialize?prefCd=34&kikanCd=2340554450&kikanKbn=2", "url2": "http://kaiinhp.fmed.jp/arikiiin/", "内容": "有木医院【2:診療所】【診療科目:胃腸内科_外科_アレルギー科】広島県福山市本町一番１－１０３号" }, "geometry": { "type": "Point", "coordinates": [ 133.363782, 34.492482 ] } },
{ "type": "Feature", "properties": { "ID": 3422340554580, "正式名称": "医療法人　ひまわり會　加藤耳鼻咽喉科", "機関区分": 2, "都道府県コード": 34, "市区町村コード": 212, "所在地": "広島県東広島市高屋町杵原１１３５－２", "緯度": 34.462342, "経度": 132.776761, "url": "https://www.iryou.teikyouseido.mhlw.go.jp/znk-web/juminkanja/S2430/initialize?prefCd=34&kikanCd=2340554580&kikanKbn=2", "url2": "https://kato-jibika.com", "内容": "医療法人　ひまわり會　加藤耳鼻咽喉科【2:診療所】【診療科目:耳鼻いんこう科_美容皮膚科_アレルギー科】広島県東広島市高屋町杵原１１３５－２" }, "geometry": { "type": "Point", "coordinates": [ 132.776761, 34.462342 ] } },
{ "type": "Feature", "properties": { "ID": 3422340554610, "正式名称": "医療法人みやわき耳鼻咽喉科クリニック", "機関区分": 2, "都道府県コード": 34, "市区町村コード": 212, "所在地": "広島県東広島市西条本町１２－２　木阪ビル２Ｆ", "緯度": 34.430405, "経度": 132.743126, "url": "https://www.iryou.teikyouseido.mhlw.go.jp/znk-web/juminkanja/S2430/initialize?prefCd=34&kikanCd=2340554610&kikanKbn=2", "url2": "www.clinic-ad.com/miyawaki/", "内容": "医療法人みやわき耳鼻咽喉科クリニック【2:診療所】【診療科目:耳鼻いんこう科_アレルギー科】広島県東広島市西条本町１２－２　木阪ビル２Ｆ" }, "geometry": { "type": "Point", "coordinates": [ 132.743126, 34.430405 ] } },
{ "type": "Feature", "properties": { "ID": 3422340554740, "正式名称": "医療法人社団　花園医療福祉会　花園クリニック", "機関区分": 2, "都道府県コード": 34, "市区町村コード": 207, "所在地": "広島県福山市花園町１丁目３番９号", "緯度": 34.482045, "経度": 133.37321, "url": "https://www.iryou.teikyouseido.mhlw.go.jp/znk-web/juminkanja/S2430/initialize?prefCd=34&kikanCd=2340554740&kikanKbn=2", "url2": "http://www.hanamk.jp/", "内容": "医療法人社団　花園医療福祉会　花園クリニック【2:診療所】【診療科目:内科_外科_婦人科_皮膚科_泌尿器科_精神科_心療内科】広島県福山市花園町１丁目３番９号" }, "geometry": { "type": "Point", "coordinates": [ 133.37321, 34.482045 ] } },
{ "type": "Feature", "properties": { "ID": 3422340554900, "正式名称": "医療法人　橋本クリニック", "機関区分": 2, "都道府県コード": 34, "市区町村コード": 202, "所在地": "広島県呉市宝町５－１０　ゆめタウン呉２Ｆ", "緯度": 34.242445, "経度": 132.556322, "url": "https://www.iryou.teikyouseido.mhlw.go.jp/znk-web/juminkanja/S2430/initialize?prefCd=34&kikanCd=2340554900&kikanKbn=2", "url2": "https://www.hashimoto-c.jp/", "内容": "医療法人　橋本クリニック【2:診療所】【診療科目:皮膚科】広島県呉市宝町５－１０　ゆめタウン呉２Ｆ" }, "geometry": { "type": "Point", "coordinates": [ 132.556322, 34.242445 ] } },
{ "type": "Feature", "properties": { "ID": 3422340555040, "正式名称": "竹本内科循環器科", "機関区分": 2, "都道府県コード": 34, "市区町村コード": 207, "所在地": "広島県福山市大黒町１－８", "緯度": 34.491213, "経度": 133.366843, "url": "https://www.iryou.teikyouseido.mhlw.go.jp/znk-web/juminkanja/S2430/initialize?prefCd=34&kikanCd=2340555040&kikanKbn=2", "url2": null, "内容": "竹本内科循環器科【2:診療所】【診療科目:内科_循環器内科】広島県福山市大黒町１－８" }, "geometry": { "type": "Point", "coordinates": [ 133.366843, 34.491213 ] } },
{ "type": "Feature", "properties": { "ID": 3422340555330, "正式名称": "心療内科　村岡クリニック", "機関区分": 2, "都道府県コード": 34, "市区町村コード": 202, "所在地": "広島県呉市中央２丁目６番１０号　村上ビル２　４Ｆ", "緯度": 34.246083, "経度": 132.561205, "url": "https://www.iryou.teikyouseido.mhlw.go.jp/znk-web/juminkanja/S2430/initialize?prefCd=34&kikanCd=2340555330&kikanKbn=2", "url2": "http://muraoka-clinic.net/", "内容": "心療内科　村岡クリニック【2:診療所】【診療科目:内科_精神科_心療内科】広島県呉市中央２丁目６番１０号　村上ビル２　４Ｆ" }, "geometry": { "type": "Point", "coordinates": [ 132.561205, 34.246083 ] } },
{ "type": "Feature", "properties": { "ID": 3422340555460, "正式名称": "たに内科クリニック", "機関区分": 2, "都道府県コード": 34, "市区町村コード": 213, "所在地": "広島県廿日市市地御前一丁目２－２２", "緯度": 34.344458, "経度": 132.324026, "url": "https://www.iryou.teikyouseido.mhlw.go.jp/znk-web/juminkanja/S2430/initialize?prefCd=34&kikanCd=2340555460&kikanKbn=2", "url2": "http://tani-clinic.jp/", "内容": "たに内科クリニック【2:診療所】【診療科目:内科_消化器内科】広島県廿日市市地御前一丁目２－２２" }, "geometry": { "type": "Point", "coordinates": [ 132.324026, 34.344458 ] } },
{ "type": "Feature", "properties": { "ID": 3422340555590, "正式名称": "津田産婦人科クリニック", "機関区分": 2, "都道府県コード": 34, "市区町村コード": 304, "所在地": "広島県安芸郡海田町南幸町９－４３", "緯度": 34.363864, "経度": 132.540031, "url": "https://www.iryou.teikyouseido.mhlw.go.jp/znk-web/juminkanja/S2430/initialize?prefCd=34&kikanCd=2340555590&kikanKbn=2", "url2": "http://www.tsuda-sanfujinka.jp/", "内容": "津田産婦人科クリニック【2:診療所】【診療科目:産婦人科】広島県安芸郡海田町南幸町９－４３" }, "geometry": { "type": "Point", "coordinates": [ 132.540031, 34.363864 ] } },
{ "type": "Feature", "properties": { "ID": 3422340555750, "正式名称": "内科離宮", "機関区分": 2, "都道府県コード": 34, "市区町村コード": 202, "所在地": "広島県呉市広大新開１丁目４番１９号", "緯度": 34.233108, "経度": 132.623262, "url": "https://www.iryou.teikyouseido.mhlw.go.jp/znk-web/juminkanja/S2430/initialize?prefCd=34&kikanCd=2340555750&kikanKbn=2", "url2": "http://www.naika-rikyu.com/access.html", "内容": "内科離宮【2:診療所】【診療科目:内科_呼吸器内科_循環器内科_小児科_リハビリテーション科_放射線科】広島県呉市広大新開１丁目４番１９号" }, "geometry": { "type": "Point", "coordinates": [ 132.623262, 34.233108 ] } },
{ "type": "Feature", "properties": { "ID": 3422340555880, "正式名称": "医療法人　えぐさ内科クリニック", "機関区分": 2, "都道府県コード": 34, "市区町村コード": 103, "所在地": "広島県広島市南区向洋本町１０－２４", "緯度": 34.368124, "経度": 132.505096, "url": "https://www.iryou.teikyouseido.mhlw.go.jp/znk-web/juminkanja/S2430/initialize?prefCd=34&kikanCd=2340555880&kikanKbn=2", "url2": "http://www.citydo.com/prf/hiroshima/guide/sg/450002675.html", "内容": "医療法人　えぐさ内科クリニック【2:診療所】【診療科目:内科_呼吸器内科_循環器内科_アレルギー疾患内科_アレルギー科】広島県広島市南区向洋本町１０－２４" }, "geometry": { "type": "Point", "coordinates": [ 132.505096, 34.368124 ] } },
{ "type": "Feature", "properties": { "ID": 3422340555910, "正式名称": "落久保外科循環器内科クリニック", "機関区分": 2, "都道府県コード": 34, "市区町村コード": 104, "所在地": "広島県広島市西区己斐本町３－２－８", "緯度": 34.396065, "経度": 132.426404, "url": "https://www.iryou.teikyouseido.mhlw.go.jp/znk-web/juminkanja/S2430/initialize?prefCd=34&kikanCd=2340555910&kikanKbn=2", "url2": "http://www.ochikubo-clinic.jp", "内容": "落久保外科循環器内科クリニック【2:診療所】【診療科目:呼吸器内科_循環器内科_消化器内科_外科_リハビリテーション科_放射線科】広島県広島市西区己斐本町３－２－８" }, "geometry": { "type": "Point", "coordinates": [ 132.426404, 34.396065 ] } },
{ "type": "Feature", "properties": { "ID": 3422340556050, "正式名称": "医療法人　たなか皮ふ科アレルギー科", "機関区分": 2, "都道府県コード": 34, "市区町村コード": 104, "所在地": "広島県広島市西区庚午北２－２２－４", "緯度": 34.389858, "経度": 132.417549, "url": "https://www.iryou.teikyouseido.mhlw.go.jp/znk-web/juminkanja/S2430/initialize?prefCd=34&kikanCd=2340556050&kikanKbn=2", "url2": "http://www.tanakahifu.sever-shared.com", "内容": "医療法人　たなか皮ふ科アレルギー科【2:診療所】【診療科目:小児皮膚科_皮膚科_アレルギー科】広島県広島市西区庚午北２－２２－４" }, "geometry": { "type": "Point", "coordinates": [ 132.417549, 34.389858 ] } },
{ "type": "Feature", "properties": { "ID": 3422340556340, "正式名称": "医療法人社団　たむら眼科", "機関区分": 2, "都道府県コード": 34, "市区町村コード": 202, "所在地": "広島県呉市警固屋４丁目２番１１号", "緯度": 34.212303, "経度": 132.545549, "url": "https://www.iryou.teikyouseido.mhlw.go.jp/znk-web/juminkanja/S2430/initialize?prefCd=34&kikanCd=2340556340&kikanKbn=2", "url2": null, "内容": "医療法人社団　たむら眼科【2:診療所】【診療科目:眼科】広島県呉市警固屋４丁目２番１１号" }, "geometry": { "type": "Point", "coordinates": [ 132.545549, 34.212303 ] } },
{ "type": "Feature", "properties": { "ID": 3422340556470, "正式名称": "いしいクリニック", "機関区分": 2, "都道府県コード": 34, "市区町村コード": 207, "所在地": "広島県福山市神辺町十三軒屋１３６－３", "緯度": 34.547893, "経度": 133.355259, "url": "https://www.iryou.teikyouseido.mhlw.go.jp/znk-web/juminkanja/S2430/initialize?prefCd=34&kikanCd=2340556470&kikanKbn=2", "url2": "http://www.ishiiclinic.info", "内容": "いしいクリニック【2:診療所】【診療科目:内科_消化器内科_外科_乳腺外科】広島県福山市神辺町十三軒屋１３６－３" }, "geometry": { "type": "Point", "coordinates": [ 133.355259, 34.547893 ] } },
{ "type": "Feature", "properties": { "ID": 3422340556500, "正式名称": "安芸太田戸河内診療所", "機関区分": 2, "都道府県コード": 34, "市区町村コード": 368, "所在地": "広島県山県郡安芸太田町戸河内８００番地１", "緯度": 34.577875, "経度": 132.22663, "url": "https://www.iryou.teikyouseido.mhlw.go.jp/znk-web/juminkanja/S2430/initialize?prefCd=34&kikanCd=2340556500&kikanKbn=2", "url2": null, "内容": "安芸太田戸河内診療所【2:診療所】【診療科目:内科】広島県山県郡安芸太田町戸河内８００番地１" }, "geometry": { "type": "Point", "coordinates": [ 132.22663, 34.577875 ] } },
{ "type": "Feature", "properties": { "ID": 3422340556760, "正式名称": "医療法人　医仁会　本通トータルヘルス内科クリニック", "機関区分": 2, "都道府県コード": 34, "市区町村コード": 101, "所在地": "広島県広島市中区本通７－２９　アイビービル３Ｆ", "緯度": 34.39326, "経度": 132.457957, "url": "https://www.iryou.teikyouseido.mhlw.go.jp/znk-web/juminkanja/S2430/initialize?prefCd=34&kikanCd=2340556760&kikanKbn=2", "url2": "http://hondori-total-health.jp/", "内容": "医療法人　医仁会　本通トータルヘルス内科クリニック【2:診療所】【診療科目:内科_糖尿病内科_脂質代謝内科_糖尿病・代謝内科_呼吸器内科_循環器内科_消化器内科】広島県広島市中区本通７－２９　アイビービル３Ｆ" }, "geometry": { "type": "Point", "coordinates": [ 132.457957, 34.39326 ] } },
{ "type": "Feature", "properties": { "ID": 3422340556890, "正式名称": "松林レディースクリニック", "機関区分": 2, "都道府県コード": 34, "市区町村コード": 212, "所在地": "広島県東広島市西条町御薗宇４２８１－１", "緯度": 34.406786, "経度": 132.751188, "url": "https://www.iryou.teikyouseido.mhlw.go.jp/znk-web/juminkanja/S2430/initialize?prefCd=34&kikanCd=2340556890&kikanKbn=2", "url2": "http://www.matsubayashi-lc.com/", "内容": "松林レディースクリニック【2:診療所】【診療科目:内科_産婦人科】広島県東広島市西条町御薗宇４２８１－１" }, "geometry": { "type": "Point", "coordinates": [ 132.751188, 34.406786 ] } },
{ "type": "Feature", "properties": { "ID": 3422340556920, "正式名称": "みたに泌尿器科クリニック", "機関区分": 2, "都道府県コード": 34, "市区町村コード": 213, "所在地": "広島県廿日市市下平良１丁目３－３６－３０３", "緯度": 34.349874, "経度": 132.331858, "url": "https://www.iryou.teikyouseido.mhlw.go.jp/znk-web/juminkanja/S2430/initialize?prefCd=34&kikanCd=2340556920&kikanKbn=2", "url2": "http://www.myclinic.ne.jp/mitani_urocl/", "内容": "みたに泌尿器科クリニック【2:診療所】【診療科目:泌尿器科】広島県廿日市市下平良１丁目３－３６－３０３" }, "geometry": { "type": "Point", "coordinates": [ 132.331858, 34.349874 ] } },
{ "type": "Feature", "properties": { "ID": 3422340557060, "正式名称": "たむらメンタルクリニック", "機関区分": 2, "都道府県コード": 34, "市区町村コード": 101, "所在地": "広島県広島市中区大手町３－６－１２　おおうちビル４階", "緯度": 34.387705, "経度": 132.454152, "url": "https://www.iryou.teikyouseido.mhlw.go.jp/znk-web/juminkanja/S2430/initialize?prefCd=34&kikanCd=2340557060&kikanKbn=2", "url2": "http://www.tamura-mc.com", "内容": "たむらメンタルクリニック【2:診療所】【診療科目:精神科_心療内科】広島県広島市中区大手町３－６－１２　おおうちビル４階" }, "geometry": { "type": "Point", "coordinates": [ 132.454152, 34.387705 ] } },
{ "type": "Feature", "properties": { "ID": 3422340557350, "正式名称": "医療法人社団　女性クリニック　ラポール", "機関区分": 2, "都道府県コード": 34, "市区町村コード": 101, "所在地": "広島県広島市中区大手町５丁目　３－１", "緯度": 34.384733, "経度": 132.451458, "url": "https://www.iryou.teikyouseido.mhlw.go.jp/znk-web/juminkanja/S2430/initialize?prefCd=34&kikanCd=2340557350&kikanKbn=2", "url2": "http://www.women-rapport-clinic.com/", "内容": "医療法人社団　女性クリニック　ラポール【2:診療所】【診療科目:内科_性感染症内科_漢方内科_女性内科_産婦人科_産科_婦人科】広島県広島市中区大手町５丁目　３－１" }, "geometry": { "type": "Point", "coordinates": [ 132.451458, 34.384733 ] } },
{ "type": "Feature", "properties": { "ID": 3422340557480, "正式名称": "古江中野眼科", "機関区分": 2, "都道府県コード": 34, "市区町村コード": 104, "所在地": "広島県広島市西区古江新町１－２２", "緯度": 34.384538, "経度": 132.411822, "url": "https://www.iryou.teikyouseido.mhlw.go.jp/znk-web/juminkanja/S2430/initialize?prefCd=34&kikanCd=2340557480&kikanKbn=2", "url2": "http://www.furue-nakano.com/", "内容": "古江中野眼科【2:診療所】【診療科目:眼科】広島県広島市西区古江新町１－２２" }, "geometry": { "type": "Point", "coordinates": [ 132.411822, 34.384538 ] } },
{ "type": "Feature", "properties": { "ID": 3422340557510, "正式名称": "広島大腸肛門クリニック", "機関区分": 2, "都道府県コード": 34, "市区町村コード": 104, "所在地": "広島県広島市西区庚午南一丁目３５－２１", "緯度": 34.381622, "経度": 132.410878, "url": "https://www.iryou.teikyouseido.mhlw.go.jp/znk-web/juminkanja/S2430/initialize?prefCd=34&kikanCd=2340557510&kikanKbn=2", "url2": "http://www.myclinic.ne.jp/hcpc/", "内容": "広島大腸肛門クリニック【2:診療所】【診療科目:内科_消化器内科_胃腸内科_外科_肛門外科】広島県広島市西区庚午南一丁目３５－２１" }, "geometry": { "type": "Point", "coordinates": [ 132.410878, 34.381622 ] } },
{ "type": "Feature", "properties": { "ID": 3422340557640, "正式名称": "医療法人社団　木下クリニック", "機関区分": 2, "都道府県コード": 34, "市区町村コード": 104, "所在地": "広島県広島市西区観音本町二丁目３－１", "緯度": 34.390955, "経度": 132.433765, "url": "https://www.iryou.teikyouseido.mhlw.go.jp/znk-web/juminkanja/S2430/initialize?prefCd=34&kikanCd=2340557640&kikanKbn=2", "url2": "http://knst-clinic.com/", "内容": "医療法人社団　木下クリニック【2:診療所】【診療科目:内科_呼吸器内科_循環器内科_消化器内科_小児科】広島県広島市西区観音本町二丁目３－１" }, "geometry": { "type": "Point", "coordinates": [ 132.433765, 34.390955 ] } },
{ "type": "Feature", "properties": { "ID": 3422340557800, "正式名称": "医療法人社団　絆　とうぎ整形外科・リハビリクリニック", "機関区分": 2, "都道府県コード": 34, "市区町村コード": 101, "所在地": "広島県広島市中区南竹屋町５－８", "緯度": 34.381567, "経度": 132.460846, "url": "https://www.iryou.teikyouseido.mhlw.go.jp/znk-web/juminkanja/S2430/initialize?prefCd=34&kikanCd=2340557800&kikanKbn=2", "url2": "https://kizuna-clinic.jp/", "内容": "医療法人社団　絆　とうぎ整形外科・リハビリクリニック【2:診療所】【診療科目:内科_整形外科_リハビリテーション科】広島県広島市中区南竹屋町５－８" }, "geometry": { "type": "Point", "coordinates": [ 132.460846, 34.381567 ] } },
{ "type": "Feature", "properties": { "ID": 3422340557930, "正式名称": "阿多田診療所", "機関区分": 2, "都道府県コード": 34, "市区町村コード": 211, "所在地": "広島県大竹市阿多田４０３番地２", "緯度": 34.193113, "経度": 132.314506, "url": "https://www.iryou.teikyouseido.mhlw.go.jp/znk-web/juminkanja/S2430/initialize?prefCd=34&kikanCd=2340557930&kikanKbn=2", "url2": null, "内容": "阿多田診療所【2:診療所】【診療科目:内科_外科】広島県大竹市阿多田４０３番地２" }, "geometry": { "type": "Point", "coordinates": [ 132.314506, 34.193113 ] } },
{ "type": "Feature", "properties": { "ID": 3422340558100, "正式名称": "ほほえみ診療所", "機関区分": 2, "都道府県コード": 34, "市区町村コード": 101, "所在地": "広島県広島市中区西平塚町４－１５", "緯度": 34.389289, "経度": 132.467824, "url": "https://www.iryou.teikyouseido.mhlw.go.jp/znk-web/juminkanja/S2430/initialize?prefCd=34&kikanCd=2340558100&kikanKbn=2", "url2": null, "内容": "ほほえみ診療所【2:診療所】【診療科目:内科_神経内科_精神科】広島県広島市中区西平塚町４－１５" }, "geometry": { "type": "Point", "coordinates": [ 132.467824, 34.389289 ] } },
{ "type": "Feature", "properties": { "ID": 3422340558230, "正式名称": "香川乳腺クリニック", "機関区分": 2, "都道府県コード": 34, "市区町村コード": 101, "所在地": "広島県広島市中区三川町１番２０号　ピンクリボン３９ビル６階", "緯度": 34.390695, "経度": 132.462876, "url": "https://www.iryou.teikyouseido.mhlw.go.jp/znk-web/juminkanja/S2430/initialize?prefCd=34&kikanCd=2340558230&kikanKbn=2", "url2": "http://www.hiroshimabreastcenter.co.jp", "内容": "香川乳腺クリニック【2:診療所】【診療科目:乳腺外科】広島県広島市中区三川町１番２０号　ピンクリボン３９ビル６階" }, "geometry": { "type": "Point", "coordinates": [ 132.462876, 34.390695 ] } },
{ "type": "Feature", "properties": { "ID": 3422340558360, "正式名称": "だいこく皮ふ科・アレルギー科", "機関区分": 2, "都道府県コード": 34, "市区町村コード": 101, "所在地": "広島県広島市中区三川町１－２０　ピンクリボン３９ビル３Ｆ", "緯度": 34.390701, "経度": 132.462865, "url": "https://www.iryou.teikyouseido.mhlw.go.jp/znk-web/juminkanja/S2430/initialize?prefCd=34&kikanCd=2340558360&kikanKbn=2", "url2": "http://www.daikokuhifuka.jp", "内容": "だいこく皮ふ科・アレルギー科【2:診療所】【診療科目:皮膚科_アレルギー科】広島県広島市中区三川町１－２０　ピンクリボン３９ビル３Ｆ" }, "geometry": { "type": "Point", "coordinates": [ 132.462865, 34.390701 ] } },
{ "type": "Feature", "properties": { "ID": 3422340558490, "正式名称": "中央通り乳腺検診クリニック", "機関区分": 2, "都道府県コード": 34, "市区町村コード": 101, "所在地": "広島県広島市中区三川町１－２０　ピンクリボン３９ビル５階", "緯度": 34.390733, "経度": 132.462762, "url": "https://www.iryou.teikyouseido.mhlw.go.jp/znk-web/juminkanja/S2430/initialize?prefCd=34&kikanCd=2340558490&kikanKbn=2", "url2": "http://pinkribbon-chuodori.com/", "内容": "中央通り乳腺検診クリニック【2:診療所】【診療科目:乳腺外科】広島県広島市中区三川町１－２０　ピンクリボン３９ビル５階" }, "geometry": { "type": "Point", "coordinates": [ 132.462762, 34.390733 ] } },
{ "type": "Feature", "properties": { "ID": 3422340558650, "正式名称": "医療法人社団　一陽会　イーストクリニック", "機関区分": 2, "都道府県コード": 34, "市区町村コード": 103, "所在地": "広島県広島市南区段原南１－３－５３　広島イーストビル６Ｆ", "緯度": 34.385694, "経度": 132.476054, "url": "https://www.iryou.teikyouseido.mhlw.go.jp/znk-web/juminkanja/S2430/initialize?prefCd=34&kikanCd=2340558650&kikanKbn=2", "url2": "http://www.icy.or.jp/", "内容": "医療法人社団　一陽会　イーストクリニック【2:診療所】【診療科目:内科_糖尿病内科_腎臓内科】広島県広島市南区段原南１－３－５３　広島イーストビル６Ｆ" }, "geometry": { "type": "Point", "coordinates": [ 132.476054, 34.385694 ] } },
{ "type": "Feature", "properties": { "ID": 3422340559110, "正式名称": "医療法人　山田外科内科医院", "機関区分": 2, "都道府県コード": 34, "市区町村コード": 103, "所在地": "広島県広島市南区段原日出１丁目１５番１３号", "緯度": 34.386345, "経度": 132.480594, "url": "https://www.iryou.teikyouseido.mhlw.go.jp/znk-web/juminkanja/S2430/initialize?prefCd=34&kikanCd=2340559110&kikanKbn=2", "url2": "http://www.yamada-h.jp/", "内容": "医療法人　山田外科内科医院【2:診療所】【診療科目:内科_外科_整形外科_放射線科】広島県広島市南区段原日出１丁目１５番１３号" }, "geometry": { "type": "Point", "coordinates": [ 132.480594, 34.386345 ] } },
{ "type": "Feature", "properties": { "ID": 3422340559370, "正式名称": "毘沙門クリニック", "機関区分": 2, "都道府県コード": 34, "市区町村コード": 105, "所在地": "広島県広島市安佐南区緑井三丁目４０－３０", "緯度": 34.477002, "経度": 132.469369, "url": "https://www.iryou.teikyouseido.mhlw.go.jp/znk-web/juminkanja/S2430/initialize?prefCd=34&kikanCd=2340559370&kikanKbn=2", "url2": "http://www.asuka-net.or.jp", "内容": "毘沙門クリニック【2:診療所】【診療科目:内科_リハビリテーション科】広島県広島市安佐南区緑井三丁目４０－３０" }, "geometry": { "type": "Point", "coordinates": [ 132.469369, 34.477002 ] } },
{ "type": "Feature", "properties": { "ID": 3422340559660, "正式名称": "西原なかむらクリニック", "機関区分": 2, "都道府県コード": 34, "市区町村コード": 105, "所在地": "広島県広島市安佐南区西原８－１－１５－３０２", "緯度": 34.445895, "経度": 132.474339, "url": "https://www.iryou.teikyouseido.mhlw.go.jp/znk-web/juminkanja/S2430/initialize?prefCd=34&kikanCd=2340559660&kikanKbn=2", "url2": "http://www.nishihara-nakamura.jp/index.html", "内容": "西原なかむらクリニック【2:診療所】【診療科目:内科_糖尿病内科_消化器内科】広島県広島市安佐南区西原８－１－１５－３０２" }, "geometry": { "type": "Point", "coordinates": [ 132.474339, 34.445895 ] } },
{ "type": "Feature", "properties": { "ID": 3422340559950, "正式名称": "医療法人社団　敬和会　むらた眼科", "機関区分": 2, "都道府県コード": 34, "市区町村コード": 105, "所在地": "広島県広島市安佐南区西原８丁目１番１５号　２０２", "緯度": 34.445644, "経度": 132.474286, "url": "https://www.iryou.teikyouseido.mhlw.go.jp/znk-web/juminkanja/S2430/initialize?prefCd=34&kikanCd=2340559950&kikanKbn=2", "url2": "http://www.murata-ganka.jp", "内容": "医療法人社団　敬和会　むらた眼科【2:診療所】【診療科目:眼科】広島県広島市安佐南区西原８丁目１番１５号　２０２" }, "geometry": { "type": "Point", "coordinates": [ 132.474286, 34.445644 ] } },
{ "type": "Feature", "properties": { "ID": 3422340560060, "正式名称": "高橋整形外科クリニック", "機関区分": 2, "都道府県コード": 34, "市区町村コード": 307, "所在地": "広島県安芸郡熊野町萩原六丁目２７番５号", "緯度": 34.341228, "経度": 132.590153, "url": "https://www.iryou.teikyouseido.mhlw.go.jp/znk-web/juminkanja/S2430/initialize?prefCd=34&kikanCd=2340560060&kikanKbn=2", "url2": null, "内容": "高橋整形外科クリニック【2:診療所】【診療科目:整形外科_リハビリテーション科】広島県安芸郡熊野町萩原六丁目２７番５号" }, "geometry": { "type": "Point", "coordinates": [ 132.590153, 34.341228 ] } },
{ "type": "Feature", "properties": { "ID": 3422340560190, "正式名称": "みやけ耳鼻咽喉科アレルギー科", "機関区分": 2, "都道府県コード": 34, "市区町村コード": 108, "所在地": "広島県広島市佐伯区旭園２－１７", "緯度": 34.365928, "経度": 132.366716, "url": "https://www.iryou.teikyouseido.mhlw.go.jp/znk-web/juminkanja/S2430/initialize?prefCd=34&kikanCd=2340560190&kikanKbn=2", "url2": "http://www.miyake-jibika.com/", "内容": "みやけ耳鼻咽喉科アレルギー科【2:診療所】【診療科目:耳鼻いんこう科_アレルギー科】広島県広島市佐伯区旭園２－１７" }, "geometry": { "type": "Point", "coordinates": [ 132.366716, 34.365928 ] } },
{ "type": "Feature", "properties": { "ID": 3422340560480, "正式名称": "河野眼科", "機関区分": 2, "都道府県コード": 34, "市区町村コード": 208, "所在地": "広島県府中市高木町６０－１", "緯度": 34.563803, "経度": 133.252142, "url": "https://www.iryou.teikyouseido.mhlw.go.jp/znk-web/juminkanja/S2430/initialize?prefCd=34&kikanCd=2340560480&kikanKbn=2", "url2": null, "内容": "河野眼科【2:診療所】【診療科目:眼科】広島県府中市高木町６０－１" }, "geometry": { "type": "Point", "coordinates": [ 133.252142, 34.563803 ] } },
{ "type": "Feature", "properties": { "ID": 3422340560510, "正式名称": "ふじかわ心療内科クリニック", "機関区分": 2, "都道府県コード": 34, "市区町村コード": 213, "所在地": "広島県廿日市市下平良一丁目３－３６－２０１", "緯度": 34.349874, "経度": 132.331858, "url": "https://www.iryou.teikyouseido.mhlw.go.jp/znk-web/juminkanja/S2430/initialize?prefCd=34&kikanCd=2340560510&kikanKbn=2", "url2": "http://www.myclinic.ne.jp/fujikawa_cli/pc/", "内容": "ふじかわ心療内科クリニック【2:診療所】【診療科目:神経内科_精神科_心療内科】広島県廿日市市下平良一丁目３－３６－２０１" }, "geometry": { "type": "Point", "coordinates": [ 132.331858, 34.349874 ] } },
{ "type": "Feature", "properties": { "ID": 3422340560770, "正式名称": "福山整形外科クリニック", "機関区分": 2, "都道府県コード": 34, "市区町村コード": 207, "所在地": "広島県福山市神辺町川北１５３３", "緯度": 34.55862, "経度": 133.380317, "url": "https://www.iryou.teikyouseido.mhlw.go.jp/znk-web/juminkanja/S2430/initialize?prefCd=34&kikanCd=2340560770&kikanKbn=2", "url2": "http://www.hishokai.or.jp/", "内容": "福山整形外科クリニック【2:診療所】【診療科目:整形外科_リウマチ科_リハビリテーション科】広島県福山市神辺町川北１５３３" }, "geometry": { "type": "Point", "coordinates": [ 133.380317, 34.55862 ] } },
{ "type": "Feature", "properties": { "ID": 3422340560800, "正式名称": "大村クリニック", "機関区分": 2, "都道府県コード": 34, "市区町村コード": 108, "所在地": "広島県広島市佐伯区新宮苑３－３２", "緯度": 34.370595, "経度": 132.360276, "url": "https://www.iryou.teikyouseido.mhlw.go.jp/znk-web/juminkanja/S2430/initialize?prefCd=34&kikanCd=2340560800&kikanKbn=2", "url2": "https://www.omura-clinic.com", "内容": "大村クリニック【2:診療所】【診療科目:内科_循環器内科】広島県広島市佐伯区新宮苑３－３２" }, "geometry": { "type": "Point", "coordinates": [ 132.360276, 34.370595 ] } },
{ "type": "Feature", "properties": { "ID": 3422340560930, "正式名称": "さくらクリニック", "機関区分": 2, "都道府県コード": 34, "市区町村コード": 102, "所在地": "広島県広島市東区戸坂千足２－１０－１０", "緯度": 34.436832, "経度": 132.486838, "url": "https://www.iryou.teikyouseido.mhlw.go.jp/znk-web/juminkanja/S2430/initialize?prefCd=34&kikanCd=2340560930&kikanKbn=2", "url2": "https://www.sakurakurclinic-hiroshima.org/", "内容": "さくらクリニック【2:診療所】【診療科目:内科】広島県広島市東区戸坂千足２－１０－１０" }, "geometry": { "type": "Point", "coordinates": [ 132.486838, 34.436832 ] } },
{ "type": "Feature", "properties": { "ID": 3422340561100, "正式名称": "内海町いちかわ診療所", "機関区分": 2, "都道府県コード": 34, "市区町村コード": 207, "所在地": "広島県福山市内海町ロ３５５－１", "緯度": 34.370833, "経度": 133.311081, "url": "https://www.iryou.teikyouseido.mhlw.go.jp/znk-web/juminkanja/S2430/initialize?prefCd=34&kikanCd=2340561100&kikanKbn=2", "url2": null, "内容": "内海町いちかわ診療所【2:診療所】【診療科目:内科_外科_小児科】広島県福山市内海町ロ３５５－１" }, "geometry": { "type": "Point", "coordinates": [ 133.311081, 34.370833 ] } },
{ "type": "Feature", "properties": { "ID": 3422340561490, "正式名称": "医療法人　西村小児科", "機関区分": 2, "都道府県コード": 34, "市区町村コード": 105, "所在地": "広島県広島市安佐南区伴東五丁目１９番２３号", "緯度": 34.467721, "経度": 132.418765, "url": "https://www.iryou.teikyouseido.mhlw.go.jp/znk-web/juminkanja/S2430/initialize?prefCd=34&kikanCd=2340561490&kikanKbn=2", "url2": "http://n-kids-clin.sakura.ne.jp", "内容": "医療法人　西村小児科【2:診療所】【診療科目:小児科】広島県広島市安佐南区伴東五丁目１９番２３号" }, "geometry": { "type": "Point", "coordinates": [ 132.418765, 34.467721 ] } },
{ "type": "Feature", "properties": { "ID": 3422340561520, "正式名称": "医療法人　広島みなとクリニック", "機関区分": 2, "都道府県コード": 34, "市区町村コード": 103, "所在地": "広島県広島市南区宇品西５－１２－４６", "緯度": 34.361208, "経度": 132.458458, "url": "https://www.iryou.teikyouseido.mhlw.go.jp/znk-web/juminkanja/S2430/initialize?prefCd=34&kikanCd=2340561520&kikanKbn=2", "url2": "https://www.minato-clinic.jp", "内容": "医療法人　広島みなとクリニック【2:診療所】【診療科目:内科_呼吸器内科_循環器内科_消化器内科】広島県広島市南区宇品西５－１２－４６" }, "geometry": { "type": "Point", "coordinates": [ 132.458458, 34.361208 ] } },
{ "type": "Feature", "properties": { "ID": 3422340561940, "正式名称": "渡邉内科クリニック", "機関区分": 2, "都道府県コード": 34, "市区町村コード": 207, "所在地": "広島県福山市川口町四丁目１２－３７", "緯度": 34.464713, "経度": 133.384877, "url": "https://www.iryou.teikyouseido.mhlw.go.jp/znk-web/juminkanja/S2430/initialize?prefCd=34&kikanCd=2340561940&kikanKbn=2", "url2": "http://watanabe-naika-clinic.or.jp/", "内容": "渡邉内科クリニック【2:診療所】【診療科目:内科_糖尿病内科_消化器内科_肝臓内科】広島県福山市川口町四丁目１２－３７" }, "geometry": { "type": "Point", "coordinates": [ 133.384877, 34.464713 ] } },
{ "type": "Feature", "properties": { "ID": 3422340562400, "正式名称": "医療法人　ＳｋｙＣｌｉｎｉｃ", "機関区分": 2, "都道府県コード": 34, "市区町村コード": 103, "所在地": "広島県広島市南区大須賀町２０－１３　公園通り大須賀ビル", "緯度": 34.40239, "経度": 132.468358, "url": "https://www.iryou.teikyouseido.mhlw.go.jp/znk-web/juminkanja/S2430/initialize?prefCd=34&kikanCd=2340562400&kikanKbn=2", "url2": "http://www7b.biglobe.ne.jp/~sky-clinic/", "内容": "医療法人　ＳｋｙＣｌｉｎｉｃ【2:診療所】【診療科目:内科_外科】広島県広島市南区大須賀町２０－１３　公園通り大須賀ビル" }, "geometry": { "type": "Point", "coordinates": [ 132.468358, 34.40239 ] } },
{ "type": "Feature", "properties": { "ID": 3422340562660, "正式名称": "たにぐち脳神経外科クリニック", "機関区分": 2, "都道府県コード": 34, "市区町村コード": 212, "所在地": "広島県東広島市西条本町１２番２号", "緯度": 34.430405, "経度": 132.743126, "url": "https://www.iryou.teikyouseido.mhlw.go.jp/znk-web/juminkanja/S2430/initialize?prefCd=34&kikanCd=2340562660&kikanKbn=2", "url2": "http://www.taniguchi-bc.jp/", "内容": "たにぐち脳神経外科クリニック【2:診療所】【診療科目:神経内科_脳神経外科】広島県東広島市西条本町１２番２号" }, "geometry": { "type": "Point", "coordinates": [ 132.743126, 34.430405 ] } },
{ "type": "Feature", "properties": { "ID": 3422340562820, "正式名称": "尾道市立市民病院附属　瀬戸田診療所", "機関区分": 2, "都道府県コード": 34, "市区町村コード": 205, "所在地": "広島県尾道市瀬戸田町中野４００", "緯度": 34.305198, "経度": 133.101852, "url": "https://www.iryou.teikyouseido.mhlw.go.jp/znk-web/juminkanja/S2430/initialize?prefCd=34&kikanCd=2340562820&kikanKbn=2", "url2": "www.onomichi-hospital.jp", "内容": "尾道市立市民病院附属　瀬戸田診療所【2:診療所】【診療科目:内科_リハビリテーション科】広島県尾道市瀬戸田町中野４００" }, "geometry": { "type": "Point", "coordinates": [ 133.101852, 34.305198 ] } },
{ "type": "Feature", "properties": { "ID": 3422340562950, "正式名称": "広島市医師会千田町夜間急病センター", "機関区分": 2, "都道府県コード": 34, "市区町村コード": 101, "所在地": "広島県広島市中区千田町三丁目８番６号", "緯度": 34.376681, "経度": 132.457337, "url": "https://www.iryou.teikyouseido.mhlw.go.jp/znk-web/juminkanja/S2430/initialize?prefCd=34&kikanCd=2340562950&kikanKbn=2", "url2": "https://hiroshima-med-yakanqq.jp/", "内容": "広島市医師会千田町夜間急病センター【2:診療所】【診療科目:内科_外科_整形外科_眼科】広島県広島市中区千田町三丁目８番６号" }, "geometry": { "type": "Point", "coordinates": [ 132.457337, 34.376681 ] } },
{ "type": "Feature", "properties": { "ID": 3422340563090, "正式名称": "かめよし皮ふ科・アレルギ－科", "機関区分": 2, "都道府県コード": 34, "市区町村コード": 213, "所在地": "広島県廿日市市阿品３丁目１番６号　ナタリ－もみじビル５階", "緯度": 34.323383, "経度": 132.317005, "url": "https://www.iryou.teikyouseido.mhlw.go.jp/znk-web/juminkanja/S2430/initialize?prefCd=34&kikanCd=2340563090&kikanKbn=2", "url2": "https://kameyoshi-hifuka.jp", "内容": "かめよし皮ふ科・アレルギ－科【2:診療所】【診療科目:皮膚科_アレルギー科】広島県廿日市市阿品３丁目１番６号　ナタリ－もみじビル５階" }, "geometry": { "type": "Point", "coordinates": [ 132.317005, 34.323383 ] } },
{ "type": "Feature", "properties": { "ID": 3422340563380, "正式名称": "もちづき皮ふ科アレルギー科", "機関区分": 2, "都道府県コード": 34, "市区町村コード": 202, "所在地": "広島県呉市中央一丁目５番１５号　平田ビル２Ｆ", "緯度": 34.245139, "経度": 132.561011, "url": "https://www.iryou.teikyouseido.mhlw.go.jp/znk-web/juminkanja/S2430/initialize?prefCd=34&kikanCd=2340563380&kikanKbn=2", "url2": "http://www.mochizuki-hifuka.jp/", "内容": "もちづき皮ふ科アレルギー科【2:診療所】【診療科目:皮膚科_アレルギー科】広島県呉市中央一丁目５番１５号　平田ビル２Ｆ" }, "geometry": { "type": "Point", "coordinates": [ 132.561011, 34.245139 ] } },
{ "type": "Feature", "properties": { "ID": 3422340563410, "正式名称": "医療法人ＳＯＲＲ　しげのぶ整形外科リウマチ・リハビリクリニック", "機関区分": 2, "都道府県コード": 34, "市区町村コード": 103, "所在地": "広島県広島市南区段原南１－３－５３　広島イーストビル２階", "緯度": 34.385697, "経度": 132.476047, "url": "https://www.iryou.teikyouseido.mhlw.go.jp/znk-web/juminkanja/S2430/initialize?prefCd=34&kikanCd=2340563410&kikanKbn=2", "url2": "http://www.shigenobu-clinic.com/", "内容": "医療法人ＳＯＲＲ　しげのぶ整形外科リウマチ・リハビリクリニック【2:診療所】【診療科目:整形外科_リウマチ科_リハビリテーション科】広島県広島市南区段原南１－３－５３　広島イーストビル２階" }, "geometry": { "type": "Point", "coordinates": [ 132.476047, 34.385697 ] } },
{ "type": "Feature", "properties": { "ID": 3422340563670, "正式名称": "なかた内科循環器クリニック", "機関区分": 2, "都道府県コード": 34, "市区町村コード": 103, "所在地": "広島県広島市南区旭一丁目５番３１号", "緯度": 34.374774, "経度": 132.47781, "url": "https://www.iryou.teikyouseido.mhlw.go.jp/znk-web/juminkanja/S2430/initialize?prefCd=34&kikanCd=2340563670&kikanKbn=2", "url2": "http://www.nakata-clinic.net", "内容": "なかた内科循環器クリニック【2:診療所】【診療科目:内科_呼吸器内科_循環器内科_消化器内科】広島県広島市南区旭一丁目５番３１号" }, "geometry": { "type": "Point", "coordinates": [ 132.47781, 34.374774 ] } },
{ "type": "Feature", "properties": { "ID": 3422340563700, "正式名称": "よしなが神経内科クリニック", "機関区分": 2, "都道府県コード": 34, "市区町村コード": 101, "所在地": "広島県広島市中区紙屋町２－２－２５　大野ビル３階", "緯度": 34.394232, "経度": 132.456151, "url": "https://www.iryou.teikyouseido.mhlw.go.jp/znk-web/juminkanja/S2430/initialize?prefCd=34&kikanCd=2340563700&kikanKbn=2", "url2": "http://yoshinag.sakura.ne.jp", "内容": "よしなが神経内科クリニック【2:診療所】【診療科目:神経内科_精神科_精神科系その他】広島県広島市中区紙屋町２－２－２５　大野ビル３階" }, "geometry": { "type": "Point", "coordinates": [ 132.456151, 34.394232 ] } },
{ "type": "Feature", "properties": { "ID": 3422340563830, "正式名称": "舟入山本内科クリニック", "機関区分": 2, "都道府県コード": 34, "市区町村コード": 101, "所在地": "広島県広島市中区舟入本町　１３－１２", "緯度": 34.3851, "経度": 132.441401, "url": "https://www.iryou.teikyouseido.mhlw.go.jp/znk-web/juminkanja/S2430/initialize?prefCd=34&kikanCd=2340563830&kikanKbn=2", "url2": "https://www.clinic-ad.com/funairi-yamamoto-naika/", "内容": "舟入山本内科クリニック【2:診療所】【診療科目:内科_糖尿病内科】広島県広島市中区舟入本町　１３－１２" }, "geometry": { "type": "Point", "coordinates": [ 132.441401, 34.3851 ] } },
{ "type": "Feature", "properties": { "ID": 3422340563960, "正式名称": "かでな泌尿器科クリニック", "機関区分": 2, "都道府県コード": 34, "市区町村コード": 103, "所在地": "広島県広島市南区段原日出一丁目１５番１３号　段原スクエア４Ｆ", "緯度": 34.386511, "経度": 132.480677, "url": "https://www.iryou.teikyouseido.mhlw.go.jp/znk-web/juminkanja/S2430/initialize?prefCd=34&kikanCd=2340563960&kikanKbn=2", "url2": "http://www.kadena-hinyokika.jp/", "内容": "かでな泌尿器科クリニック【2:診療所】【診療科目:泌尿器科】広島県広島市南区段原日出一丁目１５番１３号　段原スクエア４Ｆ" }, "geometry": { "type": "Point", "coordinates": [ 132.480677, 34.386511 ] } },
{ "type": "Feature", "properties": { "ID": 3422340564130, "正式名称": "よりしま内科外科医院", "機関区分": 2, "都道府県コード": 34, "市区町村コード": 105, "所在地": "広島県広島市安佐南区祇園六丁目２１番１６号", "緯度": 34.445075, "経度": 132.465345, "url": "https://www.iryou.teikyouseido.mhlw.go.jp/znk-web/juminkanja/S2430/initialize?prefCd=34&kikanCd=2340564130&kikanKbn=2", "url2": "http://www.yorishima.com", "内容": "よりしま内科外科医院【2:診療所】【診療科目:内科_消化器内科_外科_アレルギー科_リハビリテーション科_放射線科】広島県広島市安佐南区祇園六丁目２１番１６号" }, "geometry": { "type": "Point", "coordinates": [ 132.465345, 34.445075 ] } },
{ "type": "Feature", "properties": { "ID": 3422340564260, "正式名称": "永原内科クリニック", "機関区分": 2, "都道府県コード": 34, "市区町村コード": 207, "所在地": "広島県福山市伊勢丘６丁目１番３０号", "緯度": 34.507682, "経度": 133.424899, "url": "https://www.iryou.teikyouseido.mhlw.go.jp/znk-web/juminkanja/S2430/initialize?prefCd=34&kikanCd=2340564260&kikanKbn=2", "url2": "https://nagahara-clinic.com/", "内容": "永原内科クリニック【2:診療所】【診療科目:内科_糖尿病内科_消化器内科】広島県福山市伊勢丘６丁目１番３０号" }, "geometry": { "type": "Point", "coordinates": [ 133.424899, 34.507682 ] } },
{ "type": "Feature", "properties": { "ID": 3422340564390, "正式名称": "わき小児科医院", "機関区分": 2, "都道府県コード": 34, "市区町村コード": 213, "所在地": "広島県廿日市市下平良１丁目３番３６号　有信廿日市ビル３階３０１号", "緯度": 34.349902, "経度": 132.33183, "url": "https://www.iryou.teikyouseido.mhlw.go.jp/znk-web/juminkanja/S2430/initialize?prefCd=34&kikanCd=2340564390&kikanKbn=2", "url2": "http://www.myclinic.ne.jp/waki_kids/pc/", "内容": "わき小児科医院【2:診療所】【診療科目:小児科】広島県廿日市市下平良１丁目３番３６号　有信廿日市ビル３階３０１号" }, "geometry": { "type": "Point", "coordinates": [ 132.33183, 34.349902 ] } },
{ "type": "Feature", "properties": { "ID": 3422340564420, "正式名称": "黒木整形外科リハビリテーションクリニック", "機関区分": 2, "都道府県コード": 34, "市区町村コード": 208, "所在地": "広島県府中市上下町上下２０５２番地１", "緯度": 34.695594, "経度": 133.123731, "url": "https://www.iryou.teikyouseido.mhlw.go.jp/znk-web/juminkanja/S2430/initialize?prefCd=34&kikanCd=2340564420&kikanKbn=2", "url2": null, "内容": "黒木整形外科リハビリテーションクリニック【2:診療所】【診療科目:内科_整形外科_リハビリテーション科】広島県府中市上下町上下２０５２番地１" }, "geometry": { "type": "Point", "coordinates": [ 133.123731, 34.695594 ] } },
{ "type": "Feature", "properties": { "ID": 3422340564550, "正式名称": "医療法人微風会　三次神経内科クリニック　花の里", "機関区分": 2, "都道府県コード": 34, "市区町村コード": 209, "所在地": "広島県三次市十日市東４丁目３番１０号", "緯度": 34.804594, "経度": 132.861751, "url": "https://www.iryou.teikyouseido.mhlw.go.jp/znk-web/juminkanja/S2430/initialize?prefCd=34&kikanCd=2340564550&kikanKbn=2", "url2": "http://mifukai.jp/", "内容": "医療法人微風会　三次神経内科クリニック　花の里【2:診療所】【診療科目:内科_神経内科_老年内科_リハビリテーション科_放射線科】広島県三次市十日市東４丁目３番１０号" }, "geometry": { "type": "Point", "coordinates": [ 132.861751, 34.804594 ] } },
{ "type": "Feature", "properties": { "ID": 3422340564710, "正式名称": "もだ内科クリニック", "機関区分": 2, "都道府県コード": 34, "市区町村コード": 204, "所在地": "広島県三原市久井町江木中ノ坪１１６３－６", "緯度": 34.539588, "経度": 133.035152, "url": "https://www.iryou.teikyouseido.mhlw.go.jp/znk-web/juminkanja/S2430/initialize?prefCd=34&kikanCd=2340564710&kikanKbn=2", "url2": null, "内容": "もだ内科クリニック【2:診療所】【診療科目:内科_泌尿器科_放射線科】広島県三原市久井町江木中ノ坪１１６３－６" }, "geometry": { "type": "Point", "coordinates": [ 133.035152, 34.539588 ] } },
{ "type": "Feature", "properties": { "ID": 3422340564840, "正式名称": "医療法人智永会　ファミリークリニック森のくまさん", "機関区分": 2, "都道府県コード": 34, "市区町村コード": 212, "所在地": "広島県東広島市高屋町大畠４９９－１８", "緯度": 34.446399, "経度": 132.779733, "url": "https://www.iryou.teikyouseido.mhlw.go.jp/znk-web/juminkanja/S2430/initialize?prefCd=34&kikanCd=2340564840&kikanKbn=2", "url2": "https://www.morino-kuma.com/", "内容": "医療法人智永会　ファミリークリニック森のくまさん【2:診療所】【診療科目:内科_糖尿病内科_脳神経内科_小児科_皮膚科_精神科_心療内科】広島県東広島市高屋町大畠４９９－１８" }, "geometry": { "type": "Point", "coordinates": [ 132.779733, 34.446399 ] } },
{ "type": "Feature", "properties": { "ID": 3422340565010, "正式名称": "医療法人社団　石見会　いわさきクリニック", "機関区分": 2, "都道府県コード": 34, "市区町村コード": 102, "所在地": "広島県広島市東区東山町１番９号", "緯度": 34.39906, "経度": 132.49129, "url": "https://www.iryou.teikyouseido.mhlw.go.jp/znk-web/juminkanja/S2430/initialize?prefCd=34&kikanCd=2340565010&kikanKbn=2", "url2": null, "内容": "医療法人社団　石見会　いわさきクリニック【2:診療所】【診療科目:内科_リハビリテーション科】広島県広島市東区東山町１番９号" }, "geometry": { "type": "Point", "coordinates": [ 132.49129, 34.39906 ] } },
{ "type": "Feature", "properties": { "ID": 3422340565430, "正式名称": "すみよし内科クリニック", "機関区分": 2, "都道府県コード": 34, "市区町村コード": 102, "所在地": "広島県広島市東区牛田新町三丁目１４番２３号", "緯度": 34.426701, "経度": 132.470093, "url": "https://www.iryou.teikyouseido.mhlw.go.jp/znk-web/juminkanja/S2430/initialize?prefCd=34&kikanCd=2340565430&kikanKbn=2", "url2": "http://sumiyoshinaika.com/", "内容": "すみよし内科クリニック【2:診療所】【診療科目:内科_呼吸器内科_アレルギー疾患内科_アレルギー科】広島県広島市東区牛田新町三丁目１４番２３号" }, "geometry": { "type": "Point", "coordinates": [ 132.470093, 34.426701 ] } },
{ "type": "Feature", "properties": { "ID": 3422340565850, "正式名称": "医療法人　広島リウマチ・内科クリニック", "機関区分": 2, "都道府県コード": 34, "市区町村コード": 101, "所在地": "広島県広島市中区鉄砲町１０番１３号　八丁堀　伊藤久芳堂ビル　３Ｆ", "緯度": 34.39401, "経度": 132.463929, "url": "https://www.iryou.teikyouseido.mhlw.go.jp/znk-web/juminkanja/S2430/initialize?prefCd=34&kikanCd=2340565850&kikanKbn=2", "url2": "http://www.hiroshima-rheumatology.com/", "内容": "医療法人　広島リウマチ・内科クリニック【2:診療所】【診療科目:内科_アレルギー科_リウマチ科】広島県広島市中区鉄砲町１０番１３号　八丁堀　伊藤久芳堂ビル　３Ｆ" }, "geometry": { "type": "Point", "coordinates": [ 132.463929, 34.39401 ] } },
{ "type": "Feature", "properties": { "ID": 3422340566020, "正式名称": "いしがめ小児科", "機関区分": 2, "都道府県コード": 34, "市区町村コード": 102, "所在地": "広島県広島市東区温品七丁目１０－１１－２０", "緯度": 34.414698, "経度": 132.50969, "url": "https://www.iryou.teikyouseido.mhlw.go.jp/znk-web/juminkanja/S2430/initialize?prefCd=34&kikanCd=2340566020&kikanKbn=2", "url2": "http://ishigame-kids-clinic.com", "内容": "いしがめ小児科【2:診療所】【診療科目:小児科】広島県広島市東区温品七丁目１０－１１－２０" }, "geometry": { "type": "Point", "coordinates": [ 132.50969, 34.414698 ] } },
{ "type": "Feature", "properties": { "ID": 3422340566150, "正式名称": "もりかわ内科クリニック", "機関区分": 2, "都道府県コード": 34, "市区町村コード": 207, "所在地": "広島県福山市東手城町一丁目３番１１号", "緯度": 34.488608, "経度": 133.402146, "url": "https://www.iryou.teikyouseido.mhlw.go.jp/znk-web/juminkanja/S2430/initialize?prefCd=34&kikanCd=2340566150&kikanKbn=2", "url2": "http://www.morikawa-clinic.com", "内容": "もりかわ内科クリニック【2:診療所】【診療科目:内科_消化器内科_胃腸内科_内視鏡内科】広島県福山市東手城町一丁目３番１１号" }, "geometry": { "type": "Point", "coordinates": [ 133.402146, 34.488608 ] } },
{ "type": "Feature", "properties": { "ID": 3422340566280, "正式名称": "瞳眼科", "機関区分": 2, "都道府県コード": 34, "市区町村コード": 101, "所在地": "広島県広島市中区本通　２番１０号", "緯度": 34.392816, "経度": 132.460901, "url": "https://www.iryou.teikyouseido.mhlw.go.jp/znk-web/juminkanja/S2430/initialize?prefCd=34&kikanCd=2340566280&kikanKbn=2", "url2": null, "内容": "瞳眼科【2:診療所】【診療科目:眼科】広島県広島市中区本通　２番１０号" }, "geometry": { "type": "Point", "coordinates": [ 132.460901, 34.392816 ] } },
{ "type": "Feature", "properties": { "ID": 3422340566440, "正式名称": "医療法人ＨＣＨ　さとう脳神経外科クリニック", "機関区分": 2, "都道府県コード": 34, "市区町村コード": 103, "所在地": "広島県広島市南区翠２丁目５番６号", "緯度": 34.373474, "経度": 132.470348, "url": "https://www.iryou.teikyouseido.mhlw.go.jp/znk-web/juminkanja/S2430/initialize?prefCd=34&kikanCd=2340566440&kikanKbn=2", "url2": "http://www.satoh-clinic.jp/", "内容": "医療法人ＨＣＨ　さとう脳神経外科クリニック【2:診療所】【診療科目:脳神経外科_リハビリテーション科】広島県広島市南区翠２丁目５番６号" }, "geometry": { "type": "Point", "coordinates": [ 132.470348, 34.373474 ] } },
{ "type": "Feature", "properties": { "ID": 3422340566570, "正式名称": "医療法人たひとく会なかの皮フ科", "機関区分": 2, "都道府県コード": 34, "市区町村コード": 101, "所在地": "広島県広島市中区千田町１丁目３番３号　藤和鷹の橋コープ２階", "緯度": 34.382883, "経度": 132.454061, "url": "https://www.iryou.teikyouseido.mhlw.go.jp/znk-web/juminkanja/S2430/initialize?prefCd=34&kikanCd=2340566570&kikanKbn=2", "url2": "nakano-hifuka.com", "内容": "医療法人たひとく会なかの皮フ科【2:診療所】【診療科目:皮膚科_美容皮膚科】広島県広島市中区千田町１丁目３番３号　藤和鷹の橋コープ２階" }, "geometry": { "type": "Point", "coordinates": [ 132.454061, 34.382883 ] } },
{ "type": "Feature", "properties": { "ID": 3422340567320, "正式名称": "市役所通りクリニック", "機関区分": 2, "都道府県コード": 34, "市区町村コード": 207, "所在地": "広島県福山市西町一丁目７番９号", "緯度": 34.485797, "経度": 133.358774, "url": "https://www.iryou.teikyouseido.mhlw.go.jp/znk-web/juminkanja/S2430/initialize?prefCd=34&kikanCd=2340567320&kikanKbn=2", "url2": null, "内容": "市役所通りクリニック【2:診療所】【診療科目:内科_胃腸内科_内視鏡内科_外科_乳腺外科_肛門外科_放射線診断科】広島県福山市西町一丁目７番９号" }, "geometry": { "type": "Point", "coordinates": [ 133.358774, 34.485797 ] } },
{ "type": "Feature", "properties": { "ID": 3422340567450, "正式名称": "川﨑内科医院", "機関区分": 2, "都道府県コード": 34, "市区町村コード": 208, "所在地": "広島県府中市高木町宮ヶ坪１８９－１", "緯度": 34.565759, "経度": 133.247324, "url": "https://www.iryou.teikyouseido.mhlw.go.jp/znk-web/juminkanja/S2430/initialize?prefCd=34&kikanCd=2340567450&kikanKbn=2", "url2": null, "内容": "川﨑内科医院【2:診療所】【診療科目:内科_糖尿病内科_消化器内科_腎臓内科】広島県府中市高木町宮ヶ坪１８９－１" }, "geometry": { "type": "Point", "coordinates": [ 133.247324, 34.565759 ] } },
{ "type": "Feature", "properties": { "ID": 3422340567610, "正式名称": "いるかクリニック", "機関区分": 2, "都道府県コード": 34, "市区町村コード": 105, "所在地": "広島県広島市安佐南区相田一丁目３番１８号", "緯度": 34.470121, "経度": 132.457016, "url": "https://www.iryou.teikyouseido.mhlw.go.jp/znk-web/juminkanja/S2430/initialize?prefCd=34&kikanCd=2340567610&kikanKbn=2", "url2": "tttps://irukaclinic.com", "内容": "いるかクリニック【2:診療所】【診療科目:泌尿器科】広島県広島市安佐南区相田一丁目３番１８号" }, "geometry": { "type": "Point", "coordinates": [ 132.457016, 34.470121 ] } },
{ "type": "Feature", "properties": { "ID": 3422340567740, "正式名称": "ますだ小児科", "機関区分": 2, "都道府県コード": 34, "市区町村コード": 102, "所在地": "広島県広島市東区東蟹屋町１０番　２１号", "緯度": 34.395288, "経度": 132.483344, "url": "https://www.iryou.teikyouseido.mhlw.go.jp/znk-web/juminkanja/S2430/initialize?prefCd=34&kikanCd=2340567740&kikanKbn=2", "url2": "http://www.megaegg.ne.jp/~masuda-kids/", "内容": "ますだ小児科【2:診療所】【診療科目:小児科】広島県広島市東区東蟹屋町１０番　２１号" }, "geometry": { "type": "Point", "coordinates": [ 132.483344, 34.395288 ] } },
{ "type": "Feature", "properties": { "ID": 3422340567870, "正式名称": "田口脳心臓血管クリニック", "機関区分": 2, "都道府県コード": 34, "市区町村コード": 213, "所在地": "広島県廿日市市阿品三丁目２－１８", "緯度": 34.320858, "経度": 132.313997, "url": "https://www.iryou.teikyouseido.mhlw.go.jp/znk-web/juminkanja/S2430/initialize?prefCd=34&kikanCd=2340567870&kikanKbn=2", "url2": "http://taguchicl.jp", "内容": "田口脳心臓血管クリニック【2:診療所】【診療科目:内科_循環器内科_神経内科_外科_脳神経外科_心臓血管外科】広島県廿日市市阿品三丁目２－１８" }, "geometry": { "type": "Point", "coordinates": [ 132.313997, 34.320858 ] } },
{ "type": "Feature", "properties": { "ID": 3422340568170, "正式名称": "岡村医院", "機関区分": 2, "都道府県コード": 34, "市区町村コード": 202, "所在地": "広島県呉市三条三丁目２番５号", "緯度": 34.248083, "経度": 132.554233, "url": "https://www.iryou.teikyouseido.mhlw.go.jp/znk-web/juminkanja/S2430/initialize?prefCd=34&kikanCd=2340568170&kikanKbn=2", "url2": null, "内容": "岡村医院【2:診療所】【診療科目:内科_整形外科_形成外科_皮膚科_美容皮膚科_リハビリテーション科_放射線診断科】広島県呉市三条三丁目２番５号" }, "geometry": { "type": "Point", "coordinates": [ 132.554233, 34.248083 ] } },
{ "type": "Feature", "properties": { "ID": 3422340568200, "正式名称": "医療法人ながつき会　山本皮膚科医院", "機関区分": 2, "都道府県コード": 34, "市区町村コード": 104, "所在地": "広島県広島市西区観音町１５－１", "緯度": 34.395371, "経度": 132.438764, "url": "https://www.iryou.teikyouseido.mhlw.go.jp/znk-web/juminkanja/S2430/initialize?prefCd=34&kikanCd=2340568200&kikanKbn=2", "url2": "www.yamamoto-hifuka.jp/", "内容": "医療法人ながつき会　山本皮膚科医院【2:診療所】【診療科目:皮膚科_アレルギー科】広島県広島市西区観音町１５－１" }, "geometry": { "type": "Point", "coordinates": [ 132.438764, 34.395371 ] } },
{ "type": "Feature", "properties": { "ID": 3422340568590, "正式名称": "すず美容形成外科医院", "機関区分": 2, "都道府県コード": 34, "市区町村コード": 101, "所在地": "広島県広島市中区鉄砲町１０－１３　八丁堀伊藤久芳堂ビル６階", "緯度": 34.393968, "経度": 132.46396, "url": "https://www.iryou.teikyouseido.mhlw.go.jp/znk-web/juminkanja/S2430/initialize?prefCd=34&kikanCd=2340568590&kikanKbn=2", "url2": "http://www.suzu-clinic.com", "内容": "すず美容形成外科医院【2:診療所】【診療科目:形成外科_美容外科_美容皮膚科】広島県広島市中区鉄砲町１０－１３　八丁堀伊藤久芳堂ビル６階" }, "geometry": { "type": "Point", "coordinates": [ 132.46396, 34.393968 ] } },
{ "type": "Feature", "properties": { "ID": 3422340568910, "正式名称": "しだはらクリニック", "機関区分": 2, "都道府県コード": 34, "市区町村コード": 207, "所在地": "広島県福山市三吉町四丁目１１番８号", "緯度": 34.495823, "経度": 133.377406, "url": "https://www.iryou.teikyouseido.mhlw.go.jp/znk-web/juminkanja/S2430/initialize?prefCd=34&kikanCd=2340568910&kikanKbn=2", "url2": null, "内容": "しだはらクリニック【2:診療所】【診療科目:内科_整形外科_リウマチ科】広島県福山市三吉町四丁目１１番８号" }, "geometry": { "type": "Point", "coordinates": [ 133.377406, 34.495823 ] } },
{ "type": "Feature", "properties": { "ID": 3422340569210, "正式名称": "医療法人　江草玄士クリニック", "機関区分": 2, "都道府県コード": 34, "市区町村コード": 101, "所在地": "広島県広島市中区八丁堀１２番４号　八丁堀わかばビル２・３階", "緯度": 34.395344, "経度": 132.463678, "url": "https://www.iryou.teikyouseido.mhlw.go.jp/znk-web/juminkanja/S2430/initialize?prefCd=34&kikanCd=2340569210&kikanKbn=2", "url2": null, "内容": "医療法人　江草玄士クリニック【2:診療所】【診療科目:内科_糖尿病内科_糖尿病・内分泌内科_糖尿病・代謝内科】広島県広島市中区八丁堀１２番４号　八丁堀わかばビル２・３階" }, "geometry": { "type": "Point", "coordinates": [ 132.463678, 34.395344 ] } },
{ "type": "Feature", "properties": { "ID": 3422340569470, "正式名称": "ふじたクリニック", "機関区分": 2, "都道府県コード": 34, "市区町村コード": 104, "所在地": "広島県広島市西区草津南４丁目６－５－１", "緯度": 34.376979, "経度": 132.396168, "url": "https://www.iryou.teikyouseido.mhlw.go.jp/znk-web/juminkanja/S2430/initialize?prefCd=34&kikanCd=2340569470&kikanKbn=2", "url2": "http://www.fujitanobuhiro.com", "内容": "ふじたクリニック【2:診療所】【診療科目:内科_呼吸器内科_循環器内科_消化器内科_外科_リハビリテーション科】広島県広島市西区草津南４丁目６－５－１" }, "geometry": { "type": "Point", "coordinates": [ 132.396168, 34.376979 ] } },
{ "type": "Feature", "properties": { "ID": 3422340569760, "正式名称": "医療法人馬場クリニック", "機関区分": 2, "都道府県コード": 34, "市区町村コード": 106, "所在地": "広島県広島市安佐北区深川５丁目３９番２号", "緯度": 34.480363, "経度": 132.529336, "url": "https://www.iryou.teikyouseido.mhlw.go.jp/znk-web/juminkanja/S2430/initialize?prefCd=34&kikanCd=2340569760&kikanKbn=2", "url2": "http://website2.infomity.net/8080000069/", "内容": "医療法人馬場クリニック【2:診療所】【診療科目:内科_消化器内科_外科_肛門外科_アレルギー科_リハビリテーション科】広島県広島市安佐北区深川５丁目３９番２号" }, "geometry": { "type": "Point", "coordinates": [ 132.529336, 34.480363 ] } },
{ "type": "Feature", "properties": { "ID": 3422340569890, "正式名称": "クリニックほほえみ呉", "機関区分": 2, "都道府県コード": 34, "市区町村コード": 202, "所在地": "広島県呉市中通一丁目２番３号", "緯度": 34.243277, "経度": 132.561019, "url": "https://www.iryou.teikyouseido.mhlw.go.jp/znk-web/juminkanja/S2430/initialize?prefCd=34&kikanCd=2340569890&kikanKbn=2", "url2": null, "内容": "クリニックほほえみ呉【2:診療所】【診療科目:内科_精神科】広島県呉市中通一丁目２番３号" }, "geometry": { "type": "Point", "coordinates": [ 132.561019, 34.243277 ] } },
{ "type": "Feature", "properties": { "ID": 3422340569920, "正式名称": "つきやま医院", "機関区分": 2, "都道府県コード": 34, "市区町村コード": 102, "所在地": "広島県広島市東区戸坂山崎町８番９号", "緯度": 34.436256, "経度": 132.485536, "url": "https://www.iryou.teikyouseido.mhlw.go.jp/znk-web/juminkanja/S2430/initialize?prefCd=34&kikanCd=2340569920&kikanKbn=2", "url2": "https://www.tsukiyama-clinic.jp/", "内容": "つきやま医院【2:診療所】【診療科目:内科_外科_大腸・肛門外科_腹部外科】広島県広島市東区戸坂山崎町８番９号" }, "geometry": { "type": "Point", "coordinates": [ 132.485536, 34.436256 ] } },
{ "type": "Feature", "properties": { "ID": 3422340570030, "正式名称": "おやまクリニック　リウマチ科・内科", "機関区分": 2, "都道府県コード": 34, "市区町村コード": 101, "所在地": "広島県広島市中区白島北町１０－１０", "緯度": 34.409131, "経度": 132.463586, "url": "https://www.iryou.teikyouseido.mhlw.go.jp/znk-web/juminkanja/S2430/initialize?prefCd=34&kikanCd=2340570030&kikanKbn=2", "url2": "https://oyama-clinic.net/", "内容": "おやまクリニック　リウマチ科・内科【2:診療所】【診療科目:内科_リウマチ科】広島県広島市中区白島北町１０－１０" }, "geometry": { "type": "Point", "coordinates": [ 132.463586, 34.409131 ] } },
{ "type": "Feature", "properties": { "ID": 3422340570160, "正式名称": "はやし整形外科クリニック", "機関区分": 2, "都道府県コード": 34, "市区町村コード": 207, "所在地": "広島県福山市伊勢丘６丁目１－３３", "緯度": 34.506487, "経度": 133.425399, "url": "https://www.iryou.teikyouseido.mhlw.go.jp/znk-web/juminkanja/S2430/initialize?prefCd=34&kikanCd=2340570160&kikanKbn=2", "url2": null, "内容": "はやし整形外科クリニック【2:診療所】【診療科目:整形外科_リハビリテーション科】広島県福山市伊勢丘６丁目１－３３" }, "geometry": { "type": "Point", "coordinates": [ 133.425399, 34.506487 ] } },
{ "type": "Feature", "properties": { "ID": 3422340570290, "正式名称": "よしうら診療所", "機関区分": 2, "都道府県コード": 34, "市区町村コード": 202, "所在地": "広島県呉市吉浦中町一丁目９番１２号", "緯度": 34.25872, "経度": 132.528818, "url": "https://www.iryou.teikyouseido.mhlw.go.jp/znk-web/juminkanja/S2430/initialize?prefCd=34&kikanCd=2340570290&kikanKbn=2", "url2": null, "内容": "よしうら診療所【2:診療所】【診療科目:内科_泌尿器科】広島県呉市吉浦中町一丁目９番１２号" }, "geometry": { "type": "Point", "coordinates": [ 132.528818, 34.25872 ] } },
{ "type": "Feature", "properties": { "ID": 3422340570320, "正式名称": "医療法人社団　石泌尿器科医院", "機関区分": 2, "都道府県コード": 34, "市区町村コード": 202, "所在地": "広島県呉市本町９番１９号", "緯度": 34.247399, "経度": 132.570649, "url": "https://www.iryou.teikyouseido.mhlw.go.jp/znk-web/juminkanja/S2430/initialize?prefCd=34&kikanCd=2340570320&kikanKbn=2", "url2": "https://www.sekihinyokika-clinic.com/", "内容": "医療法人社団　石泌尿器科医院【2:診療所】【診療科目:皮膚泌尿器科_泌尿器科_男性泌尿器科_神経泌尿器科_腎臓・泌尿器科_小児泌尿器科　女性泌尿器科】広島県呉市本町９番１９号" }, "geometry": { "type": "Point", "coordinates": [ 132.570649, 34.247399 ] } },
{ "type": "Feature", "properties": { "ID": 3422340571330, "正式名称": "医療法人社団済井会　福山光南クリニック", "機関区分": 2, "都道府県コード": 34, "市区町村コード": 207, "所在地": "広島県福山市光南町三丁目７番８号", "緯度": 34.476242, "経度": 133.367521, "url": "https://www.iryou.teikyouseido.mhlw.go.jp/znk-web/juminkanja/S2430/initialize?prefCd=34&kikanCd=2340571330&kikanKbn=2", "url2": "http://www.painclinic.jp/", "内容": "医療法人社団済井会　福山光南クリニック【2:診療所】【診療科目:ペインクリニック内科_外科_整形外科_麻酔科】広島県福山市光南町三丁目７番８号" }, "geometry": { "type": "Point", "coordinates": [ 133.367521, 34.476242 ] } },
{ "type": "Feature", "properties": { "ID": 3422340571460, "正式名称": "医療法人社団ゆう耳鼻いんこう科クリニック", "機関区分": 2, "都道府県コード": 34, "市区町村コード": 207, "所在地": "広島県福山市南蔵王町５－２２－３３", "緯度": 34.506298, "経度": 133.399795, "url": "https://www.iryou.teikyouseido.mhlw.go.jp/znk-web/juminkanja/S2430/initialize?prefCd=34&kikanCd=2340571460&kikanKbn=2", "url2": "https://yu-jibika.com/", "内容": "医療法人社団ゆう耳鼻いんこう科クリニック【2:診療所】【診療科目:耳鼻いんこう科】広島県福山市南蔵王町５－２２－３３" }, "geometry": { "type": "Point", "coordinates": [ 133.399795, 34.506298 ] } },
{ "type": "Feature", "properties": { "ID": 3422340571590, "正式名称": "医療法人社団瞭美会　山村眼科", "機関区分": 2, "都道府県コード": 34, "市区町村コード": 102, "所在地": "広島県広島市東区若草町２０番７－１号", "緯度": 34.396621, "経度": 132.478677, "url": "https://www.iryou.teikyouseido.mhlw.go.jp/znk-web/juminkanja/S2430/initialize?prefCd=34&kikanCd=2340571590&kikanKbn=2", "url2": "http://yamamuraganka.com", "内容": "医療法人社団瞭美会　山村眼科【2:診療所】【診療科目:眼科】広島県広島市東区若草町２０番７－１号" }, "geometry": { "type": "Point", "coordinates": [ 132.478677, 34.396621 ] } },
{ "type": "Feature", "properties": { "ID": 3422340571620, "正式名称": "おひさまこどもクリニック", "機関区分": 2, "都道府県コード": 34, "市区町村コード": 207, "所在地": "広島県福山市御幸町森脇４２６番１号", "緯度": 34.485905, "経度": 133.362405, "url": "https://www.iryou.teikyouseido.mhlw.go.jp/znk-web/juminkanja/S2430/initialize?prefCd=34&kikanCd=2340571620&kikanKbn=2", "url2": "http://ohisamakodomo-cl.jp/", "内容": "おひさまこどもクリニック【2:診療所】【診療科目:小児科_小児外科_小児神経内科_精神科_アレルギー科】広島県福山市御幸町森脇４２６番１号" }, "geometry": { "type": "Point", "coordinates": [ 133.362405, 34.485905 ] } },
{ "type": "Feature", "properties": { "ID": 3422340571910, "正式名称": "松尾整形外科リハビリクリニック", "機関区分": 2, "都道府県コード": 34, "市区町村コード": 209, "所在地": "広島県三次市十日市東４丁目５－７", "緯度": 34.804869, "経度": 132.860987, "url": "https://www.iryou.teikyouseido.mhlw.go.jp/znk-web/juminkanja/S2430/initialize?prefCd=34&kikanCd=2340571910&kikanKbn=2", "url2": "http://matsusei.jp", "内容": "松尾整形外科リハビリクリニック【2:診療所】【診療科目:整形外科_リウマチ科_リハビリテーション科】広島県三次市十日市東４丁目５－７" }, "geometry": { "type": "Point", "coordinates": [ 132.860987, 34.804869 ] } },
{ "type": "Feature", "properties": { "ID": 3422340572180, "正式名称": "もみじアイクリニック", "機関区分": 2, "都道府県コード": 34, "市区町村コード": 104, "所在地": "広島県広島市西区草津新町２丁目２６番１号　アルパーク東棟４階", "緯度": 34.37365, "経度": 132.394713, "url": "https://www.iryou.teikyouseido.mhlw.go.jp/znk-web/juminkanja/S2430/initialize?prefCd=34&kikanCd=2340572180&kikanKbn=2", "url2": null, "内容": "もみじアイクリニック【2:診療所】【診療科目:眼科】広島県広島市西区草津新町２丁目２６番１号　アルパーク東棟４階" }, "geometry": { "type": "Point", "coordinates": [ 132.394713, 34.37365 ] } },
{ "type": "Feature", "properties": { "ID": 3422340572920, "正式名称": "松永駅前クリニック", "機関区分": 2, "都道府県コード": 34, "市区町村コード": 207, "所在地": "広島県福山市松永町４－９－１７", "緯度": 34.450129, "経度": 133.258527, "url": "https://www.iryou.teikyouseido.mhlw.go.jp/znk-web/juminkanja/S2430/initialize?prefCd=34&kikanCd=2340572920&kikanKbn=2", "url2": "http://www.eiwa-kai.or.jp/", "内容": "松永駅前クリニック【2:診療所】【診療科目:精神科】広島県福山市松永町４－９－１７" }, "geometry": { "type": "Point", "coordinates": [ 133.258527, 34.450129 ] } },
{ "type": "Feature", "properties": { "ID": 3422340573060, "正式名称": "にほ耳鼻科・内科心臓血管クリニック", "機関区分": 2, "都道府県コード": 34, "市区町村コード": 103, "所在地": "広島県広島市南区仁保新町２丁目５番３２号", "緯度": 34.376054, "経度": 132.493741, "url": "https://www.iryou.teikyouseido.mhlw.go.jp/znk-web/juminkanja/S2430/initialize?prefCd=34&kikanCd=2340573060&kikanKbn=2", "url2": "https://niho-jibika.jp", "内容": "にほ耳鼻科・内科心臓血管クリニック【2:診療所】【診療科目:内科_循環器内科_心臓血管外科_耳鼻いんこう科_アレルギー科】広島県広島市南区仁保新町２丁目５番３２号" }, "geometry": { "type": "Point", "coordinates": [ 132.493741, 34.376054 ] } },
{ "type": "Feature", "properties": { "ID": 3422340573220, "正式名称": "医療法人木村整形外科リハビリ・ペインクリニック", "機関区分": 2, "都道府県コード": 34, "市区町村コード": 102, "所在地": "広島県広島市東区若草町１１－２　グランアークテラス３Ｆ", "緯度": 34.398705, "経度": 132.477955, "url": "https://www.iryou.teikyouseido.mhlw.go.jp/znk-web/juminkanja/S2430/initialize?prefCd=34&kikanCd=2340573220&kikanKbn=2", "url2": "http://website2.infomity.net/8080000086/", "内容": "医療法人木村整形外科リハビリ・ペインクリニック【2:診療所】【診療科目:ペインクリニック外科_整形外科_リウマチ科_リハビリテーション科_麻酔科】広島県広島市東区若草町１１－２　グランアークテラス３Ｆ" }, "geometry": { "type": "Point", "coordinates": [ 132.477955, 34.398705 ] } },
{ "type": "Feature", "properties": { "ID": 3422340574230, "正式名称": "医療法人　双藤会　産科・婦人科　藤東クリニック", "機関区分": 2, "都道府県コード": 34, "市区町村コード": 302, "所在地": "広島県安芸郡府中町茂陰一丁目１番１号", "緯度": 34.389456, "経度": 132.503037, "url": "https://www.iryou.teikyouseido.mhlw.go.jp/znk-web/juminkanja/S2430/initialize?prefCd=34&kikanCd=2340574230&kikanKbn=2", "url2": "https://fujito.clinic", "内容": "医療法人　双藤会　産科・婦人科　藤東クリニック【2:診療所】【診療科目:産科_婦人科】広島県安芸郡府中町茂陰一丁目１番１号" }, "geometry": { "type": "Point", "coordinates": [ 132.503037, 34.389456 ] } },
{ "type": "Feature", "properties": { "ID": 3422340574360, "正式名称": "医療法人社団　生康会　谷本医院", "機関区分": 2, "都道府県コード": 34, "市区町村コード": 202, "所在地": "広島県呉市吉浦宮花町７－１１", "緯度": 34.258502, "経度": 132.525331, "url": "https://www.iryou.teikyouseido.mhlw.go.jp/znk-web/juminkanja/S2430/initialize?prefCd=34&kikanCd=2340574360&kikanKbn=2", "url2": "http://www.tanimotoiin.com", "内容": "医療法人社団　生康会　谷本医院【2:診療所】【診療科目:内科】広島県呉市吉浦宮花町７－１１" }, "geometry": { "type": "Point", "coordinates": [ 132.525331, 34.258502 ] } },
{ "type": "Feature", "properties": { "ID": 3422340575080, "正式名称": "うえき泌尿器科クリニック", "機関区分": 2, "都道府県コード": 34, "市区町村コード": 106, "所在地": "広島県広島市安佐北区可部４丁目６番２号　ＹＮビル１Ｆ", "緯度": 34.519081, "経度": 132.508197, "url": "https://www.iryou.teikyouseido.mhlw.go.jp/znk-web/juminkanja/S2430/initialize?prefCd=34&kikanCd=2340575080&kikanKbn=2", "url2": null, "内容": "うえき泌尿器科クリニック【2:診療所】【診療科目:泌尿器科】広島県広島市安佐北区可部４丁目６番２号　ＹＮビル１Ｆ" }, "geometry": { "type": "Point", "coordinates": [ 132.508197, 34.519081 ] } },
{ "type": "Feature", "properties": { "ID": 3422340575240, "正式名称": "医療法人社団　水野皮ふ科", "機関区分": 2, "都道府県コード": 34, "市区町村コード": 102, "所在地": "広島県広島市東区若草町１１番１－１０１号", "緯度": 34.398235, "経度": 132.479026, "url": "https://www.iryou.teikyouseido.mhlw.go.jp/znk-web/juminkanja/S2430/initialize?prefCd=34&kikanCd=2340575240&kikanKbn=2", "url2": "http://www.mizuno-hifuka.jp", "内容": "医療法人社団　水野皮ふ科【2:診療所】【診療科目:皮膚科_アレルギー科】広島県広島市東区若草町１１番１－１０１号" }, "geometry": { "type": "Point", "coordinates": [ 132.479026, 34.398235 ] } },
{ "type": "Feature", "properties": { "ID": 3422340575370, "正式名称": "はたの皮膚科クリニック", "機関区分": 2, "都道府県コード": 34, "市区町村コード": 103, "所在地": "広島県広島市南区宇品西３丁目１－４５－２　クリニックモール宇品", "緯度": 34.363357, "経度": 132.459977, "url": "https://www.iryou.teikyouseido.mhlw.go.jp/znk-web/juminkanja/S2430/initialize?prefCd=34&kikanCd=2340575370&kikanKbn=2", "url2": "http://www.hatano-clinic.jp/index.html", "内容": "はたの皮膚科クリニック【2:診療所】【診療科目:皮膚科】広島県広島市南区宇品西３丁目１－４５－２　クリニックモール宇品" }, "geometry": { "type": "Point", "coordinates": [ 132.459977, 34.363357 ] } },
{ "type": "Feature", "properties": { "ID": 3422340575400, "正式名称": "医療法人　こころ・チャイルド・クリニック", "機関区分": 2, "都道府県コード": 34, "市区町村コード": 105, "所在地": "広島県広島市安佐南区伴南１丁目５－１８－８　３０１", "緯度": 34.447642, "経度": 132.381155, "url": "https://www.iryou.teikyouseido.mhlw.go.jp/znk-web/juminkanja/S2430/initialize?prefCd=34&kikanCd=2340575400&kikanKbn=2", "url2": "http://www.cocoro-child.com/", "内容": "医療法人　こころ・チャイルド・クリニック【2:診療所】【診療科目:小児科】広島県広島市安佐南区伴南１丁目５－１８－８　３０１" }, "geometry": { "type": "Point", "coordinates": [ 132.381155, 34.447642 ] } },
{ "type": "Feature", "properties": { "ID": 3422340575530, "正式名称": "医療法人辰川会　山陽ぬまくま腎クリニック", "機関区分": 2, "都道府県コード": 34, "市区町村コード": 207, "所在地": "広島県福山市沼隈町草深２０３１－１", "緯度": 34.38718, "経度": 133.322139, "url": "https://www.iryou.teikyouseido.mhlw.go.jp/znk-web/juminkanja/S2430/initialize?prefCd=34&kikanCd=2340575530&kikanKbn=2", "url2": "http://www.sanyo.or.jp", "内容": "医療法人辰川会　山陽ぬまくま腎クリニック【2:診療所】【診療科目:内科_人工透析内科_外科】広島県福山市沼隈町草深２０３１－１" }, "geometry": { "type": "Point", "coordinates": [ 133.322139, 34.38718 ] } },
{ "type": "Feature", "properties": { "ID": 3422340575660, "正式名称": "悠　心療内科", "機関区分": 2, "都道府県コード": 34, "市区町村コード": 212, "所在地": "広島県東広島市西条本町１２番２号　木阪クリニックビル３階", "緯度": 34.430289, "経度": 132.743209, "url": "https://www.iryou.teikyouseido.mhlw.go.jp/znk-web/juminkanja/S2430/initialize?prefCd=34&kikanCd=2340575660&kikanKbn=2", "url2": "http://you-psycho.me/", "内容": "悠　心療内科【2:診療所】【診療科目:内科_精神科_心療内科】広島県東広島市西条本町１２番２号　木阪クリニックビル３階" }, "geometry": { "type": "Point", "coordinates": [ 132.743209, 34.430289 ] } },
{ "type": "Feature", "properties": { "ID": 3422340575790, "正式名称": "寺家内科クリニック", "機関区分": 2, "都道府県コード": 34, "市区町村コード": 212, "所在地": "広島県東広島市西条町寺家６６２１－１", "緯度": 34.429383, "経度": 132.728816, "url": "https://www.iryou.teikyouseido.mhlw.go.jp/znk-web/juminkanja/S2430/initialize?prefCd=34&kikanCd=2340575790&kikanKbn=2", "url2": "http://jike-naika-clinic.p-kit.com", "内容": "寺家内科クリニック【2:診療所】【診療科目:内科_消化器内科_胃腸内科】広島県東広島市西条町寺家６６２１－１" }, "geometry": { "type": "Point", "coordinates": [ 132.728816, 34.429383 ] } },
{ "type": "Feature", "properties": { "ID": 3422340575820, "正式名称": "在宅療養支援診療所　りんりんクリニック", "機関区分": 2, "都道府県コード": 34, "市区町村コード": 307, "所在地": "広島県安芸郡熊野町萩原５－１－５５", "緯度": 34.339664, "経度": 132.592656, "url": "https://www.iryou.teikyouseido.mhlw.go.jp/znk-web/juminkanja/S2430/initialize?prefCd=34&kikanCd=2340575820&kikanKbn=2", "url2": "http://www.linlinclinic.jp/", "内容": "在宅療養支援診療所　りんりんクリニック【2:診療所】【診療科目:内科】広島県安芸郡熊野町萩原５－１－５５" }, "geometry": { "type": "Point", "coordinates": [ 132.592656, 34.339664 ] } },
{ "type": "Feature", "properties": { "ID": 3422340576120, "正式名称": "医療法人広島ステーションクリニック", "機関区分": 2, "都道府県コード": 34, "市区町村コード": 102, "所在地": "広島県広島市東区若草町１１番２号　グランアークテラス３Ｆ", "緯度": 34.398705, "経度": 132.478149, "url": "https://www.iryou.teikyouseido.mhlw.go.jp/znk-web/juminkanja/S2430/initialize?prefCd=34&kikanCd=2340576120&kikanKbn=2", "url2": "https://hs-clinic.ne.jp", "内容": "医療法人広島ステーションクリニック【2:診療所】【診療科目:内科_消化器内科_美容皮膚科】広島県広島市東区若草町１１番２号　グランアークテラス３Ｆ" }, "geometry": { "type": "Point", "coordinates": [ 132.478149, 34.398705 ] } },
{ "type": "Feature", "properties": { "ID": 3422340576250, "正式名称": "医療法人横田メンタルクリニック", "機関区分": 2, "都道府県コード": 34, "市区町村コード": 102, "所在地": "広島県広島市東区若草町１１－２　グランアークテラス３Ｆ", "緯度": 34.398705, "経度": 132.478149, "url": "https://www.iryou.teikyouseido.mhlw.go.jp/znk-web/juminkanja/S2430/initialize?prefCd=34&kikanCd=2340576250&kikanKbn=2", "url2": "http://www.yokotamental.jp", "内容": "医療法人横田メンタルクリニック【2:診療所】【診療科目:精神科_心療内科】広島県広島市東区若草町１１－２　グランアークテラス３Ｆ" }, "geometry": { "type": "Point", "coordinates": [ 132.478149, 34.398705 ] } },
{ "type": "Feature", "properties": { "ID": 3422340576380, "正式名称": "こさか内科", "機関区分": 2, "都道府県コード": 34, "市区町村コード": 302, "所在地": "広島県安芸郡府中町青崎東２０番２号", "緯度": 34.374958, "経度": 132.516147, "url": "https://www.iryou.teikyouseido.mhlw.go.jp/znk-web/juminkanja/S2430/initialize?prefCd=34&kikanCd=2340576380&kikanKbn=2", "url2": null, "内容": "こさか内科【2:診療所】【診療科目:内科_呼吸器内科_循環器内科_消化器内科】広島県安芸郡府中町青崎東２０番２号" }, "geometry": { "type": "Point", "coordinates": [ 132.516147, 34.374958 ] } },
{ "type": "Feature", "properties": { "ID": 3422340577130, "正式名称": "ふじたこどもクリニック", "機関区分": 2, "都道府県コード": 34, "市区町村コード": 106, "所在地": "広島県広島市安佐北区可部４丁目２３－１３", "緯度": 34.516356, "経度": 132.508878, "url": "https://www.iryou.teikyouseido.mhlw.go.jp/znk-web/juminkanja/S2430/initialize?prefCd=34&kikanCd=2340577130&kikanKbn=2", "url2": "http://www.fujitakodomo.com", "内容": "ふじたこどもクリニック【2:診療所】【診療科目:小児科】広島県広島市安佐北区可部４丁目２３－１３" }, "geometry": { "type": "Point", "coordinates": [ 132.508878, 34.516356 ] } },
{ "type": "Feature", "properties": { "ID": 3422340577260, "正式名称": "小田内科クリニック", "機関区分": 2, "都道府県コード": 34, "市区町村コード": 106, "所在地": "広島県広島市安佐北区可部４丁目２３－１３", "緯度": 34.516365, "経度": 132.508872, "url": "https://www.iryou.teikyouseido.mhlw.go.jp/znk-web/juminkanja/S2430/initialize?prefCd=34&kikanCd=2340577260&kikanKbn=2", "url2": "http://odanaika-1.byoinnavi.jp/pc/", "内容": "小田内科クリニック【2:診療所】【診療科目:内科_糖尿病内科_内分泌内科】広島県広島市安佐北区可部４丁目２３－１３" }, "geometry": { "type": "Point", "coordinates": [ 132.508872, 34.516365 ] } },
{ "type": "Feature", "properties": { "ID": 3422340577390, "正式名称": "医療法人　小児科さとうクリニック", "機関区分": 2, "都道府県コード": 34, "市区町村コード": 103, "所在地": "広島県広島市南区宇品西３丁目１－４５－３　クリニックモール宇品", "緯度": 34.363402, "経度": 132.460041, "url": "https://www.iryou.teikyouseido.mhlw.go.jp/znk-web/juminkanja/S2430/initialize?prefCd=34&kikanCd=2340577390&kikanKbn=2", "url2": "http://www.pedclinsato.jp", "内容": "医療法人　小児科さとうクリニック【2:診療所】【診療科目:小児科】広島県広島市南区宇品西３丁目１－４５－３　クリニックモール宇品" }, "geometry": { "type": "Point", "coordinates": [ 132.460041, 34.363402 ] } },
{ "type": "Feature", "properties": { "ID": 3422340578850, "正式名称": "ながお脳神経外科クリニック", "機関区分": 2, "都道府県コード": 34, "市区町村コード": 108, "所在地": "広島県広島市佐伯区五日市駅前１丁目５－１８グラシアビル３０１", "緯度": 34.367845, "経度": 132.36791, "url": "https://www.iryou.teikyouseido.mhlw.go.jp/znk-web/juminkanja/S2430/initialize?prefCd=34&kikanCd=2340578850&kikanKbn=2", "url2": "http://nagao-nougeka.jp", "内容": "ながお脳神経外科クリニック【2:診療所】【診療科目:脳神経外科_リハビリテーション科_放射線科】広島県広島市佐伯区五日市駅前１丁目５－１８グラシアビル３０１" }, "geometry": { "type": "Point", "coordinates": [ 132.36791, 34.367845 ] } },
{ "type": "Feature", "properties": { "ID": 3422340578980, "正式名称": "医療法人社団　田代耳鼻咽喉科医院", "機関区分": 2, "都道府県コード": 34, "市区町村コード": 105, "所在地": "広島県広島市安佐南区安東二丁目１４番１９号", "緯度": 34.473812, "経度": 132.455573, "url": "https://www.iryou.teikyouseido.mhlw.go.jp/znk-web/juminkanja/S2430/initialize?prefCd=34&kikanCd=2340578980&kikanKbn=2", "url2": null, "内容": "医療法人社団　田代耳鼻咽喉科医院【2:診療所】【診療科目:耳鼻いんこう科】広島県広島市安佐南区安東二丁目１４番１９号" }, "geometry": { "type": "Point", "coordinates": [ 132.455573, 34.473812 ] } },
{ "type": "Feature", "properties": { "ID": 3422340579440, "正式名称": "医療法人社団　小畠クリニック", "機関区分": 2, "都道府県コード": 34, "市区町村コード": 102, "所在地": "広島県広島市東区温品１丁目３番２号　フォレオ広島東", "緯度": 34.408759, "経度": 132.503841, "url": "https://www.iryou.teikyouseido.mhlw.go.jp/znk-web/juminkanja/S2430/initialize?prefCd=34&kikanCd=2340579440&kikanKbn=2", "url2": "http://www.obata-ci.com", "内容": "医療法人社団　小畠クリニック【2:診療所】【診療科目:内科】広島県広島市東区温品１丁目３番２号　フォレオ広島東" }, "geometry": { "type": "Point", "coordinates": [ 132.503841, 34.408759 ] } },
{ "type": "Feature", "properties": { "ID": 3422340579570, "正式名称": "医療法人　日域整形外科クリニック", "機関区分": 2, "都道府県コード": 34, "市区町村コード": 108, "所在地": "広島県広島市佐伯区五日市駅前１丁目５－１８－２０１", "緯度": 34.36792, "経度": 132.367774, "url": "https://www.iryou.teikyouseido.mhlw.go.jp/znk-web/juminkanja/S2430/initialize?prefCd=34&kikanCd=2340579570&kikanKbn=2", "url2": "http://www.j-clinic.net/", "内容": "医療法人　日域整形外科クリニック【2:診療所】【診療科目:整形外科_リハビリテーション科】広島県広島市佐伯区五日市駅前１丁目５－１８－２０１" }, "geometry": { "type": "Point", "coordinates": [ 132.367774, 34.36792 ] } },
{ "type": "Feature", "properties": { "ID": 3422340579600, "正式名称": "大手町診療所", "機関区分": 2, "都道府県コード": 34, "市区町村コード": 101, "所在地": "広島県広島市中区大手町一丁目５－１７", "緯度": 34.394416, "経度": 132.454892, "url": "https://www.iryou.teikyouseido.mhlw.go.jp/znk-web/juminkanja/S2430/initialize?prefCd=34&kikanCd=2340579600&kikanKbn=2", "url2": "//www.mdx-h.or.jp", "内容": "大手町診療所【2:診療所】【診療科目:内科_婦人科】広島県広島市中区大手町一丁目５－１７" }, "geometry": { "type": "Point", "coordinates": [ 132.454892, 34.394416 ] } },
{ "type": "Feature", "properties": { "ID": 3422340579730, "正式名称": "医療法人徹慈会　東手城医院", "機関区分": 2, "都道府県コード": 34, "市区町村コード": 207, "所在地": "広島県福山市東手城町一丁目３番１１号", "緯度": 34.488608, "経度": 133.402146, "url": "https://www.iryou.teikyouseido.mhlw.go.jp/znk-web/juminkanja/S2430/initialize?prefCd=34&kikanCd=2340579730&kikanKbn=2", "url2": "http://www.healthcare-mall.jp/", "内容": "医療法人徹慈会　東手城医院【2:診療所】【診療科目:耳鼻いんこう科_アレルギー科】広島県福山市東手城町一丁目３番１１号" }, "geometry": { "type": "Point", "coordinates": [ 133.402146, 34.488608 ] } },
{ "type": "Feature", "properties": { "ID": 3422340579860, "正式名称": "医療法人社団　清流会　双樹クリニック", "機関区分": 2, "都道府県コード": 34, "市区町村コード": 213, "所在地": "広島県廿日市市新宮二丁目１番１５号", "緯度": 34.353568, "経度": 132.329275, "url": "https://www.iryou.teikyouseido.mhlw.go.jp/znk-web/juminkanja/S2430/initialize?prefCd=34&kikanCd=2340579860&kikanKbn=2", "url2": "http://www.seiryukai-soujyu.com/", "内容": "医療法人社団　清流会　双樹クリニック【2:診療所】【診療科目:内科_腎臓内科_人工透析内科_リハビリテーション科】広島県廿日市市新宮二丁目１番１５号" }, "geometry": { "type": "Point", "coordinates": [ 132.329275, 34.353568 ] } },
{ "type": "Feature", "properties": { "ID": 3422340579990, "正式名称": "広島生活習慣病・がん健診所", "機関区分": 2, "都道府県コード": 34, "市区町村コード": 101, "所在地": "広島県広島市中区幟町１３番４号　広島マツダビル４Ｆ", "緯度": 34.393669, "経度": 132.466069, "url": "https://www.iryou.teikyouseido.mhlw.go.jp/znk-web/juminkanja/S2430/initialize?prefCd=34&kikanCd=2340579990&kikanKbn=2", "url2": "http://www.hmh.or.jp", "内容": "広島生活習慣病・がん健診所【2:診療所】【診療科目:内科_呼吸器内科_循環器内科_消化器内科_内視鏡内科_婦人科_リウマチ科_放射線科】広島県広島市中区幟町１３番４号　広島マツダビル４Ｆ" }, "geometry": { "type": "Point", "coordinates": [ 132.466069, 34.393669 ] } },
{ "type": "Feature", "properties": { "ID": 3422340580260, "正式名称": "水入クリニック", "機関区分": 2, "都道府県コード": 34, "市区町村コード": 102, "所在地": "広島県広島市東区牛田早稲田一丁目２３－８", "緯度": 34.409792, "経度": 132.477032, "url": "https://www.iryou.teikyouseido.mhlw.go.jp/znk-web/juminkanja/S2430/initialize?prefCd=34&kikanCd=2340580260&kikanKbn=2", "url2": "http://mizuiri-clinic.com", "内容": "水入クリニック【2:診療所】【診療科目:内科_内分泌内科_胃腸内科_外科_肛門外科】広島県広島市東区牛田早稲田一丁目２３－８" }, "geometry": { "type": "Point", "coordinates": [ 132.477032, 34.409792 ] } },
{ "type": "Feature", "properties": { "ID": 3422340580390, "正式名称": "医療法人社団　明樟会　広島女性クリニック", "機関区分": 2, "都道府県コード": 34, "市区町村コード": 101, "所在地": "広島県広島市中区三川町１－２０　ピンクリボン３９ビル４Ｆ", "緯度": 34.3904, "経度": 132.46279, "url": "https://www.iryou.teikyouseido.mhlw.go.jp/znk-web/juminkanja/S2430/initialize?prefCd=34&kikanCd=2340580390&kikanKbn=2", "url2": "http://www.hiroshimabreastcenter.co.jp/fujin/", "内容": "医療法人社団　明樟会　広島女性クリニック【2:診療所】【診療科目:婦人科】広島県広島市中区三川町１－２０　ピンクリボン３９ビル４Ｆ" }, "geometry": { "type": "Point", "coordinates": [ 132.46279, 34.3904 ] } },
{ "type": "Feature", "properties": { "ID": 3422340580420, "正式名称": "医療法人　宇品メンタルクリニック", "機関区分": 2, "都道府県コード": 34, "市区町村コード": 103, "所在地": "広島県広島市南区宇品西３丁目１－４５－４　クリニックモール宇品", "緯度": 34.363337, "経度": 132.46016, "url": "https://www.iryou.teikyouseido.mhlw.go.jp/znk-web/juminkanja/S2430/initialize?prefCd=34&kikanCd=2340580420&kikanKbn=2", "url2": "http://www.ujina-mental.jp/", "内容": "医療法人　宇品メンタルクリニック【2:診療所】【診療科目:精神科_心療内科】広島県広島市南区宇品西３丁目１－４５－４　クリニックモール宇品" }, "geometry": { "type": "Point", "coordinates": [ 132.46016, 34.363337 ] } },
{ "type": "Feature", "properties": { "ID": 3422340580550, "正式名称": "まんたに心療内科クリニック", "機関区分": 2, "都道府県コード": 34, "市区町村コード": 108, "所在地": "広島県広島市佐伯区五日市駅前１丁目５－１８　グラシアビル３０２", "緯度": 34.367817, "経度": 132.367854, "url": "https://www.iryou.teikyouseido.mhlw.go.jp/znk-web/juminkanja/S2430/initialize?prefCd=34&kikanCd=2340580550&kikanKbn=2", "url2": "http://www.mantani-clinic.jp", "内容": "まんたに心療内科クリニック【2:診療所】【診療科目:精神科_心療内科】広島県広島市佐伯区五日市駅前１丁目５－１８　グラシアビル３０２" }, "geometry": { "type": "Point", "coordinates": [ 132.367854, 34.367817 ] } },
{ "type": "Feature", "properties": { "ID": 3422340580710, "正式名称": "おさだメンタルクリニック", "機関区分": 2, "都道府県コード": 34, "市区町村コード": 101, "所在地": "広島県広島市中区袋町１番　４号　Ｎａｍｉｋｉ　Ｋ２ビル　２階", "緯度": 34.391733, "経度": 132.461207, "url": "https://www.iryou.teikyouseido.mhlw.go.jp/znk-web/juminkanja/S2430/initialize?prefCd=34&kikanCd=2340580710&kikanKbn=2", "url2": "http://welcomeosadamentalclinic.jimdo.com", "内容": "おさだメンタルクリニック【2:診療所】【診療科目:精神科_心療内科】広島県広島市中区袋町１番　４号　Ｎａｍｉｋｉ　Ｋ２ビル　２階" }, "geometry": { "type": "Point", "coordinates": [ 132.461207, 34.391733 ] } },
{ "type": "Feature", "properties": { "ID": 3422340581140, "正式名称": "高屋よろず内科クリニック", "機関区分": 2, "都道府県コード": 34, "市区町村コード": 212, "所在地": "広島県東広島市高屋町杵原１８２６－１", "緯度": 34.456287, "経度": 132.784927, "url": "https://www.iryou.teikyouseido.mhlw.go.jp/znk-web/juminkanja/S2430/initialize?prefCd=34&kikanCd=2340581140&kikanKbn=2", "url2": null, "内容": "高屋よろず内科クリニック【2:診療所】【診療科目:内科_糖尿病内科_呼吸器内科_消化器内科_漢方内科】広島県東広島市高屋町杵原１８２６－１" }, "geometry": { "type": "Point", "coordinates": [ 132.784927, 34.456287 ] } },
{ "type": "Feature", "properties": { "ID": 3422340581270, "正式名称": "医療法人　康秀会　さくら眼科クリニック", "機関区分": 2, "都道府県コード": 34, "市区町村コード": 207, "所在地": "広島県福山市伊勢丘６丁目１番２６号", "緯度": 34.507117, "経度": 133.425368, "url": "https://www.iryou.teikyouseido.mhlw.go.jp/znk-web/juminkanja/S2430/initialize?prefCd=34&kikanCd=2340581270&kikanKbn=2", "url2": null, "内容": "医療法人　康秀会　さくら眼科クリニック【2:診療所】【診療科目:眼科】広島県福山市伊勢丘６丁目１番２６号" }, "geometry": { "type": "Point", "coordinates": [ 133.425368, 34.507117 ] } },
{ "type": "Feature", "properties": { "ID": 3422340581300, "正式名称": "はしもとじんクリニック", "機関区分": 2, "都道府県コード": 34, "市区町村コード": 207, "所在地": "広島県福山市松永町３－７－３９－３", "緯度": 34.445713, "経度": 133.257527, "url": "https://www.iryou.teikyouseido.mhlw.go.jp/znk-web/juminkanja/S2430/initialize?prefCd=34&kikanCd=2340581300&kikanKbn=2", "url2": "https://www.hashi-cl.com/", "内容": "はしもとじんクリニック【2:診療所】【診療科目:内科_腎臓内科_人工透析内科_小児科_アレルギー科_リウマチ科】広島県福山市松永町３－７－３９－３" }, "geometry": { "type": "Point", "coordinates": [ 133.257527, 34.445713 ] } },
{ "type": "Feature", "properties": { "ID": 3422340581430, "正式名称": "東京美容外科　福山院", "機関区分": 2, "都道府県コード": 34, "市区町村コード": 207, "所在地": "広島県福山市三之丸町７－２１　大福三之丸ビル３Ｆ", "緯度": 34.48747, "経度": 133.360332, "url": "https://www.iryou.teikyouseido.mhlw.go.jp/znk-web/juminkanja/S2430/initialize?prefCd=34&kikanCd=2340581430&kikanKbn=2", "url2": "https://www.tkc110.jp/fukuyama/", "内容": "東京美容外科　福山院【2:診療所】【診療科目:形成外科_美容外科_皮膚科_美容皮膚科】広島県福山市三之丸町７－２１　大福三之丸ビル３Ｆ" }, "geometry": { "type": "Point", "coordinates": [ 133.360332, 34.48747 ] } },
{ "type": "Feature", "properties": { "ID": 3422340581720, "正式名称": "グリーンクリニック", "機関区分": 2, "都道府県コード": 34, "市区町村コード": 209, "所在地": "広島県三次市十日市中２丁目３－２３　ガーデンハウス１０１", "緯度": 34.804339, "経度": 132.854935, "url": "https://www.iryou.teikyouseido.mhlw.go.jp/znk-web/juminkanja/S2430/initialize?prefCd=34&kikanCd=2340581720&kikanKbn=2", "url2": "http://green-clinic.byoinnavi.jp/pc/", "内容": "グリーンクリニック【2:診療所】【診療科目:内科】広島県三次市十日市中２丁目３－２３　ガーデンハウス１０１" }, "geometry": { "type": "Point", "coordinates": [ 132.854935, 34.804339 ] } },
{ "type": "Feature", "properties": { "ID": 3422340582440, "正式名称": "ＡＢＣクリニック美容外科　広島院", "機関区分": 2, "都道府県コード": 34, "市区町村コード": 101, "所在地": "広島県広島市中区鉄砲町８－１５　八重洲ビル５階", "緯度": 34.394474, "経度": 132.463991, "url": "https://www.iryou.teikyouseido.mhlw.go.jp/znk-web/juminkanja/S2430/initialize?prefCd=34&kikanCd=2340582440&kikanKbn=2", "url2": "https://www.abc-hiroshima.jp/", "内容": "ＡＢＣクリニック美容外科　広島院【2:診療所】【診療科目:美容外科】広島県広島市中区鉄砲町８－１５　八重洲ビル５階" }, "geometry": { "type": "Point", "coordinates": [ 132.463991, 34.394474 ] } },
{ "type": "Feature", "properties": { "ID": 3422340582570, "正式名称": "医療法人社団スマイル　広島ベイクリニック", "機関区分": 2, "都道府県コード": 34, "市区町村コード": 107, "所在地": "広島県広島市安芸区矢野新町２丁目２－１９", "緯度": 34.352932, "経度": 132.520454, "url": "https://www.iryou.teikyouseido.mhlw.go.jp/znk-web/juminkanja/S2430/initialize?prefCd=34&kikanCd=2340582570&kikanKbn=2", "url2": "https://d-smile.or.jp/bay/", "内容": "医療法人社団スマイル　広島ベイクリニック【2:診療所】【診療科目:内科_腎臓内科_人工透析内科_膠原病内科_リウマチ科】広島県広島市安芸区矢野新町２丁目２－１９" }, "geometry": { "type": "Point", "coordinates": [ 132.520454, 34.352932 ] } },
{ "type": "Feature", "properties": { "ID": 3422340582730, "正式名称": "可部市頭眼科", "機関区分": 2, "都道府県コード": 34, "市区町村コード": 106, "所在地": "広島県広島市安佐北区亀山９丁目１２－４０", "緯度": 34.53569, "経度": 132.478032, "url": "https://www.iryou.teikyouseido.mhlw.go.jp/znk-web/juminkanja/S2430/initialize?prefCd=34&kikanCd=2340582730&kikanKbn=2", "url2": "http://www.ichigashiraganka.com/", "内容": "可部市頭眼科【2:診療所】【診療科目:眼科】広島県広島市安佐北区亀山９丁目１２－４０" }, "geometry": { "type": "Point", "coordinates": [ 132.478032, 34.53569 ] } },
{ "type": "Feature", "properties": { "ID": 3422340582990, "正式名称": "ましの皮ふ科クリニック", "機関区分": 2, "都道府県コード": 34, "市区町村コード": 105, "所在地": "広島県広島市安佐南区東原１丁目１－２－４Ｆ", "緯度": 34.443811, "経度": 132.480008, "url": "https://www.iryou.teikyouseido.mhlw.go.jp/znk-web/juminkanja/S2430/initialize?prefCd=34&kikanCd=2340582990&kikanKbn=2", "url2": "http://www.mashino-hifuka.com/", "内容": "ましの皮ふ科クリニック【2:診療所】【診療科目:皮膚科】広島県広島市安佐南区東原１丁目１－２－４Ｆ" }, "geometry": { "type": "Point", "coordinates": [ 132.480008, 34.443811 ] } },
{ "type": "Feature", "properties": { "ID": 3422340583290, "正式名称": "しいはらクリニック", "機関区分": 2, "都道府県コード": 34, "市区町村コード": 203, "所在地": "広島県竹原市竹原町３６４３", "緯度": 34.349301, "経度": 132.904755, "url": "https://www.iryou.teikyouseido.mhlw.go.jp/znk-web/juminkanja/S2430/initialize?prefCd=34&kikanCd=2340583290&kikanKbn=2", "url2": "http://shiihara-clinic.jp/", "内容": "しいはらクリニック【2:診療所】【診療科目:内科_ペインクリニック外科_麻酔科】広島県竹原市竹原町３６４３" }, "geometry": { "type": "Point", "coordinates": [ 132.904755, 34.349301 ] } },
{ "type": "Feature", "properties": { "ID": 3422340583320, "正式名称": "向島小児科外科クリニック", "機関区分": 2, "都道府県コード": 34, "市区町村コード": 205, "所在地": "広島県尾道市向島町５４３７－１", "緯度": 34.395494, "経度": 133.200634, "url": "https://www.iryou.teikyouseido.mhlw.go.jp/znk-web/juminkanja/S2430/initialize?prefCd=34&kikanCd=2340583320&kikanKbn=2", "url2": null, "内容": "向島小児科外科クリニック【2:診療所】【診療科目:外科_小児科_小児外科】広島県尾道市向島町５４３７－１" }, "geometry": { "type": "Point", "coordinates": [ 133.200634, 34.395494 ] } },
{ "type": "Feature", "properties": { "ID": 3422340583450, "正式名称": "ふるさとクリニック（分院）", "機関区分": 2, "都道府県コード": 34, "市区町村コード": 210, "所在地": "広島県庄原市高野町新市１０９１－１", "緯度": 35.035533, "経度": 132.911445, "url": "https://www.iryou.teikyouseido.mhlw.go.jp/znk-web/juminkanja/S2430/initialize?prefCd=34&kikanCd=2340583450&kikanKbn=2", "url2": null, "内容": "ふるさとクリニック（分院）【2:診療所】【診療科目:内科_消化器内科_小児科】広島県庄原市高野町新市１０９１－１" }, "geometry": { "type": "Point", "coordinates": [ 132.911445, 35.035533 ] } },
{ "type": "Feature", "properties": { "ID": 3422340583580, "正式名称": "さくらＭＲＩクリニック", "機関区分": 2, "都道府県コード": 34, "市区町村コード": 101, "所在地": "広島県広島市中区幟町１３番４号　広島マツダビル地下１階", "緯度": 34.393663, "経度": 132.466069, "url": "https://www.iryou.teikyouseido.mhlw.go.jp/znk-web/juminkanja/S2430/initialize?prefCd=34&kikanCd=2340583580&kikanKbn=2", "url2": "http://www.hmh.or.jp/", "内容": "さくらＭＲＩクリニック【2:診療所】【診療科目:内科_放射線科】広島県広島市中区幟町１３番４号　広島マツダビル地下１階" }, "geometry": { "type": "Point", "coordinates": [ 132.466069, 34.393663 ] } },
{ "type": "Feature", "properties": { "ID": 3422340584590, "正式名称": "木村耳鼻咽喉科アレルギー科", "機関区分": 2, "都道府県コード": 34, "市区町村コード": 204, "所在地": "広島県三原市宮浦六丁目３－２８", "緯度": 34.394867, "経度": 133.064189, "url": "https://www.iryou.teikyouseido.mhlw.go.jp/znk-web/juminkanja/S2430/initialize?prefCd=34&kikanCd=2340584590&kikanKbn=2", "url2": "http://www.kimura-jibika.jp/", "内容": "木村耳鼻咽喉科アレルギー科【2:診療所】【診療科目:耳鼻いんこう科_頭頸部・耳鼻いんこう科_アレルギー科】広島県三原市宮浦六丁目３－２８" }, "geometry": { "type": "Point", "coordinates": [ 133.064189, 34.394867 ] } },
{ "type": "Feature", "properties": { "ID": 3422340584620, "正式名称": "ちえ内科クリニック", "機関区分": 2, "都道府県コード": 34, "市区町村コード": 304, "所在地": "広島県安芸郡海田町幸町８番１４－３号", "緯度": 34.368598, "経度": 132.542749, "url": "https://www.iryou.teikyouseido.mhlw.go.jp/znk-web/juminkanja/S2430/initialize?prefCd=34&kikanCd=2340584620&kikanKbn=2", "url2": "https://chienaika.com", "内容": "ちえ内科クリニック【2:診療所】【診療科目:内科_消化器内科_内視鏡内科】広島県安芸郡海田町幸町８番１４－３号" }, "geometry": { "type": "Point", "coordinates": [ 132.542749, 34.368598 ] } },
{ "type": "Feature", "properties": { "ID": 3422340585210, "正式名称": "医療法人Ｋ．Ｆ．会青葉台クリニック", "機関区分": 2, "都道府県コード": 34, "市区町村コード": 207, "所在地": "広島県福山市青葉台一丁目１１－２０", "緯度": 34.513083, "経度": 133.428362, "url": "https://www.iryou.teikyouseido.mhlw.go.jp/znk-web/juminkanja/S2430/initialize?prefCd=34&kikanCd=2340585210&kikanKbn=2", "url2": "https://www.aobadai-hp.com/", "内容": "医療法人Ｋ．Ｆ．会青葉台クリニック【2:診療所】【診療科目:内科_消化器内科_外科_整形外科_リハビリテーション科】広島県福山市青葉台一丁目１１－２０" }, "geometry": { "type": "Point", "coordinates": [ 133.428362, 34.513083 ] } },
{ "type": "Feature", "properties": { "ID": 3422340585340, "正式名称": "西原内科診療所", "機関区分": 2, "都道府県コード": 34, "市区町村コード": 104, "所在地": "広島県広島市西区三滝本町二丁目１番１－２７号", "緯度": 34.420229, "経度": 132.449956, "url": "https://www.iryou.teikyouseido.mhlw.go.jp/znk-web/juminkanja/S2430/initialize?prefCd=34&kikanCd=2340585340&kikanKbn=2", "url2": null, "内容": "西原内科診療所【2:診療所】【診療科目:内科】広島県広島市西区三滝本町二丁目１番１－２７号" }, "geometry": { "type": "Point", "coordinates": [ 132.449956, 34.420229 ] } },
{ "type": "Feature", "properties": { "ID": 3422340585470, "正式名称": "医療法人　慈晃会　川口耳鼻咽喉科クリニック", "機関区分": 2, "都道府県コード": 34, "市区町村コード": 101, "所在地": "広島県広島市中区八丁堀１番１２号　マスキ八丁堀ビル７Ｆ", "緯度": 34.397454, "経度": 132.464206, "url": "https://www.iryou.teikyouseido.mhlw.go.jp/znk-web/juminkanja/S2430/initialize?prefCd=34&kikanCd=2340585470&kikanKbn=2", "url2": "http://www.kawaguchi-cl.jp", "内容": "医療法人　慈晃会　川口耳鼻咽喉科クリニック【2:診療所】【診療科目:耳鼻いんこう科】広島県広島市中区八丁堀１番１２号　マスキ八丁堀ビル７Ｆ" }, "geometry": { "type": "Point", "coordinates": [ 132.464206, 34.397454 ] } },
{ "type": "Feature", "properties": { "ID": 3422340585920, "正式名称": "あおばこどもファミリークリニック", "機関区分": 2, "都道府県コード": 34, "市区町村コード": 103, "所在地": "広島県広島市南区宇品西５丁目３番１３号", "緯度": 34.363458, "経度": 132.45793, "url": "https://www.iryou.teikyouseido.mhlw.go.jp/znk-web/juminkanja/S2430/initialize?prefCd=34&kikanCd=2340585920&kikanKbn=2", "url2": "http://www.aoba.atat.jp", "内容": "あおばこどもファミリークリニック【2:診療所】【診療科目:小児科_アレルギー科】広島県広島市南区宇品西５丁目３番１３号" }, "geometry": { "type": "Point", "coordinates": [ 132.45793, 34.363458 ] } },
{ "type": "Feature", "properties": { "ID": 3422340586060, "正式名称": "重川クリニック．", "機関区分": 2, "都道府県コード": 34, "市区町村コード": 101, "所在地": "広島県広島市中区十日市町一丁目２－１７", "緯度": 34.397896, "経度": 132.447655, "url": "https://www.iryou.teikyouseido.mhlw.go.jp/znk-web/juminkanja/S2430/initialize?prefCd=34&kikanCd=2340586060&kikanKbn=2", "url2": "https://shigekawa.net/", "内容": "重川クリニック．【2:診療所】【診療科目:精神科_心療内科】広島県広島市中区十日市町一丁目２－１７" }, "geometry": { "type": "Point", "coordinates": [ 132.447655, 34.397896 ] } },
{ "type": "Feature", "properties": { "ID": 3422340586190, "正式名称": "あわや内科クリニック", "機関区分": 2, "都道府県コード": 34, "市区町村コード": 213, "所在地": "広島県廿日市市佐方４丁目４番１３号", "緯度": 34.366376, "経度": 132.344111, "url": "https://www.iryou.teikyouseido.mhlw.go.jp/znk-web/juminkanja/S2430/initialize?prefCd=34&kikanCd=2340586190&kikanKbn=2", "url2": "http://awaya-clinic.com/", "内容": "あわや内科クリニック【2:診療所】【診療科目:内科_呼吸器内科_循環器内科_消化器内科_アレルギー疾患内科_小児科】広島県廿日市市佐方４丁目４番１３号" }, "geometry": { "type": "Point", "coordinates": [ 132.344111, 34.366376 ] } },
{ "type": "Feature", "properties": { "ID": 3422340586220, "正式名称": "医療法人　伊勢丘内科クリニック", "機関区分": 2, "都道府県コード": 34, "市区町村コード": 207, "所在地": "広島県福山市伊勢丘三丁目３番１号", "緯度": 34.502878, "経度": 133.422332, "url": "https://www.iryou.teikyouseido.mhlw.go.jp/znk-web/juminkanja/S2430/initialize?prefCd=34&kikanCd=2340586220&kikanKbn=2", "url2": "http://isegaoka-naika-clinic.com/", "内容": "医療法人　伊勢丘内科クリニック【2:診療所】【診療科目:内科_呼吸器内科_アレルギー科】広島県福山市伊勢丘三丁目３番１号" }, "geometry": { "type": "Point", "coordinates": [ 133.422332, 34.502878 ] } },
{ "type": "Feature", "properties": { "ID": 3422340586350, "正式名称": "ゆかわ脳神経外科クリニック", "機関区分": 2, "都道府県コード": 34, "市区町村コード": 212, "所在地": "広島県東広島市西条土与丸五丁目９－３４", "緯度": 34.428651, "経度": 132.75282, "url": "https://www.iryou.teikyouseido.mhlw.go.jp/znk-web/juminkanja/S2430/initialize?prefCd=34&kikanCd=2340586350&kikanKbn=2", "url2": "https://yukawa-cl.com/", "内容": "ゆかわ脳神経外科クリニック【2:診療所】【診療科目:内科_脳神経内科_脳神経外科】広島県東広島市西条土与丸五丁目９－３４" }, "geometry": { "type": "Point", "coordinates": [ 132.75282, 34.428651 ] } },
{ "type": "Feature", "properties": { "ID": 3422340586480, "正式名称": "医療法人　千田内科クリニック", "機関区分": 2, "都道府県コード": 34, "市区町村コード": 101, "所在地": "広島県広島市中区千田町１－９－１　Ａ－スカイコート　２階", "緯度": 34.381817, "経度": 132.45493, "url": "https://www.iryou.teikyouseido.mhlw.go.jp/znk-web/juminkanja/S2430/initialize?prefCd=34&kikanCd=2340586480&kikanKbn=2", "url2": "http://www.sendanaika-clinic.jp", "内容": "医療法人　千田内科クリニック【2:診療所】【診療科目:内科_糖尿病内科_糖尿病・内分泌内科】広島県広島市中区千田町１－９－１　Ａ－スカイコート　２階" }, "geometry": { "type": "Point", "coordinates": [ 132.45493, 34.381817 ] } },
{ "type": "Feature", "properties": { "ID": 3422340586510, "正式名称": "和泉医院", "機関区分": 2, "都道府県コード": 34, "市区町村コード": 208, "所在地": "広島県府中市府中町１７４番地", "緯度": 34.574616, "経度": 133.232829, "url": "https://www.iryou.teikyouseido.mhlw.go.jp/znk-web/juminkanja/S2430/initialize?prefCd=34&kikanCd=2340586510&kikanKbn=2", "url2": null, "内容": "和泉医院【2:診療所】【診療科目:内科】広島県府中市府中町１７４番地" }, "geometry": { "type": "Point", "coordinates": [ 133.232829, 34.574616 ] } },
{ "type": "Feature", "properties": { "ID": 3422340586640, "正式名称": "公立くい診療所", "機関区分": 2, "都道府県コード": 34, "市区町村コード": 204, "所在地": "広島県三原市久井町江木５０番地１", "緯度": 34.540975, "経度": 133.036698, "url": "https://www.iryou.teikyouseido.mhlw.go.jp/znk-web/juminkanja/S2430/initialize?prefCd=34&kikanCd=2340586640&kikanKbn=2", "url2": null, "内容": "公立くい診療所【2:診療所】【診療科目:内科_外科_脳外科_整形外科_リハビリテーション科】広島県三原市久井町江木５０番地１" }, "geometry": { "type": "Point", "coordinates": [ 133.036698, 34.540975 ] } },
{ "type": "Feature", "properties": { "ID": 3422340589670, "正式名称": "男たちの美容外科　広島院", "機関区分": 2, "都道府県コード": 34, "市区町村コード": 101, "所在地": "広島県広島市中区新天地５番６号　アーバス並木４階", "緯度": 34.39133, "経度": 132.461512, "url": "https://www.iryou.teikyouseido.mhlw.go.jp/znk-web/juminkanja/S2430/initialize?prefCd=34&kikanCd=2340589670&kikanKbn=2", "url2": "www.do-s.ne.jp", "内容": "男たちの美容外科　広島院【2:診療所】【診療科目:形成外科_美容外科】広島県広島市中区新天地５番６号　アーバス並木４階" }, "geometry": { "type": "Point", "coordinates": [ 132.461512, 34.39133 ] } },
{ "type": "Feature", "properties": { "ID": 3422340593000, "正式名称": "中央内科クリニック", "機関区分": 2, "都道府県コード": 34, "市区町村コード": 202, "所在地": "広島県呉市広駅前一丁目４番５８号", "緯度": 34.230977, "経度": 132.626911, "url": "https://www.iryou.teikyouseido.mhlw.go.jp/znk-web/juminkanja/S2430/initialize?prefCd=34&kikanCd=2340593000&kikanKbn=2", "url2": "https://chuounaika.com", "内容": "中央内科クリニック【2:診療所】【診療科目:内科_循環器内科_腎臓内科_人工透析内科_リハビリテーション科】広島県呉市広駅前一丁目４番５８号" }, "geometry": { "type": "Point", "coordinates": [ 132.626911, 34.230977 ] } },
{ "type": "Feature", "properties": { "ID": 3422340593550, "正式名称": "医療法人　宗和会　香川内科クリニック", "機関区分": 2, "都道府県コード": 34, "市区町村コード": 202, "所在地": "広島県呉市本通二丁目８番１６号", "緯度": 34.243043, "経度": 132.566773, "url": "https://www.iryou.teikyouseido.mhlw.go.jp/znk-web/juminkanja/S2430/initialize?prefCd=34&kikanCd=2340593550&kikanKbn=2", "url2": null, "内容": "医療法人　宗和会　香川内科クリニック【2:診療所】【診療科目:内科_胃腸内科】広島県呉市本通二丁目８番１６号" }, "geometry": { "type": "Point", "coordinates": [ 132.566773, 34.243043 ] } },
{ "type": "Feature", "properties": { "ID": 3422340593840, "正式名称": "かわむら内科クリニック", "機関区分": 2, "都道府県コード": 34, "市区町村コード": 104, "所在地": "広島県広島市西区庚午中２丁目１９番９号", "緯度": 34.386121, "経度": 132.411933, "url": "https://www.iryou.teikyouseido.mhlw.go.jp/znk-web/juminkanja/S2430/initialize?prefCd=34&kikanCd=2340593840&kikanKbn=2", "url2": "https://www.kawamura-cl.com/", "内容": "かわむら内科クリニック【2:診療所】【診療科目:内科_糖尿病内科_内分泌内科】広島県広島市西区庚午中２丁目１９番９号" }, "geometry": { "type": "Point", "coordinates": [ 132.411933, 34.386121 ] } },
{ "type": "Feature", "properties": { "ID": 3422340595600, "正式名称": "医療法人社団仁恵会福山検診所", "機関区分": 2, "都道府県コード": 34, "市区町村コード": 207, "所在地": "広島県福山市南本庄五丁目１１－１", "緯度": 34.481017, "経度": 133.351656, "url": "https://www.iryou.teikyouseido.mhlw.go.jp/znk-web/juminkanja/S2430/initialize?prefCd=34&kikanCd=2340595600&kikanKbn=2", "url2": "http://www.fukuyama-kenshin.jp", "内容": "医療法人社団仁恵会福山検診所【2:診療所】【診療科目:内科】広島県福山市南本庄五丁目１１－１" }, "geometry": { "type": "Point", "coordinates": [ 133.351656, 34.481017 ] } },
{ "type": "Feature", "properties": { "ID": 3422340595860, "正式名称": "こころ尾道駅前クリニック", "機関区分": 2, "都道府県コード": 34, "市区町村コード": 205, "所在地": "広島県尾道市土堂一丁目１１番６号", "緯度": 34.40587, "経度": 133.196389, "url": "https://www.iryou.teikyouseido.mhlw.go.jp/znk-web/juminkanja/S2430/initialize?prefCd=34&kikanCd=2340595860&kikanKbn=2", "url2": "https://www.hp-kokoro-onomichi-st-clinic.com/", "内容": "こころ尾道駅前クリニック【2:診療所】【診療科目:内科_精神科_心療内科】広島県尾道市土堂一丁目１１番６号" }, "geometry": { "type": "Point", "coordinates": [ 133.196389, 34.40587 ] } },
{ "type": "Feature", "properties": { "ID": 3422340596030, "正式名称": "ふじいクリニック", "機関区分": 2, "都道府県コード": 34, "市区町村コード": 207, "所在地": "広島県福山市水呑町三新田２丁目１", "緯度": 34.447345, "経度": 133.387912, "url": "https://www.iryou.teikyouseido.mhlw.go.jp/znk-web/juminkanja/S2430/initialize?prefCd=34&kikanCd=2340596030&kikanKbn=2", "url2": "https://shion2023.or.jp/fujii/", "内容": "ふじいクリニック【2:診療所】【診療科目:内科_整形外科_皮膚科】広島県福山市水呑町三新田２丁目１" }, "geometry": { "type": "Point", "coordinates": [ 133.387912, 34.447345 ] } },
{ "type": "Feature", "properties": { "ID": 3422340596290, "正式名称": "たにもと眼科", "機関区分": 2, "都道府県コード": 34, "市区町村コード": 102, "所在地": "広島県広島市東区戸坂出江１－１－１", "緯度": 34.432396, "経度": 132.488675, "url": "https://www.iryou.teikyouseido.mhlw.go.jp/znk-web/juminkanja/S2430/initialize?prefCd=34&kikanCd=2340596290&kikanKbn=2", "url2": "https://www.tanimoto-eyeclinic.com/", "内容": "たにもと眼科【2:診療所】【診療科目:眼科】広島県広島市東区戸坂出江１－１－１" }, "geometry": { "type": "Point", "coordinates": [ 132.488675, 34.432396 ] } },
{ "type": "Feature", "properties": { "ID": 3422340596450, "正式名称": "のぞみ整形外科ヒロシマ", "機関区分": 2, "都道府県コード": 34, "市区町村コード": 108, "所在地": "広島県広島市佐伯区利松三丁目６－３０", "緯度": 34.40073, "経度": 132.365631, "url": "https://www.iryou.teikyouseido.mhlw.go.jp/znk-web/juminkanja/S2430/initialize?prefCd=34&kikanCd=2340596450&kikanKbn=2", "url2": "https://www.nozomi-clinic.jp/hiroshima/", "内容": "のぞみ整形外科ヒロシマ【2:診療所】【診療科目:内科_整形外科_リハビリテーション科】広島県広島市佐伯区利松三丁目６－３０" }, "geometry": { "type": "Point", "coordinates": [ 132.365631, 34.40073 ] } },
{ "type": "Feature", "properties": { "ID": 3422340596580, "正式名称": "医療法人ＦＭＨＮ緑井脳神経外科", "機関区分": 2, "都道府県コード": 34, "市区町村コード": 105, "所在地": "広島県広島市安佐南区緑井五丁目２９－１８－２０１", "緯度": 34.46733, "経度": 132.476925, "url": "https://www.iryou.teikyouseido.mhlw.go.jp/znk-web/juminkanja/S2430/initialize?prefCd=34&kikanCd=2340596580&kikanKbn=2", "url2": "http://midorii-nougeka.com", "内容": "医療法人ＦＭＨＮ緑井脳神経外科【2:診療所】【診療科目:脳神経外科】広島県広島市安佐南区緑井五丁目２９－１８－２０１" }, "geometry": { "type": "Point", "coordinates": [ 132.476925, 34.46733 ] } },
{ "type": "Feature", "properties": { "ID": 3422340596610, "正式名称": "緑井メンタルクリニック", "機関区分": 2, "都道府県コード": 34, "市区町村コード": 105, "所在地": "広島県広島市安佐南区緑井五丁目２９番１８号　緑井ゆめビル４０１号室", "緯度": 34.46753, "経度": 132.476563, "url": "https://www.iryou.teikyouseido.mhlw.go.jp/znk-web/juminkanja/S2430/initialize?prefCd=34&kikanCd=2340596610&kikanKbn=2", "url2": "http://www.midorii-mental.com/", "内容": "緑井メンタルクリニック【2:診療所】【診療科目:精神科_心療内科】広島県広島市安佐南区緑井五丁目２９番１８号　緑井ゆめビル４０１号室" }, "geometry": { "type": "Point", "coordinates": [ 132.476563, 34.46753 ] } },
{ "type": "Feature", "properties": { "ID": 3422340596740, "正式名称": "医療法人　みぞべ眼科", "機関区分": 2, "都道府県コード": 34, "市区町村コード": 105, "所在地": "広島県広島市安佐南区緑井五丁目２９－１８－２０２", "緯度": 34.467364, "経度": 132.476896, "url": "https://www.iryou.teikyouseido.mhlw.go.jp/znk-web/juminkanja/S2430/initialize?prefCd=34&kikanCd=2340596740&kikanKbn=2", "url2": "http://www.mizobe-ganka.com/", "内容": "医療法人　みぞべ眼科【2:診療所】【診療科目:眼科】広島県広島市安佐南区緑井五丁目２９－１８－２０２" }, "geometry": { "type": "Point", "coordinates": [ 132.476896, 34.467364 ] } },
{ "type": "Feature", "properties": { "ID": 3422340596870, "正式名称": "醫療法人齊和會　廣島クリニック", "機関区分": 2, "都道府県コード": 34, "市区町村コード": 101, "所在地": "広島県広島市中区宝町２－１　フジグラン広島４Ｆ", "緯度": 34.386055, "経度": 132.464375, "url": "https://www.iryou.teikyouseido.mhlw.go.jp/znk-web/juminkanja/S2430/initialize?prefCd=34&kikanCd=2340596870&kikanKbn=2", "url2": "https://hiroshima-clinic.jp/takaramachi", "内容": "醫療法人齊和會　廣島クリニック【2:診療所】【診療科目:内科_漢方内科_整形外科_リウマチ科_リハビリテーション科】広島県広島市中区宝町２－１　フジグラン広島４Ｆ" }, "geometry": { "type": "Point", "coordinates": [ 132.464375, 34.386055 ] } },
{ "type": "Feature", "properties": { "ID": 3422340597040, "正式名称": "医療法人　ひがき眼科", "機関区分": 2, "都道府県コード": 34, "市区町村コード": 208, "所在地": "広島県府中市元町５７６－９", "緯度": 34.576293, "経度": 133.233879, "url": "https://www.iryou.teikyouseido.mhlw.go.jp/znk-web/juminkanja/S2430/initialize?prefCd=34&kikanCd=2340597040&kikanKbn=2", "url2": null, "内容": "医療法人　ひがき眼科【2:診療所】【診療科目:眼科】広島県府中市元町５７６－９" }, "geometry": { "type": "Point", "coordinates": [ 133.233879, 34.576293 ] } },
{ "type": "Feature", "properties": { "ID": 3422340597200, "正式名称": "湘南美容クリニック広島院", "機関区分": 2, "都道府県コード": 34, "市区町村コード": 101, "所在地": "広島県広島市中区八丁堀１６番３号　広島第一ビル６階", "緯度": 34.394554, "経度": 132.462368, "url": "https://www.iryou.teikyouseido.mhlw.go.jp/znk-web/juminkanja/S2430/initialize?prefCd=34&kikanCd=2340597200&kikanKbn=2", "url2": "https://www.s-b-c.net/clinic/branch/hiroshima/", "内容": "湘南美容クリニック広島院【2:診療所】【診療科目:美容外科_美容皮膚科】広島県広島市中区八丁堀１６番３号　広島第一ビル６階" }, "geometry": { "type": "Point", "coordinates": [ 132.462368, 34.394554 ] } },
{ "type": "Feature", "properties": { "ID": 3422340598760, "正式名称": "さくらい内科アレルギー科クリニック", "機関区分": 2, "都道府県コード": 34, "市区町村コード": 105, "所在地": "広島県広島市安佐南区緑井五丁目２９－１８　緑井ゆめビル３０１", "緯度": 34.467354, "経度": 132.476946, "url": "https://www.iryou.teikyouseido.mhlw.go.jp/znk-web/juminkanja/S2430/initialize?prefCd=34&kikanCd=2340598760&kikanKbn=2", "url2": "http://www.sakurai-clinic.net/", "内容": "さくらい内科アレルギー科クリニック【2:診療所】【診療科目:内科_呼吸器内科_循環器内科_消化器内科_アレルギー疾患内科_アレルギー科】広島県広島市安佐南区緑井五丁目２９－１８　緑井ゆめビル３０１" }, "geometry": { "type": "Point", "coordinates": [ 132.476946, 34.467354 ] } },
{ "type": "Feature", "properties": { "ID": 3422340598920, "正式名称": "医療法人社団生康会　谷本メディカルクリニック", "機関区分": 2, "都道府県コード": 34, "市区町村コード": 202, "所在地": "広島県呉市三条四丁目４－１２　１階", "緯度": 34.250287, "経度": 132.556419, "url": "https://www.iryou.teikyouseido.mhlw.go.jp/znk-web/juminkanja/S2430/initialize?prefCd=34&kikanCd=2340598920&kikanKbn=2", "url2": null, "内容": "医療法人社団生康会　谷本メディカルクリニック【2:診療所】【診療科目:内科_循環器内科】広島県呉市三条四丁目４－１２　１階" }, "geometry": { "type": "Point", "coordinates": [ 132.556419, 34.250287 ] } },
{ "type": "Feature", "properties": { "ID": 3422340599060, "正式名称": "佐々木医院", "機関区分": 2, "都道府県コード": 34, "市区町村コード": 209, "所在地": "広島県三次市三次町１５４２番地の６", "緯度": 34.812461, "経度": 132.847029, "url": "https://www.iryou.teikyouseido.mhlw.go.jp/znk-web/juminkanja/S2430/initialize?prefCd=34&kikanCd=2340599060&kikanKbn=2", "url2": null, "内容": "佐々木医院【2:診療所】【診療科目:内科_循環器内科】広島県三次市三次町１５４２番地の６" }, "geometry": { "type": "Point", "coordinates": [ 132.847029, 34.812461 ] } },
{ "type": "Feature", "properties": { "ID": 3422340599510, "正式名称": "こども発達支援センター", "機関区分": 2, "都道府県コード": 34, "市区町村コード": 207, "所在地": "広島県福山市三吉町南ニ丁目１１番２２号", "緯度": 34.489913, "経度": 133.379223, "url": "https://www.iryou.teikyouseido.mhlw.go.jp/znk-web/juminkanja/S2430/initialize?prefCd=34&kikanCd=2340599510&kikanKbn=2", "url2": "https://www.city.fukuyama.hiroshima.jp/soshiki/kodomo/", "内容": "こども発達支援センター【2:診療所】【診療科目:小児科_児童精神科_神経小児科】広島県福山市三吉町南ニ丁目１１番２２号" }, "geometry": { "type": "Point", "coordinates": [ 133.379223, 34.489913 ] } },
{ "type": "Feature", "properties": { "ID": 3422340599770, "正式名称": "ながたクリニック", "機関区分": 2, "都道府県コード": 34, "市区町村コード": 102, "所在地": "広島県広島市東区矢賀二丁目８－１８", "緯度": 34.399233, "経度": 132.497064, "url": "https://www.iryou.teikyouseido.mhlw.go.jp/znk-web/juminkanja/S2430/initialize?prefCd=34&kikanCd=2340599770&kikanKbn=2", "url2": "http://www.nagata-cl.jp/", "内容": "ながたクリニック【2:診療所】【診療科目:内科_呼吸器内科_胃腸内科_漢方内科_外科_肛門外科_リハビリテーション科】広島県広島市東区矢賀二丁目８－１８" }, "geometry": { "type": "Point", "coordinates": [ 132.497064, 34.399233 ] } },
{ "type": "Feature", "properties": { "ID": 3422340602380, "正式名称": "医療法人修輝会　霞クリニック", "機関区分": 2, "都道府県コード": 34, "市区町村コード": 103, "所在地": "広島県広島市南区東雲本町一丁目２－２７", "緯度": 34.384012, "経度": 132.482622, "url": "https://www.iryou.teikyouseido.mhlw.go.jp/znk-web/juminkanja/S2430/initialize?prefCd=34&kikanCd=2340602380&kikanKbn=2", "url2": "https://kasumiclinic.jp/", "内容": "医療法人修輝会　霞クリニック【2:診療所】【診療科目:放射線診断科】広島県広島市南区東雲本町一丁目２－２７" }, "geometry": { "type": "Point", "coordinates": [ 132.482622, 34.384012 ] } },
{ "type": "Feature", "properties": { "ID": 3422340602410, "正式名称": "医療法人社団　恵正会　にのみや往診クリニック", "機関区分": 2, "都道府県コード": 34, "市区町村コード": 106, "所在地": "広島県広島市安佐北区可部五丁目９番３号", "緯度": 34.521309, "経度": 132.508425, "url": "https://www.iryou.teikyouseido.mhlw.go.jp/znk-web/juminkanja/S2430/initialize?prefCd=34&kikanCd=2340602410&kikanKbn=2", "url2": "https://www.keiseikai-nmn.net/wp3", "内容": "医療法人社団　恵正会　にのみや往診クリニック【2:診療所】【診療科目:内科】広島県広島市安佐北区可部五丁目９番３号" }, "geometry": { "type": "Point", "coordinates": [ 132.508425, 34.521309 ] } },
{ "type": "Feature", "properties": { "ID": 3422340603840, "正式名称": "医療法人社団おとりす会", "機関区分": 2, "都道府県コード": 34, "市区町村コード": 101, "所在地": "広島県広島市中区大手町四丁目１－１　大手町平和ビル", "緯度": 34.38603, "経度": 132.453976, "url": "https://www.iryou.teikyouseido.mhlw.go.jp/znk-web/juminkanja/S2430/initialize?prefCd=34&kikanCd=2340603840&kikanKbn=2", "url2": "http://kanebayashi.com/", "内容": "医療法人社団おとりす会【2:診療所】【診療科目:耳鼻いんこう科_頭頸部・耳鼻いんこう科】広島県広島市中区大手町四丁目１－１　大手町平和ビル" }, "geometry": { "type": "Point", "coordinates": [ 132.453976, 34.38603 ] } },
{ "type": "Feature", "properties": { "ID": 3422340604270, "正式名称": "医療法人社団　永沢耳鼻咽喉科医院", "機関区分": 2, "都道府県コード": 34, "市区町村コード": 204, "所在地": "広島県三原市港町１丁目６－９　第２講崎ビル２Ｆ", "緯度": 34.40177, "経度": 133.076849, "url": "https://www.iryou.teikyouseido.mhlw.go.jp/znk-web/juminkanja/S2430/initialize?prefCd=34&kikanCd=2340604270&kikanKbn=2", "url2": "http://www.nagasawaiin.com/", "内容": "医療法人社団　永沢耳鼻咽喉科医院【2:診療所】【診療科目:耳鼻いんこう科】広島県三原市港町１丁目６－９　第２講崎ビル２Ｆ" }, "geometry": { "type": "Point", "coordinates": [ 133.076849, 34.40177 ] } },
{ "type": "Feature", "properties": { "ID": 3422340604690, "正式名称": "四季の心クリニック", "機関区分": 2, "都道府県コード": 34, "市区町村コード": 212, "所在地": "広島県東広島市西条町御薗宇６０３５", "緯度": 34.416457, "経度": 132.754042, "url": "https://www.iryou.teikyouseido.mhlw.go.jp/znk-web/juminkanja/S2430/initialize?prefCd=34&kikanCd=2340604690&kikanKbn=2", "url2": "http://www.fourseasons-clinic.com/", "内容": "四季の心クリニック【2:診療所】【診療科目:内科_漢方内科_精神科_心療内科】広島県東広島市西条町御薗宇６０３５" }, "geometry": { "type": "Point", "coordinates": [ 132.754042, 34.416457 ] } },
{ "type": "Feature", "properties": { "ID": 3422340604980, "正式名称": "新市ときながクリニック", "機関区分": 2, "都道府県コード": 34, "市区町村コード": 207, "所在地": "広島県福山市新市町新市６２８－２", "緯度": 34.556299, "経度": 133.270793, "url": "https://www.iryou.teikyouseido.mhlw.go.jp/znk-web/juminkanja/S2430/initialize?prefCd=34&kikanCd=2340604980&kikanKbn=2", "url2": "https://tokinaga-clinic.com/", "内容": "新市ときながクリニック【2:診療所】【診療科目:内科_泌尿器科】広島県福山市新市町新市６２８－２" }, "geometry": { "type": "Point", "coordinates": [ 133.270793, 34.556299 ] } },
{ "type": "Feature", "properties": { "ID": 3422340605020, "正式名称": "三原皮ふ科アレルギー科", "機関区分": 2, "都道府県コード": 34, "市区町村コード": 102, "所在地": "広島県広島市東区中山東二丁目２－１－２", "緯度": 34.410079, "経度": 132.504091, "url": "https://www.iryou.teikyouseido.mhlw.go.jp/znk-web/juminkanja/S2430/initialize?prefCd=34&kikanCd=2340605020&kikanKbn=2", "url2": "http://mihara-hifu.com/", "内容": "三原皮ふ科アレルギー科【2:診療所】【診療科目:皮膚科_アレルギー科】広島県広島市東区中山東二丁目２－１－２" }, "geometry": { "type": "Point", "coordinates": [ 132.504091, 34.410079 ] } },
{ "type": "Feature", "properties": { "ID": 3422340605150, "正式名称": "こころ皮ふ科クリニック", "機関区分": 2, "都道府県コード": 34, "市区町村コード": 105, "所在地": "広島県広島市安佐南区伴南一丁目５－１８－８－３０３", "緯度": 34.448176, "経度": 132.380771, "url": "https://www.iryou.teikyouseido.mhlw.go.jp/znk-web/juminkanja/S2430/initialize?prefCd=34&kikanCd=2340605150&kikanKbn=2", "url2": "http://cocoro-hihuka.com/", "内容": "こころ皮ふ科クリニック【2:診療所】【診療科目:形成外科_皮膚科】広島県広島市安佐南区伴南一丁目５－１８－８－３０３" }, "geometry": { "type": "Point", "coordinates": [ 132.380771, 34.448176 ] } },
{ "type": "Feature", "properties": { "ID": 3422340605280, "正式名称": "ウィミンズ・ヴィセオ　クリニック広島", "機関区分": 2, "都道府県コード": 34, "市区町村コード": 102, "所在地": "広島県広島市東区若草町１１－２グランアークテラス３階", "緯度": 34.39851, "経度": 132.47826, "url": "https://www.iryou.teikyouseido.mhlw.go.jp/znk-web/juminkanja/S2430/initialize?prefCd=34&kikanCd=2340605280&kikanKbn=2", "url2": "http://www.womens-viseo.com/", "内容": "ウィミンズ・ヴィセオ　クリニック広島【2:診療所】【診療科目:産婦人科_産科_婦人科】広島県広島市東区若草町１１－２グランアークテラス３階" }, "geometry": { "type": "Point", "coordinates": [ 132.47826, 34.39851 ] } },
{ "type": "Feature", "properties": { "ID": 3422340605310, "正式名称": "医療法人ふじえ　松山内科", "機関区分": 2, "都道府県コード": 34, "市区町村コード": 207, "所在地": "広島県福山市藤江町１７２４番地１", "緯度": 34.423083, "経度": 133.278153, "url": "https://www.iryou.teikyouseido.mhlw.go.jp/znk-web/juminkanja/S2430/initialize?prefCd=34&kikanCd=2340605310&kikanKbn=2", "url2": "https://matsuyama-clinic.jp", "内容": "医療法人ふじえ　松山内科【2:診療所】【診療科目:内科_脳神経内科_精神科_リハビリテーション科】広島県福山市藤江町１７２４番地１" }, "geometry": { "type": "Point", "coordinates": [ 133.278153, 34.423083 ] } },
{ "type": "Feature", "properties": { "ID": 3422340605440, "正式名称": "なす眼科クリニック", "機関区分": 2, "都道府県コード": 34, "市区町村コード": 204, "所在地": "広島県三原市港町一丁目３－１５　サンライズアネックス１Ｆ", "緯度": 34.39946, "経度": 133.080675, "url": "https://www.iryou.teikyouseido.mhlw.go.jp/znk-web/juminkanja/S2430/initialize?prefCd=34&kikanCd=2340605440&kikanKbn=2", "url2": "https://www.nasuganka.jp/", "内容": "なす眼科クリニック【2:診療所】【診療科目:眼科】広島県三原市港町一丁目３－１５　サンライズアネックス１Ｆ" }, "geometry": { "type": "Point", "coordinates": [ 133.080675, 34.39946 ] } },
{ "type": "Feature", "properties": { "ID": 3422340605600, "正式名称": "やすもとクリニック", "機関区分": 2, "都道府県コード": 34, "市区町村コード": 202, "所在地": "広島県呉市中央二丁目３番２２号", "緯度": 34.246583, "経度": 132.560927, "url": "https://www.iryou.teikyouseido.mhlw.go.jp/znk-web/juminkanja/S2430/initialize?prefCd=34&kikanCd=2340605600&kikanKbn=2", "url2": "www.yasukuri.com", "内容": "やすもとクリニック【2:診療所】【診療科目:整形外科_リウマチ科_リハビリテーション科】広島県呉市中央二丁目３番２２号" }, "geometry": { "type": "Point", "coordinates": [ 132.560927, 34.246583 ] } },
{ "type": "Feature", "properties": { "ID": 3422340605730, "正式名称": "大野キッズ・ファミリークリニック", "機関区分": 2, "都道府県コード": 34, "市区町村コード": 213, "所在地": "広島県廿日市市大野中央五丁目１－４３　２Ｆ", "緯度": 34.291101, "経度": 132.27406, "url": "https://www.iryou.teikyouseido.mhlw.go.jp/znk-web/juminkanja/S2430/initialize?prefCd=34&kikanCd=2340605730&kikanKbn=2", "url2": "http://ohno-kids-fc.net/", "内容": "大野キッズ・ファミリークリニック【2:診療所】【診療科目:小児科_アレルギー科】広島県廿日市市大野中央五丁目１－４３　２Ｆ" }, "geometry": { "type": "Point", "coordinates": [ 132.27406, 34.291101 ] } },
{ "type": "Feature", "properties": { "ID": 3422340605860, "正式名称": "西村内科医院", "機関区分": 2, "都道府県コード": 34, "市区町村コード": 302, "所在地": "広島県安芸郡府中町桃山１丁目１番２４号", "緯度": 34.380477, "経度": 132.506619, "url": "https://www.iryou.teikyouseido.mhlw.go.jp/znk-web/juminkanja/S2430/initialize?prefCd=34&kikanCd=2340605860&kikanKbn=2", "url2": "https://www.nishimura-cl.com", "内容": "西村内科医院【2:診療所】【診療科目:内科_循環器内科_消化器内科】広島県安芸郡府中町桃山１丁目１番２４号" }, "geometry": { "type": "Point", "coordinates": [ 132.506619, 34.380477 ] } },
{ "type": "Feature", "properties": { "ID": 3422340606030, "正式名称": "山南クリニック", "機関区分": 2, "都道府県コード": 34, "市区町村コード": 207, "所在地": "広島県福山市沼隈町中山南１３８７", "緯度": 34.417789, "経度": 133.321899, "url": "https://www.iryou.teikyouseido.mhlw.go.jp/znk-web/juminkanja/S2430/initialize?prefCd=34&kikanCd=2340606030&kikanKbn=2", "url2": "http://shounankai.or.jp/", "内容": "山南クリニック【2:診療所】【診療科目:内科_外科】広島県福山市沼隈町中山南１３８７" }, "geometry": { "type": "Point", "coordinates": [ 133.321899, 34.417789 ] } },
{ "type": "Feature", "properties": { "ID": 3422340606160, "正式名称": "福山夜間成人診療所", "機関区分": 2, "都道府県コード": 34, "市区町村コード": 207, "所在地": "広島県福山市三吉町南二丁目１１－２２", "緯度": 34.489298, "経度": 133.378968, "url": "https://www.iryou.teikyouseido.mhlw.go.jp/znk-web/juminkanja/S2430/initialize?prefCd=34&kikanCd=2340606160&kikanKbn=2", "url2": null, "内容": "福山夜間成人診療所【2:診療所】【診療科目:内科_外科】広島県福山市三吉町南二丁目１１－２２" }, "geometry": { "type": "Point", "coordinates": [ 133.378968, 34.489298 ] } },
{ "type": "Feature", "properties": { "ID": 3422340606290, "正式名称": "医療法人社団　和楽会　伊藤内科医院", "機関区分": 2, "都道府県コード": 34, "市区町村コード": 105, "所在地": "広島県広島市安佐南区伴中央四丁目７－１０", "緯度": 34.457436, "経度": 132.404749, "url": "https://www.iryou.teikyouseido.mhlw.go.jp/znk-web/juminkanja/S2430/initialize?prefCd=34&kikanCd=2340606290&kikanKbn=2", "url2": "http://ito-junkanki.jp", "内容": "医療法人社団　和楽会　伊藤内科医院【2:診療所】【診療科目:内科_循環器内科】広島県広島市安佐南区伴中央四丁目７－１０" }, "geometry": { "type": "Point", "coordinates": [ 132.404749, 34.457436 ] } },
{ "type": "Feature", "properties": { "ID": 3422340606320, "正式名称": "かがわファミリークリニック", "機関区分": 2, "都道府県コード": 34, "市区町村コード": 105, "所在地": "広島県広島市安佐南区西原二丁目３２－１９", "緯度": 34.430701, "経度": 132.463455, "url": "https://www.iryou.teikyouseido.mhlw.go.jp/znk-web/juminkanja/S2430/initialize?prefCd=34&kikanCd=2340606320&kikanKbn=2", "url2": "http://www.kagawa-family-clinic.com/", "内容": "かがわファミリークリニック【2:診療所】【診療科目:内科_消化器内科_外科_肛門外科_整形外科_アレルギー科_リハビリテーション科】広島県広島市安佐南区西原二丁目３２－１９" }, "geometry": { "type": "Point", "coordinates": [ 132.463455, 34.430701 ] } },
{ "type": "Feature", "properties": { "ID": 3422340606450, "正式名称": "祇園すやま眼科クリニック", "機関区分": 2, "都道府県コード": 34, "市区町村コード": 105, "所在地": "広島県広島市安佐南区山本三丁目１番１０号", "緯度": 34.43947, "経度": 132.456004, "url": "https://www.iryou.teikyouseido.mhlw.go.jp/znk-web/juminkanja/S2430/initialize?prefCd=34&kikanCd=2340606450&kikanKbn=2", "url2": "http://suyama-eye.com", "内容": "祇園すやま眼科クリニック【2:診療所】【診療科目:眼科】広島県広島市安佐南区山本三丁目１番１０号" }, "geometry": { "type": "Point", "coordinates": [ 132.456004, 34.43947 ] } },
{ "type": "Feature", "properties": { "ID": 3422340606870, "正式名称": "福富内科外科医院", "機関区分": 2, "都道府県コード": 34, "市区町村コード": 212, "所在地": "広島県東広島市福富町久芳１５３９－２７", "緯度": 34.534393, "経度": 132.776522, "url": "https://www.iryou.teikyouseido.mhlw.go.jp/znk-web/juminkanja/S2430/initialize?prefCd=34&kikanCd=2340606870&kikanKbn=2", "url2": "http://www.fukutomi-iin.jp", "内容": "福富内科外科医院【2:診療所】【診療科目:内科_外科_整形外科_小児科】広島県東広島市福富町久芳１５３９－２７" }, "geometry": { "type": "Point", "coordinates": [ 132.776522, 34.534393 ] } },
{ "type": "Feature", "properties": { "ID": 3422340607330, "正式名称": "医療法人　くすの木クリニック", "機関区分": 2, "都道府県コード": 34, "市区町村コード": 104, "所在地": "広島県広島市西区楠木町四丁目１６－１４", "緯度": 34.414539, "経度": 132.457755, "url": "https://www.iryou.teikyouseido.mhlw.go.jp/znk-web/juminkanja/S2430/initialize?prefCd=34&kikanCd=2340607330&kikanKbn=2", "url2": "http://www.kusunoki-clinic.net/", "内容": "医療法人　くすの木クリニック【2:診療所】【診療科目:内科_糖尿病・代謝内科_呼吸器内科_循環器内科_消化器内科_外科】広島県広島市西区楠木町四丁目１６－１４" }, "geometry": { "type": "Point", "coordinates": [ 132.457755, 34.414539 ] } },
{ "type": "Feature", "properties": { "ID": 3422340607460, "正式名称": "ながしまクリニック", "機関区分": 2, "都道府県コード": 34, "市区町村コード": 108, "所在地": "広島県広島市佐伯区吉見園２－２２", "緯度": 34.366265, "経度": 132.369788, "url": "https://www.iryou.teikyouseido.mhlw.go.jp/znk-web/juminkanja/S2430/initialize?prefCd=34&kikanCd=2340607460&kikanKbn=2", "url2": "https://www.itsukaichi-nagashima-clinic.jp", "内容": "ながしまクリニック【2:診療所】【診療科目:内科_消化器内科_外科_肛門外科】広島県広島市佐伯区吉見園２－２２" }, "geometry": { "type": "Point", "coordinates": [ 132.369788, 34.366265 ] } },
{ "type": "Feature", "properties": { "ID": 3422340607910, "正式名称": "向洋こどもクリニック", "機関区分": 2, "都道府県コード": 34, "市区町村コード": 302, "所在地": "広島県安芸郡府中町青崎中２４－２６", "緯度": 34.376723, "経度": 132.506835, "url": "https://www.iryou.teikyouseido.mhlw.go.jp/znk-web/juminkanja/S2430/initialize?prefCd=34&kikanCd=2340607910&kikanKbn=2", "url2": "http://www.mndcc.jp/", "内容": "向洋こどもクリニック【2:診療所】【診療科目:小児科_アレルギー科】広島県安芸郡府中町青崎中２４－２６" }, "geometry": { "type": "Point", "coordinates": [ 132.506835, 34.376723 ] } },
{ "type": "Feature", "properties": { "ID": 3422340608050, "正式名称": "やまだ眼科", "機関区分": 2, "都道府県コード": 34, "市区町村コード": 302, "所在地": "広島県安芸郡府中町青崎中２４－２６", "緯度": 34.376679, "経度": 132.506824, "url": "https://www.iryou.teikyouseido.mhlw.go.jp/znk-web/juminkanja/S2430/initialize?prefCd=34&kikanCd=2340608050&kikanKbn=2", "url2": "http://www.mukainada.jp", "内容": "やまだ眼科【2:診療所】【診療科目:眼科】広島県安芸郡府中町青崎中２４－２６" }, "geometry": { "type": "Point", "coordinates": [ 132.506824, 34.376679 ] } },
{ "type": "Feature", "properties": { "ID": 3422340608180, "正式名称": "くすおか整形外科クリニック", "機関区分": 2, "都道府県コード": 34, "市区町村コード": 304, "所在地": "広島県安芸郡海田町新町１７－８", "緯度": 34.372798, "経度": 132.530368, "url": "https://www.iryou.teikyouseido.mhlw.go.jp/znk-web/juminkanja/S2430/initialize?prefCd=34&kikanCd=2340608180&kikanKbn=2", "url2": null, "内容": "くすおか整形外科クリニック【2:診療所】【診療科目:整形外科_リウマチ科_リハビリテーション科】広島県安芸郡海田町新町１７－８" }, "geometry": { "type": "Point", "coordinates": [ 132.530368, 34.372798 ] } },
{ "type": "Feature", "properties": { "ID": 3422340608210, "正式名称": "医療法人社団永慈会　永田内科医院", "機関区分": 2, "都道府県コード": 34, "市区町村コード": 302, "所在地": "広島県安芸郡府中町青崎中２４－２６　クリニックモール向洋２Ｆ", "緯度": 34.377402, "経度": 132.506953, "url": "https://www.iryou.teikyouseido.mhlw.go.jp/znk-web/juminkanja/S2430/initialize?prefCd=34&kikanCd=2340608210&kikanKbn=2", "url2": null, "内容": "医療法人社団永慈会　永田内科医院【2:診療所】【診療科目:内科_呼吸器内科_循環器内科_消化器内科】広島県安芸郡府中町青崎中２４－２６　クリニックモール向洋２Ｆ" }, "geometry": { "type": "Point", "coordinates": [ 132.506953, 34.377402 ] } },
{ "type": "Feature", "properties": { "ID": 3422340608760, "正式名称": "正覚クリニック", "機関区分": 2, "都道府県コード": 34, "市区町村コード": 462, "所在地": "広島県世羅郡世羅町安田６－２", "緯度": 34.64897, "経度": 133.003306, "url": "https://www.iryou.teikyouseido.mhlw.go.jp/znk-web/juminkanja/S2430/initialize?prefCd=34&kikanCd=2340608760&kikanKbn=2", "url2": null, "内容": "正覚クリニック【2:診療所】【診療科目:内科】広島県世羅郡世羅町安田６－２" }, "geometry": { "type": "Point", "coordinates": [ 133.003306, 34.64897 ] } },
{ "type": "Feature", "properties": { "ID": 3422340608890, "正式名称": "たかはしメンタルクリニック", "機関区分": 2, "都道府県コード": 34, "市区町村コード": 204, "所在地": "広島県三原市頼兼一丁目１番３号", "緯度": 34.400344, "経度": 133.060282, "url": "https://www.iryou.teikyouseido.mhlw.go.jp/znk-web/juminkanja/S2430/initialize?prefCd=34&kikanCd=2340608890&kikanKbn=2", "url2": "http://www.takahashi-mcl.com/", "内容": "たかはしメンタルクリニック【2:診療所】【診療科目:精神科_心療内科】広島県三原市頼兼一丁目１番３号" }, "geometry": { "type": "Point", "coordinates": [ 133.060282, 34.400344 ] } },
{ "type": "Feature", "properties": { "ID": 3422340608920, "正式名称": "まるやまホームクリニック", "機関区分": 2, "都道府県コード": 34, "市区町村コード": 207, "所在地": "広島県福山市南蔵王町６丁目２７－２６ニューカモメマンション１０２", "緯度": 34.500349, "経度": 133.406568, "url": "https://www.iryou.teikyouseido.mhlw.go.jp/znk-web/juminkanja/S2430/initialize?prefCd=34&kikanCd=2340608920&kikanKbn=2", "url2": "https://maruyamahomeclinic2010.com/", "内容": "まるやまホームクリニック【2:診療所】【診療科目:内科】広島県福山市南蔵王町６丁目２７－２６ニューカモメマンション１０２" }, "geometry": { "type": "Point", "coordinates": [ 133.406568, 34.500349 ] } },
{ "type": "Feature", "properties": { "ID": 3422340609640, "正式名称": "医療法人やまぐちホームケアクリニック", "機関区分": 2, "都道府県コード": 34, "市区町村コード": 106, "所在地": "広島県広島市安佐北区口田一丁目２１－２５", "緯度": 34.464559, "経度": 132.496006, "url": "https://www.iryou.teikyouseido.mhlw.go.jp/znk-web/juminkanja/S2430/initialize?prefCd=34&kikanCd=2340609640&kikanKbn=2", "url2": "http://www.yamaguchi-hc.jp/", "内容": "医療法人やまぐちホームケアクリニック【2:診療所】【診療科目:内科_消化器内科_緩和ケア内科_外科_肛門外科】広島県広島市安佐北区口田一丁目２１－２５" }, "geometry": { "type": "Point", "coordinates": [ 132.496006, 34.464559 ] } },
{ "type": "Feature", "properties": { "ID": 3422340609770, "正式名称": "にこにこキッズクリニック", "機関区分": 2, "都道府県コード": 34, "市区町村コード": 105, "所在地": "広島県広島市安佐南区緑井五丁目２９－１８　緑井ゆめビル１０３号", "緯度": 34.467354, "経度": 132.476946, "url": "https://www.iryou.teikyouseido.mhlw.go.jp/znk-web/juminkanja/S2430/initialize?prefCd=34&kikanCd=2340609770&kikanKbn=2", "url2": "https://niconicokids-cl.com", "内容": "にこにこキッズクリニック【2:診療所】【診療科目:小児科_小児科系その他_アレルギー科】広島県広島市安佐南区緑井五丁目２９－１８　緑井ゆめビル１０３号" }, "geometry": { "type": "Point", "coordinates": [ 132.476946, 34.467354 ] } },
{ "type": "Feature", "properties": { "ID": 3422340610330, "正式名称": "谷口ハートクリニック", "機関区分": 2, "都道府県コード": 34, "市区町村コード": 207, "所在地": "広島県福山市多治米町２丁目１５番１６号", "緯度": 34.471298, "経度": 133.379592, "url": "https://www.iryou.teikyouseido.mhlw.go.jp/znk-web/juminkanja/S2430/initialize?prefCd=34&kikanCd=2340610330&kikanKbn=2", "url2": "https://www.taniguchi-heart.com", "内容": "谷口ハートクリニック【2:診療所】【診療科目:内科_循環器内科】広島県福山市多治米町２丁目１５番１６号" }, "geometry": { "type": "Point", "coordinates": [ 133.379592, 34.471298 ] } },
{ "type": "Feature", "properties": { "ID": 3422340610590, "正式名称": "さともとクリニック", "機関区分": 2, "都道府県コード": 34, "市区町村コード": 462, "所在地": "広島県世羅郡世羅町寺町１５５７－２", "緯度": 34.58675, "経度": 133.038511, "url": "https://www.iryou.teikyouseido.mhlw.go.jp/znk-web/juminkanja/S2430/initialize?prefCd=34&kikanCd=2340610590&kikanKbn=2", "url2": "https://satomotokurinikku.tkc.best-hp.jp/home", "内容": "さともとクリニック【2:診療所】【診療科目:内科_胃腸内科_外科_肛門外科】広島県世羅郡世羅町寺町１５５７－２" }, "geometry": { "type": "Point", "coordinates": [ 133.038511, 34.58675 ] } },
{ "type": "Feature", "properties": { "ID": 3422340610620, "正式名称": "きやすクリニック", "機関区分": 2, "都道府県コード": 34, "市区町村コード": 205, "所在地": "広島県尾道市天満町１６番１４－７号", "緯度": 34.406532, "経度": 133.18758, "url": "https://www.iryou.teikyouseido.mhlw.go.jp/znk-web/juminkanja/S2430/initialize?prefCd=34&kikanCd=2340610620&kikanKbn=2", "url2": "http://www.kiyasu-cl.jp", "内容": "きやすクリニック【2:診療所】【診療科目:精神科_心療内科】広島県尾道市天満町１６番１４－７号" }, "geometry": { "type": "Point", "coordinates": [ 133.18758, 34.406532 ] } },
{ "type": "Feature", "properties": { "ID": 3422340610750, "正式名称": "ひろまち眼科", "機関区分": 2, "都道府県コード": 34, "市区町村コード": 202, "所在地": "広島県呉市広古新開７丁目２４－３－２０２", "緯度": 34.240148, "経度": 132.618903, "url": "https://www.iryou.teikyouseido.mhlw.go.jp/znk-web/juminkanja/S2430/initialize?prefCd=34&kikanCd=2340610750&kikanKbn=2", "url2": null, "内容": "ひろまち眼科【2:診療所】【診療科目:眼科】広島県呉市広古新開７丁目２４－３－２０２" }, "geometry": { "type": "Point", "coordinates": [ 132.618903, 34.240148 ] } },
{ "type": "Feature", "properties": { "ID": 3422340610880, "正式名称": "医療法人　松尾内科・循環器内科クリニック", "機関区分": 2, "都道府県コード": 34, "市区町村コード": 202, "所在地": "広島県呉市広古新開７丁目２４－３－３０２", "緯度": 34.240148, "経度": 132.618859, "url": "https://www.iryou.teikyouseido.mhlw.go.jp/znk-web/juminkanja/S2430/initialize?prefCd=34&kikanCd=2340610880&kikanKbn=2", "url2": "https://www.matsuo-cl.info/", "内容": "医療法人　松尾内科・循環器内科クリニック【2:診療所】【診療科目:内科_循環器内科】広島県呉市広古新開７丁目２４－３－３０２" }, "geometry": { "type": "Point", "coordinates": [ 132.618859, 34.240148 ] } },
{ "type": "Feature", "properties": { "ID": 3422340610910, "正式名称": "よしかわ医院", "機関区分": 2, "都道府県コード": 34, "市区町村コード": 202, "所在地": "広島県呉市中央１丁目３－１　光陽ビル２階", "緯度": 34.246194, "経度": 132.559261, "url": "https://www.iryou.teikyouseido.mhlw.go.jp/znk-web/juminkanja/S2430/initialize?prefCd=34&kikanCd=2340610910&kikanKbn=2", "url2": "http://www.yoshikawa-cl.jp/", "内容": "よしかわ医院【2:診療所】【診療科目:内科_外科】広島県呉市中央１丁目３－１　光陽ビル２階" }, "geometry": { "type": "Point", "coordinates": [ 132.559261, 34.246194 ] } },
{ "type": "Feature", "properties": { "ID": 3422340611050, "正式名称": "みずの耳鼻咽喉科", "機関区分": 2, "都道府県コード": 34, "市区町村コード": 213, "所在地": "広島県廿日市市串戸４丁目１４－１４", "緯度": 34.347541, "経度": 132.323442, "url": "https://www.iryou.teikyouseido.mhlw.go.jp/znk-web/juminkanja/S2430/initialize?prefCd=34&kikanCd=2340611050&kikanKbn=2", "url2": "http://www.mizuno-ent.jp/", "内容": "みずの耳鼻咽喉科【2:診療所】【診療科目:耳鼻いんこう科】広島県廿日市市串戸４丁目１４－１４" }, "geometry": { "type": "Point", "coordinates": [ 132.323442, 34.347541 ] } },
{ "type": "Feature", "properties": { "ID": 3422340611180, "正式名称": "ののやま眼科", "機関区分": 2, "都道府県コード": 34, "市区町村コード": 102, "所在地": "広島県広島市東区中山西二丁目４番６号", "緯度": 34.409301, "経度": 132.498063, "url": "https://www.iryou.teikyouseido.mhlw.go.jp/znk-web/juminkanja/S2430/initialize?prefCd=34&kikanCd=2340611180&kikanKbn=2", "url2": "http://www.nonoyamaganka.jp/", "内容": "ののやま眼科【2:診療所】【診療科目:眼科】広島県広島市東区中山西二丁目４番６号" }, "geometry": { "type": "Point", "coordinates": [ 132.498063, 34.409301 ] } },
{ "type": "Feature", "properties": { "ID": 3422340611340, "正式名称": "みなみまちクリニック", "機関区分": 2, "都道府県コード": 34, "市区町村コード": 103, "所在地": "広島県広島市南区皆実町五丁目１８番２号", "緯度": 34.373434, "経度": 132.467598, "url": "https://www.iryou.teikyouseido.mhlw.go.jp/znk-web/juminkanja/S2430/initialize?prefCd=34&kikanCd=2340611340&kikanKbn=2", "url2": "http://www.minamimachi-cl.com/", "内容": "みなみまちクリニック【2:診療所】【診療科目:内科_整形外科_リウマチ科_リハビリテーション科】広島県広島市南区皆実町五丁目１８番２号" }, "geometry": { "type": "Point", "coordinates": [ 132.467598, 34.373434 ] } },
{ "type": "Feature", "properties": { "ID": 3422340611470, "正式名称": "医療法人あき皮ふ科", "機関区分": 2, "都道府県コード": 34, "市区町村コード": 105, "所在地": "広島県広島市安佐南区緑井五丁目２９－１８　緑井ゆめビル４０３号", "緯度": 34.467354, "経度": 132.476946, "url": "https://www.iryou.teikyouseido.mhlw.go.jp/znk-web/juminkanja/S2430/initialize?prefCd=34&kikanCd=2340611470&kikanKbn=2", "url2": "http://www.aki-hifuka.com/", "内容": "医療法人あき皮ふ科【2:診療所】【診療科目:皮膚科】広島県広島市安佐南区緑井五丁目２９－１８　緑井ゆめビル４０３号" }, "geometry": { "type": "Point", "coordinates": [ 132.476946, 34.467354 ] } },
{ "type": "Feature", "properties": { "ID": 3422340611760, "正式名称": "いわた耳鼻咽喉科クリニック", "機関区分": 2, "都道府県コード": 34, "市区町村コード": 207, "所在地": "広島県福山市神辺町川南１１２０番", "緯度": 34.533145, "経度": 133.369636, "url": "https://www.iryou.teikyouseido.mhlw.go.jp/znk-web/juminkanja/S2430/initialize?prefCd=34&kikanCd=2340611760&kikanKbn=2", "url2": "iwata-ent.jp", "内容": "いわた耳鼻咽喉科クリニック【2:診療所】【診療科目:耳鼻いんこう科】広島県福山市神辺町川南１１２０番" }, "geometry": { "type": "Point", "coordinates": [ 133.369636, 34.533145 ] } },
{ "type": "Feature", "properties": { "ID": 3422340611890, "正式名称": "サンクリニックみなが", "機関区分": 2, "都道府県コード": 34, "市区町村コード": 212, "所在地": "広島県東広島市西条町下三永字向原１０３５４番地１", "緯度": 34.38921, "経度": 132.747516, "url": "https://www.iryou.teikyouseido.mhlw.go.jp/znk-web/juminkanja/S2430/initialize?prefCd=34&kikanCd=2340611890&kikanKbn=2", "url2": "https://www.sunclinic.info/", "内容": "サンクリニックみなが【2:診療所】【診療科目:内科_糖尿病内科_消化器内科_腎臓内科_人工透析内科】広島県東広島市西条町下三永字向原１０３５４番地１" }, "geometry": { "type": "Point", "coordinates": [ 132.747516, 34.38921 ] } },
{ "type": "Feature", "properties": { "ID": 3422340612060, "正式名称": "二階堂耳鼻咽喉科", "機関区分": 2, "都道府県コード": 34, "市区町村コード": 104, "所在地": "広島県広島市西区楠木町四丁目１６－１８", "緯度": 34.417702, "経度": 132.455706, "url": "https://www.iryou.teikyouseido.mhlw.go.jp/znk-web/juminkanja/S2430/initialize?prefCd=34&kikanCd=2340612060&kikanKbn=2", "url2": "http://www.nikaido-oto.jp/", "内容": "二階堂耳鼻咽喉科【2:診療所】【診療科目:耳鼻いんこう科_アレルギー科】広島県広島市西区楠木町四丁目１６－１８" }, "geometry": { "type": "Point", "coordinates": [ 132.455706, 34.417702 ] } },
{ "type": "Feature", "properties": { "ID": 3422340612350, "正式名称": "医療法人　横山内科医院", "機関区分": 2, "都道府県コード": 34, "市区町村コード": 103, "所在地": "広島県広島市南区東荒神町３－３５", "緯度": 34.394594, "経度": 132.479566, "url": "https://www.iryou.teikyouseido.mhlw.go.jp/znk-web/juminkanja/S2430/initialize?prefCd=34&kikanCd=2340612350&kikanKbn=2", "url2": null, "内容": "医療法人　横山内科医院【2:診療所】【診療科目:内科_消化器内科】広島県広島市南区東荒神町３－３５" }, "geometry": { "type": "Point", "coordinates": [ 132.479566, 34.394594 ] } },
{ "type": "Feature", "properties": { "ID": 3422340613100, "正式名称": "なかもと眼科クリニック", "機関区分": 2, "都道府県コード": 34, "市区町村コード": 214, "所在地": "広島県安芸高田市甲田町高田原１４７２－２", "緯度": 34.693308, "経度": 132.759613, "url": "https://www.iryou.teikyouseido.mhlw.go.jp/znk-web/juminkanja/S2430/initialize?prefCd=34&kikanCd=2340613100&kikanKbn=2", "url2": null, "内容": "なかもと眼科クリニック【2:診療所】【診療科目:眼科】広島県安芸高田市甲田町高田原１４７２－２" }, "geometry": { "type": "Point", "coordinates": [ 132.759613, 34.693308 ] } },
{ "type": "Feature", "properties": { "ID": 3422340613490, "正式名称": "西原セントラルクリニック", "機関区分": 2, "都道府県コード": 34, "市区町村コード": 105, "所在地": "広島県広島市安佐南区西原八丁目３３－３", "緯度": 34.443197, "経度": 132.474199, "url": "https://www.iryou.teikyouseido.mhlw.go.jp/znk-web/juminkanja/S2430/initialize?prefCd=34&kikanCd=2340613490&kikanKbn=2", "url2": "https://koenkai-gr.jp/clinic/nishihara-clinic/", "内容": "西原セントラルクリニック【2:診療所】【診療科目:内科_糖尿病内科_内分泌内科_脳神経内科_呼吸器内科_消化器内科_胃腸内科_精神科_アレルギー科】広島県広島市安佐南区西原八丁目３３－３" }, "geometry": { "type": "Point", "coordinates": [ 132.474199, 34.443197 ] } },
{ "type": "Feature", "properties": { "ID": 3422340614240, "正式名称": "おおえ内科クリニック", "機関区分": 2, "都道府県コード": 34, "市区町村コード": 211, "所在地": "広島県大竹市晴海一丁目４－１３", "緯度": 34.24001, "経度": 132.223186, "url": "https://www.iryou.teikyouseido.mhlw.go.jp/znk-web/juminkanja/S2430/initialize?prefCd=34&kikanCd=2340614240&kikanKbn=2", "url2": "http://www.ohe-clinic.com", "内容": "おおえ内科クリニック【2:診療所】【診療科目:内科_消化器内科_内視鏡内科】広島県大竹市晴海一丁目４－１３" }, "geometry": { "type": "Point", "coordinates": [ 132.223186, 34.24001 ] } },
{ "type": "Feature", "properties": { "ID": 3422340614370, "正式名称": "医療法人　太田形成外科クリニック", "機関区分": 2, "都道府県コード": 34, "市区町村コード": 207, "所在地": "広島県福山市花園町二丁目６番２８号", "緯度": 34.48024, "経度": 133.372713, "url": "https://www.iryou.teikyouseido.mhlw.go.jp/znk-web/juminkanja/S2430/initialize?prefCd=34&kikanCd=2340614370&kikanKbn=2", "url2": "http://www.otakeiseigeka.jp", "内容": "医療法人　太田形成外科クリニック【2:診療所】【診療科目:形成外科_皮膚科_美容皮膚科】広島県福山市花園町二丁目６番２８号" }, "geometry": { "type": "Point", "coordinates": [ 133.372713, 34.48024 ] } },
{ "type": "Feature", "properties": { "ID": 3422340614400, "正式名称": "草津眼科クリニック", "機関区分": 2, "都道府県コード": 34, "市区町村コード": 104, "所在地": "広島県広島市西区草津東二丁目１６－８", "緯度": 34.380003, "経度": 132.404909, "url": "https://www.iryou.teikyouseido.mhlw.go.jp/znk-web/juminkanja/S2430/initialize?prefCd=34&kikanCd=2340614400&kikanKbn=2", "url2": "https://kusatsueyeclinic.com/", "内容": "草津眼科クリニック【2:診療所】【診療科目:眼科】広島県広島市西区草津東二丁目１６－８" }, "geometry": { "type": "Point", "coordinates": [ 132.404909, 34.380003 ] } },
{ "type": "Feature", "properties": { "ID": 3422340614660, "正式名称": "クリニック福本リハビリ整形外科", "機関区分": 2, "都道府県コード": 34, "市区町村コード": 107, "所在地": "広島県広島市安芸区矢野東二丁目３１－１１", "緯度": 34.355377, "経度": 132.53598, "url": "https://www.iryou.teikyouseido.mhlw.go.jp/znk-web/juminkanja/S2430/initialize?prefCd=34&kikanCd=2340614660&kikanKbn=2", "url2": "https://clinic-fukumoto.com", "内容": "クリニック福本リハビリ整形外科【2:診療所】【診療科目:整形外科_リウマチ科_リハビリテーション科】広島県広島市安芸区矢野東二丁目３１－１１" }, "geometry": { "type": "Point", "coordinates": [ 132.53598, 34.355377 ] } },
{ "type": "Feature", "properties": { "ID": 3422340614790, "正式名称": "大野東クリニック", "機関区分": 2, "都道府県コード": 34, "市区町村コード": 213, "所在地": "広島県廿日市市大野下更地１８０９－９", "緯度": 34.312146, "経度": 132.288727, "url": "https://www.iryou.teikyouseido.mhlw.go.jp/znk-web/juminkanja/S2430/initialize?prefCd=34&kikanCd=2340614790&kikanKbn=2", "url2": null, "内容": "大野東クリニック【2:診療所】【診療科目:内科_神経内科_老年内科_リハビリテーション科】広島県廿日市市大野下更地１８０９－９" }, "geometry": { "type": "Point", "coordinates": [ 132.288727, 34.312146 ] } },
{ "type": "Feature", "properties": { "ID": 3422340614950, "正式名称": "医療法人　雖寿会　しみずこどもクリニック", "機関区分": 2, "都道府県コード": 34, "市区町村コード": 105, "所在地": "広島県広島市安佐南区祇園三丁目１２－１２－２", "緯度": 34.439315, "経度": 132.460773, "url": "https://www.iryou.teikyouseido.mhlw.go.jp/znk-web/juminkanja/S2430/initialize?prefCd=34&kikanCd=2340614950&kikanKbn=2", "url2": "http://shimizukidsclinic.jp/", "内容": "医療法人　雖寿会　しみずこどもクリニック【2:診療所】【診療科目:小児科】広島県広島市安佐南区祇園三丁目１２－１２－２" }, "geometry": { "type": "Point", "coordinates": [ 132.460773, 34.439315 ] } },
{ "type": "Feature", "properties": { "ID": 3422340615090, "正式名称": "吉本内科クリニック", "機関区分": 2, "都道府県コード": 34, "市区町村コード": 101, "所在地": "広島県広島市中区江波西一丁目２８－１０", "緯度": 34.369929, "経度": 132.434904, "url": "https://www.iryou.teikyouseido.mhlw.go.jp/znk-web/juminkanja/S2430/initialize?prefCd=34&kikanCd=2340615090&kikanKbn=2", "url2": null, "内容": "吉本内科クリニック【2:診療所】【診療科目:内科_循環器内科_心療内科】広島県広島市中区江波西一丁目２８－１０" }, "geometry": { "type": "Point", "coordinates": [ 132.434904, 34.369929 ] } },
{ "type": "Feature", "properties": { "ID": 3422340615410, "正式名称": "はしがみ心療内科クリニック", "機関区分": 2, "都道府県コード": 34, "市区町村コード": 101, "所在地": "広島県広島市中区八丁堀１－１２　マスキ八丁堀ビル３Ｆ", "緯度": 34.397573, "経度": 132.463769, "url": "https://www.iryou.teikyouseido.mhlw.go.jp/znk-web/juminkanja/S2430/initialize?prefCd=34&kikanCd=2340615410&kikanKbn=2", "url2": null, "内容": "はしがみ心療内科クリニック【2:診療所】【診療科目:神経内科_精神科_神経科_心療内科_老年精神科_老年心療内科】広島県広島市中区八丁堀１－１２　マスキ八丁堀ビル３Ｆ" }, "geometry": { "type": "Point", "coordinates": [ 132.463769, 34.397573 ] } },
{ "type": "Feature", "properties": { "ID": 3422340615540, "正式名称": "本通眼科", "機関区分": 2, "都道府県コード": 34, "市区町村コード": 101, "所在地": "広島県広島市中区本通本通７－２５　高橋ビル１Ｆ", "緯度": 34.39336, "経度": 132.457681, "url": "https://www.iryou.teikyouseido.mhlw.go.jp/znk-web/juminkanja/S2430/initialize?prefCd=34&kikanCd=2340615540&kikanKbn=2", "url2": null, "内容": "本通眼科【2:診療所】【診療科目:眼科】広島県広島市中区本通本通７－２５　高橋ビル１Ｆ" }, "geometry": { "type": "Point", "coordinates": [ 132.457681, 34.39336 ] } },
{ "type": "Feature", "properties": { "ID": 3422340615960, "正式名称": "たかた内科クリニック", "機関区分": 2, "都道府県コード": 34, "市区町村コード": 102, "所在地": "広島県広島市東区若草町１０番１５号　１Ｆ", "緯度": 34.397816, "経度": 132.479998, "url": "https://www.iryou.teikyouseido.mhlw.go.jp/znk-web/juminkanja/S2430/initialize?prefCd=34&kikanCd=2340615960&kikanKbn=2", "url2": "www.takatanaikaclinic.com/access/", "内容": "たかた内科クリニック【2:診療所】【診療科目:内科_代謝内科_循環器内科_消化器内科】広島県広島市東区若草町１０番１５号　１Ｆ" }, "geometry": { "type": "Point", "coordinates": [ 132.479998, 34.397816 ] } },
{ "type": "Feature", "properties": { "ID": 3422340616000, "正式名称": "しんどう皮ふ科アレルギー科", "機関区分": 2, "都道府県コード": 34, "市区町村コード": 103, "所在地": "広島県広島市南区段原日出一丁目１５－１３　４Ｆ", "緯度": 34.386523, "経度": 132.480781, "url": "https://www.iryou.teikyouseido.mhlw.go.jp/znk-web/juminkanja/S2430/initialize?prefCd=34&kikanCd=2340616000&kikanKbn=2", "url2": "https://www.shindo-hifuka.com/", "内容": "しんどう皮ふ科アレルギー科【2:診療所】【診療科目:皮膚科_アレルギー科】広島県広島市南区段原日出一丁目１５－１３　４Ｆ" }, "geometry": { "type": "Point", "coordinates": [ 132.480781, 34.386523 ] } },
{ "type": "Feature", "properties": { "ID": 3422340616260, "正式名称": "石川内科外科クリニック", "機関区分": 2, "都道府県コード": 34, "市区町村コード": 108, "所在地": "広島県広島市佐伯区海老園二丁目１０－２１", "緯度": 34.364265, "経度": 132.362048, "url": "https://www.iryou.teikyouseido.mhlw.go.jp/znk-web/juminkanja/S2430/initialize?prefCd=34&kikanCd=2340616260&kikanKbn=2", "url2": "http://www.ishikawa-is-clinic.com/", "内容": "石川内科外科クリニック【2:診療所】【診療科目:内科_外科】広島県広島市佐伯区海老園二丁目１０－２１" }, "geometry": { "type": "Point", "coordinates": [ 132.362048, 34.364265 ] } },
{ "type": "Feature", "properties": { "ID": 3422340616390, "正式名称": "祇園ふたばこどもクリニック", "機関区分": 2, "都道府県コード": 34, "市区町村コード": 105, "所在地": "広島県広島市安佐南区山本三丁目１－１２", "緯度": 34.439306, "経度": 132.455779, "url": "https://www.iryou.teikyouseido.mhlw.go.jp/znk-web/juminkanja/S2430/initialize?prefCd=34&kikanCd=2340616390&kikanKbn=2", "url2": "http://www.futaba-kids.net/", "内容": "祇園ふたばこどもクリニック【2:診療所】【診療科目:小児科_小児耳鼻いんこう科_小児皮膚科_新生児内科】広島県広島市安佐南区山本三丁目１－１２" }, "geometry": { "type": "Point", "coordinates": [ 132.455779, 34.439306 ] } },
{ "type": "Feature", "properties": { "ID": 3422340616420, "正式名称": "医療法人　櫻馬会　中山眼科", "機関区分": 2, "都道府県コード": 34, "市区町村コード": 207, "所在地": "広島県福山市川口町四丁目２１－３１", "緯度": 34.463963, "経度": 133.38696, "url": "https://www.iryou.teikyouseido.mhlw.go.jp/znk-web/juminkanja/S2430/initialize?prefCd=34&kikanCd=2340616420&kikanKbn=2", "url2": "http://www.nakayama-ganka.jp/", "内容": "医療法人　櫻馬会　中山眼科【2:診療所】【診療科目:眼科】広島県福山市川口町四丁目２１－３１" }, "geometry": { "type": "Point", "coordinates": [ 133.38696, 34.463963 ] } },
{ "type": "Feature", "properties": { "ID": 3422340616550, "正式名称": "うえだ皮膚科", "機関区分": 2, "都道府県コード": 34, "市区町村コード": 204, "所在地": "広島県三原市頼兼一丁目１番６号", "緯度": 34.399569, "経度": 133.059881, "url": "https://www.iryou.teikyouseido.mhlw.go.jp/znk-web/juminkanja/S2430/initialize?prefCd=34&kikanCd=2340616550&kikanKbn=2", "url2": "https://www.ueda-derma.com/", "内容": "うえだ皮膚科【2:診療所】【診療科目:形成外科_皮膚科_アレルギー科】広島県三原市頼兼一丁目１番６号" }, "geometry": { "type": "Point", "coordinates": [ 133.059881, 34.399569 ] } },
{ "type": "Feature", "properties": { "ID": 3422340616680, "正式名称": "尾道市立夜間救急診療所", "機関区分": 2, "都道府県コード": 34, "市区町村コード": 205, "所在地": "広島県尾道市門田町２２－５", "緯度": 34.421637, "経度": 133.185305, "url": "https://www.iryou.teikyouseido.mhlw.go.jp/znk-web/juminkanja/S2430/initialize?prefCd=34&kikanCd=2340616680&kikanKbn=2", "url2": "https://www.city.onomichi.hiroshima.jp/soshiki/19/1824.html", "内容": "尾道市立夜間救急診療所【2:診療所】【診療科目:内科_外科】広島県尾道市門田町２２－５" }, "geometry": { "type": "Point", "coordinates": [ 133.185305, 34.421637 ] } },
{ "type": "Feature", "properties": { "ID": 3422340616710, "正式名称": "行徳皮ふ科アレルギー科", "機関区分": 2, "都道府県コード": 34, "市区町村コード": 302, "所在地": "広島県安芸郡府中町青崎中２４－２６", "緯度": 34.377263, "経度": 132.506813, "url": "https://www.iryou.teikyouseido.mhlw.go.jp/znk-web/juminkanja/S2430/initialize?prefCd=34&kikanCd=2340616710&kikanKbn=2", "url2": "https://www.gyotokuhifuka.com", "内容": "行徳皮ふ科アレルギー科【2:診療所】【診療科目:皮膚科_アレルギー科】広島県安芸郡府中町青崎中２４－２６" }, "geometry": { "type": "Point", "coordinates": [ 132.506813, 34.377263 ] } },
{ "type": "Feature", "properties": { "ID": 3422340616840, "正式名称": "太田川東クリニック", "機関区分": 2, "都道府県コード": 34, "市区町村コード": 102, "所在地": "広島県広島市東区戸坂山根一丁目２４－２０", "緯度": 34.433854, "経度": 132.489444, "url": "https://www.iryou.teikyouseido.mhlw.go.jp/znk-web/juminkanja/S2430/initialize?prefCd=34&kikanCd=2340616840&kikanKbn=2", "url2": "www.otagawa-hp.com/otagawa_higashi/", "内容": "太田川東クリニック【2:診療所】【診療科目:内科_外科】広島県広島市東区戸坂山根一丁目２４－２０" }, "geometry": { "type": "Point", "coordinates": [ 132.489444, 34.433854 ] } },
{ "type": "Feature", "properties": { "ID": 3422340617140, "正式名称": "ゆめ眼科", "機関区分": 2, "都道府県コード": 34, "市区町村コード": 103, "所在地": "広島県広島市南区皆実町二丁目８－１７", "緯度": 34.37616, "経度": 132.463792, "url": "https://www.iryou.teikyouseido.mhlw.go.jp/znk-web/juminkanja/S2430/initialize?prefCd=34&kikanCd=2340617140&kikanKbn=2", "url2": null, "内容": "ゆめ眼科【2:診療所】【診療科目:眼科】広島県広島市南区皆実町二丁目８－１７" }, "geometry": { "type": "Point", "coordinates": [ 132.463792, 34.37616 ] } },
{ "type": "Feature", "properties": { "ID": 3422340617430, "正式名称": "医療法人　いつかいち駅前内科", "機関区分": 2, "都道府県コード": 34, "市区町村コード": 108, "所在地": "広島県広島市佐伯区五日市駅前一丁目５－１８－４０１", "緯度": 34.368146, "経度": 132.368656, "url": "https://www.iryou.teikyouseido.mhlw.go.jp/znk-web/juminkanja/S2430/initialize?prefCd=34&kikanCd=2340617430&kikanKbn=2", "url2": "http://www.ekimaenaika.jp/", "内容": "医療法人　いつかいち駅前内科【2:診療所】【診療科目:内科_糖尿病内科_内分泌内科】広島県広島市佐伯区五日市駅前一丁目５－１８－４０１" }, "geometry": { "type": "Point", "coordinates": [ 132.368656, 34.368146 ] } },
{ "type": "Feature", "properties": { "ID": 3422340617720, "正式名称": "のじまホームクリニック", "機関区分": 2, "都道府県コード": 34, "市区町村コード": 207, "所在地": "広島県福山市駅家町万能倉１２４５－４", "緯度": 34.544274, "経度": 133.329855, "url": "https://www.iryou.teikyouseido.mhlw.go.jp/znk-web/juminkanja/S2430/initialize?prefCd=34&kikanCd=2340617720&kikanKbn=2", "url2": "http://www.nojima-hc.com", "内容": "のじまホームクリニック【2:診療所】【診療科目:内科_外科】広島県福山市駅家町万能倉１２４５－４" }, "geometry": { "type": "Point", "coordinates": [ 133.329855, 34.544274 ] } },
{ "type": "Feature", "properties": { "ID": 3422340617850, "正式名称": "医療法人社団　仁井谷医院　にいたにクリニック", "機関区分": 2, "都道府県コード": 34, "市区町村コード": 202, "所在地": "広島県呉市中通２丁目８－１８", "緯度": 34.243638, "経度": 132.563683, "url": "https://www.iryou.teikyouseido.mhlw.go.jp/znk-web/juminkanja/S2430/initialize?prefCd=34&kikanCd=2340617850&kikanKbn=2", "url2": "http://www.niitani-clinic.jp/", "内容": "医療法人社団　仁井谷医院　にいたにクリニック【2:診療所】【診療科目:循環器内科_整形外科_形成外科_皮膚科_美容皮膚科_歯科_小児歯科_アレルギー科_リハビリテーション科_救急科_麻酔科】広島県呉市中通２丁目８－１８" }, "geometry": { "type": "Point", "coordinates": [ 132.563683, 34.243638 ] } },
{ "type": "Feature", "properties": { "ID": 3422340617980, "正式名称": "医療法人よつば　よつばクリニック", "機関区分": 2, "都道府県コード": 34, "市区町村コード": 202, "所在地": "広島県呉市和庄登町１３－３", "緯度": 34.243052, "経度": 132.570388, "url": "https://www.iryou.teikyouseido.mhlw.go.jp/znk-web/juminkanja/S2430/initialize?prefCd=34&kikanCd=2340617980&kikanKbn=2", "url2": "https://www.yotsubaclinic-kure.jp/home", "内容": "医療法人よつば　よつばクリニック【2:診療所】【診療科目:内科】広島県呉市和庄登町１３－３" }, "geometry": { "type": "Point", "coordinates": [ 132.570388, 34.243052 ] } },
{ "type": "Feature", "properties": { "ID": 3422340618020, "正式名称": "小早川クリニック　心療内科", "機関区分": 2, "都道府県コード": 34, "市区町村コード": 202, "所在地": "広島県呉市広古新開７丁目２４－３－３０１", "緯度": 34.240148, "経度": 132.618859, "url": "https://www.iryou.teikyouseido.mhlw.go.jp/znk-web/juminkanja/S2430/initialize?prefCd=34&kikanCd=2340618020&kikanKbn=2", "url2": "http://www.kobayakawa-cl.com", "内容": "小早川クリニック　心療内科【2:診療所】【診療科目:精神科_心療内科】広島県呉市広古新開７丁目２４－３－３０１" }, "geometry": { "type": "Point", "coordinates": [ 132.618859, 34.240148 ] } },
{ "type": "Feature", "properties": { "ID": 3422340618150, "正式名称": "医療法人　増田ファミリークリニック", "機関区分": 2, "都道府県コード": 34, "市区町村コード": 214, "所在地": "広島県安芸高田市甲田町高田原１４７４番地３", "緯度": 34.695138, "経度": 132.759903, "url": "https://www.iryou.teikyouseido.mhlw.go.jp/znk-web/juminkanja/S2430/initialize?prefCd=34&kikanCd=2340618150&kikanKbn=2", "url2": "http://www.akitakatamed.or.jp/medi/h021.html", "内容": "医療法人　増田ファミリークリニック【2:診療所】【診療科目:内科_糖尿病内科_呼吸器内科_循環器内科_消化器内科_腎臓内科_小児科】広島県安芸高田市甲田町高田原１４７４番地３" }, "geometry": { "type": "Point", "coordinates": [ 132.759903, 34.695138 ] } },
{ "type": "Feature", "properties": { "ID": 3422340618860, "正式名称": "そえだ眼科", "機関区分": 2, "都道府県コード": 34, "市区町村コード": 108, "所在地": "広島県広島市佐伯区楽々園四丁目６－２３", "緯度": 34.363398, "経度": 132.352704, "url": "https://www.iryou.teikyouseido.mhlw.go.jp/znk-web/juminkanja/S2430/initialize?prefCd=34&kikanCd=2340618860&kikanKbn=2", "url2": "https://www.soeda-ganka.net", "内容": "そえだ眼科【2:診療所】【診療科目:眼科】広島県広島市佐伯区楽々園四丁目６－２３" }, "geometry": { "type": "Point", "coordinates": [ 132.352704, 34.363398 ] } },
{ "type": "Feature", "properties": { "ID": 3422340619160, "正式名称": "医療法人泌尿器科福島クリニック", "機関区分": 2, "都道府県コード": 34, "市区町村コード": 205, "所在地": "広島県尾道市栗原西一丁目４－１９", "緯度": 34.407237, "経度": 133.187343, "url": "https://www.iryou.teikyouseido.mhlw.go.jp/znk-web/juminkanja/S2430/initialize?prefCd=34&kikanCd=2340619160&kikanKbn=2", "url2": null, "内容": "医療法人泌尿器科福島クリニック【2:診療所】【診療科目:泌尿器科】広島県尾道市栗原西一丁目４－１９" }, "geometry": { "type": "Point", "coordinates": [ 133.187343, 34.407237 ] } },
{ "type": "Feature", "properties": { "ID": 3422340620140, "正式名称": "内科・腎臓内科　かつたにクリニック", "機関区分": 2, "都道府県コード": 34, "市区町村コード": 205, "所在地": "広島県尾道市栗原西一丁目４番１９号", "緯度": 34.407237, "経度": 133.187343, "url": "https://www.iryou.teikyouseido.mhlw.go.jp/znk-web/juminkanja/S2430/initialize?prefCd=34&kikanCd=2340620140&kikanKbn=2", "url2": "http://www.katsutani-cl.com/", "内容": "内科・腎臓内科　かつたにクリニック【2:診療所】【診療科目:内科_腎臓内科】広島県尾道市栗原西一丁目４番１９号" }, "geometry": { "type": "Point", "coordinates": [ 133.187343, 34.407237 ] } },
{ "type": "Feature", "properties": { "ID": 3422340621150, "正式名称": "友安クリニック", "機関区分": 2, "都道府県コード": 34, "市区町村コード": 212, "所在地": "広島県東広島市西条町寺家字前谷１３１９番１", "緯度": 34.432094, "経度": 132.713656, "url": "https://www.iryou.teikyouseido.mhlw.go.jp/znk-web/juminkanja/S2430/initialize?prefCd=34&kikanCd=2340621150&kikanKbn=2", "url2": "https://www.tomoyasu-clinic.jp", "内容": "友安クリニック【2:診療所】【診療科目:内科_外科_リハビリテーション科】広島県東広島市西条町寺家字前谷１３１９番１" }, "geometry": { "type": "Point", "coordinates": [ 132.713656, 34.432094 ] } },
{ "type": "Feature", "properties": { "ID": 3422340621280, "正式名称": "ふろなか内科呼吸器アレルギークリニック", "機関区分": 2, "都道府県コード": 34, "市区町村コード": 105, "所在地": "広島県広島市安佐南区祇園三丁目１５－２５", "緯度": 34.397619, "経度": 132.444609, "url": "https://www.iryou.teikyouseido.mhlw.go.jp/znk-web/juminkanja/S2430/initialize?prefCd=34&kikanCd=2340621280&kikanKbn=2", "url2": "http://www.furonaka-clinic.com/", "内容": "ふろなか内科呼吸器アレルギークリニック【2:診療所】【診療科目:内科_呼吸器内科_アレルギー疾患内科】広島県広島市安佐南区祇園三丁目１５－２５" }, "geometry": { "type": "Point", "coordinates": [ 132.444609, 34.397619 ] } },
{ "type": "Feature", "properties": { "ID": 3422340621600, "正式名称": "あおぞら診療所", "機関区分": 2, "都道府県コード": 34, "市区町村コード": 107, "所在地": "広島県広島市安芸区中野七丁目２２－１１", "緯度": 34.422355, "経度": 132.592618, "url": "https://www.iryou.teikyouseido.mhlw.go.jp/znk-web/juminkanja/S2430/initialize?prefCd=34&kikanCd=2340621600&kikanKbn=2", "url2": null, "内容": "あおぞら診療所【2:診療所】【診療科目:内科_整形外科_リハビリテーション科】広島県広島市安芸区中野七丁目２２－１１" }, "geometry": { "type": "Point", "coordinates": [ 132.592618, 34.422355 ] } },
{ "type": "Feature", "properties": { "ID": 3422340622030, "正式名称": "村田内科クリニック", "機関区分": 2, "都道府県コード": 34, "市区町村コード": 202, "所在地": "広島県呉市本通７丁目１４番３号", "緯度": 34.250268, "経度": 132.576095, "url": "https://www.iryou.teikyouseido.mhlw.go.jp/znk-web/juminkanja/S2430/initialize?prefCd=34&kikanCd=2340622030&kikanKbn=2", "url2": "https://www.kure-muratanaika.com/", "内容": "村田内科クリニック【2:診療所】【診療科目:内科_循環器内科_人工透析内科_アレルギー疾患内科】広島県呉市本通７丁目１４番３号" }, "geometry": { "type": "Point", "coordinates": [ 132.576095, 34.250268 ] } },
{ "type": "Feature", "properties": { "ID": 3422340622320, "正式名称": "八丁堀脳外科", "機関区分": 2, "都道府県コード": 34, "市区町村コード": 101, "所在地": "広島県広島市中区八丁堀１４－７　宮田ビル２Ｆ", "緯度": 34.394614, "経度": 132.463533, "url": "https://www.iryou.teikyouseido.mhlw.go.jp/znk-web/juminkanja/S2430/initialize?prefCd=34&kikanCd=2340622320&kikanKbn=2", "url2": "http://hnc141008.com/hatchouborinougeka.html", "内容": "八丁堀脳外科【2:診療所】【診療科目:脳神経外科】広島県広島市中区八丁堀１４－７　宮田ビル２Ｆ" }, "geometry": { "type": "Point", "coordinates": [ 132.463533, 34.394614 ] } },
{ "type": "Feature", "properties": { "ID": 3422340622450, "正式名称": "いちごこどもクリニック", "機関区分": 2, "都道府県コード": 34, "市区町村コード": 105, "所在地": "広島県広島市安佐南区川内五丁目１４－２０", "緯度": 34.469556, "経度": 132.484017, "url": "https://www.iryou.teikyouseido.mhlw.go.jp/znk-web/juminkanja/S2430/initialize?prefCd=34&kikanCd=2340622450&kikanKbn=2", "url2": "http://paw.candypop.jp/", "内容": "いちごこどもクリニック【2:診療所】【診療科目:内科_小児科】広島県広島市安佐南区川内五丁目１４－２０" }, "geometry": { "type": "Point", "coordinates": [ 132.484017, 34.469556 ] } },
{ "type": "Feature", "properties": { "ID": 3422340622580, "正式名称": "広島アレルギー呼吸器クリニック八丁堀", "機関区分": 2, "都道府県コード": 34, "市区町村コード": 101, "所在地": "広島県広島市中区八丁堀１４－７", "緯度": 34.394605, "経度": 132.463281, "url": "https://www.iryou.teikyouseido.mhlw.go.jp/znk-web/juminkanja/S2430/initialize?prefCd=34&kikanCd=2340622580&kikanKbn=2", "url2": "http://www.harg.info/", "内容": "広島アレルギー呼吸器クリニック八丁堀【2:診療所】【診療科目:内科_呼吸器内科_アレルギー科】広島県広島市中区八丁堀１４－７" }, "geometry": { "type": "Point", "coordinates": [ 132.463281, 34.394605 ] } },
{ "type": "Feature", "properties": { "ID": 3422340622610, "正式名称": "ナチュレ美容クリニック広島", "機関区分": 2, "都道府県コード": 34, "市区町村コード": 101, "所在地": "広島県広島市中区八丁堀１２－４　八丁堀わかばビル５Ｆ", "緯度": 34.395292, "経度": 132.463692, "url": "https://www.iryou.teikyouseido.mhlw.go.jp/znk-web/juminkanja/S2430/initialize?prefCd=34&kikanCd=2340622610&kikanKbn=2", "url2": "https://natule-beauty.com", "内容": "ナチュレ美容クリニック広島【2:診療所】【診療科目:形成外科_美容外科_美容皮膚科】広島県広島市中区八丁堀１２－４　八丁堀わかばビル５Ｆ" }, "geometry": { "type": "Point", "coordinates": [ 132.463692, 34.395292 ] } },
{ "type": "Feature", "properties": { "ID": 3422340622900, "正式名称": "医療法人　しみずハート内科クリニック", "機関区分": 2, "都道府県コード": 34, "市区町村コード": 302, "所在地": "広島県安芸郡府中町大須三丁目８－５６　大田ビル２０１", "緯度": 34.397405, "経度": 132.501009, "url": "https://www.iryou.teikyouseido.mhlw.go.jp/znk-web/juminkanja/S2430/initialize?prefCd=34&kikanCd=2340622900&kikanKbn=2", "url2": "http://shimizu-heart.com/", "内容": "医療法人　しみずハート内科クリニック【2:診療所】【診療科目:内科_循環器内科】広島県安芸郡府中町大須三丁目８－５６　大田ビル２０１" }, "geometry": { "type": "Point", "coordinates": [ 132.501009, 34.397405 ] } },
{ "type": "Feature", "properties": { "ID": 3422340624500, "正式名称": "のびのびこどもクリニック", "機関区分": 2, "都道府県コード": 34, "市区町村コード": 202, "所在地": "広島県呉市阿賀中央６丁目２－１１　あがプラザ１Ｆ", "緯度": 34.236526, "経度": 132.600588, "url": "https://www.iryou.teikyouseido.mhlw.go.jp/znk-web/juminkanja/S2430/initialize?prefCd=34&kikanCd=2340624500&kikanKbn=2", "url2": "http://www.nobinobikids-cl.com", "内容": "のびのびこどもクリニック【2:診療所】【診療科目:小児科】広島県呉市阿賀中央６丁目２－１１　あがプラザ１Ｆ" }, "geometry": { "type": "Point", "coordinates": [ 132.600588, 34.236526 ] } },
{ "type": "Feature", "properties": { "ID": 3422340625800, "正式名称": "医療法人社団　敬崇会　猪原［食べる］総合歯科医療クリニック", "機関区分": 2, "都道府県コード": 34, "市区町村コード": 207, "所在地": "広島県福山市多治米町五丁目２８番１５号", "緯度": 34.463993, "経度": 133.376305, "url": "https://www.iryou.teikyouseido.mhlw.go.jp/znk-web/juminkanja/S2430/initialize?prefCd=34&kikanCd=2340625800&kikanKbn=2", "url2": "https://www.inohara-dental.net/", "内容": "医療法人社団　敬崇会　猪原［食べる］総合歯科医療クリニック【2:診療所】【診療科目:内科_歯科_歯科口腔外科_リハビリテーション科】広島県福山市多治米町五丁目２８番１５号" }, "geometry": { "type": "Point", "coordinates": [ 133.376305, 34.463993 ] } },
{ "type": "Feature", "properties": { "ID": 3422340626230, "正式名称": "かわもと心臓内科クリニック", "機関区分": 2, "都道府県コード": 34, "市区町村コード": 202, "所在地": "広島県呉市宝町２番２３－１号", "緯度": 34.245407, "経度": 132.555436, "url": "https://www.iryou.teikyouseido.mhlw.go.jp/znk-web/juminkanja/S2430/initialize?prefCd=34&kikanCd=2340626230&kikanKbn=2", "url2": "http://kureheartclinic.co.jp/", "内容": "かわもと心臓内科クリニック【2:診療所】【診療科目:内科_糖尿病内科_代謝内科_糖尿病・代謝内科_循環器内科_心臓内科】広島県呉市宝町２番２３－１号" }, "geometry": { "type": "Point", "coordinates": [ 132.555436, 34.245407 ] } },
{ "type": "Feature", "properties": { "ID": 3422340627080, "正式名称": "広島生活習慣病・がん健診所大野", "機関区分": 2, "都道府県コード": 34, "市区町村コード": 213, "所在地": "広島県廿日市市大野早時３４０６－５", "緯度": 34.302316, "経度": 132.293248, "url": "https://www.iryou.teikyouseido.mhlw.go.jp/znk-web/juminkanja/S2430/initialize?prefCd=34&kikanCd=2340627080&kikanKbn=2", "url2": "https://hmh.or.jp/oono/", "内容": "広島生活習慣病・がん健診所大野【2:診療所】【診療科目:内科_呼吸器内科_循環器内科_消化器内科_内視鏡内科_婦人科_リウマチ科_放射線科】広島県廿日市市大野早時３４０６－５" }, "geometry": { "type": "Point", "coordinates": [ 132.293248, 34.302316 ] } },
{ "type": "Feature", "properties": { "ID": 3422340627370, "正式名称": "医療法人社団　明樟会　あおぞら健診・内科クリニック", "機関区分": 2, "都道府県コード": 34, "市区町村コード": 101, "所在地": "広島県広島市中区三川町１－２０　ピンクリボン３９ビル７Ｆ・８Ｆ", "緯度": 34.39068, "経度": 132.462847, "url": "https://www.iryou.teikyouseido.mhlw.go.jp/znk-web/juminkanja/S2430/initialize?prefCd=34&kikanCd=2340627370&kikanKbn=2", "url2": "http://hiroshimabreastcenter.co.jp/aozora/", "内容": "医療法人社団　明樟会　あおぞら健診・内科クリニック【2:診療所】【診療科目:内科_消化器内科_放射線診断科】広島県広島市中区三川町１－２０　ピンクリボン３９ビル７Ｆ・８Ｆ" }, "geometry": { "type": "Point", "coordinates": [ 132.462847, 34.39068 ] } },
{ "type": "Feature", "properties": { "ID": 3422340627400, "正式名称": "松阪内科医院", "機関区分": 2, "都道府県コード": 34, "市区町村コード": 104, "所在地": "広島県広島市西区己斐本町三丁目５－７　エステート己斐本町ビル２Ｆ", "緯度": 34.397869, "経度": 132.429279, "url": "https://www.iryou.teikyouseido.mhlw.go.jp/znk-web/juminkanja/S2430/initialize?prefCd=34&kikanCd=2340627400&kikanKbn=2", "url2": null, "内容": "松阪内科医院【2:診療所】【診療科目:内科_呼吸器内科_循環器内科_消化器内科_アレルギー疾患内科_アレルギー科_放射線科】広島県広島市西区己斐本町三丁目５－７　エステート己斐本町ビル２Ｆ" }, "geometry": { "type": "Point", "coordinates": [ 132.429279, 34.397869 ] } },
{ "type": "Feature", "properties": { "ID": 3422340627790, "正式名称": "ひだかペインクリニック", "機関区分": 2, "都道府県コード": 34, "市区町村コード": 101, "所在地": "広島県広島市中区八丁堀１－１２　マスキ八丁堀ビル６Ｆ", "緯度": 34.397557, "経度": 132.463807, "url": "https://www.iryou.teikyouseido.mhlw.go.jp/znk-web/juminkanja/S2430/initialize?prefCd=34&kikanCd=2340627790&kikanKbn=2", "url2": "https://www.hidaka-pain.jp/", "内容": "ひだかペインクリニック【2:診療所】【診療科目:ペインクリニック整形外科_リハビリテーション科_麻酔科】広島県広島市中区八丁堀１－１２　マスキ八丁堀ビル６Ｆ" }, "geometry": { "type": "Point", "coordinates": [ 132.463807, 34.397557 ] } },
{ "type": "Feature", "properties": { "ID": 3422340627820, "正式名称": "こころ耳鼻咽喉科", "機関区分": 2, "都道府県コード": 34, "市区町村コード": 105, "所在地": "広島県広島市安佐南区伴南一丁目５－１８－８－２０２", "緯度": 34.448217, "経度": 132.380781, "url": "https://www.iryou.teikyouseido.mhlw.go.jp/znk-web/juminkanja/S2430/initialize?prefCd=34&kikanCd=2340627820&kikanKbn=2", "url2": "http://www.cocoro-ent.com/", "内容": "こころ耳鼻咽喉科【2:診療所】【診療科目:耳鼻いんこう科】広島県広島市安佐南区伴南一丁目５－１８－８－２０２" }, "geometry": { "type": "Point", "coordinates": [ 132.380781, 34.448217 ] } },
{ "type": "Feature", "properties": { "ID": 3422340627950, "正式名称": "ひがき乳腺クリニック", "機関区分": 2, "都道府県コード": 34, "市区町村コード": 101, "所在地": "広島県広島市中区本通８－２３　本通ヒルズ７Ｆ", "緯度": 34.392928, "経度": 132.458762, "url": "https://www.iryou.teikyouseido.mhlw.go.jp/znk-web/juminkanja/S2430/initialize?prefCd=34&kikanCd=2340627950&kikanKbn=2", "url2": "http://www.h-pinkribbon.com/", "内容": "ひがき乳腺クリニック【2:診療所】【診療科目:乳腺外科】広島県広島市中区本通８－２３　本通ヒルズ７Ｆ" }, "geometry": { "type": "Point", "coordinates": [ 132.458762, 34.392928 ] } },
{ "type": "Feature", "properties": { "ID": 3422340628090, "正式名称": "上田循環器八丁堀クリニック", "機関区分": 2, "都道府県コード": 34, "市区町村コード": 101, "所在地": "広島県広島市中区八丁堀１４－７　八丁堀宮田ビル５Ｆ", "緯度": 34.394724, "経度": 132.462508, "url": "https://www.iryou.teikyouseido.mhlw.go.jp/znk-web/juminkanja/S2430/initialize?prefCd=34&kikanCd=2340628090&kikanKbn=2", "url2": "http://www.ueda-junkanki.jp", "内容": "上田循環器八丁堀クリニック【2:診療所】【診療科目:内科_循環器内科】広島県広島市中区八丁堀１４－７　八丁堀宮田ビル５Ｆ" }, "geometry": { "type": "Point", "coordinates": [ 132.462508, 34.394724 ] } },
{ "type": "Feature", "properties": { "ID": 3422340628120, "正式名称": "ひじり皮ふ科クリニック", "機関区分": 2, "都道府県コード": 34, "市区町村コード": 202, "所在地": "広島県呉市阿賀中央６丁目２－１１　あがプラザ１Ｆ", "緯度": 34.236526, "経度": 132.600588, "url": "https://www.iryou.teikyouseido.mhlw.go.jp/znk-web/juminkanja/S2430/initialize?prefCd=34&kikanCd=2340628120&kikanKbn=2", "url2": "http://www.hijiri-hifuka.jp/", "内容": "ひじり皮ふ科クリニック【2:診療所】【診療科目:皮膚科】広島県呉市阿賀中央６丁目２－１１　あがプラザ１Ｆ" }, "geometry": { "type": "Point", "coordinates": [ 132.600588, 34.236526 ] } },
{ "type": "Feature", "properties": { "ID": 3422340628250, "正式名称": "特別養護老人ホームくちた園　医務室", "機関区分": 2, "都道府県コード": 34, "市区町村コード": 106, "所在地": "広島県広島市安佐北区口田南一丁目９－８", "緯度": 34.454599, "経度": 132.491768, "url": "https://www.iryou.teikyouseido.mhlw.go.jp/znk-web/juminkanja/S2430/initialize?prefCd=34&kikanCd=2340628250&kikanKbn=2", "url2": null, "内容": "特別養護老人ホームくちた園　医務室【2:診療所】【診療科目:内科】広島県広島市安佐北区口田南一丁目９－８" }, "geometry": { "type": "Point", "coordinates": [ 132.491768, 34.454599 ] } },
{ "type": "Feature", "properties": { "ID": 3422340628380, "正式名称": "あさひ整形外科クリニック", "機関区分": 2, "都道府県コード": 34, "市区町村コード": 103, "所在地": "広島県広島市南区旭二丁目１５－１８", "緯度": 34.372877, "経度": 132.477188, "url": "https://www.iryou.teikyouseido.mhlw.go.jp/znk-web/juminkanja/S2430/initialize?prefCd=34&kikanCd=2340628380&kikanKbn=2", "url2": "http://www.asahi-seikei.com", "内容": "あさひ整形外科クリニック【2:診療所】【診療科目:整形外科_リハビリテーション科】広島県広島市南区旭二丁目１５－１８" }, "geometry": { "type": "Point", "coordinates": [ 132.477188, 34.372877 ] } },
{ "type": "Feature", "properties": { "ID": 3422340628540, "正式名称": "澤野甲状腺・糖尿病専門予約クリニック", "機関区分": 2, "都道府県コード": 34, "市区町村コード": 101, "所在地": "広島県広島市中区大手町三丁目８－５　エイトバレー大手町９Ｆ", "緯度": 34.387007, "経度": 132.454406, "url": "https://www.iryou.teikyouseido.mhlw.go.jp/znk-web/juminkanja/S2430/initialize?prefCd=34&kikanCd=2340628540&kikanKbn=2", "url2": null, "内容": "澤野甲状腺・糖尿病専門予約クリニック【2:診療所】【診療科目:糖尿病内科_代謝内科_内分泌内科_脂質代謝内科】広島県広島市中区大手町三丁目８－５　エイトバレー大手町９Ｆ" }, "geometry": { "type": "Point", "coordinates": [ 132.454406, 34.387007 ] } },
{ "type": "Feature", "properties": { "ID": 3422340628830, "正式名称": "ライフサポートクリニック広島", "機関区分": 2, "都道府県コード": 34, "市区町村コード": 102, "所在地": "広島県広島市東区東蟹屋町７－３４　３Ｆ", "緯度": 34.395786, "経度": 132.480771, "url": "https://www.iryou.teikyouseido.mhlw.go.jp/znk-web/juminkanja/S2430/initialize?prefCd=34&kikanCd=2340628830&kikanKbn=2", "url2": "http://lifesch.jp/", "内容": "ライフサポートクリニック広島【2:診療所】【診療科目:内科_児童精神科】広島県広島市東区東蟹屋町７－３４　３Ｆ" }, "geometry": { "type": "Point", "coordinates": [ 132.480771, 34.395786 ] } },
{ "type": "Feature", "properties": { "ID": 3422340629130, "正式名称": "城眼科", "機関区分": 2, "都道府県コード": 34, "市区町村コード": 104, "所在地": "広島県広島市西区横川町三丁目２－１　ＪＲ横川駅ビル３０２", "緯度": 34.409897, "経度": 132.450147, "url": "https://www.iryou.teikyouseido.mhlw.go.jp/znk-web/juminkanja/S2430/initialize?prefCd=34&kikanCd=2340629130&kikanKbn=2", "url2": "http://www.jo-ganka.com/", "内容": "城眼科【2:診療所】【診療科目:眼科】広島県広島市西区横川町三丁目２－１　ＪＲ横川駅ビル３０２" }, "geometry": { "type": "Point", "coordinates": [ 132.450147, 34.409897 ] } },
{ "type": "Feature", "properties": { "ID": 3422340629550, "正式名称": "佐々部診療所", "機関区分": 2, "都道府県コード": 34, "市区町村コード": 214, "所在地": "広島県安芸高田市高宮町佐々部９８３－１７", "緯度": 34.767175, "経度": 132.720535, "url": "https://www.iryou.teikyouseido.mhlw.go.jp/znk-web/juminkanja/S2430/initialize?prefCd=34&kikanCd=2340629550&kikanKbn=2", "url2": null, "内容": "佐々部診療所【2:診療所】【診療科目:内科_小児科】広島県安芸高田市高宮町佐々部９８３－１７" }, "geometry": { "type": "Point", "coordinates": [ 132.720535, 34.767175 ] } },
{ "type": "Feature", "properties": { "ID": 3422340629680, "正式名称": "かわごえクリニック", "機関区分": 2, "都道府県コード": 34, "市区町村コード": 213, "所在地": "広島県廿日市市宮内３－１－２７", "緯度": 34.34826, "経度": 132.31278, "url": "https://www.iryou.teikyouseido.mhlw.go.jp/znk-web/juminkanja/S2430/initialize?prefCd=34&kikanCd=2340629680&kikanKbn=2", "url2": "http://www.kawagoeclinic.com/", "内容": "かわごえクリニック【2:診療所】【診療科目:整形外科_リハビリテーション科】広島県廿日市市宮内３－１－２７" }, "geometry": { "type": "Point", "coordinates": [ 132.31278, 34.34826 ] } },
{ "type": "Feature", "properties": { "ID": 3422340629840, "正式名称": "村井内科クリニック", "機関区分": 2, "都道府県コード": 34, "市区町村コード": 211, "所在地": "広島県大竹市南栄一丁目６番１５号", "緯度": 34.213027, "経度": 132.226151, "url": "https://www.iryou.teikyouseido.mhlw.go.jp/znk-web/juminkanja/S2430/initialize?prefCd=34&kikanCd=2340629840&kikanKbn=2", "url2": null, "内容": "村井内科クリニック【2:診療所】【診療科目:内科_糖尿病内科_内分泌内科_老年内科】広島県大竹市南栄一丁目６番１５号" }, "geometry": { "type": "Point", "coordinates": [ 132.226151, 34.213027 ] } },
{ "type": "Feature", "properties": { "ID": 3422340630110, "正式名称": "こいけ眼科", "機関区分": 2, "都道府県コード": 34, "市区町村コード": 107, "所在地": "広島県広島市安芸区船越南三丁目２７－２６", "緯度": 34.371581, "経度": 132.526781, "url": "https://www.iryou.teikyouseido.mhlw.go.jp/znk-web/juminkanja/S2430/initialize?prefCd=34&kikanCd=2340630110&kikanKbn=2", "url2": "https://koikeganka.com/", "内容": "こいけ眼科【2:診療所】【診療科目:眼科】広島県広島市安芸区船越南三丁目２７－２６" }, "geometry": { "type": "Point", "coordinates": [ 132.526781, 34.371581 ] } },
{ "type": "Feature", "properties": { "ID": 3422340630240, "正式名称": "心療内科クリニック　リュミエール", "機関区分": 2, "都道府県コード": 34, "市区町村コード": 101, "所在地": "広島県広島市中区西白島町２０－１５　メディカルプラザ西白島１Ｆ", "緯度": 34.405979, "経度": 132.459356, "url": "https://www.iryou.teikyouseido.mhlw.go.jp/znk-web/juminkanja/S2430/initialize?prefCd=34&kikanCd=2340630240&kikanKbn=2", "url2": "http://www.mental-lumiere.com/", "内容": "心療内科クリニック　リュミエール【2:診療所】【診療科目:精神科_心療内科】広島県広島市中区西白島町２０－１５　メディカルプラザ西白島１Ｆ" }, "geometry": { "type": "Point", "coordinates": [ 132.459356, 34.405979 ] } },
{ "type": "Feature", "properties": { "ID": 3422340631540, "正式名称": "医療法人社団田熊巻幡医院まきはたクリニック", "機関区分": 2, "都道府県コード": 34, "市区町村コード": 205, "所在地": "広島県尾道市因島田熊町１１４０番地１", "緯度": 34.296448, "経度": 133.166467, "url": "https://www.iryou.teikyouseido.mhlw.go.jp/znk-web/juminkanja/S2430/initialize?prefCd=34&kikanCd=2340631540&kikanKbn=2", "url2": "https://www.makihata-clinic.com/", "内容": "医療法人社団田熊巻幡医院まきはたクリニック【2:診療所】【診療科目:内科_呼吸器内科_アレルギー疾患内科】広島県尾道市因島田熊町１１４０番地１" }, "geometry": { "type": "Point", "coordinates": [ 133.166467, 34.296448 ] } },
{ "type": "Feature", "properties": { "ID": 3422340633300, "正式名称": "石田内科小児科医院", "機関区分": 2, "都道府県コード": 34, "市区町村コード": 103, "所在地": "広島県広島市南区旭二丁目４－１", "緯度": 34.375157, "経度": 132.477202, "url": "https://www.iryou.teikyouseido.mhlw.go.jp/znk-web/juminkanja/S2430/initialize?prefCd=34&kikanCd=2340633300&kikanKbn=2", "url2": null, "内容": "石田内科小児科医院【2:診療所】【診療科目:内科_糖尿病内科_内分泌内科_脂質代謝内科_アレルギー疾患内科_小児科】広島県広島市南区旭二丁目４－１" }, "geometry": { "type": "Point", "coordinates": [ 132.477202, 34.375157 ] } },
{ "type": "Feature", "properties": { "ID": 3422340634730, "正式名称": "医療法人すぎたクリニック", "機関区分": 2, "都道府県コード": 34, "市区町村コード": 105, "所在地": "広島県広島市安佐南区祇園三丁目５－１１", "緯度": 34.442101, "経度": 132.459934, "url": "https://www.iryou.teikyouseido.mhlw.go.jp/znk-web/juminkanja/S2430/initialize?prefCd=34&kikanCd=2340634730&kikanKbn=2", "url2": "https://sugitaclinic.jp/", "内容": "医療法人すぎたクリニック【2:診療所】【診療科目:整形外科_リウマチ科_リハビリテーション科】広島県広島市安佐南区祇園三丁目５－１１" }, "geometry": { "type": "Point", "coordinates": [ 132.459934, 34.442101 ] } },
{ "type": "Feature", "properties": { "ID": 3422340635290, "正式名称": "岩本内科循環器内科", "機関区分": 2, "都道府県コード": 34, "市区町村コード": 108, "所在地": "広島県広島市佐伯区五日市駅前三丁目４－１７", "緯度": 34.370151, "経度": 132.366598, "url": "https://www.iryou.teikyouseido.mhlw.go.jp/znk-web/juminkanja/S2430/initialize?prefCd=34&kikanCd=2340635290&kikanKbn=2", "url2": "https://www.kokorozashi-iwamoto.com/", "内容": "岩本内科循環器内科【2:診療所】【診療科目:内科_循環器内科】広島県広島市佐伯区五日市駅前三丁目４－１７" }, "geometry": { "type": "Point", "coordinates": [ 132.366598, 34.370151 ] } },
{ "type": "Feature", "properties": { "ID": 3422340635320, "正式名称": "医療法人ハンス　宮内総合クリニック", "機関区分": 2, "都道府県コード": 34, "市区町村コード": 213, "所在地": "広島県廿日市市宮内三丁目５番３２号", "緯度": 34.352476, "経度": 132.310074, "url": "https://www.iryou.teikyouseido.mhlw.go.jp/znk-web/juminkanja/S2430/initialize?prefCd=34&kikanCd=2340635320&kikanKbn=2", "url2": "http://hns.or.jp", "内容": "医療法人ハンス　宮内総合クリニック【2:診療所】【診療科目:内科_脳神経内科_外科_整形外科_精神科_心療内科_リハビリテーション科_麻酔科】広島県廿日市市宮内三丁目５番３２号" }, "geometry": { "type": "Point", "coordinates": [ 132.310074, 34.352476 ] } },
{ "type": "Feature", "properties": { "ID": 3422340635450, "正式名称": "広島県立広島がん高精度放射線治療センター", "機関区分": 2, "都道府県コード": 34, "市区町村コード": 102, "所在地": "広島県広島市東区二葉の里３丁目２－２", "緯度": 34.401574, "経度": 132.475252, "url": "https://www.iryou.teikyouseido.mhlw.go.jp/znk-web/juminkanja/S2430/initialize?prefCd=34&kikanCd=2340635450&kikanKbn=2", "url2": "https://hiprac.jp/", "内容": "広島県立広島がん高精度放射線治療センター【2:診療所】【診療科目:放射線科】広島県広島市東区二葉の里３丁目２－２" }, "geometry": { "type": "Point", "coordinates": [ 132.475252, 34.401574 ] } },
{ "type": "Feature", "properties": { "ID": 3422340636200, "正式名称": "黒田麻酔科クリニック", "機関区分": 2, "都道府県コード": 34, "市区町村コード": 104, "所在地": "広島県広島市西区高須台六丁目１４－２", "緯度": 34.397777, "経度": 132.411239, "url": "https://www.iryou.teikyouseido.mhlw.go.jp/znk-web/juminkanja/S2430/initialize?prefCd=34&kikanCd=2340636200&kikanKbn=2", "url2": null, "内容": "黒田麻酔科クリニック【2:診療所】【診療科目:麻酔科】広島県広島市西区高須台六丁目１４－２" }, "geometry": { "type": "Point", "coordinates": [ 132.411239, 34.397777 ] } },
{ "type": "Feature", "properties": { "ID": 3422340636330, "正式名称": "こじまクリニック", "機関区分": 2, "都道府県コード": 34, "市区町村コード": 207, "所在地": "広島県福山市春日町１－２３－２５", "緯度": 34.508647, "経度": 133.406295, "url": "https://www.iryou.teikyouseido.mhlw.go.jp/znk-web/juminkanja/S2430/initialize?prefCd=34&kikanCd=2340636330&kikanKbn=2", "url2": null, "内容": "こじまクリニック【2:診療所】【診療科目:内科_呼吸器内科_消化器内科_外科】広島県福山市春日町１－２３－２５" }, "geometry": { "type": "Point", "coordinates": [ 133.406295, 34.508647 ] } },
{ "type": "Feature", "properties": { "ID": 3422340636460, "正式名称": "医療法人ちかもり内科医院", "機関区分": 2, "都道府県コード": 34, "市区町村コード": 207, "所在地": "広島県福山市曙町５－１９－２３", "緯度": 34.467074, "経度": 133.393506, "url": "https://www.iryou.teikyouseido.mhlw.go.jp/znk-web/juminkanja/S2430/initialize?prefCd=34&kikanCd=2340636460&kikanKbn=2", "url2": "http://chikamori-clinic.com", "内容": "医療法人ちかもり内科医院【2:診療所】【診療科目:内科_呼吸器内科_消化器内科】広島県福山市曙町５－１９－２３" }, "geometry": { "type": "Point", "coordinates": [ 133.393506, 34.467074 ] } },
{ "type": "Feature", "properties": { "ID": 3422340636590, "正式名称": "医療法人社団　府中水野皮ふ科クリニック", "機関区分": 2, "都道府県コード": 34, "市区町村コード": 302, "所在地": "広島県安芸郡府中町本町一丁目１３番７号", "緯度": 34.3947, "経度": 132.505632, "url": "https://www.iryou.teikyouseido.mhlw.go.jp/znk-web/juminkanja/S2430/initialize?prefCd=34&kikanCd=2340636590&kikanKbn=2", "url2": "http://www.mizuno4112.com/", "内容": "医療法人社団　府中水野皮ふ科クリニック【2:診療所】【診療科目:皮膚科_アレルギー科】広島県安芸郡府中町本町一丁目１３番７号" }, "geometry": { "type": "Point", "coordinates": [ 132.505632, 34.3947 ] } },
{ "type": "Feature", "properties": { "ID": 3422340636620, "正式名称": "生協小児科ひろしま", "機関区分": 2, "都道府県コード": 34, "市区町村コード": 104, "所在地": "広島県広島市西区観音町１６－１９", "緯度": 34.387506, "経度": 132.438287, "url": "https://www.iryou.teikyouseido.mhlw.go.jp/znk-web/juminkanja/S2430/initialize?prefCd=34&kikanCd=2340636620&kikanKbn=2", "url2": "http://www.hch.coop/hch/syouni/index.html", "内容": "生協小児科ひろしま【2:診療所】【診療科目:小児科】広島県広島市西区観音町１６－１９" }, "geometry": { "type": "Point", "coordinates": [ 132.438287, 34.387506 ] } },
{ "type": "Feature", "properties": { "ID": 3422340637630, "正式名称": "医療法人　もりや小児科クリニック", "機関区分": 2, "都道府県コード": 34, "市区町村コード": 202, "所在地": "広島県呉市広古新開７丁目２３－９", "緯度": 34.239981, "経度": 132.619843, "url": "https://www.iryou.teikyouseido.mhlw.go.jp/znk-web/juminkanja/S2430/initialize?prefCd=34&kikanCd=2340637630&kikanKbn=2", "url2": "www.moriya-p-clinic.jp", "内容": "医療法人　もりや小児科クリニック【2:診療所】【診療科目:小児科】広島県呉市広古新開７丁目２３－９" }, "geometry": { "type": "Point", "coordinates": [ 132.619843, 34.239981 ] } },
{ "type": "Feature", "properties": { "ID": 3422340637760, "正式名称": "にこにこクリニック", "機関区分": 2, "都道府県コード": 34, "市区町村コード": 213, "所在地": "広島県廿日市市大野７３２番地３", "緯度": 34.287117, "経度": 132.277611, "url": "https://www.iryou.teikyouseido.mhlw.go.jp/znk-web/juminkanja/S2430/initialize?prefCd=34&kikanCd=2340637760&kikanKbn=2", "url2": null, "内容": "にこにこクリニック【2:診療所】【診療科目:内科_放射線科】広島県廿日市市大野７３２番地３" }, "geometry": { "type": "Point", "coordinates": [ 132.277611, 34.287117 ] } },
{ "type": "Feature", "properties": { "ID": 3422340638640, "正式名称": "串戸心療クリニック", "機関区分": 2, "都道府県コード": 34, "市区町村コード": 213, "所在地": "広島県廿日市市串戸四丁目２－１６", "緯度": 34.351124, "経度": 132.323881, "url": "https://www.iryou.teikyouseido.mhlw.go.jp/znk-web/juminkanja/S2430/initialize?prefCd=34&kikanCd=2340638640&kikanKbn=2", "url2": "http://www.yuwa-hosp.com/clinic.html", "内容": "串戸心療クリニック【2:診療所】【診療科目:内科_精神科_心療内科】広島県廿日市市串戸四丁目２－１６" }, "geometry": { "type": "Point", "coordinates": [ 132.323881, 34.351124 ] } },
{ "type": "Feature", "properties": { "ID": 3422340638930, "正式名称": "野間眼科医院", "機関区分": 2, "都道府県コード": 34, "市区町村コード": 101, "所在地": "広島県広島市中区国泰寺町２丁目４－１８", "緯度": 34.383711, "経度": 132.454359, "url": "https://www.iryou.teikyouseido.mhlw.go.jp/znk-web/juminkanja/S2430/initialize?prefCd=34&kikanCd=2340638930&kikanKbn=2", "url2": "https://www.noma-eye.jp/", "内容": "野間眼科医院【2:診療所】【診療科目:眼科】広島県広島市中区国泰寺町２丁目４－１８" }, "geometry": { "type": "Point", "coordinates": [ 132.454359, 34.383711 ] } },
{ "type": "Feature", "properties": { "ID": 3422340639810, "正式名称": "おおにしこどもクリニック", "機関区分": 2, "都道府県コード": 34, "市区町村コード": 102, "所在地": "広島県広島市東区戸坂千足二丁目９－１３", "緯度": 34.437915, "経度": 132.486121, "url": "https://www.iryou.teikyouseido.mhlw.go.jp/znk-web/juminkanja/S2430/initialize?prefCd=34&kikanCd=2340639810&kikanKbn=2", "url2": "http://onishi-kodomo.com/", "内容": "おおにしこどもクリニック【2:診療所】【診療科目:小児科】広島県広島市東区戸坂千足二丁目９－１３" }, "geometry": { "type": "Point", "coordinates": [ 132.486121, 34.437915 ] } },
{ "type": "Feature", "properties": { "ID": 3422340639940, "正式名称": "医療法人康和会　田中耳鼻咽喉科医院", "機関区分": 2, "都道府県コード": 34, "市区町村コード": 104, "所在地": "広島県広島市西区草津東一丁目８－３３", "緯度": 34.379931, "経度": 132.406245, "url": "https://www.iryou.teikyouseido.mhlw.go.jp/znk-web/juminkanja/S2430/initialize?prefCd=34&kikanCd=2340639940&kikanKbn=2", "url2": "http://www.tanaka-jibika.sakura.ne.jp", "内容": "医療法人康和会　田中耳鼻咽喉科医院【2:診療所】【診療科目:耳鼻いんこう科】広島県広島市西区草津東一丁目８－３３" }, "geometry": { "type": "Point", "coordinates": [ 132.406245, 34.379931 ] } },
{ "type": "Feature", "properties": { "ID": 3422340640180, "正式名称": "すわ整形外科スパインスポーツクリニック", "機関区分": 2, "都道府県コード": 34, "市区町村コード": 207, "所在地": "広島県福山市多治米町五丁目２３－２９－１０１", "緯度": 34.468809, "経度": 133.370957, "url": "https://www.iryou.teikyouseido.mhlw.go.jp/znk-web/juminkanja/S2430/initialize?prefCd=34&kikanCd=2340640180&kikanKbn=2", "url2": "www.suwa-ortho.com", "内容": "すわ整形外科スパインスポーツクリニック【2:診療所】【診療科目:整形外科_リハビリテーション科】広島県福山市多治米町五丁目２３－２９－１０１" }, "geometry": { "type": "Point", "coordinates": [ 133.370957, 34.468809 ] } },
{ "type": "Feature", "properties": { "ID": 3422340640210, "正式名称": "だいこく小児科クリニック", "機関区分": 2, "都道府県コード": 34, "市区町村コード": 211, "所在地": "広島県大竹市晴海一丁目４－１３－２Ｆ", "緯度": 34.239827, "経度": 132.223011, "url": "https://www.iryou.teikyouseido.mhlw.go.jp/znk-web/juminkanja/S2430/initialize?prefCd=34&kikanCd=2340640210&kikanKbn=2", "url2": null, "内容": "だいこく小児科クリニック【2:診療所】【診療科目:小児科】広島県大竹市晴海一丁目４－１３－２Ｆ" }, "geometry": { "type": "Point", "coordinates": [ 132.223011, 34.239827 ] } },
{ "type": "Feature", "properties": { "ID": 3422340640470, "正式名称": "のぞみ整形外科スタジアム前クリニック", "機関区分": 2, "都道府県コード": 34, "市区町村コード": 103, "所在地": "広島県広島市南区西蟹屋四丁目８－３５", "緯度": 34.390511, "経度": 132.481387, "url": "https://www.iryou.teikyouseido.mhlw.go.jp/znk-web/juminkanja/S2430/initialize?prefCd=34&kikanCd=2340640470&kikanKbn=2", "url2": "https://www.nozomi-clinic.jp/stadium/", "内容": "のぞみ整形外科スタジアム前クリニック【2:診療所】【診療科目:整形外科_リハビリテーション科】広島県広島市南区西蟹屋四丁目８－３５" }, "geometry": { "type": "Point", "coordinates": [ 132.481387, 34.390511 ] } },
{ "type": "Feature", "properties": { "ID": 3422340640630, "正式名称": "むらた皮膚科クリニック", "機関区分": 2, "都道府県コード": 34, "市区町村コード": 210, "所在地": "広島県庄原市板橋町１９２－１", "緯度": 34.844525, "経度": 133.016461, "url": "https://www.iryou.teikyouseido.mhlw.go.jp/znk-web/juminkanja/S2430/initialize?prefCd=34&kikanCd=2340640630&kikanKbn=2", "url2": "https://shobarahifuka.com", "内容": "むらた皮膚科クリニック【2:診療所】【診療科目:皮膚科_アレルギー科】広島県庄原市板橋町１９２－１" }, "geometry": { "type": "Point", "coordinates": [ 133.016461, 34.844525 ] } },
{ "type": "Feature", "properties": { "ID": 3422340640920, "正式名称": "リウマチ内科銀山町クリニック", "機関区分": 2, "都道府県コード": 34, "市区町村コード": 101, "所在地": "広島県広島市中区幟町１３－４　広島マツダビル５Ｆ", "緯度": 34.393663, "経度": 132.466051, "url": "https://www.iryou.teikyouseido.mhlw.go.jp/znk-web/juminkanja/S2430/initialize?prefCd=34&kikanCd=2340640920&kikanKbn=2", "url2": "http://www.hmh.or.jp/", "内容": "リウマチ内科銀山町クリニック【2:診療所】【診療科目:内科_リウマチ科】広島県広島市中区幟町１３－４　広島マツダビル５Ｆ" }, "geometry": { "type": "Point", "coordinates": [ 132.466051, 34.393663 ] } },
{ "type": "Feature", "properties": { "ID": 3422340641190, "正式名称": "あかりホームケアクリニック", "機関区分": 2, "都道府県コード": 34, "市区町村コード": 101, "所在地": "広島県広島市中区舟入南一丁目４－５０　Ｍフラッツ１Ｆ", "緯度": 34.378831, "経度": 132.438979, "url": "https://www.iryou.teikyouseido.mhlw.go.jp/znk-web/juminkanja/S2430/initialize?prefCd=34&kikanCd=2340641190&kikanKbn=2", "url2": "https://www.akarihomecare.com/", "内容": "あかりホームケアクリニック【2:診療所】【診療科目:内科_緩和ケア内科】広島県広島市中区舟入南一丁目４－５０　Ｍフラッツ１Ｆ" }, "geometry": { "type": "Point", "coordinates": [ 132.438979, 34.378831 ] } },
{ "type": "Feature", "properties": { "ID": 3422340643110, "正式名称": "ふくやま北泌尿器科・内科クリニック", "機関区分": 2, "都道府県コード": 34, "市区町村コード": 207, "所在地": "広島県福山市御幸町下岩成３３８番地", "緯度": 34.540907, "経度": 133.348416, "url": "https://www.iryou.teikyouseido.mhlw.go.jp/znk-web/juminkanja/S2430/initialize?prefCd=34&kikanCd=2340643110&kikanKbn=2", "url2": "http://www.fk-clinic.jp/", "内容": "ふくやま北泌尿器科・内科クリニック【2:診療所】【診療科目:内科_泌尿器科】広島県福山市御幸町下岩成３３８番地" }, "geometry": { "type": "Point", "coordinates": [ 133.348416, 34.540907 ] } },
{ "type": "Feature", "properties": { "ID": 3422340643240, "正式名称": "いとう腎・泌尿器科クリニック", "機関区分": 2, "都道府県コード": 34, "市区町村コード": 202, "所在地": "広島県呉市中通２丁目１－２６　呉中通ビル４Ｆ", "緯度": 34.244663, "経度": 132.562402, "url": "https://www.iryou.teikyouseido.mhlw.go.jp/znk-web/juminkanja/S2430/initialize?prefCd=34&kikanCd=2340643240&kikanKbn=2", "url2": "http://www.itojin.com/", "内容": "いとう腎・泌尿器科クリニック【2:診療所】【診療科目:内科_泌尿器科】広島県呉市中通２丁目１－２６　呉中通ビル４Ｆ" }, "geometry": { "type": "Point", "coordinates": [ 132.562402, 34.244663 ] } },
{ "type": "Feature", "properties": { "ID": 3422340643530, "正式名称": "こうの内科呼吸器クリニック", "機関区分": 2, "都道府県コード": 34, "市区町村コード": 108, "所在地": "広島県広島市佐伯区八幡東三丁目１９－４５", "緯度": 34.386632, "経度": 132.36374, "url": "https://www.iryou.teikyouseido.mhlw.go.jp/znk-web/juminkanja/S2430/initialize?prefCd=34&kikanCd=2340643530&kikanKbn=2", "url2": "http://kohno-cl.jp/", "内容": "こうの内科呼吸器クリニック【2:診療所】【診療科目:内科_呼吸器内科_アレルギー疾患内科_アレルギー科】広島県広島市佐伯区八幡東三丁目１９－４５" }, "geometry": { "type": "Point", "coordinates": [ 132.36374, 34.386632 ] } },
{ "type": "Feature", "properties": { "ID": 3422340643660, "正式名称": "ふないり脳クリニック", "機関区分": 2, "都道府県コード": 34, "市区町村コード": 101, "所在地": "広島県広島市中区舟入幸町４－２　クリニックモール舟入　２Ｆ", "緯度": 34.383095, "経度": 132.444901, "url": "https://www.iryou.teikyouseido.mhlw.go.jp/znk-web/juminkanja/S2430/initialize?prefCd=34&kikanCd=2340643660&kikanKbn=2", "url2": "http://funairi-nou.com/", "内容": "ふないり脳クリニック【2:診療所】【診療科目:神経内科_脳神経外科_精神科】広島県広島市中区舟入幸町４－２　クリニックモール舟入　２Ｆ" }, "geometry": { "type": "Point", "coordinates": [ 132.444901, 34.383095 ] } },
{ "type": "Feature", "properties": { "ID": 3422340643790, "正式名称": "ひらお循環器消化器クリニック", "機関区分": 2, "都道府県コード": 34, "市区町村コード": 101, "所在地": "広島県広島市中区舟入幸町４－２　クリニックモール舟入　３Ｆ", "緯度": 34.383095, "経度": 132.444901, "url": "https://www.iryou.teikyouseido.mhlw.go.jp/znk-web/juminkanja/S2430/initialize?prefCd=34&kikanCd=2340643790&kikanKbn=2", "url2": "https://hiraoclinic.sakura.ne.jp/", "内容": "ひらお循環器消化器クリニック【2:診療所】【診療科目:内科_循環器内科_消化器内科】広島県広島市中区舟入幸町４－２　クリニックモール舟入　３Ｆ" }, "geometry": { "type": "Point", "coordinates": [ 132.444901, 34.383095 ] } },
{ "type": "Feature", "properties": { "ID": 3422340643820, "正式名称": "医療法人たにみつ耳鼻咽喉科", "機関区分": 2, "都道府県コード": 34, "市区町村コード": 105, "所在地": "広島県広島市安佐南区八木一丁目１９－２１", "緯度": 34.476722, "経度": 132.4915, "url": "https://www.iryou.teikyouseido.mhlw.go.jp/znk-web/juminkanja/S2430/initialize?prefCd=34&kikanCd=2340643820&kikanKbn=2", "url2": "www.tanimitsu-ent.jp", "内容": "医療法人たにみつ耳鼻咽喉科【2:診療所】【診療科目:耳鼻いんこう科】広島県広島市安佐南区八木一丁目１９－２１" }, "geometry": { "type": "Point", "coordinates": [ 132.4915, 34.476722 ] } },
{ "type": "Feature", "properties": { "ID": 3422340644540, "正式名称": "あおばメンタルクリニック", "機関区分": 2, "都道府県コード": 34, "市区町村コード": 207, "所在地": "広島県福山市多治米町１－１１－１７", "緯度": 34.473506, "経度": 133.382521, "url": "https://www.iryou.teikyouseido.mhlw.go.jp/znk-web/juminkanja/S2430/initialize?prefCd=34&kikanCd=2340644540&kikanKbn=2", "url2": "http://www.aoba-clinic.org/", "内容": "あおばメンタルクリニック【2:診療所】【診療科目:精神科_心療内科】広島県福山市多治米町１－１１－１７" }, "geometry": { "type": "Point", "coordinates": [ 133.382521, 34.473506 ] } },
{ "type": "Feature", "properties": { "ID": 3422340645260, "正式名称": "医療法人デルフィ　だんばら耳鼻咽喉科クリニック", "機関区分": 2, "都道府県コード": 34, "市区町村コード": 103, "所在地": "広島県広島市南区段原南一丁目３－５３　広島イーストビル１Ｆ", "緯度": 34.385303, "経度": 132.475998, "url": "https://www.iryou.teikyouseido.mhlw.go.jp/znk-web/juminkanja/S2430/initialize?prefCd=34&kikanCd=2340645260&kikanKbn=2", "url2": "http:/www.danbara-jibika.sakura.ne.jp/", "内容": "医療法人デルフィ　だんばら耳鼻咽喉科クリニック【2:診療所】【診療科目:耳鼻いんこう科】広島県広島市南区段原南一丁目３－５３　広島イーストビル１Ｆ" }, "geometry": { "type": "Point", "coordinates": [ 132.475998, 34.385303 ] } },
{ "type": "Feature", "properties": { "ID": 3422340645390, "正式名称": "向洋駅前心療クリニック", "機関区分": 2, "都道府県コード": 34, "市区町村コード": 302, "所在地": "広島県安芸郡府中町青崎中２４－２６　クリニックモール向洋６階", "緯度": 34.377232, "経度": 132.506836, "url": "https://www.iryou.teikyouseido.mhlw.go.jp/znk-web/juminkanja/S2430/initialize?prefCd=34&kikanCd=2340645390&kikanKbn=2", "url2": "https://www.mukainada-mc.jp", "内容": "向洋駅前心療クリニック【2:診療所】【診療科目:精神科_心療内科】広島県安芸郡府中町青崎中２４－２６　クリニックモール向洋６階" }, "geometry": { "type": "Point", "coordinates": [ 132.506836, 34.377232 ] } },
{ "type": "Feature", "properties": { "ID": 3422340645550, "正式名称": "かわはらこどもクリニック", "機関区分": 2, "都道府県コード": 34, "市区町村コード": 212, "所在地": "広島県東広島市西条中央７丁目３－４５　Ｊランドビル", "緯度": 34.416595, "経度": 132.737369, "url": "https://www.iryou.teikyouseido.mhlw.go.jp/znk-web/juminkanja/S2430/initialize?prefCd=34&kikanCd=2340645550&kikanKbn=2", "url2": "http://www.kawahara-kc.jp/", "内容": "かわはらこどもクリニック【2:診療所】【診療科目:小児科】広島県東広島市西条中央７丁目３－４５　Ｊランドビル" }, "geometry": { "type": "Point", "coordinates": [ 132.737369, 34.416595 ] } },
{ "type": "Feature", "properties": { "ID": 3422340645680, "正式名称": "医療法人　もり小児科", "機関区分": 2, "都道府県コード": 34, "市区町村コード": 103, "所在地": "広島県広島市南区翠二丁目２７－３０", "緯度": 34.370294, "経度": 132.468398, "url": "https://www.iryou.teikyouseido.mhlw.go.jp/znk-web/juminkanja/S2430/initialize?prefCd=34&kikanCd=2340645680&kikanKbn=2", "url2": "http://mori-ped.jp/index.html", "内容": "医療法人　もり小児科【2:診療所】【診療科目:小児科】広島県広島市南区翠二丁目２７－３０" }, "geometry": { "type": "Point", "coordinates": [ 132.468398, 34.370294 ] } },
{ "type": "Feature", "properties": { "ID": 3422340646140, "正式名称": "医療法人）さくらウィメンズクリニック", "機関区分": 2, "都道府県コード": 34, "市区町村コード": 108, "所在地": "広島県広島市佐伯区五日市駅前一丁目５－１８－４０２", "緯度": 34.367868, "経度": 132.367872, "url": "https://www.iryou.teikyouseido.mhlw.go.jp/znk-web/juminkanja/S2430/initialize?prefCd=34&kikanCd=2340646140&kikanKbn=2", "url2": "http://www.sakurawc.com", "内容": "医療法人）さくらウィメンズクリニック【2:診療所】【診療科目:産科_婦人科】広島県広島市佐伯区五日市駅前一丁目５－１８－４０２" }, "geometry": { "type": "Point", "coordinates": [ 132.367872, 34.367868 ] } },
{ "type": "Feature", "properties": { "ID": 3422340646850, "正式名称": "医療法人女医によるファミリークリニック", "機関区分": 2, "都道府県コード": 34, "市区町村コード": 103, "所在地": "広島県広島市南区松原町５－１　ビッグフロントひろしまタワービル４Ｆ", "緯度": 34.395338, "経度": 132.475532, "url": "https://www.iryou.teikyouseido.mhlw.go.jp/znk-web/juminkanja/S2430/initialize?prefCd=34&kikanCd=2340646850&kikanKbn=2", "url2": "http://familyclinic-hiroshima.com/", "内容": "医療法人女医によるファミリークリニック【2:診療所】【診療科目:内科_小児科_皮膚科_アレルギー科】広島県広島市南区松原町５－１　ビッグフロントひろしまタワービル４Ｆ" }, "geometry": { "type": "Point", "coordinates": [ 132.475532, 34.395338 ] } },
{ "type": "Feature", "properties": { "ID": 3422340647730, "正式名称": "おかべ皮ふ科", "機関区分": 2, "都道府県コード": 34, "市区町村コード": 212, "所在地": "広島県東広島市西条本町１２－２　木阪クリニックビル２Ｆ", "緯度": 34.430405, "経度": 132.743126, "url": "https://www.iryou.teikyouseido.mhlw.go.jp/znk-web/juminkanja/S2430/initialize?prefCd=34&kikanCd=2340647730&kikanKbn=2", "url2": "https://www.sewake-hifuka.com/", "内容": "おかべ皮ふ科【2:診療所】【診療科目:皮膚科_アレルギー科】広島県東広島市西条本町１２－２　木阪クリニックビル２Ｆ" }, "geometry": { "type": "Point", "coordinates": [ 132.743126, 34.430405 ] } },
{ "type": "Feature", "properties": { "ID": 3422340648290, "正式名称": "ＩＶＦクリニックひろしま", "機関区分": 2, "都道府県コード": 34, "市区町村コード": 103, "所在地": "広島県広島市南区松原町５－１　ＢＩＧＦＲＯＮＴひろしま　４Ｆ", "緯度": 34.395317, "経度": 132.475603, "url": "https://www.iryou.teikyouseido.mhlw.go.jp/znk-web/juminkanja/S2430/initialize?prefCd=34&kikanCd=2340648290&kikanKbn=2", "url2": "https://ivf-hiroshima.jp/", "内容": "ＩＶＦクリニックひろしま【2:診療所】【診療科目:産婦人科（生殖医療）_泌尿器科（不妊治療）】広島県広島市南区松原町５－１　ＢＩＧＦＲＯＮＴひろしま　４Ｆ" }, "geometry": { "type": "Point", "coordinates": [ 132.475603, 34.395317 ] } },
{ "type": "Feature", "properties": { "ID": 3422340648320, "正式名称": "ひろしま脳神経内科クリニック", "機関区分": 2, "都道府県コード": 34, "市区町村コード": 103, "所在地": "広島県広島市南区松原町５－１　ビッグフロントひろしま　４Ｆ", "緯度": 34.395338, "経度": 132.475532, "url": "https://www.iryou.teikyouseido.mhlw.go.jp/znk-web/juminkanja/S2430/initialize?prefCd=34&kikanCd=2340648320&kikanKbn=2", "url2": "http://www.h-neurology-clinic.net/", "内容": "ひろしま脳神経内科クリニック【2:診療所】【診療科目:内科_脳神経内科_脳神経外科_リハビリテーション科】広島県広島市南区松原町５－１　ビッグフロントひろしま　４Ｆ" }, "geometry": { "type": "Point", "coordinates": [ 132.475532, 34.395338 ] } },
{ "type": "Feature", "properties": { "ID": 3422340648450, "正式名称": "いしい内科・糖尿病クリニック", "機関区分": 2, "都道府県コード": 34, "市区町村コード": 207, "所在地": "広島県福山市御船町一丁目９番３号", "緯度": 34.488371, "経度": 133.369346, "url": "https://www.iryou.teikyouseido.mhlw.go.jp/znk-web/juminkanja/S2430/initialize?prefCd=34&kikanCd=2340648450&kikanKbn=2", "url2": "http://ishii-dm.com", "内容": "いしい内科・糖尿病クリニック【2:診療所】【診療科目:内科_糖尿病内科_腎臓内科_小児科】広島県福山市御船町一丁目９番３号" }, "geometry": { "type": "Point", "coordinates": [ 133.369346, 34.488371 ] } },
{ "type": "Feature", "properties": { "ID": 3422340648580, "正式名称": "医療法人　よしおかホームクリニック", "機関区分": 2, "都道府県コード": 34, "市区町村コード": 207, "所在地": "広島県福山市御船町一丁目９番３号", "緯度": 34.488371, "経度": 133.369346, "url": "https://www.iryou.teikyouseido.mhlw.go.jp/znk-web/juminkanja/S2430/initialize?prefCd=34&kikanCd=2340648580&kikanKbn=2", "url2": "http://yoshioka-hc.com", "内容": "医療法人　よしおかホームクリニック【2:診療所】【診療科目:内科_外科】広島県福山市御船町一丁目９番３号" }, "geometry": { "type": "Point", "coordinates": [ 133.369346, 34.488371 ] } },
{ "type": "Feature", "properties": { "ID": 3422340648610, "正式名称": "医療法人社団豊仁会三原医院　みはら眼科みなみざおうクリニック", "機関区分": 2, "都道府県コード": 34, "市区町村コード": 207, "所在地": "広島県福山市南蔵王町六丁目２０番１３号", "緯度": 34.500293, "経度": 133.403798, "url": "https://www.iryou.teikyouseido.mhlw.go.jp/znk-web/juminkanja/S2430/initialize?prefCd=34&kikanCd=2340648610&kikanKbn=2", "url2": "https://www.miharaganka.info", "内容": "医療法人社団豊仁会三原医院　みはら眼科みなみざおうクリニック【2:診療所】【診療科目:眼科】広島県福山市南蔵王町六丁目２０番１３号" }, "geometry": { "type": "Point", "coordinates": [ 133.403798, 34.500293 ] } },
{ "type": "Feature", "properties": { "ID": 3422340649170, "正式名称": "広島野村眼科", "機関区分": 2, "都道府県コード": 34, "市区町村コード": 103, "所在地": "広島県広島市南区松原町３番１号　２０２", "緯度": 34.395894, "経度": 132.477604, "url": "https://www.iryou.teikyouseido.mhlw.go.jp/znk-web/juminkanja/S2430/initialize?prefCd=34&kikanCd=2340649170&kikanKbn=2", "url2": "http://hiroshima-nomura-ganka.com/", "内容": "広島野村眼科【2:診療所】【診療科目:眼科】広島県広島市南区松原町３番１号　２０２" }, "geometry": { "type": "Point", "coordinates": [ 132.477604, 34.395894 ] } },
{ "type": "Feature", "properties": { "ID": 3422340649620, "正式名称": "たなかクリニック", "機関区分": 2, "都道府県コード": 34, "市区町村コード": 207, "所在地": "広島県福山市駅家町上山守４５０－５", "緯度": 34.538289, "経度": 133.331593, "url": "https://www.iryou.teikyouseido.mhlw.go.jp/znk-web/juminkanja/S2430/initialize?prefCd=34&kikanCd=2340649620&kikanKbn=2", "url2": "http://prs-tanaka.com", "内容": "たなかクリニック【2:診療所】【診療科目:形成外科_美容外科_皮膚科_美容皮膚科】広島県福山市駅家町上山守４５０－５" }, "geometry": { "type": "Point", "coordinates": [ 133.331593, 34.538289 ] } },
{ "type": "Feature", "properties": { "ID": 3422340649750, "正式名称": "医療法人社団　かなもと医院", "機関区分": 2, "都道府県コード": 34, "市区町村コード": 205, "所在地": "広島県尾道市門田町１番４３号", "緯度": 34.415861, "経度": 133.186334, "url": "https://www.iryou.teikyouseido.mhlw.go.jp/znk-web/juminkanja/S2430/initialize?prefCd=34&kikanCd=2340649750&kikanKbn=2", "url2": null, "内容": "医療法人社団　かなもと医院【2:診療所】【診療科目:内科_糖尿病内科_外科_整形外科_小児科_放射線科】広島県尾道市門田町１番４３号" }, "geometry": { "type": "Point", "coordinates": [ 133.186334, 34.415861 ] } },
{ "type": "Feature", "properties": { "ID": 3422340649880, "正式名称": "医療法人　純医会　三上内科医院", "機関区分": 2, "都道府県コード": 34, "市区町村コード": 103, "所在地": "広島県広島市南区松原町３－１　ＥＫＩＣＩＴＹ　ＨＩＲＯＳＨＩＭＡ　２Ｆ", "緯度": 34.395469, "経度": 132.477249, "url": "https://www.iryou.teikyouseido.mhlw.go.jp/znk-web/juminkanja/S2430/initialize?prefCd=34&kikanCd=2340649880&kikanKbn=2", "url2": "mikami-naika.com", "内容": "医療法人　純医会　三上内科医院【2:診療所】【診療科目:内科_循環器内科_胃腸内科_小児科】広島県広島市南区松原町３－１　ＥＫＩＣＩＴＹ　ＨＩＲＯＳＨＩＭＡ　２Ｆ" }, "geometry": { "type": "Point", "coordinates": [ 132.477249, 34.395469 ] } },
{ "type": "Feature", "properties": { "ID": 3422340650280, "正式名称": "ほーむけあクリニック", "機関区分": 2, "都道府県コード": 34, "市区町村コード": 101, "所在地": "広島県広島市中区竹屋町８－８", "緯度": 34.382567, "経度": 132.46237, "url": "https://www.iryou.teikyouseido.mhlw.go.jp/znk-web/juminkanja/S2430/initialize?prefCd=34&kikanCd=2340650280&kikanKbn=2", "url2": "https://homecare-clinic.jp/", "内容": "ほーむけあクリニック【2:診療所】【診療科目:内科_小児科_皮膚科_美容皮膚科】広島県広島市中区竹屋町８－８" }, "geometry": { "type": "Point", "coordinates": [ 132.46237, 34.382567 ] } },
{ "type": "Feature", "properties": { "ID": 3422340650310, "正式名称": "医療法人　高杉クリニック", "機関区分": 2, "都道府県コード": 34, "市区町村コード": 103, "所在地": "広島県広島市南区松原町３番１－２０６号", "緯度": 34.395894, "経度": 132.477604, "url": "https://www.iryou.teikyouseido.mhlw.go.jp/znk-web/juminkanja/S2430/initialize?prefCd=34&kikanCd=2340650310&kikanKbn=2", "url2": null, "内容": "医療法人　高杉クリニック【2:診療所】【診療科目:内科_胃腸内科_外科_肛門外科_整形外科】広島県広島市南区松原町３番１－２０６号" }, "geometry": { "type": "Point", "coordinates": [ 132.477604, 34.395894 ] } },
{ "type": "Feature", "properties": { "ID": 3422340650600, "正式名称": "こうの小児科クリニック", "機関区分": 2, "都道府県コード": 34, "市区町村コード": 101, "所在地": "広島県広島市中区舟入幸町４－２　クリニックモール舟入４Ｆ", "緯度": 34.383095, "経度": 132.444901, "url": "https://www.iryou.teikyouseido.mhlw.go.jp/znk-web/juminkanja/S2430/initialize?prefCd=34&kikanCd=2340650600&kikanKbn=2", "url2": null, "内容": "こうの小児科クリニック【2:診療所】【診療科目:代謝内科_内分泌内科_小児科】広島県広島市中区舟入幸町４－２　クリニックモール舟入４Ｆ" }, "geometry": { "type": "Point", "coordinates": [ 132.444901, 34.383095 ] } },
{ "type": "Feature", "properties": { "ID": 3422340650730, "正式名称": "医療法人　慶和会　祇園わだ内科クリニック", "機関区分": 2, "都道府県コード": 34, "市区町村コード": 105, "所在地": "広島県広島市安佐南区祇園三丁目１３－２８", "緯度": 34.439214, "経度": 132.460434, "url": "https://www.iryou.teikyouseido.mhlw.go.jp/znk-web/juminkanja/S2430/initialize?prefCd=34&kikanCd=2340650730&kikanKbn=2", "url2": "http://wada.clinic", "内容": "医療法人　慶和会　祇園わだ内科クリニック【2:診療所】【診療科目:内科_消化器内科_内視鏡内科】広島県広島市安佐南区祇園三丁目１３－２８" }, "geometry": { "type": "Point", "coordinates": [ 132.460434, 34.439214 ] } },
{ "type": "Feature", "properties": { "ID": 3422340650860, "正式名称": "もりかわ皮ふ科クリニック", "機関区分": 2, "都道府県コード": 34, "市区町村コード": 106, "所在地": "広島県広島市安佐北区口田一丁目１６－３５", "緯度": 34.463804, "経度": 132.495825, "url": "https://www.iryou.teikyouseido.mhlw.go.jp/znk-web/juminkanja/S2430/initialize?prefCd=34&kikanCd=2340650860&kikanKbn=2", "url2": "https://morikawa-hifuka.com", "内容": "もりかわ皮ふ科クリニック【2:診療所】【診療科目:皮膚科】広島県広島市安佐北区口田一丁目１６－３５" }, "geometry": { "type": "Point", "coordinates": [ 132.495825, 34.463804 ] } },
{ "type": "Feature", "properties": { "ID": 3422340650990, "正式名称": "医療法人いたくら眼科", "機関区分": 2, "都道府県コード": 34, "市区町村コード": 106, "所在地": "広島県広島市安佐北区落合五丁目２４－８", "緯度": 34.477087, "経度": 132.519084, "url": "https://www.iryou.teikyouseido.mhlw.go.jp/znk-web/juminkanja/S2430/initialize?prefCd=34&kikanCd=2340650990&kikanKbn=2", "url2": "http://www.itakura-eye.com", "内容": "医療法人いたくら眼科【2:診療所】【診療科目:眼科】広島県広島市安佐北区落合五丁目２４－８" }, "geometry": { "type": "Point", "coordinates": [ 132.519084, 34.477087 ] } },
{ "type": "Feature", "properties": { "ID": 3422340651030, "正式名称": "医療法人　ながた皮ふ科", "機関区分": 2, "都道府県コード": 34, "市区町村コード": 106, "所在地": "広島県広島市安佐北区落合五丁目２４－８　２Ｆ", "緯度": 34.477087, "経度": 132.519084, "url": "https://www.iryou.teikyouseido.mhlw.go.jp/znk-web/juminkanja/S2430/initialize?prefCd=34&kikanCd=2340651030&kikanKbn=2", "url2": "www.nagatahifuka.com", "内容": "医療法人　ながた皮ふ科【2:診療所】【診療科目:皮膚科】広島県広島市安佐北区落合五丁目２４－８　２Ｆ" }, "geometry": { "type": "Point", "coordinates": [ 132.519084, 34.477087 ] } },
{ "type": "Feature", "properties": { "ID": 3422340651320, "正式名称": "やすかわ泌尿器科クリニック", "機関区分": 2, "都道府県コード": 34, "市区町村コード": 208, "所在地": "広島県府中市府川町１４０－４", "緯度": 34.568825, "経度": 133.239015, "url": "https://www.iryou.teikyouseido.mhlw.go.jp/znk-web/juminkanja/S2430/initialize?prefCd=34&kikanCd=2340651320&kikanKbn=2", "url2": null, "内容": "やすかわ泌尿器科クリニック【2:診療所】【診療科目:泌尿器科】広島県府中市府川町１４０－４" }, "geometry": { "type": "Point", "coordinates": [ 133.239015, 34.568825 ] } },
{ "type": "Feature", "properties": { "ID": 3422340651450, "正式名称": "かじわら内科循環器内科", "機関区分": 2, "都道府県コード": 34, "市区町村コード": 212, "所在地": "広島県東広島市西条町田口２７２１－２", "緯度": 34.390409, "経度": 132.736581, "url": "https://www.iryou.teikyouseido.mhlw.go.jp/znk-web/juminkanja/S2430/initialize?prefCd=34&kikanCd=2340651450&kikanKbn=2", "url2": "http://www.kajiwara-cl.net", "内容": "かじわら内科循環器内科【2:診療所】【診療科目:内科_循環器内科】広島県東広島市西条町田口２７２１－２" }, "geometry": { "type": "Point", "coordinates": [ 132.736581, 34.390409 ] } },
{ "type": "Feature", "properties": { "ID": 3422340651580, "正式名称": "じけ駅前内科・糖尿病内科クリニック", "機関区分": 2, "都道府県コード": 34, "市区町村コード": 212, "所在地": "広島県東広島市寺家駅前１４－１７－３０１", "緯度": 34.439646, "経度": 132.723577, "url": "https://www.iryou.teikyouseido.mhlw.go.jp/znk-web/juminkanja/S2430/initialize?prefCd=34&kikanCd=2340651580&kikanKbn=2", "url2": "http://www.jikeekimae-cl.jp/", "内容": "じけ駅前内科・糖尿病内科クリニック【2:診療所】【診療科目:内科_糖尿病内科_代謝内科_内分泌内科】広島県東広島市寺家駅前１４－１７－３０１" }, "geometry": { "type": "Point", "coordinates": [ 132.723577, 34.439646 ] } },
{ "type": "Feature", "properties": { "ID": 3422340651610, "正式名称": "にぐま皮ふ科クリニック", "機関区分": 2, "都道府県コード": 34, "市区町村コード": 212, "所在地": "広島県東広島市寺家駅前１４番１７号３０２", "緯度": 34.439646, "経度": 132.723577, "url": "https://www.iryou.teikyouseido.mhlw.go.jp/znk-web/juminkanja/S2430/initialize?prefCd=34&kikanCd=2340651610&kikanKbn=2", "url2": "http://www.niguma-cl.com/", "内容": "にぐま皮ふ科クリニック【2:診療所】【診療科目:皮膚科】広島県東広島市寺家駅前１４番１７号３０２" }, "geometry": { "type": "Point", "coordinates": [ 132.723577, 34.439646 ] } },
{ "type": "Feature", "properties": { "ID": 3422340651870, "正式名称": "もりもと皮膚科クリニック", "機関区分": 2, "都道府県コード": 34, "市区町村コード": 207, "所在地": "広島県福山市多治米町五丁目２３番３０号　２０１", "緯度": 34.468809, "経度": 133.370957, "url": "https://www.iryou.teikyouseido.mhlw.go.jp/znk-web/juminkanja/S2430/initialize?prefCd=34&kikanCd=2340651870&kikanKbn=2", "url2": "https://www.morimotohifuka.com/", "内容": "もりもと皮膚科クリニック【2:診療所】【診療科目:形成外科_小児皮膚科_皮膚科_アレルギー科】広島県福山市多治米町五丁目２３番３０号　２０１" }, "geometry": { "type": "Point", "coordinates": [ 133.370957, 34.468809 ] } },
{ "type": "Feature", "properties": { "ID": 3422340651900, "正式名称": "医療法人社団　恵正会　二宮内科高陽クリニック", "機関区分": 2, "都道府県コード": 34, "市区町村コード": 106, "所在地": "広島県広島市安佐北区落合五丁目２４－８", "緯度": 34.477087, "経度": 132.519084, "url": "https://www.iryou.teikyouseido.mhlw.go.jp/znk-web/juminkanja/S2430/initialize?prefCd=34&kikanCd=2340651900&kikanKbn=2", "url2": "https://www.keiseikai-nmn.net/wp3", "内容": "医療法人社団　恵正会　二宮内科高陽クリニック【2:診療所】【診療科目:内科_循環器内科_消化器内科_放射線科】広島県広島市安佐北区落合五丁目２４－８" }, "geometry": { "type": "Point", "coordinates": [ 132.519084, 34.477087 ] } },
{ "type": "Feature", "properties": { "ID": 3422340652040, "正式名称": "広島ハートクリニック", "機関区分": 2, "都道府県コード": 34, "市区町村コード": 103, "所在地": "広島県広島市南区松原町３－１　３０１号", "緯度": 34.395894, "経度": 132.477604, "url": "https://www.iryou.teikyouseido.mhlw.go.jp/znk-web/juminkanja/S2430/initialize?prefCd=34&kikanCd=2340652040&kikanKbn=2", "url2": "https://www.hiroshima-hart.jp", "内容": "広島ハートクリニック【2:診療所】【診療科目:産婦人科（生殖医療）_泌尿器科】広島県広島市南区松原町３－１　３０１号" }, "geometry": { "type": "Point", "coordinates": [ 132.477604, 34.395894 ] } },
{ "type": "Feature", "properties": { "ID": 3422340652170, "正式名称": "山崎整形外科内科クリニック", "機関区分": 2, "都道府県コード": 34, "市区町村コード": 105, "所在地": "広島県広島市安佐南区毘沙門台１－５－２３", "緯度": 34.470259, "経度": 132.465338, "url": "https://www.iryou.teikyouseido.mhlw.go.jp/znk-web/juminkanja/S2430/initialize?prefCd=34&kikanCd=2340652170&kikanKbn=2", "url2": "https://www.yamasaki-cl.com/", "内容": "山崎整形外科内科クリニック【2:診療所】【診療科目:内科_整形外科_小児科_リハビリテーション科】広島県広島市安佐南区毘沙門台１－５－２３" }, "geometry": { "type": "Point", "coordinates": [ 132.465338, 34.470259 ] } },
{ "type": "Feature", "properties": { "ID": 3422340652460, "正式名称": "医療法人　クリニック平田整形外科", "機関区分": 2, "都道府県コード": 34, "市区町村コード": 202, "所在地": "広島県呉市阿賀中央４丁目５－２５", "緯度": 34.236707, "経度": 132.602468, "url": "https://www.iryou.teikyouseido.mhlw.go.jp/znk-web/juminkanja/S2430/initialize?prefCd=34&kikanCd=2340652460&kikanKbn=2", "url2": null, "内容": "医療法人　クリニック平田整形外科【2:診療所】【診療科目:内科_外科_整形外科_リハビリテーション科】広島県呉市阿賀中央４丁目５－２５" }, "geometry": { "type": "Point", "coordinates": [ 132.602468, 34.236707 ] } },
{ "type": "Feature", "properties": { "ID": 3422340652590, "正式名称": "廿日市市吉和診療所", "機関区分": 2, "都道府県コード": 34, "市区町村コード": 213, "所在地": "広島県廿日市市吉和１７７１番地１", "緯度": 34.485334, "経度": 132.141968, "url": "https://www.iryou.teikyouseido.mhlw.go.jp/znk-web/juminkanja/S2430/initialize?prefCd=34&kikanCd=2340652590&kikanKbn=2", "url2": "http://members.fch.ne.jp/y-shinryo/", "内容": "廿日市市吉和診療所【2:診療所】【診療科目:内科_歯科】広島県廿日市市吉和１７７１番地１" }, "geometry": { "type": "Point", "coordinates": [ 132.141968, 34.485334 ] } },
{ "type": "Feature", "properties": { "ID": 3422340652620, "正式名称": "小坂内科医院", "機関区分": 2, "都道府県コード": 34, "市区町村コード": 309, "所在地": "広島県安芸郡坂町平成ケ浜一丁目８－４２", "緯度": 34.341579, "経度": 132.514772, "url": "https://www.iryou.teikyouseido.mhlw.go.jp/znk-web/juminkanja/S2430/initialize?prefCd=34&kikanCd=2340652620&kikanKbn=2", "url2": null, "内容": "小坂内科医院【2:診療所】【診療科目:内科_小児科_リハビリテーション科】広島県安芸郡坂町平成ケ浜一丁目８－４２" }, "geometry": { "type": "Point", "coordinates": [ 132.514772, 34.341579 ] } },
{ "type": "Feature", "properties": { "ID": 3422340652750, "正式名称": "くるしま内科循環器クリニック", "機関区分": 2, "都道府県コード": 34, "市区町村コード": 304, "所在地": "広島県安芸郡海田町成本１４－１２", "緯度": 34.37387, "経度": 132.540266, "url": "https://www.iryou.teikyouseido.mhlw.go.jp/znk-web/juminkanja/S2430/initialize?prefCd=34&kikanCd=2340652750&kikanKbn=2", "url2": "kurushima.jp", "内容": "くるしま内科循環器クリニック【2:診療所】【診療科目:内科_循環器内科】広島県安芸郡海田町成本１４－１２" }, "geometry": { "type": "Point", "coordinates": [ 132.540266, 34.37387 ] } },
{ "type": "Feature", "properties": { "ID": 3422340652910, "正式名称": "ビッグフロント広島内科呼吸器クリニック", "機関区分": 2, "都道府県コード": 34, "市区町村コード": 103, "所在地": "広島県広島市南区松原町５－１　ビッグフロントひろしまタワービル４Ｆ", "緯度": 34.395259, "経度": 132.475586, "url": "https://www.iryou.teikyouseido.mhlw.go.jp/znk-web/juminkanja/S2430/initialize?prefCd=34&kikanCd=2340652910&kikanKbn=2", "url2": "https://bfh-naika.jp/", "内容": "ビッグフロント広島内科呼吸器クリニック【2:診療所】【診療科目:内科_感染症内科_呼吸器内科_アレルギー科】広島県広島市南区松原町５－１　ビッグフロントひろしまタワービル４Ｆ" }, "geometry": { "type": "Point", "coordinates": [ 132.475586, 34.395259 ] } },
{ "type": "Feature", "properties": { "ID": 3422340653050, "正式名称": "医療法人社団イースト会　広島イースト駅前クリニック", "機関区分": 2, "都道府県コード": 34, "市区町村コード": 103, "所在地": "広島県広島市南区猿猴橋町２－１１　広島駅前クリニックビル６Ｆ", "緯度": 34.395354, "経度": 132.476102, "url": "https://www.iryou.teikyouseido.mhlw.go.jp/znk-web/juminkanja/S2430/initialize?prefCd=34&kikanCd=2340653050&kikanKbn=2", "url2": null, "内容": "医療法人社団イースト会　広島イースト駅前クリニック【2:診療所】【診療科目:皮膚科_泌尿器科】広島県広島市南区猿猴橋町２－１１　広島駅前クリニックビル６Ｆ" }, "geometry": { "type": "Point", "coordinates": [ 132.476102, 34.395354 ] } },
{ "type": "Feature", "properties": { "ID": 3422340653180, "正式名称": "医療法人社団恒星会高見内科", "機関区分": 2, "都道府県コード": 34, "市区町村コード": 104, "所在地": "広島県広島市西区草津本町２５－１", "緯度": 34.379295, "経度": 132.403781, "url": "https://www.iryou.teikyouseido.mhlw.go.jp/znk-web/juminkanja/S2430/initialize?prefCd=34&kikanCd=2340653180&kikanKbn=2", "url2": "http://www-takaminaika.com", "内容": "医療法人社団恒星会高見内科【2:診療所】【診療科目:内科_糖尿病内科_代謝内科_呼吸器内科_小児科_アレルギー科】広島県広島市西区草津本町２５－１" }, "geometry": { "type": "Point", "coordinates": [ 132.403781, 34.379295 ] } },
{ "type": "Feature", "properties": { "ID": 3422340653760, "正式名称": "小児科　アレルギー科　すがいこどもクリニック", "機関区分": 2, "都道府県コード": 34, "市区町村コード": 101, "所在地": "広島県広島市中区宝町２－１　フジグラン広島　４Ｆ", "緯度": 34.386117, "経度": 132.464259, "url": "https://www.iryou.teikyouseido.mhlw.go.jp/znk-web/juminkanja/S2430/initialize?prefCd=34&kikanCd=2340653760&kikanKbn=2", "url2": "https://sugai-kodomo.jp", "内容": "小児科　アレルギー科　すがいこどもクリニック【2:診療所】【診療科目:小児科_アレルギー科】広島県広島市中区宝町２－１　フジグラン広島　４Ｆ" }, "geometry": { "type": "Point", "coordinates": [ 132.464259, 34.386117 ] } },
{ "type": "Feature", "properties": { "ID": 3422340655360, "正式名称": "すみれ産婦人科クリニック", "機関区分": 2, "都道府県コード": 34, "市区町村コード": 105, "所在地": "広島県広島市安佐南区緑井五丁目２９－１８", "緯度": 34.467354, "経度": 132.476946, "url": "https://www.iryou.teikyouseido.mhlw.go.jp/znk-web/juminkanja/S2430/initialize?prefCd=34&kikanCd=2340655360&kikanKbn=2", "url2": "http://www.sumire-wcl.com/", "内容": "すみれ産婦人科クリニック【2:診療所】【診療科目:産婦人科】広島県広島市安佐南区緑井五丁目２９－１８" }, "geometry": { "type": "Point", "coordinates": [ 132.476946, 34.467354 ] } },
{ "type": "Feature", "properties": { "ID": 3422340656080, "正式名称": "山下ケアクリニック", "機関区分": 2, "都道府県コード": 34, "市区町村コード": 211, "所在地": "広島県大竹市新町一丁目２－７　ＤＥＳＩＧＮ２０２　１０１号室", "緯度": 34.217621, "経度": 132.222153, "url": "https://www.iryou.teikyouseido.mhlw.go.jp/znk-web/juminkanja/S2430/initialize?prefCd=34&kikanCd=2340656080&kikanKbn=2", "url2": "http://yamashita-cc.jp/", "内容": "山下ケアクリニック【2:診療所】【診療科目:内科】広島県大竹市新町一丁目２－７　ＤＥＳＩＧＮ２０２　１０１号室" }, "geometry": { "type": "Point", "coordinates": [ 132.222153, 34.217621 ] } },
{ "type": "Feature", "properties": { "ID": 3422340656790, "正式名称": "メンズライフクリニック八丁堀院", "機関区分": 2, "都道府県コード": 34, "市区町村コード": 101, "所在地": "広島県広島市中区八丁堀６番３号　和光八丁堀ビル２階", "緯度": 34.395813, "経度": 132.463844, "url": "https://www.iryou.teikyouseido.mhlw.go.jp/znk-web/juminkanja/S2430/initialize?prefCd=34&kikanCd=2340656790&kikanKbn=2", "url2": "https://www.mens-life-clinic.com/clinic/hiroshima/", "内容": "メンズライフクリニック八丁堀院【2:診療所】【診療科目:形成外科_皮膚科_泌尿器科_頭部皮膚科】広島県広島市中区八丁堀６番３号　和光八丁堀ビル２階" }, "geometry": { "type": "Point", "coordinates": [ 132.463844, 34.395813 ] } },
{ "type": "Feature", "properties": { "ID": 3422340657380, "正式名称": "医療法人プルミエ会　広島プルミエクリニック", "機関区分": 2, "都道府県コード": 34, "市区町村コード": 101, "所在地": "広島県広島市中区本通７－２９　アイビービル４Ｆ", "緯度": 34.397549, "経度": 132.450676, "url": "https://www.iryou.teikyouseido.mhlw.go.jp/znk-web/juminkanja/S2430/initialize?prefCd=34&kikanCd=2340657380&kikanKbn=2", "url2": null, "内容": "医療法人プルミエ会　広島プルミエクリニック【2:診療所】【診療科目:形成外科_美容外科_皮膚科_美容皮膚科】広島県広島市中区本通７－２９　アイビービル４Ｆ" }, "geometry": { "type": "Point", "coordinates": [ 132.450676, 34.397549 ] } },
{ "type": "Feature", "properties": { "ID": 3422340657540, "正式名称": "さとうファミリークリニック", "機関区分": 2, "都道府県コード": 34, "市区町村コード": 207, "所在地": "広島県福山市駅家町万能倉７８６－７", "緯度": 34.545885, "経度": 133.334259, "url": "https://www.iryou.teikyouseido.mhlw.go.jp/znk-web/juminkanja/S2430/initialize?prefCd=34&kikanCd=2340657540&kikanKbn=2", "url2": "https://satofamily-cl.com/", "内容": "さとうファミリークリニック【2:診療所】【診療科目:内科_小児科_皮膚科】広島県福山市駅家町万能倉７８６－７" }, "geometry": { "type": "Point", "coordinates": [ 133.334259, 34.545885 ] } },
{ "type": "Feature", "properties": { "ID": 3422340658260, "正式名称": "医療法人社団あきひろ会　やまね眼科", "機関区分": 2, "都道府県コード": 34, "市区町村コード": 108, "所在地": "広島県広島市佐伯区旭園４－２７", "緯度": 34.365621, "経度": 132.367159, "url": "https://www.iryou.teikyouseido.mhlw.go.jp/znk-web/juminkanja/S2430/initialize?prefCd=34&kikanCd=2340658260&kikanKbn=2", "url2": "https://yamane-eye.com/", "内容": "医療法人社団あきひろ会　やまね眼科【2:診療所】【診療科目:眼科】広島県広島市佐伯区旭園４－２７" }, "geometry": { "type": "Point", "coordinates": [ 132.367159, 34.365621 ] } },
{ "type": "Feature", "properties": { "ID": 3422340659140, "正式名称": "岩本皮ふ科アレルギー科", "機関区分": 2, "都道府県コード": 34, "市区町村コード": 104, "所在地": "広島県広島市西区井口明神一丁目９－２", "緯度": 34.372851, "経度": 132.38945, "url": "https://www.iryou.teikyouseido.mhlw.go.jp/znk-web/juminkanja/S2430/initialize?prefCd=34&kikanCd=2340659140&kikanKbn=2", "url2": "https://www.iwamoto-hifuka.com/", "内容": "岩本皮ふ科アレルギー科【2:診療所】【診療科目:内科_循環器内科_小児皮膚科_皮膚科_アレルギー科】広島県広島市西区井口明神一丁目９－２" }, "geometry": { "type": "Point", "coordinates": [ 132.38945, 34.372851 ] } },
{ "type": "Feature", "properties": { "ID": 3422340659560, "正式名称": "たではらクリニック", "機関区分": 2, "都道府県コード": 34, "市区町村コード": 103, "所在地": "広島県広島市南区宇品神田一丁目２－１６　３Ｆ", "緯度": 34.36741, "経度": 132.464881, "url": "https://www.iryou.teikyouseido.mhlw.go.jp/znk-web/juminkanja/S2430/initialize?prefCd=34&kikanCd=2340659560&kikanKbn=2", "url2": "www.tadehara-clinic.com", "内容": "たではらクリニック【2:診療所】【診療科目:内科_循環器内科】広島県広島市南区宇品神田一丁目２－１６　３Ｆ" }, "geometry": { "type": "Point", "coordinates": [ 132.464881, 34.36741 ] } },
{ "type": "Feature", "properties": { "ID": 3422340660120, "正式名称": "はまもと内科クリニック", "機関区分": 2, "都道府県コード": 34, "市区町村コード": 207, "所在地": "広島県福山市南蔵王町五丁目６番９号", "緯度": 34.502317, "経度": 133.400301, "url": "https://www.iryou.teikyouseido.mhlw.go.jp/znk-web/juminkanja/S2430/initialize?prefCd=34&kikanCd=2340660120&kikanKbn=2", "url2": "http://hamamoto-naika.com/", "内容": "はまもと内科クリニック【2:診療所】【診療科目:内科_糖尿病内科_消化器内科】広島県福山市南蔵王町五丁目６番９号" }, "geometry": { "type": "Point", "coordinates": [ 133.400301, 34.502317 ] } },
{ "type": "Feature", "properties": { "ID": 3422340660250, "正式名称": "岡原内科皮ふ科クリニック", "機関区分": 2, "都道府県コード": 34, "市区町村コード": 302, "所在地": "広島県安芸郡府中町大須一丁目１９－１９", "緯度": 34.392228, "経度": 132.499072, "url": "https://www.iryou.teikyouseido.mhlw.go.jp/znk-web/juminkanja/S2430/initialize?prefCd=34&kikanCd=2340660250&kikanKbn=2", "url2": "www.okahara-c.com", "内容": "岡原内科皮ふ科クリニック【2:診療所】【診療科目:内科_皮膚科_アレルギー科】広島県安芸郡府中町大須一丁目１９－１９" }, "geometry": { "type": "Point", "coordinates": [ 132.499072, 34.392228 ] } },
{ "type": "Feature", "properties": { "ID": 3422340661130, "正式名称": "美容皮膚科　リゼクリニック広島", "機関区分": 2, "都道府県コード": 34, "市区町村コード": 101, "所在地": "広島県広島市中区中町７－４１　広島三栄ビル４０２", "緯度": 34.391139, "経度": 132.456613, "url": "https://www.iryou.teikyouseido.mhlw.go.jp/znk-web/juminkanja/S2430/initialize?prefCd=34&kikanCd=2340661130&kikanKbn=2", "url2": "https://www.rizeclinic.com/locations/hiroshima/", "内容": "美容皮膚科　リゼクリニック広島【2:診療所】【診療科目:美容皮膚科】広島県広島市中区中町７－４１　広島三栄ビル４０２" }, "geometry": { "type": "Point", "coordinates": [ 132.456613, 34.391139 ] } },
{ "type": "Feature", "properties": { "ID": 3422340661710, "正式名称": "よしたに眼科", "機関区分": 2, "都道府県コード": 34, "市区町村コード": 103, "所在地": "広島県広島市南区宇品神田一丁目２－１６　４Ｆ", "緯度": 34.36741, "経度": 132.464881, "url": "https://www.iryou.teikyouseido.mhlw.go.jp/znk-web/juminkanja/S2430/initialize?prefCd=34&kikanCd=2340661710&kikanKbn=2", "url2": "www.yoshitani-ganka.jp", "内容": "よしたに眼科【2:診療所】【診療科目:眼科】広島県広島市南区宇品神田一丁目２－１６　４Ｆ" }, "geometry": { "type": "Point", "coordinates": [ 132.464881, 34.36741 ] } },
{ "type": "Feature", "properties": { "ID": 3422340661970, "正式名称": "やぎ眼科", "機関区分": 2, "都道府県コード": 34, "市区町村コード": 105, "所在地": "広島県広島市安佐南区八木一丁目１９－１６", "緯度": 34.476722, "経度": 132.4915, "url": "https://www.iryou.teikyouseido.mhlw.go.jp/znk-web/juminkanja/S2430/initialize?prefCd=34&kikanCd=2340661970&kikanKbn=2", "url2": "http://www.yagiganka.jp/", "内容": "やぎ眼科【2:診療所】【診療科目:眼科】広島県広島市安佐南区八木一丁目１９－１６" }, "geometry": { "type": "Point", "coordinates": [ 132.4915, 34.476722 ] } },
{ "type": "Feature", "properties": { "ID": 3422340662560, "正式名称": "森泌尿器科クリニック", "機関区分": 2, "都道府県コード": 34, "市区町村コード": 103, "所在地": "広島県広島市南区宇品神田一丁目２－１６　ペガサスメディカル宇品２Ｆ", "緯度": 34.367455, "経度": 132.464878, "url": "https://www.iryou.teikyouseido.mhlw.go.jp/znk-web/juminkanja/S2430/initialize?prefCd=34&kikanCd=2340662560&kikanKbn=2", "url2": null, "内容": "森泌尿器科クリニック【2:診療所】【診療科目:皮膚泌尿器科_泌尿器科】広島県広島市南区宇品神田一丁目２－１６　ペガサスメディカル宇品２Ｆ" }, "geometry": { "type": "Point", "coordinates": [ 132.464878, 34.367455 ] } },
{ "type": "Feature", "properties": { "ID": 3422340662720, "正式名称": "のだ内科ファミリークリニック", "機関区分": 2, "都道府県コード": 34, "市区町村コード": 104, "所在地": "広島県広島市西区井口明神一丁目１４－４９　明神ビル２Ｆ", "緯度": 34.373671, "経度": 132.392819, "url": "https://www.iryou.teikyouseido.mhlw.go.jp/znk-web/juminkanja/S2430/initialize?prefCd=34&kikanCd=2340662720&kikanKbn=2", "url2": "http://noda-family-clinic.com", "内容": "のだ内科ファミリークリニック【2:診療所】【診療科目:内科_感染症内科_血液内科_小児科】広島県広島市西区井口明神一丁目１４－４９　明神ビル２Ｆ" }, "geometry": { "type": "Point", "coordinates": [ 132.392819, 34.373671 ] } },
{ "type": "Feature", "properties": { "ID": 3422340662980, "正式名称": "西条心療クリニック", "機関区分": 2, "都道府県コード": 34, "市区町村コード": 212, "所在地": "広島県東広島市西条西本町２８番３０号", "緯度": 34.426558, "経度": 132.740079, "url": "https://www.iryou.teikyouseido.mhlw.go.jp/znk-web/juminkanja/S2430/initialize?prefCd=34&kikanCd=2340662980&kikanKbn=2", "url2": "http://www.yamasaki.ne.jp/", "内容": "西条心療クリニック【2:診療所】【診療科目:神経内科_精神科_心療内科】広島県東広島市西条西本町２８番３０号" }, "geometry": { "type": "Point", "coordinates": [ 132.740079, 34.426558 ] } },
{ "type": "Feature", "properties": { "ID": 3422340663310, "正式名称": "やまもと内科クリニック", "機関区分": 2, "都道府県コード": 34, "市区町村コード": 102, "所在地": "広島県広島市東区牛田本町６丁目１－２７　うしたみらいビル５Ｆ", "緯度": 34.41509, "経度": 132.467099, "url": "https://www.iryou.teikyouseido.mhlw.go.jp/znk-web/juminkanja/S2430/initialize?prefCd=34&kikanCd=2340663310&kikanKbn=2", "url2": "https://yamamoto-naika-clinic.com/", "内容": "やまもと内科クリニック【2:診療所】【診療科目:内科_消化器内科_内視鏡内科】広島県広島市東区牛田本町６丁目１－２７　うしたみらいビル５Ｆ" }, "geometry": { "type": "Point", "coordinates": [ 132.467099, 34.41509 ] } },
{ "type": "Feature", "properties": { "ID": 3422340663440, "正式名称": "井門ゆかり脳神経内科クリニック", "機関区分": 2, "都道府県コード": 34, "市区町村コード": 102, "所在地": "広島県広島市東区牛田本町６丁目１－２７　うしたみらいビル５Ｆ", "緯度": 34.41509, "経度": 132.467099, "url": "https://www.iryou.teikyouseido.mhlw.go.jp/znk-web/juminkanja/S2430/initialize?prefCd=34&kikanCd=2340663440&kikanKbn=2", "url2": "https://imonclinic.com", "内容": "井門ゆかり脳神経内科クリニック【2:診療所】【診療科目:内科_脳神経内科_老年内科_精神科_心療内科】広島県広島市東区牛田本町６丁目１－２７　うしたみらいビル５Ｆ" }, "geometry": { "type": "Point", "coordinates": [ 132.467099, 34.41509 ] } },
{ "type": "Feature", "properties": { "ID": 3422340663570, "正式名称": "甲斐内科・漢方内科クリニック", "機関区分": 2, "都道府県コード": 34, "市区町村コード": 101, "所在地": "広島県広島市中区大手町２丁目７－２　Ｂａｌｃｏｍ大手町ビル５Ｆ", "緯度": 34.392454, "経度": 132.456325, "url": "https://www.iryou.teikyouseido.mhlw.go.jp/znk-web/juminkanja/S2430/initialize?prefCd=34&kikanCd=2340663570&kikanKbn=2", "url2": "http://www.kai-kanpo.jp", "内容": "甲斐内科・漢方内科クリニック【2:診療所】【診療科目:内科_消化器内科_漢方内科】広島県広島市中区大手町２丁目７－２　Ｂａｌｃｏｍ大手町ビル５Ｆ" }, "geometry": { "type": "Point", "coordinates": [ 132.456325, 34.392454 ] } },
{ "type": "Feature", "properties": { "ID": 3422340663600, "正式名称": "医療法人ひとみ会まつやま眼科", "機関区分": 2, "都道府県コード": 34, "市区町村コード": 103, "所在地": "広島県広島市南区段原日出１丁目１５－１３　段原スクエアビル２Ｆ", "緯度": 34.386553, "経度": 132.480752, "url": "https://www.iryou.teikyouseido.mhlw.go.jp/znk-web/juminkanja/S2430/initialize?prefCd=34&kikanCd=2340663600&kikanKbn=2", "url2": "http://www.matsuyama-ganka.jp/", "内容": "医療法人ひとみ会まつやま眼科【2:診療所】【診療科目:眼科】広島県広島市南区段原日出１丁目１５－１３　段原スクエアビル２Ｆ" }, "geometry": { "type": "Point", "coordinates": [ 132.480752, 34.386553 ] } },
{ "type": "Feature", "properties": { "ID": 3422340663730, "正式名称": "かねはら内科・呼吸器クリニック", "機関区分": 2, "都道府県コード": 34, "市区町村コード": 104, "所在地": "広島県広島市西区楠木町３丁目１－１０", "緯度": 34.412895, "経度": 132.459166, "url": "https://www.iryou.teikyouseido.mhlw.go.jp/znk-web/juminkanja/S2430/initialize?prefCd=34&kikanCd=2340663730&kikanKbn=2", "url2": "https://kanehara-clinic.com/", "内容": "かねはら内科・呼吸器クリニック【2:診療所】【診療科目:内科_呼吸器内科_アレルギー疾患内科】広島県広島市西区楠木町３丁目１－１０" }, "geometry": { "type": "Point", "coordinates": [ 132.459166, 34.412895 ] } },
{ "type": "Feature", "properties": { "ID": 3422340663990, "正式名称": "一般社団法人福山市医師会　健診センター", "機関区分": 2, "都道府県コード": 34, "市区町村コード": 207, "所在地": "広島県福山市三吉町南二丁目１２番２５号", "緯度": 34.488641, "経度": 133.379673, "url": "https://www.iryou.teikyouseido.mhlw.go.jp/znk-web/juminkanja/S2430/initialize?prefCd=34&kikanCd=2340663990&kikanKbn=2", "url2": "https://www.fmed.jp/cnt/kenshin/", "内容": "一般社団法人福山市医師会　健診センター【2:診療所】【診療科目:内科_外科_婦人科】広島県福山市三吉町南二丁目１２番２５号" }, "geometry": { "type": "Point", "coordinates": [ 133.379673, 34.488641 ] } },
{ "type": "Feature", "properties": { "ID": 3422340664160, "正式名称": "はつかいち乳腺クリニック", "機関区分": 2, "都道府県コード": 34, "市区町村コード": 213, "所在地": "広島県廿日市市串戸四丁目１４－１４", "緯度": 34.347561, "経度": 132.323481, "url": "https://www.iryou.teikyouseido.mhlw.go.jp/znk-web/juminkanja/S2430/initialize?prefCd=34&kikanCd=2340664160&kikanKbn=2", "url2": "https://www.hatsukaichinyusen.com/", "内容": "はつかいち乳腺クリニック【2:診療所】【診療科目:乳腺外科】広島県廿日市市串戸四丁目１４－１４" }, "geometry": { "type": "Point", "coordinates": [ 132.323481, 34.347561 ] } },
{ "type": "Feature", "properties": { "ID": 3422340664290, "正式名称": "ルネッサンス並木美容皮膚科", "機関区分": 2, "都道府県コード": 34, "市区町村コード": 101, "所在地": "広島県広島市中区新天地５－１４　白純ビル３Ｆ", "緯度": 34.391328, "経度": 132.461678, "url": "https://www.iryou.teikyouseido.mhlw.go.jp/znk-web/juminkanja/S2430/initialize?prefCd=34&kikanCd=2340664290&kikanKbn=2", "url2": "r-nbd.jp", "内容": "ルネッサンス並木美容皮膚科【2:診療所】【診療科目:美容皮膚科】広島県広島市中区新天地５－１４　白純ビル３Ｆ" }, "geometry": { "type": "Point", "coordinates": [ 132.461678, 34.391328 ] } },
{ "type": "Feature", "properties": { "ID": 3422340664740, "正式名称": "すみい内科クリニック", "機関区分": 2, "都道府県コード": 34, "市区町村コード": 101, "所在地": "広島県広島市中区基町１２－８　宝ビル１０１", "緯度": 34.395121, "経度": 132.459587, "url": "https://www.iryou.teikyouseido.mhlw.go.jp/znk-web/juminkanja/S2430/initialize?prefCd=34&kikanCd=2340664740&kikanKbn=2", "url2": "https://sumii-clinic.org/", "内容": "すみい内科クリニック【2:診療所】【診療科目:内科_消化器内科_胃腸内科_内視鏡内科】広島県広島市中区基町１２－８　宝ビル１０１" }, "geometry": { "type": "Point", "coordinates": [ 132.459587, 34.395121 ] } },
{ "type": "Feature", "properties": { "ID": 3422340664870, "正式名称": "やまぐち内科クリニック", "機関区分": 2, "都道府県コード": 34, "市区町村コード": 103, "所在地": "広島県広島市南区翠一丁目３－１０", "緯度": 34.370266, "経度": 132.465273, "url": "https://www.iryou.teikyouseido.mhlw.go.jp/znk-web/juminkanja/S2430/initialize?prefCd=34&kikanCd=2340664870&kikanKbn=2", "url2": "http://www.yamaguchi-naika-clinic.jp", "内容": "やまぐち内科クリニック【2:診療所】【診療科目:内科_消化器内科_胃腸内科_内視鏡内科】広島県広島市南区翠一丁目３－１０" }, "geometry": { "type": "Point", "coordinates": [ 132.465273, 34.370266 ] } },
{ "type": "Feature", "properties": { "ID": 3422340665040, "正式名称": "佐木島診療所", "機関区分": 2, "都道府県コード": 34, "市区町村コード": 204, "所在地": "広島県三原市鷺浦町向田野浦１７１２番地", "緯度": 34.328262, "経度": 133.106337, "url": "https://www.iryou.teikyouseido.mhlw.go.jp/znk-web/juminkanja/S2430/initialize?prefCd=34&kikanCd=2340665040&kikanKbn=2", "url2": null, "内容": "佐木島診療所【2:診療所】【診療科目:内科_外科】広島県三原市鷺浦町向田野浦１７１２番地" }, "geometry": { "type": "Point", "coordinates": [ 133.106337, 34.328262 ] } },
{ "type": "Feature", "properties": { "ID": 3422340665170, "正式名称": "こばやし整形外科クリニック", "機関区分": 2, "都道府県コード": 34, "市区町村コード": 212, "所在地": "広島県東広島市黒瀬町楢原７８８－１番地", "緯度": 34.327256, "経度": 132.663009, "url": "https://www.iryou.teikyouseido.mhlw.go.jp/znk-web/juminkanja/S2430/initialize?prefCd=34&kikanCd=2340665170&kikanKbn=2", "url2": "http://kobayashi-seikeigeka.jp", "内容": "こばやし整形外科クリニック【2:診療所】【診療科目:整形外科_リハビリテーション科】広島県東広島市黒瀬町楢原７８８－１番地" }, "geometry": { "type": "Point", "coordinates": [ 132.663009, 34.327256 ] } },
{ "type": "Feature", "properties": { "ID": 3422340665200, "正式名称": "そね内科クリニック", "機関区分": 2, "都道府県コード": 34, "市区町村コード": 212, "所在地": "広島県東広島市西条町御薗宇４２８１－１　東広島クリニックビル１階", "緯度": 34.406794, "経度": 132.751196, "url": "https://www.iryou.teikyouseido.mhlw.go.jp/znk-web/juminkanja/S2430/initialize?prefCd=34&kikanCd=2340665200&kikanKbn=2", "url2": "https://sone-clinic.info", "内容": "そね内科クリニック【2:診療所】【診療科目:内科_循環器内科】広島県東広島市西条町御薗宇４２８１－１　東広島クリニックビル１階" }, "geometry": { "type": "Point", "coordinates": [ 132.751196, 34.406794 ] } },
{ "type": "Feature", "properties": { "ID": 3422340665590, "正式名称": "医療法人社団秋月会　広島中央通り　香月産婦人科", "機関区分": 2, "都道府県コード": 34, "市区町村コード": 101, "所在地": "広島県広島市中区三川町７－１", "緯度": 34.389816, "経度": 132.462014, "url": "https://www.iryou.teikyouseido.mhlw.go.jp/znk-web/juminkanja/S2430/initialize?prefCd=34&kikanCd=2340665590&kikanKbn=2", "url2": "https://www.katsuki-medical.com/", "内容": "医療法人社団秋月会　広島中央通り　香月産婦人科【2:診療所】【診療科目:産婦人科_産婦人科（生殖医療）】広島県広島市中区三川町７－１" }, "geometry": { "type": "Point", "coordinates": [ 132.462014, 34.389816 ] } },
{ "type": "Feature", "properties": { "ID": 3422340665620, "正式名称": "医療法人社団愛心会なんぶ甲状腺クリニック", "機関区分": 2, "都道府県コード": 34, "市区町村コード": 101, "所在地": "広島県広島市中区大手町一丁目１－２０　相生橋ビル２Ｆ", "緯度": 34.395612, "経度": 132.455097, "url": "https://www.iryou.teikyouseido.mhlw.go.jp/znk-web/juminkanja/S2430/initialize?prefCd=34&kikanCd=2340665620&kikanKbn=2", "url2": "https://nambu-clinic.jp/", "内容": "医療法人社団愛心会なんぶ甲状腺クリニック【2:診療所】【診療科目:代謝・内分泌内科_外科_肛門外科】広島県広島市中区大手町一丁目１－２０　相生橋ビル２Ｆ" }, "geometry": { "type": "Point", "coordinates": [ 132.455097, 34.395612 ] } },
{ "type": "Feature", "properties": { "ID": 3422340665910, "正式名称": "広島八丁堀呼吸器クリニック", "機関区分": 2, "都道府県コード": 34, "市区町村コード": 101, "所在地": "広島県広島市中区八丁堀１４－１", "緯度": 34.394952, "経度": 132.463361, "url": "https://www.iryou.teikyouseido.mhlw.go.jp/znk-web/juminkanja/S2430/initialize?prefCd=34&kikanCd=2340665910&kikanKbn=2", "url2": "https://onari-respiratory-clinic.jp", "内容": "広島八丁堀呼吸器クリニック【2:診療所】【診療科目:内科_呼吸器内科_呼吸器外科_リハビリテーション科_放射線科】広島県広島市中区八丁堀１４－１" }, "geometry": { "type": "Point", "coordinates": [ 132.463361, 34.394952 ] } },
{ "type": "Feature", "properties": { "ID": 3422340667060, "正式名称": "医療法人社団エス・ディー　平田内科", "機関区分": 2, "都道府県コード": 34, "市区町村コード": 105, "所在地": "広島県広島市安佐南区中筋一丁目３番１１号", "緯度": 34.453524, "経度": 132.476371, "url": "https://www.iryou.teikyouseido.mhlw.go.jp/znk-web/juminkanja/S2430/initialize?prefCd=34&kikanCd=2340667060&kikanKbn=2", "url2": "https://www.hirata-naika.jp/", "内容": "医療法人社団エス・ディー　平田内科【2:診療所】【診療科目:内科_血液内科】広島県広島市安佐南区中筋一丁目３番１１号" }, "geometry": { "type": "Point", "coordinates": [ 132.476371, 34.453524 ] } },
{ "type": "Feature", "properties": { "ID": 3422340667190, "正式名称": "こやま整形外科・内科クリニック", "機関区分": 2, "都道府県コード": 34, "市区町村コード": 210, "所在地": "広島県庄原市中本町一丁目７－５", "緯度": 34.859465, "経度": 133.016975, "url": "https://www.iryou.teikyouseido.mhlw.go.jp/znk-web/juminkanja/S2430/initialize?prefCd=34&kikanCd=2340667190&kikanKbn=2", "url2": "http://koyamaclinic.net", "内容": "こやま整形外科・内科クリニック【2:診療所】【診療科目:内科_整形外科】広島県庄原市中本町一丁目７－５" }, "geometry": { "type": "Point", "coordinates": [ 133.016975, 34.859465 ] } },
{ "type": "Feature", "properties": { "ID": 3422340667220, "正式名称": "庄原こどもクリニック", "機関区分": 2, "都道府県コード": 34, "市区町村コード": 210, "所在地": "広島県庄原市西本町二丁目１２番９号", "緯度": 34.856365, "経度": 133.01265, "url": "https://www.iryou.teikyouseido.mhlw.go.jp/znk-web/juminkanja/S2430/initialize?prefCd=34&kikanCd=2340667220&kikanKbn=2", "url2": null, "内容": "庄原こどもクリニック【2:診療所】【診療科目:小児科】広島県庄原市西本町二丁目１２番９号" }, "geometry": { "type": "Point", "coordinates": [ 133.01265, 34.856365 ] } },
{ "type": "Feature", "properties": { "ID": 3422340667350, "正式名称": "すがはら小児科アレルギー科クリニック", "機関区分": 2, "都道府県コード": 34, "市区町村コード": 105, "所在地": "広島県広島市安佐南区西原八丁目１－１３　２Ｆ", "緯度": 34.445886, "経度": 132.474308, "url": "https://www.iryou.teikyouseido.mhlw.go.jp/znk-web/juminkanja/S2430/initialize?prefCd=34&kikanCd=2340667350&kikanKbn=2", "url2": "http://www.sugahara-ped.jp", "内容": "すがはら小児科アレルギー科クリニック【2:診療所】【診療科目:小児科_アレルギー科】広島県広島市安佐南区西原八丁目１－１３　２Ｆ" }, "geometry": { "type": "Point", "coordinates": [ 132.474308, 34.445886 ] } },
{ "type": "Feature", "properties": { "ID": 3422340667480, "正式名称": "医療法人社団秋月会　広島中央通り　内科クリニック", "機関区分": 2, "都道府県コード": 34, "市区町村コード": 101, "所在地": "広島県広島市中区三川町７－１　４Ｆ", "緯度": 34.389816, "経度": 132.462014, "url": "https://www.iryou.teikyouseido.mhlw.go.jp/znk-web/juminkanja/S2430/initialize?prefCd=34&kikanCd=2340667480&kikanKbn=2", "url2": "https://www.katsuki-medical.com/naika/", "内容": "医療法人社団秋月会　広島中央通り　内科クリニック【2:診療所】【診療科目:内科】広島県広島市中区三川町７－１　４Ｆ" }, "geometry": { "type": "Point", "coordinates": [ 132.462014, 34.389816 ] } },
{ "type": "Feature", "properties": { "ID": 3422340667510, "正式名称": "医療法人社団秋月会　広島中央通り　こどもクリニック", "機関区分": 2, "都道府県コード": 34, "市区町村コード": 101, "所在地": "広島県広島市中区三川町７－１　３Ｆ", "緯度": 34.389816, "経度": 132.462014, "url": "https://www.iryou.teikyouseido.mhlw.go.jp/znk-web/juminkanja/S2430/initialize?prefCd=34&kikanCd=2340667510&kikanKbn=2", "url2": "https://www.katsuki-medical.com/kodomo/", "内容": "医療法人社団秋月会　広島中央通り　こどもクリニック【2:診療所】【診療科目:小児科】広島県広島市中区三川町７－１　３Ｆ" }, "geometry": { "type": "Point", "coordinates": [ 132.462014, 34.389816 ] } },
{ "type": "Feature", "properties": { "ID": 3422340667640, "正式名称": "広島中央通り　メンタルクリニック", "機関区分": 2, "都道府県コード": 34, "市区町村コード": 101, "所在地": "広島県広島市中区三川町７－１", "緯度": 34.389816, "経度": 132.462014, "url": "https://www.iryou.teikyouseido.mhlw.go.jp/znk-web/juminkanja/S2430/initialize?prefCd=34&kikanCd=2340667640&kikanKbn=2", "url2": "https://hiroshimacentral-mental.jp/", "内容": "広島中央通り　メンタルクリニック【2:診療所】【診療科目:精神科_心療内科】広島県広島市中区三川町７－１" }, "geometry": { "type": "Point", "coordinates": [ 132.462014, 34.389816 ] } },
{ "type": "Feature", "properties": { "ID": 3422340668490, "正式名称": "安芸高田やちよクリニック", "機関区分": 2, "都道府県コード": 34, "市区町村コード": 214, "所在地": "広島県安芸高田市八千代町勝田４４８番地", "緯度": 34.637522, "経度": 132.624341, "url": "https://www.iryou.teikyouseido.mhlw.go.jp/znk-web/juminkanja/S2430/initialize?prefCd=34&kikanCd=2340668490&kikanKbn=2", "url2": "http://merry-house.jp/", "内容": "安芸高田やちよクリニック【2:診療所】【診療科目:内科_精神科_リハビリテーション科_放射線科】広島県安芸高田市八千代町勝田４４８番地" }, "geometry": { "type": "Point", "coordinates": [ 132.624341, 34.637522 ] } },
{ "type": "Feature", "properties": { "ID": 3422340668940, "正式名称": "医療法人財団愛人会　河村内科消化器クリニック", "機関区分": 2, "都道府県コード": 34, "市区町村コード": 101, "所在地": "広島県広島市中区大手町一丁目６－１", "緯度": 34.394933, "経度": 132.454437, "url": "https://www.iryou.teikyouseido.mhlw.go.jp/znk-web/juminkanja/S2430/initialize?prefCd=34&kikanCd=2340668940&kikanKbn=2", "url2": "http://www/kawamura-hosp.jp", "内容": "医療法人財団愛人会　河村内科消化器クリニック【2:診療所】【診療科目:内科_消化器内科_胃腸内科_放射線科】広島県広島市中区大手町一丁目６－１" }, "geometry": { "type": "Point", "coordinates": [ 132.454437, 34.394933 ] } },
{ "type": "Feature", "properties": { "ID": 3422340669110, "正式名称": "いしばし耳鼻咽喉科クリニック", "機関区分": 2, "都道府県コード": 34, "市区町村コード": 105, "所在地": "広島県広島市安佐南区祇園五丁目２－４５－２０１", "緯度": 34.447206, "経度": 132.46063, "url": "https://www.iryou.teikyouseido.mhlw.go.jp/znk-web/juminkanja/S2430/initialize?prefCd=34&kikanCd=2340669110&kikanKbn=2", "url2": "http://www.ishibashi-ent.com", "内容": "いしばし耳鼻咽喉科クリニック【2:診療所】【診療科目:耳鼻いんこう科】広島県広島市安佐南区祇園五丁目２－４５－２０１" }, "geometry": { "type": "Point", "coordinates": [ 132.46063, 34.447206 ] } },
{ "type": "Feature", "properties": { "ID": 3422340669240, "正式名称": "うした耳鼻咽喉科クリニック", "機関区分": 2, "都道府県コード": 34, "市区町村コード": 102, "所在地": "広島県広島市東区牛田本町六丁目１－２７　うしたみらいビル５Ｆ", "緯度": 34.415377, "経度": 132.467084, "url": "https://www.iryou.teikyouseido.mhlw.go.jp/znk-web/juminkanja/S2430/initialize?prefCd=34&kikanCd=2340669240&kikanKbn=2", "url2": "ushi-jibi.com", "内容": "うした耳鼻咽喉科クリニック【2:診療所】【診療科目:耳鼻いんこう科_アレルギー科】広島県広島市東区牛田本町六丁目１－２７　うしたみらいビル５Ｆ" }, "geometry": { "type": "Point", "coordinates": [ 132.467084, 34.415377 ] } },
{ "type": "Feature", "properties": { "ID": 3422340669370, "正式名称": "こころ・やのファミリークリニック", "機関区分": 2, "都道府県コード": 34, "市区町村コード": 105, "所在地": "広島県広島市安佐南区伴南四丁目１－１０", "緯度": 34.445598, "経度": 132.379762, "url": "https://www.iryou.teikyouseido.mhlw.go.jp/znk-web/juminkanja/S2430/initialize?prefCd=34&kikanCd=2340669370&kikanKbn=2", "url2": "https://www.cocoro-yanofamily-cl.jp", "内容": "こころ・やのファミリークリニック【2:診療所】【診療科目:内科_消化器内科_外科_乳腺外科】広島県広島市安佐南区伴南四丁目１－１０" }, "geometry": { "type": "Point", "coordinates": [ 132.379762, 34.445598 ] } },
{ "type": "Feature", "properties": { "ID": 3422340669530, "正式名称": "ひろしま下肢静脈瘤クリニック", "機関区分": 2, "都道府県コード": 34, "市区町村コード": 103, "所在地": "広島県広島市南区京橋町１－２　新京橋ビル７Ｆ　２号", "緯度": 34.39493, "経度": 132.473155, "url": "https://www.iryou.teikyouseido.mhlw.go.jp/znk-web/juminkanja/S2430/initialize?prefCd=34&kikanCd=2340669530&kikanKbn=2", "url2": "https://hiroshima.varix.co.jp", "内容": "ひろしま下肢静脈瘤クリニック【2:診療所】【診療科目:心臓血管外科】広島県広島市南区京橋町１－２　新京橋ビル７Ｆ　２号" }, "geometry": { "type": "Point", "coordinates": [ 132.473155, 34.39493 ] } },
{ "type": "Feature", "properties": { "ID": 3422340670640, "正式名称": "吉島ましの皮ふ科クリニック", "機関区分": 2, "都道府県コード": 34, "市区町村コード": 101, "所在地": "広島県広島市中区吉島西二丁目１４－１２　メディカルモール吉島　３Ｆ", "緯度": 34.372568, "経度": 132.444693, "url": "https://www.iryou.teikyouseido.mhlw.go.jp/znk-web/juminkanja/S2430/initialize?prefCd=34&kikanCd=2340670640&kikanKbn=2", "url2": null, "内容": "吉島ましの皮ふ科クリニック【2:診療所】【診療科目:皮膚科】広島県広島市中区吉島西二丁目１４－１２　メディカルモール吉島　３Ｆ" }, "geometry": { "type": "Point", "coordinates": [ 132.444693, 34.372568 ] } },
{ "type": "Feature", "properties": { "ID": 3422340670770, "正式名称": "医療法人社団秋月会　広島中央通り　ふじたか眼科", "機関区分": 2, "都道府県コード": 34, "市区町村コード": 101, "所在地": "広島県広島市中区三川町７－１　３Ｆ", "緯度": 34.389301, "経度": 132.461868, "url": "https://www.iryou.teikyouseido.mhlw.go.jp/znk-web/juminkanja/S2430/initialize?prefCd=34&kikanCd=2340670770&kikanKbn=2", "url2": "https://www.katsuki-medical.com/ganka/", "内容": "医療法人社団秋月会　広島中央通り　ふじたか眼科【2:診療所】【診療科目:眼科】広島県広島市中区三川町７－１　３Ｆ" }, "geometry": { "type": "Point", "coordinates": [ 132.461868, 34.389301 ] } },
{ "type": "Feature", "properties": { "ID": 3422340670800, "正式名称": "なかお耳鼻咽喉科アレルギー科", "機関区分": 2, "都道府県コード": 34, "市区町村コード": 101, "所在地": "広島県広島市中区吉島西二丁目１４－１２　メディカルモール吉島　２Ｆ", "緯度": 34.372537, "経度": 132.444681, "url": "https://www.iryou.teikyouseido.mhlw.go.jp/znk-web/juminkanja/S2430/initialize?prefCd=34&kikanCd=2340670800&kikanKbn=2", "url2": "www.nakao-jibika.com", "内容": "なかお耳鼻咽喉科アレルギー科【2:診療所】【診療科目:耳鼻いんこう科_アレルギー科】広島県広島市中区吉島西二丁目１４－１２　メディカルモール吉島　２Ｆ" }, "geometry": { "type": "Point", "coordinates": [ 132.444681, 34.372537 ] } },
{ "type": "Feature", "properties": { "ID": 3422340670930, "正式名称": "やすクリニック", "機関区分": 2, "都道府県コード": 34, "市区町村コード": 105, "所在地": "広島県広島市安佐南区上安一丁目１－１８", "緯度": 34.474133, "経度": 132.451445, "url": "https://www.iryou.teikyouseido.mhlw.go.jp/znk-web/juminkanja/S2430/initialize?prefCd=34&kikanCd=2340670930&kikanKbn=2", "url2": "http://www.yasuclinic.com/", "内容": "やすクリニック【2:診療所】【診療科目:内科_呼吸器内科_消化器内科_婦人科】広島県広島市安佐南区上安一丁目１－１８" }, "geometry": { "type": "Point", "coordinates": [ 132.451445, 34.474133 ] } },
{ "type": "Feature", "properties": { "ID": 3422340671070, "正式名称": "医療法人陽会かとう整形外科スポーツ運動器クリニック", "機関区分": 2, "都道府県コード": 34, "市区町村コード": 106, "所在地": "広島県広島市安佐北区可部五丁目１４－１２", "緯度": 34.519673, "経度": 132.510469, "url": "https://www.iryou.teikyouseido.mhlw.go.jp/znk-web/juminkanja/S2430/initialize?prefCd=34&kikanCd=2340671070&kikanKbn=2", "url2": "https://kato-osc.jp/", "内容": "医療法人陽会かとう整形外科スポーツ運動器クリニック【2:診療所】【診療科目:整形外科_リハビリテーション科】広島県広島市安佐北区可部五丁目１４－１２" }, "geometry": { "type": "Point", "coordinates": [ 132.510469, 34.519673 ] } },
{ "type": "Feature", "properties": { "ID": 3422340671100, "正式名称": "浅田心療クリニック", "機関区分": 2, "都道府県コード": 34, "市区町村コード": 107, "所在地": "広島県広島市安芸区矢野町７００", "緯度": 34.326353, "経度": 132.549052, "url": "https://www.iryou.teikyouseido.mhlw.go.jp/znk-web/juminkanja/S2430/initialize?prefCd=34&kikanCd=2340671100&kikanKbn=2", "url2": "www.asadamentalclinic.jp", "内容": "浅田心療クリニック【2:診療所】【診療科目:児童精神科_精神科_心療内科】広島県広島市安芸区矢野町７００" }, "geometry": { "type": "Point", "coordinates": [ 132.549052, 34.326353 ] } },
{ "type": "Feature", "properties": { "ID": 3422340671360, "正式名称": "はるた呼吸器クリニック", "機関区分": 2, "都道府県コード": 34, "市区町村コード": 101, "所在地": "広島県広島市中区堺町一丁目３－１０　３Ｆ", "緯度": 34.394477, "経度": 132.447859, "url": "https://www.iryou.teikyouseido.mhlw.go.jp/znk-web/juminkanja/S2430/initialize?prefCd=34&kikanCd=2340671360&kikanKbn=2", "url2": "https://www.haruta-cl.jp", "内容": "はるた呼吸器クリニック【2:診療所】【診療科目:内科_呼吸器内科_アレルギー科】広島県広島市中区堺町一丁目３－１０　３Ｆ" }, "geometry": { "type": "Point", "coordinates": [ 132.447859, 34.394477 ] } },
{ "type": "Feature", "properties": { "ID": 3422340671490, "正式名称": "まつおか内科・脳神経内科", "機関区分": 2, "都道府県コード": 34, "市区町村コード": 101, "所在地": "広島県広島市中区本川町一丁目１－２４　３０３号", "緯度": 34.396577, "経度": 132.450659, "url": "https://www.iryou.teikyouseido.mhlw.go.jp/znk-web/juminkanja/S2430/initialize?prefCd=34&kikanCd=2340671490&kikanKbn=2", "url2": "https://www.matsuoka-neurology.com/", "内容": "まつおか内科・脳神経内科【2:診療所】【診療科目:内科_神経内科】広島県広島市中区本川町一丁目１－２４　３０３号" }, "geometry": { "type": "Point", "coordinates": [ 132.450659, 34.396577 ] } },
{ "type": "Feature", "properties": { "ID": 3422340673700, "正式名称": "櫻クリニック", "機関区分": 2, "都道府県コード": 34, "市区町村コード": 302, "所在地": "広島県安芸郡府中町柳ケ丘４０番１２号　２Ｆ", "緯度": 34.38231, "経度": 132.513215, "url": "https://www.iryou.teikyouseido.mhlw.go.jp/znk-web/juminkanja/S2430/initialize?prefCd=34&kikanCd=2340673700&kikanKbn=2", "url2": "https://www.fig-g.jp/fig-sakura-clinic/", "内容": "櫻クリニック【2:診療所】【診療科目:脳神経内科_脳神経外科】広島県安芸郡府中町柳ケ丘４０番１２号　２Ｆ" }, "geometry": { "type": "Point", "coordinates": [ 132.513215, 34.38231 ] } },
{ "type": "Feature", "properties": { "ID": 3422340673830, "正式名称": "のぞみ整形外科クリニック寺家", "機関区分": 2, "都道府県コード": 34, "市区町村コード": 212, "所在地": "広島県東広島市西条町寺家４７２０", "緯度": 34.429952, "経度": 132.727819, "url": "https://www.iryou.teikyouseido.mhlw.go.jp/znk-web/juminkanja/S2430/initialize?prefCd=34&kikanCd=2340673830&kikanKbn=2", "url2": "https://www.nozomi-clinic.jp/jike/", "内容": "のぞみ整形外科クリニック寺家【2:診療所】【診療科目:整形外科_リハビリテーション科】広島県東広島市西条町寺家４７２０" }, "geometry": { "type": "Point", "coordinates": [ 132.727819, 34.429952 ] } },
{ "type": "Feature", "properties": { "ID": 3422340674000, "正式名称": "鼻岡けいこ皮フ科クリニック", "機関区分": 2, "都道府県コード": 34, "市区町村コード": 101, "所在地": "広島県広島市中区三川町７－１　香月メディカルビル　２Ｆ", "緯度": 34.38983, "経度": 132.462032, "url": "https://www.iryou.teikyouseido.mhlw.go.jp/znk-web/juminkanja/S2430/initialize?prefCd=34&kikanCd=2340674000&kikanKbn=2", "url2": null, "内容": "鼻岡けいこ皮フ科クリニック【2:診療所】【診療科目:小児皮膚科_皮膚科_美容皮膚科_アレルギー科】広島県広島市中区三川町７－１　香月メディカルビル　２Ｆ" }, "geometry": { "type": "Point", "coordinates": [ 132.462032, 34.38983 ] } },
{ "type": "Feature", "properties": { "ID": 3422340674130, "正式名称": "駅前メディカルクリニック", "機関区分": 2, "都道府県コード": 34, "市区町村コード": 207, "所在地": "広島県福山市伏見町１番２１号", "緯度": 34.488813, "経度": 133.363449, "url": "https://www.iryou.teikyouseido.mhlw.go.jp/znk-web/juminkanja/S2430/initialize?prefCd=34&kikanCd=2340674130&kikanKbn=2", "url2": null, "内容": "駅前メディカルクリニック【2:診療所】【診療科目:内科_皮膚科_美容皮膚科_心療内科】広島県福山市伏見町１番２１号" }, "geometry": { "type": "Point", "coordinates": [ 133.363449, 34.488813 ] } },
{ "type": "Feature", "properties": { "ID": 3422340674260, "正式名称": "おかの眼科", "機関区分": 2, "都道府県コード": 34, "市区町村コード": 207, "所在地": "広島県福山市元町１５番２８号　２Ｆ", "緯度": 34.487562, "経度": 133.366257, "url": "https://www.iryou.teikyouseido.mhlw.go.jp/znk-web/juminkanja/S2430/initialize?prefCd=34&kikanCd=2340674260&kikanKbn=2", "url2": "https://www.okano-clinic.com/", "内容": "おかの眼科【2:診療所】【診療科目:眼科】広島県福山市元町１５番２８号　２Ｆ" }, "geometry": { "type": "Point", "coordinates": [ 133.366257, 34.487562 ] } },
{ "type": "Feature", "properties": { "ID": 3422340674550, "正式名称": "医療法人かたひざこしのクリニック　福山かた・ひざ・こしのクリニック", "機関区分": 2, "都道府県コード": 34, "市区町村コード": 207, "所在地": "広島県福山市神辺町新湯野７４番地１８", "緯度": 34.552813, "経度": 133.389185, "url": "https://www.iryou.teikyouseido.mhlw.go.jp/znk-web/juminkanja/S2430/initialize?prefCd=34&kikanCd=2340674550&kikanKbn=2", "url2": "https://www.katahizakoshi.jp/", "内容": "医療法人かたひざこしのクリニック　福山かた・ひざ・こしのクリニック【2:診療所】【診療科目:整形外科_リハビリテーション科】広島県福山市神辺町新湯野７４番地１８" }, "geometry": { "type": "Point", "coordinates": [ 133.389185, 34.552813 ] } },
{ "type": "Feature", "properties": { "ID": 3422340674710, "正式名称": "ひのでクリニック", "機関区分": 2, "都道府県コード": 34, "市区町村コード": 103, "所在地": "広島県広島市南区段原日出１丁目１２－１８　１０１", "緯度": 34.386665, "経度": 132.4822, "url": "https://www.iryou.teikyouseido.mhlw.go.jp/znk-web/juminkanja/S2430/initialize?prefCd=34&kikanCd=2340674710&kikanKbn=2", "url2": "https://hinode-clinic.com/", "内容": "ひのでクリニック【2:診療所】【診療科目:内科_呼吸器内科_小児科_精神科_心療内科】広島県広島市南区段原日出１丁目１２－１８　１０１" }, "geometry": { "type": "Point", "coordinates": [ 132.4822, 34.386665 ] } },
{ "type": "Feature", "properties": { "ID": 3422340674840, "正式名称": "ひらぐん皮ふ科・アレルギー科", "機関区分": 2, "都道府県コード": 34, "市区町村コード": 102, "所在地": "広島県広島市東区牛田本町６丁目１－２７　うしたみらいビル５Ｆ", "緯度": 34.415086, "経度": 132.467088, "url": "https://www.iryou.teikyouseido.mhlw.go.jp/znk-web/juminkanja/S2430/initialize?prefCd=34&kikanCd=2340674840&kikanKbn=2", "url2": "https://hiragun-clinic.com", "内容": "ひらぐん皮ふ科・アレルギー科【2:診療所】【診療科目:皮膚科_アレルギー科】広島県広島市東区牛田本町６丁目１－２７　うしたみらいビル５Ｆ" }, "geometry": { "type": "Point", "coordinates": [ 132.467088, 34.415086 ] } },
{ "type": "Feature", "properties": { "ID": 3422340674970, "正式名称": "池田整形外科リハビリテーションクリニック", "機関区分": 2, "都道府県コード": 34, "市区町村コード": 102, "所在地": "広島県広島市東区戸坂大上４丁目２９－１３", "緯度": 34.424653, "経度": 132.494395, "url": "https://www.iryou.teikyouseido.mhlw.go.jp/znk-web/juminkanja/S2430/initialize?prefCd=34&kikanCd=2340674970&kikanKbn=2", "url2": "ikedaclinic.website", "内容": "池田整形外科リハビリテーションクリニック【2:診療所】【診療科目:整形外科_リウマチ科_リハビリテーション科】広島県広島市東区戸坂大上４丁目２９－１３" }, "geometry": { "type": "Point", "coordinates": [ 132.494395, 34.424653 ] } },
{ "type": "Feature", "properties": { "ID": 3422340675010, "正式名称": "楽々園みみ・はな・のどクリニック", "機関区分": 2, "都道府県コード": 34, "市区町村コード": 108, "所在地": "広島県広島市佐伯区楽々園５丁目９－５　楽々園クリニックビル２０１", "緯度": 34.360823, "経度": 132.35233, "url": "https://www.iryou.teikyouseido.mhlw.go.jp/znk-web/juminkanja/S2430/initialize?prefCd=34&kikanCd=2340675010&kikanKbn=2", "url2": "http://www.rakurakuen-ent.com", "内容": "楽々園みみ・はな・のどクリニック【2:診療所】【診療科目:耳鼻いんこう科】広島県広島市佐伯区楽々園５丁目９－５　楽々園クリニックビル２０１" }, "geometry": { "type": "Point", "coordinates": [ 132.35233, 34.360823 ] } },
{ "type": "Feature", "properties": { "ID": 3422340675140, "正式名称": "ぎおん皮膚科婦人科スキンケアクリニック", "機関区分": 2, "都道府県コード": 34, "市区町村コード": 105, "所在地": "広島県広島市安佐南区祇園５丁目２－４５　２０２", "緯度": 34.446958, "経度": 132.460488, "url": "https://www.iryou.teikyouseido.mhlw.go.jp/znk-web/juminkanja/S2430/initialize?prefCd=34&kikanCd=2340675140&kikanKbn=2", "url2": "www.gion-cl.com", "内容": "ぎおん皮膚科婦人科スキンケアクリニック【2:診療所】【診療科目:婦人科_皮膚科】広島県広島市安佐南区祇園５丁目２－４５　２０２" }, "geometry": { "type": "Point", "coordinates": [ 132.460488, 34.446958 ] } },
{ "type": "Feature", "properties": { "ID": 3422340675270, "正式名称": "土橋きたの皮ふ科", "機関区分": 2, "都道府県コード": 34, "市区町村コード": 101, "所在地": "広島県広島市中区堺町１丁目３－１０　２Ｆ", "緯度": 34.394542, "経度": 132.447839, "url": "https://www.iryou.teikyouseido.mhlw.go.jp/znk-web/juminkanja/S2430/initialize?prefCd=34&kikanCd=2340675270&kikanKbn=2", "url2": "http://www.dobashikitano.jp", "内容": "土橋きたの皮ふ科【2:診療所】【診療科目:皮膚科】広島県広島市中区堺町１丁目３－１０　２Ｆ" }, "geometry": { "type": "Point", "coordinates": [ 132.447839, 34.394542 ] } },
{ "type": "Feature", "properties": { "ID": 3422340675560, "正式名称": "佐々木整形外科　ｓｐｉｎｅ　ｃｌｉｎｉｃ", "機関区分": 2, "都道府県コード": 34, "市区町村コード": 105, "所在地": "広島県広島市安佐南区祇園５丁目２－４５　４０１", "緯度": 34.446958, "経度": 132.460488, "url": "https://www.iryou.teikyouseido.mhlw.go.jp/znk-web/juminkanja/S2430/initialize?prefCd=34&kikanCd=2340675560&kikanKbn=2", "url2": "https://sasaki-sc.jp/", "内容": "佐々木整形外科　ｓｐｉｎｅ　ｃｌｉｎｉｃ【2:診療所】【診療科目:整形外科_リハビリテーション科】広島県広島市安佐南区祇園５丁目２－４５　４０１" }, "geometry": { "type": "Point", "coordinates": [ 132.460488, 34.446958 ] } },
{ "type": "Feature", "properties": { "ID": 3422340675690, "正式名称": "楽々園内科呼吸器クリニック", "機関区分": 2, "都道府県コード": 34, "市区町村コード": 108, "所在地": "広島県広島市佐伯区楽々園５丁目９－５　３０３", "緯度": 34.361234, "経度": 132.352597, "url": "https://www.iryou.teikyouseido.mhlw.go.jp/znk-web/juminkanja/S2430/initialize?prefCd=34&kikanCd=2340675690&kikanKbn=2", "url2": "https://rakurakuen-naika.com/", "内容": "楽々園内科呼吸器クリニック【2:診療所】【診療科目:内科_呼吸器内科_アレルギー疾患内科_アレルギー科】広島県広島市佐伯区楽々園５丁目９－５　３０３" }, "geometry": { "type": "Point", "coordinates": [ 132.352597, 34.361234 ] } },
{ "type": "Feature", "properties": { "ID": 3422340675720, "正式名称": "観音中村クリニック", "機関区分": 2, "都道府県コード": 34, "市区町村コード": 104, "所在地": "広島県広島市西区南観音７丁目１４－２０　第二藤島ビル２Ｆ", "緯度": 34.378733, "経度": 132.428137, "url": "https://www.iryou.teikyouseido.mhlw.go.jp/znk-web/juminkanja/S2430/initialize?prefCd=34&kikanCd=2340675720&kikanKbn=2", "url2": "https://www.kanon-nakamura-c.com", "内容": "観音中村クリニック【2:診療所】【診療科目:内科_漢方内科】広島県広島市西区南観音７丁目１４－２０　第二藤島ビル２Ｆ" }, "geometry": { "type": "Point", "coordinates": [ 132.428137, 34.378733 ] } },
{ "type": "Feature", "properties": { "ID": 3422340676020, "正式名称": "きむら耳鼻咽喉科クリニック", "機関区分": 2, "都道府県コード": 34, "市区町村コード": 202, "所在地": "広島県呉市広古新開７丁目２３－９", "緯度": 34.239985, "経度": 132.619825, "url": "https://www.iryou.teikyouseido.mhlw.go.jp/znk-web/juminkanja/S2430/initialize?prefCd=34&kikanCd=2340676020&kikanKbn=2", "url2": "https://kimura-ent.jimdofree.com/", "内容": "きむら耳鼻咽喉科クリニック【2:診療所】【診療科目:耳鼻いんこう科】広島県呉市広古新開７丁目２３－９" }, "geometry": { "type": "Point", "coordinates": [ 132.619825, 34.239985 ] } },
{ "type": "Feature", "properties": { "ID": 3422340676150, "正式名称": "よねくら小児科", "機関区分": 2, "都道府県コード": 34, "市区町村コード": 202, "所在地": "広島県呉市中通１丁目３－１４　オールファーマシータウン３Ｆ", "緯度": 34.243939, "経度": 132.562422, "url": "https://www.iryou.teikyouseido.mhlw.go.jp/znk-web/juminkanja/S2430/initialize?prefCd=34&kikanCd=2340676150&kikanKbn=2", "url2": "https://www.yonekura-child.com", "内容": "よねくら小児科【2:診療所】【診療科目:小児科】広島県呉市中通１丁目３－１４　オールファーマシータウン３Ｆ" }, "geometry": { "type": "Point", "coordinates": [ 132.562422, 34.243939 ] } },
{ "type": "Feature", "properties": { "ID": 3422340676310, "正式名称": "北広島町豊平診療所", "機関区分": 2, "都道府県コード": 34, "市区町村コード": 369, "所在地": "広島県山県郡北広島町阿坂４７０５番地", "緯度": 34.628342, "経度": 132.449416, "url": "https://www.iryou.teikyouseido.mhlw.go.jp/znk-web/juminkanja/S2430/initialize?prefCd=34&kikanCd=2340676310&kikanKbn=2", "url2": "https://toyohira-clinic.jp/", "内容": "北広島町豊平診療所【2:診療所】【診療科目:内科_循環器内科_整形外科】広島県山県郡北広島町阿坂４７０５番地" }, "geometry": { "type": "Point", "coordinates": [ 132.449416, 34.628342 ] } },
{ "type": "Feature", "properties": { "ID": 3422340676570, "正式名称": "医療法人　たけなか眼科", "機関区分": 2, "都道府県コード": 34, "市区町村コード": 105, "所在地": "広島県広島市安佐南区祇園五丁目２－４５　３０２号", "緯度": 34.446958, "経度": 132.460488, "url": "https://www.iryou.teikyouseido.mhlw.go.jp/znk-web/juminkanja/S2430/initialize?prefCd=34&kikanCd=2340676570&kikanKbn=2", "url2": "https://www.takenaka-ganka.com/", "内容": "医療法人　たけなか眼科【2:診療所】【診療科目:眼科】広島県広島市安佐南区祇園五丁目２－４５　３０２号" }, "geometry": { "type": "Point", "coordinates": [ 132.460488, 34.446958 ] } },
{ "type": "Feature", "properties": { "ID": 3422340676600, "正式名称": "長楽寺内科・呼吸器クリニック", "機関区分": 2, "都道府県コード": 34, "市区町村コード": 105, "所在地": "広島県広島市安佐南区長楽寺１－１５－３", "緯度": 34.471723, "経度": 132.430629, "url": "https://www.iryou.teikyouseido.mhlw.go.jp/znk-web/juminkanja/S2430/initialize?prefCd=34&kikanCd=2340676600&kikanKbn=2", "url2": "chorakuji-cl.com", "内容": "長楽寺内科・呼吸器クリニック【2:診療所】【診療科目:内科_呼吸器内科_アレルギー疾患内科】広島県広島市安佐南区長楽寺１－１５－３" }, "geometry": { "type": "Point", "coordinates": [ 132.430629, 34.471723 ] } },
{ "type": "Feature", "properties": { "ID": 3422340677160, "正式名称": "母と子のまきクリニック", "機関区分": 2, "都道府県コード": 34, "市区町村コード": 103, "所在地": "広島県広島市南区京橋町２－２４　ロイヤルエイト広島駅前３Ｆ", "緯度": 34.395483, "経度": 132.472096, "url": "https://www.iryou.teikyouseido.mhlw.go.jp/znk-web/juminkanja/S2430/initialize?prefCd=34&kikanCd=2340677160&kikanKbn=2", "url2": "https://www.motherandfetusmc.com", "内容": "母と子のまきクリニック【2:診療所】【診療科目:産婦人科】広島県広島市南区京橋町２－２４　ロイヤルエイト広島駅前３Ｆ" }, "geometry": { "type": "Point", "coordinates": [ 132.472096, 34.395483 ] } },
{ "type": "Feature", "properties": { "ID": 3422340677290, "正式名称": "広島アイクリニック", "機関区分": 2, "都道府県コード": 34, "市区町村コード": 101, "所在地": "広島県広島市中区幟町１３－４　広島マツダビル３Ｆ", "緯度": 34.393682, "経度": 132.46609, "url": "https://www.iryou.teikyouseido.mhlw.go.jp/znk-web/juminkanja/S2430/initialize?prefCd=34&kikanCd=2340677290&kikanKbn=2", "url2": "http://www.h-eyeclinic.jp", "内容": "広島アイクリニック【2:診療所】【診療科目:眼科】広島県広島市中区幟町１３－４　広島マツダビル３Ｆ" }, "geometry": { "type": "Point", "coordinates": [ 132.46609, 34.393682 ] } },
{ "type": "Feature", "properties": { "ID": 3422340677320, "正式名称": "メディックス広島エキキタ健診クリニック", "機関区分": 2, "都道府県コード": 34, "市区町村コード": 102, "所在地": "広島県広島市東区二葉の里３－５－７　２Ｆ", "緯度": 34.40025, "経度": 132.47522, "url": "https://www.iryou.teikyouseido.mhlw.go.jp/znk-web/juminkanja/S2430/initialize?prefCd=34&kikanCd=2340677320&kikanKbn=2", "url2": "http://www.mdx-h.or.jp/", "内容": "メディックス広島エキキタ健診クリニック【2:診療所】【診療科目:内科_婦人科】広島県広島市東区二葉の里３－５－７　２Ｆ" }, "geometry": { "type": "Point", "coordinates": [ 132.47522, 34.40025 ] } },
{ "type": "Feature", "properties": { "ID": 3422340677870, "正式名称": "医療法人いまじょうクリニック", "機関区分": 2, "都道府県コード": 34, "市区町村コード": 212, "所在地": "広島県東広島市高屋町檜山７９－１", "緯度": 34.44232, "経度": 132.762731, "url": "https://www.iryou.teikyouseido.mhlw.go.jp/znk-web/juminkanja/S2430/initialize?prefCd=34&kikanCd=2340677870&kikanKbn=2", "url2": "http://imajo-cl.com", "内容": "医療法人いまじょうクリニック【2:診療所】【診療科目:産婦人科】広島県東広島市高屋町檜山７９－１" }, "geometry": { "type": "Point", "coordinates": [ 132.762731, 34.44232 ] } },
{ "type": "Feature", "properties": { "ID": 3422340678170, "正式名称": "虹の子どもクリニック", "機関区分": 2, "都道府県コード": 34, "市区町村コード": 212, "所在地": "広島県東広島市西条町寺家５０２２－１", "緯度": 34.427671, "経度": 132.722272, "url": "https://www.iryou.teikyouseido.mhlw.go.jp/znk-web/juminkanja/S2430/initialize?prefCd=34&kikanCd=2340678170&kikanKbn=2", "url2": "https://www.nijinokodomo.jp/", "内容": "虹の子どもクリニック【2:診療所】【診療科目:小児科_児童精神科_リハビリテーション科】広島県東広島市西条町寺家５０２２－１" }, "geometry": { "type": "Point", "coordinates": [ 132.722272, 34.427671 ] } },
{ "type": "Feature", "properties": { "ID": 3422340678200, "正式名称": "こころのクリニックひまわり", "機関区分": 2, "都道府県コード": 34, "市区町村コード": 304, "所在地": "広島県安芸郡海田町窪町１－２３　ＪＲ海田市駅ＮＫビル１Ｆ", "緯度": 34.37121, "経度": 132.531061, "url": "https://www.iryou.teikyouseido.mhlw.go.jp/znk-web/juminkanja/S2430/initialize?prefCd=34&kikanCd=2340678200&kikanKbn=2", "url2": "https://www.cocoro-clinic-himawari.com/", "内容": "こころのクリニックひまわり【2:診療所】【診療科目:精神科_心療内科】広島県安芸郡海田町窪町１－２３　ＪＲ海田市駅ＮＫビル１Ｆ" }, "geometry": { "type": "Point", "coordinates": [ 132.531061, 34.37121 ] } },
{ "type": "Feature", "properties": { "ID": 3422340678330, "正式名称": "ひろしまこどもクリニック", "機関区分": 2, "都道府県コード": 34, "市区町村コード": 213, "所在地": "広島県廿日市市宮内４４７８－１", "緯度": 34.345388, "経度": 132.306812, "url": "https://www.iryou.teikyouseido.mhlw.go.jp/znk-web/juminkanja/S2430/initialize?prefCd=34&kikanCd=2340678330&kikanKbn=2", "url2": "https://hiroshima-kids.com/", "内容": "ひろしまこどもクリニック【2:診療所】【診療科目:小児科_アレルギー科】広島県廿日市市宮内４４７８－１" }, "geometry": { "type": "Point", "coordinates": [ 132.306812, 34.345388 ] } },
{ "type": "Feature", "properties": { "ID": 3422340678460, "正式名称": "うたのはら整形外科クリニック", "機関区分": 2, "都道府県コード": 34, "市区町村コード": 212, "所在地": "広島県東広島市西条町寺家５２８４－１", "緯度": 34.427671, "経度": 132.722272, "url": "https://www.iryou.teikyouseido.mhlw.go.jp/znk-web/juminkanja/S2430/initialize?prefCd=34&kikanCd=2340678460&kikanKbn=2", "url2": "https://utanohara.com", "内容": "うたのはら整形外科クリニック【2:診療所】【診療科目:整形外科_リハビリテーション科】広島県東広島市西条町寺家５２８４－１" }, "geometry": { "type": "Point", "coordinates": [ 132.722272, 34.427671 ] } },
{ "type": "Feature", "properties": { "ID": 3422340678590, "正式名称": "令和アイクリニック", "機関区分": 2, "都道府県コード": 34, "市区町村コード": 213, "所在地": "広島県廿日市市串戸２－２０－１", "緯度": 34.346927, "経度": 132.324945, "url": "https://www.iryou.teikyouseido.mhlw.go.jp/znk-web/juminkanja/S2430/initialize?prefCd=34&kikanCd=2340678590&kikanKbn=2", "url2": "https://reiwa-eye-clinic.jp/", "内容": "令和アイクリニック【2:診療所】【診療科目:眼科】広島県廿日市市串戸２－２０－１" }, "geometry": { "type": "Point", "coordinates": [ 132.324945, 34.346927 ] } },
{ "type": "Feature", "properties": { "ID": 3422340678620, "正式名称": "みやざわ内科", "機関区分": 2, "都道府県コード": 34, "市区町村コード": 207, "所在地": "広島県福山市南蔵王町４－１２－２４", "緯度": 34.498885, "経度": 133.396226, "url": "https://www.iryou.teikyouseido.mhlw.go.jp/znk-web/juminkanja/S2430/initialize?prefCd=34&kikanCd=2340678620&kikanKbn=2", "url2": "https://miyazawa-naika.com", "内容": "みやざわ内科【2:診療所】【診療科目:内科_糖尿病内科_内分泌内科_消化器内科】広島県福山市南蔵王町４－１２－２４" }, "geometry": { "type": "Point", "coordinates": [ 133.396226, 34.498885 ] } },
{ "type": "Feature", "properties": { "ID": 3422340678880, "正式名称": "医療法人　えきや外科クリニック", "機関区分": 2, "都道府県コード": 34, "市区町村コード": 207, "所在地": "広島県福山市駅家町近田１２１", "緯度": 34.544264, "経度": 133.318823, "url": "https://www.iryou.teikyouseido.mhlw.go.jp/znk-web/juminkanja/S2430/initialize?prefCd=34&kikanCd=2340678880&kikanKbn=2", "url2": null, "内容": "医療法人　えきや外科クリニック【2:診療所】【診療科目:内科_消化器内科_外科_肛門外科_整形外科_リハビリテーション科】広島県福山市駅家町近田１２１" }, "geometry": { "type": "Point", "coordinates": [ 133.318823, 34.544264 ] } },
{ "type": "Feature", "properties": { "ID": 3422340679050, "正式名称": "みどり心のクリニック広島", "機関区分": 2, "都道府県コード": 34, "市区町村コード": 105, "所在地": "広島県広島市安佐南区中筋１－９－６　ロイヤルニシムラ　２Ｆ", "緯度": 34.45039, "経度": 132.476236, "url": "https://www.iryou.teikyouseido.mhlw.go.jp/znk-web/juminkanja/S2430/initialize?prefCd=34&kikanCd=2340679050&kikanKbn=2", "url2": "midorikokoro.com", "内容": "みどり心のクリニック広島【2:診療所】【診療科目:精神科_心療内科】広島県広島市安佐南区中筋１－９－６　ロイヤルニシムラ　２Ｆ" }, "geometry": { "type": "Point", "coordinates": [ 132.476236, 34.45039 ] } },
{ "type": "Feature", "properties": { "ID": 3422340679760, "正式名称": "やすはらこどもクリニック", "機関区分": 2, "都道府県コード": 34, "市区町村コード": 207, "所在地": "広島県福山市多治米町１－１１－２３", "緯度": 34.47317, "経度": 133.383146, "url": "https://www.iryou.teikyouseido.mhlw.go.jp/znk-web/juminkanja/S2430/initialize?prefCd=34&kikanCd=2340679760&kikanKbn=2", "url2": "https://yasuharakodomo.com", "内容": "やすはらこどもクリニック【2:診療所】【診療科目:小児科_新生児内科_アレルギー科】広島県福山市多治米町１－１１－２３" }, "geometry": { "type": "Point", "coordinates": [ 133.383146, 34.47317 ] } },
{ "type": "Feature", "properties": { "ID": 3422340679920, "正式名称": "医療法人社団昭仁会中林整形外科クリニック", "機関区分": 2, "都道府県コード": 34, "市区町村コード": 204, "所在地": "広島県三原市宮沖２－４－５", "緯度": 34.395836, "経度": 133.075388, "url": "https://www.iryou.teikyouseido.mhlw.go.jp/znk-web/juminkanja/S2430/initialize?prefCd=34&kikanCd=2340679920&kikanKbn=2", "url2": null, "内容": "医療法人社団昭仁会中林整形外科クリニック【2:診療所】【診療科目:整形外科_リウマチ科_リハビリテーション科】広島県三原市宮沖２－４－５" }, "geometry": { "type": "Point", "coordinates": [ 133.075388, 34.395836 ] } },
{ "type": "Feature", "properties": { "ID": 3422340680030, "正式名称": "いまだ内科医院", "機関区分": 2, "都道府県コード": 34, "市区町村コード": 207, "所在地": "広島県福山市神辺町川北３２４－１", "緯度": 34.543279, "経度": 133.38589, "url": "https://www.iryou.teikyouseido.mhlw.go.jp/znk-web/juminkanja/S2430/initialize?prefCd=34&kikanCd=2340680030&kikanKbn=2", "url2": "https://imada-naika.com/", "内容": "いまだ内科医院【2:診療所】【診療科目:内科_消化器内科】広島県福山市神辺町川北３２４－１" }, "geometry": { "type": "Point", "coordinates": [ 133.38589, 34.543279 ] } },
{ "type": "Feature", "properties": { "ID": 3422340680160, "正式名称": "井之川眼科医院", "機関区分": 2, "都道府県コード": 34, "市区町村コード": 202, "所在地": "広島県呉市西中央１－３－９　呉信愛ビル４Ｆ", "緯度": 34.246731, "経度": 132.556103, "url": "https://www.iryou.teikyouseido.mhlw.go.jp/znk-web/juminkanja/S2430/initialize?prefCd=34&kikanCd=2340680160&kikanKbn=2", "url2": "http://www.inokawa-eyeclinic.com", "内容": "井之川眼科医院【2:診療所】【診療科目:眼科】広島県呉市西中央１－３－９　呉信愛ビル４Ｆ" }, "geometry": { "type": "Point", "coordinates": [ 132.556103, 34.246731 ] } },
{ "type": "Feature", "properties": { "ID": 3422340680290, "正式名称": "笠岡レディースクリニック", "機関区分": 2, "都道府県コード": 34, "市区町村コード": 202, "所在地": "広島県呉市西中央１－３－９　５Ｆ", "緯度": 34.246731, "経度": 132.556103, "url": "https://www.iryou.teikyouseido.mhlw.go.jp/znk-web/juminkanja/S2430/initialize?prefCd=34&kikanCd=2340680290&kikanKbn=2", "url2": null, "内容": "笠岡レディースクリニック【2:診療所】【診療科目:婦人科_産婦人科（生殖医療）】広島県呉市西中央１－３－９　５Ｆ" }, "geometry": { "type": "Point", "coordinates": [ 132.556103, 34.246731 ] } },
{ "type": "Feature", "properties": { "ID": 3422340680320, "正式名称": "さわさき婦人科・産科", "機関区分": 2, "都道府県コード": 34, "市区町村コード": 202, "所在地": "広島県呉市中通１－３－１４　オールファーマシウータウン３Ｆ", "緯度": 34.243918, "経度": 132.56249, "url": "https://www.iryou.teikyouseido.mhlw.go.jp/znk-web/juminkanja/S2430/initialize?prefCd=34&kikanCd=2340680320&kikanKbn=2", "url2": "https://www.sawa0510.com", "内容": "さわさき婦人科・産科【2:診療所】【診療科目:産科_婦人科】広島県呉市中通１－３－１４　オールファーマシウータウン３Ｆ" }, "geometry": { "type": "Point", "coordinates": [ 132.56249, 34.243918 ] } },
{ "type": "Feature", "properties": { "ID": 3422340680580, "正式名称": "じあん眼科", "機関区分": 2, "都道府県コード": 34, "市区町村コード": 212, "所在地": "広島県東広島市黒瀬町兼広１０－１", "緯度": 34.323215, "経度": 132.663839, "url": "https://www.iryou.teikyouseido.mhlw.go.jp/znk-web/juminkanja/S2430/initialize?prefCd=34&kikanCd=2340680580&kikanKbn=2", "url2": "https://jian-eye-clinic.com/index.html", "内容": "じあん眼科【2:診療所】【診療科目:眼科】広島県東広島市黒瀬町兼広１０－１" }, "geometry": { "type": "Point", "coordinates": [ 132.663839, 34.323215 ] } },
{ "type": "Feature", "properties": { "ID": 3422340680740, "正式名称": "はだ小児科", "機関区分": 2, "都道府県コード": 34, "市区町村コード": 108, "所在地": "広島県広島市佐伯区楽々園５－９－５　３０２", "緯度": 34.360823, "経度": 132.35233, "url": "https://www.iryou.teikyouseido.mhlw.go.jp/znk-web/juminkanja/S2430/initialize?prefCd=34&kikanCd=2340680740&kikanKbn=2", "url2": "https://www.hada-shonika.jp", "内容": "はだ小児科【2:診療所】【診療科目:小児科】広島県広島市佐伯区楽々園５－９－５　３０２" }, "geometry": { "type": "Point", "coordinates": [ 132.35233, 34.360823 ] } },
{ "type": "Feature", "properties": { "ID": 3422340682340, "正式名称": "葵の園クリニック", "機関区分": 2, "都道府県コード": 34, "市区町村コード": 212, "所在地": "広島県東広島市河内町入野７８４１－２", "緯度": 34.443452, "経度": 132.872361, "url": "https://www.iryou.teikyouseido.mhlw.go.jp/znk-web/juminkanja/S2430/initialize?prefCd=34&kikanCd=2340682340&kikanKbn=2", "url2": "http://www.aoikai.jp", "内容": "葵の園クリニック【2:診療所】【診療科目:内科_外科】広島県東広島市河内町入野７８４１－２" }, "geometry": { "type": "Point", "coordinates": [ 132.872361, 34.443452 ] } },
{ "type": "Feature", "properties": { "ID": 3422340682500, "正式名称": "医療法人社団　日の浦会　佐々木産婦人科", "機関区分": 2, "都道府県コード": 34, "市区町村コード": 102, "所在地": "広島県広島市東区戸坂千足２丁目９－２５", "緯度": 34.437107, "経度": 132.486207, "url": "https://www.iryou.teikyouseido.mhlw.go.jp/znk-web/juminkanja/S2430/initialize?prefCd=34&kikanCd=2340682500&kikanKbn=2", "url2": "https://www.sasaki-lcl.com/", "内容": "医療法人社団　日の浦会　佐々木産婦人科【2:診療所】【診療科目:産婦人科】広島県広島市東区戸坂千足２丁目９－２５" }, "geometry": { "type": "Point", "coordinates": [ 132.486207, 34.437107 ] } },
{ "type": "Feature", "properties": { "ID": 3422340682630, "正式名称": "堂面医院", "機関区分": 2, "都道府県コード": 34, "市区町村コード": 103, "所在地": "広島県広島市南区皆実町２－８－４", "緯度": 34.376574, "経度": 132.465265, "url": "https://www.iryou.teikyouseido.mhlw.go.jp/znk-web/juminkanja/S2430/initialize?prefCd=34&kikanCd=2340682630&kikanKbn=2", "url2": "https://domengomachan.jimdofree.com/", "内容": "堂面医院【2:診療所】【診療科目:内科_小児科_麻酔科】広島県広島市南区皆実町２－８－４" }, "geometry": { "type": "Point", "coordinates": [ 132.465265, 34.376574 ] } },
{ "type": "Feature", "properties": { "ID": 3422340684100, "正式名称": "みかみホームクリニック", "機関区分": 2, "都道府県コード": 34, "市区町村コード": 207, "所在地": "広島県福山市曙町６－７－１５　１Ｆ", "緯度": 34.46515, "経度": 133.401878, "url": "https://www.iryou.teikyouseido.mhlw.go.jp/znk-web/juminkanja/S2430/initialize?prefCd=34&kikanCd=2340684100&kikanKbn=2", "url2": "https://mikami-hc.com", "内容": "みかみホームクリニック【2:診療所】【診療科目:内科_外科】広島県福山市曙町６－７－１５　１Ｆ" }, "geometry": { "type": "Point", "coordinates": [ 133.401878, 34.46515 ] } },
{ "type": "Feature", "properties": { "ID": 3422340684230, "正式名称": "東福山駅前クリニック", "機関区分": 2, "都道府県コード": 34, "市区町村コード": 207, "所在地": "広島県福山市引野町", "緯度": 34.485805, "経度": 133.413892, "url": "https://www.iryou.teikyouseido.mhlw.go.jp/znk-web/juminkanja/S2430/initialize?prefCd=34&kikanCd=2340684230&kikanKbn=2", "url2": null, "内容": "東福山駅前クリニック【2:診療所】【診療科目:内科】広島県福山市引野町" }, "geometry": { "type": "Point", "coordinates": [ 133.413892, 34.485805 ] } },
{ "type": "Feature", "properties": { "ID": 3422340684360, "正式名称": "社会医療法人　里仁会　白龍湖クリニック", "機関区分": 2, "都道府県コード": 34, "市区町村コード": 204, "所在地": "広島県三原市大和町和木１５０４－１", "緯度": 34.511343, "経度": 132.922798, "url": "https://www.iryou.teikyouseido.mhlw.go.jp/znk-web/juminkanja/S2430/initialize?prefCd=34&kikanCd=2340684360&kikanKbn=2", "url2": "http://www.hakuryuko.jp", "内容": "社会医療法人　里仁会　白龍湖クリニック【2:診療所】【診療科目:内科_外科_整形外科】広島県三原市大和町和木１５０４－１" }, "geometry": { "type": "Point", "coordinates": [ 132.922798, 34.511343 ] } },
{ "type": "Feature", "properties": { "ID": 3422340684490, "正式名称": "社会医療法人　里仁会　仁生クリニック", "機関区分": 2, "都道府県コード": 34, "市区町村コード": 204, "所在地": "広島県三原市皆実３－３－２８", "緯度": 34.391473, "経度": 133.066238, "url": "https://www.iryou.teikyouseido.mhlw.go.jp/znk-web/juminkanja/S2430/initialize?prefCd=34&kikanCd=2340684490&kikanKbn=2", "url2": null, "内容": "社会医療法人　里仁会　仁生クリニック【2:診療所】【診療科目:内科】広島県三原市皆実３－３－２８" }, "geometry": { "type": "Point", "coordinates": [ 133.066238, 34.391473 ] } },
{ "type": "Feature", "properties": { "ID": 3422340684650, "正式名称": "海田よつ葉クリニック", "機関区分": 2, "都道府県コード": 34, "市区町村コード": 304, "所在地": "広島県安芸郡海田町栄町５－３２", "緯度": 34.362386, "経度": 132.534401, "url": "https://www.iryou.teikyouseido.mhlw.go.jp/znk-web/juminkanja/S2430/initialize?prefCd=34&kikanCd=2340684650&kikanKbn=2", "url2": "https://kaitayotsuba-clinic.com/", "内容": "海田よつ葉クリニック【2:診療所】【診療科目:内科_循環器内科_外科_心臓血管外科】広島県安芸郡海田町栄町５－３２" }, "geometry": { "type": "Point", "coordinates": [ 132.534401, 34.362386 ] } },
{ "type": "Feature", "properties": { "ID": 3422340684780, "正式名称": "ひだまりこどもアレルギー科クリニック", "機関区分": 2, "都道府県コード": 34, "市区町村コード": 105, "所在地": "広島県広島市安佐南区祇園５－２－４５　２０４", "緯度": 34.447216, "経度": 132.4606, "url": "https://www.iryou.teikyouseido.mhlw.go.jp/znk-web/juminkanja/S2430/initialize?prefCd=34&kikanCd=2340684780&kikanKbn=2", "url2": "http://www.hidamari-kcl.com/", "内容": "ひだまりこどもアレルギー科クリニック【2:診療所】【診療科目:小児科_アレルギー科】広島県広島市安佐南区祇園５－２－４５　２０４" }, "geometry": { "type": "Point", "coordinates": [ 132.4606, 34.447216 ] } },
{ "type": "Feature", "properties": { "ID": 3422340684810, "正式名称": "安佐南内科リウマチ科クリニック", "機関区分": 2, "都道府県コード": 34, "市区町村コード": 105, "所在地": "広島県広島市安佐南区伴東５－２１－３５", "緯度": 34.467283, "経度": 132.422108, "url": "https://www.iryou.teikyouseido.mhlw.go.jp/znk-web/juminkanja/S2430/initialize?prefCd=34&kikanCd=2340684810&kikanKbn=2", "url2": "https://www.asaminami-clinic.jp/", "内容": "安佐南内科リウマチ科クリニック【2:診療所】【診療科目:内科_呼吸器内科_疼痛緩和内科_アレルギー科_リウマチ科】広島県広島市安佐南区伴東５－２１－３５" }, "geometry": { "type": "Point", "coordinates": [ 132.422108, 34.467283 ] } },
{ "type": "Feature", "properties": { "ID": 3422340685370, "正式名称": "わたなべ内科・呼吸器クリニック", "機関区分": 2, "都道府県コード": 34, "市区町村コード": 102, "所在地": "広島県広島市東区温品４－２１－８", "緯度": 34.407819, "経度": 132.508011, "url": "https://www.iryou.teikyouseido.mhlw.go.jp/znk-web/juminkanja/S2430/initialize?prefCd=34&kikanCd=2340685370&kikanKbn=2", "url2": "https://watanabe-imr-clinic.jp", "内容": "わたなべ内科・呼吸器クリニック【2:診療所】【診療科目:内科_呼吸器内科】広島県広島市東区温品４－２１－８" }, "geometry": { "type": "Point", "coordinates": [ 132.508011, 34.407819 ] } },
{ "type": "Feature", "properties": { "ID": 3422340685400, "正式名称": "たなべ春日野クリニック", "機関区分": 2, "都道府県コード": 34, "市区町村コード": 105, "所在地": "広島県広島市安佐南区山本新町２－１８－９－８　信徳ビル１Ｆ", "緯度": 34.441056, "経度": 132.435511, "url": "https://www.iryou.teikyouseido.mhlw.go.jp/znk-web/juminkanja/S2430/initialize?prefCd=34&kikanCd=2340685400&kikanKbn=2", "url2": "https://www.tanabe-kasugano-clinic.com", "内容": "たなべ春日野クリニック【2:診療所】【診療科目:内科_外科_脳神経外科】広島県広島市安佐南区山本新町２－１８－９－８　信徳ビル１Ｆ" }, "geometry": { "type": "Point", "coordinates": [ 132.435511, 34.441056 ] } },
{ "type": "Feature", "properties": { "ID": 3422340685530, "正式名称": "医療法人あさだ会　第２心療クリニック　コモリエ", "機関区分": 2, "都道府県コード": 34, "市区町村コード": 103, "所在地": "広島県広島市南区金屋町２－１５　ＫＤＸ広島ビル　７Ｆ", "緯度": 34.392417, "経度": 132.472296, "url": "https://www.iryou.teikyouseido.mhlw.go.jp/znk-web/juminkanja/S2430/initialize?prefCd=34&kikanCd=2340685530&kikanKbn=2", "url2": "https://asadakai2019.stars.ne.jp/index.html", "内容": "医療法人あさだ会　第２心療クリニック　コモリエ【2:診療所】【診療科目:心臓内科_児童精神科_精神科_心療内科】広島県広島市南区金屋町２－１５　ＫＤＸ広島ビル　７Ｆ" }, "geometry": { "type": "Point", "coordinates": [ 132.472296, 34.392417 ] } },
{ "type": "Feature", "properties": { "ID": 3422340686380, "正式名称": "医療法人社団真善会　梅田クリニック", "機関区分": 2, "都道府県コード": 34, "市区町村コード": 207, "所在地": "広島県福山市東深津町１－１１－１０", "緯度": 34.500134, "経度": 133.390882, "url": "https://www.iryou.teikyouseido.mhlw.go.jp/znk-web/juminkanja/S2430/initialize?prefCd=34&kikanCd=2340686380&kikanKbn=2", "url2": "http://www76.biglobe.ne.jp/~umeda/", "内容": "医療法人社団真善会　梅田クリニック【2:診療所】【診療科目:形成外科_皮膚科】広島県福山市東深津町１－１１－１０" }, "geometry": { "type": "Point", "coordinates": [ 133.390882, 34.500134 ] } },
{ "type": "Feature", "properties": { "ID": 3422340686410, "正式名称": "にし耳鼻咽喉科クリニック", "機関区分": 2, "都道府県コード": 34, "市区町村コード": 202, "所在地": "広島県呉市宝町２－２３－１　レクレ医療モール３０６号", "緯度": 34.244017, "経度": 132.557778, "url": "https://www.iryou.teikyouseido.mhlw.go.jp/znk-web/juminkanja/S2430/initialize?prefCd=34&kikanCd=2340686410&kikanKbn=2", "url2": "https://nishijibi.com/", "内容": "にし耳鼻咽喉科クリニック【2:診療所】【診療科目:耳鼻いんこう科_アレルギー科】広島県呉市宝町２－２３－１　レクレ医療モール３０６号" }, "geometry": { "type": "Point", "coordinates": [ 132.557778, 34.244017 ] } },
{ "type": "Feature", "properties": { "ID": 3422340686540, "正式名称": "医療法人社団十二会　ゴリラクリニック広島院", "機関区分": 2, "都道府県コード": 34, "市区町村コード": 101, "所在地": "広島県広島市中区中町８－１８　広島クリスタルプラザ４Ｆ", "緯度": 34.389956, "経度": 132.457802, "url": "https://www.iryou.teikyouseido.mhlw.go.jp/znk-web/juminkanja/S2430/initialize?prefCd=34&kikanCd=2340686540&kikanKbn=2", "url2": "https://gorilla.clinic/clinic/hiroshima/", "内容": "医療法人社団十二会　ゴリラクリニック広島院【2:診療所】【診療科目:美容皮膚科】広島県広島市中区中町８－１８　広島クリスタルプラザ４Ｆ" }, "geometry": { "type": "Point", "coordinates": [ 132.457802, 34.389956 ] } },
{ "type": "Feature", "properties": { "ID": 3422340687420, "正式名称": "エミナルクリニック広島院", "機関区分": 2, "都道府県コード": 34, "市区町村コード": 101, "所在地": "広島県広島市中区紙屋町２－３－４　３Ｆ・４Ｆ・５Ｆ", "緯度": 34.393407, "経度": 132.456567, "url": "https://www.iryou.teikyouseido.mhlw.go.jp/znk-web/juminkanja/S2430/initialize?prefCd=34&kikanCd=2340687420&kikanKbn=2", "url2": null, "内容": "エミナルクリニック広島院【2:診療所】【診療科目:美容皮膚科】広島県広島市中区紙屋町２－３－４　３Ｆ・４Ｆ・５Ｆ" }, "geometry": { "type": "Point", "coordinates": [ 132.456567, 34.393407 ] } },
{ "type": "Feature", "properties": { "ID": 3422340687840, "正式名称": "比婆医院", "機関区分": 2, "都道府県コード": 34, "市区町村コード": 210, "所在地": "広島県庄原市中本町１－３－１　渡辺ビル　１Ｆ", "緯度": 34.857879, "経度": 133.015428, "url": "https://www.iryou.teikyouseido.mhlw.go.jp/znk-web/juminkanja/S2430/initialize?prefCd=34&kikanCd=2340687840&kikanKbn=2", "url2": "www.hibaclinic.jp", "内容": "比婆医院【2:診療所】【診療科目:内科】広島県庄原市中本町１－３－１　渡辺ビル　１Ｆ" }, "geometry": { "type": "Point", "coordinates": [ 133.015428, 34.857879 ] } },
{ "type": "Feature", "properties": { "ID": 3422340687970, "正式名称": "身原皮ふ科・形成外科クリニック", "機関区分": 2, "都道府県コード": 34, "市区町村コード": 101, "所在地": "広島県広島市中区八丁堀１４－７　八丁堀宮田ビル７Ｆ", "緯度": 34.394607, "経度": 132.463462, "url": "https://www.iryou.teikyouseido.mhlw.go.jp/znk-web/juminkanja/S2430/initialize?prefCd=34&kikanCd=2340687970&kikanKbn=2", "url2": "https://www.mihara-cln.com/", "内容": "身原皮ふ科・形成外科クリニック【2:診療所】【診療科目:形成外科_皮膚科】広島県広島市中区八丁堀１４－７　八丁堀宮田ビル７Ｆ" }, "geometry": { "type": "Point", "coordinates": [ 132.463462, 34.394607 ] } },
{ "type": "Feature", "properties": { "ID": 3422340688010, "正式名称": "さくま泌尿器科", "機関区分": 2, "都道府県コード": 34, "市区町村コード": 101, "所在地": "広島県広島市中区鉄砲町９－１０　湯浅ビル５Ｆ", "緯度": 34.394299, "経度": 132.464669, "url": "https://www.iryou.teikyouseido.mhlw.go.jp/znk-web/juminkanja/S2430/initialize?prefCd=34&kikanCd=2340688010&kikanKbn=2", "url2": "http://sakumauro.web.fc2.com", "内容": "さくま泌尿器科【2:診療所】【診療科目:性感染症内科_泌尿器科】広島県広島市中区鉄砲町９－１０　湯浅ビル５Ｆ" }, "geometry": { "type": "Point", "coordinates": [ 132.464669, 34.394299 ] } },
{ "type": "Feature", "properties": { "ID": 3422340688560, "正式名称": "こばやし眼科", "機関区分": 2, "都道府県コード": 34, "市区町村コード": 205, "所在地": "広島県尾道市天満町１６番１４－１１号", "緯度": 34.406545, "経度": 133.187843, "url": "https://www.iryou.teikyouseido.mhlw.go.jp/znk-web/juminkanja/S2430/initialize?prefCd=34&kikanCd=2340688560&kikanKbn=2", "url2": "https://kobayashi-eyeclinic.com", "内容": "こばやし眼科【2:診療所】【診療科目:眼科】広島県尾道市天満町１６番１４－１１号" }, "geometry": { "type": "Point", "coordinates": [ 133.187843, 34.406545 ] } },
{ "type": "Feature", "properties": { "ID": 3422340688690, "正式名称": "医療法人　かわい皮ふ科クリニック", "機関区分": 2, "都道府県コード": 34, "市区町村コード": 108, "所在地": "広島県広島市佐伯区楽々園五丁目９－５－３０１", "緯度": 34.360865, "経度": 132.351837, "url": "https://www.iryou.teikyouseido.mhlw.go.jp/znk-web/juminkanja/S2430/initialize?prefCd=34&kikanCd=2340688690&kikanKbn=2", "url2": "https://kawai-hifuka-cl.com/", "内容": "医療法人　かわい皮ふ科クリニック【2:診療所】【診療科目:皮膚科】広島県広島市佐伯区楽々園五丁目９－５－３０１" }, "geometry": { "type": "Point", "coordinates": [ 132.351837, 34.360865 ] } },
{ "type": "Feature", "properties": { "ID": 3422340688850, "正式名称": "広島駅内科・こどもクリニック", "機関区分": 2, "都道府県コード": 34, "市区町村コード": 103, "所在地": "広島県広島市南区松原町１－２　ｅｋｉｅ２Ｆ", "緯度": 34.397701, "経度": 132.476169, "url": "https://www.iryou.teikyouseido.mhlw.go.jp/znk-web/juminkanja/S2430/initialize?prefCd=34&kikanCd=2340688850&kikanKbn=2", "url2": "ekibiru8.com", "内容": "広島駅内科・こどもクリニック【2:診療所】【診療科目:内科_小児科_アレルギー科】広島県広島市南区松原町１－２　ｅｋｉｅ２Ｆ" }, "geometry": { "type": "Point", "coordinates": [ 132.476169, 34.397701 ] } },
{ "type": "Feature", "properties": { "ID": 3422340689020, "正式名称": "古江クリニック", "機関区分": 2, "都道府県コード": 34, "市区町村コード": 102, "所在地": "広島県広島市東区戸坂中町６－８", "緯度": 34.434814, "経度": 132.48791, "url": "https://www.iryou.teikyouseido.mhlw.go.jp/znk-web/juminkanja/S2430/initialize?prefCd=34&kikanCd=2340689020&kikanKbn=2", "url2": null, "内容": "古江クリニック【2:診療所】【診療科目:内科_呼吸器内科_循環器内科_消化器内科_小児科_アレルギー科】広島県広島市東区戸坂中町６－８" }, "geometry": { "type": "Point", "coordinates": [ 132.48791, 34.434814 ] } },
{ "type": "Feature", "properties": { "ID": 3422340689150, "正式名称": "ビジョンクリニック", "機関区分": 2, "都道府県コード": 34, "市区町村コード": 103, "所在地": "広島県広島市南区西霞町３－３２", "緯度": 34.377567, "経度": 132.480304, "url": "https://www.iryou.teikyouseido.mhlw.go.jp/znk-web/juminkanja/S2430/initialize?prefCd=34&kikanCd=2340689150&kikanKbn=2", "url2": "https://www.visionpluseyeclinic.com/", "内容": "ビジョンクリニック【2:診療所】【診療科目:眼科】広島県広島市南区西霞町３－３２" }, "geometry": { "type": "Point", "coordinates": [ 132.480304, 34.377567 ] } },
{ "type": "Feature", "properties": { "ID": 3422340689280, "正式名称": "広島さくら整形外科", "機関区分": 2, "都道府県コード": 34, "市区町村コード": 105, "所在地": "広島県広島市安佐南区相田二丁目５－１８　３Ｆ", "緯度": 34.473026, "経度": 132.449034, "url": "https://www.iryou.teikyouseido.mhlw.go.jp/znk-web/juminkanja/S2430/initialize?prefCd=34&kikanCd=2340689280&kikanKbn=2", "url2": "https://www.hiroshima-sakura.jp/", "内容": "広島さくら整形外科【2:診療所】【診療科目:整形外科_リハビリテーション科】広島県広島市安佐南区相田二丁目５－１８　３Ｆ" }, "geometry": { "type": "Point", "coordinates": [ 132.449034, 34.473026 ] } },
{ "type": "Feature", "properties": { "ID": 3422340689310, "正式名称": "クオッカ眼科クリニック", "機関区分": 2, "都道府県コード": 34, "市区町村コード": 105, "所在地": "広島県広島市安佐南区伴南一丁目５－１８－８　２０１", "緯度": 34.448217, "経度": 132.380781, "url": "https://www.iryou.teikyouseido.mhlw.go.jp/znk-web/juminkanja/S2430/initialize?prefCd=34&kikanCd=2340689310&kikanKbn=2", "url2": "https://www.quokkaeyeclinic.com/", "内容": "クオッカ眼科クリニック【2:診療所】【診療科目:眼科】広島県広島市安佐南区伴南一丁目５－１８－８　２０１" }, "geometry": { "type": "Point", "coordinates": [ 132.380781, 34.448217 ] } },
{ "type": "Feature", "properties": { "ID": 3422340689440, "正式名称": "医療法人緑風会　ルシアクリニック広島院", "機関区分": 2, "都道府県コード": 34, "市区町村コード": 101, "所在地": "広島県広島市中区本通３－５　クロービル３Ｆ", "緯度": 34.392856, "経度": 132.460575, "url": "https://www.iryou.teikyouseido.mhlw.go.jp/znk-web/juminkanja/S2430/initialize?prefCd=34&kikanCd=2340689440&kikanKbn=2", "url2": "https://lucia-c.com", "内容": "医療法人緑風会　ルシアクリニック広島院【2:診療所】【診療科目:美容外科_美容皮膚科】広島県広島市中区本通３－５　クロービル３Ｆ" }, "geometry": { "type": "Point", "coordinates": [ 132.460575, 34.392856 ] } },
{ "type": "Feature", "properties": { "ID": 3422340689600, "正式名称": "みはらえきまえクリニック", "機関区分": 2, "都道府県コード": 34, "市区町村コード": 204, "所在地": "広島県三原市城町１－８－７－１Ｆ", "緯度": 34.399593, "経度": 133.083365, "url": "https://www.iryou.teikyouseido.mhlw.go.jp/znk-web/juminkanja/S2430/initialize?prefCd=34&kikanCd=2340689600&kikanKbn=2", "url2": "https://miharaec.jp", "内容": "みはらえきまえクリニック【2:診療所】【診療科目:内科_形成外科_皮膚科】広島県三原市城町１－８－７－１Ｆ" }, "geometry": { "type": "Point", "coordinates": [ 133.083365, 34.399593 ] } },
{ "type": "Feature", "properties": { "ID": 3422340689860, "正式名称": "医療法人徹慈会　東手城クリニック", "機関区分": 2, "都道府県コード": 34, "市区町村コード": 207, "所在地": "広島県福山市東手城町１－３－１１", "緯度": 34.488617, "経度": 133.40218, "url": "https://www.iryou.teikyouseido.mhlw.go.jp/znk-web/juminkanja/S2430/initialize?prefCd=34&kikanCd=2340689860&kikanKbn=2", "url2": "http://www.hori.or.jp/higasiteshiro-clinic/", "内容": "医療法人徹慈会　東手城クリニック【2:診療所】【診療科目:形成外科_皮膚科】広島県福山市東手城町１－３－１１" }, "geometry": { "type": "Point", "coordinates": [ 133.40218, 34.488617 ] } },
{ "type": "Feature", "properties": { "ID": 3422340689990, "正式名称": "まりあ眼科クリニック", "機関区分": 2, "都道府県コード": 34, "市区町村コード": 304, "所在地": "広島県安芸郡海田町窪町１－２３　２Ｆ", "緯度": 34.370989, "経度": 132.531523, "url": "https://www.iryou.teikyouseido.mhlw.go.jp/znk-web/juminkanja/S2430/initialize?prefCd=34&kikanCd=2340689990&kikanKbn=2", "url2": "https://maria-eyeclinic.com/", "内容": "まりあ眼科クリニック【2:診療所】【診療科目:眼科】広島県安芸郡海田町窪町１－２３　２Ｆ" }, "geometry": { "type": "Point", "coordinates": [ 132.531523, 34.370989 ] } },
{ "type": "Feature", "properties": { "ID": 3422340690840, "正式名称": "つぼいクリニック泌尿器科内科", "機関区分": 2, "都道府県コード": 34, "市区町村コード": 204, "所在地": "広島県三原市港町三丁目７－１２", "緯度": 34.39808, "経度": 133.078893, "url": "https://www.iryou.teikyouseido.mhlw.go.jp/znk-web/juminkanja/S2430/initialize?prefCd=34&kikanCd=2340690840&kikanKbn=2", "url2": null, "内容": "つぼいクリニック泌尿器科内科【2:診療所】【診療科目:内科_泌尿器科】広島県三原市港町三丁目７－１２" }, "geometry": { "type": "Point", "coordinates": [ 133.078893, 34.39808 ] } },
{ "type": "Feature", "properties": { "ID": 3422340692150, "正式名称": "医療法人社団康寿会　皐月クリニック広島院", "機関区分": 2, "都道府県コード": 34, "市区町村コード": 101, "所在地": "広島県広島市中区胡町４－２４　クリタ胡町ビル５０１", "緯度": 34.392876, "経度": 132.465245, "url": "https://www.iryou.teikyouseido.mhlw.go.jp/znk-web/juminkanja/S2430/initialize?prefCd=34&kikanCd=2340692150&kikanKbn=2", "url2": null, "内容": "医療法人社団康寿会　皐月クリニック広島院【2:診療所】【診療科目:形成外科_泌尿器科】広島県広島市中区胡町４－２４　クリタ胡町ビル５０１" }, "geometry": { "type": "Point", "coordinates": [ 132.465245, 34.392876 ] } },
{ "type": "Feature", "properties": { "ID": 3422340692600, "正式名称": "よしのこどもとアレルギーのクリニック", "機関区分": 2, "都道府県コード": 34, "市区町村コード": 104, "所在地": "広島県広島市西区庚午南一丁目３０ー１３", "緯度": 34.378873, "経度": 132.412057, "url": "https://www.iryou.teikyouseido.mhlw.go.jp/znk-web/juminkanja/S2430/initialize?prefCd=34&kikanCd=2340692600&kikanKbn=2", "url2": "https://yoshino-kids.com/", "内容": "よしのこどもとアレルギーのクリニック【2:診療所】【診療科目:小児科_アレルギー科】広島県広島市西区庚午南一丁目３０ー１３" }, "geometry": { "type": "Point", "coordinates": [ 132.412057, 34.378873 ] } },
{ "type": "Feature", "properties": { "ID": 3422340693290, "正式名称": "青崎いぶきクリニック", "機関区分": 2, "都道府県コード": 34, "市区町村コード": 103, "所在地": "広島県広島市南区青崎一丁目９－１７", "緯度": 34.373107, "経度": 132.506913, "url": "https://www.iryou.teikyouseido.mhlw.go.jp/znk-web/juminkanja/S2430/initialize?prefCd=34&kikanCd=2340693290&kikanKbn=2", "url2": "https://aosaki-clinic.or.jp/", "内容": "青崎いぶきクリニック【2:診療所】【診療科目:内科_小児科】広島県広島市南区青崎一丁目９－１７" }, "geometry": { "type": "Point", "coordinates": [ 132.506913, 34.373107 ] } },
{ "type": "Feature", "properties": { "ID": 3422340693580, "正式名称": "ふないり心のクリニック", "機関区分": 2, "都道府県コード": 34, "市区町村コード": 101, "所在地": "広島県広島市中区舟入幸町４－２　クリニックモール舟入４Ｆ", "緯度": 34.383254, "経度": 132.445015, "url": "https://www.iryou.teikyouseido.mhlw.go.jp/znk-web/juminkanja/S2430/initialize?prefCd=34&kikanCd=2340693580&kikanKbn=2", "url2": "https://funairi-cocoro.org", "内容": "ふないり心のクリニック【2:診療所】【診療科目:精神科_心療内科】広島県広島市中区舟入幸町４－２　クリニックモール舟入４Ｆ" }, "geometry": { "type": "Point", "coordinates": [ 132.445015, 34.383254 ] } },
{ "type": "Feature", "properties": { "ID": 3422340694200, "正式名称": "いずた整形外科クリニック", "機関区分": 2, "都道府県コード": 34, "市区町村コード": 102, "所在地": "広島県広島市東区戸坂大上四丁目３０－１１", "緯度": 34.425537, "経度": 132.494031, "url": "https://www.iryou.teikyouseido.mhlw.go.jp/znk-web/juminkanja/S2430/initialize?prefCd=34&kikanCd=2340694200&kikanKbn=2", "url2": "izucli.com", "内容": "いずた整形外科クリニック【2:診療所】【診療科目:整形外科_リウマチ科_リハビリテーション科】広島県広島市東区戸坂大上四丁目３０－１１" }, "geometry": { "type": "Point", "coordinates": [ 132.494031, 34.425537 ] } },
{ "type": "Feature", "properties": { "ID": 3422340694620, "正式名称": "白島中央クリニック", "機関区分": 2, "都道府県コード": 34, "市区町村コード": 101, "所在地": "広島県広島市中区東白島町１５－８　第３西林ビル２階", "緯度": 34.404819, "経度": 132.465303, "url": "https://www.iryou.teikyouseido.mhlw.go.jp/znk-web/juminkanja/S2430/initialize?prefCd=34&kikanCd=2340694620&kikanKbn=2", "url2": "https://hakushimachuo-clinic.com/", "内容": "白島中央クリニック【2:診療所】【診療科目:内科_皮膚科_精神科_心療内科】広島県広島市中区東白島町１５－８　第３西林ビル２階" }, "geometry": { "type": "Point", "coordinates": [ 132.465303, 34.404819 ] } },
{ "type": "Feature", "properties": { "ID": 3422340694750, "正式名称": "くろさきクリニック", "機関区分": 2, "都道府県コード": 34, "市区町村コード": 213, "所在地": "広島県廿日市市大野中央五丁目１ー４３　大野メディカルビル３Ｆ", "緯度": 34.316517, "経度": 132.246107, "url": "https://www.iryou.teikyouseido.mhlw.go.jp/znk-web/juminkanja/S2430/initialize?prefCd=34&kikanCd=2340694750&kikanKbn=2", "url2": "https://www.kurosaki-clinic.jp/", "内容": "くろさきクリニック【2:診療所】【診療科目:内科_外科_心臓血管外科】広島県廿日市市大野中央五丁目１ー４３　大野メディカルビル３Ｆ" }, "geometry": { "type": "Point", "coordinates": [ 132.246107, 34.316517 ] } },
{ "type": "Feature", "properties": { "ID": 3422340694880, "正式名称": "東京ノーストクリニック", "機関区分": 2, "都道府県コード": 34, "市区町村コード": 103, "所在地": "広島県広島市南区的場町一丁目７－１　２Ｆ", "緯度": 34.393083, "経度": 132.474881, "url": "https://www.iryou.teikyouseido.mhlw.go.jp/znk-web/juminkanja/S2430/initialize?prefCd=34&kikanCd=2340694880&kikanKbn=2", "url2": null, "内容": "東京ノーストクリニック【2:診療所】【診療科目:形成外科_男性泌尿器科】広島県広島市南区的場町一丁目７－１　２Ｆ" }, "geometry": { "type": "Point", "coordinates": [ 132.474881, 34.393083 ] } },
{ "type": "Feature", "properties": { "ID": 3422340694910, "正式名称": "蔵本内科", "機関区分": 2, "都道府県コード": 34, "市区町村コード": 101, "所在地": "広島県広島市中区大手町三丁目１３－６　２Ｆ", "緯度": 34.386291, "経度": 132.454154, "url": "https://www.iryou.teikyouseido.mhlw.go.jp/znk-web/juminkanja/S2430/initialize?prefCd=34&kikanCd=2340694910&kikanKbn=2", "url2": "https://kuramoto-naika.com", "内容": "蔵本内科【2:診療所】【診療科目:内科_血液内科_呼吸器内科_循環器内科】広島県広島市中区大手町三丁目１３－６　２Ｆ" }, "geometry": { "type": "Point", "coordinates": [ 132.454154, 34.386291 ] } },
{ "type": "Feature", "properties": { "ID": 3422340695050, "正式名称": "西日本旅客鉄道（株）広島健康増進センター", "機関区分": 2, "都道府県コード": 34, "市区町村コード": 102, "所在地": "広島県広島市東区上大須賀町１５－２０", "緯度": 34.398862, "経度": 132.473449, "url": "https://www.iryou.teikyouseido.mhlw.go.jp/znk-web/juminkanja/S2430/initialize?prefCd=34&kikanCd=2340695050&kikanKbn=2", "url2": null, "内容": "西日本旅客鉄道（株）広島健康増進センター【2:診療所】【診療科目:内科】広島県広島市東区上大須賀町１５－２０" }, "geometry": { "type": "Point", "coordinates": [ 132.473449, 34.398862 ] } },
{ "type": "Feature", "properties": { "ID": 3422340696220, "正式名称": "山根こどもクリニック", "機関区分": 2, "都道府県コード": 34, "市区町村コード": 207, "所在地": "広島県福山市神辺町川北８９５番地４", "緯度": 34.545882, "経度": 133.381812, "url": "https://www.iryou.teikyouseido.mhlw.go.jp/znk-web/juminkanja/S2430/initialize?prefCd=34&kikanCd=2340696220&kikanKbn=2", "url2": null, "内容": "山根こどもクリニック【2:診療所】【診療科目:小児科_アレルギー科】広島県福山市神辺町川北８９５番地４" }, "geometry": { "type": "Point", "coordinates": [ 133.381812, 34.545882 ] } },
{ "type": "Feature", "properties": { "ID": 3422340696350, "正式名称": "しらさぎ診療所", "機関区分": 2, "都道府県コード": 34, "市区町村コード": 108, "所在地": "広島県広島市佐伯区楽々園二丁目１－３４", "緯度": 34.364111, "経度": 132.352644, "url": "https://www.iryou.teikyouseido.mhlw.go.jp/znk-web/juminkanja/S2430/initialize?prefCd=34&kikanCd=2340696350&kikanKbn=2", "url2": "https://shirasagi-cl.com/", "内容": "しらさぎ診療所【2:診療所】【診療科目:内科】広島県広島市佐伯区楽々園二丁目１－３４" }, "geometry": { "type": "Point", "coordinates": [ 132.352644, 34.364111 ] } },
{ "type": "Feature", "properties": { "ID": 3422340696480, "正式名称": "みんなの睡眠ストレスケアクリニック", "機関区分": 2, "都道府県コード": 34, "市区町村コード": 102, "所在地": "広島県広島市東区牛田本町二丁目１ー２　２０５Ａ", "緯度": 34.411809, "経度": 132.471384, "url": "https://www.iryou.teikyouseido.mhlw.go.jp/znk-web/juminkanja/S2430/initialize?prefCd=34&kikanCd=2340696480&kikanKbn=2", "url2": "https://minna-clinic.com/", "内容": "みんなの睡眠ストレスケアクリニック【2:診療所】【診療科目:精神科_心療内科】広島県広島市東区牛田本町二丁目１ー２　２０５Ａ" }, "geometry": { "type": "Point", "coordinates": [ 132.471384, 34.411809 ] } },
{ "type": "Feature", "properties": { "ID": 3422340697810, "正式名称": "医療法人社団片岡内科胃腸科医院かたおか内科クリニック", "機関区分": 2, "都道府県コード": 34, "市区町村コード": 207, "所在地": "広島県福山市山手町二丁目３番１１号", "緯度": 34.491056, "経度": 133.332635, "url": "https://www.iryou.teikyouseido.mhlw.go.jp/znk-web/juminkanja/S2430/initialize?prefCd=34&kikanCd=2340697810&kikanKbn=2", "url2": "http://kataokanaika.net/", "内容": "医療法人社団片岡内科胃腸科医院かたおか内科クリニック【2:診療所】【診療科目:内科_消化器内科_内視鏡内科】広島県福山市山手町二丁目３番１１号" }, "geometry": { "type": "Point", "coordinates": [ 133.332635, 34.491056 ] } },
{ "type": "Feature", "properties": { "ID": 3422340698820, "正式名称": "駅前ＡＧＡクリニック広島院", "機関区分": 2, "都道府県コード": 34, "市区町村コード": 101, "所在地": "広島県広島市中区八丁堀１３－１４　６Ｆ", "緯度": 34.394776, "経度": 132.462817, "url": "https://www.iryou.teikyouseido.mhlw.go.jp/znk-web/juminkanja/S2430/initialize?prefCd=34&kikanCd=2340698820&kikanKbn=2", "url2": "https://e-aga.jp/intro/hiroshima", "内容": "駅前ＡＧＡクリニック広島院【2:診療所】【診療科目:皮膚科】広島県広島市中区八丁堀１３－１４　６Ｆ" }, "geometry": { "type": "Point", "coordinates": [ 132.462817, 34.394776 ] } },
{ "type": "Feature", "properties": { "ID": 3422340698950, "正式名称": "ふじさわ内科", "機関区分": 2, "都道府県コード": 34, "市区町村コード": 207, "所在地": "広島県福山市北吉津町三丁目１１番１６号", "緯度": 34.497518, "経度": 133.363914, "url": "https://www.iryou.teikyouseido.mhlw.go.jp/znk-web/juminkanja/S2430/initialize?prefCd=34&kikanCd=2340698950&kikanKbn=2", "url2": "fujisawanaika.jp", "内容": "ふじさわ内科【2:診療所】【診療科目:内科_消化器内科_内視鏡内科】広島県福山市北吉津町三丁目１１番１６号" }, "geometry": { "type": "Point", "coordinates": [ 133.363914, 34.497518 ] } },
{ "type": "Feature", "properties": { "ID": 3422340699090, "正式名称": "あけぼのペインクリニック", "機関区分": 2, "都道府県コード": 34, "市区町村コード": 207, "所在地": "広島県福山市曙町一丁目４番４号", "緯度": 34.475944, "経度": 133.39506, "url": "https://www.iryou.teikyouseido.mhlw.go.jp/znk-web/juminkanja/S2430/initialize?prefCd=34&kikanCd=2340699090&kikanKbn=2", "url2": "http://akebono-pain.com/", "内容": "あけぼのペインクリニック【2:診療所】【診療科目:ペインクリニック内科_ペインクリニック外科_麻酔科】広島県福山市曙町一丁目４番４号" }, "geometry": { "type": "Point", "coordinates": [ 133.39506, 34.475944 ] } },
{ "type": "Feature", "properties": { "ID": 3422340699120, "正式名称": "しんこころのクリニック", "機関区分": 2, "都道府県コード": 34, "市区町村コード": 202, "所在地": "広島県呉市西中央一丁目３－１０　メディカルスクエアビル５Ｆ", "緯度": 34.246804, "経度": 132.555997, "url": "https://www.iryou.teikyouseido.mhlw.go.jp/znk-web/juminkanja/S2430/initialize?prefCd=34&kikanCd=2340699120&kikanKbn=2", "url2": "http://shin-kokoro-clinic.jp/", "内容": "しんこころのクリニック【2:診療所】【診療科目:精神科_心療内科】広島県呉市西中央一丁目３－１０　メディカルスクエアビル５Ｆ" }, "geometry": { "type": "Point", "coordinates": [ 132.555997, 34.246804 ] } },
{ "type": "Feature", "properties": { "ID": 3422340699380, "正式名称": "平原クリニック", "機関区分": 2, "都道府県コード": 34, "市区町村コード": 205, "所在地": "広島県尾道市平原二丁目２１－２９", "緯度": 34.411918, "経度": 133.1785, "url": "https://www.iryou.teikyouseido.mhlw.go.jp/znk-web/juminkanja/S2430/initialize?prefCd=34&kikanCd=2340699380&kikanKbn=2", "url2": null, "内容": "平原クリニック【2:診療所】【診療科目:内科_消化器内科_腎臓内科】広島県尾道市平原二丁目２１－２９" }, "geometry": { "type": "Point", "coordinates": [ 133.1785, 34.411918 ] } },
{ "type": "Feature", "properties": { "ID": 3422340699540, "正式名称": "あおばクリニック広島院", "機関区分": 2, "都道府県コード": 34, "市区町村コード": 101, "所在地": "広島県広島市中区紙屋町１－２－２２　Ｂ１Ｆ", "緯度": 34.394828, "経度": 132.458094, "url": "https://www.iryou.teikyouseido.mhlw.go.jp/znk-web/juminkanja/S2430/initialize?prefCd=34&kikanCd=2340699540&kikanKbn=2", "url2": null, "内容": "あおばクリニック広島院【2:診療所】【診療科目:眼科_美容皮膚科】広島県広島市中区紙屋町１－２－２２　Ｂ１Ｆ" }, "geometry": { "type": "Point", "coordinates": [ 132.458094, 34.394828 ] } },
{ "type": "Feature", "properties": { "ID": 3422340699960, "正式名称": "あけぼの皮ふ科クリニック", "機関区分": 2, "都道府県コード": 34, "市区町村コード": 102, "所在地": "広島県広島市東区曙二丁目８－１８", "緯度": 34.394965, "経度": 132.490484, "url": "https://www.iryou.teikyouseido.mhlw.go.jp/znk-web/juminkanja/S2430/initialize?prefCd=34&kikanCd=2340699960&kikanKbn=2", "url2": "http://www.akebono-hifuka.com/", "内容": "あけぼの皮ふ科クリニック【2:診療所】【診療科目:皮膚科】広島県広島市東区曙二丁目８－１８" }, "geometry": { "type": "Point", "coordinates": [ 132.490484, 34.394965 ] } },
{ "type": "Feature", "properties": { "ID": 3422340700000, "正式名称": "共立美容外科・歯科広島院", "機関区分": 2, "都道府県コード": 34, "市区町村コード": 101, "所在地": "広島県広島市中区新天地２－７　広島東宝ビル３Ｆ", "緯度": 34.391628, "経度": 132.46256, "url": "https://www.iryou.teikyouseido.mhlw.go.jp/znk-web/juminkanja/S2430/initialize?prefCd=34&kikanCd=2340700000&kikanKbn=2", "url2": null, "内容": "共立美容外科・歯科広島院【2:診療所】【診療科目:形成外科_美容外科_皮膚科_泌尿器科_歯科_矯正歯科_歯科口腔外科】広島県広島市中区新天地２－７　広島東宝ビル３Ｆ" }, "geometry": { "type": "Point", "coordinates": [ 132.46256, 34.391628 ] } },
{ "type": "Feature", "properties": { "ID": 3422340700130, "正式名称": "リバイバル波動クリニック", "機関区分": 2, "都道府県コード": 34, "市区町村コード": 207, "所在地": "広島県福山市明王台三丁目２番２６号", "緯度": 34.47607, "経度": 133.341894, "url": "https://www.iryou.teikyouseido.mhlw.go.jp/znk-web/juminkanja/S2430/initialize?prefCd=34&kikanCd=2340700130&kikanKbn=2", "url2": null, "内容": "リバイバル波動クリニック【2:診療所】【診療科目:内科_ペインクリニック内科_小児科】広島県福山市明王台三丁目２番２６号" }, "geometry": { "type": "Point", "coordinates": [ 133.341894, 34.47607 ] } },
{ "type": "Feature", "properties": { "ID": 3422340700260, "正式名称": "ないとうクリニック", "機関区分": 2, "都道府県コード": 34, "市区町村コード": 211, "所在地": "広島県大竹市白石一丁目５－９", "緯度": 34.214232, "経度": 132.217841, "url": "https://www.iryou.teikyouseido.mhlw.go.jp/znk-web/juminkanja/S2430/initialize?prefCd=34&kikanCd=2340700260&kikanKbn=2", "url2": null, "内容": "ないとうクリニック【2:診療所】【診療科目:整形外科_麻酔科】広島県大竹市白石一丁目５－９" }, "geometry": { "type": "Point", "coordinates": [ 132.217841, 34.214232 ] } },
{ "type": "Feature", "properties": { "ID": 3422340700390, "正式名称": "おんじ内科クリニック", "機関区分": 2, "都道府県コード": 34, "市区町村コード": 304, "所在地": "広島県安芸郡海田町南大正町３－２５　１Ｆ", "緯度": 34.366712, "経度": 132.533812, "url": "https://www.iryou.teikyouseido.mhlw.go.jp/znk-web/juminkanja/S2430/initialize?prefCd=34&kikanCd=2340700390&kikanKbn=2", "url2": "https://www.onji-naika.com", "内容": "おんじ内科クリニック【2:診療所】【診療科目:内科_消化器内科_内視鏡内科】広島県安芸郡海田町南大正町３－２５　１Ｆ" }, "geometry": { "type": "Point", "coordinates": [ 132.533812, 34.366712 ] } },
{ "type": "Feature", "properties": { "ID": 3422340700420, "正式名称": "医療法人宥善会　東広島中央クリニック", "機関区分": 2, "都道府県コード": 34, "市区町村コード": 212, "所在地": "広島県東広島市西条町御薗宇８５３７番地１", "緯度": 34.39808, "経度": 132.739667, "url": "https://www.iryou.teikyouseido.mhlw.go.jp/znk-web/juminkanja/S2430/initialize?prefCd=34&kikanCd=2340700420&kikanKbn=2", "url2": "www.higashihiroshima-chuo-clinic.com", "内容": "医療法人宥善会　東広島中央クリニック【2:診療所】【診療科目:内科_消化器内科】広島県東広島市西条町御薗宇８５３７番地１" }, "geometry": { "type": "Point", "coordinates": [ 132.739667, 34.39808 ] } },
{ "type": "Feature", "properties": { "ID": 3422340700710, "正式名称": "ＴＣＢ　東京中央美容外科・ＴＣＢ　スキンクリニック　広島院", "機関区分": 2, "都道府県コード": 34, "市区町村コード": 101, "所在地": "広島県広島市中区本通９－３０　ランドマークビル３Ｆ", "緯度": 34.392472, "経度": 132.460834, "url": "https://www.iryou.teikyouseido.mhlw.go.jp/znk-web/juminkanja/S2430/initialize?prefCd=34&kikanCd=2340700710&kikanKbn=2", "url2": "https://aoki-tsuyoshi.com/", "内容": "ＴＣＢ　東京中央美容外科・ＴＣＢ　スキンクリニック　広島院【2:診療所】【診療科目:形成外科_美容外科_皮膚科_美容皮膚科】広島県広島市中区本通９－３０　ランドマークビル３Ｆ" }, "geometry": { "type": "Point", "coordinates": [ 132.460834, 34.392472 ] } },
{ "type": "Feature", "properties": { "ID": 3422340700840, "正式名称": "今井耳鼻咽喉科医院", "機関区分": 2, "都道府県コード": 34, "市区町村コード": 108, "所在地": "広島県広島市佐伯区海老園一丁目３－２２", "緯度": 34.364038, "経度": 132.357327, "url": "https://www.iryou.teikyouseido.mhlw.go.jp/znk-web/juminkanja/S2430/initialize?prefCd=34&kikanCd=2340700840&kikanKbn=2", "url2": "http://imaijibika.or.jp/index.html", "内容": "今井耳鼻咽喉科医院【2:診療所】【診療科目:耳鼻いんこう科_アレルギー科】広島県広島市佐伯区海老園一丁目３－２２" }, "geometry": { "type": "Point", "coordinates": [ 132.357327, 34.364038 ] } },
{ "type": "Feature", "properties": { "ID": 3422340700970, "正式名称": "やまぐち整形外科リハビリクリニック", "機関区分": 2, "都道府県コード": 34, "市区町村コード": 105, "所在地": "広島県広島市安佐南区祇園二丁目１３－２０", "緯度": 34.444584, "経度": 132.467292, "url": "https://www.iryou.teikyouseido.mhlw.go.jp/znk-web/juminkanja/S2430/initialize?prefCd=34&kikanCd=2340700970&kikanKbn=2", "url2": null, "内容": "やまぐち整形外科リハビリクリニック【2:診療所】【診療科目:整形外科_リウマチ科_リハビリテーション科】広島県広島市安佐南区祇園二丁目１３－２０" }, "geometry": { "type": "Point", "coordinates": [ 132.467292, 34.444584 ] } },
{ "type": "Feature", "properties": { "ID": 3422340701010, "正式名称": "小田内科", "機関区分": 2, "都道府県コード": 34, "市区町村コード": 104, "所在地": "広島県広島市西区三篠町一丁目２－２９", "緯度": 34.411853, "経度": 132.454289, "url": "https://www.iryou.teikyouseido.mhlw.go.jp/znk-web/juminkanja/S2430/initialize?prefCd=34&kikanCd=2340701010&kikanKbn=2", "url2": "https://www.oda-naika.com/", "内容": "小田内科【2:診療所】【診療科目:内科_消化器内科】広島県広島市西区三篠町一丁目２－２９" }, "geometry": { "type": "Point", "coordinates": [ 132.454289, 34.411853 ] } },
{ "type": "Feature", "properties": { "ID": 3422340701140, "正式名称": "医療法人　大田整形外科", "機関区分": 2, "都道府県コード": 34, "市区町村コード": 213, "所在地": "広島県廿日市市駅前４番２８号", "緯度": 34.357567, "経度": 132.336211, "url": "https://www.iryou.teikyouseido.mhlw.go.jp/znk-web/juminkanja/S2430/initialize?prefCd=34&kikanCd=2340701140&kikanKbn=2", "url2": "hatsukaichi-otaseikei.com", "内容": "医療法人　大田整形外科【2:診療所】【診療科目:整形外科_リハビリテーション科】広島県廿日市市駅前４番２８号" }, "geometry": { "type": "Point", "coordinates": [ 132.336211, 34.357567 ] } },
{ "type": "Feature", "properties": { "ID": 3422340701300, "正式名称": "まつおか内科生活習慣病クリニック", "機関区分": 2, "都道府県コード": 34, "市区町村コード": 105, "所在地": "広島県広島市安佐南区伴南五丁目１－１", "緯度": 34.446199, "経度": 132.377117, "url": "https://www.iryou.teikyouseido.mhlw.go.jp/znk-web/juminkanja/S2430/initialize?prefCd=34&kikanCd=2340701300&kikanKbn=2", "url2": "www.matsuokanaika.com", "内容": "まつおか内科生活習慣病クリニック【2:診療所】【診療科目:内科_糖尿病内科_漢方内科_老年内科_美容皮膚科】広島県広島市安佐南区伴南五丁目１－１" }, "geometry": { "type": "Point", "coordinates": [ 132.377117, 34.446199 ] } },
{ "type": "Feature", "properties": { "ID": 3422340701430, "正式名称": "あおぞら診療所", "機関区分": 2, "都道府県コード": 34, "市区町村コード": 108, "所在地": "広島県広島市佐伯区五日市中央四丁目２番５３－９号", "緯度": 34.372358, "経度": 132.356242, "url": "https://www.iryou.teikyouseido.mhlw.go.jp/znk-web/juminkanja/S2430/initialize?prefCd=34&kikanCd=2340701430&kikanKbn=2", "url2": null, "内容": "あおぞら診療所【2:診療所】【診療科目:内科】広島県広島市佐伯区五日市中央四丁目２番５３－９号" }, "geometry": { "type": "Point", "coordinates": [ 132.356242, 34.372358 ] } },
{ "type": "Feature", "properties": { "ID": 3422340701560, "正式名称": "おしりおなかクリニック八丁堀", "機関区分": 2, "都道府県コード": 34, "市区町村コード": 101, "所在地": "広島県広島市中区鉄砲町１０－１３　４Ｆ", "緯度": 34.39401, "経度": 132.463958, "url": "https://www.iryou.teikyouseido.mhlw.go.jp/znk-web/juminkanja/S2430/initialize?prefCd=34&kikanCd=2340701560&kikanKbn=2", "url2": "ooc.ne.jp", "内容": "おしりおなかクリニック八丁堀【2:診療所】【診療科目:内科_消化器内科_外科_消化器外科_大腸外科_肛門外科_大腸・肛門外科】広島県広島市中区鉄砲町１０－１３　４Ｆ" }, "geometry": { "type": "Point", "coordinates": [ 132.463958, 34.39401 ] } },
{ "type": "Feature", "properties": { "ID": 3422340704620, "正式名称": "中須内科消化器中須おにたけこどもクリニック", "機関区分": 2, "都道府県コード": 34, "市区町村コード": 105, "所在地": "広島県広島市安佐南区中須一丁目７－７　２Ｆ", "緯度": 34.459697, "経度": 132.473724, "url": "https://www.iryou.teikyouseido.mhlw.go.jp/znk-web/juminkanja/S2430/initialize?prefCd=34&kikanCd=2340704620&kikanKbn=2", "url2": "https://onitake-naika.com/", "内容": "中須内科消化器中須おにたけこどもクリニック【2:診療所】【診療科目:内科_消化器内科_小児科_小児外科】広島県広島市安佐南区中須一丁目７－７　２Ｆ" }, "geometry": { "type": "Point", "coordinates": [ 132.473724, 34.459697 ] } },
{ "type": "Feature", "properties": { "ID": 3422340705050, "正式名称": "医療法人社団美翔会　聖心美容クリニック広島院", "機関区分": 2, "都道府県コード": 34, "市区町村コード": 101, "所在地": "広島県広島市中区本通３－１０　本通サザン６Ｆ", "緯度": 34.39298, "経度": 132.460143, "url": "https://www.iryou.teikyouseido.mhlw.go.jp/znk-web/juminkanja/S2430/initialize?prefCd=34&kikanCd=2340705050&kikanKbn=2", "url2": "https://www.hiroshimain.com/", "内容": "医療法人社団美翔会　聖心美容クリニック広島院【2:診療所】【診療科目:形成外科_美容外科_皮膚科_美容皮膚科】広島県広島市中区本通３－１０　本通サザン６Ｆ" }, "geometry": { "type": "Point", "coordinates": [ 132.460143, 34.39298 ] } },
{ "type": "Feature", "properties": { "ID": 3422340706060, "正式名称": "ひらた女性クリニック", "機関区分": 2, "都道府県コード": 34, "市区町村コード": 103, "所在地": "広島県広島市南区青崎一丁目２－１４　４Ｆ", "緯度": 34.375276, "経度": 132.505207, "url": "https://www.iryou.teikyouseido.mhlw.go.jp/znk-web/juminkanja/S2430/initialize?prefCd=34&kikanCd=2340706060&kikanKbn=2", "url2": "https://www.eijihirata.jp/", "内容": "ひらた女性クリニック【2:診療所】【診療科目:性感染症内科_産婦人科_産科_婦人科_女性医学】広島県広島市南区青崎一丁目２－１４　４Ｆ" }, "geometry": { "type": "Point", "coordinates": [ 132.505207, 34.375276 ] } },
{ "type": "Feature", "properties": { "ID": 3422340706190, "正式名称": "おりた内科循環器クリニック", "機関区分": 2, "都道府県コード": 34, "市区町村コード": 103, "所在地": "広島県広島市南区青崎一丁目２－１４　３Ｆ", "緯度": 34.375276, "経度": 132.505207, "url": "https://www.iryou.teikyouseido.mhlw.go.jp/znk-web/juminkanja/S2430/initialize?prefCd=34&kikanCd=2340706190&kikanKbn=2", "url2": "orita-heart-clinic.com", "内容": "おりた内科循環器クリニック【2:診療所】【診療科目:内科_循環器内科】広島県広島市南区青崎一丁目２－１４　３Ｆ" }, "geometry": { "type": "Point", "coordinates": [ 132.505207, 34.375276 ] } },
{ "type": "Feature", "properties": { "ID": 3422340706350, "正式名称": "くぼた耳鼻咽喉科アレルギー科", "機関区分": 2, "都道府県コード": 34, "市区町村コード": 108, "所在地": "広島県広島市佐伯区千同二丁目１－３５", "緯度": 34.381212, "経度": 132.354464, "url": "https://www.iryou.teikyouseido.mhlw.go.jp/znk-web/juminkanja/S2430/initialize?prefCd=34&kikanCd=2340706350&kikanKbn=2", "url2": "https://kubota-jibika.com", "内容": "くぼた耳鼻咽喉科アレルギー科【2:診療所】【診療科目:気管食道外科_小児耳鼻いんこう科_耳鼻いんこう科_アレルギー科】広島県広島市佐伯区千同二丁目１－３５" }, "geometry": { "type": "Point", "coordinates": [ 132.354464, 34.381212 ] } },
{ "type": "Feature", "properties": { "ID": 3422340706480, "正式名称": "広島駅前泌尿器科クリニック", "機関区分": 2, "都道府県コード": 34, "市区町村コード": 103, "所在地": "広島県広島市南区猿猴橋町６番３４－１号　２Ｆ", "緯度": 34.395372, "経度": 132.478269, "url": "https://www.iryou.teikyouseido.mhlw.go.jp/znk-web/juminkanja/S2430/initialize?prefCd=34&kikanCd=2340706480&kikanKbn=2", "url2": "https://www.hinyokika.jp/", "内容": "広島駅前泌尿器科クリニック【2:診療所】【診療科目:婦人科_泌尿器科】広島県広島市南区猿猴橋町６番３４－１号　２Ｆ" }, "geometry": { "type": "Point", "coordinates": [ 132.478269, 34.395372 ] } },
{ "type": "Feature", "properties": { "ID": 3422340706510, "正式名称": "兵庫内科・肝臓糖尿病クリニック－Ｌｉｆｅ　Ｃａｒｅ　Ｃｌｉｎｉｃ　Ｈｉｒｏｓｈｉｍａ－", "機関区分": 2, "都道府県コード": 34, "市区町村コード": 103, "所在地": "広島県広島市南区猿猴橋町６－３４－１　３Ｆ", "緯度": 34.395372, "経度": 132.478269, "url": "https://www.iryou.teikyouseido.mhlw.go.jp/znk-web/juminkanja/S2430/initialize?prefCd=34&kikanCd=2340706510&kikanKbn=2", "url2": "https://www.hyogo-lifecare-clinic.com/", "内容": "兵庫内科・肝臓糖尿病クリニック－Ｌｉｆｅ　Ｃａｒｅ　Ｃｌｉｎｉｃ　Ｈｉｒｏｓｈｉｍａ－【2:診療所】【診療科目:内科_糖尿病内科_消化器内科_肝臓内科】広島県広島市南区猿猴橋町６－３４－１　３Ｆ" }, "geometry": { "type": "Point", "coordinates": [ 132.478269, 34.395372 ] } },
{ "type": "Feature", "properties": { "ID": 3422340706640, "正式名称": "医療法人社団上伸会　ｅ－ｃｌｉｎｉｃ広島院", "機関区分": 2, "都道府県コード": 34, "市区町村コード": 103, "所在地": "広島県広島市南区松原町３－１　エキシティヒロシマ２０３", "緯度": 34.395607, "経度": 132.477104, "url": "https://www.iryou.teikyouseido.mhlw.go.jp/znk-web/juminkanja/S2430/initialize?prefCd=34&kikanCd=2340706640&kikanKbn=2", "url2": "https://www.ueno.co.jp/", "内容": "医療法人社団上伸会　ｅ－ｃｌｉｎｉｃ広島院【2:診療所】【診療科目:美容外科】広島県広島市南区松原町３－１　エキシティヒロシマ２０３" }, "geometry": { "type": "Point", "coordinates": [ 132.477104, 34.395607 ] } },
{ "type": "Feature", "properties": { "ID": 3422340707780, "正式名称": "広島中央医科歯科クリニック", "機関区分": 2, "都道府県コード": 34, "市区町村コード": 105, "所在地": "広島県広島市安佐南区長束三丁目４０－４", "緯度": 34.426781, "経度": 132.456828, "url": "https://www.iryou.teikyouseido.mhlw.go.jp/znk-web/juminkanja/S2430/initialize?prefCd=34&kikanCd=2340707780&kikanKbn=2", "url2": null, "内容": "広島中央医科歯科クリニック【2:診療所】【診療科目:内科_精神科_心療内科_歯科】広島県広島市安佐南区長束三丁目４０－４" }, "geometry": { "type": "Point", "coordinates": [ 132.456828, 34.426781 ] } },
{ "type": "Feature", "properties": { "ID": 3422340707810, "正式名称": "みんなの在宅クリニック広島西", "機関区分": 2, "都道府県コード": 34, "市区町村コード": 108, "所在地": "広島県広島市佐伯区五日市中央四丁目１６－１　５０７", "緯度": 34.371248, "経度": 132.356885, "url": "https://www.iryou.teikyouseido.mhlw.go.jp/znk-web/juminkanja/S2430/initialize?prefCd=34&kikanCd=2340707810&kikanKbn=2", "url2": "https://ycl-hiroshimanishi.com/", "内容": "みんなの在宅クリニック広島西【2:診療所】【診療科目:内科】広島県広島市佐伯区五日市中央四丁目１６－１　５０７" }, "geometry": { "type": "Point", "coordinates": [ 132.356885, 34.371248 ] } },
{ "type": "Feature", "properties": { "ID": 3422340708080, "正式名称": "医療法人　裕圭会　小浦眼科", "機関区分": 2, "都道府県コード": 34, "市区町村コード": 104, "所在地": "広島県広島市西区井口明神一丁目１－４８", "緯度": 34.374059, "経度": 132.39061, "url": "https://www.iryou.teikyouseido.mhlw.go.jp/znk-web/juminkanja/S2430/initialize?prefCd=34&kikanCd=2340708080&kikanKbn=2", "url2": "https://www.koura-ec.com/", "内容": "医療法人　裕圭会　小浦眼科【2:診療所】【診療科目:眼科】広島県広島市西区井口明神一丁目１－４８" }, "geometry": { "type": "Point", "coordinates": [ 132.39061, 34.374059 ] } },
{ "type": "Feature", "properties": { "ID": 3422340709120, "正式名称": "安佐南在宅痛みのクリニック", "機関区分": 2, "都道府県コード": 34, "市区町村コード": 105, "所在地": "広島県広島市安佐南区川内二丁目２０－２１", "緯度": 34.463234, "経度": 132.480513, "url": "https://www.iryou.teikyouseido.mhlw.go.jp/znk-web/juminkanja/S2430/initialize?prefCd=34&kikanCd=2340709120&kikanKbn=2", "url2": "https://www.jinnakamura.com/", "内容": "安佐南在宅痛みのクリニック【2:診療所】【診療科目:内科_疼痛緩和内科_ペインクリニック内科_麻酔科】広島県広島市安佐南区川内二丁目２０－２１" }, "geometry": { "type": "Point", "coordinates": [ 132.480513, 34.463234 ] } },
{ "type": "Feature", "properties": { "ID": 3422340710520, "正式名称": "さゆりクリニック", "機関区分": 2, "都道府県コード": 34, "市区町村コード": 202, "所在地": "広島県呉市朝日町１番８号", "緯度": 34.250857, "経度": 132.572362, "url": "https://www.iryou.teikyouseido.mhlw.go.jp/znk-web/juminkanja/S2430/initialize?prefCd=34&kikanCd=2340710520&kikanKbn=2", "url2": "https://sayuri-kai.or.jp/", "内容": "さゆりクリニック【2:診療所】【診療科目:内科_泌尿器科_泌尿器科系その他_歯科】広島県呉市朝日町１番８号" }, "geometry": { "type": "Point", "coordinates": [ 132.572362, 34.250857 ] } },
{ "type": "Feature", "properties": { "ID": 3422340711660, "正式名称": "えたじま幸田医院", "機関区分": 2, "都道府県コード": 34, "市区町村コード": 215, "所在地": "広島県江田島市大柿町柿浦２０７６－８", "緯度": 34.179998, "経度": 132.471173, "url": "https://www.iryou.teikyouseido.mhlw.go.jp/znk-web/juminkanja/S2430/initialize?prefCd=34&kikanCd=2340711660&kikanKbn=2", "url2": "https://www.etajimakoudaiin.com", "内容": "えたじま幸田医院【2:診療所】【診療科目:内科_外科_乳腺外科_小児科】広島県江田島市大柿町柿浦２０７６－８" }, "geometry": { "type": "Point", "coordinates": [ 132.471173, 34.179998 ] } },
{ "type": "Feature", "properties": { "ID": 3422340711790, "正式名称": "まきこ眼科クリニック", "機関区分": 2, "都道府県コード": 34, "市区町村コード": 307, "所在地": "広島県安芸郡熊野町出来庭３－３－３３", "緯度": 34.331823, "経度": 132.574396, "url": "https://www.iryou.teikyouseido.mhlw.go.jp/znk-web/juminkanja/S2430/initialize?prefCd=34&kikanCd=2340711790&kikanKbn=2", "url2": null, "内容": "まきこ眼科クリニック【2:診療所】【診療科目:眼科】広島県安芸郡熊野町出来庭３－３－３３" }, "geometry": { "type": "Point", "coordinates": [ 132.574396, 34.331823 ] } },
{ "type": "Feature", "properties": { "ID": 3422340712090, "正式名称": "戸田眼科東広島クリニック", "機関区分": 2, "都道府県コード": 34, "市区町村コード": 212, "所在地": "広島県東広島市寺家駅前１３－３５－１Ｆ", "緯度": 34.439239, "経度": 132.723838, "url": "https://www.iryou.teikyouseido.mhlw.go.jp/znk-web/juminkanja/S2430/initialize?prefCd=34&kikanCd=2340712090&kikanKbn=2", "url2": "https://todaclinic.com/easthiroshima/", "内容": "戸田眼科東広島クリニック【2:診療所】【診療科目:眼科】広島県東広島市寺家駅前１３－３５－１Ｆ" }, "geometry": { "type": "Point", "coordinates": [ 132.723838, 34.439239 ] } },
{ "type": "Feature", "properties": { "ID": 3422340712380, "正式名称": "医療法人緑風会　ヴァージンクリニック広島院", "機関区分": 2, "都道府県コード": 34, "市区町村コード": 101, "所在地": "広島県広島市中区大手町１－４－１　平田ビル３Ｆ", "緯度": 34.394992, "経度": 132.456133, "url": "https://www.iryou.teikyouseido.mhlw.go.jp/znk-web/juminkanja/S2430/initialize?prefCd=34&kikanCd=2340712380&kikanKbn=2", "url2": "https://v-clinic.jp", "内容": "医療法人緑風会　ヴァージンクリニック広島院【2:診療所】【診療科目:美容皮膚科】広島県広島市中区大手町１－４－１　平田ビル３Ｆ" }, "geometry": { "type": "Point", "coordinates": [ 132.456133, 34.394992 ] } },
{ "type": "Feature", "properties": { "ID": 3422340713260, "正式名称": "三原駅かなもと眼科", "機関区分": 2, "都道府県コード": 34, "市区町村コード": 204, "所在地": "広島県三原市城町１－１－８", "緯度": 34.400488, "経度": 133.081877, "url": "https://www.iryou.teikyouseido.mhlw.go.jp/znk-web/juminkanja/S2430/initialize?prefCd=34&kikanCd=2340713260&kikanKbn=2", "url2": null, "内容": "三原駅かなもと眼科【2:診療所】【診療科目:眼科】広島県三原市城町１－１－８" }, "geometry": { "type": "Point", "coordinates": [ 133.081877, 34.400488 ] } },
{ "type": "Feature", "properties": { "ID": 3422340713390, "正式名称": "あおさきこども心療所", "機関区分": 2, "都道府県コード": 34, "市区町村コード": 103, "所在地": "広島県広島市南区青崎１丁目２－１４", "緯度": 34.375276, "経度": 132.505207, "url": "https://www.iryou.teikyouseido.mhlw.go.jp/znk-web/juminkanja/S2430/initialize?prefCd=34&kikanCd=2340713390&kikanKbn=2", "url2": null, "内容": "あおさきこども心療所【2:診療所】【診療科目:児童精神科_リハビリテーション科】広島県広島市南区青崎１丁目２－１４" }, "geometry": { "type": "Point", "coordinates": [ 132.505207, 34.375276 ] } },
{ "type": "Feature", "properties": { "ID": 3422340713420, "正式名称": "ＫＡＯ　ＣＬＩＮＩＣ", "機関区分": 2, "都道府県コード": 34, "市区町村コード": 101, "所在地": "広島県広島市中区袋町５－３　久保木ビル１Ｆ", "緯度": 34.391561, "経度": 132.457914, "url": "https://www.iryou.teikyouseido.mhlw.go.jp/znk-web/juminkanja/S2430/initialize?prefCd=34&kikanCd=2340713420&kikanKbn=2", "url2": "http://kao-clinic.com", "内容": "ＫＡＯ　ＣＬＩＮＩＣ【2:診療所】【診療科目:眼科_美容皮膚科】広島県広島市中区袋町５－３　久保木ビル１Ｆ" }, "geometry": { "type": "Point", "coordinates": [ 132.457914, 34.391561 ] } },
{ "type": "Feature", "properties": { "ID": 3422340713550, "正式名称": "古江駅前すみれ皮ふ科", "機関区分": 2, "都道府県コード": 34, "市区町村コード": 104, "所在地": "広島県広島市西区庚午中２丁目１９－１８", "緯度": 34.386102, "経度": 132.411477, "url": "https://www.iryou.teikyouseido.mhlw.go.jp/znk-web/juminkanja/S2430/initialize?prefCd=34&kikanCd=2340713550&kikanKbn=2", "url2": null, "内容": "古江駅前すみれ皮ふ科【2:診療所】【診療科目:小児皮膚科_皮膚科_美容皮膚科】広島県広島市西区庚午中２丁目１９－１８" }, "geometry": { "type": "Point", "coordinates": [ 132.411477, 34.386102 ] } },
{ "type": "Feature", "properties": { "ID": 3422340714010, "正式名称": "かめだファミリークリニック", "機関区分": 2, "都道府県コード": 34, "市区町村コード": 207, "所在地": "広島県福山市神辺町新湯野４１－５", "緯度": 34.555201, "経度": 133.388061, "url": "https://www.iryou.teikyouseido.mhlw.go.jp/znk-web/juminkanja/S2430/initialize?prefCd=34&kikanCd=2340714010&kikanKbn=2", "url2": "https://www.kameda-family-clinic.com/", "内容": "かめだファミリークリニック【2:診療所】【診療科目:内科_循環器内科_消化器内科_アレルギー疾患内科_心療内科】広島県福山市神辺町新湯野４１－５" }, "geometry": { "type": "Point", "coordinates": [ 133.388061, 34.555201 ] } },
{ "type": "Feature", "properties": { "ID": 3422340714140, "正式名称": "かんなべ整形外科", "機関区分": 2, "都道府県コード": 34, "市区町村コード": 207, "所在地": "広島県福山市神辺町川北８９５－１", "緯度": 34.545734, "経度": 133.38191, "url": "https://www.iryou.teikyouseido.mhlw.go.jp/znk-web/juminkanja/S2430/initialize?prefCd=34&kikanCd=2340714140&kikanKbn=2", "url2": null, "内容": "かんなべ整形外科【2:診療所】【診療科目:整形外科_リウマチ科_リハビリテーション科】広島県福山市神辺町川北８９５－１" }, "geometry": { "type": "Point", "coordinates": [ 133.38191, 34.545734 ] } },
{ "type": "Feature", "properties": { "ID": 3422340714270, "正式名称": "きらきらこどもクリニック", "機関区分": 2, "都道府県コード": 34, "市区町村コード": 304, "所在地": "広島県安芸郡海田町窪町１－２３　ＪＲ海田市駅ＮＫビル２Ｆ", "緯度": 34.371057, "経度": 132.531543, "url": "https://www.iryou.teikyouseido.mhlw.go.jp/znk-web/juminkanja/S2430/initialize?prefCd=34&kikanCd=2340714270&kikanKbn=2", "url2": "https://www.kirakira-kids.com", "内容": "きらきらこどもクリニック【2:診療所】【診療科目:小児科】広島県安芸郡海田町窪町１－２３　ＪＲ海田市駅ＮＫビル２Ｆ" }, "geometry": { "type": "Point", "coordinates": [ 132.531543, 34.371057 ] } },
{ "type": "Feature", "properties": { "ID": 3422340714430, "正式名称": "かいたいちウィメンズクリニック", "機関区分": 2, "都道府県コード": 34, "市区町村コード": 304, "所在地": "広島県安芸郡海田町窪町１－２３　ＪＲ海田市駅ＮＫビル２Ｆ", "緯度": 34.371057, "経度": 132.531543, "url": "https://www.iryou.teikyouseido.mhlw.go.jp/znk-web/juminkanja/S2430/initialize?prefCd=34&kikanCd=2340714430&kikanKbn=2", "url2": "https://www.kaitaichi-womens-clinic.com", "内容": "かいたいちウィメンズクリニック【2:診療所】【診療科目:女性内科_産科_婦人科】広島県安芸郡海田町窪町１－２３　ＪＲ海田市駅ＮＫビル２Ｆ" }, "geometry": { "type": "Point", "coordinates": [ 132.531543, 34.371057 ] } },
{ "type": "Feature", "properties": { "ID": 3422340714850, "正式名称": "ホームケアクリニックもみじ", "機関区分": 2, "都道府県コード": 34, "市区町村コード": 102, "所在地": "広島県広島市東区中山東３丁目２－２　２Ｆ", "緯度": 34.410477, "経度": 132.50314, "url": "https://www.iryou.teikyouseido.mhlw.go.jp/znk-web/juminkanja/S2430/initialize?prefCd=34&kikanCd=2340714850&kikanKbn=2", "url2": "http://www.homecare-momiji.com/", "内容": "ホームケアクリニックもみじ【2:診療所】【診療科目:疼痛緩和内科】広島県広島市東区中山東３丁目２－２　２Ｆ" }, "geometry": { "type": "Point", "coordinates": [ 132.50314, 34.410477 ] } },
{ "type": "Feature", "properties": { "ID": 3422340714980, "正式名称": "祇園お肌と爪のクリニック", "機関区分": 2, "都道府県コード": 34, "市区町村コード": 105, "所在地": "広島県広島市安佐南区祇園２丁目４０－１４　１Ｆ", "緯度": 34.440328, "経度": 132.464728, "url": "https://www.iryou.teikyouseido.mhlw.go.jp/znk-web/juminkanja/S2430/initialize?prefCd=34&kikanCd=2340714980&kikanKbn=2", "url2": "https://www.gion-skin.com/", "内容": "祇園お肌と爪のクリニック【2:診療所】【診療科目:小児皮膚科_皮膚科_美容皮膚科】広島県広島市安佐南区祇園２丁目４０－１４　１Ｆ" }, "geometry": { "type": "Point", "coordinates": [ 132.464728, 34.440328 ] } },
{ "type": "Feature", "properties": { "ID": 3422340715020, "正式名称": "みんなの泌尿器科クリニック", "機関区分": 2, "都道府県コード": 34, "市区町村コード": 104, "所在地": "広島県広島市西区井口４丁目７－１８－７　３０１", "緯度": 34.370379, "経度": 132.374337, "url": "https://www.iryou.teikyouseido.mhlw.go.jp/znk-web/juminkanja/S2430/initialize?prefCd=34&kikanCd=2340715020&kikanKbn=2", "url2": "https://www.hinyouki-ka.com", "内容": "みんなの泌尿器科クリニック【2:診療所】【診療科目:泌尿器科_男性泌尿器科】広島県広島市西区井口４丁目７－１８－７　３０１" }, "geometry": { "type": "Point", "coordinates": [ 132.374337, 34.370379 ] } },
{ "type": "Feature", "properties": { "ID": 3422340715440, "正式名称": "ますもと乳腺クリニック", "機関区分": 2, "都道府県コード": 34, "市区町村コード": 212, "所在地": "広島県東広島市西条本町１２－２　木阪クリニックビル３Ｆ", "緯度": 34.430405, "経度": 132.743126, "url": "https://www.iryou.teikyouseido.mhlw.go.jp/znk-web/juminkanja/S2430/initialize?prefCd=34&kikanCd=2340715440&kikanKbn=2", "url2": "https://www.masumoto-nyusen.jp/access/", "内容": "ますもと乳腺クリニック【2:診療所】【診療科目:乳腺外科】広島県東広島市西条本町１２－２　木阪クリニックビル３Ｆ" }, "geometry": { "type": "Point", "coordinates": [ 132.743126, 34.430405 ] } },
{ "type": "Feature", "properties": { "ID": 3422340715570, "正式名称": "こころのクリニックこかげ", "機関区分": 2, "都道府県コード": 34, "市区町村コード": 202, "所在地": "広島県呉市西中央２丁目１－６", "緯度": 34.24716, "経度": 132.558831, "url": "https://www.iryou.teikyouseido.mhlw.go.jp/znk-web/juminkanja/S2430/initialize?prefCd=34&kikanCd=2340715570&kikanKbn=2", "url2": "https://clinic-kokage.jp", "内容": "こころのクリニックこかげ【2:診療所】【診療科目:精神科_心療内科】広島県呉市西中央２丁目１－６" }, "geometry": { "type": "Point", "coordinates": [ 132.558831, 34.24716 ] } },
{ "type": "Feature", "properties": { "ID": 3422340715860, "正式名称": "医療法人社団活寿会　広島ひざ関節症クリニック", "機関区分": 2, "都道府県コード": 34, "市区町村コード": 101, "所在地": "広島県広島市中区鉄砲町１０－１８　２Ｆ", "緯度": 34.394137, "経度": 132.463894, "url": "https://www.iryou.teikyouseido.mhlw.go.jp/znk-web/juminkanja/S2430/initialize?prefCd=34&kikanCd=2340715860&kikanKbn=2", "url2": "knee-hiroshima.com", "内容": "医療法人社団活寿会　広島ひざ関節症クリニック【2:診療所】【診療科目:整形外科】広島県広島市中区鉄砲町１０－１８　２Ｆ" }, "geometry": { "type": "Point", "coordinates": [ 132.463894, 34.394137 ] } },
{ "type": "Feature", "properties": { "ID": 3422340715990, "正式名称": "藤井外科内科クリニック", "機関区分": 2, "都道府県コード": 34, "市区町村コード": 101, "所在地": "広島県広島市中区舟入本町１４－６", "緯度": 34.3849, "経度": 132.442802, "url": "https://www.iryou.teikyouseido.mhlw.go.jp/znk-web/juminkanja/S2430/initialize?prefCd=34&kikanCd=2340715990&kikanKbn=2", "url2": null, "内容": "藤井外科内科クリニック【2:診療所】【診療科目:内科_消化器内科_外科_肛門外科_整形外科】広島県広島市中区舟入本町１４－６" }, "geometry": { "type": "Point", "coordinates": [ 132.442802, 34.3849 ] } },
{ "type": "Feature", "properties": { "ID": 3422340716030, "正式名称": "どい腎臓内科透析クリニック", "機関区分": 2, "都道府県コード": 34, "市区町村コード": 103, "所在地": "広島県広島市南区翠５丁目１８－６", "緯度": 34.367923, "経度": 132.467646, "url": "https://www.iryou.teikyouseido.mhlw.go.jp/znk-web/juminkanja/S2430/initialize?prefCd=34&kikanCd=2340716030&kikanKbn=2", "url2": "https://doi-nd.jp/", "内容": "どい腎臓内科透析クリニック【2:診療所】【診療科目:内科_腎臓内科_人工透析内科】広島県広島市南区翠５丁目１８－６" }, "geometry": { "type": "Point", "coordinates": [ 132.467646, 34.367923 ] } },
{ "type": "Feature", "properties": { "ID": 3422340716160, "正式名称": "まえだ内科", "機関区分": 2, "都道府県コード": 34, "市区町村コード": 103, "所在地": "広島県広島市南区翠２丁目２５－２０", "緯度": 34.371849, "経度": 132.470751, "url": "https://www.iryou.teikyouseido.mhlw.go.jp/znk-web/juminkanja/S2430/initialize?prefCd=34&kikanCd=2340716160&kikanKbn=2", "url2": "maeda-clinic.jimdosite.com", "内容": "まえだ内科【2:診療所】【診療科目:内科_呼吸器内科_アレルギー科】広島県広島市南区翠２丁目２５－２０" }, "geometry": { "type": "Point", "coordinates": [ 132.470751, 34.371849 ] } },
{ "type": "Feature", "properties": { "ID": 3422340716320, "正式名称": "診療所　さわさき", "機関区分": 2, "都道府県コード": 34, "市区町村コード": 214, "所在地": "広島県安芸高田市吉田町吉田６９５－１", "緯度": 34.66699, "経度": 132.703011, "url": "https://www.iryou.teikyouseido.mhlw.go.jp/znk-web/juminkanja/S2430/initialize?prefCd=34&kikanCd=2340716320&kikanKbn=2", "url2": "https://sawasaki-clinic.com/", "内容": "診療所　さわさき【2:診療所】【診療科目:内科_漢方内科_リハビリテーション科】広島県安芸高田市吉田町吉田６９５－１" }, "geometry": { "type": "Point", "coordinates": [ 132.703011, 34.66699 ] } },
{ "type": "Feature", "properties": { "ID": 3422340716450, "正式名称": "医療法人社団良凰会　ＶＩＶＡＣＥ　ＣＬＩＮＩＣ　福山院", "機関区分": 2, "都道府県コード": 34, "市区町村コード": 207, "所在地": "広島県福山市元町１５－３１", "緯度": 34.487755, "経度": 133.365664, "url": "https://www.iryou.teikyouseido.mhlw.go.jp/znk-web/juminkanja/S2430/initialize?prefCd=34&kikanCd=2340716450&kikanKbn=2", "url2": "https://vivace-clinic.com/clinic/fukuyama/", "内容": "医療法人社団良凰会　ＶＩＶＡＣＥ　ＣＬＩＮＩＣ　福山院【2:診療所】【診療科目:美容皮膚科】広島県福山市元町１５－３１" }, "geometry": { "type": "Point", "coordinates": [ 133.365664, 34.487755 ] } },
{ "type": "Feature", "properties": { "ID": 3422340716610, "正式名称": "医療法人　広島健康会　アルパーク検診クリニック", "機関区分": 2, "都道府県コード": 34, "市区町村コード": 104, "所在地": "広島県広島市西区草津新町２丁目２６－１　アルパーク東棟２Ｆ", "緯度": 34.374207, "経度": 132.394092, "url": "https://www.iryou.teikyouseido.mhlw.go.jp/znk-web/juminkanja/S2430/initialize?prefCd=34&kikanCd=2340716610&kikanKbn=2", "url2": "http://hkenkoukai.jp/", "内容": "医療法人　広島健康会　アルパーク検診クリニック【2:診療所】【診療科目:内科_胃腸内科】広島県広島市西区草津新町２丁目２６－１　アルパーク東棟２Ｆ" }, "geometry": { "type": "Point", "coordinates": [ 132.394092, 34.374207 ] } },
{ "type": "Feature", "properties": { "ID": 3422340716740, "正式名称": "なのはな整形外科クリニック", "機関区分": 2, "都道府県コード": 34, "市区町村コード": 103, "所在地": "広島県広島市南区青崎１丁目２－１４　ＹＭＦＧオールヘルスケアタウン４Ｆ", "緯度": 34.375392, "経度": 132.505207, "url": "https://www.iryou.teikyouseido.mhlw.go.jp/znk-web/juminkanja/S2430/initialize?prefCd=34&kikanCd=2340716740&kikanKbn=2", "url2": "https://nanohana-seikei.com/", "内容": "なのはな整形外科クリニック【2:診療所】【診療科目:整形外科_リハビリテーション科】広島県広島市南区青崎１丁目２－１４　ＹＭＦＧオールヘルスケアタウン４Ｆ" }, "geometry": { "type": "Point", "coordinates": [ 132.505207, 34.375392 ] } },
{ "type": "Feature", "properties": { "ID": 3422340717330, "正式名称": "川上消化器内科クリニック", "機関区分": 2, "都道府県コード": 34, "市区町村コード": 101, "所在地": "広島県広島市中区八丁堀１－１２　マスキ八丁堀ビル２Ｆ", "緯度": 34.397573, "経度": 132.463769, "url": "https://www.iryou.teikyouseido.mhlw.go.jp/znk-web/juminkanja/S2430/initialize?prefCd=34&kikanCd=2340717330&kikanKbn=2", "url2": "https://www.kawakamicl.jp/index.html", "内容": "川上消化器内科クリニック【2:診療所】【診療科目:内科_代謝内科_消化器内科_肝臓内科】広島県広島市中区八丁堀１－１２　マスキ八丁堀ビル２Ｆ" }, "geometry": { "type": "Point", "coordinates": [ 132.463769, 34.397573 ] } },
{ "type": "Feature", "properties": { "ID": 3422340717460, "正式名称": "石原脳神経外科医院", "機関区分": 2, "都道府県コード": 34, "市区町村コード": 108, "所在地": "広島県広島市佐伯区五日市７丁目４－２４", "緯度": 34.378088, "経度": 132.359891, "url": "https://www.iryou.teikyouseido.mhlw.go.jp/znk-web/juminkanja/S2430/initialize?prefCd=34&kikanCd=2340717460&kikanKbn=2", "url2": null, "内容": "石原脳神経外科医院【2:診療所】【診療科目:脳神経内科_脳神経外科】広島県広島市佐伯区五日市７丁目４－２４" }, "geometry": { "type": "Point", "coordinates": [ 132.359891, 34.378088 ] } },
{ "type": "Feature", "properties": { "ID": 3422340717910, "正式名称": "いやさか腎クリニック", "機関区分": 2, "都道府県コード": 34, "市区町村コード": 213, "所在地": "広島県廿日市市阿品台４丁目１－２４", "緯度": 34.329427, "経度": 132.308751, "url": "https://www.iryou.teikyouseido.mhlw.go.jp/znk-web/juminkanja/S2430/initialize?prefCd=34&kikanCd=2340717910&kikanKbn=2", "url2": "201jin.com", "内容": "いやさか腎クリニック【2:診療所】【診療科目:腎臓内科_人工透析内科_内科系その他】広島県廿日市市阿品台４丁目１－２４" }, "geometry": { "type": "Point", "coordinates": [ 132.308751, 34.329427 ] } },
{ "type": "Feature", "properties": { "ID": 3422340718180, "正式名称": "医療法人徹慈会　春日クリニック", "機関区分": 2, "都道府県コード": 34, "市区町村コード": 207, "所在地": "広島県福山市春日町１丁目７－５", "緯度": 34.506559, "経度": 133.401144, "url": "https://www.iryou.teikyouseido.mhlw.go.jp/znk-web/juminkanja/S2430/initialize?prefCd=34&kikanCd=2340718180&kikanKbn=2", "url2": "http://hori.or.jp/kasuga-clinic/", "内容": "医療法人徹慈会　春日クリニック【2:診療所】【診療科目:脳神経外科_整形外科_形成外科_リハビリテーション科】広島県福山市春日町１丁目７－５" }, "geometry": { "type": "Point", "coordinates": [ 133.401144, 34.506559 ] } },
{ "type": "Feature", "properties": { "ID": 3422340718340, "正式名称": "医療法人社団秋月会　広島中央通り健康・美容クリニック", "機関区分": 2, "都道府県コード": 34, "市区町村コード": 101, "所在地": "広島県広島市中区三川町７－１　４Ｆ", "緯度": 34.38982, "経度": 132.462005, "url": "https://www.iryou.teikyouseido.mhlw.go.jp/znk-web/juminkanja/S2430/initialize?prefCd=34&kikanCd=2340718340&kikanKbn=2", "url2": null, "内容": "医療法人社団秋月会　広島中央通り健康・美容クリニック【2:診療所】【診療科目:美容皮膚科】広島県広島市中区三川町７－１　４Ｆ" }, "geometry": { "type": "Point", "coordinates": [ 132.462005, 34.38982 ] } },
{ "type": "Feature", "properties": { "ID": 3422340718470, "正式名称": "ふるかわ耳鼻咽喉科", "機関区分": 2, "都道府県コード": 34, "市区町村コード": 204, "所在地": "広島県三原市円一町１－１－２－２", "緯度": 34.395015, "経度": 133.079877, "url": "https://www.iryou.teikyouseido.mhlw.go.jp/znk-web/juminkanja/S2430/initialize?prefCd=34&kikanCd=2340718470&kikanKbn=2", "url2": "https//www.furukawa-jibika.net", "内容": "ふるかわ耳鼻咽喉科【2:診療所】【診療科目:耳鼻いんこう科】広島県三原市円一町１－１－２－２" }, "geometry": { "type": "Point", "coordinates": [ 133.079877, 34.395015 ] } },
{ "type": "Feature", "properties": { "ID": 3422340718500, "正式名称": "カープロード鼻専門クリニック", "機関区分": 2, "都道府県コード": 34, "市区町村コード": 103, "所在地": "広島県広島市南区猿猴橋町６－３４－１　４Ｆ", "緯度": 34.395372, "経度": 132.478269, "url": "https://www.iryou.teikyouseido.mhlw.go.jp/znk-web/juminkanja/S2430/initialize?prefCd=34&kikanCd=2340718500&kikanKbn=2", "url2": null, "内容": "カープロード鼻専門クリニック【2:診療所】【診療科目:耳鼻いんこう科】広島県広島市南区猿猴橋町６－３４－１　４Ｆ" }, "geometry": { "type": "Point", "coordinates": [ 132.478269, 34.395372 ] } },
{ "type": "Feature", "properties": { "ID": 3422340718630, "正式名称": "メディックス広島脳ドッククリニック", "機関区分": 2, "都道府県コード": 34, "市区町村コード": 101, "所在地": "広島県広島市中区大手町１丁目８－２０", "緯度": 34.393889, "経度": 132.455478, "url": "https://www.iryou.teikyouseido.mhlw.go.jp/znk-web/juminkanja/S2430/initialize?prefCd=34&kikanCd=2340718630&kikanKbn=2", "url2": "//www.mdx-h.or.jp", "内容": "メディックス広島脳ドッククリニック【2:診療所】【診療科目:内科_脳神経外科】広島県広島市中区大手町１丁目８－２０" }, "geometry": { "type": "Point", "coordinates": [ 132.455478, 34.393889 ] } },
{ "type": "Feature", "properties": { "ID": 3422340718890, "正式名称": "おかざき脳神経クリニック", "機関区分": 2, "都道府県コード": 34, "市区町村コード": 302, "所在地": "広島県安芸郡府中町桃山１丁目４－１８　メディカルモール向洋駅北２Ｆ", "緯度": 34.378362, "経度": 132.50542, "url": "https://www.iryou.teikyouseido.mhlw.go.jp/znk-web/juminkanja/S2430/initialize?prefCd=34&kikanCd=2340718890&kikanKbn=2", "url2": "https://okazaki-clinic.net/", "内容": "おかざき脳神経クリニック【2:診療所】【診療科目:神経内科_脳神経外科】広島県安芸郡府中町桃山１丁目４－１８　メディカルモール向洋駅北２Ｆ" }, "geometry": { "type": "Point", "coordinates": [ 132.50542, 34.378362 ] } },
{ "type": "Feature", "properties": { "ID": 3422340718920, "正式名称": "プリマクリニック", "機関区分": 2, "都道府県コード": 34, "市区町村コード": 101, "所在地": "広島県広島市中区大手町１－８－２２　本通ＷＥＳＴ　Ｘ　３０１", "緯度": 34.393747, "経度": 132.455423, "url": "https://www.iryou.teikyouseido.mhlw.go.jp/znk-web/juminkanja/S2430/initialize?prefCd=34&kikanCd=2340718920&kikanKbn=2", "url2": "https://primaclinic.jp/", "内容": "プリマクリニック【2:診療所】【診療科目:皮膚科_美容皮膚科】広島県広島市中区大手町１－８－２２　本通ＷＥＳＴ　Ｘ　３０１" }, "geometry": { "type": "Point", "coordinates": [ 132.455423, 34.393747 ] } },
{ "type": "Feature", "properties": { "ID": 3422340719060, "正式名称": "紙屋町こころのクリニック", "機関区分": 2, "都道府県コード": 34, "市区町村コード": 101, "所在地": "広島県広島市中区紙屋町２丁目３－２０　３階３０３", "緯度": 34.393655, "経度": 132.456064, "url": "https://www.iryou.teikyouseido.mhlw.go.jp/znk-web/juminkanja/S2430/initialize?prefCd=34&kikanCd=2340719060&kikanKbn=2", "url2": "https://www.kamiyacho-kokoro.jp", "内容": "紙屋町こころのクリニック【2:診療所】【診療科目:精神科_心療内科】広島県広島市中区紙屋町２丁目３－２０　３階３０３" }, "geometry": { "type": "Point", "coordinates": [ 132.456064, 34.393655 ] } },
{ "type": "Feature", "properties": { "ID": 3422340719220, "正式名称": "表参道メディカルクリニック　広島院", "機関区分": 2, "都道府県コード": 34, "市区町村コード": 101, "所在地": "広島県広島市中区紙屋町２－２－２８", "緯度": 34.394552, "経度": 132.456248, "url": "https://www.iryou.teikyouseido.mhlw.go.jp/znk-web/juminkanja/S2430/initialize?prefCd=34&kikanCd=2340719220&kikanKbn=2", "url2": "https://om-clinic.com/clinic", "内容": "表参道メディカルクリニック　広島院【2:診療所】【診療科目:美容皮膚科】広島県広島市中区紙屋町２－２－２８" }, "geometry": { "type": "Point", "coordinates": [ 132.456248, 34.394552 ] } },
{ "type": "Feature", "properties": { "ID": 3422340719770, "正式名称": "医療法人社団淳康会ギガクリニック広島院（ユナイテッドクリニック）", "機関区分": 2, "都道府県コード": 34, "市区町村コード": 103, "所在地": "広島県広島市南区京橋町１－２　新京橋ビル５０２", "緯度": 34.394889, "経度": 132.473187, "url": "https://www.iryou.teikyouseido.mhlw.go.jp/znk-web/juminkanja/S2430/initialize?prefCd=34&kikanCd=2340719770&kikanKbn=2", "url2": "https://giga-clinic.jp/", "内容": "医療法人社団淳康会ギガクリニック広島院（ユナイテッドクリニック）【2:診療所】【診療科目:その他】広島県広島市南区京橋町１－２　新京橋ビル５０２" }, "geometry": { "type": "Point", "coordinates": [ 132.473187, 34.394889 ] } },
{ "type": "Feature", "properties": { "ID": 3422340719930, "正式名称": "東洋堂クリニック", "機関区分": 2, "都道府県コード": 34, "市区町村コード": 213, "所在地": "広島県廿日市市阿品台２丁目２４－３８", "緯度": 34.32913, "経度": 132.314965, "url": "https://www.iryou.teikyouseido.mhlw.go.jp/znk-web/juminkanja/S2430/initialize?prefCd=34&kikanCd=2340719930&kikanKbn=2", "url2": null, "内容": "東洋堂クリニック【2:診療所】【診療科目:漢方内科】広島県廿日市市阿品台２丁目２４－３８" }, "geometry": { "type": "Point", "coordinates": [ 132.314965, 34.32913 ] } },
{ "type": "Feature", "properties": { "ID": 3422340720040, "正式名称": "みよし内科", "機関区分": 2, "都道府県コード": 34, "市区町村コード": 207, "所在地": "広島県福山市駅家町近田２３４－２　みよしクリニック１Ｆ", "緯度": 34.541013, "経度": 133.317054, "url": "https://www.iryou.teikyouseido.mhlw.go.jp/znk-web/juminkanja/S2430/initialize?prefCd=34&kikanCd=2340720040&kikanKbn=2", "url2": "https://fukuyama-miyoshinaika.com", "内容": "みよし内科【2:診療所】【診療科目:内科_糖尿病内科_呼吸器内科】広島県福山市駅家町近田２３４－２　みよしクリニック１Ｆ" }, "geometry": { "type": "Point", "coordinates": [ 133.317054, 34.541013 ] } },
{ "type": "Feature", "properties": { "ID": 3422340720170, "正式名称": "みよし耳鼻咽喉科", "機関区分": 2, "都道府県コード": 34, "市区町村コード": 207, "所在地": "広島県福山市駅家町近田２３４－２　みよしクリニック２Ｆ", "緯度": 34.541013, "経度": 133.317054, "url": "https://www.iryou.teikyouseido.mhlw.go.jp/znk-web/juminkanja/S2430/initialize?prefCd=34&kikanCd=2340720170&kikanKbn=2", "url2": "https://www.miyoshient-ekiya-0501.com/", "内容": "みよし耳鼻咽喉科【2:診療所】【診療科目:耳鼻いんこう科_アレルギー科】広島県福山市駅家町近田２３４－２　みよしクリニック２Ｆ" }, "geometry": { "type": "Point", "coordinates": [ 133.317054, 34.541013 ] } },
{ "type": "Feature", "properties": { "ID": 3422340721340, "正式名称": "占部産婦人科", "機関区分": 2, "都道府県コード": 34, "市区町村コード": 212, "所在地": "広島県東広島市西条町助実１１７２", "緯度": 34.419027, "経度": 132.768674, "url": "https://www.iryou.teikyouseido.mhlw.go.jp/znk-web/juminkanja/S2430/initialize?prefCd=34&kikanCd=2340721340&kikanKbn=2", "url2": "https://urabe.mom/", "内容": "占部産婦人科【2:診療所】【診療科目:産婦人科】広島県東広島市西条町助実１１７２" }, "geometry": { "type": "Point", "coordinates": [ 132.768674, 34.419027 ] } },
{ "type": "Feature", "properties": { "ID": 3422340721470, "正式名称": "むかいなだ耳鼻咽喉科・アレルギー科", "機関区分": 2, "都道府県コード": 34, "市区町村コード": 302, "所在地": "広島県安芸郡府中町桃山１丁目４－１８　メディカルモール向洋駅北３Ｆ", "緯度": 34.378736, "経度": 132.505175, "url": "https://www.iryou.teikyouseido.mhlw.go.jp/znk-web/juminkanja/S2430/initialize?prefCd=34&kikanCd=2340721470&kikanKbn=2", "url2": null, "内容": "むかいなだ耳鼻咽喉科・アレルギー科【2:診療所】【診療科目:耳鼻いんこう科_アレルギー科】広島県安芸郡府中町桃山１丁目４－１８　メディカルモール向洋駅北３Ｆ" }, "geometry": { "type": "Point", "coordinates": [ 132.505175, 34.378736 ] } },
{ "type": "Feature", "properties": { "ID": 3422340721630, "正式名称": "ブランクリニック広島院", "機関区分": 2, "都道府県コード": 34, "市区町村コード": 101, "所在地": "広島県広島市中区鉄砲町７－１８　東芝フコク生命ビル地下１階", "緯度": 34.395299, "経度": 132.46446, "url": "https://www.iryou.teikyouseido.mhlw.go.jp/znk-web/juminkanja/S2430/initialize?prefCd=34&kikanCd=2340721630&kikanKbn=2", "url2": "https://bccl.jp/about/hiroshima/", "内容": "ブランクリニック広島院【2:診療所】【診療科目:美容皮膚科】広島県広島市中区鉄砲町７－１８　東芝フコク生命ビル地下１階" }, "geometry": { "type": "Point", "coordinates": [ 132.46446, 34.395299 ] } },
{ "type": "Feature", "properties": { "ID": 3422340721760, "正式名称": "アポロスキンクリニック", "機関区分": 2, "都道府県コード": 34, "市区町村コード": 108, "所在地": "広島県広島市佐伯区八幡東３丁目２９－１２－５－１０１", "緯度": 34.383757, "経度": 132.362367, "url": "https://www.iryou.teikyouseido.mhlw.go.jp/znk-web/juminkanja/S2430/initialize?prefCd=34&kikanCd=2340721760&kikanKbn=2", "url2": "apollo-skin.com", "内容": "アポロスキンクリニック【2:診療所】【診療科目:形成外科_皮膚科_美容皮膚科_アレルギー科】広島県広島市佐伯区八幡東３丁目２９－１２－５－１０１" }, "geometry": { "type": "Point", "coordinates": [ 132.362367, 34.383757 ] } },
{ "type": "Feature", "properties": { "ID": 3422340722060, "正式名称": "湘南美容クリニック福山院", "機関区分": 2, "都道府県コード": 34, "市区町村コード": 207, "所在地": "広島県福山市三之丸町３０番１号　さんすて福山２階", "緯度": 34.490105, "経度": 133.364149, "url": "https://www.iryou.teikyouseido.mhlw.go.jp/znk-web/juminkanja/S2430/initialize?prefCd=34&kikanCd=2340722060&kikanKbn=2", "url2": "https://www.s-b-c.net/clinic/branch/fukuyama/", "内容": "湘南美容クリニック福山院【2:診療所】【診療科目:美容外科_美容皮膚科】広島県福山市三之丸町３０番１号　さんすて福山２階" }, "geometry": { "type": "Point", "coordinates": [ 133.364149, 34.490105 ] } },
{ "type": "Feature", "properties": { "ID": 3422340722220, "正式名称": "こころ心療内科・カウンセリング医院", "機関区分": 2, "都道府県コード": 34, "市区町村コード": 105, "所在地": "広島県広島市安佐南区伴南１丁目５－１８－８－４０２", "緯度": 34.448213, "経度": 132.380812, "url": "https://www.iryou.teikyouseido.mhlw.go.jp/znk-web/juminkanja/S2430/initialize?prefCd=34&kikanCd=2340722220&kikanKbn=2", "url2": "https://www.cocoro-shinryo.com", "内容": "こころ心療内科・カウンセリング医院【2:診療所】【診療科目:精神科_心療内科】広島県広島市安佐南区伴南１丁目５－１８－８－４０２" }, "geometry": { "type": "Point", "coordinates": [ 132.380812, 34.448213 ] } },
{ "type": "Feature", "properties": { "ID": 3422340722350, "正式名称": "わかば皮ふ形成クリニック", "機関区分": 2, "都道府県コード": 34, "市区町村コード": 105, "所在地": "広島県広島市安佐南区祇園３丁目７－２ー３Ｆ", "緯度": 34.441388, "経度": 132.461869, "url": "https://www.iryou.teikyouseido.mhlw.go.jp/znk-web/juminkanja/S2430/initialize?prefCd=34&kikanCd=2340722350&kikanKbn=2", "url2": "https://wakaba-keisei.jp/", "内容": "わかば皮ふ形成クリニック【2:診療所】【診療科目:形成外科_皮膚科_美容皮膚科】広島県広島市安佐南区祇園３丁目７－２ー３Ｆ" }, "geometry": { "type": "Point", "coordinates": [ 132.461869, 34.441388 ] } },
{ "type": "Feature", "properties": { "ID": 3422340722480, "正式名称": "紙屋町やなせ皮ふ科クリニック", "機関区分": 2, "都道府県コード": 34, "市区町村コード": 101, "所在地": "広島県広島市中区紙屋町２丁目３－２０　３階３０１", "緯度": 34.393655, "経度": 132.456064, "url": "https://www.iryou.teikyouseido.mhlw.go.jp/znk-web/juminkanja/S2430/initialize?prefCd=34&kikanCd=2340722480&kikanKbn=2", "url2": "https://www.yanased.com/", "内容": "紙屋町やなせ皮ふ科クリニック【2:診療所】【診療科目:形成外科_皮膚科_美容皮膚科】広島県広島市中区紙屋町２丁目３－２０　３階３０１" }, "geometry": { "type": "Point", "coordinates": [ 132.456064, 34.393655 ] } },
{ "type": "Feature", "properties": { "ID": 3422340722770, "正式名称": "ないとう内科・糖尿病クリニック", "機関区分": 2, "都道府県コード": 34, "市区町村コード": 212, "所在地": "広島県東広島市八本松南２－２－８　２Ｆ", "緯度": 34.440518, "経度": 132.695175, "url": "https://www.iryou.teikyouseido.mhlw.go.jp/znk-web/juminkanja/S2430/initialize?prefCd=34&kikanCd=2340722770&kikanKbn=2", "url2": "https://naito-dm.com/", "内容": "ないとう内科・糖尿病クリニック【2:診療所】【診療科目:内科_糖尿病内科】広島県東広島市八本松南２－２－８　２Ｆ" }, "geometry": { "type": "Point", "coordinates": [ 132.695175, 34.440518 ] } },
{ "type": "Feature", "properties": { "ID": 3422340722800, "正式名称": "みやじまアイクリニック", "機関区分": 2, "都道府県コード": 34, "市区町村コード": 213, "所在地": "広島県廿日市市阿品３丁目５－８", "緯度": 34.320328, "経度": 132.313845, "url": "https://www.iryou.teikyouseido.mhlw.go.jp/znk-web/juminkanja/S2430/initialize?prefCd=34&kikanCd=2340722800&kikanKbn=2", "url2": "miyajima-eye.com", "内容": "みやじまアイクリニック【2:診療所】【診療科目:眼科】広島県廿日市市阿品３丁目５－８" }, "geometry": { "type": "Point", "coordinates": [ 132.313845, 34.320328 ] } },
{ "type": "Feature", "properties": { "ID": 3422340722930, "正式名称": "明神町リハ・整形クリニック", "機関区分": 2, "都道府県コード": 34, "市区町村コード": 207, "所在地": "広島県福山市明神町２丁目１４－３", "緯度": 34.491575, "経度": 133.395975, "url": "https://www.iryou.teikyouseido.mhlw.go.jp/znk-web/juminkanja/S2430/initialize?prefCd=34&kikanCd=2340722930&kikanKbn=2", "url2": "https://myojincho.com/", "内容": "明神町リハ・整形クリニック【2:診療所】【診療科目:整形外科_リウマチ科_リハビリテーション科】広島県福山市明神町２丁目１４－３" }, "geometry": { "type": "Point", "coordinates": [ 133.395975, 34.491575 ] } },
{ "type": "Feature", "properties": { "ID": 3422340723070, "正式名称": "医療法人ＪＮＦ　循環器・内科　ふじたクリニック", "機関区分": 2, "都道府県コード": 34, "市区町村コード": 207, "所在地": "広島県福山市南蔵王町３丁目１７－４５", "緯度": 34.501063, "経度": 133.398282, "url": "https://www.iryou.teikyouseido.mhlw.go.jp/znk-web/juminkanja/S2430/initialize?prefCd=34&kikanCd=2340723070&kikanKbn=2", "url2": "https://fc-clinic.jp", "内容": "医療法人ＪＮＦ　循環器・内科　ふじたクリニック【2:診療所】【診療科目:内科_循環器内科】広島県福山市南蔵王町３丁目１７－４５" }, "geometry": { "type": "Point", "coordinates": [ 133.398282, 34.501063 ] } },
{ "type": "Feature", "properties": { "ID": 3422340723490, "正式名称": "安佐医師会可部夜間急病センター", "機関区分": 2, "都道府県コード": 34, "市区町村コード": 106, "所在地": "広島県広島市安佐北区可部南２－１－３８", "緯度": 34.506549, "経度": 132.515438, "url": "https://www.iryou.teikyouseido.mhlw.go.jp/znk-web/juminkanja/S2430/initialize?prefCd=34&kikanCd=2340723490&kikanKbn=2", "url2": "https://www.asaishikai.jp/kabeyakan/", "内容": "安佐医師会可部夜間急病センター【2:診療所】【診療科目:内科】広島県広島市安佐北区可部南２－１－３８" }, "geometry": { "type": "Point", "coordinates": [ 132.515438, 34.506549 ] } },
{ "type": "Feature", "properties": { "ID": 3422340723520, "正式名称": "あさひ内科クリニック", "機関区分": 2, "都道府県コード": 34, "市区町村コード": 103, "所在地": "広島県広島市南区西旭町７－２１", "緯度": 34.372762, "経度": 132.474096, "url": "https://www.iryou.teikyouseido.mhlw.go.jp/znk-web/juminkanja/S2430/initialize?prefCd=34&kikanCd=2340723520&kikanKbn=2", "url2": "https://asahi-clinic.site/", "内容": "あさひ内科クリニック【2:診療所】【診療科目:内科_感染症内科_代謝内科_糖尿病・代謝内科_消化器内科】広島県広島市南区西旭町７－２１" }, "geometry": { "type": "Point", "coordinates": [ 132.474096, 34.372762 ] } },
{ "type": "Feature", "properties": { "ID": 3422340723650, "正式名称": "三次市国民健康保険みよしこども診療所", "機関区分": 2, "都道府県コード": 34, "市区町村コード": 209, "所在地": "広島県三次市十日市東３丁目１４－１", "緯度": 34.80958, "経度": 132.862795, "url": "https://www.iryou.teikyouseido.mhlw.go.jp/znk-web/juminkanja/S2430/initialize?prefCd=34&kikanCd=2340723650&kikanKbn=2", "url2": "https://www.city.miyoshi.hiroshima.jp/soshiki/23/14936.html", "内容": "三次市国民健康保険みよしこども診療所【2:診療所】【診療科目:小児科】広島県三次市十日市東３丁目１４－１" }, "geometry": { "type": "Point", "coordinates": [ 132.862795, 34.80958 ] } },
{ "type": "Feature", "properties": { "ID": 3422340723780, "正式名称": "翠こども・耳鼻咽喉科クリニック", "機関区分": 2, "都道府県コード": 34, "市区町村コード": 103, "所在地": "広島県広島市南区翠５丁目１７ー２３　２階", "緯度": 34.368348, "経度": 132.465908, "url": "https://www.iryou.teikyouseido.mhlw.go.jp/znk-web/juminkanja/S2430/initialize?prefCd=34&kikanCd=2340723780&kikanKbn=2", "url2": "https://midori-ped-ent.com/", "内容": "翠こども・耳鼻咽喉科クリニック【2:診療所】【診療科目:小児科_小児耳鼻いんこう科_耳鼻いんこう科_アレルギー科】広島県広島市南区翠５丁目１７ー２３　２階" }, "geometry": { "type": "Point", "coordinates": [ 132.465908, 34.368348 ] } },
{ "type": "Feature", "properties": { "ID": 3422340724080, "正式名称": "せきもとクリニック", "機関区分": 2, "都道府県コード": 34, "市区町村コード": 207, "所在地": "広島県福山市西新涯町２丁目１０－１２", "緯度": 34.459821, "経度": 133.380446, "url": "https://www.iryou.teikyouseido.mhlw.go.jp/znk-web/juminkanja/S2430/initialize?prefCd=34&kikanCd=2340724080&kikanKbn=2", "url2": "https://sekimotoclinic.com/", "内容": "せきもとクリニック【2:診療所】【診療科目:内科_小児科_アレルギー科】広島県福山市西新涯町２丁目１０－１２" }, "geometry": { "type": "Point", "coordinates": [ 133.380446, 34.459821 ] } },
{ "type": "Feature", "properties": { "ID": 3422340725670, "正式名称": "戸田眼科皮ふ科", "機関区分": 2, "都道府県コード": 34, "市区町村コード": 103, "所在地": "広島県広島市南区宇品東６丁目２－４６", "緯度": 34.36082, "経度": 132.467643, "url": "https://www.iryou.teikyouseido.mhlw.go.jp/znk-web/juminkanja/S2430/initialize?prefCd=34&kikanCd=2340725670&kikanKbn=2", "url2": "https://www.toda-ganka-hifuka.com/", "内容": "戸田眼科皮ふ科【2:診療所】【診療科目:眼科_皮膚科】広島県広島市南区宇品東６丁目２－４６" }, "geometry": { "type": "Point", "coordinates": [ 132.467643, 34.36082 ] } },
{ "type": "Feature", "properties": { "ID": 3422340726840, "正式名称": "小松クリニック", "機関区分": 2, "都道府県コード": 34, "市区町村コード": 205, "所在地": "広島県尾道市栗原町１１４８２", "緯度": 34.435176, "経度": 133.190315, "url": "https://www.iryou.teikyouseido.mhlw.go.jp/znk-web/juminkanja/S2430/initialize?prefCd=34&kikanCd=2340726840&kikanKbn=2", "url2": null, "内容": "小松クリニック【2:診療所】【診療科目:内科】広島県尾道市栗原町１１４８２" }, "geometry": { "type": "Point", "coordinates": [ 133.190315, 34.435176 ] } },
{ "type": "Feature", "properties": { "ID": 3422340727140, "正式名称": "福山ＲＫクリニック", "機関区分": 2, "都道府県コード": 34, "市区町村コード": 207, "所在地": "広島県福山市木之庄町１丁目１７－１２", "緯度": 34.495117, "経度": 133.352531, "url": "https://www.iryou.teikyouseido.mhlw.go.jp/znk-web/juminkanja/S2430/initialize?prefCd=34&kikanCd=2340727140&kikanKbn=2", "url2": "https://f-rk-clinic.com/", "内容": "福山ＲＫクリニック【2:診療所】【診療科目:婦人科_皮膚科_精神科】広島県福山市木之庄町１丁目１７－１２" }, "geometry": { "type": "Point", "coordinates": [ 133.352531, 34.495117 ] } },
{ "type": "Feature", "properties": { "ID": 3422340727300, "正式名称": "アンベリエクリニック", "機関区分": 2, "都道府県コード": 34, "市区町村コード": 101, "所在地": "広島県広島市中区基町６－７８　５Ｆ", "緯度": 34.397229, "経度": 132.457261, "url": "https://www.iryou.teikyouseido.mhlw.go.jp/znk-web/juminkanja/S2430/initialize?prefCd=34&kikanCd=2340727300&kikanKbn=2", "url2": "http://kiki-embellir.com/", "内容": "アンベリエクリニック【2:診療所】【診療科目:美容皮膚科】広島県広島市中区基町６－７８　５Ｆ" }, "geometry": { "type": "Point", "coordinates": [ 132.457261, 34.397229 ] } },
{ "type": "Feature", "properties": { "ID": 3422340727430, "正式名称": "ここみクリニック", "機関区分": 2, "都道府県コード": 34, "市区町村コード": 101, "所在地": "広島県広島市中区八丁堀１１－１２　ＫＭＭビル７・８Ｆ", "緯度": 34.394914, "経度": 132.462503, "url": "https://www.iryou.teikyouseido.mhlw.go.jp/znk-web/juminkanja/S2430/initialize?prefCd=34&kikanCd=2340727430&kikanKbn=2", "url2": "https://www.cocomi-clinic.com/", "内容": "ここみクリニック【2:診療所】【診療科目:内科_精神科_心療内科】広島県広島市中区八丁堀１１－１２　ＫＭＭビル７・８Ｆ" }, "geometry": { "type": "Point", "coordinates": [ 132.462503, 34.394914 ] } },
{ "type": "Feature", "properties": { "ID": 3422340727720, "正式名称": "大岡耳鼻咽喉科医院", "機関区分": 2, "都道府県コード": 34, "市区町村コード": 205, "所在地": "広島県尾道市栗原町８２３４－１", "緯度": 34.430028, "経度": 133.191085, "url": "https://www.iryou.teikyouseido.mhlw.go.jp/znk-web/juminkanja/S2430/initialize?prefCd=34&kikanCd=2340727720&kikanKbn=2", "url2": null, "内容": "大岡耳鼻咽喉科医院【2:診療所】【診療科目:小児耳鼻いんこう科_耳鼻いんこう科_気管食道・耳鼻いんこう科_頭頸部・耳鼻いんこう科_その他】広島県尾道市栗原町８２３４－１" }, "geometry": { "type": "Point", "coordinates": [ 133.191085, 34.430028 ] } },
{ "type": "Feature", "properties": { "ID": 3422340727980, "正式名称": "三好眼科　神辺新道上", "機関区分": 2, "都道府県コード": 34, "市区町村コード": 207, "所在地": "広島県福山市神辺町新道上３０－１", "緯度": 34.546814, "経度": 133.35822, "url": "https://www.iryou.teikyouseido.mhlw.go.jp/znk-web/juminkanja/S2430/initialize?prefCd=34&kikanCd=2340727980&kikanKbn=2", "url2": null, "内容": "三好眼科　神辺新道上【2:診療所】【診療科目:眼科】広島県福山市神辺町新道上３０－１" }, "geometry": { "type": "Point", "coordinates": [ 133.35822, 34.546814 ] } },
{ "type": "Feature", "properties": { "ID": 3422340728020, "正式名称": "土橋メンタルクリニック", "機関区分": 2, "都道府県コード": 34, "市区町村コード": 101, "所在地": "広島県広島市中区堺町１丁目３－１０－２Ｆ", "緯度": 34.394703, "経度": 132.448033, "url": "https://www.iryou.teikyouseido.mhlw.go.jp/znk-web/juminkanja/S2430/initialize?prefCd=34&kikanCd=2340728020&kikanKbn=2", "url2": null, "内容": "土橋メンタルクリニック【2:診療所】【診療科目:精神科_心療内科】広島県広島市中区堺町１丁目３－１０－２Ｆ" }, "geometry": { "type": "Point", "coordinates": [ 132.448033, 34.394703 ] } },
{ "type": "Feature", "properties": { "ID": 3422340728310, "正式名称": "浦崎診療所", "機関区分": 2, "都道府県コード": 34, "市区町村コード": 205, "所在地": "広島県尾道市浦崎町３６０７－２", "緯度": 34.404094, "経度": 133.269289, "url": "https://www.iryou.teikyouseido.mhlw.go.jp/znk-web/juminkanja/S2430/initialize?prefCd=34&kikanCd=2340728310&kikanKbn=2", "url2": null, "内容": "浦崎診療所【2:診療所】【診療科目:内科_外科】広島県尾道市浦崎町３６０７－２" }, "geometry": { "type": "Point", "coordinates": [ 133.269289, 34.404094 ] } },
{ "type": "Feature", "properties": { "ID": 3422340728570, "正式名称": "三次こばやし眼科", "機関区分": 2, "都道府県コード": 34, "市区町村コード": 209, "所在地": "広島県三次市十日市中１－１－１０", "緯度": 34.803567, "経度": 132.849778, "url": "https://www.iryou.teikyouseido.mhlw.go.jp/znk-web/juminkanja/S2430/initialize?prefCd=34&kikanCd=2340728570&kikanKbn=2", "url2": "https://www.miyoshi-kobayashi-ganka.com", "内容": "三次こばやし眼科【2:診療所】【診療科目:眼科】広島県三次市十日市中１－１－１０" }, "geometry": { "type": "Point", "coordinates": [ 132.849778, 34.803567 ] } },
{ "type": "Feature", "properties": { "ID": 3422340728600, "正式名称": "かじはら内科医院", "機関区分": 2, "都道府県コード": 34, "市区町村コード": 202, "所在地": "広島県呉市安浦町中央５丁目１２－５０", "緯度": 34.28149, "経度": 132.744792, "url": "https://www.iryou.teikyouseido.mhlw.go.jp/znk-web/juminkanja/S2430/initialize?prefCd=34&kikanCd=2340728600&kikanKbn=2", "url2": null, "内容": "かじはら内科医院【2:診療所】【診療科目:内科_消化器内科】広島県呉市安浦町中央５丁目１２－５０" }, "geometry": { "type": "Point", "coordinates": [ 132.744792, 34.28149 ] } },
{ "type": "Feature", "properties": { "ID": 3422340728990, "正式名称": "にしもり整形外科クリニック", "機関区分": 2, "都道府県コード": 34, "市区町村コード": 106, "所在地": "広島県広島市安佐北区可部南５丁目８－３２－１３", "緯度": 34.507217, "経度": 132.51557, "url": "https://www.iryou.teikyouseido.mhlw.go.jp/znk-web/juminkanja/S2430/initialize?prefCd=34&kikanCd=2340728990&kikanKbn=2", "url2": null, "内容": "にしもり整形外科クリニック【2:診療所】【診療科目:整形外科_リハビリテーション科】広島県広島市安佐北区可部南５丁目８－３２－１３" }, "geometry": { "type": "Point", "coordinates": [ 132.51557, 34.507217 ] } },
{ "type": "Feature", "properties": { "ID": 3422340729030, "正式名称": "おひさま脳神経外科・歯科", "機関区分": 2, "都道府県コード": 34, "市区町村コード": 101, "所在地": "広島県広島市中区吉島西１丁目２２－１３", "緯度": 34.3736, "経度": 132.4476, "url": "https://www.iryou.teikyouseido.mhlw.go.jp/znk-web/juminkanja/S2430/initialize?prefCd=34&kikanCd=2340729030&kikanKbn=2", "url2": "https://ohisama-ikasika.com/", "内容": "おひさま脳神経外科・歯科【2:診療所】【診療科目:脳神経内科_漢方内科_脳神経外科】広島県広島市中区吉島西１丁目２２－１３" }, "geometry": { "type": "Point", "coordinates": [ 132.4476, 34.3736 ] } },
{ "type": "Feature", "properties": { "ID": 3422340729580, "正式名称": "周治ファミリークリニック", "機関区分": 2, "都道府県コード": 34, "市区町村コード": 207, "所在地": "広島県福山市沖野上町６丁目１１番２４号", "緯度": 34.470969, "経度": 133.364287, "url": "https://www.iryou.teikyouseido.mhlw.go.jp/znk-web/juminkanja/S2430/initialize?prefCd=34&kikanCd=2340729580&kikanKbn=2", "url2": null, "内容": "周治ファミリークリニック【2:診療所】【診療科目:内科_循環器内科_消化器内科_外科_整形外科_小児科_皮膚科_美容皮膚科_アレルギー科_リハビリテーション科】広島県福山市沖野上町６丁目１１番２４号" }, "geometry": { "type": "Point", "coordinates": [ 133.364287, 34.470969 ] } },
{ "type": "Feature", "properties": { "ID": 3422340729610, "正式名称": "広島ウェルネスクリニック", "機関区分": 2, "都道府県コード": 34, "市区町村コード": 101, "所在地": "広島県広島市中区幟町７－３０宏和８　４階", "緯度": 34.394788, "経度": 132.466469, "url": "https://www.iryou.teikyouseido.mhlw.go.jp/znk-web/juminkanja/S2430/initialize?prefCd=34&kikanCd=2340729610&kikanKbn=2", "url2": "https://www.hiroshima-wellness.com/", "内容": "広島ウェルネスクリニック【2:診療所】【診療科目:性感染症内科_産婦人科_泌尿器科】広島県広島市中区幟町７－３０宏和８　４階" }, "geometry": { "type": "Point", "coordinates": [ 132.466469, 34.394788 ] } },
{ "type": "Feature", "properties": { "ID": 3422340730690, "正式名称": "ＴＣＢ　東京中央美容外科・ＴＣＢ　スキンクリニック　福山院", "機関区分": 2, "都道府県コード": 34, "市区町村コード": 207, "所在地": "広島県福山市東桜町１－１ｉｎｅｓ　ＦＵＫＵＹＡＭＡ　２階", "緯度": 34.487143, "経度": 133.362952, "url": "https://www.iryou.teikyouseido.mhlw.go.jp/znk-web/juminkanja/S2430/initialize?prefCd=34&kikanCd=2340730690&kikanKbn=2", "url2": null, "内容": "ＴＣＢ　東京中央美容外科・ＴＣＢ　スキンクリニック　福山院【2:診療所】【診療科目:形成外科_美容外科_皮膚科_美容皮膚科】広島県福山市東桜町１－１ｉｎｅｓ　ＦＵＫＵＹＡＭＡ　２階" }, "geometry": { "type": "Point", "coordinates": [ 133.362952, 34.487143 ] } },
{ "type": "Feature", "properties": { "ID": 3422340730720, "正式名称": "鞆藤井医院", "機関区分": 2, "都道府県コード": 34, "市区町村コード": 207, "所在地": "広島県福山市鞆町鞆３２３", "緯度": 34.385567, "経度": 133.38235, "url": "https://www.iryou.teikyouseido.mhlw.go.jp/znk-web/juminkanja/S2430/initialize?prefCd=34&kikanCd=2340730720&kikanKbn=2", "url2": null, "内容": "鞆藤井医院【2:診療所】【診療科目:内科_外科_形成外科_美容外科】広島県福山市鞆町鞆３２３" }, "geometry": { "type": "Point", "coordinates": [ 133.38235, 34.385567 ] } },
{ "type": "Feature", "properties": { "ID": 3422340730980, "正式名称": "ジュノビューティークリニック広島院", "機関区分": 2, "都道府県コード": 34, "市区町村コード": 101, "所在地": "広島県広島市中区紙屋町１丁目１－１東和ビル６階", "緯度": 34.394353, "経度": 132.459759, "url": "https://www.iryou.teikyouseido.mhlw.go.jp/znk-web/juminkanja/S2430/initialize?prefCd=34&kikanCd=2340730980&kikanKbn=2", "url2": "https://www.shinjukubc.com/", "内容": "ジュノビューティークリニック広島院【2:診療所】【診療科目:美容外科_美容皮膚科_泌尿器科】広島県広島市中区紙屋町１丁目１－１東和ビル６階" }, "geometry": { "type": "Point", "coordinates": [ 132.459759, 34.394353 ] } },
{ "type": "Feature", "properties": { "ID": 3422340731440, "正式名称": "つるみクリニック", "機関区分": 2, "都道府県コード": 34, "市区町村コード": 101, "所在地": "広島県広島市中区鶴見町１２－２０", "緯度": 34.384563, "経度": 132.465762, "url": "https://www.iryou.teikyouseido.mhlw.go.jp/znk-web/juminkanja/S2430/initialize?prefCd=34&kikanCd=2340731440&kikanKbn=2", "url2": "https://tsurumi-clinic.net/access/", "内容": "つるみクリニック【2:診療所】【診療科目:内科_糖尿病内科_消化器内科_内視鏡内科_外科_麻酔科】広島県広島市中区鶴見町１２－２０" }, "geometry": { "type": "Point", "coordinates": [ 132.465762, 34.384563 ] } },
{ "type": "Feature", "properties": { "ID": 3422340732030, "正式名称": "神田ファミリークリニック", "機関区分": 2, "都道府県コード": 34, "市区町村コード": 205, "所在地": "広島県尾道市沖側町１２番３５号", "緯度": 34.403253, "経度": 133.168447, "url": "https://www.iryou.teikyouseido.mhlw.go.jp/znk-web/juminkanja/S2430/initialize?prefCd=34&kikanCd=2340732030&kikanKbn=2", "url2": null, "内容": "神田ファミリークリニック【2:診療所】【診療科目:内科_消化器内科_ペインクリニック外科_リハビリテーション科_麻酔科】広島県尾道市沖側町１２番３５号" }, "geometry": { "type": "Point", "coordinates": [ 133.168447, 34.403253 ] } },
{ "type": "Feature", "properties": { "ID": 3422340732160, "正式名称": "西条すこやか内科", "機関区分": 2, "都道府県コード": 34, "市区町村コード": 212, "所在地": "広島県東広島市西条町助実１１７２番地　オールファーマシータウン×占部産婦人科　３階", "緯度": 34.424514, "経度": 132.758181, "url": "https://www.iryou.teikyouseido.mhlw.go.jp/znk-web/juminkanja/S2430/initialize?prefCd=34&kikanCd=2340732160&kikanKbn=2", "url2": "https://saijo-sukoyaka-clinic.com/", "内容": "西条すこやか内科【2:診療所】【診療科目:内科_呼吸器内科_アレルギー科】広島県東広島市西条町助実１１７２番地　オールファーマシータウン×占部産婦人科　３階" }, "geometry": { "type": "Point", "coordinates": [ 132.758181, 34.424514 ] } },
{ "type": "Feature", "properties": { "ID": 3422340732290, "正式名称": "いのくち内科・呼吸器クリニック", "機関区分": 2, "都道府県コード": 34, "市区町村コード": 104, "所在地": "広島県広島市西区井口４丁目７－１８－７ー２０１", "緯度": 34.370369, "経度": 132.37432, "url": "https://www.iryou.teikyouseido.mhlw.go.jp/znk-web/juminkanja/S2430/initialize?prefCd=34&kikanCd=2340732290&kikanKbn=2", "url2": "https://www.inokuchi-cl.com", "内容": "いのくち内科・呼吸器クリニック【2:診療所】【診療科目:内科_呼吸器内科_アレルギー疾患内科_アレルギー科】広島県広島市西区井口４丁目７－１８－７ー２０１" }, "geometry": { "type": "Point", "coordinates": [ 132.37432, 34.370369 ] } },
{ "type": "Feature", "properties": { "ID": 3422340732320, "正式名称": "段原こどもクリニック", "機関区分": 2, "都道府県コード": 34, "市区町村コード": 103, "所在地": "広島県広島市南区段原日出１丁目１５－１３段原スクエア３Ｆ", "緯度": 34.386529, "経度": 132.480731, "url": "https://www.iryou.teikyouseido.mhlw.go.jp/znk-web/juminkanja/S2430/initialize?prefCd=34&kikanCd=2340732320&kikanKbn=2", "url2": "https://danbara-kids.com/access/", "内容": "段原こどもクリニック【2:診療所】【診療科目:小児科_アレルギー科】広島県広島市南区段原日出１丁目１５－１３段原スクエア３Ｆ" }, "geometry": { "type": "Point", "coordinates": [ 132.480731, 34.386529 ] } },
{ "type": "Feature", "properties": { "ID": 3422340732610, "正式名称": "クレール心療クリニック", "機関区分": 2, "都道府県コード": 34, "市区町村コード": 204, "所在地": "広島県三原市城町１丁目８－１三原駅前ビル２Ｆ", "緯度": 34.399764, "経度": 133.083142, "url": "https://www.iryou.teikyouseido.mhlw.go.jp/znk-web/juminkanja/S2430/initialize?prefCd=34&kikanCd=2340732610&kikanKbn=2", "url2": "https://claire-cocoro.com/", "内容": "クレール心療クリニック【2:診療所】【診療科目:精神科_心療内科】広島県三原市城町１丁目８－１三原駅前ビル２Ｆ" }, "geometry": { "type": "Point", "coordinates": [ 133.083142, 34.399764 ] } },
{ "type": "Feature", "properties": { "ID": 3422340732740, "正式名称": "医療法人社団ひかり会　呉本通木村眼科", "機関区分": 2, "都道府県コード": 34, "市区町村コード": 202, "所在地": "広島県呉市本町４番１号", "緯度": 34.24554, "経度": 132.568247, "url": "https://www.iryou.teikyouseido.mhlw.go.jp/znk-web/juminkanja/S2430/initialize?prefCd=34&kikanCd=2340732740&kikanKbn=2", "url2": "https://kimura-eye.or.jp/bunin/hondori/", "内容": "医療法人社団ひかり会　呉本通木村眼科【2:診療所】【診療科目:眼科】広島県呉市本町４番１号" }, "geometry": { "type": "Point", "coordinates": [ 132.568247, 34.24554 ] } },
{ "type": "Feature", "properties": { "ID": 3422340732870, "正式名称": "えびなファミリークリニック", "機関区分": 2, "都道府県コード": 34, "市区町村コード": 207, "所在地": "広島県福山市光南町２丁目４－２０", "緯度": 34.478397, "経度": 133.366483, "url": "https://www.iryou.teikyouseido.mhlw.go.jp/znk-web/juminkanja/S2430/initialize?prefCd=34&kikanCd=2340732870&kikanKbn=2", "url2": "https://ebina-clinic.com", "内容": "えびなファミリークリニック【2:診療所】【診療科目:内科_外科_小児科】広島県福山市光南町２丁目４－２０" }, "geometry": { "type": "Point", "coordinates": [ 133.366483, 34.478397 ] } },
{ "type": "Feature", "properties": { "ID": 3422340733040, "正式名称": "となりのクリニック", "機関区分": 2, "都道府県コード": 34, "市区町村コード": 212, "所在地": "広島県東広島市西条町馬木４５８", "緯度": 34.358447, "経度": 132.721303, "url": "https://www.iryou.teikyouseido.mhlw.go.jp/znk-web/juminkanja/S2430/initialize?prefCd=34&kikanCd=2340733040&kikanKbn=2", "url2": "https://www.tonarinoclinic.com", "内容": "となりのクリニック【2:診療所】【診療科目:内科_循環器内科】広島県東広島市西条町馬木４５８" }, "geometry": { "type": "Point", "coordinates": [ 132.721303, 34.358447 ] } },
{ "type": "Feature", "properties": { "ID": 3422340733170, "正式名称": "津田医院", "機関区分": 2, "都道府県コード": 34, "市区町村コード": 214, "所在地": "広島県安芸高田市美土里町本郷１７８１－９", "緯度": 34.726267, "経度": 132.627133, "url": "https://www.iryou.teikyouseido.mhlw.go.jp/znk-web/juminkanja/S2430/initialize?prefCd=34&kikanCd=2340733170&kikanKbn=2", "url2": null, "内容": "津田医院【2:診療所】【診療科目:内科_消化器内科】広島県安芸高田市美土里町本郷１７８１－９" }, "geometry": { "type": "Point", "coordinates": [ 132.627133, 34.726267 ] } },
{ "type": "Feature", "properties": { "ID": 3422340733200, "正式名称": "大竹中央クリニック", "機関区分": 2, "都道府県コード": 34, "市区町村コード": 211, "所在地": "広島県大竹市立戸２丁目５－２", "緯度": 34.227232, "経度": 132.220365, "url": "https://www.iryou.teikyouseido.mhlw.go.jp/znk-web/juminkanja/S2430/initialize?prefCd=34&kikanCd=2340733200&kikanKbn=2", "url2": null, "内容": "大竹中央クリニック【2:診療所】【診療科目:人工透析内科】広島県大竹市立戸２丁目５－２" }, "geometry": { "type": "Point", "coordinates": [ 132.220365, 34.227232 ] } },
{ "type": "Feature", "properties": { "ID": 3422340733330, "正式名称": "杉屋内科医院", "機関区分": 2, "都道府県コード": 34, "市区町村コード": 102, "所在地": "広島県広島市東区光町２丁目６番１２－１０１号", "緯度": 34.400768, "経度": 132.478818, "url": "https://www.iryou.teikyouseido.mhlw.go.jp/znk-web/juminkanja/S2430/initialize?prefCd=34&kikanCd=2340733330&kikanKbn=2", "url2": null, "内容": "杉屋内科医院【2:診療所】【診療科目:内科】広島県広島市東区光町２丁目６番１２－１０１号" }, "geometry": { "type": "Point", "coordinates": [ 132.478818, 34.400768 ] } },
{ "type": "Feature", "properties": { "ID": 3422340733460, "正式名称": "うじな家庭医療クリニック", "機関区分": 2, "都道府県コード": 34, "市区町村コード": 103, "所在地": "広島県広島市南区宇品東６丁目２番４７号", "緯度": 34.360582, "経度": 132.468526, "url": "https://www.iryou.teikyouseido.mhlw.go.jp/znk-web/juminkanja/S2430/initialize?prefCd=34&kikanCd=2340733460&kikanKbn=2", "url2": "https://ujina-family-clinic.com", "内容": "うじな家庭医療クリニック【2:診療所】【診療科目:内科_腫瘍内科_外科_小児科】広島県広島市南区宇品東６丁目２番４７号" }, "geometry": { "type": "Point", "coordinates": [ 132.468526, 34.360582 ] } },
{ "type": "Feature", "properties": { "ID": 3422340733620, "正式名称": "鼠径ヘルニア日帰り手術広島アルプスクリニック", "機関区分": 2, "都道府県コード": 34, "市区町村コード": 102, "所在地": "広島県広島市東区二葉の里三丁目５番７号ＧＲＡＮＯＤＥ広島２階２０６", "緯度": 34.400465, "経度": 132.475146, "url": "https://www.iryou.teikyouseido.mhlw.go.jp/znk-web/juminkanja/S2430/initialize?prefCd=34&kikanCd=2340733620&kikanKbn=2", "url2": null, "内容": "鼠径ヘルニア日帰り手術広島アルプスクリニック【2:診療所】【診療科目:外科_消化器外科】広島県広島市東区二葉の里三丁目５番７号ＧＲＡＮＯＤＥ広島２階２０６" }, "geometry": { "type": "Point", "coordinates": [ 132.475146, 34.400465 ] } },
{ "type": "Feature", "properties": { "ID": 3422340733750, "正式名称": "宇品おおくぼ内科クリニック", "機関区分": 2, "都道府県コード": 34, "市区町村コード": 103, "所在地": "広島県広島市南区宇品西３丁目４－３３　３階", "緯度": 34.361851, "経度": 132.459498, "url": "https://www.iryou.teikyouseido.mhlw.go.jp/znk-web/juminkanja/S2430/initialize?prefCd=34&kikanCd=2340733750&kikanKbn=2", "url2": "https://ujinaokuboclinic.com/", "内容": "宇品おおくぼ内科クリニック【2:診療所】【診療科目:内科_糖尿病内科_内分泌内科】広島県広島市南区宇品西３丁目４－３３　３階" }, "geometry": { "type": "Point", "coordinates": [ 132.459498, 34.361851 ] } },
{ "type": "Feature", "properties": { "ID": 3422340733880, "正式名称": "ゆうはレディースクリニック", "機関区分": 2, "都道府県コード": 34, "市区町村コード": 101, "所在地": "広島県広島市中区八丁堀４－１８クラース八丁堀ザ・マーク１階", "緯度": 34.397318, "経度": 132.463743, "url": "https://www.iryou.teikyouseido.mhlw.go.jp/znk-web/juminkanja/S2430/initialize?prefCd=34&kikanCd=2340733880&kikanKbn=2", "url2": "https://yuuha-ladies.com/", "内容": "ゆうはレディースクリニック【2:診療所】【診療科目:産婦人科_産科_婦人科_産婦人科（生殖医療）】広島県広島市中区八丁堀４－１８クラース八丁堀ザ・マーク１階" }, "geometry": { "type": "Point", "coordinates": [ 132.463743, 34.397318 ] } },
{ "type": "Feature", "properties": { "ID": 3422340733910, "正式名称": "オクノクリニック広島駅前院", "機関区分": 2, "都道府県コード": 34, "市区町村コード": 102, "所在地": "広島県広島市東区若草町１１番１－１０３号", "緯度": 34.398224, "経度": 132.479132, "url": "https://www.iryou.teikyouseido.mhlw.go.jp/znk-web/juminkanja/S2430/initialize?prefCd=34&kikanCd=2340733910&kikanKbn=2", "url2": null, "内容": "オクノクリニック広島駅前院【2:診療所】【診療科目:血管外科_整形外科_放射線科】広島県広島市東区若草町１１番１－１０３号" }, "geometry": { "type": "Point", "coordinates": [ 132.479132, 34.398224 ] } },
{ "type": "Feature", "properties": { "ID": 3422340734050, "正式名称": "しまなみ皮ふ科", "機関区分": 2, "都道府県コード": 34, "市区町村コード": 204, "所在地": "広島県三原市円一町１丁目１番２－２号", "緯度": 34.391185, "経度": 133.083346, "url": "https://www.iryou.teikyouseido.mhlw.go.jp/znk-web/juminkanja/S2430/initialize?prefCd=34&kikanCd=2340734050&kikanKbn=2", "url2": "https://shimanami-cl.com/", "内容": "しまなみ皮ふ科【2:診療所】【診療科目:皮膚科】広島県三原市円一町１丁目１番２－２号" }, "geometry": { "type": "Point", "coordinates": [ 133.083346, 34.391185 ] } },
{ "type": "Feature", "properties": { "ID": 3422340734340, "正式名称": "いずみ整形外科・せぼねクリニック", "機関区分": 2, "都道府県コード": 34, "市区町村コード": 101, "所在地": "広島県広島市中区吉島西一丁目２２番１３号", "緯度": 34.3736, "経度": 132.4476, "url": "https://www.iryou.teikyouseido.mhlw.go.jp/znk-web/juminkanja/S2430/initialize?prefCd=34&kikanCd=2340734340&kikanKbn=2", "url2": "http://izumi90.com", "内容": "いずみ整形外科・せぼねクリニック【2:診療所】【診療科目:整形外科_リウマチ科_リハビリテーション科】広島県広島市中区吉島西一丁目２２番１３号" }, "geometry": { "type": "Point", "coordinates": [ 132.4476, 34.3736 ] } },
{ "type": "Feature", "properties": { "ID": 3422340734470, "正式名称": "医療法人社団　沖本眼科", "機関区分": 2, "都道府県コード": 34, "市区町村コード": 102, "所在地": "広島県広島市東区光町一丁目１４番２５号", "緯度": 34.399008, "経度": 132.47981, "url": "https://www.iryou.teikyouseido.mhlw.go.jp/znk-web/juminkanja/S2430/initialize?prefCd=34&kikanCd=2340734470&kikanKbn=2", "url2": "http://www.okimoto-net.or.jp", "内容": "医療法人社団　沖本眼科【2:診療所】【診療科目:眼科】広島県広島市東区光町一丁目１４番２５号" }, "geometry": { "type": "Point", "coordinates": [ 132.47981, 34.399008 ] } },
{ "type": "Feature", "properties": { "ID": 3422340734500, "正式名称": "ひろしま駅前乳腺クリニック", "機関区分": 2, "都道府県コード": 34, "市区町村コード": 103, "所在地": "広島県広島市南区松原町９番１号", "緯度": 34.398927, "経度": 132.472289, "url": "https://www.iryou.teikyouseido.mhlw.go.jp/znk-web/juminkanja/S2430/initialize?prefCd=34&kikanCd=2340734500&kikanKbn=2", "url2": "http://hiroshima-bc.jp/", "内容": "ひろしま駅前乳腺クリニック【2:診療所】【診療科目:乳腺外科】広島県広島市南区松原町９番１号" }, "geometry": { "type": "Point", "coordinates": [ 132.472289, 34.398927 ] } },
{ "type": "Feature", "properties": { "ID": 3422340734920, "正式名称": "地方職員共済組合広島県支部　診療所", "機関区分": 2, "都道府県コード": 34, "市区町村コード": 101, "所在地": "広島県広島市中区基町１０番５２号", "緯度": 34.396689, "経度": 132.459615, "url": "https://www.iryou.teikyouseido.mhlw.go.jp/znk-web/juminkanja/S2430/initialize?prefCd=34&kikanCd=2340734920&kikanKbn=2", "url2": null, "内容": "地方職員共済組合広島県支部　診療所【2:診療所】【診療科目:内科_放射線科】広島県広島市中区基町１０番５２号" }, "geometry": { "type": "Point", "coordinates": [ 132.459615, 34.396689 ] } },
{ "type": "Feature", "properties": { "ID": 3422340735190, "正式名称": "広島メディカルクリニック", "機関区分": 2, "都道府県コード": 34, "市区町村コード": 105, "所在地": "広島県広島市安佐南区高取北一丁目４番２９－５号", "緯度": 34.47539, "経度": 132.43796, "url": "https://www.iryou.teikyouseido.mhlw.go.jp/znk-web/juminkanja/S2430/initialize?prefCd=34&kikanCd=2340735190&kikanKbn=2", "url2": null, "内容": "広島メディカルクリニック【2:診療所】【診療科目:内科_精神科_心療内科】広島県広島市安佐南区高取北一丁目４番２９－５号" }, "geometry": { "type": "Point", "coordinates": [ 132.43796, 34.47539 ] } },
{ "type": "Feature", "properties": { "ID": 3422340735640, "正式名称": "大田トホーニヤ診療所", "機関区分": 2, "都道府県コード": 34, "市区町村コード": 207, "所在地": "広島県福山市沖野上町３丁目１２－１６　１階", "緯度": 34.470733, "経度": 133.374917, "url": "https://www.iryou.teikyouseido.mhlw.go.jp/znk-web/juminkanja/S2430/initialize?prefCd=34&kikanCd=2340735640&kikanKbn=2", "url2": "Fujiikinen Konishi Clinic", "内容": "大田トホーニヤ診療所【2:診療所】【診療科目:神経内科_脳神経外科_麻酔科】広島県福山市沖野上町３丁目１２－１６　１階" }, "geometry": { "type": "Point", "coordinates": [ 133.374917, 34.470733 ] } },
{ "type": "Feature", "properties": { "ID": 3422340735770, "正式名称": "スリム＆ダイエットクリニック福山", "機関区分": 2, "都道府県コード": 34, "市区町村コード": 207, "所在地": "広島県福山市引野町１－２５－１４－１", "緯度": 34.497554, "経度": 133.409015, "url": "https://www.iryou.teikyouseido.mhlw.go.jp/znk-web/juminkanja/S2430/initialize?prefCd=34&kikanCd=2340735770&kikanKbn=2", "url2": null, "内容": "スリム＆ダイエットクリニック福山【2:診療所】【診療科目:内科】広島県福山市引野町１－２５－１４－１" }, "geometry": { "type": "Point", "coordinates": [ 133.409015, 34.497554 ] } },
{ "type": "Feature", "properties": { "ID": 3422340736230, "正式名称": "ゆきレディースクリニック段原", "機関区分": 2, "都道府県コード": 34, "市区町村コード": 103, "所在地": "広島県広島市南区段原南１－３－５３イーストビル２Ｆ", "緯度": 34.385789, "経度": 132.476091, "url": "https://www.iryou.teikyouseido.mhlw.go.jp/znk-web/juminkanja/S2430/initialize?prefCd=34&kikanCd=2340736230&kikanKbn=2", "url2": "https://yuki-ladies-clinic.com/", "内容": "ゆきレディースクリニック段原【2:診療所】【診療科目:婦人科】広島県広島市南区段原南１－３－５３イーストビル２Ｆ" }, "geometry": { "type": "Point", "coordinates": [ 132.476091, 34.385789 ] } },
{ "type": "Feature", "properties": { "ID": 3422340737530, "正式名称": "びんご整形外科クリニック", "機関区分": 2, "都道府県コード": 34, "市区町村コード": 207, "所在地": "広島県福山市松永町五丁目２０番５号", "緯度": 34.445488, "経度": 133.260727, "url": "https://www.iryou.teikyouseido.mhlw.go.jp/znk-web/juminkanja/S2430/initialize?prefCd=34&kikanCd=2340737530&kikanKbn=2", "url2": "https://bingo-seikei.com/", "内容": "びんご整形外科クリニック【2:診療所】【診療科目:ペインクリニック内科_ペインクリニック外科_整形外科_リハビリテーション科】広島県福山市松永町五丁目２０番５号" }, "geometry": { "type": "Point", "coordinates": [ 133.260727, 34.445488 ] } },
{ "type": "Feature", "properties": { "ID": 3422340737820, "正式名称": "えばら泌尿器科", "機関区分": 2, "都道府県コード": 34, "市区町村コード": 102, "所在地": "広島県広島市東区若草町１１－２グランアークテラス２階", "緯度": 34.398684, "経度": 132.478218, "url": "https://www.iryou.teikyouseido.mhlw.go.jp/znk-web/juminkanja/S2430/initialize?prefCd=34&kikanCd=2340737820&kikanKbn=2", "url2": "https://www.ebara-urology.com/", "内容": "えばら泌尿器科【2:診療所】【診療科目:泌尿器科】広島県広島市東区若草町１１－２グランアークテラス２階" }, "geometry": { "type": "Point", "coordinates": [ 132.478218, 34.398684 ] } },
{ "type": "Feature", "properties": { "ID": 3422340737950, "正式名称": "うじな整形外科スポーツ・リハビリクリニック", "機関区分": 2, "都道府県コード": 34, "市区町村コード": 103, "所在地": "広島県広島市南区宇品西３丁目４－３３", "緯度": 34.361851, "経度": 132.459498, "url": "https://www.iryou.teikyouseido.mhlw.go.jp/znk-web/juminkanja/S2430/initialize?prefCd=34&kikanCd=2340737950&kikanKbn=2", "url2": "https://ujina-seikei.jp", "内容": "うじな整形外科スポーツ・リハビリクリニック【2:診療所】【診療科目:整形外科_リハビリテーション科】広島県広島市南区宇品西３丁目４－３３" }, "geometry": { "type": "Point", "coordinates": [ 132.459498, 34.361851 ] } },
{ "type": "Feature", "properties": { "ID": 3422340738250, "正式名称": "医療法人あかり会　おりづるクリニック", "機関区分": 2, "都道府県コード": 34, "市区町村コード": 101, "所在地": "広島県広島市中区十日市町一丁目５番１８号　十日市レスト１階", "緯度": 34.39645, "経度": 132.447951, "url": "https://www.iryou.teikyouseido.mhlw.go.jp/znk-web/juminkanja/S2430/initialize?prefCd=34&kikanCd=2340738250&kikanKbn=2", "url2": null, "内容": "医療法人あかり会　おりづるクリニック【2:診療所】【診療科目:内科】広島県広島市中区十日市町一丁目５番１８号　十日市レスト１階" }, "geometry": { "type": "Point", "coordinates": [ 132.447951, 34.39645 ] } },
{ "type": "Feature", "properties": { "ID": 3422340738380, "正式名称": "ひろしま内視鏡内科クリニック", "機関区分": 2, "都道府県コード": 34, "市区町村コード": 103, "所在地": "広島県広島市南区松原町９－１エールエールＡ館７階", "緯度": 34.39648, "経度": 132.473785, "url": "https://www.iryou.teikyouseido.mhlw.go.jp/znk-web/juminkanja/S2430/initialize?prefCd=34&kikanCd=2340738380&kikanKbn=2", "url2": null, "内容": "ひろしま内視鏡内科クリニック【2:診療所】【診療科目:内科_消化器内科_胃腸内科_内視鏡内科】広島県広島市南区松原町９－１エールエールＡ館７階" }, "geometry": { "type": "Point", "coordinates": [ 132.473785, 34.39648 ] } },
{ "type": "Feature", "properties": { "ID": 3422340739550, "正式名称": "地域密着型特別養護老人ホームリーフ服部　医務室", "機関区分": 2, "都道府県コード": 34, "市区町村コード": 207, "所在地": "広島県福山市駅家町助元６５番地１", "緯度": 34.583504, "経度": 133.31052, "url": "https://www.iryou.teikyouseido.mhlw.go.jp/znk-web/juminkanja/S2430/initialize?prefCd=34&kikanCd=2340739550&kikanKbn=2", "url2": null, "内容": "地域密着型特別養護老人ホームリーフ服部　医務室【2:診療所】【診療科目:内科、外科等】広島県福山市駅家町助元６５番地１" }, "geometry": { "type": "Point", "coordinates": [ 133.31052, 34.583504 ] } },
{ "type": "Feature", "properties": { "ID": 3422340739710, "正式名称": "どい医院", "機関区分": 2, "都道府県コード": 34, "市区町村コード": 102, "所在地": "広島県広島市東区戸坂大上４丁目１５－２６", "緯度": 34.42409, "経度": 132.497251, "url": "https://www.iryou.teikyouseido.mhlw.go.jp/znk-web/juminkanja/S2430/initialize?prefCd=34&kikanCd=2340739710&kikanKbn=2", "url2": "https://doiiin.jp", "内容": "どい医院【2:診療所】【診療科目:内科_循環器内科_消化器内科_心療内科】広島県広島市東区戸坂大上４丁目１５－２６" }, "geometry": { "type": "Point", "coordinates": [ 132.497251, 34.42409 ] } },
{ "type": "Feature", "properties": { "ID": 3422340739970, "正式名称": "わき外科日帰り手術クリニック", "機関区分": 2, "都道府県コード": 34, "市区町村コード": 104, "所在地": "広島県広島市西区横川町二丁目７番１９号横川メディカルプラザ６階", "緯度": 34.408778, "経度": 132.448995, "url": "https://www.iryou.teikyouseido.mhlw.go.jp/znk-web/juminkanja/S2430/initialize?prefCd=34&kikanCd=2340739970&kikanKbn=2", "url2": "https://wakigeka.net/", "内容": "わき外科日帰り手術クリニック【2:診療所】【診療科目:外科_血管外科_消化器外科_肛門外科_大腸・肛門外科】広島県広島市西区横川町二丁目７番１９号横川メディカルプラザ６階" }, "geometry": { "type": "Point", "coordinates": [ 132.448995, 34.408778 ] } },
{ "type": "Feature", "properties": { "ID": 3422340740080, "正式名称": "広島ＤＳ内視鏡・日帰り手術クリニック", "機関区分": 2, "都道府県コード": 34, "市区町村コード": 101, "所在地": "広島県広島市中区紙屋町２丁目２－２紙屋町ビル３階", "緯度": 34.394759, "経度": 132.4569359, "url": "https://www.iryou.teikyouseido.mhlw.go.jp/znk-web/juminkanja/S2430/initialize?prefCd=34&kikanCd=2340740080&kikanKbn=2", "url2": "https://www.touge-geka.jp/", "内容": "広島ＤＳ内視鏡・日帰り手術クリニック【2:診療所】【診療科目:消化器内科_胃腸内科_内視鏡内科_外科_肛門外科】広島県広島市中区紙屋町２丁目２－２紙屋町ビル３階" }, "geometry": { "type": "Point", "coordinates": [ 132.4569359, 34.394759 ] } },
{ "type": "Feature", "properties": { "ID": 3422340740820, "正式名称": "はらだ眼科", "機関区分": 2, "都道府県コード": 34, "市区町村コード": 212, "所在地": "広島県東広島市西条町助実１１７２オールファーマシータウン×占部産婦人科２Ｆ", "緯度": 34.424514, "経度": 132.758181, "url": "https://www.iryou.teikyouseido.mhlw.go.jp/znk-web/juminkanja/S2430/initialize?prefCd=34&kikanCd=2340740820&kikanKbn=2", "url2": null, "内容": "はらだ眼科【2:診療所】【診療科目:眼科】広島県東広島市西条町助実１１７２オールファーマシータウン×占部産婦人科２Ｆ" }, "geometry": { "type": "Point", "coordinates": [ 132.758181, 34.424514 ] } },
{ "type": "Feature", "properties": { "ID": 3422340740950, "正式名称": "医療法人おかざき泌尿器科", "機関区分": 2, "都道府県コード": 34, "市区町村コード": 212, "所在地": "広島県東広島市西条町助実１０６３番地１", "緯度": 34.424657, "経度": 132.761853, "url": "https://www.iryou.teikyouseido.mhlw.go.jp/znk-web/juminkanja/S2430/initialize?prefCd=34&kikanCd=2340740950&kikanKbn=2", "url2": null, "内容": "医療法人おかざき泌尿器科【2:診療所】【診療科目:形成外科_泌尿器科】広島県東広島市西条町助実１０６３番地１" }, "geometry": { "type": "Point", "coordinates": [ 132.761853, 34.424657 ] } },
{ "type": "Feature", "properties": { "ID": 3422340741670, "正式名称": "医療法人繁桂会　中川ウェルエイジングクリニック", "機関区分": 2, "都道府県コード": 34, "市区町村コード": 101, "所在地": "広島県広島市中区銀山町１番１１号ＷＡＫＯ稲荷大橋ビル１０階", "緯度": 34.392724, "経度": 132.468583, "url": "https://www.iryou.teikyouseido.mhlw.go.jp/znk-web/juminkanja/S2430/initialize?prefCd=34&kikanCd=2340741670&kikanKbn=2", "url2": "https://wellaging.nakagawa.or.jp/", "内容": "医療法人繁桂会　中川ウェルエイジングクリニック【2:診療所】【診療科目:美容皮膚科】広島県広島市中区銀山町１番１１号ＷＡＫＯ稲荷大橋ビル１０階" }, "geometry": { "type": "Point", "coordinates": [ 132.468583, 34.392724 ] } },
{ "type": "Feature", "properties": { "ID": 3422340741700, "正式名称": "矢野駅前さかもと皮ふ科アレルギー科", "機関区分": 2, "都道府県コード": 34, "市区町村コード": 107, "所在地": "広島県広島市安芸区矢野西４－３－１５プロスパービル２０２", "緯度": 34.352024, "経度": 132.533076, "url": "https://www.iryou.teikyouseido.mhlw.go.jp/znk-web/juminkanja/S2430/initialize?prefCd=34&kikanCd=2340741700&kikanKbn=2", "url2": "https://akira-style.net/sakamoto-hifuka/index.html", "内容": "矢野駅前さかもと皮ふ科アレルギー科【2:診療所】【診療科目:形成外科_皮膚科_美容皮膚科_アレルギー科】広島県広島市安芸区矢野西４－３－１５プロスパービル２０２" }, "geometry": { "type": "Point", "coordinates": [ 132.533076, 34.352024 ] } },
{ "type": "Feature", "properties": { "ID": 3422340742000, "正式名称": "きたむら内科クリニック", "機関区分": 2, "都道府県コード": 34, "市区町村コード": 208, "所在地": "広島県府中市府川町１０８番８", "緯度": 34.569941, "経度": 133.241364, "url": "https://www.iryou.teikyouseido.mhlw.go.jp/znk-web/juminkanja/S2430/initialize?prefCd=34&kikanCd=2340742000&kikanKbn=2", "url2": null, "内容": "きたむら内科クリニック【2:診療所】【診療科目:内科_呼吸器内科】広島県府中市府川町１０８番８" }, "geometry": { "type": "Point", "coordinates": [ 133.241364, 34.569941 ] } },
{ "type": "Feature", "properties": { "ID": 3422340742420, "正式名称": "湘南ＡＧＡクリニック広島院", "機関区分": 2, "都道府県コード": 34, "市区町村コード": 101, "所在地": "広島県広島市中区大手町１－５ー２　マリーベル６階", "緯度": 34.394153, "経度": 132.455799, "url": "https://www.iryou.teikyouseido.mhlw.go.jp/znk-web/juminkanja/S2430/initialize?prefCd=34&kikanCd=2340742420&kikanKbn=2", "url2": "https://www.sbc-aga.jp/clinic/branch/agahiroshima/", "内容": "湘南ＡＧＡクリニック広島院【2:診療所】【診療科目:美容皮膚科】広島県広島市中区大手町１－５ー２　マリーベル６階" }, "geometry": { "type": "Point", "coordinates": [ 132.455799, 34.394153 ] } },
{ "type": "Feature", "properties": { "ID": 3422340743140, "正式名称": "さくらの木ファミリークリニック", "機関区分": 2, "都道府県コード": 34, "市区町村コード": 104, "所在地": "広島県広島市西区福島町２丁目２４－２７－２", "緯度": 34.392617, "経度": 132.430927, "url": "https://www.iryou.teikyouseido.mhlw.go.jp/znk-web/juminkanja/S2430/initialize?prefCd=34&kikanCd=2340743140&kikanKbn=2", "url2": "https://sakura-family-clinic.com/", "内容": "さくらの木ファミリークリニック【2:診療所】【診療科目:内科_小児科_精神科】広島県広島市西区福島町２丁目２４－２７－２" }, "geometry": { "type": "Point", "coordinates": [ 132.430927, 34.392617 ] } },
{ "type": "Feature", "properties": { "ID": 3422340743270, "正式名称": "さだひで腎・泌尿器科クリニック", "機関区分": 2, "都道府県コード": 34, "市区町村コード": 105, "所在地": "広島県広島市安佐南区山本１－９－２６クリニックモール祇園２Ｆ", "緯度": 34.435253, "経度": 132.457867, "url": "https://www.iryou.teikyouseido.mhlw.go.jp/znk-web/juminkanja/S2430/initialize?prefCd=34&kikanCd=2340743270&kikanKbn=2", "url2": null, "内容": "さだひで腎・泌尿器科クリニック【2:診療所】【診療科目:泌尿器科_男性泌尿器科_腎臓・泌尿器科】広島県広島市安佐南区山本１－９－２６クリニックモール祇園２Ｆ" }, "geometry": { "type": "Point", "coordinates": [ 132.457867, 34.435253 ] } },
{ "type": "Feature", "properties": { "ID": 3422340744570, "正式名称": "しんがい内科・循環器内科　沼南クリニック", "機関区分": 2, "都道府県コード": 34, "市区町村コード": 207, "所在地": "広島県福山市新涯町六丁目１１番６号", "緯度": 34.456294, "経度": 133.398073, "url": "https://www.iryou.teikyouseido.mhlw.go.jp/znk-web/juminkanja/S2430/initialize?prefCd=34&kikanCd=2340744570&kikanKbn=2", "url2": "https://shingai-med.jp/", "内容": "しんがい内科・循環器内科　沼南クリニック【2:診療所】【診療科目:内科_循環器内科】広島県福山市新涯町六丁目１１番６号" }, "geometry": { "type": "Point", "coordinates": [ 133.398073, 34.456294 ] } },
{ "type": "Feature", "properties": { "ID": 3422340744860, "正式名称": "こどもウェルビーイングクリニックこころの小枝", "機関区分": 2, "都道府県コード": 34, "市区町村コード": 101, "所在地": "広島県広島市中区幟町８－２０井原ビル２０３", "緯度": 34.394611, "経度": 132.466935, "url": "https://www.iryou.teikyouseido.mhlw.go.jp/znk-web/juminkanja/S2430/initialize?prefCd=34&kikanCd=2340744860&kikanKbn=2", "url2": "https://kokoro-no-koeda.com", "内容": "こどもウェルビーイングクリニックこころの小枝【2:診療所】【診療科目:児童精神科_精神科_心療内科】広島県広島市中区幟町８－２０井原ビル２０３" }, "geometry": { "type": "Point", "coordinates": [ 132.466935, 34.394611 ] } },
{ "type": "Feature", "properties": { "ID": 3422340745290, "正式名称": "医療法人　宇品神田クリニック", "機関区分": 2, "都道府県コード": 34, "市区町村コード": 103, "所在地": "広島県広島市南区宇品御幸二丁目１－９", "緯度": 34.366401, "経度": 132.464307, "url": "https://www.iryou.teikyouseido.mhlw.go.jp/znk-web/juminkanja/S2430/initialize?prefCd=34&kikanCd=2340745290&kikanKbn=2", "url2": "https://www.ujinakanda-cl.com/", "内容": "医療法人　宇品神田クリニック【2:診療所】【診療科目:精神科_心療内科】広島県広島市南区宇品御幸二丁目１－９" }, "geometry": { "type": "Point", "coordinates": [ 132.464307, 34.366401 ] } },
{ "type": "Feature", "properties": { "ID": 3422340747340, "正式名称": "ファミリークリニック広島中央", "機関区分": 2, "都道府県コード": 34, "市区町村コード": 101, "所在地": "広島県広島市中区幟町１４ー１４広島教販ビル５階", "緯度": 34.393544, "経度": 132.466382, "url": "https://www.iryou.teikyouseido.mhlw.go.jp/znk-web/juminkanja/S2430/initialize?prefCd=34&kikanCd=2340747340&kikanKbn=2", "url2": "https://shusikai-group.jp/", "内容": "ファミリークリニック広島中央【2:診療所】【診療科目:内科_緩和ケア内科_整形外科_皮膚科_精神科】広島県広島市中区幟町１４ー１４広島教販ビル５階" }, "geometry": { "type": "Point", "coordinates": [ 132.466382, 34.393544 ] } },
{ "type": "Feature", "properties": { "ID": 3422340748220, "正式名称": "広島八丁堀内科・胃腸内視鏡クリニック", "機関区分": 2, "都道府県コード": 34, "市区町村コード": 101, "所在地": "広島県広島市中区八丁堀１１番１９号坪井第２ビル３階", "緯度": 34.39515, "経度": 132.462272, "url": "https://www.iryou.teikyouseido.mhlw.go.jp/znk-web/juminkanja/S2430/initialize?prefCd=34&kikanCd=2340748220&kikanKbn=2", "url2": "https://www.8chobori.clinic/", "内容": "広島八丁堀内科・胃腸内視鏡クリニック【2:診療所】【診療科目:内科_消化器内科_胃腸内科_肝臓内科_内視鏡内科】広島県広島市中区八丁堀１１番１９号坪井第２ビル３階" }, "geometry": { "type": "Point", "coordinates": [ 132.462272, 34.39515 ] } },
{ "type": "Feature", "properties": { "ID": 3422340748480, "正式名称": "腎泌尿器　青空クリニック", "機関区分": 2, "都道府県コード": 34, "市区町村コード": 101, "所在地": "広島県広島市中区八丁堀１番１２号マスキ八丁堀ビル８階", "緯度": 34.397556, "経度": 132.463771, "url": "https://www.iryou.teikyouseido.mhlw.go.jp/znk-web/juminkanja/S2430/initialize?prefCd=34&kikanCd=2340748480&kikanKbn=2", "url2": null, "内容": "腎泌尿器　青空クリニック【2:診療所】【診療科目:腎臓・泌尿器科】広島県広島市中区八丁堀１番１２号マスキ八丁堀ビル８階" }, "geometry": { "type": "Point", "coordinates": [ 132.463771, 34.397556 ] } },
{ "type": "Feature", "properties": { "ID": 3422340748510, "正式名称": "炭田内科・胃腸内科医院", "機関区分": 2, "都道府県コード": 34, "市区町村コード": 104, "所在地": "広島県広島市西区三篠町三丁目５－２０", "緯度": 34.416225, "経度": 132.45531, "url": "https://www.iryou.teikyouseido.mhlw.go.jp/znk-web/juminkanja/S2430/initialize?prefCd=34&kikanCd=2340748510&kikanKbn=2", "url2": "https://www.sumida-hosp.jp", "内容": "炭田内科・胃腸内科医院【2:診療所】【診療科目:内科_循環器内科_消化器内科_胃腸内科_放射線科】広島県広島市西区三篠町三丁目５－２０" }, "geometry": { "type": "Point", "coordinates": [ 132.45531, 34.416225 ] } },
{ "type": "Feature", "properties": { "ID": 3422340748770, "正式名称": "井上クリニック", "機関区分": 2, "都道府県コード": 34, "市区町村コード": 108, "所在地": "広島県広島市佐伯区五日市中央２丁目８－３５", "緯度": 34.369178, "経度": 132.353849, "url": "https://www.iryou.teikyouseido.mhlw.go.jp/znk-web/juminkanja/S2430/initialize?prefCd=34&kikanCd=2340748770&kikanKbn=2", "url2": null, "内容": "井上クリニック【2:診療所】【診療科目:内科_整形外科】広島県広島市佐伯区五日市中央２丁目８－３５" }, "geometry": { "type": "Point", "coordinates": [ 132.353849, 34.369178 ] } },
{ "type": "Feature", "properties": { "ID": 3422340748930, "正式名称": "あおぞら整形外科", "機関区分": 2, "都道府県コード": 34, "市区町村コード": 207, "所在地": "広島県福山市新涯町三丁目２２番２３号", "緯度": 34.460458, "経度": 133.393666, "url": "https://www.iryou.teikyouseido.mhlw.go.jp/znk-web/juminkanja/S2430/initialize?prefCd=34&kikanCd=2340748930&kikanKbn=2", "url2": "https://aozora-osteo.com/", "内容": "あおぞら整形外科【2:診療所】【診療科目:ペインクリニック外科_整形外科_リハビリテーション科】広島県福山市新涯町三丁目２２番２３号" }, "geometry": { "type": "Point", "coordinates": [ 133.393666, 34.460458 ] } },
{ "type": "Feature", "properties": { "ID": 3422340749230, "正式名称": "ノボリ整形外科リハビリクリニック", "機関区分": 2, "都道府県コード": 34, "市区町村コード": 101, "所在地": "広島県広島市中区幟町１３番４号広島マツダビルＢ１Ｆ", "緯度": 34.393646, "経度": 132.466025, "url": "https://www.iryou.teikyouseido.mhlw.go.jp/znk-web/juminkanja/S2430/initialize?prefCd=34&kikanCd=2340749230&kikanKbn=2", "url2": null, "内容": "ノボリ整形外科リハビリクリニック【2:診療所】【診療科目:整形外科_リハビリテーション科】広島県広島市中区幟町１３番４号広島マツダビルＢ１Ｆ" }, "geometry": { "type": "Point", "coordinates": [ 132.466025, 34.393646 ] } },
{ "type": "Feature", "properties": { "ID": 3422340749520, "正式名称": "本通みよしクリニック", "機関区分": 2, "都道府県コード": 34, "市区町村コード": 101, "所在地": "広島県広島市中区本通３－１０－３０２", "緯度": 34.393024, "経度": 132.460154, "url": "https://www.iryou.teikyouseido.mhlw.go.jp/znk-web/juminkanja/S2430/initialize?prefCd=34&kikanCd=2340749520&kikanKbn=2", "url2": "https://hiroshima-hondori-clinic.jp/", "内容": "本通みよしクリニック【2:診療所】【診療科目:内科_外科_小児科_皮膚科_アレルギー科】広島県広島市中区本通３－１０－３０２" }, "geometry": { "type": "Point", "coordinates": [ 132.460154, 34.393024 ] } },
{ "type": "Feature", "properties": { "ID": 3422340749650, "正式名称": "いのくち耳鼻咽喉科クリニック", "機関区分": 2, "都道府県コード": 34, "市区町村コード": 104, "所在地": "広島県広島市西区井口四丁目７番１８－７号井口サンフラワービル３Ｆ３０２", "緯度": 34.370386, "経度": 132.374436, "url": "https://www.iryou.teikyouseido.mhlw.go.jp/znk-web/juminkanja/S2430/initialize?prefCd=34&kikanCd=2340749650&kikanKbn=2", "url2": "https://inokuchi-ent.com/", "内容": "いのくち耳鼻咽喉科クリニック【2:診療所】【診療科目:耳鼻いんこう科】広島県広島市西区井口四丁目７番１８－７号井口サンフラワービル３Ｆ３０２" }, "geometry": { "type": "Point", "coordinates": [ 132.374436, 34.370386 ] } },
{ "type": "Feature", "properties": { "ID": 3422340749780, "正式名称": "こめかみ内科・外科クリニック", "機関区分": 2, "都道府県コード": 34, "市区町村コード": 104, "所在地": "広島県広島市西区庚午北２丁目２２－４高須サンフラワービル２階　２０１", "緯度": 34.389847, "経度": 132.417535, "url": "https://www.iryou.teikyouseido.mhlw.go.jp/znk-web/juminkanja/S2430/initialize?prefCd=34&kikanCd=2340749780&kikanKbn=2", "url2": "https://komekami-clinic.com", "内容": "こめかみ内科・外科クリニック【2:診療所】【診療科目:内科_外科】広島県広島市西区庚午北２丁目２２－４高須サンフラワービル２階　２０１" }, "geometry": { "type": "Point", "coordinates": [ 132.417535, 34.389847 ] } },
{ "type": "Feature", "properties": { "ID": 3422340750180, "正式名称": "みつふじ小児科", "機関区分": 2, "都道府県コード": 34, "市区町村コード": 207, "所在地": "広島県福山市川口町２丁目２２番６号", "緯度": 34.468398, "経度": 133.389983, "url": "https://www.iryou.teikyouseido.mhlw.go.jp/znk-web/juminkanja/S2430/initialize?prefCd=34&kikanCd=2340750180&kikanKbn=2", "url2": "https://mitsufuji-kids.com", "内容": "みつふじ小児科【2:診療所】【診療科目:小児科】広島県福山市川口町２丁目２２番６号" }, "geometry": { "type": "Point", "coordinates": [ 133.389983, 34.468398 ] } },
{ "type": "Feature", "properties": { "ID": 3422340750340, "正式名称": "うした東内科クリニック", "機関区分": 2, "都道府県コード": 34, "市区町村コード": 102, "所在地": "広島県広島市東区牛田東１丁目１－２６花房ビル１階", "緯度": 34.410247, "経度": 132.478418, "url": "https://www.iryou.teikyouseido.mhlw.go.jp/znk-web/juminkanja/S2430/initialize?prefCd=34&kikanCd=2340750340&kikanKbn=2", "url2": "https://www.ushitaeast-clinic.jp/", "内容": "うした東内科クリニック【2:診療所】【診療科目:内科】広島県広島市東区牛田東１丁目１－２６花房ビル１階" }, "geometry": { "type": "Point", "coordinates": [ 132.478418, 34.410247 ] } },
{ "type": "Feature", "properties": { "ID": 3422340750470, "正式名称": "きむら内科クリニック", "機関区分": 2, "都道府県コード": 34, "市区町村コード": 105, "所在地": "広島県広島市安佐南区東原１丁目１－２シーブリーズ東原七番館３Ｆ３０３", "緯度": 34.443765, "経度": 132.479939, "url": "https://www.iryou.teikyouseido.mhlw.go.jp/znk-web/juminkanja/S2430/initialize?prefCd=34&kikanCd=2340750470&kikanKbn=2", "url2": "https://kmclinic.jp/", "内容": "きむら内科クリニック【2:診療所】【診療科目:内科】広島県広島市安佐南区東原１丁目１－２シーブリーズ東原七番館３Ｆ３０３" }, "geometry": { "type": "Point", "coordinates": [ 132.479939, 34.443765 ] } },
{ "type": "Feature", "properties": { "ID": 3422340750500, "正式名称": "たなか整形外科リハビリクリニック", "機関区分": 2, "都道府県コード": 34, "市区町村コード": 104, "所在地": "広島県広島市西区井口４丁目７番１８－７井口サンフラワービル西棟２０２", "緯度": 34.370419, "経度": 132.374441, "url": "https://www.iryou.teikyouseido.mhlw.go.jp/znk-web/juminkanja/S2430/initialize?prefCd=34&kikanCd=2340750500&kikanKbn=2", "url2": "https://tanaka-orthopaedic-rehab.org", "内容": "たなか整形外科リハビリクリニック【2:診療所】【診療科目:整形外科_リハビリテーション科】広島県広島市西区井口４丁目７番１８－７井口サンフラワービル西棟２０２" }, "geometry": { "type": "Point", "coordinates": [ 132.374441, 34.370419 ] } },
{ "type": "Feature", "properties": { "ID": 3422340751060, "正式名称": "みはらこどもクリニック", "機関区分": 2, "都道府県コード": 34, "市区町村コード": 204, "所在地": "広島県三原市宮沖五丁目５番３号", "緯度": 34.39144, "経度": 133.074936, "url": "https://www.iryou.teikyouseido.mhlw.go.jp/znk-web/juminkanja/S2430/initialize?prefCd=34&kikanCd=2340751060&kikanKbn=2", "url2": "https://kihara-kodomo.com/", "内容": "みはらこどもクリニック【2:診療所】【診療科目:小児科_小児眼科_小児耳鼻いんこう科_小児皮膚科_児童精神科_小児泌尿器科_アレルギー科】広島県三原市宮沖五丁目５番３号" }, "geometry": { "type": "Point", "coordinates": [ 133.074936, 34.39144 ] } },
{ "type": "Feature", "properties": { "ID": 3422340751510, "正式名称": "安佐南おなかの内科・内視鏡クリニック", "機関区分": 2, "都道府県コード": 34, "市区町村コード": 105, "所在地": "広島県広島市安佐南区緑井５－２９－１１ＳＵＺＵＫＩビル３階", "緯度": 34.467155, "経度": 132.477081, "url": "https://www.iryou.teikyouseido.mhlw.go.jp/znk-web/juminkanja/S2430/initialize?prefCd=34&kikanCd=2340751510&kikanKbn=2", "url2": "https://onaka-clinic.com/", "内容": "安佐南おなかの内科・内視鏡クリニック【2:診療所】【診療科目:内科_消化器内科】広島県広島市安佐南区緑井５－２９－１１ＳＵＺＵＫＩビル３階" }, "geometry": { "type": "Point", "coordinates": [ 132.477081, 34.467155 ] } },
{ "type": "Feature", "properties": { "ID": 3422340751640, "正式名称": "ゆうひ内科循環器クリニック", "機関区分": 2, "都道府県コード": 34, "市区町村コード": 104, "所在地": "広島県広島市西区三篠町三丁目２２－８レジデンス三篠１Ｆ", "緯度": 34.414524, "経度": 132.453851, "url": "https://www.iryou.teikyouseido.mhlw.go.jp/znk-web/juminkanja/S2430/initialize?prefCd=34&kikanCd=2340751640&kikanKbn=2", "url2": "https://yuhi-clinic.jp/", "内容": "ゆうひ内科循環器クリニック【2:診療所】【診療科目:内科_循環器内科_外科_心臓血管外科_小児科】広島県広島市西区三篠町三丁目２２－８レジデンス三篠１Ｆ" }, "geometry": { "type": "Point", "coordinates": [ 132.453851, 34.414524 ] } },
{ "type": "Feature", "properties": { "ID": 3422340752070, "正式名称": "はつかいちこども心身発達クリニック", "機関区分": 2, "都道府県コード": 34, "市区町村コード": 213, "所在地": "広島県廿日市市平良山手１１番４７号", "緯度": 34.358501, "経度": 132.334533, "url": "https://www.iryou.teikyouseido.mhlw.go.jp/znk-web/juminkanja/S2430/initialize?prefCd=34&kikanCd=2340752070&kikanKbn=2", "url2": "http://www.miyauchi.or.jp/hkc/", "内容": "はつかいちこども心身発達クリニック【2:診療所】【診療科目:児童精神科_児童精神科、小児心療内科、リハビリテーション科_精神科_心療内科_児童精神科、小児心療内科_リハビリテーション科】広島県廿日市市平良山手１１番４７号" }, "geometry": { "type": "Point", "coordinates": [ 132.334533, 34.358501 ] } },
{ "type": "Feature", "properties": { "ID": 3422340752100, "正式名称": "上田内科", "機関区分": 2, "都道府県コード": 34, "市区町村コード": 207, "所在地": "広島県福山市神辺町湯野３７８－１０", "緯度": 34.547203, "経度": 133.381891, "url": "https://www.iryou.teikyouseido.mhlw.go.jp/znk-web/juminkanja/S2430/initialize?prefCd=34&kikanCd=2340752100&kikanKbn=2", "url2": "http://www.fukayasu.hiroshima.med.or.jp/htmls/meibo/ueda.htm", "内容": "上田内科【2:診療所】【診療科目:内科_糖尿病内科_呼吸器内科_循環器内科_消化器内科】広島県福山市神辺町湯野３７８－１０" }, "geometry": { "type": "Point", "coordinates": [ 133.381891, 34.547203 ] } },
{ "type": "Feature", "properties": { "ID": 3422340752230, "正式名称": "井上内科皮膚科クリニック　福山天満屋", "機関区分": 2, "都道府県コード": 34, "市区町村コード": 207, "所在地": "広島県福山市元町１番１号　８階", "緯度": 34.487664, "経度": 133.364007, "url": "https://www.iryou.teikyouseido.mhlw.go.jp/znk-web/juminkanja/S2430/initialize?prefCd=34&kikanCd=2340752230&kikanKbn=2", "url2": null, "内容": "井上内科皮膚科クリニック　福山天満屋【2:診療所】【診療科目:内科_皮膚科】広島県福山市元町１番１号　８階" }, "geometry": { "type": "Point", "coordinates": [ 133.364007, 34.487664 ] } },
{ "type": "Feature", "properties": { "ID": 3422340754090, "正式名称": "神石のたまご産婦人科", "機関区分": 2, "都道府県コード": 34, "市区町村コード": 545, "所在地": "広島県神石郡神石高原町坂瀬川５１４６番地１８", "緯度": 34.675998, "経度": 133.300724, "url": "https://www.iryou.teikyouseido.mhlw.go.jp/znk-web/juminkanja/S2430/initialize?prefCd=34&kikanCd=2340754090&kikanKbn=2", "url2": "https://maps.app.goo.gl/yBZ7C5dVGzo55y1q8", "内容": "神石のたまご産婦人科【2:診療所】【診療科目:小児科_産婦人科】広島県神石郡神石高原町坂瀬川５１４６番地１８" }, "geometry": { "type": "Point", "coordinates": [ 133.300724, 34.675998 ] } },
{ "type": "Feature", "properties": { "ID": 3422340755260, "正式名称": "平和記念公園鼻専門クリニック", "機関区分": 2, "都道府県コード": 34, "市区町村コード": 101, "所在地": "広島県広島市中区紙屋町２丁目２番６号　７・８階", "緯度": 34.394296, "経度": 132.456838, "url": "https://www.iryou.teikyouseido.mhlw.go.jp/znk-web/juminkanja/S2430/initialize?prefCd=34&kikanCd=2340755260&kikanKbn=2", "url2": null, "内容": "平和記念公園鼻専門クリニック【2:診療所】【診療科目:耳鼻いんこう科】広島県広島市中区紙屋町２丁目２番６号　７・８階" }, "geometry": { "type": "Point", "coordinates": [ 132.456838, 34.394296 ] } },
{ "type": "Feature", "properties": { "ID": 3422340756720, "正式名称": "てんた内科クリニック", "機関区分": 2, "都道府県コード": 34, "市区町村コード": 108, "所在地": "広島県広島市佐伯区海老園１－３－２１", "緯度": 34.364038, "経度": 132.357394, "url": "https://www.iryou.teikyouseido.mhlw.go.jp/znk-web/juminkanja/S2430/initialize?prefCd=34&kikanCd=2340756720&kikanKbn=2", "url2": "https://tenta-naika.com/", "内容": "てんた内科クリニック【2:診療所】【診療科目:内分泌内科_糖尿病・代謝内科】広島県広島市佐伯区海老園１－３－２１" }, "geometry": { "type": "Point", "coordinates": [ 132.357394, 34.364038 ] } },
{ "type": "Feature", "properties": { "ID": 3422340756980, "正式名称": "しおで循環器内科クリニック", "機関区分": 2, "都道府県コード": 34, "市区町村コード": 101, "所在地": "広島県広島市中区幟町１３－４広島マツダビル２階", "緯度": 34.393646, "経度": 132.466025, "url": "https://www.iryou.teikyouseido.mhlw.go.jp/znk-web/juminkanja/S2430/initialize?prefCd=34&kikanCd=2340756980&kikanKbn=2", "url2": null, "内容": "しおで循環器内科クリニック【2:診療所】【診療科目:内科_糖尿病内科_内分泌内科_脂質代謝内科_糖尿病・内分泌内科_脳神経内科_呼吸器内科_心臓内科_心臓血管内科_胃腸内科_腎臓内科】広島県広島市中区幟町１３－４広島マツダビル２階" }, "geometry": { "type": "Point", "coordinates": [ 132.466025, 34.393646 ] } },
{ "type": "Feature", "properties": { "ID": 3422340758290, "正式名称": "いしうちファミリークリニック", "機関区分": 2, "都道府県コード": 34, "市区町村コード": 108, "所在地": "広島県広島市佐伯区五日市町大字石内６７８２－１", "緯度": 34.406076, "経度": 132.371875, "url": "https://www.iryou.teikyouseido.mhlw.go.jp/znk-web/juminkanja/S2430/initialize?prefCd=34&kikanCd=2340758290&kikanKbn=2", "url2": "https://ishiuchi-family-clinic.com/", "内容": "いしうちファミリークリニック【2:診療所】【診療科目:内科_外科_小児科】広島県広島市佐伯区五日市町大字石内６７８２－１" }, "geometry": { "type": "Point", "coordinates": [ 132.371875, 34.406076 ] } },
{ "type": "Feature", "properties": { "ID": 3422340758320, "正式名称": "あべとも内科消化器クリニック", "機関区分": 2, "都道府県コード": 34, "市区町村コード": 105, "所在地": "広島県広島市安佐南区伴東七丁目６４番１５号", "緯度": 34.462456, "経度": 132.410355, "url": "https://www.iryou.teikyouseido.mhlw.go.jp/znk-web/juminkanja/S2430/initialize?prefCd=34&kikanCd=2340758320&kikanKbn=2", "url2": "https://abetomo.com/", "内容": "あべとも内科消化器クリニック【2:診療所】【診療科目:内科_消化器内科_乳腺外科】広島県広島市安佐南区伴東七丁目６４番１５号" }, "geometry": { "type": "Point", "coordinates": [ 132.410355, 34.462456 ] } },
{ "type": "Feature", "properties": { "ID": 3422340759880, "正式名称": "医療法人社団恵正会さこぐち脳神経外科クリニック", "機関区分": 2, "都道府県コード": 34, "市区町村コード": 106, "所在地": "広島県広島市安佐北区落合五丁目２４番８号", "緯度": 34.477068, "経度": 132.519273, "url": "https://www.iryou.teikyouseido.mhlw.go.jp/znk-web/juminkanja/S2430/initialize?prefCd=34&kikanCd=2340759880&kikanKbn=2", "url2": "https://keiseikai-nmn.net/wp3/sakoguchi/", "内容": "医療法人社団恵正会さこぐち脳神経外科クリニック【2:診療所】【診療科目:脳神経外科】広島県広島市安佐北区落合五丁目２４番８号" }, "geometry": { "type": "Point", "coordinates": [ 132.519273, 34.477068 ] } },
{ "type": "Feature", "properties": { "ID": 3422340761870, "正式名称": "すまクリニック", "機関区分": 2, "都道府県コード": 34, "市区町村コード": 213, "所在地": "広島県廿日市市宮内４４８１－８", "緯度": 34.345226, "経度": 132.305957, "url": "https://www.iryou.teikyouseido.mhlw.go.jp/znk-web/juminkanja/S2430/initialize?prefCd=34&kikanCd=2340761870&kikanKbn=2", "url2": "https://sumaclinic.jp", "内容": "すまクリニック【2:診療所】【診療科目:内科_リウマチ科】広島県廿日市市宮内４４８１－８" }, "geometry": { "type": "Point", "coordinates": [ 132.305957, 34.345226 ] } },
{ "type": "Feature", "properties": { "ID": 3422340761900, "正式名称": "神人クリニック", "機関区分": 2, "都道府県コード": 34, "市区町村コード": 102, "所在地": "広島県広島市東区若草町９番１２－４０１号", "緯度": 34.397303, "経度": 132.480585, "url": "https://www.iryou.teikyouseido.mhlw.go.jp/znk-web/juminkanja/S2430/initialize?prefCd=34&kikanCd=2340761900&kikanKbn=2", "url2": "https://e-tomu.com", "内容": "神人クリニック【2:診療所】【診療科目:内科_精神科_心療内科】広島県広島市東区若草町９番１２－４０１号" }, "geometry": { "type": "Point", "coordinates": [ 132.480585, 34.397303 ] } },
{ "type": "Feature", "properties": { "ID": 3422340763630, "正式名称": "あをうめクリニック", "機関区分": 2, "都道府県コード": 34, "市区町村コード": 207, "所在地": "広島県福山市野上町三丁目１番２９号", "緯度": 34.477314, "経度": 133.364687, "url": "https://www.iryou.teikyouseido.mhlw.go.jp/znk-web/juminkanja/S2430/initialize?prefCd=34&kikanCd=2340763630&kikanKbn=2", "url2": "http://www.aoume-cl.com", "内容": "あをうめクリニック【2:診療所】【診療科目:内科_精神科_心療内科】広島県福山市野上町三丁目１番２９号" }, "geometry": { "type": "Point", "coordinates": [ 133.364687, 34.477314 ] } },
{ "type": "Feature", "properties": { "ID": 3422340767700, "正式名称": "福木中央クリニック", "機関区分": 2, "都道府県コード": 34, "市区町村コード": 102, "所在地": "広島県広島市東区馬木４丁目１７０５番", "緯度": 34.440332, "経度": 132.531843, "url": "https://www.iryou.teikyouseido.mhlw.go.jp/znk-web/juminkanja/S2430/initialize?prefCd=34&kikanCd=2340767700&kikanKbn=2", "url2": "https://fukukicc.com", "内容": "福木中央クリニック【2:診療所】【診療科目:内科_循環器内科_心臓内科】広島県広島市東区馬木４丁目１７０５番" }, "geometry": { "type": "Point", "coordinates": [ 132.531843, 34.440332 ] } }
]
}
