{
"type": "FeatureCollection",
"name": "geo_34_1",
"crs": { "type": "name", "properties": { "name": "urn:ogc:def:crs:OGC:1.3:CRS84" } },
"features": [
{ "type": "Feature", "properties": { "ID": 3411340000240, "正式名称": "広島第一病院", "機関区分": 1, "都道府県コード": 34, "市区町村コード": 102, "所在地": "広島県広島市東区戸坂南２－９－１５", "緯度": 34.423022, "経度": 132.493283, "url": "https://www.iryou.teikyouseido.mhlw.go.jp/znk-web/juminkanja/S2430/initialize?prefCd=34&kikanCd=1340000240&kikanKbn=1", "url2": "http://www.wafukai.jp", "内容": "広島第一病院【1:病院】【診療科目:内科_精神科_心療内科】【一般病床数:0療養病床数:0精神病床数:200感染症病床数:0合計病床数:200】広島県広島市東区戸坂南２－９－１５" }, "geometry": { "type": "Point", "coordinates": [ 132.493283, 34.423022 ] } },
{ "type": "Feature", "properties": { "ID": 3411340000370, "正式名称": "医療法人翠星会　松田病院", "機関区分": 1, "都道府県コード": 34, "市区町村コード": 103, "所在地": "広島県広島市南区翠４－１３－７", "緯度": 34.368291, "経度": 132.473318, "url": "https://www.iryou.teikyouseido.mhlw.go.jp/znk-web/juminkanja/S2430/initialize?prefCd=34&kikanCd=1340000370&kikanKbn=1", "url2": "https://www.matsuda4137.or.jp/", "内容": "医療法人翠星会　松田病院【1:病院】【診療科目:児童精神科_精神科】【一般病床数:0療養病床数:0精神病床数:110感染症病床数:0合計病床数:110】広島県広島市南区翠４－１３－７" }, "geometry": { "type": "Point", "coordinates": [ 132.473318, 34.368291 ] } },
{ "type": "Feature", "properties": { "ID": 3411340000400, "正式名称": "呉みどりヶ丘病院", "機関区分": 1, "都道府県コード": 34, "市区町村コード": 202, "所在地": "広島県呉市阿賀北１－１５－４５", "緯度": 34.254972, "経度": 132.592758, "url": "https://www.iryou.teikyouseido.mhlw.go.jp/znk-web/juminkanja/S2430/initialize?prefCd=34&kikanCd=1340000400&kikanKbn=1", "url2": "http://kuremidorigaoka.com/", "内容": "呉みどりヶ丘病院【1:病院】【診療科目:内科_消化器内科_精神科_心療内科_歯科_放射線科】【一般病床数:0療養病床数:0精神病床数:275感染症病床数:0合計病床数:275】広島県呉市阿賀北１－１５－４５" }, "geometry": { "type": "Point", "coordinates": [ 132.592758, 34.254972 ] } },
{ "type": "Feature", "properties": { "ID": 3411340000530, "正式名称": "医療法人緑風会　ほうゆう病院", "機関区分": 1, "都道府県コード": 34, "市区町村コード": 202, "所在地": "広島県呉市阿賀北１－１４ー１５", "緯度": 34.254194, "経度": 132.592341, "url": "https://www.iryou.teikyouseido.mhlw.go.jp/znk-web/juminkanja/S2430/initialize?prefCd=34&kikanCd=1340000530&kikanKbn=1", "url2": "https://hoyu-hp.com", "内容": "医療法人緑風会　ほうゆう病院【1:病院】【診療科目:内科_精神科_心療内科_歯科】【一般病床数:0療養病床数:0精神病床数:323感染症病床数:0合計病床数:323】広島県呉市阿賀北１－１４ー１５" }, "geometry": { "type": "Point", "coordinates": [ 132.592341, 34.254194 ] } },
{ "type": "Feature", "properties": { "ID": 3411340000790, "正式名称": "医療法人社団生和会　呉やけやま病院", "機関区分": 1, "都道府県コード": 34, "市区町村コード": 202, "所在地": "広島県呉市焼山南１－８－２３", "緯度": 34.287718, "経度": 132.571786, "url": "https://www.iryou.teikyouseido.mhlw.go.jp/znk-web/juminkanja/S2430/initialize?prefCd=34&kikanCd=1340000790&kikanKbn=1", "url2": "http://www.kureyakeyama-mh.jp/", "内容": "医療法人社団生和会　呉やけやま病院【1:病院】【診療科目:内科_精神科_心療内科_リハビリテーション科】【一般病床数:0療養病床数:0精神病床数:184感染症病床数:0合計病床数:184】広島県呉市焼山南１－８－２３" }, "geometry": { "type": "Point", "coordinates": [ 132.571786, 34.287718 ] } },
{ "type": "Feature", "properties": { "ID": 3411340000820, "正式名称": "府中みくまり病院", "機関区分": 1, "都道府県コード": 34, "市区町村コード": 302, "所在地": "広島県安芸郡府中町みくまり３－１－１１", "緯度": 34.406454, "経度": 132.517062, "url": "https://www.iryou.teikyouseido.mhlw.go.jp/znk-web/juminkanja/S2430/initialize?prefCd=34&kikanCd=1340000820&kikanKbn=1", "url2": "https://www.fuchu-mikumari.or.jp", "内容": "府中みくまり病院【1:病院】【診療科目:内科_神経内科_精神科_心療内科_歯科】【一般病床数:0療養病床数:0精神病床数:317感染症病床数:0合計病床数:317】広島県安芸郡府中町みくまり３－１－１１" }, "geometry": { "type": "Point", "coordinates": [ 132.517062, 34.406454 ] } },
{ "type": "Feature", "properties": { "ID": 3411340000950, "正式名称": "医療法人せのがわ　瀬野川病院", "機関区分": 1, "都道府県コード": 34, "市区町村コード": 107, "所在地": "広島県広島市安芸区中野東４－１１－１３", "緯度": 34.396957, "経度": 132.578226, "url": "https://www.iryou.teikyouseido.mhlw.go.jp/znk-web/juminkanja/S2430/initialize?prefCd=34&kikanCd=1340000950&kikanKbn=1", "url2": "https://senogawa.jp/", "内容": "医療法人せのがわ　瀬野川病院【1:病院】【診療科目:内科_精神科_心療内科_歯科_放射線科】【一般病床数:0療養病床数:0精神病床数:312感染症病床数:0合計病床数:312】広島県広島市安芸区中野東４－１１－１３" }, "geometry": { "type": "Point", "coordinates": [ 132.578226, 34.396957 ] } },
{ "type": "Feature", "properties": { "ID": 3411340001250, "正式名称": "養神館病院", "機関区分": 1, "都道府県コード": 34, "市区町村コード": 108, "所在地": "広島県広島市佐伯区五日市１－１２－６", "緯度": 34.366011, "経度": 132.357633, "url": "https://www.iryou.teikyouseido.mhlw.go.jp/znk-web/juminkanja/S2430/initialize?prefCd=34&kikanCd=1340001250&kikanKbn=1", "url2": "https://www.youshinkan-hosp.com/", "内容": "養神館病院【1:病院】【診療科目:精神科】【一般病床数:0療養病床数:0精神病床数:218感染症病床数:0合計病床数:218】広島県広島市佐伯区五日市１－１２－６" }, "geometry": { "type": "Point", "coordinates": [ 132.357633, 34.366011 ] } },
{ "type": "Feature", "properties": { "ID": 3411340001380, "正式名称": "医療法人社団恵愛会　安佐病院", "機関区分": 1, "都道府県コード": 34, "市区町村コード": 105, "所在地": "広島県広島市安佐南区八木５－１５－１", "緯度": 34.483814, "経度": 132.502285, "url": "https://www.iryou.teikyouseido.mhlw.go.jp/znk-web/juminkanja/S2430/initialize?prefCd=34&kikanCd=1340001380&kikanKbn=1", "url2": "http://www.keiaikai-asa.com", "内容": "医療法人社団恵愛会　安佐病院【1:病院】【診療科目:精神科_心療内科】【一般病床数:0療養病床数:0精神病床数:376感染症病床数:0合計病床数:376】広島県広島市安佐南区八木５－１５－１" }, "geometry": { "type": "Point", "coordinates": [ 132.502285, 34.483814 ] } },
{ "type": "Feature", "properties": { "ID": 3411340001700, "正式名称": "医療法人社団恵宣会　竹原病院", "機関区分": 1, "都道府県コード": 34, "市区町村コード": 203, "所在地": "広島県竹原市下野町６５０", "緯度": 34.354828, "経度": 132.897894, "url": "https://www.iryou.teikyouseido.mhlw.go.jp/znk-web/juminkanja/S2430/initialize?prefCd=34&kikanCd=1340001700&kikanKbn=1", "url2": "http://www.keisenkai-gr.jp", "内容": "医療法人社団恵宣会　竹原病院【1:病院】【診療科目:内科_精神科_神経科】【一般病床数:0療養病床数:0精神病床数:192感染症病床数:0合計病床数:192】広島県竹原市下野町６５０" }, "geometry": { "type": "Point", "coordinates": [ 132.897894, 34.354828 ] } },
{ "type": "Feature", "properties": { "ID": 3411340001960, "正式名称": "医療法人仁康会　小泉病院", "機関区分": 1, "都道府県コード": 34, "市区町村コード": 204, "所在地": "広島県三原市小泉町４２４５", "緯度": 34.369605, "経度": 132.983775, "url": "https://www.iryou.teikyouseido.mhlw.go.jp/znk-web/juminkanja/S2430/initialize?prefCd=34&kikanCd=1340001960&kikanKbn=1", "url2": "http://www.jinkokai.jp/koizumi-hp/", "内容": "医療法人仁康会　小泉病院【1:病院】【診療科目:内科_児童精神科_精神科_心療内科_歯科_麻酔科】【一般病床数:0療養病床数:0精神病床数:392感染症病床数:0合計病床数:392】広島県三原市小泉町４２４５" }, "geometry": { "type": "Point", "coordinates": [ 132.983775, 34.369605 ] } },
{ "type": "Feature", "properties": { "ID": 3411340002000, "正式名称": "医療法人大慈会　三原病院", "機関区分": 1, "都道府県コード": 34, "市区町村コード": 204, "所在地": "広島県三原市中之町６－３１－１", "緯度": 34.427379, "経度": 133.110429, "url": "https://www.iryou.teikyouseido.mhlw.go.jp/znk-web/juminkanja/S2430/initialize?prefCd=34&kikanCd=1340002000&kikanKbn=1", "url2": "http://www.miharahp.com", "内容": "医療法人大慈会　三原病院【1:病院】【診療科目:内科_精神科_心療内科】【一般病床数:0療養病床数:0精神病床数:337感染症病床数:0合計病床数:337】広島県三原市中之町６－３１－１" }, "geometry": { "type": "Point", "coordinates": [ 133.110429, 34.427379 ] } },
{ "type": "Feature", "properties": { "ID": 3411340002130, "正式名称": "青山病院", "機関区分": 1, "都道府県コード": 34, "市区町村コード": 205, "所在地": "広島県尾道市栗原東２－２－６９", "緯度": 34.415549, "経度": 133.188784, "url": "https://www.iryou.teikyouseido.mhlw.go.jp/znk-web/juminkanja/S2430/initialize?prefCd=34&kikanCd=1340002130&kikanKbn=1", "url2": "http://aoyama-hospital.or.jp", "内容": "青山病院【1:病院】【診療科目:精神科】【一般病床数:0療養病床数:0精神病床数:120感染症病床数:0合計病床数:120】広島県尾道市栗原東２－２－６９" }, "geometry": { "type": "Point", "coordinates": [ 133.188784, 34.415549 ] } },
{ "type": "Feature", "properties": { "ID": 3411340002260, "正式名称": "医療法人大林会　福山こころの病院", "機関区分": 1, "都道府県コード": 34, "市区町村コード": 207, "所在地": "広島県福山市佐波町５７６－１", "緯度": 34.479989, "経度": 133.338769, "url": "https://www.iryou.teikyouseido.mhlw.go.jp/znk-web/juminkanja/S2430/initialize?prefCd=34&kikanCd=1340002260&kikanKbn=1", "url2": "https://fukuyama-kokoro.com", "内容": "医療法人大林会　福山こころの病院【1:病院】【診療科目:内科_精神科_神経科】【一般病床数:0療養病床数:0精神病床数:254感染症病床数:0合計病床数:254】広島県福山市佐波町５７６－１" }, "geometry": { "type": "Point", "coordinates": [ 133.338769, 34.479989 ] } },
{ "type": "Feature", "properties": { "ID": 3411340002680, "正式名称": "府中市立湯が丘病院", "機関区分": 1, "都道府県コード": 34, "市区町村コード": 208, "所在地": "広島県府中市上下町矢野１００", "緯度": 34.681269, "経度": 133.116639, "url": "https://www.iryou.teikyouseido.mhlw.go.jp/znk-web/juminkanja/S2430/initialize?prefCd=34&kikanCd=1340002680&kikanKbn=1", "url2": "https://yugaoka-byoin.jp/", "内容": "府中市立湯が丘病院【1:病院】【診療科目:精神科】【一般病床数:0療養病床数:0精神病床数:308感染症病床数:0合計病床数:308】広島県府中市上下町矢野１００" }, "geometry": { "type": "Point", "coordinates": [ 133.116639, 34.681269 ] } },
{ "type": "Feature", "properties": { "ID": 3411340002710, "正式名称": "三次病院", "機関区分": 1, "都道府県コード": 34, "市区町村コード": 209, "所在地": "広島県三次市粟屋町１７３１", "緯度": 34.81081, "経度": 132.836831, "url": "https://www.iryou.teikyouseido.mhlw.go.jp/znk-web/juminkanja/S2430/initialize?prefCd=34&kikanCd=1340002710&kikanKbn=1", "url2": "sinwakai340.e-doctor.info", "内容": "三次病院【1:病院】【診療科目:精神科_歯科】【一般病床数:0療養病床数:0精神病床数:235感染症病床数:0合計病床数:235】広島県三次市粟屋町１７３１" }, "geometry": { "type": "Point", "coordinates": [ 132.836831, 34.81081 ] } },
{ "type": "Feature", "properties": { "ID": 3411340002840, "正式名称": "医療法人社団仁和会　児玉病院", "機関区分": 1, "都道府県コード": 34, "市区町村コード": 106, "所在地": "広島県広島市安佐北区可部７－１４－３９", "緯度": 34.523914, "経度": 132.509891, "url": "https://www.iryou.teikyouseido.mhlw.go.jp/znk-web/juminkanja/S2430/initialize?prefCd=34&kikanCd=1340002840&kikanKbn=1", "url2": "http://www.kodamahp.jp/", "内容": "医療法人社団仁和会　児玉病院【1:病院】【診療科目:精神科_心療内科】【一般病床数:0療養病床数:0精神病床数:379感染症病床数:0合計病床数:379】広島県広島市安佐北区可部７－１４－３９" }, "geometry": { "type": "Point", "coordinates": [ 132.509891, 34.523914 ] } },
{ "type": "Feature", "properties": { "ID": 3411340002970, "正式名称": "医療法人社団　二山会　宗近病院", "機関区分": 1, "都道府県コード": 34, "市区町村コード": 212, "所在地": "広島県東広島市西条町御薗宇７０３", "緯度": 34.407208, "経度": 132.74996, "url": "https://www.iryou.teikyouseido.mhlw.go.jp/znk-web/juminkanja/S2430/initialize?prefCd=34&kikanCd=1340002970&kikanKbn=1", "url2": "http://www.youyou.or.jp/", "内容": "医療法人社団　二山会　宗近病院【1:病院】【診療科目:内科_精神科_神経科】【一般病床数:0療養病床数:0精神病床数:216感染症病床数:0合計病床数:216】広島県東広島市西条町御薗宇７０３" }, "geometry": { "type": "Point", "coordinates": [ 132.74996, 34.407208 ] } },
{ "type": "Feature", "properties": { "ID": 3411340003010, "正式名称": "医療法人社団吉田会　吉田病院", "機関区分": 1, "都道府県コード": 34, "市区町村コード": 215, "所在地": "広島県江田島市江田島町津久茂２－６－２", "緯度": 34.248892, "経度": 132.449518, "url": "https://www.iryou.teikyouseido.mhlw.go.jp/znk-web/juminkanja/S2430/initialize?prefCd=34&kikanCd=1340003010&kikanKbn=1", "url2": "https://yoshida-hospital-hp.jp/", "内容": "医療法人社団吉田会　吉田病院【1:病院】【診療科目:内科_精神科_神経科】【一般病床数:0療養病床数:0精神病床数:105感染症病床数:0合計病床数:105】広島県江田島市江田島町津久茂２－６－２" }, "geometry": { "type": "Point", "coordinates": [ 132.449518, 34.248892 ] } },
{ "type": "Feature", "properties": { "ID": 3411340003140, "正式名称": "医療法人社団若葉会　蔵王病院", "機関区分": 1, "都道府県コード": 34, "市区町村コード": 207, "所在地": "広島県福山市南蔵王町６－２３－１", "緯度": 34.498377, "経度": 133.404262, "url": "https://www.iryou.teikyouseido.mhlw.go.jp/znk-web/juminkanja/S2430/initialize?prefCd=34&kikanCd=1340003140&kikanKbn=1", "url2": "http://zaouhp.com/", "内容": "医療法人社団若葉会　蔵王病院【1:病院】【診療科目:内科_精神科】【一般病床数:0療養病床数:0精神病床数:241感染症病床数:0合計病床数:241】広島県福山市南蔵王町６－２３－１" }, "geometry": { "type": "Point", "coordinates": [ 133.404262, 34.498377 ] } },
{ "type": "Feature", "properties": { "ID": 3411340003270, "正式名称": "光の丘病院", "機関区分": 1, "都道府県コード": 34, "市区町村コード": 207, "所在地": "広島県福山市駅家町向永谷３０２", "緯度": 34.531899, "経度": 133.298686, "url": "https://www.iryou.teikyouseido.mhlw.go.jp/znk-web/juminkanja/S2430/initialize?prefCd=34&kikanCd=1340003270&kikanKbn=1", "url2": "http://www.hikarihp.com", "内容": "光の丘病院【1:病院】【診療科目:内科_精神科_神経科_心療内科】【一般病床数:0療養病床数:0精神病床数:175感染症病床数:0合計病床数:175】広島県福山市駅家町向永谷３０２" }, "geometry": { "type": "Point", "coordinates": [ 133.298686, 34.531899 ] } },
{ "type": "Feature", "properties": { "ID": 3411340003300, "正式名称": "医療法人社団共愛会　己斐ケ丘病院", "機関区分": 1, "都道府県コード": 34, "市区町村コード": 104, "所在地": "広島県広島市西区己斐上６－５５４－１", "緯度": 34.427256, "経度": 132.426152, "url": "https://www.iryou.teikyouseido.mhlw.go.jp/znk-web/juminkanja/S2430/initialize?prefCd=34&kikanCd=1340003300&kikanKbn=1", "url2": "http://www.koigaoka.jp", "内容": "医療法人社団共愛会　己斐ケ丘病院【1:病院】【診療科目:精神科_神経科】【一般病床数:0療養病床数:0精神病床数:221感染症病床数:0合計病床数:221】広島県広島市西区己斐上６－５５４－１" }, "geometry": { "type": "Point", "coordinates": [ 132.426152, 34.427256 ] } },
{ "type": "Feature", "properties": { "ID": 3411340003430, "正式名称": "医療法人社団友和会　友和病院", "機関区分": 1, "都道府県コード": 34, "市区町村コード": 213, "所在地": "広島県廿日市市峠５００", "緯度": 34.345178, "経度": 132.217479, "url": "https://www.iryou.teikyouseido.mhlw.go.jp/znk-web/juminkanja/S2430/initialize?prefCd=34&kikanCd=1340003430&kikanKbn=1", "url2": "https://www.yuwa-hosp.com/", "内容": "医療法人社団友和会　友和病院【1:病院】【診療科目:内科_精神科_心療内科_歯科】【一般病床数:0療養病床数:0精神病床数:120感染症病床数:0合計病床数:120】広島県廿日市市峠５００" }, "geometry": { "type": "Point", "coordinates": [ 132.217479, 34.345178 ] } },
{ "type": "Feature", "properties": { "ID": 3411340004570, "正式名称": "広島シーサイド病院", "機関区分": 1, "都道府県コード": 34, "市区町村コード": 103, "所在地": "広島県広島市南区元宇品町２６－２０", "緯度": 34.348571, "経度": 132.459042, "url": "https://www.iryou.teikyouseido.mhlw.go.jp/znk-web/juminkanja/S2430/initialize?prefCd=34&kikanCd=1340004570&kikanKbn=1", "url2": "http://www.ss.wadoukai.jp/", "内容": "広島シーサイド病院【1:病院】【診療科目:内科_脳神経内科_リハビリテーション科_放射線科】【一般病床数:0療養病床数:183精神病床数:0感染症病床数:0合計病床数:183】広島県広島市南区元宇品町２６－２０" }, "geometry": { "type": "Point", "coordinates": [ 132.459042, 34.348571 ] } },
{ "type": "Feature", "properties": { "ID": 3411340005870, "正式名称": "県立二葉の里病院", "機関区分": 1, "都道府県コード": 34, "市区町村コード": 102, "所在地": "広島県広島市東区二葉の里３－１－３６", "緯度": 34.401207, "経度": 132.477049, "url": "https://www.iryou.teikyouseido.mhlw.go.jp/znk-web/juminkanja/S2430/initialize?prefCd=34&kikanCd=1340005870&kikanKbn=1", "url2": "https://futaba.hpho.jp/", "内容": "県立二葉の里病院【1:病院】【診療科目:内科_脳神経内科_呼吸器内科_循環器内科_消化器内科_緩和ケア内科_外科_消化器外科_整形外科_小児科_産婦人科_眼科_耳鼻いんこう科_皮膚科_泌尿器科_精神科_歯科口腔外科_リウマチ科_リハビリテーション科_放射線科_病理診断科_救急科_麻酔科】【一般病床数:269療養病床数:0精神病床数:0感染症病床数:0合計病床数:269】広島県広島市東区二葉の里３－１－３６" }, "geometry": { "type": "Point", "coordinates": [ 132.477049, 34.401207 ] } },
{ "type": "Feature", "properties": { "ID": 3411340005900, "正式名称": "医療法人社団　生和会　広島はくしま病院", "機関区分": 1, "都道府県コード": 34, "市区町村コード": 101, "所在地": "広島県広島市中区東白島町１９－１６", "緯度": 34.403037, "経度": 132.464567, "url": "https://www.iryou.teikyouseido.mhlw.go.jp/znk-web/juminkanja/S2430/initialize?prefCd=34&kikanCd=1340005900&kikanKbn=1", "url2": "https://hiroshimahakushima.wixsite.com/website-1", "内容": "医療法人社団　生和会　広島はくしま病院【1:病院】【診療科目:内科_外科_整形外科_リハビリテーション科_放射線診断科】【一般病床数:110療養病床数:0精神病床数:0感染症病床数:0合計病床数:110】広島県広島市中区東白島町１９－１６" }, "geometry": { "type": "Point", "coordinates": [ 132.464567, 34.403037 ] } },
{ "type": "Feature", "properties": { "ID": 3411340006040, "正式名称": "地方独立行政法人広島市立病院機構　広島市立広島市民病院", "機関区分": 1, "都道府県コード": 34, "市区町村コード": 101, "所在地": "広島県広島市中区基町７－３３", "緯度": 34.397926, "経度": 132.459095, "url": "https://www.iryou.teikyouseido.mhlw.go.jp/znk-web/juminkanja/S2430/initialize?prefCd=34&kikanCd=1340006040&kikanKbn=1", "url2": "http://www.city-hosp.naka.hiroshima.jp/", "内容": "地方独立行政法人広島市立病院機構　広島市立広島市民病院【1:病院】【診療科目:内科_血液内科_糖尿病・内分泌内科_脳神経内科_呼吸器内科_循環器内科_腎臓内科_腫瘍内科_内視鏡内科_総合診療科（改行）緩和ケア科_外科_脳神経外科_呼吸器外科_心臓血管外科_乳腺外科_頭頸部外科_整形外科_形成外科_脳血管内治療科_小児科_小児外科_神経小児科（改行）循環器小児科_産科_婦人科_眼科_耳鼻いんこう科_皮膚科_泌尿器科_精神科_歯科_歯科口腔外科_リウマチ科_リハビリテーション科_放射線診断科_放射線治療科_病理診断科_救急科_麻酔科_膠原病科】【一般病床数:715療養病床数:0精神病床数:28感染症病床数:0合計病床数:743】広島県広島市中区基町７－３３" }, "geometry": { "type": "Point", "coordinates": [ 132.459095, 34.397926 ] } },
{ "type": "Feature", "properties": { "ID": 3411340006170, "正式名称": "広島赤十字・原爆病院", "機関区分": 1, "都道府県コード": 34, "市区町村コード": 101, "所在地": "広島県広島市中区千田町一丁目９－６", "緯度": 34.380928, "経度": 132.454152, "url": "https://www.iryou.teikyouseido.mhlw.go.jp/znk-web/juminkanja/S2430/initialize?prefCd=34&kikanCd=1340006170&kikanKbn=1", "url2": "https://www.hiroshima-med.jrc.or.jp/", "内容": "広島赤十字・原爆病院【1:病院】【診療科目:内科_血液内科_代謝・内分泌内科_脳神経内科_呼吸器内科_循環器内科_消化器内科_腎臓内科_肝臓内科_緩和ケア内科_外科_脳神経外科_呼吸器外科_血管外科_消化器外科_乳腺外科_頭頸部外科_整形外科_形成外科_小児科_小児アレルギー科_産婦人科_眼科_耳鼻いんこう科_皮膚科_泌尿器科_精神科_歯科口腔外科_リウマチ科_リハビリテーション科_放射線診断科_放射線治療科_病理診断科_救急科_麻酔科】【一般病床数:565療養病床数:0精神病床数:0感染症病床数:0合計病床数:565】広島県広島市中区千田町一丁目９－６" }, "geometry": { "type": "Point", "coordinates": [ 132.454152, 34.380928 ] } },
{ "type": "Feature", "properties": { "ID": 3411340006590, "正式名称": "中国電力株式会社　中電病院", "機関区分": 1, "都道府県コード": 34, "市区町村コード": 101, "所在地": "広島県広島市中区大手町３丁目４番２７号", "緯度": 34.388603, "経度": 132.452865, "url": "https://www.iryou.teikyouseido.mhlw.go.jp/znk-web/juminkanja/S2430/initialize?prefCd=34&kikanCd=1340006590&kikanKbn=1", "url2": "https://www.energia.co.jp/hospital/index.html", "内容": "中国電力株式会社　中電病院【1:病院】【診療科目:内科_外科_整形外科_産婦人科_耳鼻いんこう科_皮膚科_泌尿器科_歯科_リハビリテーション科_放射線科_麻酔科】【一般病床数:248療養病床数:0精神病床数:0感染症病床数:0合計病床数:248】広島県広島市中区大手町３丁目４番２７号" }, "geometry": { "type": "Point", "coordinates": [ 132.452865, 34.388603 ] } },
{ "type": "Feature", "properties": { "ID": 3411340006750, "正式名称": "医療法人清泉会　一ノ瀬病院", "機関区分": 1, "都道府県コード": 34, "市区町村コード": 101, "所在地": "広島県広島市中区国泰寺町１丁目５－１１", "緯度": 34.386122, "経度": 132.456013, "url": "https://www.iryou.teikyouseido.mhlw.go.jp/znk-web/juminkanja/S2430/initialize?prefCd=34&kikanCd=1340006750&kikanKbn=1", "url2": "https://www.ichinose-hp.jp", "内容": "医療法人清泉会　一ノ瀬病院【1:病院】【診療科目:脳神経内科_外科_脳神経外科_消化器外科_整形外科_リハビリテーション科_放射線科】【一般病床数:57療養病床数:38精神病床数:0感染症病床数:0合計病床数:95】広島県広島市中区国泰寺町１丁目５－１１" }, "geometry": { "type": "Point", "coordinates": [ 132.456013, 34.386122 ] } },
{ "type": "Feature", "properties": { "ID": 3411340007340, "正式名称": "医療法人三和会　おおうち病院", "機関区分": 1, "都道府県コード": 34, "市区町村コード": 101, "所在地": "広島県広島市中区大手町３－７－１１", "緯度": 34.387622, "経度": 132.45443, "url": "https://www.iryou.teikyouseido.mhlw.go.jp/znk-web/juminkanja/S2430/initialize?prefCd=34&kikanCd=1340007340&kikanKbn=1", "url2": "http://www.ohuchi-hosp.jp", "内容": "医療法人三和会　おおうち病院【1:病院】【診療科目:内科_循環器内科_消化器内科_内視鏡内科_外科_整形外科_リハビリテーション科】【一般病床数:0療養病床数:50精神病床数:0感染症病床数:0合計病床数:50】広島県広島市中区大手町３－７－１１" }, "geometry": { "type": "Point", "coordinates": [ 132.45443, 34.387622 ] } },
{ "type": "Feature", "properties": { "ID": 3411340008930, "正式名称": "槙坪病院", "機関区分": 1, "都道府県コード": 34, "市区町村コード": 102, "所在地": "広島県広島市東区光町１－１４－２", "緯度": 34.398871, "経度": 132.480121, "url": "https://www.iryou.teikyouseido.mhlw.go.jp/znk-web/juminkanja/S2430/initialize?prefCd=34&kikanCd=1340008930&kikanKbn=1", "url2": null, "内容": "槙坪病院【1:病院】【診療科目:内科_循環器内科_神経内科_リハビリテーション科_放射線科】【一般病床数:0療養病床数:215精神病床数:0感染症病床数:0合計病床数:215】広島県広島市東区光町１－１４－２" }, "geometry": { "type": "Point", "coordinates": [ 132.480121, 34.398871 ] } },
{ "type": "Feature", "properties": { "ID": 3411340009100, "正式名称": "地方独立行政法人広島市立病院機構　広島市立舟入市民病院", "機関区分": 1, "都道府県コード": 34, "市区町村コード": 101, "所在地": "広島県広島市中区舟入幸町１４番１１号", "緯度": 34.386045, "経度": 132.439788, "url": "https://www.iryou.teikyouseido.mhlw.go.jp/znk-web/juminkanja/S2430/initialize?prefCd=34&kikanCd=1340009100&kikanKbn=1", "url2": "http://funairi-hospital.jp/", "内容": "地方独立行政法人広島市立病院機構　広島市立舟入市民病院【1:病院】【診療科目:内科_血液内科_呼吸器内科_循環器内科_消化器内科_内視鏡内科_外科_消化器外科_肛門外科_整形外科_小児科_小児外科_眼科_耳鼻いんこう科_皮膚科_精神科_リハビリテーション科_放射線科_麻酔科】【一般病床数:140療養病床数:0精神病床数:0感染症病床数:16合計病床数:156】広島県広島市中区舟入幸町１４番１１号" }, "geometry": { "type": "Point", "coordinates": [ 132.439788, 34.386045 ] } },
{ "type": "Feature", "properties": { "ID": 3411340009230, "正式名称": "国家公務員共済組合連合会　広島記念病院", "機関区分": 1, "都道府県コード": 34, "市区町村コード": 101, "所在地": "広島県広島市中区本川町１－４－３", "緯度": 34.395704, "経度": 132.449541, "url": "https://www.iryou.teikyouseido.mhlw.go.jp/znk-web/juminkanja/S2430/initialize?prefCd=34&kikanCd=1340009230&kikanKbn=1", "url2": "https://hiroshimakinen-hp.kkr.or.jp/", "内容": "国家公務員共済組合連合会　広島記念病院【1:病院】【診療科目:内科_循環器内科_消化器内科_胃腸内科_肝臓内科_内視鏡内科_外科_食道外科_消化器外科_胃腸外科_大腸外科_肝臓外科_肛門外科_腫瘍外科_腹部外科_内視鏡外科_婦人科_眼科_耳鼻いんこう科_皮膚科_泌尿器科_アレルギー科_リハビリテーション科_放射線科_放射線診断科_病理診断科_麻酔科】【一般病床数:200療養病床数:0精神病床数:0感染症病床数:0合計病床数:200】広島県広島市中区本川町１－４－３" }, "geometry": { "type": "Point", "coordinates": [ 132.449541, 34.395704 ] } },
{ "type": "Feature", "properties": { "ID": 3411340009360, "正式名称": "医療法人社団更生会　こころホスピタル草津", "機関区分": 1, "都道府県コード": 34, "市区町村コード": 104, "所在地": "広島県広島市西区草津梅が台１０ー１", "緯度": 34.377874, "経度": 132.393989, "url": "https://www.iryou.teikyouseido.mhlw.go.jp/znk-web/juminkanja/S2430/initialize?prefCd=34&kikanCd=1340009360&kikanKbn=1", "url2": "http://www.kusatsu-hp.jp/", "内容": "医療法人社団更生会　こころホスピタル草津【1:病院】【診療科目:内科_神経内科_精神科_心療内科】【一般病床数:0療養病床数:0精神病床数:429感染症病床数:0合計病床数:429】広島県広島市西区草津梅が台１０ー１" }, "geometry": { "type": "Point", "coordinates": [ 132.393989, 34.377874 ] } },
{ "type": "Feature", "properties": { "ID": 3411340010890, "正式名称": "医療法人社団　正岡産婦人科病院", "機関区分": 1, "都道府県コード": 34, "市区町村コード": 101, "所在地": "広島県広島市中区猫屋町４番６号", "緯度": 34.395204, "経度": 132.448208, "url": "https://www.iryou.teikyouseido.mhlw.go.jp/znk-web/juminkanja/S2430/initialize?prefCd=34&kikanCd=1340010890&kikanKbn=1", "url2": "https://www.masaoka-hp.com/", "内容": "医療法人社団　正岡産婦人科病院【1:病院】【診療科目:小児科_産婦人科】【一般病床数:34療養病床数:0精神病床数:0感染症病床数:0合計病床数:34】広島県広島市中区猫屋町４番６号" }, "geometry": { "type": "Point", "coordinates": [ 132.448208, 34.395204 ] } },
{ "type": "Feature", "properties": { "ID": 3411340011220, "正式名称": "広島大学病院", "機関区分": 1, "都道府県コード": 34, "市区町村コード": 103, "所在地": "広島県広島市南区霞１－２－３", "緯度": 34.379845, "経度": 132.479067, "url": "https://www.iryou.teikyouseido.mhlw.go.jp/znk-web/juminkanja/S2430/initialize?prefCd=34&kikanCd=1340011220&kikanKbn=1", "url2": "https://www.hiroshima-u.ac.jp/hosp/", "内容": "広島大学病院【1:病院】【診療科目:内科_感染症内科_血液内科_糖尿病・内分泌内科_脳神経内科_呼吸器内科_循環器内科_消化器内科_腎臓内科_腫瘍内科_脳神経外科_呼吸器外科_心臓血管外科_消化器外科_乳腺外科_移植外科_整形外科_形成外科_小児科_小児外科_産婦人科_眼科_耳鼻いんこう科_皮膚科_泌尿器科_精神科_歯科_矯正歯科_歯科口腔外科_小児歯科_リウマチ科_リハビリテーション科_放射線診断科_放射線治療科_病理診断科_救急科_麻酔科】【一般病床数:720療養病床数:0精神病床数:20感染症病床数:2合計病床数:742】広島県広島市南区霞１－２－３" }, "geometry": { "type": "Point", "coordinates": [ 132.479067, 34.379845 ] } },
{ "type": "Feature", "properties": { "ID": 3411340011480, "正式名称": "県立広島病院", "機関区分": 1, "都道府県コード": 34, "市区町村コード": 103, "所在地": "広島県広島市南区宇品神田１－５－５４", "緯度": 34.366874, "経度": 132.466707, "url": "https://www.iryou.teikyouseido.mhlw.go.jp/znk-web/juminkanja/S2430/initialize?prefCd=34&kikanCd=1340011480&kikanKbn=1", "url2": "http://www.hph.pref.hiroshima.jp/", "内容": "県立広島病院【1:病院】【診療科目:内科_内分泌内科_脳神経内科_呼吸器内科_循環器内科_消化器内科_腎臓内科_内視鏡内科_ゲノム診療科_脳神経外科_呼吸器外科_心臓血管外科_消化器外科_移植外科_整形外科_形成外科_小児科_小児外科_小児腎臓科_産婦人科_眼科_頭頸部・耳鼻いんこう科_皮膚科_泌尿器科_精神科_歯科_歯科口腔外科_リウマチ科_リハビリテーション科_放射線診断科_放射線治療科_病理診断科_救急科_麻酔科】【一般病床数:657療養病床数:0精神病床数:50感染症病床数:0合計病床数:707】広島県広島市南区宇品神田１－５－５４" }, "geometry": { "type": "Point", "coordinates": [ 132.466707, 34.366874 ] } },
{ "type": "Feature", "properties": { "ID": 3411340011930, "正式名称": "医療法人三渓会　川堀病院", "機関区分": 1, "都道府県コード": 34, "市区町村コード": 103, "所在地": "広島県広島市南区松川町３番８号", "緯度": 34.390233, "経度": 132.471845, "url": "https://www.iryou.teikyouseido.mhlw.go.jp/znk-web/juminkanja/S2430/initialize?prefCd=34&kikanCd=1340011930&kikanKbn=1", "url2": "http://kawahori-hosp.com/", "内容": "医療法人三渓会　川堀病院【1:病院】【診療科目:外科_大腸・肛門外科】【一般病床数:39療養病床数:0精神病床数:0感染症病床数:0合計病床数:39】広島県広島市南区松川町３番８号" }, "geometry": { "type": "Point", "coordinates": [ 132.471845, 34.390233 ] } },
{ "type": "Feature", "properties": { "ID": 3411340012070, "正式名称": "医療法人慈徳会　真田病院", "機関区分": 1, "都道府県コード": 34, "市区町村コード": 103, "所在地": "広島県広島市南区皆実町３－１３－２１", "緯度": 34.374846, "経度": 132.465318, "url": "https://www.iryou.teikyouseido.mhlw.go.jp/znk-web/juminkanja/S2430/initialize?prefCd=34&kikanCd=1340012070&kikanKbn=1", "url2": "www.sanada.or.jp", "内容": "医療法人慈徳会　真田病院【1:病院】【診療科目:内科_外科_整形外科_産婦人科_歯科_リハビリテーション科_麻酔科】【一般病床数:21療養病床数:29精神病床数:0感染症病床数:0合計病床数:50】広島県広島市南区皆実町３－１３－２１" }, "geometry": { "type": "Point", "coordinates": [ 132.465318, 34.374846 ] } },
{ "type": "Feature", "properties": { "ID": 3411340012230, "正式名称": "塩田病院", "機関区分": 1, "都道府県コード": 34, "市区町村コード": 103, "所在地": "広島県広島市南区堀越１－７－３６", "緯度": 34.374485, "経度": 132.512731, "url": "https://www.iryou.teikyouseido.mhlw.go.jp/znk-web/juminkanja/S2430/initialize?prefCd=34&kikanCd=1340012230&kikanKbn=1", "url2": "http://shiota-byoin.byoinnavi.jp", "内容": "塩田病院【1:病院】【診療科目:内科_胃腸内科_外科_整形外科_リハビリテーション科】【一般病床数:0療養病床数:24精神病床数:0感染症病床数:0合計病床数:24】広島県広島市南区堀越１－７－３６" }, "geometry": { "type": "Point", "coordinates": [ 132.512731, 34.374485 ] } },
{ "type": "Feature", "properties": { "ID": 3411340012780, "正式名称": "医療法人健真会　山本整形外科病院", "機関区分": 1, "都道府県コード": 34, "市区町村コード": 103, "所在地": "広島県広島市南区青崎２丁目４番２０号", "緯度": 34.374458, "経度": 132.507509, "url": "https://www.iryou.teikyouseido.mhlw.go.jp/znk-web/juminkanja/S2430/initialize?prefCd=34&kikanCd=1340012780&kikanKbn=1", "url2": "http://www.kensinkai.or.jp", "内容": "医療法人健真会　山本整形外科病院【1:病院】【診療科目:内科_整形外科_リハビリテーション科_麻酔科】【一般病床数:36療養病床数:0精神病床数:0感染症病床数:0合計病床数:36】広島県広島市南区青崎２丁目４番２０号" }, "geometry": { "type": "Point", "coordinates": [ 132.507509, 34.374458 ] } },
{ "type": "Feature", "properties": { "ID": 3411340012940, "正式名称": "独立行政法人労働者健康安全機構　中国労災病院", "機関区分": 1, "都道府県コード": 34, "市区町村コード": 202, "所在地": "広島県呉市広多賀谷１－５－１", "緯度": 34.230503, "経度": 132.614062, "url": "https://www.iryou.teikyouseido.mhlw.go.jp/znk-web/juminkanja/S2430/initialize?prefCd=34&kikanCd=1340012940&kikanKbn=1", "url2": "https://www.chugokuh.johas.go.jp", "内容": "独立行政法人労働者健康安全機構　中国労災病院【1:病院】【診療科目:内科_脳神経内科_呼吸器内科_循環器内科_消化器内科_外科_脳神経外科_呼吸器外科_心臓血管外科_消化器外科_肝臓・胆のう・膵臓外科_乳腺外科_整形外科_小児科_産婦人科_眼科_耳鼻いんこう科_皮膚科_泌尿器科_精神科_歯科口腔外科_リハビリテーション科_放射線診断科_放射線治療科_病理診断科_麻酔科】【一般病床数:410療養病床数:0精神病床数:0感染症病床数:0合計病床数:410】広島県呉市広多賀谷１－５－１" }, "geometry": { "type": "Point", "coordinates": [ 132.614062, 34.230503 ] } },
{ "type": "Feature", "properties": { "ID": 3411340013080, "正式名称": "青山病院", "機関区分": 1, "都道府県コード": 34, "市区町村コード": 202, "所在地": "広島県呉市阿賀北５－１５－３", "緯度": 34.247885, "経度": 132.597501, "url": "https://www.iryou.teikyouseido.mhlw.go.jp/znk-web/juminkanja/S2430/initialize?prefCd=34&kikanCd=1340013080&kikanKbn=1", "url2": "http://www.aoyama-sei.or.jp/", "内容": "青山病院【1:病院】【診療科目:内科_脳神経内科_腎臓内科_リハビリテーション科】【一般病床数:60療養病床数:60精神病床数:0感染症病床数:0合計病床数:120】広島県呉市阿賀北５－１５－３" }, "geometry": { "type": "Point", "coordinates": [ 132.597501, 34.247885 ] } },
{ "type": "Feature", "properties": { "ID": 3411340013240, "正式名称": "呉芸南病院", "機関区分": 1, "都道府県コード": 34, "市区町村コード": 202, "所在地": "広島県呉市阿賀中央６－７－２４", "緯度": 34.237363, "経度": 132.59848, "url": "https://www.iryou.teikyouseido.mhlw.go.jp/znk-web/juminkanja/S2430/initialize?prefCd=34&kikanCd=1340013240&kikanKbn=1", "url2": null, "内容": "呉芸南病院【1:病院】【診療科目:内科_消化器内科_外科_整形外科_リハビリテーション科】【一般病床数:38療養病床数:95精神病床数:0感染症病床数:0合計病床数:133】広島県呉市阿賀中央６－７－２４" }, "geometry": { "type": "Point", "coordinates": [ 132.59848, 34.237363 ] } },
{ "type": "Feature", "properties": { "ID": 3411340013400, "正式名称": "独立行政法人国立病院機構　呉医療センター", "機関区分": 1, "都道府県コード": 34, "市区町村コード": 202, "所在地": "広島県呉市青山町３－１", "緯度": 34.239519, "経度": 132.565932, "url": "https://www.iryou.teikyouseido.mhlw.go.jp/znk-web/juminkanja/S2430/initialize?prefCd=34&kikanCd=1340013400&kikanKbn=1", "url2": "https://kure.hosp.go.jp/outline/about.html", "内容": "独立行政法人国立病院機構　呉医療センター【1:病院】【診療科目:内科_血液内科_糖尿病内科_内分泌内科_脳神経内科_呼吸器内科_循環器内科_消化器内科_腎臓内科_腫瘍内科_内視鏡内科_外科_脳神経外科_呼吸器外科_心臓血管外科_消化器外科_乳腺外科_移植外科_整形外科_形成外科_小児科_小児外科_産科_婦人科_眼科_頭頸部・耳鼻いんこう科_甲状腺外科_皮膚科_泌尿器科_精神科_歯科_歯科口腔外科_リウマチ科_リハビリテーション科_放射線診断科_腫瘍放射線科_病理診断科_救急科_麻酔科】【一般病床数:595療養病床数:0精神病床数:50感染症病床数:0合計病床数:645】広島県呉市青山町３－１" }, "geometry": { "type": "Point", "coordinates": [ 132.565932, 34.239519 ] } },
{ "type": "Feature", "properties": { "ID": 3411340013530, "正式名称": "社会福祉法人恩賜財団済生会支部　広島県済生会　済生会呉病院", "機関区分": 1, "都道府県コード": 34, "市区町村コード": 202, "所在地": "広島県呉市三条２－１－１３", "緯度": 34.245968, "経度": 132.553436, "url": "https://www.iryou.teikyouseido.mhlw.go.jp/znk-web/juminkanja/S2430/initialize?prefCd=34&kikanCd=1340013530&kikanKbn=1", "url2": "http://www.saiseikai-kure.jp/", "内容": "社会福祉法人恩賜財団済生会支部　広島県済生会　済生会呉病院【1:病院】【診療科目:内科_循環器内科_消化器内科_外科_整形外科_眼科_耳鼻いんこう科_皮膚科_泌尿器科_精神科_心療内科_リハビリテーション科】【一般病床数:150療養病床数:0精神病床数:0感染症病床数:0合計病床数:150】広島県呉市三条２－１－１３" }, "geometry": { "type": "Point", "coordinates": [ 132.553436, 34.245968 ] } },
{ "type": "Feature", "properties": { "ID": 3411340013660, "正式名称": "国家公務員共済組合連合会　呉共済病院", "機関区分": 1, "都道府県コード": 34, "市区町村コード": 202, "所在地": "広島県呉市西中央２－３－２８", "緯度": 34.248805, "経度": 132.55865, "url": "https://www.iryou.teikyouseido.mhlw.go.jp/znk-web/juminkanja/S2430/initialize?prefCd=34&kikanCd=1340013660&kikanKbn=1", "url2": "http://www.kure-kyosai.jp", "内容": "国家公務員共済組合連合会　呉共済病院【1:病院】【診療科目:内科_血液内科_代謝内科_脳神経内科_呼吸器内科_循環器内科_消化器内科_腎臓内科_ペインクリニック内科_外科_脳神経外科_呼吸器外科_気管食道外科_心臓血管外科_消化器外科_乳腺外科_内視鏡外科_整形外科_形成外科_小児科_婦人科_眼科_頭頸部・耳鼻いんこう科_皮膚科_泌尿器科_歯科_歯科口腔外科_アレルギー科_リハビリテーション科_放射線科_病理診断科_麻酔科】【一般病床数:373療養病床数:0精神病床数:0感染症病床数:0合計病床数:397】広島県呉市西中央２－３－２８" }, "geometry": { "type": "Point", "coordinates": [ 132.55865, 34.248805 ] } },
{ "type": "Feature", "properties": { "ID": 3411340013820, "正式名称": "呉市医師会病院", "機関区分": 1, "都道府県コード": 34, "市区町村コード": 202, "所在地": "広島県呉市朝日町１５－２４", "緯度": 34.251472, "経度": 132.574954, "url": "https://www.iryou.teikyouseido.mhlw.go.jp/znk-web/juminkanja/S2430/initialize?prefCd=34&kikanCd=1340013820&kikanKbn=1", "url2": "http://www.kure.hiroshima.med.or.jp/hp/index.html", "内容": "呉市医師会病院【1:病院】【診療科目:内科_外科_大腸外科_乳腺外科_肛門外科_リハビリテーション科_放射線科】【一般病床数:150療養病床数:0精神病床数:0感染症病床数:0合計病床数:198】広島県呉市朝日町１５－２４" }, "geometry": { "type": "Point", "coordinates": [ 132.574954, 34.251472 ] } },
{ "type": "Feature", "properties": { "ID": 3411340014410, "正式名称": "大矢整形外科病院", "機関区分": 1, "都道府県コード": 34, "市区町村コード": 202, "所在地": "広島県呉市中央４丁目４番３号", "緯度": 34.248528, "経度": 132.567621, "url": "https://www.iryou.teikyouseido.mhlw.go.jp/znk-web/juminkanja/S2430/initialize?prefCd=34&kikanCd=1340014410&kikanKbn=1", "url2": "http://ooya.or.jp", "内容": "大矢整形外科病院【1:病院】【診療科目:内科_整形外科_リウマチ科_リハビリテーション科】【一般病床数:0療養病床数:33精神病床数:0感染症病床数:0合計病床数:33】広島県呉市中央４丁目４番３号" }, "geometry": { "type": "Point", "coordinates": [ 132.567621, 34.248528 ] } },
{ "type": "Feature", "properties": { "ID": 3411340015260, "正式名称": "医療法人　社団永楽会　前田病院", "機関区分": 1, "都道府県コード": 34, "市区町村コード": 202, "所在地": "広島県呉市中央２丁目６番２０号", "緯度": 34.245583, "経度": 132.561761, "url": "https://www.iryou.teikyouseido.mhlw.go.jp/znk-web/juminkanja/S2430/initialize?prefCd=34&kikanCd=1340015260&kikanKbn=1", "url2": "http://www.hospital-maeda.jp/", "内容": "医療法人　社団永楽会　前田病院【1:病院】【診療科目:内科_血液内科_呼吸器内科_循環器内科_消化器内科_歯科_リハビリテーション科_放射線診断科】【一般病床数:34療養病床数:42精神病床数:0感染症病床数:0合計病床数:76】広島県呉市中央２丁目６番２０号" }, "geometry": { "type": "Point", "coordinates": [ 132.561761, 34.245583 ] } },
{ "type": "Feature", "properties": { "ID": 3411340015680, "正式名称": "マツダ株式会社マツダ病院", "機関区分": 1, "都道府県コード": 34, "市区町村コード": 302, "所在地": "広島県安芸郡府中町青崎南２番１５号", "緯度": 34.377318, "経度": 132.504593, "url": "https://www.iryou.teikyouseido.mhlw.go.jp/znk-web/juminkanja/S2430/initialize?prefCd=34&kikanCd=1340015680&kikanKbn=1", "url2": "http://hospital.mazda.co.jp/", "内容": "マツダ株式会社マツダ病院【1:病院】【診療科目:糖尿病内科_呼吸器内科_循環器内科_消化器内科_外科_脳神経外科_整形外科_小児科_眼科_耳鼻いんこう科_皮膚科_泌尿器科_精神科_心療内科_歯科口腔外科_リウマチ科_リハビリテーション科_放射線科_救急科_麻酔科】【一般病床数:266療養病床数:0精神病床数:0感染症病床数:0合計病床数:266】広島県安芸郡府中町青崎南２番１５号" }, "geometry": { "type": "Point", "coordinates": [ 132.504593, 34.377318 ] } },
{ "type": "Feature", "properties": { "ID": 3411340015840, "正式名称": "山本整形外科病院", "機関区分": 1, "都道府県コード": 34, "市区町村コード": 304, "所在地": "広島県安芸郡海田町堀川町２－２３", "緯度": 34.368431, "経度": 132.530952, "url": "https://www.iryou.teikyouseido.mhlw.go.jp/znk-web/juminkanja/S2430/initialize?prefCd=34&kikanCd=1340015840&kikanKbn=1", "url2": null, "内容": "山本整形外科病院【1:病院】【診療科目:内科_整形外科_眼科_リウマチ科_リハビリテーション科_麻酔科】【一般病床数:20療養病床数:32精神病床数:0感染症病床数:0合計病床数:52】広島県安芸郡海田町堀川町２－２３" }, "geometry": { "type": "Point", "coordinates": [ 132.530952, 34.368431 ] } },
{ "type": "Feature", "properties": { "ID": 3411340016430, "正式名称": "一般財団法人広島結核予防協会　住吉浜病院", "機関区分": 1, "都道府県コード": 34, "市区町村コード": 202, "所在地": "広島県呉市下蒲刈町下島２４９８", "緯度": 34.182926, "経度": 132.678948, "url": "https://www.iryou.teikyouseido.mhlw.go.jp/znk-web/juminkanja/S2430/initialize?prefCd=34&kikanCd=1340016430&kikanKbn=1", "url2": "https://www.sumiyoshihama-hospital.com/", "内容": "一般財団法人広島結核予防協会　住吉浜病院【1:病院】【診療科目:内科_呼吸器内科_放射線科】【一般病床数:0療養病床数:35精神病床数:0感染症病床数:0合計病床数:35】広島県呉市下蒲刈町下島２４９８" }, "geometry": { "type": "Point", "coordinates": [ 132.678948, 34.182926 ] } },
{ "type": "Feature", "properties": { "ID": 3411340016560, "正式名称": "独立行政法人　国立病院機構　広島西医療センター", "機関区分": 1, "都道府県コード": 34, "市区町村コード": 211, "所在地": "広島県大竹市玖波４－１－１", "緯度": 34.251549, "経度": 132.224205, "url": "https://www.iryou.teikyouseido.mhlw.go.jp/znk-web/juminkanja/S2430/initialize?prefCd=34&kikanCd=1340016560&kikanKbn=1", "url2": "https://hiroshimanishi.hosp.go.jp/", "内容": "独立行政法人　国立病院機構　広島西医療センター【1:病院】【診療科目:内科_血液内科_糖尿病内科_脳神経内科_呼吸器内科_循環器内科_消化器内科_腎臓内科_肝臓内科_外科_整形外科_形成外科_小児科_産婦人科_眼科_耳鼻いんこう科_皮膚科_泌尿器科_精神科_歯科_アレルギー科_リウマチ科_リハビリテーション科_放射線科_麻酔科】【一般病床数:440療養病床数:0精神病床数:0感染症病床数:0合計病床数:440】広島県大竹市玖波４－１－１" }, "geometry": { "type": "Point", "coordinates": [ 132.224205, 34.251549 ] } },
{ "type": "Feature", "properties": { "ID": 3411340017440, "正式名称": "広島県厚生農業協同組合連合会　広島総合病院", "機関区分": 1, "都道府県コード": 34, "市区町村コード": 213, "所在地": "広島県廿日市市地御前１丁目３－３", "緯度": 34.344097, "経度": 132.323081, "url": "https://www.iryou.teikyouseido.mhlw.go.jp/znk-web/juminkanja/S2430/initialize?prefCd=34&kikanCd=1340017440&kikanKbn=1", "url2": "https://hirobyo.jp/", "内容": "広島県厚生農業協同組合連合会　広島総合病院【1:病院】【診療科目:内科_糖尿病内科_糖尿病・代謝内科_脳神経内科_呼吸器内科_循環器内科_消化器内科_胃腸内科_腎臓内科_肝臓内科_内視鏡内科_緩和ケア内科_外科_脳神経外科_呼吸器外科_心臓血管外科_消化器外科_肝臓外科_膵臓外科_胆のう外科_乳腺外科_整形外科_形成外科_小児科_小児アレルギー科_産婦人科_眼科_耳鼻いんこう科_皮膚科_泌尿器科_心療内科_歯科口腔外科_リハビリテーション科_放射線科_放射線診断科_放射線治療科_病理診断科_救急科_麻酔科】【一般病床数:460療養病床数:0精神病床数:0感染症病床数:0合計病床数:460】広島県廿日市市地御前１丁目３－３" }, "geometry": { "type": "Point", "coordinates": [ 132.323081, 34.344097 ] } },
{ "type": "Feature", "properties": { "ID": 3411340017860, "正式名称": "医療法人社団仁風会　青木病院", "機関区分": 1, "都道府県コード": 34, "市区町村コード": 215, "所在地": "広島県江田島市江田島町中央四丁目１７－１０", "緯度": 34.237111, "経度": 132.478601, "url": "https://www.iryou.teikyouseido.mhlw.go.jp/znk-web/juminkanja/S2430/initialize?prefCd=34&kikanCd=1340017860&kikanKbn=1", "url2": "http//www.jinpuukai.or.jp/", "内容": "医療法人社団仁風会　青木病院【1:病院】【診療科目:内科_腎臓内科_人工透析内科_外科_整形外科_眼科_耳鼻いんこう科_皮膚科_泌尿器科_リハビリテーション科】【一般病床数:0療養病床数:78精神病床数:0感染症病床数:0合計病床数:78】広島県江田島市江田島町中央四丁目１７－１０" }, "geometry": { "type": "Point", "coordinates": [ 132.478601, 34.237111 ] } },
{ "type": "Feature", "properties": { "ID": 3411340018610, "正式名称": "妹尾病院", "機関区分": 1, "都道府県コード": 34, "市区町村コード": 105, "所在地": "広島県広島市安佐南区相田１－１０－２１", "緯度": 34.471557, "経度": 132.455453, "url": "https://www.iryou.teikyouseido.mhlw.go.jp/znk-web/juminkanja/S2430/initialize?prefCd=34&kikanCd=1340018610&kikanKbn=1", "url2": "https://www.senoo2020.jp", "内容": "妹尾病院【1:病院】【診療科目:内科_呼吸器内科_循環器内科_消化器内科_外科_血管外科_心臓血管外科_整形外科_リウマチ科_リハビリテーション科】【一般病床数:48療養病床数:0精神病床数:0感染症病床数:0合計病床数:48】広島県広島市安佐南区相田１－１０－２１" }, "geometry": { "type": "Point", "coordinates": [ 132.455453, 34.471557 ] } },
{ "type": "Feature", "properties": { "ID": 3411340018870, "正式名称": "安芸太田病院", "機関区分": 1, "都道府県コード": 34, "市区町村コード": 368, "所在地": "広島県山県郡安芸太田町下殿河内２３６番地", "緯度": 34.586348, "経度": 132.291684, "url": "https://www.iryou.teikyouseido.mhlw.go.jp/znk-web/juminkanja/S2430/initialize?prefCd=34&kikanCd=1340018870&kikanKbn=1", "url2": "https://www.akiota.jp/site/byouinsabu/", "内容": "安芸太田病院【1:病院】【診療科目:内科_外科_脳神経外科_整形外科_婦人科_眼科_耳鼻いんこう科_皮膚科_泌尿器科_精神科_リハビリテーション科_麻酔科】【一般病床数:53療養病床数:42精神病床数:0感染症病床数:0合計病床数:95】広島県山県郡安芸太田町下殿河内２３６番地" }, "geometry": { "type": "Point", "coordinates": [ 132.291684, 34.586348 ] } },
{ "type": "Feature", "properties": { "ID": 3411340019200, "正式名称": "広島県厚生農業協同組合連合会　吉田総合病院", "機関区分": 1, "都道府県コード": 34, "市区町村コード": 214, "所在地": "広島県安芸高田市吉田町吉田３６６６", "緯度": 34.664269, "経度": 132.701849, "url": "https://www.iryou.teikyouseido.mhlw.go.jp/znk-web/juminkanja/S2430/initialize?prefCd=34&kikanCd=1340019200&kikanKbn=1", "url2": "http://yoshida-gene-hospi.jp/", "内容": "広島県厚生農業協同組合連合会　吉田総合病院【1:病院】【診療科目:内科_外科_脳神経外科_肛門外科_整形外科_小児科_婦人科_眼科_耳鼻いんこう科_皮膚科_泌尿器科_精神科_リハビリテーション科_放射線科_麻酔科】【一般病床数:191療養病床数:46精神病床数:0感染症病床数:0合計病床数:237】広島県安芸高田市吉田町吉田３６６６" }, "geometry": { "type": "Point", "coordinates": [ 132.701849, 34.664269 ] } },
{ "type": "Feature", "properties": { "ID": 3411340019460, "正式名称": "独立行政法人国立病院機構　東広島医療センター", "機関区分": 1, "都道府県コード": 34, "市区町村コード": 212, "所在地": "広島県東広島市西条町寺家５１３", "緯度": 34.448509, "経度": 132.72371, "url": "https://www.iryou.teikyouseido.mhlw.go.jp/znk-web/juminkanja/S2430/initialize?prefCd=34&kikanCd=1340019460&kikanKbn=1", "url2": "https://higashihiroshima.hosp.go.jp/", "内容": "独立行政法人国立病院機構　東広島医療センター【1:病院】【診療科目:内科_血液内科_糖尿病・内分泌内科_脳神経内科_呼吸器内科_循環器内科_消化器内科_腎臓内科_脳神経外科_呼吸器外科_心臓血管外科_消化器外科_乳腺・内分泌外科_整形外科_小児科_産婦人科_眼科_耳鼻いんこう科_皮膚科_泌尿器科_精神科_歯科_リハビリテーション科_放射線科_病理診断科_麻酔科】【一般病床数:381療養病床数:0精神病床数:0感染症病床数:4合計病床数:401】広島県東広島市西条町寺家５１３" }, "geometry": { "type": "Point", "coordinates": [ 132.72371, 34.448509 ] } },
{ "type": "Feature", "properties": { "ID": 3411340019620, "正式名称": "西条中央病院", "機関区分": 1, "都道府県コード": 34, "市区町村コード": 212, "所在地": "広島県東広島市西条昭和町１２－４０", "緯度": 34.423873, "経度": 132.742932, "url": "https://www.iryou.teikyouseido.mhlw.go.jp/znk-web/juminkanja/S2430/initialize?prefCd=34&kikanCd=1340019620&kikanKbn=1", "url2": "www.saijo-c-hp.com", "内容": "西条中央病院【1:病院】【診療科目:内科_呼吸器内科_消化器内科_腎臓内科_人工透析内科_肝臓内科_外科_消化器外科_肛門外科_整形外科_皮膚科_泌尿器科_リハビリテーション科_放射線科_麻酔科】【一般病床数:139療養病床数:46精神病床数:0感染症病床数:0合計病床数:185】広島県東広島市西条昭和町１２－４０" }, "geometry": { "type": "Point", "coordinates": [ 132.742932, 34.423873 ] } },
{ "type": "Feature", "properties": { "ID": 3411340019910, "正式名称": "独立行政法人国立病院機構　賀茂精神医療センター", "機関区分": 1, "都道府県コード": 34, "市区町村コード": 212, "所在地": "広島県東広島市黒瀬町南方９２", "緯度": 34.346908, "経度": 132.69805, "url": "https://www.iryou.teikyouseido.mhlw.go.jp/znk-web/juminkanja/S2430/initialize?prefCd=34&kikanCd=1340019910&kikanKbn=1", "url2": "https://kamo.hosp.go.jp/", "内容": "独立行政法人国立病院機構　賀茂精神医療センター【1:病院】【診療科目:内科_精神科_心療内科_歯科_リハビリテーション科】【一般病床数:100療養病床数:0精神病床数:312感染症病床数:0合計病床数:412】広島県東広島市黒瀬町南方９２" }, "geometry": { "type": "Point", "coordinates": [ 132.69805, 34.346908 ] } },
{ "type": "Feature", "properties": { "ID": 3411340020020, "正式名称": "国家公務員共済組合連合会　呉共済病院　忠海分院", "機関区分": 1, "都道府県コード": 34, "市区町村コード": 203, "所在地": "広島県竹原市忠海中町二丁目２－４５", "緯度": 34.33806, "経度": 132.992809, "url": "https://www.iryou.teikyouseido.mhlw.go.jp/znk-web/juminkanja/S2430/initialize?prefCd=34&kikanCd=1340020020&kikanKbn=1", "url2": "http://www.kure-kyosai.jp/tadanoumi/", "内容": "国家公務員共済組合連合会　呉共済病院　忠海分院【1:病院】【診療科目:内科_呼吸器内科_循環器内科_整形外科_耳鼻いんこう科_皮膚科】【一般病床数:44療養病床数:0精神病床数:0感染症病床数:0合計病床数:44】広島県竹原市忠海中町二丁目２－４５" }, "geometry": { "type": "Point", "coordinates": [ 132.992809, 34.33806 ] } },
{ "type": "Feature", "properties": { "ID": 3411340020150, "正式名称": "医療法人　楽生会　馬場病院", "機関区分": 1, "都道府県コード": 34, "市区町村コード": 203, "所在地": "広島県竹原市下野町１７４４", "緯度": 34.335219, "経度": 132.888257, "url": "https://www.iryou.teikyouseido.mhlw.go.jp/znk-web/juminkanja/S2430/initialize?prefCd=34&kikanCd=1340020150&kikanKbn=1", "url2": "https://rakuseikai.jp", "内容": "医療法人　楽生会　馬場病院【1:病院】【診療科目:内科_呼吸器内科_消化器内科_肝臓内科_神経内科_外科_大腸外科_整形外科_精神科_心療内科_リウマチ科_リハビリテーション科】【一般病床数:32療養病床数:48精神病床数:0感染症病床数:0合計病床数:80】広島県竹原市下野町１７４４" }, "geometry": { "type": "Point", "coordinates": [ 132.888257, 34.335219 ] } },
{ "type": "Feature", "properties": { "ID": 3411340020280, "正式名称": "県立安芸津病院", "機関区分": 1, "都道府県コード": 34, "市区町村コード": 212, "所在地": "広島県東広島市安芸津町三津４３８８", "緯度": 34.320548, "経度": 132.815896, "url": "https://www.iryou.teikyouseido.mhlw.go.jp/znk-web/juminkanja/S2430/initialize?prefCd=34&kikanCd=1340020280&kikanKbn=1", "url2": "http://www.hpakitu.jp/", "内容": "県立安芸津病院【1:病院】【診療科目:内科_外科_整形外科_緩和ケア外科_小児科_婦人科_眼科_耳鼻いんこう科_皮膚科_泌尿器科_リハビリテーション科_放射線科】【一般病床数:98療養病床数:0精神病床数:0感染症病床数:0合計病床数:98】広島県東広島市安芸津町三津４３８８" }, "geometry": { "type": "Point", "coordinates": [ 132.815896, 34.320548 ] } },
{ "type": "Feature", "properties": { "ID": 3411340020570, "正式名称": "総合病院三原赤十字病院", "機関区分": 1, "都道府県コード": 34, "市区町村コード": 204, "所在地": "広島県三原市東町二丁目７番１号", "緯度": 34.402743, "経度": 133.089598, "url": "https://www.iryou.teikyouseido.mhlw.go.jp/znk-web/juminkanja/S2430/initialize?prefCd=34&kikanCd=1340020570&kikanKbn=1", "url2": "http://mihara.jrc.or.jp/", "内容": "総合病院三原赤十字病院【1:病院】【診療科目:内科_呼吸器内科_循環器内科_消化器内科_肝臓内科_外科_脳神経外科_整形外科_緩和ケア外科_小児科_小児外科_産婦人科_眼科_耳鼻いんこう科_皮膚科_泌尿器科_歯科口腔外科_リウマチ科_リハビリテーション科_放射線科_麻酔科】【一般病床数:184療養病床数:0精神病床数:0感染症病床数:0合計病床数:184】広島県三原市東町二丁目７番１号" }, "geometry": { "type": "Point", "coordinates": [ 133.089598, 34.402743 ] } },
{ "type": "Feature", "properties": { "ID": 3411340020600, "正式名称": "医療法人清幸会　三原城町病院", "機関区分": 1, "都道府県コード": 34, "市区町村コード": 204, "所在地": "広島県三原市城町一丁目１４－１４", "緯度": 34.398353, "経度": 133.084657, "url": "https://www.iryou.teikyouseido.mhlw.go.jp/znk-web/juminkanja/S2430/initialize?prefCd=34&kikanCd=1340020600&kikanKbn=1", "url2": "http://www.mihara-shiromachi-hp.or.jp/", "内容": "医療法人清幸会　三原城町病院【1:病院】【診療科目:内科_血液内科_脳神経内科_循環器内科_消化器内科_腎臓内科_外科_脳神経外科_心臓血管外科_消化器外科_整形外科_皮膚科_泌尿器科_リハビリテーション科_放射線科_麻酔科】【一般病床数:148療養病床数:40精神病床数:0感染症病床数:0合計病床数:188】広島県三原市城町一丁目１４－１４" }, "geometry": { "type": "Point", "coordinates": [ 133.084657, 34.398353 ] } },
{ "type": "Feature", "properties": { "ID": 3411340021870, "正式名称": "医療法人社団杏佑会　笠井病院", "機関区分": 1, "都道府県コード": 34, "市区町村コード": 205, "所在地": "広島県尾道市久保１－３－１９", "緯度": 34.411761, "経度": 133.204095, "url": "https://www.iryou.teikyouseido.mhlw.go.jp/znk-web/juminkanja/S2430/initialize?prefCd=34&kikanCd=1340021870&kikanKbn=1", "url2": "http://hkasai-t8.byoinnavi.jp/", "内容": "医療法人社団杏佑会　笠井病院【1:病院】【診療科目:内科_消化器内科_外科_肛門外科_整形外科_リハビリテーション科】【一般病床数:0療養病床数:30精神病床数:0感染症病床数:0合計病床数:30】広島県尾道市久保１－３－１９" }, "geometry": { "type": "Point", "coordinates": [ 133.204095, 34.411761 ] } },
{ "type": "Feature", "properties": { "ID": 3411340022200, "正式名称": "山本病院", "機関区分": 1, "都道府県コード": 34, "市区町村コード": 205, "所在地": "広島県尾道市高須町７３５", "緯度": 34.437825, "経度": 133.232224, "url": "https://www.iryou.teikyouseido.mhlw.go.jp/znk-web/juminkanja/S2430/initialize?prefCd=34&kikanCd=1340022200&kikanKbn=1", "url2": "http://www.yamamoto-hospital.jp", "内容": "山本病院【1:病院】【診療科目:内科_呼吸器内科_循環器内科_消化器内科_泌尿器科_リハビリテーション科_放射線科_麻酔科】【一般病床数:0療養病床数:39精神病床数:0感染症病床数:0合計病床数:39】広島県尾道市高須町７３５" }, "geometry": { "type": "Point", "coordinates": [ 133.232224, 34.437825 ] } },
{ "type": "Feature", "properties": { "ID": 3411340022460, "正式名称": "公立みつぎ総合病院", "機関区分": 1, "都道府県コード": 34, "市区町村コード": 205, "所在地": "広島県尾道市御調町市１２４番地", "緯度": 34.516618, "経度": 133.147787, "url": "https://www.iryou.teikyouseido.mhlw.go.jp/znk-web/juminkanja/S2430/initialize?prefCd=34&kikanCd=1340022460&kikanKbn=1", "url2": "http://www.mitsugibyouin.com", "内容": "公立みつぎ総合病院【1:病院】【診療科目:内科_循環器内科_消化器内科_腎臓内科_外科_脳神経外科_消化器外科_整形外科_小児科_産婦人科_眼科_耳鼻いんこう科_皮膚科_泌尿器科_精神科_歯科_リウマチ科_リハビリテーション科_放射線科】【一般病床数:145療養病床数:72精神病床数:0感染症病床数:0合計病床数:217】広島県尾道市御調町市１２４番地" }, "geometry": { "type": "Point", "coordinates": [ 133.147787, 34.516618 ] } },
{ "type": "Feature", "properties": { "ID": 3411340022750, "正式名称": "公立世羅中央病院", "機関区分": 1, "都道府県コード": 34, "市区町村コード": 462, "所在地": "広島県世羅郡世羅町本郷９１８番地３", "緯度": 34.586083, "経度": 133.045788, "url": "https://www.iryou.teikyouseido.mhlw.go.jp/znk-web/juminkanja/S2430/initialize?prefCd=34&kikanCd=1340022750&kikanKbn=1", "url2": "www.serachuo-hp.jp/", "内容": "公立世羅中央病院【1:病院】【診療科目:内科_血液内科_脳神経内科_外科_脳神経外科_呼吸器外科_消化器外科_整形外科_形成外科_小児科_産婦人科_耳鼻いんこう科_皮膚科_泌尿器科_歯科_矯正歯科_リハビリテーション科_麻酔科】【一般病床数:155療養病床数:0精神病床数:0感染症病床数:0合計病床数:155】広島県世羅郡世羅町本郷９１８番地３" }, "geometry": { "type": "Point", "coordinates": [ 133.045788, 34.586083 ] } },
{ "type": "Feature", "properties": { "ID": 3411340022910, "正式名称": "独立行政法人国立病院機構　福山医療センター", "機関区分": 1, "都道府県コード": 34, "市区町村コード": 207, "所在地": "広島県福山市沖野上町４－１４－１７", "緯度": 34.47049, "経度": 133.370711, "url": "https://www.iryou.teikyouseido.mhlw.go.jp/znk-web/juminkanja/S2430/initialize?prefCd=34&kikanCd=1340022910&kikanKbn=1", "url2": "https://fukuyama.hosp.go.jp/", "内容": "独立行政法人国立病院機構　福山医療センター【1:病院】【診療科目:内科_糖尿病・内分泌内科_呼吸器内科_循環器内科_消化器内科_肝臓内科_内科系その他_外科_脳神経外科_呼吸器外科_消化器外科_肝臓・胆のう・膵臓外科_乳腺・内分泌外科_整形外科_形成外科_外科系その他_小児科_小児外科_小児泌尿器科_新生児内科_産科_婦人科_眼科_耳鼻いんこう科系その他_皮膚科_泌尿器科_精神科_リハビリテーション科_放射線診断科_放射線治療科_病理診断科_麻酔科】【一般病床数:350療養病床数:0精神病床数:0感染症病床数:0合計病床数:350】広島県福山市沖野上町４－１４－１７" }, "geometry": { "type": "Point", "coordinates": [ 133.370711, 34.47049 ] } },
{ "type": "Feature", "properties": { "ID": 3411340023500, "正式名称": "医療法人社団健生会　いそだ病院", "機関区分": 1, "都道府県コード": 34, "市区町村コード": 207, "所在地": "広島県福山市松浜町１－１３－３８", "緯度": 34.483239, "経度": 133.373682, "url": "https://www.iryou.teikyouseido.mhlw.go.jp/znk-web/juminkanja/S2430/initialize?prefCd=34&kikanCd=1340023500&kikanKbn=1", "url2": "https://www.isoda.or.jp", "内容": "医療法人社団健生会　いそだ病院【1:病院】【診療科目:内科_消化器内科_肝臓内科_外科_消化器外科_大腸外科_肛門外科_内視鏡外科_整形外科_リハビリテーション科_麻酔科】【一般病床数:41療養病床数:0精神病床数:0感染症病床数:0合計病床数:41】広島県福山市松浜町１－１３－３８" }, "geometry": { "type": "Point", "coordinates": [ 133.373682, 34.483239 ] } },
{ "type": "Feature", "properties": { "ID": 3411340024060, "正式名称": "神原病院", "機関区分": 1, "都道府県コード": 34, "市区町村コード": 207, "所在地": "広島県福山市赤坂町赤坂１３１３", "緯度": 34.471933, "経度": 133.302939, "url": "https://www.iryou.teikyouseido.mhlw.go.jp/znk-web/juminkanja/S2430/initialize?prefCd=34&kikanCd=1340024060&kikanKbn=1", "url2": "https://kambara-hp.sakura.ne.jp/", "内容": "神原病院【1:病院】【診療科目:内科_脳神経内科_呼吸器内科_消化器内科_外科_脳神経外科_呼吸器外科_消化器外科_肛門外科_整形外科_小児科_泌尿器科_歯科_歯科口腔外科_リウマチ科_リハビリテーション科_放射線科_麻酔科_総合診療科】【一般病床数:115療養病床数:0精神病床数:0感染症病床数:0合計病床数:115】広島県福山市赤坂町赤坂１３１３" }, "geometry": { "type": "Point", "coordinates": [ 133.302939, 34.471933 ] } },
{ "type": "Feature", "properties": { "ID": 3411340026400, "正式名称": "地方独立行政法人府中市病院機構　府中市民病院", "機関区分": 1, "都道府県コード": 34, "市区町村コード": 208, "所在地": "広島県府中市鵜飼町５５５番地３", "緯度": 34.569561, "経度": 133.248078, "url": "https://www.iryou.teikyouseido.mhlw.go.jp/znk-web/juminkanja/S2430/initialize?prefCd=34&kikanCd=1340026400&kikanKbn=1", "url2": "http://shimin.fuchuhp.jp/", "内容": "地方独立行政法人府中市病院機構　府中市民病院【1:病院】【診療科目:内科_外科_整形外科_小児科_婦人科_眼科_耳鼻いんこう科_泌尿器科_精神科_リハビリテーション科_救急科_麻酔科】【一般病床数:100療養病床数:50精神病床数:0感染症病床数:0合計病床数:150】広島県府中市鵜飼町５５５番地３" }, "geometry": { "type": "Point", "coordinates": [ 133.248078, 34.569561 ] } },
{ "type": "Feature", "properties": { "ID": 3411340026950, "正式名称": "医療法人社団玄同会　小畠病院", "機関区分": 1, "都道府県コード": 34, "市区町村コード": 207, "所在地": "広島県福山市駅家町上山守２０３", "緯度": 34.534455, "経度": 133.331822, "url": "https://www.iryou.teikyouseido.mhlw.go.jp/znk-web/juminkanja/S2430/initialize?prefCd=34&kikanCd=1340026950&kikanKbn=1", "url2": "https://kobatake.or.jp", "内容": "医療法人社団玄同会　小畠病院【1:病院】【診療科目:内科_糖尿病内科_脳神経内科_呼吸器内科_循環器内科_消化器内科_眼科_泌尿器科_リハビリテーション科】【一般病床数:52療養病床数:59精神病床数:0感染症病床数:0合計病床数:111】広島県福山市駅家町上山守２０３" }, "geometry": { "type": "Point", "coordinates": [ 133.331822, 34.534455 ] } },
{ "type": "Feature", "properties": { "ID": 3411340027380, "正式名称": "府中北市民病院", "機関区分": 1, "都道府県コード": 34, "市区町村コード": 208, "所在地": "広島県府中市上下町上下２１０１番地", "緯度": 34.696517, "経度": 133.119971, "url": "https://www.iryou.teikyouseido.mhlw.go.jp/znk-web/juminkanja/S2430/initialize?prefCd=34&kikanCd=1340027380&kikanKbn=1", "url2": "https://kitashimin.fuchuhp.jp/", "内容": "府中北市民病院【1:病院】【診療科目:内科_外科_整形外科_小児科_婦人科_眼科_耳鼻いんこう科_皮膚科_泌尿器科_リハビリテーション科】【一般病床数:60療養病床数:0精神病床数:0感染症病床数:0合計病床数:60】広島県府中市上下町上下２１０１番地" }, "geometry": { "type": "Point", "coordinates": [ 133.119971, 34.696517 ] } },
{ "type": "Feature", "properties": { "ID": 3411340028000, "正式名称": "総合病院　庄原赤十字病院", "機関区分": 1, "都道府県コード": 34, "市区町村コード": 210, "所在地": "広島県庄原市西本町二丁目７番１０号", "緯度": 34.858326, "経度": 133.010664, "url": "https://www.iryou.teikyouseido.mhlw.go.jp/znk-web/juminkanja/S2430/initialize?prefCd=34&kikanCd=1340028000&kikanKbn=1", "url2": "http://www.shobara.jrc.or.jp", "内容": "総合病院　庄原赤十字病院【1:病院】【診療科目:内科_血液内科_糖尿病内科_呼吸器内科_循環器内科_消化器内科_腎臓内科_神経内科_疼痛緩和内科_外科_脳神経外科_整形外科_透析外科_小児科_産婦人科_眼科_耳鼻いんこう科_皮膚科_泌尿器科_リハビリテーション科_放射線科_麻酔科】【一般病床数:205療養病床数:41精神病床数:0感染症病床数:2合計病床数:248】広島県庄原市西本町二丁目７番１０号" }, "geometry": { "type": "Point", "coordinates": [ 133.010664, 34.858326 ] } },
{ "type": "Feature", "properties": { "ID": 3411340028130, "正式名称": "庄原市立西城市民病院", "機関区分": 1, "都道府県コード": 34, "市区町村コード": 210, "所在地": "広島県庄原市西城町中野１３３９", "緯度": 34.938769, "経度": 133.114933, "url": "https://www.iryou.teikyouseido.mhlw.go.jp/znk-web/juminkanja/S2430/initialize?prefCd=34&kikanCd=1340028130&kikanKbn=1", "url2": "http://saijyo-hospital.jp/", "内容": "庄原市立西城市民病院【1:病院】【診療科目:内科_外科_脳神経外科_整形外科_婦人科_精神科_歯科_リハビリテーション科_放射線科】【一般病床数:54療養病床数:0精神病床数:0感染症病床数:0合計病床数:54】広島県庄原市西城町中野１３３９" }, "geometry": { "type": "Point", "coordinates": [ 133.114933, 34.938769 ] } },
{ "type": "Feature", "properties": { "ID": 3411340028710, "正式名称": "日本鋼管福山病院", "機関区分": 1, "都道府県コード": 34, "市区町村コード": 207, "所在地": "広島県福山市大門町津之下１８４４番地", "緯度": 34.488101, "経度": 133.433816, "url": "https://www.iryou.teikyouseido.mhlw.go.jp/znk-web/juminkanja/S2430/initialize?prefCd=34&kikanCd=1340028710&kikanKbn=1", "url2": "http://www.nkfh.or.jp/", "内容": "日本鋼管福山病院【1:病院】【診療科目:内科_糖尿病内科_消化器内科_腎臓内科_外科_乳腺外科_整形外科_眼科_皮膚科_泌尿器科_歯科_リハビリテーション科_放射線科_麻酔科】【一般病床数:201療養病床数:0精神病床数:0感染症病床数:0合計病床数:201】広島県福山市大門町津之下１８４４番地" }, "geometry": { "type": "Point", "coordinates": [ 133.433816, 34.488101 ] } },
{ "type": "Feature", "properties": { "ID": 3411340029010, "正式名称": "マッターホルンリハビリテーション病院", "機関区分": 1, "都道府県コード": 34, "市区町村コード": 202, "所在地": "広島県呉市中通１－５－２５", "緯度": 34.242167, "経度": 132.562483, "url": "https://www.iryou.teikyouseido.mhlw.go.jp/znk-web/juminkanja/S2430/initialize?prefCd=34&kikanCd=1340029010&kikanKbn=1", "url2": "http://www.matterhorn-hospital.jp/", "内容": "マッターホルンリハビリテーション病院【1:病院】【診療科目:乳腺外科_整形外科_形成外科_精神科_リウマチ科_リハビリテーション科_放射線科_麻酔科】【一般病床数:0療養病床数:64精神病床数:0感染症病床数:0合計病床数:64】広島県呉市中通１－５－２５" }, "geometry": { "type": "Point", "coordinates": [ 132.562483, 34.242167 ] } },
{ "type": "Feature", "properties": { "ID": 3411340029850, "正式名称": "医療法人社団　加川整形外科病院", "機関区分": 1, "都道府県コード": 34, "市区町村コード": 104, "所在地": "広島県広島市西区古江西町２２番１０号", "緯度": 34.38435, "経度": 132.406336, "url": "https://www.iryou.teikyouseido.mhlw.go.jp/znk-web/juminkanja/S2430/initialize?prefCd=34&kikanCd=1340029850&kikanKbn=1", "url2": null, "内容": "医療法人社団　加川整形外科病院【1:病院】【診療科目:内科_整形外科_リハビリテーション科_麻酔科】【一般病床数:30療養病床数:0精神病床数:0感染症病床数:0合計病床数:30】広島県広島市西区古江西町２２番１０号" }, "geometry": { "type": "Point", "coordinates": [ 132.406336, 34.38435 ] } },
{ "type": "Feature", "properties": { "ID": 3411340030120, "正式名称": "医療法人社団啓卯会　村上記念病院", "機関区分": 1, "都道府県コード": 34, "市区町村コード": 205, "所在地": "広島県尾道市新浜１－１４－２６", "緯度": 34.400744, "経度": 133.180258, "url": "https://www.iryou.teikyouseido.mhlw.go.jp/znk-web/juminkanja/S2430/initialize?prefCd=34&kikanCd=1340030120&kikanKbn=1", "url2": "http://www.murakami-kinen-hp.jp", "内容": "医療法人社団啓卯会　村上記念病院【1:病院】【診療科目:内科_糖尿病内科_呼吸器内科_循環器内科_心臓内科_消化器内科_内視鏡内科_内科系その他_リハビリテーション科_放射線科】【一般病床数:52療養病床数:0精神病床数:0感染症病床数:0合計病床数:52】広島県尾道市新浜１－１４－２６" }, "geometry": { "type": "Point", "coordinates": [ 133.180258, 34.400744 ] } },
{ "type": "Feature", "properties": { "ID": 3411340030540, "正式名称": "医療法人社団昭信会　頼島産婦人科病院", "機関区分": 1, "都道府県コード": 34, "市区町村コード": 105, "所在地": "広島県広島市安佐南区西原５丁目１１－１８", "緯度": 34.442033, "経度": 132.468148, "url": "https://www.iryou.teikyouseido.mhlw.go.jp/znk-web/juminkanja/S2430/initialize?prefCd=34&kikanCd=1340030540&kikanKbn=1", "url2": "http://www.yorishima-hospital.jp", "内容": "医療法人社団昭信会　頼島産婦人科病院【1:病院】【診療科目:小児科_産婦人科】【一般病床数:35療養病床数:0精神病床数:0感染症病床数:0合計病床数:35】広島県広島市安佐南区西原５丁目１１－１８" }, "geometry": { "type": "Point", "coordinates": [ 132.468148, 34.442033 ] } },
{ "type": "Feature", "properties": { "ID": 3411340030700, "正式名称": "本永病院", "機関区分": 1, "都道府県コード": 34, "市区町村コード": 212, "所在地": "広島県東広島市西条岡町８－１３", "緯度": 34.429289, "経度": 132.741654, "url": "https://www.iryou.teikyouseido.mhlw.go.jp/znk-web/juminkanja/S2430/initialize?prefCd=34&kikanCd=1340030700&kikanKbn=1", "url2": "https://www.aoikai.jp/motonaga/", "内容": "本永病院【1:病院】【診療科目:内科_循環器内科_消化器内科_神経内科_外科_整形外科_産婦人科_リハビリテーション科】【一般病床数:81療養病床数:101精神病床数:0感染症病床数:0合計病床数:182】広島県東広島市西条岡町８－１３" }, "geometry": { "type": "Point", "coordinates": [ 132.741654, 34.429289 ] } },
{ "type": "Feature", "properties": { "ID": 3411340031000, "正式名称": "松岡病院", "機関区分": 1, "都道府県コード": 34, "市区町村コード": 207, "所在地": "広島県福山市宝町５－３２", "緯度": 34.489822, "経度": 133.366405, "url": "https://www.iryou.teikyouseido.mhlw.go.jp/znk-web/juminkanja/S2430/initialize?prefCd=34&kikanCd=1340031000&kikanKbn=1", "url2": "http://www.matsuoka.or.jp/", "内容": "松岡病院【1:病院】【診療科目:産婦人科】【一般病床数:41療養病床数:0精神病床数:0感染症病床数:0合計病床数:41】広島県福山市宝町５－３２" }, "geometry": { "type": "Point", "coordinates": [ 133.366405, 34.489822 ] } },
{ "type": "Feature", "properties": { "ID": 3411340031390, "正式名称": "社会医療法人里仁会　興生総合病院", "機関区分": 1, "都道府県コード": 34, "市区町村コード": 204, "所在地": "広島県三原市円一町２丁目５－１", "緯度": 34.39291, "経度": 133.077322, "url": "https://www.iryou.teikyouseido.mhlw.go.jp/znk-web/juminkanja/S2430/initialize?prefCd=34&kikanCd=1340031390&kikanKbn=1", "url2": "http://kohsei-hp.jp/", "内容": "社会医療法人里仁会　興生総合病院【1:病院】【診療科目:内科_循環器内科_胃腸内科_人工透析内科_神経内科_外科_脳神経外科_心臓血管外科_整形外科_形成外科_小児科_産婦人科_眼科_耳鼻いんこう科_皮膚科_泌尿器科_心療内科_歯科_歯科口腔外科_リウマチ科_リハビリテーション科_放射線科_病理診断科_救急科_麻酔科】【一般病床数:243療養病床数:80精神病床数:0感染症病床数:0合計病床数:323】広島県三原市円一町２丁目５－１" }, "geometry": { "type": "Point", "coordinates": [ 133.077322, 34.39291 ] } },
{ "type": "Feature", "properties": { "ID": 3411340031840, "正式名称": "医療法人村上会　福山回生病院", "機関区分": 1, "都道府県コード": 34, "市区町村コード": 207, "所在地": "広島県福山市引野町五丁目９－２１", "緯度": 34.494405, "経度": 133.402429, "url": "https://www.iryou.teikyouseido.mhlw.go.jp/znk-web/juminkanja/S2430/initialize?prefCd=34&kikanCd=1340031840&kikanKbn=1", "url2": "http://www.fukuyama-kaisei.jp/", "内容": "医療法人村上会　福山回生病院【1:病院】【診療科目:内科_呼吸器内科_胃腸内科_外科_肛門外科_泌尿器科】【一般病床数:40療養病床数:0精神病床数:0感染症病床数:0合計病床数:40】広島県福山市引野町五丁目９－２１" }, "geometry": { "type": "Point", "coordinates": [ 133.402429, 34.494405 ] } },
{ "type": "Feature", "properties": { "ID": 3411340032560, "正式名称": "医療法人社団増原会　東城病院", "機関区分": 1, "都道府県コード": 34, "市区町村コード": 210, "所在地": "広島県庄原市東城町川東１４６３番地１", "緯度": 34.897082, "経度": 133.274699, "url": "https://www.iryou.teikyouseido.mhlw.go.jp/znk-web/juminkanja/S2430/initialize?prefCd=34&kikanCd=1340032560&kikanKbn=1", "url2": "http://www.toujyo.or.jp", "内容": "医療法人社団増原会　東城病院【1:病院】【診療科目:内科_人工透析内科_外科_肛門外科_皮膚科_リハビリテーション科】【一般病床数:0療養病床数:50精神病床数:0感染症病床数:0合計病床数:50】広島県庄原市東城町川東１４６３番地１" }, "geometry": { "type": "Point", "coordinates": [ 133.274699, 34.897082 ] } },
{ "type": "Feature", "properties": { "ID": 3411340032690, "正式名称": "医療法人社団悠仁会　後藤病院", "機関区分": 1, "都道府県コード": 34, "市区町村コード": 202, "所在地": "広島県呉市東中央１－８－２０", "緯度": 34.250318, "経度": 132.570751, "url": "https://www.iryou.teikyouseido.mhlw.go.jp/znk-web/juminkanja/S2430/initialize?prefCd=34&kikanCd=1340032690&kikanKbn=1", "url2": "http://yuujinkai-goto.jp/", "内容": "医療法人社団悠仁会　後藤病院【1:病院】【診療科目:内科_外科_整形外科_リハビリテーション科】【一般病床数:48療養病床数:36精神病床数:0感染症病床数:0合計病床数:84】広島県呉市東中央１－８－２０" }, "geometry": { "type": "Point", "coordinates": [ 132.570751, 34.250318 ] } },
{ "type": "Feature", "properties": { "ID": 3411340033280, "正式名称": "寺岡記念病院", "機関区分": 1, "都道府県コード": 34, "市区町村コード": 207, "所在地": "広島県福山市新市町新市３７", "緯度": 34.550341, "経度": 133.280354, "url": "https://www.iryou.teikyouseido.mhlw.go.jp/znk-web/juminkanja/S2430/initialize?prefCd=34&kikanCd=1340033280&kikanKbn=1", "url2": "https://www.teraoka-hosp.jp", "内容": "寺岡記念病院【1:病院】【診療科目:内科_循環器内科_神経内科_外科_脳神経外科_整形外科_形成外科_泌尿器科_リウマチ科_リハビリテーション科】【一般病床数:211療養病床数:52精神病床数:0感染症病床数:0合計病床数:263】広島県福山市新市町新市３７" }, "geometry": { "type": "Point", "coordinates": [ 133.280354, 34.550341 ] } },
{ "type": "Feature", "properties": { "ID": 3411340033990, "正式名称": "医療法人社団宏仁会　寺岡整形外科病院", "機関区分": 1, "都道府県コード": 34, "市区町村コード": 207, "所在地": "広島県福山市南本庄３－１－５２", "緯度": 34.485516, "経度": 133.353573, "url": "https://www.iryou.teikyouseido.mhlw.go.jp/znk-web/juminkanja/S2430/initialize?prefCd=34&kikanCd=1340033990&kikanKbn=1", "url2": "http://www.teraokaseikei.or.jp", "内容": "医療法人社団宏仁会　寺岡整形外科病院【1:病院】【診療科目:内科_脳神経内科_循環器内科_脳神経外科_整形外科_形成外科_美容外科_耳鼻いんこう科_リウマチ科_リハビリテーション科_麻酔科】【一般病床数:50療養病床数:72精神病床数:0感染症病床数:0合計病床数:122】広島県福山市南本庄３－１－５２" }, "geometry": { "type": "Point", "coordinates": [ 133.353573, 34.485516 ] } },
{ "type": "Feature", "properties": { "ID": 3411340034030, "正式名称": "福山市民病院", "機関区分": 1, "都道府県コード": 34, "市区町村コード": 207, "所在地": "広島県福山市蔵王町５丁目２３－１", "緯度": 34.511098, "経度": 133.397512, "url": "https://www.iryou.teikyouseido.mhlw.go.jp/znk-web/juminkanja/S2430/initialize?prefCd=34&kikanCd=1340034030&kikanKbn=1", "url2": "https://www.fc-hosp.jp/", "内容": "福山市民病院【1:病院】【診療科目:内科_脳神経内科_循環器内科_腫瘍内科_ペインクリニック内科_緩和ケア内科_外科_脳神経外科_呼吸器外科_心臓血管外科_乳腺外科_整形外科_形成外科_小児科_小児外科_産婦人科_眼科_頭頸部・耳鼻いんこう科_皮膚科_泌尿器科_精神科_歯科口腔外科_リハビリテーション科_放射線診断科_放射線治療科_病理診断科_臨床検査科_救急科_麻酔科】【一般病床数:500療養病床数:0精神病床数:0感染症病床数:6合計病床数:506】広島県福山市蔵王町５丁目２３－１" }, "geometry": { "type": "Point", "coordinates": [ 133.397512, 34.511098 ] } },
{ "type": "Feature", "properties": { "ID": 3411340034160, "正式名称": "国家公務員共済組合連合会　吉島病院", "機関区分": 1, "都道府県コード": 34, "市区町村コード": 101, "所在地": "広島県広島市中区吉島東３丁目　２の３３", "緯度": 34.369346, "経度": 132.451097, "url": "https://www.iryou.teikyouseido.mhlw.go.jp/znk-web/juminkanja/S2430/initialize?prefCd=34&kikanCd=1340034160&kikanKbn=1", "url2": "https://yoshijima-hosp.kkr.or.jp/", "内容": "国家公務員共済組合連合会　吉島病院【1:病院】【診療科目:内科_糖尿病内科_内分泌内科_呼吸器内科_循環器内科_消化器内科_内視鏡内科_疼痛緩和内科_外科_呼吸器外科_消化器外科_内視鏡外科_整形外科_眼科_耳鼻いんこう科_リハビリテーション科_放射線科_麻酔科】【一般病床数:111療養病床数:47精神病床数:0感染症病床数:0合計病床数:199】広島県広島市中区吉島東３丁目　２の３３" }, "geometry": { "type": "Point", "coordinates": [ 132.451097, 34.369346 ] } },
{ "type": "Feature", "properties": { "ID": 3411340034900, "正式名称": "広島県立総合リハビリテーションセンター医療センター", "機関区分": 1, "都道府県コード": 34, "市区町村コード": 212, "所在地": "広島県東広島市西条町田口２９５―３", "緯度": 34.393265, "経度": 132.724324, "url": "https://www.iryou.teikyouseido.mhlw.go.jp/znk-web/juminkanja/S2430/initialize?prefCd=34&kikanCd=1340034900&kikanKbn=1", "url2": "http://www.rehab-hiroshima.org/", "内容": "広島県立総合リハビリテーションセンター医療センター【1:病院】【診療科目:内科_脳神経内科_総合内科_整形外科_小児科_眼科_耳鼻いんこう科_泌尿器科_精神科_歯科_リウマチ科_リハビリテーション科_放射線科_麻酔科】【一般病床数:340療養病床数:0精神病床数:0感染症病床数:0合計病床数:340】広島県東広島市西条町田口２９５―３" }, "geometry": { "type": "Point", "coordinates": [ 132.724324, 34.393265 ] } },
{ "type": "Feature", "properties": { "ID": 3411340035040, "正式名称": "医療法人社団加藤会　高陽中央病院", "機関区分": 1, "都道府県コード": 34, "市区町村コード": 106, "所在地": "広島県広島市安佐北区落合５－１－１０", "緯度": 34.480335, "経度": 132.512587, "url": "https://www.iryou.teikyouseido.mhlw.go.jp/znk-web/juminkanja/S2430/initialize?prefCd=34&kikanCd=1340035040&kikanKbn=1", "url2": "https://koyochuobyouin.jimdoweb.com", "内容": "医療法人社団加藤会　高陽中央病院【1:病院】【診療科目:内科_循環器内科_消化器内科_整形外科_眼科_リハビリテーション科】【一般病床数:0療養病床数:55精神病床数:0感染症病床数:0合計病床数:55】広島県広島市安佐北区落合５－１－１０" }, "geometry": { "type": "Point", "coordinates": [ 132.512587, 34.480335 ] } },
{ "type": "Feature", "properties": { "ID": 3411340035170, "正式名称": "木村胃腸科病院", "機関区分": 1, "都道府県コード": 34, "市区町村コード": 202, "所在地": "広島県呉市三条３―５―２２", "緯度": 34.249055, "経度": 132.554511, "url": "https://www.iryou.teikyouseido.mhlw.go.jp/znk-web/juminkanja/S2430/initialize?prefCd=34&kikanCd=1340035170&kikanKbn=1", "url2": "http://kimura-hp.la.coocan.jp/", "内容": "木村胃腸科病院【1:病院】【診療科目:内科_消化器内科_放射線科】【一般病床数:0療養病床数:44精神病床数:0感染症病床数:0合計病床数:44】広島県呉市三条３―５―２２" }, "geometry": { "type": "Point", "coordinates": [ 132.554511, 34.249055 ] } },
{ "type": "Feature", "properties": { "ID": 3411340035620, "正式名称": "ナカムラ病院", "機関区分": 1, "都道府県コード": 34, "市区町村コード": 108, "所在地": "広島県広島市佐伯区坪井３－８１８ー１", "緯度": 34.382204, "経度": 132.334884, "url": "https://www.iryou.teikyouseido.mhlw.go.jp/znk-web/juminkanja/S2430/initialize?prefCd=34&kikanCd=1340035620&kikanKbn=1", "url2": "http://www.pia-gr.or.jp/", "内容": "ナカムラ病院【1:病院】【診療科目:内科_精神科_神経科_歯科_リハビリテーション科】【一般病床数:0療養病床数:50精神病床数:210感染症病床数:0合計病床数:260】広島県広島市佐伯区坪井３－８１８ー１" }, "geometry": { "type": "Point", "coordinates": [ 132.334884, 34.382204 ] } },
{ "type": "Feature", "properties": { "ID": 3411340035880, "正式名称": "医療法人叙叙会　福山第一病院", "機関区分": 1, "都道府県コード": 34, "市区町村コード": 207, "所在地": "広島県福山市南蔵王町五丁目１４－５", "緯度": 34.503737, "経度": 133.401984, "url": "https://www.iryou.teikyouseido.mhlw.go.jp/znk-web/juminkanja/S2430/initialize?prefCd=34&kikanCd=1340035880&kikanKbn=1", "url2": "http://www.jojokai.or.jp/", "内容": "医療法人叙叙会　福山第一病院【1:病院】【診療科目:内科_循環器内科_消化器内科_内視鏡内科_外科_脳神経外科_消化器外科_内視鏡外科_整形外科_泌尿器科_リハビリテーション科_放射線科_麻酔科】【一般病床数:82療養病床数:50精神病床数:0感染症病床数:0合計病床数:132】広島県福山市南蔵王町五丁目１４－５" }, "geometry": { "type": "Point", "coordinates": [ 133.401984, 34.503737 ] } },
{ "type": "Feature", "properties": { "ID": 3411340036050, "正式名称": "脳神経センター大田記念病院", "機関区分": 1, "都道府県コード": 34, "市区町村コード": 207, "所在地": "広島県福山市沖野上町３丁目６－２８", "緯度": 34.471738, "経度": 133.373291, "url": "https://www.iryou.teikyouseido.mhlw.go.jp/znk-web/juminkanja/S2430/initialize?prefCd=34&kikanCd=1340036050&kikanKbn=1", "url2": "https://otahp.jp", "内容": "脳神経センター大田記念病院【1:病院】【診療科目:内科_脳神経内科_循環器内科_脳神経外科_整形外科_形成外科_脊椎脊髄外科_小児神経科_皮膚科_泌尿器科_歯科_リハビリテーション科_放射線科_救急科_麻酔科】【一般病床数:199療養病床数:0精神病床数:0感染症病床数:0合計病床数:199】広島県福山市沖野上町３丁目６－２８" }, "geometry": { "type": "Point", "coordinates": [ 133.373291, 34.471738 ] } },
{ "type": "Feature", "properties": { "ID": 3411340037060, "正式名称": "日比野病院", "機関区分": 1, "都道府県コード": 34, "市区町村コード": 105, "所在地": "広島県広島市安佐南区伴東七丁目９番２号", "緯度": 34.464361, "経度": 132.421106, "url": "https://www.iryou.teikyouseido.mhlw.go.jp/znk-web/juminkanja/S2430/initialize?prefCd=34&kikanCd=1340037060&kikanKbn=1", "url2": "https://www.hibino.or.jp", "内容": "日比野病院【1:病院】【診療科目:内科_脳神経内科_呼吸器内科_循環器内科_消化器内科_脳神経外科_整形外科_リハビリテーション科】【一般病床数:51療養病床数:95精神病床数:0感染症病床数:0合計病床数:146】広島県広島市安佐南区伴東七丁目９番２号" }, "geometry": { "type": "Point", "coordinates": [ 132.421106, 34.464361 ] } },
{ "type": "Feature", "properties": { "ID": 3411340037220, "正式名称": "医療法人杏仁会　松尾内科病院", "機関区分": 1, "都道府県コード": 34, "市区町村コード": 204, "所在地": "広島県三原市城町三丁目７－１", "緯度": 34.396565, "経度": 133.08359, "url": "https://www.iryou.teikyouseido.mhlw.go.jp/znk-web/juminkanja/S2430/initialize?prefCd=34&kikanCd=1340037220&kikanKbn=1", "url2": "http://mihara-matuohp.or.jp", "内容": "医療法人杏仁会　松尾内科病院【1:病院】【診療科目:内科_呼吸器内科_循環器内科_消化器内科_腎臓内科_神経内科_リハビリテーション科_放射線科】【一般病床数:110療養病床数:0精神病床数:0感染症病床数:0合計病床数:110】広島県三原市城町三丁目７－１" }, "geometry": { "type": "Point", "coordinates": [ 133.08359, 34.396565 ] } },
{ "type": "Feature", "properties": { "ID": 3411340037640, "正式名称": "医療法人社団初仁会　桧田病院", "機関区分": 1, "都道府県コード": 34, "市区町村コード": 108, "所在地": "広島県広島市佐伯区五日市中央１－１－３２", "緯度": 34.367317, "経度": 132.35455, "url": "https://www.iryou.teikyouseido.mhlw.go.jp/znk-web/juminkanja/S2430/initialize?prefCd=34&kikanCd=1340037640&kikanKbn=1", "url2": "http://www.hinokida.com", "内容": "医療法人社団初仁会　桧田病院【1:病院】【診療科目:内科_リハビリテーション科】【一般病床数:0療養病床数:114精神病床数:0感染症病床数:0合計病床数:114】広島県広島市佐伯区五日市中央１－１－３２" }, "geometry": { "type": "Point", "coordinates": [ 132.35455, 34.367317 ] } },
{ "type": "Feature", "properties": { "ID": 3411340037800, "正式名称": "医療法人社団尚志会福山城西病院", "機関区分": 1, "都道府県コード": 34, "市区町村コード": 207, "所在地": "広島県福山市西町２―１１―３６", "緯度": 34.490044, "経度": 133.356544, "url": "https://www.iryou.teikyouseido.mhlw.go.jp/znk-web/juminkanja/S2430/initialize?prefCd=34&kikanCd=1340037800&kikanKbn=1", "url2": "http://fukuyamajousei.jp/", "内容": "医療法人社団尚志会福山城西病院【1:病院】【診療科目:内科_呼吸器内科_循環器内科_心臓血管内科_消化器内科_腎臓内科_人工透析内科_肝臓内科_外科_肛門外科_整形外科_リハビリテーション科】【一般病床数:32療養病床数:28精神病床数:0感染症病床数:0合計病床数:60】広島県福山市西町２―１１―３６" }, "geometry": { "type": "Point", "coordinates": [ 133.356544, 34.490044 ] } },
{ "type": "Feature", "properties": { "ID": 3411340037930, "正式名称": "医療法人社団光仁会梶川病院", "機関区分": 1, "都道府県コード": 34, "市区町村コード": 104, "所在地": "広島県広島市西区天満町８番７号", "緯度": 34.396426, "経度": 132.440486, "url": "https://www.iryou.teikyouseido.mhlw.go.jp/znk-web/juminkanja/S2430/initialize?prefCd=34&kikanCd=1340037930&kikanKbn=1", "url2": "http://www.kajikawa.or.jp", "内容": "医療法人社団光仁会梶川病院【1:病院】【診療科目:内科_血液内科_消化器内科_腎臓内科_人工透析内科_神経内科_外科_脳神経外科_腎臓外科_肛門外科_整形外科_泌尿器科_リハビリテーション科_放射線科】【一般病床数:48療養病床数:40精神病床数:0感染症病床数:0合計病床数:88】広島県広島市西区天満町８番７号" }, "geometry": { "type": "Point", "coordinates": [ 132.440486, 34.396426 ] } },
{ "type": "Feature", "properties": { "ID": 3411340038230, "正式名称": "医療法人社団曙会　シムラ病院", "機関区分": 1, "都道府県コード": 34, "市区町村コード": 101, "所在地": "広島県広島市中区舟入町３―１３", "緯度": 34.391825, "経度": 132.444035, "url": "https://www.iryou.teikyouseido.mhlw.go.jp/znk-web/juminkanja/S2430/initialize?prefCd=34&kikanCd=1340038230&kikanKbn=1", "url2": "http://www.shimura.hospital", "内容": "医療法人社団曙会　シムラ病院【1:病院】【診療科目:内科_循環器内科_消化器内科_外科_脳神経外科_消化器外科_乳腺外科_肛門外科_整形外科_精神科_リハビリテーション科_放射線科_麻酔科】【一般病床数:117療養病床数:0精神病床数:0感染症病床数:0合計病床数:117】広島県広島市中区舟入町３―１３" }, "geometry": { "type": "Point", "coordinates": [ 132.444035, 34.391825 ] } },
{ "type": "Feature", "properties": { "ID": 3411340038490, "正式名称": "医療法人たかまさ会　山崎病院", "機関区分": 1, "都道府県コード": 34, "市区町村コード": 102, "所在地": "広島県広島市東区上温品１－２４－９", "緯度": 34.421703, "経度": 132.512423, "url": "https://www.iryou.teikyouseido.mhlw.go.jp/znk-web/juminkanja/S2430/initialize?prefCd=34&kikanCd=1340038490&kikanKbn=1", "url2": "http://www.takamasa.or.jp", "内容": "医療法人たかまさ会　山崎病院【1:病院】【診療科目:内科_脳神経内科_呼吸器内科_循環器内科_消化器内科_歯科_リハビリテーション科_放射線科】【一般病床数:54療養病床数:94精神病床数:0感染症病床数:0合計病床数:148】広島県広島市東区上温品１－２４－９" }, "geometry": { "type": "Point", "coordinates": [ 132.512423, 34.421703 ] } },
{ "type": "Feature", "properties": { "ID": 3411340038650, "正式名称": "太田川病院", "機関区分": 1, "都道府県コード": 34, "市区町村コード": 102, "所在地": "広島県広島市東区戸坂千足１―２１―２５", "緯度": 34.436837, "経度": 132.483977, "url": "https://www.iryou.teikyouseido.mhlw.go.jp/znk-web/juminkanja/S2430/initialize?prefCd=34&kikanCd=1340038650&kikanKbn=1", "url2": "http://www.otagawa-hp.com", "内容": "太田川病院【1:病院】【診療科目:内科_糖尿病内科_呼吸器内科_循環器内科_消化器内科_外科_脳神経外科_消化器外科_大腸外科_肛門外科_整形外科_リウマチ科_リハビリテーション科_放射線科】【一般病床数:126療養病床数:88精神病床数:0感染症病床数:0合計病床数:214】広島県広島市東区戸坂千足１―２１―２５" }, "geometry": { "type": "Point", "coordinates": [ 132.483977, 34.436837 ] } },
{ "type": "Feature", "properties": { "ID": 3411340039080, "正式名称": "医療法人慈彗会　亀川病院", "機関区分": 1, "都道府県コード": 34, "市区町村コード": 207, "所在地": "広島県福山市神辺町下御領６８２－１", "緯度": 34.564965, "経度": 133.398645, "url": "https://www.iryou.teikyouseido.mhlw.go.jp/znk-web/juminkanja/S2430/initialize?prefCd=34&kikanCd=1340039080&kikanKbn=1", "url2": "http://www.kamegawa-hospital.jp", "内容": "医療法人慈彗会　亀川病院【1:病院】【診療科目:内科_神経内科_整形外科_形成外科_眼科_リハビリテーション科_麻酔科】【一般病床数:24療養病床数:50精神病床数:0感染症病床数:0合計病床数:74】広島県福山市神辺町下御領６８２－１" }, "geometry": { "type": "Point", "coordinates": [ 133.398645, 34.564965 ] } },
{ "type": "Feature", "properties": { "ID": 3411340039110, "正式名称": "医療法人徹慈会　堀病院", "機関区分": 1, "都道府県コード": 34, "市区町村コード": 207, "所在地": "広島県福山市沖野上町３－４－１３", "緯度": 34.471962, "経度": 133.372877, "url": "https://www.iryou.teikyouseido.mhlw.go.jp/znk-web/juminkanja/S2430/initialize?prefCd=34&kikanCd=1340039110&kikanKbn=1", "url2": "http://www.hori.or.jp/", "内容": "医療法人徹慈会　堀病院【1:病院】【診療科目:内科_形成外科_小児科_眼科_耳鼻いんこう科】【一般病床数:35療養病床数:0精神病床数:0感染症病床数:0合計病床数:35】広島県福山市沖野上町３－４－１３" }, "geometry": { "type": "Point", "coordinates": [ 133.372877, 34.471962 ] } },
{ "type": "Feature", "properties": { "ID": 3411340039240, "正式名称": "野村病院", "機関区分": 1, "都道府県コード": 34, "市区町村コード": 105, "所在地": "広島県広島市安佐南区祇園２－４２－１４", "緯度": 34.438978, "経度": 132.465204, "url": "https://www.iryou.teikyouseido.mhlw.go.jp/znk-web/juminkanja/S2430/initialize?prefCd=34&kikanCd=1340039240&kikanKbn=1", "url2": "http://www.medical-park.jp/", "内容": "野村病院【1:病院】【診療科目:内科_呼吸器内科_循環器内科_消化器内科_神経内科_内視鏡内科_外科_脳神経外科_消化器外科_乳腺外科_肛門外科_整形外科_皮膚科_リハビリテーション科】【一般病床数:52療養病床数:54精神病床数:0感染症病床数:0合計病床数:106】広島県広島市安佐南区祇園２－４２－１４" }, "geometry": { "type": "Point", "coordinates": [ 132.465204, 34.438978 ] } },
{ "type": "Feature", "properties": { "ID": 3411340039400, "正式名称": "医療法人　長久堂野村病院", "機関区分": 1, "都道府県コード": 34, "市区町村コード": 106, "所在地": "広島県広島市安佐北区可部南４丁目１７番３０号", "緯度": 34.505492, "経度": 132.513288, "url": "https://www.iryou.teikyouseido.mhlw.go.jp/znk-web/juminkanja/S2430/initialize?prefCd=34&kikanCd=1340039400&kikanKbn=1", "url2": "http://www.chokyudo-nomura.or.jp/", "内容": "医療法人　長久堂野村病院【1:病院】【診療科目:内科_循環器内科_胃腸内科_疼痛緩和内科_外科_胃腸外科_ペインクリニック外科_整形外科_リハビリテーション科_麻酔科】【一般病床数:40療養病床数:39精神病床数:0感染症病床数:0合計病床数:79】広島県広島市安佐北区可部南４丁目１７番３０号" }, "geometry": { "type": "Point", "coordinates": [ 132.513288, 34.505492 ] } },
{ "type": "Feature", "properties": { "ID": 3411340039530, "正式名称": "医療法人　土本病院", "機関区分": 1, "都道府県コード": 34, "市区町村コード": 101, "所在地": "広島県広島市中区橋本町４－７", "緯度": 34.395177, "経度": 132.469039, "url": "https://www.iryou.teikyouseido.mhlw.go.jp/znk-web/juminkanja/S2430/initialize?prefCd=34&kikanCd=1340039530&kikanKbn=1", "url2": null, "内容": "医療法人　土本病院【1:病院】【診療科目:内科_整形外科_リハビリテーション科】【一般病床数:0療養病床数:70精神病床数:0感染症病床数:0合計病床数:70】広島県広島市中区橋本町４－７" }, "geometry": { "type": "Point", "coordinates": [ 132.469039, 34.395177 ] } },
{ "type": "Feature", "properties": { "ID": 3411340039950, "正式名称": "医療法人宗斉会　須波宗斉会病院", "機関区分": 1, "都道府県コード": 34, "市区町村コード": 204, "所在地": "広島県三原市須波ハイツ２丁目３番１０号", "緯度": 34.352303, "経度": 133.07738, "url": "https://www.iryou.teikyouseido.mhlw.go.jp/znk-web/juminkanja/S2430/initialize?prefCd=34&kikanCd=1340039950&kikanKbn=1", "url2": "https://www.syusaikai.jp/", "内容": "医療法人宗斉会　須波宗斉会病院【1:病院】【診療科目:内科_糖尿病内科_呼吸器内科_消化器内科_神経内科_老年内科_内視鏡内科_外科_乳腺外科_肛門外科_整形外科_リハビリテーション科_放射線科】【一般病床数:40療養病床数:30精神病床数:0感染症病床数:0合計病床数:70】広島県三原市須波ハイツ２丁目３番１０号" }, "geometry": { "type": "Point", "coordinates": [ 133.07738, 34.352303 ] } },
{ "type": "Feature", "properties": { "ID": 3411340040060, "正式名称": "医療法人あかね会　土谷総合病院", "機関区分": 1, "都道府県コード": 34, "市区町村コード": 101, "所在地": "広島県広島市中区中島町３－３０", "緯度": 34.390222, "経度": 132.451593, "url": "https://www.iryou.teikyouseido.mhlw.go.jp/znk-web/juminkanja/S2430/initialize?prefCd=34&kikanCd=1340040060&kikanKbn=1", "url2": "http://www.tsuchiya-hp.jp/tsuchiya/access.html", "内容": "医療法人あかね会　土谷総合病院【1:病院】【診療科目:内科_感染症内科_内分泌内科_呼吸器内科_循環器内科_消化器内科_腎臓内科_人工透析内科_外科_心臓血管外科_肛門外科_整形外科_バスキュラーアクセス（透析シャント）作製・治療外来_小児科_産婦人科_眼科_耳鼻いんこう科_皮膚科_泌尿器科_精神科_リウマチ科_放射線科_病理診断科_麻酔科】【一般病床数:351療養病床数:0精神病床数:0感染症病床数:0合計病床数:351】広島県広島市中区中島町３－３０" }, "geometry": { "type": "Point", "coordinates": [ 132.451593, 34.390222 ] } },
{ "type": "Feature", "properties": { "ID": 3411340040480, "正式名称": "因島医師会病院", "機関区分": 1, "都道府県コード": 34, "市区町村コード": 205, "所在地": "広島県尾道市因島中庄町１９６２", "緯度": 34.313103, "経度": 133.152988, "url": "https://www.iryou.teikyouseido.mhlw.go.jp/znk-web/juminkanja/S2430/initialize?prefCd=34&kikanCd=1340040480&kikanKbn=1", "url2": "http://www.innoshima.com/ishikai/hospital/", "内容": "因島医師会病院【1:病院】【診療科目:内科_糖尿病内科_呼吸器内科_循環器内科_消化器内科_外科_整形外科_眼科_耳鼻いんこう科_皮膚科_泌尿器科_精神科_心療内科_リハビリテーション科_放射線科】【一般病床数:144療養病床数:53精神病床数:0感染症病床数:0合計病床数:197】広島県尾道市因島中庄町１９６２" }, "geometry": { "type": "Point", "coordinates": [ 133.152988, 34.313103 ] } },
{ "type": "Feature", "properties": { "ID": 3411340040640, "正式名称": "高陽ニュータウン病院", "機関区分": 1, "都道府県コード": 34, "市区町村コード": 106, "所在地": "広島県広島市安佐北区亀崎４－７－１", "緯度": 34.482181, "経度": 132.525858, "url": "https://www.iryou.teikyouseido.mhlw.go.jp/znk-web/juminkanja/S2430/initialize?prefCd=34&kikanCd=1340040640&kikanKbn=1", "url2": "http://www.usuikai.jp", "内容": "高陽ニュータウン病院【1:病院】【診療科目:内科_脳神経内科_循環器内科_消化器内科_肝臓内科_整形外科_小児科_眼科_リハビリテーション科_放射線科】【一般病床数:90療養病床数:50精神病床数:0感染症病床数:0合計病床数:140】広島県広島市安佐北区亀崎４－７－１" }, "geometry": { "type": "Point", "coordinates": [ 132.525858, 34.482181 ] } },
{ "type": "Feature", "properties": { "ID": 3411340040770, "正式名称": "医療法人辰川会　山陽病院", "機関区分": 1, "都道府県コード": 34, "市区町村コード": 207, "所在地": "広島県福山市野上町２丁目８－２", "緯度": 34.478056, "経度": 133.365046, "url": "https://www.iryou.teikyouseido.mhlw.go.jp/znk-web/juminkanja/S2430/initialize?prefCd=34&kikanCd=1340040770&kikanKbn=1", "url2": "http://www.sanyo.or.jp", "内容": "医療法人辰川会　山陽病院【1:病院】【診療科目:内科_外科_整形外科_泌尿器科_リハビリテーション科】【一般病床数:82療養病床数:0精神病床数:0感染症病床数:0合計病床数:82】広島県福山市野上町２丁目８－２" }, "geometry": { "type": "Point", "coordinates": [ 133.365046, 34.478056 ] } },
{ "type": "Feature", "properties": { "ID": 3411340040800, "正式名称": "医療法人社団玉章会　力田病院", "機関区分": 1, "都道府県コード": 34, "市区町村コード": 104, "所在地": "広島県広島市西区鈴が峰町１４－２０", "緯度": 34.382122, "経度": 132.397129, "url": "https://www.iryou.teikyouseido.mhlw.go.jp/znk-web/juminkanja/S2430/initialize?prefCd=34&kikanCd=1340040800&kikanKbn=1", "url2": "http://rikitabyouin.life.coocan.jp/", "内容": "医療法人社団玉章会　力田病院【1:病院】【診療科目:内科_呼吸器内科_循環器内科_消化器内科_整形外科_リハビリテーション科】【一般病床数:0療養病床数:86精神病床数:0感染症病床数:0合計病床数:86】広島県広島市西区鈴が峰町１４－２０" }, "geometry": { "type": "Point", "coordinates": [ 132.397129, 34.382122 ] } },
{ "type": "Feature", "properties": { "ID": 3411340040930, "正式名称": "医療法人社団重松会　松本病院", "機関区分": 1, "都道府県コード": 34, "市区町村コード": 205, "所在地": "広島県尾道市久保３－１４－２２", "緯度": 34.410263, "経度": 133.208476, "url": "https://www.iryou.teikyouseido.mhlw.go.jp/znk-web/juminkanja/S2430/initialize?prefCd=34&kikanCd=1340040930&kikanKbn=1", "url2": "https://chuo-line.heteml.net/matsumoto-hp.com/", "内容": "医療法人社団重松会　松本病院【1:病院】【診療科目:内科_呼吸器内科_循環器内科_消化器内科_胃腸内科_神経内科_リハビリテーション科_放射線科】【一般病床数:0療養病床数:138精神病床数:0感染症病床数:0合計病床数:138】広島県尾道市久保３－１４－２２" }, "geometry": { "type": "Point", "coordinates": [ 133.208476, 34.410263 ] } },
{ "type": "Feature", "properties": { "ID": 3411340041070, "正式名称": "三原市医師会病院", "機関区分": 1, "都道府県コード": 34, "市区町村コード": 204, "所在地": "広島県三原市宮浦１丁目１５番１号", "緯度": 34.400187, "経度": 133.064212, "url": "https://www.iryou.teikyouseido.mhlw.go.jp/znk-web/juminkanja/S2430/initialize?prefCd=34&kikanCd=1340041070&kikanKbn=1", "url2": "http://www.mihara-hiroshima-med.jp", "内容": "三原市医師会病院【1:病院】【診療科目:内科_糖尿病内科_脳神経内科_呼吸器内科_循環器内科_人工透析内科_外科_呼吸器外科_乳腺外科_肛門外科_整形外科_泌尿器科】【一般病床数:143療養病床数:44精神病床数:0感染症病床数:0合計病床数:187】広島県三原市宮浦１丁目１５番１号" }, "geometry": { "type": "Point", "coordinates": [ 133.064212, 34.400187 ] } },
{ "type": "Feature", "properties": { "ID": 3411340041360, "正式名称": "尾道市立市民病院", "機関区分": 1, "都道府県コード": 34, "市区町村コード": 205, "所在地": "広島県尾道市新高山３－１１７０－１７７", "緯度": 34.421798, "経度": 133.213754, "url": "https://www.iryou.teikyouseido.mhlw.go.jp/znk-web/juminkanja/S2430/initialize?prefCd=34&kikanCd=1340041360&kikanKbn=1", "url2": "http://www.onomichi-hospital.jp/", "内容": "尾道市立市民病院【1:病院】【診療科目:内科_脳神経内科_呼吸器内科_循環器内科_消化器内科_外科_脳神経外科_血管外科_乳腺外科_肛門外科_整形外科_形成外科_小児科_産婦人科_眼科_耳鼻いんこう科_皮膚科_泌尿器科_精神科_歯科口腔外科_アレルギー科_リウマチ科_リハビリテーション科_放射線科_救急科_麻酔科】【一般病床数:263療養病床数:0精神病床数:0感染症病床数:0合計病床数:263】広島県尾道市新高山３－１１７０－１７７" }, "geometry": { "type": "Point", "coordinates": [ 133.213754, 34.421798 ] } },
{ "type": "Feature", "properties": { "ID": 3411340041810, "正式名称": "医療法人社団神田会　木曽病院", "機関区分": 1, "都道府県コード": 34, "市区町村コード": 205, "所在地": "広島県尾道市神田町２－２４", "緯度": 34.402494, "経度": 133.16937, "url": "https://www.iryou.teikyouseido.mhlw.go.jp/znk-web/juminkanja/S2430/initialize?prefCd=34&kikanCd=1340041810&kikanKbn=1", "url2": "https://www.kiso-hospital.or.jp", "内容": "医療法人社団神田会　木曽病院【1:病院】【診療科目:内科_循環器内科_消化器内科_腎臓内科_神経内科_外科_整形外科_リハビリテーション科】【一般病床数:81療養病床数:52精神病床数:0感染症病床数:0合計病床数:133】広島県尾道市神田町２－２４" }, "geometry": { "type": "Point", "coordinates": [ 133.16937, 34.402494 ] } },
{ "type": "Feature", "properties": { "ID": 3411340041940, "正式名称": "医療法人東和会　小林病院", "機関区分": 1, "都道府県コード": 34, "市区町村コード": 207, "所在地": "広島県福山市春日町七丁目１－１８", "緯度": 34.510064, "経度": 133.413754, "url": "https://www.iryou.teikyouseido.mhlw.go.jp/znk-web/juminkanja/S2430/initialize?prefCd=34&kikanCd=1340041940&kikanKbn=1", "url2": "http://www.towakai.or.jp", "内容": "医療法人東和会　小林病院【1:病院】【診療科目:内科_呼吸器内科_循環器内科_神経内科_小児科_歯科_放射線科】【一般病床数:0療養病床数:60精神病床数:0感染症病床数:0合計病床数:60】広島県福山市春日町七丁目１－１８" }, "geometry": { "type": "Point", "coordinates": [ 133.413754, 34.510064 ] } },
{ "type": "Feature", "properties": { "ID": 3411340042400, "正式名称": "医療法人社団薫風会　横山病院", "機関区分": 1, "都道府県コード": 34, "市区町村コード": 202, "所在地": "広島県呉市広古新開２－５－２０", "緯度": 34.234361, "経度": 132.614943, "url": "https://www.iryou.teikyouseido.mhlw.go.jp/znk-web/juminkanja/S2430/initialize?prefCd=34&kikanCd=1340042400&kikanKbn=1", "url2": "https://www.kunpuukai.org", "内容": "医療法人社団薫風会　横山病院【1:病院】【診療科目:内科_脳神経内科_循環器内科_脳神経外科_リハビリテーション科】【一般病床数:40療養病床数:0精神病床数:0感染症病床数:0合計病床数:40】広島県呉市広古新開２－５－２０" }, "geometry": { "type": "Point", "coordinates": [ 132.614943, 34.234361 ] } },
{ "type": "Feature", "properties": { "ID": 3411340043540, "正式名称": "荒木脳神経外科病院", "機関区分": 1, "都道府県コード": 34, "市区町村コード": 104, "所在地": "広島県広島市西区庚午北二丁目８－７", "緯度": 34.390649, "経度": 132.421877, "url": "https://www.iryou.teikyouseido.mhlw.go.jp/znk-web/juminkanja/S2430/initialize?prefCd=34&kikanCd=1340043540&kikanKbn=1", "url2": "http://www.arakihp.jp", "内容": "荒木脳神経外科病院【1:病院】【診療科目:内科_循環器内科_消化器内科_神経内科_外科_脳神経外科_リハビリテーション科_放射線診断科】【一般病床数:110療養病床数:0精神病床数:0感染症病床数:0合計病床数:110】広島県広島市西区庚午北二丁目８－７" }, "geometry": { "type": "Point", "coordinates": [ 132.421877, 34.390649 ] } },
{ "type": "Feature", "properties": { "ID": 3411340043670, "正式名称": "医療法人恒和会　松石病院", "機関区分": 1, "都道府県コード": 34, "市区町村コード": 107, "所在地": "広島県広島市安芸区船越南三丁目２３－３", "緯度": 34.370292, "経度": 132.524591, "url": "https://www.iryou.teikyouseido.mhlw.go.jp/znk-web/juminkanja/S2430/initialize?prefCd=34&kikanCd=1340043670&kikanKbn=1", "url2": "https://matsuishi-hp.or.jp/", "内容": "医療法人恒和会　松石病院【1:病院】【診療科目:内科_内分泌内科_循環器内科_消化器内科_肝臓内科_ペインクリニック内科_外科_乳腺外科_肛門外科_整形外科_リハビリテーション科】【一般病床数:58療養病床数:0精神病床数:0感染症病床数:0合計病床数:58】広島県広島市安芸区船越南三丁目２３－３" }, "geometry": { "type": "Point", "coordinates": [ 132.524591, 34.370292 ] } },
{ "type": "Feature", "properties": { "ID": 3411340043830, "正式名称": "医療法人同仁会　府中中央内科病院", "機関区分": 1, "都道府県コード": 34, "市区町村コード": 208, "所在地": "広島県府中市高木町４０２番地", "緯度": 34.564839, "経度": 133.24355, "url": "https://www.iryou.teikyouseido.mhlw.go.jp/znk-web/juminkanja/S2430/initialize?prefCd=34&kikanCd=1340043830&kikanKbn=1", "url2": "https://www.doujin-hosp.jp", "内容": "医療法人同仁会　府中中央内科病院【1:病院】【診療科目:内科_糖尿病内科_呼吸器内科_消化器内科_リウマチ科】【一般病床数:45療養病床数:0精神病床数:0感染症病床数:0合計病床数:45】広島県府中市高木町４０２番地" }, "geometry": { "type": "Point", "coordinates": [ 133.24355, 34.564839 ] } },
{ "type": "Feature", "properties": { "ID": 3411340043960, "正式名称": "医療法人社団朋和会　西広島リハビリテーション病院", "機関区分": 1, "都道府県コード": 34, "市区町村コード": 108, "所在地": "広島県広島市佐伯区三宅６－２６５", "緯度": 34.378315, "経度": 132.339245, "url": "https://www.iryou.teikyouseido.mhlw.go.jp/znk-web/juminkanja/S2430/initialize?prefCd=34&kikanCd=1340043960&kikanKbn=1", "url2": "https://www.welnet.jp/", "内容": "医療法人社団朋和会　西広島リハビリテーション病院【1:病院】【診療科目:内科_脳神経外科_整形外科_リハビリテーション科】【一般病床数:139療養病床数:0精神病床数:0感染症病床数:0合計病床数:139】広島県広島市佐伯区三宅６－２６５" }, "geometry": { "type": "Point", "coordinates": [ 132.339245, 34.378315 ] } },
{ "type": "Feature", "properties": { "ID": 3411340044000, "正式名称": "医療法人社団健照会　住吉ふじい病院", "機関区分": 1, "都道府県コード": 34, "市区町村コード": 207, "所在地": "広島県福山市住吉町４番１号", "緯度": 34.485878, "経度": 133.371155, "url": "https://www.iryou.teikyouseido.mhlw.go.jp/znk-web/juminkanja/S2430/initialize?prefCd=34&kikanCd=1340044000&kikanKbn=1", "url2": "http://www.seo-hp.or.jp", "内容": "医療法人社団健照会　住吉ふじい病院【1:病院】【診療科目:内科_呼吸器内科_気管食道内科_循環器内科_消化器内科_整形外科_皮膚科_泌尿器科_リハビリテーション科_放射線科】【一般病床数:45療養病床数:36精神病床数:0感染症病床数:0合計病床数:81】広島県福山市住吉町４番１号" }, "geometry": { "type": "Point", "coordinates": [ 133.371155, 34.485878 ] } },
{ "type": "Feature", "properties": { "ID": 3411340044130, "正式名称": "医療法人仁康会　本郷中央病院", "機関区分": 1, "都道府県コード": 34, "市区町村コード": 204, "所在地": "広島県三原市下北方一丁目７番３０号", "緯度": 34.406324, "経度": 132.975247, "url": "https://www.iryou.teikyouseido.mhlw.go.jp/znk-web/juminkanja/S2430/initialize?prefCd=34&kikanCd=1340044130&kikanKbn=1", "url2": "http://www.jinkokai.jp/", "内容": "医療法人仁康会　本郷中央病院【1:病院】【診療科目:内科_糖尿病内科_呼吸器内科_循環器内科_胃腸内科_外科_呼吸器外科_心臓血管外科_消化器外科_整形外科_眼科_耳鼻いんこう科_泌尿器科_心療内科_リウマチ科_リハビリテーション科】【一般病床数:81療養病床数:0精神病床数:0感染症病床数:0合計病床数:81】広島県三原市下北方一丁目７番３０号" }, "geometry": { "type": "Point", "coordinates": [ 132.975247, 34.406324 ] } },
{ "type": "Feature", "properties": { "ID": 3411340044390, "正式名称": "庄原同仁病院", "機関区分": 1, "都道府県コード": 34, "市区町村コード": 210, "所在地": "広島県庄原市川北町字久井田８９０－１", "緯度": 34.880662, "経度": 133.003084, "url": "https://www.iryou.teikyouseido.mhlw.go.jp/znk-web/juminkanja/S2430/initialize?prefCd=34&kikanCd=1340044390&kikanKbn=1", "url2": "https://nagaekai.com/", "内容": "庄原同仁病院【1:病院】【診療科目:内科】【一般病床数:0療養病床数:60精神病床数:0感染症病床数:0合計病床数:60】広島県庄原市川北町字久井田８９０－１" }, "geometry": { "type": "Point", "coordinates": [ 133.003084, 34.880662 ] } },
{ "type": "Feature", "properties": { "ID": 3411340044550, "正式名称": "下永病院", "機関区分": 1, "都道府県コード": 34, "市区町村コード": 207, "所在地": "広島県福山市金江町藁江５９０－１", "緯度": 34.441187, "経度": 133.305912, "url": "https://www.iryou.teikyouseido.mhlw.go.jp/znk-web/juminkanja/S2430/initialize?prefCd=34&kikanCd=1340044550&kikanKbn=1", "url2": "eiwa-kai.or.jp", "内容": "下永病院【1:病院】【診療科目:精神科】【一般病床数:0療養病床数:0精神病床数:159感染症病床数:0合計病床数:159】広島県福山市金江町藁江５９０－１" }, "geometry": { "type": "Point", "coordinates": [ 133.305912, 34.441187 ] } },
{ "type": "Feature", "properties": { "ID": 3411340044680, "正式名称": "福山友愛病院", "機関区分": 1, "都道府県コード": 34, "市区町村コード": 207, "所在地": "広島県福山市水呑町７３０２ー２", "緯度": 34.43603, "経度": 133.397526, "url": "https://www.iryou.teikyouseido.mhlw.go.jp/znk-web/juminkanja/S2430/initialize?prefCd=34&kikanCd=1340044680&kikanKbn=1", "url2": "https://yuai-hospital.or.jp/", "内容": "福山友愛病院【1:病院】【診療科目:内科_精神科_心療内科】【一般病床数:0療養病床数:0精神病床数:347感染症病床数:0合計病床数:347】広島県福山市水呑町７３０２ー２" }, "geometry": { "type": "Point", "coordinates": [ 133.397526, 34.43603 ] } },
{ "type": "Feature", "properties": { "ID": 3411340044710, "正式名称": "康成病院", "機関区分": 1, "都道府県コード": 34, "市区町村コード": 212, "所在地": "広島県東広島市黒瀬町楢原７５７番地", "緯度": 34.326389, "経度": 132.66379, "url": "https://www.iryou.teikyouseido.mhlw.go.jp/znk-web/juminkanja/S2430/initialize?prefCd=34&kikanCd=1340044710&kikanKbn=1", "url2": null, "内容": "康成病院【1:病院】【診療科目:内科】【一般病床数:0療養病床数:74精神病床数:0感染症病床数:0合計病床数:74】広島県東広島市黒瀬町楢原７５７番地" }, "geometry": { "type": "Point", "coordinates": [ 132.66379, 34.326389 ] } },
{ "type": "Feature", "properties": { "ID": 3411340044970, "正式名称": "医療法人あかね会　阿品土谷病院", "機関区分": 1, "都道府県コード": 34, "市区町村コード": 213, "所在地": "広島県廿日市市阿品４丁目５１番１号", "緯度": 34.320127, "経度": 132.310556, "url": "https://www.iryou.teikyouseido.mhlw.go.jp/znk-web/juminkanja/S2430/initialize?prefCd=34&kikanCd=1340044970&kikanKbn=1", "url2": "http://www.tsuchiya-hp.jp/", "内容": "医療法人あかね会　阿品土谷病院【1:病院】【診療科目:内科_循環器内科_外科_リハビリテーション科_放射線科】【一般病床数:0療養病床数:214精神病床数:0感染症病床数:0合計病床数:214】広島県廿日市市阿品４丁目５１番１号" }, "geometry": { "type": "Point", "coordinates": [ 132.310556, 34.320127 ] } },
{ "type": "Feature", "properties": { "ID": 3411340045010, "正式名称": "済生会広島病院", "機関区分": 1, "都道府県コード": 34, "市区町村コード": 309, "所在地": "広島県安芸郡坂町北新地２丁目３番１０号", "緯度": 34.350789, "経度": 132.518644, "url": "https://www.iryou.teikyouseido.mhlw.go.jp/znk-web/juminkanja/S2430/initialize?prefCd=34&kikanCd=1340045010&kikanKbn=1", "url2": "https://www.saiseikai.com/", "内容": "済生会広島病院【1:病院】【診療科目:内科_糖尿病内科_脳神経内科_呼吸器内科_循環器内科_消化器内科_肝臓内科_外科_脳神経外科_消化器外科_乳腺外科_大腸・肛門外科_腫瘍外科_整形外科_形成外科_眼科_皮膚科_泌尿器科_精神科_心療内科_リハビリテーション科_放射線科_麻酔科】【一般病床数:298療養病床数:0精神病床数:0感染症病床数:0合計病床数:298】広島県安芸郡坂町北新地２丁目３番１０号" }, "geometry": { "type": "Point", "coordinates": [ 132.518644, 34.350789 ] } },
{ "type": "Feature", "properties": { "ID": 3411340045140, "正式名称": "水永リハビリテーション病院", "機関区分": 1, "都道府県コード": 34, "市区町村コード": 207, "所在地": "広島県福山市南蔵王町四丁目１６－１６", "緯度": 34.498738, "経度": 133.397346, "url": "https://www.iryou.teikyouseido.mhlw.go.jp/znk-web/juminkanja/S2430/initialize?prefCd=34&kikanCd=1340045140&kikanKbn=1", "url2": "https://www.mizunaga-reha.com/", "内容": "水永リハビリテーション病院【1:病院】【診療科目:内科_循環器内科_消化器内科_外科_消化器外科_整形外科_形成外科_美容外科_皮膚科_泌尿器科_リウマチ科_リハビリテーション科_放射線科】【一般病床数:0療養病床数:73精神病床数:0感染症病床数:0合計病床数:73】広島県福山市南蔵王町四丁目１６－１６" }, "geometry": { "type": "Point", "coordinates": [ 133.397346, 34.498738 ] } },
{ "type": "Feature", "properties": { "ID": 3411340045270, "正式名称": "医療法人社団中川会　呉中通病院", "機関区分": 1, "都道府県コード": 34, "市区町村コード": 202, "所在地": "広島県呉市中通１丁目３－８", "緯度": 34.24425, "経度": 132.562149, "url": "https://www.iryou.teikyouseido.mhlw.go.jp/znk-web/juminkanja/S2430/initialize?prefCd=34&kikanCd=1340045270&kikanKbn=1", "url2": "http://nakagawakai.jp", "内容": "医療法人社団中川会　呉中通病院【1:病院】【診療科目:内科_神経内科_脳神経外科_整形外科_リウマチ科_リハビリテーション科_放射線科】【一般病床数:80療養病床数:43精神病床数:0感染症病床数:0合計病床数:123】広島県呉市中通１丁目３－８" }, "geometry": { "type": "Point", "coordinates": [ 132.562149, 34.24425 ] } },
{ "type": "Feature", "properties": { "ID": 3411340045430, "正式名称": "西福山病院", "機関区分": 1, "都道府県コード": 34, "市区町村コード": 207, "所在地": "広島県福山市松永町３４０－１", "緯度": 34.451796, "経度": 133.259388, "url": "https://www.iryou.teikyouseido.mhlw.go.jp/znk-web/juminkanja/S2430/initialize?prefCd=34&kikanCd=1340045430&kikanKbn=1", "url2": "https://nishifuk.or.jp", "内容": "西福山病院【1:病院】【診療科目:内科_呼吸器内科_循環器内科_消化器内科_胃腸内科_神経内科_内視鏡内科_外科_消化器外科_肛門外科_整形外科_小児科_産婦人科_皮膚科_泌尿器科_リハビリテーション科_放射線科_救急科_麻酔科】【一般病床数:62療養病床数:60精神病床数:0感染症病床数:0合計病床数:122】広島県福山市松永町３４０－１" }, "geometry": { "type": "Point", "coordinates": [ 133.259388, 34.451796 ] } },
{ "type": "Feature", "properties": { "ID": 3411340045560, "正式名称": "医療法人社団大仁会　大石病院", "機関区分": 1, "都道府県コード": 34, "市区町村コード": 207, "所在地": "広島県福山市川口町１丁目７－１５", "緯度": 34.472268, "経度": 133.387348, "url": "https://www.iryou.teikyouseido.mhlw.go.jp/znk-web/juminkanja/S2430/initialize?prefCd=34&kikanCd=1340045560&kikanKbn=1", "url2": "http://www.oishi-hp.or.jp/", "内容": "医療法人社団大仁会　大石病院【1:病院】【診療科目:内科_糖尿病内科_糖尿病・内分泌内科_糖尿病・代謝内科_消化器内科_胃腸内科_内視鏡内科_外科_整形外科_リウマチ科_リハビリテーション科_放射線科】【一般病床数:50療養病床数:0精神病床数:0感染症病床数:0合計病床数:50】広島県福山市川口町１丁目７－１５" }, "geometry": { "type": "Point", "coordinates": [ 133.387348, 34.472268 ] } },
{ "type": "Feature", "properties": { "ID": 3411340045690, "正式名称": "楠本病院", "機関区分": 1, "都道府県コード": 34, "市区町村コード": 207, "所在地": "広島県福山市曙町三丁目１９－１８", "緯度": 34.470407, "経度": 133.397042, "url": "https://www.iryou.teikyouseido.mhlw.go.jp/znk-web/juminkanja/S2430/initialize?prefCd=34&kikanCd=1340045690&kikanKbn=1", "url2": "http://kusumoto.or.jp/", "内容": "楠本病院【1:病院】【診療科目:内科_呼吸器内科_消化器内科_外科_呼吸器外科_消化器外科_肛門外科_整形外科_形成外科_泌尿器科_リハビリテーション科_放射線科_麻酔科】【一般病床数:97療養病床数:0精神病床数:0感染症病床数:0合計病床数:97】広島県福山市曙町三丁目１９－１８" }, "geometry": { "type": "Point", "coordinates": [ 133.397042, 34.470407 ] } },
{ "type": "Feature", "properties": { "ID": 3411340045850, "正式名称": "医療法人社団生和会　たかの橋中央病院", "機関区分": 1, "都道府県コード": 34, "市区町村コード": 101, "所在地": "広島県広島市中区国泰寺町二丁目４－１６", "緯度": 34.383511, "経度": 132.45443, "url": "https://www.iryou.teikyouseido.mhlw.go.jp/znk-web/juminkanja/S2430/initialize?prefCd=34&kikanCd=1340045850&kikanKbn=1", "url2": "https://www.takanobashichuo-hp.jp/", "内容": "医療法人社団生和会　たかの橋中央病院【1:病院】【診療科目:内科_循環器内科_脳神経外科_心臓血管外科_小児循環器内科_皮膚科_リハビリテーション科_放射線科】【一般病床数:104療養病床数:0精神病床数:0感染症病床数:0合計病床数:104】広島県広島市中区国泰寺町二丁目４－１６" }, "geometry": { "type": "Point", "coordinates": [ 132.45443, 34.383511 ] } },
{ "type": "Feature", "properties": { "ID": 3411340046020, "正式名称": "南海田病院", "機関区分": 1, "都道府県コード": 34, "市区町村コード": 304, "所在地": "広島県安芸郡海田町栄町２－４２", "緯度": 34.363543, "経度": 132.533035, "url": "https://www.iryou.teikyouseido.mhlw.go.jp/znk-web/juminkanja/S2430/initialize?prefCd=34&kikanCd=1340046020&kikanKbn=1", "url2": "http://www.minamikaita.jp./", "内容": "南海田病院【1:病院】【診療科目:内科_血液内科_人工透析内科_外科】【一般病床数:20療養病床数:40精神病床数:0感染症病床数:0合計病床数:60】広島県安芸郡海田町栄町２－４２" }, "geometry": { "type": "Point", "coordinates": [ 132.533035, 34.363543 ] } },
{ "type": "Feature", "properties": { "ID": 3411340046150, "正式名称": "公立下蒲刈病院", "機関区分": 1, "都道府県コード": 34, "市区町村コード": 202, "所在地": "広島県呉市下蒲刈町下島２１２０－４", "緯度": 34.192944, "経度": 132.678594, "url": "https://www.iryou.teikyouseido.mhlw.go.jp/znk-web/juminkanja/S2430/initialize?prefCd=34&kikanCd=1340046150&kikanKbn=1", "url2": "https://www.city.kure.lg.jp/site/simokama-subhp/", "内容": "公立下蒲刈病院【1:病院】【診療科目:内科_脳神経内科_循環器内科_消化器内科_外科_脳神経外科_整形外科_小児科_眼科_耳鼻いんこう科_歯科_歯科口腔外科_リハビリテーション科_放射線科】【一般病床数:49療養病床数:0精神病床数:0感染症病床数:0合計病床数:49】広島県呉市下蒲刈町下島２１２０－４" }, "geometry": { "type": "Point", "coordinates": [ 132.678594, 34.192944 ] } },
{ "type": "Feature", "properties": { "ID": 3411340046280, "正式名称": "北広島病院", "機関区分": 1, "都道府県コード": 34, "市区町村コード": 369, "所在地": "広島県山県郡北広島町壬生４３３－４", "緯度": 34.680426, "経度": 132.552075, "url": "https://www.iryou.teikyouseido.mhlw.go.jp/znk-web/juminkanja/S2430/initialize?prefCd=34&kikanCd=1340046280&kikanKbn=1", "url2": "http://www.m-meiwakai.jp", "内容": "北広島病院【1:病院】【診療科目:内科_呼吸器内科_循環器内科_消化器内科_整形外科_小児科_産婦人科_耳鼻いんこう科_皮膚科_泌尿器科_精神科_心療内科_リハビリテーション科】【一般病床数:55療養病床数:0精神病床数:0感染症病床数:0合計病床数:55】広島県山県郡北広島町壬生４３３－４" }, "geometry": { "type": "Point", "coordinates": [ 132.552075, 34.680426 ] } },
{ "type": "Feature", "properties": { "ID": 3411340046440, "正式名称": "医療法人　コムラ病院", "機関区分": 1, "都道府県コード": 34, "市区町村コード": 105, "所在地": "広島県広島市安佐南区相田一丁目１６番２９号", "緯度": 34.469835, "経度": 132.456842, "url": "https://www.iryou.teikyouseido.mhlw.go.jp/znk-web/juminkanja/S2430/initialize?prefCd=34&kikanCd=1340046440&kikanKbn=1", "url2": "https://www.komura-hosp.com/", "内容": "医療法人　コムラ病院【1:病院】【診療科目:内科_呼吸器内科】【一般病床数:0療養病床数:20精神病床数:0感染症病床数:0合計病床数:20】広島県広島市安佐南区相田一丁目１６番２９号" }, "geometry": { "type": "Point", "coordinates": [ 132.456842, 34.469835 ] } },
{ "type": "Feature", "properties": { "ID": 3411340046570, "正式名称": "佐藤病院", "機関区分": 1, "都道府県コード": 34, "市区町村コード": 202, "所在地": "広島県呉市三条３－４－２５", "緯度": 34.248583, "経度": 132.555816, "url": "https://www.iryou.teikyouseido.mhlw.go.jp/znk-web/juminkanja/S2430/initialize?prefCd=34&kikanCd=1340046570&kikanKbn=1", "url2": null, "内容": "佐藤病院【1:病院】【診療科目:内科_婦人科】【一般病床数:0療養病床数:42精神病床数:0感染症病床数:0合計病床数:42】広島県呉市三条３－４－２５" }, "geometry": { "type": "Point", "coordinates": [ 132.555816, 34.248583 ] } },
{ "type": "Feature", "properties": { "ID": 3411340046600, "正式名称": "医療法人社団　はまい会　大君浜井病院", "機関区分": 1, "都道府県コード": 34, "市区町村コード": 215, "所在地": "広島県江田島市大柿町大君９６２番地１", "緯度": 34.171868, "経度": 132.477049, "url": "https://www.iryou.teikyouseido.mhlw.go.jp/znk-web/juminkanja/S2430/initialize?prefCd=34&kikanCd=1340046600&kikanKbn=1", "url2": null, "内容": "医療法人社団　はまい会　大君浜井病院【1:病院】【診療科目:内科_消化器内科_胃腸内科_外科_リハビリテーション科_放射線科】【一般病床数:0療養病床数:35精神病床数:0感染症病床数:0合計病床数:35】広島県江田島市大柿町大君９６２番地１" }, "geometry": { "type": "Point", "coordinates": [ 132.477049, 34.171868 ] } },
{ "type": "Feature", "properties": { "ID": 3411340046990, "正式名称": "メープルヒル病院", "機関区分": 1, "都道府県コード": 34, "市区町村コード": 211, "所在地": "広島県大竹市玖波５－２ー１", "緯度": 34.256826, "経度": 132.223427, "url": "https://www.iryou.teikyouseido.mhlw.go.jp/znk-web/juminkanja/S2430/initialize?prefCd=34&kikanCd=1340046990&kikanKbn=1", "url2": "https://www.tijinkai.or.jp", "内容": "メープルヒル病院【1:病院】【診療科目:内科_呼吸器内科_胃腸内科_老年内科_精神科_心療内科_歯科_リハビリテーション科】【一般病床数:0療養病床数:48精神病床数:296感染症病床数:0合計病床数:344】広島県大竹市玖波５－２ー１" }, "geometry": { "type": "Point", "coordinates": [ 132.223427, 34.256826 ] } },
{ "type": "Feature", "properties": { "ID": 3411340047030, "正式名称": "廿日市野村病院", "機関区分": 1, "都道府県コード": 34, "市区町村コード": 213, "所在地": "広島県廿日市市宮内４２０９－２", "緯度": 34.33998, "経度": 132.298779, "url": "https://www.iryou.teikyouseido.mhlw.go.jp/znk-web/juminkanja/S2430/initialize?prefCd=34&kikanCd=1340047030&kikanKbn=1", "url2": "https://www.miyauchi.or.jp/", "内容": "廿日市野村病院【1:病院】【診療科目:内科_呼吸器内科_消化器内科_神経内科_精神科_心療内科_リハビリテーション科_放射線科】【一般病床数:34療養病床数:68精神病床数:0感染症病床数:0合計病床数:102】広島県廿日市市宮内４２０９－２" }, "geometry": { "type": "Point", "coordinates": [ 132.298779, 34.33998 ] } },
{ "type": "Feature", "properties": { "ID": 3411340047160, "正式名称": "医療法人社団　慶寿会　千代田中央病院", "機関区分": 1, "都道府県コード": 34, "市区町村コード": 369, "所在地": "広島県山県郡北広島町有田１１９２番地", "緯度": 34.673926, "経度": 132.539132, "url": "https://www.iryou.teikyouseido.mhlw.go.jp/znk-web/juminkanja/S2430/initialize?prefCd=34&kikanCd=1340047160&kikanKbn=1", "url2": "http://www.cch.or.jp", "内容": "医療法人社団　慶寿会　千代田中央病院【1:病院】【診療科目:内科_循環器内科_消化器内科_人工透析内科_外科_ペインクリニック外科_整形外科_眼科_耳鼻いんこう科_皮膚科_リハビリテーション科_放射線科_麻酔科】【一般病床数:50療養病床数:70精神病床数:0感染症病床数:0合計病床数:120】広島県山県郡北広島町有田１１９２番地" }, "geometry": { "type": "Point", "coordinates": [ 132.539132, 34.673926 ] } },
{ "type": "Feature", "properties": { "ID": 3411340047290, "正式名称": "千代田病院", "機関区分": 1, "都道府県コード": 34, "市区町村コード": 369, "所在地": "広島県山県郡北広島町今田３８６０", "緯度": 34.683203, "経度": 132.52391, "url": "https://www.iryou.teikyouseido.mhlw.go.jp/znk-web/juminkanja/S2430/initialize?prefCd=34&kikanCd=1340047290&kikanKbn=1", "url2": "http://www.chiyoda-hospital.or.jp", "内容": "千代田病院【1:病院】【診療科目:内科_神経内科_精神科_リハビリテーション科】【一般病床数:0療養病床数:0精神病床数:158感染症病床数:0合計病床数:158】広島県山県郡北広島町今田３８６０" }, "geometry": { "type": "Point", "coordinates": [ 132.52391, 34.683203 ] } },
{ "type": "Feature", "properties": { "ID": 3411340047320, "正式名称": "佐伯中央病院", "機関区分": 1, "都道府県コード": 34, "市区町村コード": 213, "所在地": "広島県廿日市市津田４１８０", "緯度": 34.36698, "経度": 132.176037, "url": "https://www.iryou.teikyouseido.mhlw.go.jp/znk-web/juminkanja/S2430/initialize?prefCd=34&kikanCd=1340047320&kikanKbn=1", "url2": "https://www.saikichuou.jp", "内容": "佐伯中央病院【1:病院】【診療科目:内科_外科_整形外科_リハビリテーション科_放射線科】【一般病床数:38療養病床数:0精神病床数:0感染症病床数:0合計病床数:38】広島県廿日市市津田４１８０" }, "geometry": { "type": "Point", "coordinates": [ 132.176037, 34.36698 ] } },
{ "type": "Feature", "properties": { "ID": 3411340047450, "正式名称": "医療法人微風会　ビハーラ花の里病院", "機関区分": 1, "都道府県コード": 34, "市区町村コード": 209, "所在地": "広島県三次市山家町６０５－２０", "緯度": 34.846552, "経度": 132.836543, "url": "https://www.iryou.teikyouseido.mhlw.go.jp/znk-web/juminkanja/S2430/initialize?prefCd=34&kikanCd=1340047450&kikanKbn=1", "url2": "http://mifukai.jp/", "内容": "医療法人微風会　ビハーラ花の里病院【1:病院】【診療科目:内科_神経内科_歯科_リハビリテーション科_放射線科】【一般病床数:0療養病床数:290精神病床数:0感染症病床数:0合計病床数:290】広島県三次市山家町６０５－２０" }, "geometry": { "type": "Point", "coordinates": [ 132.836543, 34.846552 ] } },
{ "type": "Feature", "properties": { "ID": 3411340047580, "正式名称": "五日市記念病院", "機関区分": 1, "都道府県コード": 34, "市区町村コード": 108, "所在地": "広島県広島市佐伯区倉重一丁目９５番地", "緯度": 34.383287, "経度": 132.351744, "url": "https://www.iryou.teikyouseido.mhlw.go.jp/znk-web/juminkanja/S2430/initialize?prefCd=34&kikanCd=1340047580&kikanKbn=1", "url2": "http://www.seifu.or.jp/imh/index.html", "内容": "五日市記念病院【1:病院】【診療科目:内科_血液内科_循環器内科_消化器内科_神経内科_外科_脳神経外科_心臓血管外科_消化器外科_内視鏡外科_整形外科_リハビリテーション科】【一般病床数:180療養病床数:0精神病床数:0感染症病床数:0合計病床数:180】広島県広島市佐伯区倉重一丁目９５番地" }, "geometry": { "type": "Point", "coordinates": [ 132.351744, 34.383287 ] } },
{ "type": "Feature", "properties": { "ID": 3411340047610, "正式名称": "医療法人社団仁慈会　安田病院", "機関区分": 1, "都道府県コード": 34, "市区町村コード": 203, "所在地": "広島県竹原市下野町３１３６番地", "緯度": 34.352689, "経度": 132.900394, "url": "https://www.iryou.teikyouseido.mhlw.go.jp/znk-web/juminkanja/S2430/initialize?prefCd=34&kikanCd=1340047610&kikanKbn=1", "url2": "http://www.yasudabyouin.com/", "内容": "医療法人社団仁慈会　安田病院【1:病院】【診療科目:内科_脳神経内科_呼吸器内科_循環器内科_消化器内科_外科_脳神経外科_整形外科_婦人科_耳鼻いんこう科_泌尿器科_精神科_リハビリテーション科_麻酔科】【一般病床数:113療養病床数:40精神病床数:0感染症病床数:0合計病床数:153】広島県竹原市下野町３１３６番地" }, "geometry": { "type": "Point", "coordinates": [ 132.900394, 34.352689 ] } },
{ "type": "Feature", "properties": { "ID": 3411340047870, "正式名称": "井野口病院", "機関区分": 1, "都道府県コード": 34, "市区町村コード": 212, "所在地": "広島県東広島市西条土与丸六丁目１番９１号", "緯度": 34.427179, "経度": 132.752347, "url": "https://www.iryou.teikyouseido.mhlw.go.jp/znk-web/juminkanja/S2430/initialize?prefCd=34&kikanCd=1340047870&kikanKbn=1", "url2": "http://inokuchi.or.jp", "内容": "井野口病院【1:病院】【診療科目:内科_脳神経内科_呼吸器内科_循環器内科_消化器内科_外科_脳神経外科_消化器外科_肛門外科_整形外科_泌尿器科_リハビリテーション科_病理診断科】【一般病床数:188療養病床数:0精神病床数:0感染症病床数:0合計病床数:188】広島県東広島市西条土与丸六丁目１番９１号" }, "geometry": { "type": "Point", "coordinates": [ 132.752347, 34.427179 ] } },
{ "type": "Feature", "properties": { "ID": 3411340047900, "正式名称": "医療法人真慈会　真愛病院", "機関区分": 1, "都道府県コード": 34, "市区町村コード": 212, "所在地": "広島県東広島市黒瀬町兼広２７９番地", "緯度": 34.321577, "経度": 132.659888, "url": "https://www.iryou.teikyouseido.mhlw.go.jp/znk-web/juminkanja/S2430/initialize?prefCd=34&kikanCd=1340047900&kikanKbn=1", "url2": "shin-ai-hp.jp", "内容": "医療法人真慈会　真愛病院【1:病院】【診療科目:内科_循環器内科_神経内科_形成外科_皮膚科_リハビリテーション科】【一般病床数:0療養病床数:55精神病床数:0感染症病床数:0合計病床数:55】広島県東広島市黒瀬町兼広２７９番地" }, "geometry": { "type": "Point", "coordinates": [ 132.659888, 34.321577 ] } },
{ "type": "Feature", "properties": { "ID": 3411340048170, "正式名称": "大朝ふるさと病院", "機関区分": 1, "都道府県コード": 34, "市区町村コード": 369, "所在地": "広島県山県郡北広島町新庄２１４７番地の１", "緯度": 34.763221, "経度": 132.485882, "url": "https://www.iryou.teikyouseido.mhlw.go.jp/znk-web/juminkanja/S2430/initialize?prefCd=34&kikanCd=1340048170&kikanKbn=1", "url2": "http://ooasafurusato.jp", "内容": "大朝ふるさと病院【1:病院】【診療科目:内科_外科_脳神経外科_整形外科_リウマチ科_リハビリテーション科】【一般病床数:36療養病床数:0精神病床数:0感染症病床数:0合計病床数:36】広島県山県郡北広島町新庄２１４７番地の１" }, "geometry": { "type": "Point", "coordinates": [ 132.485882, 34.763221 ] } },
{ "type": "Feature", "properties": { "ID": 3411340048460, "正式名称": "大野浦病院", "機関区分": 1, "都道府県コード": 34, "市区町村コード": 213, "所在地": "広島県廿日市市丸石二丁目３－３５", "緯度": 34.275092, "経度": 132.261439, "url": "https://www.iryou.teikyouseido.mhlw.go.jp/znk-web/juminkanja/S2430/initialize?prefCd=34&kikanCd=1340048460&kikanKbn=1", "url2": "https://www.onoura.or.jp", "内容": "大野浦病院【1:病院】【診療科目:内科_整形外科_精神科_神経科_リハビリテーション科】【一般病床数:0療養病床数:120精神病床数:0感染症病床数:0合計病床数:120】広島県廿日市市丸石二丁目３－３５" }, "geometry": { "type": "Point", "coordinates": [ 132.261439, 34.275092 ] } },
{ "type": "Feature", "properties": { "ID": 3411340048590, "正式名称": "東広島記念病院", "機関区分": 1, "都道府県コード": 34, "市区町村コード": 212, "所在地": "広島県東広島市西条町吉行２２１４", "緯度": 34.43815, "経度": 132.756069, "url": "https://www.iryou.teikyouseido.mhlw.go.jp/znk-web/juminkanja/S2430/initialize?prefCd=34&kikanCd=1340048590&kikanKbn=1", "url2": "http://www.hmh.or.jp/", "内容": "東広島記念病院【1:病院】【診療科目:内科_呼吸器内科_循環器内科_消化器内科_婦人科_アレルギー科_リウマチ科_放射線診断科】【一般病床数:27療養病床数:0精神病床数:0感染症病床数:0合計病床数:27】広島県東広島市西条町吉行２２１４" }, "geometry": { "type": "Point", "coordinates": [ 132.756069, 34.43815 ] } },
{ "type": "Feature", "properties": { "ID": 3411340048620, "正式名称": "市立三次中央病院", "機関区分": 1, "都道府県コード": 34, "市区町村コード": 209, "所在地": "広島県三次市東酒屋町１０５３１番地", "緯度": 34.782004, "経度": 132.867572, "url": "https://www.iryou.teikyouseido.mhlw.go.jp/znk-web/juminkanja/S2430/initialize?prefCd=34&kikanCd=1340048620&kikanKbn=1", "url2": "http://www.miyoshi-central-hospital.jp", "内容": "市立三次中央病院【1:病院】【診療科目:内科_血液内科_糖尿病内科_代謝・内分泌内科_呼吸器内科_循環器内科_消化器内科_腎臓内科_緩和ケア内科_外科_脳神経外科_呼吸器外科_心臓血管外科_消化器外科_乳腺外科_整形外科_形成外科_小児科_産婦人科_眼科_耳鼻いんこう科_皮膚科_泌尿器科_歯科口腔外科_リウマチ科_リハビリテーション科_放射線診断科_放射線治療科_病理診断科_救急科_麻酔科】【一般病床数:328療養病床数:0精神病床数:0感染症病床数:0合計病床数:328】広島県三次市東酒屋町１０５３１番地" }, "geometry": { "type": "Point", "coordinates": [ 132.867572, 34.782004 ] } },
{ "type": "Feature", "properties": { "ID": 3411340048880, "正式名称": "医療法人和同会　広島グリーンヒル病院", "機関区分": 1, "都道府県コード": 34, "市区町村コード": 108, "所在地": "広島県広島市佐伯区五日市町下河内１８８－６", "緯度": 34.407812, "経度": 132.353354, "url": "https://www.iryou.teikyouseido.mhlw.go.jp/znk-web/juminkanja/S2430/initialize?prefCd=34&kikanCd=1340048880&kikanKbn=1", "url2": "http://www.gh.wadoukai.jp", "内容": "医療法人和同会　広島グリーンヒル病院【1:病院】【診療科目:内科_脳神経内科_リハビリテーション科_放射線科】【一般病床数:0療養病床数:150精神病床数:0感染症病床数:0合計病床数:150】広島県広島市佐伯区五日市町下河内１８８－６" }, "geometry": { "type": "Point", "coordinates": [ 132.353354, 34.407812 ] } },
{ "type": "Feature", "properties": { "ID": 3411340048910, "正式名称": "土肥整形外科病院", "機関区分": 1, "都道府県コード": 34, "市区町村コード": 212, "所在地": "広島県東広島市西条町西条東１２８３－２", "緯度": 34.424429, "経度": 132.738849, "url": "https://www.iryou.teikyouseido.mhlw.go.jp/znk-web/juminkanja/S2430/initialize?prefCd=34&kikanCd=1340048910&kikanKbn=1", "url2": "https://dohiseikei.or.jp", "内容": "土肥整形外科病院【1:病院】【診療科目:整形外科_形成外科_リハビリテーション科_麻酔科】【一般病床数:50療養病床数:15精神病床数:0感染症病床数:0合計病床数:65】広島県東広島市西条町西条東１２８３－２" }, "geometry": { "type": "Point", "coordinates": [ 132.738849, 34.424429 ] } },
{ "type": "Feature", "properties": { "ID": 3411340049050, "正式名称": "沼隈病院", "機関区分": 1, "都道府県コード": 34, "市区町村コード": 207, "所在地": "広島県福山市沼隈町中山南４６９－３", "緯度": 34.419245, "経度": 133.32305, "url": "https://www.iryou.teikyouseido.mhlw.go.jp/znk-web/juminkanja/S2430/initialize?prefCd=34&kikanCd=1340049050&kikanKbn=1", "url2": "http://www.shounankai.or.jp", "内容": "沼隈病院【1:病院】【診療科目:内科_呼吸器内科_気管食道内科_循環器内科_消化器内科_胃腸内科_外科_脳神経外科_呼吸器外科_消化器外科_肛門外科_整形外科_形成外科_小児科_婦人科_耳鼻いんこう科_泌尿器科_歯科_リハビリテーション科_麻酔科】【一般病床数:60療養病床数:58精神病床数:0感染症病床数:0合計病床数:118】広島県福山市沼隈町中山南４６９－３" }, "geometry": { "type": "Point", "coordinates": [ 133.32305, 34.419245 ] } },
{ "type": "Feature", "properties": { "ID": 3411340049180, "正式名称": "医療法人社団葵会　八本松病院", "機関区分": 1, "都道府県コード": 34, "市区町村コード": 212, "所在地": "広島県東広島市八本松東三丁目９－３０", "緯度": 34.446204, "経度": 132.709683, "url": "https://www.iryou.teikyouseido.mhlw.go.jp/znk-web/juminkanja/S2430/initialize?prefCd=34&kikanCd=1340049180&kikanKbn=1", "url2": "www.aoikai.jp/shisetu/hachihonmatsu/index.h", "内容": "医療法人社団葵会　八本松病院【1:病院】【診療科目:内科_呼吸器内科_循環器内科_消化器内科_外科_脳神経外科_消化器外科_整形外科_小児科_眼科_アレルギー科_リハビリテーション科_放射線科】【一般病床数:91療養病床数:144精神病床数:0感染症病床数:0合計病床数:235】広島県東広島市八本松東三丁目９－３０" }, "geometry": { "type": "Point", "coordinates": [ 132.709683, 34.446204 ] } },
{ "type": "Feature", "properties": { "ID": 3411340049210, "正式名称": "ふたば病院", "機関区分": 1, "都道府県コード": 34, "市区町村コード": 202, "所在地": "広島県呉市広白石４丁目７番２２号", "緯度": 34.226476, "経度": 132.642033, "url": "https://www.iryou.teikyouseido.mhlw.go.jp/znk-web/juminkanja/S2430/initialize?prefCd=34&kikanCd=1340049210&kikanKbn=1", "url2": "http://www.wakokai.jp", "内容": "ふたば病院【1:病院】【診療科目:内科_精神科_心療内科_リハビリテーション科_放射線科】【一般病床数:0療養病床数:0精神病床数:186感染症病床数:0合計病床数:186】広島県呉市広白石４丁目７番２２号" }, "geometry": { "type": "Point", "coordinates": [ 132.642033, 34.226476 ] } },
{ "type": "Feature", "properties": { "ID": 3411340049500, "正式名称": "医療法人和同会　広島パークヒル病院", "機関区分": 1, "都道府県コード": 34, "市区町村コード": 104, "所在地": "広島県広島市西区田方２丁目１６番４５号", "緯度": 34.391815, "経度": 132.396156, "url": "https://www.iryou.teikyouseido.mhlw.go.jp/znk-web/juminkanja/S2430/initialize?prefCd=34&kikanCd=1340049500&kikanKbn=1", "url2": "http://www.ph.wadoukai.jp/", "内容": "医療法人和同会　広島パークヒル病院【1:病院】【診療科目:内科_脳神経内科_リハビリテーション科_放射線科】【一般病床数:18療養病床数:96精神病床数:0感染症病床数:0合計病床数:114】広島県広島市西区田方２丁目１６番４５号" }, "geometry": { "type": "Point", "coordinates": [ 132.396156, 34.391815 ] } },
{ "type": "Feature", "properties": { "ID": 3411340049630, "正式名称": "原田整形外科病院", "機関区分": 1, "都道府県コード": 34, "市区町村コード": 105, "所在地": "広島県広島市安佐南区上安二丁目１５番２７号", "緯度": 34.473252, "経度": 132.444954, "url": "https://www.iryou.teikyouseido.mhlw.go.jp/znk-web/juminkanja/S2430/initialize?prefCd=34&kikanCd=1340049630&kikanKbn=1", "url2": "https://harada-orthopedic.jp/", "内容": "原田整形外科病院【1:病院】【診療科目:外科_整形外科_リウマチ科_リハビリテーション科_麻酔科】【一般病床数:51療養病床数:0精神病床数:0感染症病床数:0合計病床数:51】広島県広島市安佐南区上安二丁目１５番２７号" }, "geometry": { "type": "Point", "coordinates": [ 132.444954, 34.473252 ] } },
{ "type": "Feature", "properties": { "ID": 3411340049760, "正式名称": "三次地区医療センター", "機関区分": 1, "都道府県コード": 34, "市区町村コード": 209, "所在地": "広島県三次市十日市東三丁目１６－１", "緯度": 34.810223, "経度": 132.860404, "url": "https://www.iryou.teikyouseido.mhlw.go.jp/znk-web/juminkanja/S2430/initialize?prefCd=34&kikanCd=1340049760&kikanKbn=1", "url2": "https://www.miyoshi.hiroshima.med.or.jp", "内容": "三次地区医療センター【1:病院】【診療科目:内科_循環器内科_消化器内科_リハビリテーション科_放射線科】【一般病床数:50療養病床数:100精神病床数:0感染症病床数:0合計病床数:150】広島県三次市十日市東三丁目１６－１" }, "geometry": { "type": "Point", "coordinates": [ 132.860404, 34.810223 ] } },
{ "type": "Feature", "properties": { "ID": 3411340049920, "正式名称": "医療法人紅萌会　福山記念病院", "機関区分": 1, "都道府県コード": 34, "市区町村コード": 207, "所在地": "広島県福山市港町一丁目１５番３０号", "緯度": 34.484267, "経度": 133.380265, "url": "https://www.iryou.teikyouseido.mhlw.go.jp/znk-web/juminkanja/S2430/initialize?prefCd=34&kikanCd=1340049920&kikanKbn=1", "url2": "http://www.kbk-group.or.jp/", "内容": "医療法人紅萌会　福山記念病院【1:病院】【診療科目:内科_外科_脳神経外科_整形外科_形成外科_リハビリテーション科】【一般病床数:0療養病床数:99精神病床数:0感染症病床数:0合計病床数:99】広島県福山市港町一丁目１５番３０号" }, "geometry": { "type": "Point", "coordinates": [ 133.380265, 34.484267 ] } },
{ "type": "Feature", "properties": { "ID": 3411340050030, "正式名称": "広島厚生病院", "機関区分": 1, "都道府県コード": 34, "市区町村コード": 103, "所在地": "広島県広島市南区仁保新町一丁目５－１３", "緯度": 34.377679, "経度": 132.490538, "url": "https://www.iryou.teikyouseido.mhlw.go.jp/znk-web/juminkanja/S2430/initialize?prefCd=34&kikanCd=1340050030&kikanKbn=1", "url2": "http//www.hiroshimakosei.or.jp", "内容": "広島厚生病院【1:病院】【診療科目:内科_脳神経内科_呼吸器内科_循環器内科_消化器内科_外科_乳腺外科_整形外科_皮膚科_泌尿器科_心療内科_リハビリテーション科_放射線科】【一般病床数:150療養病床数:0精神病床数:0感染症病床数:0合計病床数:150】広島県広島市南区仁保新町一丁目５－１３" }, "geometry": { "type": "Point", "coordinates": [ 132.490538, 34.377679 ] } },
{ "type": "Feature", "properties": { "ID": 3411340050160, "正式名称": "医療法人社団有信会呉記念病院", "機関区分": 1, "都道府県コード": 34, "市区町村コード": 202, "所在地": "広島県呉市郷原町２３７９番地４２", "緯度": 34.305662, "経度": 132.652, "url": "https://www.iryou.teikyouseido.mhlw.go.jp/znk-web/juminkanja/S2430/initialize?prefCd=34&kikanCd=1340050160&kikanKbn=1", "url2": "https://www.kurekinen.jp/", "内容": "医療法人社団有信会呉記念病院【1:病院】【診療科目:内科_整形外科_泌尿器科_リハビリテーション科】【一般病床数:46療養病床数:47精神病床数:0感染症病床数:0合計病床数:93】広島県呉市郷原町２３７９番地４２" }, "geometry": { "type": "Point", "coordinates": [ 132.652, 34.305662 ] } },
{ "type": "Feature", "properties": { "ID": 3411340050290, "正式名称": "医療法人社団　親和会　やまと病院", "機関区分": 1, "都道府県コード": 34, "市区町村コード": 211, "所在地": "広島県大竹市元町一丁目１－５", "緯度": 34.206943, "経度": 132.216958, "url": "https://www.iryou.teikyouseido.mhlw.go.jp/znk-web/juminkanja/S2430/initialize?prefCd=34&kikanCd=1340050290&kikanKbn=1", "url2": null, "内容": "医療法人社団　親和会　やまと病院【1:病院】【診療科目:内科】【一般病床数:0療養病床数:50精神病床数:0感染症病床数:0合計病床数:50】広島県大竹市元町一丁目１－５" }, "geometry": { "type": "Point", "coordinates": [ 132.216958, 34.206943 ] } },
{ "type": "Feature", "properties": { "ID": 3411340050580, "正式名称": "廿日市記念病院", "機関区分": 1, "都道府県コード": 34, "市区町村コード": 213, "所在地": "広島県廿日市市陽光台５丁目１２番", "緯度": 34.356262, "経度": 132.308193, "url": "https://www.iryou.teikyouseido.mhlw.go.jp/znk-web/juminkanja/S2430/initialize?prefCd=34&kikanCd=1340050580&kikanKbn=1", "url2": "http://www.seifu.or.jp/hmh/", "内容": "廿日市記念病院【1:病院】【診療科目:内科_呼吸器内科_循環器内科_外科_脳神経外科_整形外科_リハビリテーション科】【一般病床数:38療養病床数:88精神病床数:0感染症病床数:0合計病床数:126】広島県廿日市市陽光台５丁目１２番" }, "geometry": { "type": "Point", "coordinates": [ 132.308193, 34.356262 ] } },
{ "type": "Feature", "properties": { "ID": 3411340050610, "正式名称": "広島市医師会運営・安芸市民病院", "機関区分": 1, "都道府県コード": 34, "市区町村コード": 107, "所在地": "広島県広島市安芸区畑賀二丁目１４番１号", "緯度": 34.392754, "経度": 132.552514, "url": "https://www.iryou.teikyouseido.mhlw.go.jp/znk-web/juminkanja/S2430/initialize?prefCd=34&kikanCd=1340050610&kikanKbn=1", "url2": "http://www.hosp.city.hiroshima.med.or.jp/", "内容": "広島市医師会運営・安芸市民病院【1:病院】【診療科目:内科_呼吸器内科_循環器内科_外科_小児科_リハビリテーション科】【一般病床数:80療養病床数:60精神病床数:0感染症病床数:0合計病床数:140】広島県広島市安芸区畑賀二丁目１４番１号" }, "geometry": { "type": "Point", "coordinates": [ 132.552514, 34.392754 ] } },
{ "type": "Feature", "properties": { "ID": 3411340050740, "正式名称": "備北ななつか病院", "機関区分": 1, "都道府県コード": 34, "市区町村コード": 210, "所在地": "広島県庄原市七塚町国武１６１３", "緯度": 34.837972, "経度": 132.966811, "url": "https://www.iryou.teikyouseido.mhlw.go.jp/znk-web/juminkanja/S2430/initialize?prefCd=34&kikanCd=1340050740&kikanKbn=1", "url2": "https://www.nanatsuka.jp/", "内容": "備北ななつか病院【1:病院】【診療科目:内科】【一般病床数:0療養病床数:113精神病床数:0感染症病床数:0合計病床数:113】広島県庄原市七塚町国武１６１３" }, "geometry": { "type": "Point", "coordinates": [ 132.966811, 34.837972 ] } },
{ "type": "Feature", "properties": { "ID": 3411340050870, "正式名称": "木阪病院", "機関区分": 1, "都道府県コード": 34, "市区町村コード": 212, "所在地": "広島県東広島市西条町土与丸１２３５番地", "緯度": 34.427345, "経度": 132.757875, "url": "https://www.iryou.teikyouseido.mhlw.go.jp/znk-web/juminkanja/S2430/initialize?prefCd=34&kikanCd=1340050870&kikanKbn=1", "url2": "https://www.kisaka-hp.or.jp", "内容": "木阪病院【1:病院】【診療科目:内科_循環器内科_消化器内科_神経内科_外科_脳神経外科_肛門外科_整形外科_皮膚科_リハビリテーション科】【一般病床数:32療養病床数:48精神病床数:0感染症病床数:0合計病床数:80】広島県東広島市西条町土与丸１２３５番地" }, "geometry": { "type": "Point", "coordinates": [ 132.757875, 34.427345 ] } },
{ "type": "Feature", "properties": { "ID": 3411340051040, "正式名称": "医療法人社団慈恵会　いまだ病院", "機関区分": 1, "都道府県コード": 34, "市区町村コード": 104, "所在地": "広島県広島市西区三篠町一丁目５番１号", "緯度": 34.411753, "経度": 132.453042, "url": "https://www.iryou.teikyouseido.mhlw.go.jp/znk-web/juminkanja/S2430/initialize?prefCd=34&kikanCd=1340051040&kikanKbn=1", "url2": "http://www.imada-hospital.or.jp/", "内容": "医療法人社団慈恵会　いまだ病院【1:病院】【診療科目:胃腸内科_外科_肛門外科_整形外科_眼科_リハビリテーション科】【一般病床数:50療養病床数:0精神病床数:0感染症病床数:0合計病床数:50】広島県広島市西区三篠町一丁目５番１号" }, "geometry": { "type": "Point", "coordinates": [ 132.453042, 34.411753 ] } },
{ "type": "Feature", "properties": { "ID": 3411340051330, "正式名称": "医療法人ワカサ会　ワカサ・リハビリ病院", "機関区分": 1, "都道府県コード": 34, "市区町村コード": 102, "所在地": "広島県広島市東区東山町１５番１号", "緯度": 34.396705, "経度": 132.493093, "url": "https://www.iryou.teikyouseido.mhlw.go.jp/znk-web/juminkanja/S2430/initialize?prefCd=34&kikanCd=1340051330&kikanKbn=1", "url2": "https//wakasa-reha-hp.jp/", "内容": "医療法人ワカサ会　ワカサ・リハビリ病院【1:病院】【診療科目:内科_循環器内科_神経内科_リハビリテーション科】【一般病床数:0療養病床数:155精神病床数:0感染症病床数:0合計病床数:155】広島県広島市東区東山町１５番１号" }, "geometry": { "type": "Point", "coordinates": [ 132.493093, 34.396705 ] } },
{ "type": "Feature", "properties": { "ID": 3411340051460, "正式名称": "医療法人社団一陽会　原田病院", "機関区分": 1, "都道府県コード": 34, "市区町村コード": 108, "所在地": "広島県広島市佐伯区海老山町７番１０号", "緯度": 34.36406, "経度": 132.364351, "url": "https://www.iryou.teikyouseido.mhlw.go.jp/znk-web/juminkanja/S2430/initialize?prefCd=34&kikanCd=1340051460&kikanKbn=1", "url2": "https://www.icy.or.jp/harada-hospital/", "内容": "医療法人社団一陽会　原田病院【1:病院】【診療科目:内科_糖尿病・代謝内科_呼吸器内科_循環器内科_消化器内科_腎臓内科_整形外科_透析外科_泌尿器科_リハビリテーション科_放射線科_麻酔科】【一般病床数:120療養病床数:0精神病床数:0感染症病床数:0合計病床数:120】広島県広島市佐伯区海老山町７番１０号" }, "geometry": { "type": "Point", "coordinates": [ 132.364351, 34.36406 ] } },
{ "type": "Feature", "properties": { "ID": 3411340051620, "正式名称": "公立学校共済組合　中国中央病院", "機関区分": 1, "都道府県コード": 34, "市区町村コード": 207, "所在地": "広島県福山市御幸町上岩成１４８番１３", "緯度": 34.548082, "経度": 133.347988, "url": "https://www.iryou.teikyouseido.mhlw.go.jp/znk-web/juminkanja/S2430/initialize?prefCd=34&kikanCd=1340051620&kikanKbn=1", "url2": "http://www.kouritu-cch.jp/", "内容": "公立学校共済組合　中国中央病院【1:病院】【診療科目:内科_血液内科_糖尿病・内分泌内科_呼吸器内科_循環器内科_消化器内科_腎臓内科_外科_脳神経外科_呼吸器外科_食道外科_消化器外科_大腸外科_肝臓・胆のう・膵臓外科_乳腺外科_乳腺・内分泌外科_大腸・肛門外科_内視鏡外科_整形外科_外科系その他_小児科_産科_婦人科_眼科_耳鼻いんこう科_皮膚科_泌尿器科_精神科_歯科口腔外科_リウマチ科_リハビリテーション科_放射線科_病理診断科_臨床検査科_麻酔科】【一般病床数:237療養病床数:0精神病床数:0感染症病床数:0合計病床数:243】広島県福山市御幸町上岩成１４８番１３" }, "geometry": { "type": "Point", "coordinates": [ 133.347988, 34.548082 ] } },
{ "type": "Feature", "properties": { "ID": 3411340051880, "正式名称": "医療法人社団公仁会　槇殿順記念病院", "機関区分": 1, "都道府県コード": 34, "市区町村コード": 104, "所在地": "広島県広島市西区横川新町８－２１", "緯度": 34.408203, "経度": 132.447068, "url": "https://www.iryou.teikyouseido.mhlw.go.jp/znk-web/juminkanja/S2430/initialize?prefCd=34&kikanCd=1340051880&kikanKbn=1", "url2": "http://www.makidono-ism.or.jp/", "内容": "医療法人社団公仁会　槇殿順記念病院【1:病院】【診療科目:内科_呼吸器外科_消化器外科_腫瘍外科_内視鏡外科_婦人科_眼科_放射線科_麻酔科】【一般病床数:28療養病床数:0精神病床数:0感染症病床数:0合計病床数:28】広島県広島市西区横川新町８－２１" }, "geometry": { "type": "Point", "coordinates": [ 132.447068, 34.408203 ] } },
{ "type": "Feature", "properties": { "ID": 3411340051910, "正式名称": "広島中央保健生活協同組合　生協さえき病院", "機関区分": 1, "都道府県コード": 34, "市区町村コード": 108, "所在地": "広島県広島市佐伯区八幡東３－１１－２９", "緯度": 34.387843, "経度": 132.364937, "url": "https://www.iryou.teikyouseido.mhlw.go.jp/znk-web/juminkanja/S2430/initialize?prefCd=34&kikanCd=1340051910&kikanKbn=1", "url2": "http://www.hch.coop/hch/saeki/saeki.htm", "内容": "広島中央保健生活協同組合　生協さえき病院【1:病院】【診療科目:内科_呼吸器内科_循環器内科_消化器内科_整形外科_リハビリテーション科】【一般病床数:54療養病床数:60精神病床数:0感染症病床数:0合計病床数:114】広島県広島市佐伯区八幡東３－１１－２９" }, "geometry": { "type": "Point", "coordinates": [ 132.364937, 34.387843 ] } },
{ "type": "Feature", "properties": { "ID": 3411340052050, "正式名称": "医療法人信英会　島谷病院", "機関区分": 1, "都道府県コード": 34, "市区町村コード": 207, "所在地": "広島県福山市新涯町２丁目５番８号", "緯度": 34.462796, "経度": 133.397098, "url": "https://www.iryou.teikyouseido.mhlw.go.jp/znk-web/juminkanja/S2430/initialize?prefCd=34&kikanCd=1340052050&kikanKbn=1", "url2": "https://shima-hp.or.jp/", "内容": "医療法人信英会　島谷病院【1:病院】【診療科目:内科_外科_整形外科_皮膚泌尿器科_泌尿器科_リハビリテーション科_麻酔科】【一般病床数:23療養病床数:30精神病床数:0感染症病床数:0合計病床数:53】広島県福山市新涯町２丁目５番８号" }, "geometry": { "type": "Point", "coordinates": [ 133.397098, 34.462796 ] } },
{ "type": "Feature", "properties": { "ID": 3411340052180, "正式名称": "医療法人みずの会　さんよう水野病院", "機関区分": 1, "都道府県コード": 34, "市区町村コード": 105, "所在地": "広島県広島市安佐南区川内４丁目１３号３３番", "緯度": 34.462781, "経度": 132.488979, "url": "https://www.iryou.teikyouseido.mhlw.go.jp/znk-web/juminkanja/S2430/initialize?prefCd=34&kikanCd=1340052180&kikanKbn=1", "url2": "https://www.sanyo-mizunohp.com/", "内容": "医療法人みずの会　さんよう水野病院【1:病院】【診療科目:内科_呼吸器内科_循環器内科_消化器内科_アレルギー科_リウマチ科_リハビリテーション科】【一般病床数:0療養病床数:100精神病床数:0感染症病床数:0合計病床数:100】広島県広島市安佐南区川内４丁目１３号３３番" }, "geometry": { "type": "Point", "coordinates": [ 132.488979, 34.462781 ] } },
{ "type": "Feature", "properties": { "ID": 3411340052470, "正式名称": "医療法人サカもみの木会　サカ緑井病院", "機関区分": 1, "都道府県コード": 34, "市区町村コード": 105, "所在地": "広島県広島市安佐南区緑井６－２８－１", "緯度": 34.472464, "経度": 132.481531, "url": "https://www.iryou.teikyouseido.mhlw.go.jp/znk-web/juminkanja/S2430/initialize?prefCd=34&kikanCd=1340052470&kikanKbn=1", "url2": "https://sakamidorii-ortho.jp/", "内容": "医療法人サカもみの木会　サカ緑井病院【1:病院】【診療科目:内科_循環器内科_外科_整形外科_歯科_リウマチ科_リハビリテーション科_麻酔科】【一般病床数:51療養病床数:0精神病床数:0感染症病床数:0合計病床数:51】広島県広島市安佐南区緑井６－２８－１" }, "geometry": { "type": "Point", "coordinates": [ 132.481531, 34.472464 ] } },
{ "type": "Feature", "properties": { "ID": 3411340052630, "正式名称": "医療法人慈生会　前原病院", "機関区分": 1, "都道府県コード": 34, "市区町村コード": 207, "所在地": "広島県福山市手城町一丁目３－４１", "緯度": 34.486461, "経度": 133.385681, "url": "https://www.iryou.teikyouseido.mhlw.go.jp/znk-web/juminkanja/S2430/initialize?prefCd=34&kikanCd=1340052630&kikanKbn=1", "url2": "http://www.jiseikai-med.or.jp/", "内容": "医療法人慈生会　前原病院【1:病院】【診療科目:内科_胃腸内科_緩和ケア内科_泌尿器科_アレルギー科_リハビリテーション科_放射線科】【一般病床数:27療養病床数:32精神病床数:0感染症病床数:0合計病床数:59】広島県福山市手城町一丁目３－４１" }, "geometry": { "type": "Point", "coordinates": [ 133.385681, 34.486461 ] } },
{ "type": "Feature", "properties": { "ID": 3411340052760, "正式名称": "医療法人財団竹政会　福山循環器病院", "機関区分": 1, "都道府県コード": 34, "市区町村コード": 207, "所在地": "広島県福山市緑町２番３９号", "緯度": 34.477406, "経度": 133.374516, "url": "https://www.iryou.teikyouseido.mhlw.go.jp/znk-web/juminkanja/S2430/initialize?prefCd=34&kikanCd=1340052760&kikanKbn=1", "url2": "http://www.fchmed.jp/", "内容": "医療法人財団竹政会　福山循環器病院【1:病院】【診療科目:循環器内科_心臓血管外科_麻酔科】【一般病床数:80療養病床数:0精神病床数:0感染症病床数:0合計病床数:80】広島県福山市緑町２番３９号" }, "geometry": { "type": "Point", "coordinates": [ 133.374516, 34.477406 ] } },
{ "type": "Feature", "properties": { "ID": 3411340052890, "正式名称": "井上病院", "機関区分": 1, "都道府県コード": 34, "市区町村コード": 207, "所在地": "広島県福山市東深津町三丁目２３－４６", "緯度": 34.496322, "経度": 133.39962, "url": "https://www.iryou.teikyouseido.mhlw.go.jp/znk-web/juminkanja/S2430/initialize?prefCd=34&kikanCd=1340052890&kikanKbn=1", "url2": "http://www.inoue-byouin-fukuyama.jp/", "内容": "井上病院【1:病院】【診療科目:内科_呼吸器内科_循環器内科_消化器内科_外科_呼吸器外科_消化器外科_皮膚科_リハビリテーション科_放射線科】【一般病床数:38療養病床数:0精神病床数:0感染症病床数:0合計病床数:38】広島県福山市東深津町三丁目２３－４６" }, "geometry": { "type": "Point", "coordinates": [ 133.39962, 34.496322 ] } },
{ "type": "Feature", "properties": { "ID": 3411340052920, "正式名称": "医療法人社団　聖愛会　ぎおん牛田病院", "機関区分": 1, "都道府県コード": 34, "市区町村コード": 105, "所在地": "広島県広島市安佐南区西原八丁目２９番２４号", "緯度": 34.442763, "経度": 132.470968, "url": "https://www.iryou.teikyouseido.mhlw.go.jp/znk-web/juminkanja/S2430/initialize?prefCd=34&kikanCd=1340052920&kikanKbn=1", "url2": "http://smile-seiaikai.com", "内容": "医療法人社団　聖愛会　ぎおん牛田病院【1:病院】【診療科目:内科_呼吸器内科_循環器内科_消化器内科_外科_肛門外科_整形外科_皮膚科_リハビリテーション科】【一般病床数:38療養病床数:52精神病床数:0感染症病床数:0合計病床数:90】広島県広島市安佐南区西原八丁目２９番２４号" }, "geometry": { "type": "Point", "coordinates": [ 132.470968, 34.442763 ] } },
{ "type": "Feature", "properties": { "ID": 3411340053190, "正式名称": "比治山病院", "機関区分": 1, "都道府県コード": 34, "市区町村コード": 103, "所在地": "広島県広島市南区上東雲町３－１", "緯度": 34.386456, "経度": 132.485149, "url": "https://www.iryou.teikyouseido.mhlw.go.jp/znk-web/juminkanja/S2430/initialize?prefCd=34&kikanCd=1340053190&kikanKbn=1", "url2": "www.hijiyama-hp.or.jp", "内容": "比治山病院【1:病院】【診療科目:精神科_心療内科】【一般病床数:0療養病床数:0精神病床数:162感染症病床数:0合計病床数:162】広島県広島市南区上東雲町３－１" }, "geometry": { "type": "Point", "coordinates": [ 132.485149, 34.386456 ] } },
{ "type": "Feature", "properties": { "ID": 3411340053220, "正式名称": "医療法人社団まりも会　ヒロシマ平松病院", "機関区分": 1, "都道府県コード": 34, "市区町村コード": 103, "所在地": "広島県広島市南区比治山本町１１番２７号", "緯度": 34.379892, "経度": 132.471227, "url": "https://www.iryou.teikyouseido.mhlw.go.jp/znk-web/juminkanja/S2430/initialize?prefCd=34&kikanCd=1340053220&kikanKbn=1", "url2": "https://www.marimokai.or.jp/", "内容": "医療法人社団まりも会　ヒロシマ平松病院【1:病院】【診療科目:内科_呼吸器内科_循環器内科_消化器内科_外科_脳神経外科_呼吸器外科_消化器外科_内視鏡外科_整形外科_形成外科_婦人科_歯科口腔外科_リウマチ科_リハビリテーション科_放射線科_麻酔科】【一般病床数:161療養病床数:0精神病床数:0感染症病床数:0合計病床数:161】広島県広島市南区比治山本町１１番２７号" }, "geometry": { "type": "Point", "coordinates": [ 132.471227, 34.379892 ] } },
{ "type": "Feature", "properties": { "ID": 3411340053350, "正式名称": "広島県厚生農業協同組合連合会　尾道総合病院", "機関区分": 1, "都道府県コード": 34, "市区町村コード": 205, "所在地": "広島県尾道市平原一丁目１０番２３号", "緯度": 34.407076, "経度": 133.176152, "url": "https://www.iryou.teikyouseido.mhlw.go.jp/znk-web/juminkanja/S2430/initialize?prefCd=34&kikanCd=1340053350&kikanKbn=1", "url2": "http://onomichi-gh.jp/", "内容": "広島県厚生農業協同組合連合会　尾道総合病院【1:病院】【診療科目:内科_糖尿病・内分泌内科_呼吸器内科_循環器内科_消化器内科_腎臓内科_緩和ケア内科_外科_脳神経外科_呼吸器外科_心臓血管外科_消化器外科_乳腺外科_整形外科_形成外科_小児科_小児外科_産婦人科_眼科_耳鼻いんこう科_皮膚科_泌尿器科_精神科_歯科口腔外科_リハビリテーション科_放射線科_放射線治療科_病理診断科_臨床検査科_救急科_麻酔科】【一般病床数:386療養病床数:0精神病床数:0感染症病床数:0合計病床数:386】広島県尾道市平原一丁目１０番２３号" }, "geometry": { "type": "Point", "coordinates": [ 133.176152, 34.407076 ] } },
{ "type": "Feature", "properties": { "ID": 3411340053480, "正式名称": "医療法人社団おると会浜脇整形外科病院", "機関区分": 1, "都道府県コード": 34, "市区町村コード": 101, "所在地": "広島県広島市中区大手町４丁目６－６", "緯度": 34.385122, "経度": 132.453069, "url": "https://www.iryou.teikyouseido.mhlw.go.jp/znk-web/juminkanja/S2430/initialize?prefCd=34&kikanCd=1340053480&kikanKbn=1", "url2": "http://www.hamawaki.or.jp", "内容": "医療法人社団おると会浜脇整形外科病院【1:病院】【診療科目:整形外科_泌尿器科_リウマチ科_リハビリテーション科_麻酔科】【一般病床数:146療養病床数:0精神病床数:0感染症病床数:0合計病床数:146】広島県広島市中区大手町４丁目６－６" }, "geometry": { "type": "Point", "coordinates": [ 132.453069, 34.385122 ] } },
{ "type": "Feature", "properties": { "ID": 3411340053510, "正式名称": "重症心身障害児施設　ときわ呉", "機関区分": 1, "都道府県コード": 34, "市区町村コード": 202, "所在地": "広島県呉市宮原十三丁目２－１２", "緯度": 34.220975, "経度": 132.551679, "url": "https://www.iryou.teikyouseido.mhlw.go.jp/znk-web/juminkanja/S2430/initialize?prefCd=34&kikanCd=1340053510&kikanKbn=1", "url2": "http://www.tokiwadaihome.or.jp/tokiwakure/", "内容": "重症心身障害児施設　ときわ呉【1:病院】【診療科目:内科_整形外科_小児科_泌尿器科_精神科_歯科_リハビリテーション科】【一般病床数:60療養病床数:0精神病床数:0感染症病床数:0合計病床数:60】広島県呉市宮原十三丁目２－１２" }, "geometry": { "type": "Point", "coordinates": [ 132.551679, 34.220975 ] } },
{ "type": "Feature", "properties": { "ID": 3411340053770, "正式名称": "子鹿医療療育センター", "機関区分": 1, "都道府県コード": 34, "市区町村コード": 209, "所在地": "広島県三次市粟屋町１１６６４番地", "緯度": 34.8075, "経度": 132.826963, "url": "https://www.iryou.teikyouseido.mhlw.go.jp/znk-web/juminkanja/S2430/initialize?prefCd=34&kikanCd=1340053770&kikanKbn=1", "url2": "http://www.pionet.ne.jp/~kojika/", "内容": "子鹿医療療育センター【1:病院】【診療科目:内科_小児科_精神科_神経科_心療内科_歯科】【一般病床数:84療養病床数:0精神病床数:0感染症病床数:0合計病床数:84】広島県三次市粟屋町１１６６４番地" }, "geometry": { "type": "Point", "coordinates": [ 132.826963, 34.8075 ] } },
{ "type": "Feature", "properties": { "ID": 3411340053930, "正式名称": "医療法人　社団楓会　林病院", "機関区分": 1, "都道府県コード": 34, "市区町村コード": 101, "所在地": "広島県広島市中区三川町３－８", "緯度": 34.390891, "経度": 132.46167, "url": "https://www.iryou.teikyouseido.mhlw.go.jp/znk-web/juminkanja/S2430/initialize?prefCd=34&kikanCd=1340053930&kikanKbn=1", "url2": "http://hayashi-hospital.com/", "内容": "医療法人　社団楓会　林病院【1:病院】【診療科目:内科_呼吸器内科_整形外科_リハビリテーション科_麻酔科】【一般病床数:51療養病床数:0精神病床数:0感染症病床数:0合計病床数:51】広島県広島市中区三川町３－８" }, "geometry": { "type": "Point", "coordinates": [ 132.46167, 34.390891 ] } },
{ "type": "Feature", "properties": { "ID": 3411340054070, "正式名称": "医療法人　新でしお病院", "機関区分": 1, "都道府県コード": 34, "市区町村コード": 103, "所在地": "広島県広島市南区出汐１－３－９", "緯度": 34.380123, "経度": 132.476039, "url": "https://www.iryou.teikyouseido.mhlw.go.jp/znk-web/juminkanja/S2430/initialize?prefCd=34&kikanCd=1340054070&kikanKbn=1", "url2": "https://www.shindeshiohospital.com", "内容": "医療法人　新でしお病院【1:病院】【診療科目:内科_胃腸内科_放射線科】【一般病床数:0療養病床数:35精神病床数:0感染症病床数:0合計病床数:35】広島県広島市南区出汐１－３－９" }, "geometry": { "type": "Point", "coordinates": [ 132.476039, 34.380123 ] } },
{ "type": "Feature", "properties": { "ID": 3411340054100, "正式名称": "医療法人厚生堂　長崎病院", "機関区分": 1, "都道府県コード": 34, "市区町村コード": 104, "所在地": "広島県広島市西区横川新町３－１１", "緯度": 34.409077, "経度": 132.446937, "url": "https://www.iryou.teikyouseido.mhlw.go.jp/znk-web/juminkanja/S2430/initialize?prefCd=34&kikanCd=1340054100&kikanKbn=1", "url2": "http://www.nagasaki-hp.jp", "内容": "医療法人厚生堂　長崎病院【1:病院】【診療科目:内科_糖尿病内科_呼吸器内科_循環器内科_皮膚科_リハビリテーション科_放射線科】【一般病床数:40療養病床数:90精神病床数:0感染症病床数:0合計病床数:130】広島県広島市西区横川新町３－１１" }, "geometry": { "type": "Point", "coordinates": [ 132.446937, 34.409077 ] } },
{ "type": "Feature", "properties": { "ID": 3411340054230, "正式名称": "広島医療生活協同組合　広島共立病院", "機関区分": 1, "都道府県コード": 34, "市区町村コード": 105, "所在地": "広島県広島市安佐南区中須二丁目２０－２０", "緯度": 34.460588, "経度": 132.474732, "url": "https://www.iryou.teikyouseido.mhlw.go.jp/znk-web/juminkanja/S2430/initialize?prefCd=34&kikanCd=1340054230&kikanKbn=1", "url2": "https://hiroshimairyo.or.jp/outline/template/template?r1/", "内容": "広島医療生活協同組合　広島共立病院【1:病院】【診療科目:内科_糖尿病内科_糖尿病・内分泌内科_糖尿病・代謝内科_呼吸器内科_循環器内科_消化器内科_内視鏡内科_ペインクリニック内科_緩和ケア内科_外科_脳神経外科_脳外科_心臓血管外科_消化器外科_乳腺外科_肛門外科_内視鏡外科_整形外科_形成外科_小児科_婦人科_眼科_耳鼻いんこう科_皮膚科_泌尿器科_精神科_リハビリテーション科_放射線科_病理診断科_麻酔科】【一般病床数:186療養病床数:0精神病床数:0感染症病床数:0合計病床数:186】広島県広島市安佐南区中須二丁目２０－２０" }, "geometry": { "type": "Point", "coordinates": [ 132.474732, 34.460588 ] } },
{ "type": "Feature", "properties": { "ID": 3411340054360, "正式名称": "医療法人三宅会　三宅会グッドライフ病院", "機関区分": 1, "都道府県コード": 34, "市区町村コード": 207, "所在地": "広島県福山市東町１－１－１８", "緯度": 34.489749, "経度": 133.401188, "url": "https://www.iryou.teikyouseido.mhlw.go.jp/znk-web/juminkanja/S2430/initialize?prefCd=34&kikanCd=1340054360&kikanKbn=1", "url2": "http://www.goodlifehospital.jp/", "内容": "医療法人三宅会　三宅会グッドライフ病院【1:病院】【診療科目:内科_整形外科_形成外科_皮膚科_泌尿器科_精神科_歯科口腔外科_リハビリテーション科_放射線科_麻酔科】【一般病床数:72療養病床数:38精神病床数:0感染症病床数:0合計病床数:110】広島県福山市東町１－１－１８" }, "geometry": { "type": "Point", "coordinates": [ 133.401188, 34.489749 ] } },
{ "type": "Feature", "properties": { "ID": 3411340054490, "正式名称": "広島県立福山若草園", "機関区分": 1, "都道府県コード": 34, "市区町村コード": 207, "所在地": "広島県福山市水呑町三新田１丁目５３８", "緯度": 34.443399, "経度": 133.386526, "url": "https://www.iryou.teikyouseido.mhlw.go.jp/znk-web/juminkanja/S2430/initialize?prefCd=34&kikanCd=1340054490&kikanKbn=1", "url2": "http://www.fukuyama-wakakusa.org/", "内容": "広島県立福山若草園【1:病院】【診療科目:整形外科_小児科_精神科_歯科】【一般病床数:60療養病床数:0精神病床数:0感染症病床数:0合計病床数:0】広島県福山市水呑町三新田１丁目５３８" }, "geometry": { "type": "Point", "coordinates": [ 133.386526, 34.443399 ] } },
{ "type": "Feature", "properties": { "ID": 3411340054520, "正式名称": "福島生協病院", "機関区分": 1, "都道府県コード": 34, "市区町村コード": 104, "所在地": "広島県広島市西区福島町一丁目２４－７", "緯度": 34.395166, "経度": 132.435362, "url": "https://www.iryou.teikyouseido.mhlw.go.jp/znk-web/juminkanja/S2430/initialize?prefCd=34&kikanCd=1340054520&kikanKbn=1", "url2": "http://www.hch.coop/fukushima", "内容": "福島生協病院【1:病院】【診療科目:内科_糖尿病内科_脳神経内科_呼吸器内科_循環器内科_消化器内科_外科_肛門外科_整形外科_耳鼻いんこう科_皮膚科_泌尿器科_リハビリテーション科】【一般病床数:165療養病床数:0精神病床数:0感染症病床数:0合計病床数:165】広島県広島市西区福島町一丁目２４－７" }, "geometry": { "type": "Point", "coordinates": [ 132.435362, 34.395166 ] } },
{ "type": "Feature", "properties": { "ID": 3411340054650, "正式名称": "医療法人社団ひかり会　木村眼科内科病院", "機関区分": 1, "都道府県コード": 34, "市区町村コード": 202, "所在地": "広島県呉市宝町３番１５号", "緯度": 34.242722, "経度": 132.558458, "url": "https://www.iryou.teikyouseido.mhlw.go.jp/znk-web/juminkanja/S2430/initialize?prefCd=34&kikanCd=1340054650&kikanKbn=1", "url2": "http://www.kimura-eye.or.jp", "内容": "医療法人社団ひかり会　木村眼科内科病院【1:病院】【診療科目:内科_眼科】【一般病床数:40療養病床数:0精神病床数:0感染症病床数:0合計病床数:40】広島県呉市宝町３番１５号" }, "geometry": { "type": "Point", "coordinates": [ 132.558458, 34.242722 ] } },
{ "type": "Feature", "properties": { "ID": 3411340054780, "正式名称": "医療法人　翠清会　翠清会梶川病院", "機関区分": 1, "都道府県コード": 34, "市区町村コード": 101, "所在地": "広島県広島市中区東千田町一丁目１－２３", "緯度": 34.382205, "経度": 132.459329, "url": "https://www.iryou.teikyouseido.mhlw.go.jp/znk-web/juminkanja/S2430/initialize?prefCd=34&kikanCd=1340054780&kikanKbn=1", "url2": "http://www.suiseikai.jp", "内容": "医療法人　翠清会　翠清会梶川病院【1:病院】【診療科目:脳神経内科_呼吸器内科_循環器内科_脳神経外科_皮膚科_リハビリテーション科】【一般病床数:143療養病床数:0精神病床数:0感染症病床数:0合計病床数:143】広島県広島市中区東千田町一丁目１－２３" }, "geometry": { "type": "Point", "coordinates": [ 132.459329, 34.382205 ] } },
{ "type": "Feature", "properties": { "ID": 3411340054810, "正式名称": "医療法人社団生和会　福山リハビリテーション病院", "機関区分": 1, "都道府県コード": 34, "市区町村コード": 207, "所在地": "広島県福山市明神町二丁目１５番４１号", "緯度": 34.490399, "経度": 133.397158, "url": "https://www.iryou.teikyouseido.mhlw.go.jp/znk-web/juminkanja/S2430/initialize?prefCd=34&kikanCd=1340054810&kikanKbn=1", "url2": "http://www.fukuyama-rh.jp/", "内容": "医療法人社団生和会　福山リハビリテーション病院【1:病院】【診療科目:内科_循環器内科_リハビリテーション科】【一般病床数:102療養病床数:200精神病床数:0感染症病床数:0合計病床数:302】広島県福山市明神町二丁目１５番４１号" }, "geometry": { "type": "Point", "coordinates": [ 133.397158, 34.490399 ] } },
{ "type": "Feature", "properties": { "ID": 3411340054940, "正式名称": "島の病院おおたに", "機関区分": 1, "都道府県コード": 34, "市区町村コード": 215, "所在地": "広島県江田島市能美町中町４７１１", "緯度": 34.225871, "経度": 132.452506, "url": "https://www.iryou.teikyouseido.mhlw.go.jp/znk-web/juminkanja/S2430/initialize?prefCd=34&kikanCd=1340054940&kikanKbn=1", "url2": "http://otani.or.jp", "内容": "島の病院おおたに【1:病院】【診療科目:内科_循環器内科_消化器内科_外科_脳神経外科_乳腺外科_整形外科_小児科_泌尿器科_リウマチ科_リハビリテーション科】【一般病床数:0療養病床数:96精神病床数:0感染症病床数:0合計病床数:96】広島県江田島市能美町中町４７１１" }, "geometry": { "type": "Point", "coordinates": [ 132.452506, 34.225871 ] } },
{ "type": "Feature", "properties": { "ID": 3411340055080, "正式名称": "メリィホスピタル", "機関区分": 1, "都道府県コード": 34, "市区町村コード": 105, "所在地": "広島県広島市安佐南区大塚西三丁目１－２０", "緯度": 34.446126, "経度": 132.392173, "url": "https://www.iryou.teikyouseido.mhlw.go.jp/znk-web/juminkanja/S2430/initialize?prefCd=34&kikanCd=1340055080&kikanKbn=1", "url2": "http://merry-house.jp/merryhospital/", "内容": "メリィホスピタル【1:病院】【診療科目:内科_脳神経内科_漢方内科_緩和ケア内科_漢方内科_精神科_リハビリテーション科_放射線科】【一般病床数:199療養病床数:0精神病床数:0感染症病床数:0合計病床数:199】広島県広島市安佐南区大塚西三丁目１－２０" }, "geometry": { "type": "Point", "coordinates": [ 132.392173, 34.446126 ] } },
{ "type": "Feature", "properties": { "ID": 3411340055110, "正式名称": "ＡＯＩ広島病院", "機関区分": 1, "都道府県コード": 34, "市区町村コード": 212, "所在地": "広島県東広島市河内町入野７９０７番地２", "緯度": 34.461378, "経度": 132.851745, "url": "https://www.iryou.teikyouseido.mhlw.go.jp/znk-web/juminkanja/S2430/initialize?prefCd=34&kikanCd=1340055110&kikanKbn=1", "url2": "https://www.aoikai.jp/aoihiroshima/", "内容": "ＡＯＩ広島病院【1:病院】【診療科目:内科_精神科】【一般病床数:0療養病床数:0精神病床数:200感染症病床数:0合計病床数:200】広島県東広島市河内町入野７９０７番地２" }, "geometry": { "type": "Point", "coordinates": [ 132.851745, 34.461378 ] } },
{ "type": "Feature", "properties": { "ID": 3411340055240, "正式名称": "医療法人　財団竹政会　セントラル病院", "機関区分": 1, "都道府県コード": 34, "市区町村コード": 207, "所在地": "広島県福山市住吉町１－２６", "緯度": 34.485657, "経度": 133.370703, "url": "https://www.iryou.teikyouseido.mhlw.go.jp/znk-web/juminkanja/S2430/initialize?prefCd=34&kikanCd=1340055240&kikanKbn=1", "url2": "https://central-hp.or.jp", "内容": "医療法人　財団竹政会　セントラル病院【1:病院】【診療科目:内科_糖尿病内科_呼吸器内科_循環器内科_消化器内科_腎臓内科_外科_消化器外科_乳腺外科_肛門外科_整形外科_泌尿器科_放射線科_麻酔科】【一般病床数:60療養病床数:0精神病床数:0感染症病床数:0合計病床数:60】広島県福山市住吉町１－２６" }, "geometry": { "type": "Point", "coordinates": [ 133.370703, 34.485657 ] } },
{ "type": "Feature", "properties": { "ID": 3411340055370, "正式名称": "広島中央リハビリテーション病院", "機関区分": 1, "都道府県コード": 34, "市区町村コード": 101, "所在地": "広島県広島市中区平野町６－２４", "緯度": 34.380237, "経度": 132.46256, "url": "https://www.iryou.teikyouseido.mhlw.go.jp/znk-web/juminkanja/S2430/initialize?prefCd=34&kikanCd=1340055370&kikanKbn=1", "url2": "https://hirochu-rh.jp", "内容": "広島中央リハビリテーション病院【1:病院】【診療科目:内科_人工透析内科_外科_皮膚科_リハビリテーション科】【一般病床数:110療養病床数:0精神病床数:0感染症病床数:0合計病床数:110】広島県広島市中区平野町６－２４" }, "geometry": { "type": "Point", "coordinates": [ 132.46256, 34.380237 ] } },
{ "type": "Feature", "properties": { "ID": 3411340055400, "正式名称": "医療法人秀明会　小池病院", "機関区分": 1, "都道府県コード": 34, "市区町村コード": 207, "所在地": "広島県福山市光南町一丁目５番２３号", "緯度": 34.481345, "経度": 133.366748, "url": "https://www.iryou.teikyouseido.mhlw.go.jp/znk-web/juminkanja/S2430/initialize?prefCd=34&kikanCd=1340055400&kikanKbn=1", "url2": "www.koike-byoin.com", "内容": "医療法人秀明会　小池病院【1:病院】【診療科目:小児科_産科_婦人科_歯科】【一般病床数:54療養病床数:0精神病床数:0感染症病床数:0合計病床数:54】広島県福山市光南町一丁目５番２３号" }, "geometry": { "type": "Point", "coordinates": [ 133.366748, 34.481345 ] } },
{ "type": "Feature", "properties": { "ID": 3411340055660, "正式名称": "地方独立行政法人広島市立病院機構　広島市立北部医療センター安佐市民病院", "機関区分": 1, "都道府県コード": 34, "市区町村コード": 106, "所在地": "広島県広島市安佐北区亀山南１－２－１", "緯度": 34.516708, "経度": 132.496957, "url": "https://www.iryou.teikyouseido.mhlw.go.jp/znk-web/juminkanja/S2430/initialize?prefCd=34&kikanCd=1340055660&kikanKbn=1", "url2": "https://www.asa-hosp.city.hiroshima.jp/", "内容": "地方独立行政法人広島市立病院機構　広島市立北部医療センター安佐市民病院【1:病院】【診療科目:血液内科_糖尿病・内分泌内科_脳神経内科_呼吸器内科_循環器内科_消化器内科_腫瘍内科_内視鏡内科_緩和ケア内科_脳神経外科_呼吸器外科_心臓血管外科_消化器外科_肝臓・胆のう・膵臓外科_乳腺外科_整形外科_小児科_産婦人科_眼科_頭頸部・耳鼻いんこう科_皮膚科_泌尿器科_精神科_歯科口腔外科_リハビリテーション科_放射線診断科_放射線治療科_病理診断科_救急科_麻酔科】【一般病床数:414療養病床数:0精神病床数:20感染症病床数:0合計病床数:434】広島県広島市安佐北区亀山南１－２－１" }, "geometry": { "type": "Point", "coordinates": [ 132.496957, 34.516708 ] } },
{ "type": "Feature", "properties": { "ID": 3411340055790, "正式名称": "医療法人広和会　福馬病院", "機関区分": 1, "都道府県コード": 34, "市区町村コード": 104, "所在地": "広島県広島市西区観音本町１丁目１－１９", "緯度": 34.388304, "経度": 132.440897, "url": "https://www.iryou.teikyouseido.mhlw.go.jp/znk-web/juminkanja/S2430/initialize?prefCd=34&kikanCd=1340055790&kikanKbn=1", "url2": null, "内容": "医療法人広和会　福馬病院【1:病院】【診療科目:腎臓内科_外科】【一般病床数:0療養病床数:44精神病床数:0感染症病床数:0合計病床数:44】広島県広島市西区観音本町１丁目１－１９" }, "geometry": { "type": "Point", "coordinates": [ 132.440897, 34.388304 ] } },
{ "type": "Feature", "properties": { "ID": 3411340055820, "正式名称": "神石高原町立病院", "機関区分": 1, "都道府県コード": 34, "市区町村コード": 545, "所在地": "広島県神石郡神石高原町小畠１７０９－３", "緯度": 34.712837, "経度": 133.261822, "url": "https://www.iryou.teikyouseido.mhlw.go.jp/znk-web/juminkanja/S2430/initialize?prefCd=34&kikanCd=1340055820&kikanKbn=1", "url2": "https://www.youseikai-grp.jp/jth/", "内容": "神石高原町立病院【1:病院】【診療科目:内科_外科_脳神経外科_整形外科_眼科_リウマチ科_リハビリテーション科】【一般病床数:60療養病床数:0精神病床数:0感染症病床数:0合計病床数:60】広島県神石郡神石高原町小畠１７０９－３" }, "geometry": { "type": "Point", "coordinates": [ 133.261822, 34.712837 ] } },
{ "type": "Feature", "properties": { "ID": 3411340055950, "正式名称": "安佐医師会病院", "機関区分": 1, "都道府県コード": 34, "市区町村コード": 106, "所在地": "広島県広島市安佐北区可部南２丁目１－３８", "緯度": 34.506149, "経度": 132.516323, "url": "https://www.iryou.teikyouseido.mhlw.go.jp/znk-web/juminkanja/S2430/initialize?prefCd=34&kikanCd=1340055950&kikanKbn=1", "url2": "https://asaishikai-hosp.jp/", "内容": "安佐医師会病院【1:病院】【診療科目:内科_緩和ケア内科_リハビリテーション科】【一般病床数:102療養病床数:0精神病床数:0感染症病床数:0合計病床数:102】広島県広島市安佐北区可部南２丁目１－３８" }, "geometry": { "type": "Point", "coordinates": [ 132.516323, 34.506149 ] } },
{ "type": "Feature", "properties": { "ID": 3411340056090, "正式名称": "医療法人紫苑会　福山南病院", "機関区分": 1, "都道府県コード": 34, "市区町村コード": 207, "所在地": "広島県福山市水呑町１９４７－２", "緯度": 34.443006, "経度": 133.372903, "url": "https://www.iryou.teikyouseido.mhlw.go.jp/znk-web/juminkanja/S2430/initialize?prefCd=34&kikanCd=1340056090&kikanKbn=1", "url2": null, "内容": "医療法人紫苑会　福山南病院【1:病院】【診療科目:内科_循環器内科_消化器内科_肝臓内科_外科_整形外科_形成外科_美容外科_皮膚科_リハビリテーション科_救急科】【一般病床数:114療養病床数:0精神病床数:0感染症病床数:0合計病床数:114】広島県福山市水呑町１９４７－２" }, "geometry": { "type": "Point", "coordinates": [ 133.372903, 34.443006 ] } },
{ "type": "Feature", "properties": { "ID": 3411340056120, "正式名称": "広島心臓血管病院", "機関区分": 1, "都道府県コード": 34, "市区町村コード": 105, "所在地": "広島県広島市安佐南区西原五丁目５番１０号", "緯度": 34.446648, "経度": 132.469086, "url": "https://www.iryou.teikyouseido.mhlw.go.jp/znk-web/juminkanja/S2430/initialize?prefCd=34&kikanCd=1340056120&kikanKbn=1", "url2": "https://hhc.gr.jp", "内容": "広島心臓血管病院【1:病院】【診療科目:内科_循環器内科_心臓血管外科_リハビリテーション科_麻酔科】【一般病床数:38療養病床数:0精神病床数:0感染症病床数:0合計病床数:38】広島県広島市安佐南区西原五丁目５番１０号" }, "geometry": { "type": "Point", "coordinates": [ 132.469086, 34.446648 ] } },
{ "type": "Feature", "properties": { "ID": 3411340056250, "正式名称": "瀬野記念病院", "機関区分": 1, "都道府県コード": 34, "市区町村コード": 107, "所在地": "広島県広島市安芸区瀬野４丁目１６４１番地１", "緯度": 34.425301, "経度": 132.603575, "url": "https://www.iryou.teikyouseido.mhlw.go.jp/znk-web/juminkanja/S2430/initialize?prefCd=34&kikanCd=1340056250&kikanKbn=1", "url2": "https://www.shoueikai-sakamoto.com/senokinen_hospital/", "内容": "瀬野記念病院【1:病院】【診療科目:内科_循環器内科_消化器内科_腎臓内科_リハビリテーション科】【一般病床数:0療養病床数:99精神病床数:0感染症病床数:0合計病床数:99】広島県広島市安芸区瀬野４丁目１６４１番地１" }, "geometry": { "type": "Point", "coordinates": [ 132.603575, 34.425301 ] } },
{ "type": "Feature", "properties": { "ID": 3411340056380, "正式名称": "アマノ病院", "機関区分": 1, "都道府県コード": 34, "市区町村コード": 213, "所在地": "広島県廿日市市串戸五丁目１番３５号", "緯度": 34.349898, "経度": 132.320268, "url": "https://www.iryou.teikyouseido.mhlw.go.jp/znk-web/juminkanja/S2430/initialize?prefCd=34&kikanCd=1340056380&kikanKbn=1", "url2": "https://amanohospital.jp/", "内容": "アマノ病院【1:病院】【診療科目:内科_呼吸器内科_循環器内科_腎臓内科_脳神経外科_整形外科_脊椎外科_泌尿器科_リハビリテーション科_放射線科_麻酔科】【一般病床数:120療養病床数:0精神病床数:0感染症病床数:0合計病床数:120】広島県廿日市市串戸五丁目１番３５号" }, "geometry": { "type": "Point", "coordinates": [ 132.320268, 34.349898 ] } }
]
}
