{
"type": "FeatureCollection",
"name": "geo_34_認知症対応型共同生活介護",
"crs": { "type": "name", "properties": { "name": "urn:ogc:def:crs:OGC:1.3:CRS84" } },
"features": [
{ "type": "Feature", "properties": { "内容": "グループホーム光南あおぞら【認知症対応型共同生活介護】広島県広島市中区光南２丁目3-46", "url": "https://www.kaigokensaku.mhlw.go.jp/34/index.php?action_kouhyou_detail_004_kani=true&JigyosyoCd=3490201583-00&ServiceCd=320&Type=search", "url2": null }, "geometry": { "type": "Point", "coordinates": [ 132.445005, 34.3695078 ] } },
{ "type": "Feature", "properties": { "内容": "グループホーム舟入【認知症対応型共同生活介護】広島県広島市中区舟入川口町17－4", "url": "https://www.kaigokensaku.mhlw.go.jp/34/index.php?action_kouhyou_detail_004_kani=true&JigyosyoCd=3470202569-00&ServiceCd=320&Type=search", "url2": "https://matuko.biz/grouphome/funairi/" }, "geometry": { "type": "Point", "coordinates": [ 132.441953593917759, 34.38045851428916 ] } },
{ "type": "Feature", "properties": { "内容": "グループホーム舟入・みどりの家【認知症対応型共同生活介護】広島市中区舟入中町9番16号三和ビル3・4F", "url": "https://www.kaigokensaku.mhlw.go.jp/34/index.php?action_kouhyou_detail_004_kani=true&JigyosyoCd=3490200189-00&ServiceCd=320&Type=search", "url2": "https://epocacs.co.jp/" }, "geometry": { "type": "Point", "coordinates": [ 132.44370129999993, 34.3866889 ] } },
{ "type": "Feature", "properties": { "内容": "グループホーム　きぼうの杜【認知症対応型共同生活介護】広島市中区南竹屋町５番８号メディカル・ケアセンター絆", "url": "https://www.kaigokensaku.mhlw.go.jp/34/index.php?action_kouhyou_detail_004_kani=true&JigyosyoCd=3490200205-00&ServiceCd=320&Type=search", "url2": "http://www.kizuna-mc.jp" }, "geometry": { "type": "Point", "coordinates": [ 132.460895100000016, 34.3816784 ] } },
{ "type": "Feature", "properties": { "内容": "グループホーム　ほのぼの苑　江波気象台入口【認知症対応型共同生活介護】広島市中区江波二本松2丁目１０－２２", "url": "https://www.kaigokensaku.mhlw.go.jp/34/index.php?action_kouhyou_detail_004_kani=true&JigyosyoCd=3490200635-00&ServiceCd=320&Type=search", "url2": "https://www.tomigaku.co.jp/" }, "geometry": { "type": "Point", "coordinates": [ 132.430645045577421, 34.365425646836833 ] } },
{ "type": "Feature", "properties": { "内容": "サンキ・ウエルビィ　グループホーム吉島【認知症対応型共同生活介護】広島県広島市中区光南4丁目5-1", "url": "https://www.kaigokensaku.mhlw.go.jp/34/index.php?action_kouhyou_detail_004_kani=true&JigyosyoCd=3490200676-00&ServiceCd=320&Type=search", "url2": null }, "geometry": { "type": "Point", "coordinates": [ 132.446632300000033, 34.3665853 ] } },
{ "type": "Feature", "properties": { "内容": "グループホームやすらぎ白島【認知症対応型共同生活介護】広島市中区白島九軒町16-6", "url": "https://www.kaigokensaku.mhlw.go.jp/34/index.php?action_kouhyou_detail_004_kani=true&JigyosyoCd=3493200087-00&ServiceCd=320&Type=search", "url2": "https://koenkai-gr.jp/facility/146/" }, "geometry": { "type": "Point", "coordinates": [ 132.468524099999968, 34.4061288 ] } },
{ "type": "Feature", "properties": { "内容": "グループホームなでしこ富士見町【認知症対応型共同生活介護】広島市中区富士見町15-23ロジエ富士見町３、４階", "url": "https://www.kaigokensaku.mhlw.go.jp/34/index.php?action_kouhyou_detail_004_kani=true&JigyosyoCd=3490200593-00&ServiceCd=320&Type=search", "url2": "https://morinobu.jp/product-kaigo/fujimi/" }, "geometry": { "type": "Point", "coordinates": [ 132.460159419747583, 34.385773923415684 ] } },
{ "type": "Feature", "properties": { "内容": "グループホーム千田・みどりの家【認知症対応型共同生活介護】広島県広島市中区南千田東町4番32号", "url": "https://www.kaigokensaku.mhlw.go.jp/34/index.php?action_kouhyou_detail_004_kani=true&JigyosyoCd=3490200684-00&ServiceCd=320&Type=search", "url2": "https://epocacs.co.jp/" }, "geometry": { "type": "Point", "coordinates": [ 132.457748400000014, 34.3742234 ] } },
{ "type": "Feature", "properties": { "内容": "グループホーム広島萬象園【認知症対応型共同生活介護】広島市中区羽衣町１番２６号高齢者複合施設　広島萬象園", "url": "https://www.kaigokensaku.mhlw.go.jp/34/index.php?action_kouhyou_detail_004_kani=true&JigyosyoCd=3470205588-00&ServiceCd=320&Type=search", "url2": "http://banshoen.hiroshimakosei.or.jp/" }, "geometry": { "type": "Point", "coordinates": [ 132.449001299999964, 34.3817394 ] } },
{ "type": "Feature", "properties": { "内容": "サンキ・ウエルビィグループホーム江波【認知症対応型共同生活介護】広島県広島市中区江波二本松一丁目１０番３号", "url": "https://www.kaigokensaku.mhlw.go.jp/34/index.php?action_kouhyou_detail_004_kani=true&JigyosyoCd=3490200601-00&ServiceCd=320&Type=search", "url2": null }, "geometry": { "type": "Point", "coordinates": [ 132.43209939999997, 34.3692877 ] } },
{ "type": "Feature", "properties": { "内容": "グループホーム　ほのぼの苑　光南【認知症対応型共同生活介護】広島市中区光南二丁目20-15", "url": "https://www.kaigokensaku.mhlw.go.jp/34/index.php?action_kouhyou_detail_004_kani=true&JigyosyoCd=3490200809-00&ServiceCd=320&Type=search", "url2": "http://www.tomigaku.co.jp/" }, "geometry": { "type": "Point", "coordinates": [ 132.4430463, 34.3681379 ] } },
{ "type": "Feature", "properties": { "内容": "ほほえみグループホームエクセレント【認知症対応型共同生活介護】広島市中区西平塚町７番１号グループリビング棟", "url": "https://www.kaigokensaku.mhlw.go.jp/34/index.php?action_kouhyou_detail_004_kani=true&JigyosyoCd=3490201849-00&ServiceCd=320&Type=search", "url2": "http://hohoemi-gr.jp" }, "geometry": { "type": "Point", "coordinates": [ 132.4673225, 34.389238 ] } },
{ "type": "Feature", "properties": { "内容": "グループホームきらら【認知症対応型共同生活介護】広島県広島市中区千田町2-8-22", "url": "https://www.kaigokensaku.mhlw.go.jp/34/index.php?action_kouhyou_detail_004_kani=true&JigyosyoCd=3490201856-00&ServiceCd=320&Type=search", "url2": "https://www.nexus-g.jp" }, "geometry": { "type": "Point", "coordinates": [ 132.4552808, 34.3784421 ] } },
{ "type": "Feature", "properties": { "内容": "グループホームとまとえばにし【認知症対応型共同生活介護】広島県広島市中区江波西二丁目8番6号", "url": "https://www.kaigokensaku.mhlw.go.jp/34/index.php?action_kouhyou_detail_004_kani=true&JigyosyoCd=3490200965-00&ServiceCd=320&Type=search", "url2": "http://www.salute.co.jp/" }, "geometry": { "type": "Point", "coordinates": [ 132.429396699999984, 34.3694183 ] } },
{ "type": "Feature", "properties": { "内容": "グループホームげんき馬木【認知症対応型共同生活介護】広島市東区馬木４丁目２１２２－１", "url": "https://www.kaigokensaku.mhlw.go.jp/34/index.php?action_kouhyou_detail_004_kani=true&JigyosyoCd=3470103650-00&ServiceCd=320&Type=search", "url2": "https://joukou.or.jp/" }, "geometry": { "type": "Point", "coordinates": [ 132.53259520000006, 34.4384769 ] } },
{ "type": "Feature", "properties": { "内容": "グループホーム　げんき中山【認知症対応型共同生活介護】広島市東区中山新町３丁目１８-６", "url": "https://www.kaigokensaku.mhlw.go.jp/34/index.php?action_kouhyou_detail_004_kani=true&JigyosyoCd=3470104310-00&ServiceCd=320&Type=search", "url2": "https://joukou.or.jp" }, "geometry": { "type": "Point", "coordinates": [ 132.503764899999965, 34.4240693 ] } },
{ "type": "Feature", "properties": { "内容": "グループホーム光明早稲田【認知症対応型共同生活介護】広島市東区牛田早稲田二丁目4番15号", "url": "https://www.kaigokensaku.mhlw.go.jp/34/index.php?action_kouhyou_detail_004_kani=true&JigyosyoCd=3470105184-00&ServiceCd=320&Type=search", "url2": "http://komyogakuen.jp" }, "geometry": { "type": "Point", "coordinates": [ 132.476878599999964, 34.4148697 ] } },
{ "type": "Feature", "properties": { "内容": "グループホーム　やすらぎ　温品【認知症対応型共同生活介護】広島市東区温品７丁目１３－２３", "url": "https://www.kaigokensaku.mhlw.go.jp/34/index.php?action_kouhyou_detail_004_kani=true&JigyosyoCd=3490100017-00&ServiceCd=320&Type=search", "url2": "http://koenkai-gr.jp/" }, "geometry": { "type": "Point", "coordinates": [ 132.51011189999997, 34.4141038 ] } },
{ "type": "Feature", "properties": { "内容": "グループホームふれあい戸坂山根【認知症対応型共同生活介護】広島市東区戸坂山根１－１－１９グループホームふれあい戸坂山根", "url": "https://www.kaigokensaku.mhlw.go.jp/34/index.php?action_kouhyou_detail_004_kani=true&JigyosyoCd=3490100397-00&ServiceCd=320&Type=search", "url2": "https://koenkai-gr.jp/" }, "geometry": { "type": "Point", "coordinates": [ 132.488590899999963, 34.4368539 ] } },
{ "type": "Feature", "properties": { "内容": "愛の家グループホーム広島温品【認知症対応型共同生活介護】広島県広島市東区温品2丁目1番9号", "url": "https://www.kaigokensaku.mhlw.go.jp/34/index.php?action_kouhyou_detail_004_kani=true&JigyosyoCd=3490101221-00&ServiceCd=320&Type=search", "url2": "https://mcs-ainoie.com/search/hiroshima/hiroshimashi/gh300/" }, "geometry": { "type": "Point", "coordinates": [ 132.509577200000024, 34.40720929999997 ] } },
{ "type": "Feature", "properties": { "内容": "グループホームげんき福田【認知症対応型共同生活介護】広島市東区福田5丁目１１６８番地の１", "url": "https://www.kaigokensaku.mhlw.go.jp/34/index.php?action_kouhyou_detail_004_kani=true&JigyosyoCd=3470103189-00&ServiceCd=320&Type=search", "url2": "https://joukou.or.jp/shisetsu/gh-fukuda/" }, "geometry": { "type": "Point", "coordinates": [ 132.542585499999973, 34.4542394 ] } },
{ "type": "Feature", "properties": { "内容": "グループホーム光明牛田【認知症対応型共同生活介護】広島市東区牛田本町6-1-1", "url": "https://www.kaigokensaku.mhlw.go.jp/34/index.php?action_kouhyou_detail_004_kani=true&JigyosyoCd=3470104369-00&ServiceCd=320&Type=search", "url2": "http://komyogakuen.jp/" }, "geometry": { "type": "Point", "coordinates": [ 132.468284917136543, 34.414179923332128 ] } },
{ "type": "Feature", "properties": { "内容": "グループホーム光明牛田新町【認知症対応型共同生活介護】広島市東区牛田新町3-20-15", "url": "https://www.kaigokensaku.mhlw.go.jp/34/index.php?action_kouhyou_detail_004_kani=true&JigyosyoCd=3490100116-00&ServiceCd=320&Type=search", "url2": "http://komyogakuen.jp" }, "geometry": { "type": "Point", "coordinates": [ 132.467901100000063, 34.4237661 ] } },
{ "type": "Feature", "properties": { "内容": "グループホームよってきんさい矢賀【認知症対応型共同生活介護】広島市東区矢賀六丁目４番３４号", "url": "https://www.kaigokensaku.mhlw.go.jp/34/index.php?action_kouhyou_detail_004_kani=true&JigyosyoCd=3470103452-00&ServiceCd=320&Type=search", "url2": null }, "geometry": { "type": "Point", "coordinates": [ 132.502052233171099, 34.404710119441759 ] } },
{ "type": "Feature", "properties": { "内容": "グループホームふれあい戸坂【認知症対応型共同生活介護】広島市東区戸坂大上３－２－３０", "url": "https://www.kaigokensaku.mhlw.go.jp/34/index.php?action_kouhyou_detail_004_kani=true&JigyosyoCd=3490100256-00&ServiceCd=320&Type=search", "url2": "http://koenkai-gr.jp" }, "geometry": { "type": "Point", "coordinates": [ 132.493013, 34.4271965 ] } },
{ "type": "Feature", "properties": { "内容": "グループホームふれあい戸坂東【認知症対応型共同生活介護】広島県広島市東区戸坂千足1丁目12-46", "url": "https://www.kaigokensaku.mhlw.go.jp/34/index.php?action_kouhyou_detail_004_kani=true&JigyosyoCd=3490100843-00&ServiceCd=320&Type=search", "url2": "https://koenkai-gr.jp/" }, "geometry": { "type": "Point", "coordinates": [ 132.480372, 34.4354929 ] } },
{ "type": "Feature", "properties": { "内容": "愛の家グループホーム広島牛田新町【認知症対応型共同生活介護】広島県広島市東区牛田新町３丁目１４番２５号", "url": "https://www.kaigokensaku.mhlw.go.jp/34/index.php?action_kouhyou_detail_004_kani=true&JigyosyoCd=3490101387-00&ServiceCd=320&Type=search", "url2": "https://mcs-ainoie.com/search/hiroshima/hiroshimashi/gh329/" }, "geometry": { "type": "Point", "coordinates": [ 132.4701947, 34.4265747 ] } },
{ "type": "Feature", "properties": { "内容": "グループホームなでしこ温品【認知症対応型共同生活介護】広島市東区温品５丁目７番１号グループホームなでしこ温品", "url": "https://www.kaigokensaku.mhlw.go.jp/34/index.php?action_kouhyou_detail_004_kani=true&JigyosyoCd=3490100603-00&ServiceCd=320&Type=search", "url2": "https://morinobu.jp/product-kaigo/nukushina/" }, "geometry": { "type": "Point", "coordinates": [ 132.504587873016391, 34.412564972058099 ] } },
{ "type": "Feature", "properties": { "内容": "グループホーム花咲楼【認知症対応型共同生活介護】広島市東区尾長東2丁目６－３４", "url": "https://www.kaigokensaku.mhlw.go.jp/34/index.php?action_kouhyou_detail_004_kani=true&JigyosyoCd=3490100348-00&ServiceCd=320&Type=search", "url2": "https://www.nix-net.co.jp/care/center/grouphome_hanasakarou.html" }, "geometry": { "type": "Point", "coordinates": [ 132.4880283, 34.3977631 ] } },
{ "type": "Feature", "properties": { "内容": "グループホーム金太郎【認知症対応型共同生活介護】広島県広島市東区曙1丁目1－20", "url": "https://www.kaigokensaku.mhlw.go.jp/34/index.php?action_kouhyou_detail_004_kani=true&JigyosyoCd=3490101064-00&ServiceCd=320&Type=search", "url2": "https://www.nix-net.co.jp/care/center/grouphome_kintarou.html" }, "geometry": { "type": "Point", "coordinates": [ 132.488547400000016, 34.3959305 ] } },
{ "type": "Feature", "properties": { "内容": "グループホームかぐや姫【認知症対応型共同生活介護】広島市東区尾長東２丁目6番6号", "url": "https://www.kaigokensaku.mhlw.go.jp/34/index.php?action_kouhyou_detail_004_kani=true&JigyosyoCd=3470104849-00&ServiceCd=320&Type=search", "url2": "http://www.nix-net.co.jp/index.html" }, "geometry": { "type": "Point", "coordinates": [ 132.488236599999937, 34.3975687 ] } },
{ "type": "Feature", "properties": { "内容": "グループホーム　ふれあい　段原【認知症対応型共同生活介護】広島市南区段原山崎三丁目６－１２階、３階", "url": "https://www.kaigokensaku.mhlw.go.jp/34/index.php?action_kouhyou_detail_004_kani=true&JigyosyoCd=3490100165-00&ServiceCd=320&Type=search", "url2": "http://koenkai-gr.jp/" }, "geometry": { "type": "Point", "coordinates": [ 132.48217360000001, 34.3844896 ] } },
{ "type": "Feature", "properties": { "内容": "グループホーム　あけぼの【認知症対応型共同生活介護】広島市南区皆実町1丁目13番2号", "url": "https://www.kaigokensaku.mhlw.go.jp/34/index.php?action_kouhyou_detail_004_kani=true&JigyosyoCd=3470103726-00&ServiceCd=320&Type=search", "url2": "https://sites.google.com/view/akebonokai/" }, "geometry": { "type": "Point", "coordinates": [ 132.4669391, 34.3782483 ] } },
{ "type": "Feature", "properties": { "内容": "グループホーム元宇品【認知症対応型共同生活介護】広島県広島市南区元宇品町２６番２０号", "url": "https://www.kaigokensaku.mhlw.go.jp/34/index.php?action_kouhyou_detail_004_kani=true&JigyosyoCd=3470105093-00&ServiceCd=320&Type=search", "url2": "http://www.ss.wadoukai.jp/grouphome.html" }, "geometry": { "type": "Point", "coordinates": [ 132.458990740475429, 34.34797085481523 ] } },
{ "type": "Feature", "properties": { "内容": "グループホームなだの郷【認知症対応型共同生活介護】広島県広島市南区青崎2丁目16-15", "url": "https://www.kaigokensaku.mhlw.go.jp/34/index.php?action_kouhyou_detail_004_kani=true&JigyosyoCd=3470110390-00&ServiceCd=320&Type=search", "url2": "https://www7b.biglobe.ne.jp/~hyakuju-nadanosato/" }, "geometry": { "type": "Point", "coordinates": [ 132.50877220000001, 34.3718022 ] } },
{ "type": "Feature", "properties": { "内容": "グループホーム丹那の杜【認知症対応型共同生活介護】広島市南区丹那町22-10-10", "url": "https://www.kaigokensaku.mhlw.go.jp/34/index.php?action_kouhyou_detail_004_kani=true&JigyosyoCd=3490100298-00&ServiceCd=320&Type=search", "url2": "https://curacion.life/" }, "geometry": { "type": "Point", "coordinates": [ 132.477971700000012, 34.3661221 ] } },
{ "type": "Feature", "properties": { "内容": "グループホーム青崎・みどりの家【認知症対応型共同生活介護】広島市南区青崎2丁目9-16", "url": "https://www.kaigokensaku.mhlw.go.jp/34/index.php?action_kouhyou_detail_004_kani=true&JigyosyoCd=3490100454-00&ServiceCd=320&Type=search", "url2": "https://epocacs.co.jp/" }, "geometry": { "type": "Point", "coordinates": [ 132.507321700000034, 34.3730555 ] } },
{ "type": "Feature", "properties": { "内容": "グループホーム　憩【認知症対応型共同生活介護】広島県広島市南区翠4-7-38", "url": "https://www.kaigokensaku.mhlw.go.jp/34/index.php?action_kouhyou_detail_004_kani=true&JigyosyoCd=3490100611-00&ServiceCd=320&Type=search", "url2": "http://www.jikeicorp.com/" }, "geometry": { "type": "Point", "coordinates": [ 132.472173714016662, 34.369074186494672 ] } },
{ "type": "Feature", "properties": { "内容": "グループホーム　ふれあい　段原山崎【認知症対応型共同生活介護】広島県広島市南区段原山崎２丁目3-8", "url": "https://www.kaigokensaku.mhlw.go.jp/34/index.php?action_kouhyou_detail_004_kani=true&JigyosyoCd=3490100686-00&ServiceCd=320&Type=search", "url2": "http://koenkai-gr.jp" }, "geometry": { "type": "Point", "coordinates": [ 132.481763917196673, 34.384569904522117 ] } },
{ "type": "Feature", "properties": { "内容": "ＮＴＴグループケアポート広島　認知症対応型共同生活介護事業所【認知症対応型共同生活介護】広島市南区比治山本町11-1", "url": "https://www.kaigokensaku.mhlw.go.jp/34/index.php?action_kouhyou_detail_004_kani=true&JigyosyoCd=3470104401-00&ServiceCd=320&Type=search", "url2": "https://www.telwel-west.co.jp/" }, "geometry": { "type": "Point", "coordinates": [ 132.472452400000066, 34.3804759 ] } },
{ "type": "Feature", "properties": { "内容": "グループホーム丹那【認知症対応型共同生活介護】広島市南区丹那町22-11-11", "url": "https://www.kaigokensaku.mhlw.go.jp/34/index.php?action_kouhyou_detail_004_kani=true&JigyosyoCd=3490100140-00&ServiceCd=320&Type=search", "url2": "https://curacion.life/" }, "geometry": { "type": "Point", "coordinates": [ 132.477799499999946, 34.3658416 ] } },
{ "type": "Feature", "properties": { "内容": "グループホームでしお【認知症対応型共同生活介護】広島市南区出汐1丁目4番16号ＳＴビル", "url": "https://www.kaigokensaku.mhlw.go.jp/34/index.php?action_kouhyou_detail_004_kani=true&JigyosyoCd=3490100488-00&ServiceCd=320&Type=search", "url2": "http://www.nexus-g.jp/" }, "geometry": { "type": "Point", "coordinates": [ 132.4766492, 34.3802844 ] } },
{ "type": "Feature", "properties": { "内容": "グループホームうぐいすの家【認知症対応型共同生活介護】広島市南区黄金山町６番５号", "url": "https://www.kaigokensaku.mhlw.go.jp/34/index.php?action_kouhyou_detail_004_kani=true&JigyosyoCd=3470101977-00&ServiceCd=320&Type=search", "url2": null }, "geometry": { "type": "Point", "coordinates": [ 132.487298600000031, 34.3707357 ] } },
{ "type": "Feature", "properties": { "内容": "グループホーム　ケアセンター宇品【認知症対応型共同生活介護】広島市南区宇品神田２丁目９番４号", "url": "https://www.kaigokensaku.mhlw.go.jp/34/index.php?action_kouhyou_detail_004_kani=true&JigyosyoCd=3470103007-00&ServiceCd=320&Type=search", "url2": "https://be-smile.jp/" }, "geometry": { "type": "Point", "coordinates": [ 132.46625610000001, 34.3652969 ] } },
{ "type": "Feature", "properties": { "内容": "グループホーム　もみじの里【認知症対応型共同生活介護】広島市南区宇品御幸１丁目11-9", "url": "https://www.kaigokensaku.mhlw.go.jp/34/index.php?action_kouhyou_detail_004_kani=true&JigyosyoCd=3470104484-00&ServiceCd=320&Type=search", "url2": "http://www.galilei.ne.jp/momijinosato/index.html" }, "geometry": { "type": "Point", "coordinates": [ 132.462723, 34.3684519 ] } },
{ "type": "Feature", "properties": { "内容": "グループホーム百樹【認知症対応型共同生活介護】広島市南区青崎２丁目15-2", "url": "https://www.kaigokensaku.mhlw.go.jp/34/index.php?action_kouhyou_detail_004_kani=true&JigyosyoCd=3490100579-00&ServiceCd=320&Type=search", "url2": "http://www7b.biglobe.ne.jp/~hyakuju-nadanosato/" }, "geometry": { "type": "Point", "coordinates": [ 132.508614817964599, 34.371934039174846 ] } },
{ "type": "Feature", "properties": { "内容": "グループホーム広島八景園【認知症対応型共同生活介護】広島県広島市南区仁保1丁目2番17号", "url": "https://www.kaigokensaku.mhlw.go.jp/34/index.php?action_kouhyou_detail_004_kani=true&JigyosyoCd=3490101312-00&ServiceCd=320&Type=search", "url2": "https://hakkeien.hiroshimakosei.or.jp/" }, "geometry": { "type": "Point", "coordinates": [ 132.493289983467122, 34.373665504122918 ] } },
{ "type": "Feature", "properties": { "内容": "グループホームよってきんさい本浦【認知症対応型共同生活介護】広島市南区本浦町２７番１８号", "url": "https://www.kaigokensaku.mhlw.go.jp/34/index.php?action_kouhyou_detail_004_kani=true&JigyosyoCd=3470103676-00&ServiceCd=320&Type=search", "url2": null }, "geometry": { "type": "Point", "coordinates": [ 132.4867097, 34.3726522 ] } },
{ "type": "Feature", "properties": { "内容": "グループホームとまとだんばら【認知症対応型共同生活介護】広島県広島市南区段原山崎二丁目9番18号", "url": "https://www.kaigokensaku.mhlw.go.jp/34/index.php?action_kouhyou_detail_004_kani=true&JigyosyoCd=3490100702-00&ServiceCd=320&Type=search", "url2": "http://www.salute.co.jp/" }, "geometry": { "type": "Point", "coordinates": [ 132.480054399999972, 34.3843645 ] } },
{ "type": "Feature", "properties": { "内容": "グループホームこうご【認知症対応型共同生活介護】広島市西区庚午中3丁目6番6号", "url": "https://www.kaigokensaku.mhlw.go.jp/34/index.php?action_kouhyou_detail_004_kani=true&JigyosyoCd=3490200379-00&ServiceCd=320&Type=search", "url2": "http://www.matuko.biz" }, "geometry": { "type": "Point", "coordinates": [ 132.411986100000036, 34.3830336 ] } },
{ "type": "Feature", "properties": { "内容": "グループホームえんじゅ井口【認知症対応型共同生活介護】広島県広島市西区井口五丁目6番2号", "url": "https://www.kaigokensaku.mhlw.go.jp/34/index.php?action_kouhyou_detail_004_kani=true&JigyosyoCd=3490200361-00&ServiceCd=320&Type=search", "url2": "https://www.higashinokai.jp/" }, "geometry": { "type": "Point", "coordinates": [ 132.379449499999964, 34.3686125 ] } },
{ "type": "Feature", "properties": { "内容": "グループホーム桐壺の家【認知症対応型共同生活介護】広島市西区己斐中２丁目１２－２１", "url": "https://www.kaigokensaku.mhlw.go.jp/34/index.php?action_kouhyou_detail_004_kani=true&JigyosyoCd=3470204201-00&ServiceCd=320&Type=search", "url2": "http://www.hayashimedical.or.jp" }, "geometry": { "type": "Point", "coordinates": [ 132.4260514, 34.4019264 ] } },
{ "type": "Feature", "properties": { "内容": "グループホーム若紫の家【認知症対応型共同生活介護】広島県広島市西区己斐中三丁目53-14", "url": "https://www.kaigokensaku.mhlw.go.jp/34/index.php?action_kouhyou_detail_004_kani=true&JigyosyoCd=3490200015-00&ServiceCd=320&Type=search", "url2": "http://hayashimedical.or.jp/" }, "geometry": { "type": "Point", "coordinates": [ 132.425668099999967, 34.401859799999976 ] } },
{ "type": "Feature", "properties": { "内容": "グループホーム井口台・みどりの家【認知症対応型共同生活介護】広島市西区井口台一丁目23-11", "url": "https://www.kaigokensaku.mhlw.go.jp/34/index.php?action_kouhyou_detail_004_kani=true&JigyosyoCd=3490200254-00&ServiceCd=320&Type=search", "url2": "https://epocacs.co.jp/" }, "geometry": { "type": "Point", "coordinates": [ 132.381871600000068, 34.3790197 ] } },
{ "type": "Feature", "properties": { "内容": "グループホーム南観音ひまわり【認知症対応型共同生活介護】広島市西区南観音六丁目３番３１号", "url": "https://www.kaigokensaku.mhlw.go.jp/34/index.php?action_kouhyou_detail_004_kani=true&JigyosyoCd=3490200320-00&ServiceCd=320&Type=search", "url2": "http://www.miyauchi.or.jp/medical/ghmkanon/index.html" }, "geometry": { "type": "Point", "coordinates": [ 132.427668499999982, 34.3833059 ] } },
{ "type": "Feature", "properties": { "内容": "ニチイケアセンター己斐【認知症対応型共同生活介護】広島県広島市西区己斐大迫二丁目41番3号", "url": "https://www.kaigokensaku.mhlw.go.jp/34/index.php?action_kouhyou_detail_004_kani=true&JigyosyoCd=3490200759-00&ServiceCd=320&Type=search", "url2": "https://www.nichiigakkan.co.jp/" }, "geometry": { "type": "Point", "coordinates": [ 132.425473300000021, 34.412603 ] } },
{ "type": "Feature", "properties": { "内容": "グループホーム井口・楽々苑【認知症対応型共同生活介護】広島県広島市西区井口四丁目１５番２号", "url": "https://www.kaigokensaku.mhlw.go.jp/34/index.php?action_kouhyou_detail_004_kani=true&JigyosyoCd=3490200791-00&ServiceCd=320&Type=search", "url2": "https://www.ykbs-group.jp" }, "geometry": { "type": "Point", "coordinates": [ 139.5332141, 35.6909864 ] } },
{ "type": "Feature", "properties": { "内容": "グループホーム　令和の杜【認知症対応型共同生活介護】広島県広島市西区井口鈴が台3-16-26", "url": "https://www.kaigokensaku.mhlw.go.jp/34/index.php?action_kouhyou_detail_004_kani=true&JigyosyoCd=3490201344-00&ServiceCd=320&Type=search", "url2": "https://www.ykbs-group.jp" }, "geometry": { "type": "Point", "coordinates": [ 132.375094900000022, 34.3716467 ] } },
{ "type": "Feature", "properties": { "内容": "コープグループホーム・田方【認知症対応型共同生活介護】広島市西区田方一丁目20番21-22号", "url": "https://www.kaigokensaku.mhlw.go.jp/34/index.php?action_kouhyou_detail_004_kani=true&JigyosyoCd=3490201435-00&ServiceCd=320&Type=search", "url2": null }, "geometry": { "type": "Point", "coordinates": [ 132.398414699999989, 34.3846785 ] } },
{ "type": "Feature", "properties": { "内容": "あんしんホーム【認知症対応型共同生活介護】広島市西区庚午北一丁目5番15号ARAKIHEALTHCAREPLAZA　4・5階", "url": "https://www.kaigokensaku.mhlw.go.jp/34/index.php?action_kouhyou_detail_004_kani=true&JigyosyoCd=3470202239-00&ServiceCd=320&Type=search", "url2": "https://arakihp.jp/profile/group/anshin-plaza/anshinhome/" }, "geometry": { "type": "Point", "coordinates": [ 132.422874, 34.390896699999985 ] } },
{ "type": "Feature", "properties": { "内容": "グループホームよってきんさい草津【認知症対応型共同生活介護】広島市西区草津南一丁目６番１２号", "url": "https://www.kaigokensaku.mhlw.go.jp/34/index.php?action_kouhyou_detail_004_kani=true&JigyosyoCd=3470203245-00&ServiceCd=320&Type=search", "url2": null }, "geometry": { "type": "Point", "coordinates": [ 132.401575800000046, 34.3777646 ] } },
{ "type": "Feature", "properties": { "内容": "西広島グループホーム【認知症対応型共同生活介護】広島市西区田方二丁目１６番４５号", "url": "https://www.kaigokensaku.mhlw.go.jp/34/index.php?action_kouhyou_detail_004_kani=true&JigyosyoCd=3470203625-00&ServiceCd=320&Type=search", "url2": "http://www.wadokai.or.jp/" }, "geometry": { "type": "Point", "coordinates": [ 132.396051100000022, 34.3918102 ] } },
{ "type": "Feature", "properties": { "内容": "グループホーム三滝ひまわり【認知症対応型共同生活介護】広島市西区三滝本町二丁目２５－１０", "url": "https://www.kaigokensaku.mhlw.go.jp/34/index.php?action_kouhyou_detail_004_kani=true&JigyosyoCd=3470203310-00&ServiceCd=320&Type=search", "url2": "http://www.miyauchi.or.jp/medical/ghmitaki/index.html" }, "geometry": { "type": "Point", "coordinates": [ 132.446802599999955, 34.4209079 ] } },
{ "type": "Feature", "properties": { "内容": "グループホーム　ハレ・クプナ【認知症対応型共同生活介護】広島市西区山手町19番3号", "url": "https://www.kaigokensaku.mhlw.go.jp/34/index.php?action_kouhyou_detail_004_kani=true&JigyosyoCd=3470205646-00&ServiceCd=320&Type=search", "url2": "http://www.touaikai.com/" }, "geometry": { "type": "Point", "coordinates": [ 132.437836899999979, 34.4080897 ] } },
{ "type": "Feature", "properties": { "内容": "ニチイケアセンター南観音【認知症対応型共同生活介護】広島市西区南観音2丁目9-19", "url": "https://www.kaigokensaku.mhlw.go.jp/34/index.php?action_kouhyou_detail_004_kani=true&JigyosyoCd=3490200270-00&ServiceCd=320&Type=search", "url2": "http://www.nichiigakkan.co.jp" }, "geometry": { "type": "Point", "coordinates": [ 132.430996199999981, 34.3826282 ] } },
{ "type": "Feature", "properties": { "内容": "コ－プグル－プホ－ム・観音【認知症対応型共同生活介護】広島市西区南観音5-10-25", "url": "https://www.kaigokensaku.mhlw.go.jp/34/index.php?action_kouhyou_detail_004_kani=true&JigyosyoCd=3490201039-00&ServiceCd=320&Type=search", "url2": "http://hiroshima.coop/" }, "geometry": { "type": "Point", "coordinates": [ 132.424677, 34.3818838 ] } },
{ "type": "Feature", "properties": { "内容": "グループホーム庚午・みどりの家【認知症対応型共同生活介護】広島市西区庚午北2丁目5-5", "url": "https://www.kaigokensaku.mhlw.go.jp/34/index.php?action_kouhyou_detail_004_kani=true&JigyosyoCd=3490201575-00&ServiceCd=320&Type=search", "url2": "https://epocacs.co.jp/" }, "geometry": { "type": "Point", "coordinates": [ 132.4208189, 34.3918502 ] } },
{ "type": "Feature", "properties": { "内容": "グループホーム己斐・みどりの家【認知症対応型共同生活介護】広島市西区己斐上4丁目29番16号", "url": "https://www.kaigokensaku.mhlw.go.jp/34/index.php?action_kouhyou_detail_004_kani=true&JigyosyoCd=3470203583-00&ServiceCd=320&Type=search", "url2": "https://epocacs.co.jp/" }, "geometry": { "type": "Point", "coordinates": [ 132.42026809999993, 34.4107726 ] } },
{ "type": "Feature", "properties": { "内容": "あいあいホームながさき【認知症対応型共同生活介護】広島市西区横川町3丁目6番17号", "url": "https://www.kaigokensaku.mhlw.go.jp/34/index.php?action_kouhyou_detail_004_kani=true&JigyosyoCd=3470206032-00&ServiceCd=320&Type=search", "url2": "http://www.nagasaki-hp.jp/grouphome/" }, "geometry": { "type": "Point", "coordinates": [ 132.453216800000064, 34.4099451 ] } },
{ "type": "Feature", "properties": { "内容": "グループホーム　古田のおうち【認知症対応型共同生活介護】広島市西区古江新町８番３２号古田のおうち", "url": "https://www.kaigokensaku.mhlw.go.jp/34/index.php?action_kouhyou_detail_004_kani=true&JigyosyoCd=3490200312-00&ServiceCd=320&Type=search", "url2": "https://mochi2.stars.ne.jp" }, "geometry": { "type": "Point", "coordinates": [ 132.410536200000024, 34.3844445 ] } },
{ "type": "Feature", "properties": { "内容": "グループホーム　ありらん【認知症対応型共同生活介護】広島市西区福島町２丁目４番９号複合型施設　ありらんの家", "url": "https://www.kaigokensaku.mhlw.go.jp/34/index.php?action_kouhyou_detail_004_kani=true&JigyosyoCd=3490200726-00&ServiceCd=320&Type=search", "url2": "https://www.ariran-ie.co.jp" }, "geometry": { "type": "Point", "coordinates": [ 139.380773800000043, 35.7003288 ] } },
{ "type": "Feature", "properties": { "内容": "グループホーム　桃太郎【認知症対応型共同生活介護】広島県広島市西区小河内町1丁目8-1", "url": "https://www.kaigokensaku.mhlw.go.jp/34/index.php?action_kouhyou_detail_004_kani=true&JigyosyoCd=3490201195-00&ServiceCd=320&Type=search", "url2": "http://www.nix-net.co.jp/" }, "geometry": { "type": "Point", "coordinates": [ 132.436065, 34.3992378 ] } },
{ "type": "Feature", "properties": { "内容": "グループホームガーデンの家川内【認知症対応型共同生活介護】広島市安佐南区川内5丁目1-9グループホームガーデンの家川内", "url": "https://www.kaigokensaku.mhlw.go.jp/34/index.php?action_kouhyou_detail_004_kani=true&JigyosyoCd=3490201161-00&ServiceCd=320&Type=search", "url2": "http://kawauchi.gardennoie.jp/" }, "geometry": { "type": "Point", "coordinates": [ 132.489486270639048, 34.466829073217056 ] } },
{ "type": "Feature", "properties": { "内容": "ＩＧＬグループホーム西風新都【認知症対応型共同生活介護】広島市安佐南区大塚西2丁目5-8", "url": "https://www.kaigokensaku.mhlw.go.jp/34/index.php?action_kouhyou_detail_004_kani=true&JigyosyoCd=3490200338-00&ServiceCd=320&Type=search", "url2": "http://www.igl.or.jp/kourei/ghseifushinto.html" }, "geometry": { "type": "Point", "coordinates": [ 132.401018280053705, 34.444258999036769 ] } },
{ "type": "Feature", "properties": { "内容": "グループホーム　すまいる【認知症対応型共同生活介護】広島市安佐南区相田五丁目５番９－８号", "url": "https://www.kaigokensaku.mhlw.go.jp/34/index.php?action_kouhyou_detail_004_kani=true&JigyosyoCd=3470204409-00&ServiceCd=320&Type=search", "url2": null }, "geometry": { "type": "Point", "coordinates": [ 132.4459733, 34.4701579 ] } },
{ "type": "Feature", "properties": { "内容": "グループホームヴィーヴル祇園【認知症対応型共同生活介護】広島市安佐南区祇園四丁目8-5", "url": "https://www.kaigokensaku.mhlw.go.jp/34/index.php?action_kouhyou_detail_004_kani=true&JigyosyoCd=3470205885-00&ServiceCd=320&Type=search", "url2": "https://www.grouphome-vivre.com/" }, "geometry": { "type": "Point", "coordinates": [ 132.455865, 34.4406006 ] } },
{ "type": "Feature", "properties": { "内容": "グループホームさくら【認知症対応型共同生活介護】広島市安佐南区大塚西3丁目11-14", "url": "https://www.kaigokensaku.mhlw.go.jp/34/index.php?action_kouhyou_detail_004_kani=true&JigyosyoCd=3490200023-00&ServiceCd=320&Type=search", "url2": "http://yuuaien.jp/yuuaien/sakura/group" }, "geometry": { "type": "Point", "coordinates": [ 132.400444099999959, 34.4428599 ] } },
{ "type": "Feature", "properties": { "内容": "みのりグループホーム川内【認知症対応型共同生活介護】広島市安佐南区川内一丁目２２番５５号", "url": "https://www.kaigokensaku.mhlw.go.jp/34/index.php?action_kouhyou_detail_004_kani=true&JigyosyoCd=3490200221-00&ServiceCd=320&Type=search", "url2": "http://wel-fare.co.jp" }, "geometry": { "type": "Point", "coordinates": [ 132.484098300000028, 34.4576463 ] } },
{ "type": "Feature", "properties": { "内容": "ニチイケアセンター広島川内【認知症対応型共同生活介護】広島県広島市安佐南区川内五丁目16-3", "url": "https://www.kaigokensaku.mhlw.go.jp/34/index.php?action_kouhyou_detail_004_kani=true&JigyosyoCd=3490200288-00&ServiceCd=320&Type=search", "url2": "http://www.nichiigakkan.co.jp/" }, "geometry": { "type": "Point", "coordinates": [ 132.4837255, 34.4691064 ] } },
{ "type": "Feature", "properties": { "内容": "サンキ・ウエルビィグループホーム祇園【認知症対応型共同生活介護】広島県広島市安佐南区山本四丁目１１番２４号", "url": "https://www.kaigokensaku.mhlw.go.jp/34/index.php?action_kouhyou_detail_004_kani=true&JigyosyoCd=3490200403-00&ServiceCd=320&Type=search", "url2": null }, "geometry": { "type": "Point", "coordinates": [ 132.448759900000027, 34.4374508 ] } },
{ "type": "Feature", "properties": { "内容": "グループホームふれあい東野【認知症対応型共同生活介護】広島県広島市安佐南区東野３－３０－２１", "url": "https://www.kaigokensaku.mhlw.go.jp/34/index.php?action_kouhyou_detail_004_kani=true&JigyosyoCd=3490200825-00&ServiceCd=320&Type=search", "url2": "http://koenkai-gr.jp" }, "geometry": { "type": "Point", "coordinates": [ 132.484259800000018, 34.4520469 ] } },
{ "type": "Feature", "properties": { "内容": "グループホームシェアーハッピネス【認知症対応型共同生活介護】広島県広島市安佐南区伴中央2-8-10", "url": "https://www.kaigokensaku.mhlw.go.jp/34/index.php?action_kouhyou_detail_004_kani=true&JigyosyoCd=3490201450-00&ServiceCd=320&Type=search", "url2": null }, "geometry": { "type": "Point", "coordinates": [ 132.4012132, 34.4582854 ] } },
{ "type": "Feature", "properties": { "内容": "グループホーム古の市【認知症対応型共同生活介護】広島県広島市安佐南区古市3丁目5番3号広島畳材Vビル　3階、4階", "url": "https://www.kaigokensaku.mhlw.go.jp/34/index.php?action_kouhyou_detail_004_kani=true&JigyosyoCd=3490201625-00&ServiceCd=320&Type=search", "url2": "https://www.dai-ki.co.jp/furunoichi/" }, "geometry": { "type": "Point", "coordinates": [ 135.555418300000014, 34.7142291 ] } },
{ "type": "Feature", "properties": { "内容": "グループホーム　夕顔の家【認知症対応型共同生活介護】広島市安佐南区八木８丁目９－２３", "url": "https://www.kaigokensaku.mhlw.go.jp/34/index.php?action_kouhyou_detail_004_kani=true&JigyosyoCd=3470204748-00&ServiceCd=320&Type=search", "url2": "http://hayashimedical.or.jp/" }, "geometry": { "type": "Point", "coordinates": [ 132.506223299999988, 34.4922765 ] } },
{ "type": "Feature", "properties": { "内容": "グループホームじこう【認知症対応型共同生活介護】広島市安佐南区高取北一丁目17-41", "url": "https://www.kaigokensaku.mhlw.go.jp/34/index.php?action_kouhyou_detail_004_kani=true&JigyosyoCd=3490200049-00&ServiceCd=320&Type=search", "url2": "http://www.jikouen.jp" }, "geometry": { "type": "Point", "coordinates": [ 132.441337400000066, 34.4773848 ] } },
{ "type": "Feature", "properties": { "内容": "ニチイケアセンター広島長楽寺【認知症対応型共同生活介護】広島県広島市安佐南区長楽寺1-24-17", "url": "https://www.kaigokensaku.mhlw.go.jp/34/index.php?action_kouhyou_detail_004_kani=true&JigyosyoCd=3490200296-00&ServiceCd=320&Type=search", "url2": "http://www.nichiigakkan.co.jp" }, "geometry": { "type": "Point", "coordinates": [ 132.431157799999937, 34.4748709 ] } },
{ "type": "Feature", "properties": { "内容": "ニチイケアセンター広島東原【認知症対応型共同生活介護】広島県広島市安佐南区東原2-8-12", "url": "https://www.kaigokensaku.mhlw.go.jp/34/index.php?action_kouhyou_detail_004_kani=true&JigyosyoCd=3490200429-00&ServiceCd=320&Type=search", "url2": "http://www.nichiigakkan.co.jp/" }, "geometry": { "type": "Point", "coordinates": [ 132.481541, 34.443181 ] } },
{ "type": "Feature", "properties": { "内容": "グループホームガーデンの家【認知症対応型共同生活介護】広島県広島市安佐南区緑井七丁目5番11号ガーデンの家緑井", "url": "https://www.kaigokensaku.mhlw.go.jp/34/index.php?action_kouhyou_detail_004_kani=true&JigyosyoCd=3490200866-00&ServiceCd=320&Type=search", "url2": "http://midorii.jp/midorii/index.html" }, "geometry": { "type": "Point", "coordinates": [ 132.480950125131244, 34.472664920755641 ] } },
{ "type": "Feature", "properties": { "内容": "グループホームたのしい家安佐南【認知症対応型共同生活介護】広島県広島市安佐南区祇園6-12-31", "url": "https://www.kaigokensaku.mhlw.go.jp/34/index.php?action_kouhyou_detail_004_kani=true&JigyosyoCd=3490201526-00&ServiceCd=320&Type=search", "url2": null }, "geometry": { "type": "Point", "coordinates": [ 132.463662672270942, 34.446432433674438 ] } },
{ "type": "Feature", "properties": { "内容": "グループホーム福寿草【認知症対応型共同生活介護】広島県広島市安佐南区相田2丁目15-19", "url": "https://www.kaigokensaku.mhlw.go.jp/34/index.php?action_kouhyou_detail_004_kani=true&JigyosyoCd=3470202585-00&ServiceCd=320&Type=search", "url2": null }, "geometry": { "type": "Point", "coordinates": [ 132.452308799999969, 34.4714218 ] } },
{ "type": "Feature", "properties": { "内容": "グループホーム阿戸　福香の家【認知症対応型共同生活介護】広島市安佐南区沼田町阿戸字小松ケ峠3825番", "url": "https://www.kaigokensaku.mhlw.go.jp/34/index.php?action_kouhyou_detail_004_kani=true&JigyosyoCd=3470205133-00&ServiceCd=320&Type=search", "url2": null }, "geometry": { "type": "Point", "coordinates": [ 132.357235400000036, 34.4854521 ] } },
{ "type": "Feature", "properties": { "内容": "グループホーム　ほのぼの苑　長束【認知症対応型共同生活介護】広島市安佐南区長束西3丁目1-5", "url": "https://www.kaigokensaku.mhlw.go.jp/34/index.php?action_kouhyou_detail_004_kani=true&JigyosyoCd=3490200213-00&ServiceCd=320&Type=search", "url2": "http://www.tomigaku.co.jp/" }, "geometry": { "type": "Point", "coordinates": [ 132.450463, 34.4303654 ] } },
{ "type": "Feature", "properties": { "内容": "グループホーム　たのしい家衹園山本【認知症対応型共同生活介護】広島県広島市安佐南区山本4丁目12-56-3", "url": "https://www.kaigokensaku.mhlw.go.jp/34/index.php?action_kouhyou_detail_004_kani=true&JigyosyoCd=3490200734-00&ServiceCd=320&Type=search", "url2": null }, "geometry": { "type": "Point", "coordinates": [ 132.448690533729547, 34.438470993126415 ] } },
{ "type": "Feature", "properties": { "内容": "グループホームたのしい家大原【認知症対応型共同生活介護】広島県広島市安佐南区伴東７丁目59－11", "url": "https://www.kaigokensaku.mhlw.go.jp/34/index.php?action_kouhyou_detail_004_kani=true&JigyosyoCd=3490201047-00&ServiceCd=320&Type=search", "url2": null }, "geometry": { "type": "Point", "coordinates": [ 132.411887500000034, 34.4629274 ] } },
{ "type": "Feature", "properties": { "内容": "グループホームすこやかすこやか【認知症対応型共同生活介護】広島県広島市安佐南区長楽寺二丁目13番26号", "url": "https://www.kaigokensaku.mhlw.go.jp/34/index.php?action_kouhyou_detail_004_kani=true&JigyosyoCd=3490201542-00&ServiceCd=320&Type=search", "url2": "https://www.seijinkai-clinic.com/sukoyaka-sukoyaka/" }, "geometry": { "type": "Point", "coordinates": [ 132.427212, 34.4695047 ] } },
{ "type": "Feature", "properties": { "内容": "愛の家グループホーム広島東原【認知症対応型共同生活介護】広島県広島市安佐南区東原二丁目9番4号", "url": "https://www.kaigokensaku.mhlw.go.jp/34/index.php?action_kouhyou_detail_004_kani=true&JigyosyoCd=3490201773-00&ServiceCd=320&Type=search", "url2": "https://www.mcsg.co.jp" }, "geometry": { "type": "Point", "coordinates": [ 132.4834679, 34.4437794 ] } },
{ "type": "Feature", "properties": { "内容": "愛の家グループホーム広島大町【認知症対応型共同生活介護】広島県広島市安佐南区大町東三丁目1番18ハートランド大町", "url": "https://www.kaigokensaku.mhlw.go.jp/34/index.php?action_kouhyou_detail_004_kani=true&JigyosyoCd=3490201781-00&ServiceCd=320&Type=search", "url2": "https://mcs-ainoie.com/search/hiroshima/hiroshimashi/gh330" }, "geometry": { "type": "Point", "coordinates": [ 132.4687441, 34.464529 ] } },
{ "type": "Feature", "properties": { "内容": "愛の家グループホーム広島八木【認知症対応型共同生活介護】広島県広島市安佐南区八木１丁目10-10", "url": "https://www.kaigokensaku.mhlw.go.jp/34/index.php?action_kouhyou_detail_004_kani=true&JigyosyoCd=3490201799-00&ServiceCd=320&Type=search", "url2": "https://mcs-ainoie.com/search/hiroshima/hiroshimashi/gh334/" }, "geometry": { "type": "Point", "coordinates": [ 132.493771400000014, 34.4773189 ] } },
{ "type": "Feature", "properties": { "内容": "グループホームとまとたかとり【認知症対応型共同生活介護】広島市安佐南区高取南一丁目１１番４３号", "url": "https://www.kaigokensaku.mhlw.go.jp/34/index.php?action_kouhyou_detail_004_kani=true&JigyosyoCd=3470204268-00&ServiceCd=320&Type=search", "url2": "http://www.salute.co.jp/" }, "geometry": { "type": "Point", "coordinates": [ 132.438046200000031, 34.4719852 ] } },
{ "type": "Feature", "properties": { "内容": "グループホームとまとおおまち【認知症対応型共同生活介護】広島市安佐南区大町東二丁目１番１２号", "url": "https://www.kaigokensaku.mhlw.go.jp/34/index.php?action_kouhyou_detail_004_kani=true&JigyosyoCd=3490200395-00&ServiceCd=320&Type=search", "url2": "http://www.salute.co.jp/" }, "geometry": { "type": "Point", "coordinates": [ 132.470990799999981, 34.4632733 ] } },
{ "type": "Feature", "properties": { "内容": "グループホームとまとやすにし【認知症対応型共同生活介護】広島県広島市安佐南区高取南一丁目26番21号", "url": "https://www.kaigokensaku.mhlw.go.jp/34/index.php?action_kouhyou_detail_004_kani=true&JigyosyoCd=3490200858-00&ServiceCd=320&Type=search", "url2": "http://www.salute.co.jp/" }, "geometry": { "type": "Point", "coordinates": [ 132.438304499999958, 34.4712326 ] } },
{ "type": "Feature", "properties": { "内容": "グループホームとまとやす【認知症対応型共同生活介護】広島県広島市安佐南区高取南一丁目26番20号", "url": "https://www.kaigokensaku.mhlw.go.jp/34/index.php?action_kouhyou_detail_004_kani=true&JigyosyoCd=3490201658-00&ServiceCd=320&Type=search", "url2": "http://www.salute.co.jp" }, "geometry": { "type": "Point", "coordinates": [ 132.4385366, 34.471267200000035 ] } },
{ "type": "Feature", "properties": { "内容": "愛の家グループホーム広島高陽【認知症対応型共同生活介護】広島県広島市安佐北区落合南七丁目１０番２０号", "url": "https://www.kaigokensaku.mhlw.go.jp/34/index.php?action_kouhyou_detail_004_kani=true&JigyosyoCd=3490101403-00&ServiceCd=320&Type=search", "url2": "https://mcs-ainoie.com/search/hiroshima/hiroshimashi/gh332/" }, "geometry": { "type": "Point", "coordinates": [ 132.52138984928385, 34.474861783755109 ] } },
{ "type": "Feature", "properties": { "内容": "グループホーム樹【認知症対応型共同生活介護】広島市安佐北区深川1丁目42-23", "url": "https://www.kaigokensaku.mhlw.go.jp/34/index.php?action_kouhyou_detail_004_kani=true&JigyosyoCd=3490100421-00&ServiceCd=320&Type=search", "url2": "http://jtsjimu.wixsite.com/website" }, "geometry": { "type": "Point", "coordinates": [ 132.519581100000011, 34.4895093 ] } },
{ "type": "Feature", "properties": { "内容": "グループホームこころ【認知症対応型共同生活介護】広島県広島市安佐北区安佐町鈴張2687", "url": "https://www.kaigokensaku.mhlw.go.jp/34/index.php?action_kouhyou_detail_004_kani=true&JigyosyoCd=3490100785-00&ServiceCd=320&Type=search", "url2": "https://kokorohome.wordpress.com" }, "geometry": { "type": "Point", "coordinates": [ 132.454717269914198, 34.579287936911484 ] } },
{ "type": "Feature", "properties": { "内容": "グループホームガーデンの家落合南【認知症対応型共同生活介護】広島県広島市安佐北区落合南九丁目5番20号", "url": "https://www.kaigokensaku.mhlw.go.jp/34/index.php?action_kouhyou_detail_004_kani=true&JigyosyoCd=3490100850-00&ServiceCd=320&Type=search", "url2": "http://midorii.jp/ochiai/" }, "geometry": { "type": "Point", "coordinates": [ 132.525238362040682, 34.47642582182597 ] } },
{ "type": "Feature", "properties": { "内容": "グループホームひだまり【認知症対応型共同生活介護】広島県広島市安佐北区落合南4-41-21", "url": "https://www.kaigokensaku.mhlw.go.jp/34/index.php?action_kouhyou_detail_004_kani=true&JigyosyoCd=3490101080-00&ServiceCd=320&Type=search", "url2": null }, "geometry": { "type": "Point", "coordinates": [ 132.518273100000016, 34.467738799999985 ] } },
{ "type": "Feature", "properties": { "内容": "グループホームASA楽々苑【認知症対応型共同生活介護】広島県広島市安佐北区安佐町飯室1559番地2", "url": "https://www.kaigokensaku.mhlw.go.jp/34/index.php?action_kouhyou_detail_004_kani=true&JigyosyoCd=3490101163-00&ServiceCd=320&Type=search", "url2": "https://www.ykbs-group.jp/" }, "geometry": { "type": "Point", "coordinates": [ 132.4462706, 34.5506221 ] } },
{ "type": "Feature", "properties": { "内容": "愛の家グループホーム広島大林【認知症対応型共同生活介護】広島県広島市安佐北区大林一丁目8番15号", "url": "https://www.kaigokensaku.mhlw.go.jp/34/index.php?action_kouhyou_detail_004_kani=true&JigyosyoCd=3490101353-00&ServiceCd=320&Type=search", "url2": "https://mcs-ainoie.com/" }, "geometry": { "type": "Point", "coordinates": [ 132.538604365526311, 34.55008594296433 ] } },
{ "type": "Feature", "properties": { "内容": "グループホーム　高陽荘【認知症対応型共同生活介護】広島市安佐北区深川8丁目３６－７", "url": "https://www.kaigokensaku.mhlw.go.jp/34/index.php?action_kouhyou_detail_004_kani=true&JigyosyoCd=3490100447-00&ServiceCd=320&Type=search", "url2": "http://www.fureai-ch.ne.jp/~koyoso/gh.html" }, "geometry": { "type": "Point", "coordinates": [ 132.540066846032687, 34.469636744837437 ] } },
{ "type": "Feature", "properties": { "内容": "グループホームはるかぜ【認知症対応型共同生活介護】広島県広島市安佐北区亀山南二丁目8-20", "url": "https://www.kaigokensaku.mhlw.go.jp/34/index.php?action_kouhyou_detail_004_kani=true&JigyosyoCd=3470101654-00&ServiceCd=320&Type=search", "url2": "https://grouphome-harukaze.net/" }, "geometry": { "type": "Point", "coordinates": [ 132.495353718246434, 34.517786900072615 ] } },
{ "type": "Feature", "properties": { "内容": "グループホーム（山まゆ）フルーツハウス【認知症対応型共同生活介護】広島市安佐北区大林４丁目10-26", "url": "https://www.kaigokensaku.mhlw.go.jp/34/index.php?action_kouhyou_detail_004_kani=true&JigyosyoCd=3470102884-00&ServiceCd=320&Type=search", "url2": "http://www.kabedaimonjikai.or.jp" }, "geometry": { "type": "Point", "coordinates": [ 132.547280099999966, 34.5541866 ] } },
{ "type": "Feature", "properties": { "内容": "グループホームゆうゆう【認知症対応型共同生活介護】広島市安佐北区安佐町後山1047番地", "url": "https://www.kaigokensaku.mhlw.go.jp/34/index.php?action_kouhyou_detail_004_kani=true&JigyosyoCd=3470103569-00&ServiceCd=320&Type=search", "url2": "http://www.igl.or.jp/kourei/gh.html" }, "geometry": { "type": "Point", "coordinates": [ 132.4441448, 34.5002768 ] } },
{ "type": "Feature", "properties": { "内容": "グループホーム白木の郷【認知症対応型共同生活介護】広島県広島市安佐北区白木町小越10230番地", "url": "https://www.kaigokensaku.mhlw.go.jp/34/index.php?action_kouhyou_detail_004_kani=true&JigyosyoCd=3490100249-00&ServiceCd=320&Type=search", "url2": "https://misasakai.ecat.jp/catalog/products/detail?id=25" }, "geometry": { "type": "Point", "coordinates": [ 132.672686500000026, 34.55327519999998 ] } },
{ "type": "Feature", "properties": { "内容": "グループホーム　山ぼうし【認知症対応型共同生活介護】広島市安佐北区白木町大字秋山890-1", "url": "https://www.kaigokensaku.mhlw.go.jp/34/index.php?action_kouhyou_detail_004_kani=true&JigyosyoCd=3490100330-00&ServiceCd=320&Type=search", "url2": "http://www.yama-bousi.jp" }, "geometry": { "type": "Point", "coordinates": [ 132.6610131, 34.5381494 ] } },
{ "type": "Feature", "properties": { "内容": "グループホームなごみの郷可部【認知症対応型共同生活介護】広島県広島市安佐北区可部3-9-21", "url": "https://www.kaigokensaku.mhlw.go.jp/34/index.php?action_kouhyou_detail_004_kani=true&JigyosyoCd=3490100975-00&ServiceCd=320&Type=search", "url2": "http://www.nagominosato.jp/" }, "geometry": { "type": "Point", "coordinates": [ 132.514282500000036, 34.5209872 ] } },
{ "type": "Feature", "properties": { "内容": "グループホーム深川山ぼうし【認知症対応型共同生活介護】広島県広島市安佐北区深川5丁目39番20号", "url": "https://www.kaigokensaku.mhlw.go.jp/34/index.php?action_kouhyou_detail_004_kani=true&JigyosyoCd=3490101247-00&ServiceCd=320&Type=search", "url2": "https://www.fukawa.yama-bousi.jp/" }, "geometry": { "type": "Point", "coordinates": [ 132.52897, 34.4800532 ] } },
{ "type": "Feature", "properties": { "内容": "グループホーム安佐物語【認知症対応型共同生活介護】広島県広島市安佐北区亀山南一丁目12番12号", "url": "https://www.kaigokensaku.mhlw.go.jp/34/index.php?action_kouhyou_detail_004_kani=true&JigyosyoCd=3490101338-00&ServiceCd=320&Type=search", "url2": "http://www.ykbs-group.jp" }, "geometry": { "type": "Point", "coordinates": [ 132.494040500000011, 34.5158518 ] } },
{ "type": "Feature", "properties": { "内容": "グループホーム　ファミリーホーム【認知症対応型共同生活介護】広島市安佐北区あさひが丘１－１－１０", "url": "https://www.kaigokensaku.mhlw.go.jp/34/index.php?action_kouhyou_detail_004_kani=true&JigyosyoCd=3470103742-00&ServiceCd=320&Type=search", "url2": null }, "geometry": { "type": "Point", "coordinates": [ 132.442145, 34.5008906 ] } },
{ "type": "Feature", "properties": { "内容": "グループホーム菜の花【認知症対応型共同生活介護】広島県広島市安佐北区可部８丁目１４－２１", "url": "https://www.kaigokensaku.mhlw.go.jp/34/index.php?action_kouhyou_detail_004_kani=true&JigyosyoCd=3470110317-00&ServiceCd=320&Type=search", "url2": "https://nanohana-kabe.com/grouphome" }, "geometry": { "type": "Point", "coordinates": [ 132.5140318, 34.5275676 ] } },
{ "type": "Feature", "properties": { "内容": "グループホームHanamizuki【認知症対応型共同生活介護】広島市安佐北区可部南三丁目10番22号", "url": "https://www.kaigokensaku.mhlw.go.jp/34/index.php?action_kouhyou_detail_004_kani=true&JigyosyoCd=3490100272-00&ServiceCd=320&Type=search", "url2": "http://kabedaimonjikai.or.jp/" }, "geometry": { "type": "Point", "coordinates": [ 132.5151664, 34.5014173 ] } },
{ "type": "Feature", "properties": { "内容": "はぴね広島安佐【認知症対応型共同生活介護】広島市安佐北区安佐町飯室6486", "url": "https://www.kaigokensaku.mhlw.go.jp/34/index.php?action_kouhyou_detail_004_kani=true&JigyosyoCd=3490100546-00&ServiceCd=320&Type=search", "url2": "http://www.greenlife-inc.co.jp/" }, "geometry": { "type": "Point", "coordinates": [ 132.40874980000001, 34.5330034 ] } },
{ "type": "Feature", "properties": { "内容": "グループホームかんべの里【認知症対応型共同生活介護】広島市安佐北区可部七丁目13-15-1-9", "url": "https://www.kaigokensaku.mhlw.go.jp/34/index.php?action_kouhyou_detail_004_kani=true&JigyosyoCd=3490100942-00&ServiceCd=320&Type=search", "url2": "http://www.kanbemura.jp" }, "geometry": { "type": "Point", "coordinates": [ 132.511352200000033, 34.5245922 ] } },
{ "type": "Feature", "properties": { "内容": "グループホームやまびこ【認知症対応型共同生活介護】広島県広島市安佐北区三入六丁目２２番１１号", "url": "https://www.kaigokensaku.mhlw.go.jp/34/index.php?action_kouhyou_detail_004_kani=true&JigyosyoCd=3470102256-00&ServiceCd=320&Type=search", "url2": "http://www.grouphome-yamabiko.jp/" }, "geometry": { "type": "Point", "coordinates": [ 132.530408599999987, 34.5436153 ] } },
{ "type": "Feature", "properties": { "内容": "グループホーム博寿会ほほえみ【認知症対応型共同生活介護】広島市安佐北区口田一丁目14番10号", "url": "https://www.kaigokensaku.mhlw.go.jp/34/index.php?action_kouhyou_detail_004_kani=true&JigyosyoCd=3470104138-00&ServiceCd=320&Type=search", "url2": null }, "geometry": { "type": "Point", "coordinates": [ 132.495050099999958, 34.4622323 ] } },
{ "type": "Feature", "properties": { "内容": "グループホーム楽々苑【認知症対応型共同生活介護】広島市安佐北区安佐町飯室1563番地2", "url": "https://www.kaigokensaku.mhlw.go.jp/34/index.php?action_kouhyou_detail_004_kani=true&JigyosyoCd=3470104559-00&ServiceCd=320&Type=search", "url2": "http://www.ykbs-group.jp/" }, "geometry": { "type": "Point", "coordinates": [ 132.446229899999906, 34.5508464 ] } },
{ "type": "Feature", "properties": { "内容": "グループホームなごみの郷　亀山【認知症対応型共同生活介護】広島市安佐北区亀山三丁目4番12号", "url": "https://www.kaigokensaku.mhlw.go.jp/34/index.php?action_kouhyou_detail_004_kani=true&JigyosyoCd=3490100090-00&ServiceCd=320&Type=search", "url2": "http://www.nagominosato.jp" }, "geometry": { "type": "Point", "coordinates": [ 132.499559200000022, 34.5236725 ] } },
{ "type": "Feature", "properties": { "内容": "ニチイケアセンター可部【認知症対応型共同生活介護】広島県広島市安佐北区亀山二丁目１５番３３号", "url": "https://www.kaigokensaku.mhlw.go.jp/34/index.php?action_kouhyou_detail_004_kani=true&JigyosyoCd=3490100223-00&ServiceCd=320&Type=search", "url2": "http://www.nichiigakkan.co.jp" }, "geometry": { "type": "Point", "coordinates": [ 132.50151470000003, 34.519298100000015 ] } },
{ "type": "Feature", "properties": { "内容": "愛の家グループホーム広島亀山【認知症対応型共同生活介護】広島県広島市安佐北区亀山５丁目9-13", "url": "https://www.kaigokensaku.mhlw.go.jp/34/index.php?action_kouhyou_detail_004_kani=true&JigyosyoCd=3490101395-00&ServiceCd=320&Type=search", "url2": "https://mcs-ainoie.com/search/hiroshima/hiroshimashi/gh331/" }, "geometry": { "type": "Point", "coordinates": [ 132.4962748, 34.52599 ] } },
{ "type": "Feature", "properties": { "内容": "グループホームとまとあきやぐち【認知症対応型共同生活介護】広島市安佐北区口田一丁目16番38号", "url": "https://www.kaigokensaku.mhlw.go.jp/34/index.php?action_kouhyou_detail_004_kani=true&JigyosyoCd=3490100595-00&ServiceCd=320&Type=search", "url2": "http://www.salute.co.jp" }, "geometry": { "type": "Point", "coordinates": [ 132.495872100000042, 34.4639461 ] } },
{ "type": "Feature", "properties": { "内容": "けあビジョンホーム広島【認知症対応型共同生活介護】広島県安佐北区白木町大字井原823-1", "url": "https://www.kaigokensaku.mhlw.go.jp/34/index.php?action_kouhyou_detail_004_kani=true&JigyosyoCd=3490101478-00&ServiceCd=320&Type=search", "url2": null }, "geometry": { "type": "Point", "coordinates": [ 132.673383800000039, 34.584929100000011 ] } },
{ "type": "Feature", "properties": { "内容": "グループホーム　くにくさの家【認知症対応型共同生活介護】広島市安芸区阿戸町2941番地の1", "url": "https://www.kaigokensaku.mhlw.go.jp/34/index.php?action_kouhyou_detail_004_kani=true&JigyosyoCd=3470101829-00&ServiceCd=320&Type=search", "url2": "https://www.kunikusa.or.jp/" }, "geometry": { "type": "Point", "coordinates": [ 132.624588499999959, 34.3865962 ] } },
{ "type": "Feature", "properties": { "内容": "グループホーム　ダーラナ　やの・くにくさ【認知症対応型共同生活介護】広島市安芸区矢野東6丁目9番28号", "url": "https://www.kaigokensaku.mhlw.go.jp/34/index.php?action_kouhyou_detail_004_kani=true&JigyosyoCd=3470103122-00&ServiceCd=320&Type=search", "url2": "https://www.kunikusa.or.jp" }, "geometry": { "type": "Point", "coordinates": [ 132.538119400000028, 34.3469924 ] } },
{ "type": "Feature", "properties": { "内容": "グループホームはたのリハビリ【認知症対応型共同生活介護】広島市安芸区中野六丁目14-2グループホームはたのリハビリ", "url": "https://www.kaigokensaku.mhlw.go.jp/34/index.php?action_kouhyou_detail_004_kani=true&JigyosyoCd=3470103585-00&ServiceCd=320&Type=search", "url2": "https://hatano-group.jp/pages/75/" }, "geometry": { "type": "Point", "coordinates": [ 132.58266930000002, 34.4113885 ] } },
{ "type": "Feature", "properties": { "内容": "グループホーム　あき・なごみの家【認知症対応型共同生活介護】広島市安芸区船越南3-7-24", "url": "https://www.kaigokensaku.mhlw.go.jp/34/index.php?action_kouhyou_detail_004_kani=true&JigyosyoCd=3470104476-00&ServiceCd=320&Type=search", "url2": "https://www.keisenkai-gr.jp/" }, "geometry": { "type": "Point", "coordinates": [ 132.523184300000025, 34.3699646 ] } },
{ "type": "Feature", "properties": { "内容": "グループホーム　もえぎ野【認知症対応型共同生活介護】広島市安芸区船越南3丁目23-6", "url": "https://www.kaigokensaku.mhlw.go.jp/34/index.php?action_kouhyou_detail_004_kani=true&JigyosyoCd=3490100264-00&ServiceCd=320&Type=search", "url2": "https://moegi-082.com/" }, "geometry": { "type": "Point", "coordinates": [ 132.524861900000019, 34.370011900000023 ] } },
{ "type": "Feature", "properties": { "内容": "グループホームふじの家矢野【認知症対応型共同生活介護】広島県広島市安芸区矢野西5丁目18-40", "url": "https://www.kaigokensaku.mhlw.go.jp/34/index.php?action_kouhyou_detail_004_kani=true&JigyosyoCd=3490100967-00&ServiceCd=320&Type=search", "url2": "https://www.fujicare.jp/" }, "geometry": { "type": "Point", "coordinates": [ 132.535800301852419, 34.350285280768865 ] } },
{ "type": "Feature", "properties": { "内容": "愛の家グループホーム広島矢野西【認知症対応型共同生活介護】広島県広島市安芸区矢野西1丁目3番20号", "url": "https://www.kaigokensaku.mhlw.go.jp/34/index.php?action_kouhyou_detail_004_kani=true&JigyosyoCd=3490101148-00&ServiceCd=320&Type=search", "url2": "https://www.mcsg.co.jp/" }, "geometry": { "type": "Point", "coordinates": [ 132.532906, 34.3540643 ] } },
{ "type": "Feature", "properties": { "内容": "グループホームふれあい矢野【認知症対応型共同生活介護】広島市安芸区矢野東4-24-14", "url": "https://www.kaigokensaku.mhlw.go.jp/34/index.php?action_kouhyou_detail_004_kani=true&JigyosyoCd=3470102694-00&ServiceCd=320&Type=search", "url2": "http://koenkai-gr.jp" }, "geometry": { "type": "Point", "coordinates": [ 132.539885799999979, 34.35275 ] } },
{ "type": "Feature", "properties": { "内容": "グループホーム　白光の家【認知症対応型共同生活介護】広島市安芸区中野四丁目49番11-15号", "url": "https://www.kaigokensaku.mhlw.go.jp/34/index.php?action_kouhyou_detail_004_kani=true&JigyosyoCd=3470103593-00&ServiceCd=320&Type=search", "url2": null }, "geometry": { "type": "Point", "coordinates": [ 132.57725060000007, 34.4034363 ] } },
{ "type": "Feature", "properties": { "内容": "グループホーム　もえぎ【認知症対応型共同生活介護】広島市安芸区船越南２丁目２０－１６", "url": "https://www.kaigokensaku.mhlw.go.jp/34/index.php?action_kouhyou_detail_004_kani=true&JigyosyoCd=3470103957-00&ServiceCd=320&Type=search", "url2": "http://www.moegi-082.com" }, "geometry": { "type": "Point", "coordinates": [ 132.5241813, 34.3723283 ] } },
{ "type": "Feature", "properties": { "内容": "グループホーム畑賀時計台【認知症対応型共同生活介護】広島県広島市安芸区畑賀２丁目２３番３３号", "url": "https://www.kaigokensaku.mhlw.go.jp/34/index.php?action_kouhyou_detail_004_kani=true&JigyosyoCd=3490100660-00&ServiceCd=320&Type=search", "url2": "https://hatano-group.jp" }, "geometry": { "type": "Point", "coordinates": [ 132.5523088, 34.3909232 ] } },
{ "type": "Feature", "properties": { "内容": "グループホーム瀬野じらく房【認知症対応型共同生活介護】広島県広島市安芸区瀬野一丁目３番１号", "url": "https://www.kaigokensaku.mhlw.go.jp/34/index.php?action_kouhyou_detail_004_kani=true&JigyosyoCd=3490101197-00&ServiceCd=320&Type=search", "url2": "https://www.jiraku.or.jp/" }, "geometry": { "type": "Point", "coordinates": [ 132.599208717382197, 34.42151135226662 ] } },
{ "type": "Feature", "properties": { "内容": "グループホームふじの家　瀬野【認知症対応型共同生活介護】広島県広島市安芸区瀬野5-3-7", "url": "https://www.kaigokensaku.mhlw.go.jp/34/index.php?action_kouhyou_detail_004_kani=true&JigyosyoCd=3490100462-00&ServiceCd=320&Type=search", "url2": "https://www.fujicare.jp/activities/silver_house/group_seno/index.html" }, "geometry": { "type": "Point", "coordinates": [ 132.600753, 34.422977 ] } },
{ "type": "Feature", "properties": { "内容": "グループホーム太陽【認知症対応型共同生活介護】広島市佐伯区利松三丁目25-42", "url": "https://www.kaigokensaku.mhlw.go.jp/34/index.php?action_kouhyou_detail_004_kani=true&JigyosyoCd=3470203492-00&ServiceCd=320&Type=search", "url2": null }, "geometry": { "type": "Point", "coordinates": [ 132.361622410836844, 34.398988337188833 ] } },
{ "type": "Feature", "properties": { "内容": "グループホーム五日市【認知症対応型共同生活介護】広島市佐伯区五日市町下河内188-6介護老人保健施設　五日市幸楽苑　5階", "url": "https://www.kaigokensaku.mhlw.go.jp/34/index.php?action_kouhyou_detail_004_kani=true&JigyosyoCd=3470203906-00&ServiceCd=320&Type=search", "url2": "http://www.gh.wadoukai.jp" }, "geometry": { "type": "Point", "coordinates": [ 132.3531964, 34.4079292 ] } },
{ "type": "Feature", "properties": { "内容": "グループホーム　こもれび【認知症対応型共同生活介護】広島市佐伯区五日市7丁目8-43", "url": "https://www.kaigokensaku.mhlw.go.jp/34/index.php?action_kouhyou_detail_004_kani=true&JigyosyoCd=3470204680-00&ServiceCd=320&Type=search", "url2": null }, "geometry": { "type": "Point", "coordinates": [ 132.3605119, 34.3774165 ] } },
{ "type": "Feature", "properties": { "内容": "グループホーム　海老園　はなみずき【認知症対応型共同生活介護】広島市佐伯区海老園１丁目７番２１号", "url": "https://www.kaigokensaku.mhlw.go.jp/34/index.php?action_kouhyou_detail_004_kani=true&JigyosyoCd=3470205992-00&ServiceCd=320&Type=search", "url2": null }, "geometry": { "type": "Point", "coordinates": [ 132.357876199999964, 34.3630263 ] } },
{ "type": "Feature", "properties": { "内容": "グループホームふじの里【認知症対応型共同生活介護】広島市佐伯区藤の木二丁目２７－５", "url": "https://www.kaigokensaku.mhlw.go.jp/34/index.php?action_kouhyou_detail_004_kani=true&JigyosyoCd=3470206115-00&ServiceCd=320&Type=search", "url2": null }, "geometry": { "type": "Point", "coordinates": [ 132.3633145, 34.4214557 ] } },
{ "type": "Feature", "properties": { "内容": "グループホーム　ほのぼの苑　五日市八幡【認知症対応型共同生活介護】広島市佐伯区八幡五丁目１６番１０号", "url": "https://www.kaigokensaku.mhlw.go.jp/34/index.php?action_kouhyou_detail_004_kani=true&JigyosyoCd=3490200445-00&ServiceCd=320&Type=search", "url2": "http://www.tomigaku.co.jp/" }, "geometry": { "type": "Point", "coordinates": [ 132.359809700000028, 34.3976557 ] } },
{ "type": "Feature", "properties": { "内容": "グループホーム悠【認知症対応型共同生活介護】広島市佐伯区美鈴が丘東３丁目６番１０号", "url": "https://www.kaigokensaku.mhlw.go.jp/34/index.php?action_kouhyou_detail_004_kani=true&JigyosyoCd=3490200502-00&ServiceCd=320&Type=search", "url2": "https://yu-yu-jizai.jimdofree.com/" }, "geometry": { "type": "Point", "coordinates": [ 132.3870518, 34.3970177 ] } },
{ "type": "Feature", "properties": { "内容": "グループホーム佐伯・楽々苑【認知症対応型共同生活介護】広島県広島市佐伯区楽々園2-1-34しらさぎビル２階", "url": "https://www.kaigokensaku.mhlw.go.jp/34/index.php?action_kouhyou_detail_004_kani=true&JigyosyoCd=3490201054-00&ServiceCd=320&Type=search", "url2": "http://www.ykbs-group.jp/" }, "geometry": { "type": "Point", "coordinates": [ 132.352598899999947, 34.3641232 ] } },
{ "type": "Feature", "properties": { "内容": "グループホームなでしこ五日市【認知症対応型共同生活介護】広島県広島市佐伯区千同一丁目30-25", "url": "https://www.kaigokensaku.mhlw.go.jp/34/index.php?action_kouhyou_detail_004_kani=true&JigyosyoCd=3490201401-00&ServiceCd=320&Type=search", "url2": "https://morinobu.jp/product-kaigo/" }, "geometry": { "type": "Point", "coordinates": [ 132.352839779762292, 34.376025619432191 ] } },
{ "type": "Feature", "properties": { "内容": "グループホーム　つぼい【認知症対応型共同生活介護】広島市佐伯区坪井三丁目818番地の1", "url": "https://www.kaigokensaku.mhlw.go.jp/34/index.php?action_kouhyou_detail_004_kani=true&JigyosyoCd=3470202684-00&ServiceCd=320&Type=search", "url2": "http://www.pia-gr.or.jp/" }, "geometry": { "type": "Point", "coordinates": [ 132.334652799999958, 34.3822723 ] } },
{ "type": "Feature", "properties": { "内容": "グループホームアイリーフ五日市【認知症対応型共同生活介護】広島市佐伯区八幡2丁目２３番１５号", "url": "https://www.kaigokensaku.mhlw.go.jp/34/index.php?action_kouhyou_detail_004_kani=true&JigyosyoCd=3470204185-00&ServiceCd=320&Type=search", "url2": "http://www.ilief.jp/" }, "geometry": { "type": "Point", "coordinates": [ 132.355390400000033, 34.3894982 ] } },
{ "type": "Feature", "properties": { "内容": "グループホーム五日市ひまわり【認知症対応型共同生活介護】広島市佐伯区五日市駅前一丁目４番３１号", "url": "https://www.kaigokensaku.mhlw.go.jp/34/index.php?action_kouhyou_detail_004_kani=true&JigyosyoCd=3470204466-00&ServiceCd=320&Type=search", "url2": "http://www.miyauchi.or.jp/medical/ghitsukaichi/index.html" }, "geometry": { "type": "Point", "coordinates": [ 132.366433203075729, 34.367916197367954 ] } },
{ "type": "Feature", "properties": { "内容": "ほほえみグループホーム広島西【認知症対応型共同生活介護】広島県広島市佐伯区八幡東四丁目２６番１１号", "url": "https://www.kaigokensaku.mhlw.go.jp/34/index.php?action_kouhyou_detail_004_kani=true&JigyosyoCd=3470204763-00&ServiceCd=320&Type=search", "url2": "http://hohoemi-gr.jp" }, "geometry": { "type": "Point", "coordinates": [ 132.365361900000039, 34.3944618 ] } },
{ "type": "Feature", "properties": { "内容": "グループホーム　鈴が峰【認知症対応型共同生活介護】広島市佐伯区五日市町皆賀104番地27", "url": "https://www.kaigokensaku.mhlw.go.jp/34/index.php?action_kouhyou_detail_004_kani=true&JigyosyoCd=3470205323-00&ServiceCd=320&Type=search", "url2": "http://www.misasakai.or.jp/" }, "geometry": { "type": "Point", "coordinates": [ 132.3723473, 34.3818052 ] } },
{ "type": "Feature", "properties": { "内容": "グループホーム五日市・みどりの家【認知症対応型共同生活介護】広島市佐伯区五日市中央5丁目1-18", "url": "https://www.kaigokensaku.mhlw.go.jp/34/index.php?action_kouhyou_detail_004_kani=true&JigyosyoCd=3490200197-00&ServiceCd=320&Type=search", "url2": "https://epocacs.co.jp/" }, "geometry": { "type": "Point", "coordinates": [ 132.357576703749544, 34.375304656214695 ] } },
{ "type": "Feature", "properties": { "内容": "グループホーム千同ひまわり【認知症対応型共同生活介護】広島市佐伯区千同２丁目６－２９", "url": "https://www.kaigokensaku.mhlw.go.jp/34/index.php?action_kouhyou_detail_004_kani=true&JigyosyoCd=3490200577-00&ServiceCd=320&Type=search", "url2": "http://www.miyauchi.or.jp/medical/ghsendou/index.html" }, "geometry": { "type": "Point", "coordinates": [ 132.351743400000032, 34.3810102 ] } },
{ "type": "Feature", "properties": { "内容": "グループホーム住マイル三筋【認知症対応型共同生活介護】広島県広島市佐伯区三筋2丁目5-17", "url": "https://www.kaigokensaku.mhlw.go.jp/34/index.php?action_kouhyou_detail_004_kani=true&JigyosyoCd=3490201641-00&ServiceCd=320&Type=search", "url2": "https://www.nix-net.co.jp/" }, "geometry": { "type": "Point", "coordinates": [ 132.346804088885506, 34.367047080085221 ] } },
{ "type": "Feature", "properties": { "内容": "グループホームなでしこ隅の浜【認知症対応型共同生活介護】隅の浜三丁目6番8号", "url": "https://www.kaigokensaku.mhlw.go.jp/34/index.php?action_kouhyou_detail_004_kani=true&JigyosyoCd=3490201880-00&ServiceCd=320&Type=search", "url2": "https://morinobu.jp/product-kaigo/suminohama/" }, "geometry": { "type": "Point", "coordinates": [ 132.348577, 34.3613045 ] } },
{ "type": "Feature", "properties": { "内容": "グループホームとまとやはた【認知症対応型共同生活介護】広島県広島市佐伯区八幡東四丁目23番17号", "url": "https://www.kaigokensaku.mhlw.go.jp/34/index.php?action_kouhyou_detail_004_kani=true&JigyosyoCd=3490201740-00&ServiceCd=320&Type=search", "url2": "http://www.salute.co.jp/" }, "geometry": { "type": "Point", "coordinates": [ 132.3663762, 34.3958572 ] } },
{ "type": "Feature", "properties": { "内容": "グループホーム　夕霧の家【認知症対応型共同生活介護】呉市音戸町畑３丁目２０番３６号", "url": "https://www.kaigokensaku.mhlw.go.jp/34/index.php?action_kouhyou_detail_004_kani=true&JigyosyoCd=3473100760-00&ServiceCd=320&Type=search", "url2": "http://hayashimedical.or.jp/facilities/yuugiri-home/" }, "geometry": { "type": "Point", "coordinates": [ 132.526245300000028, 34.1617501 ] } },
{ "type": "Feature", "properties": { "内容": "グループホーム　あすらや荘【認知症対応型共同生活介護】呉市郷原町2380番地", "url": "https://www.kaigokensaku.mhlw.go.jp/34/index.php?action_kouhyou_detail_004_kani=true&JigyosyoCd=3470500780-00&ServiceCd=320&Type=search", "url2": "http://www.misasakai.or.jp/" }, "geometry": { "type": "Point", "coordinates": [ 132.648738099999946, 34.2957483 ] } },
{ "type": "Feature", "properties": { "内容": "グループホーム　温養院【認知症対応型共同生活介護】呉市焼山中央６丁目６番１３号", "url": "https://www.kaigokensaku.mhlw.go.jp/34/index.php?action_kouhyou_detail_004_kani=true&JigyosyoCd=3470502026-00&ServiceCd=320&Type=search", "url2": "http://kure-dousai.jp/" }, "geometry": { "type": "Point", "coordinates": [ 132.5659071, 34.2900097 ] } },
{ "type": "Feature", "properties": { "内容": "グループホーム大浜【認知症対応型共同生活介護】広島県呉市豊浜町大字大浜字深田482番地の1", "url": "https://www.kaigokensaku.mhlw.go.jp/34/index.php?action_kouhyou_detail_004_kani=true&JigyosyoCd=3473900599-00&ServiceCd=320&Type=search", "url2": null }, "geometry": { "type": "Point", "coordinates": [ 132.8076552, 34.1655173 ] } },
{ "type": "Feature", "properties": { "内容": "サンキ・ウエルビィ　グループホーム呉【認知症対応型共同生活介護】広島県呉市広古新開八丁目34番16号", "url": "https://www.kaigokensaku.mhlw.go.jp/34/index.php?action_kouhyou_detail_004_kani=true&JigyosyoCd=3490500232-00&ServiceCd=320&Type=search", "url2": null }, "geometry": { "type": "Point", "coordinates": [ 132.623980800000027, 34.2420033 ] } },
{ "type": "Feature", "properties": { "内容": "認知症対応型共同生活介護　グループホームふたばの家【認知症対応型共同生活介護】広島県呉市白石四丁目１番１１号", "url": "https://www.kaigokensaku.mhlw.go.jp/34/index.php?action_kouhyou_detail_004_kani=true&JigyosyoCd=3470501168-00&ServiceCd=320&Type=search", "url2": "http://www.wakokai.jp" }, "geometry": { "type": "Point", "coordinates": [ 132.639683640336699, 34.22560152621854 ] } },
{ "type": "Feature", "properties": { "内容": "グループホーム　蛍の家【認知症対応型共同生活介護】呉市倉橋町石持154番地の1", "url": "https://www.kaigokensaku.mhlw.go.jp/34/index.php?action_kouhyou_detail_004_kani=true&JigyosyoCd=3473100562-00&ServiceCd=320&Type=search", "url2": "http://hayashimedical.or.jp/post-148/" }, "geometry": { "type": "Point", "coordinates": [ 132.543614400000024, 34.0999342 ] } },
{ "type": "Feature", "properties": { "内容": "グループホーム蒲刈【認知症対応型共同生活介護】呉市蒲刈町田戸2209", "url": "https://www.kaigokensaku.mhlw.go.jp/34/index.php?action_kouhyou_detail_004_kani=true&JigyosyoCd=3473100786-00&ServiceCd=320&Type=search", "url2": null }, "geometry": { "type": "Point", "coordinates": [ 132.722547299999974, 34.1956674 ] } },
{ "type": "Feature", "properties": { "内容": "グループホーム　ほほえみ呉安浦【認知症対応型共同生活介護】広島県呉市安浦町安登東５丁目４番５号", "url": "https://www.kaigokensaku.mhlw.go.jp/34/index.php?action_kouhyou_detail_004_kani=true&JigyosyoCd=3474000373-00&ServiceCd=320&Type=search", "url2": null }, "geometry": { "type": "Point", "coordinates": [ 132.721292658895464, 34.251274586052091 ] } },
{ "type": "Feature", "properties": { "内容": "認知症対応型共同生活介護　グループホーム　ふたばホーム【認知症対応型共同生活介護】呉市広白石４丁目１番１１号高齢者複合福祉施設　ふたばの街", "url": "https://www.kaigokensaku.mhlw.go.jp/34/index.php?action_kouhyou_detail_004_kani=true&JigyosyoCd=3490500182-00&ServiceCd=320&Type=search", "url2": "http://www.wakokai.jp/" }, "geometry": { "type": "Point", "coordinates": [ 132.639718600000037, 34.2256363 ] } },
{ "type": "Feature", "properties": { "内容": "ぐるーぷほーむ九嶺【認知症対応型共同生活介護】広島県呉市本通1-1-1メガネ橋プラザ4階", "url": "https://www.kaigokensaku.mhlw.go.jp/34/index.php?action_kouhyou_detail_004_kani=true&JigyosyoCd=3490500208-00&ServiceCd=320&Type=search", "url2": null }, "geometry": { "type": "Point", "coordinates": [ 132.56282710000005, 34.2419967 ] } },
{ "type": "Feature", "properties": { "内容": "グループホーム　すまいる焼山【認知症対応型共同生活介護】呉市焼山東1丁目19番47号", "url": "https://www.kaigokensaku.mhlw.go.jp/34/index.php?action_kouhyou_detail_004_kani=true&JigyosyoCd=3490500265-00&ServiceCd=320&Type=search", "url2": null }, "geometry": { "type": "Point", "coordinates": [ 132.565571, 34.2996363 ] } },
{ "type": "Feature", "properties": { "内容": "医療法人社団たつき会菅田医院グループホームあかね【認知症対応型共同生活介護】広島県呉市安浦町内海北６丁目３番２０号", "url": "https://www.kaigokensaku.mhlw.go.jp/34/index.php?action_kouhyou_detail_004_kani=true&JigyosyoCd=3490500281-00&ServiceCd=320&Type=search", "url2": "http://www.tatukikai.jp/" }, "geometry": { "type": "Point", "coordinates": [ 132.733807375393667, 34.283996543101928 ] } },
{ "type": "Feature", "properties": { "内容": "グループホーム　やまびこの里【認知症対応型共同生活介護】広島県呉市焼山南1丁目7番10号", "url": "https://www.kaigokensaku.mhlw.go.jp/34/index.php?action_kouhyou_detail_004_kani=true&JigyosyoCd=3490500463-00&ServiceCd=320&Type=search", "url2": "https://yamabiko-gh.jp" }, "geometry": { "type": "Point", "coordinates": [ 132.5716395, 34.2883076 ] } },
{ "type": "Feature", "properties": { "内容": "グループホームめぐみ園広　弁天橋【認知症対応型共同生活介護】広島県呉市広弁天橋町10-11めぐみ園広　弁天橋", "url": "https://www.kaigokensaku.mhlw.go.jp/34/index.php?action_kouhyou_detail_004_kani=true&JigyosyoCd=3490500513-00&ServiceCd=320&Type=search", "url2": "https://www.megumien.net/" }, "geometry": { "type": "Point", "coordinates": [ 132.627467200000012, 34.2456702 ] } },
{ "type": "Feature", "properties": { "内容": "グループホームかがやき【認知症対応型共同生活介護】呉市中央二丁目6番20号", "url": "https://www.kaigokensaku.mhlw.go.jp/34/index.php?action_kouhyou_detail_004_kani=true&JigyosyoCd=3470501481-00&ServiceCd=320&Type=search", "url2": "http://www.hospital-maeda.jp/" }, "geometry": { "type": "Point", "coordinates": [ 132.5617661, 34.24566 ] } },
{ "type": "Feature", "properties": { "内容": "グループホーム　セラピス【認知症対応型共同生活介護】呉市栃原町字中倉150番地の2", "url": "https://www.kaigokensaku.mhlw.go.jp/34/index.php?action_kouhyou_detail_004_kani=true&JigyosyoCd=3470501572-00&ServiceCd=320&Type=search", "url2": "http://honjofukushikai.or.jp" }, "geometry": { "type": "Point", "coordinates": [ 132.58979869999996, 34.278734 ] } },
{ "type": "Feature", "properties": { "内容": "グループホーム　楽々八景山【認知症対応型共同生活介護】呉市焼山町字打田６２３番", "url": "https://www.kaigokensaku.mhlw.go.jp/34/index.php?action_kouhyou_detail_004_kani=true&JigyosyoCd=3470502133-00&ServiceCd=320&Type=search", "url2": "http://www.koraku.jp" }, "geometry": { "type": "Point", "coordinates": [ 132.541713445368941, 34.287213224938981 ] } },
{ "type": "Feature", "properties": { "内容": "たちばな苑グループホーム【認知症対応型共同生活介護】呉市倉橋町14948番地", "url": "https://www.kaigokensaku.mhlw.go.jp/34/index.php?action_kouhyou_detail_004_kani=true&JigyosyoCd=3490500091-00&ServiceCd=320&Type=search", "url2": null }, "geometry": { "type": "Point", "coordinates": [ 132.543614400000024, 34.0999342 ] } },
{ "type": "Feature", "properties": { "内容": "グループホーム　呉ベタニアホーム長迫【認知症対応型共同生活介護】呉市長迫町10番3号", "url": "https://www.kaigokensaku.mhlw.go.jp/34/index.php?action_kouhyou_detail_004_kani=true&JigyosyoCd=3490500109-00&ServiceCd=320&Type=search", "url2": "http://www.bethania.or.jp" }, "geometry": { "type": "Point", "coordinates": [ 132.577572799999984, 34.247850380040873 ] } },
{ "type": "Feature", "properties": { "内容": "グループホーム　ちゅうりっぷ【認知症対応型共同生活介護】呉市川尻町東3丁目8番5号", "url": "https://www.kaigokensaku.mhlw.go.jp/34/index.php?action_kouhyou_detail_004_kani=true&JigyosyoCd=3490500133-00&ServiceCd=320&Type=search", "url2": "http://www.sumiyoshicl.com/" }, "geometry": { "type": "Point", "coordinates": [ 132.697416, 34.23672 ] } },
{ "type": "Feature", "properties": { "内容": "グループホーム延寿荘【認知症対応型共同生活介護】呉市広町字中横路2445番地", "url": "https://www.kaigokensaku.mhlw.go.jp/34/index.php?action_kouhyou_detail_004_kani=true&JigyosyoCd=3490500315-00&ServiceCd=320&Type=search", "url2": "https://aieikai.jp" }, "geometry": { "type": "Point", "coordinates": [ 132.609500408384719, 34.245088937676982 ] } },
{ "type": "Feature", "properties": { "内容": "グループホームかるが【認知症対応型共同生活介護】広島県呉市狩留賀町3番16号社会福祉法人かるが会", "url": "https://www.kaigokensaku.mhlw.go.jp/34/index.php?action_kouhyou_detail_004_kani=true&JigyosyoCd=3490500430-00&ServiceCd=320&Type=search", "url2": "https://www.karugakai.jp/" }, "geometry": { "type": "Point", "coordinates": [ 132.51500809999996, 34.265090800000017 ] } },
{ "type": "Feature", "properties": { "内容": "グループホームTOYO【認知症対応型共同生活介護】呉市伏原二丁目7番22号", "url": "https://www.kaigokensaku.mhlw.go.jp/34/index.php?action_kouhyou_detail_004_kani=true&JigyosyoCd=3470501770-00&ServiceCd=320&Type=search", "url2": "http://toyota-clinic.com/" }, "geometry": { "type": "Point", "coordinates": [ 132.576606099999907, 34.2538676 ] } },
{ "type": "Feature", "properties": { "内容": "グループホーム（夢）【認知症対応型共同生活介護】呉市焼山本庄４丁目２番１８号", "url": "https://www.kaigokensaku.mhlw.go.jp/34/index.php?action_kouhyou_detail_004_kani=true&JigyosyoCd=3470501952-00&ServiceCd=320&Type=search", "url2": "http://yume-plus.co.jp" }, "geometry": { "type": "Point", "coordinates": [ 132.554052899999988, 34.3029911 ] } },
{ "type": "Feature", "properties": { "内容": "グループホーム夢ぷらす【認知症対応型共同生活介護】広島県呉市焼山本庄１丁目５－１０", "url": "https://www.kaigokensaku.mhlw.go.jp/34/index.php?action_kouhyou_detail_004_kani=true&JigyosyoCd=3490500380-00&ServiceCd=320&Type=search", "url2": "http://yume-plus.co.jp" }, "geometry": { "type": "Point", "coordinates": [ 132.555911, 34.3052409 ] } },
{ "type": "Feature", "properties": { "内容": "グループホームさゆり【認知症対応型共同生活介護】広島県呉市音戸町早瀬1丁目36-6", "url": "https://www.kaigokensaku.mhlw.go.jp/34/index.php?action_kouhyou_detail_004_kani=true&JigyosyoCd=3490500406-00&ServiceCd=320&Type=search", "url2": "http://sayuri-kai.or.jp/facility4" }, "geometry": { "type": "Point", "coordinates": [ 132.493930138623, 34.162291159454497 ] } },
{ "type": "Feature", "properties": { "内容": "グループホームあすなろ竹原【認知症対応型共同生活介護】広島県竹原市福田町1300-1", "url": "https://www.kaigokensaku.mhlw.go.jp/34/index.php?action_kouhyou_detail_004_kani=true&JigyosyoCd=3490700063-00&ServiceCd=320&Type=search", "url2": "http://www.hosei.or.jp/" }, "geometry": { "type": "Point", "coordinates": [ 132.951982, 34.341029 ] } },
{ "type": "Feature", "properties": { "内容": "グループホームもみじ【認知症対応型共同生活介護】広島県竹原市西野町槙ヶ坪184", "url": "https://www.kaigokensaku.mhlw.go.jp/34/index.php?action_kouhyou_detail_004_kani=true&JigyosyoCd=3470700281-00&ServiceCd=320&Type=search", "url2": "http://www.jinjyukai-takehara.or.jp" }, "geometry": { "type": "Point", "coordinates": [ 132.874943753967273, 34.394577977767142 ] } },
{ "type": "Feature", "properties": { "内容": "グループホームまとば【認知症対応型共同生活介護】広島県竹原市港町4丁目4番42号グループホームまとば", "url": "https://www.kaigokensaku.mhlw.go.jp/34/index.php?action_kouhyou_detail_004_kani=true&JigyosyoCd=3490700089-00&ServiceCd=320&Type=search", "url2": "https://www.matobakai.or.jp" }, "geometry": { "type": "Point", "coordinates": [ 132.9203123, 34.3291233 ] } },
{ "type": "Feature", "properties": { "内容": "グループホーム　たんぽぽ【認知症対応型共同生活介護】三原市和田３－１０－１９", "url": "https://www.kaigokensaku.mhlw.go.jp/34/index.php?action_kouhyou_detail_004_kani=true&JigyosyoCd=3470900659-00&ServiceCd=320&Type=search", "url2": null }, "geometry": { "type": "Point", "coordinates": [ 133.069786099999988, 34.3849816 ] } },
{ "type": "Feature", "properties": { "内容": "グループホーム　笑顔くい【認知症対応型共同生活介護】三原市久井町下津１６１４－１", "url": "https://www.kaigokensaku.mhlw.go.jp/34/index.php?action_kouhyou_detail_004_kani=true&JigyosyoCd=3490900051-00&ServiceCd=320&Type=search", "url2": "http://www.tots.jp/" }, "geometry": { "type": "Point", "coordinates": [ 133.0373813, 34.5324314 ] } },
{ "type": "Feature", "properties": { "内容": "社会福祉法人興仁会　グループホーム宮浦【認知症対応型共同生活介護】三原市宮浦6丁目22-6", "url": "https://www.kaigokensaku.mhlw.go.jp/34/index.php?action_kouhyou_detail_004_kani=true&JigyosyoCd=3470900790-00&ServiceCd=320&Type=search", "url2": "https://koujinkai21.or.jp" }, "geometry": { "type": "Point", "coordinates": [ 133.0594701, 34.3916447 ] } },
{ "type": "Feature", "properties": { "内容": "グループホームなごみ【認知症対応型共同生活介護】三原市明神2丁目11-13", "url": "https://www.kaigokensaku.mhlw.go.jp/34/index.php?action_kouhyou_detail_004_kani=true&JigyosyoCd=3490900036-00&ServiceCd=320&Type=search", "url2": null }, "geometry": { "type": "Point", "coordinates": [ 133.050857, 34.3867145 ] } },
{ "type": "Feature", "properties": { "内容": "西町グループホーム【認知症対応型共同生活介護】広島県三原市西町一丁目10番8号", "url": "https://www.kaigokensaku.mhlw.go.jp/34/index.php?action_kouhyou_detail_004_kani=true&JigyosyoCd=3490900333-00&ServiceCd=320&Type=search", "url2": null }, "geometry": { "type": "Point", "coordinates": [ 133.072170199999988, 34.4015451 ] } },
{ "type": "Feature", "properties": { "内容": "あやめが丘グループホーム【認知症対応型共同生活介護】広島県三原市沼田西町惣定66番308", "url": "https://www.kaigokensaku.mhlw.go.jp/34/index.php?action_kouhyou_detail_004_kani=true&JigyosyoCd=3490900341-00&ServiceCd=320&Type=search", "url2": null }, "geometry": { "type": "Point", "coordinates": [ 132.9907929, 34.3838426 ] } },
{ "type": "Feature", "properties": { "内容": "グループホーム　シクラメン【認知症対応型共同生活介護】広島県尾道市向東町字蔵本谷沖１００８－１５", "url": "https://www.kaigokensaku.mhlw.go.jp/34/index.php?action_kouhyou_detail_004_kani=true&JigyosyoCd=3471101075-00&ServiceCd=320&Type=search", "url2": "https://www.yoshiharamedicalgroup.com/" }, "geometry": { "type": "Point", "coordinates": [ 133.205822099999978, 34.4015375 ] } },
{ "type": "Feature", "properties": { "内容": "グループホーム　きららラポール　尾道【認知症対応型共同生活介護】尾道市十四日町５９番地８", "url": "https://www.kaigokensaku.mhlw.go.jp/34/index.php?action_kouhyou_detail_004_kani=true&JigyosyoCd=3491100065-00&ServiceCd=320&Type=search", "url2": "http://www.onomichi-seiwa.jp/rapport/" }, "geometry": { "type": "Point", "coordinates": [ 133.20158790000005, 34.4311204 ] } },
{ "type": "Feature", "properties": { "内容": "星の里・にしざこの家【認知症対応型共同生活介護】尾道市吉和町5116－1", "url": "https://www.kaigokensaku.mhlw.go.jp/34/index.php?action_kouhyou_detail_004_kani=true&JigyosyoCd=3491100099-00&ServiceCd=320&Type=search", "url2": "http://www.satukikai.com" }, "geometry": { "type": "Point", "coordinates": [ 133.163102400000071, 34.4038678 ] } },
{ "type": "Feature", "properties": { "内容": "グループホーム　みなりっこ【認知症対応型共同生活介護】広島県尾道市美ノ郷町三成912番地1", "url": "https://www.kaigokensaku.mhlw.go.jp/34/index.php?action_kouhyou_detail_004_kani=true&JigyosyoCd=3491100339-00&ServiceCd=320&Type=search", "url2": "https://yuzzuco.com/" }, "geometry": { "type": "Point", "coordinates": [ 133.1922068, 34.45517 ] } },
{ "type": "Feature", "properties": { "内容": "グループホームゆずっこ向島【認知症対応型共同生活介護】広島県尾道市向島町5794番地1（1Ｆ部分）", "url": "https://www.kaigokensaku.mhlw.go.jp/34/index.php?action_kouhyou_detail_004_kani=true&JigyosyoCd=3491100529-00&ServiceCd=320&Type=search", "url2": "https://yuzucco.com/" }, "geometry": { "type": "Point", "coordinates": [ 133.192057, 34.39253 ] } },
{ "type": "Feature", "properties": { "内容": "グループホームびんご倶楽部【認知症対応型共同生活介護】尾道市因島三庄町３４７２番地", "url": "https://www.kaigokensaku.mhlw.go.jp/34/index.php?action_kouhyou_detail_004_kani=true&JigyosyoCd=3491100107-00&ServiceCd=320&Type=search", "url2": "https://breakthrough-co.jp/" }, "geometry": { "type": "Point", "coordinates": [ 133.195404300000064, 34.288432 ] } },
{ "type": "Feature", "properties": { "内容": "グループホームひまわり【認知症対応型共同生活介護】尾道市新浜二丁目８－１１ひまわり＠ホーム新浜", "url": "https://www.kaigokensaku.mhlw.go.jp/34/index.php?action_kouhyou_detail_004_kani=true&JigyosyoCd=3491100248-00&ServiceCd=320&Type=search", "url2": "http://www.himawari-gr.com" }, "geometry": { "type": "Point", "coordinates": [ 133.176885, 34.4008375 ] } },
{ "type": "Feature", "properties": { "内容": "公立みつぎ総合病院グループホーム「かえで」【認知症対応型共同生活介護】広島県尾道市御調町高尾１３４８番地６", "url": "https://www.kaigokensaku.mhlw.go.jp/34/index.php?action_kouhyou_detail_004_kani=true&JigyosyoCd=3474100298-00&ServiceCd=320&Type=search", "url2": "http://www.mitsugibyouin.com/" }, "geometry": { "type": "Point", "coordinates": [ 133.1327265, 34.5140678 ] } },
{ "type": "Feature", "properties": { "内容": "汐風の家【認知症対応型共同生活介護】尾道市瀬戸田町林１２８６－１１", "url": "https://www.kaigokensaku.mhlw.go.jp/34/index.php?action_kouhyou_detail_004_kani=true&JigyosyoCd=3473900615-00&ServiceCd=320&Type=search", "url2": "http://www.issui.org/" }, "geometry": { "type": "Point", "coordinates": [ 133.103883900000028, 34.3068853 ] } },
{ "type": "Feature", "properties": { "内容": "オリーブハウス因島【認知症対応型共同生活介護】尾道市因島田熊町４８６６－１", "url": "https://www.kaigokensaku.mhlw.go.jp/34/index.php?action_kouhyou_detail_004_kani=true&JigyosyoCd=3491100016-00&ServiceCd=320&Type=search", "url2": "http://www.olivehouse-group.jp/" }, "geometry": { "type": "Point", "coordinates": [ 133.152953900000057, 34.3073496 ] } },
{ "type": "Feature", "properties": { "内容": "グループホーム長江【認知症対応型共同生活介護】尾道市長江二丁目7番8号ケアホーム長江", "url": "https://www.kaigokensaku.mhlw.go.jp/34/index.php?action_kouhyou_detail_004_kani=true&JigyosyoCd=3491100214-00&ServiceCd=320&Type=search", "url2": "https://nagae.sakura.ne.jp/" }, "geometry": { "type": "Point", "coordinates": [ 133.199802500000033, 34.4151916 ] } },
{ "type": "Feature", "properties": { "内容": "グループホームこころ尾道駅前【認知症対応型共同生活介護】尾道市土堂一丁目11番6号こころ尾道駅前ビル３階・４階", "url": "https://www.kaigokensaku.mhlw.go.jp/34/index.php?action_kouhyou_detail_004_kani=true&JigyosyoCd=3491100388-00&ServiceCd=320&Type=search", "url2": "https://www.happiness-kokoro.com/onomichiekimae/grouphome-kokoro-onomichis" }, "geometry": { "type": "Point", "coordinates": [ 133.196393510284452, 34.405890236167515 ] } },
{ "type": "Feature", "properties": { "内容": "グループホーム彩りの家【認知症対応型共同生活介護】広島県尾道市因島中庄町７１７－１", "url": "https://www.kaigokensaku.mhlw.go.jp/34/index.php?action_kouhyou_detail_004_kani=true&JigyosyoCd=3491100396-00&ServiceCd=320&Type=search", "url2": null }, "geometry": { "type": "Point", "coordinates": [ 136.473173399999951, 34.8270925 ] } },
{ "type": "Feature", "properties": { "内容": "グループホーム　すずらん【認知症対応型共同生活介護】尾道市高須町東新涯４８３４－６", "url": "https://www.kaigokensaku.mhlw.go.jp/34/index.php?action_kouhyou_detail_004_kani=true&JigyosyoCd=3471100986-00&ServiceCd=320&Type=search", "url2": null }, "geometry": { "type": "Point", "coordinates": [ 133.238793500000043, 34.4316455 ] } },
{ "type": "Feature", "properties": { "内容": "高齢者グループホーム「潮の香」【認知症対応型共同生活介護】尾道市因島中庄町字油屋新開４８０４高齢者・障害者地域生活総合支援センターはばたき　2階", "url": "https://www.kaigokensaku.mhlw.go.jp/34/index.php?action_kouhyou_detail_004_kani=true&JigyosyoCd=3471300214-00&ServiceCd=320&Type=search", "url2": "https://wakaba-innoshima.com/" }, "geometry": { "type": "Point", "coordinates": [ 133.149645599999985, 34.3150371 ] } },
{ "type": "Feature", "properties": { "内容": "グル－プホ－ム花園【認知症対応型共同生活介護】尾道市因島土生町1460-4", "url": "https://www.kaigokensaku.mhlw.go.jp/34/index.php?action_kouhyou_detail_004_kani=true&JigyosyoCd=3471300248-00&ServiceCd=320&Type=search", "url2": "https://fukushi-hanazono.jp" }, "geometry": { "type": "Point", "coordinates": [ 133.174297199999955, 34.2919792 ] } },
{ "type": "Feature", "properties": { "内容": "グループホーム　ももの樹【認知症対応型共同生活介護】尾道市瀬戸田町名荷字前浜５２２", "url": "https://www.kaigokensaku.mhlw.go.jp/34/index.php?action_kouhyou_detail_004_kani=true&JigyosyoCd=3473900573-00&ServiceCd=320&Type=search", "url2": null }, "geometry": { "type": "Point", "coordinates": [ 133.123793, 34.3109242 ] } },
{ "type": "Feature", "properties": { "内容": "グループホーム　はなみずき【認知症対応型共同生活介護】尾道市向島町立花字余崎３０１０－２３", "url": "https://www.kaigokensaku.mhlw.go.jp/34/index.php?action_kouhyou_detail_004_kani=true&JigyosyoCd=3474100348-00&ServiceCd=320&Type=search", "url2": null }, "geometry": { "type": "Point", "coordinates": [ 133.2113531, 34.3616028 ] } },
{ "type": "Feature", "properties": { "内容": "グループホームソラストせとか尾道【認知症対応型共同生活介護】広島県尾道市向東町9221番地23", "url": "https://www.kaigokensaku.mhlw.go.jp/34/index.php?action_kouhyou_detail_004_kani=true&JigyosyoCd=3491100610-00&ServiceCd=320&Type=search", "url2": "https://www.solasto.co.jp/index.html" }, "geometry": { "type": "Point", "coordinates": [ 133.230013829638665, 34.404449230094741 ] } },
{ "type": "Feature", "properties": { "内容": "ねんりんはうす尾道【認知症対応型共同生活介護】尾道市吉和町４０２０番地", "url": "https://www.kaigokensaku.mhlw.go.jp/34/index.php?action_kouhyou_detail_004_kani=true&JigyosyoCd=3471100945-00&ServiceCd=320&Type=search", "url2": "https://www.nenrin-ono.com" }, "geometry": { "type": "Point", "coordinates": [ 133.1715934, 34.4110308 ] } },
{ "type": "Feature", "properties": { "内容": "グループホーム　おおぞら【認知症対応型共同生活介護】尾道市御調町市６５番地", "url": "https://www.kaigokensaku.mhlw.go.jp/34/index.php?action_kouhyou_detail_004_kani=true&JigyosyoCd=3474100322-00&ServiceCd=320&Type=search", "url2": null }, "geometry": { "type": "Point", "coordinates": [ 133.14931189999993, 34.514896 ] } },
{ "type": "Feature", "properties": { "内容": "オリーブハウス瀬戸田【認知症対応型共同生活介護】広島県尾道市瀬戸田町名荷字東下田１１２３－２", "url": "https://www.kaigokensaku.mhlw.go.jp/34/index.php?action_kouhyou_detail_004_kani=true&JigyosyoCd=3491100230-00&ServiceCd=320&Type=search", "url2": "http://olivehouse-group.jp/publics/index/46/" }, "geometry": { "type": "Point", "coordinates": [ 133.1281179, 34.3098465 ] } },
{ "type": "Feature", "properties": { "内容": "グループホームなでしこ【認知症対応型共同生活介護】尾道市吉和町5122-1", "url": "https://www.kaigokensaku.mhlw.go.jp/34/index.php?action_kouhyou_detail_004_kani=true&JigyosyoCd=3491100289-00&ServiceCd=320&Type=search", "url2": "https://urban-care.net/nadesiko/" }, "geometry": { "type": "Point", "coordinates": [ 133.163441299999931, 34.403279 ] } },
{ "type": "Feature", "properties": { "内容": "グループホームシトラス高須【認知症対応型共同生活介護】広島県尾道市高須町924番地41", "url": "https://www.kaigokensaku.mhlw.go.jp/34/index.php?action_kouhyou_detail_004_kani=true&JigyosyoCd=3491100727-00&ServiceCd=320&Type=search", "url2": "https://www.innoshima-ph.com/gh_shitorasutakasu" }, "geometry": { "type": "Point", "coordinates": [ 133.228942787696838, 34.43638278446393 ] } },
{ "type": "Feature", "properties": { "内容": "認知症対応型共同生活介護事業所　仁伍【認知症対応型共同生活介護】福山市木之庄町四丁目4番26号", "url": "https://www.kaigokensaku.mhlw.go.jp/34/index.php?action_kouhyou_detail_004_kani=true&JigyosyoCd=3491500876-00&ServiceCd=320&Type=search", "url2": "http://npokizuna.jp/" }, "geometry": { "type": "Point", "coordinates": [ 133.361134600000014, 34.4967261 ] } },
{ "type": "Feature", "properties": { "内容": "グループホーム　ゆうゆう御幸【認知症対応型共同生活介護】広島県福山市御幸町上岩成767-1", "url": "https://www.kaigokensaku.mhlw.go.jp/34/index.php?action_kouhyou_detail_004_kani=true&JigyosyoCd=3491502484-00&ServiceCd=320&Type=search", "url2": "http://www.k-yuyu.com" }, "geometry": { "type": "Point", "coordinates": [ 133.3414697, 34.5512577 ] } },
{ "type": "Feature", "properties": { "内容": "グループホーム　エクセル鞆の浦【認知症対応型共同生活介護】福山市田尻町4115番地", "url": "https://www.kaigokensaku.mhlw.go.jp/34/index.php?action_kouhyou_detail_004_kani=true&JigyosyoCd=3471502173-00&ServiceCd=320&Type=search", "url2": "http://www.harumikai.jp/" }, "geometry": { "type": "Point", "coordinates": [ 133.381229800000028, 34.4077597 ] } },
{ "type": "Feature", "properties": { "内容": "グループホームえんじゅ引野【認知症対応型共同生活介護】福山市引野町二丁目11番14号", "url": "https://www.kaigokensaku.mhlw.go.jp/34/index.php?action_kouhyou_detail_004_kani=true&JigyosyoCd=3471502793-00&ServiceCd=320&Type=search", "url2": "https://higashinokai.jp/" }, "geometry": { "type": "Point", "coordinates": [ 133.419032900000047, 34.4987705 ] } },
{ "type": "Feature", "properties": { "内容": "グループホームえんじゅ南蔵王【認知症対応型共同生活介護】福山市南蔵王町二丁目23-33", "url": "https://www.kaigokensaku.mhlw.go.jp/34/index.php?action_kouhyou_detail_004_kani=true&JigyosyoCd=3471502991-00&ServiceCd=320&Type=search", "url2": "http://www.higashinokai.jp/" }, "geometry": { "type": "Point", "coordinates": [ 133.3961931, 34.5035783 ] } },
{ "type": "Feature", "properties": { "内容": "グループホーム　愛の郷　水呑【認知症対応型共同生活介護】福山市水呑町三新田二丁目133番地", "url": "https://www.kaigokensaku.mhlw.go.jp/34/index.php?action_kouhyou_detail_004_kani=true&JigyosyoCd=3471503072-00&ServiceCd=320&Type=search", "url2": "http://www.elder-support.com/" }, "geometry": { "type": "Point", "coordinates": [ 133.38616829999998, 34.4473098 ] } },
{ "type": "Feature", "properties": { "内容": "グループホーム　えんじゅ新涯【認知症対応型共同生活介護】福山市新涯町１丁目２３－１１", "url": "https://www.kaigokensaku.mhlw.go.jp/34/index.php?action_kouhyou_detail_004_kani=true&JigyosyoCd=3471503247-00&ServiceCd=320&Type=search", "url2": "https://www.higashinokai.jp/" }, "geometry": { "type": "Point", "coordinates": [ 133.392142599999943, 34.4629711 ] } },
{ "type": "Feature", "properties": { "内容": "グループホーム愛の郷駅家【認知症対応型共同生活介護】福山市駅家町法成寺2730番地", "url": "https://www.kaigokensaku.mhlw.go.jp/34/index.php?action_kouhyou_detail_004_kani=true&JigyosyoCd=3471503643-00&ServiceCd=320&Type=search", "url2": "http://www.elder-support.com/" }, "geometry": { "type": "Point", "coordinates": [ 133.331557699999962, 34.5579835 ] } },
{ "type": "Feature", "properties": { "内容": "グループホームえんじゅ久松台【認知症対応型共同生活介護】福山市久松台一丁目4-8", "url": "https://www.kaigokensaku.mhlw.go.jp/34/index.php?action_kouhyou_detail_004_kani=true&JigyosyoCd=3471503718-00&ServiceCd=320&Type=search", "url2": "https://higashinokai.jp/" }, "geometry": { "type": "Point", "coordinates": [ 133.3530154, 34.5015145 ] } },
{ "type": "Feature", "properties": { "内容": "グループホームわらえ【認知症対応型共同生活介護】福山市金江町藁江553番地", "url": "https://www.kaigokensaku.mhlw.go.jp/34/index.php?action_kouhyou_detail_004_kani=true&JigyosyoCd=3471503940-00&ServiceCd=320&Type=search", "url2": "http://www.eiwa-kai.or.jp/about/kaigo-info/shisetu08/" }, "geometry": { "type": "Point", "coordinates": [ 133.306920900000023, 34.4411505 ] } },
{ "type": "Feature", "properties": { "内容": "グループホーム　愛の郷　戸手【認知症対応型共同生活介護】福山市新市町戸手２２８２－１", "url": "https://www.kaigokensaku.mhlw.go.jp/34/index.php?action_kouhyou_detail_004_kani=true&JigyosyoCd=3471504310-00&ServiceCd=320&Type=search", "url2": "http://elder-support.com" }, "geometry": { "type": "Point", "coordinates": [ 133.296347, 34.5466699 ] } },
{ "type": "Feature", "properties": { "内容": "グループホーム愛の郷　引野【認知症対応型共同生活介護】福山市引野町北5丁目22-5", "url": "https://www.kaigokensaku.mhlw.go.jp/34/index.php?action_kouhyou_detail_004_kani=true&JigyosyoCd=3471504617-00&ServiceCd=320&Type=search", "url2": "http://www.elder-support.com/" }, "geometry": { "type": "Point", "coordinates": [ 133.425757200000021, 34.501698 ] } },
{ "type": "Feature", "properties": { "内容": "グループホーム愛の郷　神辺【認知症対応型共同生活介護】福山市神辺町上御領３９１－１", "url": "https://www.kaigokensaku.mhlw.go.jp/34/index.php?action_kouhyou_detail_004_kani=true&JigyosyoCd=3474400359-00&ServiceCd=320&Type=search", "url2": "http://www.elder-support.com" }, "geometry": { "type": "Point", "coordinates": [ 133.404985300000021, 34.5662468 ] } },
{ "type": "Feature", "properties": { "内容": "グループホームゆうゆう新市【認知症対応型共同生活介護】福山市新市町新市888", "url": "https://www.kaigokensaku.mhlw.go.jp/34/index.php?action_kouhyou_detail_004_kani=true&JigyosyoCd=3474500117-00&ServiceCd=320&Type=search", "url2": "https://www.careoth-senior.com/yuyu/" }, "geometry": { "type": "Point", "coordinates": [ 133.27484579999998, 34.5582432 ] } },
{ "type": "Feature", "properties": { "内容": "グループホーム春【認知症対応型共同生活介護】福山市王子町１－４－５", "url": "https://www.kaigokensaku.mhlw.go.jp/34/index.php?action_kouhyou_detail_004_kani=true&JigyosyoCd=3491500181-00&ServiceCd=320&Type=search", "url2": "http://www.kbk-group.or.jp/" }, "geometry": { "type": "Point", "coordinates": [ 133.383606099999952, 34.4868076 ] } },
{ "type": "Feature", "properties": { "内容": "ニチイケアセンター　松永【認知症対応型共同生活介護】広島県福山市松永町三丁目1番22号", "url": "https://www.kaigokensaku.mhlw.go.jp/34/index.php?action_kouhyou_detail_004_kani=true&JigyosyoCd=3491500454-00&ServiceCd=320&Type=search", "url2": "http://www.nichiigakkan.co.jp" }, "geometry": { "type": "Point", "coordinates": [ 133.2570819, 34.4488467 ] } },
{ "type": "Feature", "properties": { "内容": "ニチイケアセンター倉光【認知症対応型共同生活介護】福山市駅家町倉光２３－１", "url": "https://www.kaigokensaku.mhlw.go.jp/34/index.php?action_kouhyou_detail_004_kani=true&JigyosyoCd=3491500462-00&ServiceCd=320&Type=search", "url2": "http://www.nichiigakkan.co.jp" }, "geometry": { "type": "Point", "coordinates": [ 133.327922199999989, 34.544232 ] } },
{ "type": "Feature", "properties": { "内容": "グループホームゆうゆう金丸【認知症対応型共同生活介護】福山市新市町大字金丸５０６番地", "url": "https://www.kaigokensaku.mhlw.go.jp/34/index.php?action_kouhyou_detail_004_kani=true&JigyosyoCd=3491500819-00&ServiceCd=320&Type=search", "url2": "https://www.careoth-senior.com/yuyu/" }, "geometry": { "type": "Point", "coordinates": [ 133.26313719999996, 34.604296 ] } },
{ "type": "Feature", "properties": { "内容": "グループホームおひさま【認知症対応型共同生活介護】広島県福山市地吹町13-28グループホームおひさま", "url": "https://www.kaigokensaku.mhlw.go.jp/34/index.php?action_kouhyou_detail_004_kani=true&JigyosyoCd=3491502088-00&ServiceCd=320&Type=search", "url2": null }, "geometry": { "type": "Point", "coordinates": [ 133.36129360000001, 34.4804044 ] } },
{ "type": "Feature", "properties": { "内容": "グループホーム瀬戸すみれホーム【認知症対応型共同生活介護】広島県福山市瀬戸町大字地頭分2721番地", "url": "https://www.kaigokensaku.mhlw.go.jp/34/index.php?action_kouhyou_detail_004_kani=true&JigyosyoCd=3491502344-00&ServiceCd=320&Type=search", "url2": "https://www.sumire-fukushi-chugoku.jp" }, "geometry": { "type": "Point", "coordinates": [ 133.328792364418035, 34.463272520681237 ] } },
{ "type": "Feature", "properties": { "内容": "湯野グループホーム愛【認知症対応型共同生活介護】広島県福山市神辺町湯野1018番地1福祉施設愛2号棟", "url": "https://www.kaigokensaku.mhlw.go.jp/34/index.php?action_kouhyou_detail_004_kani=true&JigyosyoCd=3491502427-00&ServiceCd=320&Type=search", "url2": "https://kouseikai-ai.jp/" }, "geometry": { "type": "Point", "coordinates": [ 133.3893239, 34.5612501 ] } },
{ "type": "Feature", "properties": { "内容": "グループホームやすらぎ【認知症対応型共同生活介護】福山市曙町三丁目１７番５号", "url": "https://www.kaigokensaku.mhlw.go.jp/34/index.php?action_kouhyou_detail_004_kani=true&JigyosyoCd=3471501274-00&ServiceCd=320&Type=search", "url2": "https://www.sunsquare-1993.org/facility/hiroshima/fukuyama/group_home/yasuragi.html" }, "geometry": { "type": "Point", "coordinates": [ 133.394675499999948, 34.4717202 ] } },
{ "type": "Feature", "properties": { "内容": "グループホーム沼南ひだまり【認知症対応型共同生活介護】広島県福山市水呑町3337-1", "url": "https://www.kaigokensaku.mhlw.go.jp/34/index.php?action_kouhyou_detail_004_kani=true&JigyosyoCd=3471501282-00&ServiceCd=320&Type=search", "url2": "https://www.sunsquare-1993.org/" }, "geometry": { "type": "Point", "coordinates": [ 133.386370899999946, 34.4382073 ] } },
{ "type": "Feature", "properties": { "内容": "グループホーム喜望【認知症対応型共同生活介護】福山市御幸町下岩成６４６番地１", "url": "https://www.kaigokensaku.mhlw.go.jp/34/index.php?action_kouhyou_detail_004_kani=true&JigyosyoCd=3471503080-00&ServiceCd=320&Type=search", "url2": "https://www.sunsquare-1993.org/" }, "geometry": { "type": "Point", "coordinates": [ 133.345349100000021, 34.5402268 ] } },
{ "type": "Feature", "properties": { "内容": "グループホームようき法成寺【認知症対応型共同生活介護】福山市駅家町法成寺２８０８－１", "url": "https://www.kaigokensaku.mhlw.go.jp/34/index.php?action_kouhyou_detail_004_kani=true&JigyosyoCd=3471503171-00&ServiceCd=320&Type=search", "url2": "https://yo-ki.jp/kaigo/" }, "geometry": { "type": "Point", "coordinates": [ 133.334460400000012, 34.5558837 ] } },
{ "type": "Feature", "properties": { "内容": "多機能地域ケアホームありがとう　グループホーム【認知症対応型共同生活介護】福山市春日町浦上1205", "url": "https://www.kaigokensaku.mhlw.go.jp/34/index.php?action_kouhyou_detail_004_kani=true&JigyosyoCd=3471503221-00&ServiceCd=320&Type=search", "url2": "https://takinouarigatou.com" }, "geometry": { "type": "Point", "coordinates": [ 133.4237736, 34.5173437 ] } },
{ "type": "Feature", "properties": { "内容": "グッドライフグループホーム新涯【認知症対応型共同生活介護】福山市新涯町3丁目14番7号", "url": "https://www.kaigokensaku.mhlw.go.jp/34/index.php?action_kouhyou_detail_004_kani=true&JigyosyoCd=3471503361-00&ServiceCd=320&Type=search", "url2": null }, "geometry": { "type": "Point", "coordinates": [ 133.389584600000035, 34.4598076 ] } },
{ "type": "Feature", "properties": { "内容": "グループホームようき道上【認知症対応型共同生活介護】福山市神辺町道上１３３３－１", "url": "https://www.kaigokensaku.mhlw.go.jp/34/index.php?action_kouhyou_detail_004_kani=true&JigyosyoCd=3474400326-00&ServiceCd=320&Type=search", "url2": "https://yo-ki.jp/" }, "geometry": { "type": "Point", "coordinates": [ 133.364739133975803, 34.560784706517687 ] } },
{ "type": "Feature", "properties": { "内容": "加茂グループホーム愛【認知症対応型共同生活介護】広島県福山市加茂町下加茂塚脇1011-1", "url": "https://www.kaigokensaku.mhlw.go.jp/34/index.php?action_kouhyou_detail_004_kani=true&JigyosyoCd=3491502070-00&ServiceCd=320&Type=search", "url2": "http://www.five-one.net/" }, "geometry": { "type": "Point", "coordinates": [ 133.341697484479965, 34.567516339166154 ] } },
{ "type": "Feature", "properties": { "内容": "認知症対応型共同生活介護事業所あぶとの家【認知症対応型共同生活介護】広島県福山市沼隈町大字能登原字明神1436番地59", "url": "https://www.kaigokensaku.mhlw.go.jp/34/index.php?action_kouhyou_detail_004_kani=true&JigyosyoCd=3491502096-00&ServiceCd=320&Type=search", "url2": "https://kensei-kai.org" }, "geometry": { "type": "Point", "coordinates": [ 133.34894514047545, 34.374071118324153 ] } },
{ "type": "Feature", "properties": { "内容": "グループホームYOKOSHIMA【認知症対応型共同生活介護】広島県福山市内海町625番地1", "url": "https://www.kaigokensaku.mhlw.go.jp/34/index.php?action_kouhyou_detail_004_kani=true&JigyosyoCd=3491502450-00&ServiceCd=320&Type=search", "url2": "https://www.youandme-ltd.com/" }, "geometry": { "type": "Point", "coordinates": [ 133.2843107, 34.3530731 ] } },
{ "type": "Feature", "properties": { "内容": "グループホーム憩【認知症対応型共同生活介護】福山市山手町1385-1", "url": "https://www.kaigokensaku.mhlw.go.jp/34/index.php?action_kouhyou_detail_004_kani=true&JigyosyoCd=3471503130-00&ServiceCd=320&Type=search", "url2": "https://ikoi-kaigo.jp/" }, "geometry": { "type": "Point", "coordinates": [ 133.3293337, 34.493687 ] } },
{ "type": "Feature", "properties": { "内容": "グループホームユー・アンド・ミー【認知症対応型共同生活介護】福山市内海町ロ2527", "url": "https://www.kaigokensaku.mhlw.go.jp/34/index.php?action_kouhyou_detail_004_kani=true&JigyosyoCd=3471503239-00&ServiceCd=320&Type=search", "url2": "https://www.youandme-ltd.com/" }, "geometry": { "type": "Point", "coordinates": [ 133.289464566209404, 34.356012503776888 ] } },
{ "type": "Feature", "properties": { "内容": "鞆の浦・さくらホーム【認知症対応型共同生活介護】福山市鞆町鞆552", "url": "https://www.kaigokensaku.mhlw.go.jp/34/index.php?action_kouhyou_detail_004_kani=true&JigyosyoCd=3471503478-00&ServiceCd=320&Type=search", "url2": "http://wwｗ.tomo-sakurahome.net/" }, "geometry": { "type": "Point", "coordinates": [ 133.383524599999987, 34.3841013 ] } },
{ "type": "Feature", "properties": { "内容": "オリーブハウス御幸【認知症対応型共同生活介護】福山市御幸町上岩成143-1", "url": "https://www.kaigokensaku.mhlw.go.jp/34/index.php?action_kouhyou_detail_004_kani=true&JigyosyoCd=3471503551-00&ServiceCd=320&Type=search", "url2": "http://www.olivehouse-group.jp/" }, "geometry": { "type": "Point", "coordinates": [ 133.3485958, 34.5511758 ] } },
{ "type": "Feature", "properties": { "内容": "グループホームふる里　津之郷の家【認知症対応型共同生活介護】福山市津之郷町津之郷1085番地1", "url": "https://www.kaigokensaku.mhlw.go.jp/34/index.php?action_kouhyou_detail_004_kani=true&JigyosyoCd=3471503650-00&ServiceCd=320&Type=search", "url2": "http://www.furusato-seto.jp/" }, "geometry": { "type": "Point", "coordinates": [ 133.3252731, 34.4863516 ] } },
{ "type": "Feature", "properties": { "内容": "オリーブハウス　やまもり【認知症対応型共同生活介護】広島県福山市駅家町上山守１８５－１", "url": "https://www.kaigokensaku.mhlw.go.jp/34/index.php?action_kouhyou_detail_004_kani=true&JigyosyoCd=3471504039-00&ServiceCd=320&Type=search", "url2": "https://olivehouse-group.jp/house4/" }, "geometry": { "type": "Point", "coordinates": [ 133.327368818450566, 34.533944938953368 ] } },
{ "type": "Feature", "properties": { "内容": "福山ケアセンター　そよ風【認知症対応型共同生活介護】福山市松永町3丁目21-70", "url": "https://www.kaigokensaku.mhlw.go.jp/34/index.php?action_kouhyou_detail_004_kani=true&JigyosyoCd=3471504542-00&ServiceCd=320&Type=search", "url2": "http://www.sykz.co.jp" }, "geometry": { "type": "Point", "coordinates": [ 133.25331570000003, 34.4459887 ] } },
{ "type": "Feature", "properties": { "内容": "グループホームぬまくま【認知症対応型共同生活介護】福山市沼隈町大字常石１２８４－３", "url": "https://www.kaigokensaku.mhlw.go.jp/34/index.php?action_kouhyou_detail_004_kani=true&JigyosyoCd=3474300245-00&ServiceCd=320&Type=search", "url2": "http://www.shounankai.or.jp" }, "geometry": { "type": "Point", "coordinates": [ 133.300437995631427, 34.38704076126492 ] } },
{ "type": "Feature", "properties": { "内容": "グループホームサンサンホーム【認知症対応型共同生活介護】広島県福山市神辺町字東中条7610番地16", "url": "https://www.kaigokensaku.mhlw.go.jp/34/index.php?action_kouhyou_detail_004_kani=true&JigyosyoCd=3474400409-00&ServiceCd=320&Type=search", "url2": "http://www.sunsun.or.jp/" }, "geometry": { "type": "Point", "coordinates": [ 133.395119, 34.5838534 ] } },
{ "type": "Feature", "properties": { "内容": "まりホーム熊野【認知症対応型共同生活介護】福山市熊野町乙４４３－１", "url": "https://www.kaigokensaku.mhlw.go.jp/34/index.php?action_kouhyou_detail_004_kani=true&JigyosyoCd=3491500231-00&ServiceCd=320&Type=search", "url2": "https://www.shounankai.or.jp/facility/mari/marihoujin.html" }, "geometry": { "type": "Point", "coordinates": [ 133.339312699999937, 34.4354155 ] } },
{ "type": "Feature", "properties": { "内容": "まりホーム内海【認知症対応型共同生活介護】福山市内海町イ２６７８番地まりホーム内海", "url": "https://www.kaigokensaku.mhlw.go.jp/34/index.php?action_kouhyou_detail_004_kani=true&JigyosyoCd=3491500249-00&ServiceCd=320&Type=search", "url2": "https://www.shounankai.or.jp/facility/mari/gh-utsumi.html" }, "geometry": { "type": "Point", "coordinates": [ 133.320556799999963, 34.365827 ] } },
{ "type": "Feature", "properties": { "内容": "グループホーム虹色の家【認知症対応型共同生活介護】広島県福山市高西町南１００－１", "url": "https://www.kaigokensaku.mhlw.go.jp/34/index.php?action_kouhyou_detail_004_kani=true&JigyosyoCd=3491501940-00&ServiceCd=320&Type=search", "url2": null }, "geometry": { "type": "Point", "coordinates": [ 133.241609199999971, 34.4324125 ] } },
{ "type": "Feature", "properties": { "内容": "グループホームふくし【認知症対応型共同生活介護】広島県福山市沼隈町草深2190番地1", "url": "https://www.kaigokensaku.mhlw.go.jp/34/index.php?action_kouhyou_detail_004_kani=true&JigyosyoCd=3491502112-00&ServiceCd=320&Type=search", "url2": "http://www.numakuma-fukushi.com/" }, "geometry": { "type": "Point", "coordinates": [ 133.329653054631052, 34.384933077388126 ] } },
{ "type": "Feature", "properties": { "内容": "そんぽの家ＧＨ福山東【認知症対応型共同生活介護】福山市南蔵王町6-10-19", "url": "https://www.kaigokensaku.mhlw.go.jp/34/index.php?action_kouhyou_detail_004_kani=true&JigyosyoCd=3471501761-00&ServiceCd=320&Type=search", "url2": "https://www.sompocare.com/service/home/grouphome/H000482/" }, "geometry": { "type": "Point", "coordinates": [ 133.403020471778063, 34.499804533136157 ] } },
{ "type": "Feature", "properties": { "内容": "グループホームゆずっこ高西【認知症対応型共同生活介護】広島県福山市高西町三丁目10番21号", "url": "https://www.kaigokensaku.mhlw.go.jp/34/index.php?action_kouhyou_detail_004_kani=true&JigyosyoCd=3471501803-00&ServiceCd=320&Type=search", "url2": "https://yuzucco.com/" }, "geometry": { "type": "Point", "coordinates": [ 133.24057270000003, 34.442225199999982 ] } },
{ "type": "Feature", "properties": { "内容": "グループホーム　敬愛【認知症対応型共同生活介護】福山市松永町5丁目9番11号", "url": "https://www.kaigokensaku.mhlw.go.jp/34/index.php?action_kouhyou_detail_004_kani=true&JigyosyoCd=3471502256-00&ServiceCd=320&Type=search", "url2": "http://ryofukai.jp/" }, "geometry": { "type": "Point", "coordinates": [ 133.259928899999977, 34.4463554 ] } },
{ "type": "Feature", "properties": { "内容": "グループホームかざぐるま【認知症対応型共同生活介護】福山市御幸町上岩成609番地1", "url": "https://www.kaigokensaku.mhlw.go.jp/34/index.php?action_kouhyou_detail_004_kani=true&JigyosyoCd=3471502686-00&ServiceCd=320&Type=search", "url2": null }, "geometry": { "type": "Point", "coordinates": [ 133.346673799999962, 34.5459929 ] } },
{ "type": "Feature", "properties": { "内容": "グループホーム　わが家【認知症対応型共同生活介護】福山市引野町北一丁目10-8", "url": "https://www.kaigokensaku.mhlw.go.jp/34/index.php?action_kouhyou_detail_004_kani=true&JigyosyoCd=3471503163-00&ServiceCd=320&Type=search", "url2": null }, "geometry": { "type": "Point", "coordinates": [ 133.408039499999973, 34.4980178 ] } },
{ "type": "Feature", "properties": { "内容": "グループホーム和楽【認知症対応型共同生活介護】福山市新市町戸手８０３－８", "url": "https://www.kaigokensaku.mhlw.go.jp/34/index.php?action_kouhyou_detail_004_kani=true&JigyosyoCd=3471503320-00&ServiceCd=320&Type=search", "url2": null }, "geometry": { "type": "Point", "coordinates": [ 133.289436600000045, 34.5449837 ] } },
{ "type": "Feature", "properties": { "内容": "グループホームはるうらら【認知症対応型共同生活介護】福山市青葉台1丁目10番6号", "url": "https://www.kaigokensaku.mhlw.go.jp/34/index.php?action_kouhyou_detail_004_kani=true&JigyosyoCd=3471503742-00&ServiceCd=320&Type=search", "url2": null }, "geometry": { "type": "Point", "coordinates": [ 133.427801100000011, 34.51286630000002 ] } },
{ "type": "Feature", "properties": { "内容": "グループホーム　楓【認知症対応型共同生活介護】福山市加茂町下加茂１２５１－７", "url": "https://www.kaigokensaku.mhlw.go.jp/34/index.php?action_kouhyou_detail_004_kani=true&JigyosyoCd=3471503981-00&ServiceCd=320&Type=search", "url2": "http://kaede4433.com" }, "geometry": { "type": "Point", "coordinates": [ 133.342715, 34.5706379 ] } },
{ "type": "Feature", "properties": { "内容": "グループホーム　古都【認知症対応型共同生活介護】福山市神辺町川南297-1", "url": "https://www.kaigokensaku.mhlw.go.jp/34/index.php?action_kouhyou_detail_004_kani=true&JigyosyoCd=3474400482-00&ServiceCd=320&Type=search", "url2": null }, "geometry": { "type": "Point", "coordinates": [ 133.3708666, 34.5397772 ] } },
{ "type": "Feature", "properties": { "内容": "グループホーム桜並木【認知症対応型共同生活介護】福山市西深津町六丁目６番１０号", "url": "https://www.kaigokensaku.mhlw.go.jp/34/index.php?action_kouhyou_detail_004_kani=true&JigyosyoCd=3491500348-00&ServiceCd=320&Type=search", "url2": "https://www.sakuranamiki-nf.jp" }, "geometry": { "type": "Point", "coordinates": [ 133.380440437850893, 34.500039592808136 ] } },
{ "type": "Feature", "properties": { "内容": "グループホームソラストほのか福山【認知症対応型共同生活介護】広島県福山市沖野上町5-6-11", "url": "https://www.kaigokensaku.mhlw.go.jp/34/index.php?action_kouhyou_detail_004_kani=true&JigyosyoCd=3491502153-00&ServiceCd=320&Type=search", "url2": null }, "geometry": { "type": "Point", "coordinates": [ 133.364282300000013, 34.4740604 ] } },
{ "type": "Feature", "properties": { "内容": "グループホーム　えんじゅ千織り庵【認知症対応型共同生活介護】広島県福山市王子町２－４－１７", "url": "https://www.kaigokensaku.mhlw.go.jp/34/index.php?action_kouhyou_detail_004_kani=true&JigyosyoCd=3491500785-00&ServiceCd=320&Type=search", "url2": "https://www.higashinokai.jp/facility/detail?id=232" }, "geometry": { "type": "Point", "coordinates": [ 133.382911499999977, 34.4902045 ] } },
{ "type": "Feature", "properties": { "内容": "グループホーム　あけぼのあゆみホーム【認知症対応型共同生活介護】広島県福山市曙町5-5-25", "url": "https://www.kaigokensaku.mhlw.go.jp/34/index.php?action_kouhyou_detail_004_kani=true&JigyosyoCd=3471502447-00&ServiceCd=320&Type=search", "url2": "https://ayumi-h.jp/" }, "geometry": { "type": "Point", "coordinates": [ 133.391425928836043, 34.468278252825598 ] } },
{ "type": "Feature", "properties": { "内容": "グループホーム春里【認知症対応型共同生活介護】福山市新市町大字戸手657番地1", "url": "https://www.kaigokensaku.mhlw.go.jp/34/index.php?action_kouhyou_detail_004_kani=true&JigyosyoCd=3471502983-00&ServiceCd=320&Type=search", "url2": "http://pure-syunri.com" }, "geometry": { "type": "Point", "coordinates": [ 133.2884755, 34.5475473 ] } },
{ "type": "Feature", "properties": { "内容": "グループホームみはらし【認知症対応型共同生活介護】福山市蔵王町字大山7159-17", "url": "https://www.kaigokensaku.mhlw.go.jp/34/index.php?action_kouhyou_detail_004_kani=true&JigyosyoCd=3471503379-00&ServiceCd=320&Type=search", "url2": null }, "geometry": { "type": "Point", "coordinates": [ 133.404494699999987, 34.518938 ] } },
{ "type": "Feature", "properties": { "内容": "グループホームバラの家【認知症対応型共同生活介護】福山市沖野上町1丁目3番11号", "url": "https://www.kaigokensaku.mhlw.go.jp/34/index.php?action_kouhyou_detail_004_kani=true&JigyosyoCd=3471503544-00&ServiceCd=320&Type=search", "url2": "https://baranoie.jp/" }, "geometry": { "type": "Point", "coordinates": [ 133.376859700000068, 34.4758169 ] } },
{ "type": "Feature", "properties": { "内容": "グループホームどんぐり村【認知症対応型共同生活介護】福山市今津町1456-1", "url": "https://www.kaigokensaku.mhlw.go.jp/34/index.php?action_kouhyou_detail_004_kani=true&JigyosyoCd=3471503692-00&ServiceCd=320&Type=search", "url2": null }, "geometry": { "type": "Point", "coordinates": [ 133.2506584, 34.4530869 ] } },
{ "type": "Feature", "properties": { "内容": "グループホームレインボー【認知症対応型共同生活介護】福山市東深津町四丁目15―23", "url": "https://www.kaigokensaku.mhlw.go.jp/34/index.php?action_kouhyou_detail_004_kani=true&JigyosyoCd=3471503700-00&ServiceCd=320&Type=search", "url2": null }, "geometry": { "type": "Point", "coordinates": [ 133.386586500000021, 34.4881463 ] } },
{ "type": "Feature", "properties": { "内容": "グループホーム　木之庄【認知症対応型共同生活介護】福山市木之庄町3-3-17", "url": "https://www.kaigokensaku.mhlw.go.jp/34/index.php?action_kouhyou_detail_004_kani=true&JigyosyoCd=3471503957-00&ServiceCd=320&Type=search", "url2": "https://game.web-sales.jp/ghkinosho/" }, "geometry": { "type": "Point", "coordinates": [ 133.3546682, 34.4969066 ] } },
{ "type": "Feature", "properties": { "内容": "グループホーム　コスモスの里【認知症対応型共同生活介護】福山市駅家町大橋4-1", "url": "https://www.kaigokensaku.mhlw.go.jp/34/index.php?action_kouhyou_detail_004_kani=true&JigyosyoCd=3471503965-00&ServiceCd=320&Type=search", "url2": null }, "geometry": { "type": "Point", "coordinates": [ 133.31511230000001, 34.5331022 ] } },
{ "type": "Feature", "properties": { "内容": "グループホーム家族【認知症対応型共同生活介護】福山市千田町３丁目２６番１３号", "url": "https://www.kaigokensaku.mhlw.go.jp/34/index.php?action_kouhyou_detail_004_kani=true&JigyosyoCd=3471504054-00&ServiceCd=320&Type=search", "url2": null }, "geometry": { "type": "Point", "coordinates": [ 133.3726, 34.5215181 ] } },
{ "type": "Feature", "properties": { "内容": "グループホーム太陽【認知症対応型共同生活介護】福山市神村町6409-2", "url": "https://www.kaigokensaku.mhlw.go.jp/34/index.php?action_kouhyou_detail_004_kani=true&JigyosyoCd=3471504112-00&ServiceCd=320&Type=search", "url2": "http://www.grouphome-taiyou.com" }, "geometry": { "type": "Point", "coordinates": [ 133.2699275, 34.4528657 ] } },
{ "type": "Feature", "properties": { "内容": "グループホーム　スマイル【認知症対応型共同生活介護】福山市千田町２－３３－２３", "url": "https://www.kaigokensaku.mhlw.go.jp/34/index.php?action_kouhyou_detail_004_kani=true&JigyosyoCd=3471504179-00&ServiceCd=320&Type=search", "url2": "http://smile-fukuyama.com/" }, "geometry": { "type": "Point", "coordinates": [ 133.370800199999962, 34.5174518 ] } },
{ "type": "Feature", "properties": { "内容": "グループホーム美の実【認知症対応型共同生活介護】福山市水呑町2707-4", "url": "https://www.kaigokensaku.mhlw.go.jp/34/index.php?action_kouhyou_detail_004_kani=true&JigyosyoCd=3471504302-00&ServiceCd=320&Type=search", "url2": "https://gurupuhomu-minomi-3.jimdosite.com/" }, "geometry": { "type": "Point", "coordinates": [ 133.384393300000056, 34.441643 ] } },
{ "type": "Feature", "properties": { "内容": "グループホーム　プリムローズ草戸【認知症対応型共同生活介護】福山市草戸町5丁目10番11号", "url": "https://www.kaigokensaku.mhlw.go.jp/34/index.php?action_kouhyou_detail_004_kani=true&JigyosyoCd=3471504351-00&ServiceCd=320&Type=search", "url2": null }, "geometry": { "type": "Point", "coordinates": [ 133.365307600000051, 34.4677844 ] } },
{ "type": "Feature", "properties": { "内容": "かがやきホーム新湯野【認知症対応型共同生活介護】福山市神辺町大字新湯野１９番地1", "url": "https://www.kaigokensaku.mhlw.go.jp/34/index.php?action_kouhyou_detail_004_kani=true&JigyosyoCd=3474400375-00&ServiceCd=320&Type=search", "url2": null }, "geometry": { "type": "Point", "coordinates": [ 133.387342900000021, 34.5587532 ] } },
{ "type": "Feature", "properties": { "内容": "グループホームアイケアホーム【認知症対応型共同生活介護】福山市神辺町字東中条1177番地2", "url": "https://www.kaigokensaku.mhlw.go.jp/34/index.php?action_kouhyou_detail_004_kani=true&JigyosyoCd=3474400516-00&ServiceCd=320&Type=search", "url2": null }, "geometry": { "type": "Point", "coordinates": [ 133.369971, 34.5858088 ] } },
{ "type": "Feature", "properties": { "内容": "グループホームゆうゆう神谷川【認知症対応型共同生活介護】広島県福山市新市町新市258番地2", "url": "https://www.kaigokensaku.mhlw.go.jp/34/index.php?action_kouhyou_detail_004_kani=true&JigyosyoCd=3491502831-00&ServiceCd=320&Type=search", "url2": "https://www.careoth-senior.com/yuyu/" }, "geometry": { "type": "Point", "coordinates": [ 133.2767931, 34.5580543 ] } },
{ "type": "Feature", "properties": { "内容": "グループホームちとせ【認知症対応型共同生活介護】沼隈町大字草深２０３７番地1", "url": "https://www.kaigokensaku.mhlw.go.jp/34/index.php?action_kouhyou_detail_004_kani=true&JigyosyoCd=3491502856-00&ServiceCd=320&Type=search", "url2": "https://www.syounankai.or.jp" }, "geometry": { "type": "Point", "coordinates": [ 133.321735291401666, 34.387793537615472 ] } },
{ "type": "Feature", "properties": { "内容": "福山ケアハートガーデン　グループホームあずみ【認知症対応型共同生活介護】広島県福山市久松台三丁目８番２３号", "url": "https://www.kaigokensaku.mhlw.go.jp/34/index.php?action_kouhyou_detail_004_kani=true&JigyosyoCd=3491502922-00&ServiceCd=320&Type=search", "url2": "https://www.careheart-garden.com/" }, "geometry": { "type": "Point", "coordinates": [ 133.3512379, 34.5004061 ] } },
{ "type": "Feature", "properties": { "内容": "ふれあいの家【認知症対応型共同生活介護】広島県府中市中須町1412番地1", "url": "https://www.kaigokensaku.mhlw.go.jp/34/index.php?action_kouhyou_detail_004_kani=true&JigyosyoCd=3491700146-00&ServiceCd=320&Type=search", "url2": "http://advance2003.com/business/fureai/" }, "geometry": { "type": "Point", "coordinates": [ 133.254918044180272, 34.554546133573808 ] } },
{ "type": "Feature", "properties": { "内容": "ここから【認知症対応型共同生活介護】広島県府中市鵜飼町680番地1", "url": "https://www.kaigokensaku.mhlw.go.jp/34/index.php?action_kouhyou_detail_004_kani=true&JigyosyoCd=3491700161-00&ServiceCd=320&Type=search", "url2": "https://advance2003.com/business/kokokara/" }, "geometry": { "type": "Point", "coordinates": [ 133.251246532880032, 34.568236967523475 ] } },
{ "type": "Feature", "properties": { "内容": "グループホーム松花園【認知症対応型共同生活介護】府中市上下町上下851番地1", "url": "https://www.kaigokensaku.mhlw.go.jp/34/index.php?action_kouhyou_detail_004_kani=true&JigyosyoCd=3491700096-00&ServiceCd=320&Type=search", "url2": "http://www.dearrest.net/syokaen/" }, "geometry": { "type": "Point", "coordinates": [ 133.118444, 34.6941292 ] } },
{ "type": "Feature", "properties": { "内容": "認知症対応型共同生活介護事業所グループホームのぞみ苑【認知症対応型共同生活介護】広島県三次市三良坂町灰塚37-12", "url": "https://www.kaigokensaku.mhlw.go.jp/34/index.php?action_kouhyou_detail_004_kani=true&JigyosyoCd=3491900258-00&ServiceCd=320&Type=search", "url2": "https://www.yuukifukushikai.com/" }, "geometry": { "type": "Point", "coordinates": [ 132.9913147, 34.7599431 ] } },
{ "type": "Feature", "properties": { "内容": "グループホームゆうばえ【認知症対応型共同生活介護】三次市山家町607-12", "url": "https://www.kaigokensaku.mhlw.go.jp/34/index.php?action_kouhyou_detail_004_kani=true&JigyosyoCd=3471900187-00&ServiceCd=320&Type=search", "url2": "http://jishokai.jp/" }, "geometry": { "type": "Point", "coordinates": [ 132.836646299999984, 34.8454354 ] } },
{ "type": "Feature", "properties": { "内容": "グループホームふの慈照園【認知症対応型共同生活介護】三次市布野町上布野11059番地の2", "url": "https://www.kaigokensaku.mhlw.go.jp/34/index.php?action_kouhyou_detail_004_kani=true&JigyosyoCd=3471900518-00&ServiceCd=320&Type=search", "url2": "http://jishokai.jp" }, "geometry": { "type": "Point", "coordinates": [ 132.791534079762329, 34.876505197314046 ] } },
{ "type": "Feature", "properties": { "内容": "グループホーム楽居【認知症対応型共同生活介護】三次市南畑敷町４８８番３", "url": "https://www.kaigokensaku.mhlw.go.jp/34/index.php?action_kouhyou_detail_004_kani=true&JigyosyoCd=3491900100-00&ServiceCd=320&Type=search", "url2": null }, "geometry": { "type": "Point", "coordinates": [ 132.876682800000026, 34.8045824 ] } },
{ "type": "Feature", "properties": { "内容": "ふれあいの家　えんや【認知症対応型共同生活介護】三次市十日市西三丁目１３－１", "url": "https://www.kaigokensaku.mhlw.go.jp/34/index.php?action_kouhyou_detail_004_kani=true&JigyosyoCd=3491900142-00&ServiceCd=320&Type=search", "url2": "http://www.or-okazaki.jp/" }, "geometry": { "type": "Point", "coordinates": [ 132.845116400000052, 34.7977745 ] } },
{ "type": "Feature", "properties": { "内容": "グループホームかわち「ぬくもりの家」【認知症対応型共同生活介護】広島県三次市下川立町488番地2", "url": "https://www.kaigokensaku.mhlw.go.jp/34/index.php?action_kouhyou_detail_004_kani=true&JigyosyoCd=3491900233-00&ServiceCd=320&Type=search", "url2": "https://nukumori-miyoshi.jp" }, "geometry": { "type": "Point", "coordinates": [ 132.789382386919868, 34.735600385051875 ] } },
{ "type": "Feature", "properties": { "内容": "グループホーム三次・楽々苑【認知症対応型共同生活介護】広島県三次市南畑敷町198番地2", "url": "https://www.kaigokensaku.mhlw.go.jp/34/index.php?action_kouhyou_detail_004_kani=true&JigyosyoCd=3491900209-00&ServiceCd=320&Type=search", "url2": "http://www.ykbs-group.jp/" }, "geometry": { "type": "Point", "coordinates": [ 132.881196285676879, 34.800610197795805 ] } },
{ "type": "Feature", "properties": { "内容": "グループホームたんぽぽ【認知症対応型共同生活介護】庄原市三日市町289番地", "url": "https://www.kaigokensaku.mhlw.go.jp/34/index.php?action_kouhyou_detail_004_kani=true&JigyosyoCd=3472100217-00&ServiceCd=320&Type=search", "url2": null }, "geometry": { "type": "Point", "coordinates": [ 133.004250233976762, 34.853538880682045 ] } },
{ "type": "Feature", "properties": { "内容": "ビハーラ相扶【認知症対応型共同生活介護】庄原市尾引町263番地2ビハーラ相扶", "url": "https://www.kaigokensaku.mhlw.go.jp/34/index.php?action_kouhyou_detail_004_kani=true&JigyosyoCd=3472100316-00&ServiceCd=320&Type=search", "url2": "http://www.soufuen.or.jp" }, "geometry": { "type": "Point", "coordinates": [ 132.936367799999971, 34.8159126 ] } },
{ "type": "Feature", "properties": { "内容": "グループホーム　ボレロの家【認知症対応型共同生活介護】広島県庄原市三日市町240-1", "url": "https://www.kaigokensaku.mhlw.go.jp/34/index.php?action_kouhyou_detail_004_kani=true&JigyosyoCd=3492100064-00&ServiceCd=320&Type=search", "url2": "http://seijin-kai.com/" }, "geometry": { "type": "Point", "coordinates": [ 133.005079199999955, 34.8558232 ] } },
{ "type": "Feature", "properties": { "内容": "グループホーム口和【認知症対応型共同生活介護】庄原市口和町永田413番地", "url": "https://www.kaigokensaku.mhlw.go.jp/34/index.php?action_kouhyou_detail_004_kani=true&JigyosyoCd=3492100031-00&ServiceCd=320&Type=search", "url2": "http://kuchiwa-fukushikai.jp" }, "geometry": { "type": "Point", "coordinates": [ 132.9184017, 34.8880631 ] } },
{ "type": "Feature", "properties": { "内容": "グループホーム　ウェルネス東城【認知症対応型共同生活介護】広島県庄原市東城町川東1360-1", "url": "https://www.kaigokensaku.mhlw.go.jp/34/index.php?action_kouhyou_detail_004_kani=true&JigyosyoCd=3474900440-00&ServiceCd=320&Type=search", "url2": "http://www.wellness-tojo.com/" }, "geometry": { "type": "Point", "coordinates": [ 133.276834300000019, 34.8983665 ] } },
{ "type": "Feature", "properties": { "内容": "グループホーム　たまの家【認知症対応型共同生活介護】庄原市山内町379", "url": "https://www.kaigokensaku.mhlw.go.jp/34/index.php?action_kouhyou_detail_004_kani=true&JigyosyoCd=3492100023-00&ServiceCd=320&Type=search", "url2": "https://shiomachinohikari.wixsite.com/syoubara-tamanoie" }, "geometry": { "type": "Point", "coordinates": [ 132.957862500000033, 34.834374299999979 ] } },
{ "type": "Feature", "properties": { "内容": "グループホーム　なでしこ【認知症対応型共同生活介護】庄原市西本町二丁目15番31号", "url": "https://www.kaigokensaku.mhlw.go.jp/34/index.php?action_kouhyou_detail_004_kani=true&JigyosyoCd=3492100122-00&ServiceCd=320&Type=search", "url2": "http:/seijin-kai.com/" }, "geometry": { "type": "Point", "coordinates": [ 133.009967424328579, 34.85602247950586 ] } },
{ "type": "Feature", "properties": { "内容": "グループホームソラストゆめか大竹【認知症対応型共同生活介護】広島県大竹市南栄３丁目3-45", "url": "https://www.kaigokensaku.mhlw.go.jp/34/index.php?action_kouhyou_detail_004_kani=true&JigyosyoCd=3492300045-00&ServiceCd=320&Type=search", "url2": "http://www.solasto.co.jp" }, "geometry": { "type": "Point", "coordinates": [ 132.231628900000032, 34.2129073 ] } },
{ "type": "Feature", "properties": { "内容": "グループホームあすなろ大竹【認知症対応型共同生活介護】広島県大竹市油見２丁目２ー１７", "url": "https://www.kaigokensaku.mhlw.go.jp/34/index.php?action_kouhyou_detail_004_kani=true&JigyosyoCd=3492300110-00&ServiceCd=320&Type=search", "url2": null }, "geometry": { "type": "Point", "coordinates": [ 132.217629100000011, 34.2204164 ] } },
{ "type": "Feature", "properties": { "内容": "けあビジョンホーム大竹【認知症対応型共同生活介護】広島県大竹市松ヶ原町215-1", "url": "https://www.kaigokensaku.mhlw.go.jp/34/index.php?action_kouhyou_detail_004_kani=true&JigyosyoCd=3492300094-00&ServiceCd=320&Type=search", "url2": "http://www.visualvision.co.jp/" }, "geometry": { "type": "Point", "coordinates": [ 132.2211132, 34.2981644 ] } },
{ "type": "Feature", "properties": { "内容": "グループホーム　さくら【認知症対応型共同生活介護】大竹市南栄２－６－３１", "url": "https://www.kaigokensaku.mhlw.go.jp/34/index.php?action_kouhyou_detail_004_kani=true&JigyosyoCd=3472300288-00&ServiceCd=320&Type=search", "url2": null }, "geometry": { "type": "Point", "coordinates": [ 132.228659599999986, 34.2133045 ] } },
{ "type": "Feature", "properties": { "内容": "グループホームみそのっこ【認知症対応型共同生活介護】広島県東広島市西条御薗宇5585-1", "url": "https://www.kaigokensaku.mhlw.go.jp/34/index.php?action_kouhyou_detail_004_kani=true&JigyosyoCd=3492500404-00&ServiceCd=320&Type=search", "url2": "http://yuzzuco.com" }, "geometry": { "type": "Point", "coordinates": [ 132.752129380842575, 34.412884293258237 ] } },
{ "type": "Feature", "properties": { "内容": "グループホーム田口【認知症対応型共同生活介護】東広島市西条町田口2729-1", "url": "https://www.kaigokensaku.mhlw.go.jp/34/index.php?action_kouhyou_detail_004_kani=true&JigyosyoCd=3472501513-00&ServiceCd=320&Type=search", "url2": "http://www.seijukai-welfare.jp/top.html" }, "geometry": { "type": "Point", "coordinates": [ 132.736211307370667, 34.389982815905178 ] } },
{ "type": "Feature", "properties": { "内容": "グループホーム　ふぁみりぃ黒瀬【認知症対応型共同生活介護】東広島市黒瀬町楢原262-6", "url": "https://www.kaigokensaku.mhlw.go.jp/34/index.php?action_kouhyou_detail_004_kani=true&JigyosyoCd=3492500123-00&ServiceCd=320&Type=search", "url2": "https://tots.jp/institution/" }, "geometry": { "type": "Point", "coordinates": [ 132.670572099999958, 34.3254039 ] } },
{ "type": "Feature", "properties": { "内容": "グループホーム　ふぁみりぃ豊栄【認知症対応型共同生活介護】広島県東広島市豊栄町鍛冶屋９０８番地", "url": "https://www.kaigokensaku.mhlw.go.jp/34/index.php?action_kouhyou_detail_004_kani=true&JigyosyoCd=3492500149-00&ServiceCd=320&Type=search", "url2": "http://www.tots.jp/" }, "geometry": { "type": "Point", "coordinates": [ 132.822343, 34.5639085 ] } },
{ "type": "Feature", "properties": { "内容": "グループホーム長寿苑【認知症対応型共同生活介護】東広島市西条町馬木1660番地2", "url": "https://www.kaigokensaku.mhlw.go.jp/34/index.php?action_kouhyou_detail_004_kani=true&JigyosyoCd=3472500614-00&ServiceCd=320&Type=search", "url2": "https://chojuen.jp" }, "geometry": { "type": "Point", "coordinates": [ 132.720744500000023, 34.3606957 ] } },
{ "type": "Feature", "properties": { "内容": "グループホームふれあい八本松【認知症対応型共同生活介護】東広島市八本松東５丁目8-34", "url": "https://www.kaigokensaku.mhlw.go.jp/34/index.php?action_kouhyou_detail_004_kani=true&JigyosyoCd=3492500131-00&ServiceCd=320&Type=search", "url2": "http://koenkai-gr.jp" }, "geometry": { "type": "Point", "coordinates": [ 132.701024100000041, 34.4434945 ] } },
{ "type": "Feature", "properties": { "内容": "グループホームWOW！【認知症対応型共同生活介護】広島県東広島市高屋町中島458-5", "url": "https://www.kaigokensaku.mhlw.go.jp/34/index.php?action_kouhyou_detail_004_kani=true&JigyosyoCd=3492500396-00&ServiceCd=320&Type=search", "url2": "https://www.inokuchi.or.jp/home-service/wow.html" }, "geometry": { "type": "Point", "coordinates": [ 132.7860824, 34.4475659 ] } },
{ "type": "Feature", "properties": { "内容": "グループホーム湯舟の里【認知症対応型共同生活介護】東広島市高屋町造賀２９６１", "url": "https://www.kaigokensaku.mhlw.go.jp/34/index.php?action_kouhyou_detail_004_kani=true&JigyosyoCd=3472500895-00&ServiceCd=320&Type=search", "url2": null }, "geometry": { "type": "Point", "coordinates": [ 132.763661299999967, 34.4844447 ] } },
{ "type": "Feature", "properties": { "内容": "グループホーム　サンハートホーム【認知症対応型共同生活介護】東広島市福富町久芳3694-12", "url": "https://www.kaigokensaku.mhlw.go.jp/34/index.php?action_kouhyou_detail_004_kani=true&JigyosyoCd=3472501349-00&ServiceCd=320&Type=search", "url2": "http://ww35.tiki.ne.jp/~dentac/" }, "geometry": { "type": "Point", "coordinates": [ 132.7802183, 34.5393161 ] } },
{ "type": "Feature", "properties": { "内容": "グループホーム金泉【認知症対応型共同生活介護】東広島市安芸津町三津4333-1", "url": "https://www.kaigokensaku.mhlw.go.jp/34/index.php?action_kouhyou_detail_004_kani=true&JigyosyoCd=3472501562-00&ServiceCd=320&Type=search", "url2": "http://anzukai.com/grouphomekinsen/" }, "geometry": { "type": "Point", "coordinates": [ 132.81866279999997, 34.3242206 ] } },
{ "type": "Feature", "properties": { "内容": "グループホーム　ジューンベリーの家【認知症対応型共同生活介護】東広島市河内町入野2139-1", "url": "https://www.kaigokensaku.mhlw.go.jp/34/index.php?action_kouhyou_detail_004_kani=true&JigyosyoCd=3492500164-00&ServiceCd=320&Type=search", "url2": null }, "geometry": { "type": "Point", "coordinates": [ 132.852317299999982, 34.4536933 ] } },
{ "type": "Feature", "properties": { "内容": "グループホームもやい志和【認知症対応型共同生活介護】東広島市志和町冠５８４番地", "url": "https://www.kaigokensaku.mhlw.go.jp/34/index.php?action_kouhyou_detail_004_kani=true&JigyosyoCd=3492500172-00&ServiceCd=320&Type=search", "url2": "http://www.moyaishiwa.com/group_home.html" }, "geometry": { "type": "Point", "coordinates": [ 132.642056899999943, 34.4607192 ] } },
{ "type": "Feature", "properties": { "内容": "グループホームふれあい西条Ⅱ【認知症対応型共同生活介護】広島県東広島市西条町寺家7435", "url": "https://www.kaigokensaku.mhlw.go.jp/34/index.php?action_kouhyou_detail_004_kani=true&JigyosyoCd=3492500263-00&ServiceCd=320&Type=search", "url2": "http://koenkai-gr.jp" }, "geometry": { "type": "Point", "coordinates": [ 132.728074500000048, 34.4231389 ] } },
{ "type": "Feature", "properties": { "内容": "グループホームふれあい西条【認知症対応型共同生活介護】東広島市西条町寺家７４２９", "url": "https://www.kaigokensaku.mhlw.go.jp/34/index.php?action_kouhyou_detail_004_kani=true&JigyosyoCd=3472500887-00&ServiceCd=320&Type=search", "url2": "http://koenkai-gr.jp" }, "geometry": { "type": "Point", "coordinates": [ 132.729311477909846, 34.422544124579538 ] } },
{ "type": "Feature", "properties": { "内容": "認知症対応型共同生活介護事業所佐方【認知症対応型共同生活介護】広島県廿日市市佐方四丁目9番13号", "url": "https://www.kaigokensaku.mhlw.go.jp/34/index.php?action_kouhyou_detail_004_kani=true&JigyosyoCd=3492700285-00&ServiceCd=320&Type=search", "url2": "http://npokizuna.or.jp/" }, "geometry": { "type": "Point", "coordinates": [ 132.3441785, 34.3649978 ] } },
{ "type": "Feature", "properties": { "内容": "ラ・メール大野【認知症対応型共同生活介護】廿日市市丸石二丁目３－３５", "url": "https://www.kaigokensaku.mhlw.go.jp/34/index.php?action_kouhyou_detail_004_kani=true&JigyosyoCd=3473300659-00&ServiceCd=320&Type=search", "url2": "https://www.onoura.or.jp/" }, "geometry": { "type": "Point", "coordinates": [ 132.261346600000024, 34.2750849 ] } },
{ "type": "Feature", "properties": { "内容": "グループホームひまわり【認知症対応型共同生活介護】廿日市市宮内字佐原田４２０７番地４", "url": "https://www.kaigokensaku.mhlw.go.jp/34/index.php?action_kouhyou_detail_004_kani=true&JigyosyoCd=3472700297-00&ServiceCd=320&Type=search", "url2": "http://www.miyauchi.or.jp" }, "geometry": { "type": "Point", "coordinates": [ 132.298416513877896, 34.339719316702215 ] } },
{ "type": "Feature", "properties": { "内容": "グループホームゆうわせせらぎ園【認知症対応型共同生活介護】広島県廿日市市友田280番地", "url": "https://www.kaigokensaku.mhlw.go.jp/34/index.php?action_kouhyou_detail_004_kani=true&JigyosyoCd=3492700053-00&ServiceCd=320&Type=search", "url2": "http://www.saikisatsukikai.jp/" }, "geometry": { "type": "Point", "coordinates": [ 132.22117819999994, 34.3574968 ] } },
{ "type": "Feature", "properties": { "内容": "グループホーム宮内温泉ひまわり【認知症対応型共同生活介護】広島県廿日市市宮内字佐原田4215番地1", "url": "https://www.kaigokensaku.mhlw.go.jp/34/index.php?action_kouhyou_detail_004_kani=true&JigyosyoCd=3492700103-00&ServiceCd=320&Type=search", "url2": "http://www.miyauchi.or.jp" }, "geometry": { "type": "Point", "coordinates": [ 132.299347240406064, 34.340401447670104 ] } },
{ "type": "Feature", "properties": { "内容": "グループホーム廿日市・令和の杜【認知症対応型共同生活介護】広島県廿日市市阿品1-9-10", "url": "https://www.kaigokensaku.mhlw.go.jp/34/index.php?action_kouhyou_detail_004_kani=true&JigyosyoCd=3492700335-00&ServiceCd=320&Type=search", "url2": "https://www.ykbs-group.jp/" }, "geometry": { "type": "Point", "coordinates": [ 132.3180618, 34.326764 ] } },
{ "type": "Feature", "properties": { "内容": "グループホーム　あおば【認知症対応型共同生活介護】廿日市市福面２丁目８－６", "url": "https://www.kaigokensaku.mhlw.go.jp/34/index.php?action_kouhyou_detail_004_kani=true&JigyosyoCd=3473300675-00&ServiceCd=320&Type=search", "url2": "http://www.aoba-grouphome.com" }, "geometry": { "type": "Point", "coordinates": [ 132.299328400000036, 34.3200493 ] } },
{ "type": "Feature", "properties": { "内容": "ほのぼの苑　廿日市東【認知症対応型共同生活介護】廿日市市桜尾本町3番21号", "url": "https://www.kaigokensaku.mhlw.go.jp/34/index.php?action_kouhyou_detail_004_kani=true&JigyosyoCd=3492700038-00&ServiceCd=320&Type=search", "url2": "http://www.tomigaku.co.jp" }, "geometry": { "type": "Point", "coordinates": [ 132.3406149, 34.3570542 ] } },
{ "type": "Feature", "properties": { "内容": "グループホーム大野みどりの家【認知症対応型共同生活介護】廿日市市下の浜5-5", "url": "https://www.kaigokensaku.mhlw.go.jp/34/index.php?action_kouhyou_detail_004_kani=true&JigyosyoCd=3492700079-00&ServiceCd=320&Type=search", "url2": "https://epocacs.co.jp/midorinoie/" }, "geometry": { "type": "Point", "coordinates": [ 132.280337522002696, 34.28894202611049 ] } },
{ "type": "Feature", "properties": { "内容": "愛の家グループホーム廿日市地御前【認知症対応型共同生活介護】広島県廿日市市地御前4丁目20-30", "url": "https://www.kaigokensaku.mhlw.go.jp/34/index.php?action_kouhyou_detail_004_kani=true&JigyosyoCd=3492700194-00&ServiceCd=320&Type=search", "url2": "http://mcs-ainoie.com/gh267.html" }, "geometry": { "type": "Point", "coordinates": [ 132.318420733868408, 34.334212864886211 ] } },
{ "type": "Feature", "properties": { "内容": "グループホーム高田・楽々苑【認知症対応型共同生活介護】広島県安芸高田市美土里町本郷大字道面1317番地1", "url": "https://www.kaigokensaku.mhlw.go.jp/34/index.php?action_kouhyou_detail_004_kani=true&JigyosyoCd=3493600062-00&ServiceCd=320&Type=search", "url2": null }, "geometry": { "type": "Point", "coordinates": [ 132.627897800000028, 34.7271716 ] } },
{ "type": "Feature", "properties": { "内容": "グループホーム　甲田【認知症対応型共同生活介護】安芸高田市甲田町下小原3363番地", "url": "https://www.kaigokensaku.mhlw.go.jp/34/index.php?action_kouhyou_detail_004_kani=true&JigyosyoCd=3473600371-00&ServiceCd=320&Type=search", "url2": "http://www.misasakai.or.jp" }, "geometry": { "type": "Point", "coordinates": [ 132.742676800000027, 34.664489 ] } },
{ "type": "Feature", "properties": { "内容": "グループホーム向原【認知症対応型共同生活介護】安芸高田市向原町坂350番地", "url": "https://www.kaigokensaku.mhlw.go.jp/34/index.php?action_kouhyou_detail_004_kani=true&JigyosyoCd=3493600088-00&ServiceCd=320&Type=search", "url2": "http://www.misasakai.or.jp/shisetsu/mukaihara.php" }, "geometry": { "type": "Point", "coordinates": [ 132.719785874343842, 34.611185571395488 ] } },
{ "type": "Feature", "properties": { "内容": "認知対応型共同生活介護　ケアホーム匠【認知症対応型共同生活介護】安芸高田市吉田町常友４８６番地", "url": "https://www.kaigokensaku.mhlw.go.jp/34/index.php?action_kouhyou_detail_004_kani=true&JigyosyoCd=3493600039-00&ServiceCd=320&Type=search", "url2": "https://npo-takuminoie.com" }, "geometry": { "type": "Point", "coordinates": [ 132.690386799999942, 34.655014 ] } },
{ "type": "Feature", "properties": { "内容": "誠心園　グループホーム【認知症対応型共同生活介護】江田島市江田島町宮ノ原三丁目１８番６６号", "url": "https://www.kaigokensaku.mhlw.go.jp/34/index.php?action_kouhyou_detail_004_kani=true&JigyosyoCd=3495000022-00&ServiceCd=320&Type=search", "url2": null }, "geometry": { "type": "Point", "coordinates": [ 132.45225860000005, 34.2612284 ] } },
{ "type": "Feature", "properties": { "内容": "グループホーム　いこいの里【認知症対応型共同生活介護】広島県江田島市江田島町中央一丁目20番3号", "url": "https://www.kaigokensaku.mhlw.go.jp/34/index.php?action_kouhyou_detail_004_kani=true&JigyosyoCd=3475000018-00&ServiceCd=320&Type=search", "url2": "https://hisaoka.jp/" }, "geometry": { "type": "Point", "coordinates": [ 132.479051300000037, 34.2465719 ] } },
{ "type": "Feature", "properties": { "内容": "グループホーム能美いこいの里【認知症対応型共同生活介護】江田島市大柿町小古江６８４－３", "url": "https://www.kaigokensaku.mhlw.go.jp/34/index.php?action_kouhyou_detail_004_kani=true&JigyosyoCd=3495000048-00&ServiceCd=320&Type=search", "url2": "https://hisaoka.jp/facilities/noubi-ikoinosato/" }, "geometry": { "type": "Point", "coordinates": [ 132.456999399999972, 34.180727 ] } },
{ "type": "Feature", "properties": { "内容": "グループホーム　チェリーゴード【認知症対応型共同生活介護】広島県安芸郡府中町柳ヶ丘40-12チェリーゴード別館", "url": "https://www.kaigokensaku.mhlw.go.jp/34/index.php?action_kouhyou_detail_004_kani=true&JigyosyoCd=3473200503-00&ServiceCd=320&Type=search", "url2": "http://www.fig-g.jp/" }, "geometry": { "type": "Point", "coordinates": [ 132.513215299999956, 34.3823184 ] } },
{ "type": "Feature", "properties": { "内容": "グループホーム　ふれあい大須【認知症対応型共同生活介護】広島県安芸郡府中町大須４－５－６", "url": "https://www.kaigokensaku.mhlw.go.jp/34/index.php?action_kouhyou_detail_004_kani=true&JigyosyoCd=3473200404-00&ServiceCd=320&Type=search", "url2": "http://koenkai-gr.jp" }, "geometry": { "type": "Point", "coordinates": [ 132.499610500000017, 34.3977995 ] } },
{ "type": "Feature", "properties": { "内容": "グループホーム府中みどり園【認知症対応型共同生活介護】広島県安芸郡府中町浜田1丁目6番7号", "url": "https://www.kaigokensaku.mhlw.go.jp/34/index.php?action_kouhyou_detail_004_kani=true&JigyosyoCd=3493200079-00&ServiceCd=320&Type=search", "url2": "https://midori-kai.or.jp/midorien/midorien/#gh" }, "geometry": { "type": "Point", "coordinates": [ 132.506665800000064, 34.3872593 ] } },
{ "type": "Feature", "properties": { "内容": "グループホームふれあい青崎東【認知症対応型共同生活介護】広島県安芸郡府中町青崎東７－１－５", "url": "https://www.kaigokensaku.mhlw.go.jp/34/index.php?action_kouhyou_detail_004_kani=true&JigyosyoCd=3493200020-00&ServiceCd=320&Type=search", "url2": "http://koenkai-gr.jp" }, "geometry": { "type": "Point", "coordinates": [ 132.513593200000059, 34.3772885 ] } },
{ "type": "Feature", "properties": { "内容": "ニチイケアセンター広島海田【認知症対応型共同生活介護】広島県安芸郡海田町蟹原二丁目4-48", "url": "https://www.kaigokensaku.mhlw.go.jp/34/index.php?action_kouhyou_detail_004_kani=true&JigyosyoCd=3493200038-00&ServiceCd=320&Type=search", "url2": null }, "geometry": { "type": "Point", "coordinates": [ 132.544646100000023, 34.373192 ] } },
{ "type": "Feature", "properties": { "内容": "安芸ひまわり【認知症対応型共同生活介護】広島県安芸郡海田町日の出町２－９", "url": "https://www.kaigokensaku.mhlw.go.jp/34/index.php?action_kouhyou_detail_004_kani=true&JigyosyoCd=3473200388-00&ServiceCd=320&Type=search", "url2": "http://www.aki-himawari.jp/" }, "geometry": { "type": "Point", "coordinates": [ 132.5369442, 34.3650791 ] } },
{ "type": "Feature", "properties": { "内容": "高齢者グループホーム瓢箪家【認知症対応型共同生活介護】広島県安芸郡熊野町城之堀二丁目28番41号", "url": "https://www.kaigokensaku.mhlw.go.jp/34/index.php?action_kouhyou_detail_004_kani=true&JigyosyoCd=3493100048-00&ServiceCd=320&Type=search", "url2": "https://www.seijokaikumano.com/" }, "geometry": { "type": "Point", "coordinates": [ 132.581454, 34.3462016 ] } },
{ "type": "Feature", "properties": { "内容": "グループホームくまの【認知症対応型共同生活介護】広島県安芸郡熊野町中溝一丁目4番6号", "url": "https://www.kaigokensaku.mhlw.go.jp/34/index.php?action_kouhyou_detail_004_kani=true&JigyosyoCd=3473100794-00&ServiceCd=320&Type=search", "url2": null }, "geometry": { "type": "Point", "coordinates": [ 132.5854898, 34.3372445 ] } },
{ "type": "Feature", "properties": { "内容": "サンキ・ウエルビィグループホーム坂【認知症対応型共同生活介護】広島県安芸郡坂町坂東二丁目２３番８号", "url": "https://www.kaigokensaku.mhlw.go.jp/34/index.php?action_kouhyou_detail_004_kani=true&JigyosyoCd=3493100063-00&ServiceCd=320&Type=search", "url2": null }, "geometry": { "type": "Point", "coordinates": [ 132.517377399999987, 34.3390266 ] } },
{ "type": "Feature", "properties": { "内容": "グループホーム　なごみの里【認知症対応型共同生活介護】広島県山県郡安芸太田町大字加計５１９３番地", "url": "https://www.kaigokensaku.mhlw.go.jp/34/index.php?action_kouhyou_detail_004_kani=true&JigyosyoCd=3493500015-00&ServiceCd=320&Type=search", "url2": "https://www.nagominosato-kake.com/" }, "geometry": { "type": "Point", "coordinates": [ 132.314408299999968, 34.6137612 ] } },
{ "type": "Feature", "properties": { "内容": "グループホーム松籟荘【認知症対応型共同生活介護】広島県山県郡北広島町川小田１００７５番地４５", "url": "https://www.kaigokensaku.mhlw.go.jp/34/index.php?action_kouhyou_detail_004_kani=true&JigyosyoCd=3493500130-00&ServiceCd=320&Type=search", "url2": "https://geihoku-fukushikai.com/html/shouraiso.html" }, "geometry": { "type": "Point", "coordinates": [ 132.2755593, 34.7262115 ] } },
{ "type": "Feature", "properties": { "内容": "グループホーム　とよひら【認知症対応型共同生活介護】広島県山県郡北広島町阿坂4705豊平診療所2階", "url": "https://www.kaigokensaku.mhlw.go.jp/34/index.php?action_kouhyou_detail_004_kani=true&JigyosyoCd=3493500148-00&ServiceCd=320&Type=search", "url2": "http://www.m-meiwakai.jp" }, "geometry": { "type": "Point", "coordinates": [ 132.4494163, 34.6283424 ] } },
{ "type": "Feature", "properties": { "内容": "認知症対応型共同生活介護やどりぎ【認知症対応型共同生活介護】広島県山県郡北広島町今田3847", "url": "https://www.kaigokensaku.mhlw.go.jp/34/index.php?action_kouhyou_detail_004_kani=true&JigyosyoCd=3493500163-00&ServiceCd=320&Type=search", "url2": "http://www.chiyoda-hospital.or.jp" }, "geometry": { "type": "Point", "coordinates": [ 132.522877, 34.6823707 ] } },
{ "type": "Feature", "properties": { "内容": "グループホーム新庄【認知症対応型共同生活介護】広島県山県郡北広島町新庄674番地1", "url": "https://www.kaigokensaku.mhlw.go.jp/34/index.php?action_kouhyou_detail_004_kani=true&JigyosyoCd=3493500056-00&ServiceCd=320&Type=search", "url2": "http://www.m-meiwakai.jp/" }, "geometry": { "type": "Point", "coordinates": [ 132.496024, 34.7661147 ] } },
{ "type": "Feature", "properties": { "内容": "グループホームつつじの家【認知症対応型共同生活介護】広島県山県郡北広島町壬生915－1", "url": "https://www.kaigokensaku.mhlw.go.jp/34/index.php?action_kouhyou_detail_004_kani=true&JigyosyoCd=3493500064-00&ServiceCd=320&Type=search", "url2": "https://m-meiwakai.jp/daycareservice/nyusyo-service/gh_tsutsuji/" }, "geometry": { "type": "Point", "coordinates": [ 132.553148400000026, 34.6799989 ] } },
{ "type": "Feature", "properties": { "内容": "グループホームきんせん花【認知症対応型共同生活介護】広島県豊田郡大崎上島町木江5017番地", "url": "https://www.kaigokensaku.mhlw.go.jp/34/index.php?action_kouhyou_detail_004_kani=true&JigyosyoCd=3493900025-00&ServiceCd=320&Type=search", "url2": null }, "geometry": { "type": "Point", "coordinates": [ 132.9114659, 34.2362878 ] } },
{ "type": "Feature", "properties": { "内容": "グループホーム瀬戸美【認知症対応型共同生活介護】広島県豊田郡大崎上島町東野2727番地１", "url": "https://www.kaigokensaku.mhlw.go.jp/34/index.php?action_kouhyou_detail_004_kani=true&JigyosyoCd=3493900033-00&ServiceCd=320&Type=search", "url2": null }, "geometry": { "type": "Point", "coordinates": [ 132.908969399999989, 34.2611348 ] } },
{ "type": "Feature", "properties": { "内容": "グループホームふぁみりぃ【認知症対応型共同生活介護】広島県世羅郡世羅町本郷９６５－１", "url": "https://www.kaigokensaku.mhlw.go.jp/34/index.php?action_kouhyou_detail_004_kani=true&JigyosyoCd=3474200304-00&ServiceCd=320&Type=search", "url2": "http://www.tots.jp/institution/detail.php?id=44" }, "geometry": { "type": "Point", "coordinates": [ 133.043827400000026, 34.5867417 ] } },
{ "type": "Feature", "properties": { "内容": "グループホームふぁみりぃ世羅西【認知症対応型共同生活介護】広島県世羅郡世羅町小国4277番地1", "url": "https://www.kaigokensaku.mhlw.go.jp/34/index.php?action_kouhyou_detail_004_kani=true&JigyosyoCd=3494200029-00&ServiceCd=320&Type=search", "url2": null }, "geometry": { "type": "Point", "coordinates": [ 132.933929400000011, 34.6209778 ] } },
{ "type": "Feature", "properties": { "内容": "指定認知症対応型共同生活介護事業所グループホームやまぼうし【認知症対応型共同生活介護】広島県神石郡神石高原町小畠1513番地", "url": "https://www.kaigokensaku.mhlw.go.jp/34/index.php?action_kouhyou_detail_004_kani=true&JigyosyoCd=3494600038-00&ServiceCd=320&Type=search", "url2": null }, "geometry": { "type": "Point", "coordinates": [ 133.252915700000017, 34.7043059 ] } },
{ "type": "Feature", "properties": { "内容": "指定認知症対応型共同生活介護事業所　グループホームよなみの里【認知症対応型共同生活介護】広島県神石郡神石高原町下豊松533番地1", "url": "https://www.kaigokensaku.mhlw.go.jp/34/index.php?action_kouhyou_detail_004_kani=true&JigyosyoCd=3474600198-00&ServiceCd=320&Type=search", "url2": "https://www.kbk-group.or.jp/yonaminosato/" }, "geometry": { "type": "Point", "coordinates": [ 133.340179400000011, 34.777419400000014 ] } },
{ "type": "Feature", "properties": { "内容": "ひまわり苑【認知症対応型共同生活介護】広島県神石郡神石高原町福永１５０１番地２", "url": "https://www.kaigokensaku.mhlw.go.jp/34/index.php?action_kouhyou_detail_004_kani=true&JigyosyoCd=3494600046-00&ServiceCd=320&Type=search", "url2": "https://jinseki-shinjyuen.jp/service/" }, "geometry": { "type": "Point", "coordinates": [ 133.1760885, 34.79961930000001 ] } },
{ "type": "Feature", "properties": { "内容": "グループホーム安田いこいの家【認知症対応型共同生活介護】広島県神石郡神石高原町安田677番地1", "url": "https://www.kaigokensaku.mhlw.go.jp/34/index.php?action_kouhyou_detail_004_kani=true&JigyosyoCd=3474600206-00&ServiceCd=320&Type=search", "url2": null }, "geometry": { "type": "Point", "coordinates": [ 133.276324299999942, 34.750217 ] } }
]
}
