{
"type": "FeatureCollection",
"name": "geo_34_地域密着型通所介護",
"crs": { "type": "name", "properties": { "name": "urn:ogc:def:crs:OGC:1.3:CRS84" } },
"features": [
{ "type": "Feature", "properties": { "内容": "デイサービスセンター赤とんぼ【地域密着型通所介護】広島市中区舟入中町2-38パレ舟入1Ｆ", "url": "https://www.kaigokensaku.mhlw.go.jp/34/index.php?action_kouhyou_detail_004_kani=true&JigyosyoCd=3470207436-00&ServiceCd=780&Type=search", "url2": "http://hiroshima-akatombom.net" }, "geometry": { "type": "Point", "coordinates": [ 132.44485050000003, 34.387984 ] } },
{ "type": "Feature", "properties": { "内容": "レコードブック広島住吉町【地域密着型通所介護】広島県広島市中区住吉町8番16号MTビル1階1号室", "url": "https://www.kaigokensaku.mhlw.go.jp/34/index.php?action_kouhyou_detail_004_kani=true&JigyosyoCd=3490201443-00&ServiceCd=780&Type=search", "url2": "https://www.recordbook.jp/" }, "geometry": { "type": "Point", "coordinates": [ 132.448880300000013, 34.3837492 ] } },
{ "type": "Feature", "properties": { "内容": "デイサービスセンターLiberte【地域密着型通所介護】広島県広島市中区南竹屋町9-23", "url": "https://www.kaigokensaku.mhlw.go.jp/34/index.php?action_kouhyou_detail_004_kani=true&JigyosyoCd=3490200940-00&ServiceCd=780&Type=search", "url2": "http://www.h-leciel.co.jp" }, "geometry": { "type": "Point", "coordinates": [ 132.461639500000047, 34.3806813 ] } },
{ "type": "Feature", "properties": { "内容": "リハビリデイサービスnagomi中区吉島店【地域密着型通所介護】広島県広島市中区光南1-15-7", "url": "https://www.kaigokensaku.mhlw.go.jp/34/index.php?action_kouhyou_detail_004_kani=true&JigyosyoCd=3490201310-00&ServiceCd=780&Type=search", "url2": "http://www.my-nagomi.com/html/facility/html/nakakuyoshijima.html" }, "geometry": { "type": "Point", "coordinates": [ 132.447081499999967, 34.3673842 ] } },
{ "type": "Feature", "properties": { "内容": "ご近所デイ千田町【地域密着型通所介護】広島市中区南千田東町4-32グループホーム千田みどりの家１F", "url": "https://www.kaigokensaku.mhlw.go.jp/34/index.php?action_kouhyou_detail_004_kani=true&JigyosyoCd=3470209259-00&ServiceCd=780&Type=search", "url2": "https://epocacs.co.jp/midorinoie/home/home-134/" }, "geometry": { "type": "Point", "coordinates": [ 132.457757439811758, 34.374246323891143 ] } },
{ "type": "Feature", "properties": { "内容": "アルファデイサービスセンター吉島通り【地域密着型通所介護】広島市中区光南1丁目2番23号アルファリビング広島吉島通り内", "url": "https://www.kaigokensaku.mhlw.go.jp/34/index.php?action_kouhyou_detail_004_kani=true&JigyosyoCd=3470209994-00&ServiceCd=780&Type=search", "url2": "https://www.a-living.jp/hiroshima/yoshijima/" }, "geometry": { "type": "Point", "coordinates": [ 132.4485489, 34.3691128 ] } },
{ "type": "Feature", "properties": { "内容": "こころねデイサービスセンター【地域密着型通所介護】広島県広島市中区江波栄町１１番２７号アテリエ１階", "url": "https://www.kaigokensaku.mhlw.go.jp/34/index.php?action_kouhyou_detail_004_kani=true&JigyosyoCd=3490201013-00&ServiceCd=780&Type=search", "url2": "http://simba.co.jp" }, "geometry": { "type": "Point", "coordinates": [ 132.429624600000011, 34.3646633 ] } },
{ "type": "Feature", "properties": { "内容": "療養通所介護　あいりす【地域密着型通所介護】広島県広島市中区光南2丁目11番4号", "url": "https://www.kaigokensaku.mhlw.go.jp/34/index.php?action_kouhyou_detail_004_kani=true&JigyosyoCd=3490201484-00&ServiceCd=780&Type=search", "url2": "http://www.airisu.net/" }, "geometry": { "type": "Point", "coordinates": [ 132.4453686, 34.3681976 ] } },
{ "type": "Feature", "properties": { "内容": "わだ内科医院デイサービス【地域密着型通所介護】広島市中区大手町５丁目７番11号２階", "url": "https://www.kaigokensaku.mhlw.go.jp/34/index.php?action_kouhyou_detail_004_kani=true&JigyosyoCd=3470207154-00&ServiceCd=780&Type=search", "url2": "https://www.wadanaika.com/" }, "geometry": { "type": "Point", "coordinates": [ 132.453126774868792, 34.382555643574086 ] } },
{ "type": "Feature", "properties": { "内容": "グリーンライフ広島デイサービスセンター【地域密着型通所介護】広島県広島市中区舟入町3－9グレイスシムラ3階", "url": "https://www.kaigokensaku.mhlw.go.jp/34/index.php?action_kouhyou_detail_004_kani=true&JigyosyoCd=3490201385-00&ServiceCd=780&Type=search", "url2": "http://www.greenlife-inc.co.jp/" }, "geometry": { "type": "Point", "coordinates": [ 132.44394711313339, 34.391506512449872 ] } },
{ "type": "Feature", "properties": { "内容": "富士見デイサービスセンター【地域密着型通所介護】広島市中区富士見町2-21西村ビル４階", "url": "https://www.kaigokensaku.mhlw.go.jp/34/index.php?action_kouhyou_detail_004_kani=true&JigyosyoCd=3470203054-00&ServiceCd=780&Type=search", "url2": null }, "geometry": { "type": "Point", "coordinates": [ 132.462778100000037, 34.3874251 ] } },
{ "type": "Feature", "properties": { "内容": "リハプライド広島千田【地域密着型通所介護】広島市中区千田町１－５－１７五島ビル１階", "url": "https://www.kaigokensaku.mhlw.go.jp/34/index.php?action_kouhyou_detail_004_kani=true&JigyosyoCd=3470210034-00&ServiceCd=780&Type=search", "url2": "https://www.rehapride.co.jp/hiroshimasenda" }, "geometry": { "type": "Point", "coordinates": [ 132.453165099999978, 34.3811533 ] } },
{ "type": "Feature", "properties": { "内容": "デイサービスセンターまごころ【地域密着型通所介護】広島市中区昭和町4番27号HKビル1F", "url": "https://www.kaigokensaku.mhlw.go.jp/34/index.php?action_kouhyou_detail_004_kani=true&JigyosyoCd=3470205125-00&ServiceCd=780&Type=search", "url2": "http://www.k-business.net/" }, "geometry": { "type": "Point", "coordinates": [ 132.463869310467317, 34.383933660791662 ] } },
{ "type": "Feature", "properties": { "内容": "光南デイサービスセンターすみれ【地域密着型通所介護】広島市中区光南二丁目３番４６号光南ビル", "url": "https://www.kaigokensaku.mhlw.go.jp/34/index.php?action_kouhyou_detail_004_kani=true&JigyosyoCd=3470205711-00&ServiceCd=780&Type=search", "url2": "https://sumire-day.jimdofree.com/" }, "geometry": { "type": "Point", "coordinates": [ 132.445012899999938, 34.3696016 ] } },
{ "type": "Feature", "properties": { "内容": "デイサービス　みなみたけやの湯【地域密着型通所介護】広島市中区南竹屋町５番８号メディカルケアセンター絆", "url": "https://www.kaigokensaku.mhlw.go.jp/34/index.php?action_kouhyou_detail_004_kani=true&JigyosyoCd=3470207618-00&ServiceCd=780&Type=search", "url2": "https://www.kizuna-mc.jp/" }, "geometry": { "type": "Point", "coordinates": [ 132.460895100000016, 34.3816784 ] } },
{ "type": "Feature", "properties": { "内容": "デイサービス　縁～ゆかり～【地域密着型通所介護】広島市中区光南2丁目1番4号在宅サポ―トセンター絆", "url": "https://www.kaigokensaku.mhlw.go.jp/34/index.php?action_kouhyou_detail_004_kani=true&JigyosyoCd=3470210364-00&ServiceCd=780&Type=search", "url2": "http://www.kizuna-mc.jp" }, "geometry": { "type": "Point", "coordinates": [ 135.600266499999947, 34.6235 ] } },
{ "type": "Feature", "properties": { "内容": "デイサービス未来おおうち大手町【地域密着型通所介護】広島県広島市中区大手町3丁目6-12おおうちビル3階", "url": "https://www.kaigokensaku.mhlw.go.jp/34/index.php?action_kouhyou_detail_004_kani=true&JigyosyoCd=3490201633-00&ServiceCd=780&Type=search", "url2": null }, "geometry": { "type": "Point", "coordinates": [ 132.454176100000012, 34.387746300000011 ] } },
{ "type": "Feature", "properties": { "内容": "デイサービス莱【地域密着型通所介護】広島県広島市中区江波南一丁目７番１６号", "url": "https://www.kaigokensaku.mhlw.go.jp/34/index.php?action_kouhyou_detail_004_kani=true&JigyosyoCd=3490201823-00&ServiceCd=780&Type=search", "url2": "https://lailai.co.jp/" }, "geometry": { "type": "Point", "coordinates": [ 132.4341167, 34.3671386 ] } },
{ "type": "Feature", "properties": { "内容": "デイサービス向日葵【地域密着型通所介護】広島県広島市中区舟入南2丁目1-5", "url": "https://www.kaigokensaku.mhlw.go.jp/34/index.php?action_kouhyou_detail_004_kani=true&JigyosyoCd=3490201906-00&ServiceCd=780&Type=search", "url2": null }, "geometry": { "type": "Point", "coordinates": [ 132.439035600000011, 34.3800478 ] } },
{ "type": "Feature", "properties": { "内容": "通所介護事業所かがやき中山東【地域密着型通所介護】広島県広島市東区中山東3丁目2-7Ｓグラン中山東", "url": "https://www.kaigokensaku.mhlw.go.jp/34/index.php?action_kouhyou_detail_004_kani=true&JigyosyoCd=3470107610-00&ServiceCd=780&Type=search", "url2": "https://www.lsi-kk.co.jp/" }, "geometry": { "type": "Point", "coordinates": [ 132.502299697402918, 34.410421937756325 ] } },
{ "type": "Feature", "properties": { "内容": "clubsora夕凪【地域密着型通所介護】広島県広島市東区光町二丁目１４－３３花幸ビル１F", "url": "https://www.kaigokensaku.mhlw.go.jp/34/index.php?action_kouhyou_detail_004_kani=true&JigyosyoCd=3470108634-00&ServiceCd=780&Type=search", "url2": "https://hct.blue/" }, "geometry": { "type": "Point", "coordinates": [ 132.483856400000036, 34.3995184 ] } },
{ "type": "Feature", "properties": { "内容": "アーチ尾長デイサービス【地域密着型通所介護】広島市東区尾長東一丁目９番３号", "url": "https://www.kaigokensaku.mhlw.go.jp/34/index.php?action_kouhyou_detail_004_kani=true&JigyosyoCd=3470107321-00&ServiceCd=780&Type=search", "url2": "https://www.ai-well-hiroshima.com/" }, "geometry": { "type": "Point", "coordinates": [ 132.490941471792979, 34.396505115366807 ] } },
{ "type": "Feature", "properties": { "内容": "デイサービストパーズ戸坂【地域密着型通所介護】広島県広島市東区戸坂大上四丁目21－7", "url": "https://www.kaigokensaku.mhlw.go.jp/34/index.php?action_kouhyou_detail_004_kani=true&JigyosyoCd=3470107537-00&ServiceCd=780&Type=search", "url2": "https://www.r-plus-limited.com/" }, "geometry": { "type": "Point", "coordinates": [ 132.496418400000039, 34.423958 ] } },
{ "type": "Feature", "properties": { "内容": "デイサービスセンター青葉【地域密着型通所介護】広島市東区戸坂出江2丁目10-31", "url": "https://www.kaigokensaku.mhlw.go.jp/34/index.php?action_kouhyou_detail_004_kani=true&JigyosyoCd=3470103429-00&ServiceCd=780&Type=search", "url2": "https://www.ishidaiin-hesaka.jp/facility" }, "geometry": { "type": "Point", "coordinates": [ 132.488285499999961, 34.4334958 ] } },
{ "type": "Feature", "properties": { "内容": "デイサービスセンターみのり【地域密着型通所介護】広島市東区矢賀新町4-1-7", "url": "https://www.kaigokensaku.mhlw.go.jp/34/index.php?action_kouhyou_detail_004_kani=true&JigyosyoCd=3470107065-00&ServiceCd=780&Type=search", "url2": null }, "geometry": { "type": "Point", "coordinates": [ 132.4982331, 34.3916752 ] } },
{ "type": "Feature", "properties": { "内容": "リハプライド広島不動院前【地域密着型通所介護】広島県広島市東区牛田新町4-4-29", "url": "https://www.kaigokensaku.mhlw.go.jp/34/index.php?action_kouhyou_detail_004_kani=true&JigyosyoCd=3470108444-00&ServiceCd=780&Type=search", "url2": "https://www.rehapride.co.jp/hiroshimafudoinmae/" }, "geometry": { "type": "Point", "coordinates": [ 132.473428168786654, 34.429808618208433 ] } },
{ "type": "Feature", "properties": { "内容": "デイサービスこうこう【地域密着型通所介護】広島県広島市東区山根町30-13", "url": "https://www.kaigokensaku.mhlw.go.jp/34/index.php?action_kouhyou_detail_004_kani=true&JigyosyoCd=3470108493-00&ServiceCd=780&Type=search", "url2": null }, "geometry": { "type": "Point", "coordinates": [ 132.4813454, 34.4027097 ] } },
{ "type": "Feature", "properties": { "内容": "デイサービス梅の花【地域密着型通所介護】広島市東区牛田新町3-5-21", "url": "https://www.kaigokensaku.mhlw.go.jp/34/index.php?action_kouhyou_detail_004_kani=true&JigyosyoCd=3470107289-00&ServiceCd=780&Type=search", "url2": "http://heart.hiroshima.jp/" }, "geometry": { "type": "Point", "coordinates": [ 132.471961800000031, 34.427052 ] } },
{ "type": "Feature", "properties": { "内容": "早稲田イーライフ温品【地域密着型通所介護】広島市東区温品2丁目8番24-9号ケアビレッジライル温品", "url": "https://www.kaigokensaku.mhlw.go.jp/34/index.php?action_kouhyou_detail_004_kani=true&JigyosyoCd=3470108154-00&ServiceCd=780&Type=search", "url2": "http://www.lile-style.biz" }, "geometry": { "type": "Point", "coordinates": [ 132.505564455819723, 34.404226075343537 ] } },
{ "type": "Feature", "properties": { "内容": "デイホームきらめき【地域密着型通所介護】広島県広島市東区戸坂くるめ木２丁目7-28", "url": "https://www.kaigokensaku.mhlw.go.jp/34/index.php?action_kouhyou_detail_004_kani=true&JigyosyoCd=3470108196-00&ServiceCd=780&Type=search", "url2": null }, "geometry": { "type": "Point", "coordinates": [ 132.481005399999958, 34.4316904 ] } },
{ "type": "Feature", "properties": { "内容": "ほねつぎデイサービス中山東【地域密着型通所介護】広島県広島市東区中山東３丁目２番２号", "url": "https://www.kaigokensaku.mhlw.go.jp/34/index.php?action_kouhyou_detail_004_kani=true&JigyosyoCd=3490101304-00&ServiceCd=780&Type=search", "url2": "https://www.honetsugi-kaigo.com/" }, "geometry": { "type": "Point", "coordinates": [ 132.5031481, 34.4106072 ] } },
{ "type": "Feature", "properties": { "内容": "デイサービスセンターこもれびの杜【地域密着型通所介護】広島県広島市南区東雲2丁目18-8", "url": "https://www.kaigokensaku.mhlw.go.jp/34/index.php?action_kouhyou_detail_004_kani=true&JigyosyoCd=3490101023-00&ServiceCd=780&Type=search", "url2": "http://kk-komorebi.jp/" }, "geometry": { "type": "Point", "coordinates": [ 132.490579799999978, 34.3795114 ] } },
{ "type": "Feature", "properties": { "内容": "リハビリデイサービスnagomi南区出汐店【地域密着型通所介護】広島県広島市南区出汐3丁目4-1", "url": "https://www.kaigokensaku.mhlw.go.jp/34/index.php?action_kouhyou_detail_004_kani=true&JigyosyoCd=3490101072-00&ServiceCd=780&Type=search", "url2": "http://www.my-nagomi.com/html/facility/html/minamikudeshio.html" }, "geometry": { "type": "Point", "coordinates": [ 132.4777686, 34.3773575 ] } },
{ "type": "Feature", "properties": { "内容": "さくらデイサービス満天のリハ【地域密着型通所介護】広島県広島市南区松川町6-16第3佐野ビル1F", "url": "https://www.kaigokensaku.mhlw.go.jp/34/index.php?action_kouhyou_detail_004_kani=true&JigyosyoCd=3490101239-00&ServiceCd=780&Type=search", "url2": "https://sakura39.hp.peraichi.com/manten.reha" }, "geometry": { "type": "Point", "coordinates": [ 132.473634846241652, 34.389655583786848 ] } },
{ "type": "Feature", "properties": { "内容": "デイサービスセンターあさぎり【地域密着型通所介護】広島県広島市南区翠3丁目13-20蓮花ビル１階", "url": "https://www.kaigokensaku.mhlw.go.jp/34/index.php?action_kouhyou_detail_004_kani=true&JigyosyoCd=3490101296-00&ServiceCd=780&Type=search", "url2": "http://www.kk-komorebi.jp/" }, "geometry": { "type": "Point", "coordinates": [ 132.4725154, 34.3709538 ] } },
{ "type": "Feature", "properties": { "内容": "わくわくハウス宇品【地域密着型通所介護】広島県広島市南区宇品御幸３－１－２２山口ビル1階", "url": "https://www.kaigokensaku.mhlw.go.jp/34/index.php?action_kouhyou_detail_004_kani=true&JigyosyoCd=3470107453-00&ServiceCd=780&Type=search", "url2": "http://www.wakuwakuhouse-tat.com/company.html" }, "geometry": { "type": "Point", "coordinates": [ 132.464006299999937, 34.3638442 ] } },
{ "type": "Feature", "properties": { "内容": "デイサービスセンターにのしま【地域密着型通所介護】広島市南区似島町字東大谷３０７３－５", "url": "https://www.kaigokensaku.mhlw.go.jp/34/index.php?action_kouhyou_detail_004_kani=true&JigyosyoCd=3470101712-00&ServiceCd=780&Type=search", "url2": "https://heiwa-youroukan.jp/contents/index.html" }, "geometry": { "type": "Point", "coordinates": [ 132.433078499999965, 34.3117363 ] } },
{ "type": "Feature", "properties": { "内容": "あるケア【地域密着型通所介護】広島市南区皆実町1丁目１９－５", "url": "https://www.kaigokensaku.mhlw.go.jp/34/index.php?action_kouhyou_detail_004_kani=true&JigyosyoCd=3470107792-00&ServiceCd=780&Type=search", "url2": null }, "geometry": { "type": "Point", "coordinates": [ 132.470513799999907, 34.377229 ] } },
{ "type": "Feature", "properties": { "内容": "通所介護事業所　玄玄【地域密着型通所介護】広島市南区東雲二丁目7-17", "url": "https://www.kaigokensaku.mhlw.go.jp/34/index.php?action_kouhyou_detail_004_kani=true&JigyosyoCd=3470207030-00&ServiceCd=780&Type=search", "url2": "http://gen-gen.com/" }, "geometry": { "type": "Point", "coordinates": [ 132.489434405473332, 34.379688653768369 ] } },
{ "type": "Feature", "properties": { "内容": "デイサービスセンター楽園【地域密着型通所介護】広島市南区比治山本町7-3", "url": "https://www.kaigokensaku.mhlw.go.jp/34/index.php?action_kouhyou_detail_004_kani=true&JigyosyoCd=3470104690-00&ServiceCd=780&Type=search", "url2": null }, "geometry": { "type": "Point", "coordinates": [ 132.472516300000052, 34.3807676 ] } },
{ "type": "Feature", "properties": { "内容": "デイサービスセンター丹那【地域密着型通所介護】広島市南区丹那町22-10-5クラシオン丹那", "url": "https://www.kaigokensaku.mhlw.go.jp/34/index.php?action_kouhyou_detail_004_kani=true&JigyosyoCd=3470107412-00&ServiceCd=780&Type=search", "url2": "http://curacion.life/" }, "geometry": { "type": "Point", "coordinates": [ 132.477971700000012, 34.3661221 ] } },
{ "type": "Feature", "properties": { "内容": "ポシブルJR広島駅東店【地域密着型通所介護】広島県広島市南区東駅町1-5-5", "url": "https://www.kaigokensaku.mhlw.go.jp/34/index.php?action_kouhyou_detail_004_kani=true&JigyosyoCd=3490101015-00&ServiceCd=780&Type=search", "url2": "http://www.possible-plus.co.jp/" }, "geometry": { "type": "Point", "coordinates": [ 132.483239899999944, 34.3945273 ] } },
{ "type": "Feature", "properties": { "内容": "高齢者総合福祉施設なだの郷デイサービス【地域密着型通所介護】広島県広島市南区青崎2丁目16番15号", "url": "https://www.kaigokensaku.mhlw.go.jp/34/index.php?action_kouhyou_detail_004_kani=true&JigyosyoCd=3470104617-00&ServiceCd=780&Type=search", "url2": "http://www7b.biglobe.ne.jp/~hyakuju-nadanosato/" }, "geometry": { "type": "Point", "coordinates": [ 132.508782699999983, 34.3718696 ] } },
{ "type": "Feature", "properties": { "内容": "デイサービス　スクエア　あきもと【地域密着型通所介護】広島市南区東本浦町5-22", "url": "https://www.kaigokensaku.mhlw.go.jp/34/index.php?action_kouhyou_detail_004_kani=true&JigyosyoCd=3470105374-00&ServiceCd=780&Type=search", "url2": "http://akimoto-geka.byoinnavi.jp" }, "geometry": { "type": "Point", "coordinates": [ 132.487792799999966, 34.3755768 ] } },
{ "type": "Feature", "properties": { "内容": "日和庵【地域密着型通所介護】広島市南区仁保二丁目5番39号", "url": "https://www.kaigokensaku.mhlw.go.jp/34/index.php?action_kouhyou_detail_004_kani=true&JigyosyoCd=3470105895-00&ServiceCd=780&Type=search", "url2": "http://magokoro-net.com/" }, "geometry": { "type": "Point", "coordinates": [ 132.496711568122919, 34.373481480827273 ] } },
{ "type": "Feature", "properties": { "内容": "アップスフィット広島【地域密着型通所介護】広島県広島市南区段原南1-3-52段原ショッピングセンター6階", "url": "https://www.kaigokensaku.mhlw.go.jp/34/index.php?action_kouhyou_detail_004_kani=true&JigyosyoCd=3490101452-00&ServiceCd=780&Type=search", "url2": "https://aireha.jp/apps" }, "geometry": { "type": "Point", "coordinates": [ 132.4753574, 34.3852373 ] } },
{ "type": "Feature", "properties": { "内容": "デイサービス　みんなの家【地域密着型通所介護】広島県広島市南区翠三町目6-3檜山ビル　１階", "url": "https://www.kaigokensaku.mhlw.go.jp/34/index.php?action_kouhyou_detail_004_kani=true&JigyosyoCd=3490101502-00&ServiceCd=780&Type=search", "url2": "https://www.daycareokaeri.com/" }, "geometry": { "type": "Point", "coordinates": [ 132.4716526, 34.3729324 ] } },
{ "type": "Feature", "properties": { "内容": "とまと倶楽部だんばら【地域密着型通所介護】広島県広島市南区段原二丁目15番2号堤ビル１階", "url": "https://www.kaigokensaku.mhlw.go.jp/34/index.php?action_kouhyou_detail_004_kani=true&JigyosyoCd=3490101049-00&ServiceCd=780&Type=search", "url2": "http://www.salute.co.jp/" }, "geometry": { "type": "Point", "coordinates": [ 132.476351199999954, 34.3873995 ] } },
{ "type": "Feature", "properties": { "内容": "デイサービスセンター　やまぼうし【地域密着型通所介護】広島県広島市西区三篠北町18-4-201サニーヴィラゆうき2階", "url": "https://www.kaigokensaku.mhlw.go.jp/34/index.php?action_kouhyou_detail_004_kani=true&JigyosyoCd=3470106539-00&ServiceCd=780&Type=search", "url2": null }, "geometry": { "type": "Point", "coordinates": [ 132.455597160177547, 34.417478122309248 ] } },
{ "type": "Feature", "properties": { "内容": "縁がわデイひなたぼっこ【地域密着型通所介護】広島県広島市西区南観音一丁目２番１６号", "url": "https://www.kaigokensaku.mhlw.go.jp/34/index.php?action_kouhyou_detail_004_kani=true&JigyosyoCd=3470210208-00&ServiceCd=780&Type=search", "url2": "https://engawa-hinata.jimdofree.com/" }, "geometry": { "type": "Point", "coordinates": [ 132.435282199999961, 34.3844947 ] } },
{ "type": "Feature", "properties": { "内容": "デイサービス季楽　井口【地域密着型通所介護】広島県広島市西区井口４丁目３５－２６", "url": "https://www.kaigokensaku.mhlw.go.jp/34/index.php?action_kouhyou_detail_004_kani=true&JigyosyoCd=3470210620-00&ServiceCd=780&Type=search", "url2": "http://www.season-hc.com/" }, "geometry": { "type": "Point", "coordinates": [ 132.375805300000025, 34.3760115 ] } },
{ "type": "Feature", "properties": { "内容": "通所介護事業所かがやき高須【地域密着型通所介護】広島県広島市西区高須4丁目12-22Sグラン高須", "url": "https://www.kaigokensaku.mhlw.go.jp/34/index.php?action_kouhyou_detail_004_kani=true&JigyosyoCd=3470211255-00&ServiceCd=780&Type=search", "url2": "http://lsi-kk.co.jp/" }, "geometry": { "type": "Point", "coordinates": [ 132.414498957008391, 34.395478526493072 ] } },
{ "type": "Feature", "properties": { "内容": "リハビリデイサービスnagomi西区己斐店【地域密着型通所介護】広島県広島市西区己斐本町二丁目18番28号ルミエール己斐本町", "url": "https://www.kaigokensaku.mhlw.go.jp/34/index.php?action_kouhyou_detail_004_kani=true&JigyosyoCd=3490200924-00&ServiceCd=780&Type=search", "url2": "http://www.my-nagomi.com/html/facility/html/nishikukoi.html" }, "geometry": { "type": "Point", "coordinates": [ 132.42455730000006, 34.3923884 ] } },
{ "type": "Feature", "properties": { "内容": "三ツ星デイサービスセンター【地域密着型通所介護】広島県広島市西区打越町１２－６サンパレスマツモト２階", "url": "https://www.kaigokensaku.mhlw.go.jp/34/index.php?action_kouhyou_detail_004_kani=true&JigyosyoCd=3470208871-00&ServiceCd=780&Type=search", "url2": "https://yasashio.com/" }, "geometry": { "type": "Point", "coordinates": [ 132.449400200000014, 34.410795 ] } },
{ "type": "Feature", "properties": { "内容": "わくわくハウス庚午【地域密着型通所介護】広島市西区庚午中４－１９－２６サンヨウビル１０１", "url": "https://www.kaigokensaku.mhlw.go.jp/34/index.php?action_kouhyou_detail_004_kani=true&JigyosyoCd=3470209549-00&ServiceCd=780&Type=search", "url2": "http://www.wakuwakuhouse-tat.com/about.html" }, "geometry": { "type": "Point", "coordinates": [ 132.41299109325405, 34.381669160672445 ] } },
{ "type": "Feature", "properties": { "内容": "わくわくハウス横川【地域密着型通所介護】広島県広島市西区三篠町三丁目１２番１５号ベルビィ三篠１階", "url": "https://www.kaigokensaku.mhlw.go.jp/34/index.php?action_kouhyou_detail_004_kani=true&JigyosyoCd=3470210729-00&ServiceCd=780&Type=search", "url2": "http://www.wakuwakuhouse-tat.com/company.html" }, "geometry": { "type": "Point", "coordinates": [ 132.45326693677066, 34.415302070339536 ] } },
{ "type": "Feature", "properties": { "内容": "わくわくハウス天満町【地域密着型通所介護】広島県広島市西区天満町19－7クリエイトビル1階", "url": "https://www.kaigokensaku.mhlw.go.jp/34/index.php?action_kouhyou_detail_004_kani=true&JigyosyoCd=3470211883-00&ServiceCd=780&Type=search", "url2": "http://www.wakuwakuhouse-tat.com/company.html" }, "geometry": { "type": "Point", "coordinates": [ 132.44159, 34.3951632 ] } },
{ "type": "Feature", "properties": { "内容": "わくわくハウス己斐【地域密着型通所介護】広島県広島市西区己斐中3丁目３９－２５", "url": "https://www.kaigokensaku.mhlw.go.jp/34/index.php?action_kouhyou_detail_004_kani=true&JigyosyoCd=3490201187-00&ServiceCd=780&Type=search", "url2": "http://www.wakuwakuhouse-tat.com/about.html" }, "geometry": { "type": "Point", "coordinates": [ 132.424690199999986, 34.4047928 ] } },
{ "type": "Feature", "properties": { "内容": "ポシブル広島西【地域密着型通所介護】広島県広島市西区大芝一丁目19－25", "url": "https://www.kaigokensaku.mhlw.go.jp/34/index.php?action_kouhyou_detail_004_kani=true&JigyosyoCd=3490201377-00&ServiceCd=780&Type=search", "url2": "https://www.possible-plus.co.jp/store/ポシブル広島西/" }, "geometry": { "type": "Point", "coordinates": [ 132.456835188360628, 34.418459749962565 ] } },
{ "type": "Feature", "properties": { "内容": "デイサービス古田のおうち【地域密着型通所介護】広島市西区古江新町８番３２号", "url": "https://www.kaigokensaku.mhlw.go.jp/34/index.php?action_kouhyou_detail_004_kani=true&JigyosyoCd=3470208632-00&ServiceCd=780&Type=search", "url2": "http://mochi2.stars.ne.jp" }, "geometry": { "type": "Point", "coordinates": [ 132.410474794442706, 34.38440582922739 ] } },
{ "type": "Feature", "properties": { "内容": "デイサービスセンターこころ楠木【地域密着型通所介護】広島市西区楠木町四丁目16番6号", "url": "https://www.kaigokensaku.mhlw.go.jp/34/index.php?action_kouhyou_detail_004_kani=true&JigyosyoCd=3470214689-00&ServiceCd=780&Type=search", "url2": "https://kokorohome.wordpress.com/" }, "geometry": { "type": "Point", "coordinates": [ 132.458133396295182, 34.414954941712615 ] } },
{ "type": "Feature", "properties": { "内容": "おれんじ己斐上てらす【地域密着型通所介護】広島県広島市西区己斐上四丁目２６番１号", "url": "https://www.kaigokensaku.mhlw.go.jp/34/index.php?action_kouhyou_detail_004_kani=true&JigyosyoCd=3490201237-00&ServiceCd=780&Type=search", "url2": null }, "geometry": { "type": "Point", "coordinates": [ 132.418338406082171, 34.410000874773552 ] } },
{ "type": "Feature", "properties": { "内容": "デイサービスおれんじ【地域密着型通所介護】広島市西区己斐上2-11-3", "url": "https://www.kaigokensaku.mhlw.go.jp/34/index.php?action_kouhyou_detail_004_kani=true&JigyosyoCd=3470206859-00&ServiceCd=780&Type=search", "url2": null }, "geometry": { "type": "Point", "coordinates": [ 132.419293299999936, 34.4051316 ] } },
{ "type": "Feature", "properties": { "内容": "デイサービスにこにこ倶楽部【地域密着型通所介護】広島市西区井口鈴が台1－5－22", "url": "https://www.kaigokensaku.mhlw.go.jp/34/index.php?action_kouhyou_detail_004_kani=true&JigyosyoCd=3470210646-00&ServiceCd=780&Type=search", "url2": "https://nikonikoclub.jimdofree.com/" }, "geometry": { "type": "Point", "coordinates": [ 132.382113200000049, 34.3740703 ] } },
{ "type": "Feature", "properties": { "内容": "デイサービスともの家【地域密着型通所介護】広島県広島市西区鈴が峰町41-18", "url": "https://www.kaigokensaku.mhlw.go.jp/34/index.php?action_kouhyou_detail_004_kani=true&JigyosyoCd=3470211644-00&ServiceCd=780&Type=search", "url2": "http://tomoe-fukushikai.or.jp/" }, "geometry": { "type": "Point", "coordinates": [ 132.392912499999966, 34.3801504 ] } },
{ "type": "Feature", "properties": { "内容": "デイサービスセンター夢＊グリーン【地域密着型通所介護】広島県広島市西区高須二丁目２番２８号１階", "url": "https://www.kaigokensaku.mhlw.go.jp/34/index.php?action_kouhyou_detail_004_kani=true&JigyosyoCd=3470209648-00&ServiceCd=780&Type=search", "url2": "http://www.fukushi-greencoop.or.jp/" }, "geometry": { "type": "Point", "coordinates": [ 132.4147719, 34.3908717 ] } },
{ "type": "Feature", "properties": { "内容": "リハプライド井口【地域密着型通所介護】広島県広島市西区井口5-29-3伊藤ビル１階", "url": "https://www.kaigokensaku.mhlw.go.jp/34/index.php?action_kouhyou_detail_004_kani=true&JigyosyoCd=3470211719-00&ServiceCd=780&Type=search", "url2": "http://rehapride.co.jp/" }, "geometry": { "type": "Point", "coordinates": [ 132.380702299999939, 34.3654019 ] } },
{ "type": "Feature", "properties": { "内容": "ほねつぎデイサービス観音【地域密着型通所介護】広島県広島市西区観音町１６番９号みさおビル１階", "url": "https://www.kaigokensaku.mhlw.go.jp/34/index.php?action_kouhyou_detail_004_kani=true&JigyosyoCd=3490201559-00&ServiceCd=780&Type=search", "url2": null }, "geometry": { "type": "Point", "coordinates": [ 132.437504499999989, 34.394827 ] } },
{ "type": "Feature", "properties": { "内容": "アースサポート広島【地域密着型通所介護】広島県広島市西区打越町12番21号", "url": "https://www.kaigokensaku.mhlw.go.jp/34/index.php?action_kouhyou_detail_004_kani=true&JigyosyoCd=3490201807-00&ServiceCd=780&Type=search", "url2": "https://www.earthsupport.co.jp" }, "geometry": { "type": "Point", "coordinates": [ 132.449413900000025, 34.4110126 ] } },
{ "type": "Feature", "properties": { "内容": "ゆめか大町【地域密着型通所介護】広島県広島市安佐南区大町東4丁目7-5", "url": "https://www.kaigokensaku.mhlw.go.jp/34/index.php?action_kouhyou_detail_004_kani=true&JigyosyoCd=3470211354-00&ServiceCd=780&Type=search", "url2": "http://www.kd-seven.com" }, "geometry": { "type": "Point", "coordinates": [ 132.464401191294684, 34.468396558550985 ] } },
{ "type": "Feature", "properties": { "内容": "機能訓練デイ　そらメディカルケア大町【地域密着型通所介護】広島県広島市安佐南区大町東3丁目21-22", "url": "https://www.kaigokensaku.mhlw.go.jp/34/index.php?action_kouhyou_detail_004_kani=true&JigyosyoCd=3490200999-00&ServiceCd=780&Type=search", "url2": null }, "geometry": { "type": "Point", "coordinates": [ 132.467320677478511, 34.465697776882337 ] } },
{ "type": "Feature", "properties": { "内容": "日常生活リハ　そらメディカルケア毘沙門台【地域密着型通所介護】広島県広島市安佐南区毘沙門台4丁目18-7", "url": "https://www.kaigokensaku.mhlw.go.jp/34/index.php?action_kouhyou_detail_004_kani=true&JigyosyoCd=3490201468-00&ServiceCd=780&Type=search", "url2": null }, "geometry": { "type": "Point", "coordinates": [ 132.4611212, 34.4842661 ] } },
{ "type": "Feature", "properties": { "内容": "デイサービスほうじゃね上安【地域密着型通所介護】広島市安佐南区上安5丁目３０-１２", "url": "https://www.kaigokensaku.mhlw.go.jp/34/index.php?action_kouhyou_detail_004_kani=true&JigyosyoCd=3470210398-00&ServiceCd=780&Type=search", "url2": "http://volo-jp.com/" }, "geometry": { "type": "Point", "coordinates": [ 132.451308400000016, 34.4876588 ] } },
{ "type": "Feature", "properties": { "内容": "デイサービスつどい高取【地域密着型通所介護】広島県広島市安佐南区高取北四丁目41番17号", "url": "https://www.kaigokensaku.mhlw.go.jp/34/index.php?action_kouhyou_detail_004_kani=true&JigyosyoCd=3470210653-00&ServiceCd=780&Type=search", "url2": "https://withcare.amebaownd.com/" }, "geometry": { "type": "Point", "coordinates": [ 132.4306633, 34.479387099999983 ] } },
{ "type": "Feature", "properties": { "内容": "ほねつぎ介護デイサービス緑井【地域密着型通所介護】広島県広島市安佐南区緑井三丁目15番27号", "url": "https://www.kaigokensaku.mhlw.go.jp/34/index.php?action_kouhyou_detail_004_kani=true&JigyosyoCd=3490201153-00&ServiceCd=780&Type=search", "url2": "http://attecc.co.jp/" }, "geometry": { "type": "Point", "coordinates": [ 132.467046399999958, 34.4695836 ] } },
{ "type": "Feature", "properties": { "内容": "デイサービスセンター楓＊グリーン【地域密着型通所介護】広島県広島市安佐南区川内六丁目２０番５号", "url": "https://www.kaigokensaku.mhlw.go.jp/34/index.php?action_kouhyou_detail_004_kani=true&JigyosyoCd=3470211362-00&ServiceCd=780&Type=search", "url2": "http://www.fukushi-greencoop.or.jp/" }, "geometry": { "type": "Point", "coordinates": [ 132.490238300138799, 34.471841592357897 ] } },
{ "type": "Feature", "properties": { "内容": "リハプライド大原駅前【地域密着型通所介護】広島県広島市安佐南区伴東7-55-9", "url": "https://www.kaigokensaku.mhlw.go.jp/34/index.php?action_kouhyou_detail_004_kani=true&JigyosyoCd=3490201229-00&ServiceCd=780&Type=search", "url2": null }, "geometry": { "type": "Point", "coordinates": [ 132.412701299999981, 34.462916300000018 ] } },
{ "type": "Feature", "properties": { "内容": "在宅介護支援センター　デイサービスたまゆら【地域密着型通所介護】広島市安佐南区西原一丁目1番8号", "url": "https://www.kaigokensaku.mhlw.go.jp/34/index.php?action_kouhyou_detail_004_kani=true&JigyosyoCd=3470207717-00&ServiceCd=780&Type=search", "url2": "http://jinushi-clinic.jp" }, "geometry": { "type": "Point", "coordinates": [ 132.4659256, 34.4377149 ] } },
{ "type": "Feature", "properties": { "内容": "デイサービスセンター佐々木整形外科クリニック【地域密着型通所介護】広島県広島市安佐南区伴中央2丁目8番7号", "url": "https://www.kaigokensaku.mhlw.go.jp/34/index.php?action_kouhyou_detail_004_kani=true&JigyosyoCd=3470210968-00&ServiceCd=780&Type=search", "url2": null }, "geometry": { "type": "Point", "coordinates": [ 136.961024, 35.0117511 ] } },
{ "type": "Feature", "properties": { "内容": "リハビリデイサービスあらき【地域密着型通所介護】広島県広島市安佐南区中筋三丁目６番２３号", "url": "https://www.kaigokensaku.mhlw.go.jp/34/index.php?action_kouhyou_detail_004_kani=true&JigyosyoCd=3470211420-00&ServiceCd=780&Type=search", "url2": "https://araki-ss.net/" }, "geometry": { "type": "Point", "coordinates": [ 132.479379399999971, 34.454616 ] } },
{ "type": "Feature", "properties": { "内容": "リハプライド・中筋【地域密着型通所介護】広島県広島市安佐南区中筋1-16-8第2植野ビル104", "url": "https://www.kaigokensaku.mhlw.go.jp/34/index.php?action_kouhyou_detail_004_kani=true&JigyosyoCd=3490201286-00&ServiceCd=780&Type=search", "url2": "http://www.rehapride.co.jp/nakasuji/" }, "geometry": { "type": "Point", "coordinates": [ 132.475539700000013, 34.4486741 ] } },
{ "type": "Feature", "properties": { "内容": "健康ストレッチデイサービス　メディスポ【地域密着型通所介護】広島県広島市安佐南区西原5丁目7-8101号室", "url": "https://www.kaigokensaku.mhlw.go.jp/34/index.php?action_kouhyou_detail_004_kani=true&JigyosyoCd=3490201716-00&ServiceCd=780&Type=search", "url2": null }, "geometry": { "type": "Point", "coordinates": [ 132.468967, 34.4451526 ] } },
{ "type": "Feature", "properties": { "内容": "デイサービスひまわり【地域密着型通所介護】広島市安佐南区相田一丁目10-8", "url": "https://www.kaigokensaku.mhlw.go.jp/34/index.php?action_kouhyou_detail_004_kani=true&JigyosyoCd=3470203641-00&ServiceCd=780&Type=search", "url2": "http://www.okamoto-clinic.or.jp/" }, "geometry": { "type": "Point", "coordinates": [ 132.4561251, 34.4711025 ] } },
{ "type": "Feature", "properties": { "内容": "リハビリデイサービスＤo！たなか【地域密着型通所介護】広島市安佐南区祇園一丁目１４－７", "url": "https://www.kaigokensaku.mhlw.go.jp/34/index.php?action_kouhyou_detail_004_kani=true&JigyosyoCd=3470208590-00&ServiceCd=780&Type=search", "url2": "http://r.goope.jp/do-tanaka" }, "geometry": { "type": "Point", "coordinates": [ 132.463346499999972, 34.4371104 ] } },
{ "type": "Feature", "properties": { "内容": "通所介護事業所　若葉台【地域密着型通所介護】広島県広島市安佐南区伴北七丁目32番27号", "url": "https://www.kaigokensaku.mhlw.go.jp/34/index.php?action_kouhyou_detail_004_kani=true&JigyosyoCd=3490201336-00&ServiceCd=780&Type=search", "url2": "https://www.gukuru.co/%E8%8B%A5%E8%91%89%E5%8F%B0" }, "geometry": { "type": "Point", "coordinates": [ 132.403312, 34.4848798 ] } },
{ "type": "Feature", "properties": { "内容": "デイサービス笑夢【地域密着型通所介護】広島県広島市安佐南区祇園2丁目5-15ファミーユ祇園", "url": "https://www.kaigokensaku.mhlw.go.jp/34/index.php?action_kouhyou_detail_004_kani=true&JigyosyoCd=3490201757-00&ServiceCd=780&Type=search", "url2": "http://www.doell.jp/" }, "geometry": { "type": "Point", "coordinates": [ 132.4678432, 34.4467866 ] } },
{ "type": "Feature", "properties": { "内容": "元気が出るメリィデイサービス相田【地域密着型通所介護】広島県広島市安佐南区相田2丁目6番9号メリィハウス相田　2階", "url": "https://www.kaigokensaku.mhlw.go.jp/34/index.php?action_kouhyou_detail_004_kani=true&JigyosyoCd=3490201864-00&ServiceCd=780&Type=search", "url2": null }, "geometry": { "type": "Point", "coordinates": [ 132.4505107, 34.4729728 ] } },
{ "type": "Feature", "properties": { "内容": "リハビリサロンおひさま【地域密着型通所介護】広島県広島市安佐南区緑井１丁目１０番７号", "url": "https://www.kaigokensaku.mhlw.go.jp/34/index.php?action_kouhyou_detail_004_kani=true&JigyosyoCd=3490201476-00&ServiceCd=780&Type=search", "url2": "https://salon-ohisama.com" }, "geometry": { "type": "Point", "coordinates": [ 132.47724310000001, 34.4646234 ] } },
{ "type": "Feature", "properties": { "内容": "デイサービスセンターとまとおおまち【地域密着型通所介護】広島市安佐南区大町東二丁目1番12号", "url": "https://www.kaigokensaku.mhlw.go.jp/34/index.php?action_kouhyou_detail_004_kani=true&JigyosyoCd=3470206867-00&ServiceCd=780&Type=search", "url2": "http://www.salute.co.jp/" }, "geometry": { "type": "Point", "coordinates": [ 132.470925131608453, 34.463191337724517 ] } },
{ "type": "Feature", "properties": { "内容": "みこころデイサービスセンター【地域密着型通所介護】広島県広島市安佐南区長束六丁目4番1号", "url": "https://www.kaigokensaku.mhlw.go.jp/34/index.php?action_kouhyou_detail_004_kani=true&JigyosyoCd=3470211388-00&ServiceCd=780&Type=search", "url2": "http://micocoro-care.jp/index.html" }, "geometry": { "type": "Point", "coordinates": [ 132.457465100000036, 34.4347402 ] } },
{ "type": "Feature", "properties": { "内容": "リハ美リ　デイサービス　リコ【地域密着型通所介護】広島県広島市安佐北区落合二丁目19番6イワタ落合ビル105", "url": "https://www.kaigokensaku.mhlw.go.jp/34/index.php?action_kouhyou_detail_004_kani=true&JigyosyoCd=3490101379-00&ServiceCd=780&Type=search", "url2": null }, "geometry": { "type": "Point", "coordinates": [ 132.508382955819712, 34.480171266027021 ] } },
{ "type": "Feature", "properties": { "内容": "ＩＧＬデイサービスあさひが丘【地域密着型通所介護】広島市安佐北区あさひが丘三丁目18番13-7ふれ愛ケアセンター　３F", "url": "https://www.kaigokensaku.mhlw.go.jp/34/index.php?action_kouhyou_detail_004_kani=true&JigyosyoCd=3470106356-00&ServiceCd=780&Type=search", "url2": "http://www.igl.or.jp/kourei/dayasahigaoka.html" }, "geometry": { "type": "Point", "coordinates": [ 132.436928599999987, 34.50604 ] } },
{ "type": "Feature", "properties": { "内容": "デイサービスセンターあゆみ【地域密着型通所介護】広島市安佐北区三入東1丁目30-21", "url": "https://www.kaigokensaku.mhlw.go.jp/34/index.php?action_kouhyou_detail_004_kani=true&JigyosyoCd=3470101514-00&ServiceCd=780&Type=search", "url2": null }, "geometry": { "type": "Point", "coordinates": [ 132.541735600000038, 34.5348358 ] } },
{ "type": "Feature", "properties": { "内容": "コープデイサービス高陽＜自悠館＞【地域密着型通所介護】広島市安佐北区口田南7-31-5", "url": "https://www.kaigokensaku.mhlw.go.jp/34/index.php?action_kouhyou_detail_004_kani=true&JigyosyoCd=3470103882-00&ServiceCd=780&Type=search", "url2": null }, "geometry": { "type": "Point", "coordinates": [ 132.5024052, 34.4613576 ] } },
{ "type": "Feature", "properties": { "内容": "デイサービスほうじゃね可部【地域密着型通所介護】広島市安佐北区可部1-6-16", "url": "https://www.kaigokensaku.mhlw.go.jp/34/index.php?action_kouhyou_detail_004_kani=true&JigyosyoCd=3470106364-00&ServiceCd=780&Type=search", "url2": null }, "geometry": { "type": "Point", "coordinates": [ 132.50526160000004, 34.515532 ] } },
{ "type": "Feature", "properties": { "内容": "絵手がみ【地域密着型通所介護】広島市安佐北区三入1-8-2", "url": "https://www.kaigokensaku.mhlw.go.jp/34/index.php?action_kouhyou_detail_004_kani=true&JigyosyoCd=3470106968-00&ServiceCd=780&Type=search", "url2": null }, "geometry": { "type": "Point", "coordinates": [ 132.521345099999962, 34.5357828 ] } },
{ "type": "Feature", "properties": { "内容": "希の実【地域密着型通所介護】広島県広島市安佐北区三入1-8-19", "url": "https://www.kaigokensaku.mhlw.go.jp/34/index.php?action_kouhyou_detail_004_kani=true&JigyosyoCd=3490101114-00&ServiceCd=780&Type=search", "url2": "https://kiyoku-hiroshima.com" }, "geometry": { "type": "Point", "coordinates": [ 132.520769199999989, 34.5356521 ] } },
{ "type": "Feature", "properties": { "内容": "あすなろ生協診療所デイサービス【地域密着型通所介護】広島市安佐北区口田一丁目10-1", "url": "https://www.kaigokensaku.mhlw.go.jp/34/index.php?action_kouhyou_detail_004_kani=true&JigyosyoCd=3470104179-00&ServiceCd=780&Type=search", "url2": null }, "geometry": { "type": "Point", "coordinates": [ 132.495297299999947, 34.4608797 ] } },
{ "type": "Feature", "properties": { "内容": "デイサービスセンター　くるみ【地域密着型通所介護】広島市安佐北区口田南８丁目１７番１８号メロウリストビル　１０２号室", "url": "https://www.kaigokensaku.mhlw.go.jp/34/index.php?action_kouhyou_detail_004_kani=true&JigyosyoCd=3490100918-00&ServiceCd=780&Type=search", "url2": "https://kurumids.com" }, "geometry": { "type": "Point", "coordinates": [ 132.506093700000065, 34.463335300000018 ] } },
{ "type": "Feature", "properties": { "内容": "宅老所となりん家【地域密着型通所介護】広島県広島市安佐北区可部2-1-3", "url": "https://www.kaigokensaku.mhlw.go.jp/34/index.php?action_kouhyou_detail_004_kani=true&JigyosyoCd=3490101205-00&ServiceCd=780&Type=search", "url2": "https://tonarinchi.1web.jp/" }, "geometry": { "type": "Point", "coordinates": [ 132.5140811, 34.5153344 ] } },
{ "type": "Feature", "properties": { "内容": "デイサービスセンター可部きらり【地域密着型通所介護】広島県広島市安佐北区可部南二丁目4番20号グランデール松広Ⅱ　1階", "url": "https://www.kaigokensaku.mhlw.go.jp/34/index.php?action_kouhyou_detail_004_kani=true&JigyosyoCd=3490101056-00&ServiceCd=780&Type=search", "url2": "https://premonet.co.jp/" }, "geometry": { "type": "Point", "coordinates": [ 132.515891681436898, 34.504593056177306 ] } },
{ "type": "Feature", "properties": { "内容": "デイサービスセンターたんぽぽ【地域密着型通所介護】広島県広島市安佐北区白木町小越３００", "url": "https://www.kaigokensaku.mhlw.go.jp/34/index.php?action_kouhyou_detail_004_kani=true&JigyosyoCd=3490101122-00&ServiceCd=780&Type=search", "url2": "https://www.tanpopoday.com/" }, "geometry": { "type": "Point", "coordinates": [ 132.6643267, 34.5531251 ] } },
{ "type": "Feature", "properties": { "内容": "ほねつぎデイサービス可部【地域密着型通所介護】広島県広島市安佐北区可部南2‐2‐28", "url": "https://www.kaigokensaku.mhlw.go.jp/34/index.php?action_kouhyou_detail_004_kani=true&JigyosyoCd=3490101411-00&ServiceCd=780&Type=search", "url2": null }, "geometry": { "type": "Point", "coordinates": [ 132.515318349737555, 34.505068372439752 ] } },
{ "type": "Feature", "properties": { "内容": "元気が出るメリィデイサービス可部【地域密着型通所介護】広島県広島市安佐北区可部１丁目１６番１５号メリィハウス可部１丁目", "url": "https://www.kaigokensaku.mhlw.go.jp/34/index.php?action_kouhyou_detail_004_kani=true&JigyosyoCd=3490101437-00&ServiceCd=780&Type=search", "url2": null }, "geometry": { "type": "Point", "coordinates": [ 132.5076616, 34.5129155 ] } },
{ "type": "Feature", "properties": { "内容": "Fuu【地域密着型通所介護】可部５−９−６", "url": "https://www.kaigokensaku.mhlw.go.jp/34/index.php?action_kouhyou_detail_004_kani=true&JigyosyoCd=3490101494-00&ServiceCd=780&Type=search", "url2": "https://lux-care.jp/" }, "geometry": { "type": "Point", "coordinates": [ 132.508660351281748, 34.520777880993435 ] } },
{ "type": "Feature", "properties": { "内容": "はたのリハビリデイサービスセンター【地域密着型通所介護】広島市安芸区中野5丁目13-28", "url": "https://www.kaigokensaku.mhlw.go.jp/34/index.php?action_kouhyou_detail_004_kani=true&JigyosyoCd=3470101738-00&ServiceCd=780&Type=search", "url2": "https://hatano-group.jp/pages/69/" }, "geometry": { "type": "Point", "coordinates": [ 132.580708532540939, 34.402281760290606 ] } },
{ "type": "Feature", "properties": { "内容": "サービスステーション庵寿【地域密着型通所介護】広島市安芸区畑賀町4082-1", "url": "https://www.kaigokensaku.mhlw.go.jp/34/index.php?action_kouhyou_detail_004_kani=true&JigyosyoCd=3470103502-00&ServiceCd=780&Type=search", "url2": "https://anju.hiroshima.jp/" }, "geometry": { "type": "Point", "coordinates": [ 132.547019539217445, 34.393379238777854 ] } },
{ "type": "Feature", "properties": { "内容": "デイサービス　季楽・リハ　五日市中央【地域密着型通所介護】広島市佐伯区五日市中央1丁目3番25号", "url": "https://www.kaigokensaku.mhlw.go.jp/34/index.php?action_kouhyou_detail_004_kani=true&JigyosyoCd=3470209598-00&ServiceCd=780&Type=search", "url2": "http://www.season-hc.com/" }, "geometry": { "type": "Point", "coordinates": [ 132.353541142327913, 34.37857351660783 ] } },
{ "type": "Feature", "properties": { "内容": "デイサービス季楽・リハ【地域密着型通所介護】広島県広島市佐伯区五日市一丁目4番10号", "url": "https://www.kaigokensaku.mhlw.go.jp/34/index.php?action_kouhyou_detail_004_kani=true&JigyosyoCd=3470211974-00&ServiceCd=780&Type=search", "url2": "http://www.season-hc.com/" }, "geometry": { "type": "Point", "coordinates": [ 132.3594617, 34.3662232 ] } },
{ "type": "Feature", "properties": { "内容": "デイサービス季楽　五月【地域密着型通所介護】広島県広島市佐伯区五月が丘1丁目12-11", "url": "https://www.kaigokensaku.mhlw.go.jp/34/index.php?action_kouhyou_detail_004_kani=true&JigyosyoCd=3490200908-00&ServiceCd=780&Type=search", "url2": "http://www.season-hc.com/" }, "geometry": { "type": "Point", "coordinates": [ 132.402333399999947, 34.4180601 ] } },
{ "type": "Feature", "properties": { "内容": "デイサービス季楽・リハ　八幡【地域密着型通所介護】広島県広島市佐伯区八幡東3丁目25番14-1号", "url": "https://www.kaigokensaku.mhlw.go.jp/34/index.php?action_kouhyou_detail_004_kani=true&JigyosyoCd=3490201666-00&ServiceCd=780&Type=search", "url2": "https://www.season-hc.com/" }, "geometry": { "type": "Point", "coordinates": [ 132.3635749, 34.3843965 ] } },
{ "type": "Feature", "properties": { "内容": "デイサービスあおぞら【地域密着型通所介護】広島市佐伯区五日市7丁目8-41", "url": "https://www.kaigokensaku.mhlw.go.jp/34/index.php?action_kouhyou_detail_004_kani=true&JigyosyoCd=3470205141-00&ServiceCd=780&Type=search", "url2": null }, "geometry": { "type": "Point", "coordinates": [ 132.360250800000017, 34.3775886 ] } },
{ "type": "Feature", "properties": { "内容": "一期一縁　広島【地域密着型通所介護】広島市佐伯区坪井３－７１－１", "url": "https://www.kaigokensaku.mhlw.go.jp/34/index.php?action_kouhyou_detail_004_kani=true&JigyosyoCd=3470210158-00&ServiceCd=780&Type=search", "url2": "http://www.1go1e.jp/" }, "geometry": { "type": "Point", "coordinates": [ 132.338661799999954, 34.3809432 ] } },
{ "type": "Feature", "properties": { "内容": "まつむらデイサービスぽぴー【地域密着型通所介護】広島市佐伯区楽々園四丁目6番10号", "url": "https://www.kaigokensaku.mhlw.go.jp/34/index.php?action_kouhyou_detail_004_kani=true&JigyosyoCd=3470210232-00&ServiceCd=780&Type=search", "url2": "http://www.matsumura-cc.jp/" }, "geometry": { "type": "Point", "coordinates": [ 132.352896099999953, 34.3633733 ] } },
{ "type": "Feature", "properties": { "内容": "デイサービスセンター　鈴が峰【地域密着型通所介護】広島県広島市佐伯区五日市町皆賀104-27", "url": "https://www.kaigokensaku.mhlw.go.jp/34/index.php?action_kouhyou_detail_004_kani=true&JigyosyoCd=3490201674-00&ServiceCd=780&Type=search", "url2": "https://misasakai.ecat.jp/catalog/products/detail?id=14" }, "geometry": { "type": "Point", "coordinates": [ 132.3723192, 34.3811248 ] } },
{ "type": "Feature", "properties": { "内容": "デイサービスなかごう【地域密着型通所介護】広島県広島市佐伯区五日市町上河内721-1", "url": "https://www.kaigokensaku.mhlw.go.jp/34/index.php?action_kouhyou_detail_004_kani=true&JigyosyoCd=3470211412-00&ServiceCd=780&Type=search", "url2": null }, "geometry": { "type": "Point", "coordinates": [ 132.355279676196204, 34.416095159672295 ] } },
{ "type": "Feature", "properties": { "内容": "地域密着型通所介護事業所仁方【地域密着型通所介護】広島県呉市仁方町戸田4407番地", "url": "https://www.kaigokensaku.mhlw.go.jp/34/index.php?action_kouhyou_detail_004_kani=true&JigyosyoCd=3470501275-00&ServiceCd=780&Type=search", "url2": "https://www.misasakai.or.jp/" }, "geometry": { "type": "Point", "coordinates": [ 132.652065384087933, 34.206531215394925 ] } },
{ "type": "Feature", "properties": { "内容": "デイサービスセンター豊浜【地域密着型通所介護】広島県呉市豊浜町大字豊島3082番地の28豊浜町高齢者福祉センター", "url": "https://www.kaigokensaku.mhlw.go.jp/34/index.php?action_kouhyou_detail_004_kani=true&JigyosyoCd=3473900508-00&ServiceCd=780&Type=search", "url2": "http://www.seijukai-welfare.jp/top.html" }, "geometry": { "type": "Point", "coordinates": [ 132.791656200000034, 34.1843346 ] } },
{ "type": "Feature", "properties": { "内容": "機能訓練特化型デイサービスリフィット焼山【地域密着型通所介護】広島県呉市焼山此原町1-30", "url": "https://www.kaigokensaku.mhlw.go.jp/34/index.php?action_kouhyou_detail_004_kani=true&JigyosyoCd=3490500497-00&ServiceCd=780&Type=search", "url2": null }, "geometry": { "type": "Point", "coordinates": [ 132.5485184, 34.2810577 ] } },
{ "type": "Feature", "properties": { "内容": "医療法人社団たつき会菅田医院　デイサービスセンターつばき【地域密着型通所介護】広島県呉市川尻町東1-21-10", "url": "https://www.kaigokensaku.mhlw.go.jp/34/index.php?action_kouhyou_detail_004_kani=true&JigyosyoCd=3470502786-00&ServiceCd=780&Type=search", "url2": "https://tatsukikai.com/nursing-facility/" }, "geometry": { "type": "Point", "coordinates": [ 132.69854650000002, 34.23631180000001 ] } },
{ "type": "Feature", "properties": { "内容": "呉市社会福祉協議会　下蒲刈通所介護事業所【地域密着型通所介護】呉市下蒲刈町下島1713番地1", "url": "https://www.kaigokensaku.mhlw.go.jp/34/index.php?action_kouhyou_detail_004_kani=true&JigyosyoCd=3490500356-00&ServiceCd=780&Type=search", "url2": null }, "geometry": { "type": "Point", "coordinates": [ 132.674083399999972, 34.1916363 ] } },
{ "type": "Feature", "properties": { "内容": "呉市社会福祉協議会　蒲刈通所介護事業所【地域密着型通所介護】呉市蒲刈町田戸2308-1", "url": "https://www.kaigokensaku.mhlw.go.jp/34/index.php?action_kouhyou_detail_004_kani=true&JigyosyoCd=3490500372-00&ServiceCd=780&Type=search", "url2": null }, "geometry": { "type": "Point", "coordinates": [ 132.7224612, 34.1968394 ] } },
{ "type": "Feature", "properties": { "内容": "デイサービスセンター（夢）【地域密着型通所介護】呉市焼山本庄一丁目5番10号", "url": "https://www.kaigokensaku.mhlw.go.jp/34/index.php?action_kouhyou_detail_004_kani=true&JigyosyoCd=3470501366-00&ServiceCd=780&Type=search", "url2": "http://yume-plus.co.jp/" }, "geometry": { "type": "Point", "coordinates": [ 132.555900586785924, 34.305220272368999 ] } },
{ "type": "Feature", "properties": { "内容": "デイサービス・結いサロン【地域密着型通所介護】呉市音戸町波多見6丁目4番3号", "url": "https://www.kaigokensaku.mhlw.go.jp/34/index.php?action_kouhyou_detail_004_kani=true&JigyosyoCd=3470502331-00&ServiceCd=780&Type=search", "url2": null }, "geometry": { "type": "Point", "coordinates": [ 132.555487099999937, 34.1770906 ] } },
{ "type": "Feature", "properties": { "内容": "おかげさま通所介護【地域密着型通所介護】呉市焼山泉ヶ丘1-2-14", "url": "https://www.kaigokensaku.mhlw.go.jp/34/index.php?action_kouhyou_detail_004_kani=true&JigyosyoCd=3470502695-00&ServiceCd=780&Type=search", "url2": null }, "geometry": { "type": "Point", "coordinates": [ 132.5596521, 34.3068465 ] } },
{ "type": "Feature", "properties": { "内容": "デイサービスまる・さんかく・しかく【地域密着型通所介護】呉市広横路2丁目2番18号", "url": "https://www.kaigokensaku.mhlw.go.jp/34/index.php?action_kouhyou_detail_004_kani=true&JigyosyoCd=3470502745-00&ServiceCd=780&Type=search", "url2": null }, "geometry": { "type": "Point", "coordinates": [ 132.610009499999933, 34.2402756 ] } },
{ "type": "Feature", "properties": { "内容": "おかげさま通所介護天応【地域密着型通所介護】呉市天応南町2番22号101", "url": "https://www.kaigokensaku.mhlw.go.jp/34/index.php?action_kouhyou_detail_004_kani=true&JigyosyoCd=3470502992-00&ServiceCd=780&Type=search", "url2": null }, "geometry": { "type": "Point", "coordinates": [ 132.518308899999965, 34.2838183 ] } },
{ "type": "Feature", "properties": { "内容": "リハビリテーション颯はるかぜ【地域密着型通所介護】広島県呉市広中新開2丁目4-27", "url": "https://www.kaigokensaku.mhlw.go.jp/34/index.php?action_kouhyou_detail_004_kani=true&JigyosyoCd=3490500448-00&ServiceCd=780&Type=search", "url2": "http://oozorakai.net" }, "geometry": { "type": "Point", "coordinates": [ 132.623736487076059, 34.23943610000002 ] } },
{ "type": "Feature", "properties": { "内容": "通所介護事業所さざんか【地域密着型通所介護】呉市警固屋４丁目１１番６１号２階", "url": "https://www.kaigokensaku.mhlw.go.jp/34/index.php?action_kouhyou_detail_004_kani=true&JigyosyoCd=3470503008-00&ServiceCd=780&Type=search", "url2": null }, "geometry": { "type": "Point", "coordinates": [ 132.5461431, 34.2116084 ] } },
{ "type": "Feature", "properties": { "内容": "デイサービス　かもがわ【地域密着型通所介護】広島県竹原市竹原町２２１９番地ケアビレッジ　かもがわ　１階デイルーム", "url": "https://www.kaigokensaku.mhlw.go.jp/34/index.php?action_kouhyou_detail_004_kani=true&JigyosyoCd=3470700554-00&ServiceCd=780&Type=search", "url2": "https://www.kamogawa2011.com/day-service" }, "geometry": { "type": "Point", "coordinates": [ 132.902670839842244, 34.333905167898195 ] } },
{ "type": "Feature", "properties": { "内容": "ケアセンターわかば【地域密着型通所介護】竹原市竹原町3644", "url": "https://www.kaigokensaku.mhlw.go.jp/34/index.php?action_kouhyou_detail_004_kani=true&JigyosyoCd=3470700588-00&ServiceCd=780&Type=search", "url2": null }, "geometry": { "type": "Point", "coordinates": [ 132.904365360084199, 34.349269507136377 ] } },
{ "type": "Feature", "properties": { "内容": "デイサービスセンター　四季【地域密着型通所介護】広島県竹原市福田町字西小島2625番地", "url": "https://www.kaigokensaku.mhlw.go.jp/34/index.php?action_kouhyou_detail_004_kani=true&JigyosyoCd=3470700596-00&ServiceCd=780&Type=search", "url2": null }, "geometry": { "type": "Point", "coordinates": [ 132.95203790000005, 34.3405509 ] } },
{ "type": "Feature", "properties": { "内容": "デイサービス　ここから塩町【地域密着型通所介護】広島県竹原市塩町四丁目9番1号", "url": "https://www.kaigokensaku.mhlw.go.jp/34/index.php?action_kouhyou_detail_004_kani=true&JigyosyoCd=3490700055-00&ServiceCd=780&Type=search", "url2": null }, "geometry": { "type": "Point", "coordinates": [ 132.908045200000032, 34.3325234 ] } },
{ "type": "Feature", "properties": { "内容": "三原市デイサービスセンターさぎうら【地域密着型通所介護】広島県三原市鷺浦町向田野浦1712番地", "url": "https://www.kaigokensaku.mhlw.go.jp/34/index.php?action_kouhyou_detail_004_kani=true&JigyosyoCd=3490900291-00&ServiceCd=780&Type=search", "url2": null }, "geometry": { "type": "Point", "coordinates": [ 133.106239499999987, 34.3281137 ] } },
{ "type": "Feature", "properties": { "内容": "たいようデイサービスセンター【地域密着型通所介護】広島県三原市中之町3丁目24番34号", "url": "https://www.kaigokensaku.mhlw.go.jp/34/index.php?action_kouhyou_detail_004_kani=true&JigyosyoCd=3490900390-00&ServiceCd=780&Type=search", "url2": "nagomi8360.rs-sv.com" }, "geometry": { "type": "Point", "coordinates": [ 133.1003457, 34.4160943 ] } },
{ "type": "Feature", "properties": { "内容": "デイサービスきぼう【地域密着型通所介護】広島県三原市明神3-16-16", "url": "https://www.kaigokensaku.mhlw.go.jp/34/index.php?action_kouhyou_detail_004_kani=true&JigyosyoCd=3470901160-00&ServiceCd=780&Type=search", "url2": "https://mihara-nozomi.jp/" }, "geometry": { "type": "Point", "coordinates": [ 133.054245600000058, 34.387197900000011 ] } },
{ "type": "Feature", "properties": { "内容": "デイサービス隣ご縁皆実【地域密着型通所介護】三原市皆実6丁目7番31号", "url": "https://www.kaigokensaku.mhlw.go.jp/34/index.php?action_kouhyou_detail_004_kani=true&JigyosyoCd=3470901418-00&ServiceCd=780&Type=search", "url2": "https://www.ckksp.co.jp/facilities/dayservice_ringoen-minami/#contentsmain" }, "geometry": { "type": "Point", "coordinates": [ 133.061664400000041, 34.3903699 ] } },
{ "type": "Feature", "properties": { "内容": "梅菅園通所介護事業所【地域密着型通所介護】広島県三原市下北方二丁目９番１号", "url": "https://www.kaigokensaku.mhlw.go.jp/34/index.php?action_kouhyou_detail_004_kani=true&JigyosyoCd=3490900317-00&ServiceCd=780&Type=search", "url2": "http://baikanen.jp/" }, "geometry": { "type": "Point", "coordinates": [ 132.973847100000057, 34.4108081 ] } },
{ "type": "Feature", "properties": { "内容": "デイサービスセンター　ゆめホーム【地域密着型通所介護】三原市明神１－１２－２５", "url": "https://www.kaigokensaku.mhlw.go.jp/34/index.php?action_kouhyou_detail_004_kani=true&JigyosyoCd=3470900584-00&ServiceCd=780&Type=search", "url2": null }, "geometry": { "type": "Point", "coordinates": [ 133.054773399999931, 34.3849425 ] } },
{ "type": "Feature", "properties": { "内容": "デイサービス　こすもす【地域密着型通所介護】三原市沼田東町片島242-3", "url": "https://www.kaigokensaku.mhlw.go.jp/34/index.php?action_kouhyou_detail_004_kani=true&JigyosyoCd=3470901236-00&ServiceCd=780&Type=search", "url2": null }, "geometry": { "type": "Point", "coordinates": [ 133.021992899999987, 34.3901998 ] } },
{ "type": "Feature", "properties": { "内容": "いとざきデイサービスセンター【地域密着型通所介護】三原市糸崎二丁目４番５号広島オフィス産業ビル", "url": "https://www.kaigokensaku.mhlw.go.jp/34/index.php?action_kouhyou_detail_004_kani=true&JigyosyoCd=3470901343-00&ServiceCd=780&Type=search", "url2": "https://www.itozakiday.com/" }, "geometry": { "type": "Point", "coordinates": [ 133.097017266270399, 34.397589497097115 ] } },
{ "type": "Feature", "properties": { "内容": "リハプライド皆実【地域密着型通所介護】広島県三原市皆実1丁目24-21", "url": "https://www.kaigokensaku.mhlw.go.jp/34/index.php?action_kouhyou_detail_004_kani=true&JigyosyoCd=3490900325-00&ServiceCd=780&Type=search", "url2": null }, "geometry": { "type": "Point", "coordinates": [ 133.06686401838536, 34.394733961522654 ] } },
{ "type": "Feature", "properties": { "内容": "デイサービスくらすば【地域密着型通所介護】広島県三原市西町二丁目4番39号暮らり　1階", "url": "https://www.kaigokensaku.mhlw.go.jp/34/index.php?action_kouhyou_detail_004_kani=true&JigyosyoCd=3490900382-00&ServiceCd=780&Type=search", "url2": "https://kurari.jp/dayservice/" }, "geometry": { "type": "Point", "coordinates": [ 133.0731869, 34.402565 ] } },
{ "type": "Feature", "properties": { "内容": "デイサービスかのん【地域密着型通所介護】広島県三原市長谷3丁目２－８", "url": "https://www.kaigokensaku.mhlw.go.jp/34/index.php?action_kouhyou_detail_004_kani=true&JigyosyoCd=3490900416-00&ServiceCd=780&Type=search", "url2": "https://www.kanon2025.com/" }, "geometry": { "type": "Point", "coordinates": [ 133.027213, 34.3977489 ] } },
{ "type": "Feature", "properties": { "内容": "通所介護事業所どんぐり【地域密着型通所介護】広島県尾道市瀬戸田町中野407番地11", "url": "https://www.kaigokensaku.mhlw.go.jp/34/index.php?action_kouhyou_detail_004_kani=true&JigyosyoCd=3473900532-00&ServiceCd=780&Type=search", "url2": null }, "geometry": { "type": "Point", "coordinates": [ 133.095551600000022, 34.3047354 ] } },
{ "type": "Feature", "properties": { "内容": "療養通所介護事業所　十夢【地域密着型通所介護】広島県尾道市高須町1436番地", "url": "https://www.kaigokensaku.mhlw.go.jp/34/index.php?action_kouhyou_detail_004_kani=true&JigyosyoCd=3491100669-00&ServiceCd=780&Type=search", "url2": null }, "geometry": { "type": "Point", "coordinates": [ 133.2258296, 34.4278329 ] } },
{ "type": "Feature", "properties": { "内容": "デイホーム原田のおうち【地域密着型通所介護】広島県尾道市原田町梶山田1525番地", "url": "https://www.kaigokensaku.mhlw.go.jp/34/index.php?action_kouhyou_detail_004_kani=true&JigyosyoCd=3491100719-00&ServiceCd=780&Type=search", "url2": "http://hp.kaipoke.biz/ux8/" }, "geometry": { "type": "Point", "coordinates": [ 133.2092093, 34.4801877 ] } },
{ "type": "Feature", "properties": { "内容": "SPROUTデイサービスゆずっこMITSUGI【地域密着型通所介護】尾道市御調町神101", "url": "https://www.kaigokensaku.mhlw.go.jp/34/index.php?action_kouhyou_detail_004_kani=true&JigyosyoCd=3491100685-00&ServiceCd=780&Type=search", "url2": null }, "geometry": { "type": "Point", "coordinates": [ 133.147162, 34.5154433 ] } },
{ "type": "Feature", "properties": { "内容": "尾道市デイサービスセンター【地域密着型通所介護】広島県尾道市浦崎町3598番地1", "url": "https://www.kaigokensaku.mhlw.go.jp/34/index.php?action_kouhyou_detail_004_kani=true&JigyosyoCd=3471100549-00&ServiceCd=780&Type=search", "url2": null }, "geometry": { "type": "Point", "coordinates": [ 133.267821127190359, 34.404237920087304 ] } },
{ "type": "Feature", "properties": { "内容": "リハビリ型デイサービスセンター　ひかり苑【地域密着型通所介護】広島県尾道市美ノ郷町三成２３３番地５", "url": "https://www.kaigokensaku.mhlw.go.jp/34/index.php?action_kouhyou_detail_004_kani=true&JigyosyoCd=3491100578-00&ServiceCd=780&Type=search", "url2": "http://haradahikarikai.or.jp" }, "geometry": { "type": "Point", "coordinates": [ 133.2086085, 34.4881344 ] } },
{ "type": "Feature", "properties": { "内容": "デイサービス汐風【地域密着型通所介護】尾道市瀬戸田町林1286-11", "url": "https://www.kaigokensaku.mhlw.go.jp/34/index.php?action_kouhyou_detail_004_kani=true&JigyosyoCd=3471101802-00&ServiceCd=780&Type=search", "url2": "http://www.issui.org" }, "geometry": { "type": "Point", "coordinates": [ 133.1038248914017, 34.307009372760326 ] } },
{ "type": "Feature", "properties": { "内容": "ＪＡ尾道市ディサービスセンター百島【地域密着型通所介護】広島県尾道市百島町字宮後1518番2", "url": "https://www.kaigokensaku.mhlw.go.jp/34/index.php?action_kouhyou_detail_004_kani=true&JigyosyoCd=3471100697-00&ServiceCd=780&Type=search", "url2": null }, "geometry": { "type": "Point", "coordinates": [ 133.271982900000012, 34.3790075 ] } },
{ "type": "Feature", "properties": { "内容": "デイサービスセンター福寿草【地域密着型通所介護】尾道市因島中庄町3687番地", "url": "https://www.kaigokensaku.mhlw.go.jp/34/index.php?action_kouhyou_detail_004_kani=true&JigyosyoCd=3471102198-00&ServiceCd=780&Type=search", "url2": null }, "geometry": { "type": "Point", "coordinates": [ 133.1663919, 34.3314427 ] } },
{ "type": "Feature", "properties": { "内容": "デイサービスセンター花園【地域密着型通所介護】尾道市因島土生町1460-4", "url": "https://www.kaigokensaku.mhlw.go.jp/34/index.php?action_kouhyou_detail_004_kani=true&JigyosyoCd=3471300230-00&ServiceCd=780&Type=search", "url2": "https://fukushi-hanazono.jp" }, "geometry": { "type": "Point", "coordinates": [ 133.174297199999955, 34.2919792 ] } },
{ "type": "Feature", "properties": { "内容": "デイサービスセンターももの樹【地域密着型通所介護】尾道市瀬戸田町名荷字大戸529-1", "url": "https://www.kaigokensaku.mhlw.go.jp/34/index.php?action_kouhyou_detail_004_kani=true&JigyosyoCd=3473900565-00&ServiceCd=780&Type=search", "url2": null }, "geometry": { "type": "Point", "coordinates": [ 133.122848500000032, 34.3102743 ] } },
{ "type": "Feature", "properties": { "内容": "機能訓練型デイサービスタシマ東尾道【地域密着型通所介護】広島県尾道市高須町584-1デイサービス", "url": "https://www.kaigokensaku.mhlw.go.jp/34/index.php?action_kouhyou_detail_004_kani=true&JigyosyoCd=3491100594-00&ServiceCd=780&Type=search", "url2": "https://tashima-soken.co.jp" }, "geometry": { "type": "Point", "coordinates": [ 133.2343529, 34.4428586 ] } },
{ "type": "Feature", "properties": { "内容": "機能訓練型デイサービスタシマ　尾道【地域密着型通所介護】広島県尾道市西御所町6番13号", "url": "https://www.kaigokensaku.mhlw.go.jp/34/index.php?action_kouhyou_detail_004_kani=true&JigyosyoCd=3491100628-00&ServiceCd=780&Type=search", "url2": "https://tashima-day.jp/" }, "geometry": { "type": "Point", "coordinates": [ 133.1894901, 34.4023219 ] } },
{ "type": "Feature", "properties": { "内容": "機能訓練デイサービスゑべすや【地域密着型通所介護】広島県尾道市高須町5057-1", "url": "https://www.kaigokensaku.mhlw.go.jp/34/index.php?action_kouhyou_detail_004_kani=true&JigyosyoCd=3491100552-00&ServiceCd=780&Type=search", "url2": null }, "geometry": { "type": "Point", "coordinates": [ 133.228270257672051, 34.434049524451993 ] } },
{ "type": "Feature", "properties": { "内容": "株式会社シンシアー　デイサービス心音【地域密着型通所介護】広島県尾道市因島中庄町4982-43", "url": "https://www.kaigokensaku.mhlw.go.jp/34/index.php?action_kouhyou_detail_004_kani=true&JigyosyoCd=3491100636-00&ServiceCd=780&Type=search", "url2": null }, "geometry": { "type": "Point", "coordinates": [ 133.181716437959267, 34.331311994485809 ] } },
{ "type": "Feature", "properties": { "内容": "デイサービスセンター・まりも【地域密着型通所介護】広島県尾道市高須町4834番地13", "url": "https://www.kaigokensaku.mhlw.go.jp/34/index.php?action_kouhyou_detail_004_kani=true&JigyosyoCd=3491100651-00&ServiceCd=780&Type=search", "url2": null }, "geometry": { "type": "Point", "coordinates": [ 133.2384156, 34.4294109 ] } },
{ "type": "Feature", "properties": { "内容": "デイサービスフィーグさんば【地域密着型通所介護】広島県尾道市山波町1648-1", "url": "https://www.kaigokensaku.mhlw.go.jp/34/index.php?action_kouhyou_detail_004_kani=true&JigyosyoCd=3491100701-00&ServiceCd=780&Type=search", "url2": "https://figue-care.jp/" }, "geometry": { "type": "Point", "coordinates": [ 133.2255461, 34.4151935 ] } },
{ "type": "Feature", "properties": { "内容": "デイサービスFunny【地域密着型通所介護】広島県尾道市因島三庄町1618-1", "url": "https://www.kaigokensaku.mhlw.go.jp/34/index.php?action_kouhyou_detail_004_kani=true&JigyosyoCd=3491100677-00&ServiceCd=780&Type=search", "url2": null }, "geometry": { "type": "Point", "coordinates": [ 133.195316484707632, 34.294714724759984 ] } },
{ "type": "Feature", "properties": { "内容": "デイサービスさくらんぼの郷【地域密着型通所介護】福山市伊勢丘４－４－１６", "url": "https://www.kaigokensaku.mhlw.go.jp/34/index.php?action_kouhyou_detail_004_kani=true&JigyosyoCd=3471506810-00&ServiceCd=780&Type=search", "url2": "sakuranbo-sato.jp/" }, "geometry": { "type": "Point", "coordinates": [ 133.4269375, 34.5043449 ] } },
{ "type": "Feature", "properties": { "内容": "ほっと　明日葉【地域密着型通所介護】福山市神辺町東中条2429", "url": "https://www.kaigokensaku.mhlw.go.jp/34/index.php?action_kouhyou_detail_004_kani=true&JigyosyoCd=3471505531-00&ServiceCd=780&Type=search", "url2": "http://ashitabanoie.com" }, "geometry": { "type": "Point", "coordinates": [ 133.3706019, 34.5773262 ] } },
{ "type": "Feature", "properties": { "内容": "デイサービス来んさい家【地域密着型通所介護】広島県福山市駅家町倉光110-4", "url": "https://www.kaigokensaku.mhlw.go.jp/34/index.php?action_kouhyou_detail_004_kani=true&JigyosyoCd=3491502393-00&ServiceCd=780&Type=search", "url2": null }, "geometry": { "type": "Point", "coordinates": [ 133.3260142, 34.5470882 ] } },
{ "type": "Feature", "properties": { "内容": "デイホームふるさと庵【地域密着型通所介護】広島県福山市駅家町近田489番地の1", "url": "https://www.kaigokensaku.mhlw.go.jp/34/index.php?action_kouhyou_detail_004_kani=true&JigyosyoCd=3471507636-00&ServiceCd=780&Type=search", "url2": null }, "geometry": { "type": "Point", "coordinates": [ 133.313828899999976, 34.5445095 ] } },
{ "type": "Feature", "properties": { "内容": "リハビリテーション颯福山手城【地域密着型通所介護】広島県福山市手城町四丁目１－４", "url": "https://www.kaigokensaku.mhlw.go.jp/34/index.php?action_kouhyou_detail_004_kani=true&JigyosyoCd=3471508436-00&ServiceCd=780&Type=search", "url2": "http://www.signpost-days.jp/" }, "geometry": { "type": "Point", "coordinates": [ 133.39623830000005, 34.4890408 ] } },
{ "type": "Feature", "properties": { "内容": "共生型デイサービスからふる【地域密着型通所介護】広島県福山市清水ヶ丘１９番１０号", "url": "https://www.kaigokensaku.mhlw.go.jp/34/index.php?action_kouhyou_detail_004_kani=true&JigyosyoCd=3491502641-00&ServiceCd=780&Type=search", "url2": "https://irodori-colorful.com/" }, "geometry": { "type": "Point", "coordinates": [ 133.3664391, 34.5061979 ] } },
{ "type": "Feature", "properties": { "内容": "もみの木　通所介護事業所【地域密着型通所介護】福山市神辺町川南2338番地", "url": "https://www.kaigokensaku.mhlw.go.jp/34/index.php?action_kouhyou_detail_004_kani=true&JigyosyoCd=3471505168-00&ServiceCd=780&Type=search", "url2": "http://mominoki.kakurezato.com/" }, "geometry": { "type": "Point", "coordinates": [ 133.3882069, 34.5317146 ] } },
{ "type": "Feature", "properties": { "内容": "デイサービス　月うさぎ【地域密着型通所介護】福山市神辺町川南2338番地", "url": "https://www.kaigokensaku.mhlw.go.jp/34/index.php?action_kouhyou_detail_004_kani=true&JigyosyoCd=3471506174-00&ServiceCd=780&Type=search", "url2": "http://tukiusagi.kakurezato.com/" }, "geometry": { "type": "Point", "coordinates": [ 133.3882069, 34.5317146 ] } },
{ "type": "Feature", "properties": { "内容": "デイサービスセンター　さぼく【地域密着型通所介護】広島県福山市瀬戸町山北４６５－１", "url": "https://www.kaigokensaku.mhlw.go.jp/34/index.php?action_kouhyou_detail_004_kani=true&JigyosyoCd=3471505291-00&ServiceCd=780&Type=search", "url2": "http://www.tots.jp/" }, "geometry": { "type": "Point", "coordinates": [ 133.315771700000028, 34.4713143 ] } },
{ "type": "Feature", "properties": { "内容": "デイサービスあいのさと曙【地域密着型通所介護】広島県福山市曙町五丁目5番28号", "url": "https://www.kaigokensaku.mhlw.go.jp/34/index.php?action_kouhyou_detail_004_kani=true&JigyosyoCd=3471507206-00&ServiceCd=780&Type=search", "url2": "http://www.elder-support.com" }, "geometry": { "type": "Point", "coordinates": [ 133.390953399999944, 34.4682082 ] } },
{ "type": "Feature", "properties": { "内容": "デイサービスセンター　リーフ服部【地域密着型通所介護】広島県福山市駅家町助元65-1", "url": "https://www.kaigokensaku.mhlw.go.jp/34/index.php?action_kouhyou_detail_004_kani=true&JigyosyoCd=3491502690-00&ServiceCd=780&Type=search", "url2": "https://ryokuju-kai.jp/" }, "geometry": { "type": "Point", "coordinates": [ 133.311296700000014, 34.5848884 ] } },
{ "type": "Feature", "properties": { "内容": "沼南医院通所介護事業所【地域密着型通所介護】福山市鞆町後地1296-2", "url": "https://www.kaigokensaku.mhlw.go.jp/34/index.php?action_kouhyou_detail_004_kani=true&JigyosyoCd=3471501712-00&ServiceCd=780&Type=search", "url2": "http://sunsquare-1993.org/" }, "geometry": { "type": "Point", "coordinates": [ 133.381174800000053, 34.3847984 ] } },
{ "type": "Feature", "properties": { "内容": "ありがとうデイサービス【地域密着型通所介護】福山市春日町浦上１２０３番地", "url": "https://www.kaigokensaku.mhlw.go.jp/34/index.php?action_kouhyou_detail_004_kani=true&JigyosyoCd=3471503213-00&ServiceCd=780&Type=search", "url2": "http://www.takinouarigatou.com" }, "geometry": { "type": "Point", "coordinates": [ 133.419343300000037, 34.5202018 ] } },
{ "type": "Feature", "properties": { "内容": "デイサービスセンターとおり町きなこ【地域密着型通所介護】福山市今町2-9-2", "url": "https://www.kaigokensaku.mhlw.go.jp/34/index.php?action_kouhyou_detail_004_kani=true&JigyosyoCd=3471505234-00&ServiceCd=780&Type=search", "url2": "http://tamuzu.jp/" }, "geometry": { "type": "Point", "coordinates": [ 133.367683859524504, 34.489699979704142 ] } },
{ "type": "Feature", "properties": { "内容": "ありがとう春日デイサービス【地域密着型通所介護】広島県福山市春日町吉田750番地1", "url": "https://www.kaigokensaku.mhlw.go.jp/34/index.php?action_kouhyou_detail_004_kani=true&JigyosyoCd=3471505762-00&ServiceCd=780&Type=search", "url2": "https://www.takinouarigatou.com/" }, "geometry": { "type": "Point", "coordinates": [ 133.408791800000017, 34.5101888 ] } },
{ "type": "Feature", "properties": { "内容": "ありがとう神辺川北デイサービス【地域密着型通所介護】福山市神辺町大字川北1691番地", "url": "https://www.kaigokensaku.mhlw.go.jp/34/index.php?action_kouhyou_detail_004_kani=true&JigyosyoCd=3471505853-00&ServiceCd=780&Type=search", "url2": "https://www.takinouarigatou.com/" }, "geometry": { "type": "Point", "coordinates": [ 133.377529800000048, 34.5518566 ] } },
{ "type": "Feature", "properties": { "内容": "ありがとう　ビューティデイサービス【地域密着型通所介護】福山市春日町浦上1211番地", "url": "https://www.kaigokensaku.mhlw.go.jp/34/index.php?action_kouhyou_detail_004_kani=true&JigyosyoCd=3471505895-00&ServiceCd=780&Type=search", "url2": "http://www.takinouarigatou.com/" }, "geometry": { "type": "Point", "coordinates": [ 133.423528887167805, 34.51760894414992 ] } },
{ "type": "Feature", "properties": { "内容": "ありがとうミラクルデイサービス【地域密着型通所介護】福山市春日町浦上1211", "url": "https://www.kaigokensaku.mhlw.go.jp/34/index.php?action_kouhyou_detail_004_kani=true&JigyosyoCd=3471505903-00&ServiceCd=780&Type=search", "url2": "https://www.takinouarigatou.com/" }, "geometry": { "type": "Point", "coordinates": [ 133.423531899999944, 34.5176409 ] } },
{ "type": "Feature", "properties": { "内容": "ローカルコモンズ・ゆかい【地域密着型通所介護】広島県福山市新市町大字新市56番地1", "url": "https://www.kaigokensaku.mhlw.go.jp/34/index.php?action_kouhyou_detail_004_kani=true&JigyosyoCd=3471508238-00&ServiceCd=780&Type=search", "url2": "http://www.teraoka-hosp.jp/localcommons/" }, "geometry": { "type": "Point", "coordinates": [ 133.279093127494747, 34.55039015712088 ] } },
{ "type": "Feature", "properties": { "内容": "デイサービス　さくらいふ【地域密着型通所介護】広島県福山市駅家町法成寺125番地2コミュニティメゾンさくらす", "url": "https://www.kaigokensaku.mhlw.go.jp/34/index.php?action_kouhyou_detail_004_kani=true&JigyosyoCd=3491502500-00&ServiceCd=780&Type=search", "url2": "https://ekiya-sakura.jp/" }, "geometry": { "type": "Point", "coordinates": [ 133.3254106, 34.5548922 ] } },
{ "type": "Feature", "properties": { "内容": "デイサービスセンター憩【地域密着型通所介護】福山市木之庄町五丁目18番22号", "url": "https://www.kaigokensaku.mhlw.go.jp/34/index.php?action_kouhyou_detail_004_kani=true&JigyosyoCd=3471502116-00&ServiceCd=780&Type=search", "url2": "http://ikoi-kaigo.jp" }, "geometry": { "type": "Point", "coordinates": [ 133.357331899999963, 34.4989648 ] } },
{ "type": "Feature", "properties": { "内容": "デイサービスセンター　鞆の浦・さくらホーム【地域密着型通所介護】福山市鞆町鞆552", "url": "https://www.kaigokensaku.mhlw.go.jp/34/index.php?action_kouhyou_detail_004_kani=true&JigyosyoCd=3471503460-00&ServiceCd=780&Type=search", "url2": "https://www.tomo-sakurahome.net/" }, "geometry": { "type": "Point", "coordinates": [ 133.383524599999987, 34.3841013 ] } },
{ "type": "Feature", "properties": { "内容": "デイサ－ビスセンターぽるこ【地域密着型通所介護】広島県福山市新涯町１丁目７－４３", "url": "https://www.kaigokensaku.mhlw.go.jp/34/index.php?action_kouhyou_detail_004_kani=true&JigyosyoCd=3471507859-00&ServiceCd=780&Type=search", "url2": "http://lsi-kk.co.jp/" }, "geometry": { "type": "Point", "coordinates": [ 133.3898984, 34.4642154 ] } },
{ "type": "Feature", "properties": { "内容": "でいほーむ　さかいの家【地域密着型通所介護】広島県福山市郷分町１５９５番地", "url": "https://www.kaigokensaku.mhlw.go.jp/34/index.php?action_kouhyou_detail_004_kani=true&JigyosyoCd=3491502237-00&ServiceCd=780&Type=search", "url2": "https://sakuranosato-eioukai.com/" }, "geometry": { "type": "Point", "coordinates": [ 133.3407248, 34.5145022 ] } },
{ "type": "Feature", "properties": { "内容": "運動特化型リハビリセンターREHAIIRO（リハイロ）【地域密着型通所介護】広島県福山市東深津町2丁目8-5", "url": "https://www.kaigokensaku.mhlw.go.jp/34/index.php?action_kouhyou_detail_004_kani=true&JigyosyoCd=3491502351-00&ServiceCd=780&Type=search", "url2": null }, "geometry": { "type": "Point", "coordinates": [ 133.391121325012051, 34.495493724681324 ] } },
{ "type": "Feature", "properties": { "内容": "健幸デイサービスまごころ【地域密着型通所介護】広島県福山市御幸町下岩成1295-1", "url": "https://www.kaigokensaku.mhlw.go.jp/34/index.php?action_kouhyou_detail_004_kani=true&JigyosyoCd=3491502526-00&ServiceCd=780&Type=search", "url2": "https://magokorokaigo.amebaownd.com" }, "geometry": { "type": "Point", "coordinates": [ 133.35146, 34.544579 ] } },
{ "type": "Feature", "properties": { "内容": "通所介護施設ふれあい野上【地域密着型通所介護】広島県福山市野上町2丁目10番29号", "url": "https://www.kaigokensaku.mhlw.go.jp/34/index.php?action_kouhyou_detail_004_kani=true&JigyosyoCd=3471501811-00&ServiceCd=780&Type=search", "url2": "https://www.kanbe.or.jp/" }, "geometry": { "type": "Point", "coordinates": [ 133.362874031164779, 34.477264707891287 ] } },
{ "type": "Feature", "properties": { "内容": "デイサービス愛の手【地域密着型通所介護】福山市東深津町四丁目14番16号", "url": "https://www.kaigokensaku.mhlw.go.jp/34/index.php?action_kouhyou_detail_004_kani=true&JigyosyoCd=3471502587-00&ServiceCd=780&Type=search", "url2": "https://ainote-fukushi.com" }, "geometry": { "type": "Point", "coordinates": [ 133.3867808, 34.4898573 ] } },
{ "type": "Feature", "properties": { "内容": "デイサービスセンターはるうらら【地域密着型通所介護】福山市青葉台1丁目10番6号", "url": "https://www.kaigokensaku.mhlw.go.jp/34/index.php?action_kouhyou_detail_004_kani=true&JigyosyoCd=3471503759-00&ServiceCd=780&Type=search", "url2": null }, "geometry": { "type": "Point", "coordinates": [ 133.427801100000011, 34.5128663 ] } },
{ "type": "Feature", "properties": { "内容": "デイサービスセンターさぽーと【地域密着型通所介護】福山市松永町七丁目2番38号", "url": "https://www.kaigokensaku.mhlw.go.jp/34/index.php?action_kouhyou_detail_004_kani=true&JigyosyoCd=3471504161-00&ServiceCd=780&Type=search", "url2": "http://www.fuyounoie.net/" }, "geometry": { "type": "Point", "coordinates": [ 133.2562352, 34.4409699 ] } },
{ "type": "Feature", "properties": { "内容": "花あかり通所介護事業所【地域密着型通所介護】福山市日吉台2丁目27番28号", "url": "https://www.kaigokensaku.mhlw.go.jp/34/index.php?action_kouhyou_detail_004_kani=true&JigyosyoCd=3471506463-00&ServiceCd=780&Type=search", "url2": null }, "geometry": { "type": "Point", "coordinates": [ 133.403581, 34.5161438 ] } },
{ "type": "Feature", "properties": { "内容": "佐藤柔道接骨院デイサービス愛ホーム【地域密着型通所介護】福山市曙町四丁目５番２０号", "url": "https://www.kaigokensaku.mhlw.go.jp/34/index.php?action_kouhyou_detail_004_kani=true&JigyosyoCd=3471506760-00&ServiceCd=780&Type=search", "url2": null }, "geometry": { "type": "Point", "coordinates": [ 133.401810899999987, 34.4694318 ] } },
{ "type": "Feature", "properties": { "内容": "デイサービスよろこび【地域密着型通所介護】福山市松浜町三丁目８番２６号小林ビル１階", "url": "https://www.kaigokensaku.mhlw.go.jp/34/index.php?action_kouhyou_detail_004_kani=true&JigyosyoCd=3471506836-00&ServiceCd=780&Type=search", "url2": "http://yorokobikaigo.sakura.ne.jp/" }, "geometry": { "type": "Point", "coordinates": [ 133.377204, 34.4785333 ] } },
{ "type": "Feature", "properties": { "内容": "デイサービスリーベル【地域密着型通所介護】福山市御幸町中津原1602番地10", "url": "https://www.kaigokensaku.mhlw.go.jp/34/index.php?action_kouhyou_detail_004_kani=true&JigyosyoCd=3471507065-00&ServiceCd=780&Type=search", "url2": "http://www.lea-bell.co.jp" }, "geometry": { "type": "Point", "coordinates": [ 133.362386900000047, 34.531364 ] } },
{ "type": "Feature", "properties": { "内容": "デイサービスふれあい水呑【地域密着型通所介護】広島県福山市水呑町631-1デイサービスふれあい水呑", "url": "https://www.kaigokensaku.mhlw.go.jp/34/index.php?action_kouhyou_detail_004_kani=true&JigyosyoCd=3471507560-00&ServiceCd=780&Type=search", "url2": null }, "geometry": { "type": "Point", "coordinates": [ 133.369879607487519, 34.45770527312655 ] } },
{ "type": "Feature", "properties": { "内容": "花あかりひだまり通所介護事業所【地域密着型通所介護】福山市南蔵王町一丁目9番27号", "url": "https://www.kaigokensaku.mhlw.go.jp/34/index.php?action_kouhyou_detail_004_kani=true&JigyosyoCd=3471507594-00&ServiceCd=780&Type=search", "url2": null }, "geometry": { "type": "Point", "coordinates": [ 133.3893243, 34.5030061 ] } },
{ "type": "Feature", "properties": { "内容": "デイサービスあいうえお【地域密着型通所介護】福山市幕山台7-23-10", "url": "https://www.kaigokensaku.mhlw.go.jp/34/index.php?action_kouhyou_detail_004_kani=true&JigyosyoCd=3471507685-00&ServiceCd=780&Type=search", "url2": "https://www.makuyama-aiueo.com" }, "geometry": { "type": "Point", "coordinates": [ 133.437605699999949, 34.5152272 ] } },
{ "type": "Feature", "properties": { "内容": "デイサービスセンターみらくる【地域密着型通所介護】広島県福山市神村町１５０３番地３１４", "url": "https://www.kaigokensaku.mhlw.go.jp/34/index.php?action_kouhyou_detail_004_kani=true&JigyosyoCd=3471507933-00&ServiceCd=780&Type=search", "url2": "http://www.fuyounoie.net" }, "geometry": { "type": "Point", "coordinates": [ 133.278822184655695, 34.461656966274447 ] } },
{ "type": "Feature", "properties": { "内容": "ウキ浮きデイサービス【地域密着型通所介護】広島県福山市北本庄二丁目2番12号", "url": "https://www.kaigokensaku.mhlw.go.jp/34/index.php?action_kouhyou_detail_004_kani=true&JigyosyoCd=3471508014-00&ServiceCd=780&Type=search", "url2": "http://kaede4433.com" }, "geometry": { "type": "Point", "coordinates": [ 133.349663, 34.4961483 ] } },
{ "type": "Feature", "properties": { "内容": "デイサービスセンターかがやき【地域密着型通所介護】広島県福山市新市町大字下安井2139-3", "url": "https://www.kaigokensaku.mhlw.go.jp/34/index.php?action_kouhyou_detail_004_kani=true&JigyosyoCd=3471508352-00&ServiceCd=780&Type=search", "url2": "https://yuuki-kagayaki.com" }, "geometry": { "type": "Point", "coordinates": [ 133.279626176057491, 34.580851308364409 ] } },
{ "type": "Feature", "properties": { "内容": "デイサービス「顔晴って」【地域密着型通所介護】広島県福山市御幸町中津原1918-2", "url": "https://www.kaigokensaku.mhlw.go.jp/34/index.php?action_kouhyou_detail_004_kani=true&JigyosyoCd=3471508733-00&ServiceCd=780&Type=search", "url2": "http://ganbatte.jp" }, "geometry": { "type": "Point", "coordinates": [ 133.356560684130812, 34.538541337825954 ] } },
{ "type": "Feature", "properties": { "内容": "陽のあたる家　デイサービスセンター【地域密着型通所介護】広島県福山市大門町三丁目7番10号", "url": "https://www.kaigokensaku.mhlw.go.jp/34/index.php?action_kouhyou_detail_004_kani=true&JigyosyoCd=3471508857-00&ServiceCd=780&Type=search", "url2": "https://hinoataruie.jp/" }, "geometry": { "type": "Point", "coordinates": [ 133.43707859999995, 34.4936711 ] } },
{ "type": "Feature", "properties": { "内容": "鳥還荘デイサービスセンター【地域密着型通所介護】福山市沼隈町中山南字永道上池尻265番地2", "url": "https://www.kaigokensaku.mhlw.go.jp/34/index.php?action_kouhyou_detail_004_kani=true&JigyosyoCd=3474300294-00&ServiceCd=780&Type=search", "url2": "http://chokanso.or.jp" }, "geometry": { "type": "Point", "coordinates": [ 133.303836100000012, 34.4185393 ] } },
{ "type": "Feature", "properties": { "内容": "領家亀寿通所介護事業所【地域密着型通所介護】福山市神辺町大字川北783番地", "url": "https://www.kaigokensaku.mhlw.go.jp/34/index.php?action_kouhyou_detail_004_kani=true&JigyosyoCd=3474400524-00&ServiceCd=780&Type=search", "url2": "http://www.jisui.co.jp/concept.html" }, "geometry": { "type": "Point", "coordinates": [ 133.378246499999932, 34.5425216 ] } },
{ "type": "Feature", "properties": { "内容": "デイサービスゆずっこ高西【地域密着型通所介護】広島県福山市高西町三丁目7番22号", "url": "https://www.kaigokensaku.mhlw.go.jp/34/index.php?action_kouhyou_detail_004_kani=true&JigyosyoCd=3491502021-00&ServiceCd=780&Type=search", "url2": "https://yuzucco.com/" }, "geometry": { "type": "Point", "coordinates": [ 133.239212511528507, 34.442068714024806 ] } },
{ "type": "Feature", "properties": { "内容": "ともケア沖野上【地域密着型通所介護】広島県福山市沖野上町4-23-23", "url": "https://www.kaigokensaku.mhlw.go.jp/34/index.php?action_kouhyou_detail_004_kani=true&JigyosyoCd=3491502120-00&ServiceCd=780&Type=search", "url2": "https://www.pharmacy-net.co.jp/store/1116.html" }, "geometry": { "type": "Point", "coordinates": [ 133.3706984, 34.4695113 ] } },
{ "type": "Feature", "properties": { "内容": "ともケア南蔵王【地域密着型通所介護】福山市南蔵王町1-8-20", "url": "https://www.kaigokensaku.mhlw.go.jp/34/index.php?action_kouhyou_detail_004_kani=true&JigyosyoCd=3491502252-00&ServiceCd=780&Type=search", "url2": "https://www.pharmacy-net.co.jp/store/1120.html" }, "geometry": { "type": "Point", "coordinates": [ 133.3897289, 34.5034621 ] } },
{ "type": "Feature", "properties": { "内容": "デイサービスエル【地域密着型通所介護】広島県福山市春日台19番13号", "url": "https://www.kaigokensaku.mhlw.go.jp/34/index.php?action_kouhyou_detail_004_kani=true&JigyosyoCd=3491502302-00&ServiceCd=780&Type=search", "url2": null }, "geometry": { "type": "Point", "coordinates": [ 133.4251296, 34.510893 ] } },
{ "type": "Feature", "properties": { "内容": "鶴寿通所介護事業所【地域密着型通所介護】福山市神辺町大字川北788番地", "url": "https://www.kaigokensaku.mhlw.go.jp/34/index.php?action_kouhyou_detail_004_kani=true&JigyosyoCd=3491502534-00&ServiceCd=780&Type=search", "url2": "http://www.jisui.co.jp/" }, "geometry": { "type": "Point", "coordinates": [ 133.378096, 34.5423502 ] } },
{ "type": "Feature", "properties": { "内容": "デイサービス　みなみまつなが【地域密着型通所介護】広島県福山市南松永町2丁目17番13号", "url": "https://www.kaigokensaku.mhlw.go.jp/34/index.php?action_kouhyou_detail_004_kani=true&JigyosyoCd=3491502567-00&ServiceCd=780&Type=search", "url2": "http://ogawa-fukuyama.jp/" }, "geometry": { "type": "Point", "coordinates": [ 133.2479758, 34.4372186 ] } },
{ "type": "Feature", "properties": { "内容": "こころのかよい場【地域密着型通所介護】広島県福山市神辺町字道上498-6", "url": "https://www.kaigokensaku.mhlw.go.jp/34/index.php?action_kouhyou_detail_004_kani=true&JigyosyoCd=3491502575-00&ServiceCd=780&Type=search", "url2": "https://cocoro-hfl.com/day-service/" }, "geometry": { "type": "Point", "coordinates": [ 133.362292599999989, 34.5496554 ] } },
{ "type": "Feature", "properties": { "内容": "ちっちゃいもみじ【地域密着型通所介護】福山市津之郷町津之郷412-45", "url": "https://www.kaigokensaku.mhlw.go.jp/34/index.php?action_kouhyou_detail_004_kani=true&JigyosyoCd=3471504534-00&ServiceCd=780&Type=search", "url2": null }, "geometry": { "type": "Point", "coordinates": [ 133.31560479999996, 34.4800911 ] } },
{ "type": "Feature", "properties": { "内容": "デイホーム新徳田【地域密着型通所介護】福山市神辺町新徳田559", "url": "https://www.kaigokensaku.mhlw.go.jp/34/index.php?action_kouhyou_detail_004_kani=true&JigyosyoCd=3471505713-00&ServiceCd=780&Type=search", "url2": null }, "geometry": { "type": "Point", "coordinates": [ 133.366089099999954, 34.545818199999985 ] } },
{ "type": "Feature", "properties": { "内容": "デイサービスセンター　よつば　みのみ【地域密着型通所介護】福山市水呑町157-6", "url": "https://www.kaigokensaku.mhlw.go.jp/34/index.php?action_kouhyou_detail_004_kani=true&JigyosyoCd=3471506083-00&ServiceCd=780&Type=search", "url2": "http://care-net.biz/33/yotuba/" }, "geometry": { "type": "Point", "coordinates": [ 133.356169496107896, 34.469162784155593 ] } },
{ "type": "Feature", "properties": { "内容": "デイサービスひより【地域密着型通所介護】福山市加茂町大字下加茂４１５番地1", "url": "https://www.kaigokensaku.mhlw.go.jp/34/index.php?action_kouhyou_detail_004_kani=true&JigyosyoCd=3471506307-00&ServiceCd=780&Type=search", "url2": null }, "geometry": { "type": "Point", "coordinates": [ 133.3439376, 34.552984 ] } },
{ "type": "Feature", "properties": { "内容": "デイホーム奥上【地域密着型通所介護】広島県福山市沼隈町大字草深1283-1", "url": "https://www.kaigokensaku.mhlw.go.jp/34/index.php?action_kouhyou_detail_004_kani=true&JigyosyoCd=3471506372-00&ServiceCd=780&Type=search", "url2": "https://www.dayhome-okujou-0825.com/cont5/main.html" }, "geometry": { "type": "Point", "coordinates": [ 133.326157500000022, 34.394126 ] } },
{ "type": "Feature", "properties": { "内容": "ふくでんデイサービス【地域密着型通所介護】広島県福山市三吉町５丁目７番１９号徳毛ビル１階", "url": "https://www.kaigokensaku.mhlw.go.jp/34/index.php?action_kouhyou_detail_004_kani=true&JigyosyoCd=3471507412-00&ServiceCd=780&Type=search", "url2": "https://fukuden-dayservice.amebaownd.com/" }, "geometry": { "type": "Point", "coordinates": [ 133.378389199999987, 34.4965623 ] } },
{ "type": "Feature", "properties": { "内容": "デイサービス　安井の里【地域密着型通所介護】福山市新市町下安井７５５番地", "url": "https://www.kaigokensaku.mhlw.go.jp/34/index.php?action_kouhyou_detail_004_kani=true&JigyosyoCd=3471507552-00&ServiceCd=780&Type=search", "url2": "https://yasuinosato.net/" }, "geometry": { "type": "Point", "coordinates": [ 133.276487626705944, 34.583593564322783 ] } },
{ "type": "Feature", "properties": { "内容": "デイサービスありさんの家【地域密着型通所介護】広島県福山市引野町五丁目１６番７号笠原ビル1階", "url": "https://www.kaigokensaku.mhlw.go.jp/34/index.php?action_kouhyou_detail_004_kani=true&JigyosyoCd=3471507792-00&ServiceCd=780&Type=search", "url2": null }, "geometry": { "type": "Point", "coordinates": [ 133.406245399999989, 34.4936821 ] } },
{ "type": "Feature", "properties": { "内容": "運動デイサービスぷらす【地域密着型通所介護】広島県福山市水呑町三新田２丁目381", "url": "https://www.kaigokensaku.mhlw.go.jp/34/index.php?action_kouhyou_detail_004_kani=true&JigyosyoCd=3471508071-00&ServiceCd=780&Type=search", "url2": null }, "geometry": { "type": "Point", "coordinates": [ 133.386203268320997, 34.442111251483958 ] } },
{ "type": "Feature", "properties": { "内容": "デイサービス　元気の扉【地域密着型通所介護】広島県福山市大門町3丁目22-20", "url": "https://www.kaigokensaku.mhlw.go.jp/34/index.php?action_kouhyou_detail_004_kani=true&JigyosyoCd=3471508113-00&ServiceCd=780&Type=search", "url2": "http://www.kaigono-tobira.co.jp/" }, "geometry": { "type": "Point", "coordinates": [ 133.438261799999964, 34.4939072 ] } },
{ "type": "Feature", "properties": { "内容": "デイサービスセンターすまいる【地域密着型通所介護】広島県福山市大字近田９３７番地４", "url": "https://www.kaigokensaku.mhlw.go.jp/34/index.php?action_kouhyou_detail_004_kani=true&JigyosyoCd=3471508337-00&ServiceCd=780&Type=search", "url2": null }, "geometry": { "type": "Point", "coordinates": [ 133.309298300000023, 34.5430659 ] } },
{ "type": "Feature", "properties": { "内容": "リハビリテーション颯福山駅家【地域密着型通所介護】広島県福山市駅家町大字倉光２８２－１泉商店ビル１F", "url": "https://www.kaigokensaku.mhlw.go.jp/34/index.php?action_kouhyou_detail_004_kani=true&JigyosyoCd=3471508378-00&ServiceCd=780&Type=search", "url2": "http://park10.wakwak.com/~sou.ekiya.sigma/" }, "geometry": { "type": "Point", "coordinates": [ 133.3257807, 34.5418294 ] } },
{ "type": "Feature", "properties": { "内容": "ホスポさぬき船町店【地域密着型通所介護】広島県福山市船町4番7号さぬきビル1階", "url": "https://www.kaigokensaku.mhlw.go.jp/34/index.php?action_kouhyou_detail_004_kani=true&JigyosyoCd=3471508808-00&ServiceCd=780&Type=search", "url2": null }, "geometry": { "type": "Point", "coordinates": [ 133.367812400000048, 34.487202 ] } },
{ "type": "Feature", "properties": { "内容": "ミニ介護ハウス　あしたばの家【地域密着型通所介護】福山市神辺町東中条2429", "url": "https://www.kaigokensaku.mhlw.go.jp/34/index.php?action_kouhyou_detail_004_kani=true&JigyosyoCd=3474400250-00&ServiceCd=780&Type=search", "url2": null }, "geometry": { "type": "Point", "coordinates": [ 133.3706019, 34.5773262 ] } },
{ "type": "Feature", "properties": { "内容": "デイサービスセンタークラシカル【地域密着型通所介護】広島県福山市新涯町6丁目10番45号", "url": "https://www.kaigokensaku.mhlw.go.jp/34/index.php?action_kouhyou_detail_004_kani=true&JigyosyoCd=3491501924-00&ServiceCd=780&Type=search", "url2": null }, "geometry": { "type": "Point", "coordinates": [ 133.395292057533197, 34.457175256407353 ] } },
{ "type": "Feature", "properties": { "内容": "デイサービスあそび【地域密着型通所介護】広島県福山市内海町イ１９４９番地", "url": "https://www.kaigokensaku.mhlw.go.jp/34/index.php?action_kouhyou_detail_004_kani=true&JigyosyoCd=3491501957-00&ServiceCd=780&Type=search", "url2": "https://www.asobi123.com/" }, "geometry": { "type": "Point", "coordinates": [ 133.322580065301054, 34.359959342808033 ] } },
{ "type": "Feature", "properties": { "内容": "デイサービス福の木【地域密着型通所介護】広島県福山市沖野上町5丁目10-26", "url": "https://www.kaigokensaku.mhlw.go.jp/34/index.php?action_kouhyou_detail_004_kani=true&JigyosyoCd=3491502104-00&ServiceCd=780&Type=search", "url2": null }, "geometry": { "type": "Point", "coordinates": [ 133.366420299999987, 34.4730707 ] } },
{ "type": "Feature", "properties": { "内容": "暮らしのデイサービスねっこ【地域密着型通所介護】広島県福山市新市町下安井116-1", "url": "https://www.kaigokensaku.mhlw.go.jp/34/index.php?action_kouhyou_detail_004_kani=true&JigyosyoCd=3491502310-00&ServiceCd=780&Type=search", "url2": null }, "geometry": { "type": "Point", "coordinates": [ 133.2793266, 34.5677486 ] } },
{ "type": "Feature", "properties": { "内容": "デイサービスむろの木【地域密着型通所介護】広島県福山市鞆町鞆908番地3", "url": "https://www.kaigokensaku.mhlw.go.jp/34/index.php?action_kouhyou_detail_004_kani=true&JigyosyoCd=3491502609-00&ServiceCd=780&Type=search", "url2": "https://www.tokunaga-iin.jp" }, "geometry": { "type": "Point", "coordinates": [ 133.3805537, 34.3834747 ] } },
{ "type": "Feature", "properties": { "内容": "運動特化型リハビリセンターREHAIRO引野店【地域密着型通所介護】広島県福山市引野町北4丁目23-15", "url": "https://www.kaigokensaku.mhlw.go.jp/34/index.php?action_kouhyou_detail_004_kani=true&JigyosyoCd=3491502666-00&ServiceCd=780&Type=search", "url2": null }, "geometry": { "type": "Point", "coordinates": [ 133.420582, 34.502514800000014 ] } },
{ "type": "Feature", "properties": { "内容": "シニアフィットイヨウ西深津ルーム【地域密着型通所介護】広島県福山市西深津町4-5-20ハイツ蔀山105", "url": "https://www.kaigokensaku.mhlw.go.jp/34/index.php?action_kouhyou_detail_004_kani=true&JigyosyoCd=3491502724-00&ServiceCd=780&Type=search", "url2": "https://senior-fit.jp" }, "geometry": { "type": "Point", "coordinates": [ 133.381133, 34.4972497 ] } },
{ "type": "Feature", "properties": { "内容": "地域密着型通所介護事業所愛燦燦おうじ【地域密着型通所介護】広島県福山市王子町2丁目19-18", "url": "https://www.kaigokensaku.mhlw.go.jp/34/index.php?action_kouhyou_detail_004_kani=true&JigyosyoCd=3491502732-00&ServiceCd=780&Type=search", "url2": "https://scs-group.jp/ouji/" }, "geometry": { "type": "Point", "coordinates": [ 133.3855968, 34.4881249 ] } },
{ "type": "Feature", "properties": { "内容": "地域密着型通所介護事業所　愛燦燦えきや【地域密着型通所介護】広島県福山市駅家町中島1092-1", "url": "https://www.kaigokensaku.mhlw.go.jp/34/index.php?action_kouhyou_detail_004_kani=true&JigyosyoCd=3491502740-00&ServiceCd=780&Type=search", "url2": null }, "geometry": { "type": "Point", "coordinates": [ 133.323444099999989, 34.5522458 ] } },
{ "type": "Feature", "properties": { "内容": "リハビリケア専門センターREHAIRO【地域密着型通所介護】広島県福山市引野町1丁目28-32", "url": "https://www.kaigokensaku.mhlw.go.jp/34/index.php?action_kouhyou_detail_004_kani=true&JigyosyoCd=3491502781-00&ServiceCd=780&Type=search", "url2": "https://rehairo-day.com" }, "geometry": { "type": "Point", "coordinates": [ 133.412584100000032, 34.4978363 ] } },
{ "type": "Feature", "properties": { "内容": "デイサービスくさぶか【地域密着型通所介護】広島県福山市沼隈町草深2031-1", "url": "https://www.kaigokensaku.mhlw.go.jp/34/index.php?action_kouhyou_detail_004_kani=true&JigyosyoCd=3491502799-00&ServiceCd=780&Type=search", "url2": "https://www.sanyo.or.jp/welfare/#cat134" }, "geometry": { "type": "Point", "coordinates": [ 133.3221284, 34.3871877 ] } },
{ "type": "Feature", "properties": { "内容": "デイサービス　おはな【地域密着型通所介護】広島県福山市神辺町新湯野19番地2", "url": "https://www.kaigokensaku.mhlw.go.jp/34/index.php?action_kouhyou_detail_004_kani=true&JigyosyoCd=3491502864-00&ServiceCd=780&Type=search", "url2": "https://flowers-fukuyama.or.jp/" }, "geometry": { "type": "Point", "coordinates": [ 133.3885797, 34.5566949 ] } },
{ "type": "Feature", "properties": { "内容": "デイサービスセンターサンサンホーム【地域密着型通所介護】広島県福山市神辺町字東中条7610番地16", "url": "https://www.kaigokensaku.mhlw.go.jp/34/index.php?action_kouhyou_detail_004_kani=true&JigyosyoCd=3491502906-00&ServiceCd=780&Type=search", "url2": "https://www.sunsun.or.jp/" }, "geometry": { "type": "Point", "coordinates": [ 133.3949758, 34.5838206 ] } },
{ "type": "Feature", "properties": { "内容": "湯野デイサービス愛【地域密着型通所介護】広島県福山市神辺町湯野1004番地2", "url": "https://www.kaigokensaku.mhlw.go.jp/34/index.php?action_kouhyou_detail_004_kani=true&JigyosyoCd=3491502930-00&ServiceCd=780&Type=search", "url2": "https://kouseikai-ai.jp/" }, "geometry": { "type": "Point", "coordinates": [ 133.389375199999989, 34.5618119 ] } },
{ "type": "Feature", "properties": { "内容": "リハビリ特化型デイサービスKingYuu【地域密着型通所介護】広島県福山市神辺町湯野376－1－3", "url": "https://www.kaigokensaku.mhlw.go.jp/34/index.php?action_kouhyou_detail_004_kani=true&JigyosyoCd=3491502955-00&ServiceCd=780&Type=search", "url2": "https://king-yuu2025.my.canva.site/" }, "geometry": { "type": "Point", "coordinates": [ 133.381699909123228, 34.548352552874405 ] } },
{ "type": "Feature", "properties": { "内容": "デイサービスことぶき庵【地域密着型通所介護】府中市中須町424番地の1", "url": "https://www.kaigokensaku.mhlw.go.jp/34/index.php?action_kouhyou_detail_004_kani=true&JigyosyoCd=3471700660-00&ServiceCd=780&Type=search", "url2": "http://saikou-network.jimdo.com/" }, "geometry": { "type": "Point", "coordinates": [ 133.263721900000064, 34.5577845 ] } },
{ "type": "Feature", "properties": { "内容": "デイサービスセンター　ケアビレッジ　ダイキチ【地域密着型通所介護】府中市府中町150-1", "url": "https://www.kaigokensaku.mhlw.go.jp/34/index.php?action_kouhyou_detail_004_kani=true&JigyosyoCd=3471700603-00&ServiceCd=780&Type=search", "url2": "http://www.megaegg.ne.jp/~daikichi/" }, "geometry": { "type": "Point", "coordinates": [ 133.232109600000058, 34.5738487 ] } },
{ "type": "Feature", "properties": { "内容": "通所介護事業所吉舎【地域密着型通所介護】三次市吉舎町吉舎606", "url": "https://www.kaigokensaku.mhlw.go.jp/34/index.php?action_kouhyou_detail_004_kani=true&JigyosyoCd=3471900559-00&ServiceCd=780&Type=search", "url2": "http://www.yuukifukushikai.com" }, "geometry": { "type": "Point", "coordinates": [ 132.992868700000031, 34.714266899999984 ] } },
{ "type": "Feature", "properties": { "内容": "デイサービスセンターみわ【地域密着型通所介護】三次市三和町敷名11460番地２", "url": "https://www.kaigokensaku.mhlw.go.jp/34/index.php?action_kouhyou_detail_004_kani=true&JigyosyoCd=3471900757-00&ServiceCd=780&Type=search", "url2": "http://miyoshi-shakyo.com" }, "geometry": { "type": "Point", "coordinates": [ 132.84645009999997, 34.6649683 ] } },
{ "type": "Feature", "properties": { "内容": "デイサービスセンターさくぎ【地域密着型通所介護】広島県三次市作木町下作木1503", "url": "https://www.kaigokensaku.mhlw.go.jp/34/index.php?action_kouhyou_detail_004_kani=true&JigyosyoCd=3474800228-00&ServiceCd=780&Type=search", "url2": "http://miyoshi-shakyo.com/" }, "geometry": { "type": "Point", "coordinates": [ 132.705963, 34.869477 ] } },
{ "type": "Feature", "properties": { "内容": "デイサービスセンターふの【地域密着型通所介護】広島県三次市布野町上布野11093-1布野保健福祉センター", "url": "https://www.kaigokensaku.mhlw.go.jp/34/index.php?action_kouhyou_detail_004_kani=true&JigyosyoCd=3474800251-00&ServiceCd=780&Type=search", "url2": "https://miyoshi-shakyo.com/" }, "geometry": { "type": "Point", "coordinates": [ 132.7759964, 34.9072761 ] } },
{ "type": "Feature", "properties": { "内容": "岡崎医院デイサービスセンター「たすく」【地域密着型通所介護】三次市十日市西3丁目13-1", "url": "https://www.kaigokensaku.mhlw.go.jp/34/index.php?action_kouhyou_detail_004_kani=true&JigyosyoCd=3471900401-00&ServiceCd=780&Type=search", "url2": "http://www.or-okazaki.jp/" }, "geometry": { "type": "Point", "coordinates": [ 132.844910492704145, 34.797636057107155 ] } },
{ "type": "Feature", "properties": { "内容": "デイサービスセンター　ウイズ【地域密着型通所介護】広島県三次市三良坂町田利３３７番地", "url": "https://www.kaigokensaku.mhlw.go.jp/34/index.php?action_kouhyou_detail_004_kani=true&JigyosyoCd=3471900906-00&ServiceCd=780&Type=search", "url2": null }, "geometry": { "type": "Point", "coordinates": [ 132.962268699999981, 34.7844809 ] } },
{ "type": "Feature", "properties": { "内容": "デイサービスらくらく【地域密着型通所介護】三次市南畑敷町227番地の1", "url": "https://www.kaigokensaku.mhlw.go.jp/34/index.php?action_kouhyou_detail_004_kani=true&JigyosyoCd=3471900484-00&ServiceCd=780&Type=search", "url2": "https://tomomi-kai-med.com/" }, "geometry": { "type": "Point", "coordinates": [ 132.871933300000023, 34.8047712 ] } },
{ "type": "Feature", "properties": { "内容": "機能訓練型　リハ＆サロンR【地域密着型通所介護】広島県三次市十日市南7-1-8", "url": "https://www.kaigokensaku.mhlw.go.jp/34/index.php?action_kouhyou_detail_004_kani=true&JigyosyoCd=3471901052-00&ServiceCd=780&Type=search", "url2": "https://www.rehasalon-r.com/" }, "geometry": { "type": "Point", "coordinates": [ 132.853679400000033, 34.8018771 ] } },
{ "type": "Feature", "properties": { "内容": "デイサービスゆーあい【地域密着型通所介護】広島県三次市三和町上壱241", "url": "https://www.kaigokensaku.mhlw.go.jp/34/index.php?action_kouhyou_detail_004_kani=true&JigyosyoCd=3471901086-00&ServiceCd=780&Type=search", "url2": null }, "geometry": { "type": "Point", "coordinates": [ 132.83605175396724, 34.618827128969585 ] } },
{ "type": "Feature", "properties": { "内容": "通所介護事業所　萌【地域密着型通所介護】庄原市西城町西城191-1番地", "url": "https://www.kaigokensaku.mhlw.go.jp/34/index.php?action_kouhyou_detail_004_kani=true&JigyosyoCd=3472100381-00&ServiceCd=780&Type=search", "url2": "https://daysevice2moe.site.com/mysite1" }, "geometry": { "type": "Point", "coordinates": [ 133.118298107687309, 34.934768430648461 ] } },
{ "type": "Feature", "properties": { "内容": "通所介護事業所美湯【地域密着型通所介護】庄原市宮内町美湯6353-2", "url": "https://www.kaigokensaku.mhlw.go.jp/34/index.php?action_kouhyou_detail_004_kani=true&JigyosyoCd=3472100365-00&ServiceCd=780&Type=search", "url2": "https://www.yuukifukushikai.com/" }, "geometry": { "type": "Point", "coordinates": [ 133.040290856483466, 34.859806780972576 ] } },
{ "type": "Feature", "properties": { "内容": "庄原市社協通所介護事業所だんだん【地域密着型通所介護】庄原市高野町新市1150-1", "url": "https://www.kaigokensaku.mhlw.go.jp/34/index.php?action_kouhyou_detail_004_kani=true&JigyosyoCd=3472100373-00&ServiceCd=780&Type=search", "url2": "http://www.shakyoshobara-city.or.jp" }, "geometry": { "type": "Point", "coordinates": [ 132.905686599999967, 35.0322603 ] } },
{ "type": "Feature", "properties": { "内容": "通所介護事業所ユーシャイン【地域密着型通所介護】庄原市総領町中領家４７６番地", "url": "https://www.kaigokensaku.mhlw.go.jp/34/index.php?action_kouhyou_detail_004_kani=true&JigyosyoCd=3474700170-00&ServiceCd=780&Type=search", "url2": "https://www.yuukifukushikai.com/" }, "geometry": { "type": "Point", "coordinates": [ 133.1070102, 34.7932239 ] } },
{ "type": "Feature", "properties": { "内容": "デイサービスさくら【地域密着型通所介護】庄原市東城町川西1332-5", "url": "https://www.kaigokensaku.mhlw.go.jp/34/index.php?action_kouhyou_detail_004_kani=true&JigyosyoCd=3474900317-00&ServiceCd=780&Type=search", "url2": "http://www.alice.or.jp/" }, "geometry": { "type": "Point", "coordinates": [ 133.260658517196561, 34.911067410735065 ] } },
{ "type": "Feature", "properties": { "内容": "HEROES【地域密着型通所介護】広島県大竹市元町2丁目4-18", "url": "https://www.kaigokensaku.mhlw.go.jp/34/index.php?action_kouhyou_detail_004_kani=true&JigyosyoCd=3492300102-00&ServiceCd=780&Type=search", "url2": null }, "geometry": { "type": "Point", "coordinates": [ 132.212945499999989, 34.2047506 ] } },
{ "type": "Feature", "properties": { "内容": "希望の杜さかえデイサービス【地域密着型通所介護】広島県大竹市北栄３番２１号", "url": "https://www.kaigokensaku.mhlw.go.jp/34/index.php?action_kouhyou_detail_004_kani=true&JigyosyoCd=3472300411-00&ServiceCd=780&Type=search", "url2": "https://kibounomori.net/" }, "geometry": { "type": "Point", "coordinates": [ 132.224310701894296, 34.220789062333274 ] } },
{ "type": "Feature", "properties": { "内容": "デイサービスセンター田口【地域密着型通所介護】東広島市西条町田口字東子２７２９‐１", "url": "https://www.kaigokensaku.mhlw.go.jp/34/index.php?action_kouhyou_detail_004_kani=true&JigyosyoCd=3472501497-00&ServiceCd=780&Type=search", "url2": "http://www.seijukai-welfare.jp/top.html" }, "geometry": { "type": "Point", "coordinates": [ 132.736192531907562, 34.389980602513177 ] } },
{ "type": "Feature", "properties": { "内容": "ヘルスケアみながデイサービス【地域密着型通所介護】広島県東広島市西条町大字上三永塚迫１656番地２", "url": "https://www.kaigokensaku.mhlw.go.jp/34/index.php?action_kouhyou_detail_004_kani=true&JigyosyoCd=3472501257-00&ServiceCd=780&Type=search", "url2": "http://www.heartgrand.sakura.ne.jp/office/minaga/" }, "geometry": { "type": "Point", "coordinates": [ 132.792329911714177, 34.40067942072195 ] } },
{ "type": "Feature", "properties": { "内容": "デイサービスげんきハウス【地域密着型通所介護】東広島市八本松町正力字重信1306番1", "url": "https://www.kaigokensaku.mhlw.go.jp/34/index.php?action_kouhyou_detail_004_kani=true&JigyosyoCd=3472502032-00&ServiceCd=780&Type=search", "url2": "http://www.heartgrand.sakura.ne.jp/office/genkihouse/" }, "geometry": { "type": "Point", "coordinates": [ 132.721966100000031, 34.461368 ] } },
{ "type": "Feature", "properties": { "内容": "通所介護事業所新ときわ【地域密着型通所介護】広島県東広島市八本松町原5693番地の3", "url": "https://www.kaigokensaku.mhlw.go.jp/34/index.php?action_kouhyou_detail_004_kani=true&JigyosyoCd=3472502776-00&ServiceCd=780&Type=search", "url2": "http://www.tokiwadaihome.or.jp/tokuyou/" }, "geometry": { "type": "Point", "coordinates": [ 132.690079299999979, 34.4046238 ] } },
{ "type": "Feature", "properties": { "内容": "ヘルスケア入野デイサービス【地域密着型通所介護】東広島市河内町入野5024番地12", "url": "https://www.kaigokensaku.mhlw.go.jp/34/index.php?action_kouhyou_detail_004_kani=true&JigyosyoCd=3473800245-00&ServiceCd=780&Type=search", "url2": "http://www.heartgrand.sakura.ne.jp/" }, "geometry": { "type": "Point", "coordinates": [ 132.861003399999959, 34.4400816 ] } },
{ "type": "Feature", "properties": { "内容": "通所介護　神郷の家【地域密着型通所介護】東広島市福富町久芳3416番地", "url": "https://www.kaigokensaku.mhlw.go.jp/34/index.php?action_kouhyou_detail_004_kani=true&JigyosyoCd=3472501794-00&ServiceCd=780&Type=search", "url2": "http://ww35.tiki.ne.jp/~dentac/day.html" }, "geometry": { "type": "Point", "coordinates": [ 132.787603499999932, 34.541043700000024 ] } },
{ "type": "Feature", "properties": { "内容": "宅老所あざみ【地域密着型通所介護】東広島市河内町入野652-6", "url": "https://www.kaigokensaku.mhlw.go.jp/34/index.php?action_kouhyou_detail_004_kani=true&JigyosyoCd=3472502115-00&ServiceCd=780&Type=search", "url2": null }, "geometry": { "type": "Point", "coordinates": [ 132.850578439511423, 34.461167826969209 ] } },
{ "type": "Feature", "properties": { "内容": "デイサービス　おうぎの里【地域密着型通所介護】広島県東広島市志和町志和東3976番地の1", "url": "https://www.kaigokensaku.mhlw.go.jp/34/index.php?action_kouhyou_detail_004_kani=true&JigyosyoCd=3472502578-00&ServiceCd=780&Type=search", "url2": "http://ougi-fukushikai.com/ouginosato-dayservice.html" }, "geometry": { "type": "Point", "coordinates": [ 132.680758700000069, 34.4842087 ] } },
{ "type": "Feature", "properties": { "内容": "はなみずきデイサービスセンター【地域密着型通所介護】東広島市黒瀬町上保田99番地４", "url": "https://www.kaigokensaku.mhlw.go.jp/34/index.php?action_kouhyou_detail_004_kani=true&JigyosyoCd=3472501711-00&ServiceCd=780&Type=search", "url2": null }, "geometry": { "type": "Point", "coordinates": [ 132.667441899999972, 34.3195878 ] } },
{ "type": "Feature", "properties": { "内容": "デイサービスちろる【地域密着型通所介護】広島県東広島市河内町中河内1399番地2", "url": "https://www.kaigokensaku.mhlw.go.jp/34/index.php?action_kouhyou_detail_004_kani=true&JigyosyoCd=3472502263-00&ServiceCd=780&Type=search", "url2": null }, "geometry": { "type": "Point", "coordinates": [ 132.889935, 34.4734944 ] } },
{ "type": "Feature", "properties": { "内容": "デイサービスあぽろ【地域密着型通所介護】東広島市黒瀬町楢原字燈明平948", "url": "https://www.kaigokensaku.mhlw.go.jp/34/index.php?action_kouhyou_detail_004_kani=true&JigyosyoCd=3472502404-00&ServiceCd=780&Type=search", "url2": null }, "geometry": { "type": "Point", "coordinates": [ 132.657962520979225, 34.332691076005545 ] } },
{ "type": "Feature", "properties": { "内容": "デイサービス　ひまわり【地域密着型通所介護】広島県東広島市八本松西一丁目１１番１号", "url": "https://www.kaigokensaku.mhlw.go.jp/34/index.php?action_kouhyou_detail_004_kani=true&JigyosyoCd=3472502420-00&ServiceCd=780&Type=search", "url2": "https://www.himawari-hachihonmatsu.com" }, "geometry": { "type": "Point", "coordinates": [ 132.680762299999969, 34.445182700000011 ] } },
{ "type": "Feature", "properties": { "内容": "デイサービス　たまぼこの里【地域密着型通所介護】東広島市河内町中河内1375-1", "url": "https://www.kaigokensaku.mhlw.go.jp/34/index.php?action_kouhyou_detail_004_kani=true&JigyosyoCd=3472502735-00&ServiceCd=780&Type=search", "url2": null }, "geometry": { "type": "Point", "coordinates": [ 132.889529499999981, 34.4731694 ] } },
{ "type": "Feature", "properties": { "内容": "あかつきデイサービスセンター【地域密着型通所介護】広島県東広島市八本松南二丁目８番５号", "url": "https://www.kaigokensaku.mhlw.go.jp/34/index.php?action_kouhyou_detail_004_kani=true&JigyosyoCd=3472502750-00&ServiceCd=780&Type=search", "url2": null }, "geometry": { "type": "Point", "coordinates": [ 132.697652299999959, 34.4419724 ] } },
{ "type": "Feature", "properties": { "内容": "デイサービス青春の家【地域密着型通所介護】広島県東広島市黒瀬町宗近柳国3100", "url": "https://www.kaigokensaku.mhlw.go.jp/34/index.php?action_kouhyou_detail_004_kani=true&JigyosyoCd=3492500271-00&ServiceCd=780&Type=search", "url2": null }, "geometry": { "type": "Point", "coordinates": [ 132.710351599999967, 34.3416921 ] } },
{ "type": "Feature", "properties": { "内容": "デイサービスセンター高屋【地域密着型通所介護】広島県東広島市高屋町大畠129番地3", "url": "https://www.kaigokensaku.mhlw.go.jp/34/index.php?action_kouhyou_detail_004_kani=true&JigyosyoCd=3492500297-00&ServiceCd=780&Type=search", "url2": "http://www.seijukai-welfare.jp/shisetsu_takaya.html" }, "geometry": { "type": "Point", "coordinates": [ 132.775930900000048, 34.4425923 ] } },
{ "type": "Feature", "properties": { "内容": "だんらんの家ソライエ東広島【地域密着型通所介護】広島県東広島市高屋町中島284番地3だんらんの家ソライエ東広島", "url": "https://www.kaigokensaku.mhlw.go.jp/34/index.php?action_kouhyou_detail_004_kani=true&JigyosyoCd=3492500446-00&ServiceCd=780&Type=search", "url2": null }, "geometry": { "type": "Point", "coordinates": [ 132.7905991, 34.4485086 ] } },
{ "type": "Feature", "properties": { "内容": "ほねつぎデイサービス東広島西条【地域密着型通所介護】広島県東広島市西条町吉行２１５４－１", "url": "https://www.kaigokensaku.mhlw.go.jp/34/index.php?action_kouhyou_detail_004_kani=true&JigyosyoCd=3492500420-00&ServiceCd=780&Type=search", "url2": "https://www.honetsugi-kaigo.com/" }, "geometry": { "type": "Point", "coordinates": [ 132.747383042327868, 34.436878964557266 ] } },
{ "type": "Feature", "properties": { "内容": "デイサービスセンター明日への風【地域密着型通所介護】広島県東広島市八本松飯田8丁目４－５５－５", "url": "https://www.kaigokensaku.mhlw.go.jp/34/index.php?action_kouhyou_detail_004_kani=true&JigyosyoCd=3492500495-00&ServiceCd=780&Type=search", "url2": "https://life-care-takasago.jp/h_hiroshima/day_ashita/" }, "geometry": { "type": "Point", "coordinates": [ 132.7005486, 34.4556939 ] } },
{ "type": "Feature", "properties": { "内容": "デイサービス笑脳【地域密着型通所介護】広島県東広島市八本松東2-17-25", "url": "https://www.kaigokensaku.mhlw.go.jp/34/index.php?action_kouhyou_detail_004_kani=true&JigyosyoCd=3492500354-00&ServiceCd=780&Type=search", "url2": "https://wan-pura.com/" }, "geometry": { "type": "Point", "coordinates": [ 132.71032, 34.441939 ] } },
{ "type": "Feature", "properties": { "内容": "SPROUTデイサービスゆずっこMISONOU【地域密着型通所介護】広島県東広島市西条町御薗宇4875-1", "url": "https://www.kaigokensaku.mhlw.go.jp/34/index.php?action_kouhyou_detail_004_kani=true&JigyosyoCd=3492500503-00&ServiceCd=780&Type=search", "url2": null }, "geometry": { "type": "Point", "coordinates": [ 132.756413571163961, 34.407574151706577 ] } },
{ "type": "Feature", "properties": { "内容": "デイサービスセンターよしわせせらぎ園【地域密着型通所介護】広島県廿日市市吉和１７７１番地１", "url": "https://www.kaigokensaku.mhlw.go.jp/34/index.php?action_kouhyou_detail_004_kani=true&JigyosyoCd=3473300634-00&ServiceCd=780&Type=search", "url2": "http://saikisatsukikai.jp" }, "geometry": { "type": "Point", "coordinates": [ 132.14196830000003, 34.4853335 ] } },
{ "type": "Feature", "properties": { "内容": "デイサービス季楽　串戸【地域密着型通所介護】広島県廿日市市串戸四丁目４番６号", "url": "https://www.kaigokensaku.mhlw.go.jp/34/index.php?action_kouhyou_detail_004_kani=true&JigyosyoCd=3472701188-00&ServiceCd=780&Type=search", "url2": "http://www.season-hc.com/" }, "geometry": { "type": "Point", "coordinates": [ 132.323173, 34.3501241 ] } },
{ "type": "Feature", "properties": { "内容": "デイサービス季楽　佐方【地域密着型通所介護】広島県廿日市市佐方574", "url": "https://www.kaigokensaku.mhlw.go.jp/34/index.php?action_kouhyou_detail_004_kani=true&JigyosyoCd=3492700228-00&ServiceCd=780&Type=search", "url2": "http://www.season-hc.com/" }, "geometry": { "type": "Point", "coordinates": [ 132.336176300000034, 34.3646922 ] } },
{ "type": "Feature", "properties": { "内容": "デイサービス季楽・リハ　廿日市【地域密着型通所介護】広島県廿日市市可愛11-29", "url": "https://www.kaigokensaku.mhlw.go.jp/34/index.php?action_kouhyou_detail_004_kani=true&JigyosyoCd=3492700236-00&ServiceCd=780&Type=search", "url2": "https://www.season-hc.com/" }, "geometry": { "type": "Point", "coordinates": [ 132.333141100000034, 34.3521785 ] } },
{ "type": "Feature", "properties": { "内容": "デイサービス季楽・リハ　宮内串戸【地域密着型通所介護】広島県廿日市市串戸4丁目9-46", "url": "https://www.kaigokensaku.mhlw.go.jp/34/index.php?action_kouhyou_detail_004_kani=true&JigyosyoCd=3492700293-00&ServiceCd=780&Type=search", "url2": "https://www.season-hc.com/" }, "geometry": { "type": "Point", "coordinates": [ 132.3230054, 34.3486522 ] } },
{ "type": "Feature", "properties": { "内容": "TEGOALL宮島口【地域密着型通所介護】広島県廿日市市宮島口1丁目12-12カルム宮島口101", "url": "https://www.kaigokensaku.mhlw.go.jp/34/index.php?action_kouhyou_detail_004_kani=true&JigyosyoCd=3492700368-00&ServiceCd=780&Type=search", "url2": "https://momijicare.co.jp" }, "geometry": { "type": "Point", "coordinates": [ 132.3039795, 34.3121534 ] } },
{ "type": "Feature", "properties": { "内容": "デイサービスセンターみどり【地域密着型通所介護】広島県廿日市市宮島町960-2廿日市市宮島福祉センター内", "url": "https://www.kaigokensaku.mhlw.go.jp/34/index.php?action_kouhyou_detail_004_kani=true&JigyosyoCd=3492700210-00&ServiceCd=780&Type=search", "url2": null }, "geometry": { "type": "Point", "coordinates": [ 132.330495299999939, 34.3052603 ] } },
{ "type": "Feature", "properties": { "内容": "Gymデイらいとす廿日市【地域密着型通所介護】広島県廿日市市宮内4丁目10-5", "url": "https://www.kaigokensaku.mhlw.go.jp/34/index.php?action_kouhyou_detail_004_kani=true&JigyosyoCd=3492700301-00&ServiceCd=780&Type=search", "url2": "http://rehacare-net.or.jp/" }, "geometry": { "type": "Point", "coordinates": [ 132.3130601, 34.3489298 ] } },
{ "type": "Feature", "properties": { "内容": "グッドタイムクラブ・宮島【地域密着型通所介護】広島県廿日市市阿品4丁目51番26号", "url": "https://www.kaigokensaku.mhlw.go.jp/34/index.php?action_kouhyou_detail_004_kani=true&JigyosyoCd=3492700327-00&ServiceCd=780&Type=search", "url2": "http://www.sousei-hiroshima.com" }, "geometry": { "type": "Point", "coordinates": [ 132.310212799999988, 34.3193183 ] } },
{ "type": "Feature", "properties": { "内容": "通所介護事業所デイ・ヴェリタス【地域密着型通所介護】広島県廿日市市大野3406番地17", "url": "https://www.kaigokensaku.mhlw.go.jp/34/index.php?action_kouhyou_detail_004_kani=true&JigyosyoCd=3492700343-00&ServiceCd=780&Type=search", "url2": "http://veritas-hiroshima.jp" }, "geometry": { "type": "Point", "coordinates": [ 132.2926636, 34.3012766 ] } },
{ "type": "Feature", "properties": { "内容": "デイサービスセンター　かたらい【地域密着型通所介護】廿日市市宮島口東３丁目10-25", "url": "https://www.kaigokensaku.mhlw.go.jp/34/index.php?action_kouhyou_detail_004_kani=true&JigyosyoCd=3472700644-00&ServiceCd=780&Type=search", "url2": null }, "geometry": { "type": "Point", "coordinates": [ 132.304519600000049, 34.32127710000001 ] } },
{ "type": "Feature", "properties": { "内容": "デイサービスセンター早時かたらい【地域密着型通所介護】廿日市市大野早時378-22", "url": "https://www.kaigokensaku.mhlw.go.jp/34/index.php?action_kouhyou_detail_004_kani=true&JigyosyoCd=3472700818-00&ServiceCd=780&Type=search", "url2": null }, "geometry": { "type": "Point", "coordinates": [ 132.291929160888969, 34.305157149122941 ] } },
{ "type": "Feature", "properties": { "内容": "セカンドハウスYEAHYEAHYEAH【地域密着型通所介護】廿日市市玖島4340番1", "url": "https://www.kaigokensaku.mhlw.go.jp/34/index.php?action_kouhyou_detail_004_kani=true&JigyosyoCd=3472701113-00&ServiceCd=780&Type=search", "url2": "http://yeahyeahyeah.p2.weblife.me/" }, "geometry": { "type": "Point", "coordinates": [ 132.248233, 34.3910993 ] } },
{ "type": "Feature", "properties": { "内容": "デイサービス佐伯の里【地域密着型通所介護】広島県廿日市市津田２１０４－２", "url": "https://www.kaigokensaku.mhlw.go.jp/34/index.php?action_kouhyou_detail_004_kani=true&JigyosyoCd=3472701345-00&ServiceCd=780&Type=search", "url2": "http://saikinosato.com/" }, "geometry": { "type": "Point", "coordinates": [ 132.1791445, 34.3710249 ] } },
{ "type": "Feature", "properties": { "内容": "玖島デイサービスもみじ【地域密着型通所介護】広島県廿日市市玖島4851番地1", "url": "https://www.kaigokensaku.mhlw.go.jp/34/index.php?action_kouhyou_detail_004_kani=true&JigyosyoCd=3472701428-00&ServiceCd=780&Type=search", "url2": null }, "geometry": { "type": "Point", "coordinates": [ 132.245498922090178, 34.389970565135208 ] } },
{ "type": "Feature", "properties": { "内容": "デイサービスてのひら【地域密着型通所介護】広島県廿日市市宮内1302番地３", "url": "https://www.kaigokensaku.mhlw.go.jp/34/index.php?action_kouhyou_detail_004_kani=true&JigyosyoCd=3472701485-00&ServiceCd=780&Type=search", "url2": null }, "geometry": { "type": "Point", "coordinates": [ 132.309102100000018, 34.3501767 ] } },
{ "type": "Feature", "properties": { "内容": "デイサービスセンターしあわせの里【地域密着型通所介護】広島県廿日市市前空2丁目1-7ほうらいの里「宮島」1001号室", "url": "https://www.kaigokensaku.mhlw.go.jp/34/index.php?action_kouhyou_detail_004_kani=true&JigyosyoCd=3492700244-00&ServiceCd=780&Type=search", "url2": null }, "geometry": { "type": "Point", "coordinates": [ 132.288693423942476, 34.299685855757858 ] } },
{ "type": "Feature", "properties": { "内容": "なないろプラス【地域密着型通所介護】広島県廿日市市宮内4298番地グランカーサ宮内1階", "url": "https://www.kaigokensaku.mhlw.go.jp/34/index.php?action_kouhyou_detail_004_kani=true&JigyosyoCd=3492700251-00&ServiceCd=780&Type=search", "url2": "https://nanairo-2.jimdosite.com/" }, "geometry": { "type": "Point", "coordinates": [ 132.303536300000019, 34.343641 ] } },
{ "type": "Feature", "properties": { "内容": "リハビリ特化型デイサービス　かえる＋チェンジ【地域密着型通所介護】広島県廿日市市上平良１２２－３", "url": "https://www.kaigokensaku.mhlw.go.jp/34/index.php?action_kouhyou_detail_004_kani=true&JigyosyoCd=3492700269-00&ServiceCd=780&Type=search", "url2": "http://leap-power.net/" }, "geometry": { "type": "Point", "coordinates": [ 132.320601, 34.3552886 ] } },
{ "type": "Feature", "properties": { "内容": "リハビリテーションデイサービス風樹【地域密着型通所介護】広島県廿日市市地御前一丁目９番２３号ビバブルⅢ－１階", "url": "https://www.kaigokensaku.mhlw.go.jp/34/index.php?action_kouhyou_detail_004_kani=true&JigyosyoCd=3492700277-00&ServiceCd=780&Type=search", "url2": null }, "geometry": { "type": "Point", "coordinates": [ 132.321419163788988, 34.341653188745688 ] } },
{ "type": "Feature", "properties": { "内容": "デイサービス季楽・リハ　廿日市インター【地域密着型通所介護】広島県廿日市市串戸5丁目4番5号", "url": "https://www.kaigokensaku.mhlw.go.jp/34/index.php?action_kouhyou_detail_004_kani=true&JigyosyoCd=3492700384-00&ServiceCd=780&Type=search", "url2": "https://www.season-hc.com/" }, "geometry": { "type": "Point", "coordinates": [ 132.319051300000012, 34.348796 ] } },
{ "type": "Feature", "properties": { "内容": "清風会もみじ【地域密着型通所介護】広島県安芸高田市吉田町竹原1891番地1", "url": "https://www.kaigokensaku.mhlw.go.jp/34/index.php?action_kouhyou_detail_004_kani=true&JigyosyoCd=3473600686-00&ServiceCd=780&Type=search", "url2": "http://www.seifu-kai.org/" }, "geometry": { "type": "Point", "coordinates": [ 132.685265100000038, 34.6528614 ] } },
{ "type": "Feature", "properties": { "内容": "通所介護事業所　吉田【地域密着型通所介護】広島県安芸高田市吉田町山手字片正397-1", "url": "https://www.kaigokensaku.mhlw.go.jp/34/index.php?action_kouhyou_detail_004_kani=true&JigyosyoCd=3473600801-00&ServiceCd=780&Type=search", "url2": "https://matuko.biz/dayservice/yoshida/" }, "geometry": { "type": "Point", "coordinates": [ 132.674218800000062, 34.6487896 ] } },
{ "type": "Feature", "properties": { "内容": "デイサービスセンター「江田島ビハーラ」【地域密着型通所介護】広島県江田島市大柿町飛渡瀬1619", "url": "https://www.kaigokensaku.mhlw.go.jp/34/index.php?action_kouhyou_detail_004_kani=true&JigyosyoCd=3475000133-00&ServiceCd=780&Type=search", "url2": "http:/ww7.enjoy.ne.jp/~daizen/" }, "geometry": { "type": "Point", "coordinates": [ 132.472594599999979, 34.2035354 ] } },
{ "type": "Feature", "properties": { "内容": "デイサービス　はまい【地域密着型通所介護】広島県江田島市大柿町柿浦1557番地", "url": "https://www.kaigokensaku.mhlw.go.jp/34/index.php?action_kouhyou_detail_004_kani=true&JigyosyoCd=3475000224-00&ServiceCd=780&Type=search", "url2": null }, "geometry": { "type": "Point", "coordinates": [ 132.470245500000033, 34.1815575 ] } },
{ "type": "Feature", "properties": { "内容": "デイサービスセンター　そよかぜ【地域密着型通所介護】江田島市大柿町飛渡瀬４０２２番地", "url": "https://www.kaigokensaku.mhlw.go.jp/34/index.php?action_kouhyou_detail_004_kani=true&JigyosyoCd=3475000042-00&ServiceCd=780&Type=search", "url2": "http://enou01.com/" }, "geometry": { "type": "Point", "coordinates": [ 132.4665837, 34.2145896 ] } },
{ "type": "Feature", "properties": { "内容": "デイサービス府中福寿苑【地域密着型通所介護】広島県安芸郡府中町茂陰２丁目６番２号", "url": "https://www.kaigokensaku.mhlw.go.jp/34/index.php?action_kouhyou_detail_004_kani=true&JigyosyoCd=3493200152-00&ServiceCd=780&Type=search", "url2": "https://www.fuchu-fukuzyuen.com/service/#day-service" }, "geometry": { "type": "Point", "coordinates": [ 132.501604199999946, 34.3850881 ] } },
{ "type": "Feature", "properties": { "内容": "活リハ　トパーズ安芸府中【地域密着型通所介護】広島県安芸郡府中町宮の町4丁目17-19ツカサハイム101号", "url": "https://www.kaigokensaku.mhlw.go.jp/34/index.php?action_kouhyou_detail_004_kani=true&JigyosyoCd=3473201022-00&ServiceCd=780&Type=search", "url2": "https://www.r-plus-limited.com" }, "geometry": { "type": "Point", "coordinates": [ 132.510087500000054, 34.3923338 ] } },
{ "type": "Feature", "properties": { "内容": "デイサービスセンターとまりぎ【地域密着型通所介護】広島県安芸郡府中町本町４丁目１１－２", "url": "https://www.kaigokensaku.mhlw.go.jp/34/index.php?action_kouhyou_detail_004_kani=true&JigyosyoCd=3493200145-00&ServiceCd=780&Type=search", "url2": "https://tomarigitomako.wixsite.com/tomarigi-deisa-bisu" }, "geometry": { "type": "Point", "coordinates": [ 132.506787782386738, 34.398253951796974 ] } },
{ "type": "Feature", "properties": { "内容": "はなあやめ【地域密着型通所介護】広島県安芸郡府中町柳が丘65-29", "url": "https://www.kaigokensaku.mhlw.go.jp/34/index.php?action_kouhyou_detail_004_kani=true&JigyosyoCd=3493200178-00&ServiceCd=780&Type=search", "url2": null }, "geometry": { "type": "Point", "coordinates": [ 132.515712300000018, 34.3825268 ] } },
{ "type": "Feature", "properties": { "内容": "サービスステーション　ほの花【地域密着型通所介護】広島県安芸郡府中町石井城2丁目11-16", "url": "https://www.kaigokensaku.mhlw.go.jp/34/index.php?action_kouhyou_detail_004_kani=true&JigyosyoCd=3473200537-00&ServiceCd=780&Type=search", "url2": "https://honoka.hiroshima.jp/" }, "geometry": { "type": "Point", "coordinates": [ 132.509142900000029, 34.4005272 ] } },
{ "type": "Feature", "properties": { "内容": "デイサービス　かむながら【地域密着型通所介護】広島県安芸郡熊野町初神二丁目23番5号", "url": "https://www.kaigokensaku.mhlw.go.jp/34/index.php?action_kouhyou_detail_004_kani=true&JigyosyoCd=3473100935-00&ServiceCd=780&Type=search", "url2": "http://www.care-net.info/" }, "geometry": { "type": "Point", "coordinates": [ 132.5927474, 34.3588033 ] } },
{ "type": "Feature", "properties": { "内容": "安芸太田町社協通所介護事業所「ふれあい」【地域密着型通所介護】広島県山県郡安芸太田町大字戸河内780番地15", "url": "https://www.kaigokensaku.mhlw.go.jp/34/index.php?action_kouhyou_detail_004_kani=true&JigyosyoCd=3493500122-00&ServiceCd=780&Type=search", "url2": "http://www.akiota-shakyo.jp/kai_tusho.html" }, "geometry": { "type": "Point", "coordinates": [ 132.2271624, 34.5774939 ] } },
{ "type": "Feature", "properties": { "内容": "芸北デイサービス【地域密着型通所介護】広島県山県郡北広島町米沢字中ノ原436-13", "url": "https://www.kaigokensaku.mhlw.go.jp/34/index.php?action_kouhyou_detail_004_kani=true&JigyosyoCd=3473500860-00&ServiceCd=780&Type=search", "url2": "http://www.m-meiwakai.jp" }, "geometry": { "type": "Point", "coordinates": [ 132.4279745, 34.7928295 ] } },
{ "type": "Feature", "properties": { "内容": "デイサービスセンターやすらぎ【地域密着型通所介護】広島県山県郡北広島町大朝13435番地1", "url": "https://www.kaigokensaku.mhlw.go.jp/34/index.php?action_kouhyou_detail_004_kani=true&JigyosyoCd=3493500155-00&ServiceCd=780&Type=search", "url2": "http://www.yurikagosou.or.jp/yasuragi.html" }, "geometry": { "type": "Point", "coordinates": [ 132.4626367, 34.7707984 ] } },
{ "type": "Feature", "properties": { "内容": "通所介護事業所つれづれ【地域密着型通所介護】広島県山県郡北広島町今田3850", "url": "https://www.kaigokensaku.mhlw.go.jp/34/index.php?action_kouhyou_detail_004_kani=true&JigyosyoCd=3473500746-00&ServiceCd=780&Type=search", "url2": "http://www.chiyoda-hospital.or.jp" }, "geometry": { "type": "Point", "coordinates": [ 132.523428986650487, 34.682598225523407 ] } },
{ "type": "Feature", "properties": { "内容": "大崎荘デイサービスセンター【地域密着型通所介護】広島県豊田郡大崎上島町沖浦1539番地1", "url": "https://www.kaigokensaku.mhlw.go.jp/34/index.php?action_kouhyou_detail_004_kani=true&JigyosyoCd=3473900276-00&ServiceCd=780&Type=search", "url2": "http://www.osakifukushikai.jp/" }, "geometry": { "type": "Point", "coordinates": [ 132.904655700000035, 34.2150759 ] } },
{ "type": "Feature", "properties": { "内容": "Ａｖｏｎｌｅａ【地域密着型通所介護】広島県世羅郡世羅町小国4507番地1", "url": "https://www.kaigokensaku.mhlw.go.jp/34/index.php?action_kouhyou_detail_004_kani=true&JigyosyoCd=3494200045-00&ServiceCd=780&Type=search", "url2": null }, "geometry": { "type": "Point", "coordinates": [ 132.931598922090188, 34.619103258528718 ] } },
{ "type": "Feature", "properties": { "内容": "ショート・デイきらめき【地域密着型通所介護】広島県世羅郡世羅町本郷1265-2", "url": "https://www.kaigokensaku.mhlw.go.jp/34/index.php?action_kouhyou_detail_004_kani=true&JigyosyoCd=3474200478-00&ServiceCd=780&Type=search", "url2": null }, "geometry": { "type": "Point", "coordinates": [ 133.044473859524459, 34.593166215749555 ] } },
{ "type": "Feature", "properties": { "内容": "デイサービスポーラスター【地域密着型通所介護】広島県神石郡神石高原町階見９３０番地", "url": "https://www.kaigokensaku.mhlw.go.jp/34/index.php?action_kouhyou_detail_004_kani=true&JigyosyoCd=3474600214-00&ServiceCd=780&Type=search", "url2": null }, "geometry": { "type": "Point", "coordinates": [ 133.196433599999978, 34.6829484 ] } },
{ "type": "Feature", "properties": { "内容": "紅輝会指定通所介護事業所　陽光の里【地域密着型通所介護】広島県神石郡神石高原町下豊松534番地1", "url": "https://www.kaigokensaku.mhlw.go.jp/34/index.php?action_kouhyou_detail_004_kani=true&JigyosyoCd=3474600107-00&ServiceCd=780&Type=search", "url2": null }, "geometry": { "type": "Point", "coordinates": [ 133.340237699999989, 34.777811 ] } },
{ "type": "Feature", "properties": { "内容": "紅輝会指定通所介護事業所　メルシーさんわ【地域密着型通所介護】広島県神石郡神石高原町小畠1530番地1", "url": "https://www.kaigokensaku.mhlw.go.jp/34/index.php?action_kouhyou_detail_004_kani=true&JigyosyoCd=3494600079-00&ServiceCd=780&Type=search", "url2": "http://kbk-group.or.jp/" }, "geometry": { "type": "Point", "coordinates": [ 133.251533, 34.7043412 ] } }
]
}
