{
"type": "FeatureCollection",
"name": "geo_34_5",
"crs": { "type": "name", "properties": { "name": "urn:ogc:def:crs:OGC:1.3:CRS84" } },
"features": [
{ "type": "Feature", "properties": { "ID": 3457340000010, "正式名称": "橋本薬局", "機関区分": 5, "都道府県コード": 34, "市区町村コード": 101, "所在地": "広島県広島市中区白島北町１０番１３号", "緯度": 34.408981, "経度": 132.463567, "url": "https://www.iryou.teikyouseido.mhlw.go.jp/znk-web/juminkanja/S2430/initialize?prefCd=34&kikanCd=7340000010&kikanKbn=5", "url2": null, "内容": "橋本薬局【5:薬局】広島県広島市中区白島北町１０番１３号" }, "geometry": { "type": "Point", "coordinates": [ 132.463567, 34.408981 ] } },
{ "type": "Feature", "properties": { "ID": 3457340000030, "正式名称": "めいぷる薬局", "機関区分": 5, "都道府県コード": 34, "市区町村コード": 101, "所在地": "広島県広島市中区白島北町１３番１２号", "緯度": 34.408804, "経度": 132.462176, "url": "https://www.iryou.teikyouseido.mhlw.go.jp/znk-web/juminkanja/S2430/initialize?prefCd=34&kikanCd=7340000030&kikanKbn=5", "url2": null, "内容": "めいぷる薬局【5:薬局】広島県広島市中区白島北町１３番１２号" }, "geometry": { "type": "Point", "coordinates": [ 132.462176, 34.408804 ] } },
{ "type": "Feature", "properties": { "ID": 3457340000040, "正式名称": "コスモ薬局　白島店", "機関区分": 5, "都道府県コード": 34, "市区町村コード": 101, "所在地": "広島県広島市中区白島北町１０番４号　アスタービル　１Ｆ", "緯度": 34.409703, "経度": 132.463733, "url": "https://www.iryou.teikyouseido.mhlw.go.jp/znk-web/juminkanja/S2430/initialize?prefCd=34&kikanCd=7340000040&kikanKbn=5", "url2": null, "内容": "コスモ薬局　白島店【5:薬局】広島県広島市中区白島北町１０番４号　アスタービル　１Ｆ" }, "geometry": { "type": "Point", "coordinates": [ 132.463733, 34.409703 ] } },
{ "type": "Feature", "properties": { "ID": 3457340000170, "正式名称": "ひとみ薬局", "機関区分": 5, "都道府県コード": 34, "市区町村コード": 101, "所在地": "広島県広島市中区基町１８－４－２", "緯度": 34.403426, "経度": 132.454901, "url": "https://www.iryou.teikyouseido.mhlw.go.jp/znk-web/juminkanja/S2430/initialize?prefCd=34&kikanCd=7340000170&kikanKbn=5", "url2": null, "内容": "ひとみ薬局【5:薬局】広島県広島市中区基町１８－４－２" }, "geometry": { "type": "Point", "coordinates": [ 132.454901, 34.403426 ] } },
{ "type": "Feature", "properties": { "ID": 3457340000180, "正式名称": "ドラッグプラスアルファ薬局", "機関区分": 5, "都道府県コード": 34, "市区町村コード": 101, "所在地": "広島県広島市中区基町６番７８号ＮＴＴクレド基町ビルパセーラＢ１Ｆ", "緯度": 34.397065, "経度": 132.456957, "url": "https://www.iryou.teikyouseido.mhlw.go.jp/znk-web/juminkanja/S2430/initialize?prefCd=34&kikanCd=7340000180&kikanKbn=5", "url2": null, "内容": "ドラッグプラスアルファ薬局【5:薬局】広島県広島市中区基町６番７８号ＮＴＴクレド基町ビルパセーラＢ１Ｆ" }, "geometry": { "type": "Point", "coordinates": [ 132.456957, 34.397065 ] } },
{ "type": "Feature", "properties": { "ID": 3457340000210, "正式名称": "センター薬局", "機関区分": 5, "都道府県コード": 34, "市区町村コード": 101, "所在地": "広島県広島市中区基町６－２７アクアセンター街８階", "緯度": 34.395899, "経度": 132.457151, "url": "https://www.iryou.teikyouseido.mhlw.go.jp/znk-web/juminkanja/S2430/initialize?prefCd=34&kikanCd=7340000210&kikanKbn=5", "url2": null, "内容": "センター薬局【5:薬局】広島県広島市中区基町６－２７アクアセンター街８階" }, "geometry": { "type": "Point", "coordinates": [ 132.457151, 34.395899 ] } },
{ "type": "Feature", "properties": { "ID": 3457340000230, "正式名称": "コスモス薬局　グランドタワー店", "機関区分": 5, "都道府県コード": 34, "市区町村コード": 101, "所在地": "広島県広島市中区上八丁堀４－１　アーバングランドタワー１Ｆ", "緯度": 34.399454, "経度": 132.464512, "url": "https://www.iryou.teikyouseido.mhlw.go.jp/znk-web/juminkanja/S2430/initialize?prefCd=34&kikanCd=7340000230&kikanKbn=5", "url2": "http://www.reliance-cosmos.co.jp/", "内容": "コスモス薬局　グランドタワー店【5:薬局】広島県広島市中区上八丁堀４－１　アーバングランドタワー１Ｆ" }, "geometry": { "type": "Point", "coordinates": [ 132.464512, 34.399454 ] } },
{ "type": "Feature", "properties": { "ID": 3457340000250, "正式名称": "コスモス薬局　チュリス八丁堀店", "機関区分": 5, "都道府県コード": 34, "市区町村コード": 101, "所在地": "広島県広島市中区八丁堀６－７　チュリス八丁堀１Ｆ", "緯度": 34.395843, "経度": 132.463623, "url": "https://www.iryou.teikyouseido.mhlw.go.jp/znk-web/juminkanja/S2430/initialize?prefCd=34&kikanCd=7340000250&kikanKbn=5", "url2": "http://www.reliance-cosmos.co.jp/", "内容": "コスモス薬局　チュリス八丁堀店【5:薬局】広島県広島市中区八丁堀６－７　チュリス八丁堀１Ｆ" }, "geometry": { "type": "Point", "coordinates": [ 132.463623, 34.395843 ] } },
{ "type": "Feature", "properties": { "ID": 3457340000260, "正式名称": "有限会社　タケダ薬局", "機関区分": 5, "都道府県コード": 34, "市区町村コード": 101, "所在地": "広島県広島市中区八丁堀１１－１５　最上ビル１Ｆ", "緯度": 34.394936, "経度": 132.462238, "url": "https://www.iryou.teikyouseido.mhlw.go.jp/znk-web/juminkanja/S2430/initialize?prefCd=34&kikanCd=7340000260&kikanKbn=5", "url2": "http://www.takeda-pharmacy.jp/", "内容": "有限会社　タケダ薬局【5:薬局】広島県広島市中区八丁堀１１－１５　最上ビル１Ｆ" }, "geometry": { "type": "Point", "coordinates": [ 132.462238, 34.394936 ] } },
{ "type": "Feature", "properties": { "ID": 3457340000330, "正式名称": "ハーティ薬局幟町店", "機関区分": 5, "都道府県コード": 34, "市区町村コード": 101, "所在地": "広島県広島市中区幟町１３－４　広島マツダビル１階", "緯度": 34.393677, "経度": 132.465567, "url": "https://www.iryou.teikyouseido.mhlw.go.jp/znk-web/juminkanja/S2430/initialize?prefCd=34&kikanCd=7340000330&kikanKbn=5", "url2": "http://www.e-b-s.co.jp/company/tenpo.html", "内容": "ハーティ薬局幟町店【5:薬局】広島県広島市中区幟町１３－４　広島マツダビル１階" }, "geometry": { "type": "Point", "coordinates": [ 132.465567, 34.393677 ] } },
{ "type": "Feature", "properties": { "ID": 3457340000380, "正式名称": "コスモス八丁堀薬局", "機関区分": 5, "都道府県コード": 34, "市区町村コード": 101, "所在地": "広島県広島市中区鉄砲町１０－１８", "緯度": 34.394177, "経度": 132.463845, "url": "https://www.iryou.teikyouseido.mhlw.go.jp/znk-web/juminkanja/S2430/initialize?prefCd=34&kikanCd=7340000380&kikanKbn=5", "url2": "http://www.reliance-cosmos.co.jp/", "内容": "コスモス八丁堀薬局【5:薬局】広島県広島市中区鉄砲町１０－１８" }, "geometry": { "type": "Point", "coordinates": [ 132.463845, 34.394177 ] } },
{ "type": "Feature", "properties": { "ID": 3457340000390, "正式名称": "ウォンツ薬局　鉄砲町店", "機関区分": 5, "都道府県コード": 34, "市区町村コード": 101, "所在地": "広島県広島市中区鉄砲町９－１０", "緯度": 34.394233, "経度": 132.464623, "url": "https://www.iryou.teikyouseido.mhlw.go.jp/znk-web/juminkanja/S2430/initialize?prefCd=34&kikanCd=7340000390&kikanKbn=5", "url2": "https://www.wants.co.jp/", "内容": "ウォンツ薬局　鉄砲町店【5:薬局】広島県広島市中区鉄砲町９－１０" }, "geometry": { "type": "Point", "coordinates": [ 132.464623, 34.394233 ] } },
{ "type": "Feature", "properties": { "ID": 3457340000420, "正式名称": "大学薬局　薬研堀店", "機関区分": 5, "都道府県コード": 34, "市区町村コード": 101, "所在地": "広島県広島市中区薬研堀５－１６", "緯度": 34.390622, "経度": 132.465345, "url": "https://www.iryou.teikyouseido.mhlw.go.jp/znk-web/juminkanja/S2430/initialize?prefCd=34&kikanCd=7340000420&kikanKbn=5", "url2": null, "内容": "大学薬局　薬研堀店【5:薬局】広島県広島市中区薬研堀５－１６" }, "geometry": { "type": "Point", "coordinates": [ 132.465345, 34.390622 ] } },
{ "type": "Feature", "properties": { "ID": 3457340000440, "正式名称": "有限会社　中国薬局", "機関区分": 5, "都道府県コード": 34, "市区町村コード": 101, "所在地": "広島県広島市中区流川町２－３", "緯度": 34.391761, "経度": 132.464123, "url": "https://www.iryou.teikyouseido.mhlw.go.jp/znk-web/juminkanja/S2430/initialize?prefCd=34&kikanCd=7340000440&kikanKbn=5", "url2": null, "内容": "有限会社　中国薬局【5:薬局】広島県広島市中区流川町２－３" }, "geometry": { "type": "Point", "coordinates": [ 132.464123, 34.391761 ] } },
{ "type": "Feature", "properties": { "ID": 3457340000480, "正式名称": "コスモス薬局　紙屋町店", "機関区分": 5, "都道府県コード": 34, "市区町村コード": 101, "所在地": "広島県広島市中区紙屋町二丁目２番６号", "緯度": 34.394371, "経度": 132.45704, "url": "https://www.iryou.teikyouseido.mhlw.go.jp/znk-web/juminkanja/S2430/initialize?prefCd=34&kikanCd=7340000480&kikanKbn=5", "url2": "http://www.reliance-cosmos.co.jp/", "内容": "コスモス薬局　紙屋町店【5:薬局】広島県広島市中区紙屋町二丁目２番６号" }, "geometry": { "type": "Point", "coordinates": [ 132.45704, 34.394371 ] } },
{ "type": "Feature", "properties": { "ID": 3457340000500, "正式名称": "コスモス薬局　紙屋町東店", "機関区分": 5, "都道府県コード": 34, "市区町村コード": 101, "所在地": "広島県広島市中区紙屋町一丁目１－１７　広島ミッドタウンビル１階", "緯度": 34.394594, "経度": 132.459401, "url": "https://www.iryou.teikyouseido.mhlw.go.jp/znk-web/juminkanja/S2430/initialize?prefCd=34&kikanCd=7340000500&kikanKbn=5", "url2": "http://www.reliance-cosmos.co.jp/", "内容": "コスモス薬局　紙屋町東店【5:薬局】広島県広島市中区紙屋町一丁目１－１７　広島ミッドタウンビル１階" }, "geometry": { "type": "Point", "coordinates": [ 132.459401, 34.394594 ] } },
{ "type": "Feature", "properties": { "ID": 3457340000550, "正式名称": "立町薬局", "機関区分": 5, "都道府県コード": 34, "市区町村コード": 101, "所在地": "広島県広島市中区立町４番２号大橋ビル２階", "緯度": 34.39376, "経度": 132.460901, "url": "https://www.iryou.teikyouseido.mhlw.go.jp/znk-web/juminkanja/S2430/initialize?prefCd=34&kikanCd=7340000550&kikanKbn=5", "url2": "https://tatemachi-fm.com", "内容": "立町薬局【5:薬局】広島県広島市中区立町４番２号大橋ビル２階" }, "geometry": { "type": "Point", "coordinates": [ 132.460901, 34.39376 ] } },
{ "type": "Feature", "properties": { "ID": 3457340000560, "正式名称": "レモン薬局", "機関区分": 5, "都道府県コード": 34, "市区町村コード": 101, "所在地": "広島県広島市中区新天地５－１２－１Ｆ", "緯度": 34.391261, "経度": 132.461734, "url": "https://www.iryou.teikyouseido.mhlw.go.jp/znk-web/juminkanja/S2430/initialize?prefCd=34&kikanCd=7340000560&kikanKbn=5", "url2": null, "内容": "レモン薬局【5:薬局】広島県広島市中区新天地５－１２－１Ｆ" }, "geometry": { "type": "Point", "coordinates": [ 132.461734, 34.391261 ] } },
{ "type": "Feature", "properties": { "ID": 3457340000570, "正式名称": "アプコ調剤薬局", "機関区分": 5, "都道府県コード": 34, "市区町村コード": 101, "所在地": "広島県広島市中区新天地４－６　赤松ビル１Ｆ", "緯度": 34.391649, "経度": 132.46154, "url": "https://www.iryou.teikyouseido.mhlw.go.jp/znk-web/juminkanja/S2430/initialize?prefCd=34&kikanCd=7340000570&kikanKbn=5", "url2": "http://www.apco-group.jp/outline/", "内容": "アプコ調剤薬局【5:薬局】広島県広島市中区新天地４－６　赤松ビル１Ｆ" }, "geometry": { "type": "Point", "coordinates": [ 132.46154, 34.391649 ] } },
{ "type": "Feature", "properties": { "ID": 3457340000600, "正式名称": "赤松薬局", "機関区分": 5, "都道府県コード": 34, "市区町村コード": 101, "所在地": "広島県広島市中区本通８番２９号", "緯度": 34.394038, "経度": 132.458623, "url": "https://www.iryou.teikyouseido.mhlw.go.jp/znk-web/juminkanja/S2430/initialize?prefCd=34&kikanCd=7340000600&kikanKbn=5", "url2": "http://www.aka-matsu.co.jp/", "内容": "赤松薬局【5:薬局】広島県広島市中区本通８番２９号" }, "geometry": { "type": "Point", "coordinates": [ 132.458623, 34.394038 ] } },
{ "type": "Feature", "properties": { "ID": 3457340000620, "正式名称": "すずらん薬局", "機関区分": 5, "都道府県コード": 34, "市区町村コード": 101, "所在地": "広島県広島市中区袋町４－６", "緯度": 34.391955, "経度": 132.458012, "url": "https://www.iryou.teikyouseido.mhlw.go.jp/znk-web/juminkanja/S2430/initialize?prefCd=34&kikanCd=7340000620&kikanKbn=5", "url2": "https://www.horon-suzuran.com/tenpo-detail#ttl-hukuromachiten", "内容": "すずらん薬局【5:薬局】広島県広島市中区袋町４－６" }, "geometry": { "type": "Point", "coordinates": [ 132.458012, 34.391955 ] } },
{ "type": "Feature", "properties": { "ID": 3457340000650, "正式名称": "エスマイル薬局なか調剤店", "機関区分": 5, "都道府県コード": 34, "市区町村コード": 101, "所在地": "広島県広島市中区国泰寺町一丁目５番１８号", "緯度": 34.385983, "経度": 132.455568, "url": "https://www.iryou.teikyouseido.mhlw.go.jp/znk-web/juminkanja/S2430/initialize?prefCd=34&kikanCd=7340000650&kikanKbn=5", "url2": "http://www.ssmile.co.jp/", "内容": "エスマイル薬局なか調剤店【5:薬局】広島県広島市中区国泰寺町一丁目５番１８号" }, "geometry": { "type": "Point", "coordinates": [ 132.455568, 34.385983 ] } },
{ "type": "Feature", "properties": { "ID": 3457340000660, "正式名称": "たかの橋薬局", "機関区分": 5, "都道府県コード": 34, "市区町村コード": 101, "所在地": "広島県広島市中区国泰寺町２－４－２１", "緯度": 34.383817, "経度": 132.454041, "url": "https://www.iryou.teikyouseido.mhlw.go.jp/znk-web/juminkanja/S2430/initialize?prefCd=34&kikanCd=7340000660&kikanKbn=5", "url2": null, "内容": "たかの橋薬局【5:薬局】広島県広島市中区国泰寺町２－４－２１" }, "geometry": { "type": "Point", "coordinates": [ 132.454041, 34.383817 ] } },
{ "type": "Feature", "properties": { "ID": 3457340000680, "正式名称": "フジミ薬局", "機関区分": 5, "都道府県コード": 34, "市区町村コード": 101, "所在地": "広島県広島市中区富士見町５－５", "緯度": 34.386983, "経度": 132.461068, "url": "https://www.iryou.teikyouseido.mhlw.go.jp/znk-web/juminkanja/S2430/initialize?prefCd=34&kikanCd=7340000680&kikanKbn=5", "url2": "https://hongou.info", "内容": "フジミ薬局【5:薬局】広島県広島市中区富士見町５－５" }, "geometry": { "type": "Point", "coordinates": [ 132.461068, 34.386983 ] } },
{ "type": "Feature", "properties": { "ID": 3457340000690, "正式名称": "有限会社　デポ薬局", "機関区分": 5, "都道府県コード": 34, "市区町村コード": 101, "所在地": "広島県広島市中区富士見町１２－１５　ハイネス原野１Ｆ", "緯度": 34.386372, "経度": 132.460651, "url": "https://www.iryou.teikyouseido.mhlw.go.jp/znk-web/juminkanja/S2430/initialize?prefCd=34&kikanCd=7340000690&kikanKbn=5", "url2": null, "内容": "有限会社　デポ薬局【5:薬局】広島県広島市中区富士見町１２－１５　ハイネス原野１Ｆ" }, "geometry": { "type": "Point", "coordinates": [ 132.460651, 34.386372 ] } },
{ "type": "Feature", "properties": { "ID": 3457340000700, "正式名称": "富士見町りんご薬局", "機関区分": 5, "都道府県コード": 34, "市区町村コード": 101, "所在地": "広島県広島市中区富士見町　２－２０　チサンマンション１０１", "緯度": 34.387372, "経度": 132.46254, "url": "https://www.iryou.teikyouseido.mhlw.go.jp/znk-web/juminkanja/S2430/initialize?prefCd=34&kikanCd=7340000700&kikanKbn=5", "url2": null, "内容": "富士見町りんご薬局【5:薬局】広島県広島市中区富士見町　２－２０　チサンマンション１０１" }, "geometry": { "type": "Point", "coordinates": [ 132.46254, 34.387372 ] } },
{ "type": "Feature", "properties": { "ID": 3457340000720, "正式名称": "アスト薬局", "機関区分": 5, "都道府県コード": 34, "市区町村コード": 101, "所在地": "広島県広島市中区鶴見町１４番２号清水ビル１０１号", "緯度": 34.384289, "経度": 132.465429, "url": "https://www.iryou.teikyouseido.mhlw.go.jp/znk-web/juminkanja/S2430/initialize?prefCd=34&kikanCd=7340000720&kikanKbn=5", "url2": "http://www.ast-ph.co.jp", "内容": "アスト薬局【5:薬局】広島県広島市中区鶴見町１４番２号清水ビル１０１号" }, "geometry": { "type": "Point", "coordinates": [ 132.465429, 34.384289 ] } },
{ "type": "Feature", "properties": { "ID": 3457340000730, "正式名称": "ひらのばし薬局", "機関区分": 5, "都道府県コード": 34, "市区町村コード": 101, "所在地": "広島県広島市中区南竹屋町３番１５号　第一タカズミビル１Ｆ", "緯度": 34.382589, "経度": 132.460045, "url": "https://www.iryou.teikyouseido.mhlw.go.jp/znk-web/juminkanja/S2430/initialize?prefCd=34&kikanCd=7340000730&kikanKbn=5", "url2": "http://www.takazumi.co.jp/", "内容": "ひらのばし薬局【5:薬局】広島県広島市中区南竹屋町３番１５号　第一タカズミビル１Ｆ" }, "geometry": { "type": "Point", "coordinates": [ 132.460045, 34.382589 ] } },
{ "type": "Feature", "properties": { "ID": 3457340000780, "正式名称": "大手町調剤薬局", "機関区分": 5, "都道府県コード": 34, "市区町村コード": 101, "所在地": "広島県広島市中区大手町三丁目１３番８号　ホンキョウジビル１階", "緯度": 34.386428, "経度": 132.453874, "url": "https://www.iryou.teikyouseido.mhlw.go.jp/znk-web/juminkanja/S2430/initialize?prefCd=34&kikanCd=7340000780&kikanKbn=5", "url2": null, "内容": "大手町調剤薬局【5:薬局】広島県広島市中区大手町三丁目１３番８号　ホンキョウジビル１階" }, "geometry": { "type": "Point", "coordinates": [ 132.453874, 34.386428 ] } },
{ "type": "Feature", "properties": { "ID": 3457340000810, "正式名称": "コスモ薬局", "機関区分": 5, "都道府県コード": 34, "市区町村コード": 101, "所在地": "広島県広島市中区大手町三丁目６－４　カルチェ大手町１Ｆ", "緯度": 34.388011, "経度": 132.454235, "url": "https://www.iryou.teikyouseido.mhlw.go.jp/znk-web/juminkanja/S2430/initialize?prefCd=34&kikanCd=7340000810&kikanKbn=5", "url2": null, "内容": "コスモ薬局【5:薬局】広島県広島市中区大手町三丁目６－４　カルチェ大手町１Ｆ" }, "geometry": { "type": "Point", "coordinates": [ 132.454235, 34.388011 ] } },
{ "type": "Feature", "properties": { "ID": 3457340000820, "正式名称": "ベスト薬局　大手町店", "機関区分": 5, "都道府県コード": 34, "市区町村コード": 101, "所在地": "広島県広島市中区大手町五丁目２－２２山陽第二ビル１０２号", "緯度": 34.384678, "経度": 132.452235, "url": "https://www.iryou.teikyouseido.mhlw.go.jp/znk-web/juminkanja/S2430/initialize?prefCd=34&kikanCd=7340000820&kikanKbn=5", "url2": null, "内容": "ベスト薬局　大手町店【5:薬局】広島県広島市中区大手町五丁目２－２２山陽第二ビル１０２号" }, "geometry": { "type": "Point", "coordinates": [ 132.452235, 34.384678 ] } },
{ "type": "Feature", "properties": { "ID": 3457340000830, "正式名称": "すずらん薬局　大手町店", "機関区分": 5, "都道府県コード": 34, "市区町村コード": 101, "所在地": "広島県広島市中区大手町一丁目５番２２号", "緯度": 34.394503, "経度": 132.454758, "url": "https://www.iryou.teikyouseido.mhlw.go.jp/znk-web/juminkanja/S2430/initialize?prefCd=34&kikanCd=7340000830&kikanKbn=5", "url2": "https://www.horon-suzuran.com/tenpo-detail#ttl-ootemachiten", "内容": "すずらん薬局　大手町店【5:薬局】広島県広島市中区大手町一丁目５番２２号" }, "geometry": { "type": "Point", "coordinates": [ 132.454758, 34.394503 ] } },
{ "type": "Feature", "properties": { "ID": 3457340000890, "正式名称": "株式会社　風行", "機関区分": 5, "都道府県コード": 34, "市区町村コード": 101, "所在地": "広島県広島市中区千田町３－９－１５", "緯度": 34.375679, "経度": 132.458235, "url": "https://www.iryou.teikyouseido.mhlw.go.jp/znk-web/juminkanja/S2430/initialize?prefCd=34&kikanCd=7340000890&kikanKbn=5", "url2": "https://shuhodo.fc2.page/", "内容": "株式会社　風行【5:薬局】広島県広島市中区千田町３－９－１５" }, "geometry": { "type": "Point", "coordinates": [ 132.458235, 34.375679 ] } },
{ "type": "Feature", "properties": { "ID": 3457340000900, "正式名称": "ウォンツ薬局　日赤病院前店", "機関区分": 5, "都道府県コード": 34, "市区町村コード": 101, "所在地": "広島県広島市中区千田町一丁目７－１０", "緯度": 34.381678, "経度": 132.454263, "url": "https://www.iryou.teikyouseido.mhlw.go.jp/znk-web/juminkanja/S2430/initialize?prefCd=34&kikanCd=7340000900&kikanKbn=5", "url2": "https://www.wants.co.jp/", "内容": "ウォンツ薬局　日赤病院前店【5:薬局】広島県広島市中区千田町一丁目７－１０" }, "geometry": { "type": "Point", "coordinates": [ 132.454263, 34.381678 ] } },
{ "type": "Feature", "properties": { "ID": 3457340000910, "正式名称": "かりん薬局", "機関区分": 5, "都道府県コード": 34, "市区町村コード": 101, "所在地": "広島県広島市中区千田町一丁目７－１１", "緯度": 34.381595, "経度": 132.454235, "url": "https://www.iryou.teikyouseido.mhlw.go.jp/znk-web/juminkanja/S2430/initialize?prefCd=34&kikanCd=7340000910&kikanKbn=5", "url2": null, "内容": "かりん薬局【5:薬局】広島県広島市中区千田町一丁目７－１１" }, "geometry": { "type": "Point", "coordinates": [ 132.454235, 34.381595 ] } },
{ "type": "Feature", "properties": { "ID": 3457340000960, "正式名称": "森薬盛堂薬局", "機関区分": 5, "都道府県コード": 34, "市区町村コード": 101, "所在地": "広島県広島市中区千田町　３－１１－３", "緯度": 34.37579, "経度": 132.458846, "url": "https://www.iryou.teikyouseido.mhlw.go.jp/znk-web/juminkanja/S2430/initialize?prefCd=34&kikanCd=7340000960&kikanKbn=5", "url2": null, "内容": "森薬盛堂薬局【5:薬局】広島県広島市中区千田町　３－１１－３" }, "geometry": { "type": "Point", "coordinates": [ 132.458846, 34.37579 ] } },
{ "type": "Feature", "properties": { "ID": 3457340000970, "正式名称": "あおぞら薬局　電車通り店", "機関区分": 5, "都道府県コード": 34, "市区町村コード": 101, "所在地": "広島県広島市中区千田町１丁目９－５", "緯度": 34.381484, "経度": 132.455152, "url": "https://www.iryou.teikyouseido.mhlw.go.jp/znk-web/juminkanja/S2430/initialize?prefCd=34&kikanCd=7340000970&kikanKbn=5", "url2": null, "内容": "あおぞら薬局　電車通り店【5:薬局】広島県広島市中区千田町１丁目９－５" }, "geometry": { "type": "Point", "coordinates": [ 132.455152, 34.381484 ] } },
{ "type": "Feature", "properties": { "ID": 3457340001000, "正式名称": "あいおい橋薬局", "機関区分": 5, "都道府県コード": 34, "市区町村コード": 101, "所在地": "広島県広島市中区本川町一丁目１－２６　山根ビル１階", "緯度": 34.39651, "経度": 132.450929, "url": "https://www.iryou.teikyouseido.mhlw.go.jp/znk-web/juminkanja/S2430/initialize?prefCd=34&kikanCd=7340001000&kikanKbn=5", "url2": "https://www.link-nets.com/pharmacy/2184", "内容": "あいおい橋薬局【5:薬局】広島県広島市中区本川町一丁目１－２６　山根ビル１階" }, "geometry": { "type": "Point", "coordinates": [ 132.450929, 34.39651 ] } },
{ "type": "Feature", "properties": { "ID": 3457340001010, "正式名称": "寺町漢方薬局", "機関区分": 5, "都道府県コード": 34, "市区町村コード": 101, "所在地": "広島県広島市中区広瀬北町８－２", "緯度": 34.402342, "経度": 132.448207, "url": "https://www.iryou.teikyouseido.mhlw.go.jp/znk-web/juminkanja/S2430/initialize?prefCd=34&kikanCd=7340001010&kikanKbn=5", "url2": "http://www.kigusuri.com/shop/teramachi-kanpou/", "内容": "寺町漢方薬局【5:薬局】広島県広島市中区広瀬北町８－２" }, "geometry": { "type": "Point", "coordinates": [ 132.448207, 34.402342 ] } },
{ "type": "Feature", "properties": { "ID": 3457340001050, "正式名称": "スミイ薬局", "機関区分": 5, "都道府県コード": 34, "市区町村コード": 101, "所在地": "広島県広島市中区西十日市町１－２", "緯度": 34.398732, "経度": 132.44718, "url": "https://www.iryou.teikyouseido.mhlw.go.jp/znk-web/juminkanja/S2430/initialize?prefCd=34&kikanCd=7340001050&kikanKbn=5", "url2": null, "内容": "スミイ薬局【5:薬局】広島県広島市中区西十日市町１－２" }, "geometry": { "type": "Point", "coordinates": [ 132.44718, 34.398732 ] } },
{ "type": "Feature", "properties": { "ID": 3457340001080, "正式名称": "有限会社　ウエムラ調剤薬局", "機関区分": 5, "都道府県コード": 34, "市区町村コード": 101, "所在地": "広島県広島市中区住吉町８－２", "緯度": 34.384122, "経度": 132.44893, "url": "https://www.iryou.teikyouseido.mhlw.go.jp/znk-web/juminkanja/S2430/initialize?prefCd=34&kikanCd=7340001080&kikanKbn=5", "url2": "https://www.uemurapharmacy.com", "内容": "有限会社　ウエムラ調剤薬局【5:薬局】広島県広島市中区住吉町８－２" }, "geometry": { "type": "Point", "coordinates": [ 132.44893, 34.384122 ] } },
{ "type": "Feature", "properties": { "ID": 3457340001110, "正式名称": "すずらん薬局　吉島店", "機関区分": 5, "都道府県コード": 34, "市区町村コード": 101, "所在地": "広島県広島市中区吉島東１丁目４－１７", "緯度": 34.376567, "経度": 132.449569, "url": "https://www.iryou.teikyouseido.mhlw.go.jp/znk-web/juminkanja/S2430/initialize?prefCd=34&kikanCd=7340001110&kikanKbn=5", "url2": "https://www.horon-suzuran.com/tenpo-detail#ttl-yoshijimaten", "内容": "すずらん薬局　吉島店【5:薬局】広島県広島市中区吉島東１丁目４－１７" }, "geometry": { "type": "Point", "coordinates": [ 132.449569, 34.376567 ] } },
{ "type": "Feature", "properties": { "ID": 3457340001120, "正式名称": "そらいろ薬局　吉島店", "機関区分": 5, "都道府県コード": 34, "市区町村コード": 101, "所在地": "広島県広島市中区吉島東一丁目２３－１０", "緯度": 34.372735, "経度": 132.450431, "url": "https://www.iryou.teikyouseido.mhlw.go.jp/znk-web/juminkanja/S2430/initialize?prefCd=34&kikanCd=7340001120&kikanKbn=5", "url2": null, "内容": "そらいろ薬局　吉島店【5:薬局】広島県広島市中区吉島東一丁目２３－１０" }, "geometry": { "type": "Point", "coordinates": [ 132.450431, 34.372735 ] } },
{ "type": "Feature", "properties": { "ID": 3457340001140, "正式名称": "ウォンツ　吉島薬局", "機関区分": 5, "都道府県コード": 34, "市区町村コード": 101, "所在地": "広島県広島市中区吉島西二丁目１５－１２", "緯度": 34.372929, "経度": 132.445126, "url": "https://www.iryou.teikyouseido.mhlw.go.jp/znk-web/juminkanja/S2430/initialize?prefCd=34&kikanCd=7340001140&kikanKbn=5", "url2": "https://www.wants.co.jp/", "内容": "ウォンツ　吉島薬局【5:薬局】広島県広島市中区吉島西二丁目１５－１２" }, "geometry": { "type": "Point", "coordinates": [ 132.445126, 34.372929 ] } },
{ "type": "Feature", "properties": { "ID": 3457340001160, "正式名称": "光南薬局", "機関区分": 5, "都道府県コード": 34, "市区町村コード": 101, "所在地": "広島県広島市中区光南１丁目１３－１１", "緯度": 34.366547, "経度": 132.448089, "url": "https://www.iryou.teikyouseido.mhlw.go.jp/znk-web/juminkanja/S2430/initialize?prefCd=34&kikanCd=7340001160&kikanKbn=5", "url2": null, "内容": "光南薬局【5:薬局】広島県広島市中区光南１丁目１３－１１" }, "geometry": { "type": "Point", "coordinates": [ 132.448089, 34.366547 ] } },
{ "type": "Feature", "properties": { "ID": 3457340001180, "正式名称": "有限会社鞍掛薬局", "機関区分": 5, "都道府県コード": 34, "市区町村コード": 101, "所在地": "広島県広島市中区光南一丁目１６－２１", "緯度": 34.367374, "経度": 132.446292, "url": "https://www.iryou.teikyouseido.mhlw.go.jp/znk-web/juminkanja/S2430/initialize?prefCd=34&kikanCd=7340001180&kikanKbn=5", "url2": "https://kurakake-pharmacy.co.jp", "内容": "有限会社鞍掛薬局【5:薬局】広島県広島市中区光南一丁目１６－２１" }, "geometry": { "type": "Point", "coordinates": [ 132.446292, 34.367374 ] } },
{ "type": "Feature", "properties": { "ID": 3457340001200, "正式名称": "有限会社　ホケン薬局", "機関区分": 5, "都道府県コード": 34, "市区町村コード": 101, "所在地": "広島県広島市中区江波本町１５－１４", "緯度": 34.368401, "経度": 132.43471, "url": "https://www.iryou.teikyouseido.mhlw.go.jp/znk-web/juminkanja/S2430/initialize?prefCd=34&kikanCd=7340001200&kikanKbn=5", "url2": "http://hoken-y.com/", "内容": "有限会社　ホケン薬局【5:薬局】広島県広島市中区江波本町１５－１４" }, "geometry": { "type": "Point", "coordinates": [ 132.43471, 34.368401 ] } },
{ "type": "Feature", "properties": { "ID": 3457340001270, "正式名称": "わかば薬局", "機関区分": 5, "都道府県コード": 34, "市区町村コード": 101, "所在地": "広島県広島市中区舟入中町８番６号", "緯度": 34.386816, "経度": 132.443069, "url": "https://www.iryou.teikyouseido.mhlw.go.jp/znk-web/juminkanja/S2430/initialize?prefCd=34&kikanCd=7340001270&kikanKbn=5", "url2": null, "内容": "わかば薬局【5:薬局】広島県広島市中区舟入中町８番６号" }, "geometry": { "type": "Point", "coordinates": [ 132.443069, 34.386816 ] } },
{ "type": "Feature", "properties": { "ID": 3457340001310, "正式名称": "有限会社エヌ・イー・ピー　舟入本町調剤薬局", "機関区分": 5, "都道府県コード": 34, "市区町村コード": 101, "所在地": "広島県広島市中区舟入本町１５－１９", "緯度": 34.385066, "経度": 132.443375, "url": "https://www.iryou.teikyouseido.mhlw.go.jp/znk-web/juminkanja/S2430/initialize?prefCd=34&kikanCd=7340001310&kikanKbn=5", "url2": null, "内容": "有限会社エヌ・イー・ピー　舟入本町調剤薬局【5:薬局】広島県広島市中区舟入本町１５－１９" }, "geometry": { "type": "Point", "coordinates": [ 132.443375, 34.385066 ] } },
{ "type": "Feature", "properties": { "ID": 3457340001350, "正式名称": "有限会社　ウエスギ薬局", "機関区分": 5, "都道府県コード": 34, "市区町村コード": 101, "所在地": "広島県広島市中区舟入南　１－３－１４", "緯度": 34.380122, "経度": 132.43957, "url": "https://www.iryou.teikyouseido.mhlw.go.jp/znk-web/juminkanja/S2430/initialize?prefCd=34&kikanCd=7340001350&kikanKbn=5", "url2": "uesugi-p.com", "内容": "有限会社　ウエスギ薬局【5:薬局】広島県広島市中区舟入南　１－３－１４" }, "geometry": { "type": "Point", "coordinates": [ 132.43957, 34.380122 ] } },
{ "type": "Feature", "properties": { "ID": 3457340001360, "正式名称": "濱崎漢方薬局", "機関区分": 5, "都道府県コード": 34, "市区町村コード": 101, "所在地": "広島県広島市中区舟入南五丁目６－１２　山中ビル１Ｆ", "緯度": 34.37454, "経度": 132.437154, "url": "https://www.iryou.teikyouseido.mhlw.go.jp/znk-web/juminkanja/S2430/initialize?prefCd=34&kikanCd=7340001360&kikanKbn=5", "url2": "https://sites.google.com/view/hama-c-pha/", "内容": "濱崎漢方薬局【5:薬局】広島県広島市中区舟入南五丁目６－１２　山中ビル１Ｆ" }, "geometry": { "type": "Point", "coordinates": [ 132.437154, 34.37454 ] } },
{ "type": "Feature", "properties": { "ID": 3457340001370, "正式名称": "ドレミ薬局", "機関区分": 5, "都道府県コード": 34, "市区町村コード": 101, "所在地": "広島県広島市中区舟入南四丁目５－３", "緯度": 34.377678, "経度": 132.438459, "url": "https://www.iryou.teikyouseido.mhlw.go.jp/znk-web/juminkanja/S2430/initialize?prefCd=34&kikanCd=7340001370&kikanKbn=5", "url2": "https://www.nexus-g.jp", "内容": "ドレミ薬局【5:薬局】広島県広島市中区舟入南四丁目５－３" }, "geometry": { "type": "Point", "coordinates": [ 132.438459, 34.377678 ] } },
{ "type": "Feature", "properties": { "ID": 3457340001410, "正式名称": "有限会社エヌ・イー・ピー　さくら薬局", "機関区分": 5, "都道府県コード": 34, "市区町村コード": 101, "所在地": "広島県広島市中区猫屋町１－１６　吉田ビル１階", "緯度": 34.395288, "経度": 132.449096, "url": "https://www.iryou.teikyouseido.mhlw.go.jp/znk-web/juminkanja/S2430/initialize?prefCd=34&kikanCd=7340001410&kikanKbn=5", "url2": null, "内容": "有限会社エヌ・イー・ピー　さくら薬局【5:薬局】広島県広島市中区猫屋町１－１６　吉田ビル１階" }, "geometry": { "type": "Point", "coordinates": [ 132.449096, 34.395288 ] } },
{ "type": "Feature", "properties": { "ID": 3457340001420, "正式名称": "キララ薬局　白島店", "機関区分": 5, "都道府県コード": 34, "市区町村コード": 101, "所在地": "広島県広島市中区東白島町８番１９号　中津井ビル１階", "緯度": 34.405806, "経度": 132.465994, "url": "https://www.iryou.teikyouseido.mhlw.go.jp/znk-web/juminkanja/S2430/initialize?prefCd=34&kikanCd=7340001420&kikanKbn=5", "url2": "https://www.nexus-g.jp", "内容": "キララ薬局　白島店【5:薬局】広島県広島市中区東白島町８番１９号　中津井ビル１階" }, "geometry": { "type": "Point", "coordinates": [ 132.465994, 34.405806 ] } },
{ "type": "Feature", "properties": { "ID": 3457340001450, "正式名称": "有限会社　ライカ薬局　河原町薬局", "機関区分": 5, "都道府県コード": 34, "市区町村コード": 101, "所在地": "広島県広島市中区河原町　１１－１９", "緯度": 34.389455, "経度": 132.446014, "url": "https://www.iryou.teikyouseido.mhlw.go.jp/znk-web/juminkanja/S2430/initialize?prefCd=34&kikanCd=7340001450&kikanKbn=5", "url2": null, "内容": "有限会社　ライカ薬局　河原町薬局【5:薬局】広島県広島市中区河原町　１１－１９" }, "geometry": { "type": "Point", "coordinates": [ 132.446014, 34.389455 ] } },
{ "type": "Feature", "properties": { "ID": 3457340001490, "正式名称": "かえで薬局", "機関区分": 5, "都道府県コード": 34, "市区町村コード": 105, "所在地": "広島県広島市安佐南区八木四丁目６－７", "緯度": 34.483085, "経度": 132.497394, "url": "https://www.iryou.teikyouseido.mhlw.go.jp/znk-web/juminkanja/S2430/initialize?prefCd=34&kikanCd=7340001490&kikanKbn=5", "url2": "https://hongou.info", "内容": "かえで薬局【5:薬局】広島県広島市安佐南区八木四丁目６－７" }, "geometry": { "type": "Point", "coordinates": [ 132.497394, 34.483085 ] } },
{ "type": "Feature", "properties": { "ID": 3457340001500, "正式名称": "あかね薬局　八木店", "機関区分": 5, "都道府県コード": 34, "市区町村コード": 105, "所在地": "広島県広島市安佐南区八木８－１１－１１", "緯度": 34.491177, "経度": 132.50604, "url": "https://www.iryou.teikyouseido.mhlw.go.jp/znk-web/juminkanja/S2430/initialize?prefCd=34&kikanCd=7340001500&kikanKbn=5", "url2": "https://www.link-nets.com", "内容": "あかね薬局　八木店【5:薬局】広島県広島市安佐南区八木８－１１－１１" }, "geometry": { "type": "Point", "coordinates": [ 132.50604, 34.491177 ] } },
{ "type": "Feature", "properties": { "ID": 3457340001510, "正式名称": "みやもと薬局", "機関区分": 5, "都道府県コード": 34, "市区町村コード": 105, "所在地": "広島県広島市安佐南区川内六丁目４２－２４", "緯度": 34.470558, "経度": 132.486673, "url": "https://www.iryou.teikyouseido.mhlw.go.jp/znk-web/juminkanja/S2430/initialize?prefCd=34&kikanCd=7340001510&kikanKbn=5", "url2": null, "内容": "みやもと薬局【5:薬局】広島県広島市安佐南区川内六丁目４２－２４" }, "geometry": { "type": "Point", "coordinates": [ 132.486673, 34.470558 ] } },
{ "type": "Feature", "properties": { "ID": 3457340001540, "正式名称": "ミント薬局　川内店", "機関区分": 5, "都道府県コード": 34, "市区町村コード": 105, "所在地": "広島県広島市安佐南区川内五丁目３１－１０", "緯度": 34.468114, "経度": 132.483285, "url": "https://www.iryou.teikyouseido.mhlw.go.jp/znk-web/juminkanja/S2430/initialize?prefCd=34&kikanCd=7340001540&kikanKbn=5", "url2": "http://www.mint-pharmacy.jp", "内容": "ミント薬局　川内店【5:薬局】広島県広島市安佐南区川内五丁目３１－１０" }, "geometry": { "type": "Point", "coordinates": [ 132.483285, 34.468114 ] } },
{ "type": "Feature", "properties": { "ID": 3457340001570, "正式名称": "健光堂薬局", "機関区分": 5, "都道府県コード": 34, "市区町村コード": 105, "所在地": "広島県広島市安佐南区緑井二丁目１７－８－１", "緯度": 34.466114, "経度": 132.47273, "url": "https://www.iryou.teikyouseido.mhlw.go.jp/znk-web/juminkanja/S2430/initialize?prefCd=34&kikanCd=7340001570&kikanKbn=5", "url2": null, "内容": "健光堂薬局【5:薬局】広島県広島市安佐南区緑井二丁目１７－８－１" }, "geometry": { "type": "Point", "coordinates": [ 132.47273, 34.466114 ] } },
{ "type": "Feature", "properties": { "ID": 3457340001580, "正式名称": "コスモス薬局　緑井店", "機関区分": 5, "都道府県コード": 34, "市区町村コード": 105, "所在地": "広島県広島市安佐南区緑井二丁目１２－２６　１０１", "緯度": 34.467586, "経度": 132.470341, "url": "https://www.iryou.teikyouseido.mhlw.go.jp/znk-web/juminkanja/S2430/initialize?prefCd=34&kikanCd=7340001580&kikanKbn=5", "url2": "http://www.reliance-cosmos.co.jp/", "内容": "コスモス薬局　緑井店【5:薬局】広島県広島市安佐南区緑井二丁目１２－２６　１０１" }, "geometry": { "type": "Point", "coordinates": [ 132.470341, 34.467586 ] } },
{ "type": "Feature", "properties": { "ID": 3457340001600, "正式名称": "エスマイル薬局緑井店", "機関区分": 5, "都道府県コード": 34, "市区町村コード": 105, "所在地": "広島県広島市安佐南区緑井一丁目５－１－２０２号室", "緯度": 34.466225, "経度": 132.475424, "url": "https://www.iryou.teikyouseido.mhlw.go.jp/znk-web/juminkanja/S2430/initialize?prefCd=34&kikanCd=7340001600&kikanKbn=5", "url2": "http://www.ssmile.co.jp", "内容": "エスマイル薬局緑井店【5:薬局】広島県広島市安佐南区緑井一丁目５－１－２０２号室" }, "geometry": { "type": "Point", "coordinates": [ 132.475424, 34.466225 ] } },
{ "type": "Feature", "properties": { "ID": 3457340001610, "正式名称": "オズ薬局　緑井店", "機関区分": 5, "都道府県コード": 34, "市区町村コード": 105, "所在地": "広島県広島市安佐南区緑井三丁目１４－８", "緯度": 34.468836, "経度": 132.467591, "url": "https://www.iryou.teikyouseido.mhlw.go.jp/znk-web/juminkanja/S2430/initialize?prefCd=34&kikanCd=7340001610&kikanKbn=5", "url2": "https://www.ozu-pharmacy.jp/", "内容": "オズ薬局　緑井店【5:薬局】広島県広島市安佐南区緑井三丁目１４－８" }, "geometry": { "type": "Point", "coordinates": [ 132.467591, 34.468836 ] } },
{ "type": "Feature", "properties": { "ID": 3457340001630, "正式名称": "佐々木薬局", "機関区分": 5, "都道府県コード": 34, "市区町村コード": 105, "所在地": "広島県広島市安佐南区西原五丁目１９番１４－４川成ビル１０３号室", "緯度": 34.438783, "経度": 132.466593, "url": "https://www.iryou.teikyouseido.mhlw.go.jp/znk-web/juminkanja/S2430/initialize?prefCd=34&kikanCd=7340001630&kikanKbn=5", "url2": "sasakikanpou.sakura.ne.jp", "内容": "佐々木薬局【5:薬局】広島県広島市安佐南区西原五丁目１９番１４－４川成ビル１０３号室" }, "geometry": { "type": "Point", "coordinates": [ 132.466593, 34.438783 ] } },
{ "type": "Feature", "properties": { "ID": 3457340001660, "正式名称": "まえだ薬局　西原店", "機関区分": 5, "都道府県コード": 34, "市区町村コード": 105, "所在地": "広島県広島市安佐南区西原一丁目２５－３９－４", "緯度": 34.432895, "経度": 132.462427, "url": "https://www.iryou.teikyouseido.mhlw.go.jp/znk-web/juminkanja/S2430/initialize?prefCd=34&kikanCd=7340001660&kikanKbn=5", "url2": "http://kusurishop.com/", "内容": "まえだ薬局　西原店【5:薬局】広島県広島市安佐南区西原一丁目２５－３９－４" }, "geometry": { "type": "Point", "coordinates": [ 132.462427, 34.432895 ] } },
{ "type": "Feature", "properties": { "ID": 3457340001680, "正式名称": "有限会社　加藤薬局　にしはらの加藤薬局", "機関区分": 5, "都道府県コード": 34, "市区町村コード": 105, "所在地": "広島県広島市安佐南区西原六丁目２－１６", "緯度": 34.441172, "経度": 132.472815, "url": "https://www.iryou.teikyouseido.mhlw.go.jp/znk-web/juminkanja/S2430/initialize?prefCd=34&kikanCd=7340001680&kikanKbn=5", "url2": "https://www.kato-ph.jp/store.html#002", "内容": "有限会社　加藤薬局　にしはらの加藤薬局【5:薬局】広島県広島市安佐南区西原六丁目２－１６" }, "geometry": { "type": "Point", "coordinates": [ 132.472815, 34.441172 ] } },
{ "type": "Feature", "properties": { "ID": 3457340001700, "正式名称": "有限会社　加藤薬局　ぎおんの加藤薬局", "機関区分": 5, "都道府県コード": 34, "市区町村コード": 105, "所在地": "広島県広島市安佐南区西原四丁目１０－１４", "緯度": 34.438006, "経度": 132.467732, "url": "https://www.iryou.teikyouseido.mhlw.go.jp/znk-web/juminkanja/S2430/initialize?prefCd=34&kikanCd=7340001700&kikanKbn=5", "url2": "https://www.kato-ph.jp", "内容": "有限会社　加藤薬局　ぎおんの加藤薬局【5:薬局】広島県広島市安佐南区西原四丁目１０－１４" }, "geometry": { "type": "Point", "coordinates": [ 132.467732, 34.438006 ] } },
{ "type": "Feature", "properties": { "ID": 3457340001720, "正式名称": "ドレミ薬局", "機関区分": 5, "都道府県コード": 34, "市区町村コード": 105, "所在地": "広島県広島市安佐南区中須二丁目２０－４０", "緯度": 34.460531, "経度": 132.475147, "url": "https://www.iryou.teikyouseido.mhlw.go.jp/znk-web/juminkanja/S2430/initialize?prefCd=34&kikanCd=7340001720&kikanKbn=5", "url2": "http://www.harmony-co.jp", "内容": "ドレミ薬局【5:薬局】広島県広島市安佐南区中須二丁目２０－４０" }, "geometry": { "type": "Point", "coordinates": [ 132.475147, 34.460531 ] } },
{ "type": "Feature", "properties": { "ID": 3457340001730, "正式名称": "ナカス薬局", "機関区分": 5, "都道府県コード": 34, "市区町村コード": 105, "所在地": "広島県広島市安佐南区中須一丁目１６－５", "緯度": 34.456365, "経度": 132.470953, "url": "https://www.iryou.teikyouseido.mhlw.go.jp/znk-web/juminkanja/S2430/initialize?prefCd=34&kikanCd=7340001730&kikanKbn=5", "url2": "http://www.mikk-ligar.com/", "内容": "ナカス薬局【5:薬局】広島県広島市安佐南区中須一丁目１６－５" }, "geometry": { "type": "Point", "coordinates": [ 132.470953, 34.456365 ] } },
{ "type": "Feature", "properties": { "ID": 3457340001740, "正式名称": "有限会社加藤薬局　本店", "機関区分": 5, "都道府県コード": 34, "市区町村コード": 105, "所在地": "広島県広島市安佐南区中筋３丁目２６－９", "緯度": 34.452334, "経度": 132.478345, "url": "https://www.iryou.teikyouseido.mhlw.go.jp/znk-web/juminkanja/S2430/initialize?prefCd=34&kikanCd=7340001740&kikanKbn=5", "url2": "http://www.kato-ph.jp", "内容": "有限会社加藤薬局　本店【5:薬局】広島県広島市安佐南区中筋３丁目２６－９" }, "geometry": { "type": "Point", "coordinates": [ 132.478345, 34.452334 ] } },
{ "type": "Feature", "properties": { "ID": 3457340001780, "正式名称": "中筋アトム薬局", "機関区分": 5, "都道府県コード": 34, "市区町村コード": 105, "所在地": "広島県広島市安佐南区中筋一丁目３番１１号　１Ｆ", "緯度": 34.453185, "経度": 132.477082, "url": "https://www.iryou.teikyouseido.mhlw.go.jp/znk-web/juminkanja/S2430/initialize?prefCd=34&kikanCd=7340001780&kikanKbn=5", "url2": "http://www.kato-ph.jp", "内容": "中筋アトム薬局【5:薬局】広島県広島市安佐南区中筋一丁目３番１１号　１Ｆ" }, "geometry": { "type": "Point", "coordinates": [ 132.477082, 34.453185 ] } },
{ "type": "Feature", "properties": { "ID": 3457340001800, "正式名称": "有限会社　加藤薬局　加藤古市薬局", "機関区分": 5, "都道府県コード": 34, "市区町村コード": 105, "所在地": "広島県広島市安佐南区古市二丁目１８－１２", "緯度": 34.45231, "経度": 132.47037, "url": "https://www.iryou.teikyouseido.mhlw.go.jp/znk-web/juminkanja/S2430/initialize?prefCd=34&kikanCd=7340001800&kikanKbn=5", "url2": "https://www.kato-ph.jp", "内容": "有限会社　加藤薬局　加藤古市薬局【5:薬局】広島県広島市安佐南区古市二丁目１８－１２" }, "geometry": { "type": "Point", "coordinates": [ 132.47037, 34.45231 ] } },
{ "type": "Feature", "properties": { "ID": 3457340001810, "正式名称": "くすりの古市橋薬局", "機関区分": 5, "都道府県コード": 34, "市区町村コード": 105, "所在地": "広島県広島市安佐南区古市三丁目５－２７", "緯度": 34.45106, "経度": 132.469148, "url": "https://www.iryou.teikyouseido.mhlw.go.jp/znk-web/juminkanja/S2430/initialize?prefCd=34&kikanCd=7340001810&kikanKbn=5", "url2": null, "内容": "くすりの古市橋薬局【5:薬局】広島県広島市安佐南区古市三丁目５－２７" }, "geometry": { "type": "Point", "coordinates": [ 132.469148, 34.45106 ] } },
{ "type": "Feature", "properties": { "ID": 3457340001850, "正式名称": "株式会社ジェイ・ウィル　さくら薬局大町店", "機関区分": 5, "都道府県コード": 34, "市区町村コード": 105, "所在地": "広島県広島市安佐南区大町東二丁目１２－２５", "緯度": 34.460837, "経度": 132.468481, "url": "https://www.iryou.teikyouseido.mhlw.go.jp/znk-web/juminkanja/S2430/initialize?prefCd=34&kikanCd=7340001850&kikanKbn=5", "url2": null, "内容": "株式会社ジェイ・ウィル　さくら薬局大町店【5:薬局】広島県広島市安佐南区大町東二丁目１２－２５" }, "geometry": { "type": "Point", "coordinates": [ 132.468481, 34.460837 ] } },
{ "type": "Feature", "properties": { "ID": 3457340001870, "正式名称": "有限会社　住川薬局", "機関区分": 5, "都道府県コード": 34, "市区町村コード": 105, "所在地": "広島県広島市安佐南区大町西３－５－２５", "緯度": 34.466919, "経度": 132.46112, "url": "https://www.iryou.teikyouseido.mhlw.go.jp/znk-web/juminkanja/S2430/initialize?prefCd=34&kikanCd=7340001870&kikanKbn=5", "url2": null, "内容": "有限会社　住川薬局【5:薬局】広島県広島市安佐南区大町西３－５－２５" }, "geometry": { "type": "Point", "coordinates": [ 132.46112, 34.466919 ] } },
{ "type": "Feature", "properties": { "ID": 3457340001880, "正式名称": "びーだま薬局", "機関区分": 5, "都道府県コード": 34, "市区町村コード": 105, "所在地": "広島県広島市安佐南区大町西一丁目１－１１", "緯度": 34.459781, "経度": 132.466203, "url": "https://www.iryou.teikyouseido.mhlw.go.jp/znk-web/juminkanja/S2430/initialize?prefCd=34&kikanCd=7340001880&kikanKbn=5", "url2": "https://www.bi-dama.co.jp/", "内容": "びーだま薬局【5:薬局】広島県広島市安佐南区大町西一丁目１－１１" }, "geometry": { "type": "Point", "coordinates": [ 132.466203, 34.459781 ] } },
{ "type": "Feature", "properties": { "ID": 3457340001910, "正式名称": "有限会社　ワイズ薬局", "機関区分": 5, "都道府県コード": 34, "市区町村コード": 105, "所在地": "広島県広島市安佐南区山本町四丁目２６番２３号　吉田ビル１階", "緯度": 34.436339, "経度": 132.450317, "url": "https://www.iryou.teikyouseido.mhlw.go.jp/znk-web/juminkanja/S2430/initialize?prefCd=34&kikanCd=7340001910&kikanKbn=5", "url2": null, "内容": "有限会社　ワイズ薬局【5:薬局】広島県広島市安佐南区山本町四丁目２６番２３号　吉田ビル１階" }, "geometry": { "type": "Point", "coordinates": [ 132.450317, 34.436339 ] } },
{ "type": "Feature", "properties": { "ID": 3457340001920, "正式名称": "オール薬局　山本店", "機関区分": 5, "都道府県コード": 34, "市区町村コード": 105, "所在地": "広島県広島市安佐南区山本町一丁目１１－１０", "緯度": 34.436644, "経度": 132.453455, "url": "https://www.iryou.teikyouseido.mhlw.go.jp/znk-web/juminkanja/S2430/initialize?prefCd=34&kikanCd=7340001920&kikanKbn=5", "url2": "http://www.e-classa.net/owl-yamamoto/", "内容": "オール薬局　山本店【5:薬局】広島県広島市安佐南区山本町一丁目１１－１０" }, "geometry": { "type": "Point", "coordinates": [ 132.453455, 34.436644 ] } },
{ "type": "Feature", "properties": { "ID": 3457340001940, "正式名称": "有限会社　林薬局", "機関区分": 5, "都道府県コード": 34, "市区町村コード": 105, "所在地": "広島県広島市安佐南区祇園２－４７－２３", "緯度": 34.439783, "経度": 132.46426, "url": "https://www.iryou.teikyouseido.mhlw.go.jp/znk-web/juminkanja/S2430/initialize?prefCd=34&kikanCd=7340001940&kikanKbn=5", "url2": null, "内容": "有限会社　林薬局【5:薬局】広島県広島市安佐南区祇園２－４７－２３" }, "geometry": { "type": "Point", "coordinates": [ 132.46426, 34.439783 ] } },
{ "type": "Feature", "properties": { "ID": 3457340001950, "正式名称": "林薬局　上祇園店", "機関区分": 5, "都道府県コード": 34, "市区町村コード": 105, "所在地": "広島県広島市安佐南区祇園２－２２－２４", "緯度": 34.44257, "経度": 132.465631, "url": "https://www.iryou.teikyouseido.mhlw.go.jp/znk-web/juminkanja/S2430/initialize?prefCd=34&kikanCd=7340001950&kikanKbn=5", "url2": null, "内容": "林薬局　上祇園店【5:薬局】広島県広島市安佐南区祇園２－２２－２４" }, "geometry": { "type": "Point", "coordinates": [ 132.465631, 34.44257 ] } },
{ "type": "Feature", "properties": { "ID": 3457340001970, "正式名称": "ぎおん中央薬局", "機関区分": 5, "都道府県コード": 34, "市区町村コード": 105, "所在地": "広島県広島市安佐南区祇園二丁目１２－２７", "緯度": 34.444755, "経度": 132.467704, "url": "https://www.iryou.teikyouseido.mhlw.go.jp/znk-web/juminkanja/S2430/initialize?prefCd=34&kikanCd=7340001970&kikanKbn=5", "url2": "http://www.gion-chuou-pharma.com/", "内容": "ぎおん中央薬局【5:薬局】広島県広島市安佐南区祇園二丁目１２－２７" }, "geometry": { "type": "Point", "coordinates": [ 132.467704, 34.444755 ] } },
{ "type": "Feature", "properties": { "ID": 3457340001980, "正式名称": "マスダ薬局", "機関区分": 5, "都道府県コード": 34, "市区町村コード": 105, "所在地": "広島県広島市安佐南区祇園六丁目１７番１２号", "緯度": 34.445616, "経度": 132.463398, "url": "https://www.iryou.teikyouseido.mhlw.go.jp/znk-web/juminkanja/S2430/initialize?prefCd=34&kikanCd=7340001980&kikanKbn=5", "url2": null, "内容": "マスダ薬局【5:薬局】広島県広島市安佐南区祇園六丁目１７番１２号" }, "geometry": { "type": "Point", "coordinates": [ 132.463398, 34.445616 ] } },
{ "type": "Feature", "properties": { "ID": 3457340002020, "正式名称": "ウォンツ　相田薬局", "機関区分": 5, "都道府県コード": 34, "市区町村コード": 105, "所在地": "広島県広島市安佐南区相田一丁目３－１８", "緯度": 34.470196, "経度": 132.457037, "url": "https://www.iryou.teikyouseido.mhlw.go.jp/znk-web/juminkanja/S2430/initialize?prefCd=34&kikanCd=7340002020&kikanKbn=5", "url2": "https://www.wants.co.jp/", "内容": "ウォンツ　相田薬局【5:薬局】広島県広島市安佐南区相田一丁目３－１８" }, "geometry": { "type": "Point", "coordinates": [ 132.457037, 34.470196 ] } },
{ "type": "Feature", "properties": { "ID": 3457340002030, "正式名称": "ウォンツ　長楽寺薬局", "機関区分": 5, "都道府県コード": 34, "市区町村コード": 105, "所在地": "広島県広島市安佐南区長楽寺町一丁目２９－２５", "緯度": 34.473196, "経度": 132.430511, "url": "https://www.iryou.teikyouseido.mhlw.go.jp/znk-web/juminkanja/S2430/initialize?prefCd=34&kikanCd=7340002030&kikanKbn=5", "url2": "https://www.wants.co.jp/", "内容": "ウォンツ　長楽寺薬局【5:薬局】広島県広島市安佐南区長楽寺町一丁目２９－２５" }, "geometry": { "type": "Point", "coordinates": [ 132.430511, 34.473196 ] } },
{ "type": "Feature", "properties": { "ID": 3457340002040, "正式名称": "エスマイル薬局　長楽寺店", "機関区分": 5, "都道府県コード": 34, "市区町村コード": 105, "所在地": "広島県広島市安佐南区長楽寺町二丁目１３－３０", "緯度": 34.469696, "経度": 132.427456, "url": "https://www.iryou.teikyouseido.mhlw.go.jp/znk-web/juminkanja/S2430/initialize?prefCd=34&kikanCd=7340002040&kikanKbn=5", "url2": "http://www.ssmile.co.jp/", "内容": "エスマイル薬局　長楽寺店【5:薬局】広島県広島市安佐南区長楽寺町二丁目１３－３０" }, "geometry": { "type": "Point", "coordinates": [ 132.427456, 34.469696 ] } },
{ "type": "Feature", "properties": { "ID": 3457340002050, "正式名称": "タウン薬局　高取店", "機関区分": 5, "都道府県コード": 34, "市区町村コード": 105, "所在地": "広島県広島市安佐南区高取北一丁目４番２５号", "緯度": 34.474723, "経度": 132.437483, "url": "https://www.iryou.teikyouseido.mhlw.go.jp/znk-web/juminkanja/S2430/initialize?prefCd=34&kikanCd=7340002050&kikanKbn=5", "url2": "http://www.g-town.co.jp/", "内容": "タウン薬局　高取店【5:薬局】広島県広島市安佐南区高取北一丁目４番２５号" }, "geometry": { "type": "Point", "coordinates": [ 132.437483, 34.474723 ] } },
{ "type": "Feature", "properties": { "ID": 3457340002080, "正式名称": "タウン薬局　安東店", "機関区分": 5, "都道府県コード": 34, "市区町村コード": 105, "所在地": "広島県広島市安佐南区安東二丁目１０－２　Ｍ－ＴＯＷＮ１Ｆ", "緯度": 34.475557, "経度": 132.452926, "url": "https://www.iryou.teikyouseido.mhlw.go.jp/znk-web/juminkanja/S2430/initialize?prefCd=34&kikanCd=7340002080&kikanKbn=5", "url2": "http://www.g-town.co.jp/", "内容": "タウン薬局　安東店【5:薬局】広島県広島市安佐南区安東二丁目１０－２　Ｍ－ＴＯＷＮ１Ｆ" }, "geometry": { "type": "Point", "coordinates": [ 132.452926, 34.475557 ] } },
{ "type": "Feature", "properties": { "ID": 3457340002110, "正式名称": "アロー薬局　安店", "機関区分": 5, "都道府県コード": 34, "市区町村コード": 105, "所在地": "広島県広島市安佐南区上安２丁目４－４０", "緯度": 34.472541, "経度": 132.446642, "url": "https://www.iryou.teikyouseido.mhlw.go.jp/znk-web/juminkanja/S2430/initialize?prefCd=34&kikanCd=7340002110&kikanKbn=5", "url2": "http://hiroshima-arrow.com/", "内容": "アロー薬局　安店【5:薬局】広島県広島市安佐南区上安２丁目４－４０" }, "geometry": { "type": "Point", "coordinates": [ 132.446642, 34.472541 ] } },
{ "type": "Feature", "properties": { "ID": 3457340002120, "正式名称": "有限会社　ミック　ヒカリ薬局", "機関区分": 5, "都道府県コード": 34, "市区町村コード": 105, "所在地": "広島県広島市安佐南区上安町六丁目２４－１５", "緯度": 34.482195, "経度": 132.445565, "url": "https://www.iryou.teikyouseido.mhlw.go.jp/znk-web/juminkanja/S2430/initialize?prefCd=34&kikanCd=7340002120&kikanKbn=5", "url2": "http://www.mikk-ligar.com/", "内容": "有限会社　ミック　ヒカリ薬局【5:薬局】広島県広島市安佐南区上安町六丁目２４－１５" }, "geometry": { "type": "Point", "coordinates": [ 132.445565, 34.482195 ] } },
{ "type": "Feature", "properties": { "ID": 3457340002150, "正式名称": "大林スマイル薬局", "機関区分": 5, "都道府県コード": 34, "市区町村コード": 106, "所在地": "広島県広島市安佐北区大林一丁目２１－３４", "緯度": 34.547467, "経度": 132.53561, "url": "https://www.iryou.teikyouseido.mhlw.go.jp/znk-web/juminkanja/S2430/initialize?prefCd=34&kikanCd=7340002150&kikanKbn=5", "url2": null, "内容": "大林スマイル薬局【5:薬局】広島県広島市安佐北区大林一丁目２１－３４" }, "geometry": { "type": "Point", "coordinates": [ 132.53561, 34.547467 ] } },
{ "type": "Feature", "properties": { "ID": 3457340002180, "正式名称": "有限会社　可部中央薬局", "機関区分": 5, "都道府県コード": 34, "市区町村コード": 106, "所在地": "広島県広島市安佐北区可部四丁目１５－１８", "緯度": 34.516831, "経度": 132.507419, "url": "https://www.iryou.teikyouseido.mhlw.go.jp/znk-web/juminkanja/S2430/initialize?prefCd=34&kikanCd=7340002180&kikanKbn=5", "url2": "https://r.goope.jp/kabe2078", "内容": "有限会社　可部中央薬局【5:薬局】広島県広島市安佐北区可部四丁目１５－１８" }, "geometry": { "type": "Point", "coordinates": [ 132.507419, 34.516831 ] } },
{ "type": "Feature", "properties": { "ID": 3457340002190, "正式名称": "スズキ薬局", "機関区分": 5, "都道府県コード": 34, "市区町村コード": 106, "所在地": "広島県広島市安佐北区可部五丁目１１番２０号", "緯度": 34.520109, "経度": 132.511363, "url": "https://www.iryou.teikyouseido.mhlw.go.jp/znk-web/juminkanja/S2430/initialize?prefCd=34&kikanCd=7340002190&kikanKbn=5", "url2": "https//www.e-9383.com/pharmacy/760107/", "内容": "スズキ薬局【5:薬局】広島県広島市安佐北区可部五丁目１１番２０号" }, "geometry": { "type": "Point", "coordinates": [ 132.511363, 34.520109 ] } },
{ "type": "Feature", "properties": { "ID": 3457340002210, "正式名称": "三上漢方薬局", "機関区分": 5, "都道府県コード": 34, "市区町村コード": 106, "所在地": "広島県広島市安佐北区可部７丁目３－６", "緯度": 34.524303, "経度": 132.513196, "url": "https://www.iryou.teikyouseido.mhlw.go.jp/znk-web/juminkanja/S2430/initialize?prefCd=34&kikanCd=7340002210&kikanKbn=5", "url2": null, "内容": "三上漢方薬局【5:薬局】広島県広島市安佐北区可部７丁目３－６" }, "geometry": { "type": "Point", "coordinates": [ 132.513196, 34.524303 ] } },
{ "type": "Feature", "properties": { "ID": 3457340002220, "正式名称": "鈴木長育堂薬局", "機関区分": 5, "都道府県コード": 34, "市区町村コード": 106, "所在地": "広島県広島市安佐北区可部３－２４－２１", "緯度": 34.519026, "経度": 132.513363, "url": "https://www.iryou.teikyouseido.mhlw.go.jp/znk-web/juminkanja/S2430/initialize?prefCd=34&kikanCd=7340002220&kikanKbn=5", "url2": "https//www.e-9383.com/pharmacy/760105/", "内容": "鈴木長育堂薬局【5:薬局】広島県広島市安佐北区可部３－２４－２１" }, "geometry": { "type": "Point", "coordinates": [ 132.513363, 34.519026 ] } },
{ "type": "Feature", "properties": { "ID": 3457340002230, "正式名称": "有限会社　友愛薬局", "機関区分": 5, "都道府県コード": 34, "市区町村コード": 106, "所在地": "広島県広島市安佐北区可部五丁目４－２１", "緯度": 34.521775, "経度": 132.509137, "url": "https://www.iryou.teikyouseido.mhlw.go.jp/znk-web/juminkanja/S2430/initialize?prefCd=34&kikanCd=7340002230&kikanKbn=5", "url2": null, "内容": "有限会社　友愛薬局【5:薬局】広島県広島市安佐北区可部五丁目４－２１" }, "geometry": { "type": "Point", "coordinates": [ 132.509137, 34.521775 ] } },
{ "type": "Feature", "properties": { "ID": 3457340002260, "正式名称": "こうぜん薬局", "機関区分": 5, "都道府県コード": 34, "市区町村コード": 106, "所在地": "広島県広島市安佐北区可部三丁目３８－２３", "緯度": 34.517331, "経度": 132.510586, "url": "https://www.iryou.teikyouseido.mhlw.go.jp/znk-web/juminkanja/S2430/initialize?prefCd=34&kikanCd=7340002260&kikanKbn=5", "url2": "www.ssmile.co.jp", "内容": "こうぜん薬局【5:薬局】広島県広島市安佐北区可部三丁目３８－２３" }, "geometry": { "type": "Point", "coordinates": [ 132.510586, 34.517331 ] } },
{ "type": "Feature", "properties": { "ID": 3457340002270, "正式名称": "のぞみ薬局本店", "機関区分": 5, "都道府県コード": 34, "市区町村コード": 106, "所在地": "広島県広島市安佐北区可部五丁目１４－１９", "緯度": 34.519748, "経度": 132.509808, "url": "https://www.iryou.teikyouseido.mhlw.go.jp/znk-web/juminkanja/S2430/initialize?prefCd=34&kikanCd=7340002270&kikanKbn=5", "url2": "http://fourleaf-nozomi.net", "内容": "のぞみ薬局本店【5:薬局】広島県広島市安佐北区可部五丁目１４－１９" }, "geometry": { "type": "Point", "coordinates": [ 132.509808, 34.519748 ] } },
{ "type": "Feature", "properties": { "ID": 3457340002350, "正式名称": "日本調剤　安佐北薬局", "機関区分": 5, "都道府県コード": 34, "市区町村コード": 106, "所在地": "広島県広島市安佐北区可部南五丁目１３－１４　西井ビル", "緯度": 34.505444, "経度": 132.515058, "url": "https://www.iryou.teikyouseido.mhlw.go.jp/znk-web/juminkanja/S2430/initialize?prefCd=34&kikanCd=7340002350&kikanKbn=5", "url2": "http://www.nicho.co.jp/tenpo/asakita.html", "内容": "日本調剤　安佐北薬局【5:薬局】広島県広島市安佐北区可部南五丁目１３－１４　西井ビル" }, "geometry": { "type": "Point", "coordinates": [ 132.515058, 34.505444 ] } },
{ "type": "Feature", "properties": { "ID": 3457340002370, "正式名称": "のぞみ薬局　可部南店", "機関区分": 5, "都道府県コード": 34, "市区町村コード": 106, "所在地": "広島県広島市安佐北区可部南二丁目１４－１５", "緯度": 34.503361, "経度": 132.517252, "url": "https://www.iryou.teikyouseido.mhlw.go.jp/znk-web/juminkanja/S2430/initialize?prefCd=34&kikanCd=7340002370&kikanKbn=5", "url2": "http://fourleaf-nozomi.net", "内容": "のぞみ薬局　可部南店【5:薬局】広島県広島市安佐北区可部南二丁目１４－１５" }, "geometry": { "type": "Point", "coordinates": [ 132.517252, 34.503361 ] } },
{ "type": "Feature", "properties": { "ID": 3457340002400, "正式名称": "ウォンツ薬局　安佐市民病院店", "機関区分": 5, "都道府県コード": 34, "市区町村コード": 106, "所在地": "広島県広島市安佐北区亀山南一丁目２番１号", "緯度": 34.516297, "経度": 132.497923, "url": "https://www.iryou.teikyouseido.mhlw.go.jp/znk-web/juminkanja/S2430/initialize?prefCd=34&kikanCd=7340002400&kikanKbn=5", "url2": "https://www.wants.co.jp/", "内容": "ウォンツ薬局　安佐市民病院店【5:薬局】広島県広島市安佐北区亀山南一丁目２番１号" }, "geometry": { "type": "Point", "coordinates": [ 132.497923, 34.516297 ] } },
{ "type": "Feature", "properties": { "ID": 3457340002410, "正式名称": "なかしま薬局", "機関区分": 5, "都道府県コード": 34, "市区町村コード": 106, "所在地": "広島県広島市安佐北区可部南四丁目１７番１０－１０１号", "緯度": 34.505831, "経度": 132.513203, "url": "https://www.iryou.teikyouseido.mhlw.go.jp/znk-web/juminkanja/S2430/initialize?prefCd=34&kikanCd=7340002410&kikanKbn=5", "url2": "http://www.ssmile.co.jp", "内容": "なかしま薬局【5:薬局】広島県広島市安佐北区可部南四丁目１７番１０－１０１号" }, "geometry": { "type": "Point", "coordinates": [ 132.513203, 34.505831 ] } },
{ "type": "Feature", "properties": { "ID": 3457340002430, "正式名称": "スズキ薬局　勝木店", "機関区分": 5, "都道府県コード": 34, "市区町村コード": 106, "所在地": "広島県広島市安佐北区亀山九丁目１３－１６", "緯度": 34.535329, "経度": 132.477782, "url": "https://www.iryou.teikyouseido.mhlw.go.jp/znk-web/juminkanja/S2430/initialize?prefCd=34&kikanCd=7340002430&kikanKbn=5", "url2": "https://www.suzuki-ph.jp/home", "内容": "スズキ薬局　勝木店【5:薬局】広島県広島市安佐北区亀山九丁目１３－１６" }, "geometry": { "type": "Point", "coordinates": [ 132.477782, 34.535329 ] } },
{ "type": "Feature", "properties": { "ID": 3457340002440, "正式名称": "ノムラ薬局　亀山店", "機関区分": 5, "都道府県コード": 34, "市区町村コード": 106, "所在地": "広島県広島市安佐北区亀山七丁目５－１２", "緯度": 34.527302, "経度": 132.492781, "url": "https://www.iryou.teikyouseido.mhlw.go.jp/znk-web/juminkanja/S2430/initialize?prefCd=34&kikanCd=7340002440&kikanKbn=5", "url2": "http://www.nomura-p.jp/", "内容": "ノムラ薬局　亀山店【5:薬局】広島県広島市安佐北区亀山七丁目５－１２" }, "geometry": { "type": "Point", "coordinates": [ 132.492781, 34.527302 ] } },
{ "type": "Feature", "properties": { "ID": 3457340002450, "正式名称": "きた薬局", "機関区分": 5, "都道府県コード": 34, "市区町村コード": 106, "所在地": "広島県広島市安佐北区亀山２－６－２２", "緯度": 34.520081, "経度": 132.504642, "url": "https://www.iryou.teikyouseido.mhlw.go.jp/znk-web/juminkanja/S2430/initialize?prefCd=34&kikanCd=7340002450&kikanKbn=5", "url2": null, "内容": "きた薬局【5:薬局】広島県広島市安佐北区亀山２－６－２２" }, "geometry": { "type": "Point", "coordinates": [ 132.504642, 34.520081 ] } },
{ "type": "Feature", "properties": { "ID": 3457340002460, "正式名称": "あおぞら薬局", "機関区分": 5, "都道府県コード": 34, "市区町村コード": 106, "所在地": "広島県広島市安佐北区亀山七丁目１－３", "緯度": 34.525636, "経度": 132.493948, "url": "https://www.iryou.teikyouseido.mhlw.go.jp/znk-web/juminkanja/S2430/initialize?prefCd=34&kikanCd=7340002460&kikanKbn=5", "url2": "www.link-nets.com", "内容": "あおぞら薬局【5:薬局】広島県広島市安佐北区亀山七丁目１－３" }, "geometry": { "type": "Point", "coordinates": [ 132.493948, 34.525636 ] } },
{ "type": "Feature", "properties": { "ID": 3457340002470, "正式名称": "有限会社　ヒノ井薬品　虹山薬局", "機関区分": 5, "都道府県コード": 34, "市区町村コード": 106, "所在地": "広島県広島市安佐北区亀山南４－２－１８", "緯度": 34.523553, "経度": 132.492642, "url": "https://www.iryou.teikyouseido.mhlw.go.jp/znk-web/juminkanja/S2430/initialize?prefCd=34&kikanCd=7340002470&kikanKbn=5", "url2": null, "内容": "有限会社　ヒノ井薬品　虹山薬局【5:薬局】広島県広島市安佐北区亀山南４－２－１８" }, "geometry": { "type": "Point", "coordinates": [ 132.492642, 34.523553 ] } },
{ "type": "Feature", "properties": { "ID": 3457340002480, "正式名称": "コスモス薬局　勝木台店", "機関区分": 5, "都道府県コード": 34, "市区町村コード": 106, "所在地": "広島県広島市安佐北区亀山西一丁目２－１", "緯度": 34.534551, "経度": 132.475782, "url": "https://www.iryou.teikyouseido.mhlw.go.jp/znk-web/juminkanja/S2430/initialize?prefCd=34&kikanCd=7340002480&kikanKbn=5", "url2": "http://www.reliance-cosmos.co.jp/", "内容": "コスモス薬局　勝木台店【5:薬局】広島県広島市安佐北区亀山西一丁目２－１" }, "geometry": { "type": "Point", "coordinates": [ 132.475782, 34.534551 ] } },
{ "type": "Feature", "properties": { "ID": 3457340002490, "正式名称": "鈴張薬局", "機関区分": 5, "都道府県コード": 34, "市区町村コード": 106, "所在地": "広島県広島市安佐北区安佐町鈴張２０１２番地の１", "緯度": 34.58874, "経度": 132.466892, "url": "https://www.iryou.teikyouseido.mhlw.go.jp/znk-web/juminkanja/S2430/initialize?prefCd=34&kikanCd=7340002490&kikanKbn=5", "url2": "http://suzuhariyaku.com/", "内容": "鈴張薬局【5:薬局】広島県広島市安佐北区安佐町鈴張２０１２番地の１" }, "geometry": { "type": "Point", "coordinates": [ 132.466892, 34.58874 ] } },
{ "type": "Feature", "properties": { "ID": 3457340002500, "正式名称": "栗岡共栄薬局", "機関区分": 5, "都道府県コード": 34, "市区町村コード": 106, "所在地": "広島県広島市安佐北区安佐町飯室１４９８－２", "緯度": 34.552542, "経度": 132.446449, "url": "https://www.iryou.teikyouseido.mhlw.go.jp/znk-web/juminkanja/S2430/initialize?prefCd=34&kikanCd=7340002500&kikanKbn=5", "url2": "https://www.e-classa.net/kurioka/index.html", "内容": "栗岡共栄薬局【5:薬局】広島県広島市安佐北区安佐町飯室１４９８－２" }, "geometry": { "type": "Point", "coordinates": [ 132.446449, 34.552542 ] } },
{ "type": "Feature", "properties": { "ID": 3457340002540, "正式名称": "もみじ薬局　沼田店", "機関区分": 5, "都道府県コード": 34, "市区町村コード": 105, "所在地": "広島県広島市安佐南区伴東７－９－１", "緯度": 34.464552, "経度": 132.420842, "url": "https://www.iryou.teikyouseido.mhlw.go.jp/znk-web/juminkanja/S2430/initialize?prefCd=34&kikanCd=7340002540&kikanKbn=5", "url2": "http://yuushin.main.jp/", "内容": "もみじ薬局　沼田店【5:薬局】広島県広島市安佐南区伴東７－９－１" }, "geometry": { "type": "Point", "coordinates": [ 132.420842, 34.464552 ] } },
{ "type": "Feature", "properties": { "ID": 3457340002550, "正式名称": "ドレミ薬局　沼田店", "機関区分": 5, "都道府県コード": 34, "市区町村コード": 105, "所在地": "広島県広島市安佐南区伴東七丁目３８番１１号", "緯度": 34.463883, "経度": 132.415241, "url": "https://www.iryou.teikyouseido.mhlw.go.jp/znk-web/juminkanja/S2430/initialize?prefCd=34&kikanCd=7340002550&kikanKbn=5", "url2": "http://www.harmony-co.jp/pharmacy/koyo-numata.html#numata", "内容": "ドレミ薬局　沼田店【5:薬局】広島県広島市安佐南区伴東七丁目３８番１１号" }, "geometry": { "type": "Point", "coordinates": [ 132.415241, 34.463883 ] } },
{ "type": "Feature", "properties": { "ID": 3457340002590, "正式名称": "ミック・めばえ薬局", "機関区分": 5, "都道府県コード": 34, "市区町村コード": 105, "所在地": "広島県広島市安佐南区大塚西六丁目１２番１号", "緯度": 34.446965, "経度": 132.395944, "url": "https://www.iryou.teikyouseido.mhlw.go.jp/znk-web/juminkanja/S2430/initialize?prefCd=34&kikanCd=7340002590&kikanKbn=5", "url2": "https://mikk-ligar.jp", "内容": "ミック・めばえ薬局【5:薬局】広島県広島市安佐南区大塚西六丁目１２番１号" }, "geometry": { "type": "Point", "coordinates": [ 132.395944, 34.446965 ] } },
{ "type": "Feature", "properties": { "ID": 3457340002610, "正式名称": "前田薬局　本店", "機関区分": 5, "都道府県コード": 34, "市区町村コード": 106, "所在地": "広島県広島市安佐北区あさひが丘３丁目１８－３－１", "緯度": 34.506692, "経度": 132.437064, "url": "https://www.iryou.teikyouseido.mhlw.go.jp/znk-web/juminkanja/S2430/initialize?prefCd=34&kikanCd=7340002610&kikanKbn=5", "url2": null, "内容": "前田薬局　本店【5:薬局】広島県広島市安佐北区あさひが丘３丁目１８－３－１" }, "geometry": { "type": "Point", "coordinates": [ 132.437064, 34.506692 ] } },
{ "type": "Feature", "properties": { "ID": 3457340002630, "正式名称": "あやめ薬局", "機関区分": 5, "都道府県コード": 34, "市区町村コード": 108, "所在地": "広島県広島市佐伯区五月が丘二丁目７－２４", "緯度": 34.421062, "経度": 132.400655, "url": "https://www.iryou.teikyouseido.mhlw.go.jp/znk-web/juminkanja/S2430/initialize?prefCd=34&kikanCd=7340002630&kikanKbn=5", "url2": "http://yuushin.cc", "内容": "あやめ薬局【5:薬局】広島県広島市佐伯区五月が丘二丁目７－２４" }, "geometry": { "type": "Point", "coordinates": [ 132.400655, 34.421062 ] } },
{ "type": "Feature", "properties": { "ID": 3457340002640, "正式名称": "もみじ薬局　藤の木店", "機関区分": 5, "都道府県コード": 34, "市区町村コード": 108, "所在地": "広島県広島市佐伯区藤の木一丁目３１番１３号", "緯度": 34.419589, "経度": 132.357547, "url": "https://www.iryou.teikyouseido.mhlw.go.jp/znk-web/juminkanja/S2430/initialize?prefCd=34&kikanCd=7340002640&kikanKbn=5", "url2": "http://yuushin.cc/", "内容": "もみじ薬局　藤の木店【5:薬局】広島県広島市佐伯区藤の木一丁目３１番１３号" }, "geometry": { "type": "Point", "coordinates": [ 132.357547, 34.419589 ] } },
{ "type": "Feature", "properties": { "ID": 3457340002660, "正式名称": "郡司薬局", "機関区分": 5, "都道府県コード": 34, "市区町村コード": 108, "所在地": "広島県広島市佐伯区美鈴が丘西１－５－１", "緯度": 34.392537, "経度": 132.381297, "url": "https://www.iryou.teikyouseido.mhlw.go.jp/znk-web/juminkanja/S2430/initialize?prefCd=34&kikanCd=7340002660&kikanKbn=5", "url2": null, "内容": "郡司薬局【5:薬局】広島県広島市佐伯区美鈴が丘西１－５－１" }, "geometry": { "type": "Point", "coordinates": [ 132.381297, 34.392537 ] } },
{ "type": "Feature", "properties": { "ID": 3457340002680, "正式名称": "サンケイ薬局　八幡店", "機関区分": 5, "都道府県コード": 34, "市区町村コード": 108, "所在地": "広島県広島市佐伯区八幡東二丁目２８－５－１０２", "緯度": 34.384426, "経度": 132.360299, "url": "https://www.iryou.teikyouseido.mhlw.go.jp/znk-web/juminkanja/S2430/initialize?prefCd=34&kikanCd=7340002680&kikanKbn=5", "url2": null, "内容": "サンケイ薬局　八幡店【5:薬局】広島県広島市佐伯区八幡東二丁目２８－５－１０２" }, "geometry": { "type": "Point", "coordinates": [ 132.360299, 34.384426 ] } },
{ "type": "Feature", "properties": { "ID": 3457340002700, "正式名称": "全快堂薬局　五日市店", "機関区分": 5, "都道府県コード": 34, "市区町村コード": 108, "所在地": "広島県広島市佐伯区八幡東三丁目２５－１９－２", "緯度": 34.385025, "経度": 132.363585, "url": "https://www.iryou.teikyouseido.mhlw.go.jp/znk-web/juminkanja/S2430/initialize?prefCd=34&kikanCd=7340002700&kikanKbn=5", "url2": "https://zenkaidou.co.jp", "内容": "全快堂薬局　五日市店【5:薬局】広島県広島市佐伯区八幡東三丁目２５－１９－２" }, "geometry": { "type": "Point", "coordinates": [ 132.363585, 34.385025 ] } },
{ "type": "Feature", "properties": { "ID": 3457340002710, "正式名称": "ひまわり薬局　佐伯店", "機関区分": 5, "都道府県コード": 34, "市区町村コード": 108, "所在地": "広島県広島市佐伯区八幡東三丁目１１－２８", "緯度": 34.387648, "経度": 132.364743, "url": "https://www.iryou.teikyouseido.mhlw.go.jp/znk-web/juminkanja/S2430/initialize?prefCd=34&kikanCd=7340002710&kikanKbn=5", "url2": "http://www.pmc-kikaku.jp/index.html", "内容": "ひまわり薬局　佐伯店【5:薬局】広島県広島市佐伯区八幡東三丁目１１－２８" }, "geometry": { "type": "Point", "coordinates": [ 132.364743, 34.387648 ] } },
{ "type": "Feature", "properties": { "ID": 3457340002790, "正式名称": "セピア薬局", "機関区分": 5, "都道府県コード": 34, "市区町村コード": 108, "所在地": "広島県広島市佐伯区皆賀２－２－３１", "緯度": 34.375316, "経度": 132.367826, "url": "https://www.iryou.teikyouseido.mhlw.go.jp/znk-web/juminkanja/S2430/initialize?prefCd=34&kikanCd=7340002790&kikanKbn=5", "url2": "https://www.nexus-g.jp", "内容": "セピア薬局【5:薬局】広島県広島市佐伯区皆賀２－２－３１" }, "geometry": { "type": "Point", "coordinates": [ 132.367826, 34.375316 ] } },
{ "type": "Feature", "properties": { "ID": 3457340002820, "正式名称": "アキ薬局", "機関区分": 5, "都道府県コード": 34, "市区町村コード": 108, "所在地": "広島県広島市佐伯区五日市駅前三丁目９－１３", "緯度": 34.369289, "経度": 132.368299, "url": "https://www.iryou.teikyouseido.mhlw.go.jp/znk-web/juminkanja/S2430/initialize?prefCd=34&kikanCd=7340002820&kikanKbn=5", "url2": "https://www.mint-pharmacy.jp/", "内容": "アキ薬局【5:薬局】広島県広島市佐伯区五日市駅前三丁目９－１３" }, "geometry": { "type": "Point", "coordinates": [ 132.368299, 34.369289 ] } },
{ "type": "Feature", "properties": { "ID": 3457340002830, "正式名称": "薬局　ドラッグス　ソウ　北口店", "機関区分": 5, "都道府県コード": 34, "市区町村コード": 108, "所在地": "広島県広島市佐伯区五日市駅前三丁目４番１５－１号", "緯度": 34.369956, "経度": 132.366299, "url": "https://www.iryou.teikyouseido.mhlw.go.jp/znk-web/juminkanja/S2430/initialize?prefCd=34&kikanCd=7340002830&kikanKbn=5", "url2": "https://maps.app.goo.gl/hCTLvA7kdbq31bdE6?g_st=ic", "内容": "薬局　ドラッグス　ソウ　北口店【5:薬局】広島県広島市佐伯区五日市駅前三丁目４番１５－１号" }, "geometry": { "type": "Point", "coordinates": [ 132.366299, 34.369956 ] } },
{ "type": "Feature", "properties": { "ID": 3457340002860, "正式名称": "健康堂薬局", "機関区分": 5, "都道府県コード": 34, "市区町村コード": 108, "所在地": "広島県広島市佐伯区五日市３－３－２０", "緯度": 34.370205, "経度": 132.359411, "url": "https://www.iryou.teikyouseido.mhlw.go.jp/znk-web/juminkanja/S2430/initialize?prefCd=34&kikanCd=7340002860&kikanKbn=5", "url2": null, "内容": "健康堂薬局【5:薬局】広島県広島市佐伯区五日市３－３－２０" }, "geometry": { "type": "Point", "coordinates": [ 132.359411, 34.370205 ] } },
{ "type": "Feature", "properties": { "ID": 3457340002900, "正式名称": "長谷川薬局", "機関区分": 5, "都道府県コード": 34, "市区町村コード": 108, "所在地": "広島県広島市佐伯区五日市５－１０－２５", "緯度": 34.372372, "経度": 132.357633, "url": "https://www.iryou.teikyouseido.mhlw.go.jp/znk-web/juminkanja/S2430/initialize?prefCd=34&kikanCd=7340002900&kikanKbn=5", "url2": null, "内容": "長谷川薬局【5:薬局】広島県広島市佐伯区五日市５－１０－２５" }, "geometry": { "type": "Point", "coordinates": [ 132.357633, 34.372372 ] } },
{ "type": "Feature", "properties": { "ID": 3457340002910, "正式名称": "五日市グリーン薬局", "機関区分": 5, "都道府県コード": 34, "市区町村コード": 108, "所在地": "広島県広島市佐伯区五日市四丁目４－２７", "緯度": 34.370298, "経度": 132.356956, "url": "https://www.iryou.teikyouseido.mhlw.go.jp/znk-web/juminkanja/S2430/initialize?prefCd=34&kikanCd=7340002910&kikanKbn=5", "url2": null, "内容": "五日市グリーン薬局【5:薬局】広島県広島市佐伯区五日市四丁目４－２７" }, "geometry": { "type": "Point", "coordinates": [ 132.356956, 34.370298 ] } },
{ "type": "Feature", "properties": { "ID": 3457340002920, "正式名称": "サルーテ薬局", "機関区分": 5, "都道府県コード": 34, "市区町村コード": 108, "所在地": "広島県広島市佐伯区五日市四丁目１４－９－２", "緯度": 34.367456, "経度": 132.359244, "url": "https://www.iryou.teikyouseido.mhlw.go.jp/znk-web/juminkanja/S2430/initialize?prefCd=34&kikanCd=7340002920&kikanKbn=5", "url2": null, "内容": "サルーテ薬局【5:薬局】広島県広島市佐伯区五日市四丁目１４－９－２" }, "geometry": { "type": "Point", "coordinates": [ 132.359244, 34.367456 ] } },
{ "type": "Feature", "properties": { "ID": 3457340002930, "正式名称": "五日市豊見薬局", "機関区分": 5, "都道府県コード": 34, "市区町村コード": 108, "所在地": "広島県広島市佐伯区五日市四丁目４－３１唯山ビル１階", "緯度": 34.3699, "経度": 132.356966, "url": "https://www.iryou.teikyouseido.mhlw.go.jp/znk-web/juminkanja/S2430/initialize?prefCd=34&kikanCd=7340002930&kikanKbn=5", "url2": "https://sites.google.com/view/toyomi-p/home", "内容": "五日市豊見薬局【5:薬局】広島県広島市佐伯区五日市四丁目４－３１唯山ビル１階" }, "geometry": { "type": "Point", "coordinates": [ 132.356966, 34.3699 ] } },
{ "type": "Feature", "properties": { "ID": 3457340002980, "正式名称": "コイン通り薬局", "機関区分": 5, "都道府県コード": 34, "市区町村コード": 108, "所在地": "広島県広島市佐伯区五日市中央二丁目１－１０", "緯度": 34.369789, "経度": 132.356383, "url": "https://www.iryou.teikyouseido.mhlw.go.jp/znk-web/juminkanja/S2430/initialize?prefCd=34&kikanCd=7340002980&kikanKbn=5", "url2": null, "内容": "コイン通り薬局【5:薬局】広島県広島市佐伯区五日市中央二丁目１－１０" }, "geometry": { "type": "Point", "coordinates": [ 132.356383, 34.369789 ] } },
{ "type": "Feature", "properties": { "ID": 3457340003020, "正式名称": "五日市薬局", "機関区分": 5, "都道府県コード": 34, "市区町村コード": 108, "所在地": "広島県広島市佐伯区旭園６番１２号", "緯度": 34.365067, "経度": 132.367382, "url": "https://www.iryou.teikyouseido.mhlw.go.jp/znk-web/juminkanja/S2430/initialize?prefCd=34&kikanCd=7340003020&kikanKbn=5", "url2": "http://www.ssmile.co.jp/", "内容": "五日市薬局【5:薬局】広島県広島市佐伯区旭園６番１２号" }, "geometry": { "type": "Point", "coordinates": [ 132.367382, 34.365067 ] } },
{ "type": "Feature", "properties": { "ID": 3457340003030, "正式名称": "豊見薬局", "機関区分": 5, "都道府県コード": 34, "市区町村コード": 108, "所在地": "広島県広島市佐伯区旭園２番２２号", "緯度": 34.365706, "経度": 132.366132, "url": "https://www.iryou.teikyouseido.mhlw.go.jp/znk-web/juminkanja/S2430/initialize?prefCd=34&kikanCd=7340003030&kikanKbn=5", "url2": "https://yakkyoku.toyomi.jp", "内容": "豊見薬局【5:薬局】広島県広島市佐伯区旭園２番２２号" }, "geometry": { "type": "Point", "coordinates": [ 132.366132, 34.365706 ] } },
{ "type": "Feature", "properties": { "ID": 3457340003040, "正式名称": "薬局ドラッグス　ソウ", "機関区分": 5, "都道府県コード": 34, "市区町村コード": 108, "所在地": "広島県広島市佐伯区旭園４－２９　１Ｆ", "緯度": 34.365873, "経度": 132.367993, "url": "https://www.iryou.teikyouseido.mhlw.go.jp/znk-web/juminkanja/S2430/initialize?prefCd=34&kikanCd=7340003040&kikanKbn=5", "url2": "https://goo.gl/maps/XS7dvYCZbCqBMj8w8", "内容": "薬局ドラッグス　ソウ【5:薬局】広島県広島市佐伯区旭園４－２９　１Ｆ" }, "geometry": { "type": "Point", "coordinates": [ 132.367993, 34.365873 ] } },
{ "type": "Feature", "properties": { "ID": 3457340003050, "正式名称": "海老山薬局", "機関区分": 5, "都道府県コード": 34, "市区町村コード": 108, "所在地": "広島県広島市佐伯区海老山町７番１１号", "緯度": 34.363873, "経度": 132.364105, "url": "https://www.iryou.teikyouseido.mhlw.go.jp/znk-web/juminkanja/S2430/initialize?prefCd=34&kikanCd=7340003050&kikanKbn=5", "url2": "http://www.ssmile.co.jp/", "内容": "海老山薬局【5:薬局】広島県広島市佐伯区海老山町７番１１号" }, "geometry": { "type": "Point", "coordinates": [ 132.364105, 34.363873 ] } },
{ "type": "Feature", "properties": { "ID": 3457340003070, "正式名称": "フラワー調剤薬局　有限会社", "機関区分": 5, "都道府県コード": 34, "市区町村コード": 108, "所在地": "広島県広島市佐伯区海老園一丁目７－１６", "緯度": 34.363123, "経度": 132.357355, "url": "https://www.iryou.teikyouseido.mhlw.go.jp/znk-web/juminkanja/S2430/initialize?prefCd=34&kikanCd=7340003070&kikanKbn=5", "url2": null, "内容": "フラワー調剤薬局　有限会社【5:薬局】広島県広島市佐伯区海老園一丁目７－１６" }, "geometry": { "type": "Point", "coordinates": [ 132.357355, 34.363123 ] } },
{ "type": "Feature", "properties": { "ID": 3457340003080, "正式名称": "アポロ薬局", "機関区分": 5, "都道府県コード": 34, "市区町村コード": 108, "所在地": "広島県広島市佐伯区海老園二丁目１１－１", "緯度": 34.364234, "経度": 132.361827, "url": "https://www.iryou.teikyouseido.mhlw.go.jp/znk-web/juminkanja/S2430/initialize?prefCd=34&kikanCd=7340003080&kikanKbn=5", "url2": "http://www.nexus-g.jp/business/medical/pharmacy-apollo/", "内容": "アポロ薬局【5:薬局】広島県広島市佐伯区海老園二丁目１１－１" }, "geometry": { "type": "Point", "coordinates": [ 132.361827, 34.364234 ] } },
{ "type": "Feature", "properties": { "ID": 3457340003110, "正式名称": "南海老園　豊見薬局", "機関区分": 5, "都道府県コード": 34, "市区町村コード": 108, "所在地": "広島県広島市佐伯区海老園一丁目８－２５", "緯度": 34.362345, "経度": 132.357494, "url": "https://www.iryou.teikyouseido.mhlw.go.jp/znk-web/juminkanja/S2430/initialize?prefCd=34&kikanCd=7340003110&kikanKbn=5", "url2": "http://yakkyoku.toyomi.jp/", "内容": "南海老園　豊見薬局【5:薬局】広島県広島市佐伯区海老園一丁目８－２５" }, "geometry": { "type": "Point", "coordinates": [ 132.357494, 34.362345 ] } },
{ "type": "Feature", "properties": { "ID": 3457340003140, "正式名称": "楽々園しみず薬局", "機関区分": 5, "都道府県コード": 34, "市区町村コード": 108, "所在地": "広島県広島市佐伯区楽々園二丁目２番１３号", "緯度": 34.363928, "経度": 132.350773, "url": "https://www.iryou.teikyouseido.mhlw.go.jp/znk-web/juminkanja/S2430/initialize?prefCd=34&kikanCd=7340003140&kikanKbn=5", "url2": "https://www.drug-shimizu.jp/", "内容": "楽々園しみず薬局【5:薬局】広島県広島市佐伯区楽々園二丁目２番１３号" }, "geometry": { "type": "Point", "coordinates": [ 132.350773, 34.363928 ] } },
{ "type": "Feature", "properties": { "ID": 3457340003190, "正式名称": "エイコー堂薬局　スパーク佐方店", "機関区分": 5, "都道府県コード": 34, "市区町村コード": 108, "所在地": "広島県広島市佐伯区三筋二丁目１０－４１", "緯度": 34.366864, "経度": 132.345354, "url": "https://www.iryou.teikyouseido.mhlw.go.jp/znk-web/juminkanja/S2430/initialize?prefCd=34&kikanCd=7340003190&kikanKbn=5", "url2": null, "内容": "エイコー堂薬局　スパーク佐方店【5:薬局】広島県広島市佐伯区三筋二丁目１０－４１" }, "geometry": { "type": "Point", "coordinates": [ 132.345354, 34.366864 ] } },
{ "type": "Feature", "properties": { "ID": 3457340003200, "正式名称": "フラワー薬局　城山店", "機関区分": 5, "都道府県コード": 34, "市区町村コード": 108, "所在地": "広島県広島市佐伯区城山二丁目２－２　水戸第３ビル１Ｆ", "緯度": 34.387926, "経度": 132.35541, "url": "https://www.iryou.teikyouseido.mhlw.go.jp/znk-web/juminkanja/S2430/initialize?prefCd=34&kikanCd=7340003200&kikanKbn=5", "url2": null, "内容": "フラワー薬局　城山店【5:薬局】広島県広島市佐伯区城山二丁目２－２　水戸第３ビル１Ｆ" }, "geometry": { "type": "Point", "coordinates": [ 132.35541, 34.387926 ] } },
{ "type": "Feature", "properties": { "ID": 3457340003210, "正式名称": "そうごう薬局　倉重店", "機関区分": 5, "都道府県コード": 34, "市区町村コード": 108, "所在地": "広島県広島市佐伯区倉重一丁目９６－１", "緯度": 34.383287, "経度": 132.351522, "url": "https://www.iryou.teikyouseido.mhlw.go.jp/znk-web/juminkanja/S2430/initialize?prefCd=34&kikanCd=7340003210&kikanKbn=5", "url2": "http://www.sogo-medical.co.jp/sogopharmacy/", "内容": "そうごう薬局　倉重店【5:薬局】広島県広島市佐伯区倉重一丁目９６－１" }, "geometry": { "type": "Point", "coordinates": [ 132.351522, 34.383287 ] } },
{ "type": "Feature", "properties": { "ID": 3457340003300, "正式名称": "クリーン調剤薬局", "機関区分": 5, "都道府県コード": 34, "市区町村コード": 102, "所在地": "広島県広島市東区中山東１－５－９", "緯度": 34.410148, "経度": 132.500647, "url": "https://www.iryou.teikyouseido.mhlw.go.jp/znk-web/juminkanja/S2430/initialize?prefCd=34&kikanCd=7340003300&kikanKbn=5", "url2": "https://www.cleanchozai.com", "内容": "クリーン調剤薬局【5:薬局】広島県広島市東区中山東１－５－９" }, "geometry": { "type": "Point", "coordinates": [ 132.500647, 34.410148 ] } },
{ "type": "Feature", "properties": { "ID": 3457340003340, "正式名称": "ふくだタカズミ薬局", "機関区分": 5, "都道府県コード": 34, "市区町村コード": 102, "所在地": "広島県広島市東区福田一丁目４２４５－２　第二谷口ビル１Ｆ", "緯度": 34.452061, "経度": 132.540475, "url": "https://www.iryou.teikyouseido.mhlw.go.jp/znk-web/juminkanja/S2430/initialize?prefCd=34&kikanCd=7340003340&kikanKbn=5", "url2": "http://www.takazumi.co.jp/", "内容": "ふくだタカズミ薬局【5:薬局】広島県広島市東区福田一丁目４２４５－２　第二谷口ビル１Ｆ" }, "geometry": { "type": "Point", "coordinates": [ 132.540475, 34.452061 ] } },
{ "type": "Feature", "properties": { "ID": 3457340003350, "正式名称": "なのはな薬局", "機関区分": 5, "都道府県コード": 34, "市区町村コード": 102, "所在地": "広島県広島市東区福田５－１１６８－３", "緯度": 34.454231, "経度": 132.542988, "url": "https://www.iryou.teikyouseido.mhlw.go.jp/znk-web/juminkanja/S2430/initialize?prefCd=34&kikanCd=7340003350&kikanKbn=5", "url2": "https://asuka-herbs.jp", "内容": "なのはな薬局【5:薬局】広島県広島市東区福田５－１１６８－３" }, "geometry": { "type": "Point", "coordinates": [ 132.542988, 34.454231 ] } },
{ "type": "Feature", "properties": { "ID": 3457340003380, "正式名称": "ウォンツ　下温品薬局", "機関区分": 5, "都道府県コード": 34, "市区町村コード": 102, "所在地": "広島県広島市東区温品七丁目１１－３４", "緯度": 34.41437, "経度": 132.508813, "url": "https://www.iryou.teikyouseido.mhlw.go.jp/znk-web/juminkanja/S2430/initialize?prefCd=34&kikanCd=7340003380&kikanKbn=5", "url2": "https://www.wants.co.jp/", "内容": "ウォンツ　下温品薬局【5:薬局】広島県広島市東区温品七丁目１１－３４" }, "geometry": { "type": "Point", "coordinates": [ 132.508813, 34.41437 ] } },
{ "type": "Feature", "properties": { "ID": 3457340003390, "正式名称": "ベスト薬局　温品店", "機関区分": 5, "都道府県コード": 34, "市区町村コード": 102, "所在地": "広島県広島市東区温品５丁目２番２２号", "緯度": 34.41262, "経度": 132.508146, "url": "https://www.iryou.teikyouseido.mhlw.go.jp/znk-web/juminkanja/S2430/initialize?prefCd=34&kikanCd=7340003390&kikanKbn=5", "url2": null, "内容": "ベスト薬局　温品店【5:薬局】広島県広島市東区温品５丁目２番２２号" }, "geometry": { "type": "Point", "coordinates": [ 132.508146, 34.41262 ] } },
{ "type": "Feature", "properties": { "ID": 3457340003400, "正式名称": "コスモス薬局　温品店", "機関区分": 5, "都道府県コード": 34, "市区町村コード": 102, "所在地": "広島県広島市東区温品七丁目５－２７", "緯度": 34.416175, "経度": 132.50934, "url": "https://www.iryou.teikyouseido.mhlw.go.jp/znk-web/juminkanja/S2430/initialize?prefCd=34&kikanCd=7340003400&kikanKbn=5", "url2": "http://www.reliance-cosmos.co.jp/", "内容": "コスモス薬局　温品店【5:薬局】広島県広島市東区温品七丁目５－２７" }, "geometry": { "type": "Point", "coordinates": [ 132.50934, 34.416175 ] } },
{ "type": "Feature", "properties": { "ID": 3457340003410, "正式名称": "有限会社スマイル　温品スマイル薬局", "機関区分": 5, "都道府県コード": 34, "市区町村コード": 102, "所在地": "広島県広島市東区温品４丁目６番１１号　アイビル１０３", "緯度": 34.411926, "経度": 132.507507, "url": "https://www.iryou.teikyouseido.mhlw.go.jp/znk-web/juminkanja/S2430/initialize?prefCd=34&kikanCd=7340003410&kikanKbn=5", "url2": null, "内容": "有限会社スマイル　温品スマイル薬局【5:薬局】広島県広島市東区温品４丁目６番１１号　アイビル１０３" }, "geometry": { "type": "Point", "coordinates": [ 132.507507, 34.411926 ] } },
{ "type": "Feature", "properties": { "ID": 3457340003430, "正式名称": "矢賀薬局", "機関区分": 5, "都道府県コード": 34, "市区町村コード": 102, "所在地": "広島県広島市東区矢賀一丁目１－３２", "緯度": 34.394733, "経度": 132.493093, "url": "https://www.iryou.teikyouseido.mhlw.go.jp/znk-web/juminkanja/S2430/initialize?prefCd=34&kikanCd=7340003430&kikanKbn=5", "url2": "http://www.ssmile.co.jp/", "内容": "矢賀薬局【5:薬局】広島県広島市東区矢賀一丁目１－３２" }, "geometry": { "type": "Point", "coordinates": [ 132.493093, 34.394733 ] } },
{ "type": "Feature", "properties": { "ID": 3457340003440, "正式名称": "有限会社　三香薬局", "機関区分": 5, "都道府県コード": 34, "市区町村コード": 102, "所在地": "広島県広島市東区矢賀新町五丁目３－２４　ＳＫビル", "緯度": 34.391539, "経度": 132.499259, "url": "https://www.iryou.teikyouseido.mhlw.go.jp/znk-web/juminkanja/S2430/initialize?prefCd=34&kikanCd=7340003440&kikanKbn=5", "url2": "http://www.hicat.ne.jp/home/sannoppo/index.html", "内容": "有限会社　三香薬局【5:薬局】広島県広島市東区矢賀新町五丁目３－２４　ＳＫビル" }, "geometry": { "type": "Point", "coordinates": [ 132.499259, 34.391539 ] } },
{ "type": "Feature", "properties": { "ID": 3457340003460, "正式名称": "ベスト薬局　府中店", "機関区分": 5, "都道府県コード": 34, "市区町村コード": 102, "所在地": "広島県広島市東区矢賀新町三丁目１－３", "緯度": 34.392039, "経度": 132.498898, "url": "https://www.iryou.teikyouseido.mhlw.go.jp/znk-web/juminkanja/S2430/initialize?prefCd=34&kikanCd=7340003460&kikanKbn=5", "url2": null, "内容": "ベスト薬局　府中店【5:薬局】広島県広島市東区矢賀新町三丁目１－３" }, "geometry": { "type": "Point", "coordinates": [ 132.498898, 34.392039 ] } },
{ "type": "Feature", "properties": { "ID": 3457340003490, "正式名称": "そうごう薬局　尾長東店", "機関区分": 5, "都道府県コード": 34, "市区町村コード": 102, "所在地": "広島県広島市東区尾長東二丁目７－２９", "緯度": 34.398094, "経度": 132.488343, "url": "https://www.iryou.teikyouseido.mhlw.go.jp/znk-web/juminkanja/S2430/initialize?prefCd=34&kikanCd=7340003490&kikanKbn=5", "url2": "https://www.sogo-medical.co.jp/sogopharmacy/shop/view/33", "内容": "そうごう薬局　尾長東店【5:薬局】広島県広島市東区尾長東二丁目７－２９" }, "geometry": { "type": "Point", "coordinates": [ 132.488343, 34.398094 ] } },
{ "type": "Feature", "properties": { "ID": 3457340003520, "正式名称": "チャオ薬局", "機関区分": 5, "都道府県コード": 34, "市区町村コード": 102, "所在地": "広島県広島市東区光町２－４－８", "緯度": 34.401954, "経度": 132.479844, "url": "https://www.iryou.teikyouseido.mhlw.go.jp/znk-web/juminkanja/S2430/initialize?prefCd=34&kikanCd=7340003520&kikanKbn=5", "url2": null, "内容": "チャオ薬局【5:薬局】広島県広島市東区光町２－４－８" }, "geometry": { "type": "Point", "coordinates": [ 132.479844, 34.401954 ] } },
{ "type": "Feature", "properties": { "ID": 3457340003550, "正式名称": "ウォンツ薬局　光町店", "機関区分": 5, "都道府県コード": 34, "市区町村コード": 102, "所在地": "広島県広島市東区光町二丁目７－１７", "緯度": 34.400343, "経度": 132.479288, "url": "https://www.iryou.teikyouseido.mhlw.go.jp/znk-web/juminkanja/S2430/initialize?prefCd=34&kikanCd=7340003550&kikanKbn=5", "url2": "https://www.wants.co.jp/", "内容": "ウォンツ薬局　光町店【5:薬局】広島県広島市東区光町二丁目７－１７" }, "geometry": { "type": "Point", "coordinates": [ 132.479288, 34.400343 ] } },
{ "type": "Feature", "properties": { "ID": 3457340003580, "正式名称": "パンダ薬局", "機関区分": 5, "都道府県コード": 34, "市区町村コード": 102, "所在地": "広島県広島市東区若草町９番６号　岡本ビル１階", "緯度": 34.397232, "経度": 132.481177, "url": "https://www.iryou.teikyouseido.mhlw.go.jp/znk-web/juminkanja/S2430/initialize?prefCd=34&kikanCd=7340003580&kikanKbn=5", "url2": null, "内容": "パンダ薬局【5:薬局】広島県広島市東区若草町９番６号　岡本ビル１階" }, "geometry": { "type": "Point", "coordinates": [ 132.481177, 34.397232 ] } },
{ "type": "Feature", "properties": { "ID": 3457340003590, "正式名称": "有限会社　ライカ薬局　アスカ薬局", "機関区分": 5, "都道府県コード": 34, "市区町村コード": 102, "所在地": "広島県広島市東区愛宕町１－１０", "緯度": 34.397399, "経度": 132.484816, "url": "https://www.iryou.teikyouseido.mhlw.go.jp/znk-web/juminkanja/S2430/initialize?prefCd=34&kikanCd=7340003590&kikanKbn=5", "url2": null, "内容": "有限会社　ライカ薬局　アスカ薬局【5:薬局】広島県広島市東区愛宕町１－１０" }, "geometry": { "type": "Point", "coordinates": [ 132.484816, 34.397399 ] } },
{ "type": "Feature", "properties": { "ID": 3457340003600, "正式名称": "上野薬局", "機関区分": 5, "都道府県コード": 34, "市区町村コード": 102, "所在地": "広島県広島市東区愛宕町３－２２", "緯度": 34.396983, "経度": 132.484121, "url": "https://www.iryou.teikyouseido.mhlw.go.jp/znk-web/juminkanja/S2430/initialize?prefCd=34&kikanCd=7340003600&kikanKbn=5", "url2": null, "内容": "上野薬局【5:薬局】広島県広島市東区愛宕町３－２２" }, "geometry": { "type": "Point", "coordinates": [ 132.484121, 34.396983 ] } },
{ "type": "Feature", "properties": { "ID": 3457340003610, "正式名称": "東蟹屋調剤薬局", "機関区分": 5, "都道府県コード": 34, "市区町村コード": 102, "所在地": "広島県広島市東区東蟹屋町１０－１", "緯度": 34.395927, "経度": 132.48376, "url": "https://www.iryou.teikyouseido.mhlw.go.jp/znk-web/juminkanja/S2430/initialize?prefCd=34&kikanCd=7340003610&kikanKbn=5", "url2": "http://www.reliance-cosmos.co.jp/", "内容": "東蟹屋調剤薬局【5:薬局】広島県広島市東区東蟹屋町１０－１" }, "geometry": { "type": "Point", "coordinates": [ 132.48376, 34.395927 ] } },
{ "type": "Feature", "properties": { "ID": 3457340003620, "正式名称": "やまさか薬局", "機関区分": 5, "都道府県コード": 34, "市区町村コード": 302, "所在地": "広島県安芸郡府中町浜田本町３－２５", "緯度": 34.396149, "経度": 132.483094, "url": "https://www.iryou.teikyouseido.mhlw.go.jp/znk-web/juminkanja/S2430/initialize?prefCd=34&kikanCd=7340003620&kikanKbn=5", "url2": null, "内容": "やまさか薬局【5:薬局】広島県安芸郡府中町浜田本町３－２５" }, "geometry": { "type": "Point", "coordinates": [ 132.483094, 34.396149 ] } },
{ "type": "Feature", "properties": { "ID": 3457340003630, "正式名称": "ノムラ薬局　牛田店", "機関区分": 5, "都道府県コード": 34, "市区町村コード": 102, "所在地": "広島県広島市東区牛田早稲田一丁目８番４号", "緯度": 34.412034, "経度": 132.474849, "url": "https://www.iryou.teikyouseido.mhlw.go.jp/znk-web/juminkanja/S2430/initialize?prefCd=34&kikanCd=7340003630&kikanKbn=5", "url2": "http://www.nomura-p.jp/", "内容": "ノムラ薬局　牛田店【5:薬局】広島県広島市東区牛田早稲田一丁目８番４号" }, "geometry": { "type": "Point", "coordinates": [ 132.474849, 34.412034 ] } },
{ "type": "Feature", "properties": { "ID": 3457340003640, "正式名称": "太陽漢方薬局", "機関区分": 5, "都道府県コード": 34, "市区町村コード": 102, "所在地": "広島県広島市東区牛田東２－１－１６", "緯度": 34.410592, "経度": 132.478815, "url": "https://www.iryou.teikyouseido.mhlw.go.jp/znk-web/juminkanja/S2430/initialize?prefCd=34&kikanCd=7340003640&kikanKbn=5", "url2": null, "内容": "太陽漢方薬局【5:薬局】広島県広島市東区牛田東２－１－１６" }, "geometry": { "type": "Point", "coordinates": [ 132.478815, 34.410592 ] } },
{ "type": "Feature", "properties": { "ID": 3457340003660, "正式名称": "牛田中薬局", "機関区分": 5, "都道府県コード": 34, "市区町村コード": 102, "所在地": "広島県広島市東区牛田中一丁目７番２８－２", "緯度": 34.40987, "経度": 132.472649, "url": "https://www.iryou.teikyouseido.mhlw.go.jp/znk-web/juminkanja/S2430/initialize?prefCd=34&kikanCd=7340003660&kikanKbn=5", "url2": null, "内容": "牛田中薬局【5:薬局】広島県広島市東区牛田中一丁目７番２８－２" }, "geometry": { "type": "Point", "coordinates": [ 132.472649, 34.40987 ] } },
{ "type": "Feature", "properties": { "ID": 3457340003690, "正式名称": "有限会社　ケン企画　アルカス薬局", "機関区分": 5, "都道府県コード": 34, "市区町村コード": 102, "所在地": "広島県広島市東区牛田本町一丁目４－７", "緯度": 34.409481, "経度": 132.471372, "url": "https://www.iryou.teikyouseido.mhlw.go.jp/znk-web/juminkanja/S2430/initialize?prefCd=34&kikanCd=7340003690&kikanKbn=5", "url2": null, "内容": "有限会社　ケン企画　アルカス薬局【5:薬局】広島県広島市東区牛田本町一丁目４－７" }, "geometry": { "type": "Point", "coordinates": [ 132.471372, 34.409481 ] } },
{ "type": "Feature", "properties": { "ID": 3457340003700, "正式名称": "ふくふく堂薬局", "機関区分": 5, "都道府県コード": 34, "市区町村コード": 102, "所在地": "広島県広島市東区牛田本町４－１－７　サドラーズウェルズ１階", "緯度": 34.41162, "経度": 132.469594, "url": "https://www.iryou.teikyouseido.mhlw.go.jp/znk-web/juminkanja/S2430/initialize?prefCd=34&kikanCd=7340003700&kikanKbn=5", "url2": "https://xn--y8ja6ib0471cglf1o5f.com", "内容": "ふくふく堂薬局【5:薬局】広島県広島市東区牛田本町４－１－７　サドラーズウェルズ１階" }, "geometry": { "type": "Point", "coordinates": [ 132.469594, 34.41162 ] } },
{ "type": "Feature", "properties": { "ID": 3457340003710, "正式名称": "ノムラ薬局　牛田旭店", "機関区分": 5, "都道府県コード": 34, "市区町村コード": 102, "所在地": "広島県広島市東区牛田旭一丁目１３－１２－１０１", "緯度": 34.412897, "経度": 132.469761, "url": "https://www.iryou.teikyouseido.mhlw.go.jp/znk-web/juminkanja/S2430/initialize?prefCd=34&kikanCd=7340003710&kikanKbn=5", "url2": "http://www.nomura-p.jp/", "内容": "ノムラ薬局　牛田旭店【5:薬局】広島県広島市東区牛田旭一丁目１３－１２－１０１" }, "geometry": { "type": "Point", "coordinates": [ 132.469761, 34.412897 ] } },
{ "type": "Feature", "properties": { "ID": 3457340003750, "正式名称": "えんこう橋薬局", "機関区分": 5, "都道府県コード": 34, "市区町村コード": 103, "所在地": "広島県広島市南区西荒神町１番３５－１号", "緯度": 34.39367, "経度": 132.47634, "url": "https://www.iryou.teikyouseido.mhlw.go.jp/znk-web/juminkanja/S2430/initialize?prefCd=34&kikanCd=7340003750&kikanKbn=5", "url2": "http://www.ssmile.co.jp", "内容": "えんこう橋薬局【5:薬局】広島県広島市南区西荒神町１番３５－１号" }, "geometry": { "type": "Point", "coordinates": [ 132.47634, 34.39367 ] } },
{ "type": "Feature", "properties": { "ID": 3457340003760, "正式名称": "有限会社ライカ薬局", "機関区分": 5, "都道府県コード": 34, "市区町村コード": 103, "所在地": "広島県広島市南区段原一丁目３番１２号", "緯度": 34.390566, "経度": 132.474817, "url": "https://www.iryou.teikyouseido.mhlw.go.jp/znk-web/juminkanja/S2430/initialize?prefCd=34&kikanCd=7340003760&kikanKbn=5", "url2": null, "内容": "有限会社ライカ薬局【5:薬局】広島県広島市南区段原一丁目３番１２号" }, "geometry": { "type": "Point", "coordinates": [ 132.474817, 34.390566 ] } },
{ "type": "Feature", "properties": { "ID": 3457340003780, "正式名称": "有限会社　マツイ薬局", "機関区分": 5, "都道府県コード": 34, "市区町村コード": 103, "所在地": "広島県広島市南区段原三丁目３－２９春貝地ビル１階", "緯度": 34.389178, "経度": 132.477344, "url": "https://www.iryou.teikyouseido.mhlw.go.jp/znk-web/juminkanja/S2430/initialize?prefCd=34&kikanCd=7340003780&kikanKbn=5", "url2": null, "内容": "有限会社　マツイ薬局【5:薬局】広島県広島市南区段原三丁目３－２９春貝地ビル１階" }, "geometry": { "type": "Point", "coordinates": [ 132.477344, 34.389178 ] } },
{ "type": "Feature", "properties": { "ID": 3457340003790, "正式名称": "マナー薬局", "機関区分": 5, "都道府県コード": 34, "市区町村コード": 103, "所在地": "広島県広島市南区段原１－７－８", "緯度": 34.39015, "経度": 132.475983, "url": "https://www.iryou.teikyouseido.mhlw.go.jp/znk-web/juminkanja/S2430/initialize?prefCd=34&kikanCd=7340003790&kikanKbn=5", "url2": null, "内容": "マナー薬局【5:薬局】広島県広島市南区段原１－７－８" }, "geometry": { "type": "Point", "coordinates": [ 132.475983, 34.39015 ] } },
{ "type": "Feature", "properties": { "ID": 3457340003800, "正式名称": "薬局　アップルファーマシー", "機関区分": 5, "都道府県コード": 34, "市区町村コード": 103, "所在地": "広島県広島市南区段原南二丁目１２番２８号", "緯度": 34.384067, "経度": 132.477622, "url": "https://www.iryou.teikyouseido.mhlw.go.jp/znk-web/juminkanja/S2430/initialize?prefCd=34&kikanCd=7340003800&kikanKbn=5", "url2": null, "内容": "薬局　アップルファーマシー【5:薬局】広島県広島市南区段原南二丁目１２番２８号" }, "geometry": { "type": "Point", "coordinates": [ 132.477622, 34.384067 ] } },
{ "type": "Feature", "properties": { "ID": 3457340003810, "正式名称": "段原薬局", "機関区分": 5, "都道府県コード": 34, "市区町村コード": 103, "所在地": "広島県広島市南区段原南二丁目３－２４", "緯度": 34.385984, "経度": 132.477456, "url": "https://www.iryou.teikyouseido.mhlw.go.jp/znk-web/juminkanja/S2430/initialize?prefCd=34&kikanCd=7340003810&kikanKbn=5", "url2": "https://hongou.info", "内容": "段原薬局【5:薬局】広島県広島市南区段原南二丁目３－２４" }, "geometry": { "type": "Point", "coordinates": [ 132.477456, 34.385984 ] } },
{ "type": "Feature", "properties": { "ID": 3457340003890, "正式名称": "もみじ薬局", "機関区分": 5, "都道府県コード": 34, "市区町村コード": 103, "所在地": "広島県広島市南区松原町１番２号　ｅｋｉｅ２Ｆ", "緯度": 34.396982, "経度": 132.4754, "url": "https://www.iryou.teikyouseido.mhlw.go.jp/znk-web/juminkanja/S2430/initialize?prefCd=34&kikanCd=7340003890&kikanKbn=5", "url2": "momizi.jp", "内容": "もみじ薬局【5:薬局】広島県広島市南区松原町１番２号　ｅｋｉｅ２Ｆ" }, "geometry": { "type": "Point", "coordinates": [ 132.4754, 34.396982 ] } },
{ "type": "Feature", "properties": { "ID": 3457340003900, "正式名称": "広島駅前サン薬局", "機関区分": 5, "都道府県コード": 34, "市区町村コード": 103, "所在地": "広島県広島市南区東荒神町３番３５号", "緯度": 34.395899, "経度": 132.476539, "url": "https://www.iryou.teikyouseido.mhlw.go.jp/znk-web/juminkanja/S2430/initialize?prefCd=34&kikanCd=7340003900&kikanKbn=5", "url2": "http://www.takazumi.co.jp/", "内容": "広島駅前サン薬局【5:薬局】広島県広島市南区東荒神町３番３５号" }, "geometry": { "type": "Point", "coordinates": [ 132.476539, 34.395899 ] } },
{ "type": "Feature", "properties": { "ID": 3457340003980, "正式名称": "あおば薬局", "機関区分": 5, "都道府県コード": 34, "市区町村コード": 103, "所在地": "広島県広島市南区松川町３－１０", "緯度": 34.390039, "経度": 132.471761, "url": "https://www.iryou.teikyouseido.mhlw.go.jp/znk-web/juminkanja/S2430/initialize?prefCd=34&kikanCd=7340003980&kikanKbn=5", "url2": "https://nexus-g.jp/", "内容": "あおば薬局【5:薬局】広島県広島市南区松川町３－１０" }, "geometry": { "type": "Point", "coordinates": [ 132.471761, 34.390039 ] } },
{ "type": "Feature", "properties": { "ID": 3457340004010, "正式名称": "リバーサイド薬局", "機関区分": 5, "都道府県コード": 34, "市区町村コード": 103, "所在地": "広島県広島市南区稲荷町３－２０　トーレ稲荷町１Ｆ", "緯度": 34.39215, "経度": 132.470373, "url": "https://www.iryou.teikyouseido.mhlw.go.jp/znk-web/juminkanja/S2430/initialize?prefCd=34&kikanCd=7340004010&kikanKbn=5", "url2": "http://www.takazumi.co.jp/", "内容": "リバーサイド薬局【5:薬局】広島県広島市南区稲荷町３－２０　トーレ稲荷町１Ｆ" }, "geometry": { "type": "Point", "coordinates": [ 132.470373, 34.39215 ] } },
{ "type": "Feature", "properties": { "ID": 3457340004030, "正式名称": "京橋薬局", "機関区分": 5, "都道府県コード": 34, "市区町村コード": 103, "所在地": "広島県広島市南区京橋町１番２号　新京橋ビル５０３", "緯度": 34.394927, "経度": 132.473122, "url": "https://www.iryou.teikyouseido.mhlw.go.jp/znk-web/juminkanja/S2430/initialize?prefCd=34&kikanCd=7340004030&kikanKbn=5", "url2": null, "内容": "京橋薬局【5:薬局】広島県広島市南区京橋町１番２号　新京橋ビル５０３" }, "geometry": { "type": "Point", "coordinates": [ 132.473122, 34.394927 ] } },
{ "type": "Feature", "properties": { "ID": 3457340004050, "正式名称": "ヨコガワ薬局", "機関区分": 5, "都道府県コード": 34, "市区町村コード": 104, "所在地": "広島県広島市西区横川新町５番１号１階", "緯度": 34.410814, "経度": 132.450734, "url": "https://www.iryou.teikyouseido.mhlw.go.jp/znk-web/juminkanja/S2430/initialize?prefCd=34&kikanCd=7340004050&kikanKbn=5", "url2": "https://ts3ke.hp.peraichi.com/", "内容": "ヨコガワ薬局【5:薬局】広島県広島市西区横川新町５番１号１階" }, "geometry": { "type": "Point", "coordinates": [ 132.450734, 34.410814 ] } },
{ "type": "Feature", "properties": { "ID": 3457340004070, "正式名称": "マロン薬局", "機関区分": 5, "都道府県コード": 34, "市区町村コード": 104, "所在地": "広島県広島市西区三篠町三丁目２１－１４　高品ビル１Ｆ", "緯度": 34.414397, "経度": 132.454317, "url": "https://www.iryou.teikyouseido.mhlw.go.jp/znk-web/juminkanja/S2430/initialize?prefCd=34&kikanCd=7340004070&kikanKbn=5", "url2": "http://www.imada-pharmacy.com", "内容": "マロン薬局【5:薬局】広島県広島市西区三篠町三丁目２１－１４　高品ビル１Ｆ" }, "geometry": { "type": "Point", "coordinates": [ 132.454317, 34.414397 ] } },
{ "type": "Feature", "properties": { "ID": 3457340004080, "正式名称": "株式会社　福井薬局", "機関区分": 5, "都道府県コード": 34, "市区町村コード": 104, "所在地": "広島県広島市西区三篠町２丁目１１－６", "緯度": 34.412564, "経度": 132.452012, "url": "https://www.iryou.teikyouseido.mhlw.go.jp/znk-web/juminkanja/S2430/initialize?prefCd=34&kikanCd=7340004080&kikanKbn=5", "url2": null, "内容": "株式会社　福井薬局【5:薬局】広島県広島市西区三篠町２丁目１１－６" }, "geometry": { "type": "Point", "coordinates": [ 132.452012, 34.412564 ] } },
{ "type": "Feature", "properties": { "ID": 3457340004120, "正式名称": "まえだ薬局　三篠北町店", "機関区分": 5, "都道府県コード": 34, "市区町村コード": 104, "所在地": "広島県広島市西区三篠北町１９－２７　イケダビル１Ｆ", "緯度": 34.417341, "経度": 132.456067, "url": "https://www.iryou.teikyouseido.mhlw.go.jp/znk-web/juminkanja/S2430/initialize?prefCd=34&kikanCd=7340004120&kikanKbn=5", "url2": "http://www.kusurishop.com/", "内容": "まえだ薬局　三篠北町店【5:薬局】広島県広島市西区三篠北町１９－２７　イケダビル１Ｆ" }, "geometry": { "type": "Point", "coordinates": [ 132.456067, 34.417341 ] } },
{ "type": "Feature", "properties": { "ID": 3457340004160, "正式名称": "株式会社　Ｏ．Ｋ堂薬局", "機関区分": 5, "都道府県コード": 34, "市区町村コード": 104, "所在地": "広島県広島市西区横川町二丁目８番３号　シティハイツオキタ１Ｆ", "緯度": 34.408342, "経度": 132.449207, "url": "https://www.iryou.teikyouseido.mhlw.go.jp/znk-web/juminkanja/S2430/initialize?prefCd=34&kikanCd=7340004160&kikanKbn=5", "url2": "http://www.nh-group.biz/", "内容": "株式会社　Ｏ．Ｋ堂薬局【5:薬局】広島県広島市西区横川町二丁目８番３号　シティハイツオキタ１Ｆ" }, "geometry": { "type": "Point", "coordinates": [ 132.449207, 34.408342 ] } },
{ "type": "Feature", "properties": { "ID": 3457340004180, "正式名称": "エスマイル薬局プラザ店", "機関区分": 5, "都道府県コード": 34, "市区町村コード": 104, "所在地": "広島県広島市西区横川町二丁目７番１９", "緯度": 34.40887, "経度": 132.44904, "url": "https://www.iryou.teikyouseido.mhlw.go.jp/znk-web/juminkanja/S2430/initialize?prefCd=34&kikanCd=7340004180&kikanKbn=5", "url2": "http://www.ssmile.co.jp/", "内容": "エスマイル薬局プラザ店【5:薬局】広島県広島市西区横川町二丁目７番１９" }, "geometry": { "type": "Point", "coordinates": [ 132.44904, 34.40887 ] } },
{ "type": "Feature", "properties": { "ID": 3457340004200, "正式名称": "ウォンツ　横川駅ビル薬局", "機関区分": 5, "都道府県コード": 34, "市区町村コード": 104, "所在地": "広島県広島市西区横川町三丁目２－２９", "緯度": 34.409953, "経度": 132.450151, "url": "https://www.iryou.teikyouseido.mhlw.go.jp/znk-web/juminkanja/S2430/initialize?prefCd=34&kikanCd=7340004200&kikanKbn=5", "url2": "https://www.wants.co.jp/", "内容": "ウォンツ　横川駅ビル薬局【5:薬局】広島県広島市西区横川町三丁目２－２９" }, "geometry": { "type": "Point", "coordinates": [ 132.450151, 34.409953 ] } },
{ "type": "Feature", "properties": { "ID": 3457340004240, "正式名称": "有限会社　山陽堂薬局　中広店", "機関区分": 5, "都道府県コード": 34, "市区町村コード": 104, "所在地": "広島県広島市西区中広町２丁目３番５号", "緯度": 34.403676, "経度": 132.443846, "url": "https://www.iryou.teikyouseido.mhlw.go.jp/znk-web/juminkanja/S2430/initialize?prefCd=34&kikanCd=7340004240&kikanKbn=5", "url2": null, "内容": "有限会社　山陽堂薬局　中広店【5:薬局】広島県広島市西区中広町２丁目３番５号" }, "geometry": { "type": "Point", "coordinates": [ 132.443846, 34.403676 ] } },
{ "type": "Feature", "properties": { "ID": 3457340004250, "正式名称": "オニタケ薬局", "機関区分": 5, "都道府県コード": 34, "市区町村コード": 104, "所在地": "広島県広島市西区天満町４－１３", "緯度": 34.396648, "経度": 132.439264, "url": "https://www.iryou.teikyouseido.mhlw.go.jp/znk-web/juminkanja/S2430/initialize?prefCd=34&kikanCd=7340004250&kikanKbn=5", "url2": null, "内容": "オニタケ薬局【5:薬局】広島県広島市西区天満町４－１３" }, "geometry": { "type": "Point", "coordinates": [ 132.439264, 34.396648 ] } },
{ "type": "Feature", "properties": { "ID": 3457340004260, "正式名称": "有限会社　テツムラ漢方薬局", "機関区分": 5, "都道府県コード": 34, "市区町村コード": 104, "所在地": "広島県広島市西区天満町９－１５", "緯度": 34.396176, "経度": 132.441041, "url": "https://www.iryou.teikyouseido.mhlw.go.jp/znk-web/juminkanja/S2430/initialize?prefCd=34&kikanCd=7340004260&kikanKbn=5", "url2": "http://tetsumura.jp", "内容": "有限会社　テツムラ漢方薬局【5:薬局】広島県広島市西区天満町９－１５" }, "geometry": { "type": "Point", "coordinates": [ 132.441041, 34.396176 ] } },
{ "type": "Feature", "properties": { "ID": 3457340004270, "正式名称": "ロイヤル薬局", "機関区分": 5, "都道府県コード": 34, "市区町村コード": 104, "所在地": "広島県広島市西区天満町１７－２１", "緯度": 34.396121, "経度": 132.439569, "url": "https://www.iryou.teikyouseido.mhlw.go.jp/znk-web/juminkanja/S2430/initialize?prefCd=34&kikanCd=7340004270&kikanKbn=5", "url2": "http://trp.cv", "内容": "ロイヤル薬局【5:薬局】広島県広島市西区天満町１７－２１" }, "geometry": { "type": "Point", "coordinates": [ 132.439569, 34.396121 ] } },
{ "type": "Feature", "properties": { "ID": 3457340004300, "正式名称": "ペンギン薬局", "機関区分": 5, "都道府県コード": 34, "市区町村コード": 104, "所在地": "広島県広島市西区都町２３－１１　ジュネス山城１Ｆ", "緯度": 34.396834, "経度": 132.437576, "url": "https://www.iryou.teikyouseido.mhlw.go.jp/znk-web/juminkanja/S2430/initialize?prefCd=34&kikanCd=7340004300&kikanKbn=5", "url2": null, "内容": "ペンギン薬局【5:薬局】広島県広島市西区都町２３－１１　ジュネス山城１Ｆ" }, "geometry": { "type": "Point", "coordinates": [ 132.437576, 34.396834 ] } },
{ "type": "Feature", "properties": { "ID": 3457340004310, "正式名称": "ひまわり薬局", "機関区分": 5, "都道府県コード": 34, "市区町村コード": 104, "所在地": "広島県広島市西区福島町一丁目２２－７", "緯度": 34.395537, "経度": 132.435736, "url": "https://www.iryou.teikyouseido.mhlw.go.jp/znk-web/juminkanja/S2430/initialize?prefCd=34&kikanCd=7340004310&kikanKbn=5", "url2": "http://www.pmc-kikaku.jp", "内容": "ひまわり薬局【5:薬局】広島県広島市西区福島町一丁目２２－７" }, "geometry": { "type": "Point", "coordinates": [ 132.435736, 34.395537 ] } },
{ "type": "Feature", "properties": { "ID": 3457340004330, "正式名称": "テンマアップル堂薬局", "機関区分": 5, "都道府県コード": 34, "市区町村コード": 104, "所在地": "広島県広島市西区観音町９－４", "緯度": 34.394899, "経度": 132.440292, "url": "https://www.iryou.teikyouseido.mhlw.go.jp/znk-web/juminkanja/S2430/initialize?prefCd=34&kikanCd=7340004330&kikanKbn=5", "url2": null, "内容": "テンマアップル堂薬局【5:薬局】広島県広島市西区観音町９－４" }, "geometry": { "type": "Point", "coordinates": [ 132.440292, 34.394899 ] } },
{ "type": "Feature", "properties": { "ID": 3457340004350, "正式名称": "スマイル薬局　観音店", "機関区分": 5, "都道府県コード": 34, "市区町村コード": 104, "所在地": "広島県広島市西区東観音町９－１４", "緯度": 34.391788, "経度": 132.440014, "url": "https://www.iryou.teikyouseido.mhlw.go.jp/znk-web/juminkanja/S2430/initialize?prefCd=34&kikanCd=7340004350&kikanKbn=5", "url2": null, "内容": "スマイル薬局　観音店【5:薬局】広島県広島市西区東観音町９－１４" }, "geometry": { "type": "Point", "coordinates": [ 132.440014, 34.391788 ] } },
{ "type": "Feature", "properties": { "ID": 3457340004380, "正式名称": "西大薬局　北店", "機関区分": 5, "都道府県コード": 34, "市区町村コード": 104, "所在地": "広島県広島市西区観音本町二丁目３－３　第３サンパレス１０１", "緯度": 34.390871, "経度": 132.433653, "url": "https://www.iryou.teikyouseido.mhlw.go.jp/znk-web/juminkanja/S2430/initialize?prefCd=34&kikanCd=7340004380&kikanKbn=5", "url2": "https://nishidaiyakkyoku.jimdofree.com/", "内容": "西大薬局　北店【5:薬局】広島県広島市西区観音本町二丁目３－３　第３サンパレス１０１" }, "geometry": { "type": "Point", "coordinates": [ 132.433653, 34.390871 ] } },
{ "type": "Feature", "properties": { "ID": 3457340004410, "正式名称": "サザン薬局", "機関区分": 5, "都道府県コード": 34, "市区町村コード": 104, "所在地": "広島県広島市西区南観音６丁目１－６　ドマーニタセイ１Ｆ", "緯度": 34.382566, "経度": 132.428543, "url": "https://www.iryou.teikyouseido.mhlw.go.jp/znk-web/juminkanja/S2430/initialize?prefCd=34&kikanCd=7340004410&kikanKbn=5", "url2": "http://www.cusi.ne.jp/imadafg/index.htm", "内容": "サザン薬局【5:薬局】広島県広島市西区南観音６丁目１－６　ドマーニタセイ１Ｆ" }, "geometry": { "type": "Point", "coordinates": [ 132.428543, 34.382566 ] } },
{ "type": "Feature", "properties": { "ID": 3457340004460, "正式名称": "フレア薬局", "機関区分": 5, "都道府県コード": 34, "市区町村コード": 104, "所在地": "広島県広島市西区西観音町２３－１７", "緯度": 34.390871, "経度": 132.436014, "url": "https://www.iryou.teikyouseido.mhlw.go.jp/znk-web/juminkanja/S2430/initialize?prefCd=34&kikanCd=7340004460&kikanKbn=5", "url2": "http://www.mikk-ligar.com", "内容": "フレア薬局【5:薬局】広島県広島市西区西観音町２３－１７" }, "geometry": { "type": "Point", "coordinates": [ 132.436014, 34.390871 ] } },
{ "type": "Feature", "properties": { "ID": 3457340004500, "正式名称": "ウォンツ　己斐駅前薬局", "機関区分": 5, "都道府県コード": 34, "市区町村コード": 104, "所在地": "広島県広島市西区己斐本町一丁目９－２４", "緯度": 34.398426, "経度": 132.429598, "url": "https://www.iryou.teikyouseido.mhlw.go.jp/znk-web/juminkanja/S2430/initialize?prefCd=34&kikanCd=7340004500&kikanKbn=5", "url2": "https://www.wants.co.jp/", "内容": "ウォンツ　己斐駅前薬局【5:薬局】広島県広島市西区己斐本町一丁目９－２４" }, "geometry": { "type": "Point", "coordinates": [ 132.429598, 34.398426 ] } },
{ "type": "Feature", "properties": { "ID": 3457340004510, "正式名称": "千幸堂薬局", "機関区分": 5, "都道府県コード": 34, "市区町村コード": 104, "所在地": "広島県広島市西区己斐本町二丁目１－１－１０２", "緯度": 34.395732, "経度": 132.427182, "url": "https://www.iryou.teikyouseido.mhlw.go.jp/znk-web/juminkanja/S2430/initialize?prefCd=34&kikanCd=7340004510&kikanKbn=5", "url2": "http://www.chiyukido.jp/", "内容": "千幸堂薬局【5:薬局】広島県広島市西区己斐本町二丁目１－１－１０２" }, "geometry": { "type": "Point", "coordinates": [ 132.427182, 34.395732 ] } },
{ "type": "Feature", "properties": { "ID": 3457340004520, "正式名称": "有限会社　ハイクリーン薬局", "機関区分": 5, "都道府県コード": 34, "市区町村コード": 104, "所在地": "広島県広島市西区己斐本町三丁目５－１４　ハイクリーン西広島ビル１Ｆ", "緯度": 34.39501, "経度": 132.426098, "url": "https://www.iryou.teikyouseido.mhlw.go.jp/znk-web/juminkanja/S2430/initialize?prefCd=34&kikanCd=7340004520&kikanKbn=5", "url2": null, "内容": "有限会社　ハイクリーン薬局【5:薬局】広島県広島市西区己斐本町三丁目５－１４　ハイクリーン西広島ビル１Ｆ" }, "geometry": { "type": "Point", "coordinates": [ 132.426098, 34.39501 ] } },
{ "type": "Feature", "properties": { "ID": 3457340004560, "正式名称": "もみじが丘薬局", "機関区分": 5, "都道府県コード": 34, "市区町村コード": 104, "所在地": "広島県広島市西区己斐上二丁目３５－２３", "緯度": 34.404869, "経度": 132.41421, "url": "https://www.iryou.teikyouseido.mhlw.go.jp/znk-web/juminkanja/S2430/initialize?prefCd=34&kikanCd=7340004560&kikanKbn=5", "url2": null, "内容": "もみじが丘薬局【5:薬局】広島県広島市西区己斐上二丁目３５－２３" }, "geometry": { "type": "Point", "coordinates": [ 132.41421, 34.404869 ] } },
{ "type": "Feature", "properties": { "ID": 3457340004570, "正式名称": "りら薬局", "機関区分": 5, "都道府県コード": 34, "市区町村コード": 104, "所在地": "広島県広島市西区己斐上二丁目１１－５", "緯度": 34.405064, "経度": 132.419376, "url": "https://www.iryou.teikyouseido.mhlw.go.jp/znk-web/juminkanja/S2430/initialize?prefCd=34&kikanCd=7340004570&kikanKbn=5", "url2": "www.mikk-ligar.com", "内容": "りら薬局【5:薬局】広島県広島市西区己斐上二丁目１１－５" }, "geometry": { "type": "Point", "coordinates": [ 132.419376, 34.405064 ] } },
{ "type": "Feature", "properties": { "ID": 3457340004580, "正式名称": "タウン薬局　己斐店", "機関区分": 5, "都道府県コード": 34, "市区町村コード": 104, "所在地": "広島県広島市西区己斐上一丁目１１－４０", "緯度": 34.406413, "経度": 132.419822, "url": "https://www.iryou.teikyouseido.mhlw.go.jp/znk-web/juminkanja/S2430/initialize?prefCd=34&kikanCd=7340004580&kikanKbn=5", "url2": "http://www.g-town.co.jp/", "内容": "タウン薬局　己斐店【5:薬局】広島県広島市西区己斐上一丁目１１－４０" }, "geometry": { "type": "Point", "coordinates": [ 132.419822, 34.406413 ] } },
{ "type": "Feature", "properties": { "ID": 3457340004590, "正式名称": "有限会社　ＡＢＣ薬局", "機関区分": 5, "都道府県コード": 34, "市区町村コード": 104, "所在地": "広島県広島市西区己斐大迫二丁目１９－１０", "緯度": 34.414535, "経度": 132.424792, "url": "https://www.iryou.teikyouseido.mhlw.go.jp/znk-web/juminkanja/S2430/initialize?prefCd=34&kikanCd=7340004590&kikanKbn=5", "url2": "http://www.nh-group.biz/", "内容": "有限会社　ＡＢＣ薬局【5:薬局】広島県広島市西区己斐大迫二丁目１９－１０" }, "geometry": { "type": "Point", "coordinates": [ 132.424792, 34.414535 ] } },
{ "type": "Feature", "properties": { "ID": 3457340004620, "正式名称": "有限会社　勝谷漢方薬局", "機関区分": 5, "都道府県コード": 34, "市区町村コード": 104, "所在地": "広島県広島市西区庚午北三丁目２１番２号", "緯度": 34.387066, "経度": 132.417794, "url": "https://www.iryou.teikyouseido.mhlw.go.jp/znk-web/juminkanja/S2430/initialize?prefCd=34&kikanCd=7340004620&kikanKbn=5", "url2": "http://katsutani-kanpou.com", "内容": "有限会社　勝谷漢方薬局【5:薬局】広島県広島市西区庚午北三丁目２１番２号" }, "geometry": { "type": "Point", "coordinates": [ 132.417794, 34.387066 ] } },
{ "type": "Feature", "properties": { "ID": 3457340004630, "正式名称": "たかす薬局", "機関区分": 5, "都道府県コード": 34, "市区町村コード": 104, "所在地": "広島県広島市西区庚午北３丁目１１番１２号", "緯度": 34.389399, "経度": 132.416599, "url": "https://www.iryou.teikyouseido.mhlw.go.jp/znk-web/juminkanja/S2430/initialize?prefCd=34&kikanCd=7340004630&kikanKbn=5", "url2": null, "内容": "たかす薬局【5:薬局】広島県広島市西区庚午北３丁目１１番１２号" }, "geometry": { "type": "Point", "coordinates": [ 132.416599, 34.389399 ] } },
{ "type": "Feature", "properties": { "ID": 3457340004650, "正式名称": "こばと薬局　高須店", "機関区分": 5, "都道府県コード": 34, "市区町村コード": 104, "所在地": "広島県広島市西区庚午北二丁目２２－４－１０１", "緯度": 34.389843, "経度": 132.417655, "url": "https://www.iryou.teikyouseido.mhlw.go.jp/znk-web/juminkanja/S2430/initialize?prefCd=34&kikanCd=7340004650&kikanKbn=5", "url2": "http://kobato-ph.co.jp/", "内容": "こばと薬局　高須店【5:薬局】広島県広島市西区庚午北二丁目２２－４－１０１" }, "geometry": { "type": "Point", "coordinates": [ 132.417655, 34.389843 ] } },
{ "type": "Feature", "properties": { "ID": 3457340004690, "正式名称": "有限会社　住宅入口薬局", "機関区分": 5, "都道府県コード": 34, "市区町村コード": 104, "所在地": "広島県広島市西区庚午南１丁目３５－１３", "緯度": 34.381261, "経度": 132.410739, "url": "https://www.iryou.teikyouseido.mhlw.go.jp/znk-web/juminkanja/S2430/initialize?prefCd=34&kikanCd=7340004690&kikanKbn=5", "url2": null, "内容": "有限会社　住宅入口薬局【5:薬局】広島県広島市西区庚午南１丁目３５－１３" }, "geometry": { "type": "Point", "coordinates": [ 132.410739, 34.381261 ] } },
{ "type": "Feature", "properties": { "ID": 3457340004710, "正式名称": "有限会社　後藤　ふれあい薬局", "機関区分": 5, "都道府県コード": 34, "市区町村コード": 104, "所在地": "広島県広島市西区草津新町２－８－１３", "緯度": 34.374789, "経度": 132.393907, "url": "https://www.iryou.teikyouseido.mhlw.go.jp/znk-web/juminkanja/S2430/initialize?prefCd=34&kikanCd=7340004710&kikanKbn=5", "url2": null, "内容": "有限会社　後藤　ふれあい薬局【5:薬局】広島県広島市西区草津新町２－８－１３" }, "geometry": { "type": "Point", "coordinates": [ 132.393907, 34.374789 ] } },
{ "type": "Feature", "properties": { "ID": 3457340004720, "正式名称": "商工センター薬局", "機関区分": 5, "都道府県コード": 34, "市区町村コード": 104, "所在地": "広島県広島市西区井口明神一丁目１４番４９号", "緯度": 34.373706, "経度": 132.392796, "url": "https://www.iryou.teikyouseido.mhlw.go.jp/znk-web/juminkanja/S2430/initialize?prefCd=34&kikanCd=7340004720&kikanKbn=5", "url2": null, "内容": "商工センター薬局【5:薬局】広島県広島市西区井口明神一丁目１４番４９号" }, "geometry": { "type": "Point", "coordinates": [ 132.392796, 34.373706 ] } },
{ "type": "Feature", "properties": { "ID": 3457340004740, "正式名称": "有限会社　すず薬局", "機関区分": 5, "都道府県コード": 34, "市区町村コード": 104, "所在地": "広島県広島市西区井口三丁目１０－２３", "緯度": 34.369123, "経度": 132.37477, "url": "https://www.iryou.teikyouseido.mhlw.go.jp/znk-web/juminkanja/S2430/initialize?prefCd=34&kikanCd=7340004740&kikanKbn=5", "url2": null, "内容": "有限会社　すず薬局【5:薬局】広島県広島市西区井口三丁目１０－２３" }, "geometry": { "type": "Point", "coordinates": [ 132.37477, 34.369123 ] } },
{ "type": "Feature", "properties": { "ID": 3457340004750, "正式名称": "井口ぽっぽ薬局", "機関区分": 5, "都道府県コード": 34, "市区町村コード": 104, "所在地": "広島県広島市西区井口三丁目６－４２　ルネス２１ビル　１階", "緯度": 34.369845, "経度": 132.376937, "url": "https://www.iryou.teikyouseido.mhlw.go.jp/znk-web/juminkanja/S2430/initialize?prefCd=34&kikanCd=7340004750&kikanKbn=5", "url2": null, "内容": "井口ぽっぽ薬局【5:薬局】広島県広島市西区井口三丁目６－４２　ルネス２１ビル　１階" }, "geometry": { "type": "Point", "coordinates": [ 132.376937, 34.369845 ] } },
{ "type": "Feature", "properties": { "ID": 3457340004770, "正式名称": "鈴が台薬局", "機関区分": 5, "都道府県コード": 34, "市区町村コード": 104, "所在地": "広島県広島市西区井口鈴が台三丁目５－２０", "緯度": 34.375566, "経度": 132.378631, "url": "https://www.iryou.teikyouseido.mhlw.go.jp/znk-web/juminkanja/S2430/initialize?prefCd=34&kikanCd=7340004770&kikanKbn=5", "url2": null, "内容": "鈴が台薬局【5:薬局】広島県広島市西区井口鈴が台三丁目５－２０" }, "geometry": { "type": "Point", "coordinates": [ 132.378631, 34.375566 ] } },
{ "type": "Feature", "properties": { "ID": 3457340004820, "正式名称": "すばる薬局", "機関区分": 5, "都道府県コード": 34, "市区町村コード": 104, "所在地": "広島県広島市西区草津東一丁目８－１", "緯度": 34.380066, "経度": 132.406378, "url": "https://www.iryou.teikyouseido.mhlw.go.jp/znk-web/juminkanja/S2430/initialize?prefCd=34&kikanCd=7340004820&kikanKbn=5", "url2": "http://imada-pharmacy.com/", "内容": "すばる薬局【5:薬局】広島県広島市西区草津東一丁目８－１" }, "geometry": { "type": "Point", "coordinates": [ 132.406378, 34.380066 ] } },
{ "type": "Feature", "properties": { "ID": 3457340004830, "正式名称": "漢方薬局ハーブス", "機関区分": 5, "都道府県コード": 34, "市区町村コード": 104, "所在地": "広島県広島市西区草津東三丁目６－８", "緯度": 34.381538, "経度": 132.403295, "url": "https://www.iryou.teikyouseido.mhlw.go.jp/znk-web/juminkanja/S2430/initialize?prefCd=34&kikanCd=7340004830&kikanKbn=5", "url2": "https://kanpo-herbs.com", "内容": "漢方薬局ハーブス【5:薬局】広島県広島市西区草津東三丁目６－８" }, "geometry": { "type": "Point", "coordinates": [ 132.403295, 34.381538 ] } },
{ "type": "Feature", "properties": { "ID": 3457340004840, "正式名称": "有限会社　みなみ町薬局", "機関区分": 5, "都道府県コード": 34, "市区町村コード": 104, "所在地": "広島県広島市西区草津南一丁目７番１０号　みかみビル１階", "緯度": 34.377678, "経度": 132.400129, "url": "https://www.iryou.teikyouseido.mhlw.go.jp/znk-web/juminkanja/S2430/initialize?prefCd=34&kikanCd=7340004840&kikanKbn=5", "url2": null, "内容": "有限会社　みなみ町薬局【5:薬局】広島県広島市西区草津南一丁目７番１０号　みかみビル１階" }, "geometry": { "type": "Point", "coordinates": [ 132.400129, 34.377678 ] } },
{ "type": "Feature", "properties": { "ID": 3457340004860, "正式名称": "そうごう薬局　草津店", "機関区分": 5, "都道府県コード": 34, "市区町村コード": 104, "所在地": "広島県広島市西区草津本町１５－２０", "緯度": 34.380455, "経度": 132.403573, "url": "https://www.iryou.teikyouseido.mhlw.go.jp/znk-web/juminkanja/S2430/initialize?prefCd=34&kikanCd=7340004860&kikanKbn=5", "url2": "https://www.sogo-medical.co.jp/sogopharmacy/shop/view/32", "内容": "そうごう薬局　草津店【5:薬局】広島県広島市西区草津本町１５－２０" }, "geometry": { "type": "Point", "coordinates": [ 132.403573, 34.380455 ] } },
{ "type": "Feature", "properties": { "ID": 3457340004870, "正式名称": "有限会社ムラオカ薬局", "機関区分": 5, "都道府県コード": 34, "市区町村コード": 104, "所在地": "広島県広島市西区高須一丁目１番２号", "緯度": 34.391982, "経度": 132.419877, "url": "https://www.iryou.teikyouseido.mhlw.go.jp/znk-web/juminkanja/S2430/initialize?prefCd=34&kikanCd=7340004870&kikanKbn=5", "url2": "http://muraoka-yakkyoku.com/", "内容": "有限会社ムラオカ薬局【5:薬局】広島県広島市西区高須一丁目１番２号" }, "geometry": { "type": "Point", "coordinates": [ 132.419877, 34.391982 ] } },
{ "type": "Feature", "properties": { "ID": 3457340004880, "正式名称": "宮本薬局", "機関区分": 5, "都道府県コード": 34, "市区町村コード": 104, "所在地": "広島県広島市西区古江東町７－８", "緯度": 34.386705, "経度": 132.410544, "url": "https://www.iryou.teikyouseido.mhlw.go.jp/znk-web/juminkanja/S2430/initialize?prefCd=34&kikanCd=7340004880&kikanKbn=5", "url2": "https://www.okusuriyasan.jp/", "内容": "宮本薬局【5:薬局】広島県広島市西区古江東町７－８" }, "geometry": { "type": "Point", "coordinates": [ 132.410544, 34.386705 ] } },
{ "type": "Feature", "properties": { "ID": 3457340004900, "正式名称": "株式会社広島調剤　古江薬局", "機関区分": 5, "都道府県コード": 34, "市区町村コード": 104, "所在地": "広島県広島市西区古江新町６番２号", "緯度": 34.38451, "経度": 132.411544, "url": "https://www.iryou.teikyouseido.mhlw.go.jp/znk-web/juminkanja/S2430/initialize?prefCd=34&kikanCd=7340004900&kikanKbn=5", "url2": null, "内容": "株式会社広島調剤　古江薬局【5:薬局】広島県広島市西区古江新町６番２号" }, "geometry": { "type": "Point", "coordinates": [ 132.411544, 34.38451 ] } },
{ "type": "Feature", "properties": { "ID": 3457340004920, "正式名称": "ハーブ薬局", "機関区分": 5, "都道府県コード": 34, "市区町村コード": 104, "所在地": "広島県広島市西区古江新町１３番３６号", "緯度": 34.383177, "経度": 132.410822, "url": "https://www.iryou.teikyouseido.mhlw.go.jp/znk-web/juminkanja/S2430/initialize?prefCd=34&kikanCd=7340004920&kikanKbn=5", "url2": "http://www.horon-suzuran.com/tenpo-detail#ttl-habuten", "内容": "ハーブ薬局【5:薬局】広島県広島市西区古江新町１３番３６号" }, "geometry": { "type": "Point", "coordinates": [ 132.410822, 34.383177 ] } },
{ "type": "Feature", "properties": { "ID": 3457340004940, "正式名称": "古江調剤薬局", "機関区分": 5, "都道府県コード": 34, "市区町村コード": 104, "所在地": "広島県広島市西区古江西町２２－１０", "緯度": 34.384427, "経度": 132.406295, "url": "https://www.iryou.teikyouseido.mhlw.go.jp/znk-web/juminkanja/S2430/initialize?prefCd=34&kikanCd=7340004940&kikanKbn=5", "url2": null, "内容": "古江調剤薬局【5:薬局】広島県広島市西区古江西町２２－１０" }, "geometry": { "type": "Point", "coordinates": [ 132.406295, 34.384427 ] } },
{ "type": "Feature", "properties": { "ID": 3457340004950, "正式名称": "池田博愛堂薬局", "機関区分": 5, "都道府県コード": 34, "市区町村コード": 103, "所在地": "広島県広島市南区出汐一丁目３－１１", "緯度": 34.379938, "経度": 132.476004, "url": "https://www.iryou.teikyouseido.mhlw.go.jp/znk-web/juminkanja/S2430/initialize?prefCd=34&kikanCd=7340004950&kikanKbn=5", "url2": "https://southerncrossltd.com", "内容": "池田博愛堂薬局【5:薬局】広島県広島市南区出汐一丁目３－１１" }, "geometry": { "type": "Point", "coordinates": [ 132.476004, 34.379938 ] } },
{ "type": "Feature", "properties": { "ID": 3457340004960, "正式名称": "緑風会薬局", "機関区分": 5, "都道府県コード": 34, "市区町村コード": 103, "所在地": "広島県広島市南区出汐一丁目４番３号", "緯度": 34.379659, "経度": 132.476119, "url": "https://www.iryou.teikyouseido.mhlw.go.jp/znk-web/juminkanja/S2430/initialize?prefCd=34&kikanCd=7340004960&kikanKbn=5", "url2": "http://ryokufukai.org/", "内容": "緑風会薬局【5:薬局】広島県広島市南区出汐一丁目４番３号" }, "geometry": { "type": "Point", "coordinates": [ 132.476119, 34.379659 ] } },
{ "type": "Feature", "properties": { "ID": 3457340004980, "正式名称": "ハロー薬局", "機関区分": 5, "都道府県コード": 34, "市区町村コード": 103, "所在地": "広島県広島市南区出汐一丁目５番１７号", "緯度": 34.379956, "経度": 132.476928, "url": "https://www.iryou.teikyouseido.mhlw.go.jp/znk-web/juminkanja/S2430/initialize?prefCd=34&kikanCd=7340004980&kikanKbn=5", "url2": "https://southerncrossltd.com", "内容": "ハロー薬局【5:薬局】広島県広島市南区出汐一丁目５番１７号" }, "geometry": { "type": "Point", "coordinates": [ 132.476928, 34.379956 ] } },
{ "type": "Feature", "properties": { "ID": 3457340004990, "正式名称": "ひよこ薬局", "機関区分": 5, "都道府県コード": 34, "市区町村コード": 103, "所在地": "広島県広島市南区出汐一丁目５－１４", "緯度": 34.379929, "経度": 132.476789, "url": "https://www.iryou.teikyouseido.mhlw.go.jp/znk-web/juminkanja/S2430/initialize?prefCd=34&kikanCd=7340004990&kikanKbn=5", "url2": "https://sites.google.com/view/hiyoko-pharmacy", "内容": "ひよこ薬局【5:薬局】広島県広島市南区出汐一丁目５－１４" }, "geometry": { "type": "Point", "coordinates": [ 132.476789, 34.379929 ] } },
{ "type": "Feature", "properties": { "ID": 3457340005010, "正式名称": "トワニー薬局", "機関区分": 5, "都道府県コード": 34, "市区町村コード": 103, "所在地": "広島県広島市南区出汐一丁目１２番２５号", "緯度": 34.37904, "経度": 132.476734, "url": "https://www.iryou.teikyouseido.mhlw.go.jp/znk-web/juminkanja/S2430/initialize?prefCd=34&kikanCd=7340005010&kikanKbn=5", "url2": "https://southerncrossltd.com", "内容": "トワニー薬局【5:薬局】広島県広島市南区出汐一丁目１２番２５号" }, "geometry": { "type": "Point", "coordinates": [ 132.476734, 34.37904 ] } },
{ "type": "Feature", "properties": { "ID": 3457340005050, "正式名称": "有限会社　ヤマキ薬局", "機関区分": 5, "都道府県コード": 34, "市区町村コード": 103, "所在地": "広島県広島市南区宇品神田一丁目７番１２号", "緯度": 34.366319, "経度": 132.465096, "url": "https://www.iryou.teikyouseido.mhlw.go.jp/znk-web/juminkanja/S2430/initialize?prefCd=34&kikanCd=7340005050&kikanKbn=5", "url2": "http://www.yamaki-phamacy.com", "内容": "有限会社　ヤマキ薬局【5:薬局】広島県広島市南区宇品神田一丁目７番１２号" }, "geometry": { "type": "Point", "coordinates": [ 132.465096, 34.366319 ] } },
{ "type": "Feature", "properties": { "ID": 3457340005080, "正式名称": "すみれ薬局　神田店", "機関区分": 5, "都道府県コード": 34, "市区町村コード": 103, "所在地": "広島県広島市南区宇品神田２丁目１４－２２", "緯度": 34.364597, "経度": 132.464541, "url": "https://www.iryou.teikyouseido.mhlw.go.jp/znk-web/juminkanja/S2430/initialize?prefCd=34&kikanCd=7340005080&kikanKbn=5", "url2": null, "内容": "すみれ薬局　神田店【5:薬局】広島県広島市南区宇品神田２丁目１４－２２" }, "geometry": { "type": "Point", "coordinates": [ 132.464541, 34.364597 ] } },
{ "type": "Feature", "properties": { "ID": 3457340005110, "正式名称": "広島南薬局", "機関区分": 5, "都道府県コード": 34, "市区町村コード": 103, "所在地": "広島県広島市南区宇品神田一丁目４－２", "緯度": 34.367819, "経度": 132.46568, "url": "https://www.iryou.teikyouseido.mhlw.go.jp/znk-web/juminkanja/S2430/initialize?prefCd=34&kikanCd=7340005110&kikanKbn=5", "url2": null, "内容": "広島南薬局【5:薬局】広島県広島市南区宇品神田一丁目４－２" }, "geometry": { "type": "Point", "coordinates": [ 132.46568, 34.367819 ] } },
{ "type": "Feature", "properties": { "ID": 3457340005120, "正式名称": "（有）エヌ・イー・ピー　かもめ薬局", "機関区分": 5, "都道府県コード": 34, "市区町村コード": 103, "所在地": "広島県広島市南区宇品神田二丁目３－１９", "緯度": 34.366013, "経度": 132.465846, "url": "https://www.iryou.teikyouseido.mhlw.go.jp/znk-web/juminkanja/S2430/initialize?prefCd=34&kikanCd=7340005120&kikanKbn=5", "url2": null, "内容": "（有）エヌ・イー・ピー　かもめ薬局【5:薬局】広島県広島市南区宇品神田二丁目３－１９" }, "geometry": { "type": "Point", "coordinates": [ 132.465846, 34.366013 ] } },
{ "type": "Feature", "properties": { "ID": 3457340005140, "正式名称": "ホープ薬局", "機関区分": 5, "都道府県コード": 34, "市区町村コード": 103, "所在地": "広島県広島市南区宇品神田一丁目１－１８", "緯度": 34.36843, "経度": 132.464902, "url": "https://www.iryou.teikyouseido.mhlw.go.jp/znk-web/juminkanja/S2430/initialize?prefCd=34&kikanCd=7340005140&kikanKbn=5", "url2": null, "内容": "ホープ薬局【5:薬局】広島県広島市南区宇品神田一丁目１－１８" }, "geometry": { "type": "Point", "coordinates": [ 132.464902, 34.36843 ] } },
{ "type": "Feature", "properties": { "ID": 3457340005160, "正式名称": "ファーマシィ薬局　宇品神田", "機関区分": 5, "都道府県コード": 34, "市区町村コード": 103, "所在地": "広島県広島市南区宇品神田一丁目４－３　オオタビル１階", "緯度": 34.36768, "経度": 132.465652, "url": "https://www.iryou.teikyouseido.mhlw.go.jp/znk-web/juminkanja/S2430/initialize?prefCd=34&kikanCd=7340005160&kikanKbn=5", "url2": "http://www.pharmacy-net.co.jp/", "内容": "ファーマシィ薬局　宇品神田【5:薬局】広島県広島市南区宇品神田一丁目４－３　オオタビル１階" }, "geometry": { "type": "Point", "coordinates": [ 132.465652, 34.36768 ] } },
{ "type": "Feature", "properties": { "ID": 3457340005190, "正式名称": "エイコー堂薬局　みどり店", "機関区分": 5, "都道府県コード": 34, "市区町村コード": 103, "所在地": "広島県広島市南区翠一丁目１０－２５", "緯度": 34.369077, "経度": 132.465065, "url": "https://www.iryou.teikyouseido.mhlw.go.jp/znk-web/juminkanja/S2430/initialize?prefCd=34&kikanCd=7340005190&kikanKbn=5", "url2": null, "内容": "エイコー堂薬局　みどり店【5:薬局】広島県広島市南区翠一丁目１０－２５" }, "geometry": { "type": "Point", "coordinates": [ 132.465065, 34.369077 ] } },
{ "type": "Feature", "properties": { "ID": 3457340005210, "正式名称": "日本調剤　みどり町薬局", "機関区分": 5, "都道府県コード": 34, "市区町村コード": 103, "所在地": "広島県広島市南区翠五丁目１７－１０", "緯度": 34.367874, "経度": 132.466624, "url": "https://www.iryou.teikyouseido.mhlw.go.jp/znk-web/juminkanja/S2430/initialize?prefCd=34&kikanCd=7340005210&kikanKbn=5", "url2": "http://www.nicho.co.jp/tenpo/midorim.html", "内容": "日本調剤　みどり町薬局【5:薬局】広島県広島市南区翠五丁目１７－１０" }, "geometry": { "type": "Point", "coordinates": [ 132.466624, 34.367874 ] } },
{ "type": "Feature", "properties": { "ID": 3457340005220, "正式名称": "オール薬局　翠町店", "機関区分": 5, "都道府県コード": 34, "市区町村コード": 103, "所在地": "広島県広島市南区翠三丁目６番４号", "緯度": 34.373068, "経度": 132.47154, "url": "https://www.iryou.teikyouseido.mhlw.go.jp/znk-web/juminkanja/S2430/initialize?prefCd=34&kikanCd=7340005220&kikanKbn=5", "url2": "http://www.e-classa.net/owl-midorimachi/", "内容": "オール薬局　翠町店【5:薬局】広島県広島市南区翠三丁目６番４号" }, "geometry": { "type": "Point", "coordinates": [ 132.47154, 34.373068 ] } },
{ "type": "Feature", "properties": { "ID": 3457340005240, "正式名称": "堀江薬局", "機関区分": 5, "都道府県コード": 34, "市区町村コード": 103, "所在地": "広島県広島市南区皆実町一丁目１８－２", "緯度": 34.377873, "経度": 132.470234, "url": "https://www.iryou.teikyouseido.mhlw.go.jp/znk-web/juminkanja/S2430/initialize?prefCd=34&kikanCd=7340005240&kikanKbn=5", "url2": null, "内容": "堀江薬局【5:薬局】広島県広島市南区皆実町一丁目１８－２" }, "geometry": { "type": "Point", "coordinates": [ 132.470234, 34.377873 ] } },
{ "type": "Feature", "properties": { "ID": 3457340005300, "正式名称": "マリン薬局　株式会社　マリン薬局宇品店", "機関区分": 5, "都道府県コード": 34, "市区町村コード": 103, "所在地": "広島県広島市南区宇品西二丁目５－５", "緯度": 34.366013, "経度": 132.459763, "url": "https://www.iryou.teikyouseido.mhlw.go.jp/znk-web/juminkanja/S2430/initialize?prefCd=34&kikanCd=7340005300&kikanKbn=5", "url2": "http://www.marine-yakkyoku.co.jp", "内容": "マリン薬局　株式会社　マリン薬局宇品店【5:薬局】広島県広島市南区宇品西二丁目５－５" }, "geometry": { "type": "Point", "coordinates": [ 132.459763, 34.366013 ] } },
{ "type": "Feature", "properties": { "ID": 3457340005330, "正式名称": "有限会社　岡田経三薬局", "機関区分": 5, "都道府県コード": 34, "市区町村コード": 103, "所在地": "広島県広島市南区宇品御幸五丁目１９－１３", "緯度": 34.356792, "経度": 132.462014, "url": "https://www.iryou.teikyouseido.mhlw.go.jp/znk-web/juminkanja/S2430/initialize?prefCd=34&kikanCd=7340005330&kikanKbn=5", "url2": null, "内容": "有限会社　岡田経三薬局【5:薬局】広島県広島市南区宇品御幸五丁目１９－１３" }, "geometry": { "type": "Point", "coordinates": [ 132.462014, 34.356792 ] } },
{ "type": "Feature", "properties": { "ID": 3457340005360, "正式名称": "スマイル薬局", "機関区分": 5, "都道府県コード": 34, "市区町村コード": 103, "所在地": "広島県広島市南区宇品御幸三丁目１番６号", "緯度": 34.363632, "経度": 132.464066, "url": "https://www.iryou.teikyouseido.mhlw.go.jp/znk-web/juminkanja/S2430/initialize?prefCd=34&kikanCd=7340005360&kikanKbn=5", "url2": "https://s-kusuri.jp", "内容": "スマイル薬局【5:薬局】広島県広島市南区宇品御幸三丁目１番６号" }, "geometry": { "type": "Point", "coordinates": [ 132.464066, 34.363632 ] } },
{ "type": "Feature", "properties": { "ID": 3457340005410, "正式名称": "タカタ薬局　上東雲店", "機関区分": 5, "都道府県コード": 34, "市区町村コード": 103, "所在地": "広島県広島市南区上東雲町３３－７中川ビル１Ｆ", "緯度": 34.383845, "経度": 132.485733, "url": "https://www.iryou.teikyouseido.mhlw.go.jp/znk-web/juminkanja/S2430/initialize?prefCd=34&kikanCd=7340005410&kikanKbn=5", "url2": null, "内容": "タカタ薬局　上東雲店【5:薬局】広島県広島市南区上東雲町３３－７中川ビル１Ｆ" }, "geometry": { "type": "Point", "coordinates": [ 132.485733, 34.383845 ] } },
{ "type": "Feature", "properties": { "ID": 3457340005440, "正式名称": "ケンコー薬局", "機関区分": 5, "都道府県コード": 34, "市区町村コード": 103, "所在地": "広島県広島市南区東雲三丁目５－３６", "緯度": 34.37954, "経度": 132.491594, "url": "https://www.iryou.teikyouseido.mhlw.go.jp/znk-web/juminkanja/S2430/initialize?prefCd=34&kikanCd=7340005440&kikanKbn=5", "url2": null, "内容": "ケンコー薬局【5:薬局】広島県広島市南区東雲三丁目５－３６" }, "geometry": { "type": "Point", "coordinates": [ 132.491594, 34.37954 ] } },
{ "type": "Feature", "properties": { "ID": 3457340005460, "正式名称": "そらいろ薬局", "機関区分": 5, "都道府県コード": 34, "市区町村コード": 103, "所在地": "広島県広島市南区東雲本町二丁目１７番６号", "緯度": 34.380231, "経度": 132.48883, "url": "https://www.iryou.teikyouseido.mhlw.go.jp/znk-web/juminkanja/S2430/initialize?prefCd=34&kikanCd=7340005460&kikanKbn=5", "url2": null, "内容": "そらいろ薬局【5:薬局】広島県広島市南区東雲本町二丁目１７番６号" }, "geometry": { "type": "Point", "coordinates": [ 132.48883, 34.380231 ] } },
{ "type": "Feature", "properties": { "ID": 3457340005470, "正式名称": "エスマイル薬局　東雲店", "機関区分": 5, "都道府県コード": 34, "市区町村コード": 103, "所在地": "広島県広島市南区東雲本町二丁目１－８　北岡ビル１Ｆ", "緯度": 34.383345, "経度": 132.487288, "url": "https://www.iryou.teikyouseido.mhlw.go.jp/znk-web/juminkanja/S2430/initialize?prefCd=34&kikanCd=7340005470&kikanKbn=5", "url2": "http://www.ssmile.co.jp/", "内容": "エスマイル薬局　東雲店【5:薬局】広島県広島市南区東雲本町二丁目１－８　北岡ビル１Ｆ" }, "geometry": { "type": "Point", "coordinates": [ 132.487288, 34.383345 ] } },
{ "type": "Feature", "properties": { "ID": 3457340005490, "正式名称": "純薬　株式会社　東雲アゼリア薬局", "機関区分": 5, "都道府県コード": 34, "市区町村コード": 103, "所在地": "広島県広島市南区東雲本町二丁目１３－３２クレールＤＡＴＥ", "緯度": 34.380484, "経度": 132.486511, "url": "https://www.iryou.teikyouseido.mhlw.go.jp/znk-web/juminkanja/S2430/initialize?prefCd=34&kikanCd=7340005490&kikanKbn=5", "url2": "https://www.junyaku.com/shinonome-azeria", "内容": "純薬　株式会社　東雲アゼリア薬局【5:薬局】広島県広島市南区東雲本町二丁目１３－３２クレールＤＡＴＥ" }, "geometry": { "type": "Point", "coordinates": [ 132.486511, 34.380484 ] } },
{ "type": "Feature", "properties": { "ID": 3457340005500, "正式名称": "有限会社　竹田薬局", "機関区分": 5, "都道府県コード": 34, "市区町村コード": 103, "所在地": "広島県広島市南区東雲本町二丁目３－１９", "緯度": 34.383067, "経度": 132.485733, "url": "https://www.iryou.teikyouseido.mhlw.go.jp/znk-web/juminkanja/S2430/initialize?prefCd=34&kikanCd=7340005500&kikanKbn=5", "url2": "http://www.myph.jp/takeda_pharm/pc/index.html", "内容": "有限会社　竹田薬局【5:薬局】広島県広島市南区東雲本町二丁目３－１９" }, "geometry": { "type": "Point", "coordinates": [ 132.485733, 34.383067 ] } },
{ "type": "Feature", "properties": { "ID": 3457340005510, "正式名称": "タカタ薬局　東雲本町店", "機関区分": 5, "都道府県コード": 34, "市区町村コード": 103, "所在地": "広島県広島市南区東雲本町２丁目７番１５号", "緯度": 34.382123, "経度": 132.486316, "url": "https://www.iryou.teikyouseido.mhlw.go.jp/znk-web/juminkanja/S2430/initialize?prefCd=34&kikanCd=7340005510&kikanKbn=5", "url2": null, "内容": "タカタ薬局　東雲本町店【5:薬局】広島県広島市南区東雲本町２丁目７番１５号" }, "geometry": { "type": "Point", "coordinates": [ 132.486316, 34.382123 ] } },
{ "type": "Feature", "properties": { "ID": 3457340005520, "正式名称": "アイ薬局", "機関区分": 5, "都道府県コード": 34, "市区町村コード": 103, "所在地": "広島県広島市南区仁保新町一丁目９－１４", "緯度": 34.376068, "経度": 132.492455, "url": "https://www.iryou.teikyouseido.mhlw.go.jp/znk-web/juminkanja/S2430/initialize?prefCd=34&kikanCd=7340005520&kikanKbn=5", "url2": "http://homepage2.nifty.com/aisonetic", "内容": "アイ薬局【5:薬局】広島県広島市南区仁保新町一丁目９－１４" }, "geometry": { "type": "Point", "coordinates": [ 132.492455, 34.376068 ] } },
{ "type": "Feature", "properties": { "ID": 3457340005530, "正式名称": "有限会社　ルピナス薬局", "機関区分": 5, "都道府県コード": 34, "市区町村コード": 103, "所在地": "広島県広島市南区仁保新町１－４－１２", "緯度": 34.377929, "経度": 132.490205, "url": "https://www.iryou.teikyouseido.mhlw.go.jp/znk-web/juminkanja/S2430/initialize?prefCd=34&kikanCd=7340005530&kikanKbn=5", "url2": null, "内容": "有限会社　ルピナス薬局【5:薬局】広島県広島市南区仁保新町１－４－１２" }, "geometry": { "type": "Point", "coordinates": [ 132.490205, 34.377929 ] } },
{ "type": "Feature", "properties": { "ID": 3457340005560, "正式名称": "有限会社　東部薬局", "機関区分": 5, "都道府県コード": 34, "市区町村コード": 103, "所在地": "広島県広島市南区東本浦町４番２７号", "緯度": 34.376513, "経度": 132.488233, "url": "https://www.iryou.teikyouseido.mhlw.go.jp/znk-web/juminkanja/S2430/initialize?prefCd=34&kikanCd=7340005560&kikanKbn=5", "url2": null, "内容": "有限会社　東部薬局【5:薬局】広島県広島市南区東本浦町４番２７号" }, "geometry": { "type": "Point", "coordinates": [ 132.488233, 34.376513 ] } },
{ "type": "Feature", "properties": { "ID": 3457340005570, "正式名称": "あい愛薬局", "機関区分": 5, "都道府県コード": 34, "市区町村コード": 103, "所在地": "広島県広島市南区東本浦町２３－２２　中野ビル", "緯度": 34.375263, "経度": 132.492399, "url": "https://www.iryou.teikyouseido.mhlw.go.jp/znk-web/juminkanja/S2430/initialize?prefCd=34&kikanCd=7340005570&kikanKbn=5", "url2": "http://homepage2.nifty.com/aisonetic/", "内容": "あい愛薬局【5:薬局】広島県広島市南区東本浦町２３－２２　中野ビル" }, "geometry": { "type": "Point", "coordinates": [ 132.492399, 34.375263 ] } },
{ "type": "Feature", "properties": { "ID": 3457340005590, "正式名称": "ひまわり薬局", "機関区分": 5, "都道府県コード": 34, "市区町村コード": 103, "所在地": "広島県広島市南区比治山本町１６－３５　産業文化センター１２階", "緯度": 34.379901, "経度": 132.468957, "url": "https://www.iryou.teikyouseido.mhlw.go.jp/znk-web/juminkanja/S2430/initialize?prefCd=34&kikanCd=7340005590&kikanKbn=5", "url2": "http://www.reliance-cosmos.co.jp/", "内容": "ひまわり薬局【5:薬局】広島県広島市南区比治山本町１６－３５　産業文化センター１２階" }, "geometry": { "type": "Point", "coordinates": [ 132.468957, 34.379901 ] } },
{ "type": "Feature", "properties": { "ID": 3457340005640, "正式名称": "くらかけ薬局", "機関区分": 5, "都道府県コード": 34, "市区町村コード": 103, "所在地": "広島県広島市南区青崎一丁目８－８", "緯度": 34.374902, "経度": 132.50662, "url": "https://www.iryou.teikyouseido.mhlw.go.jp/znk-web/juminkanja/S2430/initialize?prefCd=34&kikanCd=7340005640&kikanKbn=5", "url2": "https://kurakake-pharmacy.co.jp", "内容": "くらかけ薬局【5:薬局】広島県広島市南区青崎一丁目８－８" }, "geometry": { "type": "Point", "coordinates": [ 132.50662, 34.374902 ] } },
{ "type": "Feature", "properties": { "ID": 3457340005670, "正式名称": "有限会社　向洋薬局", "機関区分": 5, "都道府県コード": 34, "市区町村コード": 103, "所在地": "広島県広島市南区向洋中町１－６", "緯度": 34.367125, "経度": 132.505593, "url": "https://www.iryou.teikyouseido.mhlw.go.jp/znk-web/juminkanja/S2430/initialize?prefCd=34&kikanCd=7340005670&kikanKbn=5", "url2": null, "内容": "有限会社　向洋薬局【5:薬局】広島県広島市南区向洋中町１－６" }, "geometry": { "type": "Point", "coordinates": [ 132.505593, 34.367125 ] } },
{ "type": "Feature", "properties": { "ID": 3457340005690, "正式名称": "全快堂薬局　本店", "機関区分": 5, "都道府県コード": 34, "市区町村コード": 107, "所在地": "広島県広島市安芸区船越三丁目１３－１５", "緯度": 34.375053, "経度": 132.521854, "url": "https://www.iryou.teikyouseido.mhlw.go.jp/znk-web/juminkanja/S2430/initialize?prefCd=34&kikanCd=7340005690&kikanKbn=5", "url2": "http://www.zenkaidou.co.jp/", "内容": "全快堂薬局　本店【5:薬局】広島県広島市安芸区船越三丁目１３－１５" }, "geometry": { "type": "Point", "coordinates": [ 132.521854, 34.375053 ] } },
{ "type": "Feature", "properties": { "ID": 3457340005700, "正式名称": "有限会社　ヒラノ薬局", "機関区分": 5, "都道府県コード": 34, "市区町村コード": 302, "所在地": "広島県安芸郡府中町青崎東１９－３４－１０１", "緯度": 34.375986, "経度": 132.515068, "url": "https://www.iryou.teikyouseido.mhlw.go.jp/znk-web/juminkanja/S2430/initialize?prefCd=34&kikanCd=7340005700&kikanKbn=5", "url2": null, "内容": "有限会社　ヒラノ薬局【5:薬局】広島県安芸郡府中町青崎東１９－３４－１０１" }, "geometry": { "type": "Point", "coordinates": [ 132.515068, 34.375986 ] } },
{ "type": "Feature", "properties": { "ID": 3457340005710, "正式名称": "有限会社　船越調剤薬局", "機関区分": 5, "都道府県コード": 34, "市区町村コード": 107, "所在地": "広島県広島市安芸区船越６丁目３－１９", "緯度": 34.374986, "経度": 132.529368, "url": "https://www.iryou.teikyouseido.mhlw.go.jp/znk-web/juminkanja/S2430/initialize?prefCd=34&kikanCd=7340005710&kikanKbn=5", "url2": null, "内容": "有限会社　船越調剤薬局【5:薬局】広島県広島市安芸区船越６丁目３－１９" }, "geometry": { "type": "Point", "coordinates": [ 132.529368, 34.374986 ] } },
{ "type": "Feature", "properties": { "ID": 3457340005730, "正式名称": "有限会社　ハート薬局", "機関区分": 5, "都道府県コード": 34, "市区町村コード": 107, "所在地": "広島県広島市安芸区船越南二丁目１７－１　一階", "緯度": 34.37293, "経度": 132.522258, "url": "https://www.iryou.teikyouseido.mhlw.go.jp/znk-web/juminkanja/S2430/initialize?prefCd=34&kikanCd=7340005730&kikanKbn=5", "url2": null, "内容": "有限会社　ハート薬局【5:薬局】広島県広島市安芸区船越南二丁目１７－１　一階" }, "geometry": { "type": "Point", "coordinates": [ 132.522258, 34.37293 ] } },
{ "type": "Feature", "properties": { "ID": 3457340005750, "正式名称": "船越南どんぐり薬局", "機関区分": 5, "都道府県コード": 34, "市区町村コード": 107, "所在地": "広島県広島市安芸区船越南三丁目２５－２８", "緯度": 34.371458, "経度": 132.526258, "url": "https://www.iryou.teikyouseido.mhlw.go.jp/znk-web/juminkanja/S2430/initialize?prefCd=34&kikanCd=7340005750&kikanKbn=5", "url2": "https://www.donguri-gp.com", "内容": "船越南どんぐり薬局【5:薬局】広島県広島市安芸区船越南三丁目２５－２８" }, "geometry": { "type": "Point", "coordinates": [ 132.526258, 34.371458 ] } },
{ "type": "Feature", "properties": { "ID": 3457340005780, "正式名称": "有限会社すみれ薬局", "機関区分": 5, "都道府県コード": 34, "市区町村コード": 107, "所在地": "広島県広島市安芸区矢野東四丁目１番９号", "緯度": 34.356016, "経度": 132.538063, "url": "https://www.iryou.teikyouseido.mhlw.go.jp/znk-web/juminkanja/S2430/initialize?prefCd=34&kikanCd=7340005780&kikanKbn=5", "url2": null, "内容": "有限会社すみれ薬局【5:薬局】広島県広島市安芸区矢野東四丁目１番９号" }, "geometry": { "type": "Point", "coordinates": [ 132.538063, 34.356016 ] } },
{ "type": "Feature", "properties": { "ID": 3457340005850, "正式名称": "矢野全快堂薬局", "機関区分": 5, "都道府県コード": 34, "市区町村コード": 107, "所在地": "広島県広島市安芸区矢野南三丁目１－３", "緯度": 34.344933, "経度": 132.528759, "url": "https://www.iryou.teikyouseido.mhlw.go.jp/znk-web/juminkanja/S2430/initialize?prefCd=34&kikanCd=7340005850&kikanKbn=5", "url2": "https://zenkaidou.co.jp", "内容": "矢野全快堂薬局【5:薬局】広島県広島市安芸区矢野南三丁目１－３" }, "geometry": { "type": "Point", "coordinates": [ 132.528759, 34.344933 ] } },
{ "type": "Feature", "properties": { "ID": 3457340005860, "正式名称": "ひらあき薬局", "機関区分": 5, "都道府県コード": 34, "市区町村コード": 107, "所在地": "広島県広島市安芸区畑賀３－２９－２", "緯度": 34.393734, "経度": 132.550894, "url": "https://www.iryou.teikyouseido.mhlw.go.jp/znk-web/juminkanja/S2430/initialize?prefCd=34&kikanCd=7340005860&kikanKbn=5", "url2": null, "内容": "ひらあき薬局【5:薬局】広島県広島市安芸区畑賀３－２９－２" }, "geometry": { "type": "Point", "coordinates": [ 132.550894, 34.393734 ] } },
{ "type": "Feature", "properties": { "ID": 3457340005880, "正式名称": "栗岡共栄薬局　水内店", "機関区分": 5, "都道府県コード": 34, "市区町村コード": 108, "所在地": "広島県広島市佐伯区湯来町下字久賀市９９４", "緯度": 34.553281, "経度": 132.35039, "url": "https://www.iryou.teikyouseido.mhlw.go.jp/znk-web/juminkanja/S2430/initialize?prefCd=34&kikanCd=7340005880&kikanKbn=5", "url2": null, "内容": "栗岡共栄薬局　水内店【5:薬局】広島県広島市佐伯区湯来町下字久賀市９９４" }, "geometry": { "type": "Point", "coordinates": [ 132.35039, 34.553281 ] } },
{ "type": "Feature", "properties": { "ID": 3457340005890, "正式名称": "湯来しみず薬局", "機関区分": 5, "都道府県コード": 34, "市区町村コード": 108, "所在地": "広島県広島市佐伯区湯来町白砂５８８－１", "緯度": 34.421349, "経度": 132.288769, "url": "https://www.iryou.teikyouseido.mhlw.go.jp/znk-web/juminkanja/S2430/initialize?prefCd=34&kikanCd=7340005890&kikanKbn=5", "url2": "https://www.drug-shimizu.jp/", "内容": "湯来しみず薬局【5:薬局】広島県広島市佐伯区湯来町白砂５８８－１" }, "geometry": { "type": "Point", "coordinates": [ 132.288769, 34.421349 ] } },
{ "type": "Feature", "properties": { "ID": 3457340005900, "正式名称": "有限会社　アーニスト　瀬野薬局", "機関区分": 5, "都道府県コード": 34, "市区町村コード": 107, "所在地": "広島県広島市安芸区瀬野一丁目２６－３", "緯度": 34.42201, "経度": 132.604554, "url": "https://www.iryou.teikyouseido.mhlw.go.jp/znk-web/juminkanja/S2430/initialize?prefCd=34&kikanCd=7340005900&kikanKbn=5", "url2": null, "内容": "有限会社　アーニスト　瀬野薬局【5:薬局】広島県広島市安芸区瀬野一丁目２６－３" }, "geometry": { "type": "Point", "coordinates": [ 132.604554, 34.42201 ] } },
{ "type": "Feature", "properties": { "ID": 3457340005910, "正式名称": "みどり坂薬局", "機関区分": 5, "都道府県コード": 34, "市区町村コード": 107, "所在地": "広島県広島市安芸区瀬野二丁目１２－１３", "緯度": 34.422676, "経度": 132.595, "url": "https://www.iryou.teikyouseido.mhlw.go.jp/znk-web/juminkanja/S2430/initialize?prefCd=34&kikanCd=7340005910&kikanKbn=5", "url2": "http://yuushin.cc/", "内容": "みどり坂薬局【5:薬局】広島県広島市安芸区瀬野二丁目１２－１３" }, "geometry": { "type": "Point", "coordinates": [ 132.595, 34.422676 ] } },
{ "type": "Feature", "properties": { "ID": 3457340005920, "正式名称": "有限会社　富士薬局", "機関区分": 5, "都道府県コード": 34, "市区町村コード": 107, "所在地": "広島県広島市安芸区中野五丁目１７番１５号　浜野ビル２階", "緯度": 34.403345, "経度": 132.580141, "url": "https://www.iryou.teikyouseido.mhlw.go.jp/znk-web/juminkanja/S2430/initialize?prefCd=34&kikanCd=7340005920&kikanKbn=5", "url2": null, "内容": "有限会社　富士薬局【5:薬局】広島県広島市安芸区中野五丁目１７番１５号　浜野ビル２階" }, "geometry": { "type": "Point", "coordinates": [ 132.580141, 34.403345 ] } },
{ "type": "Feature", "properties": { "ID": 3457340005930, "正式名称": "サンヨーファーマシー中野薬局", "機関区分": 5, "都道府県コード": 34, "市区町村コード": 107, "所在地": "広島県広島市安芸区中野５丁目１３－３２", "緯度": 34.402345, "経度": 132.580863, "url": "https://www.iryou.teikyouseido.mhlw.go.jp/znk-web/juminkanja/S2430/initialize?prefCd=34&kikanCd=7340005930&kikanKbn=5", "url2": null, "内容": "サンヨーファーマシー中野薬局【5:薬局】広島県広島市安芸区中野５丁目１３－３２" }, "geometry": { "type": "Point", "coordinates": [ 132.580863, 34.402345 ] } },
{ "type": "Feature", "properties": { "ID": 3457340005940, "正式名称": "タウン薬局　安芸中野店", "機関区分": 5, "都道府県コード": 34, "市区町村コード": 107, "所在地": "広島県広島市安芸区中野三丁目９番６号", "緯度": 34.392734, "経度": 132.564837, "url": "https://www.iryou.teikyouseido.mhlw.go.jp/znk-web/juminkanja/S2430/initialize?prefCd=34&kikanCd=7340005940&kikanKbn=5", "url2": "http://www.g-town.co.jp/", "内容": "タウン薬局　安芸中野店【5:薬局】広島県広島市安芸区中野三丁目９番６号" }, "geometry": { "type": "Point", "coordinates": [ 132.564837, 34.392734 ] } },
{ "type": "Feature", "properties": { "ID": 3457340005950, "正式名称": "アロー薬局　瀬野川店", "機関区分": 5, "都道府県コード": 34, "市区町村コード": 107, "所在地": "広島県広島市安芸区中野東１丁目１１－３１", "緯度": 34.387068, "経度": 132.562171, "url": "https://www.iryou.teikyouseido.mhlw.go.jp/znk-web/juminkanja/S2430/initialize?prefCd=34&kikanCd=7340005950&kikanKbn=5", "url2": "http://hiroshima-arrow.com/", "内容": "アロー薬局　瀬野川店【5:薬局】広島県広島市安芸区中野東１丁目１１－３１" }, "geometry": { "type": "Point", "coordinates": [ 132.562171, 34.387068 ] } },
{ "type": "Feature", "properties": { "ID": 3457340005960, "正式名称": "有限会社　スマイル　中野中央薬局", "機関区分": 5, "都道府県コード": 34, "市区町村コード": 107, "所在地": "広島県広島市安芸区中野東一丁目２０－２５", "緯度": 34.385402, "経度": 132.561615, "url": "https://www.iryou.teikyouseido.mhlw.go.jp/znk-web/juminkanja/S2430/initialize?prefCd=34&kikanCd=7340005960&kikanKbn=5", "url2": null, "内容": "有限会社　スマイル　中野中央薬局【5:薬局】広島県広島市安芸区中野東一丁目２０－２５" }, "geometry": { "type": "Point", "coordinates": [ 132.561615, 34.385402 ] } },
{ "type": "Feature", "properties": { "ID": 3457340005970, "正式名称": "なのはな薬局", "機関区分": 5, "都道府県コード": 34, "市区町村コード": 107, "所在地": "広島県広島市安芸区中野東４丁目　１８－１", "緯度": 34.396734, "経度": 132.577475, "url": "https://www.iryou.teikyouseido.mhlw.go.jp/znk-web/juminkanja/S2430/initialize?prefCd=34&kikanCd=7340005970&kikanKbn=5", "url2": "http://www.trust-ph.com/", "内容": "なのはな薬局【5:薬局】広島県広島市安芸区中野東４丁目　１８－１" }, "geometry": { "type": "Point", "coordinates": [ 132.577475, 34.396734 ] } },
{ "type": "Feature", "properties": { "ID": 3457340005980, "正式名称": "平原薬局", "機関区分": 5, "都道府県コード": 34, "市区町村コード": 107, "所在地": "広島県広島市安芸区中野東五丁目１－２", "緯度": 34.401706, "経度": 132.582085, "url": "https://www.iryou.teikyouseido.mhlw.go.jp/znk-web/juminkanja/S2430/initialize?prefCd=34&kikanCd=7340005980&kikanKbn=5", "url2": null, "内容": "平原薬局【5:薬局】広島県広島市安芸区中野東五丁目１－２" }, "geometry": { "type": "Point", "coordinates": [ 132.582085, 34.401706 ] } },
{ "type": "Feature", "properties": { "ID": 3457340005990, "正式名称": "永野薬局", "機関区分": 5, "都道府県コード": 34, "市区町村コード": 107, "所在地": "広島県広島市安芸区中野二丁目１８番５号", "緯度": 34.391846, "経度": 132.563087, "url": "https://www.iryou.teikyouseido.mhlw.go.jp/znk-web/juminkanja/S2430/initialize?prefCd=34&kikanCd=7340005990&kikanKbn=5", "url2": null, "内容": "永野薬局【5:薬局】広島県広島市安芸区中野二丁目１８番５号" }, "geometry": { "type": "Point", "coordinates": [ 132.563087, 34.391846 ] } },
{ "type": "Feature", "properties": { "ID": 3457340006000, "正式名称": "白木薬局", "機関区分": 5, "都道府県コード": 34, "市区町村コード": 106, "所在地": "広島県広島市安佐北区白木町小越１９４－９", "緯度": 34.552858, "経度": 132.66396, "url": "https://www.iryou.teikyouseido.mhlw.go.jp/znk-web/juminkanja/S2430/initialize?prefCd=34&kikanCd=7340006000&kikanKbn=5", "url2": null, "内容": "白木薬局【5:薬局】広島県広島市安佐北区白木町小越１９４－９" }, "geometry": { "type": "Point", "coordinates": [ 132.66396, 34.552858 ] } },
{ "type": "Feature", "properties": { "ID": 3457340006020, "正式名称": "ひかり薬局", "機関区分": 5, "都道府県コード": 34, "市区町村コード": 106, "所在地": "広島県広島市安佐北区白木町三田７００５－２", "緯度": 34.511806, "経度": 132.607439, "url": "https://www.iryou.teikyouseido.mhlw.go.jp/znk-web/juminkanja/S2430/initialize?prefCd=34&kikanCd=7340006020&kikanKbn=5", "url2": "https://fourleaf-nozomi.net/", "内容": "ひかり薬局【5:薬局】広島県広島市安佐北区白木町三田７００５－２" }, "geometry": { "type": "Point", "coordinates": [ 132.607439, 34.511806 ] } },
{ "type": "Feature", "properties": { "ID": 3457340006030, "正式名称": "パール薬局　白木店", "機関区分": 5, "都道府県コード": 34, "市区町村コード": 106, "所在地": "広島県広島市安佐北区白木町三田４２６９－１", "緯度": 34.498029, "経度": 132.588302, "url": "https://www.iryou.teikyouseido.mhlw.go.jp/znk-web/juminkanja/S2430/initialize?prefCd=34&kikanCd=7340006030&kikanKbn=5", "url2": "http://www.mikk-ligar.jp/", "内容": "パール薬局　白木店【5:薬局】広島県広島市安佐北区白木町三田４２６９－１" }, "geometry": { "type": "Point", "coordinates": [ 132.588302, 34.498029 ] } },
{ "type": "Feature", "properties": { "ID": 3457340006050, "正式名称": "高陽りんご薬局", "機関区分": 5, "都道府県コード": 34, "市区町村コード": 106, "所在地": "広島県広島市安佐北区落合五丁目２－３４", "緯度": 34.480085, "経度": 132.513143, "url": "https://www.iryou.teikyouseido.mhlw.go.jp/znk-web/juminkanja/S2430/initialize?prefCd=34&kikanCd=7340006050&kikanKbn=5", "url2": null, "内容": "高陽りんご薬局【5:薬局】広島県広島市安佐北区落合五丁目２－３４" }, "geometry": { "type": "Point", "coordinates": [ 132.513143, 34.480085 ] } },
{ "type": "Feature", "properties": { "ID": 3457340006060, "正式名称": "エスマイル薬局おちあい店", "機関区分": 5, "都道府県コード": 34, "市区町村コード": 106, "所在地": "広島県広島市安佐北区落合一丁目１３番６号", "緯度": 34.472058, "経度": 132.51056, "url": "https://www.iryou.teikyouseido.mhlw.go.jp/znk-web/juminkanja/S2430/initialize?prefCd=34&kikanCd=7340006060&kikanKbn=5", "url2": "http://www.ssmile.co.jp", "内容": "エスマイル薬局おちあい店【5:薬局】広島県広島市安佐北区落合一丁目１３番６号" }, "geometry": { "type": "Point", "coordinates": [ 132.51056, 34.472058 ] } },
{ "type": "Feature", "properties": { "ID": 3457340006090, "正式名称": "もろき薬局", "機関区分": 5, "都道府県コード": 34, "市区町村コード": 106, "所在地": "広島県広島市安佐北区落合南町七丁目４－２１", "緯度": 34.47618, "経度": 132.519978, "url": "https://www.iryou.teikyouseido.mhlw.go.jp/znk-web/juminkanja/S2430/initialize?prefCd=34&kikanCd=7340006090&kikanKbn=5", "url2": "http://www.ssmile.co.jp/store.php?SID=7", "内容": "もろき薬局【5:薬局】広島県広島市安佐北区落合南町七丁目４－２１" }, "geometry": { "type": "Point", "coordinates": [ 132.519978, 34.47618 ] } },
{ "type": "Feature", "properties": { "ID": 3457340006100, "正式名称": "落合ポテト薬局", "機関区分": 5, "都道府県コード": 34, "市区町村コード": 106, "所在地": "広島県広島市安佐北区落合南町１－１１－１３", "緯度": 34.467031, "経度": 132.507005, "url": "https://www.iryou.teikyouseido.mhlw.go.jp/znk-web/juminkanja/S2430/initialize?prefCd=34&kikanCd=7340006100&kikanKbn=5", "url2": null, "内容": "落合ポテト薬局【5:薬局】広島県広島市安佐北区落合南町１－１１－１３" }, "geometry": { "type": "Point", "coordinates": [ 132.507005, 34.467031 ] } },
{ "type": "Feature", "properties": { "ID": 3457340006130, "正式名称": "高陽タカズミ薬局", "機関区分": 5, "都道府県コード": 34, "市区町村コード": 106, "所在地": "広島県広島市安佐北区口田南町八丁目１４－１４", "緯度": 34.464892, "経度": 132.504616, "url": "https://www.iryou.teikyouseido.mhlw.go.jp/znk-web/juminkanja/S2430/initialize?prefCd=34&kikanCd=7340006130&kikanKbn=5", "url2": "www.takazumi.co.jp", "内容": "高陽タカズミ薬局【5:薬局】広島県広島市安佐北区口田南町八丁目１４－１４" }, "geometry": { "type": "Point", "coordinates": [ 132.504616, 34.464892 ] } },
{ "type": "Feature", "properties": { "ID": 3457340006140, "正式名称": "エスマイル薬局　口田南店", "機関区分": 5, "都道府県コード": 34, "市区町村コード": 106, "所在地": "広島県広島市安佐北区口田南町七丁目１２－２７増田ビル１０３", "緯度": 34.461115, "経度": 132.497256, "url": "https://www.iryou.teikyouseido.mhlw.go.jp/znk-web/juminkanja/S2430/initialize?prefCd=34&kikanCd=7340006140&kikanKbn=5", "url2": "http://www.ssmile.co.jp/", "内容": "エスマイル薬局　口田南店【5:薬局】広島県広島市安佐北区口田南町七丁目１２－２７増田ビル１０３" }, "geometry": { "type": "Point", "coordinates": [ 132.497256, 34.461115 ] } },
{ "type": "Feature", "properties": { "ID": 3457340006150, "正式名称": "上野薬局", "機関区分": 5, "都道府県コード": 34, "市区町村コード": 106, "所在地": "広島県広島市安佐北区口田町四丁目２０番３号", "緯度": 34.468309, "経度": 132.506977, "url": "https://www.iryou.teikyouseido.mhlw.go.jp/znk-web/juminkanja/S2430/initialize?prefCd=34&kikanCd=7340006150&kikanKbn=5", "url2": "https://www.ueno-pharmacy.com/", "内容": "上野薬局【5:薬局】広島県広島市安佐北区口田町四丁目２０番３号" }, "geometry": { "type": "Point", "coordinates": [ 132.506977, 34.468309 ] } },
{ "type": "Feature", "properties": { "ID": 3457340006180, "正式名称": "あきやぐち薬局", "機関区分": 5, "都道府県コード": 34, "市区町村コード": 106, "所在地": "広島県広島市安佐北区口田一丁目１５－１１", "緯度": 34.462087, "経度": 132.495256, "url": "https://www.iryou.teikyouseido.mhlw.go.jp/znk-web/juminkanja/S2430/initialize?prefCd=34&kikanCd=7340006180&kikanKbn=5", "url2": null, "内容": "あきやぐち薬局【5:薬局】広島県広島市安佐北区口田一丁目１５－１１" }, "geometry": { "type": "Point", "coordinates": [ 132.495256, 34.462087 ] } },
{ "type": "Feature", "properties": { "ID": 3457340006190, "正式名称": "ドレミ薬局　高陽店", "機関区分": 5, "都道府県コード": 34, "市区町村コード": 106, "所在地": "広島県広島市安佐北区口田一丁目９－３", "緯度": 34.46117, "経度": 132.495673, "url": "https://www.iryou.teikyouseido.mhlw.go.jp/znk-web/juminkanja/S2430/initialize?prefCd=34&kikanCd=7340006190&kikanKbn=5", "url2": "http://www.harmony-co.jp/", "内容": "ドレミ薬局　高陽店【5:薬局】広島県広島市安佐北区口田一丁目９－３" }, "geometry": { "type": "Point", "coordinates": [ 132.495673, 34.46117 ] } },
{ "type": "Feature", "properties": { "ID": 3457340006200, "正式名称": "ウォンツ　高陽矢口薬局", "機関区分": 5, "都道府県コード": 34, "市区町村コード": 106, "所在地": "広島県広島市安佐北区口田町一丁目２１－２３", "緯度": 34.464198, "経度": 132.495812, "url": "https://www.iryou.teikyouseido.mhlw.go.jp/znk-web/juminkanja/S2430/initialize?prefCd=34&kikanCd=7340006200&kikanKbn=5", "url2": "https://www.wants.co.jp/", "内容": "ウォンツ　高陽矢口薬局【5:薬局】広島県広島市安佐北区口田町一丁目２１－２３" }, "geometry": { "type": "Point", "coordinates": [ 132.495812, 34.464198 ] } },
{ "type": "Feature", "properties": { "ID": 3457340006240, "正式名称": "株式会社　調剤　亀崎薬局", "機関区分": 5, "都道府県コード": 34, "市区町村コード": 106, "所在地": "広島県広島市安佐北区亀崎一丁目２番３０号", "緯度": 34.481419, "経度": 132.523225, "url": "https://www.iryou.teikyouseido.mhlw.go.jp/znk-web/juminkanja/S2430/initialize?prefCd=34&kikanCd=7340006240&kikanKbn=5", "url2": null, "内容": "株式会社　調剤　亀崎薬局【5:薬局】広島県広島市安佐北区亀崎一丁目２番３０号" }, "geometry": { "type": "Point", "coordinates": [ 132.523225, 34.481419 ] } },
{ "type": "Feature", "properties": { "ID": 3457340006250, "正式名称": "亀崎りんご薬局", "機関区分": 5, "都道府県コード": 34, "市区町村コード": 106, "所在地": "広島県広島市安佐北区亀崎一丁目２－４", "緯度": 34.481391, "経度": 132.522364, "url": "https://www.iryou.teikyouseido.mhlw.go.jp/znk-web/juminkanja/S2430/initialize?prefCd=34&kikanCd=7340006250&kikanKbn=5", "url2": null, "内容": "亀崎りんご薬局【5:薬局】広島県広島市安佐北区亀崎一丁目２－４" }, "geometry": { "type": "Point", "coordinates": [ 132.522364, 34.481391 ] } },
{ "type": "Feature", "properties": { "ID": 3457340006270, "正式名称": "ふかわ薬局", "機関区分": 5, "都道府県コード": 34, "市区町村コード": 106, "所在地": "広島県広島市安佐北区深川町五丁目１９番８号", "緯度": 34.48166, "経度": 132.532602, "url": "https://www.iryou.teikyouseido.mhlw.go.jp/znk-web/juminkanja/S2430/initialize?prefCd=34&kikanCd=7340006270&kikanKbn=5", "url2": "http://www.ssmile.co.jp/", "内容": "ふかわ薬局【5:薬局】広島県広島市安佐北区深川町五丁目１９番８号" }, "geometry": { "type": "Point", "coordinates": [ 132.532602, 34.48166 ] } },
{ "type": "Feature", "properties": { "ID": 3457340006290, "正式名称": "コスモス薬局　白島店", "機関区分": 5, "都道府県コード": 34, "市区町村コード": 101, "所在地": "広島県広島市中区西白島町７－２４", "緯度": 34.407398, "経度": 132.460595, "url": "https://www.iryou.teikyouseido.mhlw.go.jp/znk-web/juminkanja/S2430/initialize?prefCd=34&kikanCd=7340006290&kikanKbn=5", "url2": "http://www.reliance-cosmos.co.jp/", "内容": "コスモス薬局　白島店【5:薬局】広島県広島市中区西白島町７－２４" }, "geometry": { "type": "Point", "coordinates": [ 132.460595, 34.407398 ] } },
{ "type": "Feature", "properties": { "ID": 3457340006320, "正式名称": "すずらん薬局　五日市観音店", "機関区分": 5, "都道府県コード": 34, "市区町村コード": 108, "所在地": "広島県広島市佐伯区坪井一丁目２１番４４号", "緯度": 34.377149, "経度": 132.350467, "url": "https://www.iryou.teikyouseido.mhlw.go.jp/znk-web/juminkanja/S2430/initialize?prefCd=34&kikanCd=7340006320&kikanKbn=5", "url2": "https://www.horon-suzuran.com/tenpo-detail#ttl-itukaichikannon", "内容": "すずらん薬局　五日市観音店【5:薬局】広島県広島市佐伯区坪井一丁目２１番４４号" }, "geometry": { "type": "Point", "coordinates": [ 132.350467, 34.377149 ] } },
{ "type": "Feature", "properties": { "ID": 3457340006330, "正式名称": "高陽ニュータウン薬局", "機関区分": 5, "都道府県コード": 34, "市区町村コード": 106, "所在地": "広島県広島市安佐北区落合３－８－１３", "緯度": 34.476613, "経度": 132.513893, "url": "https://www.iryou.teikyouseido.mhlw.go.jp/znk-web/juminkanja/S2430/initialize?prefCd=34&kikanCd=7340006330&kikanKbn=5", "url2": null, "内容": "高陽ニュータウン薬局【5:薬局】広島県広島市安佐北区落合３－８－１３" }, "geometry": { "type": "Point", "coordinates": [ 132.513893, 34.476613 ] } },
{ "type": "Feature", "properties": { "ID": 3457340006350, "正式名称": "オズ薬局　五日市八幡東店", "機関区分": 5, "都道府県コード": 34, "市区町村コード": 108, "所在地": "広島県広島市佐伯区八幡東二丁目２８－５５", "緯度": 34.384398, "経度": 132.359549, "url": "https://www.iryou.teikyouseido.mhlw.go.jp/znk-web/juminkanja/S2430/initialize?prefCd=34&kikanCd=7340006350&kikanKbn=5", "url2": "https://www.ozu-pharmacy.jp/store", "内容": "オズ薬局　五日市八幡東店【5:薬局】広島県広島市佐伯区八幡東二丁目２８－５５" }, "geometry": { "type": "Point", "coordinates": [ 132.359549, 34.384398 ] } },
{ "type": "Feature", "properties": { "ID": 3457340006370, "正式名称": "すずらん薬局　本店", "機関区分": 5, "都道府県コード": 34, "市区町村コード": 101, "所在地": "広島県広島市中区袋町４番１号", "緯度": 34.392344, "経度": 132.458124, "url": "https://www.iryou.teikyouseido.mhlw.go.jp/znk-web/juminkanja/S2430/initialize?prefCd=34&kikanCd=7340006370&kikanKbn=5", "url2": "https://www.horon-suzuran.com/tenpo-detail#ttl-honten", "内容": "すずらん薬局　本店【5:薬局】広島県広島市中区袋町４番１号" }, "geometry": { "type": "Point", "coordinates": [ 132.458124, 34.392344 ] } },
{ "type": "Feature", "properties": { "ID": 3457340006380, "正式名称": "ウォンツ　八丁堀薬局", "機関区分": 5, "都道府県コード": 34, "市区町村コード": 101, "所在地": "広島県広島市中区八丁堀１１－８", "緯度": 34.395149, "経度": 132.462456, "url": "https://www.iryou.teikyouseido.mhlw.go.jp/znk-web/juminkanja/S2430/initialize?prefCd=34&kikanCd=7340006380&kikanKbn=5", "url2": "https://www.wants.co.jp/", "内容": "ウォンツ　八丁堀薬局【5:薬局】広島県広島市中区八丁堀１１－８" }, "geometry": { "type": "Point", "coordinates": [ 132.462456, 34.395149 ] } },
{ "type": "Feature", "properties": { "ID": 3457340006390, "正式名称": "株式会社　西日本調剤　めぐみ薬局", "機関区分": 5, "都道府県コード": 34, "市区町村コード": 104, "所在地": "広島県広島市西区東観音町２０－１８", "緯度": 34.390927, "経度": 132.437792, "url": "https://www.iryou.teikyouseido.mhlw.go.jp/znk-web/juminkanja/S2430/initialize?prefCd=34&kikanCd=7340006390&kikanKbn=5", "url2": "https://www.tsnishicho.com/", "内容": "株式会社　西日本調剤　めぐみ薬局【5:薬局】広島県広島市西区東観音町２０－１８" }, "geometry": { "type": "Point", "coordinates": [ 132.437792, 34.390927 ] } },
{ "type": "Feature", "properties": { "ID": 3457340006430, "正式名称": "エスマイル薬局平和店", "機関区分": 5, "都道府県コード": 34, "市区町村コード": 107, "所在地": "広島県広島市安芸区船越南三丁目６－１３", "緯度": 34.370653, "経度": 132.524619, "url": "https://www.iryou.teikyouseido.mhlw.go.jp/znk-web/juminkanja/S2430/initialize?prefCd=34&kikanCd=7340006430&kikanKbn=5", "url2": "http://www.ssmile.co.jp/", "内容": "エスマイル薬局平和店【5:薬局】広島県広島市安芸区船越南三丁目６－１３" }, "geometry": { "type": "Point", "coordinates": [ 132.524619, 34.370653 ] } },
{ "type": "Feature", "properties": { "ID": 3457340006440, "正式名称": "レデイ薬局　長楽寺店", "機関区分": 5, "都道府県コード": 34, "市区町村コード": 105, "所在地": "広島県広島市安佐南区長楽寺町一丁目３番１６号", "緯度": 34.470863, "経度": 132.4319, "url": "https://www.iryou.teikyouseido.mhlw.go.jp/znk-web/juminkanja/S2430/initialize?prefCd=34&kikanCd=7340006440&kikanKbn=5", "url2": "http://www.lady-drug.co.jp/", "内容": "レデイ薬局　長楽寺店【5:薬局】広島県広島市安佐南区長楽寺町一丁目３番１６号" }, "geometry": { "type": "Point", "coordinates": [ 132.4319, 34.470863 ] } },
{ "type": "Feature", "properties": { "ID": 3457340006470, "正式名称": "口田薬局", "機関区分": 5, "都道府県コード": 34, "市区町村コード": 106, "所在地": "広島県広島市安佐北区口田町三丁目２番５号", "緯度": 34.466503, "経度": 132.505338, "url": "https://www.iryou.teikyouseido.mhlw.go.jp/znk-web/juminkanja/S2430/initialize?prefCd=34&kikanCd=7340006470&kikanKbn=5", "url2": "https://www.kuchitayakkyoku.com/", "内容": "口田薬局【5:薬局】広島県広島市安佐北区口田町三丁目２番５号" }, "geometry": { "type": "Point", "coordinates": [ 132.505338, 34.466503 ] } },
{ "type": "Feature", "properties": { "ID": 3457340006480, "正式名称": "オリーブ薬局　口田東店", "機関区分": 5, "都道府県コード": 34, "市区町村コード": 106, "所在地": "広島県広島市安佐北区口田町三丁目３２番２号", "緯度": 34.46492, "経度": 132.502172, "url": "https://www.iryou.teikyouseido.mhlw.go.jp/znk-web/juminkanja/S2430/initialize?prefCd=34&kikanCd=7340006480&kikanKbn=5", "url2": "http://www.ssmile.co.jp/store.php?SID=11", "内容": "オリーブ薬局　口田東店【5:薬局】広島県広島市安佐北区口田町三丁目３２番２号" }, "geometry": { "type": "Point", "coordinates": [ 132.502172, 34.46492 ] } },
{ "type": "Feature", "properties": { "ID": 3457340006540, "正式名称": "すずらん薬局　紙屋町ビル店", "機関区分": 5, "都道府県コード": 34, "市区町村コード": 101, "所在地": "広島県広島市中区紙屋町二丁目２番２号", "緯度": 34.394343, "経度": 132.45704, "url": "https://www.iryou.teikyouseido.mhlw.go.jp/znk-web/juminkanja/S2430/initialize?prefCd=34&kikanCd=7340006540&kikanKbn=5", "url2": "https://www.horon-suzuran.com/tenpo-detail#ttl-kamiyatyoubiruten", "内容": "すずらん薬局　紙屋町ビル店【5:薬局】広島県広島市中区紙屋町二丁目２番２号" }, "geometry": { "type": "Point", "coordinates": [ 132.45704, 34.394343 ] } },
{ "type": "Feature", "properties": { "ID": 3457340006570, "正式名称": "パークフロント薬局", "機関区分": 5, "都道府県コード": 34, "市区町村コード": 105, "所在地": "広島県広島市安佐南区大塚西四丁目８－３１", "緯度": 34.434533, "経度": 132.398821, "url": "https://www.iryou.teikyouseido.mhlw.go.jp/znk-web/juminkanja/S2430/initialize?prefCd=34&kikanCd=7340006570&kikanKbn=5", "url2": "http://yuushin.cc/", "内容": "パークフロント薬局【5:薬局】広島県広島市安佐南区大塚西四丁目８－３１" }, "geometry": { "type": "Point", "coordinates": [ 132.398821, 34.434533 ] } },
{ "type": "Feature", "properties": { "ID": 3457340006600, "正式名称": "ここから薬局　緑井店", "機関区分": 5, "都道府県コード": 34, "市区町村コード": 105, "所在地": "広島県広島市安佐南区緑井六丁目２７－１２", "緯度": 34.472738, "経度": 132.48197, "url": "https://www.iryou.teikyouseido.mhlw.go.jp/znk-web/juminkanja/S2430/initialize?prefCd=34&kikanCd=7340006600&kikanKbn=5", "url2": "http://www.g-town.co.jp/", "内容": "ここから薬局　緑井店【5:薬局】広島県広島市安佐南区緑井六丁目２７－１２" }, "geometry": { "type": "Point", "coordinates": [ 132.48197, 34.472738 ] } },
{ "type": "Feature", "properties": { "ID": 3457340006610, "正式名称": "大手町スマイル薬局", "機関区分": 5, "都道府県コード": 34, "市区町村コード": 101, "所在地": "広島県広島市中区大手町三丁目１３－３３", "緯度": 34.386622, "経度": 132.453596, "url": "https://www.iryou.teikyouseido.mhlw.go.jp/znk-web/juminkanja/S2430/initialize?prefCd=34&kikanCd=7340006610&kikanKbn=5", "url2": "smile-pharmacy.jp", "内容": "大手町スマイル薬局【5:薬局】広島県広島市中区大手町三丁目１３－３３" }, "geometry": { "type": "Point", "coordinates": [ 132.453596, 34.386622 ] } },
{ "type": "Feature", "properties": { "ID": 3457340006620, "正式名称": "すずらん薬局　庚午店", "機関区分": 5, "都道府県コード": 34, "市区町村コード": 104, "所在地": "広島県広島市西区庚午中三丁目６－１１", "緯度": 34.382899, "経度": 132.411545, "url": "https://www.iryou.teikyouseido.mhlw.go.jp/znk-web/juminkanja/S2430/initialize?prefCd=34&kikanCd=7340006620&kikanKbn=5", "url2": "https://www.horon-suzuran.com/tenpo-detail#ttl-kougoten", "内容": "すずらん薬局　庚午店【5:薬局】広島県広島市西区庚午中三丁目６－１１" }, "geometry": { "type": "Point", "coordinates": [ 132.411545, 34.382899 ] } },
{ "type": "Feature", "properties": { "ID": 3457340006640, "正式名称": "コスモス薬局　本通店", "機関区分": 5, "都道府県コード": 34, "市区町村コード": 101, "所在地": "広島県広島市中区本通３－２３", "緯度": 34.393205, "経度": 132.46029, "url": "https://www.iryou.teikyouseido.mhlw.go.jp/znk-web/juminkanja/S2430/initialize?prefCd=34&kikanCd=7340006640&kikanKbn=5", "url2": "http://www.reliance-cosmos.co.jp/", "内容": "コスモス薬局　本通店【5:薬局】広島県広島市中区本通３－２３" }, "geometry": { "type": "Point", "coordinates": [ 132.46029, 34.393205 ] } },
{ "type": "Feature", "properties": { "ID": 3457340006650, "正式名称": "ひかりが丘薬局", "機関区分": 5, "都道府県コード": 34, "市区町村コード": 102, "所在地": "広島県広島市東区光が丘１２－９", "緯度": 34.402315, "経度": 132.476122, "url": "https://www.iryou.teikyouseido.mhlw.go.jp/znk-web/juminkanja/S2430/initialize?prefCd=34&kikanCd=7340006650&kikanKbn=5", "url2": "http://www.zenkaidou.co.jp/", "内容": "ひかりが丘薬局【5:薬局】広島県広島市東区光が丘１２－９" }, "geometry": { "type": "Point", "coordinates": [ 132.476122, 34.402315 ] } },
{ "type": "Feature", "properties": { "ID": 3457340006660, "正式名称": "中電前薬局", "機関区分": 5, "都道府県コード": 34, "市区町村コード": 101, "所在地": "広島県広島市中区大手町三丁目１番１４号", "緯度": 34.388622, "経度": 132.455041, "url": "https://www.iryou.teikyouseido.mhlw.go.jp/znk-web/juminkanja/S2430/initialize?prefCd=34&kikanCd=7340006660&kikanKbn=5", "url2": null, "内容": "中電前薬局【5:薬局】広島県広島市中区大手町三丁目１番１４号" }, "geometry": { "type": "Point", "coordinates": [ 132.455041, 34.388622 ] } },
{ "type": "Feature", "properties": { "ID": 3457340006730, "正式名称": "コスモス薬局　大手町店", "機関区分": 5, "都道府県コード": 34, "市区町村コード": 101, "所在地": "広島県広島市中区大手町２－１－４　広島本通マークビル６階", "緯度": 34.392955, "経度": 132.456485, "url": "https://www.iryou.teikyouseido.mhlw.go.jp/znk-web/juminkanja/S2430/initialize?prefCd=34&kikanCd=7340006730&kikanKbn=5", "url2": "http://www.reliance-cosmos.co.jp/", "内容": "コスモス薬局　大手町店【5:薬局】広島県広島市中区大手町２－１－４　広島本通マークビル６階" }, "geometry": { "type": "Point", "coordinates": [ 132.456485, 34.392955 ] } },
{ "type": "Feature", "properties": { "ID": 3457340006750, "正式名称": "Ａシティ薬局", "機関区分": 5, "都道府県コード": 34, "市区町村コード": 105, "所在地": "広島県広島市安佐南区大塚西三丁目１３－２０", "緯度": 34.442643, "経度": 132.401098, "url": "https://www.iryou.teikyouseido.mhlw.go.jp/znk-web/juminkanja/S2430/initialize?prefCd=34&kikanCd=7340006750&kikanKbn=5", "url2": "http://www.yuushin.cc/shop/acity/", "内容": "Ａシティ薬局【5:薬局】広島県広島市安佐南区大塚西三丁目１３－２０" }, "geometry": { "type": "Point", "coordinates": [ 132.401098, 34.442643 ] } },
{ "type": "Feature", "properties": { "ID": 3457340006780, "正式名称": "のぞみ薬局", "機関区分": 5, "都道府県コード": 34, "市区町村コード": 103, "所在地": "広島県広島市南区東雲三丁目５－２１", "緯度": 34.378994, "経度": 132.491093, "url": "https://www.iryou.teikyouseido.mhlw.go.jp/znk-web/juminkanja/S2430/initialize?prefCd=34&kikanCd=7340006780&kikanKbn=5", "url2": null, "内容": "のぞみ薬局【5:薬局】広島県広島市南区東雲三丁目５－２１" }, "geometry": { "type": "Point", "coordinates": [ 132.491093, 34.378994 ] } },
{ "type": "Feature", "properties": { "ID": 3457340006800, "正式名称": "エスマイル薬局　県庁駅前店", "機関区分": 5, "都道府県コード": 34, "市区町村コード": 101, "所在地": "広島県広島市中区基町１０－９０", "緯度": 34.396593, "経度": 132.458096, "url": "https://www.iryou.teikyouseido.mhlw.go.jp/znk-web/juminkanja/S2430/initialize?prefCd=34&kikanCd=7340006800&kikanKbn=5", "url2": "http://www.ssmile.co.jp", "内容": "エスマイル薬局　県庁駅前店【5:薬局】広島県広島市中区基町１０－９０" }, "geometry": { "type": "Point", "coordinates": [ 132.458096, 34.396593 ] } },
{ "type": "Feature", "properties": { "ID": 3457340006820, "正式名称": "可部スマイル薬局", "機関区分": 5, "都道府県コード": 34, "市区町村コード": 106, "所在地": "広島県広島市安佐北区可部二丁目４０－２０", "緯度": 34.511276, "経度": 132.511169, "url": "https://www.iryou.teikyouseido.mhlw.go.jp/znk-web/juminkanja/S2430/initialize?prefCd=34&kikanCd=7340006820&kikanKbn=5", "url2": "http://smile-pharmacy.jp/", "内容": "可部スマイル薬局【5:薬局】広島県広島市安佐北区可部二丁目４０－２０" }, "geometry": { "type": "Point", "coordinates": [ 132.511169, 34.511276 ] } },
{ "type": "Feature", "properties": { "ID": 3457340006830, "正式名称": "すずらん薬局　船越店", "機関区分": 5, "都道府県コード": 34, "市区町村コード": 107, "所在地": "広島県広島市安芸区船越南二丁目１８－９", "緯度": 34.372541, "経度": 132.522841, "url": "https://www.iryou.teikyouseido.mhlw.go.jp/znk-web/juminkanja/S2430/initialize?prefCd=34&kikanCd=7340006830&kikanKbn=5", "url2": "https://www.horon-suzuran.com/tenpo-detail#ttl-hunakoshiten", "内容": "すずらん薬局　船越店【5:薬局】広島県広島市安芸区船越南二丁目１８－９" }, "geometry": { "type": "Point", "coordinates": [ 132.522841, 34.372541 ] } },
{ "type": "Feature", "properties": { "ID": 3457340006840, "正式名称": "アイビー薬局　可部", "機関区分": 5, "都道府県コード": 34, "市区町村コード": 106, "所在地": "広島県広島市安佐北区可部南四丁目９－１５", "緯度": 34.507832, "経度": 132.51178, "url": "https://www.iryou.teikyouseido.mhlw.go.jp/znk-web/juminkanja/S2430/initialize?prefCd=34&kikanCd=7340006840&kikanKbn=5", "url2": "https://www.e-classa.net/ivy-pharmacy/index.html", "内容": "アイビー薬局　可部【5:薬局】広島県広島市安佐北区可部南四丁目９－１５" }, "geometry": { "type": "Point", "coordinates": [ 132.51178, 34.507832 ] } },
{ "type": "Feature", "properties": { "ID": 3457340006850, "正式名称": "コスモス薬局　相田店", "機関区分": 5, "都道府県コード": 34, "市区町村コード": 105, "所在地": "広島県広島市安佐南区安東二丁目１４番１９号", "緯度": 34.473863, "経度": 132.455509, "url": "https://www.iryou.teikyouseido.mhlw.go.jp/znk-web/juminkanja/S2430/initialize?prefCd=34&kikanCd=7340006850&kikanKbn=5", "url2": "http://www.reliance-cosmos.co.jp/", "内容": "コスモス薬局　相田店【5:薬局】広島県広島市安佐南区安東二丁目１４番１９号" }, "geometry": { "type": "Point", "coordinates": [ 132.455509, 34.473863 ] } },
{ "type": "Feature", "properties": { "ID": 3457340006900, "正式名称": "有限会社いまだ薬局", "機関区分": 5, "都道府県コード": 34, "市区町村コード": 211, "所在地": "広島県大竹市立戸三丁目１－８", "緯度": 34.22769, "経度": 132.21979, "url": "https://www.iryou.teikyouseido.mhlw.go.jp/znk-web/juminkanja/S2430/initialize?prefCd=34&kikanCd=7340006900&kikanKbn=5", "url2": null, "内容": "有限会社いまだ薬局【5:薬局】広島県大竹市立戸三丁目１－８" }, "geometry": { "type": "Point", "coordinates": [ 132.21979, 34.22769 ] } },
{ "type": "Feature", "properties": { "ID": 3457340006930, "正式名称": "大竹ヘルシー薬局", "機関区分": 5, "都道府県コード": 34, "市区町村コード": 211, "所在地": "広島県大竹市西栄一丁目１２－１８", "緯度": 34.216247, "経度": 132.225207, "url": "https://www.iryou.teikyouseido.mhlw.go.jp/znk-web/juminkanja/S2430/initialize?prefCd=34&kikanCd=7340006930&kikanKbn=5", "url2": null, "内容": "大竹ヘルシー薬局【5:薬局】広島県大竹市西栄一丁目１２－１８" }, "geometry": { "type": "Point", "coordinates": [ 132.225207, 34.216247 ] } },
{ "type": "Feature", "properties": { "ID": 3457340006950, "正式名称": "玖波駅前薬局", "機関区分": 5, "都道府県コード": 34, "市区町村コード": 211, "所在地": "広島県大竹市玖波一丁目１３－５", "緯度": 34.254271, "経度": 132.228371, "url": "https://www.iryou.teikyouseido.mhlw.go.jp/znk-web/juminkanja/S2430/initialize?prefCd=34&kikanCd=7340006950&kikanKbn=5", "url2": "http://www.seiwa-pharmacy.co.jp/corp.html", "内容": "玖波駅前薬局【5:薬局】広島県大竹市玖波一丁目１３－５" }, "geometry": { "type": "Point", "coordinates": [ 132.228371, 34.254271 ] } },
{ "type": "Feature", "properties": { "ID": 3457340007020, "正式名称": "そうごう薬局　大竹店", "機関区分": 5, "都道府県コード": 34, "市区町村コード": 211, "所在地": "広島県大竹市立戸二丁目６－２５", "緯度": 34.225607, "経度": 132.219679, "url": "https://www.iryou.teikyouseido.mhlw.go.jp/znk-web/juminkanja/S2430/initialize?prefCd=34&kikanCd=7340007020&kikanKbn=5", "url2": "http://www.sogo-medical.co.jp", "内容": "そうごう薬局　大竹店【5:薬局】広島県大竹市立戸二丁目６－２５" }, "geometry": { "type": "Point", "coordinates": [ 132.219679, 34.225607 ] } },
{ "type": "Feature", "properties": { "ID": 3457340007030, "正式名称": "立戸薬局", "機関区分": 5, "都道府県コード": 34, "市区町村コード": 211, "所在地": "広島県大竹市立戸四丁目１－３０", "緯度": 34.224444, "経度": 132.221965, "url": "https://www.iryou.teikyouseido.mhlw.go.jp/znk-web/juminkanja/S2430/initialize?prefCd=34&kikanCd=7340007030&kikanKbn=5", "url2": "https://hiroshima-chouzai.com/shops/", "内容": "立戸薬局【5:薬局】広島県大竹市立戸四丁目１－３０" }, "geometry": { "type": "Point", "coordinates": [ 132.221965, 34.224444 ] } },
{ "type": "Feature", "properties": { "ID": 3457340007050, "正式名称": "タナダ薬局", "機関区分": 5, "都道府県コード": 34, "市区町村コード": 211, "所在地": "広島県大竹市油見三丁目１２－９", "緯度": 34.217247, "経度": 132.221818, "url": "https://www.iryou.teikyouseido.mhlw.go.jp/znk-web/juminkanja/S2430/initialize?prefCd=34&kikanCd=7340007050&kikanKbn=5", "url2": "https://tanada-pharmacy.jimdofree.com/", "内容": "タナダ薬局【5:薬局】広島県大竹市油見三丁目１２－９" }, "geometry": { "type": "Point", "coordinates": [ 132.221818, 34.217247 ] } },
{ "type": "Feature", "properties": { "ID": 3457340007070, "正式名称": "ひまわり薬局", "機関区分": 5, "都道府県コード": 34, "市区町村コード": 211, "所在地": "広島県大竹市南栄一丁目８－７", "緯度": 34.212442, "経度": 132.225897, "url": "https://www.iryou.teikyouseido.mhlw.go.jp/znk-web/juminkanja/S2430/initialize?prefCd=34&kikanCd=7340007070&kikanKbn=5", "url2": null, "内容": "ひまわり薬局【5:薬局】広島県大竹市南栄一丁目８－７" }, "geometry": { "type": "Point", "coordinates": [ 132.225897, 34.212442 ] } },
{ "type": "Feature", "properties": { "ID": 3457340007100, "正式名称": "有限会社ヘルシー薬局", "機関区分": 5, "都道府県コード": 34, "市区町村コード": 211, "所在地": "広島県大竹市黒川３丁目１６－１９", "緯度": 34.251133, "経度": 132.22526, "url": "https://www.iryou.teikyouseido.mhlw.go.jp/znk-web/juminkanja/S2430/initialize?prefCd=34&kikanCd=7340007100&kikanKbn=5", "url2": null, "内容": "有限会社ヘルシー薬局【5:薬局】広島県大竹市黒川３丁目１６－１９" }, "geometry": { "type": "Point", "coordinates": [ 132.22526, 34.251133 ] } },
{ "type": "Feature", "properties": { "ID": 3457340007110, "正式名称": "有限会社ヘルシー第一薬局", "機関区分": 5, "都道府県コード": 34, "市区町村コード": 211, "所在地": "広島県大竹市黒川３丁目１６－１６", "緯度": 34.250799, "経度": 132.224983, "url": "https://www.iryou.teikyouseido.mhlw.go.jp/znk-web/juminkanja/S2430/initialize?prefCd=34&kikanCd=7340007110&kikanKbn=5", "url2": null, "内容": "有限会社ヘルシー第一薬局【5:薬局】広島県大竹市黒川３丁目１６－１６" }, "geometry": { "type": "Point", "coordinates": [ 132.224983, 34.250799 ] } },
{ "type": "Feature", "properties": { "ID": 3457340007160, "正式名称": "アイケン宮島口薬局", "機関区分": 5, "都道府県コード": 34, "市区町村コード": 213, "所在地": "広島県廿日市市宮島口１－７－７", "緯度": 34.3106, "経度": 132.303835, "url": "https://www.iryou.teikyouseido.mhlw.go.jp/znk-web/juminkanja/S2430/initialize?prefCd=34&kikanCd=7340007160&kikanKbn=5", "url2": null, "内容": "アイケン宮島口薬局【5:薬局】広島県廿日市市宮島口１－７－７" }, "geometry": { "type": "Point", "coordinates": [ 132.303835, 34.3106 ] } },
{ "type": "Feature", "properties": { "ID": 3457340007190, "正式名称": "アクア薬局", "機関区分": 5, "都道府県コード": 34, "市区町村コード": 213, "所在地": "広島県廿日市市阿品三丁目５－２０", "緯度": 34.320654, "経度": 132.313583, "url": "https://www.iryou.teikyouseido.mhlw.go.jp/znk-web/juminkanja/S2430/initialize?prefCd=34&kikanCd=7340007190&kikanKbn=5", "url2": null, "内容": "アクア薬局【5:薬局】広島県廿日市市阿品三丁目５－２０" }, "geometry": { "type": "Point", "coordinates": [ 132.313583, 34.320654 ] } },
{ "type": "Feature", "properties": { "ID": 3457340007200, "正式名称": "阿品調剤薬局", "機関区分": 5, "都道府県コード": 34, "市区町村コード": 213, "所在地": "広島県廿日市市阿品台４丁目４－１１", "緯度": 34.329126, "経度": 132.308361, "url": "https://www.iryou.teikyouseido.mhlw.go.jp/znk-web/juminkanja/S2430/initialize?prefCd=34&kikanCd=7340007200&kikanKbn=5", "url2": null, "内容": "阿品調剤薬局【5:薬局】広島県廿日市市阿品台４丁目４－１１" }, "geometry": { "type": "Point", "coordinates": [ 132.308361, 34.329126 ] } },
{ "type": "Feature", "properties": { "ID": 3457340007230, "正式名称": "エース薬局", "機関区分": 5, "都道府県コード": 34, "市区町村コード": 213, "所在地": "広島県廿日市市宮内１５２０－８", "緯度": 34.347763, "経度": 132.309638, "url": "https://www.iryou.teikyouseido.mhlw.go.jp/znk-web/juminkanja/S2430/initialize?prefCd=34&kikanCd=7340007230&kikanKbn=5", "url2": null, "内容": "エース薬局【5:薬局】広島県廿日市市宮内１５２０－８" }, "geometry": { "type": "Point", "coordinates": [ 132.309638, 34.347763 ] } },
{ "type": "Feature", "properties": { "ID": 3457340007240, "正式名称": "有限会社エヌ・イー・ピー　あおば薬局", "機関区分": 5, "都道府県コード": 34, "市区町村コード": 213, "所在地": "広島県廿日市市宮内４２４３－１", "緯度": 34.340819, "経度": 132.299334, "url": "https://www.iryou.teikyouseido.mhlw.go.jp/znk-web/juminkanja/S2430/initialize?prefCd=34&kikanCd=7340007240&kikanKbn=5", "url2": null, "内容": "有限会社エヌ・イー・ピー　あおば薬局【5:薬局】広島県廿日市市宮内４２４３－１" }, "geometry": { "type": "Point", "coordinates": [ 132.299334, 34.340819 ] } },
{ "type": "Feature", "properties": { "ID": 3457340007250, "正式名称": "有限会社エヌ・イー・ピー　うさぎ薬局", "機関区分": 5, "都道府県コード": 34, "市区町村コード": 213, "所在地": "広島県廿日市市宮内３丁目１０番１６号", "緯度": 34.346346, "経度": 132.309749, "url": "https://www.iryou.teikyouseido.mhlw.go.jp/znk-web/juminkanja/S2430/initialize?prefCd=34&kikanCd=7340007250&kikanKbn=5", "url2": null, "内容": "有限会社エヌ・イー・ピー　うさぎ薬局【5:薬局】広島県廿日市市宮内３丁目１０番１６号" }, "geometry": { "type": "Point", "coordinates": [ 132.309749, 34.346346 ] } },
{ "type": "Feature", "properties": { "ID": 3457340007260, "正式名称": "有限会社エヌ・イー・ピー　なずな薬局", "機関区分": 5, "都道府県コード": 34, "市区町村コード": 213, "所在地": "広島県廿日市市塩屋一丁目１－６７", "緯度": 34.285713, "経度": 132.266006, "url": "https://www.iryou.teikyouseido.mhlw.go.jp/znk-web/juminkanja/S2430/initialize?prefCd=34&kikanCd=7340007260&kikanKbn=5", "url2": null, "内容": "有限会社エヌ・イー・ピー　なずな薬局【5:薬局】広島県廿日市市塩屋一丁目１－６７" }, "geometry": { "type": "Point", "coordinates": [ 132.266006, 34.285713 ] } },
{ "type": "Feature", "properties": { "ID": 3457340007270, "正式名称": "有限会社エヌ・イー・ピー　もみじ薬局", "機関区分": 5, "都道府県コード": 34, "市区町村コード": 213, "所在地": "広島県廿日市市福面三丁目１－１７", "緯度": 34.320849, "経度": 132.301362, "url": "https://www.iryou.teikyouseido.mhlw.go.jp/znk-web/juminkanja/S2430/initialize?prefCd=34&kikanCd=7340007270&kikanKbn=5", "url2": null, "内容": "有限会社エヌ・イー・ピー　もみじ薬局【5:薬局】広島県廿日市市福面三丁目１－１７" }, "geometry": { "type": "Point", "coordinates": [ 132.301362, 34.320849 ] } },
{ "type": "Feature", "properties": { "ID": 3457340007280, "正式名称": "大野ぽっぽ薬局", "機関区分": 5, "都道府県コード": 34, "市区町村コード": 213, "所在地": "広島県廿日市市大野下更地１８０９－１", "緯度": 34.312099, "経度": 132.288669, "url": "https://www.iryou.teikyouseido.mhlw.go.jp/znk-web/juminkanja/S2430/initialize?prefCd=34&kikanCd=7340007280&kikanKbn=5", "url2": "http://yuushin.cc/", "内容": "大野ぽっぽ薬局【5:薬局】広島県廿日市市大野下更地１８０９－１" }, "geometry": { "type": "Point", "coordinates": [ 132.288669, 34.312099 ] } },
{ "type": "Feature", "properties": { "ID": 3457340007320, "正式名称": "有限会社　佐伯調剤薬局", "機関区分": 5, "都道府県コード": 34, "市区町村コード": 213, "所在地": "広島県廿日市市津田１９６０", "緯度": 34.369147, "経度": 132.180287, "url": "https://www.iryou.teikyouseido.mhlw.go.jp/znk-web/juminkanja/S2430/initialize?prefCd=34&kikanCd=7340007320&kikanKbn=5", "url2": null, "内容": "有限会社　佐伯調剤薬局【5:薬局】広島県廿日市市津田１９６０" }, "geometry": { "type": "Point", "coordinates": [ 132.180287, 34.369147 ] } },
{ "type": "Feature", "properties": { "ID": 3457340007330, "正式名称": "さくら薬局", "機関区分": 5, "都道府県コード": 34, "市区町村コード": 213, "所在地": "広島県廿日市市佐方四丁目８－３２", "緯度": 34.365706, "経度": 132.344218, "url": "https://www.iryou.teikyouseido.mhlw.go.jp/znk-web/juminkanja/S2430/initialize?prefCd=34&kikanCd=7340007330&kikanKbn=5", "url2": "http://www.ssmile.co.jp/store.php?SID=12", "内容": "さくら薬局【5:薬局】広島県廿日市市佐方四丁目８－３２" }, "geometry": { "type": "Point", "coordinates": [ 132.344218, 34.365706 ] } },
{ "type": "Feature", "properties": { "ID": 3457340007340, "正式名称": "山陽薬局", "機関区分": 5, "都道府県コード": 34, "市区町村コード": 213, "所在地": "広島県廿日市市山陽園８－１９　ステイツ野村１階", "緯度": 34.362039, "経度": 132.340579, "url": "https://www.iryou.teikyouseido.mhlw.go.jp/znk-web/juminkanja/S2430/initialize?prefCd=34&kikanCd=7340007340&kikanKbn=5", "url2": "https://www.mint-phaemacy.jp/tenpo/sanyo.html", "内容": "山陽薬局【5:薬局】広島県廿日市市山陽園８－１９　ステイツ野村１階" }, "geometry": { "type": "Point", "coordinates": [ 132.340579, 34.362039 ] } },
{ "type": "Feature", "properties": { "ID": 3457340007370, "正式名称": "地御前薬局", "機関区分": 5, "都道府県コード": 34, "市区町村コード": 213, "所在地": "広島県廿日市市地御前二丁目１０－２２", "緯度": 34.344152, "経度": 132.321165, "url": "https://www.iryou.teikyouseido.mhlw.go.jp/znk-web/juminkanja/S2430/initialize?prefCd=34&kikanCd=7340007370&kikanKbn=5", "url2": null, "内容": "地御前薬局【5:薬局】広島県廿日市市地御前二丁目１０－２２" }, "geometry": { "type": "Point", "coordinates": [ 132.321165, 34.344152 ] } },
{ "type": "Feature", "properties": { "ID": 3457340007380, "正式名称": "しみず薬局", "機関区分": 5, "都道府県コード": 34, "市区町村コード": 213, "所在地": "広島県廿日市市串戸三丁目２１－２", "緯度": 34.347124, "経度": 132.324581, "url": "https://www.iryou.teikyouseido.mhlw.go.jp/znk-web/juminkanja/S2430/initialize?prefCd=34&kikanCd=7340007380&kikanKbn=5", "url2": "https://www.drug-shimizu.jp/", "内容": "しみず薬局【5:薬局】広島県廿日市市串戸三丁目２１－２" }, "geometry": { "type": "Point", "coordinates": [ 132.324581, 34.347124 ] } },
{ "type": "Feature", "properties": { "ID": 3457340007390, "正式名称": "純薬株式会社　地御前アゼリア薬局", "機関区分": 5, "都道府県コード": 34, "市区町村コード": 213, "所在地": "広島県廿日市市地御前三丁目１６－２３", "緯度": 34.341597, "経度": 132.316415, "url": "https://www.iryou.teikyouseido.mhlw.go.jp/znk-web/juminkanja/S2430/initialize?prefCd=34&kikanCd=7340007390&kikanKbn=5", "url2": "https://www.junyaku.com", "内容": "純薬株式会社　地御前アゼリア薬局【5:薬局】広島県廿日市市地御前三丁目１６－２３" }, "geometry": { "type": "Point", "coordinates": [ 132.316415, 34.341597 ] } },
{ "type": "Feature", "properties": { "ID": 3457340007400, "正式名称": "純薬（株）第一薬局廿日市", "機関区分": 5, "都道府県コード": 34, "市区町村コード": 213, "所在地": "広島県廿日市市串戸二丁目１７－５　いわみビル１階", "緯度": 34.346513, "経度": 132.326442, "url": "https://www.iryou.teikyouseido.mhlw.go.jp/znk-web/juminkanja/S2430/initialize?prefCd=34&kikanCd=7340007400&kikanKbn=5", "url2": "https://www,junyaku.com", "内容": "純薬（株）第一薬局廿日市【5:薬局】広島県廿日市市串戸二丁目１７－５　いわみビル１階" }, "geometry": { "type": "Point", "coordinates": [ 132.326442, 34.346513 ] } },
{ "type": "Feature", "properties": { "ID": 3457340007410, "正式名称": "有限会社　新宮薬局", "機関区分": 5, "都道府県コード": 34, "市区町村コード": 213, "所在地": "広島県廿日市市新宮１－１３－２２", "緯度": 34.350207, "経度": 132.331469, "url": "https://www.iryou.teikyouseido.mhlw.go.jp/znk-web/juminkanja/S2430/initialize?prefCd=34&kikanCd=7340007410&kikanKbn=5", "url2": null, "内容": "有限会社　新宮薬局【5:薬局】広島県廿日市市新宮１－１３－２２" }, "geometry": { "type": "Point", "coordinates": [ 132.331469, 34.350207 ] } },
{ "type": "Feature", "properties": { "ID": 3457340007420, "正式名称": "ベル薬局阿品台店", "機関区分": 5, "都道府県コード": 34, "市区町村コード": 213, "所在地": "広島県廿日市市阿品台四丁目１７－２７", "緯度": 34.326681, "経度": 132.304723, "url": "https://www.iryou.teikyouseido.mhlw.go.jp/znk-web/juminkanja/S2430/initialize?prefCd=34&kikanCd=7340007420&kikanKbn=5", "url2": "https://www.mpg-ph.com/", "内容": "ベル薬局阿品台店【5:薬局】広島県廿日市市阿品台四丁目１７－２７" }, "geometry": { "type": "Point", "coordinates": [ 132.304723, 34.326681 ] } },
{ "type": "Feature", "properties": { "ID": 3457340007450, "正式名称": "有限会社　第一調剤薬局", "機関区分": 5, "都道府県コード": 34, "市区町村コード": 213, "所在地": "広島県廿日市市津田４１９１－１０", "緯度": 34.36748, "経度": 132.176398, "url": "https://www.iryou.teikyouseido.mhlw.go.jp/znk-web/juminkanja/S2430/initialize?prefCd=34&kikanCd=7340007450&kikanKbn=5", "url2": null, "内容": "有限会社　第一調剤薬局【5:薬局】広島県廿日市市津田４１９１－１０" }, "geometry": { "type": "Point", "coordinates": [ 132.176398, 34.36748 ] } },
{ "type": "Feature", "properties": { "ID": 3457340007460, "正式名称": "タウン薬局　ナタリー店", "機関区分": 5, "都道府県コード": 34, "市区町村コード": 213, "所在地": "広島県廿日市市阿品三丁目１－６", "緯度": 34.323394, "経度": 132.31702, "url": "https://www.iryou.teikyouseido.mhlw.go.jp/znk-web/juminkanja/S2430/initialize?prefCd=34&kikanCd=7340007460&kikanKbn=5", "url2": "http://www.g-town.co.jp/", "内容": "タウン薬局　ナタリー店【5:薬局】広島県廿日市市阿品三丁目１－６" }, "geometry": { "type": "Point", "coordinates": [ 132.31702, 34.323394 ] } },
{ "type": "Feature", "properties": { "ID": 3457340007480, "正式名称": "タルタニ薬局廿日市店", "機関区分": 5, "都道府県コード": 34, "市区町村コード": 213, "所在地": "広島県廿日市市駅前５－２", "緯度": 34.357465, "経度": 132.335871, "url": "https://www.iryou.teikyouseido.mhlw.go.jp/znk-web/juminkanja/S2430/initialize?prefCd=34&kikanCd=7340007480&kikanKbn=5", "url2": null, "内容": "タルタニ薬局廿日市店【5:薬局】広島県廿日市市駅前５－２" }, "geometry": { "type": "Point", "coordinates": [ 132.335871, 34.357465 ] } },
{ "type": "Feature", "properties": { "ID": 3457340007500, "正式名称": "ながさわ薬局", "機関区分": 5, "都道府県コード": 34, "市区町村コード": 213, "所在地": "広島県廿日市市友田５７３", "緯度": 34.358093, "経度": 132.218534, "url": "https://www.iryou.teikyouseido.mhlw.go.jp/znk-web/juminkanja/S2430/initialize?prefCd=34&kikanCd=7340007500&kikanKbn=5", "url2": null, "内容": "ながさわ薬局【5:薬局】広島県廿日市市友田５７３" }, "geometry": { "type": "Point", "coordinates": [ 132.218534, 34.358093 ] } },
{ "type": "Feature", "properties": { "ID": 3457340007510, "正式名称": "廿日市上野薬局", "機関区分": 5, "都道府県コード": 34, "市区町村コード": 213, "所在地": "広島県廿日市市串戸１丁目　９－４１", "緯度": 34.34643, "経度": 132.327053, "url": "https://www.iryou.teikyouseido.mhlw.go.jp/znk-web/juminkanja/S2430/initialize?prefCd=34&kikanCd=7340007510&kikanKbn=5", "url2": null, "内容": "廿日市上野薬局【5:薬局】広島県廿日市市串戸１丁目　９－４１" }, "geometry": { "type": "Point", "coordinates": [ 132.327053, 34.34643 ] } },
{ "type": "Feature", "properties": { "ID": 3457340007520, "正式名称": "廿日市めじろ薬局", "機関区分": 5, "都道府県コード": 34, "市区町村コード": 213, "所在地": "広島県廿日市市廿日市二丁目７－２７", "緯度": 34.354827, "経度": 132.336371, "url": "https://www.iryou.teikyouseido.mhlw.go.jp/znk-web/juminkanja/S2430/initialize?prefCd=34&kikanCd=7340007520&kikanKbn=5", "url2": "https://www.kusurinomadoguchi.com/hiroshima/s56717", "内容": "廿日市めじろ薬局【5:薬局】広島県廿日市市廿日市二丁目７－２７" }, "geometry": { "type": "Point", "coordinates": [ 132.336371, 34.354827 ] } },
{ "type": "Feature", "properties": { "ID": 3457340007530, "正式名称": "ふたがみ薬局", "機関区分": 5, "都道府県コード": 34, "市区町村コード": 213, "所在地": "広島県廿日市市永原１２３４－８", "緯度": 34.360676, "経度": 132.22945, "url": "https://www.iryou.teikyouseido.mhlw.go.jp/znk-web/juminkanja/S2430/initialize?prefCd=34&kikanCd=7340007530&kikanKbn=5", "url2": null, "内容": "ふたがみ薬局【5:薬局】広島県廿日市市永原１２３４－８" }, "geometry": { "type": "Point", "coordinates": [ 132.22945, 34.360676 ] } },
{ "type": "Feature", "properties": { "ID": 3457340007550, "正式名称": "フレンド薬局", "機関区分": 5, "都道府県コード": 34, "市区町村コード": 213, "所在地": "広島県廿日市市宮園３丁目１－３", "緯度": 34.354484, "経度": 132.303194, "url": "https://www.iryou.teikyouseido.mhlw.go.jp/znk-web/juminkanja/S2430/initialize?prefCd=34&kikanCd=7340007550&kikanKbn=5", "url2": null, "内容": "フレンド薬局【5:薬局】広島県廿日市市宮園３丁目１－３" }, "geometry": { "type": "Point", "coordinates": [ 132.303194, 34.354484 ] } },
{ "type": "Feature", "properties": { "ID": 3457340007560, "正式名称": "平良しみず薬局", "機関区分": 5, "都道府県コード": 34, "市区町村コード": 213, "所在地": "広島県廿日市市平良二丁目１０－３６", "緯度": 34.354151, "経度": 132.32672, "url": "https://www.iryou.teikyouseido.mhlw.go.jp/znk-web/juminkanja/S2430/initialize?prefCd=34&kikanCd=7340007560&kikanKbn=5", "url2": "https://www.drug-shimizu.jp/", "内容": "平良しみず薬局【5:薬局】広島県廿日市市平良二丁目１０－３６" }, "geometry": { "type": "Point", "coordinates": [ 132.32672, 34.354151 ] } },
{ "type": "Feature", "properties": { "ID": 3457340007570, "正式名称": "ヘルシータウンジョイ薬局", "機関区分": 5, "都道府県コード": 34, "市区町村コード": 213, "所在地": "広島県廿日市市串戸４－１３－１　エコービル１Ｆ", "緯度": 34.347679, "経度": 132.322998, "url": "https://www.iryou.teikyouseido.mhlw.go.jp/znk-web/juminkanja/S2430/initialize?prefCd=34&kikanCd=7340007570&kikanKbn=5", "url2": "http://www.h-t-joy.co.jp/", "内容": "ヘルシータウンジョイ薬局【5:薬局】広島県廿日市市串戸４－１３－１　エコービル１Ｆ" }, "geometry": { "type": "Point", "coordinates": [ 132.322998, 34.347679 ] } },
{ "type": "Feature", "properties": { "ID": 3457340007590, "正式名称": "有限会社　前空薬局", "機関区分": 5, "都道府県コード": 34, "市区町村コード": 213, "所在地": "広島県廿日市市前空五丁目５－３５", "緯度": 34.302045, "経度": 132.289753, "url": "https://www.iryou.teikyouseido.mhlw.go.jp/znk-web/juminkanja/S2430/initialize?prefCd=34&kikanCd=7340007590&kikanKbn=5", "url2": null, "内容": "有限会社　前空薬局【5:薬局】広島県廿日市市前空五丁目５－３５" }, "geometry": { "type": "Point", "coordinates": [ 132.289753, 34.302045 ] } },
{ "type": "Feature", "properties": { "ID": 3457340007610, "正式名称": "宮園薬局", "機関区分": 5, "都道府県コード": 34, "市区町村コード": 213, "所在地": "広島県廿日市市宮園三丁目７－４", "緯度": 34.35379, "経度": 132.305027, "url": "https://www.iryou.teikyouseido.mhlw.go.jp/znk-web/juminkanja/S2430/initialize?prefCd=34&kikanCd=7340007610&kikanKbn=5", "url2": null, "内容": "宮園薬局【5:薬局】広島県廿日市市宮園三丁目７－４" }, "geometry": { "type": "Point", "coordinates": [ 132.305027, 34.35379 ] } },
{ "type": "Feature", "properties": { "ID": 3457340007620, "正式名称": "ミント薬局", "機関区分": 5, "都道府県コード": 34, "市区町村コード": 213, "所在地": "広島県廿日市市宮内４３１１番地１", "緯度": 34.344929, "経度": 132.304472, "url": "https://www.iryou.teikyouseido.mhlw.go.jp/znk-web/juminkanja/S2430/initialize?prefCd=34&kikanCd=7340007620&kikanKbn=5", "url2": "http://www.mint-pharmacy.jp", "内容": "ミント薬局【5:薬局】広島県廿日市市宮内４３１１番地１" }, "geometry": { "type": "Point", "coordinates": [ 132.304472, 34.344929 ] } },
{ "type": "Feature", "properties": { "ID": 3457340007630, "正式名称": "ミント薬局　廿日市天神店", "機関区分": 5, "都道府県コード": 34, "市区町村コード": 213, "所在地": "広島県廿日市市天神１２－７クレアーレヴェント天神ビル１Ｆ", "緯度": 34.354485, "経度": 132.33808, "url": "https://www.iryou.teikyouseido.mhlw.go.jp/znk-web/juminkanja/S2430/initialize?prefCd=34&kikanCd=7340007630&kikanKbn=5", "url2": "http://www.mint-pharmacy.jp", "内容": "ミント薬局　廿日市天神店【5:薬局】広島県廿日市市天神１２－７クレアーレヴェント天神ビル１Ｆ" }, "geometry": { "type": "Point", "coordinates": [ 132.33808, 34.354485 ] } },
{ "type": "Feature", "properties": { "ID": 3457340007670, "正式名称": "そうごう薬局　陽光台店", "機関区分": 5, "都道府県コード": 34, "市区町村コード": 213, "所在地": "広島県廿日市市陽光台五丁目１２－１", "緯度": 34.356289, "経度": 132.308665, "url": "https://www.iryou.teikyouseido.mhlw.go.jp/znk-web/juminkanja/S2430/initialize?prefCd=34&kikanCd=7340007670&kikanKbn=5", "url2": "http://www.sogo-medical.co.jp", "内容": "そうごう薬局　陽光台店【5:薬局】広島県廿日市市陽光台五丁目１２－１" }, "geometry": { "type": "Point", "coordinates": [ 132.308665, 34.356289 ] } },
{ "type": "Feature", "properties": { "ID": 3457340007680, "正式名称": "有限会社　安芸調剤薬局", "機関区分": 5, "都道府県コード": 34, "市区町村コード": 304, "所在地": "広島県安芸郡海田町稲荷町３－３５", "緯度": 34.374236, "経度": 132.532396, "url": "https://www.iryou.teikyouseido.mhlw.go.jp/znk-web/juminkanja/S2430/initialize?prefCd=34&kikanCd=7340007680&kikanKbn=5", "url2": null, "内容": "有限会社　安芸調剤薬局【5:薬局】広島県安芸郡海田町稲荷町３－３５" }, "geometry": { "type": "Point", "coordinates": [ 132.532396, 34.374236 ] } },
{ "type": "Feature", "properties": { "ID": 3457340007760, "正式名称": "広貫堂薬局　日の出町店", "機関区分": 5, "都道府県コード": 34, "市区町村コード": 304, "所在地": "広島県安芸郡海田町日の出町６－６　グランステイツ海田１階", "緯度": 34.365983, "経度": 132.53819, "url": "https://www.iryou.teikyouseido.mhlw.go.jp/znk-web/juminkanja/S2430/initialize?prefCd=34&kikanCd=7340007760&kikanKbn=5", "url2": null, "内容": "広貫堂薬局　日の出町店【5:薬局】広島県安芸郡海田町日の出町６－６　グランステイツ海田１階" }, "geometry": { "type": "Point", "coordinates": [ 132.53819, 34.365983 ] } },
{ "type": "Feature", "properties": { "ID": 3457340007780, "正式名称": "コスモス薬局　海田東店", "機関区分": 5, "都道府県コード": 34, "市区町村コード": 304, "所在地": "広島県安芸郡海田町幸町１－４５", "緯度": 34.370514, "経度": 132.543673, "url": "https://www.iryou.teikyouseido.mhlw.go.jp/znk-web/juminkanja/S2430/initialize?prefCd=34&kikanCd=7340007780&kikanKbn=5", "url2": "http://www.reliance-cosmos.co.jp/", "内容": "コスモス薬局　海田東店【5:薬局】広島県安芸郡海田町幸町１－４５" }, "geometry": { "type": "Point", "coordinates": [ 132.543673, 34.370514 ] } },
{ "type": "Feature", "properties": { "ID": 3457340007830, "正式名称": "大岩薬局", "機関区分": 5, "都道府県コード": 34, "市区町村コード": 307, "所在地": "広島県安芸郡熊野町柿迫３番１７号", "緯度": 34.331713, "経度": 132.565034, "url": "https://www.iryou.teikyouseido.mhlw.go.jp/znk-web/juminkanja/S2430/initialize?prefCd=34&kikanCd=7340007830&kikanKbn=5", "url2": null, "内容": "大岩薬局【5:薬局】広島県安芸郡熊野町柿迫３番１７号" }, "geometry": { "type": "Point", "coordinates": [ 132.565034, 34.331713 ] } },
{ "type": "Feature", "properties": { "ID": 3457340007840, "正式名称": "有限会社　貴船薬局", "機関区分": 5, "都道府県コード": 34, "市区町村コード": 307, "所在地": "広島県安芸郡熊野町貴船１８番１５号", "緯度": 34.328714, "経度": 132.568839, "url": "https://www.iryou.teikyouseido.mhlw.go.jp/znk-web/juminkanja/S2430/initialize?prefCd=34&kikanCd=7340007840&kikanKbn=5", "url2": null, "内容": "有限会社　貴船薬局【5:薬局】広島県安芸郡熊野町貴船１８番１５号" }, "geometry": { "type": "Point", "coordinates": [ 132.568839, 34.328714 ] } },
{ "type": "Feature", "properties": { "ID": 3457340007850, "正式名称": "さふらん薬局", "機関区分": 5, "都道府県コード": 34, "市区町村コード": 307, "所在地": "広島県安芸郡熊野町萩原２－２－９", "緯度": 34.338713, "経度": 132.588421, "url": "https://www.iryou.teikyouseido.mhlw.go.jp/znk-web/juminkanja/S2430/initialize?prefCd=34&kikanCd=7340007850&kikanKbn=5", "url2": "http://www.reliance-cosmos.co.jp/", "内容": "さふらん薬局【5:薬局】広島県安芸郡熊野町萩原２－２－９" }, "geometry": { "type": "Point", "coordinates": [ 132.588421, 34.338713 ] } },
{ "type": "Feature", "properties": { "ID": 3457340007860, "正式名称": "出来庭薬局", "機関区分": 5, "都道府県コード": 34, "市区町村コード": 307, "所在地": "広島県安芸郡熊野町出来庭２－１８－９", "緯度": 34.332658, "経度": 132.574256, "url": "https://www.iryou.teikyouseido.mhlw.go.jp/znk-web/juminkanja/S2430/initialize?prefCd=34&kikanCd=7340007860&kikanKbn=5", "url2": null, "内容": "出来庭薬局【5:薬局】広島県安芸郡熊野町出来庭２－１８－９" }, "geometry": { "type": "Point", "coordinates": [ 132.574256, 34.332658 ] } },
{ "type": "Feature", "properties": { "ID": 3457340007870, "正式名称": "くまの薬局", "機関区分": 5, "都道府県コード": 34, "市区町村コード": 307, "所在地": "広島県安芸郡熊野町出来庭十丁目４番５号", "緯度": 34.332908, "経度": 132.567339, "url": "https://www.iryou.teikyouseido.mhlw.go.jp/znk-web/juminkanja/S2430/initialize?prefCd=34&kikanCd=7340007870&kikanKbn=5", "url2": "https://kumanoyakkyoku.jimdosite.com/", "内容": "くまの薬局【5:薬局】広島県安芸郡熊野町出来庭十丁目４番５号" }, "geometry": { "type": "Point", "coordinates": [ 132.567339, 34.332908 ] } },
{ "type": "Feature", "properties": { "ID": 3457340007960, "正式名称": "府中つばき薬局", "機関区分": 5, "都道府県コード": 34, "市区町村コード": 302, "所在地": "広島県安芸郡府中町山田１丁目２－９", "緯度": 34.396789, "経度": 132.511341, "url": "https://www.iryou.teikyouseido.mhlw.go.jp/znk-web/juminkanja/S2430/initialize?prefCd=34&kikanCd=7340007960&kikanKbn=5", "url2": "https://ts3ke.hp.peraichi.com/", "内容": "府中つばき薬局【5:薬局】広島県安芸郡府中町山田１丁目２－９" }, "geometry": { "type": "Point", "coordinates": [ 132.511341, 34.396789 ] } },
{ "type": "Feature", "properties": { "ID": 3457340007970, "正式名称": "あざみ薬局", "機関区分": 5, "都道府県コード": 34, "市区町村コード": 302, "所在地": "広島県安芸郡府中町鹿籠２－１３－３", "緯度": 34.379985, "経度": 132.507981, "url": "https://www.iryou.teikyouseido.mhlw.go.jp/znk-web/juminkanja/S2430/initialize?prefCd=34&kikanCd=7340007970&kikanKbn=5", "url2": null, "内容": "あざみ薬局【5:薬局】広島県安芸郡府中町鹿籠２－１３－３" }, "geometry": { "type": "Point", "coordinates": [ 132.507981, 34.379985 ] } },
{ "type": "Feature", "properties": { "ID": 3457340008000, "正式名称": "ニコニコ薬局", "機関区分": 5, "都道府県コード": 34, "市区町村コード": 302, "所在地": "広島県安芸郡府中町青崎東２０－２", "緯度": 34.37493, "経度": 132.515953, "url": "https://www.iryou.teikyouseido.mhlw.go.jp/znk-web/juminkanja/S2430/initialize?prefCd=34&kikanCd=7340008000&kikanKbn=5", "url2": null, "内容": "ニコニコ薬局【5:薬局】広島県安芸郡府中町青崎東２０－２" }, "geometry": { "type": "Point", "coordinates": [ 132.515953, 34.37493 ] } },
{ "type": "Feature", "properties": { "ID": 3457340008100, "正式名称": "サンリブ漢方堂薬局", "機関区分": 5, "都道府県コード": 34, "市区町村コード": 302, "所在地": "広島県安芸郡府中町大須４丁目２－１０　サンリブ府中３Ｆ", "緯度": 34.398038, "経度": 132.500953, "url": "https://www.iryou.teikyouseido.mhlw.go.jp/znk-web/juminkanja/S2430/initialize?prefCd=34&kikanCd=7340008100&kikanKbn=5", "url2": null, "内容": "サンリブ漢方堂薬局【5:薬局】広島県安芸郡府中町大須４丁目２－１０　サンリブ府中３Ｆ" }, "geometry": { "type": "Point", "coordinates": [ 132.500953, 34.398038 ] } },
{ "type": "Feature", "properties": { "ID": 3457340008140, "正式名称": "府中タカズミ薬局", "機関区分": 5, "都道府県コード": 34, "市区町村コード": 302, "所在地": "広島県安芸郡府中町浜田３－９－６", "緯度": 34.385679, "経度": 132.510536, "url": "https://www.iryou.teikyouseido.mhlw.go.jp/znk-web/juminkanja/S2430/initialize?prefCd=34&kikanCd=7340008140&kikanKbn=5", "url2": "www.takazumi.co.jp", "内容": "府中タカズミ薬局【5:薬局】広島県安芸郡府中町浜田３－９－６" }, "geometry": { "type": "Point", "coordinates": [ 132.510536, 34.385679 ] } },
{ "type": "Feature", "properties": { "ID": 3457340008170, "正式名称": "府中みずほ薬局", "機関区分": 5, "都道府県コード": 34, "市区町村コード": 302, "所在地": "広島県安芸郡府中町本町一丁目１３－７", "緯度": 34.3947, "経度": 132.505632, "url": "https://www.iryou.teikyouseido.mhlw.go.jp/znk-web/juminkanja/S2430/initialize?prefCd=34&kikanCd=7340008170&kikanKbn=5", "url2": null, "内容": "府中みずほ薬局【5:薬局】広島県安芸郡府中町本町一丁目１３－７" }, "geometry": { "type": "Point", "coordinates": [ 132.505632, 34.3947 ] } },
{ "type": "Feature", "properties": { "ID": 3457340008190, "正式名称": "こばと薬局", "機関区分": 5, "都道府県コード": 34, "市区町村コード": 302, "所在地": "広島県安芸郡府中町本町２－９－３８", "緯度": 34.396455, "経度": 132.505397, "url": "https://www.iryou.teikyouseido.mhlw.go.jp/znk-web/juminkanja/S2430/initialize?prefCd=34&kikanCd=7340008190&kikanKbn=5", "url2": "http://kobato-ph.co.jp/", "内容": "こばと薬局【5:薬局】広島県安芸郡府中町本町２－９－３８" }, "geometry": { "type": "Point", "coordinates": [ 132.505397, 34.396455 ] } },
{ "type": "Feature", "properties": { "ID": 3457340008210, "正式名称": "ウォンツ　府中本町薬局", "機関区分": 5, "都道府県コード": 34, "市区町村コード": 302, "所在地": "広島県安芸郡府中町本町４－１２－２２", "緯度": 34.397566, "経度": 132.505508, "url": "https://www.iryou.teikyouseido.mhlw.go.jp/znk-web/juminkanja/S2430/initialize?prefCd=34&kikanCd=7340008210&kikanKbn=5", "url2": "https://www.wants.co.jp/", "内容": "ウォンツ　府中本町薬局【5:薬局】広島県安芸郡府中町本町４－１２－２２" }, "geometry": { "type": "Point", "coordinates": [ 132.505508, 34.397566 ] } },
{ "type": "Feature", "properties": { "ID": 3457340008230, "正式名称": "薬王堂", "機関区分": 5, "都道府県コード": 34, "市区町村コード": 302, "所在地": "広島県安芸郡府中町茂陰１丁目３－１２", "緯度": 34.389484, "経度": 132.502342, "url": "https://www.iryou.teikyouseido.mhlw.go.jp/znk-web/juminkanja/S2430/initialize?prefCd=34&kikanCd=7340008230&kikanKbn=5", "url2": "http://www.hicat.ne.jp/home/yakuoudo/", "内容": "薬王堂【5:薬局】広島県安芸郡府中町茂陰１丁目３－１２" }, "geometry": { "type": "Point", "coordinates": [ 132.502342, 34.389484 ] } },
{ "type": "Feature", "properties": { "ID": 3457340008260, "正式名称": "あんず薬局", "機関区分": 5, "都道府県コード": 34, "市区町村コード": 302, "所在地": "広島県安芸郡府中町鶴江１－２５－２０", "緯度": 34.399122, "経度": 132.504231, "url": "https://www.iryou.teikyouseido.mhlw.go.jp/znk-web/juminkanja/S2430/initialize?prefCd=34&kikanCd=7340008260&kikanKbn=5", "url2": "https://ks-office.group", "内容": "あんず薬局【5:薬局】広島県安芸郡府中町鶴江１－２５－２０" }, "geometry": { "type": "Point", "coordinates": [ 132.504231, 34.399122 ] } },
{ "type": "Feature", "properties": { "ID": 3457340008270, "正式名称": "オール薬局　府中店", "機関区分": 5, "都道府県コード": 34, "市区町村コード": 302, "所在地": "広島県安芸郡府中町大通２－８－２１", "緯度": 34.39165, "経度": 132.503564, "url": "https://www.iryou.teikyouseido.mhlw.go.jp/znk-web/juminkanja/S2430/initialize?prefCd=34&kikanCd=7340008270&kikanKbn=5", "url2": "http://www.e-classa.net/owl-fuchu/", "内容": "オール薬局　府中店【5:薬局】広島県安芸郡府中町大通２－８－２１" }, "geometry": { "type": "Point", "coordinates": [ 132.503564, 34.39165 ] } },
{ "type": "Feature", "properties": { "ID": 3457340008280, "正式名称": "コスモス薬局　府中店", "機関区分": 5, "都道府県コード": 34, "市区町村コード": 302, "所在地": "広島県安芸郡府中町浜田本町１－２８", "緯度": 34.389345, "経度": 132.509842, "url": "https://www.iryou.teikyouseido.mhlw.go.jp/znk-web/juminkanja/S2430/initialize?prefCd=34&kikanCd=7340008280&kikanKbn=5", "url2": "http://www.reliance-cosmos.co.jp/", "内容": "コスモス薬局　府中店【5:薬局】広島県安芸郡府中町浜田本町１－２８" }, "geometry": { "type": "Point", "coordinates": [ 132.509842, 34.389345 ] } },
{ "type": "Feature", "properties": { "ID": 3457340008290, "正式名称": "あおぞら薬局", "機関区分": 5, "都道府県コード": 34, "市区町村コード": 202, "所在地": "広島県呉市宮原五丁目５－２", "緯度": 34.232335, "経度": 132.561956, "url": "https://www.iryou.teikyouseido.mhlw.go.jp/znk-web/juminkanja/S2430/initialize?prefCd=34&kikanCd=7340008290&kikanKbn=5", "url2": "http://www.rising-japan.org/pharmacy-list/aozora", "内容": "あおぞら薬局【5:薬局】広島県呉市宮原五丁目５－２" }, "geometry": { "type": "Point", "coordinates": [ 132.561956, 34.232335 ] } },
{ "type": "Feature", "properties": { "ID": 3457340008300, "正式名称": "あおぞら薬局　広国際通り店", "機関区分": 5, "都道府県コード": 34, "市区町村コード": 202, "所在地": "広島県呉市広古新開八丁目３２－４", "緯度": 34.242601, "経度": 132.622651, "url": "https://www.iryou.teikyouseido.mhlw.go.jp/znk-web/juminkanja/S2430/initialize?prefCd=34&kikanCd=7340008300&kikanKbn=5", "url2": "http://www.rising-japan.org/", "内容": "あおぞら薬局　広国際通り店【5:薬局】広島県呉市広古新開八丁目３２－４" }, "geometry": { "type": "Point", "coordinates": [ 132.622651, 34.242601 ] } },
{ "type": "Feature", "properties": { "ID": 3457340008320, "正式名称": "あが中央薬局", "機関区分": 5, "都道府県コード": 34, "市区町村コード": 202, "所在地": "広島県呉市阿賀中央６－２－１１（あがプラザ２Ｆ）", "緯度": 34.236359, "経度": 132.600262, "url": "https://www.iryou.teikyouseido.mhlw.go.jp/znk-web/juminkanja/S2430/initialize?prefCd=34&kikanCd=7340008320&kikanKbn=5", "url2": "https://www.agatyuo-plazadrug.com", "内容": "あが中央薬局【5:薬局】広島県呉市阿賀中央６－２－１１（あがプラザ２Ｆ）" }, "geometry": { "type": "Point", "coordinates": [ 132.600262, 34.236359 ] } },
{ "type": "Feature", "properties": { "ID": 3457340008330, "正式名称": "アロー薬局　呉店", "機関区分": 5, "都道府県コード": 34, "市区町村コード": 202, "所在地": "広島県呉市本通６丁目２番１５号", "緯度": 34.249851, "経度": 132.572674, "url": "https://www.iryou.teikyouseido.mhlw.go.jp/znk-web/juminkanja/S2430/initialize?prefCd=34&kikanCd=7340008330&kikanKbn=5", "url2": "http://hiroshima-arrow.com/", "内容": "アロー薬局　呉店【5:薬局】広島県呉市本通６丁目２番１５号" }, "geometry": { "type": "Point", "coordinates": [ 132.572674, 34.249851 ] } },
{ "type": "Feature", "properties": { "ID": 3457340008340, "正式名称": "アロー薬局　呉中央店", "機関区分": 5, "都道府県コード": 34, "市区町村コード": 202, "所在地": "広島県呉市中央３丁目２－１", "緯度": 34.248389, "経度": 132.561455, "url": "https://www.iryou.teikyouseido.mhlw.go.jp/znk-web/juminkanja/S2430/initialize?prefCd=34&kikanCd=7340008340&kikanKbn=5", "url2": "http://hiroshima-arrow.com/", "内容": "アロー薬局　呉中央店【5:薬局】広島県呉市中央３丁目２－１" }, "geometry": { "type": "Point", "coordinates": [ 132.561455, 34.248389 ] } },
{ "type": "Feature", "properties": { "ID": 3457340008350, "正式名称": "アロー薬局　東中央店", "機関区分": 5, "都道府県コード": 34, "市区町村コード": 202, "所在地": "広島県呉市東中央四丁目６番１号", "緯度": 34.254738, "経度": 132.572347, "url": "https://www.iryou.teikyouseido.mhlw.go.jp/znk-web/juminkanja/S2430/initialize?prefCd=34&kikanCd=7340008350&kikanKbn=5", "url2": "http://hiroshima-arrow.com/", "内容": "アロー薬局　東中央店【5:薬局】広島県呉市東中央四丁目６番１号" }, "geometry": { "type": "Point", "coordinates": [ 132.572347, 34.254738 ] } },
{ "type": "Feature", "properties": { "ID": 3457340008360, "正式名称": "井上一誠堂薬局", "機関区分": 5, "都道府県コード": 34, "市区町村コード": 202, "所在地": "広島県呉市中通４丁目４－１４", "緯度": 34.247528, "経度": 132.566954, "url": "https://www.iryou.teikyouseido.mhlw.go.jp/znk-web/juminkanja/S2430/initialize?prefCd=34&kikanCd=7340008360&kikanKbn=5", "url2": null, "内容": "井上一誠堂薬局【5:薬局】広島県呉市中通４丁目４－１４" }, "geometry": { "type": "Point", "coordinates": [ 132.566954, 34.247528 ] } },
{ "type": "Feature", "properties": { "ID": 3457340008370, "正式名称": "井上一誠堂薬局　警固屋店", "機関区分": 5, "都道府県コード": 34, "市区町村コード": 202, "所在地": "広島県呉市警固屋４－２－３０", "緯度": 34.212476, "経度": 132.545458, "url": "https://www.iryou.teikyouseido.mhlw.go.jp/znk-web/juminkanja/S2430/initialize?prefCd=34&kikanCd=7340008370&kikanKbn=5", "url2": null, "内容": "井上一誠堂薬局　警固屋店【5:薬局】広島県呉市警固屋４－２－３０" }, "geometry": { "type": "Point", "coordinates": [ 132.545458, 34.212476 ] } },
{ "type": "Feature", "properties": { "ID": 3457340008410, "正式名称": "ウォンツ　広白石薬局", "機関区分": 5, "都道府県コード": 34, "市区町村コード": 202, "所在地": "広島県呉市広白石一丁目３－３５", "緯度": 34.228559, "経度": 132.633478, "url": "https://www.iryou.teikyouseido.mhlw.go.jp/znk-web/juminkanja/S2430/initialize?prefCd=34&kikanCd=7340008410&kikanKbn=5", "url2": "https://www.wants.co.jp/", "内容": "ウォンツ　広白石薬局【5:薬局】広島県呉市広白石一丁目３－３５" }, "geometry": { "type": "Point", "coordinates": [ 132.633478, 34.228559 ] } },
{ "type": "Feature", "properties": { "ID": 3457340008420, "正式名称": "ウォンツ　広本町薬局", "機関区分": 5, "都道府県コード": 34, "市区町村コード": 202, "所在地": "広島県呉市広本町三丁目２１－１", "緯度": 34.238141, "経度": 132.622895, "url": "https://www.iryou.teikyouseido.mhlw.go.jp/znk-web/juminkanja/S2430/initialize?prefCd=34&kikanCd=7340008420&kikanKbn=5", "url2": "https://www.wants.co.jp/", "内容": "ウォンツ　広本町薬局【5:薬局】広島県呉市広本町三丁目２１－１" }, "geometry": { "type": "Point", "coordinates": [ 132.622895, 34.238141 ] } },
{ "type": "Feature", "properties": { "ID": 3457340008430, "正式名称": "うさぎ薬局", "機関区分": 5, "都道府県コード": 34, "市区町村コード": 202, "所在地": "広島県呉市焼山西２－１－３４", "緯度": 34.291384, "経度": 132.554676, "url": "https://www.iryou.teikyouseido.mhlw.go.jp/znk-web/juminkanja/S2430/initialize?prefCd=34&kikanCd=7340008430&kikanKbn=5", "url2": "http://www.yokota-gp.com/", "内容": "うさぎ薬局【5:薬局】広島県呉市焼山西２－１－３４" }, "geometry": { "type": "Point", "coordinates": [ 132.554676, 34.291384 ] } },
{ "type": "Feature", "properties": { "ID": 3457340008440, "正式名称": "梅木薬局", "機関区分": 5, "都道府県コード": 34, "市区町村コード": 202, "所在地": "広島県呉市天応南町１－２３", "緯度": 34.284995, "経度": 132.518373, "url": "https://www.iryou.teikyouseido.mhlw.go.jp/znk-web/juminkanja/S2430/initialize?prefCd=34&kikanCd=7340008440&kikanKbn=5", "url2": null, "内容": "梅木薬局【5:薬局】広島県呉市天応南町１－２３" }, "geometry": { "type": "Point", "coordinates": [ 132.518373, 34.284995 ] } },
{ "type": "Feature", "properties": { "ID": 3457340008470, "正式名称": "エンゼル薬局", "機関区分": 5, "都道府県コード": 34, "市区町村コード": 202, "所在地": "広島県呉市焼山中央１－１０－８－１０４", "緯度": 34.294106, "経度": 132.555287, "url": "https://www.iryou.teikyouseido.mhlw.go.jp/znk-web/juminkanja/S2430/initialize?prefCd=34&kikanCd=7340008470&kikanKbn=5", "url2": null, "内容": "エンゼル薬局【5:薬局】広島県呉市焼山中央１－１０－８－１０４" }, "geometry": { "type": "Point", "coordinates": [ 132.555287, 34.294106 ] } },
{ "type": "Feature", "properties": { "ID": 3457340008480, "正式名称": "オーツカ薬局", "機関区分": 5, "都道府県コード": 34, "市区町村コード": 202, "所在地": "広島県呉市本通３－２－１６", "緯度": 34.24525, "経度": 132.566149, "url": "https://www.iryou.teikyouseido.mhlw.go.jp/znk-web/juminkanja/S2430/initialize?prefCd=34&kikanCd=7340008480&kikanKbn=5", "url2": null, "内容": "オーツカ薬局【5:薬局】広島県呉市本通３－２－１６" }, "geometry": { "type": "Point", "coordinates": [ 132.566149, 34.24525 ] } },
{ "type": "Feature", "properties": { "ID": 3457340008490, "正式名称": "オーツカ薬局２", "機関区分": 5, "都道府県コード": 34, "市区町村コード": 202, "所在地": "広島県呉市三条２－１２－６", "緯度": 34.247722, "経度": 132.552595, "url": "https://www.iryou.teikyouseido.mhlw.go.jp/znk-web/juminkanja/S2430/initialize?prefCd=34&kikanCd=7340008490&kikanKbn=5", "url2": "https://www.facebook.com/profile.php?id=100048194235089", "内容": "オーツカ薬局２【5:薬局】広島県呉市三条２－１２－６" }, "geometry": { "type": "Point", "coordinates": [ 132.552595, 34.247722 ] } },
{ "type": "Feature", "properties": { "ID": 3457340008500, "正式名称": "オール薬局　中通店", "機関区分": 5, "都道府県コード": 34, "市区町村コード": 202, "所在地": "広島県呉市中通１丁目３－１２", "緯度": 34.244139, "経度": 132.562427, "url": "https://www.iryou.teikyouseido.mhlw.go.jp/znk-web/juminkanja/S2430/initialize?prefCd=34&kikanCd=7340008500&kikanKbn=5", "url2": "http://www.e-classa.net/owl-nakadori/", "内容": "オール薬局　中通店【5:薬局】広島県呉市中通１丁目３－１２" }, "geometry": { "type": "Point", "coordinates": [ 132.562427, 34.244139 ] } },
{ "type": "Feature", "properties": { "ID": 3457340008510, "正式名称": "オール薬局　焼山店", "機関区分": 5, "都道府県コード": 34, "市区町村コード": 202, "所在地": "広島県呉市焼山中央２－５－９", "緯度": 34.296022, "経度": 132.557259, "url": "https://www.iryou.teikyouseido.mhlw.go.jp/znk-web/juminkanja/S2430/initialize?prefCd=34&kikanCd=7340008510&kikanKbn=5", "url2": "http://www.e-classa.net/owl-yakeyama/", "内容": "オール薬局　焼山店【5:薬局】広島県呉市焼山中央２－５－９" }, "geometry": { "type": "Point", "coordinates": [ 132.557259, 34.296022 ] } },
{ "type": "Feature", "properties": { "ID": 3457340008520, "正式名称": "オリーブ薬局", "機関区分": 5, "都道府県コード": 34, "市区町村コード": 202, "所在地": "広島県呉市本通５丁目６－１３", "緯度": 34.249667, "経度": 132.571954, "url": "https://www.iryou.teikyouseido.mhlw.go.jp/znk-web/juminkanja/S2430/initialize?prefCd=34&kikanCd=7340008520&kikanKbn=5", "url2": null, "内容": "オリーブ薬局【5:薬局】広島県呉市本通５丁目６－１３" }, "geometry": { "type": "Point", "coordinates": [ 132.571954, 34.249667 ] } },
{ "type": "Feature", "properties": { "ID": 3457340008530, "正式名称": "オレンジ薬局", "機関区分": 5, "都道府県コード": 34, "市区町村コード": 202, "所在地": "広島県呉市下蒲刈町下島２１７６－４", "緯度": 34.19323, "経度": 132.670115, "url": "https://www.iryou.teikyouseido.mhlw.go.jp/znk-web/juminkanja/S2430/initialize?prefCd=34&kikanCd=7340008530&kikanKbn=5", "url2": null, "内容": "オレンジ薬局【5:薬局】広島県呉市下蒲刈町下島２１７６－４" }, "geometry": { "type": "Point", "coordinates": [ 132.670115, 34.19323 ] } },
{ "type": "Feature", "properties": { "ID": 3457340008540, "正式名称": "エスマイル薬局かまがり店", "機関区分": 5, "都道府県コード": 34, "市区町村コード": 202, "所在地": "広島県呉市下蒲刈町下島２１１９－３１", "緯度": 34.194008, "経度": 132.678309, "url": "https://www.iryou.teikyouseido.mhlw.go.jp/znk-web/juminkanja/S2430/initialize?prefCd=34&kikanCd=7340008540&kikanKbn=5", "url2": "http://www.ssmile.co.jp/", "内容": "エスマイル薬局かまがり店【5:薬局】広島県呉市下蒲刈町下島２１１９－３１" }, "geometry": { "type": "Point", "coordinates": [ 132.678309, 34.194008 ] } },
{ "type": "Feature", "properties": { "ID": 3457340008640, "正式名称": "クレオ薬局", "機関区分": 5, "都道府県コード": 34, "市区町村コード": 202, "所在地": "広島県呉市中央１－５－１５　ヒラタファーストビル１階", "緯度": 34.245139, "経度": 132.561066, "url": "https://www.iryou.teikyouseido.mhlw.go.jp/znk-web/juminkanja/S2430/initialize?prefCd=34&kikanCd=7340008640&kikanKbn=5", "url2": "www.kureo-pharmacy.com", "内容": "クレオ薬局【5:薬局】広島県呉市中央１－５－１５　ヒラタファーストビル１階" }, "geometry": { "type": "Point", "coordinates": [ 132.561066, 34.245139 ] } },
{ "type": "Feature", "properties": { "ID": 3457340008650, "正式名称": "オール薬局　海岸通店", "機関区分": 5, "都道府県コード": 34, "市区町村コード": 202, "所在地": "広島県呉市海岸２－１７－６", "緯度": 34.246555, "経度": 132.544123, "url": "https://www.iryou.teikyouseido.mhlw.go.jp/znk-web/juminkanja/S2430/initialize?prefCd=34&kikanCd=7340008650&kikanKbn=5", "url2": "http://www.e-classa.net/kurekaigandori/", "内容": "オール薬局　海岸通店【5:薬局】広島県呉市海岸２－１７－６" }, "geometry": { "type": "Point", "coordinates": [ 132.544123, 34.246555 ] } },
{ "type": "Feature", "properties": { "ID": 3457340008660, "正式名称": "オール薬局　川尻店", "機関区分": 5, "都道府県コード": 34, "市区町村コード": 202, "所在地": "広島県呉市川尻町西２丁目４－４１", "緯度": 34.235698, "経度": 132.694028, "url": "https://www.iryou.teikyouseido.mhlw.go.jp/znk-web/juminkanja/S2430/initialize?prefCd=34&kikanCd=7340008660&kikanKbn=5", "url2": "http://www.e-classa.net/kurekawajiri/", "内容": "オール薬局　川尻店【5:薬局】広島県呉市川尻町西２丁目４－４１" }, "geometry": { "type": "Point", "coordinates": [ 132.694028, 34.235698 ] } },
{ "type": "Feature", "properties": { "ID": 3457340008680, "正式名称": "一般社団法人呉市薬剤師会センター薬局北店", "機関区分": 5, "都道府県コード": 34, "市区町村コード": 202, "所在地": "広島県呉市朝日町１４－６", "緯度": 34.251361, "経度": 132.574259, "url": "https://www.iryou.teikyouseido.mhlw.go.jp/znk-web/juminkanja/S2430/initialize?prefCd=34&kikanCd=7340008680&kikanKbn=5", "url2": "https://www.kuresiyaku.or.jp/centeryakkyoku.html", "内容": "一般社団法人呉市薬剤師会センター薬局北店【5:薬局】広島県呉市朝日町１４－６" }, "geometry": { "type": "Point", "coordinates": [ 132.574259, 34.251361 ] } },
{ "type": "Feature", "properties": { "ID": 3457340008690, "正式名称": "オール薬局　新栄橋店", "機関区分": 5, "都道府県コード": 34, "市区町村コード": 202, "所在地": "広島県呉市西中央１丁目３－１０", "緯度": 34.246778, "経度": 132.5559, "url": "https://www.iryou.teikyouseido.mhlw.go.jp/znk-web/juminkanja/S2430/initialize?prefCd=34&kikanCd=7340008690&kikanKbn=5", "url2": "http://www.e-classa.net/kureshineibashi/", "内容": "オール薬局　新栄橋店【5:薬局】広島県呉市西中央１丁目３－１０" }, "geometry": { "type": "Point", "coordinates": [ 132.5559, 34.246778 ] } },
{ "type": "Feature", "properties": { "ID": 3457340008700, "正式名称": "クレディ薬局", "機関区分": 5, "都道府県コード": 34, "市区町村コード": 202, "所在地": "広島県呉市広駅前１－２－４５", "緯度": 34.229836, "経度": 132.6282, "url": "https://www.iryou.teikyouseido.mhlw.go.jp/znk-web/juminkanja/S2430/initialize?prefCd=34&kikanCd=7340008700&kikanKbn=5", "url2": null, "内容": "クレディ薬局【5:薬局】広島県呉市広駅前１－２－４５" }, "geometry": { "type": "Point", "coordinates": [ 132.6282, 34.229836 ] } },
{ "type": "Feature", "properties": { "ID": 3457340008710, "正式名称": "オール薬局　東中央店", "機関区分": 5, "都道府県コード": 34, "市区町村コード": 202, "所在地": "広島県呉市東中央２－８－１７", "緯度": 34.251416, "経度": 132.571482, "url": "https://www.iryou.teikyouseido.mhlw.go.jp/znk-web/juminkanja/S2430/initialize?prefCd=34&kikanCd=7340008710&kikanKbn=5", "url2": "http://www.e-classa.net/kurehigashichuuou/", "内容": "オール薬局　東中央店【5:薬局】広島県呉市東中央２－８－１７" }, "geometry": { "type": "Point", "coordinates": [ 132.571482, 34.251416 ] } },
{ "type": "Feature", "properties": { "ID": 3457340008720, "正式名称": "オール薬局　伏原店", "機関区分": 5, "都道府県コード": 34, "市区町村コード": 202, "所在地": "広島県呉市伏原二丁目８－２１", "緯度": 34.253444, "経度": 132.576815, "url": "https://www.iryou.teikyouseido.mhlw.go.jp/znk-web/juminkanja/S2430/initialize?prefCd=34&kikanCd=7340008720&kikanKbn=5", "url2": "http://www.e-classa.net/kurefushihara/", "内容": "オール薬局　伏原店【5:薬局】広島県呉市伏原二丁目８－２１" }, "geometry": { "type": "Point", "coordinates": [ 132.576815, 34.253444 ] } },
{ "type": "Feature", "properties": { "ID": 3457340008730, "正式名称": "オール薬局　吉浦店", "機関区分": 5, "都道府県コード": 34, "市区町村コード": 202, "所在地": "広島県呉市吉浦東本町１－７－７", "緯度": 34.257859, "経度": 132.529318, "url": "https://www.iryou.teikyouseido.mhlw.go.jp/znk-web/juminkanja/S2430/initialize?prefCd=34&kikanCd=7340008730&kikanKbn=5", "url2": "https://www.e-classa.net/kureyoshiura", "内容": "オール薬局　吉浦店【5:薬局】広島県呉市吉浦東本町１－７－７" }, "geometry": { "type": "Point", "coordinates": [ 132.529318, 34.257859 ] } },
{ "type": "Feature", "properties": { "ID": 3457340008760, "正式名称": "健康堂薬局", "機関区分": 5, "都道府県コード": 34, "市区町村コード": 202, "所在地": "広島県呉市三条三丁目２－１１", "緯度": 34.24825, "経度": 132.554678, "url": "https://www.iryou.teikyouseido.mhlw.go.jp/znk-web/juminkanja/S2430/initialize?prefCd=34&kikanCd=7340008760&kikanKbn=5", "url2": "https://www.e-classa.net/kenkodo/index.html", "内容": "健康堂薬局【5:薬局】広島県呉市三条三丁目２－１１" }, "geometry": { "type": "Point", "coordinates": [ 132.554678, 34.24825 ] } },
{ "type": "Feature", "properties": { "ID": 3457340008780, "正式名称": "幸城薬局　田原店", "機関区分": 5, "都道府県コード": 34, "市区町村コード": 202, "所在地": "広島県呉市音戸町田原２－２－１２", "緯度": 34.177534, "経度": 132.499324, "url": "https://www.iryou.teikyouseido.mhlw.go.jp/znk-web/juminkanja/S2430/initialize?prefCd=34&kikanCd=7340008780&kikanKbn=5", "url2": null, "内容": "幸城薬局　田原店【5:薬局】広島県呉市音戸町田原２－２－１２" }, "geometry": { "type": "Point", "coordinates": [ 132.499324, 34.177534 ] } },
{ "type": "Feature", "properties": { "ID": 3457340008800, "正式名称": "幸城薬局　南隠渡店", "機関区分": 5, "都道府県コード": 34, "市区町村コード": 202, "所在地": "広島県呉市音戸町南隠渡　１－８－１９－４", "緯度": 34.188117, "経度": 132.532349, "url": "https://www.iryou.teikyouseido.mhlw.go.jp/znk-web/juminkanja/S2430/initialize?prefCd=34&kikanCd=7340008800&kikanKbn=5", "url2": null, "内容": "幸城薬局　南隠渡店【5:薬局】広島県呉市音戸町南隠渡　１－８－１９－４" }, "geometry": { "type": "Point", "coordinates": [ 132.532349, 34.188117 ] } },
{ "type": "Feature", "properties": { "ID": 3457340008850, "正式名称": "コスモス薬局", "機関区分": 5, "都道府県コード": 34, "市区町村コード": 202, "所在地": "広島県呉市中央６－５－１８", "緯度": 34.251694, "経度": 132.568065, "url": "https://www.iryou.teikyouseido.mhlw.go.jp/znk-web/juminkanja/S2430/initialize?prefCd=34&kikanCd=7340008850&kikanKbn=5", "url2": "http://www.reliance-cosmos.co.jp/", "内容": "コスモス薬局【5:薬局】広島県呉市中央６－５－１８" }, "geometry": { "type": "Point", "coordinates": [ 132.568065, 34.251694 ] } },
{ "type": "Feature", "properties": { "ID": 3457340008880, "正式名称": "株式会社小松薬局", "機関区分": 5, "都道府県コード": 34, "市区町村コード": 202, "所在地": "広島県呉市中通１－３－１９", "緯度": 34.243806, "経度": 132.562955, "url": "https://www.iryou.teikyouseido.mhlw.go.jp/znk-web/juminkanja/S2430/initialize?prefCd=34&kikanCd=7340008880&kikanKbn=5", "url2": "http://www.komatsupharmacy.co.jp/", "内容": "株式会社小松薬局【5:薬局】広島県呉市中通１－３－１９" }, "geometry": { "type": "Point", "coordinates": [ 132.562955, 34.243806 ] } },
{ "type": "Feature", "properties": { "ID": 3457340008890, "正式名称": "株式会社　小松薬局　東片山店", "機関区分": 5, "都道府県コード": 34, "市区町村コード": 202, "所在地": "広島県呉市東片山町１０－１５　高田ビル１Ｆ", "緯度": 34.253166, "経度": 132.56776, "url": "https://www.iryou.teikyouseido.mhlw.go.jp/znk-web/juminkanja/S2430/initialize?prefCd=34&kikanCd=7340008890&kikanKbn=5", "url2": "http://www.komatsupharmacy.co.jp/", "内容": "株式会社　小松薬局　東片山店【5:薬局】広島県呉市東片山町１０－１５　高田ビル１Ｆ" }, "geometry": { "type": "Point", "coordinates": [ 132.56776, 34.253166 ] } },
{ "type": "Feature", "properties": { "ID": 3457340008900, "正式名称": "株式会社　小松薬局　焼山北店", "機関区分": 5, "都道府県コード": 34, "市区町村コード": 202, "所在地": "広島県呉市焼山北１－７－７", "緯度": 34.299105, "経度": 132.55812, "url": "https://www.iryou.teikyouseido.mhlw.go.jp/znk-web/juminkanja/S2430/initialize?prefCd=34&kikanCd=7340008900&kikanKbn=5", "url2": "http://www.komatsupharmacy.co.jp/", "内容": "株式会社　小松薬局　焼山北店【5:薬局】広島県呉市焼山北１－７－７" }, "geometry": { "type": "Point", "coordinates": [ 132.55812, 34.299105 ] } },
{ "type": "Feature", "properties": { "ID": 3457340008910, "正式名称": "株式会社小松薬局山ノ上店", "機関区分": 5, "都道府県コード": 34, "市区町村コード": 202, "所在地": "広島県呉市焼山中央１－２－１１", "緯度": 34.291301, "経度": 132.555342, "url": "https://www.iryou.teikyouseido.mhlw.go.jp/znk-web/juminkanja/S2430/initialize?prefCd=34&kikanCd=7340008910&kikanKbn=5", "url2": "http://www.komatsupharmacy.co.jp/", "内容": "株式会社小松薬局山ノ上店【5:薬局】広島県呉市焼山中央１－２－１１" }, "geometry": { "type": "Point", "coordinates": [ 132.555342, 34.291301 ] } },
{ "type": "Feature", "properties": { "ID": 3457340008930, "正式名称": "西日本ドラッグ株式会社　栄町薬局", "機関区分": 5, "都道府県コード": 34, "市区町村コード": 202, "所在地": "広島県呉市東中央一丁目６－１５", "緯度": 34.250805, "経度": 132.570426, "url": "https://www.iryou.teikyouseido.mhlw.go.jp/znk-web/juminkanja/S2430/initialize?prefCd=34&kikanCd=7340008930&kikanKbn=5", "url2": null, "内容": "西日本ドラッグ株式会社　栄町薬局【5:薬局】広島県呉市東中央一丁目６－１５" }, "geometry": { "type": "Point", "coordinates": [ 132.570426, 34.250805 ] } },
{ "type": "Feature", "properties": { "ID": 3457340008940, "正式名称": "西日本ドラッグ株式会社　栄町薬局　本通店", "機関区分": 5, "都道府県コード": 34, "市区町村コード": 202, "所在地": "広島県呉市本通四丁目２－１２", "緯度": 34.246167, "経度": 132.567399, "url": "https://www.iryou.teikyouseido.mhlw.go.jp/znk-web/juminkanja/S2430/initialize?prefCd=34&kikanCd=7340008940&kikanKbn=5", "url2": null, "内容": "西日本ドラッグ株式会社　栄町薬局　本通店【5:薬局】広島県呉市本通四丁目２－１２" }, "geometry": { "type": "Point", "coordinates": [ 132.567399, 34.246167 ] } },
{ "type": "Feature", "properties": { "ID": 3457340008950, "正式名称": "さくら薬局", "機関区分": 5, "都道府県コード": 34, "市区町村コード": 202, "所在地": "広島県呉市中通３－３－２５", "緯度": 34.246056, "経度": 132.564927, "url": "https://www.iryou.teikyouseido.mhlw.go.jp/znk-web/juminkanja/S2430/initialize?prefCd=34&kikanCd=7340008950&kikanKbn=5", "url2": null, "内容": "さくら薬局【5:薬局】広島県呉市中通３－３－２５" }, "geometry": { "type": "Point", "coordinates": [ 132.564927, 34.246056 ] } },
{ "type": "Feature", "properties": { "ID": 3457340008960, "正式名称": "有限会社　佐々木回生堂薬局", "機関区分": 5, "都道府県コード": 34, "市区町村コード": 202, "所在地": "広島県呉市西畑町２－１２", "緯度": 34.253305, "経度": 132.582897, "url": "https://www.iryou.teikyouseido.mhlw.go.jp/znk-web/juminkanja/S2430/initialize?prefCd=34&kikanCd=7340008960&kikanKbn=5", "url2": "https://www.big-advance.site/c/149/1809", "内容": "有限会社　佐々木回生堂薬局【5:薬局】広島県呉市西畑町２－１２" }, "geometry": { "type": "Point", "coordinates": [ 132.582897, 34.253305 ] } },
{ "type": "Feature", "properties": { "ID": 3457340008970, "正式名称": "株式会社　三条薬局", "機関区分": 5, "都道府県コード": 34, "市区町村コード": 202, "所在地": "広島県呉市三条２－１３－６", "緯度": 34.24825, "経度": 132.553067, "url": "https://www.iryou.teikyouseido.mhlw.go.jp/znk-web/juminkanja/S2430/initialize?prefCd=34&kikanCd=7340008970&kikanKbn=5", "url2": null, "内容": "株式会社　三条薬局【5:薬局】広島県呉市三条２－１３－６" }, "geometry": { "type": "Point", "coordinates": [ 132.553067, 34.24825 ] } },
{ "type": "Feature", "properties": { "ID": 3457340009020, "正式名称": "シンメ薬局", "機関区分": 5, "都道府県コード": 34, "市区町村コード": 202, "所在地": "広島県呉市阿賀北５丁目１５－７（背戸ビル１階）", "緯度": 34.247973, "経度": 132.59698, "url": "https://www.iryou.teikyouseido.mhlw.go.jp/znk-web/juminkanja/S2430/initialize?prefCd=34&kikanCd=7340009020&kikanKbn=5", "url2": "https://shinme-futaba.co.jp", "内容": "シンメ薬局【5:薬局】広島県呉市阿賀北５丁目１５－７（背戸ビル１階）" }, "geometry": { "type": "Point", "coordinates": [ 132.59698, 34.247973 ] } },
{ "type": "Feature", "properties": { "ID": 3457340009030, "正式名称": "すずらん吉浦薬局", "機関区分": 5, "都道府県コード": 34, "市区町村コード": 202, "所在地": "広島県呉市吉浦本町１－２－６", "緯度": 34.25847, "経度": 132.527263, "url": "https://www.iryou.teikyouseido.mhlw.go.jp/znk-web/juminkanja/S2430/initialize?prefCd=34&kikanCd=7340009030&kikanKbn=5", "url2": "http://www.e-classa.net/suzuran-yoshiura/", "内容": "すずらん吉浦薬局【5:薬局】広島県呉市吉浦本町１－２－６" }, "geometry": { "type": "Point", "coordinates": [ 132.527263, 34.25847 ] } },
{ "type": "Feature", "properties": { "ID": 3457340009050, "正式名称": "有限会社　スミヨシ薬局", "機関区分": 5, "都道府県コード": 34, "市区町村コード": 202, "所在地": "広島県呉市下蒲刈町下島２４８８", "緯度": 34.19323, "経度": 132.670115, "url": "https://www.iryou.teikyouseido.mhlw.go.jp/znk-web/juminkanja/S2430/initialize?prefCd=34&kikanCd=7340009050&kikanKbn=5", "url2": "ﾅｼ", "内容": "有限会社　スミヨシ薬局【5:薬局】広島県呉市下蒲刈町下島２４８８" }, "geometry": { "type": "Point", "coordinates": [ 132.670115, 34.19323 ] } },
{ "type": "Feature", "properties": { "ID": 3457340009060, "正式名称": "有限会社　瀬田薬品", "機関区分": 5, "都道府県コード": 34, "市区町村コード": 202, "所在地": "広島県呉市朝日町１－１", "緯度": 34.250805, "経度": 132.571926, "url": "https://www.iryou.teikyouseido.mhlw.go.jp/znk-web/juminkanja/S2430/initialize?prefCd=34&kikanCd=7340009060&kikanKbn=5", "url2": null, "内容": "有限会社　瀬田薬品【5:薬局】広島県呉市朝日町１－１" }, "geometry": { "type": "Point", "coordinates": [ 132.571926, 34.250805 ] } },
{ "type": "Feature", "properties": { "ID": 3457340009070, "正式名称": "そうごう薬局　川尻店", "機関区分": 5, "都道府県コード": 34, "市区町村コード": 202, "所在地": "広島県呉市川尻町東一丁目２１－２", "緯度": 34.236837, "経度": 132.698416, "url": "https://www.iryou.teikyouseido.mhlw.go.jp/znk-web/juminkanja/S2430/initialize?prefCd=34&kikanCd=7340009070&kikanKbn=5", "url2": "https://www.sogo-pharmacy.jp/shop/view/189", "内容": "そうごう薬局　川尻店【5:薬局】広島県呉市川尻町東一丁目２１－２" }, "geometry": { "type": "Point", "coordinates": [ 132.698416, 34.236837 ] } },
{ "type": "Feature", "properties": { "ID": 3457340009080, "正式名称": "第一薬局", "機関区分": 5, "都道府県コード": 34, "市区町村コード": 202, "所在地": "広島県呉市本通三丁目４－５", "緯度": 34.245334, "経度": 132.567288, "url": "https://www.iryou.teikyouseido.mhlw.go.jp/znk-web/juminkanja/S2430/initialize?prefCd=34&kikanCd=7340009080&kikanKbn=5", "url2": null, "内容": "第一薬局【5:薬局】広島県呉市本通三丁目４－５" }, "geometry": { "type": "Point", "coordinates": [ 132.567288, 34.245334 ] } },
{ "type": "Feature", "properties": { "ID": 3457340009110, "正式名称": "たちかけ薬局", "機関区分": 5, "都道府県コード": 34, "市区町村コード": 202, "所在地": "広島県呉市広大新開２－５－２３", "緯度": 34.234947, "経度": 132.624867, "url": "https://www.iryou.teikyouseido.mhlw.go.jp/znk-web/juminkanja/S2430/initialize?prefCd=34&kikanCd=7340009110&kikanKbn=5", "url2": null, "内容": "たちかけ薬局【5:薬局】広島県呉市広大新開２－５－２３" }, "geometry": { "type": "Point", "coordinates": [ 132.624867, 34.234947 ] } },
{ "type": "Feature", "properties": { "ID": 3457340009130, "正式名称": "田妻石泉堂薬局", "機関区分": 5, "都道府県コード": 34, "市区町村コード": 202, "所在地": "広島県呉市三条１丁目６番１１号", "緯度": 34.24575, "経度": 132.551706, "url": "https://www.iryou.teikyouseido.mhlw.go.jp/znk-web/juminkanja/S2430/initialize?prefCd=34&kikanCd=7340009130&kikanKbn=5", "url2": null, "内容": "田妻石泉堂薬局【5:薬局】広島県呉市三条１丁目６番１１号" }, "geometry": { "type": "Point", "coordinates": [ 132.551706, 34.24575 ] } },
{ "type": "Feature", "properties": { "ID": 3457340009140, "正式名称": "たんぽぽ薬局", "機関区分": 5, "都道府県コード": 34, "市区町村コード": 202, "所在地": "広島県呉市和庄登町　１２－１９", "緯度": 34.243167, "経度": 132.57026, "url": "https://www.iryou.teikyouseido.mhlw.go.jp/znk-web/juminkanja/S2430/initialize?prefCd=34&kikanCd=7340009140&kikanKbn=5", "url2": null, "内容": "たんぽぽ薬局【5:薬局】広島県呉市和庄登町　１２－１９" }, "geometry": { "type": "Point", "coordinates": [ 132.57026, 34.243167 ] } },
{ "type": "Feature", "properties": { "ID": 3457340009150, "正式名称": "株式会社中央薬局", "機関区分": 5, "都道府県コード": 34, "市区町村コード": 202, "所在地": "広島県呉市中通３丁目１－１７プラザビル１階", "緯度": 34.245389, "経度": 132.564788, "url": "https://www.iryou.teikyouseido.mhlw.go.jp/znk-web/juminkanja/S2430/initialize?prefCd=34&kikanCd=7340009150&kikanKbn=5", "url2": null, "内容": "株式会社中央薬局【5:薬局】広島県呉市中通３丁目１－１７プラザビル１階" }, "geometry": { "type": "Point", "coordinates": [ 132.564788, 34.245389 ] } },
{ "type": "Feature", "properties": { "ID": 3457340009160, "正式名称": "エスマイル薬局天応南店", "機関区分": 5, "都道府県コード": 34, "市区町村コード": 202, "所在地": "広島県呉市天応南町１９３４－１", "緯度": 34.284579, "経度": 132.517457, "url": "https://www.iryou.teikyouseido.mhlw.go.jp/znk-web/juminkanja/S2430/initialize?prefCd=34&kikanCd=7340009160&kikanKbn=5", "url2": "http://www.ssmile.co.jp", "内容": "エスマイル薬局天応南店【5:薬局】広島県呉市天応南町１９３４－１" }, "geometry": { "type": "Point", "coordinates": [ 132.517457, 34.284579 ] } },
{ "type": "Feature", "properties": { "ID": 3457340009170, "正式名称": "トマト薬局", "機関区分": 5, "都道府県コード": 34, "市区町村コード": 202, "所在地": "広島県呉市本通１丁目５－１１カネトビル１階", "緯度": 34.241889, "経度": 132.564011, "url": "https://www.iryou.teikyouseido.mhlw.go.jp/znk-web/juminkanja/S2430/initialize?prefCd=34&kikanCd=7340009170&kikanKbn=5", "url2": null, "内容": "トマト薬局【5:薬局】広島県呉市本通１丁目５－１１カネトビル１階" }, "geometry": { "type": "Point", "coordinates": [ 132.564011, 34.241889 ] } },
{ "type": "Feature", "properties": { "ID": 3457340009180, "正式名称": "豊島薬局", "機関区分": 5, "都道府県コード": 34, "市区町村コード": 202, "所在地": "広島県呉市豊浜町豊島４０２７番地", "緯度": 34.249111, "経度": 132.565955, "url": "https://www.iryou.teikyouseido.mhlw.go.jp/znk-web/juminkanja/S2430/initialize?prefCd=34&kikanCd=7340009180&kikanKbn=5", "url2": null, "内容": "豊島薬局【5:薬局】広島県呉市豊浜町豊島４０２７番地" }, "geometry": { "type": "Point", "coordinates": [ 132.565955, 34.249111 ] } },
{ "type": "Feature", "properties": { "ID": 3457340009200, "正式名称": "株式会社　中島薬局　呉駅ビル店", "機関区分": 5, "都道府県コード": 34, "市区町村コード": 202, "所在地": "広島県呉市宝町１－１６呉駅ビル内", "緯度": 34.244056, "経度": 132.558955, "url": "https://www.iryou.teikyouseido.mhlw.go.jp/znk-web/juminkanja/S2430/initialize?prefCd=34&kikanCd=7340009200&kikanKbn=5", "url2": null, "内容": "株式会社　中島薬局　呉駅ビル店【5:薬局】広島県呉市宝町１－１６呉駅ビル内" }, "geometry": { "type": "Point", "coordinates": [ 132.558955, 34.244056 ] } },
{ "type": "Feature", "properties": { "ID": 3457340009220, "正式名称": "株式会社中島薬局本店", "機関区分": 5, "都道府県コード": 34, "市区町村コード": 202, "所在地": "広島県呉市本通八丁目４番２０号", "緯度": 34.251234, "経度": 132.580651, "url": "https://www.iryou.teikyouseido.mhlw.go.jp/znk-web/juminkanja/S2430/initialize?prefCd=34&kikanCd=7340009220&kikanKbn=5", "url2": null, "内容": "株式会社中島薬局本店【5:薬局】広島県呉市本通八丁目４番２０号" }, "geometry": { "type": "Point", "coordinates": [ 132.580651, 34.251234 ] } },
{ "type": "Feature", "properties": { "ID": 3457340009270, "正式名称": "中町薬局", "機関区分": 5, "都道府県コード": 34, "市区町村コード": 202, "所在地": "広島県呉市広中町１５－２６　広セントラルマンション１０１号", "緯度": 34.230892, "経度": 132.62284, "url": "https://www.iryou.teikyouseido.mhlw.go.jp/znk-web/juminkanja/S2430/initialize?prefCd=34&kikanCd=7340009270&kikanKbn=5", "url2": "http://hiroshima-chouzai.com/shop/nakacho.html", "内容": "中町薬局【5:薬局】広島県呉市広中町１５－２６　広セントラルマンション１０１号" }, "geometry": { "type": "Point", "coordinates": [ 132.62284, 34.230892 ] } },
{ "type": "Feature", "properties": { "ID": 3457340009280, "正式名称": "有限会社ナカマチ薬局", "機関区分": 5, "都道府県コード": 34, "市区町村コード": 202, "所在地": "広島県呉市音戸町鰯浜２－３－２９", "緯度": 34.194588, "経度": 132.534376, "url": "https://www.iryou.teikyouseido.mhlw.go.jp/znk-web/juminkanja/S2430/initialize?prefCd=34&kikanCd=7340009280&kikanKbn=5", "url2": null, "内容": "有限会社ナカマチ薬局【5:薬局】広島県呉市音戸町鰯浜２－３－２９" }, "geometry": { "type": "Point", "coordinates": [ 132.534376, 34.194588 ] } },
{ "type": "Feature", "properties": { "ID": 3457340009290, "正式名称": "中本薬局", "機関区分": 5, "都道府県コード": 34, "市区町村コード": 202, "所在地": "広島県呉市本通５丁目１－２８", "緯度": 34.248764, "経度": 132.56947, "url": "https://www.iryou.teikyouseido.mhlw.go.jp/znk-web/juminkanja/S2430/initialize?prefCd=34&kikanCd=7340009290&kikanKbn=5", "url2": null, "内容": "中本薬局【5:薬局】広島県呉市本通５丁目１－２８" }, "geometry": { "type": "Point", "coordinates": [ 132.56947, 34.248764 ] } },
{ "type": "Feature", "properties": { "ID": 3457340009320, "正式名称": "有限会社　仁方本町薬局", "機関区分": 5, "都道府県コード": 34, "市区町村コード": 202, "所在地": "広島県呉市仁方本町２丁目９－２５", "緯度": 34.396343, "経度": 132.459595, "url": "https://www.iryou.teikyouseido.mhlw.go.jp/znk-web/juminkanja/S2430/initialize?prefCd=34&kikanCd=7340009320&kikanKbn=5", "url2": "nigatahonmachiyakkyoku.jp", "内容": "有限会社　仁方本町薬局【5:薬局】広島県呉市仁方本町２丁目９－２５" }, "geometry": { "type": "Point", "coordinates": [ 132.459595, 34.396343 ] } },
{ "type": "Feature", "properties": { "ID": 3457340009330, "正式名称": "有限会社西本広薬局", "機関区分": 5, "都道府県コード": 34, "市区町村コード": 202, "所在地": "広島県呉市広本町１－１１－３４", "緯度": 34.231614, "経度": 132.621951, "url": "https://www.iryou.teikyouseido.mhlw.go.jp/znk-web/juminkanja/S2430/initialize?prefCd=34&kikanCd=7340009330&kikanKbn=5", "url2": "http://www.checkure.jp/shop/nishimoto-ds/", "内容": "有限会社西本広薬局【5:薬局】広島県呉市広本町１－１１－３４" }, "geometry": { "type": "Point", "coordinates": [ 132.621951, 34.231614 ] } },
{ "type": "Feature", "properties": { "ID": 3457340009340, "正式名称": "二反田薬局", "機関区分": 5, "都道府県コード": 34, "市区町村コード": 202, "所在地": "広島県呉市阿賀北６－３－１０－１０１", "緯度": 34.246084, "経度": 132.59823, "url": "https://www.iryou.teikyouseido.mhlw.go.jp/znk-web/juminkanja/S2430/initialize?prefCd=34&kikanCd=7340009340&kikanKbn=5", "url2": null, "内容": "二反田薬局【5:薬局】広島県呉市阿賀北６－３－１０－１０１" }, "geometry": { "type": "Point", "coordinates": [ 132.59823, 34.246084 ] } },
{ "type": "Feature", "properties": { "ID": 3457340009370, "正式名称": "のばら薬局", "機関区分": 5, "都道府県コード": 34, "市区町村コード": 202, "所在地": "広島県呉市焼山此原町２１－２", "緯度": 34.282385, "経度": 132.551121, "url": "https://www.iryou.teikyouseido.mhlw.go.jp/znk-web/juminkanja/S2430/initialize?prefCd=34&kikanCd=7340009370&kikanKbn=5", "url2": "https://firstlinepharmacy.jp/", "内容": "のばら薬局【5:薬局】広島県呉市焼山此原町２１－２" }, "geometry": { "type": "Point", "coordinates": [ 132.551121, 34.282385 ] } },
{ "type": "Feature", "properties": { "ID": 3457340009380, "正式名称": "有限会社　ひかり薬局", "機関区分": 5, "都道府県コード": 34, "市区町村コード": 202, "所在地": "広島県呉市本通２－３－１５", "緯度": 34.243527, "経度": 132.565493, "url": "https://www.iryou.teikyouseido.mhlw.go.jp/znk-web/juminkanja/S2430/initialize?prefCd=34&kikanCd=7340009380&kikanKbn=5", "url2": null, "内容": "有限会社　ひかり薬局【5:薬局】広島県呉市本通２－３－１５" }, "geometry": { "type": "Point", "coordinates": [ 132.565493, 34.243527 ] } },
{ "type": "Feature", "properties": { "ID": 3457340009400, "正式名称": "広貴船薬局", "機関区分": 5, "都道府県コード": 34, "市区町村コード": 202, "所在地": "広島県呉市広大新開３－２－１８", "緯度": 34.233336, "経度": 132.630089, "url": "https://www.iryou.teikyouseido.mhlw.go.jp/znk-web/juminkanja/S2430/initialize?prefCd=34&kikanCd=7340009400&kikanKbn=5", "url2": null, "内容": "広貴船薬局【5:薬局】広島県呉市広大新開３－２－１８" }, "geometry": { "type": "Point", "coordinates": [ 132.630089, 34.233336 ] } },
{ "type": "Feature", "properties": { "ID": 3457340009460, "正式名称": "フラワー薬局", "機関区分": 5, "都道府県コード": 34, "市区町村コード": 202, "所在地": "広島県呉市川尻町東一丁目１０番１３号", "緯度": 34.23591, "経度": 132.697031, "url": "https://www.iryou.teikyouseido.mhlw.go.jp/znk-web/juminkanja/S2430/initialize?prefCd=34&kikanCd=7340009460&kikanKbn=5", "url2": "https://flower-pharmacy.main.jp/", "内容": "フラワー薬局【5:薬局】広島県呉市川尻町東一丁目１０番１３号" }, "geometry": { "type": "Point", "coordinates": [ 132.697031, 34.23591 ] } },
{ "type": "Feature", "properties": { "ID": 3457340009470, "正式名称": "豊栄薬局", "機関区分": 5, "都道府県コード": 34, "市区町村コード": 202, "所在地": "広島県呉市阿賀南２丁目６－２８", "緯度": 34.230864, "経度": 132.601202, "url": "https://www.iryou.teikyouseido.mhlw.go.jp/znk-web/juminkanja/S2430/initialize?prefCd=34&kikanCd=7340009470&kikanKbn=5", "url2": null, "内容": "豊栄薬局【5:薬局】広島県呉市阿賀南２丁目６－２８" }, "geometry": { "type": "Point", "coordinates": [ 132.601202, 34.230864 ] } },
{ "type": "Feature", "properties": { "ID": 3457340009480, "正式名称": "ホーム薬局", "機関区分": 5, "都道府県コード": 34, "市区町村コード": 202, "所在地": "広島県呉市安浦町中央５丁目１番５２号", "緯度": 34.282834, "経度": 132.744929, "url": "https://www.iryou.teikyouseido.mhlw.go.jp/znk-web/juminkanja/S2430/initialize?prefCd=34&kikanCd=7340009480&kikanKbn=5", "url2": "https://sites.google.com/view/home-pharmacy-yasuura/", "内容": "ホーム薬局【5:薬局】広島県呉市安浦町中央５丁目１番５２号" }, "geometry": { "type": "Point", "coordinates": [ 132.744929, 34.282834 ] } },
{ "type": "Feature", "properties": { "ID": 3457340009500, "正式名称": "有限会社マエダ方術薬局本店", "機関区分": 5, "都道府県コード": 34, "市区町村コード": 202, "所在地": "広島県呉市西辰川２丁目１番１７号", "緯度": 34.257555, "経度": 132.571481, "url": "https://www.iryou.teikyouseido.mhlw.go.jp/znk-web/juminkanja/S2430/initialize?prefCd=34&kikanCd=7340009500&kikanKbn=5", "url2": "https://www.kigusuri.com/shop/detail/maeda/", "内容": "有限会社マエダ方術薬局本店【5:薬局】広島県呉市西辰川２丁目１番１７号" }, "geometry": { "type": "Point", "coordinates": [ 132.571481, 34.257555 ] } },
{ "type": "Feature", "properties": { "ID": 3457340009530, "正式名称": "マリン薬局　広店", "機関区分": 5, "都道府県コード": 34, "市区町村コード": 202, "所在地": "広島県呉市広駅前１丁目２－１９", "緯度": 34.23017, "経度": 132.626284, "url": "https://www.iryou.teikyouseido.mhlw.go.jp/znk-web/juminkanja/S2430/initialize?prefCd=34&kikanCd=7340009530&kikanKbn=5", "url2": "http://www.marine-yakkyoku.co.jp", "内容": "マリン薬局　広店【5:薬局】広島県呉市広駅前１丁目２－１９" }, "geometry": { "type": "Point", "coordinates": [ 132.626284, 34.23017 ] } },
{ "type": "Feature", "properties": { "ID": 3457340009540, "正式名称": "マリン薬局　海岸通店", "機関区分": 5, "都道府県コード": 34, "市区町村コード": 202, "所在地": "広島県呉市三条１－９－２", "緯度": 34.244722, "経度": 132.549651, "url": "https://www.iryou.teikyouseido.mhlw.go.jp/znk-web/juminkanja/S2430/initialize?prefCd=34&kikanCd=7340009540&kikanKbn=5", "url2": "http://www.marine-yakkyoku.co.jp", "内容": "マリン薬局　海岸通店【5:薬局】広島県呉市三条１－９－２" }, "geometry": { "type": "Point", "coordinates": [ 132.549651, 34.244722 ] } },
{ "type": "Feature", "properties": { "ID": 3457340009560, "正式名称": "マリン薬局　広中央店", "機関区分": 5, "都道府県コード": 34, "市区町村コード": 202, "所在地": "広島県呉市広古新開１－３－１３", "緯度": 34.233002, "経度": 132.61684, "url": "https://www.iryou.teikyouseido.mhlw.go.jp/znk-web/juminkanja/S2430/initialize?prefCd=34&kikanCd=7340009560&kikanKbn=5", "url2": "http://www.marine-yakkyoku.co.jp", "内容": "マリン薬局　広中央店【5:薬局】広島県呉市広古新開１－３－１３" }, "geometry": { "type": "Point", "coordinates": [ 132.61684, 34.233002 ] } },
{ "type": "Feature", "properties": { "ID": 3457340009570, "正式名称": "マリン薬局　三津田店", "機関区分": 5, "都道府県コード": 34, "市区町村コード": 202, "所在地": "広島県呉市三条３－５－１４", "緯度": 34.249416, "経度": 132.555011, "url": "https://www.iryou.teikyouseido.mhlw.go.jp/znk-web/juminkanja/S2430/initialize?prefCd=34&kikanCd=7340009570&kikanKbn=5", "url2": "http://www.marine-yakkyoku.co.jp", "内容": "マリン薬局　三津田店【5:薬局】広島県呉市三条３－５－１４" }, "geometry": { "type": "Point", "coordinates": [ 132.555011, 34.249416 ] } },
{ "type": "Feature", "properties": { "ID": 3457340009600, "正式名称": "光原薬局", "機関区分": 5, "都道府県コード": 34, "市区町村コード": 202, "所在地": "広島県呉市安浦町中央一丁目３－２５", "緯度": 34.283472, "経度": 132.745577, "url": "https://www.iryou.teikyouseido.mhlw.go.jp/znk-web/juminkanja/S2430/initialize?prefCd=34&kikanCd=7340009600&kikanKbn=5", "url2": null, "内容": "光原薬局【5:薬局】広島県呉市安浦町中央一丁目３－２５" }, "geometry": { "type": "Point", "coordinates": [ 132.745577, 34.283472 ] } },
{ "type": "Feature", "properties": { "ID": 3457340009620, "正式名称": "みどり薬局", "機関区分": 5, "都道府県コード": 34, "市区町村コード": 202, "所在地": "広島県呉市倉橋町７３８２－２", "緯度": 34.14451, "経度": 132.509742, "url": "https://www.iryou.teikyouseido.mhlw.go.jp/znk-web/juminkanja/S2430/initialize?prefCd=34&kikanCd=7340009620&kikanKbn=5", "url2": "midori-pharmacy.com", "内容": "みどり薬局【5:薬局】広島県呉市倉橋町７３８２－２" }, "geometry": { "type": "Point", "coordinates": [ 132.509742, 34.14451 ] } },
{ "type": "Feature", "properties": { "ID": 3457340009630, "正式名称": "宮原薬局", "機関区分": 5, "都道府県コード": 34, "市区町村コード": 202, "所在地": "広島県呉市宮原五丁目　５－１２", "緯度": 34.232168, "経度": 132.561761, "url": "https://www.iryou.teikyouseido.mhlw.go.jp/znk-web/juminkanja/S2430/initialize?prefCd=34&kikanCd=7340009630&kikanKbn=5", "url2": "http://yokota-gp.com/about/miyahara/", "内容": "宮原薬局【5:薬局】広島県呉市宮原五丁目　５－１２" }, "geometry": { "type": "Point", "coordinates": [ 132.561761, 34.232168 ] } },
{ "type": "Feature", "properties": { "ID": 3457340009640, "正式名称": "メディカル・ワン薬局　呉店", "機関区分": 5, "都道府県コード": 34, "市区町村コード": 202, "所在地": "広島県呉市宝町５－１０　ゆめタウン呉内", "緯度": 34.242278, "経度": 132.556011, "url": "https://www.iryou.teikyouseido.mhlw.go.jp/znk-web/juminkanja/S2430/initialize?prefCd=34&kikanCd=7340009640&kikanKbn=5", "url2": null, "内容": "メディカル・ワン薬局　呉店【5:薬局】広島県呉市宝町５－１０　ゆめタウン呉内" }, "geometry": { "type": "Point", "coordinates": [ 132.556011, 34.242278 ] } },
{ "type": "Feature", "properties": { "ID": 3457340009650, "正式名称": "ももたろう薬局　海岸店", "機関区分": 5, "都道府県コード": 34, "市区町村コード": 202, "所在地": "広島県呉市海岸一丁目４－１０", "緯度": 34.244944, "経度": 132.548539, "url": "https://www.iryou.teikyouseido.mhlw.go.jp/znk-web/juminkanja/S2430/initialize?prefCd=34&kikanCd=7340009650&kikanKbn=5", "url2": null, "内容": "ももたろう薬局　海岸店【5:薬局】広島県呉市海岸一丁目４－１０" }, "geometry": { "type": "Point", "coordinates": [ 132.548539, 34.244944 ] } },
{ "type": "Feature", "properties": { "ID": 3457340009670, "正式名称": "有限会社　森川薬局", "機関区分": 5, "都道府県コード": 34, "市区町村コード": 202, "所在地": "広島県呉市宮原３－９－２１", "緯度": 34.234724, "経度": 132.564594, "url": "https://www.iryou.teikyouseido.mhlw.go.jp/znk-web/juminkanja/S2430/initialize?prefCd=34&kikanCd=7340009670&kikanKbn=5", "url2": null, "内容": "有限会社　森川薬局【5:薬局】広島県呉市宮原３－９－２１" }, "geometry": { "type": "Point", "coordinates": [ 132.564594, 34.234724 ] } },
{ "type": "Feature", "properties": { "ID": 3457340009680, "正式名称": "有限会社焼山貴船薬局", "機関区分": 5, "都道府県コード": 34, "市区町村コード": 202, "所在地": "広島県呉市焼山中央一丁目１５番２６号", "緯度": 34.294774, "経度": 132.55703, "url": "https://www.iryou.teikyouseido.mhlw.go.jp/znk-web/juminkanja/S2430/initialize?prefCd=34&kikanCd=7340009680&kikanKbn=5", "url2": null, "内容": "有限会社焼山貴船薬局【5:薬局】広島県呉市焼山中央一丁目１５番２６号" }, "geometry": { "type": "Point", "coordinates": [ 132.55703, 34.294774 ] } },
{ "type": "Feature", "properties": { "ID": 3457340009700, "正式名称": "有限会社　ひかり薬局", "機関区分": 5, "都道府県コード": 34, "市区町村コード": 202, "所在地": "広島県呉市豊町大長５００８－２", "緯度": 34.181346, "経度": 132.855128, "url": "https://www.iryou.teikyouseido.mhlw.go.jp/znk-web/juminkanja/S2430/initialize?prefCd=34&kikanCd=7340009700&kikanKbn=5", "url2": null, "内容": "有限会社　ひかり薬局【5:薬局】広島県呉市豊町大長５００８－２" }, "geometry": { "type": "Point", "coordinates": [ 132.855128, 34.181346 ] } },
{ "type": "Feature", "properties": { "ID": 3457340009730, "正式名称": "労災前のぞみ薬局", "機関区分": 5, "都道府県コード": 34, "市区町村コード": 202, "所在地": "広島県呉市広多賀谷一丁目２－２６エスティージュン１階", "緯度": 34.230392, "経度": 132.61509, "url": "https://www.iryou.teikyouseido.mhlw.go.jp/znk-web/juminkanja/S2430/initialize?prefCd=34&kikanCd=7340009730&kikanKbn=5", "url2": "http://www.e-classa.net/rousaimae-nozomi/", "内容": "労災前のぞみ薬局【5:薬局】広島県呉市広多賀谷一丁目２－２６エスティージュン１階" }, "geometry": { "type": "Point", "coordinates": [ 132.61509, 34.230392 ] } },
{ "type": "Feature", "properties": { "ID": 3457340009760, "正式名称": "アロー薬局　能美店", "機関区分": 5, "都道府県コード": 34, "市区町村コード": 215, "所在地": "広島県江田島市能美町高田１５１９－２", "緯度": 34.234305, "経度": 132.434388, "url": "https://www.iryou.teikyouseido.mhlw.go.jp/znk-web/juminkanja/S2430/initialize?prefCd=34&kikanCd=7340009760&kikanKbn=5", "url2": "http://hiroshima-arrow.com/", "内容": "アロー薬局　能美店【5:薬局】広島県江田島市能美町高田１５１９－２" }, "geometry": { "type": "Point", "coordinates": [ 132.434388, 34.234305 ] } },
{ "type": "Feature", "properties": { "ID": 3457340009770, "正式名称": "大柿薬局", "機関区分": 5, "都道府県コード": 34, "市区町村コード": 215, "所在地": "広島県江田島市大柿町小古江６６８－４", "緯度": 34.181422, "経度": 132.455883, "url": "https://www.iryou.teikyouseido.mhlw.go.jp/znk-web/juminkanja/S2430/initialize?prefCd=34&kikanCd=7340009770&kikanKbn=5", "url2": "https://drug-sp.co.jp/", "内容": "大柿薬局【5:薬局】広島県江田島市大柿町小古江６６８－４" }, "geometry": { "type": "Point", "coordinates": [ 132.455883, 34.181422 ] } },
{ "type": "Feature", "properties": { "ID": 3457340009780, "正式名称": "大原薬局", "機関区分": 5, "都道府県コード": 34, "市区町村コード": 215, "所在地": "広島県江田島市大柿町大原５９１７－１", "緯度": 34.172589, "経度": 132.457384, "url": "https://www.iryou.teikyouseido.mhlw.go.jp/znk-web/juminkanja/S2430/initialize?prefCd=34&kikanCd=7340009780&kikanKbn=5", "url2": null, "内容": "大原薬局【5:薬局】広島県江田島市大柿町大原５９１７－１" }, "geometry": { "type": "Point", "coordinates": [ 132.457384, 34.172589 ] } },
{ "type": "Feature", "properties": { "ID": 3457340009820, "正式名称": "中町薬局", "機関区分": 5, "都道府県コード": 34, "市区町村コード": 215, "所在地": "広島県江田島市能美町中町４９４８－４０", "緯度": 34.221362, "経度": 132.441244, "url": "https://www.iryou.teikyouseido.mhlw.go.jp/znk-web/juminkanja/S2430/initialize?prefCd=34&kikanCd=7340009820&kikanKbn=5", "url2": null, "内容": "中町薬局【5:薬局】広島県江田島市能美町中町４９４８－４０" }, "geometry": { "type": "Point", "coordinates": [ 132.441244, 34.221362 ] } },
{ "type": "Feature", "properties": { "ID": 3457340009830, "正式名称": "江田島ひかり薬局", "機関区分": 5, "都道府県コード": 34, "市区町村コード": 215, "所在地": "広島県江田島市江田島町中央四丁目１７－７", "緯度": 34.236988, "経度": 132.478358, "url": "https://www.iryou.teikyouseido.mhlw.go.jp/znk-web/juminkanja/S2430/initialize?prefCd=34&kikanCd=7340009830&kikanKbn=5", "url2": null, "内容": "江田島ひかり薬局【5:薬局】広島県江田島市江田島町中央四丁目１７－７" }, "geometry": { "type": "Point", "coordinates": [ 132.478358, 34.236988 ] } },
{ "type": "Feature", "properties": { "ID": 3457340009840, "正式名称": "ひまわり薬局", "機関区分": 5, "都道府県コード": 34, "市区町村コード": 215, "所在地": "広島県江田島市大柿町大君８３５－３", "緯度": 34.168507, "経度": 132.478827, "url": "https://www.iryou.teikyouseido.mhlw.go.jp/znk-web/juminkanja/S2430/initialize?prefCd=34&kikanCd=7340009840&kikanKbn=5", "url2": null, "内容": "ひまわり薬局【5:薬局】広島県江田島市大柿町大君８３５－３" }, "geometry": { "type": "Point", "coordinates": [ 132.478827, 34.168507 ] } },
{ "type": "Feature", "properties": { "ID": 3457340009870, "正式名称": "ももたろう薬局　大柿店", "機関区分": 5, "都道府県コード": 34, "市区町村コード": 215, "所在地": "広島県江田島市大柿町飛渡瀬１５４０－１１", "緯度": 34.201809, "経度": 132.472742, "url": "https://www.iryou.teikyouseido.mhlw.go.jp/znk-web/juminkanja/S2430/initialize?prefCd=34&kikanCd=7340009870&kikanKbn=5", "url2": null, "内容": "ももたろう薬局　大柿店【5:薬局】広島県江田島市大柿町飛渡瀬１５４０－１１" }, "geometry": { "type": "Point", "coordinates": [ 132.472742, 34.201809 ] } },
{ "type": "Feature", "properties": { "ID": 3457340009890, "正式名称": "徳山第一薬局", "機関区分": 5, "都道府県コード": 34, "市区町村コード": 214, "所在地": "広島県安芸高田市吉田町吉田３７８２－１", "緯度": 34.665013, "経度": 132.700924, "url": "https://www.iryou.teikyouseido.mhlw.go.jp/znk-web/juminkanja/S2430/initialize?prefCd=34&kikanCd=7340009890&kikanKbn=5", "url2": "http://www.citydo.com/sp/0826-42-2055", "内容": "徳山第一薬局【5:薬局】広島県安芸高田市吉田町吉田３７８２－１" }, "geometry": { "type": "Point", "coordinates": [ 132.700924, 34.665013 ] } },
{ "type": "Feature", "properties": { "ID": 3457340009930, "正式名称": "ファーマシィ薬局　吉田中央", "機関区分": 5, "都道府県コード": 34, "市区町村コード": 214, "所在地": "広島県安芸高田市吉田町吉田３７８２－８", "緯度": 34.66493, "経度": 132.701202, "url": "https://www.iryou.teikyouseido.mhlw.go.jp/znk-web/juminkanja/S2430/initialize?prefCd=34&kikanCd=7340009930&kikanKbn=5", "url2": "http://www.pharmacy-net.co.jp", "内容": "ファーマシィ薬局　吉田中央【5:薬局】広島県安芸高田市吉田町吉田３７８２－８" }, "geometry": { "type": "Point", "coordinates": [ 132.701202, 34.66493 ] } },
{ "type": "Feature", "properties": { "ID": 3457340009940, "正式名称": "有限会社エヌ・イー・ピー　なのはな薬局", "機関区分": 5, "都道府県コード": 34, "市区町村コード": 214, "所在地": "広島県安芸高田市吉田町吉田３７８２－２", "緯度": 34.664958, "経度": 132.701202, "url": "https://www.iryou.teikyouseido.mhlw.go.jp/znk-web/juminkanja/S2430/initialize?prefCd=34&kikanCd=7340009940&kikanKbn=5", "url2": null, "内容": "有限会社エヌ・イー・ピー　なのはな薬局【5:薬局】広島県安芸高田市吉田町吉田３７８２－２" }, "geometry": { "type": "Point", "coordinates": [ 132.701202, 34.664958 ] } },
{ "type": "Feature", "properties": { "ID": 3457340009970, "正式名称": "コスモ薬局", "機関区分": 5, "都道府県コード": 34, "市区町村コード": 214, "所在地": "広島県安芸高田市吉田町吉田３６２７", "緯度": 34.664369, "経度": 132.70624, "url": "https://www.iryou.teikyouseido.mhlw.go.jp/znk-web/juminkanja/S2430/initialize?prefCd=34&kikanCd=7340009970&kikanKbn=5", "url2": "https://www.nexus-g.jp", "内容": "コスモ薬局【5:薬局】広島県安芸高田市吉田町吉田３６２７" }, "geometry": { "type": "Point", "coordinates": [ 132.70624, 34.664369 ] } },
{ "type": "Feature", "properties": { "ID": 3457340009990, "正式名称": "甲田センター薬局", "機関区分": 5, "都道府県コード": 34, "市区町村コード": 214, "所在地": "広島県安芸高田市甲田町高田原１０４５－１", "緯度": 34.688484, "経度": 132.761779, "url": "https://www.iryou.teikyouseido.mhlw.go.jp/znk-web/juminkanja/S2430/initialize?prefCd=34&kikanCd=7340009990&kikanKbn=5", "url2": "http://smile-pharmacy.jp/main/aboutus/", "内容": "甲田センター薬局【5:薬局】広島県安芸高田市甲田町高田原１０４５－１" }, "geometry": { "type": "Point", "coordinates": [ 132.761779, 34.688484 ] } },
{ "type": "Feature", "properties": { "ID": 3457340010000, "正式名称": "（有）向原薬局", "機関区分": 5, "都道府県コード": 34, "市区町村コード": 214, "所在地": "広島県安芸高田市向原町坂４３８－１", "緯度": 34.612047, "経度": 132.719314, "url": "https://www.iryou.teikyouseido.mhlw.go.jp/znk-web/juminkanja/S2430/initialize?prefCd=34&kikanCd=7340010000&kikanKbn=5", "url2": "http://www.hand-medical.jp", "内容": "（有）向原薬局【5:薬局】広島県安芸高田市向原町坂４３８－１" }, "geometry": { "type": "Point", "coordinates": [ 132.719314, 34.612047 ] } },
{ "type": "Feature", "properties": { "ID": 3457340010020, "正式名称": "すずらん薬局　高宮店", "機関区分": 5, "都道府県コード": 34, "市区町村コード": 214, "所在地": "広島県安芸高田市高宮町佐々部９８３－１８", "緯度": 34.767082, "経度": 132.719961, "url": "https://www.iryou.teikyouseido.mhlw.go.jp/znk-web/juminkanja/S2430/initialize?prefCd=34&kikanCd=7340010020&kikanKbn=5", "url2": "https://www.horon-suzuran.com/tenpo-detail#ttl-takamiyaten", "内容": "すずらん薬局　高宮店【5:薬局】広島県安芸高田市高宮町佐々部９８３－１８" }, "geometry": { "type": "Point", "coordinates": [ 132.719961, 34.767082 ] } },
{ "type": "Feature", "properties": { "ID": 3457340010050, "正式名称": "猪原薬局", "機関区分": 5, "都道府県コード": 34, "市区町村コード": 368, "所在地": "広島県山県郡安芸太田町大字加計３４７２", "緯度": 34.609735, "経度": 132.322541, "url": "https://www.iryou.teikyouseido.mhlw.go.jp/znk-web/juminkanja/S2430/initialize?prefCd=34&kikanCd=7340010050&kikanKbn=5", "url2": "https://ihara-shop.jimdofree.com/", "内容": "猪原薬局【5:薬局】広島県山県郡安芸太田町大字加計３４７２" }, "geometry": { "type": "Point", "coordinates": [ 132.322541, 34.609735 ] } },
{ "type": "Feature", "properties": { "ID": 3457340010090, "正式名称": "ウォンツ　千代田薬局", "機関区分": 5, "都道府県コード": 34, "市区町村コード": 369, "所在地": "広島県山県郡北広島町有田６０９", "緯度": 34.675981, "経度": 132.539076, "url": "https://www.iryou.teikyouseido.mhlw.go.jp/znk-web/juminkanja/S2430/initialize?prefCd=34&kikanCd=7340010090&kikanKbn=5", "url2": "https://www.wants.co.jp/", "内容": "ウォンツ　千代田薬局【5:薬局】広島県山県郡北広島町有田６０９" }, "geometry": { "type": "Point", "coordinates": [ 132.539076, 34.675981 ] } },
{ "type": "Feature", "properties": { "ID": 3457340010100, "正式名称": "エンゼル薬局", "機関区分": 5, "都道府県コード": 34, "市区町村コード": 369, "所在地": "広島県山県郡北広島町有田１１８９", "緯度": 34.674148, "経度": 132.538882, "url": "https://www.iryou.teikyouseido.mhlw.go.jp/znk-web/juminkanja/S2430/initialize?prefCd=34&kikanCd=7340010100&kikanKbn=5", "url2": "https://www.nexus-g.jp", "内容": "エンゼル薬局【5:薬局】広島県山県郡北広島町有田１１８９" }, "geometry": { "type": "Point", "coordinates": [ 132.538882, 34.674148 ] } },
{ "type": "Feature", "properties": { "ID": 3457340010110, "正式名称": "ミブ薬局", "機関区分": 5, "都道府県コード": 34, "市区町村コード": 369, "所在地": "広島県山県郡北広島町壬生４３４－４", "緯度": 34.680703, "経度": 132.55163, "url": "https://www.iryou.teikyouseido.mhlw.go.jp/znk-web/juminkanja/S2430/initialize?prefCd=34&kikanCd=7340010110&kikanKbn=5", "url2": "https://www.pharmacy-of-mibu.com", "内容": "ミブ薬局【5:薬局】広島県山県郡北広島町壬生４３４－４" }, "geometry": { "type": "Point", "coordinates": [ 132.55163, 34.680703 ] } },
{ "type": "Feature", "properties": { "ID": 3457340010130, "正式名称": "千代田薬局", "機関区分": 5, "都道府県コード": 34, "市区町村コード": 369, "所在地": "広島県山県郡北広島町蔵迫６６５－４", "緯度": 34.707394, "経度": 132.5023, "url": "https://www.iryou.teikyouseido.mhlw.go.jp/znk-web/juminkanja/S2430/initialize?prefCd=34&kikanCd=7340010130&kikanKbn=5", "url2": null, "内容": "千代田薬局【5:薬局】広島県山県郡北広島町蔵迫６６５－４" }, "geometry": { "type": "Point", "coordinates": [ 132.5023, 34.707394 ] } },
{ "type": "Feature", "properties": { "ID": 3457340010140, "正式名称": "ノムラ薬局　大朝店", "機関区分": 5, "都道府県コード": 34, "市区町村コード": 369, "所在地": "広島県山県郡北広島町新庄２０４８－１", "緯度": 34.763693, "経度": 132.485521, "url": "https://www.iryou.teikyouseido.mhlw.go.jp/znk-web/juminkanja/S2430/initialize?prefCd=34&kikanCd=7340010140&kikanKbn=5", "url2": "http://www.nomura-p.jp/", "内容": "ノムラ薬局　大朝店【5:薬局】広島県山県郡北広島町新庄２０４８－１" }, "geometry": { "type": "Point", "coordinates": [ 132.485521, 34.763693 ] } },
{ "type": "Feature", "properties": { "ID": 3457340010230, "正式名称": "黒滝薬局", "機関区分": 5, "都道府県コード": 34, "市区町村コード": 203, "所在地": "広島県竹原市忠海中町二丁目１番１６号", "緯度": 34.337137, "経度": 132.990221, "url": "https://www.iryou.teikyouseido.mhlw.go.jp/znk-web/juminkanja/S2430/initialize?prefCd=34&kikanCd=7340010230&kikanKbn=5", "url2": null, "内容": "黒滝薬局【5:薬局】広島県竹原市忠海中町二丁目１番１６号" }, "geometry": { "type": "Point", "coordinates": [ 132.990221, 34.337137 ] } },
{ "type": "Feature", "properties": { "ID": 3457340010260, "正式名称": "エンゼル薬局", "機関区分": 5, "都道府県コード": 34, "市区町村コード": 203, "所在地": "広島県竹原市下野町３１４３－６", "緯度": 34.352384, "経度": 132.900866, "url": "https://www.iryou.teikyouseido.mhlw.go.jp/znk-web/juminkanja/S2430/initialize?prefCd=34&kikanCd=7340010260&kikanKbn=5", "url2": "https://www.angel-ph.jp", "内容": "エンゼル薬局【5:薬局】広島県竹原市下野町３１４３－６" }, "geometry": { "type": "Point", "coordinates": [ 132.900866, 34.352384 ] } },
{ "type": "Feature", "properties": { "ID": 3457340010270, "正式名称": "のぞみ薬局", "機関区分": 5, "都道府県コード": 34, "市区町村コード": 203, "所在地": "広島県竹原市中央三丁目４番１６号", "緯度": 34.343496, "経度": 132.907894, "url": "https://www.iryou.teikyouseido.mhlw.go.jp/znk-web/juminkanja/S2430/initialize?prefCd=34&kikanCd=7340010270&kikanKbn=5", "url2": null, "内容": "のぞみ薬局【5:薬局】広島県竹原市中央三丁目４番１６号" }, "geometry": { "type": "Point", "coordinates": [ 132.907894, 34.343496 ] } },
{ "type": "Feature", "properties": { "ID": 3457340010280, "正式名称": "有限会社　竹原中央薬局", "機関区分": 5, "都道府県コード": 34, "市区町村コード": 203, "所在地": "広島県竹原市中央三丁目１６番５４号", "緯度": 34.34419, "経度": 132.909366, "url": "https://www.iryou.teikyouseido.mhlw.go.jp/znk-web/juminkanja/S2430/initialize?prefCd=34&kikanCd=7340010280&kikanKbn=5", "url2": "http://www.e-classa.net/takeharachuouyakkyoku/", "内容": "有限会社　竹原中央薬局【5:薬局】広島県竹原市中央三丁目１６番５４号" }, "geometry": { "type": "Point", "coordinates": [ 132.909366, 34.34419 ] } },
{ "type": "Feature", "properties": { "ID": 3457340010310, "正式名称": "神田薬局", "機関区分": 5, "都道府県コード": 34, "市区町村コード": 203, "所在地": "広島県竹原市中央２－１－２２", "緯度": 34.340468, "経度": 132.910033, "url": "https://www.iryou.teikyouseido.mhlw.go.jp/znk-web/juminkanja/S2430/initialize?prefCd=34&kikanCd=7340010310&kikanKbn=5", "url2": null, "内容": "神田薬局【5:薬局】広島県竹原市中央２－１－２２" }, "geometry": { "type": "Point", "coordinates": [ 132.910033, 34.340468 ] } },
{ "type": "Feature", "properties": { "ID": 3457340010390, "正式名称": "岡本薬局ファーマシー", "機関区分": 5, "都道府県コード": 34, "市区町村コード": 203, "所在地": "広島県竹原市中央二丁目４－１５", "緯度": 34.341246, "経度": 132.909116, "url": "https://www.iryou.teikyouseido.mhlw.go.jp/znk-web/juminkanja/S2430/initialize?prefCd=34&kikanCd=7340010390&kikanKbn=5", "url2": null, "内容": "岡本薬局ファーマシー【5:薬局】広島県竹原市中央二丁目４－１５" }, "geometry": { "type": "Point", "coordinates": [ 132.909116, 34.341246 ] } },
{ "type": "Feature", "properties": { "ID": 3457340010400, "正式名称": "アルファ薬局", "機関区分": 5, "都道府県コード": 34, "市区町村コード": 203, "所在地": "広島県竹原市下野町１７７１番地１", "緯度": 34.333774, "経度": 132.889951, "url": "https://www.iryou.teikyouseido.mhlw.go.jp/znk-web/juminkanja/S2430/initialize?prefCd=34&kikanCd=7340010400&kikanKbn=5", "url2": "https://alpha-pharmacy-takehara.webnode.jp", "内容": "アルファ薬局【5:薬局】広島県竹原市下野町１７７１番地１" }, "geometry": { "type": "Point", "coordinates": [ 132.889951, 34.333774 ] } },
{ "type": "Feature", "properties": { "ID": 3457340010410, "正式名称": "原田薬局", "機関区分": 5, "都道府県コード": 34, "市区町村コード": 203, "所在地": "広島県竹原市中央四丁目４番２４号", "緯度": 34.340607, "経度": 132.908311, "url": "https://www.iryou.teikyouseido.mhlw.go.jp/znk-web/juminkanja/S2430/initialize?prefCd=34&kikanCd=7340010410&kikanKbn=5", "url2": "https://www.kusurinomadoguchi.com/hiroshima/s56943", "内容": "原田薬局【5:薬局】広島県竹原市中央四丁目４番２４号" }, "geometry": { "type": "Point", "coordinates": [ 132.908311, 34.340607 ] } },
{ "type": "Feature", "properties": { "ID": 3457340010420, "正式名称": "エンゼル薬局　田口店", "機関区分": 5, "都道府県コード": 34, "市区町村コード": 212, "所在地": "広島県東広島市西条町田口３８３－７", "緯度": 34.393825, "経度": 132.724203, "url": "https://www.iryou.teikyouseido.mhlw.go.jp/znk-web/juminkanja/S2430/initialize?prefCd=34&kikanCd=7340010420&kikanKbn=5", "url2": "https://www.angel-ph.jp/", "内容": "エンゼル薬局　田口店【5:薬局】広島県東広島市西条町田口３８３－７" }, "geometry": { "type": "Point", "coordinates": [ 132.724203, 34.393825 ] } },
{ "type": "Feature", "properties": { "ID": 3457340010460, "正式名称": "たかみニュータウン薬局", "機関区分": 5, "都道府県コード": 34, "市区町村コード": 212, "所在地": "広島県東広島市高屋高美が丘５－２－１", "緯度": 34.460009, "経度": 132.791037, "url": "https://www.iryou.teikyouseido.mhlw.go.jp/znk-web/juminkanja/S2430/initialize?prefCd=34&kikanCd=7340010460&kikanKbn=5", "url2": "https://www.kusurinomadoguchi.com/hiroshima/s119058", "内容": "たかみニュータウン薬局【5:薬局】広島県東広島市高屋高美が丘５－２－１" }, "geometry": { "type": "Point", "coordinates": [ 132.791037, 34.460009 ] } },
{ "type": "Feature", "properties": { "ID": 3457340010500, "正式名称": "加島薬局", "機関区分": 5, "都道府県コード": 34, "市区町村コード": 212, "所在地": "広島県東広島市西条西本町２８－３０", "緯度": 34.426428, "経度": 132.741237, "url": "https://www.iryou.teikyouseido.mhlw.go.jp/znk-web/juminkanja/S2430/initialize?prefCd=34&kikanCd=7340010500&kikanKbn=5", "url2": "https:www.kashimayakuhin.com", "内容": "加島薬局【5:薬局】広島県東広島市西条西本町２８－３０" }, "geometry": { "type": "Point", "coordinates": [ 132.741237, 34.426428 ] } },
{ "type": "Feature", "properties": { "ID": 3457340010510, "正式名称": "薬膳薬局　東広島西条店", "機関区分": 5, "都道府県コード": 34, "市区町村コード": 212, "所在地": "広島県東広島市西条西本町２５番２９号", "緯度": 34.428377, "経度": 132.739247, "url": "https://www.iryou.teikyouseido.mhlw.go.jp/znk-web/juminkanja/S2430/initialize?prefCd=34&kikanCd=7340010510&kikanKbn=5", "url2": "www.hiroshimayakuzen.com", "内容": "薬膳薬局　東広島西条店【5:薬局】広島県東広島市西条西本町２５番２９号" }, "geometry": { "type": "Point", "coordinates": [ 132.739247, 34.428377 ] } },
{ "type": "Feature", "properties": { "ID": 3457340010520, "正式名称": "西条タカズミ薬局", "機関区分": 5, "都道府県コード": 34, "市区町村コード": 212, "所在地": "広島県東広島市西条町寺家７３７７", "緯度": 34.420457, "経度": 132.72685, "url": "https://www.iryou.teikyouseido.mhlw.go.jp/znk-web/juminkanja/S2430/initialize?prefCd=34&kikanCd=7340010520&kikanKbn=5", "url2": "www.takazumi.co.jp", "内容": "西条タカズミ薬局【5:薬局】広島県東広島市西条町寺家７３７７" }, "geometry": { "type": "Point", "coordinates": [ 132.72685, 34.420457 ] } },
{ "type": "Feature", "properties": { "ID": 3457340010580, "正式名称": "竹乗天命堂薬局", "機関区分": 5, "都道府県コード": 34, "市区町村コード": 212, "所在地": "広島県東広島市河内町中河内６９１－１", "緯度": 34.469482, "経度": 132.890334, "url": "https://www.iryou.teikyouseido.mhlw.go.jp/znk-web/juminkanja/S2430/initialize?prefCd=34&kikanCd=7340010580&kikanKbn=5", "url2": "https://www.takenori.de", "内容": "竹乗天命堂薬局【5:薬局】広島県東広島市河内町中河内６９１－１" }, "geometry": { "type": "Point", "coordinates": [ 132.890334, 34.469482 ] } },
{ "type": "Feature", "properties": { "ID": 3457340010590, "正式名称": "ミント薬局　西条中央店", "機関区分": 5, "都道府県コード": 34, "市区町村コード": 212, "所在地": "広島県東広島市西条中央七丁目３番４５", "緯度": 34.416318, "経度": 132.737238, "url": "https://www.iryou.teikyouseido.mhlw.go.jp/znk-web/juminkanja/S2430/initialize?prefCd=34&kikanCd=7340010590&kikanKbn=5", "url2": "http://www.mint-pharmacy.jp", "内容": "ミント薬局　西条中央店【5:薬局】広島県東広島市西条中央七丁目３番４５" }, "geometry": { "type": "Point", "coordinates": [ 132.737238, 34.416318 ] } },
{ "type": "Feature", "properties": { "ID": 3457340010620, "正式名称": "たいせい堂薬局　中央店", "機関区分": 5, "都道府県コード": 34, "市区町村コード": 212, "所在地": "広島県東広島市西条中央三丁目５番５号", "緯度": 34.418735, "経度": 132.744182, "url": "https://www.iryou.teikyouseido.mhlw.go.jp/znk-web/juminkanja/S2430/initialize?prefCd=34&kikanCd=7340010620&kikanKbn=5", "url2": "http://taiseidou.com", "内容": "たいせい堂薬局　中央店【5:薬局】広島県東広島市西条中央三丁目５番５号" }, "geometry": { "type": "Point", "coordinates": [ 132.744182, 34.418735 ] } },
{ "type": "Feature", "properties": { "ID": 3457340010640, "正式名称": "アイリス薬局", "機関区分": 5, "都道府県コード": 34, "市区町村コード": 212, "所在地": "広島県東広島市西条中央三丁目１０番９号", "緯度": 34.418152, "経度": 132.743043, "url": "https://www.iryou.teikyouseido.mhlw.go.jp/znk-web/juminkanja/S2430/initialize?prefCd=34&kikanCd=7340010640&kikanKbn=5", "url2": null, "内容": "アイリス薬局【5:薬局】広島県東広島市西条中央三丁目１０番９号" }, "geometry": { "type": "Point", "coordinates": [ 132.743043, 34.418152 ] } },
{ "type": "Feature", "properties": { "ID": 3457340010650, "正式名称": "竹乗薬局", "機関区分": 5, "都道府県コード": 34, "市区町村コード": 212, "所在地": "広島県東広島市高屋町宮領　１８４－６", "緯度": 34.440847, "経度": 132.790298, "url": "https://www.iryou.teikyouseido.mhlw.go.jp/znk-web/juminkanja/S2430/initialize?prefCd=34&kikanCd=7340010650&kikanKbn=5", "url2": null, "内容": "竹乗薬局【5:薬局】広島県東広島市高屋町宮領　１８４－６" }, "geometry": { "type": "Point", "coordinates": [ 132.790298, 34.440847 ] } },
{ "type": "Feature", "properties": { "ID": 3457340010660, "正式名称": "あかね薬局", "機関区分": 5, "都道府県コード": 34, "市区町村コード": 212, "所在地": "広島県東広島市西条町西条東１２４５－１", "緯度": 34.426123, "経度": 132.738793, "url": "https://www.iryou.teikyouseido.mhlw.go.jp/znk-web/juminkanja/S2430/initialize?prefCd=34&kikanCd=7340010660&kikanKbn=5", "url2": "https://kenshinp.jp/", "内容": "あかね薬局【5:薬局】広島県東広島市西条町西条東１２４５－１" }, "geometry": { "type": "Point", "coordinates": [ 132.738793, 34.426123 ] } },
{ "type": "Feature", "properties": { "ID": 3457340010680, "正式名称": "すぎはら薬局　高屋店", "機関区分": 5, "都道府県コード": 34, "市区町村コード": 212, "所在地": "広島県東広島市高屋町造賀２９５６番２号", "緯度": 34.489505, "経度": 132.762538, "url": "https://www.iryou.teikyouseido.mhlw.go.jp/znk-web/juminkanja/S2430/initialize?prefCd=34&kikanCd=7340010680&kikanKbn=5", "url2": null, "内容": "すぎはら薬局　高屋店【5:薬局】広島県東広島市高屋町造賀２９５６番２号" }, "geometry": { "type": "Point", "coordinates": [ 132.762538, 34.489505 ] } },
{ "type": "Feature", "properties": { "ID": 3457340010700, "正式名称": "ひかり薬局", "機関区分": 5, "都道府県コード": 34, "市区町村コード": 212, "所在地": "広島県東広島市西条町寺家１３１９－２", "緯度": 34.425123, "経度": 132.746237, "url": "https://www.iryou.teikyouseido.mhlw.go.jp/znk-web/juminkanja/S2430/initialize?prefCd=34&kikanCd=7340010700&kikanKbn=5", "url2": null, "内容": "ひかり薬局【5:薬局】広島県東広島市西条町寺家１３１９－２" }, "geometry": { "type": "Point", "coordinates": [ 132.746237, 34.425123 ] } },
{ "type": "Feature", "properties": { "ID": 3457340010710, "正式名称": "八本松駅前薬局", "機関区分": 5, "都道府県コード": 34, "市区町村コード": 212, "所在地": "広島県東広島市八本松町飯田１４９－３", "緯度": 34.443926, "経度": 132.689991, "url": "https://www.iryou.teikyouseido.mhlw.go.jp/znk-web/juminkanja/S2430/initialize?prefCd=34&kikanCd=7340010710&kikanKbn=5", "url2": null, "内容": "八本松駅前薬局【5:薬局】広島県東広島市八本松町飯田１４９－３" }, "geometry": { "type": "Point", "coordinates": [ 132.689991, 34.443926 ] } },
{ "type": "Feature", "properties": { "ID": 3457340010720, "正式名称": "フタバ漢方薬局", "機関区分": 5, "都道府県コード": 34, "市区町村コード": 212, "所在地": "広島県東広島市八本松西１丁目１２番２４号", "緯度": 34.445314, "経度": 132.681741, "url": "https://www.iryou.teikyouseido.mhlw.go.jp/znk-web/juminkanja/S2430/initialize?prefCd=34&kikanCd=7340010720&kikanKbn=5", "url2": null, "内容": "フタバ漢方薬局【5:薬局】広島県東広島市八本松西１丁目１２番２４号" }, "geometry": { "type": "Point", "coordinates": [ 132.681741, 34.445314 ] } },
{ "type": "Feature", "properties": { "ID": 3457340010730, "正式名称": "セリア薬局", "機関区分": 5, "都道府県コード": 34, "市区町村コード": 212, "所在地": "広島県東広島市西条町土与丸六丁目１番３号", "緯度": 34.42779, "経度": 132.752125, "url": "https://www.iryou.teikyouseido.mhlw.go.jp/znk-web/juminkanja/S2430/initialize?prefCd=34&kikanCd=7340010730&kikanKbn=5", "url2": "https://kenshinp.jp/", "内容": "セリア薬局【5:薬局】広島県東広島市西条町土与丸六丁目１番３号" }, "geometry": { "type": "Point", "coordinates": [ 132.752125, 34.42779 ] } },
{ "type": "Feature", "properties": { "ID": 3457340010750, "正式名称": "全快堂薬局　寺家店", "機関区分": 5, "都道府県コード": 34, "市区町村コード": 212, "所在地": "広島県東広島市西条町寺家田地原５１３－２０", "緯度": 34.426762, "経度": 132.743626, "url": "https://www.iryou.teikyouseido.mhlw.go.jp/znk-web/juminkanja/S2430/initialize?prefCd=34&kikanCd=7340010750&kikanKbn=5", "url2": "https://zenkaidou.co.jp/", "内容": "全快堂薬局　寺家店【5:薬局】広島県東広島市西条町寺家田地原５１３－２０" }, "geometry": { "type": "Point", "coordinates": [ 132.743626, 34.426762 ] } },
{ "type": "Feature", "properties": { "ID": 3457340010760, "正式名称": "ありす薬局", "機関区分": 5, "都道府県コード": 34, "市区町村コード": 212, "所在地": "広島県東広島市高屋町杵原１３１１－６", "緯度": 34.449316, "経度": 132.786094, "url": "https://www.iryou.teikyouseido.mhlw.go.jp/znk-web/juminkanja/S2430/initialize?prefCd=34&kikanCd=7340010760&kikanKbn=5", "url2": "https://www.tower-medical.jp/store#ttl-navi01", "内容": "ありす薬局【5:薬局】広島県東広島市高屋町杵原１３１１－６" }, "geometry": { "type": "Point", "coordinates": [ 132.786094, 34.449316 ] } },
{ "type": "Feature", "properties": { "ID": 3457340010770, "正式名称": "全快堂薬局　八本松店", "機関区分": 5, "都道府県コード": 34, "市区町村コード": 212, "所在地": "広島県東広島市八本松南五丁目９５－２０", "緯度": 34.438412, "経度": 132.696, "url": "https://www.iryou.teikyouseido.mhlw.go.jp/znk-web/juminkanja/S2430/initialize?prefCd=34&kikanCd=7340010770&kikanKbn=5", "url2": null, "内容": "全快堂薬局　八本松店【5:薬局】広島県東広島市八本松南五丁目９５－２０" }, "geometry": { "type": "Point", "coordinates": [ 132.696, 34.438412 ] } },
{ "type": "Feature", "properties": { "ID": 3457340010800, "正式名称": "全快堂・おかまち薬局", "機関区分": 5, "都道府県コード": 34, "市区町村コード": 212, "所在地": "広島県東広島市西条岡町３－１４", "緯度": 34.430789, "経度": 132.742904, "url": "https://www.iryou.teikyouseido.mhlw.go.jp/znk-web/juminkanja/S2430/initialize?prefCd=34&kikanCd=7340010800&kikanKbn=5", "url2": "http://zenkaidou.co.jp/", "内容": "全快堂・おかまち薬局【5:薬局】広島県東広島市西条岡町３－１４" }, "geometry": { "type": "Point", "coordinates": [ 132.742904, 34.430789 ] } },
{ "type": "Feature", "properties": { "ID": 3457340010820, "正式名称": "エスマイル薬局　昭和町店", "機関区分": 5, "都道府県コード": 34, "市区町村コード": 212, "所在地": "広島県東広島市西条昭和町６－１０", "緯度": 34.42427, "経度": 132.739815, "url": "https://www.iryou.teikyouseido.mhlw.go.jp/znk-web/juminkanja/S2430/initialize?prefCd=34&kikanCd=7340010820&kikanKbn=5", "url2": "http://www.ssmile.co.jp/", "内容": "エスマイル薬局　昭和町店【5:薬局】広島県東広島市西条昭和町６－１０" }, "geometry": { "type": "Point", "coordinates": [ 132.739815, 34.42427 ] } },
{ "type": "Feature", "properties": { "ID": 3457340010830, "正式名称": "あすか薬局", "機関区分": 5, "都道府県コード": 34, "市区町村コード": 212, "所在地": "広島県東広島市高屋町杵原１３４７－９", "緯度": 34.449982, "経度": 132.787677, "url": "https://www.iryou.teikyouseido.mhlw.go.jp/znk-web/juminkanja/S2430/initialize?prefCd=34&kikanCd=7340010830&kikanKbn=5", "url2": null, "内容": "あすか薬局【5:薬局】広島県東広島市高屋町杵原１３４７－９" }, "geometry": { "type": "Point", "coordinates": [ 132.787677, 34.449982 ] } },
{ "type": "Feature", "properties": { "ID": 3457340010860, "正式名称": "有限会社まえのぶ薬局", "機関区分": 5, "都道府県コード": 34, "市区町村コード": 212, "所在地": "広島県東広島市黒瀬町丸山１３６２－５", "緯度": 34.325133, "経度": 132.675886, "url": "https://www.iryou.teikyouseido.mhlw.go.jp/znk-web/juminkanja/S2430/initialize?prefCd=34&kikanCd=7340010860&kikanKbn=5", "url2": "http://www5f.biglobe.ne.jp/~maenobu/", "内容": "有限会社まえのぶ薬局【5:薬局】広島県東広島市黒瀬町丸山１３６２－５" }, "geometry": { "type": "Point", "coordinates": [ 132.675886, 34.325133 ] } },
{ "type": "Feature", "properties": { "ID": 3457340010880, "正式名称": "よつば薬局", "機関区分": 5, "都道府県コード": 34, "市区町村コード": 212, "所在地": "広島県東広島市西条昭和町７番１９号", "緯度": 34.423651, "経度": 132.739377, "url": "https://www.iryou.teikyouseido.mhlw.go.jp/znk-web/juminkanja/S2430/initialize?prefCd=34&kikanCd=7340010880&kikanKbn=5", "url2": "https://www.hiroyaku.or.jp/yotsubayakkyoku", "内容": "よつば薬局【5:薬局】広島県東広島市西条昭和町７番１９号" }, "geometry": { "type": "Point", "coordinates": [ 132.739377, 34.423651 ] } },
{ "type": "Feature", "properties": { "ID": 3457340010890, "正式名称": "賀茂セルム薬局", "機関区分": 5, "都道府県コード": 34, "市区町村コード": 212, "所在地": "広島県東広島市黒瀬町南方７９７－１", "緯度": 1451420645500.0, "経度": 132.699189, "url": "https://www.iryou.teikyouseido.mhlw.go.jp/znk-web/juminkanja/S2430/initialize?prefCd=34&kikanCd=7340010890&kikanKbn=5", "url2": "https://www.kusurinomadoguchi.com/hiroshima/s1000084185", "内容": "賀茂セルム薬局【5:薬局】広島県東広島市黒瀬町南方７９７－１" }, "geometry": { "type": "Point", "coordinates": [ 132.699189, 1451420645500.0 ] } },
{ "type": "Feature", "properties": { "ID": 3457340010910, "正式名称": "健伸薬局　よこた店", "機関区分": 5, "都道府県コード": 34, "市区町村コード": 212, "所在地": "広島県東広島市西条町寺家横田５４１０－１２", "緯度": 34.430261, "経度": 132.742765, "url": "https://www.iryou.teikyouseido.mhlw.go.jp/znk-web/juminkanja/S2430/initialize?prefCd=34&kikanCd=7340010910&kikanKbn=5", "url2": "https://kenshinp.jp/", "内容": "健伸薬局　よこた店【5:薬局】広島県東広島市西条町寺家横田５４１０－１２" }, "geometry": { "type": "Point", "coordinates": [ 132.742765, 34.430261 ] } },
{ "type": "Feature", "properties": { "ID": 3457340010920, "正式名称": "明光堂　三宅薬局", "機関区分": 5, "都道府県コード": 34, "市区町村コード": 212, "所在地": "広島県東広島市高屋町杵原１７６６－１", "緯度": 34.453065, "経度": 132.78776, "url": "https://www.iryou.teikyouseido.mhlw.go.jp/znk-web/juminkanja/S2430/initialize?prefCd=34&kikanCd=7340010920&kikanKbn=5", "url2": null, "内容": "明光堂　三宅薬局【5:薬局】広島県東広島市高屋町杵原１７６６－１" }, "geometry": { "type": "Point", "coordinates": [ 132.78776, 34.453065 ] } },
{ "type": "Feature", "properties": { "ID": 3457340010930, "正式名称": "もみじ薬局", "機関区分": 5, "都道府県コード": 34, "市区町村コード": 212, "所在地": "広島県東広島市西条町寺家５１３－１９", "緯度": 34.44587, "経度": 132.724904, "url": "https://www.iryou.teikyouseido.mhlw.go.jp/znk-web/juminkanja/S2430/initialize?prefCd=34&kikanCd=7340010930&kikanKbn=5", "url2": "139.320133", "内容": "もみじ薬局【5:薬局】広島県東広島市西条町寺家５１３－１９" }, "geometry": { "type": "Point", "coordinates": [ 132.724904, 34.44587 ] } },
{ "type": "Feature", "properties": { "ID": 3457340010940, "正式名称": "セルム薬局", "機関区分": 5, "都道府県コード": 34, "市区町村コード": 212, "所在地": "広島県東広島市黒瀬町国近３３５－９", "緯度": 34.350908, "経度": 132.71491, "url": "https://www.iryou.teikyouseido.mhlw.go.jp/znk-web/juminkanja/S2430/initialize?prefCd=34&kikanCd=7340010940&kikanKbn=5", "url2": "https://www.kusurinomadoguchi.com/", "内容": "セルム薬局【5:薬局】広島県東広島市黒瀬町国近３３５－９" }, "geometry": { "type": "Point", "coordinates": [ 132.71491, 34.350908 ] } },
{ "type": "Feature", "properties": { "ID": 3457340010960, "正式名称": "健伸薬局土与丸店", "機関区分": 5, "都道府県コード": 34, "市区町村コード": 212, "所在地": "広島県東広島市西条土与丸一丁目３番３８号", "緯度": 34.428095, "経度": 132.751292, "url": "https://www.iryou.teikyouseido.mhlw.go.jp/znk-web/juminkanja/S2430/initialize?prefCd=34&kikanCd=7340010960&kikanKbn=5", "url2": "https://kenshinp.jp/", "内容": "健伸薬局土与丸店【5:薬局】広島県東広島市西条土与丸一丁目３番３８号" }, "geometry": { "type": "Point", "coordinates": [ 132.751292, 34.428095 ] } },
{ "type": "Feature", "properties": { "ID": 3457340010970, "正式名称": "有限会社　エフオーメディカル　西条おおさわ薬局", "機関区分": 5, "都道府県コード": 34, "市区町村コード": 212, "所在地": "広島県東広島市西条町大沢上北１００－８", "緯度": 34.380739, "経度": 132.735268, "url": "https://www.iryou.teikyouseido.mhlw.go.jp/znk-web/juminkanja/S2430/initialize?prefCd=34&kikanCd=7340010970&kikanKbn=5", "url2": null, "内容": "有限会社　エフオーメディカル　西条おおさわ薬局【5:薬局】広島県東広島市西条町大沢上北１００－８" }, "geometry": { "type": "Point", "coordinates": [ 132.735268, 34.380739 ] } },
{ "type": "Feature", "properties": { "ID": 3457340010990, "正式名称": "オール薬局　西条店", "機関区分": 5, "都道府県コード": 34, "市区町村コード": 212, "所在地": "広島県東広島市西条土与丸五丁目９－７", "緯度": 34.428317, "経度": 132.753125, "url": "https://www.iryou.teikyouseido.mhlw.go.jp/znk-web/juminkanja/S2430/initialize?prefCd=34&kikanCd=7340010990&kikanKbn=5", "url2": "http://www.e-classa.net/owl-saijo/", "内容": "オール薬局　西条店【5:薬局】広島県東広島市西条土与丸五丁目９－７" }, "geometry": { "type": "Point", "coordinates": [ 132.753125, 34.428317 ] } },
{ "type": "Feature", "properties": { "ID": 3457340011040, "正式名称": "アプコ調剤薬局白市", "機関区分": 5, "都道府県コード": 34, "市区町村コード": 212, "所在地": "広島県東広島市高屋町小谷３２５７－４", "緯度": 34.446372, "経度": 132.829896, "url": "https://www.iryou.teikyouseido.mhlw.go.jp/znk-web/juminkanja/S2430/initialize?prefCd=34&kikanCd=7340011040&kikanKbn=5", "url2": "https://www.apco-group.jp", "内容": "アプコ調剤薬局白市【5:薬局】広島県東広島市高屋町小谷３２５７－４" }, "geometry": { "type": "Point", "coordinates": [ 132.829896, 34.446372 ] } },
{ "type": "Feature", "properties": { "ID": 3457340011090, "正式名称": "ほのか薬局", "機関区分": 5, "都道府県コード": 34, "市区町村コード": 212, "所在地": "広島県東広島市西条上市町５番５号　総合不動産ビル３階Ｂ号室", "緯度": 34.427651, "経度": 132.749014, "url": "https://www.iryou.teikyouseido.mhlw.go.jp/znk-web/juminkanja/S2430/initialize?prefCd=34&kikanCd=7340011090&kikanKbn=5", "url2": "https://kenshinp.jp", "内容": "ほのか薬局【5:薬局】広島県東広島市西条上市町５番５号　総合不動産ビル３階Ｂ号室" }, "geometry": { "type": "Point", "coordinates": [ 132.749014, 34.427651 ] } },
{ "type": "Feature", "properties": { "ID": 3457340011100, "正式名称": "八本松ココ薬局", "機関区分": 5, "都道府県コード": 34, "市区町村コード": 212, "所在地": "広島県東広島市八本松飯田６丁目１５－２９", "緯度": 34.452731, "経度": 132.704628, "url": "https://www.iryou.teikyouseido.mhlw.go.jp/znk-web/juminkanja/S2430/initialize?prefCd=34&kikanCd=7340011100&kikanKbn=5", "url2": null, "内容": "八本松ココ薬局【5:薬局】広島県東広島市八本松飯田６丁目１５－２９" }, "geometry": { "type": "Point", "coordinates": [ 132.704628, 34.452731 ] } },
{ "type": "Feature", "properties": { "ID": 3457340011110, "正式名称": "エンゼル薬局　志和店", "機関区分": 5, "都道府県コード": 34, "市区町村コード": 212, "所在地": "広島県東広島市志和町志和東１１９５－１", "緯度": 34.484393, "経度": 132.678629, "url": "https://www.iryou.teikyouseido.mhlw.go.jp/znk-web/juminkanja/S2430/initialize?prefCd=34&kikanCd=7340011110&kikanKbn=5", "url2": "https://www.angel-ph.jp/", "内容": "エンゼル薬局　志和店【5:薬局】広島県東広島市志和町志和東１１９５－１" }, "geometry": { "type": "Point", "coordinates": [ 132.678629, 34.484393 ] } },
{ "type": "Feature", "properties": { "ID": 3457340011150, "正式名称": "風早薬局", "機関区分": 5, "都道府県コード": 34, "市区町村コード": 212, "所在地": "広島県東広島市安芸津町風早１１１８－２", "緯度": 34.310553, "経度": 132.795294, "url": "https://www.iryou.teikyouseido.mhlw.go.jp/znk-web/juminkanja/S2430/initialize?prefCd=34&kikanCd=7340011150&kikanKbn=5", "url2": "https://kazahaya-mototaro.p-kit.com", "内容": "風早薬局【5:薬局】広島県東広島市安芸津町風早１１１８－２" }, "geometry": { "type": "Point", "coordinates": [ 132.795294, 34.310553 ] } },
{ "type": "Feature", "properties": { "ID": 3457340011160, "正式名称": "早田薬局", "機関区分": 5, "都道府県コード": 34, "市区町村コード": 212, "所在地": "広島県東広島市安芸津町三津４３９４番地１", "緯度": 34.319929, "経度": 132.815746, "url": "https://www.iryou.teikyouseido.mhlw.go.jp/znk-web/juminkanja/S2430/initialize?prefCd=34&kikanCd=7340011160&kikanKbn=5", "url2": "https://sites.google.com/view/hayata-pharmacy-akitsu/", "内容": "早田薬局【5:薬局】広島県東広島市安芸津町三津４３９４番地１" }, "geometry": { "type": "Point", "coordinates": [ 132.815746, 34.319929 ] } },
{ "type": "Feature", "properties": { "ID": 3457340011170, "正式名称": "有限会社みどり薬局", "機関区分": 5, "都道府県コード": 34, "市区町村コード": 212, "所在地": "広島県東広島市西条町西条東山崎１０５３－１", "緯度": 34.425512, "経度": 132.737349, "url": "https://www.iryou.teikyouseido.mhlw.go.jp/znk-web/juminkanja/S2430/initialize?prefCd=34&kikanCd=7340011170&kikanKbn=5", "url2": "https://www.kusurinomadoguchi.com/hiroshima/s56687", "内容": "有限会社みどり薬局【5:薬局】広島県東広島市西条町西条東山崎１０５３－１" }, "geometry": { "type": "Point", "coordinates": [ 132.737349, 34.425512 ] } },
{ "type": "Feature", "properties": { "ID": 3457340011230, "正式名称": "造賀全快堂薬局", "機関区分": 5, "都道府県コード": 34, "市区町村コード": 212, "所在地": "広島県東広島市高屋町造賀７３６番４", "緯度": 34.499643, "経度": 132.76801, "url": "https://www.iryou.teikyouseido.mhlw.go.jp/znk-web/juminkanja/S2430/initialize?prefCd=34&kikanCd=7340011230&kikanKbn=5", "url2": "http://www.zenkaidou.co.jp/index.html", "内容": "造賀全快堂薬局【5:薬局】広島県東広島市高屋町造賀７３６番４" }, "geometry": { "type": "Point", "coordinates": [ 132.76801, 34.499643 ] } },
{ "type": "Feature", "properties": { "ID": 3457340011270, "正式名称": "じけ薬局", "機関区分": 5, "都道府県コード": 34, "市区町村コード": 212, "所在地": "広島県東広島市西条町寺家５２０－６７", "緯度": 34.444445, "経度": 132.722342, "url": "https://www.iryou.teikyouseido.mhlw.go.jp/znk-web/juminkanja/S2430/initialize?prefCd=34&kikanCd=7340011270&kikanKbn=5", "url2": "http://www.wead.co.jp/", "内容": "じけ薬局【5:薬局】広島県東広島市西条町寺家５２０－６７" }, "geometry": { "type": "Point", "coordinates": [ 132.722342, 34.444445 ] } },
{ "type": "Feature", "properties": { "ID": 3457340011280, "正式名称": "そうごう薬局　八本松店", "機関区分": 5, "都道府県コード": 34, "市区町村コード": 212, "所在地": "広島県東広島市八本松東三丁目３３番２号", "緯度": 34.443537, "経度": 132.710267, "url": "https://www.iryou.teikyouseido.mhlw.go.jp/znk-web/juminkanja/S2430/initialize?prefCd=34&kikanCd=7340011280&kikanKbn=5", "url2": "https://www.sogo-medical.co.jp/sogopharmacy/shop/view/259", "内容": "そうごう薬局　八本松店【5:薬局】広島県東広島市八本松東三丁目３３番２号" }, "geometry": { "type": "Point", "coordinates": [ 132.710267, 34.443537 ] } },
{ "type": "Feature", "properties": { "ID": 3457340011290, "正式名称": "そうごう薬局　西条店", "機関区分": 5, "都道府県コード": 34, "市区町村コード": 212, "所在地": "広島県東広島市西条岡町５－１９", "緯度": 34.429623, "経度": 132.741598, "url": "https://www.iryou.teikyouseido.mhlw.go.jp/znk-web/juminkanja/S2430/initialize?prefCd=34&kikanCd=7340011290&kikanKbn=5", "url2": "http://www.sogo-medical.co.jp/sogopharmacy/", "内容": "そうごう薬局　西条店【5:薬局】広島県東広島市西条岡町５－１９" }, "geometry": { "type": "Point", "coordinates": [ 132.741598, 34.429623 ] } },
{ "type": "Feature", "properties": { "ID": 3457340011300, "正式名称": "因島調剤薬局", "機関区分": 5, "都道府県コード": 34, "市区町村コード": 205, "所在地": "広島県尾道市因島重井町６６１６－３", "緯度": 34.339973, "経度": 133.141708, "url": "https://www.iryou.teikyouseido.mhlw.go.jp/znk-web/juminkanja/S2430/initialize?prefCd=34&kikanCd=7340011300&kikanKbn=5", "url2": "https://www.innoshima-ph.com/", "内容": "因島調剤薬局【5:薬局】広島県尾道市因島重井町６６１６－３" }, "geometry": { "type": "Point", "coordinates": [ 133.141708, 34.339973 ] } },
{ "type": "Feature", "properties": { "ID": 3457340011330, "正式名称": "田熊本町調剤薬局", "機関区分": 5, "都道府県コード": 34, "市区町村コード": 205, "所在地": "広島県尾道市因島田熊町字扇新開１１４１－１", "緯度": 34.296773, "経度": 133.168559, "url": "https://www.iryou.teikyouseido.mhlw.go.jp/znk-web/juminkanja/S2430/initialize?prefCd=34&kikanCd=7340011330&kikanKbn=5", "url2": "https://www.innoshima-ph.com/", "内容": "田熊本町調剤薬局【5:薬局】広島県尾道市因島田熊町字扇新開１１４１－１" }, "geometry": { "type": "Point", "coordinates": [ 133.168559, 34.296773 ] } },
{ "type": "Feature", "properties": { "ID": 3457340011350, "正式名称": "タクマ薬局", "機関区分": 5, "都道府県コード": 34, "市区町村コード": 205, "所在地": "広島県尾道市因島中庄町３１８３－１", "緯度": 34.326863, "経度": 133.171012, "url": "https://www.iryou.teikyouseido.mhlw.go.jp/znk-web/juminkanja/S2430/initialize?prefCd=34&kikanCd=7340011350&kikanKbn=5", "url2": null, "内容": "タクマ薬局【5:薬局】広島県尾道市因島中庄町３１８３－１" }, "geometry": { "type": "Point", "coordinates": [ 133.171012, 34.326863 ] } },
{ "type": "Feature", "properties": { "ID": 3457340011360, "正式名称": "因島センター薬局", "機関区分": 5, "都道府県コード": 34, "市区町村コード": 205, "所在地": "広島県尾道市因島中庄町２４３０－４", "緯度": 34.313753, "経度": 133.153236, "url": "https://www.iryou.teikyouseido.mhlw.go.jp/znk-web/juminkanja/S2430/initialize?prefCd=34&kikanCd=7340011360&kikanKbn=5", "url2": "https://www.innoshima-ph.com/", "内容": "因島センター薬局【5:薬局】広島県尾道市因島中庄町２４３０－４" }, "geometry": { "type": "Point", "coordinates": [ 133.153236, 34.313753 ] } },
{ "type": "Feature", "properties": { "ID": 3457340011370, "正式名称": "寺西薬局", "機関区分": 5, "都道府県コード": 34, "市区町村コード": 205, "所在地": "広島県尾道市因島中庄町４８９５－２６", "緯度": 34.333085, "経度": 133.177928, "url": "https://www.iryou.teikyouseido.mhlw.go.jp/znk-web/juminkanja/S2430/initialize?prefCd=34&kikanCd=7340011370&kikanKbn=5", "url2": "http://teranishiyakkyoku.s3-website-ap-northeast-1.amazonaws.com/index.html", "内容": "寺西薬局【5:薬局】広島県尾道市因島中庄町４８９５－２６" }, "geometry": { "type": "Point", "coordinates": [ 133.177928, 34.333085 ] } },
{ "type": "Feature", "properties": { "ID": 3457340011410, "正式名称": "宇和部薬局", "機関区分": 5, "都道府県コード": 34, "市区町村コード": 205, "所在地": "広島県尾道市因島土生町１６８４－７", "緯度": 34.290951, "経度": 133.175624, "url": "https://www.iryou.teikyouseido.mhlw.go.jp/znk-web/juminkanja/S2430/initialize?prefCd=34&kikanCd=7340011410&kikanKbn=5", "url2": null, "内容": "宇和部薬局【5:薬局】広島県尾道市因島土生町１６８４－７" }, "geometry": { "type": "Point", "coordinates": [ 133.175624, 34.290951 ] } },
{ "type": "Feature", "properties": { "ID": 3457340011420, "正式名称": "ホワイト薬局", "機関区分": 5, "都道府県コード": 34, "市区町村コード": 205, "所在地": "広島県尾道市因島土生町２２０１－１", "緯度": 34.282118, "経度": 133.180513, "url": "https://www.iryou.teikyouseido.mhlw.go.jp/znk-web/juminkanja/S2430/initialize?prefCd=34&kikanCd=7340011420&kikanKbn=5", "url2": "https://www.rising-hiroshima.com/", "内容": "ホワイト薬局【5:薬局】広島県尾道市因島土生町２２０１－１" }, "geometry": { "type": "Point", "coordinates": [ 133.180513, 34.282118 ] } },
{ "type": "Feature", "properties": { "ID": 3457340011430, "正式名称": "ひまわり薬局", "機関区分": 5, "都道府県コード": 34, "市区町村コード": 205, "所在地": "広島県尾道市因島土生町２０１６－３", "緯度": 34.284035, "経度": 133.180152, "url": "https://www.iryou.teikyouseido.mhlw.go.jp/znk-web/juminkanja/S2430/initialize?prefCd=34&kikanCd=7340011430&kikanKbn=5", "url2": null, "内容": "ひまわり薬局【5:薬局】広島県尾道市因島土生町２０１６－３" }, "geometry": { "type": "Point", "coordinates": [ 133.180152, 34.284035 ] } },
{ "type": "Feature", "properties": { "ID": 3457340011450, "正式名称": "有限会社　中本薬局", "機関区分": 5, "都道府県コード": 34, "市区町村コード": 205, "所在地": "広島県尾道市因島土生町１８９９－７", "緯度": 34.284701, "経度": 133.178319, "url": "https://www.iryou.teikyouseido.mhlw.go.jp/znk-web/juminkanja/S2430/initialize?prefCd=34&kikanCd=7340011450&kikanKbn=5", "url2": null, "内容": "有限会社　中本薬局【5:薬局】広島県尾道市因島土生町１８９９－７" }, "geometry": { "type": "Point", "coordinates": [ 133.178319, 34.284701 ] } },
{ "type": "Feature", "properties": { "ID": 3457340011460, "正式名称": "せとうち薬局", "機関区分": 5, "都道府県コード": 34, "市区町村コード": 205, "所在地": "広島県尾道市因島土生町１８０９－２０", "緯度": 34.285896, "経度": 133.177819, "url": "https://www.iryou.teikyouseido.mhlw.go.jp/znk-web/juminkanja/S2430/initialize?prefCd=34&kikanCd=7340011460&kikanKbn=5", "url2": null, "内容": "せとうち薬局【5:薬局】広島県尾道市因島土生町１８０９－２０" }, "geometry": { "type": "Point", "coordinates": [ 133.177819, 34.285896 ] } },
{ "type": "Feature", "properties": { "ID": 3457340011470, "正式名称": "第一調剤薬局", "機関区分": 5, "都道府県コード": 34, "市区町村コード": 205, "所在地": "広島県尾道市因島土生町　２０９０", "緯度": 34.29545, "経度": 133.171152, "url": "https://www.iryou.teikyouseido.mhlw.go.jp/znk-web/juminkanja/S2430/initialize?prefCd=34&kikanCd=7340011470&kikanKbn=5", "url2": null, "内容": "第一調剤薬局【5:薬局】広島県尾道市因島土生町　２０９０" }, "geometry": { "type": "Point", "coordinates": [ 133.171152, 34.29545 ] } },
{ "type": "Feature", "properties": { "ID": 3457340011490, "正式名称": "有限会社　塩浜調剤薬局", "機関区分": 5, "都道府県コード": 34, "市区町村コード": 205, "所在地": "広島県尾道市因島土生町１８９９－９８", "緯度": 34.28484, "経度": 133.178346, "url": "https://www.iryou.teikyouseido.mhlw.go.jp/znk-web/juminkanja/S2430/initialize?prefCd=34&kikanCd=7340011490&kikanKbn=5", "url2": null, "内容": "有限会社　塩浜調剤薬局【5:薬局】広島県尾道市因島土生町１８９９－９８" }, "geometry": { "type": "Point", "coordinates": [ 133.178346, 34.28484 ] } },
{ "type": "Feature", "properties": { "ID": 3457340011510, "正式名称": "宮地薬局", "機関区分": 5, "都道府県コード": 34, "市区町村コード": 205, "所在地": "広島県尾道市因島三庄町１６２１－８", "緯度": 34.294339, "経度": 133.195122, "url": "https://www.iryou.teikyouseido.mhlw.go.jp/znk-web/juminkanja/S2430/initialize?prefCd=34&kikanCd=7340011510&kikanKbn=5", "url2": "http://www.citydo.com/prf/hiroshima/guide/sg/455000603.html", "内容": "宮地薬局【5:薬局】広島県尾道市因島三庄町１６２１－８" }, "geometry": { "type": "Point", "coordinates": [ 133.195122, 34.294339 ] } },
{ "type": "Feature", "properties": { "ID": 3457340011530, "正式名称": "メディエント尾道西薬局", "機関区分": 5, "都道府県コード": 34, "市区町村コード": 205, "所在地": "広島県尾道市神田町３－１１", "緯度": 34.402744, "経度": 133.169092, "url": "https://www.iryou.teikyouseido.mhlw.go.jp/znk-web/juminkanja/S2430/initialize?prefCd=34&kikanCd=7340011530&kikanKbn=5", "url2": "https://www.apco-group.jp/outline/", "内容": "メディエント尾道西薬局【5:薬局】広島県尾道市神田町３－１１" }, "geometry": { "type": "Point", "coordinates": [ 133.169092, 34.402744 ] } },
{ "type": "Feature", "properties": { "ID": 3457340011540, "正式名称": "アプコセンター薬局", "機関区分": 5, "都道府県コード": 34, "市区町村コード": 205, "所在地": "広島県尾道市十四日元町３－５", "緯度": 34.410419, "経度": 133.203186, "url": "https://www.iryou.teikyouseido.mhlw.go.jp/znk-web/juminkanja/S2430/initialize?prefCd=34&kikanCd=7340011540&kikanKbn=5", "url2": "http://www.apco-group.jp/store/store1_2.php", "内容": "アプコセンター薬局【5:薬局】広島県尾道市十四日元町３－５" }, "geometry": { "type": "Point", "coordinates": [ 133.203186, 34.410419 ] } },
{ "type": "Feature", "properties": { "ID": 3457340011570, "正式名称": "絵の町薬局", "機関区分": 5, "都道府県コード": 34, "市区町村コード": 205, "所在地": "広島県尾道市久保１丁目３番２１号", "緯度": 34.411994, "経度": 133.204338, "url": "https://www.iryou.teikyouseido.mhlw.go.jp/znk-web/juminkanja/S2430/initialize?prefCd=34&kikanCd=7340011570&kikanKbn=5", "url2": "https://www.mint-pharmacy.jp", "内容": "絵の町薬局【5:薬局】広島県尾道市久保１丁目３番２１号" }, "geometry": { "type": "Point", "coordinates": [ 133.204338, 34.411994 ] } },
{ "type": "Feature", "properties": { "ID": 3457340011620, "正式名称": "新尾道薬局", "機関区分": 5, "都道府県コード": 34, "市区町村コード": 205, "所在地": "広島県尾道市栗原町５９０１－１", "緯度": 34.426992, "経度": 133.187922, "url": "https://www.iryou.teikyouseido.mhlw.go.jp/znk-web/juminkanja/S2430/initialize?prefCd=34&kikanCd=7340011620&kikanKbn=5", "url2": "http://www.innoshima-ph.com/", "内容": "新尾道薬局【5:薬局】広島県尾道市栗原町５９０１－１" }, "geometry": { "type": "Point", "coordinates": [ 133.187922, 34.426992 ] } },
{ "type": "Feature", "properties": { "ID": 3457340011630, "正式名称": "すばる薬局", "機関区分": 5, "都道府県コード": 34, "市区町村コード": 205, "所在地": "広島県尾道市栗原町９６５０－１０", "緯度": 34.43413, "経度": 133.191616, "url": "https://www.iryou.teikyouseido.mhlw.go.jp/znk-web/juminkanja/S2430/initialize?prefCd=34&kikanCd=7340011630&kikanKbn=5", "url2": "https://www.mint-pharmacy.jp", "内容": "すばる薬局【5:薬局】広島県尾道市栗原町９６５０－１０" }, "geometry": { "type": "Point", "coordinates": [ 133.191616, 34.43413 ] } },
{ "type": "Feature", "properties": { "ID": 3457340011660, "正式名称": "アイカ薬局", "機関区分": 5, "都道府県コード": 34, "市区町村コード": 205, "所在地": "広島県尾道市栗原西１－９－１６", "緯度": 34.409133, "経度": 133.187757, "url": "https://www.iryou.teikyouseido.mhlw.go.jp/znk-web/juminkanja/S2430/initialize?prefCd=34&kikanCd=7340011660&kikanKbn=5", "url2": null, "内容": "アイカ薬局【5:薬局】広島県尾道市栗原西１－９－１６" }, "geometry": { "type": "Point", "coordinates": [ 133.187757, 34.409133 ] } },
{ "type": "Feature", "properties": { "ID": 3457340011670, "正式名称": "全快堂薬局　尾道店", "機関区分": 5, "都道府県コード": 34, "市区町村コード": 205, "所在地": "広島県尾道市栗原西二丁目５－１０", "緯度": 34.412882, "経度": 133.188701, "url": "https://www.iryou.teikyouseido.mhlw.go.jp/znk-web/juminkanja/S2430/initialize?prefCd=34&kikanCd=7340011670&kikanKbn=5", "url2": "http://www.zenkaidou.co.jp/", "内容": "全快堂薬局　尾道店【5:薬局】広島県尾道市栗原西二丁目５－１０" }, "geometry": { "type": "Point", "coordinates": [ 133.188701, 34.412882 ] } },
{ "type": "Feature", "properties": { "ID": 3457340011680, "正式名称": "さくら薬局", "機関区分": 5, "都道府県コード": 34, "市区町村コード": 205, "所在地": "広島県尾道市栗原西二丁目３－１１", "緯度": 34.411466, "経度": 133.187645, "url": "https://www.iryou.teikyouseido.mhlw.go.jp/znk-web/juminkanja/S2430/initialize?prefCd=34&kikanCd=7340011680&kikanKbn=5", "url2": null, "内容": "さくら薬局【5:薬局】広島県尾道市栗原西二丁目３－１１" }, "geometry": { "type": "Point", "coordinates": [ 133.187645, 34.411466 ] } },
{ "type": "Feature", "properties": { "ID": 3457340011750, "正式名称": "古浜薬局", "機関区分": 5, "都道府県コード": 34, "市区町村コード": 205, "所在地": "広島県尾道市古浜町６－２３", "緯度": 34.399245, "経度": 133.174425, "url": "https://www.iryou.teikyouseido.mhlw.go.jp/znk-web/juminkanja/S2430/initialize?prefCd=34&kikanCd=7340011750&kikanKbn=5", "url2": "http://www.astes.net/innosima/", "内容": "古浜薬局【5:薬局】広島県尾道市古浜町６－２３" }, "geometry": { "type": "Point", "coordinates": [ 133.174425, 34.399245 ] } },
{ "type": "Feature", "properties": { "ID": 3457340011780, "正式名称": "三北調剤薬局", "機関区分": 5, "都道府県コード": 34, "市区町村コード": 205, "所在地": "広島県尾道市三軒家町１７－１４", "緯度": 34.408216, "経度": 133.19034, "url": "https://www.iryou.teikyouseido.mhlw.go.jp/znk-web/juminkanja/S2430/initialize?prefCd=34&kikanCd=7340011780&kikanKbn=5", "url2": null, "内容": "三北調剤薬局【5:薬局】広島県尾道市三軒家町１７－１４" }, "geometry": { "type": "Point", "coordinates": [ 133.19034, 34.408216 ] } },
{ "type": "Feature", "properties": { "ID": 3457340011830, "正式名称": "共立薬局", "機関区分": 5, "都道府県コード": 34, "市区町村コード": 205, "所在地": "広島県尾道市新浜一丁目１４－２２", "緯度": 34.40055, "経度": 133.180369, "url": "https://www.iryou.teikyouseido.mhlw.go.jp/znk-web/juminkanja/S2430/initialize?prefCd=34&kikanCd=7340011830&kikanKbn=5", "url2": null, "内容": "共立薬局【5:薬局】広島県尾道市新浜一丁目１４－２２" }, "geometry": { "type": "Point", "coordinates": [ 133.180369, 34.40055 ] } },
{ "type": "Feature", "properties": { "ID": 3457340011840, "正式名称": "あおぞら薬局", "機関区分": 5, "都道府県コード": 34, "市区町村コード": 205, "所在地": "広島県尾道市新浜一丁目９－１", "緯度": 34.401411, "経度": 133.183091, "url": "https://www.iryou.teikyouseido.mhlw.go.jp/znk-web/juminkanja/S2430/initialize?prefCd=34&kikanCd=7340011840&kikanKbn=5", "url2": "https://www.kusurinomadoguchi.com/hiroshima/s119060", "内容": "あおぞら薬局【5:薬局】広島県尾道市新浜一丁目９－１" }, "geometry": { "type": "Point", "coordinates": [ 133.183091, 34.401411 ] } },
{ "type": "Feature", "properties": { "ID": 3457340011850, "正式名称": "アイカ新浜薬局", "機関区分": 5, "都道府県コード": 34, "市区町村コード": 205, "所在地": "広島県尾道市新浜２丁目２－１", "緯度": 34.401022, "経度": 133.179869, "url": "https://www.iryou.teikyouseido.mhlw.go.jp/znk-web/juminkanja/S2430/initialize?prefCd=34&kikanCd=7340011850&kikanKbn=5", "url2": null, "内容": "アイカ新浜薬局【5:薬局】広島県尾道市新浜２丁目２－１" }, "geometry": { "type": "Point", "coordinates": [ 133.179869, 34.401022 ] } },
{ "type": "Feature", "properties": { "ID": 3457340011860, "正式名称": "瀬戸田調剤薬局", "機関区分": 5, "都道府県コード": 34, "市区町村コード": 205, "所在地": "広島県尾道市瀬戸田町瀬戸田３１３－１", "緯度": 34.303059, "経度": 133.084159, "url": "https://www.iryou.teikyouseido.mhlw.go.jp/znk-web/juminkanja/S2430/initialize?prefCd=34&kikanCd=7340011860&kikanKbn=5", "url2": "http://www.innoshima-ph.com/", "内容": "瀬戸田調剤薬局【5:薬局】広島県尾道市瀬戸田町瀬戸田３１３－１" }, "geometry": { "type": "Point", "coordinates": [ 133.084159, 34.303059 ] } },
{ "type": "Feature", "properties": { "ID": 3457340011910, "正式名称": "アプコ東尾道薬局", "機関区分": 5, "都道府県コード": 34, "市区町村コード": 205, "所在地": "広島県尾道市高須町５７３８", "緯度": 34.429392, "経度": 133.233338, "url": "https://www.iryou.teikyouseido.mhlw.go.jp/znk-web/juminkanja/S2430/initialize?prefCd=34&kikanCd=7340011910&kikanKbn=5", "url2": "https://www.apco-group.jp/", "内容": "アプコ東尾道薬局【5:薬局】広島県尾道市高須町５７３８" }, "geometry": { "type": "Point", "coordinates": [ 133.233338, 34.429392 ] } },
{ "type": "Feature", "properties": { "ID": 3457340011920, "正式名称": "あんず薬局", "機関区分": 5, "都道府県コード": 34, "市区町村コード": 205, "所在地": "広島県尾道市高須町４７６３－１９", "緯度": 34.435603, "経度": 133.237612, "url": "https://www.iryou.teikyouseido.mhlw.go.jp/znk-web/juminkanja/S2430/initialize?prefCd=34&kikanCd=7340011920&kikanKbn=5", "url2": "http://tower-medical.jp/anzu/", "内容": "あんず薬局【5:薬局】広島県尾道市高須町４７６３－１９" }, "geometry": { "type": "Point", "coordinates": [ 133.237612, 34.435603 ] } },
{ "type": "Feature", "properties": { "ID": 3457340011930, "正式名称": "アロマ薬局　東新涯店", "機関区分": 5, "都道府県コード": 34, "市区町村コード": 205, "所在地": "広島県尾道市高須町４７５５－５", "緯度": 34.437408, "経度": 133.236473, "url": "https://www.iryou.teikyouseido.mhlw.go.jp/znk-web/juminkanja/S2430/initialize?prefCd=34&kikanCd=7340011930&kikanKbn=5", "url2": "https://damo19820919.wixsite.com/aromayakkyokuonomiti", "内容": "アロマ薬局　東新涯店【5:薬局】広島県尾道市高須町４７５５－５" }, "geometry": { "type": "Point", "coordinates": [ 133.236473, 34.437408 ] } },
{ "type": "Feature", "properties": { "ID": 3457340011940, "正式名称": "高須薬局", "機関区分": 5, "都道府県コード": 34, "市区町村コード": 205, "所在地": "広島県尾道市高須町１２８８－７", "緯度": 34.430048, "経度": 133.227669, "url": "https://www.iryou.teikyouseido.mhlw.go.jp/znk-web/juminkanja/S2430/initialize?prefCd=34&kikanCd=7340011940&kikanKbn=5", "url2": "https://www.onomichi-medicine.jp", "内容": "高須薬局【5:薬局】広島県尾道市高須町１２８８－７" }, "geometry": { "type": "Point", "coordinates": [ 133.227669, 34.430048 ] } },
{ "type": "Feature", "properties": { "ID": 3457340011950, "正式名称": "白金薬局", "機関区分": 5, "都道府県コード": 34, "市区町村コード": 205, "所在地": "広島県尾道市高須町１３８２－１", "緯度": 34.426854, "経度": 133.226753, "url": "https://www.iryou.teikyouseido.mhlw.go.jp/znk-web/juminkanja/S2430/initialize?prefCd=34&kikanCd=7340011950&kikanKbn=5", "url2": "http://www.e-classa.net/shirogane/", "内容": "白金薬局【5:薬局】広島県尾道市高須町１３８２－１" }, "geometry": { "type": "Point", "coordinates": [ 133.226753, 34.426854 ] } },
{ "type": "Feature", "properties": { "ID": 3457340011960, "正式名称": "ありす薬局　東尾道店", "機関区分": 5, "都道府県コード": 34, "市区町村コード": 205, "所在地": "広島県尾道市高須町４７５４－５", "緯度": 34.437492, "経度": 133.23589, "url": "https://www.iryou.teikyouseido.mhlw.go.jp/znk-web/juminkanja/S2430/initialize?prefCd=34&kikanCd=7340011960&kikanKbn=5", "url2": "0", "内容": "ありす薬局　東尾道店【5:薬局】広島県尾道市高須町４７５４－５" }, "geometry": { "type": "Point", "coordinates": [ 133.23589, 34.437492 ] } },
{ "type": "Feature", "properties": { "ID": 3457340011970, "正式名称": "たかね薬局", "機関区分": 5, "都道府県コード": 34, "市区町村コード": 205, "所在地": "広島県尾道市高須町　９２４－５", "緯度": 34.436489, "経度": 133.229177, "url": "https://www.iryou.teikyouseido.mhlw.go.jp/znk-web/juminkanja/S2430/initialize?prefCd=34&kikanCd=7340011970&kikanKbn=5", "url2": null, "内容": "たかね薬局【5:薬局】広島県尾道市高須町　９２４－５" }, "geometry": { "type": "Point", "coordinates": [ 133.229177, 34.436489 ] } },
{ "type": "Feature", "properties": { "ID": 3457340011980, "正式名称": "アプコ高須薬局", "機関区分": 5, "都道府県コード": 34, "市区町村コード": 205, "所在地": "広島県尾道市高須町４７７４－１", "緯度": 34.434214, "経度": 133.233446, "url": "https://www.iryou.teikyouseido.mhlw.go.jp/znk-web/juminkanja/S2430/initialize?prefCd=34&kikanCd=7340011980&kikanKbn=5", "url2": "http://www.apco-group.jp/", "内容": "アプコ高須薬局【5:薬局】広島県尾道市高須町４７７４－１" }, "geometry": { "type": "Point", "coordinates": [ 133.233446, 34.434214 ] } },
{ "type": "Feature", "properties": { "ID": 3457340012000, "正式名称": "東尾道薬局", "機関区分": 5, "都道府県コード": 34, "市区町村コード": 205, "所在地": "広島県尾道市高須町西新涯５５９８－３", "緯度": 34.433436, "経度": 133.223669, "url": "https://www.iryou.teikyouseido.mhlw.go.jp/znk-web/juminkanja/S2430/initialize?prefCd=34&kikanCd=7340012000&kikanKbn=5", "url2": null, "内容": "東尾道薬局【5:薬局】広島県尾道市高須町西新涯５５９８－３" }, "geometry": { "type": "Point", "coordinates": [ 133.223669, 34.433436 ] } },
{ "type": "Feature", "properties": { "ID": 3457340012010, "正式名称": "杉原薬局", "機関区分": 5, "都道府県コード": 34, "市区町村コード": 205, "所在地": "広島県尾道市土堂１丁目１番１２号", "緯度": 34.406078, "経度": 133.196117, "url": "https://www.iryou.teikyouseido.mhlw.go.jp/znk-web/juminkanja/S2430/initialize?prefCd=34&kikanCd=7340012010&kikanKbn=5", "url2": null, "内容": "杉原薬局【5:薬局】広島県尾道市土堂１丁目１番１２号" }, "geometry": { "type": "Point", "coordinates": [ 133.196117, 34.406078 ] } },
{ "type": "Feature", "properties": { "ID": 3457340012020, "正式名称": "アプコ中央薬局", "機関区分": 5, "都道府県コード": 34, "市区町村コード": 205, "所在地": "広島県尾道市土堂二丁目６－１８", "緯度": 34.407772, "経度": 133.201506, "url": "https://www.iryou.teikyouseido.mhlw.go.jp/znk-web/juminkanja/S2430/initialize?prefCd=34&kikanCd=7340012020&kikanKbn=5", "url2": "http://www.apco-group.jp/", "内容": "アプコ中央薬局【5:薬局】広島県尾道市土堂二丁目６－１８" }, "geometry": { "type": "Point", "coordinates": [ 133.201506, 34.407772 ] } },
{ "type": "Feature", "properties": { "ID": 3457340012050, "正式名称": "厚仁堂薬局", "機関区分": 5, "都道府県コード": 34, "市区町村コード": 205, "所在地": "広島県尾道市土堂二丁目４－２５", "緯度": 34.408911, "経度": 133.20295, "url": "https://www.iryou.teikyouseido.mhlw.go.jp/znk-web/juminkanja/S2430/initialize?prefCd=34&kikanCd=7340012050&kikanKbn=5", "url2": null, "内容": "厚仁堂薬局【5:薬局】広島県尾道市土堂二丁目４－２５" }, "geometry": { "type": "Point", "coordinates": [ 133.20295, 34.408911 ] } },
{ "type": "Feature", "properties": { "ID": 3457340012100, "正式名称": "麻生中央薬局", "機関区分": 5, "都道府県コード": 34, "市区町村コード": 205, "所在地": "広島県尾道市十四日元町６－１２", "緯度": 34.409188, "経度": 133.2037, "url": "https://www.iryou.teikyouseido.mhlw.go.jp/znk-web/juminkanja/S2430/initialize?prefCd=34&kikanCd=7340012100&kikanKbn=5", "url2": null, "内容": "麻生中央薬局【5:薬局】広島県尾道市十四日元町６－１２" }, "geometry": { "type": "Point", "coordinates": [ 133.2037, 34.409188 ] } },
{ "type": "Feature", "properties": { "ID": 3457340012110, "正式名称": "有限会社　天満屋薬局", "機関区分": 5, "都道府県コード": 34, "市区町村コード": 205, "所在地": "広島県尾道市十四日元町５－８", "緯度": 34.409355, "経度": 133.203422, "url": "https://www.iryou.teikyouseido.mhlw.go.jp/znk-web/juminkanja/S2430/initialize?prefCd=34&kikanCd=7340012110&kikanKbn=5", "url2": null, "内容": "有限会社　天満屋薬局【5:薬局】広島県尾道市十四日元町５－８" }, "geometry": { "type": "Point", "coordinates": [ 133.203422, 34.409355 ] } },
{ "type": "Feature", "properties": { "ID": 3457340012140, "正式名称": "ファーマシィ薬局　尾道", "機関区分": 5, "都道府県コード": 34, "市区町村コード": 205, "所在地": "広島県尾道市西御所町６－２７", "緯度": 34.40255, "経度": 133.18934, "url": "https://www.iryou.teikyouseido.mhlw.go.jp/znk-web/juminkanja/S2430/initialize?prefCd=34&kikanCd=7340012140&kikanKbn=5", "url2": "http://www.pharmacy-net.co.jp/aiming/", "内容": "ファーマシィ薬局　尾道【5:薬局】広島県尾道市西御所町６－２７" }, "geometry": { "type": "Point", "coordinates": [ 133.18934, 34.40255 ] } },
{ "type": "Feature", "properties": { "ID": 3457340012160, "正式名称": "東元町薬局", "機関区分": 5, "都道府県コード": 34, "市区町村コード": 205, "所在地": "広島県尾道市東元町２５－１８", "緯度": 34.400383, "経度": 133.171869, "url": "https://www.iryou.teikyouseido.mhlw.go.jp/znk-web/juminkanja/S2430/initialize?prefCd=34&kikanCd=7340012160&kikanKbn=5", "url2": null, "内容": "東元町薬局【5:薬局】広島県尾道市東元町２５－１８" }, "geometry": { "type": "Point", "coordinates": [ 133.171869, 34.400383 ] } },
{ "type": "Feature", "properties": { "ID": 3457340012170, "正式名称": "ファーマシィ薬局あすなろ", "機関区分": 5, "都道府県コード": 34, "市区町村コード": 205, "所在地": "広島県尾道市御調町市１０６", "緯度": 34.516201, "経度": 133.148719, "url": "https://www.iryou.teikyouseido.mhlw.go.jp/znk-web/juminkanja/S2430/initialize?prefCd=34&kikanCd=7340012170&kikanKbn=5", "url2": "http://www.pharmacy-net.co.jp", "内容": "ファーマシィ薬局あすなろ【5:薬局】広島県尾道市御調町市１０６" }, "geometry": { "type": "Point", "coordinates": [ 133.148719, 34.516201 ] } },
{ "type": "Feature", "properties": { "ID": 3457340012220, "正式名称": "かわち薬局", "機関区分": 5, "都道府県コード": 34, "市区町村コード": 205, "所在地": "広島県尾道市御調町丸河南字友末５９５－４", "緯度": 34.496678, "経度": 133.120536, "url": "https://www.iryou.teikyouseido.mhlw.go.jp/znk-web/juminkanja/S2430/initialize?prefCd=34&kikanCd=7340012220&kikanKbn=5", "url2": null, "内容": "かわち薬局【5:薬局】広島県尾道市御調町丸河南字友末５９５－４" }, "geometry": { "type": "Point", "coordinates": [ 133.120536, 34.496678 ] } },
{ "type": "Feature", "properties": { "ID": 3457340012240, "正式名称": "スマイル薬局", "機関区分": 5, "都道府県コード": 34, "市区町村コード": 205, "所在地": "広島県尾道市美ノ郷町三成２２６－４", "緯度": 34.452156, "経度": 133.197087, "url": "https://www.iryou.teikyouseido.mhlw.go.jp/znk-web/juminkanja/S2430/initialize?prefCd=34&kikanCd=7340012240&kikanKbn=5", "url2": null, "内容": "スマイル薬局【5:薬局】広島県尾道市美ノ郷町三成２２６－４" }, "geometry": { "type": "Point", "coordinates": [ 133.197087, 34.452156 ] } },
{ "type": "Feature", "properties": { "ID": 3457340012260, "正式名称": "花みずき薬局", "機関区分": 5, "都道府県コード": 34, "市区町村コード": 205, "所在地": "広島県尾道市向島町５４５４－２", "緯度": 34.396551, "経度": 133.200312, "url": "https://www.iryou.teikyouseido.mhlw.go.jp/znk-web/juminkanja/S2430/initialize?prefCd=34&kikanCd=7340012260&kikanKbn=5", "url2": "http://www.ts-nishicho.com/", "内容": "花みずき薬局【5:薬局】広島県尾道市向島町５４５４－２" }, "geometry": { "type": "Point", "coordinates": [ 133.200312, 34.396551 ] } },
{ "type": "Feature", "properties": { "ID": 3457340012270, "正式名称": "有限会社兼吉調剤薬局", "機関区分": 5, "都道府県コード": 34, "市区町村コード": 205, "所在地": "広島県尾道市向島町５７６－３", "緯度": 34.401995, "経度": 133.203339, "url": "https://www.iryou.teikyouseido.mhlw.go.jp/znk-web/juminkanja/S2430/initialize?prefCd=34&kikanCd=7340012270&kikanKbn=5", "url2": null, "内容": "有限会社兼吉調剤薬局【5:薬局】広島県尾道市向島町５７６－３" }, "geometry": { "type": "Point", "coordinates": [ 133.203339, 34.401995 ] } },
{ "type": "Feature", "properties": { "ID": 3457340012300, "正式名称": "株式会社　戸田栄光堂薬局", "機関区分": 5, "都道府県コード": 34, "市区町村コード": 205, "所在地": "広島県尾道市向島町１４", "緯度": 34.402967, "経度": 133.203228, "url": "https://www.iryou.teikyouseido.mhlw.go.jp/znk-web/juminkanja/S2430/initialize?prefCd=34&kikanCd=7340012300&kikanKbn=5", "url2": null, "内容": "株式会社　戸田栄光堂薬局【5:薬局】広島県尾道市向島町１４" }, "geometry": { "type": "Point", "coordinates": [ 133.203228, 34.402967 ] } },
{ "type": "Feature", "properties": { "ID": 3457340012310, "正式名称": "らん薬局", "機関区分": 5, "都道府県コード": 34, "市区町村コード": 205, "所在地": "広島県尾道市向島町５９０１－３", "緯度": 34.392746, "経度": 133.196007, "url": "https://www.iryou.teikyouseido.mhlw.go.jp/znk-web/juminkanja/S2430/initialize?prefCd=34&kikanCd=7340012310&kikanKbn=5", "url2": null, "内容": "らん薬局【5:薬局】広島県尾道市向島町５９０１－３" }, "geometry": { "type": "Point", "coordinates": [ 133.196007, 34.392746 ] } },
{ "type": "Feature", "properties": { "ID": 3457340012340, "正式名称": "漢方健仁堂薬局", "機関区分": 5, "都道府県コード": 34, "市区町村コード": 205, "所在地": "広島県尾道市向東町１０１４－５", "緯度": 34.400041, "経度": 133.207067, "url": "https://www.iryou.teikyouseido.mhlw.go.jp/znk-web/juminkanja/S2430/initialize?prefCd=34&kikanCd=7340012340&kikanKbn=5", "url2": null, "内容": "漢方健仁堂薬局【5:薬局】広島県尾道市向東町１０１４－５" }, "geometry": { "type": "Point", "coordinates": [ 133.207067, 34.400041 ] } },
{ "type": "Feature", "properties": { "ID": 3457340012350, "正式名称": "よこた薬局", "機関区分": 5, "都道府県コード": 34, "市区町村コード": 205, "所在地": "広島県尾道市向東町３５６８－１", "緯度": 34.398579, "経度": 133.217338, "url": "https://www.iryou.teikyouseido.mhlw.go.jp/znk-web/juminkanja/S2430/initialize?prefCd=34&kikanCd=7340012350&kikanKbn=5", "url2": null, "内容": "よこた薬局【5:薬局】広島県尾道市向東町３５６８－１" }, "geometry": { "type": "Point", "coordinates": [ 133.217338, 34.398579 ] } },
{ "type": "Feature", "properties": { "ID": 3457340012380, "正式名称": "門田薬局", "機関区分": 5, "都道府県コード": 34, "市区町村コード": 205, "所在地": "広島県尾道市門田町１－４１", "緯度": 34.416162, "経度": 133.186495, "url": "https://www.iryou.teikyouseido.mhlw.go.jp/znk-web/juminkanja/S2430/initialize?prefCd=34&kikanCd=7340012380&kikanKbn=5", "url2": null, "内容": "門田薬局【5:薬局】広島県尾道市門田町１－４１" }, "geometry": { "type": "Point", "coordinates": [ 133.186495, 34.416162 ] } },
{ "type": "Feature", "properties": { "ID": 3457340012410, "正式名称": "アロー薬局　甲山店", "機関区分": 5, "都道府県コード": 34, "市区町村コード": 462, "所在地": "広島県世羅郡世羅町西上原字流４８２－３", "緯度": 34.588972, "経度": 133.060703, "url": "https://www.iryou.teikyouseido.mhlw.go.jp/znk-web/juminkanja/S2430/initialize?prefCd=34&kikanCd=7340012410&kikanKbn=5", "url2": "http://hiroshima-arrow.com/", "内容": "アロー薬局　甲山店【5:薬局】広島県世羅郡世羅町西上原字流４８２－３" }, "geometry": { "type": "Point", "coordinates": [ 133.060703, 34.588972 ] } },
{ "type": "Feature", "properties": { "ID": 3457340012420, "正式名称": "ファーマシィ薬局　せら", "機関区分": 5, "都道府県コード": 34, "市区町村コード": 462, "所在地": "広島県世羅郡世羅町本郷８２２－１３", "緯度": 34.590805, "経度": 133.047204, "url": "https://www.iryou.teikyouseido.mhlw.go.jp/znk-web/juminkanja/S2430/initialize?prefCd=34&kikanCd=7340012420&kikanKbn=5", "url2": "http://www.pharmacy-net.co.jp/", "内容": "ファーマシィ薬局　せら【5:薬局】広島県世羅郡世羅町本郷８２２－１３" }, "geometry": { "type": "Point", "coordinates": [ 133.047204, 34.590805 ] } },
{ "type": "Feature", "properties": { "ID": 3457340012440, "正式名称": "いとう薬局", "機関区分": 5, "都道府県コード": 34, "市区町村コード": 462, "所在地": "広島県世羅郡世羅町本郷　５－２", "緯度": 34.585419, "経度": 133.052725, "url": "https://www.iryou.teikyouseido.mhlw.go.jp/znk-web/juminkanja/S2430/initialize?prefCd=34&kikanCd=7340012440&kikanKbn=5", "url2": null, "内容": "いとう薬局【5:薬局】広島県世羅郡世羅町本郷　５－２" }, "geometry": { "type": "Point", "coordinates": [ 133.052725, 34.585419 ] } },
{ "type": "Feature", "properties": { "ID": 3457340012460, "正式名称": "エンゼル薬局　世羅店", "機関区分": 5, "都道府県コード": 34, "市区町村コード": 462, "所在地": "広島県世羅郡世羅町本郷９４２－４", "緯度": 34.58608, "経度": 133.044995, "url": "https://www.iryou.teikyouseido.mhlw.go.jp/znk-web/juminkanja/S2430/initialize?prefCd=34&kikanCd=7340012460&kikanKbn=5", "url2": "http://www.angel-ph.jp", "内容": "エンゼル薬局　世羅店【5:薬局】広島県世羅郡世羅町本郷９４２－４" }, "geometry": { "type": "Point", "coordinates": [ 133.044995, 34.58608 ] } },
{ "type": "Feature", "properties": { "ID": 3457340012510, "正式名称": "モリオ薬局", "機関区分": 5, "都道府県コード": 34, "市区町村コード": 204, "所在地": "広島県三原市円一町１丁目１番７号", "緯度": 34.393677, "経度": 133.078773, "url": "https://www.iryou.teikyouseido.mhlw.go.jp/znk-web/juminkanja/S2430/initialize?prefCd=34&kikanCd=7340012510&kikanKbn=5", "url2": null, "内容": "モリオ薬局【5:薬局】広島県三原市円一町１丁目１番７号" }, "geometry": { "type": "Point", "coordinates": [ 133.078773, 34.393677 ] } },
{ "type": "Feature", "properties": { "ID": 3457340012520, "正式名称": "有限会社　久井シンポ薬局", "機関区分": 5, "都道府県コード": 34, "市区町村コード": 204, "所在地": "広島県三原市久井町江木８２－５", "緯度": 34.540586, "経度": 133.036788, "url": "https://www.iryou.teikyouseido.mhlw.go.jp/znk-web/juminkanja/S2430/initialize?prefCd=34&kikanCd=7340012520&kikanKbn=5", "url2": "http://kui-shinpo.com", "内容": "有限会社　久井シンポ薬局【5:薬局】広島県三原市久井町江木８２－５" }, "geometry": { "type": "Point", "coordinates": [ 133.036788, 34.540586 ] } },
{ "type": "Feature", "properties": { "ID": 3457340012550, "正式名称": "幸崎調剤薬局", "機関区分": 5, "都道府県コード": 34, "市区町村コード": 204, "所在地": "広島県三原市幸崎能地４－１０－２２", "緯度": 34.33611, "経度": 133.034634, "url": "https://www.iryou.teikyouseido.mhlw.go.jp/znk-web/juminkanja/S2430/initialize?prefCd=34&kikanCd=7340012550&kikanKbn=5", "url2": null, "内容": "幸崎調剤薬局【5:薬局】広島県三原市幸崎能地４－１０－２２" }, "geometry": { "type": "Point", "coordinates": [ 133.034634, 34.33611 ] } },
{ "type": "Feature", "properties": { "ID": 3457340012590, "正式名称": "なの花薬局　セトピア店", "機関区分": 5, "都道府県コード": 34, "市区町村コード": 204, "所在地": "広島県三原市城町一丁目１３－５", "緯度": 34.397826, "経度": 133.084988, "url": "https://www.iryou.teikyouseido.mhlw.go.jp/znk-web/juminkanja/S2430/initialize?prefCd=34&kikanCd=7340012590&kikanKbn=5", "url2": "https://www.nanohana-ph.jp/", "内容": "なの花薬局　セトピア店【5:薬局】広島県三原市城町一丁目１３－５" }, "geometry": { "type": "Point", "coordinates": [ 133.084988, 34.397826 ] } },
{ "type": "Feature", "properties": { "ID": 3457340012630, "正式名称": "有限会社マツオ薬局", "機関区分": 5, "都道府県コード": 34, "市区町村コード": 204, "所在地": "広島県三原市城町二丁目７－１", "緯度": 34.40041, "経度": 133.088126, "url": "https://www.iryou.teikyouseido.mhlw.go.jp/znk-web/juminkanja/S2430/initialize?prefCd=34&kikanCd=7340012630&kikanKbn=5", "url2": null, "内容": "有限会社マツオ薬局【5:薬局】広島県三原市城町二丁目７－１" }, "geometry": { "type": "Point", "coordinates": [ 133.088126, 34.40041 ] } },
{ "type": "Feature", "properties": { "ID": 3457340012690, "正式名称": "ほのか薬局", "機関区分": 5, "都道府県コード": 34, "市区町村コード": 204, "所在地": "広島県三原市宗郷一丁目３－３０", "緯度": 34.386244, "経度": 133.066212, "url": "https://www.iryou.teikyouseido.mhlw.go.jp/znk-web/juminkanja/S2430/initialize?prefCd=34&kikanCd=7340012690&kikanKbn=5", "url2": "http://www.e-classa.net/honoka/", "内容": "ほのか薬局【5:薬局】広島県三原市宗郷一丁目３－３０" }, "geometry": { "type": "Point", "coordinates": [ 133.066212, 34.386244 ] } },
{ "type": "Feature", "properties": { "ID": 3457340012700, "正式名称": "フジ薬局", "機関区分": 5, "都道府県コード": 34, "市区町村コード": 204, "所在地": "広島県三原市宗郷３丁目３－８", "緯度": 34.385911, "経度": 133.061574, "url": "https://www.iryou.teikyouseido.mhlw.go.jp/znk-web/juminkanja/S2430/initialize?prefCd=34&kikanCd=7340012700&kikanKbn=5", "url2": null, "内容": "フジ薬局【5:薬局】広島県三原市宗郷３丁目３－８" }, "geometry": { "type": "Point", "coordinates": [ 133.061574, 34.385911 ] } },
{ "type": "Feature", "properties": { "ID": 3457340012710, "正式名称": "大和薬局", "機関区分": 5, "都道府県コード": 34, "市区町村コード": 204, "所在地": "広島県三原市大和町下徳良１８９５－４", "緯度": 34.544836, "経度": 132.950409, "url": "https://www.iryou.teikyouseido.mhlw.go.jp/znk-web/juminkanja/S2430/initialize?prefCd=34&kikanCd=7340012710&kikanKbn=5", "url2": "https://www.miyoshi-pharmacy1974.com/home", "内容": "大和薬局【5:薬局】広島県三原市大和町下徳良１８９５－４" }, "geometry": { "type": "Point", "coordinates": [ 132.950409, 34.544836 ] } },
{ "type": "Feature", "properties": { "ID": 3457340012740, "正式名称": "多森薬局", "機関区分": 5, "都道府県コード": 34, "市区町村コード": 204, "所在地": "広島県三原市中之町２丁目１番２３号", "緯度": 34.407981, "経度": 133.094121, "url": "https://www.iryou.teikyouseido.mhlw.go.jp/znk-web/juminkanja/S2430/initialize?prefCd=34&kikanCd=7340012740&kikanKbn=5", "url2": null, "内容": "多森薬局【5:薬局】広島県三原市中之町２丁目１番２３号" }, "geometry": { "type": "Point", "coordinates": [ 133.094121, 34.407981 ] } },
{ "type": "Feature", "properties": { "ID": 3457340012750, "正式名称": "平井薬局", "機関区分": 5, "都道府県コード": 34, "市区町村コード": 204, "所在地": "広島県三原市中之町三丁目１４－１５", "緯度": 34.41202, "経度": 133.100458, "url": "https://www.iryou.teikyouseido.mhlw.go.jp/znk-web/juminkanja/S2430/initialize?prefCd=34&kikanCd=7340012750&kikanKbn=5", "url2": null, "内容": "平井薬局【5:薬局】広島県三原市中之町三丁目１４－１５" }, "geometry": { "type": "Point", "coordinates": [ 133.100458, 34.41202 ] } },
{ "type": "Feature", "properties": { "ID": 3457340012770, "正式名称": "なのはな薬局", "機関区分": 5, "都道府県コード": 34, "市区町村コード": 204, "所在地": "広島県三原市沼田東町片島２２４－６", "緯度": 34.390965, "経度": 133.020966, "url": "https://www.iryou.teikyouseido.mhlw.go.jp/znk-web/juminkanja/S2430/initialize?prefCd=34&kikanCd=7340012770&kikanKbn=5", "url2": "https://www.nanohanapharmacy.jp/", "内容": "なのはな薬局【5:薬局】広島県三原市沼田東町片島２２４－６" }, "geometry": { "type": "Point", "coordinates": [ 133.020966, 34.390965 ] } },
{ "type": "Feature", "properties": { "ID": 3457340012790, "正式名称": "株式会社　全快堂　三原中央薬局", "機関区分": 5, "都道府県コード": 34, "市区町村コード": 204, "所在地": "広島県三原市東町二丁目１２－１７", "緯度": 34.402909, "経度": 133.089015, "url": "https://www.iryou.teikyouseido.mhlw.go.jp/znk-web/juminkanja/S2430/initialize?prefCd=34&kikanCd=7340012790&kikanKbn=5", "url2": "www.zenkaidou.co.jp/", "内容": "株式会社　全快堂　三原中央薬局【5:薬局】広島県三原市東町二丁目１２－１７" }, "geometry": { "type": "Point", "coordinates": [ 133.089015, 34.402909 ] } },
{ "type": "Feature", "properties": { "ID": 3457340012800, "正式名称": "一般社団法人　三原薬剤師会　センター薬局　日赤前店", "機関区分": 5, "都道府県コード": 34, "市区町村コード": 204, "所在地": "広島県三原市東町二丁目８－２", "緯度": 34.402659, "経度": 133.089071, "url": "https://www.iryou.teikyouseido.mhlw.go.jp/znk-web/juminkanja/S2430/initialize?prefCd=34&kikanCd=7340012800&kikanKbn=5", "url2": "https://miharayaku.net/", "内容": "一般社団法人　三原薬剤師会　センター薬局　日赤前店【5:薬局】広島県三原市東町二丁目８－２" }, "geometry": { "type": "Point", "coordinates": [ 133.089071, 34.402659 ] } },
{ "type": "Feature", "properties": { "ID": 3457340012850, "正式名称": "なの花薬局本町えびす店", "機関区分": 5, "都道府県コード": 34, "市区町村コード": 204, "所在地": "広島県三原市本町一丁目９－９", "緯度": 34.40102, "経度": 133.077211, "url": "https://www.iryou.teikyouseido.mhlw.go.jp/znk-web/juminkanja/S2430/initialize?prefCd=34&kikanCd=7340012850&kikanKbn=5", "url2": "http://www.msnw.co.jp/", "内容": "なの花薬局本町えびす店【5:薬局】広島県三原市本町一丁目９－９" }, "geometry": { "type": "Point", "coordinates": [ 133.077211, 34.40102 ] } },
{ "type": "Feature", "properties": { "ID": 3457340012870, "正式名称": "中央薬局", "機関区分": 5, "都道府県コード": 34, "市区町村コード": 204, "所在地": "広島県三原市本町三丁目１－７", "緯度": 34.401715, "経度": 133.080044, "url": "https://www.iryou.teikyouseido.mhlw.go.jp/znk-web/juminkanja/S2430/initialize?prefCd=34&kikanCd=7340012870&kikanKbn=5", "url2": null, "内容": "中央薬局【5:薬局】広島県三原市本町三丁目１－７" }, "geometry": { "type": "Point", "coordinates": [ 133.080044, 34.401715 ] } },
{ "type": "Feature", "properties": { "ID": 3457340012900, "正式名称": "有限会社　ときわ薬局", "機関区分": 5, "都道府県コード": 34, "市区町村コード": 204, "所在地": "広島県三原市港町１－２－２７", "緯度": 34.400104, "経度": 133.081405, "url": "https://www.iryou.teikyouseido.mhlw.go.jp/znk-web/juminkanja/S2430/initialize?prefCd=34&kikanCd=7340012900&kikanKbn=5", "url2": "http://www.tokiwa-pharmacy.com/", "内容": "有限会社　ときわ薬局【5:薬局】広島県三原市港町１－２－２７" }, "geometry": { "type": "Point", "coordinates": [ 133.081405, 34.400104 ] } },
{ "type": "Feature", "properties": { "ID": 3457340012920, "正式名称": "玉浦薬局", "機関区分": 5, "都道府県コード": 34, "市区町村コード": 204, "所在地": "広島県三原市港町三丁目２０－１９", "緯度": 34.398215, "経度": 133.077461, "url": "https://www.iryou.teikyouseido.mhlw.go.jp/znk-web/juminkanja/S2430/initialize?prefCd=34&kikanCd=7340012920&kikanKbn=5", "url2": null, "内容": "玉浦薬局【5:薬局】広島県三原市港町三丁目２０－１９" }, "geometry": { "type": "Point", "coordinates": [ 133.077461, 34.398215 ] } },
{ "type": "Feature", "properties": { "ID": 3457340012960, "正式名称": "第二晃栄薬局", "機関区分": 5, "都道府県コード": 34, "市区町村コード": 204, "所在地": "広島県三原市皆実６丁目　２０－１", "緯度": 34.390342, "経度": 133.067385, "url": "https://www.iryou.teikyouseido.mhlw.go.jp/znk-web/juminkanja/S2430/initialize?prefCd=34&kikanCd=7340012960&kikanKbn=5", "url2": null, "内容": "第二晃栄薬局【5:薬局】広島県三原市皆実６丁目　２０－１" }, "geometry": { "type": "Point", "coordinates": [ 133.067385, 34.390342 ] } },
{ "type": "Feature", "properties": { "ID": 3457340012970, "正式名称": "三原薬剤師会センター薬局", "機関区分": 5, "都道府県コード": 34, "市区町村コード": 204, "所在地": "広島県三原市宮浦一丁目２０－３６", "緯度": 34.39977, "経度": 133.064101, "url": "https://www.iryou.teikyouseido.mhlw.go.jp/znk-web/juminkanja/S2430/initialize?prefCd=34&kikanCd=7340012970&kikanKbn=5", "url2": "http://www.miharayaku.net/", "内容": "三原薬剤師会センター薬局【5:薬局】広島県三原市宮浦一丁目２０－３６" }, "geometry": { "type": "Point", "coordinates": [ 133.064101, 34.39977 ] } },
{ "type": "Feature", "properties": { "ID": 3457340012990, "正式名称": "有限会社　たんぽぽ薬局", "機関区分": 5, "都道府県コード": 34, "市区町村コード": 204, "所在地": "広島県三原市宮浦３丁目２１－８", "緯度": 34.398104, "経度": 133.068156, "url": "https://www.iryou.teikyouseido.mhlw.go.jp/znk-web/juminkanja/S2430/initialize?prefCd=34&kikanCd=7340012990&kikanKbn=5", "url2": null, "内容": "有限会社　たんぽぽ薬局【5:薬局】広島県三原市宮浦３丁目２１－８" }, "geometry": { "type": "Point", "coordinates": [ 133.068156, 34.398104 ] } },
{ "type": "Feature", "properties": { "ID": 3457340013040, "正式名称": "あおい薬局　株式会社", "機関区分": 5, "都道府県コード": 34, "市区町村コード": 204, "所在地": "広島県三原市宮沖二丁目６－１７", "緯度": 34.396632, "経度": 133.074489, "url": "https://www.iryou.teikyouseido.mhlw.go.jp/znk-web/juminkanja/S2430/initialize?prefCd=34&kikanCd=7340013040&kikanKbn=5", "url2": null, "内容": "あおい薬局　株式会社【5:薬局】広島県三原市宮沖二丁目６－１７" }, "geometry": { "type": "Point", "coordinates": [ 133.074489, 34.396632 ] } },
{ "type": "Feature", "properties": { "ID": 3457340013050, "正式名称": "ときわ薬局　宮沖店", "機関区分": 5, "都道府県コード": 34, "市区町村コード": 204, "所在地": "広島県三原市宮沖二丁目２－１０", "緯度": 34.396215, "経度": 133.075433, "url": "https://www.iryou.teikyouseido.mhlw.go.jp/znk-web/juminkanja/S2430/initialize?prefCd=34&kikanCd=7340013050&kikanKbn=5", "url2": null, "内容": "ときわ薬局　宮沖店【5:薬局】広島県三原市宮沖二丁目２－１０" }, "geometry": { "type": "Point", "coordinates": [ 133.075433, 34.396215 ] } },
{ "type": "Feature", "properties": { "ID": 3457340013070, "正式名称": "うきしろ薬局", "機関区分": 5, "都道府県コード": 34, "市区町村コード": 204, "所在地": "広島県三原市宮沖五丁目３－２０", "緯度": 34.391688, "経度": 133.074739, "url": "https://www.iryou.teikyouseido.mhlw.go.jp/znk-web/juminkanja/S2430/initialize?prefCd=34&kikanCd=7340013070&kikanKbn=5", "url2": "https://www.e-ciassa.net>ukishiro", "内容": "うきしろ薬局【5:薬局】広島県三原市宮沖五丁目３－２０" }, "geometry": { "type": "Point", "coordinates": [ 133.074739, 34.391688 ] } },
{ "type": "Feature", "properties": { "ID": 3457340013100, "正式名称": "しわち薬局", "機関区分": 5, "都道府県コード": 34, "市区町村コード": 209, "所在地": "広島県三次市下志和地町７０３－１", "緯度": 34.740896, "経度": 132.803468, "url": "https://www.iryou.teikyouseido.mhlw.go.jp/znk-web/juminkanja/S2430/initialize?prefCd=34&kikanCd=7340013100&kikanKbn=5", "url2": "http://www.ts-nishicho.com/", "内容": "しわち薬局【5:薬局】広島県三次市下志和地町７０３－１" }, "geometry": { "type": "Point", "coordinates": [ 132.803468, 34.740896 ] } },
{ "type": "Feature", "properties": { "ID": 3457340013130, "正式名称": "あかね薬局", "機関区分": 5, "都道府県コード": 34, "市区町村コード": 209, "所在地": "広島県三次市作木町下作木１５１０－２", "緯度": 34.869178, "経度": 132.705877, "url": "https://www.iryou.teikyouseido.mhlw.go.jp/znk-web/juminkanja/S2430/initialize?prefCd=34&kikanCd=7340013130&kikanKbn=5", "url2": null, "内容": "あかね薬局【5:薬局】広島県三次市作木町下作木１５１０－２" }, "geometry": { "type": "Point", "coordinates": [ 132.705877, 34.869178 ] } },
{ "type": "Feature", "properties": { "ID": 3457340013140, "正式名称": "杉田薬局", "機関区分": 5, "都道府県コード": 34, "市区町村コード": 209, "所在地": "広島県三次市三次町１０８６－１", "緯度": 34.816722, "経度": 132.846016, "url": "https://www.iryou.teikyouseido.mhlw.go.jp/znk-web/juminkanja/S2430/initialize?prefCd=34&kikanCd=7340013140&kikanKbn=5", "url2": null, "内容": "杉田薬局【5:薬局】広島県三次市三次町１０８６－１" }, "geometry": { "type": "Point", "coordinates": [ 132.846016, 34.816722 ] } },
{ "type": "Feature", "properties": { "ID": 3457340013160, "正式名称": "みらさか薬局", "機関区分": 5, "都道府県コード": 34, "市区町村コード": 209, "所在地": "広島県三次市三良坂町三良坂字高木２６３４－５", "緯度": 34.762896, "経度": 132.961592, "url": "https://www.iryou.teikyouseido.mhlw.go.jp/znk-web/juminkanja/S2430/initialize?prefCd=34&kikanCd=7340013160&kikanKbn=5", "url2": "https://www.tsnishicho.com/%E5%BA%97%E8%88%97%E6%A1%88%E5%86%85/%E3%81%BF%E3%82%89%E3%81%95%E3%81%8B%E8%96%AC%E5%B1%80/", "内容": "みらさか薬局【5:薬局】広島県三次市三良坂町三良坂字高木２６３４－５" }, "geometry": { "type": "Point", "coordinates": [ 132.961592, 34.762896 ] } },
{ "type": "Feature", "properties": { "ID": 3457340013170, "正式名称": "つくし薬局", "機関区分": 5, "都道府県コード": 34, "市区町村コード": 209, "所在地": "広島県三次市四拾貫町９－１", "緯度": 34.80303, "経度": 132.885208, "url": "https://www.iryou.teikyouseido.mhlw.go.jp/znk-web/juminkanja/S2430/initialize?prefCd=34&kikanCd=7340013170&kikanKbn=5", "url2": null, "内容": "つくし薬局【5:薬局】広島県三次市四拾貫町９－１" }, "geometry": { "type": "Point", "coordinates": [ 132.885208, 34.80303 ] } },
{ "type": "Feature", "properties": { "ID": 3457340013180, "正式名称": "有限会社　中本薬局プラザ店", "機関区分": 5, "都道府県コード": 34, "市区町村コード": 209, "所在地": "広島県三次市十日市中一丁目２－２", "緯度": 34.804218, "経度": 132.850746, "url": "https://www.iryou.teikyouseido.mhlw.go.jp/znk-web/juminkanja/S2430/initialize?prefCd=34&kikanCd=7340013180&kikanKbn=5", "url2": "nk-cc.com/", "内容": "有限会社　中本薬局プラザ店【5:薬局】広島県三次市十日市中一丁目２－２" }, "geometry": { "type": "Point", "coordinates": [ 132.850746, 34.804218 ] } },
{ "type": "Feature", "properties": { "ID": 3457340013190, "正式名称": "十日市薬局", "機関区分": 5, "都道府県コード": 34, "市区町村コード": 209, "所在地": "広島県三次市十日市中三丁目１１－２０", "緯度": 34.807529, "経度": 132.852961, "url": "https://www.iryou.teikyouseido.mhlw.go.jp/znk-web/juminkanja/S2430/initialize?prefCd=34&kikanCd=7340013190&kikanKbn=5", "url2": "http://www.ssmile.co.jp/", "内容": "十日市薬局【5:薬局】広島県三次市十日市中三丁目１１－２０" }, "geometry": { "type": "Point", "coordinates": [ 132.852961, 34.807529 ] } },
{ "type": "Feature", "properties": { "ID": 3457340013220, "正式名称": "ともえ薬局", "機関区分": 5, "都道府県コード": 34, "市区町村コード": 209, "所在地": "広島県三次市十日市中二丁目１０－２３", "緯度": 34.805279, "経度": 132.849933, "url": "https://www.iryou.teikyouseido.mhlw.go.jp/znk-web/juminkanja/S2430/initialize?prefCd=34&kikanCd=7340013220&kikanKbn=5", "url2": "http://www.e-classa.net/kusurinotomoe/index.html", "内容": "ともえ薬局【5:薬局】広島県三次市十日市中二丁目１０－２３" }, "geometry": { "type": "Point", "coordinates": [ 132.849933, 34.805279 ] } },
{ "type": "Feature", "properties": { "ID": 3457340013230, "正式名称": "ファーマシィ薬局三次", "機関区分": 5, "都道府県コード": 34, "市区町村コード": 209, "所在地": "広島県三次市十日市中二丁目１３－１", "緯度": 34.806223, "経度": 132.849961, "url": "https://www.iryou.teikyouseido.mhlw.go.jp/znk-web/juminkanja/S2430/initialize?prefCd=34&kikanCd=7340013230&kikanKbn=5", "url2": "http://www.pharmacy-net.co.jp/store/detail.php?store_no=1045", "内容": "ファーマシィ薬局三次【5:薬局】広島県三次市十日市中二丁目１３－１" }, "geometry": { "type": "Point", "coordinates": [ 132.849961, 34.806223 ] } },
{ "type": "Feature", "properties": { "ID": 3457340013280, "正式名称": "新家薬局", "機関区分": 5, "都道府県コード": 34, "市区町村コード": 209, "所在地": "広島県三次市十日市東五丁目１３－３７", "緯度": 34.806251, "経度": 132.863404, "url": "https://www.iryou.teikyouseido.mhlw.go.jp/znk-web/juminkanja/S2430/initialize?prefCd=34&kikanCd=7340013280&kikanKbn=5", "url2": null, "内容": "新家薬局【5:薬局】広島県三次市十日市東五丁目１３－３７" }, "geometry": { "type": "Point", "coordinates": [ 132.863404, 34.806251 ] } },
{ "type": "Feature", "properties": { "ID": 3457340013310, "正式名称": "サン薬局", "機関区分": 5, "都道府県コード": 34, "市区町村コード": 209, "所在地": "広島県三次市十日市東４－１－３０サングリーン１Ｆ", "緯度": 34.80414, "経度": 132.859516, "url": "https://www.iryou.teikyouseido.mhlw.go.jp/znk-web/juminkanja/S2430/initialize?prefCd=34&kikanCd=7340013310&kikanKbn=5", "url2": "www.kanpou-style.co.jp/", "内容": "サン薬局【5:薬局】広島県三次市十日市東４－１－３０サングリーン１Ｆ" }, "geometry": { "type": "Point", "coordinates": [ 132.859516, 34.80414 ] } },
{ "type": "Feature", "properties": { "ID": 3457340013330, "正式名称": "有限会社エヌ・イー・ピー　アリス薬局", "機関区分": 5, "都道府県コード": 34, "市区町村コード": 209, "所在地": "広島県三次市十日市東二丁目３－２０さくらビル１階", "緯度": 34.807473, "経度": 132.858877, "url": "https://www.iryou.teikyouseido.mhlw.go.jp/znk-web/juminkanja/S2430/initialize?prefCd=34&kikanCd=7340013330&kikanKbn=5", "url2": null, "内容": "有限会社エヌ・イー・ピー　アリス薬局【5:薬局】広島県三次市十日市東二丁目３－２０さくらビル１階" }, "geometry": { "type": "Point", "coordinates": [ 132.858877, 34.807473 ] } },
{ "type": "Feature", "properties": { "ID": 3457340013350, "正式名称": "ジュン政岡薬局　酒屋店", "機関区分": 5, "都道府県コード": 34, "市区町村コード": 209, "所在地": "広島県三次市東酒屋町３５４－１０", "緯度": 34.782532, "経度": 132.878293, "url": "https://www.iryou.teikyouseido.mhlw.go.jp/znk-web/juminkanja/S2430/initialize?prefCd=34&kikanCd=7340013350&kikanKbn=5", "url2": null, "内容": "ジュン政岡薬局　酒屋店【5:薬局】広島県三次市東酒屋町３５４－１０" }, "geometry": { "type": "Point", "coordinates": [ 132.878293, 34.782532 ] } },
{ "type": "Feature", "properties": { "ID": 3457340013360, "正式名称": "ファーマシィ薬局　三次センター", "機関区分": 5, "都道府県コード": 34, "市区町村コード": 209, "所在地": "広島県三次市東酒屋町５８６番５号", "緯度": 34.783392, "経度": 132.868988, "url": "https://www.iryou.teikyouseido.mhlw.go.jp/znk-web/juminkanja/S2430/initialize?prefCd=34&kikanCd=7340013360&kikanKbn=5", "url2": "http://www.pharmacy-net.co.jp/", "内容": "ファーマシィ薬局　三次センター【5:薬局】広島県三次市東酒屋町５８６番５号" }, "geometry": { "type": "Point", "coordinates": [ 132.868988, 34.783392 ] } },
{ "type": "Feature", "properties": { "ID": 3457340013370, "正式名称": "ウォンツ薬局　三次店", "機関区分": 5, "都道府県コード": 34, "市区町村コード": 209, "所在地": "広島県三次市南畑敷町１４０－２", "緯度": 34.804779, "経度": 132.87132, "url": "https://www.iryou.teikyouseido.mhlw.go.jp/znk-web/juminkanja/S2430/initialize?prefCd=34&kikanCd=7340013370&kikanKbn=5", "url2": "https://www.wants.co.jp/", "内容": "ウォンツ薬局　三次店【5:薬局】広島県三次市南畑敷町１４０－２" }, "geometry": { "type": "Point", "coordinates": [ 132.87132, 34.804779 ] } },
{ "type": "Feature", "properties": { "ID": 3457340013390, "正式名称": "はたじき薬局", "機関区分": 5, "都道府県コード": 34, "市区町村コード": 209, "所在地": "広島県三次市畠敷町８８６－６", "緯度": 34.810918, "経度": 132.880764, "url": "https://www.iryou.teikyouseido.mhlw.go.jp/znk-web/juminkanja/S2430/initialize?prefCd=34&kikanCd=7340013390&kikanKbn=5", "url2": null, "内容": "はたじき薬局【5:薬局】広島県三次市畠敷町８８６－６" }, "geometry": { "type": "Point", "coordinates": [ 132.880764, 34.810918 ] } },
{ "type": "Feature", "properties": { "ID": 3457340013400, "正式名称": "ぶどう薬局", "機関区分": 5, "都道府県コード": 34, "市区町村コード": 209, "所在地": "広島県三次市三次町１５４５", "緯度": 34.812382, "経度": 132.847179, "url": "https://www.iryou.teikyouseido.mhlw.go.jp/znk-web/juminkanja/S2430/initialize?prefCd=34&kikanCd=7340013400&kikanKbn=5", "url2": "https://nogata-medical.com", "内容": "ぶどう薬局【5:薬局】広島県三次市三次町１５４５" }, "geometry": { "type": "Point", "coordinates": [ 132.847179, 34.812382 ] } },
{ "type": "Feature", "properties": { "ID": 3457340013410, "正式名称": "あんず薬局", "機関区分": 5, "都道府県コード": 34, "市区町村コード": 210, "所在地": "広島県庄原市口和町永田５０９－４", "緯度": 34.886882, "経度": 132.921618, "url": "https://www.iryou.teikyouseido.mhlw.go.jp/znk-web/juminkanja/S2430/initialize?prefCd=34&kikanCd=7340013410&kikanKbn=5", "url2": null, "内容": "あんず薬局【5:薬局】広島県庄原市口和町永田５０９－４" }, "geometry": { "type": "Point", "coordinates": [ 132.921618, 34.886882 ] } },
{ "type": "Feature", "properties": { "ID": 3457340013430, "正式名称": "有限会社ティーズオフィス　かわきた薬局", "機関区分": 5, "都道府県コード": 34, "市区町村コード": 210, "所在地": "広島県庄原市川北町１５８－５", "緯度": 34.882662, "経度": 132.999834, "url": "https://www.iryou.teikyouseido.mhlw.go.jp/znk-web/juminkanja/S2430/initialize?prefCd=34&kikanCd=7340013430&kikanKbn=5", "url2": "http://ts-nishicho.com", "内容": "有限会社ティーズオフィス　かわきた薬局【5:薬局】広島県庄原市川北町１５８－５" }, "geometry": { "type": "Point", "coordinates": [ 132.999834, 34.882662 ] } },
{ "type": "Feature", "properties": { "ID": 3457340013450, "正式名称": "株式会社　東城本郷薬局", "機関区分": 5, "都道府県コード": 34, "市区町村コード": 210, "所在地": "広島県庄原市東城町川西４３６－３", "緯度": 34.89836, "経度": 133.274449, "url": "https://www.iryou.teikyouseido.mhlw.go.jp/znk-web/juminkanja/S2430/initialize?prefCd=34&kikanCd=7340013450&kikanKbn=5", "url2": "https://tojohongoyakkyoku.amebaownd.com/", "内容": "株式会社　東城本郷薬局【5:薬局】広島県庄原市東城町川西４３６－３" }, "geometry": { "type": "Point", "coordinates": [ 133.274449, 34.89836 ] } },
{ "type": "Feature", "properties": { "ID": 3457340013460, "正式名称": "東城川西薬局", "機関区分": 5, "都道府県コード": 34, "市区町村コード": 210, "所在地": "広島県庄原市東城町川西５６３－３", "緯度": 34.900998, "経度": 133.269338, "url": "https://www.iryou.teikyouseido.mhlw.go.jp/znk-web/juminkanja/S2430/initialize?prefCd=34&kikanCd=7340013460&kikanKbn=5", "url2": null, "内容": "東城川西薬局【5:薬局】広島県庄原市東城町川西５６３－３" }, "geometry": { "type": "Point", "coordinates": [ 133.269338, 34.900998 ] } },
{ "type": "Feature", "properties": { "ID": 3457340013470, "正式名称": "三上薬局　産業道路店", "機関区分": 5, "都道府県コード": 34, "市区町村コード": 210, "所在地": "広島県庄原市東城町川東１４５４－４", "緯度": 34.897526, "経度": 133.274921, "url": "https://www.iryou.teikyouseido.mhlw.go.jp/znk-web/juminkanja/S2430/initialize?prefCd=34&kikanCd=7340013470&kikanKbn=5", "url2": null, "内容": "三上薬局　産業道路店【5:薬局】広島県庄原市東城町川東１４５４－４" }, "geometry": { "type": "Point", "coordinates": [ 133.274921, 34.897526 ] } },
{ "type": "Feature", "properties": { "ID": 3457340013490, "正式名称": "三上薬局　駅前店", "機関区分": 5, "都道府県コード": 34, "市区町村コード": 210, "所在地": "広島県庄原市東城町川東１６５－１６", "緯度": 34.900498, "経度": 133.273866, "url": "https://www.iryou.teikyouseido.mhlw.go.jp/znk-web/juminkanja/S2430/initialize?prefCd=34&kikanCd=7340013490&kikanKbn=5", "url2": null, "内容": "三上薬局　駅前店【5:薬局】広島県庄原市東城町川東１６５－１６" }, "geometry": { "type": "Point", "coordinates": [ 133.273866, 34.900498 ] } },
{ "type": "Feature", "properties": { "ID": 3457340013510, "正式名称": "有限会社　吉川薬局", "機関区分": 5, "都道府県コード": 34, "市区町村コード": 210, "所在地": "広島県庄原市東城町東城２７２", "緯度": 34.899443, "経度": 133.272283, "url": "https://www.iryou.teikyouseido.mhlw.go.jp/znk-web/juminkanja/S2430/initialize?prefCd=34&kikanCd=7340013510&kikanKbn=5", "url2": null, "内容": "有限会社　吉川薬局【5:薬局】広島県庄原市東城町東城２７２" }, "geometry": { "type": "Point", "coordinates": [ 133.272283, 34.899443 ] } },
{ "type": "Feature", "properties": { "ID": 3457340013530, "正式名称": "庄原センター薬局", "機関区分": 5, "都道府県コード": 34, "市区町村コード": 210, "所在地": "広島県庄原市板橋町１６４－１", "緯度": 34.849749, "経度": 133.018389, "url": "https://www.iryou.teikyouseido.mhlw.go.jp/znk-web/juminkanja/S2430/initialize?prefCd=34&kikanCd=7340013530&kikanKbn=5", "url2": null, "内容": "庄原センター薬局【5:薬局】広島県庄原市板橋町１６４－１" }, "geometry": { "type": "Point", "coordinates": [ 133.018389, 34.849749 ] } },
{ "type": "Feature", "properties": { "ID": 3457340013540, "正式名称": "アプコ松永薬局", "機関区分": 5, "都道府県コード": 34, "市区町村コード": 207, "所在地": "広島県福山市柳津町一丁目２番２９号", "緯度": 34.44211, "経度": 133.261695, "url": "https://www.iryou.teikyouseido.mhlw.go.jp/znk-web/juminkanja/S2430/initialize?prefCd=34&kikanCd=7340013540&kikanKbn=5", "url2": "http://www.apco-group.jp/", "内容": "アプコ松永薬局【5:薬局】広島県福山市柳津町一丁目２番２９号" }, "geometry": { "type": "Point", "coordinates": [ 133.261695, 34.44211 ] } },
{ "type": "Feature", "properties": { "ID": 3457340013550, "正式名称": "にこぴん薬局", "機関区分": 5, "都道府県コード": 34, "市区町村コード": 207, "所在地": "広島県福山市港町二丁目５番２３号", "緯度": 34.485267, "経度": 133.382987, "url": "https://www.iryou.teikyouseido.mhlw.go.jp/znk-web/juminkanja/S2430/initialize?prefCd=34&kikanCd=7340013550&kikanKbn=5", "url2": "http://www.nikopin.com/minatomati.html", "内容": "にこぴん薬局【5:薬局】広島県福山市港町二丁目５番２３号" }, "geometry": { "type": "Point", "coordinates": [ 133.382987, 34.485267 ] } },
{ "type": "Feature", "properties": { "ID": 3457340013560, "正式名称": "大黒調剤薬局　明治町店", "機関区分": 5, "都道府県コード": 34, "市区町村コード": 207, "所在地": "広島県福山市明治町３－１４", "緯度": 34.483017, "経度": 133.367127, "url": "https://www.iryou.teikyouseido.mhlw.go.jp/znk-web/juminkanja/S2430/initialize?prefCd=34&kikanCd=7340013560&kikanKbn=5", "url2": "http://www.daikoku-chouzai.com", "内容": "大黒調剤薬局　明治町店【5:薬局】広島県福山市明治町３－１４" }, "geometry": { "type": "Point", "coordinates": [ 133.367127, 34.483017 ] } },
{ "type": "Feature", "properties": { "ID": 3457340013590, "正式名称": "ファーマシィ薬局みのり", "機関区分": 5, "都道府県コード": 34, "市区町村コード": 207, "所在地": "広島県福山市今津町２‐３‐９", "緯度": 34.450824, "経度": 133.254832, "url": "https://www.iryou.teikyouseido.mhlw.go.jp/znk-web/juminkanja/S2430/initialize?prefCd=34&kikanCd=7340013590&kikanKbn=5", "url2": "http://www.pharmacy-net.co.jp/", "内容": "ファーマシィ薬局みのり【5:薬局】広島県福山市今津町２‐３‐９" }, "geometry": { "type": "Point", "coordinates": [ 133.254832, 34.450824 ] } },
{ "type": "Feature", "properties": { "ID": 3457340013630, "正式名称": "ゆうゆう薬局", "機関区分": 5, "都道府県コード": 34, "市区町村コード": 207, "所在地": "広島県福山市松永町５－９－１４", "緯度": 34.446102, "経度": 133.259943, "url": "https://www.iryou.teikyouseido.mhlw.go.jp/znk-web/juminkanja/S2430/initialize?prefCd=34&kikanCd=7340013630&kikanKbn=5", "url2": "http://www.ssmile.co.jp", "内容": "ゆうゆう薬局【5:薬局】広島県福山市松永町５－９－１４" }, "geometry": { "type": "Point", "coordinates": [ 133.259943, 34.446102 ] } },
{ "type": "Feature", "properties": { "ID": 3457340013640, "正式名称": "ポピー薬局", "機関区分": 5, "都道府県コード": 34, "市区町村コード": 207, "所在地": "広島県福山市神辺町川南３１５８‐８", "緯度": 34.539566, "経度": 133.381651, "url": "https://www.iryou.teikyouseido.mhlw.go.jp/znk-web/juminkanja/S2430/initialize?prefCd=34&kikanCd=7340013640&kikanKbn=5", "url2": "http://www.reliance-cosmos.co.jp/", "内容": "ポピー薬局【5:薬局】広島県福山市神辺町川南３１５８‐８" }, "geometry": { "type": "Point", "coordinates": [ 133.381651, 34.539566 ] } },
{ "type": "Feature", "properties": { "ID": 3457340013660, "正式名称": "しんめい堂薬局", "機関区分": 5, "都道府県コード": 34, "市区町村コード": 207, "所在地": "広島県福山市神辺町道上２９８１－３", "緯度": 34.551037, "経度": 133.353736, "url": "https://www.iryou.teikyouseido.mhlw.go.jp/znk-web/juminkanja/S2430/initialize?prefCd=34&kikanCd=7340013660&kikanKbn=5", "url2": null, "内容": "しんめい堂薬局【5:薬局】広島県福山市神辺町道上２９８１－３" }, "geometry": { "type": "Point", "coordinates": [ 133.353736, 34.551037 ] } },
{ "type": "Feature", "properties": { "ID": 3457340013740, "正式名称": "やなぶ養神堂薬局", "機関区分": 5, "都道府県コード": 34, "市区町村コード": 208, "所在地": "広島県府中市上下町上下１０５５", "緯度": 34.694934, "経度": 133.120721, "url": "https://www.iryou.teikyouseido.mhlw.go.jp/znk-web/juminkanja/S2430/initialize?prefCd=34&kikanCd=7340013740&kikanKbn=5", "url2": null, "内容": "やなぶ養神堂薬局【5:薬局】広島県府中市上下町上下１０５５" }, "geometry": { "type": "Point", "coordinates": [ 133.120721, 34.694934 ] } },
{ "type": "Feature", "properties": { "ID": 3457340013750, "正式名称": "小野薬局", "機関区分": 5, "都道府県コード": 34, "市区町村コード": 207, "所在地": "広島県福山市新市町戸手１３２６ー１", "緯度": 34.549286, "経度": 133.293825, "url": "https://www.iryou.teikyouseido.mhlw.go.jp/znk-web/juminkanja/S2430/initialize?prefCd=34&kikanCd=7340013750&kikanKbn=5", "url2": null, "内容": "小野薬局【5:薬局】広島県福山市新市町戸手１３２６ー１" }, "geometry": { "type": "Point", "coordinates": [ 133.293825, 34.549286 ] } },
{ "type": "Feature", "properties": { "ID": 3457340013770, "正式名称": "有限会社　富士薬局", "機関区分": 5, "都道府県コード": 34, "市区町村コード": 207, "所在地": "広島県福山市宝町２－２１", "緯度": 34.488655, "経度": 133.365905, "url": "https://www.iryou.teikyouseido.mhlw.go.jp/znk-web/juminkanja/S2430/initialize?prefCd=34&kikanCd=7340013770&kikanKbn=5", "url2": null, "内容": "有限会社　富士薬局【5:薬局】広島県福山市宝町２－２１" }, "geometry": { "type": "Point", "coordinates": [ 133.365905, 34.488655 ] } },
{ "type": "Feature", "properties": { "ID": 3457340013790, "正式名称": "にこぴん薬局　三吉町店", "機関区分": 5, "都道府県コード": 34, "市区町村コード": 207, "所在地": "広島県福山市三吉町三丁目３番２２号", "緯度": 34.492932, "経度": 133.375682, "url": "https://www.iryou.teikyouseido.mhlw.go.jp/znk-web/juminkanja/S2430/initialize?prefCd=34&kikanCd=7340013790&kikanKbn=5", "url2": "http://www.nikopin.com/miyoshityoutenn.html", "内容": "にこぴん薬局　三吉町店【5:薬局】広島県福山市三吉町三丁目３番２２号" }, "geometry": { "type": "Point", "coordinates": [ 133.375682, 34.492932 ] } },
{ "type": "Feature", "properties": { "ID": 3457340013810, "正式名称": "ファーマシィ薬局　今津", "機関区分": 5, "都道府県コード": 34, "市区町村コード": 207, "所在地": "広島県福山市今津町２丁目２－１０", "緯度": 34.451518, "経度": 133.256166, "url": "https://www.iryou.teikyouseido.mhlw.go.jp/znk-web/juminkanja/S2430/initialize?prefCd=34&kikanCd=7340013810&kikanKbn=5", "url2": "http://www.pharmacy-net.co.jp", "内容": "ファーマシィ薬局　今津【5:薬局】広島県福山市今津町２丁目２－１０" }, "geometry": { "type": "Point", "coordinates": [ 133.256166, 34.451518 ] } },
{ "type": "Feature", "properties": { "ID": 3457340013820, "正式名称": "エル調剤薬局", "機関区分": 5, "都道府県コード": 34, "市区町村コード": 207, "所在地": "広島県福山市今津町４－１－２１", "緯度": 34.450629, "経度": 133.253555, "url": "https://www.iryou.teikyouseido.mhlw.go.jp/znk-web/juminkanja/S2430/initialize?prefCd=34&kikanCd=7340013820&kikanKbn=5", "url2": "https://eru-pharmacy-recruit.com/about/access#eru", "内容": "エル調剤薬局【5:薬局】広島県福山市今津町４－１－２１" }, "geometry": { "type": "Point", "coordinates": [ 133.253555, 34.450629 ] } },
{ "type": "Feature", "properties": { "ID": 3457340013830, "正式名称": "有限会社　川上薬局", "機関区分": 5, "都道府県コード": 34, "市区町村コード": 207, "所在地": "広島県福山市松永町４－８－２", "緯度": 34.449463, "経度": 133.258916, "url": "https://www.iryou.teikyouseido.mhlw.go.jp/znk-web/juminkanja/S2430/initialize?prefCd=34&kikanCd=7340013830&kikanKbn=5", "url2": null, "内容": "有限会社　川上薬局【5:薬局】広島県福山市松永町４－８－２" }, "geometry": { "type": "Point", "coordinates": [ 133.258916, 34.449463 ] } },
{ "type": "Feature", "properties": { "ID": 3457340013860, "正式名称": "一般社団法人福山市薬剤師会　野上薬局", "機関区分": 5, "都道府県コード": 34, "市区町村コード": 207, "所在地": "広島県福山市野上町３‐１２‐１", "緯度": 34.477128, "経度": 133.363572, "url": "https://www.iryou.teikyouseido.mhlw.go.jp/znk-web/juminkanja/S2430/initialize?prefCd=34&kikanCd=7340013860&kikanKbn=5", "url2": null, "内容": "一般社団法人福山市薬剤師会　野上薬局【5:薬局】広島県福山市野上町３‐１２‐１" }, "geometry": { "type": "Point", "coordinates": [ 133.363572, 34.477128 ] } },
{ "type": "Feature", "properties": { "ID": 3457340013880, "正式名称": "キューピー堂薬局", "機関区分": 5, "都道府県コード": 34, "市区町村コード": 207, "所在地": "広島県福山市西町３丁目１２－２０", "緯度": 34.491488, "経度": 133.355739, "url": "https://www.iryou.teikyouseido.mhlw.go.jp/znk-web/juminkanja/S2430/initialize?prefCd=34&kikanCd=7340013880&kikanKbn=5", "url2": null, "内容": "キューピー堂薬局【5:薬局】広島県福山市西町３丁目１２－２０" }, "geometry": { "type": "Point", "coordinates": [ 133.355739, 34.491488 ] } },
{ "type": "Feature", "properties": { "ID": 3457340013900, "正式名称": "株式会社　サン・メディカル薬局　川口店", "機関区分": 5, "都道府県コード": 34, "市区町村コード": 207, "所在地": "広島県福山市川口町１丁目８番１－１０５号", "緯度": 34.47224, "経度": 133.387876, "url": "https://www.iryou.teikyouseido.mhlw.go.jp/znk-web/juminkanja/S2430/initialize?prefCd=34&kikanCd=7340013900&kikanKbn=5", "url2": "http://www.sanmedhikaru.jp/", "内容": "株式会社　サン・メディカル薬局　川口店【5:薬局】広島県福山市川口町１丁目８番１－１０５号" }, "geometry": { "type": "Point", "coordinates": [ 133.387876, 34.47224 ] } },
{ "type": "Feature", "properties": { "ID": 3457340013930, "正式名称": "株式会社　サン・メディカル薬局　道三店", "機関区分": 5, "都道府県コード": 34, "市区町村コード": 207, "所在地": "広島県福山市道三町５－１５", "緯度": 34.481878, "経度": 133.363433, "url": "https://www.iryou.teikyouseido.mhlw.go.jp/znk-web/juminkanja/S2430/initialize?prefCd=34&kikanCd=7340013930&kikanKbn=5", "url2": "www.sanmedhikaru.jp", "内容": "株式会社　サン・メディカル薬局　道三店【5:薬局】広島県福山市道三町５－１５" }, "geometry": { "type": "Point", "coordinates": [ 133.363433, 34.481878 ] } },
{ "type": "Feature", "properties": { "ID": 3457340013950, "正式名称": "野の花薬局", "機関区分": 5, "都道府県コード": 34, "市区町村コード": 207, "所在地": "広島県福山市新市町新市１２６１‐６", "緯度": 34.561923, "経度": 133.271382, "url": "https://www.iryou.teikyouseido.mhlw.go.jp/znk-web/juminkanja/S2430/initialize?prefCd=34&kikanCd=7340013950&kikanKbn=5", "url2": null, "内容": "野の花薬局【5:薬局】広島県福山市新市町新市１２６１‐６" }, "geometry": { "type": "Point", "coordinates": [ 133.271382, 34.561923 ] } },
{ "type": "Feature", "properties": { "ID": 3457340013960, "正式名称": "アロー薬局　常石店", "機関区分": 5, "都道府県コード": 34, "市区町村コード": 207, "所在地": "広島県福山市沼隈町常石１２８１", "緯度": 34.387192, "経度": 133.299998, "url": "https://www.iryou.teikyouseido.mhlw.go.jp/znk-web/juminkanja/S2430/initialize?prefCd=34&kikanCd=7340013960&kikanKbn=5", "url2": null, "内容": "アロー薬局　常石店【5:薬局】広島県福山市沼隈町常石１２８１" }, "geometry": { "type": "Point", "coordinates": [ 133.299998, 34.387192 ] } },
{ "type": "Feature", "properties": { "ID": 3457340013980, "正式名称": "有限会社　大成権尚旭堂薬局", "機関区分": 5, "都道府県コード": 34, "市区町村コード": 208, "所在地": "広島県府中市上下町上下１００８", "緯度": 34.695351, "経度": 133.121082, "url": "https://www.iryou.teikyouseido.mhlw.go.jp/znk-web/juminkanja/S2430/initialize?prefCd=34&kikanCd=7340013980&kikanKbn=5", "url2": null, "内容": "有限会社　大成権尚旭堂薬局【5:薬局】広島県府中市上下町上下１００８" }, "geometry": { "type": "Point", "coordinates": [ 133.121082, 34.695351 ] } },
{ "type": "Feature", "properties": { "ID": 3457340013990, "正式名称": "松永エル薬局", "機関区分": 5, "都道府県コード": 34, "市区町村コード": 207, "所在地": "広島県福山市松永町３５０－１３", "緯度": 34.452713, "経度": 133.260165, "url": "https://www.iryou.teikyouseido.mhlw.go.jp/znk-web/juminkanja/S2430/initialize?prefCd=34&kikanCd=7340013990&kikanKbn=5", "url2": "https://eru-pharmacy-recruit.com/about/access/", "内容": "松永エル薬局【5:薬局】広島県福山市松永町３５０－１３" }, "geometry": { "type": "Point", "coordinates": [ 133.260165, 34.452713 ] } },
{ "type": "Feature", "properties": { "ID": 3457340014000, "正式名称": "有木薬局　新涯店", "機関区分": 5, "都道府県コード": 34, "市区町村コード": 207, "所在地": "広島県福山市新涯町３丁目１６－２", "緯度": 34.459131, "経度": 133.390487, "url": "https://www.iryou.teikyouseido.mhlw.go.jp/znk-web/juminkanja/S2430/initialize?prefCd=34&kikanCd=7340014000&kikanKbn=5", "url2": null, "内容": "有木薬局　新涯店【5:薬局】広島県福山市新涯町３丁目１６－２" }, "geometry": { "type": "Point", "coordinates": [ 133.390487, 34.459131 ] } },
{ "type": "Feature", "properties": { "ID": 3457340014030, "正式名称": "エコー薬局", "機関区分": 5, "都道府県コード": 34, "市区町村コード": 207, "所在地": "広島県福山市野上町二丁目１０番２２号", "緯度": 34.477432, "経度": 133.363253, "url": "https://www.iryou.teikyouseido.mhlw.go.jp/znk-web/juminkanja/S2430/initialize?prefCd=34&kikanCd=7340014030&kikanKbn=5", "url2": null, "内容": "エコー薬局【5:薬局】広島県福山市野上町二丁目１０番２２号" }, "geometry": { "type": "Point", "coordinates": [ 133.363253, 34.477432 ] } },
{ "type": "Feature", "properties": { "ID": 3457340014050, "正式名称": "キョーエイ薬局　かんな", "機関区分": 5, "都道府県コード": 34, "市区町村コード": 207, "所在地": "広島県福山市沖野上町３丁目４番１７号", "緯度": 34.471685, "経度": 133.372655, "url": "https://www.iryou.teikyouseido.mhlw.go.jp/znk-web/juminkanja/S2430/initialize?prefCd=34&kikanCd=7340014050&kikanKbn=5", "url2": "https://kyoei-ph.jp", "内容": "キョーエイ薬局　かんな【5:薬局】広島県福山市沖野上町３丁目４番１７号" }, "geometry": { "type": "Point", "coordinates": [ 133.372655, 34.471685 ] } },
{ "type": "Feature", "properties": { "ID": 3457340014070, "正式名称": "だるま薬局", "機関区分": 5, "都道府県コード": 34, "市区町村コード": 207, "所在地": "広島県福山市昭和町２－１２", "緯度": 34.485822, "経度": 133.368349, "url": "https://www.iryou.teikyouseido.mhlw.go.jp/znk-web/juminkanja/S2430/initialize?prefCd=34&kikanCd=7340014070&kikanKbn=5", "url2": null, "内容": "だるま薬局【5:薬局】広島県福山市昭和町２－１２" }, "geometry": { "type": "Point", "coordinates": [ 133.368349, 34.485822 ] } },
{ "type": "Feature", "properties": { "ID": 3457340014100, "正式名称": "新市中央薬局　大正通り店", "機関区分": 5, "都道府県コード": 34, "市区町村コード": 207, "所在地": "広島県福山市新市町新市７７３‐６", "緯度": 34.555757, "経度": 133.275354, "url": "https://www.iryou.teikyouseido.mhlw.go.jp/znk-web/juminkanja/S2430/initialize?prefCd=34&kikanCd=7340014100&kikanKbn=5", "url2": null, "内容": "新市中央薬局　大正通り店【5:薬局】広島県福山市新市町新市７７３‐６" }, "geometry": { "type": "Point", "coordinates": [ 133.275354, 34.555757 ] } },
{ "type": "Feature", "properties": { "ID": 3457340014110, "正式名称": "株式会社サン・メディカル薬局（松永店）", "機関区分": 5, "都道府県コード": 34, "市区町村コード": 207, "所在地": "広島県福山市松永町３４２‐９", "緯度": 34.451757, "経度": 133.259763, "url": "https://www.iryou.teikyouseido.mhlw.go.jp/znk-web/juminkanja/S2430/initialize?prefCd=34&kikanCd=7340014110&kikanKbn=5", "url2": "http://www.sanmedhikaru.jp/", "内容": "株式会社サン・メディカル薬局（松永店）【5:薬局】広島県福山市松永町３４２‐９" }, "geometry": { "type": "Point", "coordinates": [ 133.259763, 34.451757 ] } },
{ "type": "Feature", "properties": { "ID": 3457340014120, "正式名称": "有限会社　三宅調剤薬局", "機関区分": 5, "都道府県コード": 34, "市区町村コード": 207, "所在地": "広島県福山市曙町５‐１８‐２０", "緯度": 34.467418, "経度": 133.394612, "url": "https://www.iryou.teikyouseido.mhlw.go.jp/znk-web/juminkanja/S2430/initialize?prefCd=34&kikanCd=7340014120&kikanKbn=5", "url2": null, "内容": "有限会社　三宅調剤薬局【5:薬局】広島県福山市曙町５‐１８‐２０" }, "geometry": { "type": "Point", "coordinates": [ 133.394612, 34.467418 ] } },
{ "type": "Feature", "properties": { "ID": 3457340014150, "正式名称": "くるみ薬局　駅家店", "機関区分": 5, "都道府県コード": 34, "市区町村コード": 207, "所在地": "広島県福山市駅家町万能倉９８‐５", "緯度": 34.544371, "経度": 133.340293, "url": "https://www.iryou.teikyouseido.mhlw.go.jp/znk-web/juminkanja/S2430/initialize?prefCd=34&kikanCd=7340014150&kikanKbn=5", "url2": "https://www.harmony-co.co.jp", "内容": "くるみ薬局　駅家店【5:薬局】広島県福山市駅家町万能倉９８‐５" }, "geometry": { "type": "Point", "coordinates": [ 133.340293, 34.544371 ] } },
{ "type": "Feature", "properties": { "ID": 3457340014160, "正式名称": "けんたろう薬局", "機関区分": 5, "都道府県コード": 34, "市区町村コード": 207, "所在地": "広島県福山市宮前町２‐６‐１９", "緯度": 34.454129, "経度": 133.262248, "url": "https://www.iryou.teikyouseido.mhlw.go.jp/znk-web/juminkanja/S2430/initialize?prefCd=34&kikanCd=7340014160&kikanKbn=5", "url2": null, "内容": "けんたろう薬局【5:薬局】広島県福山市宮前町２‐６‐１９" }, "geometry": { "type": "Point", "coordinates": [ 133.262248, 34.454129 ] } },
{ "type": "Feature", "properties": { "ID": 3457340014170, "正式名称": "ファーマシィ薬局　南本庄", "機関区分": 5, "都道府県コード": 34, "市区町村コード": 207, "所在地": "広島県福山市南本庄３丁目２－１６", "緯度": 34.484822, "経度": 133.353767, "url": "https://www.iryou.teikyouseido.mhlw.go.jp/znk-web/juminkanja/S2430/initialize?prefCd=34&kikanCd=7340014170&kikanKbn=5", "url2": "http://www.pharmacy-net.co.jp/", "内容": "ファーマシィ薬局　南本庄【5:薬局】広島県福山市南本庄３丁目２－１６" }, "geometry": { "type": "Point", "coordinates": [ 133.353767, 34.484822 ] } },
{ "type": "Feature", "properties": { "ID": 3457340014180, "正式名称": "みゅう薬局", "機関区分": 5, "都道府県コード": 34, "市区町村コード": 207, "所在地": "広島県福山市春日町３－９－１", "緯度": 34.511987, "経度": 133.414983, "url": "https://www.iryou.teikyouseido.mhlw.go.jp/znk-web/juminkanja/S2430/initialize?prefCd=34&kikanCd=7340014180&kikanKbn=5", "url2": "https://www.myu-pharmacy.jp/home", "内容": "みゅう薬局【5:薬局】広島県福山市春日町３－９－１" }, "geometry": { "type": "Point", "coordinates": [ 133.414983, 34.511987 ] } },
{ "type": "Feature", "properties": { "ID": 3457340014190, "正式名称": "ポポ薬局", "機関区分": 5, "都道府県コード": 34, "市区町村コード": 207, "所在地": "広島県福山市南蔵王町１－７－１７", "緯度": 34.501793, "経度": 133.390069, "url": "https://www.iryou.teikyouseido.mhlw.go.jp/znk-web/juminkanja/S2430/initialize?prefCd=34&kikanCd=7340014190&kikanKbn=5", "url2": null, "内容": "ポポ薬局【5:薬局】広島県福山市南蔵王町１－７－１７" }, "geometry": { "type": "Point", "coordinates": [ 133.390069, 34.501793 ] } },
{ "type": "Feature", "properties": { "ID": 3457340014230, "正式名称": "ももたろう薬局　駅家店", "機関区分": 5, "都道府県コード": 34, "市区町村コード": 207, "所在地": "広島県福山市駅家町万能倉７２８－７", "緯度": 34.550537, "経度": 133.332044, "url": "https://www.iryou.teikyouseido.mhlw.go.jp/znk-web/juminkanja/S2430/initialize?prefCd=34&kikanCd=7340014230&kikanKbn=5", "url2": null, "内容": "ももたろう薬局　駅家店【5:薬局】広島県福山市駅家町万能倉７２８－７" }, "geometry": { "type": "Point", "coordinates": [ 133.332044, 34.550537 ] } },
{ "type": "Feature", "properties": { "ID": 3457340014240, "正式名称": "わかば薬局", "機関区分": 5, "都道府県コード": 34, "市区町村コード": 207, "所在地": "広島県福山市沼隈町草深４５６‐１", "緯度": 34.394053, "経度": 133.320718, "url": "https://www.iryou.teikyouseido.mhlw.go.jp/znk-web/juminkanja/S2430/initialize?prefCd=34&kikanCd=7340014240&kikanKbn=5", "url2": "http://www.ssmile.co.jp/", "内容": "わかば薬局【5:薬局】広島県福山市沼隈町草深４５６‐１" }, "geometry": { "type": "Point", "coordinates": [ 133.320718, 34.394053 ] } },
{ "type": "Feature", "properties": { "ID": 3457340014250, "正式名称": "とももり薬局", "機関区分": 5, "都道府県コード": 34, "市区町村コード": 208, "所在地": "広島県府中市元町５９１－１", "緯度": 34.576782, "経度": 133.236273, "url": "https://www.iryou.teikyouseido.mhlw.go.jp/znk-web/juminkanja/S2430/initialize?prefCd=34&kikanCd=7340014250&kikanKbn=5", "url2": null, "内容": "とももり薬局【5:薬局】広島県府中市元町５９１－１" }, "geometry": { "type": "Point", "coordinates": [ 133.236273, 34.576782 ] } },
{ "type": "Feature", "properties": { "ID": 3457340014310, "正式名称": "なな薬局", "機関区分": 5, "都道府県コード": 34, "市区町村コード": 207, "所在地": "広島県福山市神辺町川南１０８－１", "緯度": 34.539927, "経度": 133.366625, "url": "https://www.iryou.teikyouseido.mhlw.go.jp/znk-web/juminkanja/S2430/initialize?prefCd=34&kikanCd=7340014310&kikanKbn=5", "url2": "https://nana--pm.studio.site/", "内容": "なな薬局【5:薬局】広島県福山市神辺町川南１０８－１" }, "geometry": { "type": "Point", "coordinates": [ 133.366625, 34.539927 ] } },
{ "type": "Feature", "properties": { "ID": 3457340014370, "正式名称": "一心堂薬局", "機関区分": 5, "都道府県コード": 34, "市区町村コード": 545, "所在地": "広島県神石郡神石高原町福永１４９２‐１", "緯度": 34.799341, "経度": 133.174351, "url": "https://www.iryou.teikyouseido.mhlw.go.jp/znk-web/juminkanja/S2430/initialize?prefCd=34&kikanCd=7340014370&kikanKbn=5", "url2": null, "内容": "一心堂薬局【5:薬局】広島県神石郡神石高原町福永１４９２‐１" }, "geometry": { "type": "Point", "coordinates": [ 133.174351, 34.799341 ] } },
{ "type": "Feature", "properties": { "ID": 3457340014410, "正式名称": "ファーマシィ薬局　クレール", "機関区分": 5, "都道府県コード": 34, "市区町村コード": 207, "所在地": "広島県福山市御門町３ー３ー９", "緯度": 34.47799, "経度": 133.370599, "url": "https://www.iryou.teikyouseido.mhlw.go.jp/znk-web/juminkanja/S2430/initialize?prefCd=34&kikanCd=7340014410&kikanKbn=5", "url2": "http://www.pharmacy-net.co.jp", "内容": "ファーマシィ薬局　クレール【5:薬局】広島県福山市御門町３ー３ー９" }, "geometry": { "type": "Point", "coordinates": [ 133.370599, 34.47799 ] } },
{ "type": "Feature", "properties": { "ID": 3457340014420, "正式名称": "有限会社　有雅堂", "機関区分": 5, "都道府県コード": 34, "市区町村コード": 207, "所在地": "広島県福山市瀬戸町地頭分１１９１－１", "緯度": 34.470434, "経度": 133.317271, "url": "https://www.iryou.teikyouseido.mhlw.go.jp/znk-web/juminkanja/S2430/initialize?prefCd=34&kikanCd=7340014420&kikanKbn=5", "url2": null, "内容": "有限会社　有雅堂【5:薬局】広島県福山市瀬戸町地頭分１１９１－１" }, "geometry": { "type": "Point", "coordinates": [ 133.317271, 34.470434 ] } },
{ "type": "Feature", "properties": { "ID": 3457340014430, "正式名称": "エスマイル薬局新市店", "機関区分": 5, "都道府県コード": 34, "市区町村コード": 207, "所在地": "広島県福山市新市町大字戸手１７０番地１", "緯度": 34.547018, "経度": 133.285009, "url": "https://www.iryou.teikyouseido.mhlw.go.jp/znk-web/juminkanja/S2430/initialize?prefCd=34&kikanCd=7340014430&kikanKbn=5", "url2": "http://www.ssmile.co.jp/", "内容": "エスマイル薬局新市店【5:薬局】広島県福山市新市町大字戸手１７０番地１" }, "geometry": { "type": "Point", "coordinates": [ 133.285009, 34.547018 ] } },
{ "type": "Feature", "properties": { "ID": 3457340014440, "正式名称": "エスマイル薬局　宮内店", "機関区分": 5, "都道府県コード": 34, "市区町村コード": 207, "所在地": "広島県福山市新市町宮内３４９‐２", "緯度": 34.569145, "経度": 133.274131, "url": "https://www.iryou.teikyouseido.mhlw.go.jp/znk-web/juminkanja/S2430/initialize?prefCd=34&kikanCd=7340014440&kikanKbn=5", "url2": "http://www.ssmaile.co.jp/", "内容": "エスマイル薬局　宮内店【5:薬局】広島県福山市新市町宮内３４９‐２" }, "geometry": { "type": "Point", "coordinates": [ 133.274131, 34.569145 ] } },
{ "type": "Feature", "properties": { "ID": 3457340014490, "正式名称": "有限会社　フジエ調剤薬局", "機関区分": 5, "都道府県コード": 34, "市区町村コード": 207, "所在地": "広島県福山市藤江町１７２５番地８", "緯度": 34.422881, "経度": 133.278232, "url": "https://www.iryou.teikyouseido.mhlw.go.jp/znk-web/juminkanja/S2430/initialize?prefCd=34&kikanCd=7340014490&kikanKbn=5", "url2": null, "内容": "有限会社　フジエ調剤薬局【5:薬局】広島県福山市藤江町１７２５番地８" }, "geometry": { "type": "Point", "coordinates": [ 133.278232, 34.422881 ] } },
{ "type": "Feature", "properties": { "ID": 3457340014540, "正式名称": "にこぴん薬局　千田町店", "機関区分": 5, "都道府県コード": 34, "市区町村コード": 207, "所在地": "広島県福山市千田町二丁目４７番５号", "緯度": 34.520263, "経度": 133.383541, "url": "https://www.iryou.teikyouseido.mhlw.go.jp/znk-web/juminkanja/S2430/initialize?prefCd=34&kikanCd=7340014540&kikanKbn=5", "url2": "http://www.nexus-g.jp/business/medical/pharmcy-sendacho/", "内容": "にこぴん薬局　千田町店【5:薬局】広島県福山市千田町二丁目４７番５号" }, "geometry": { "type": "Point", "coordinates": [ 133.383541, 34.520263 ] } },
{ "type": "Feature", "properties": { "ID": 3457340014600, "正式名称": "エスマイル薬局　かすみ店", "機関区分": 5, "都道府県コード": 34, "市区町村コード": 207, "所在地": "広島県福山市霞町二丁目４－４", "緯度": 34.483794, "経度": 133.364239, "url": "https://www.iryou.teikyouseido.mhlw.go.jp/znk-web/juminkanja/S2430/initialize?prefCd=34&kikanCd=7340014600&kikanKbn=5", "url2": "http://www.ssmile.co.jp", "内容": "エスマイル薬局　かすみ店【5:薬局】広島県福山市霞町二丁目４－４" }, "geometry": { "type": "Point", "coordinates": [ 133.364239, 34.483794 ] } },
{ "type": "Feature", "properties": { "ID": 3457340014610, "正式名称": "ももたろう薬局　府中店", "機関区分": 5, "都道府県コード": 34, "市区町村コード": 208, "所在地": "広島県府中市中須町１６９５‐３", "緯度": 34.561256, "経度": 133.254994, "url": "https://www.iryou.teikyouseido.mhlw.go.jp/znk-web/juminkanja/S2430/initialize?prefCd=34&kikanCd=7340014610&kikanKbn=5", "url2": null, "内容": "ももたろう薬局　府中店【5:薬局】広島県府中市中須町１６９５‐３" }, "geometry": { "type": "Point", "coordinates": [ 133.254994, 34.561256 ] } },
{ "type": "Feature", "properties": { "ID": 3457340014700, "正式名称": "すずな薬局", "機関区分": 5, "都道府県コード": 34, "市区町村コード": 207, "所在地": "広島県福山市神辺町川北１３４５－１２", "緯度": 34.546482, "経度": 133.371402, "url": "https://www.iryou.teikyouseido.mhlw.go.jp/znk-web/juminkanja/S2430/initialize?prefCd=34&kikanCd=7340014700&kikanKbn=5", "url2": "https://asuka-herbs.jp", "内容": "すずな薬局【5:薬局】広島県福山市神辺町川北１３４５－１２" }, "geometry": { "type": "Point", "coordinates": [ 133.371402, 34.546482 ] } },
{ "type": "Feature", "properties": { "ID": 3457340014810, "正式名称": "旭町薬局", "機関区分": 5, "都道府県コード": 34, "市区町村コード": 207, "所在地": "広島県福山市入船町１丁目７番２６号", "緯度": 34.489294, "経度": 133.374682, "url": "https://www.iryou.teikyouseido.mhlw.go.jp/znk-web/juminkanja/S2430/initialize?prefCd=34&kikanCd=7340014810&kikanKbn=5", "url2": "http://medicine-net.jp/", "内容": "旭町薬局【5:薬局】広島県福山市入船町１丁目７番２６号" }, "geometry": { "type": "Point", "coordinates": [ 133.374682, 34.489294 ] } },
{ "type": "Feature", "properties": { "ID": 3457340014850, "正式名称": "ファーマシィ薬局　マロン", "機関区分": 5, "都道府県コード": 34, "市区町村コード": 208, "所在地": "広島県府中市栗柄町２２０３ー１", "緯度": 34.549646, "経度": 133.239774, "url": "https://www.iryou.teikyouseido.mhlw.go.jp/znk-web/juminkanja/S2430/initialize?prefCd=34&kikanCd=7340014850&kikanKbn=5", "url2": "http://www.pharmacy-net.co.jp/", "内容": "ファーマシィ薬局　マロン【5:薬局】広島県府中市栗柄町２２０３ー１" }, "geometry": { "type": "Point", "coordinates": [ 133.239774, 34.549646 ] } },
{ "type": "Feature", "properties": { "ID": 3457340014890, "正式名称": "マルシン薬局", "機関区分": 5, "都道府県コード": 34, "市区町村コード": 207, "所在地": "広島県福山市新市町新市６１６", "緯度": 34.555174, "経度": 133.270049, "url": "https://www.iryou.teikyouseido.mhlw.go.jp/znk-web/juminkanja/S2430/initialize?prefCd=34&kikanCd=7340014890&kikanKbn=5", "url2": "https://www.maru-shin.co.jp/main/4.html", "内容": "マルシン薬局【5:薬局】広島県福山市新市町新市６１６" }, "geometry": { "type": "Point", "coordinates": [ 133.270049, 34.555174 ] } },
{ "type": "Feature", "properties": { "ID": 3457340014910, "正式名称": "熊谷薬局", "機関区分": 5, "都道府県コード": 34, "市区町村コード": 207, "所在地": "広島県福山市昭和町５－１０", "緯度": 34.48535, "経度": 133.36846, "url": "https://www.iryou.teikyouseido.mhlw.go.jp/znk-web/juminkanja/S2430/initialize?prefCd=34&kikanCd=7340014910&kikanKbn=5", "url2": null, "内容": "熊谷薬局【5:薬局】広島県福山市昭和町５－１０" }, "geometry": { "type": "Point", "coordinates": [ 133.36846, 34.48535 ] } },
{ "type": "Feature", "properties": { "ID": 3457340014940, "正式名称": "土屋薬局　本店", "機関区分": 5, "都道府県コード": 34, "市区町村コード": 207, "所在地": "広島県福山市松永町５－１１－１６", "緯度": 34.443992, "経度": 133.260013, "url": "https://www.iryou.teikyouseido.mhlw.go.jp/znk-web/juminkanja/S2430/initialize?prefCd=34&kikanCd=7340014940&kikanKbn=5", "url2": null, "内容": "土屋薬局　本店【5:薬局】広島県福山市松永町５－１１－１６" }, "geometry": { "type": "Point", "coordinates": [ 133.260013, 34.443992 ] } },
{ "type": "Feature", "properties": { "ID": 3457340014980, "正式名称": "ファーマシィ薬局　沖野上", "機関区分": 5, "都道府県コード": 34, "市区町村コード": 207, "所在地": "広島県福山市沖野上町４－１５－２３", "緯度": 34.471302, "経度": 133.371377, "url": "https://www.iryou.teikyouseido.mhlw.go.jp/znk-web/juminkanja/S2430/initialize?prefCd=34&kikanCd=7340014980&kikanKbn=5", "url2": "https://www.pharmacy-net.co.jp", "内容": "ファーマシィ薬局　沖野上【5:薬局】広島県福山市沖野上町４－１５－２３" }, "geometry": { "type": "Point", "coordinates": [ 133.371377, 34.471302 ] } },
{ "type": "Feature", "properties": { "ID": 3457340015000, "正式名称": "竹腰薬局", "機関区分": 5, "都道府県コード": 34, "市区町村コード": 207, "所在地": "広島県福山市松永町５－３７－２５", "緯度": 34.446324, "経度": 133.262749, "url": "https://www.iryou.teikyouseido.mhlw.go.jp/znk-web/juminkanja/S2430/initialize?prefCd=34&kikanCd=7340015000&kikanKbn=5", "url2": null, "内容": "竹腰薬局【5:薬局】広島県福山市松永町５－３７－２５" }, "geometry": { "type": "Point", "coordinates": [ 133.262749, 34.446324 ] } },
{ "type": "Feature", "properties": { "ID": 3457340015010, "正式名称": "ありす薬局　神辺店", "機関区分": 5, "都道府県コード": 34, "市区町村コード": 207, "所在地": "広島県福山市神辺町新湯野４１－４", "緯度": 34.555009, "経度": 133.387789, "url": "https://www.iryou.teikyouseido.mhlw.go.jp/znk-web/juminkanja/S2430/initialize?prefCd=34&kikanCd=7340015010&kikanKbn=5", "url2": "tower-medical.jp", "内容": "ありす薬局　神辺店【5:薬局】広島県福山市神辺町新湯野４１－４" }, "geometry": { "type": "Point", "coordinates": [ 133.387789, 34.555009 ] } },
{ "type": "Feature", "properties": { "ID": 3457340015020, "正式名称": "株式会社　全快堂　全快堂薬局", "機関区分": 5, "都道府県コード": 34, "市区町村コード": 207, "所在地": "広島県福山市沖野上町４丁目１３－１２", "緯度": 34.469629, "経度": 133.370239, "url": "https://www.iryou.teikyouseido.mhlw.go.jp/znk-web/juminkanja/S2430/initialize?prefCd=34&kikanCd=7340015020&kikanKbn=5", "url2": "http://zenkaidou.co.jp/", "内容": "株式会社　全快堂　全快堂薬局【5:薬局】広島県福山市沖野上町４丁目１３－１２" }, "geometry": { "type": "Point", "coordinates": [ 133.370239, 34.469629 ] } },
{ "type": "Feature", "properties": { "ID": 3457340015030, "正式名称": "大黒調剤薬局", "機関区分": 5, "都道府県コード": 34, "市区町村コード": 207, "所在地": "広島県福山市大黒町１－３３", "緯度": 34.491127, "経度": 133.367155, "url": "https://www.iryou.teikyouseido.mhlw.go.jp/znk-web/juminkanja/S2430/initialize?prefCd=34&kikanCd=7340015030&kikanKbn=5", "url2": "http://www.daikoku-chouzai.com", "内容": "大黒調剤薬局【5:薬局】広島県福山市大黒町１－３３" }, "geometry": { "type": "Point", "coordinates": [ 133.367155, 34.491127 ] } },
{ "type": "Feature", "properties": { "ID": 3457340015040, "正式名称": "なごみ薬局", "機関区分": 5, "都道府県コード": 34, "市区町村コード": 207, "所在地": "広島県福山市水呑町三新田二丁目２３１番地", "緯度": 34.446029, "経度": 133.386865, "url": "https://www.iryou.teikyouseido.mhlw.go.jp/znk-web/juminkanja/S2430/initialize?prefCd=34&kikanCd=7340015040&kikanKbn=5", "url2": "https://asuka-herbs.jp", "内容": "なごみ薬局【5:薬局】広島県福山市水呑町三新田二丁目２３１番地" }, "geometry": { "type": "Point", "coordinates": [ 133.386865, 34.446029 ] } },
{ "type": "Feature", "properties": { "ID": 3457340015060, "正式名称": "宮野薬局", "機関区分": 5, "都道府県コード": 34, "市区町村コード": 207, "所在地": "広島県福山市南町２‐１２", "緯度": 34.483651, "経度": 133.370176, "url": "https://www.iryou.teikyouseido.mhlw.go.jp/znk-web/juminkanja/S2430/initialize?prefCd=34&kikanCd=7340015060&kikanKbn=5", "url2": null, "内容": "宮野薬局【5:薬局】広島県福山市南町２‐１２" }, "geometry": { "type": "Point", "coordinates": [ 133.370176, 34.483651 ] } },
{ "type": "Feature", "properties": { "ID": 3457340015070, "正式名称": "今岡薬局　医療センター前店", "機関区分": 5, "都道府県コード": 34, "市区町村コード": 207, "所在地": "広島県福山市沖野上町４－２１－３３", "緯度": 34.470352, "経度": 133.371655, "url": "https://www.iryou.teikyouseido.mhlw.go.jp/znk-web/juminkanja/S2430/initialize?prefCd=34&kikanCd=7340015070&kikanKbn=5", "url2": "https://imaokayakkyoku.com", "内容": "今岡薬局　医療センター前店【5:薬局】広島県福山市沖野上町４－２１－３３" }, "geometry": { "type": "Point", "coordinates": [ 133.371655, 34.470352 ] } },
{ "type": "Feature", "properties": { "ID": 3457340015090, "正式名称": "株式会社　サン・メディカル薬局（永井店）", "機関区分": 5, "都道府県コード": 34, "市区町村コード": 208, "所在地": "広島県府中市府中町１４‐２９", "緯度": 34.573421, "経度": 133.234598, "url": "https://www.iryou.teikyouseido.mhlw.go.jp/znk-web/juminkanja/S2430/initialize?prefCd=34&kikanCd=7340015090&kikanKbn=5", "url2": "http://www.sanmedhikaru.jp", "内容": "株式会社　サン・メディカル薬局（永井店）【5:薬局】広島県府中市府中町１４‐２９" }, "geometry": { "type": "Point", "coordinates": [ 133.234598, 34.573421 ] } },
{ "type": "Feature", "properties": { "ID": 3457340015110, "正式名称": "マツイ薬局", "機関区分": 5, "都道府県コード": 34, "市区町村コード": 207, "所在地": "広島県福山市曙町５‐２１‐４８", "緯度": 34.467269, "経度": 133.394903, "url": "https://www.iryou.teikyouseido.mhlw.go.jp/znk-web/juminkanja/S2430/initialize?prefCd=34&kikanCd=7340015110&kikanKbn=5", "url2": "https://matsui-ph.co.jp/", "内容": "マツイ薬局【5:薬局】広島県福山市曙町５‐２１‐４８" }, "geometry": { "type": "Point", "coordinates": [ 133.394903, 34.467269 ] } },
{ "type": "Feature", "properties": { "ID": 3457340015120, "正式名称": "ザグザグ薬局　曙店", "機関区分": 5, "都道府県コード": 34, "市区町村コード": 207, "所在地": "広島県福山市曙町三丁目１９番１２号", "緯度": 34.470241, "経度": 133.397514, "url": "https://www.iryou.teikyouseido.mhlw.go.jp/znk-web/juminkanja/S2430/initialize?prefCd=34&kikanCd=7340015120&kikanKbn=5", "url2": "http://www.zagzag.co.jp/", "内容": "ザグザグ薬局　曙店【5:薬局】広島県福山市曙町三丁目１９番１２号" }, "geometry": { "type": "Point", "coordinates": [ 133.397514, 34.470241 ] } },
{ "type": "Feature", "properties": { "ID": 3457340015150, "正式名称": "くるみ薬局", "機関区分": 5, "都道府県コード": 34, "市区町村コード": 207, "所在地": "広島県福山市木之庄町二丁目７－１", "緯度": 34.498237, "経度": 133.354294, "url": "https://www.iryou.teikyouseido.mhlw.go.jp/znk-web/juminkanja/S2430/initialize?prefCd=34&kikanCd=7340015150&kikanKbn=5", "url2": "http://www.harmony-co.jp/", "内容": "くるみ薬局【5:薬局】広島県福山市木之庄町二丁目７－１" }, "geometry": { "type": "Point", "coordinates": [ 133.354294, 34.498237 ] } },
{ "type": "Feature", "properties": { "ID": 3457340015160, "正式名称": "鞆調剤薬局", "機関区分": 5, "都道府県コード": 34, "市区町村コード": 207, "所在地": "広島県福山市鞆町鞆３２７－２", "緯度": 34.385525, "経度": 133.382397, "url": "https://www.iryou.teikyouseido.mhlw.go.jp/znk-web/juminkanja/S2430/initialize?prefCd=34&kikanCd=7340015160&kikanKbn=5", "url2": null, "内容": "鞆調剤薬局【5:薬局】広島県福山市鞆町鞆３２７－２" }, "geometry": { "type": "Point", "coordinates": [ 133.382397, 34.385525 ] } },
{ "type": "Feature", "properties": { "ID": 3457340015190, "正式名称": "ファーマシィ薬局　神辺", "機関区分": 5, "都道府県コード": 34, "市区町村コード": 207, "所在地": "広島県福山市神辺町新徳田三丁目５４６番地２", "緯度": 34.546281, "経度": 133.364177, "url": "https://www.iryou.teikyouseido.mhlw.go.jp/znk-web/juminkanja/S2430/initialize?prefCd=34&kikanCd=7340015190&kikanKbn=5", "url2": "http://www.pharmacy-net.co.jp/", "内容": "ファーマシィ薬局　神辺【5:薬局】広島県福山市神辺町新徳田三丁目５４６番地２" }, "geometry": { "type": "Point", "coordinates": [ 133.364177, 34.546281 ] } },
{ "type": "Feature", "properties": { "ID": 3457340015200, "正式名称": "ヨコヤマ薬局", "機関区分": 5, "都道府県コード": 34, "市区町村コード": 208, "所在地": "広島県府中市鵜飼町７０７", "緯度": 34.564728, "経度": 133.2513, "url": "https://www.iryou.teikyouseido.mhlw.go.jp/znk-web/juminkanja/S2430/initialize?prefCd=34&kikanCd=7340015200&kikanKbn=5", "url2": null, "内容": "ヨコヤマ薬局【5:薬局】広島県府中市鵜飼町７０７" }, "geometry": { "type": "Point", "coordinates": [ 133.2513, 34.564728 ] } },
{ "type": "Feature", "properties": { "ID": 3457340015210, "正式名称": "有限会社　鳳鳴館薬局", "機関区分": 5, "都道府県コード": 34, "市区町村コード": 207, "所在地": "広島県福山市草戸町３－１０－３６", "緯度": 34.476573, "経度": 133.360656, "url": "https://www.iryou.teikyouseido.mhlw.go.jp/znk-web/juminkanja/S2430/initialize?prefCd=34&kikanCd=7340015210&kikanKbn=5", "url2": null, "内容": "有限会社　鳳鳴館薬局【5:薬局】広島県福山市草戸町３－１０－３６" }, "geometry": { "type": "Point", "coordinates": [ 133.360656, 34.476573 ] } },
{ "type": "Feature", "properties": { "ID": 3457340015240, "正式名称": "東手城薬局", "機関区分": 5, "都道府県コード": 34, "市区町村コード": 207, "所在地": "広島県福山市東手城町３‐１２‐１３", "緯度": 34.488184, "経度": 133.406068, "url": "https://www.iryou.teikyouseido.mhlw.go.jp/znk-web/juminkanja/S2430/initialize?prefCd=34&kikanCd=7340015240&kikanKbn=5", "url2": "https://asuka-herbs.jp", "内容": "東手城薬局【5:薬局】広島県福山市東手城町３‐１２‐１３" }, "geometry": { "type": "Point", "coordinates": [ 133.406068, 34.488184 ] } },
{ "type": "Feature", "properties": { "ID": 3457340015290, "正式名称": "株式会社　サン・メディカル薬局　大黒店", "機関区分": 5, "都道府県コード": 34, "市区町村コード": 207, "所在地": "広島県福山市大黒町１－１", "緯度": 34.490644, "経度": 133.366858, "url": "https://www.iryou.teikyouseido.mhlw.go.jp/znk-web/juminkanja/S2430/initialize?prefCd=34&kikanCd=7340015290&kikanKbn=5", "url2": "http://www.sanmedhikaru.jp", "内容": "株式会社　サン・メディカル薬局　大黒店【5:薬局】広島県福山市大黒町１－１" }, "geometry": { "type": "Point", "coordinates": [ 133.366858, 34.490644 ] } },
{ "type": "Feature", "properties": { "ID": 3457340015310, "正式名称": "センター薬局　柳津", "機関区分": 5, "都道府県コード": 34, "市区町村コード": 207, "所在地": "広島県福山市柳津町４－２－１７", "緯度": 34.43702, "経度": 133.266165, "url": "https://www.iryou.teikyouseido.mhlw.go.jp/znk-web/juminkanja/S2430/initialize?prefCd=34&kikanCd=7340015310&kikanKbn=5", "url2": null, "内容": "センター薬局　柳津【5:薬局】広島県福山市柳津町４－２－１７" }, "geometry": { "type": "Point", "coordinates": [ 133.266165, 34.43702 ] } },
{ "type": "Feature", "properties": { "ID": 3457340015370, "正式名称": "湯浅薬局", "機関区分": 5, "都道府県コード": 34, "市区町村コード": 207, "所在地": "広島県福山市西深津町６丁目１３‐１７", "緯度": 34.502682, "経度": 133.384625, "url": "https://www.iryou.teikyouseido.mhlw.go.jp/znk-web/juminkanja/S2430/initialize?prefCd=34&kikanCd=7340015370&kikanKbn=5", "url2": null, "内容": "湯浅薬局【5:薬局】広島県福山市西深津町６丁目１３‐１７" }, "geometry": { "type": "Point", "coordinates": [ 133.384625, 34.502682 ] } },
{ "type": "Feature", "properties": { "ID": 3457340015410, "正式名称": "有限会社　エフケーエム　みやけ薬局", "機関区分": 5, "都道府県コード": 34, "市区町村コード": 207, "所在地": "広島県福山市三吉町三丁目１－１０", "緯度": 34.493016, "経度": 133.375043, "url": "https://www.iryou.teikyouseido.mhlw.go.jp/znk-web/juminkanja/S2430/initialize?prefCd=34&kikanCd=7340015410&kikanKbn=5", "url2": null, "内容": "有限会社　エフケーエム　みやけ薬局【5:薬局】広島県福山市三吉町三丁目１－１０" }, "geometry": { "type": "Point", "coordinates": [ 133.375043, 34.493016 ] } },
{ "type": "Feature", "properties": { "ID": 3457340015430, "正式名称": "明王薬局", "機関区分": 5, "都道府県コード": 34, "市区町村コード": 207, "所在地": "広島県福山市明王台３‐１２‐３６", "緯度": 34.474964, "経度": 133.340823, "url": "https://www.iryou.teikyouseido.mhlw.go.jp/znk-web/juminkanja/S2430/initialize?prefCd=34&kikanCd=7340015430&kikanKbn=5", "url2": null, "内容": "明王薬局【5:薬局】広島県福山市明王台３‐１２‐３６" }, "geometry": { "type": "Point", "coordinates": [ 133.340823, 34.474964 ] } },
{ "type": "Feature", "properties": { "ID": 3457340015440, "正式名称": "ププレひまわり薬局　多治米店", "機関区分": 5, "都道府県コード": 34, "市区町村コード": 207, "所在地": "広島県福山市多治米町２丁目１２－１０", "緯度": 34.471157, "経度": 133.38121, "url": "https://www.iryou.teikyouseido.mhlw.go.jp/znk-web/juminkanja/S2430/initialize?prefCd=34&kikanCd=7340015440&kikanKbn=5", "url2": "http://himawarinews.com/store/%e8%aa%bf%e5%89%a4%e9%83%a8/", "内容": "ププレひまわり薬局　多治米店【5:薬局】広島県福山市多治米町２丁目１２－１０" }, "geometry": { "type": "Point", "coordinates": [ 133.38121, 34.471157 ] } },
{ "type": "Feature", "properties": { "ID": 3457340015460, "正式名称": "にこぴん薬局北吉津店", "機関区分": 5, "都道府県コード": 34, "市区町村コード": 207, "所在地": "広島県福山市北吉津町三丁目１１番１９号", "緯度": 34.497562, "経度": 133.363574, "url": "https://www.iryou.teikyouseido.mhlw.go.jp/znk-web/juminkanja/S2430/initialize?prefCd=34&kikanCd=7340015460&kikanKbn=5", "url2": "https://www.nexus-g.jp/business/medical/pharmacy-kitayoshizu/", "内容": "にこぴん薬局北吉津店【5:薬局】広島県福山市北吉津町三丁目１１番１９号" }, "geometry": { "type": "Point", "coordinates": [ 133.363574, 34.497562 ] } },
{ "type": "Feature", "properties": { "ID": 3457340015480, "正式名称": "有限会社　グリーン薬局", "機関区分": 5, "都道府県コード": 34, "市区町村コード": 207, "所在地": "広島県福山市千田町３丁目３４番２８号", "緯度": 34.521068, "経度": 133.376319, "url": "https://www.iryou.teikyouseido.mhlw.go.jp/znk-web/juminkanja/S2430/initialize?prefCd=34&kikanCd=7340015480&kikanKbn=5", "url2": null, "内容": "有限会社　グリーン薬局【5:薬局】広島県福山市千田町３丁目３４番２８号" }, "geometry": { "type": "Point", "coordinates": [ 133.376319, 34.521068 ] } },
{ "type": "Feature", "properties": { "ID": 3457340015500, "正式名称": "エスマイル薬局太陽店", "機関区分": 5, "都道府県コード": 34, "市区町村コード": 207, "所在地": "広島県福山市新市町新市３４－３", "緯度": 34.549841, "経度": 133.280742, "url": "https://www.iryou.teikyouseido.mhlw.go.jp/znk-web/juminkanja/S2430/initialize?prefCd=34&kikanCd=7340015500&kikanKbn=5", "url2": "http://www.ssmile.co.jp", "内容": "エスマイル薬局太陽店【5:薬局】広島県福山市新市町新市３４－３" }, "geometry": { "type": "Point", "coordinates": [ 133.280742, 34.549841 ] } },
{ "type": "Feature", "properties": { "ID": 3457340015510, "正式名称": "有限会社　安岡薬局", "機関区分": 5, "都道府県コード": 34, "市区町村コード": 207, "所在地": "広島県福山市神辺町川南１０４４‐１", "緯度": 34.535067, "経度": 133.379596, "url": "https://www.iryou.teikyouseido.mhlw.go.jp/znk-web/juminkanja/S2430/initialize?prefCd=34&kikanCd=7340015510&kikanKbn=5", "url2": null, "内容": "有限会社　安岡薬局【5:薬局】広島県福山市神辺町川南１０４４‐１" }, "geometry": { "type": "Point", "coordinates": [ 133.379596, 34.535067 ] } },
{ "type": "Feature", "properties": { "ID": 3457340015560, "正式名称": "つばさ薬局", "機関区分": 5, "都道府県コード": 34, "市区町村コード": 207, "所在地": "広島県福山市南蔵王町６丁目２０－１１", "緯度": 34.500516, "経度": 133.40379, "url": "https://www.iryou.teikyouseido.mhlw.go.jp/znk-web/juminkanja/S2430/initialize?prefCd=34&kikanCd=7340015560&kikanKbn=5", "url2": "https://asuka-herbs.jp", "内容": "つばさ薬局【5:薬局】広島県福山市南蔵王町６丁目２０－１１" }, "geometry": { "type": "Point", "coordinates": [ 133.40379, 34.500516 ] } },
{ "type": "Feature", "properties": { "ID": 3457340015570, "正式名称": "さわやか薬局", "機関区分": 5, "都道府県コード": 34, "市区町村コード": 207, "所在地": "広島県福山市西深津町４－４－５", "緯度": 34.497182, "経度": 133.379348, "url": "https://www.iryou.teikyouseido.mhlw.go.jp/znk-web/juminkanja/S2430/initialize?prefCd=34&kikanCd=7340015570&kikanKbn=5", "url2": null, "内容": "さわやか薬局【5:薬局】広島県福山市西深津町４－４－５" }, "geometry": { "type": "Point", "coordinates": [ 133.379348, 34.497182 ] } },
{ "type": "Feature", "properties": { "ID": 3457340015600, "正式名称": "和薬局", "機関区分": 5, "都道府県コード": 34, "市区町村コード": 207, "所在地": "広島県福山市多治米町六丁目８－１３", "緯度": 34.463686, "経度": 133.37485, "url": "https://www.iryou.teikyouseido.mhlw.go.jp/znk-web/juminkanja/S2430/initialize?prefCd=34&kikanCd=7340015600&kikanKbn=5", "url2": null, "内容": "和薬局【5:薬局】広島県福山市多治米町六丁目８－１３" }, "geometry": { "type": "Point", "coordinates": [ 133.37485, 34.463686 ] } },
{ "type": "Feature", "properties": { "ID": 3457340015620, "正式名称": "エース天元堂薬局", "機関区分": 5, "都道府県コード": 34, "市区町村コード": 207, "所在地": "広島県福山市港町１－１４－１３", "緯度": 34.484211, "経度": 133.379876, "url": "https://www.iryou.teikyouseido.mhlw.go.jp/znk-web/juminkanja/S2430/initialize?prefCd=34&kikanCd=7340015620&kikanKbn=5", "url2": null, "内容": "エース天元堂薬局【5:薬局】広島県福山市港町１－１４－１３" }, "geometry": { "type": "Point", "coordinates": [ 133.379876, 34.484211 ] } },
{ "type": "Feature", "properties": { "ID": 3457340015650, "正式名称": "ひろ薬局", "機関区分": 5, "都道府県コード": 34, "市区町村コード": 207, "所在地": "広島県福山市春日町７‐４‐９", "緯度": 34.509376, "経度": 133.415511, "url": "https://www.iryou.teikyouseido.mhlw.go.jp/znk-web/juminkanja/S2430/initialize?prefCd=34&kikanCd=7340015650&kikanKbn=5", "url2": null, "内容": "ひろ薬局【5:薬局】広島県福山市春日町７‐４‐９" }, "geometry": { "type": "Point", "coordinates": [ 133.415511, 34.509376 ] } },
{ "type": "Feature", "properties": { "ID": 3457340015660, "正式名称": "ファーマシィ薬局　新涯", "機関区分": 5, "都道府県コード": 34, "市区町村コード": 207, "所在地": "広島県福山市新涯町１ー５ー４０", "緯度": 34.463186, "経度": 133.389126, "url": "https://www.iryou.teikyouseido.mhlw.go.jp/znk-web/juminkanja/S2430/initialize?prefCd=34&kikanCd=7340015660&kikanKbn=5", "url2": "http://www.pharmacy-net.co.jp", "内容": "ファーマシィ薬局　新涯【5:薬局】広島県福山市新涯町１ー５ー４０" }, "geometry": { "type": "Point", "coordinates": [ 133.389126, 34.463186 ] } },
{ "type": "Feature", "properties": { "ID": 3457340015670, "正式名称": "アロー薬局　御幸店", "機関区分": 5, "都道府県コード": 34, "市区町村コード": 207, "所在地": "広島県福山市御幸町大字下岩成３１６番地３", "緯度": 34.54051, "経度": 133.348959, "url": "https://www.iryou.teikyouseido.mhlw.go.jp/znk-web/juminkanja/S2430/initialize?prefCd=34&kikanCd=7340015670&kikanKbn=5", "url2": null, "内容": "アロー薬局　御幸店【5:薬局】広島県福山市御幸町大字下岩成３１６番地３" }, "geometry": { "type": "Point", "coordinates": [ 133.348959, 34.54051 ] } },
{ "type": "Feature", "properties": { "ID": 3457340015690, "正式名称": "ファーマシィ薬局国立前", "機関区分": 5, "都道府県コード": 34, "市区町村コード": 207, "所在地": "広島県福山市沖野上町４‐２２‐３０", "緯度": 34.469978, "経度": 133.37118, "url": "https://www.iryou.teikyouseido.mhlw.go.jp/znk-web/juminkanja/S2430/initialize?prefCd=34&kikanCd=7340015690&kikanKbn=5", "url2": "https://www.pharmacy-net.co.jp", "内容": "ファーマシィ薬局国立前【5:薬局】広島県福山市沖野上町４‐２２‐３０" }, "geometry": { "type": "Point", "coordinates": [ 133.37118, 34.469978 ] } },
{ "type": "Feature", "properties": { "ID": 3457340015710, "正式名称": "株式会社　サン・メディカル薬局（新市店）", "機関区分": 5, "都道府県コード": 34, "市区町村コード": 208, "所在地": "広島県府中市中須町１０‐１", "緯度": 34.555507, "経度": 133.26991, "url": "https://www.iryou.teikyouseido.mhlw.go.jp/znk-web/juminkanja/S2430/initialize?prefCd=34&kikanCd=7340015710&kikanKbn=5", "url2": "http://www.sanmedhikaru.jp", "内容": "株式会社　サン・メディカル薬局（新市店）【5:薬局】広島県府中市中須町１０‐１" }, "geometry": { "type": "Point", "coordinates": [ 133.26991, 34.555507 ] } },
{ "type": "Feature", "properties": { "ID": 3457340015740, "正式名称": "キョーエイ薬局さくら", "機関区分": 5, "都道府県コード": 34, "市区町村コード": 207, "所在地": "広島県福山市西桜町１－７－２", "緯度": 34.484489, "経度": 133.357711, "url": "https://www.iryou.teikyouseido.mhlw.go.jp/znk-web/juminkanja/S2430/initialize?prefCd=34&kikanCd=7340015740&kikanKbn=5", "url2": "https://kyoei-ph.jp", "内容": "キョーエイ薬局さくら【5:薬局】広島県福山市西桜町１－７－２" }, "geometry": { "type": "Point", "coordinates": [ 133.357711, 34.484489 ] } },
{ "type": "Feature", "properties": { "ID": 3457340015750, "正式名称": "有限会社　有木薬局", "機関区分": 5, "都道府県コード": 34, "市区町村コード": 207, "所在地": "広島県福山市霞町３－３－１２", "緯度": 34.4836, "経度": 133.361211, "url": "https://www.iryou.teikyouseido.mhlw.go.jp/znk-web/juminkanja/S2430/initialize?prefCd=34&kikanCd=7340015750&kikanKbn=5", "url2": null, "内容": "有限会社　有木薬局【5:薬局】広島県福山市霞町３－３－１２" }, "geometry": { "type": "Point", "coordinates": [ 133.361211, 34.4836 ] } },
{ "type": "Feature", "properties": { "ID": 3457340015780, "正式名称": "天心堂薬局", "機関区分": 5, "都道府県コード": 34, "市区町村コード": 207, "所在地": "広島県福山市西町三丁目１４－３", "緯度": 34.492349, "経度": 133.355544, "url": "https://www.iryou.teikyouseido.mhlw.go.jp/znk-web/juminkanja/S2430/initialize?prefCd=34&kikanCd=7340015780&kikanKbn=5", "url2": null, "内容": "天心堂薬局【5:薬局】広島県福山市西町三丁目１４－３" }, "geometry": { "type": "Point", "coordinates": [ 133.355544, 34.492349 ] } },
{ "type": "Feature", "properties": { "ID": 3457340015790, "正式名称": "ファーマシィ薬局　あけぼの", "機関区分": 5, "都道府県コード": 34, "市区町村コード": 207, "所在地": "広島県福山市曙町三丁目２０－２１－１", "緯度": 34.470852, "経度": 133.397264, "url": "https://www.iryou.teikyouseido.mhlw.go.jp/znk-web/juminkanja/S2430/initialize?prefCd=34&kikanCd=7340015790&kikanKbn=5", "url2": "http://www.pharmacy-net.co.jp", "内容": "ファーマシィ薬局　あけぼの【5:薬局】広島県福山市曙町三丁目２０－２１－１" }, "geometry": { "type": "Point", "coordinates": [ 133.397264, 34.470852 ] } },
{ "type": "Feature", "properties": { "ID": 3457340015860, "正式名称": "有限会社　カワチ　新市中央薬局", "機関区分": 5, "都道府県コード": 34, "市区町村コード": 207, "所在地": "広島県福山市新市町新市　５４‐１", "緯度": 34.55073, "経度": 133.279881, "url": "https://www.iryou.teikyouseido.mhlw.go.jp/znk-web/juminkanja/S2430/initialize?prefCd=34&kikanCd=7340015860&kikanKbn=5", "url2": null, "内容": "有限会社　カワチ　新市中央薬局【5:薬局】広島県福山市新市町新市　５４‐１" }, "geometry": { "type": "Point", "coordinates": [ 133.279881, 34.55073 ] } },
{ "type": "Feature", "properties": { "ID": 3457340015870, "正式名称": "ステーション薬局", "機関区分": 5, "都道府県コード": 34, "市区町村コード": 208, "所在地": "広島県府中市中須町２７ー３", "緯度": 34.554452, "経度": 133.269382, "url": "https://www.iryou.teikyouseido.mhlw.go.jp/znk-web/juminkanja/S2430/initialize?prefCd=34&kikanCd=7340015870&kikanKbn=5", "url2": null, "内容": "ステーション薬局【5:薬局】広島県府中市中須町２７ー３" }, "geometry": { "type": "Point", "coordinates": [ 133.269382, 34.554452 ] } },
{ "type": "Feature", "properties": { "ID": 3457340015880, "正式名称": "はあと薬局", "機関区分": 5, "都道府県コード": 34, "市区町村コード": 207, "所在地": "広島県福山市加茂町下加茂６１－１", "緯度": 34.556564, "経度": 133.34532, "url": "https://www.iryou.teikyouseido.mhlw.go.jp/znk-web/juminkanja/S2430/initialize?prefCd=34&kikanCd=7340015880&kikanKbn=5", "url2": null, "内容": "はあと薬局【5:薬局】広島県福山市加茂町下加茂６１－１" }, "geometry": { "type": "Point", "coordinates": [ 133.34532, 34.556564 ] } },
{ "type": "Feature", "properties": { "ID": 3457340015910, "正式名称": "アロー薬局　城見店", "機関区分": 5, "都道府県コード": 34, "市区町村コード": 207, "所在地": "広島県福山市城見町１－３－４", "緯度": 34.490655, "経度": 133.365321, "url": "https://www.iryou.teikyouseido.mhlw.go.jp/znk-web/juminkanja/S2430/initialize?prefCd=34&kikanCd=7340015910&kikanKbn=5", "url2": null, "内容": "アロー薬局　城見店【5:薬局】広島県福山市城見町１－３－４" }, "geometry": { "type": "Point", "coordinates": [ 133.365321, 34.490655 ] } },
{ "type": "Feature", "properties": { "ID": 3457340015920, "正式名称": "とも西町薬局", "機関区分": 5, "都道府県コード": 34, "市区町村コード": 207, "所在地": "広島県福山市西町２‐５‐５", "緯度": 34.490067, "経度": 133.357957, "url": "https://www.iryou.teikyouseido.mhlw.go.jp/znk-web/juminkanja/S2430/initialize?prefCd=34&kikanCd=7340015920&kikanKbn=5", "url2": null, "内容": "とも西町薬局【5:薬局】広島県福山市西町２‐５‐５" }, "geometry": { "type": "Point", "coordinates": [ 133.357957, 34.490067 ] } },
{ "type": "Feature", "properties": { "ID": 3457340015930, "正式名称": "アロー薬局　沼隈店", "機関区分": 5, "都道府県コード": 34, "市区町村コード": 207, "所在地": "広島県福山市沼隈町中山南１４５０番地", "緯度": 34.419917, "経度": 133.323964, "url": "https://www.iryou.teikyouseido.mhlw.go.jp/znk-web/juminkanja/S2430/initialize?prefCd=34&kikanCd=7340015930&kikanKbn=5", "url2": null, "内容": "アロー薬局　沼隈店【5:薬局】広島県福山市沼隈町中山南１４５０番地" }, "geometry": { "type": "Point", "coordinates": [ 133.323964, 34.419917 ] } },
{ "type": "Feature", "properties": { "ID": 3457340015940, "正式名称": "木之庄薬局", "機関区分": 5, "都道府県コード": 34, "市区町村コード": 207, "所在地": "広島県福山市木之庄町２－７－３", "緯度": 34.49807, "経度": 133.354239, "url": "https://www.iryou.teikyouseido.mhlw.go.jp/znk-web/juminkanja/S2430/initialize?prefCd=34&kikanCd=7340015940&kikanKbn=5", "url2": "http://www.astes.net/innosima/", "内容": "木之庄薬局【5:薬局】広島県福山市木之庄町２－７－３" }, "geometry": { "type": "Point", "coordinates": [ 133.354239, 34.49807 ] } },
{ "type": "Feature", "properties": { "ID": 3457340015960, "正式名称": "青山薬局", "機関区分": 5, "都道府県コード": 34, "市区町村コード": 207, "所在地": "広島県福山市手城町１丁目３－２４", "緯度": 34.486045, "経度": 133.385848, "url": "https://www.iryou.teikyouseido.mhlw.go.jp/znk-web/juminkanja/S2430/initialize?prefCd=34&kikanCd=7340015960&kikanKbn=5", "url2": null, "内容": "青山薬局【5:薬局】広島県福山市手城町１丁目３－２４" }, "geometry": { "type": "Point", "coordinates": [ 133.385848, 34.486045 ] } },
{ "type": "Feature", "properties": { "ID": 3457340015980, "正式名称": "ひさまつ薬局", "機関区分": 5, "都道府県コード": 34, "市区町村コード": 207, "所在地": "広島県福山市延広町３－６", "緯度": 34.486016, "経度": 133.364877, "url": "https://www.iryou.teikyouseido.mhlw.go.jp/znk-web/juminkanja/S2430/initialize?prefCd=34&kikanCd=7340015980&kikanKbn=5", "url2": null, "内容": "ひさまつ薬局【5:薬局】広島県福山市延広町３－６" }, "geometry": { "type": "Point", "coordinates": [ 133.364877, 34.486016 ] } },
{ "type": "Feature", "properties": { "ID": 3457340016010, "正式名称": "すずらん薬局", "機関区分": 5, "都道府県コード": 34, "市区町村コード": 207, "所在地": "広島県福山市大黒町２－３２", "緯度": 34.491266, "経度": 133.367849, "url": "https://www.iryou.teikyouseido.mhlw.go.jp/znk-web/juminkanja/S2430/initialize?prefCd=34&kikanCd=7340016010&kikanKbn=5", "url2": null, "内容": "すずらん薬局【5:薬局】広島県福山市大黒町２－３２" }, "geometry": { "type": "Point", "coordinates": [ 133.367849, 34.491266 ] } },
{ "type": "Feature", "properties": { "ID": 3457340016030, "正式名称": "有限会社　ユーアイ薬局", "機関区分": 5, "都道府県コード": 34, "市区町村コード": 207, "所在地": "広島県福山市三之丸町１４‐１８", "緯度": 34.487099, "経度": 133.358961, "url": "https://www.iryou.teikyouseido.mhlw.go.jp/znk-web/juminkanja/S2430/initialize?prefCd=34&kikanCd=7340016030&kikanKbn=5", "url2": null, "内容": "有限会社　ユーアイ薬局【5:薬局】広島県福山市三之丸町１４‐１８" }, "geometry": { "type": "Point", "coordinates": [ 133.358961, 34.487099 ] } },
{ "type": "Feature", "properties": { "ID": 3457340016050, "正式名称": "にこぴん薬局高木店", "機関区分": 5, "都道府県コード": 34, "市区町村コード": 208, "所在地": "広島県府中市高木町４０７－６", "緯度": 34.564561, "経度": 133.242939, "url": "https://www.iryou.teikyouseido.mhlw.go.jp/znk-web/juminkanja/S2430/initialize?prefCd=34&kikanCd=7340016050&kikanKbn=5", "url2": "http://nikopin.com/takagitennhtml.html", "内容": "にこぴん薬局高木店【5:薬局】広島県府中市高木町４０７－６" }, "geometry": { "type": "Point", "coordinates": [ 133.242939, 34.564561 ] } },
{ "type": "Feature", "properties": { "ID": 3457340016060, "正式名称": "そうごう薬局　蔵王店", "機関区分": 5, "都道府県コード": 34, "市区町村コード": 207, "所在地": "広島県福山市南蔵王町五丁目１４－１０", "緯度": 34.504182, "経度": 133.402595, "url": "https://www.iryou.teikyouseido.mhlw.go.jp/znk-web/juminkanja/S2430/initialize?prefCd=34&kikanCd=7340016060&kikanKbn=5", "url2": "https://shop.sogo-pharmacy.jp/detail/239/", "内容": "そうごう薬局　蔵王店【5:薬局】広島県福山市南蔵王町五丁目１４－１０" }, "geometry": { "type": "Point", "coordinates": [ 133.402595, 34.504182 ] } },
{ "type": "Feature", "properties": { "ID": 3457340016120, "正式名称": "明神町薬局", "機関区分": 5, "都道府県コード": 34, "市区町村コード": 207, "所在地": "広島県福山市明神町二丁目１０－３", "緯度": 34.492044, "経度": 133.399485, "url": "https://www.iryou.teikyouseido.mhlw.go.jp/znk-web/juminkanja/S2430/initialize?prefCd=34&kikanCd=7340016120&kikanKbn=5", "url2": "http://www.ssmile.co.jp", "内容": "明神町薬局【5:薬局】広島県福山市明神町二丁目１０－３" }, "geometry": { "type": "Point", "coordinates": [ 133.399485, 34.492044 ] } },
{ "type": "Feature", "properties": { "ID": 3457340016130, "正式名称": "大門のぞみ薬局", "機関区分": 5, "都道府県コード": 34, "市区町村コード": 207, "所在地": "広島県福山市大門町三丁目２８－１", "緯度": 34.493572, "経度": 133.440482, "url": "https://www.iryou.teikyouseido.mhlw.go.jp/znk-web/juminkanja/S2430/initialize?prefCd=34&kikanCd=7340016130&kikanKbn=5", "url2": "http://www.e-classa.net/daimon-nozomi/", "内容": "大門のぞみ薬局【5:薬局】広島県福山市大門町三丁目２８－１" }, "geometry": { "type": "Point", "coordinates": [ 133.440482, 34.493572 ] } },
{ "type": "Feature", "properties": { "ID": 3457340016140, "正式名称": "日本調剤　赤坂薬局", "機関区分": 5, "都道府県コード": 34, "市区町村コード": 207, "所在地": "広島県福山市赤坂町赤坂１２８３－１", "緯度": 34.471822, "経度": 133.3033, "url": "https://www.iryou.teikyouseido.mhlw.go.jp/znk-web/juminkanja/S2430/initialize?prefCd=34&kikanCd=7340016140&kikanKbn=5", "url2": "http://www.nicho.co.jp/tenpo/akasaka.html", "内容": "日本調剤　赤坂薬局【5:薬局】広島県福山市赤坂町赤坂１２８３－１" }, "geometry": { "type": "Point", "coordinates": [ 133.3033, 34.471822 ] } },
{ "type": "Feature", "properties": { "ID": 3457340016150, "正式名称": "ファーマシィ薬局すみよし", "機関区分": 5, "都道府県コード": 34, "市区町村コード": 207, "所在地": "広島県福山市住吉町６－１１", "緯度": 34.485518, "経度": 133.370531, "url": "https://www.iryou.teikyouseido.mhlw.go.jp/znk-web/juminkanja/S2430/initialize?prefCd=34&kikanCd=7340016150&kikanKbn=5", "url2": "http://www.pharmacy-net.co.jp", "内容": "ファーマシィ薬局すみよし【5:薬局】広島県福山市住吉町６－１１" }, "geometry": { "type": "Point", "coordinates": [ 133.370531, 34.485518 ] } },
{ "type": "Feature", "properties": { "ID": 3457340016160, "正式名称": "トミヤス薬局", "機関区分": 5, "都道府県コード": 34, "市区町村コード": 207, "所在地": "広島県福山市松浜町一丁目１－２６", "緯度": 34.485486, "経度": 133.373245, "url": "https://www.iryou.teikyouseido.mhlw.go.jp/znk-web/juminkanja/S2430/initialize?prefCd=34&kikanCd=7340016160&kikanKbn=5", "url2": null, "内容": "トミヤス薬局【5:薬局】広島県福山市松浜町一丁目１－２６" }, "geometry": { "type": "Point", "coordinates": [ 133.373245, 34.485486 ] } },
{ "type": "Feature", "properties": { "ID": 3457340016180, "正式名称": "あやめ薬局　沖見店", "機関区分": 5, "都道府県コード": 34, "市区町村コード": 208, "所在地": "広島県府中市上下町上下２０９７－１", "緯度": 34.698295, "経度": 133.120388, "url": "https://www.iryou.teikyouseido.mhlw.go.jp/znk-web/juminkanja/S2430/initialize?prefCd=34&kikanCd=7340016180&kikanKbn=5", "url2": "http://tower-medical.jp/ayame-okimi/", "内容": "あやめ薬局　沖見店【5:薬局】広島県府中市上下町上下２０９７－１" }, "geometry": { "type": "Point", "coordinates": [ 133.120388, 34.698295 ] } },
{ "type": "Feature", "properties": { "ID": 3457340016200, "正式名称": "ププレひまわり薬局　水呑店", "機関区分": 5, "都道府県コード": 34, "市区町村コード": 207, "所在地": "広島県福山市水呑町三新田二丁目２１番地", "緯度": 34.447777, "経度": 133.382551, "url": "https://www.iryou.teikyouseido.mhlw.go.jp/znk-web/juminkanja/S2430/initialize?prefCd=34&kikanCd=7340016200&kikanKbn=5", "url2": "http://www.pupule.co.jp/", "内容": "ププレひまわり薬局　水呑店【5:薬局】広島県福山市水呑町三新田二丁目２１番地" }, "geometry": { "type": "Point", "coordinates": [ 133.382551, 34.447777 ] } },
{ "type": "Feature", "properties": { "ID": 3457340016210, "正式名称": "にこぴん薬局　三新田店", "機関区分": 5, "都道府県コード": 34, "市区町村コード": 207, "所在地": "広島県福山市水呑町三新田二丁目２６番地", "緯度": 34.447777, "経度": 133.382551, "url": "https://www.iryou.teikyouseido.mhlw.go.jp/znk-web/juminkanja/S2430/initialize?prefCd=34&kikanCd=7340016210&kikanKbn=5", "url2": "http://www.nikopin.com/sannshinndenntennhtml.html", "内容": "にこぴん薬局　三新田店【5:薬局】広島県福山市水呑町三新田二丁目２６番地" }, "geometry": { "type": "Point", "coordinates": [ 133.382551, 34.447777 ] } },
{ "type": "Feature", "properties": { "ID": 3457340016220, "正式名称": "セブン薬局", "機関区分": 5, "都道府県コード": 34, "市区町村コード": 207, "所在地": "広島県福山市春日町７－１－２４", "緯度": 34.510098, "経度": 133.414122, "url": "https://www.iryou.teikyouseido.mhlw.go.jp/znk-web/juminkanja/S2430/initialize?prefCd=34&kikanCd=7340016220&kikanKbn=5", "url2": null, "内容": "セブン薬局【5:薬局】広島県福山市春日町７－１－２４" }, "geometry": { "type": "Point", "coordinates": [ 133.414122, 34.510098 ] } },
{ "type": "Feature", "properties": { "ID": 3457340016250, "正式名称": "菜の花薬局", "機関区分": 5, "都道府県コード": 34, "市区町村コード": 207, "所在地": "広島県福山市神辺町川南３１４３－７", "緯度": 34.538888, "経度": 133.380808, "url": "https://www.iryou.teikyouseido.mhlw.go.jp/znk-web/juminkanja/S2430/initialize?prefCd=34&kikanCd=7340016250&kikanKbn=5", "url2": null, "内容": "菜の花薬局【5:薬局】広島県福山市神辺町川南３１４３－７" }, "geometry": { "type": "Point", "coordinates": [ 133.380808, 34.538888 ] } },
{ "type": "Feature", "properties": { "ID": 3457340016260, "正式名称": "こはる薬局", "機関区分": 5, "都道府県コード": 34, "市区町村コード": 207, "所在地": "広島県福山市駅家町万能倉９１０－１４", "緯度": 34.544565, "経度": 133.332933, "url": "https://www.iryou.teikyouseido.mhlw.go.jp/znk-web/juminkanja/S2430/initialize?prefCd=34&kikanCd=7340016260&kikanKbn=5", "url2": null, "内容": "こはる薬局【5:薬局】広島県福山市駅家町万能倉９１０－１４" }, "geometry": { "type": "Point", "coordinates": [ 133.332933, 34.544565 ] } },
{ "type": "Feature", "properties": { "ID": 3457340016300, "正式名称": "近藤漢方薬局", "機関区分": 5, "都道府県コード": 34, "市区町村コード": 207, "所在地": "広島県福山市南蔵王町四丁目１０番３２号", "緯度": 34.497627, "経度": 133.396319, "url": "https://www.iryou.teikyouseido.mhlw.go.jp/znk-web/juminkanja/S2430/initialize?prefCd=34&kikanCd=7340016300&kikanKbn=5", "url2": null, "内容": "近藤漢方薬局【5:薬局】広島県福山市南蔵王町四丁目１０番３２号" }, "geometry": { "type": "Point", "coordinates": [ 133.396319, 34.497627 ] } },
{ "type": "Feature", "properties": { "ID": 3457340016310, "正式名称": "ファーマシィ薬局　だいもん", "機関区分": 5, "都道府県コード": 34, "市区町村コード": 207, "所在地": "広島県福山市大門町三丁目１９－１６", "緯度": 34.492684, "経度": 133.439232, "url": "https://www.iryou.teikyouseido.mhlw.go.jp/znk-web/juminkanja/S2430/initialize?prefCd=34&kikanCd=7340016310&kikanKbn=5", "url2": "http://www.pharmacy-net.co.jp", "内容": "ファーマシィ薬局　だいもん【5:薬局】広島県福山市大門町三丁目１９－１６" }, "geometry": { "type": "Point", "coordinates": [ 133.439232, 34.492684 ] } },
{ "type": "Feature", "properties": { "ID": 3457340016330, "正式名称": "だいだい薬局　したみ", "機関区分": 5, "都道府県コード": 34, "市区町村コード": 212, "所在地": "広島県東広島市西条町下見４４８２－１", "緯度": 34.410041, "経度": 132.713018, "url": "https://www.iryou.teikyouseido.mhlw.go.jp/znk-web/juminkanja/S2430/initialize?prefCd=34&kikanCd=7340016330&kikanKbn=5", "url2": null, "内容": "だいだい薬局　したみ【5:薬局】広島県東広島市西条町下見４４８２－１" }, "geometry": { "type": "Point", "coordinates": [ 132.713018, 34.410041 ] } },
{ "type": "Feature", "properties": { "ID": 3457340016340, "正式名称": "メイプル薬局", "機関区分": 5, "都道府県コード": 34, "市区町村コード": 214, "所在地": "広島県安芸高田市甲田町高田原１４６８－１４", "緯度": 34.688484, "経度": 132.761779, "url": "https://www.iryou.teikyouseido.mhlw.go.jp/znk-web/juminkanja/S2430/initialize?prefCd=34&kikanCd=7340016340&kikanKbn=5", "url2": null, "内容": "メイプル薬局【5:薬局】広島県安芸高田市甲田町高田原１４６８－１４" }, "geometry": { "type": "Point", "coordinates": [ 132.761779, 34.688484 ] } },
{ "type": "Feature", "properties": { "ID": 3457340016380, "正式名称": "西本町薬局", "機関区分": 5, "都道府県コード": 34, "市区町村コード": 210, "所在地": "広島県庄原市西本町二丁目１２－１０", "緯度": 34.856433, "経度": 133.012474, "url": "https://www.iryou.teikyouseido.mhlw.go.jp/znk-web/juminkanja/S2430/initialize?prefCd=34&kikanCd=7340016380&kikanKbn=5", "url2": null, "内容": "西本町薬局【5:薬局】広島県庄原市西本町二丁目１２－１０" }, "geometry": { "type": "Point", "coordinates": [ 133.012474, 34.856433 ] } },
{ "type": "Feature", "properties": { "ID": 3457340016390, "正式名称": "あやめ薬局　せら店", "機関区分": 5, "都道府県コード": 34, "市区町村コード": 462, "所在地": "広島県世羅郡世羅町本郷９４０－２", "緯度": 34.586139, "経度": 133.045066, "url": "https://www.iryou.teikyouseido.mhlw.go.jp/znk-web/juminkanja/S2430/initialize?prefCd=34&kikanCd=7340016390&kikanKbn=5", "url2": "http://tower-medical.jp/", "内容": "あやめ薬局　せら店【5:薬局】広島県世羅郡世羅町本郷９４０－２" }, "geometry": { "type": "Point", "coordinates": [ 133.045066, 34.586139 ] } },
{ "type": "Feature", "properties": { "ID": 3457340016400, "正式名称": "ヘルシー薬局", "機関区分": 5, "都道府県コード": 34, "市区町村コード": 208, "所在地": "広島県府中市鵜飼町５９９－６", "緯度": 34.565478, "経度": 133.250022, "url": "https://www.iryou.teikyouseido.mhlw.go.jp/znk-web/juminkanja/S2430/initialize?prefCd=34&kikanCd=7340016400&kikanKbn=5", "url2": "http://www.ssmile.co.jp", "内容": "ヘルシー薬局【5:薬局】広島県府中市鵜飼町５９９－６" }, "geometry": { "type": "Point", "coordinates": [ 133.250022, 34.565478 ] } },
{ "type": "Feature", "properties": { "ID": 3457340016450, "正式名称": "エスマイル薬局あおぞら店", "機関区分": 5, "都道府県コード": 34, "市区町村コード": 210, "所在地": "広島県庄原市西本町２丁目１５－３２", "緯度": 34.856385, "経度": 133.009827, "url": "https://www.iryou.teikyouseido.mhlw.go.jp/znk-web/juminkanja/S2430/initialize?prefCd=34&kikanCd=7340016450&kikanKbn=5", "url2": "http://www.ssmile.co.jp/", "内容": "エスマイル薬局あおぞら店【5:薬局】広島県庄原市西本町２丁目１５－３２" }, "geometry": { "type": "Point", "coordinates": [ 133.009827, 34.856385 ] } },
{ "type": "Feature", "properties": { "ID": 3457340016520, "正式名称": "コスモス薬局　紙屋町西店", "機関区分": 5, "都道府県コード": 34, "市区町村コード": 101, "所在地": "広島県広島市中区紙屋町２－２－２５大野ビル２階", "緯度": 34.394371, "経度": 132.456651, "url": "https://www.iryou.teikyouseido.mhlw.go.jp/znk-web/juminkanja/S2430/initialize?prefCd=34&kikanCd=7340016520&kikanKbn=5", "url2": "http://www.reliance-cosmos.co.jp/", "内容": "コスモス薬局　紙屋町西店【5:薬局】広島県広島市中区紙屋町２－２－２５大野ビル２階" }, "geometry": { "type": "Point", "coordinates": [ 132.456651, 34.394371 ] } },
{ "type": "Feature", "properties": { "ID": 3457340016530, "正式名称": "大和屋漢方薬局", "機関区分": 5, "都道府県コード": 34, "市区町村コード": 101, "所在地": "広島県広島市中区西川口町１２－９", "緯度": 34.380817, "経度": 132.439487, "url": "https://www.iryou.teikyouseido.mhlw.go.jp/znk-web/juminkanja/S2430/initialize?prefCd=34&kikanCd=7340016530&kikanKbn=5", "url2": null, "内容": "大和屋漢方薬局【5:薬局】広島県広島市中区西川口町１２－９" }, "geometry": { "type": "Point", "coordinates": [ 132.439487, 34.380817 ] } },
{ "type": "Feature", "properties": { "ID": 3457340016540, "正式名称": "有限会社　有朋堂薬局", "機関区分": 5, "都道府県コード": 34, "市区町村コード": 102, "所在地": "広島県広島市東区戸坂出江１－１－５", "緯度": 34.432062, "経度": 132.488869, "url": "https://www.iryou.teikyouseido.mhlw.go.jp/znk-web/juminkanja/S2430/initialize?prefCd=34&kikanCd=7340016540&kikanKbn=5", "url2": "https://web.gogo.jp/cms/byoinnavi/login/", "内容": "有限会社　有朋堂薬局【5:薬局】広島県広島市東区戸坂出江１－１－５" }, "geometry": { "type": "Point", "coordinates": [ 132.488869, 34.432062 ] } },
{ "type": "Feature", "properties": { "ID": 3457340016570, "正式名称": "すずらん薬局　川内店", "機関区分": 5, "都道府県コード": 34, "市区町村コード": 105, "所在地": "広島県広島市安佐南区川内１－１５－３", "緯度": 34.458532, "経度": 132.484952, "url": "https://www.iryou.teikyouseido.mhlw.go.jp/znk-web/juminkanja/S2430/initialize?prefCd=34&kikanCd=7340016570&kikanKbn=5", "url2": "https://www.horon-suzuran.com/tenpo-detail#ttl-kawauchiten", "内容": "すずらん薬局　川内店【5:薬局】広島県広島市安佐南区川内１－１５－３" }, "geometry": { "type": "Point", "coordinates": [ 132.484952, 34.458532 ] } },
{ "type": "Feature", "properties": { "ID": 3457340016590, "正式名称": "ファインしみず薬局", "機関区分": 5, "都道府県コード": 34, "市区町村コード": 108, "所在地": "広島県広島市佐伯区楽々園２－２－２　広電楽々園ビル２階", "緯度": 34.364095, "経度": 132.351884, "url": "https://www.iryou.teikyouseido.mhlw.go.jp/znk-web/juminkanja/S2430/initialize?prefCd=34&kikanCd=7340016590&kikanKbn=5", "url2": "http://www.drug-shimizu.jp/", "内容": "ファインしみず薬局【5:薬局】広島県広島市佐伯区楽々園２－２－２　広電楽々園ビル２階" }, "geometry": { "type": "Point", "coordinates": [ 132.351884, 34.364095 ] } },
{ "type": "Feature", "properties": { "ID": 3457340016610, "正式名称": "レデイ薬局　矢野駅前店", "機関区分": 5, "都道府県コード": 34, "市区町村コード": 107, "所在地": "広島県広島市安芸区矢野西４－３－１５－１０１", "緯度": 34.352044, "経度": 132.533036, "url": "https://www.iryou.teikyouseido.mhlw.go.jp/znk-web/juminkanja/S2430/initialize?prefCd=34&kikanCd=7340016610&kikanKbn=5", "url2": "http://www.lady-drug.co.jp/", "内容": "レデイ薬局　矢野駅前店【5:薬局】広島県広島市安芸区矢野西４－３－１５－１０１" }, "geometry": { "type": "Point", "coordinates": [ 132.533036, 34.352044 ] } },
{ "type": "Feature", "properties": { "ID": 3457340016630, "正式名称": "仙境堂薬局", "機関区分": 5, "都道府県コード": 34, "市区町村コード": 102, "所在地": "広島県広島市東区戸坂中町４－１　クレールマスダ１０２", "緯度": 34.43509, "経度": 132.488064, "url": "https://www.iryou.teikyouseido.mhlw.go.jp/znk-web/juminkanja/S2430/initialize?prefCd=34&kikanCd=7340016630&kikanKbn=5", "url2": null, "内容": "仙境堂薬局【5:薬局】広島県広島市東区戸坂中町４－１　クレールマスダ１０２" }, "geometry": { "type": "Point", "coordinates": [ 132.488064, 34.43509 ] } },
{ "type": "Feature", "properties": { "ID": 3457340016650, "正式名称": "コスモス薬局　小網町店", "機関区分": 5, "都道府県コード": 34, "市区町村コード": 101, "所在地": "広島県広島市中区堺町２－６－１１－３", "緯度": 34.394343, "経度": 132.445708, "url": "https://www.iryou.teikyouseido.mhlw.go.jp/znk-web/juminkanja/S2430/initialize?prefCd=34&kikanCd=7340016650&kikanKbn=5", "url2": "http://www.reliance-cosmos.co.jp/", "内容": "コスモス薬局　小網町店【5:薬局】広島県広島市中区堺町２－６－１１－３" }, "geometry": { "type": "Point", "coordinates": [ 132.445708, 34.394343 ] } },
{ "type": "Feature", "properties": { "ID": 3457340016660, "正式名称": "みやなが薬局　己斐店", "機関区分": 5, "都道府県コード": 34, "市区町村コード": 104, "所在地": "広島県広島市西区己斐本町三丁目１番１号　桧垣ビル１Ｆ", "緯度": 34.396179, "経度": 132.426184, "url": "https://www.iryou.teikyouseido.mhlw.go.jp/znk-web/juminkanja/S2430/initialize?prefCd=34&kikanCd=7340016660&kikanKbn=5", "url2": "http://www.okusuriyasan.jp/", "内容": "みやなが薬局　己斐店【5:薬局】広島県広島市西区己斐本町三丁目１番１号　桧垣ビル１Ｆ" }, "geometry": { "type": "Point", "coordinates": [ 132.426184, 34.396179 ] } },
{ "type": "Feature", "properties": { "ID": 3457340016670, "正式名称": "あおぞら薬局　向洋店", "機関区分": 5, "都道府県コード": 34, "市区町村コード": 103, "所在地": "広島県広島市南区向洋本町１０－２５", "緯度": 34.368347, "経度": 132.505093, "url": "https://www.iryou.teikyouseido.mhlw.go.jp/znk-web/juminkanja/S2430/initialize?prefCd=34&kikanCd=7340016670&kikanKbn=5", "url2": null, "内容": "あおぞら薬局　向洋店【5:薬局】広島県広島市南区向洋本町１０－２５" }, "geometry": { "type": "Point", "coordinates": [ 132.505093, 34.368347 ] } },
{ "type": "Feature", "properties": { "ID": 3457340016710, "正式名称": "ここから薬局　三川町店", "機関区分": 5, "都道府県コード": 34, "市区町村コード": 101, "所在地": "広島県広島市中区三川町１－２０", "緯度": 34.390703, "経度": 132.462885, "url": "https://www.iryou.teikyouseido.mhlw.go.jp/znk-web/juminkanja/S2430/initialize?prefCd=34&kikanCd=7340016710&kikanKbn=5", "url2": "http://www.g-town.co.jp/net/", "内容": "ここから薬局　三川町店【5:薬局】広島県広島市中区三川町１－２０" }, "geometry": { "type": "Point", "coordinates": [ 132.462885, 34.390703 ] } },
{ "type": "Feature", "properties": { "ID": 3457340016720, "正式名称": "国泰寺薬局", "機関区分": 5, "都道府県コード": 34, "市区町村コード": 101, "所在地": "広島県広島市中区国泰寺町２－３－６", "緯度": 34.383733, "経度": 132.455235, "url": "https://www.iryou.teikyouseido.mhlw.go.jp/znk-web/juminkanja/S2430/initialize?prefCd=34&kikanCd=7340016720&kikanKbn=5", "url2": null, "内容": "国泰寺薬局【5:薬局】広島県広島市中区国泰寺町２－３－６" }, "geometry": { "type": "Point", "coordinates": [ 132.455235, 34.383733 ] } },
{ "type": "Feature", "properties": { "ID": 3457340016770, "正式名称": "ふれあいローズ薬局", "機関区分": 5, "都道府県コード": 34, "市区町村コード": 207, "所在地": "広島県福山市野上町２－６ー８", "緯度": 34.478434, "経度": 133.365489, "url": "https://www.iryou.teikyouseido.mhlw.go.jp/znk-web/juminkanja/S2430/initialize?prefCd=34&kikanCd=7340016770&kikanKbn=5", "url2": "http://www.ssmile.co.jp/", "内容": "ふれあいローズ薬局【5:薬局】広島県福山市野上町２－６ー８" }, "geometry": { "type": "Point", "coordinates": [ 133.365489, 34.478434 ] } },
{ "type": "Feature", "properties": { "ID": 3457340016820, "正式名称": "向島薬局", "機関区分": 5, "都道府県コード": 34, "市区町村コード": 205, "所在地": "広島県尾道市向島町５８８３－５", "緯度": 34.393329, "経度": 133.196645, "url": "https://www.iryou.teikyouseido.mhlw.go.jp/znk-web/juminkanja/S2430/initialize?prefCd=34&kikanCd=7340016820&kikanKbn=5", "url2": null, "内容": "向島薬局【5:薬局】広島県尾道市向島町５８８３－５" }, "geometry": { "type": "Point", "coordinates": [ 133.196645, 34.393329 ] } },
{ "type": "Feature", "properties": { "ID": 3457340016830, "正式名称": "エスマイル薬局　みどり町店", "機関区分": 5, "都道府県コード": 34, "市区町村コード": 207, "所在地": "広島県福山市緑町２番４０号", "緯度": 34.475545, "経度": 133.374432, "url": "https://www.iryou.teikyouseido.mhlw.go.jp/znk-web/juminkanja/S2430/initialize?prefCd=34&kikanCd=7340016830&kikanKbn=5", "url2": "http://www.ssmile.co.jp/", "内容": "エスマイル薬局　みどり町店【5:薬局】広島県福山市緑町２番４０号" }, "geometry": { "type": "Point", "coordinates": [ 133.374432, 34.475545 ] } },
{ "type": "Feature", "properties": { "ID": 3457340016860, "正式名称": "イオン薬局　三原店", "機関区分": 5, "都道府県コード": 34, "市区町村コード": 204, "所在地": "広島県三原市城町２－１３－１", "緯度": 34.399049, "経度": 133.087321, "url": "https://www.iryou.teikyouseido.mhlw.go.jp/znk-web/juminkanja/S2430/initialize?prefCd=34&kikanCd=7340016860&kikanKbn=5", "url2": null, "内容": "イオン薬局　三原店【5:薬局】広島県三原市城町２－１３－１" }, "geometry": { "type": "Point", "coordinates": [ 133.087321, 34.399049 ] } },
{ "type": "Feature", "properties": { "ID": 3457340016880, "正式名称": "ファーマシィ薬局健美", "機関区分": 5, "都道府県コード": 34, "市区町村コード": 209, "所在地": "広島県三次市東酒屋町５８７－１　Ｋ’ｚビル２Ｆ", "緯度": 34.784642, "経度": 132.86921, "url": "https://www.iryou.teikyouseido.mhlw.go.jp/znk-web/juminkanja/S2430/initialize?prefCd=34&kikanCd=7340016880&kikanKbn=5", "url2": "https://www.pharmacy-net.co.jp", "内容": "ファーマシィ薬局健美【5:薬局】広島県三次市東酒屋町５８７－１　Ｋ’ｚビル２Ｆ" }, "geometry": { "type": "Point", "coordinates": [ 132.86921, 34.784642 ] } },
{ "type": "Feature", "properties": { "ID": 3457340016890, "正式名称": "イオン薬局　広島府中店", "機関区分": 5, "都道府県コード": 34, "市区町村コード": 302, "所在地": "広島県安芸郡府中町大須二丁目１－１", "緯度": 34.394678, "経度": 132.499842, "url": "https://www.iryou.teikyouseido.mhlw.go.jp/znk-web/juminkanja/S2430/initialize?prefCd=34&kikanCd=7340016890&kikanKbn=5", "url2": null, "内容": "イオン薬局　広島府中店【5:薬局】広島県安芸郡府中町大須二丁目１－１" }, "geometry": { "type": "Point", "coordinates": [ 132.499842, 34.394678 ] } },
{ "type": "Feature", "properties": { "ID": 3457340016900, "正式名称": "イオン薬局宇品店", "機関区分": 5, "都道府県コード": 34, "市区町村コード": 103, "所在地": "広島県広島市南区宇品東六丁目１番１５号", "緯度": 34.362653, "経度": 132.468346, "url": "https://www.iryou.teikyouseido.mhlw.go.jp/znk-web/juminkanja/S2430/initialize?prefCd=34&kikanCd=7340016900&kikanKbn=5", "url2": null, "内容": "イオン薬局宇品店【5:薬局】広島県広島市南区宇品東六丁目１番１５号" }, "geometry": { "type": "Point", "coordinates": [ 132.468346, 34.362653 ] } },
{ "type": "Feature", "properties": { "ID": 3457340016910, "正式名称": "コスモス薬局　尾道店", "機関区分": 5, "都道府県コード": 34, "市区町村コード": 205, "所在地": "広島県尾道市新浜二丁目１０－１６", "緯度": 34.39955, "経度": 133.176702, "url": "https://www.iryou.teikyouseido.mhlw.go.jp/znk-web/juminkanja/S2430/initialize?prefCd=34&kikanCd=7340016910&kikanKbn=5", "url2": "http://www.reliance-cosmos.co.jp/", "内容": "コスモス薬局　尾道店【5:薬局】広島県尾道市新浜二丁目１０－１６" }, "geometry": { "type": "Point", "coordinates": [ 133.176702, 34.39955 ] } },
{ "type": "Feature", "properties": { "ID": 3457340016920, "正式名称": "オール薬局　神辺店", "機関区分": 5, "都道府県コード": 34, "市区町村コード": 207, "所在地": "広島県福山市神辺町川北１５３３", "緯度": 34.541649, "経度": 133.363347, "url": "https://www.iryou.teikyouseido.mhlw.go.jp/znk-web/juminkanja/S2430/initialize?prefCd=34&kikanCd=7340016920&kikanKbn=5", "url2": "http://www.e-classa.net/owl-kannabe/#", "内容": "オール薬局　神辺店【5:薬局】広島県福山市神辺町川北１５３３" }, "geometry": { "type": "Point", "coordinates": [ 133.363347, 34.541649 ] } },
{ "type": "Feature", "properties": { "ID": 3457340016930, "正式名称": "にこぴん薬局　伊勢丘店", "機関区分": 5, "都道府県コード": 34, "市区町村コード": 207, "所在地": "広島県福山市伊勢丘五丁目６番２号", "緯度": 34.506876, "経度": 133.421149, "url": "https://www.iryou.teikyouseido.mhlw.go.jp/znk-web/juminkanja/S2430/initialize?prefCd=34&kikanCd=7340016930&kikanKbn=5", "url2": "http://nikopin.com/isegaokatennhtml.html", "内容": "にこぴん薬局　伊勢丘店【5:薬局】広島県福山市伊勢丘五丁目６番２号" }, "geometry": { "type": "Point", "coordinates": [ 133.421149, 34.506876 ] } },
{ "type": "Feature", "properties": { "ID": 3457340016940, "正式名称": "エスマイル薬局　福山南店", "機関区分": 5, "都道府県コード": 34, "市区町村コード": 207, "所在地": "広島県福山市川口町四丁目１２－３６", "緯度": 34.464665, "経度": 133.384566, "url": "https://www.iryou.teikyouseido.mhlw.go.jp/znk-web/juminkanja/S2430/initialize?prefCd=34&kikanCd=7340016940&kikanKbn=5", "url2": "http://www.ssmile.co.jp/", "内容": "エスマイル薬局　福山南店【5:薬局】広島県福山市川口町四丁目１２－３６" }, "geometry": { "type": "Point", "coordinates": [ 133.384566, 34.464665 ] } },
{ "type": "Feature", "properties": { "ID": 3457340016970, "正式名称": "フロウリッシュ薬局", "機関区分": 5, "都道府県コード": 34, "市区町村コード": 103, "所在地": "広島県広島市南区宇品西五丁目１２－４４", "緯度": 34.361236, "経度": 132.458292, "url": "https://www.iryou.teikyouseido.mhlw.go.jp/znk-web/juminkanja/S2430/initialize?prefCd=34&kikanCd=7340016970&kikanKbn=5", "url2": "http://www.mikk-ligar.com", "内容": "フロウリッシュ薬局【5:薬局】広島県広島市南区宇品西五丁目１２－４４" }, "geometry": { "type": "Point", "coordinates": [ 132.458292, 34.361236 ] } },
{ "type": "Feature", "properties": { "ID": 3457340016980, "正式名称": "コスモス薬局　京口門店", "機関区分": 5, "都道府県コード": 34, "市区町村コード": 101, "所在地": "広島県広島市中区八丁堀１２－１０　Ｊシティ八丁堀１階ＡＢ号室", "緯度": 34.395538, "経度": 132.463234, "url": "https://www.iryou.teikyouseido.mhlw.go.jp/znk-web/juminkanja/S2430/initialize?prefCd=34&kikanCd=7340016980&kikanKbn=5", "url2": "http://www.reliance-cosmos.co.jp/", "内容": "コスモス薬局　京口門店【5:薬局】広島県広島市中区八丁堀１２－１０　Ｊシティ八丁堀１階ＡＢ号室" }, "geometry": { "type": "Point", "coordinates": [ 132.463234, 34.395538 ] } },
{ "type": "Feature", "properties": { "ID": 3457340016990, "正式名称": "オール薬局　沼田店", "機関区分": 5, "都道府県コード": 34, "市区町村コード": 105, "所在地": "広島県広島市安佐南区伴東五丁目１９番２３号", "緯度": 34.467807, "経度": 132.418901, "url": "https://www.iryou.teikyouseido.mhlw.go.jp/znk-web/juminkanja/S2430/initialize?prefCd=34&kikanCd=7340016990&kikanKbn=5", "url2": "http://www.e-classa.net/owl-numata/", "内容": "オール薬局　沼田店【5:薬局】広島県広島市安佐南区伴東五丁目１９番２３号" }, "geometry": { "type": "Point", "coordinates": [ 132.418901, 34.467807 ] } },
{ "type": "Feature", "properties": { "ID": 3457340017010, "正式名称": "純薬　株式会社　新宮アゼリア薬局", "機関区分": 5, "都道府県コード": 34, "市区町村コード": 108, "所在地": "広島県広島市佐伯区新宮苑１１－２１", "緯度": 34.370705, "経度": 132.360938, "url": "https://www.iryou.teikyouseido.mhlw.go.jp/znk-web/juminkanja/S2430/initialize?prefCd=34&kikanCd=7340017010&kikanKbn=5", "url2": "https://sites.google.com/view/junyaku1990/home?pli=1", "内容": "純薬　株式会社　新宮アゼリア薬局【5:薬局】広島県広島市佐伯区新宮苑１１－２１" }, "geometry": { "type": "Point", "coordinates": [ 132.360938, 34.370705 ] } },
{ "type": "Feature", "properties": { "ID": 3457340017020, "正式名称": "あやめ薬局　矢野店", "機関区分": 5, "都道府県コード": 34, "市区町村コード": 208, "所在地": "広島県府中市上下町深江４７６－２", "緯度": 34.682127, "経度": 133.118086, "url": "https://www.iryou.teikyouseido.mhlw.go.jp/znk-web/juminkanja/S2430/initialize?prefCd=34&kikanCd=7340017020&kikanKbn=5", "url2": "http://tower-medical.jp/", "内容": "あやめ薬局　矢野店【5:薬局】広島県府中市上下町深江４７６－２" }, "geometry": { "type": "Point", "coordinates": [ 133.118086, 34.682127 ] } },
{ "type": "Feature", "properties": { "ID": 3457340017030, "正式名称": "株式会社　漢方大好き・薬膳薬局", "機関区分": 5, "都道府県コード": 34, "市区町村コード": 207, "所在地": "広島県福山市延広町６－２５", "緯度": 34.396343, "経度": 132.459595, "url": "https://www.iryou.teikyouseido.mhlw.go.jp/znk-web/juminkanja/S2430/initialize?prefCd=34&kikanCd=7340017030&kikanKbn=5", "url2": "yakuzen-fukuyama.net", "内容": "株式会社　漢方大好き・薬膳薬局【5:薬局】広島県福山市延広町６－２５" }, "geometry": { "type": "Point", "coordinates": [ 132.459595, 34.396343 ] } },
{ "type": "Feature", "properties": { "ID": 3457340017050, "正式名称": "コスモス薬局　己斐店", "機関区分": 5, "都道府県コード": 34, "市区町村コード": 104, "所在地": "広島県広島市西区己斐本町３－１１－９", "緯度": 34.394398, "経度": 132.425682, "url": "https://www.iryou.teikyouseido.mhlw.go.jp/znk-web/juminkanja/S2430/initialize?prefCd=34&kikanCd=7340017050&kikanKbn=5", "url2": "http://www.reliance-cosmos.co.jp/", "内容": "コスモス薬局　己斐店【5:薬局】広島県広島市西区己斐本町３－１１－９" }, "geometry": { "type": "Point", "coordinates": [ 132.425682, 34.394398 ] } },
{ "type": "Feature", "properties": { "ID": 3457340017060, "正式名称": "アクア薬局本通店", "機関区分": 5, "都道府県コード": 34, "市区町村コード": 101, "所在地": "広島県広島市中区本通７－２９　アイビ－ビル１Ｆ", "緯度": 34.393288, "経度": 132.457985, "url": "https://www.iryou.teikyouseido.mhlw.go.jp/znk-web/juminkanja/S2430/initialize?prefCd=34&kikanCd=7340017060&kikanKbn=5", "url2": "https://www.nexus-g.jp/", "内容": "アクア薬局本通店【5:薬局】広島県広島市中区本通７－２９　アイビ－ビル１Ｆ" }, "geometry": { "type": "Point", "coordinates": [ 132.457985, 34.393288 ] } },
{ "type": "Feature", "properties": { "ID": 3457340017070, "正式名称": "あさひ町薬局", "機関区分": 5, "都道府県コード": 34, "市区町村コード": 103, "所在地": "広島県広島市南区西旭町８－６", "緯度": 34.372457, "経度": 132.473651, "url": "https://www.iryou.teikyouseido.mhlw.go.jp/znk-web/juminkanja/S2430/initialize?prefCd=34&kikanCd=7340017070&kikanKbn=5", "url2": null, "内容": "あさひ町薬局【5:薬局】広島県広島市南区西旭町８－６" }, "geometry": { "type": "Point", "coordinates": [ 132.473651, 34.372457 ] } },
{ "type": "Feature", "properties": { "ID": 3457340017080, "正式名称": "ありす薬局　糸崎店", "機関区分": 5, "都道府県コード": 34, "市区町村コード": 204, "所在地": "広島県三原市糸崎４－４－１７", "緯度": 34.39305, "経度": 133.104653, "url": "https://www.iryou.teikyouseido.mhlw.go.jp/znk-web/juminkanja/S2430/initialize?prefCd=34&kikanCd=7340017080&kikanKbn=5", "url2": "https://www.toewr-medical.jp", "内容": "ありす薬局　糸崎店【5:薬局】広島県三原市糸崎４－４－１７" }, "geometry": { "type": "Point", "coordinates": [ 133.104653, 34.39305 ] } },
{ "type": "Feature", "properties": { "ID": 3457340017090, "正式名称": "コスモス薬局　大町店", "機関区分": 5, "都道府県コード": 34, "市区町村コード": 105, "所在地": "広島県広島市安佐南区大町東２－７－２５－５　ＴＯビル１階", "緯度": 34.462003, "経度": 132.469453, "url": "https://www.iryou.teikyouseido.mhlw.go.jp/znk-web/juminkanja/S2430/initialize?prefCd=34&kikanCd=7340017090&kikanKbn=5", "url2": "http://www.reliance-cosmos.co.jp/", "内容": "コスモス薬局　大町店【5:薬局】広島県広島市安佐南区大町東２－７－２５－５　ＴＯビル１階" }, "geometry": { "type": "Point", "coordinates": [ 132.469453, 34.462003 ] } },
{ "type": "Feature", "properties": { "ID": 3457340017100, "正式名称": "ほほえみ薬局", "機関区分": 5, "都道府県コード": 34, "市区町村コード": 202, "所在地": "広島県呉市伏原１丁目３－１０", "緯度": 34.254138, "経度": 132.57462, "url": "https://www.iryou.teikyouseido.mhlw.go.jp/znk-web/juminkanja/S2430/initialize?prefCd=34&kikanCd=7340017100&kikanKbn=5", "url2": null, "内容": "ほほえみ薬局【5:薬局】広島県呉市伏原１丁目３－１０" }, "geometry": { "type": "Point", "coordinates": [ 132.57462, 34.254138 ] } },
{ "type": "Feature", "properties": { "ID": 3457340017120, "正式名称": "タカズミ薬局", "機関区分": 5, "都道府県コード": 34, "市区町村コード": 213, "所在地": "広島県廿日市市地御前１－２－２２", "緯度": 34.344596, "経度": 132.323804, "url": "https://www.iryou.teikyouseido.mhlw.go.jp/znk-web/juminkanja/S2430/initialize?prefCd=34&kikanCd=7340017120&kikanKbn=5", "url2": "www.takazumi.co.jp", "内容": "タカズミ薬局【5:薬局】広島県廿日市市地御前１－２－２２" }, "geometry": { "type": "Point", "coordinates": [ 132.323804, 34.344596 ] } },
{ "type": "Feature", "properties": { "ID": 3457340017130, "正式名称": "おおのうら薬局", "機関区分": 5, "都道府県コード": 34, "市区町村コード": 213, "所在地": "広島県廿日市市丸石２－１－７４", "緯度": 34.275658, "経度": 132.261506, "url": "https://www.iryou.teikyouseido.mhlw.go.jp/znk-web/juminkanja/S2430/initialize?prefCd=34&kikanCd=7340017130&kikanKbn=5", "url2": "http://yuushin.cc", "内容": "おおのうら薬局【5:薬局】広島県廿日市市丸石２－１－７４" }, "geometry": { "type": "Point", "coordinates": [ 132.261506, 34.275658 ] } },
{ "type": "Feature", "properties": { "ID": 3457340017140, "正式名称": "有限会社　林薬局　北祇園店", "機関区分": 5, "都道府県コード": 34, "市区町村コード": 105, "所在地": "広島県広島市安佐南区祇園６－２１－８", "緯度": 34.444894, "経度": 132.465509, "url": "https://www.iryou.teikyouseido.mhlw.go.jp/znk-web/juminkanja/S2430/initialize?prefCd=34&kikanCd=7340017140&kikanKbn=5", "url2": null, "内容": "有限会社　林薬局　北祇園店【5:薬局】広島県広島市安佐南区祇園６－２１－８" }, "geometry": { "type": "Point", "coordinates": [ 132.465509, 34.444894 ] } },
{ "type": "Feature", "properties": { "ID": 3457340017150, "正式名称": "ウォンツ　平和大通り薬局", "機関区分": 5, "都道府県コード": 34, "市区町村コード": 101, "所在地": "広島県広島市中区中町７－１６", "緯度": 34.389983, "経度": 132.457207, "url": "https://www.iryou.teikyouseido.mhlw.go.jp/znk-web/juminkanja/S2430/initialize?prefCd=34&kikanCd=7340017150&kikanKbn=5", "url2": "https://www.wants.co.jp/", "内容": "ウォンツ　平和大通り薬局【5:薬局】広島県広島市中区中町７－１６" }, "geometry": { "type": "Point", "coordinates": [ 132.457207, 34.389983 ] } },
{ "type": "Feature", "properties": { "ID": 3457340017160, "正式名称": "ミント薬局　西原店", "機関区分": 5, "都道府県コード": 34, "市区町村コード": 105, "所在地": "広島県広島市安佐南区西原八丁目１－１５－２０１", "緯度": 34.445644, "経度": 132.474342, "url": "https://www.iryou.teikyouseido.mhlw.go.jp/znk-web/juminkanja/S2430/initialize?prefCd=34&kikanCd=7340017160&kikanKbn=5", "url2": "http://www.mint-pharmacy.jp", "内容": "ミント薬局　西原店【5:薬局】広島県広島市安佐南区西原八丁目１－１５－２０１" }, "geometry": { "type": "Point", "coordinates": [ 132.474342, 34.445644 ] } },
{ "type": "Feature", "properties": { "ID": 3457340017170, "正式名称": "ピーチ薬局", "機関区分": 5, "都道府県コード": 34, "市区町村コード": 304, "所在地": "広島県安芸郡海田町新町１１－２１", "緯度": 34.37332, "経度": 132.531248, "url": "https://www.iryou.teikyouseido.mhlw.go.jp/znk-web/juminkanja/S2430/initialize?prefCd=34&kikanCd=7340017170&kikanKbn=5", "url2": null, "内容": "ピーチ薬局【5:薬局】広島県安芸郡海田町新町１１－２１" }, "geometry": { "type": "Point", "coordinates": [ 132.531248, 34.37332 ] } },
{ "type": "Feature", "properties": { "ID": 3457340017220, "正式名称": "あゆみ薬局", "機関区分": 5, "都道府県コード": 34, "市区町村コード": 431, "所在地": "広島県豊田郡大崎上島町沖浦１００１－２", "緯度": 34.213063, "経度": 132.893919, "url": "https://www.iryou.teikyouseido.mhlw.go.jp/znk-web/juminkanja/S2430/initialize?prefCd=34&kikanCd=7340017220&kikanKbn=5", "url2": null, "内容": "あゆみ薬局【5:薬局】広島県豊田郡大崎上島町沖浦１００１－２" }, "geometry": { "type": "Point", "coordinates": [ 132.893919, 34.213063 ] } },
{ "type": "Feature", "properties": { "ID": 3457340017230, "正式名称": "いちご薬局", "機関区分": 5, "都道府県コード": 34, "市区町村コード": 203, "所在地": "広島県竹原市中央二丁目１８－１６", "緯度": 34.342274, "経度": 132.912366, "url": "https://www.iryou.teikyouseido.mhlw.go.jp/znk-web/juminkanja/S2430/initialize?prefCd=34&kikanCd=7340017230&kikanKbn=5", "url2": null, "内容": "いちご薬局【5:薬局】広島県竹原市中央二丁目１８－１６" }, "geometry": { "type": "Point", "coordinates": [ 132.912366, 34.342274 ] } },
{ "type": "Feature", "properties": { "ID": 3457340017240, "正式名称": "きらり薬局", "機関区分": 5, "都道府県コード": 34, "市区町村コード": 203, "所在地": "広島県竹原市下野町３２６３－１", "緯度": 34.349773, "経度": 132.903116, "url": "https://www.iryou.teikyouseido.mhlw.go.jp/znk-web/juminkanja/S2430/initialize?prefCd=34&kikanCd=7340017240&kikanKbn=5", "url2": "https://www.kusurinomadoguchi.com/hiroshima/s119059", "内容": "きらり薬局【5:薬局】広島県竹原市下野町３２６３－１" }, "geometry": { "type": "Point", "coordinates": [ 132.903116, 34.349773 ] } },
{ "type": "Feature", "properties": { "ID": 3457340017270, "正式名称": "フラワー薬局", "機関区分": 5, "都道府県コード": 34, "市区町村コード": 212, "所在地": "広島県東広島市高屋町杵原１１３５－１", "緯度": 34.462231, "経度": 132.776177, "url": "https://www.iryou.teikyouseido.mhlw.go.jp/znk-web/juminkanja/S2430/initialize?prefCd=34&kikanCd=7340017270&kikanKbn=5", "url2": null, "内容": "フラワー薬局【5:薬局】広島県東広島市高屋町杵原１１３５－１" }, "geometry": { "type": "Point", "coordinates": [ 132.776177, 34.462231 ] } },
{ "type": "Feature", "properties": { "ID": 3457340017310, "正式名称": "コスモス薬局　胡町店", "機関区分": 5, "都道府県コード": 34, "市区町村コード": 101, "所在地": "広島県広島市中区胡町４－２８　胡町ビルディング１階", "緯度": 34.392983, "経度": 132.465706, "url": "https://www.iryou.teikyouseido.mhlw.go.jp/znk-web/juminkanja/S2430/initialize?prefCd=34&kikanCd=7340017310&kikanKbn=5", "url2": "http://www.reliance-cosmos.co.jp/", "内容": "コスモス薬局　胡町店【5:薬局】広島県広島市中区胡町４－２８　胡町ビルディング１階" }, "geometry": { "type": "Point", "coordinates": [ 132.465706, 34.392983 ] } },
{ "type": "Feature", "properties": { "ID": 3457340017320, "正式名称": "ファーマシィ薬局伊勢丘", "機関区分": 5, "都道府県コード": 34, "市区町村コード": 207, "所在地": "広島県福山市伊勢丘六丁目１番２５号", "緯度": 34.507305, "経度": 133.425625, "url": "https://www.iryou.teikyouseido.mhlw.go.jp/znk-web/juminkanja/S2430/initialize?prefCd=34&kikanCd=7340017320&kikanKbn=5", "url2": "http://www.pharmacy-net.co.jp", "内容": "ファーマシィ薬局伊勢丘【5:薬局】広島県福山市伊勢丘六丁目１番２５号" }, "geometry": { "type": "Point", "coordinates": [ 133.425625, 34.507305 ] } },
{ "type": "Feature", "properties": { "ID": 3457340017330, "正式名称": "ウォンツ　舟入本町薬局", "機関区分": 5, "都道府県コード": 34, "市区町村コード": 101, "所在地": "広島県広島市中区舟入本町１３－６", "緯度": 34.3849, "経度": 132.441875, "url": "https://www.iryou.teikyouseido.mhlw.go.jp/znk-web/juminkanja/S2430/initialize?prefCd=34&kikanCd=7340017330&kikanKbn=5", "url2": "https://www.wants.co.jp/", "内容": "ウォンツ　舟入本町薬局【5:薬局】広島県広島市中区舟入本町１３－６" }, "geometry": { "type": "Point", "coordinates": [ 132.441875, 34.3849 ] } },
{ "type": "Feature", "properties": { "ID": 3457340017350, "正式名称": "センター薬局", "機関区分": 5, "都道府県コード": 34, "市区町村コード": 207, "所在地": "広島県福山市今津町三丁目９－５", "緯度": 34.45149, "経度": 133.254527, "url": "https://www.iryou.teikyouseido.mhlw.go.jp/znk-web/juminkanja/S2430/initialize?prefCd=34&kikanCd=7340017350&kikanKbn=5", "url2": null, "内容": "センター薬局【5:薬局】広島県福山市今津町三丁目９－５" }, "geometry": { "type": "Point", "coordinates": [ 133.254527, 34.45149 ] } },
{ "type": "Feature", "properties": { "ID": 3457340017370, "正式名称": "のぞみ薬局　可部西店", "機関区分": 5, "都道府県コード": 34, "市区町村コード": 106, "所在地": "広島県広島市安佐北区可部四丁目６－２　ＹＮビル１０２", "緯度": 34.519081, "経度": 132.508308, "url": "https://www.iryou.teikyouseido.mhlw.go.jp/znk-web/juminkanja/S2430/initialize?prefCd=34&kikanCd=7340017370&kikanKbn=5", "url2": "https://fourleaf-nozomi.net/", "内容": "のぞみ薬局　可部西店【5:薬局】広島県広島市安佐北区可部四丁目６－２　ＹＮビル１０２" }, "geometry": { "type": "Point", "coordinates": [ 132.508308, 34.519081 ] } },
{ "type": "Feature", "properties": { "ID": 3457340017390, "正式名称": "三次スマイル薬局", "機関区分": 5, "都道府県コード": 34, "市区町村コード": 209, "所在地": "広島県三次市十日市東四丁目５－５サングリーン第３ビル－１０１", "緯度": 34.804586, "経度": 132.861109, "url": "https://www.iryou.teikyouseido.mhlw.go.jp/znk-web/juminkanja/S2430/initialize?prefCd=34&kikanCd=7340017390&kikanKbn=5", "url2": "http://www.smile-pharmacy.jp/guide/pg97.html", "内容": "三次スマイル薬局【5:薬局】広島県三次市十日市東四丁目５－５サングリーン第３ビル－１０１" }, "geometry": { "type": "Point", "coordinates": [ 132.861109, 34.804586 ] } },
{ "type": "Feature", "properties": { "ID": 3457340017430, "正式名称": "西条あんず薬局", "機関区分": 5, "都道府県コード": 34, "市区町村コード": 212, "所在地": "広島県東広島市西条町助実１８５２－１", "緯度": 34.419798, "経度": 132.746345, "url": "https://www.iryou.teikyouseido.mhlw.go.jp/znk-web/juminkanja/S2430/initialize?prefCd=34&kikanCd=7340017430&kikanKbn=5", "url2": null, "内容": "西条あんず薬局【5:薬局】広島県東広島市西条町助実１８５２－１" }, "geometry": { "type": "Point", "coordinates": [ 132.746345, 34.419798 ] } },
{ "type": "Feature", "properties": { "ID": 3457340017470, "正式名称": "あゆみ薬局", "機関区分": 5, "都道府県コード": 34, "市区町村コード": 204, "所在地": "広島県三原市久井町江木１１６３－５", "緯度": 34.539828, "経度": 133.035095, "url": "https://www.iryou.teikyouseido.mhlw.go.jp/znk-web/juminkanja/S2430/initialize?prefCd=34&kikanCd=7340017470&kikanKbn=5", "url2": "http://kui-shinpo.com/", "内容": "あゆみ薬局【5:薬局】広島県三原市久井町江木１１６３－５" }, "geometry": { "type": "Point", "coordinates": [ 133.035095, 34.539828 ] } },
{ "type": "Feature", "properties": { "ID": 3457340017480, "正式名称": "らいおん薬局", "機関区分": 5, "都道府県コード": 34, "市区町村コード": 101, "所在地": "広島県広島市中区猫屋町１－１８", "緯度": 34.395399, "経度": 132.449374, "url": "https://www.iryou.teikyouseido.mhlw.go.jp/znk-web/juminkanja/S2430/initialize?prefCd=34&kikanCd=7340017480&kikanKbn=5", "url2": "https://hongou.info/", "内容": "らいおん薬局【5:薬局】広島県広島市中区猫屋町１－１８" }, "geometry": { "type": "Point", "coordinates": [ 132.449374, 34.395399 ] } },
{ "type": "Feature", "properties": { "ID": 3457340017490, "正式名称": "あかね薬局　高屋店", "機関区分": 5, "都道府県コード": 34, "市区町村コード": 212, "所在地": "広島県東広島市高屋町大畠４９９－６６", "緯度": 34.445205, "経度": 132.780594, "url": "https://www.iryou.teikyouseido.mhlw.go.jp/znk-web/juminkanja/S2430/initialize?prefCd=34&kikanCd=7340017490&kikanKbn=5", "url2": null, "内容": "あかね薬局　高屋店【5:薬局】広島県東広島市高屋町大畠４９９－６６" }, "geometry": { "type": "Point", "coordinates": [ 132.780594, 34.445205 ] } },
{ "type": "Feature", "properties": { "ID": 3457340017510, "正式名称": "蔵本薬局", "機関区分": 5, "都道府県コード": 34, "市区町村コード": 105, "所在地": "広島県広島市安佐南区西原八丁目２８－７", "緯度": 34.442899, "経度": 132.470578, "url": "https://www.iryou.teikyouseido.mhlw.go.jp/znk-web/juminkanja/S2430/initialize?prefCd=34&kikanCd=7340017510&kikanKbn=5", "url2": "https://www.e-classa.net/kuramoto", "内容": "蔵本薬局【5:薬局】広島県広島市安佐南区西原八丁目２８－７" }, "geometry": { "type": "Point", "coordinates": [ 132.470578, 34.442899 ] } },
{ "type": "Feature", "properties": { "ID": 3457340017550, "正式名称": "オズ薬局　翠町店", "機関区分": 5, "都道府県コード": 34, "市区町村コード": 103, "所在地": "広島県広島市南区翠二丁目５－８", "緯度": 34.373513, "経度": 132.470151, "url": "https://www.iryou.teikyouseido.mhlw.go.jp/znk-web/juminkanja/S2430/initialize?prefCd=34&kikanCd=7340017550&kikanKbn=5", "url2": null, "内容": "オズ薬局　翠町店【5:薬局】広島県広島市南区翠二丁目５－８" }, "geometry": { "type": "Point", "coordinates": [ 132.470151, 34.373513 ] } },
{ "type": "Feature", "properties": { "ID": 3457340017560, "正式名称": "安芸府中薬局", "機関区分": 5, "都道府県コード": 34, "市区町村コード": 302, "所在地": "広島県安芸郡府中町桃山１丁目１８－２０", "緯度": 34.377965, "経度": 132.505743, "url": "https://www.iryou.teikyouseido.mhlw.go.jp/znk-web/juminkanja/S2430/initialize?prefCd=34&kikanCd=7340017560&kikanKbn=5", "url2": "http://akiyaku.net", "内容": "安芸府中薬局【5:薬局】広島県安芸郡府中町桃山１丁目１８－２０" }, "geometry": { "type": "Point", "coordinates": [ 132.505743, 34.377965 ] } },
{ "type": "Feature", "properties": { "ID": 3457340017570, "正式名称": "安芸畑賀薬局", "機関区分": 5, "都道府県コード": 34, "市区町村コード": 107, "所在地": "広島県広島市安芸区畑賀２丁目２２－３６", "緯度": 34.391453, "経度": 132.552703, "url": "https://www.iryou.teikyouseido.mhlw.go.jp/znk-web/juminkanja/S2430/initialize?prefCd=34&kikanCd=7340017570&kikanKbn=5", "url2": null, "内容": "安芸畑賀薬局【5:薬局】広島県広島市安芸区畑賀２丁目２２－３６" }, "geometry": { "type": "Point", "coordinates": [ 132.552703, 34.391453 ] } },
{ "type": "Feature", "properties": { "ID": 3457340017580, "正式名称": "ぎおん薬局", "機関区分": 5, "都道府県コード": 34, "市区町村コード": 105, "所在地": "広島県広島市安佐南区祇園２－４２－１３", "緯度": 34.439006, "経度": 132.465482, "url": "https://www.iryou.teikyouseido.mhlw.go.jp/znk-web/juminkanja/S2430/initialize?prefCd=34&kikanCd=7340017580&kikanKbn=5", "url2": "https://www.gion-ph.net", "内容": "ぎおん薬局【5:薬局】広島県広島市安佐南区祇園２－４２－１３" }, "geometry": { "type": "Point", "coordinates": [ 132.465482, 34.439006 ] } },
{ "type": "Feature", "properties": { "ID": 3457340017590, "正式名称": "キクイチ薬局", "機関区分": 5, "都道府県コード": 34, "市区町村コード": 103, "所在地": "広島県広島市南区比治山町６－１４", "緯度": 34.388622, "経度": 132.472539, "url": "https://www.iryou.teikyouseido.mhlw.go.jp/znk-web/juminkanja/S2430/initialize?prefCd=34&kikanCd=7340017590&kikanKbn=5", "url2": "https://kikuichi-do.com/kanpo/index.html", "内容": "キクイチ薬局【5:薬局】広島県広島市南区比治山町６－１４" }, "geometry": { "type": "Point", "coordinates": [ 132.472539, 34.388622 ] } },
{ "type": "Feature", "properties": { "ID": 3457340017610, "正式名称": "東手城ココフル薬局", "機関区分": 5, "都道府県コード": 34, "市区町村コード": 207, "所在地": "広島県福山市東手城町一丁目３－１１", "緯度": 34.488656, "経度": 133.402152, "url": "https://www.iryou.teikyouseido.mhlw.go.jp/znk-web/juminkanja/S2430/initialize?prefCd=34&kikanCd=7340017610&kikanKbn=5", "url2": "http://www.kmed.co.jp", "内容": "東手城ココフル薬局【5:薬局】広島県福山市東手城町一丁目３－１１" }, "geometry": { "type": "Point", "coordinates": [ 133.402152, 34.488656 ] } },
{ "type": "Feature", "properties": { "ID": 3457340017620, "正式名称": "株式会社　サン・メディカル薬局　東桜町店", "機関区分": 5, "都道府県コード": 34, "市区町村コード": 207, "所在地": "広島県福山市東桜町１１－１０", "緯度": 34.485822, "経度": 133.358961, "url": "https://www.iryou.teikyouseido.mhlw.go.jp/znk-web/juminkanja/S2430/initialize?prefCd=34&kikanCd=7340017620&kikanKbn=5", "url2": "http//www.sanmedhikaru.jp", "内容": "株式会社　サン・メディカル薬局　東桜町店【5:薬局】広島県福山市東桜町１１－１０" }, "geometry": { "type": "Point", "coordinates": [ 133.358961, 34.485822 ] } },
{ "type": "Feature", "properties": { "ID": 3457340017640, "正式名称": "エスマイル薬局　ひので店", "機関区分": 5, "都道府県コード": 34, "市区町村コード": 101, "所在地": "広島県広島市中区猫屋町１－１７", "緯度": 34.395399, "経度": 132.449319, "url": "https://www.iryou.teikyouseido.mhlw.go.jp/znk-web/juminkanja/S2430/initialize?prefCd=34&kikanCd=7340017640&kikanKbn=5", "url2": "https://www.ssmile.co.jp/", "内容": "エスマイル薬局　ひので店【5:薬局】広島県広島市中区猫屋町１－１７" }, "geometry": { "type": "Point", "coordinates": [ 132.449319, 34.395399 ] } },
{ "type": "Feature", "properties": { "ID": 3457340017650, "正式名称": "あすか薬局", "機関区分": 5, "都道府県コード": 34, "市区町村コード": 207, "所在地": "広島県福山市駅家町万能倉１１１１－１０", "緯度": 34.544593, "経度": 133.33135, "url": "https://www.iryou.teikyouseido.mhlw.go.jp/znk-web/juminkanja/S2430/initialize?prefCd=34&kikanCd=7340017650&kikanKbn=5", "url2": null, "内容": "あすか薬局【5:薬局】広島県福山市駅家町万能倉１１１１－１０" }, "geometry": { "type": "Point", "coordinates": [ 133.33135, 34.544593 ] } },
{ "type": "Feature", "properties": { "ID": 3457340017660, "正式名称": "株式会社ジェイ・ウィル　さくら薬局戸坂店", "機関区分": 5, "都道府県コード": 34, "市区町村コード": 102, "所在地": "広島県広島市東区戸坂中町６－２８", "緯度": 34.434395, "経度": 132.488008, "url": "https://www.iryou.teikyouseido.mhlw.go.jp/znk-web/juminkanja/S2430/initialize?prefCd=34&kikanCd=7340017660&kikanKbn=5", "url2": null, "内容": "株式会社ジェイ・ウィル　さくら薬局戸坂店【5:薬局】広島県広島市東区戸坂中町６－２８" }, "geometry": { "type": "Point", "coordinates": [ 132.488008, 34.434395 ] } },
{ "type": "Feature", "properties": { "ID": 3457340018370, "正式名称": "ファーマシィ薬局松永ファミール", "機関区分": 5, "都道府県コード": 34, "市区町村コード": 207, "所在地": "広島県福山市松永町四丁目１番４号駅前ロータリーマンション１Ｆ", "緯度": 34.450324, "経度": 133.258193, "url": "https://www.iryou.teikyouseido.mhlw.go.jp/znk-web/juminkanja/S2430/initialize?prefCd=34&kikanCd=7340018370&kikanKbn=5", "url2": "https://www.pharmacy-net.co.jp/", "内容": "ファーマシィ薬局松永ファミール【5:薬局】広島県福山市松永町四丁目１番４号駅前ロータリーマンション１Ｆ" }, "geometry": { "type": "Point", "coordinates": [ 133.258193, 34.450324 ] } },
{ "type": "Feature", "properties": { "ID": 3457340018380, "正式名称": "丸山薬局", "機関区分": 5, "都道府県コード": 34, "市区町村コード": 205, "所在地": "広島県尾道市西久保町１２－３０", "緯度": 34.414105, "経度": 133.204644, "url": "https://www.iryou.teikyouseido.mhlw.go.jp/znk-web/juminkanja/S2430/initialize?prefCd=34&kikanCd=7340018380&kikanKbn=5", "url2": "http://medicine-net.jp/", "内容": "丸山薬局【5:薬局】広島県尾道市西久保町１２－３０" }, "geometry": { "type": "Point", "coordinates": [ 133.204644, 34.414105 ] } },
{ "type": "Feature", "properties": { "ID": 3457342017710, "正式名称": "アイワ薬局　井口鈴峰", "機関区分": 5, "都道府県コード": 34, "市区町村コード": 104, "所在地": "広島県広島市西区井口三丁目１０－２０", "緯度": 34.368873, "経度": 132.374682, "url": "https://www.iryou.teikyouseido.mhlw.go.jp/znk-web/juminkanja/S2430/initialize?prefCd=34&kikanCd=7342017710&kikanKbn=5", "url2": "https://www.aiwa-ino.jp/home", "内容": "アイワ薬局　井口鈴峰【5:薬局】広島県広島市西区井口三丁目１０－２０" }, "geometry": { "type": "Point", "coordinates": [ 132.374682, 34.368873 ] } },
{ "type": "Feature", "properties": { "ID": 3457342017760, "正式名称": "ヒサシー薬局", "機関区分": 5, "都道府県コード": 34, "市区町村コード": 302, "所在地": "広島県安芸郡府中町大須一丁目１５－２", "緯度": 34.3919, "経度": 132.501759, "url": "https://www.iryou.teikyouseido.mhlw.go.jp/znk-web/juminkanja/S2430/initialize?prefCd=34&kikanCd=7342017760&kikanKbn=5", "url2": null, "内容": "ヒサシー薬局【5:薬局】広島県安芸郡府中町大須一丁目１５－２" }, "geometry": { "type": "Point", "coordinates": [ 132.501759, 34.3919 ] } },
{ "type": "Feature", "properties": { "ID": 3457342017770, "正式名称": "ズームズーム薬局", "機関区分": 5, "都道府県コード": 34, "市区町村コード": 302, "所在地": "広島県安芸郡府中町青崎南８－２ー１０２", "緯度": 34.37668, "経度": 132.50487, "url": "https://www.iryou.teikyouseido.mhlw.go.jp/znk-web/juminkanja/S2430/initialize?prefCd=34&kikanCd=7342017770&kikanKbn=5", "url2": null, "内容": "ズームズーム薬局【5:薬局】広島県安芸郡府中町青崎南８－２ー１０２" }, "geometry": { "type": "Point", "coordinates": [ 132.50487, 34.37668 ] } },
{ "type": "Feature", "properties": { "ID": 3457342017790, "正式名称": "仙境堂薬局　戸坂店", "機関区分": 5, "都道府県コード": 34, "市区町村コード": 102, "所在地": "広島県広島市東区戸坂千足一丁目２２－９", "緯度": 34.437423, "経度": 132.484647, "url": "https://www.iryou.teikyouseido.mhlw.go.jp/znk-web/juminkanja/S2430/initialize?prefCd=34&kikanCd=7342017790&kikanKbn=5", "url2": "https://www.senkyodo.com", "内容": "仙境堂薬局　戸坂店【5:薬局】広島県広島市東区戸坂千足一丁目２２－９" }, "geometry": { "type": "Point", "coordinates": [ 132.484647, 34.437423 ] } },
{ "type": "Feature", "properties": { "ID": 3457342017800, "正式名称": "ファーマシィ薬局たけがはな", "機関区分": 5, "都道府県コード": 34, "市区町村コード": 207, "所在地": "広島県福山市水呑町３５９０－１", "緯度": 34.439514, "経度": 133.394843, "url": "https://www.iryou.teikyouseido.mhlw.go.jp/znk-web/juminkanja/S2430/initialize?prefCd=34&kikanCd=7342017800&kikanKbn=5", "url2": "https://www.pharmacy-net.co.jp", "内容": "ファーマシィ薬局たけがはな【5:薬局】広島県福山市水呑町３５９０－１" }, "geometry": { "type": "Point", "coordinates": [ 133.394843, 34.439514 ] } },
{ "type": "Feature", "properties": { "ID": 3457342017820, "正式名称": "ミント薬局　草津店", "機関区分": 5, "都道府県コード": 34, "市区町村コード": 104, "所在地": "広島県広島市西区草津南四丁目６番５－２号", "緯度": 34.376928, "経度": 132.396185, "url": "https://www.iryou.teikyouseido.mhlw.go.jp/znk-web/juminkanja/S2430/initialize?prefCd=34&kikanCd=7342017820&kikanKbn=5", "url2": "http://www.mint-pharmacy.jp/", "内容": "ミント薬局　草津店【5:薬局】広島県広島市西区草津南四丁目６番５－２号" }, "geometry": { "type": "Point", "coordinates": [ 132.396185, 34.376928 ] } },
{ "type": "Feature", "properties": { "ID": 3457342017830, "正式名称": "オール薬局　深川店", "機関区分": 5, "都道府県コード": 34, "市区町村コード": 106, "所在地": "広島県広島市安佐北区深川五丁目３９番３号", "緯度": 34.480197, "経度": 132.529225, "url": "https://www.iryou.teikyouseido.mhlw.go.jp/znk-web/juminkanja/S2430/initialize?prefCd=34&kikanCd=7342017830&kikanKbn=5", "url2": "https://www.e-classa.net/owl-fukawa", "内容": "オール薬局　深川店【5:薬局】広島県広島市安佐北区深川五丁目３９番３号" }, "geometry": { "type": "Point", "coordinates": [ 132.529225, 34.480197 ] } },
{ "type": "Feature", "properties": { "ID": 3457342017840, "正式名称": "西城薬局", "機関区分": 5, "都道府県コード": 34, "市区町村コード": 210, "所在地": "広島県庄原市西城町中野１７４７－２", "緯度": 34.93875, "経度": 133.115483, "url": "https://www.iryou.teikyouseido.mhlw.go.jp/znk-web/juminkanja/S2430/initialize?prefCd=34&kikanCd=7342017840&kikanKbn=5", "url2": "https://www.tsnishicho.com/", "内容": "西城薬局【5:薬局】広島県庄原市西城町中野１７４７－２" }, "geometry": { "type": "Point", "coordinates": [ 133.115483, 34.93875 ] } },
{ "type": "Feature", "properties": { "ID": 3457342017850, "正式名称": "エリア薬局", "機関区分": 5, "都道府県コード": 34, "市区町村コード": 105, "所在地": "広島県広島市安佐南区相田二丁目４－８", "緯度": 34.473029, "経度": 132.452037, "url": "https://www.iryou.teikyouseido.mhlw.go.jp/znk-web/juminkanja/S2430/initialize?prefCd=34&kikanCd=7342017850&kikanKbn=5", "url2": "http://www.mikk-ligar.com/", "内容": "エリア薬局【5:薬局】広島県広島市安佐南区相田二丁目４－８" }, "geometry": { "type": "Point", "coordinates": [ 132.452037, 34.473029 ] } },
{ "type": "Feature", "properties": { "ID": 3457342017860, "正式名称": "ウォンツ薬局　白島通り店", "機関区分": 5, "都道府県コード": 34, "市区町村コード": 101, "所在地": "広島県広島市中区八丁堀１２番４号　１Ｆ", "緯度": 34.395344, "経度": 132.463706, "url": "https://www.iryou.teikyouseido.mhlw.go.jp/znk-web/juminkanja/S2430/initialize?prefCd=34&kikanCd=7342017860&kikanKbn=5", "url2": "https://www.wants.co.jp/", "内容": "ウォンツ薬局　白島通り店【5:薬局】広島県広島市中区八丁堀１２番４号　１Ｆ" }, "geometry": { "type": "Point", "coordinates": [ 132.463706, 34.395344 ] } },
{ "type": "Feature", "properties": { "ID": 3457342017870, "正式名称": "すみれ薬局", "機関区分": 5, "都道府県コード": 34, "市区町村コード": 106, "所在地": "広島県広島市安佐北区三入六丁目２１－３", "緯度": 34.544218, "経度": 132.531333, "url": "https://www.iryou.teikyouseido.mhlw.go.jp/znk-web/juminkanja/S2430/initialize?prefCd=34&kikanCd=7342017870&kikanKbn=5", "url2": null, "内容": "すみれ薬局【5:薬局】広島県広島市安佐北区三入六丁目２１－３" }, "geometry": { "type": "Point", "coordinates": [ 132.531333, 34.544218 ] } },
{ "type": "Feature", "properties": { "ID": 3457342017880, "正式名称": "株式会社　薬明館　みつばち薬局", "機関区分": 5, "都道府県コード": 34, "市区町村コード": 101, "所在地": "広島県広島市中区千田町１丁目　１２－１", "緯度": 34.380817, "経度": 132.455569, "url": "https://www.iryou.teikyouseido.mhlw.go.jp/znk-web/juminkanja/S2430/initialize?prefCd=34&kikanCd=7342017880&kikanKbn=5", "url2": null, "内容": "株式会社　薬明館　みつばち薬局【5:薬局】広島県広島市中区千田町１丁目　１２－１" }, "geometry": { "type": "Point", "coordinates": [ 132.455569, 34.380817 ] } },
{ "type": "Feature", "properties": { "ID": 3457342017900, "正式名称": "あさがお薬局", "機関区分": 5, "都道府県コード": 34, "市区町村コード": 108, "所在地": "広島県広島市佐伯区五日市二丁目９－１０－４", "緯度": 34.368289, "経度": 132.365021, "url": "https://www.iryou.teikyouseido.mhlw.go.jp/znk-web/juminkanja/S2430/initialize?prefCd=34&kikanCd=7342017900&kikanKbn=5", "url2": "http://yuushin.cc/", "内容": "あさがお薬局【5:薬局】広島県広島市佐伯区五日市二丁目９－１０－４" }, "geometry": { "type": "Point", "coordinates": [ 132.365021, 34.368289 ] } },
{ "type": "Feature", "properties": { "ID": 3457342017910, "正式名称": "みょうじん薬局", "機関区分": 5, "都道府県コード": 34, "市区町村コード": 104, "所在地": "広島県広島市西区井口明神一丁目１５番２１号", "緯度": 34.372312, "経度": 132.391743, "url": "https://www.iryou.teikyouseido.mhlw.go.jp/znk-web/juminkanja/S2430/initialize?prefCd=34&kikanCd=7342017910&kikanKbn=5", "url2": "http://yuushin.cc/", "内容": "みょうじん薬局【5:薬局】広島県広島市西区井口明神一丁目１５番２１号" }, "geometry": { "type": "Point", "coordinates": [ 132.391743, 34.372312 ] } },
{ "type": "Feature", "properties": { "ID": 3457342017940, "正式名称": "なの花薬局　城町店", "機関区分": 5, "都道府県コード": 34, "市区町村コード": 204, "所在地": "広島県三原市城町二丁目２－２２", "緯度": 34.400132, "経度": 133.085932, "url": "https://www.iryou.teikyouseido.mhlw.go.jp/znk-web/juminkanja/S2430/initialize?prefCd=34&kikanCd=7342017940&kikanKbn=5", "url2": "http://www.k-ph.co.jp/", "内容": "なの花薬局　城町店【5:薬局】広島県三原市城町二丁目２－２２" }, "geometry": { "type": "Point", "coordinates": [ 133.085932, 34.400132 ] } },
{ "type": "Feature", "properties": { "ID": 3457342017950, "正式名称": "関西薬局　三原駅前店", "機関区分": 5, "都道府県コード": 34, "市区町村コード": 204, "所在地": "広島県三原市城町一丁目８－７", "緯度": 34.399576, "経度": 133.083294, "url": "https://www.iryou.teikyouseido.mhlw.go.jp/znk-web/juminkanja/S2430/initialize?prefCd=34&kikanCd=7342017950&kikanKbn=5", "url2": "https://www.nanohana-ph.jp/shop/chugoku-shikoku/hiroshima/mihara/kansai-mihara.php", "内容": "関西薬局　三原駅前店【5:薬局】広島県三原市城町一丁目８－７" }, "geometry": { "type": "Point", "coordinates": [ 133.083294, 34.399576 ] } },
{ "type": "Feature", "properties": { "ID": 3457342018000, "正式名称": "なの花薬局　宮浦店", "機関区分": 5, "都道府県コード": 34, "市区町村コード": 204, "所在地": "広島県三原市宮浦五丁目１６－１０", "緯度": 34.394797, "経度": 133.060707, "url": "https://www.iryou.teikyouseido.mhlw.go.jp/znk-web/juminkanja/S2430/initialize?prefCd=34&kikanCd=7342018000&kikanKbn=5", "url2": "https://www.nanohana-ph.jp/shop/chugoku-shikoku/hiroshima/mihara/kansai-miyaura.php", "内容": "なの花薬局　宮浦店【5:薬局】広島県三原市宮浦五丁目１６－１０" }, "geometry": { "type": "Point", "coordinates": [ 133.060707, 34.394797 ] } },
{ "type": "Feature", "properties": { "ID": 3457342018010, "正式名称": "あおぞら薬局", "機関区分": 5, "都道府県コード": 34, "市区町村コード": 204, "所在地": "広島県三原市明神二丁目１１－５", "緯度": 34.387327, "経度": 133.050575, "url": "https://www.iryou.teikyouseido.mhlw.go.jp/znk-web/juminkanja/S2430/initialize?prefCd=34&kikanCd=7342018010&kikanKbn=5", "url2": "http://www.yakumeikan.com/", "内容": "あおぞら薬局【5:薬局】広島県三原市明神二丁目１１－５" }, "geometry": { "type": "Point", "coordinates": [ 133.050575, 34.387327 ] } },
{ "type": "Feature", "properties": { "ID": 3457342018030, "正式名称": "株式会社　駅前薬局", "機関区分": 5, "都道府県コード": 34, "市区町村コード": 212, "所在地": "広島県東広島市西条本町１２－３", "緯度": 34.431039, "経度": 132.743126, "url": "https://www.iryou.teikyouseido.mhlw.go.jp/znk-web/juminkanja/S2430/initialize?prefCd=34&kikanCd=7342018030&kikanKbn=5", "url2": null, "内容": "株式会社　駅前薬局【5:薬局】広島県東広島市西条本町１２－３" }, "geometry": { "type": "Point", "coordinates": [ 132.743126, 34.431039 ] } },
{ "type": "Feature", "properties": { "ID": 3457342018050, "正式名称": "のぞみ薬局", "機関区分": 5, "都道府県コード": 34, "市区町村コード": 202, "所在地": "広島県呉市広古新開二丁目５－２３", "緯度": 34.234363, "経度": 132.615229, "url": "https://www.iryou.teikyouseido.mhlw.go.jp/znk-web/juminkanja/S2430/initialize?prefCd=34&kikanCd=7342018050&kikanKbn=5", "url2": "http://www.e-classa.net/hiro-nozomi/", "内容": "のぞみ薬局【5:薬局】広島県呉市広古新開二丁目５－２３" }, "geometry": { "type": "Point", "coordinates": [ 132.615229, 34.234363 ] } },
{ "type": "Feature", "properties": { "ID": 3457342018070, "正式名称": "中山セロリ薬局", "機関区分": 5, "都道府県コード": 34, "市区町村コード": 102, "所在地": "広島県広島市東区中山東二丁目２－３３", "緯度": 34.410037, "経度": 132.504869, "url": "https://www.iryou.teikyouseido.mhlw.go.jp/znk-web/juminkanja/S2430/initialize?prefCd=34&kikanCd=7342018070&kikanKbn=5", "url2": "http://www.yu-wa-co.jp/pharmacy-list.html", "内容": "中山セロリ薬局【5:薬局】広島県広島市東区中山東二丁目２－３３" }, "geometry": { "type": "Point", "coordinates": [ 132.504869, 34.410037 ] } },
{ "type": "Feature", "properties": { "ID": 3457342018080, "正式名称": "いちご薬局　皆実町店", "機関区分": 5, "都道府県コード": 34, "市区町村コード": 103, "所在地": "広島県広島市南区皆実町二丁目８番４－１０２号", "緯度": 34.377446, "経度": 132.466253, "url": "https://www.iryou.teikyouseido.mhlw.go.jp/znk-web/juminkanja/S2430/initialize?prefCd=34&kikanCd=7342018080&kikanKbn=5", "url2": "http://www.yu-wa-co.jp/", "内容": "いちご薬局　皆実町店【5:薬局】広島県広島市南区皆実町二丁目８番４－１０２号" }, "geometry": { "type": "Point", "coordinates": [ 132.466253, 34.377446 ] } },
{ "type": "Feature", "properties": { "ID": 3457342018130, "正式名称": "白島みつば薬局", "機関区分": 5, "都道府県コード": 34, "市区町村コード": 101, "所在地": "広島県広島市中区白島中町１２－２３", "緯度": 34.408425, "経度": 132.465567, "url": "https://www.iryou.teikyouseido.mhlw.go.jp/znk-web/juminkanja/S2430/initialize?prefCd=34&kikanCd=7342018130&kikanKbn=5", "url2": null, "内容": "白島みつば薬局【5:薬局】広島県広島市中区白島中町１２－２３" }, "geometry": { "type": "Point", "coordinates": [ 132.465567, 34.408425 ] } },
{ "type": "Feature", "properties": { "ID": 3457342018170, "正式名称": "ミント薬局", "機関区分": 5, "都道府県コード": 34, "市区町村コード": 207, "所在地": "広島県福山市南蔵王町五丁目２２－３４", "緯度": 34.506348, "経度": 133.399623, "url": "https://www.iryou.teikyouseido.mhlw.go.jp/znk-web/juminkanja/S2430/initialize?prefCd=34&kikanCd=7342018170&kikanKbn=5", "url2": "https://www.yamasaki-pharmacy.com/home", "内容": "ミント薬局【5:薬局】広島県福山市南蔵王町五丁目２２－３４" }, "geometry": { "type": "Point", "coordinates": [ 133.399623, 34.506348 ] } },
{ "type": "Feature", "properties": { "ID": 3457342018190, "正式名称": "南蟹屋れもん薬局", "機関区分": 5, "都道府県コード": 34, "市区町村コード": 103, "所在地": "広島県広島市南区南蟹屋一丁目３－３５", "緯度": 34.389928, "経度": 132.48451, "url": "https://www.iryou.teikyouseido.mhlw.go.jp/znk-web/juminkanja/S2430/initialize?prefCd=34&kikanCd=7342018190&kikanKbn=5", "url2": "http://yu-wa-co.jp", "内容": "南蟹屋れもん薬局【5:薬局】広島県広島市南区南蟹屋一丁目３－３５" }, "geometry": { "type": "Point", "coordinates": [ 132.48451, 34.389928 ] } },
{ "type": "Feature", "properties": { "ID": 3457342018220, "正式名称": "コスモス薬局　呉中通店", "機関区分": 5, "都道府県コード": 34, "市区町村コード": 202, "所在地": "広島県呉市中通２丁目８番１８号にいたにクリニックビル１階", "緯度": 34.245111, "経度": 132.564983, "url": "https://www.iryou.teikyouseido.mhlw.go.jp/znk-web/juminkanja/S2430/initialize?prefCd=34&kikanCd=7342018220&kikanKbn=5", "url2": "http://www.reliance-cosmos.co.jp/", "内容": "コスモス薬局　呉中通店【5:薬局】広島県呉市中通２丁目８番１８号にいたにクリニックビル１階" }, "geometry": { "type": "Point", "coordinates": [ 132.564983, 34.245111 ] } },
{ "type": "Feature", "properties": { "ID": 3457342018230, "正式名称": "ミント薬局　仁保店", "機関区分": 5, "都道府県コード": 34, "市区町村コード": 103, "所在地": "広島県広島市南区仁保新町１－８－１０", "緯度": 34.376346, "経度": 132.493482, "url": "https://www.iryou.teikyouseido.mhlw.go.jp/znk-web/juminkanja/S2430/initialize?prefCd=34&kikanCd=7342018230&kikanKbn=5", "url2": "http://www.mint-pharmacy.jp", "内容": "ミント薬局　仁保店【5:薬局】広島県広島市南区仁保新町１－８－１０" }, "geometry": { "type": "Point", "coordinates": [ 132.493482, 34.376346 ] } },
{ "type": "Feature", "properties": { "ID": 3457342018240, "正式名称": "コスモス薬局　引野店", "機関区分": 5, "都道府県コード": 34, "市区町村コード": 207, "所在地": "広島県福山市引野町五丁目２１－３６", "緯度": 34.491572, "経度": 133.402513, "url": "https://www.iryou.teikyouseido.mhlw.go.jp/znk-web/juminkanja/S2430/initialize?prefCd=34&kikanCd=7342018240&kikanKbn=5", "url2": "http://www.reliance-cosmos.co.jp/", "内容": "コスモス薬局　引野店【5:薬局】広島県福山市引野町五丁目２１－３６" }, "geometry": { "type": "Point", "coordinates": [ 133.402513, 34.491572 ] } },
{ "type": "Feature", "properties": { "ID": 3457342018260, "正式名称": "ちとせユーキ薬局", "機関区分": 5, "都道府県コード": 34, "市区町村コード": 207, "所在地": "広島県福山市沼隈町草深１９１８－３", "緯度": 34.390665, "経度": 133.32133, "url": "https://www.iryou.teikyouseido.mhlw.go.jp/znk-web/juminkanja/S2430/initialize?prefCd=34&kikanCd=7342018260&kikanKbn=5", "url2": "http://www.ssmile.co.jp/", "内容": "ちとせユーキ薬局【5:薬局】広島県福山市沼隈町草深１９１８－３" }, "geometry": { "type": "Point", "coordinates": [ 133.32133, 34.390665 ] } },
{ "type": "Feature", "properties": { "ID": 3457342018320, "正式名称": "有限会社　竹田薬局　バス通り店", "機関区分": 5, "都道府県コード": 34, "市区町村コード": 103, "所在地": "広島県広島市南区東雲本町１－１２－６エトワール東雲本町１０３", "緯度": 34.381207, "経度": 132.485316, "url": "https://www.iryou.teikyouseido.mhlw.go.jp/znk-web/juminkanja/S2430/initialize?prefCd=34&kikanCd=7342018320&kikanKbn=5", "url2": "http://www.takeda-pharmacy.jp/original8.html", "内容": "有限会社　竹田薬局　バス通り店【5:薬局】広島県広島市南区東雲本町１－１２－６エトワール東雲本町１０３" }, "geometry": { "type": "Point", "coordinates": [ 132.485316, 34.381207 ] } },
{ "type": "Feature", "properties": { "ID": 3457342018340, "正式名称": "尾道中央薬局　西御所店", "機関区分": 5, "都道府県コード": 34, "市区町村コード": 205, "所在地": "広島県尾道市西御所町８－１１", "緯度": 34.403189, "経度": 133.18884, "url": "https://www.iryou.teikyouseido.mhlw.go.jp/znk-web/juminkanja/S2430/initialize?prefCd=34&kikanCd=7342018340&kikanKbn=5", "url2": "http://www.e-classa.net/onomitityuuou/", "内容": "尾道中央薬局　西御所店【5:薬局】広島県尾道市西御所町８－１１" }, "geometry": { "type": "Point", "coordinates": [ 133.18884, 34.403189 ] } },
{ "type": "Feature", "properties": { "ID": 3457342025001, "正式名称": "アリチ薬局　新徳田店", "機関区分": 5, "都道府県コード": 34, "市区町村コード": 207, "所在地": "広島県福山市神辺町新徳田３０８番地", "緯度": 34.547267, "経度": 133.371004, "url": "https://www.iryou.teikyouseido.mhlw.go.jp/znk-web/juminkanja/S2430/initialize?prefCd=34&kikanCd=7342025001&kikanKbn=5", "url2": "https://www.kusurinomadoguchi.com/hiroshima/s714059", "内容": "アリチ薬局　新徳田店【5:薬局】広島県福山市神辺町新徳田３０８番地" }, "geometry": { "type": "Point", "coordinates": [ 133.371004, 34.547267 ] } },
{ "type": "Feature", "properties": { "ID": 3457342025002, "正式名称": "アリチ薬局　平野店", "機関区分": 5, "都道府県コード": 34, "市区町村コード": 207, "所在地": "広島県福山市神辺町平野１２０番地７", "緯度": 34.547431, "経度": 133.390783, "url": "https://www.iryou.teikyouseido.mhlw.go.jp/znk-web/juminkanja/S2430/initialize?prefCd=34&kikanCd=7342025002&kikanKbn=5", "url2": "https://www.kusurinomadoguchi.com/hiroshima/s56032", "内容": "アリチ薬局　平野店【5:薬局】広島県福山市神辺町平野１２０番地７" }, "geometry": { "type": "Point", "coordinates": [ 133.390783, 34.547431 ] } },
{ "type": "Feature", "properties": { "ID": 3457342025003, "正式名称": "サンリ薬局", "機関区分": 5, "都道府県コード": 34, "市区町村コード": 108, "所在地": "広島県広島市佐伯区八幡一丁目２２番５－２号", "緯度": 34.387799, "経度": 132.357285, "url": "https://www.iryou.teikyouseido.mhlw.go.jp/znk-web/juminkanja/S2430/initialize?prefCd=34&kikanCd=7342025003&kikanKbn=5", "url2": "https://sanri-pharmacy.jimdofree.com/", "内容": "サンリ薬局【5:薬局】広島県広島市佐伯区八幡一丁目２２番５－２号" }, "geometry": { "type": "Point", "coordinates": [ 132.357285, 34.387799 ] } },
{ "type": "Feature", "properties": { "ID": 3457342025004, "正式名称": "すなめ利薬局", "機関区分": 5, "都道府県コード": 34, "市区町村コード": 203, "所在地": "広島県竹原市忠海中町二丁目２－４６", "緯度": 34.337636, "経度": 132.992316, "url": "https://www.iryou.teikyouseido.mhlw.go.jp/znk-web/juminkanja/S2430/initialize?prefCd=34&kikanCd=7342025004&kikanKbn=5", "url2": null, "内容": "すなめ利薬局【5:薬局】広島県竹原市忠海中町二丁目２－４６" }, "geometry": { "type": "Point", "coordinates": [ 132.992316, 34.337636 ] } },
{ "type": "Feature", "properties": { "ID": 3457342025005, "正式名称": "サンドラッグ藤三焼山薬局", "機関区分": 5, "都道府県コード": 34, "市区町村コード": 202, "所在地": "広島県呉市焼山中央１丁目１４番１号", "緯度": 34.294285, "経度": 132.556322, "url": "https://www.iryou.teikyouseido.mhlw.go.jp/znk-web/juminkanja/S2430/initialize?prefCd=34&kikanCd=7342025005&kikanKbn=5", "url2": "https://sundrug-online.com/blogs/search-store/8903", "内容": "サンドラッグ藤三焼山薬局【5:薬局】広島県呉市焼山中央１丁目１４番１号" }, "geometry": { "type": "Point", "coordinates": [ 132.556322, 34.294285 ] } },
{ "type": "Feature", "properties": { "ID": 3457342025006, "正式名称": "エフ薬局", "機関区分": 5, "都道府県コード": 34, "市区町村コード": 207, "所在地": "広島県福山市新涯町三丁目２２番２６号", "緯度": 34.460543, "経度": 133.393552, "url": "https://www.iryou.teikyouseido.mhlw.go.jp/znk-web/juminkanja/S2430/initialize?prefCd=34&kikanCd=7342025006&kikanKbn=5", "url2": "https://www.ynap-f.com/", "内容": "エフ薬局【5:薬局】広島県福山市新涯町三丁目２２番２６号" }, "geometry": { "type": "Point", "coordinates": [ 133.393552, 34.460543 ] } },
{ "type": "Feature", "properties": { "ID": 3457342025007, "正式名称": "阪神調剤薬局　広大店", "機関区分": 5, "都道府県コード": 34, "市区町村コード": 103, "所在地": "広島県広島市南区出汐１丁目４番地６号Ｎコート１０１", "緯度": 34.380135, "経度": 132.476956, "url": "https://www.iryou.teikyouseido.mhlw.go.jp/znk-web/juminkanja/S2430/initialize?prefCd=34&kikanCd=7342025007&kikanKbn=5", "url2": "https://i-h-inc.co.jp/", "内容": "阪神調剤薬局　広大店【5:薬局】広島県広島市南区出汐１丁目４番地６号Ｎコート１０１" }, "geometry": { "type": "Point", "coordinates": [ 132.476956, 34.380135 ] } },
{ "type": "Feature", "properties": { "ID": 3457342025008, "正式名称": "コトブキ調剤薬局　広島日赤前店", "機関区分": 5, "都道府県コード": 34, "市区町村コード": 101, "所在地": "広島県広島市中区千田町一丁目６番１０号", "緯度": 34.381284, "経度": 132.453731, "url": "https://www.iryou.teikyouseido.mhlw.go.jp/znk-web/juminkanja/S2430/initialize?prefCd=34&kikanCd=7342025008&kikanKbn=5", "url2": "https://www.sugi-net.jp/stores/005180", "内容": "コトブキ調剤薬局　広島日赤前店【5:薬局】広島県広島市中区千田町一丁目６番１０号" }, "geometry": { "type": "Point", "coordinates": [ 132.453731, 34.381284 ] } },
{ "type": "Feature", "properties": { "ID": 3457342025009, "正式名称": "調剤薬局マツモトキヨシ広島中島町店", "機関区分": 5, "都道府県コード": 34, "市区町村コード": 101, "所在地": "広島県広島市中区中島町６番１１号　１Ｆ", "緯度": 34.3898, "経度": 132.451116, "url": "https://www.iryou.teikyouseido.mhlw.go.jp/znk-web/juminkanja/S2430/initialize?prefCd=34&kikanCd=7342025009&kikanKbn=5", "url2": "https://www.matsukiyococokara-online.com/map?kid=21405570", "内容": "調剤薬局マツモトキヨシ広島中島町店【5:薬局】広島県広島市中区中島町６番１１号　１Ｆ" }, "geometry": { "type": "Point", "coordinates": [ 132.451116, 34.3898 ] } },
{ "type": "Feature", "properties": { "ID": 3457342025010, "正式名称": "もみじ薬局　戸河内店", "機関区分": 5, "都道府県コード": 34, "市区町村コード": 368, "所在地": "広島県山県郡安芸太田町戸河内８１３－７", "緯度": 34.578088, "経度": 132.225974, "url": "https://www.iryou.teikyouseido.mhlw.go.jp/znk-web/juminkanja/S2430/initialize?prefCd=34&kikanCd=7342025010&kikanKbn=5", "url2": null, "内容": "もみじ薬局　戸河内店【5:薬局】広島県山県郡安芸太田町戸河内８１３－７" }, "geometry": { "type": "Point", "coordinates": [ 132.225974, 34.578088 ] } },
{ "type": "Feature", "properties": { "ID": 3457342025011, "正式名称": "にこぴん薬局　南蔵王店", "機関区分": 5, "都道府県コード": 34, "市区町村コード": 207, "所在地": "広島県福山市南蔵王町六丁目４番２２号　ジュネス蔵王Ａ　１Ｆ", "緯度": 34.498961, "経度": 133.400958, "url": "https://www.iryou.teikyouseido.mhlw.go.jp/znk-web/juminkanja/S2430/initialize?prefCd=34&kikanCd=7342025011&kikanKbn=5", "url2": "https://www.nexus-g.jp/business/medical/pharmacy-minamizao/", "内容": "にこぴん薬局　南蔵王店【5:薬局】広島県福山市南蔵王町六丁目４番２２号　ジュネス蔵王Ａ　１Ｆ" }, "geometry": { "type": "Point", "coordinates": [ 133.400958, 34.498961 ] } },
{ "type": "Feature", "properties": { "ID": 3457342025012, "正式名称": "阪神調剤薬局　東広島店", "機関区分": 5, "都道府県コード": 34, "市区町村コード": 212, "所在地": "広島県東広島市黒瀬町楢原２４３番地９", "緯度": 34.324354, "経度": 132.671219, "url": "https://www.iryou.teikyouseido.mhlw.go.jp/znk-web/juminkanja/S2430/initialize?prefCd=34&kikanCd=7342025012&kikanKbn=5", "url2": null, "内容": "阪神調剤薬局　東広島店【5:薬局】広島県東広島市黒瀬町楢原２４３番地９" }, "geometry": { "type": "Point", "coordinates": [ 132.671219, 34.324354 ] } },
{ "type": "Feature", "properties": { "ID": 3457342025013, "正式名称": "ウォンツ薬局　広島駅北店", "機関区分": 5, "都道府県コード": 34, "市区町村コード": 102, "所在地": "広島県広島市東区光町二丁目６番２２号", "緯度": 34.400591, "経度": 132.478412, "url": "https://www.iryou.teikyouseido.mhlw.go.jp/znk-web/juminkanja/S2430/initialize?prefCd=34&kikanCd=7342025013&kikanKbn=5", "url2": "https://www.wants.co.jp/", "内容": "ウォンツ薬局　広島駅北店【5:薬局】広島県広島市東区光町二丁目６番２２号" }, "geometry": { "type": "Point", "coordinates": [ 132.478412, 34.400591 ] } },
{ "type": "Feature", "properties": { "ID": 3457342025014, "正式名称": "三原こころ薬局", "機関区分": 5, "都道府県コード": 34, "市区町村コード": 204, "所在地": "広島県三原市中之町９－２４－２", "緯度": 34.427007, "経度": 133.111181, "url": "https://www.iryou.teikyouseido.mhlw.go.jp/znk-web/juminkanja/S2430/initialize?prefCd=34&kikanCd=7342025014&kikanKbn=5", "url2": null, "内容": "三原こころ薬局【5:薬局】広島県三原市中之町９－２４－２" }, "geometry": { "type": "Point", "coordinates": [ 133.111181, 34.427007 ] } },
{ "type": "Feature", "properties": { "ID": 3457342025015, "正式名称": "ウォンツ東本浦薬局", "機関区分": 5, "都道府県コード": 34, "市区町村コード": 103, "所在地": "広島県広島市南区東本浦町１８番６号", "緯度": 34.375197, "経度": 132.491797, "url": "https://www.iryou.teikyouseido.mhlw.go.jp/znk-web/juminkanja/S2430/initialize?prefCd=34&kikanCd=7342025015&kikanKbn=5", "url2": "https://www.wants.co.jp/", "内容": "ウォンツ東本浦薬局【5:薬局】広島県広島市南区東本浦町１８番６号" }, "geometry": { "type": "Point", "coordinates": [ 132.491797, 34.375197 ] } },
{ "type": "Feature", "properties": { "ID": 3457342025018, "正式名称": "アイン薬局三次店", "機関区分": 5, "都道府県コード": 34, "市区町村コード": 209, "所在地": "広島県三次市十日市東４－１－１サングリーン第２ビル", "緯度": 34.803786, "経度": 132.858608, "url": "https://www.iryou.teikyouseido.mhlw.go.jp/znk-web/juminkanja/S2430/initialize?prefCd=34&kikanCd=7342025018&kikanKbn=5", "url2": null, "内容": "アイン薬局三次店【5:薬局】広島県三次市十日市東４－１－１サングリーン第２ビル" }, "geometry": { "type": "Point", "coordinates": [ 132.858608, 34.803786 ] } },
{ "type": "Feature", "properties": { "ID": 3457342025019, "正式名称": "ウォンツ福田薬局", "機関区分": 5, "都道府県コード": 34, "市区町村コード": 102, "所在地": "広島県広島市東区福田六丁目２０６３番６", "緯度": 34.455253, "経度": 132.546733, "url": "https://www.iryou.teikyouseido.mhlw.go.jp/znk-web/juminkanja/S2430/initialize?prefCd=34&kikanCd=7342025019&kikanKbn=5", "url2": "https://www.wants.co.jp/", "内容": "ウォンツ福田薬局【5:薬局】広島県広島市東区福田六丁目２０６３番６" }, "geometry": { "type": "Point", "coordinates": [ 132.546733, 34.455253 ] } },
{ "type": "Feature", "properties": { "ID": 3457342025020, "正式名称": "モリオ薬局宮沖店", "機関区分": 5, "都道府県コード": 34, "市区町村コード": 204, "所在地": "広島県三原市宮沖五丁目５－６", "緯度": 34.39112, "経度": 133.07457, "url": "https://www.iryou.teikyouseido.mhlw.go.jp/znk-web/juminkanja/S2430/initialize?prefCd=34&kikanCd=7342025020&kikanKbn=5", "url2": "https://www.e-classa.net/moriopharmacy/index.html", "内容": "モリオ薬局宮沖店【5:薬局】広島県三原市宮沖五丁目５－６" }, "geometry": { "type": "Point", "coordinates": [ 133.07457, 34.39112 ] } },
{ "type": "Feature", "properties": { "ID": 3457342025021, "正式名称": "オール薬局　廿日市店", "機関区分": 5, "都道府県コード": 34, "市区町村コード": 213, "所在地": "広島県廿日市市平良山手１１－４７　１Ｆ", "緯度": 34.358501, "経度": 132.334533, "url": "https://www.iryou.teikyouseido.mhlw.go.jp/znk-web/juminkanja/S2430/initialize?prefCd=34&kikanCd=7342025021&kikanKbn=5", "url2": "https://www.e-classa.net/owl-hatsukaichi/", "内容": "オール薬局　廿日市店【5:薬局】広島県廿日市市平良山手１１－４７　１Ｆ" }, "geometry": { "type": "Point", "coordinates": [ 132.334533, 34.358501 ] } },
{ "type": "Feature", "properties": { "ID": 3457342025022, "正式名称": "さくらんぼ薬局　三篠店", "機関区分": 5, "都道府県コード": 34, "市区町村コード": 104, "所在地": "広島県広島市西区三篠町三丁目２２番８号　レジデンス三篠１階", "緯度": 34.414524, "経度": 132.453851, "url": "https://www.iryou.teikyouseido.mhlw.go.jp/znk-web/juminkanja/S2430/initialize?prefCd=34&kikanCd=7342025022&kikanKbn=5", "url2": null, "内容": "さくらんぼ薬局　三篠店【5:薬局】広島県広島市西区三篠町三丁目２２番８号　レジデンス三篠１階" }, "geometry": { "type": "Point", "coordinates": [ 132.453851, 34.414524 ] } },
{ "type": "Feature", "properties": { "ID": 3457342025023, "正式名称": "せとか薬局", "機関区分": 5, "都道府県コード": 34, "市区町村コード": 207, "所在地": "広島県福山市瀬戸町長和１８４番地３", "緯度": 34.48059, "経度": 133.327195, "url": "https://www.iryou.teikyouseido.mhlw.go.jp/znk-web/juminkanja/S2430/initialize?prefCd=34&kikanCd=7342025023&kikanKbn=5", "url2": "http://www.innoshima-ph.com/", "内容": "せとか薬局【5:薬局】広島県福山市瀬戸町長和１８４番地３" }, "geometry": { "type": "Point", "coordinates": [ 133.327195, 34.48059 ] } },
{ "type": "Feature", "properties": { "ID": 3457342025024, "正式名称": "あいら薬局広島", "機関区分": 5, "都道府県コード": 34, "市区町村コード": 102, "所在地": "広島県広島市東区光町１－１１－５　１階", "緯度": 34.400272, "経度": 132.478167, "url": "https://www.iryou.teikyouseido.mhlw.go.jp/znk-web/juminkanja/S2430/initialize?prefCd=34&kikanCd=7342025024&kikanKbn=5", "url2": "https://aira-pharmacy.jp/", "内容": "あいら薬局広島【5:薬局】広島県広島市東区光町１－１１－５　１階" }, "geometry": { "type": "Point", "coordinates": [ 132.478167, 34.400272 ] } },
{ "type": "Feature", "properties": { "ID": 3457342025025, "正式名称": "レデイ薬局　川内店", "機関区分": 5, "都道府県コード": 34, "市区町村コード": 105, "所在地": "広島県広島市安佐南区川内六丁目２７番２５号", "緯度": 34.471861, "経度": 132.487693, "url": "https://www.iryou.teikyouseido.mhlw.go.jp/znk-web/juminkanja/S2430/initialize?prefCd=34&kikanCd=7342025025&kikanKbn=5", "url2": "http://www.lady-drug.co.jp/", "内容": "レデイ薬局　川内店【5:薬局】広島県広島市安佐南区川内六丁目２７番２５号" }, "geometry": { "type": "Point", "coordinates": [ 132.487693, 34.471861 ] } },
{ "type": "Feature", "properties": { "ID": 3457342025026, "正式名称": "ププレひまわり薬局　本庄店", "機関区分": 5, "都道府県コード": 34, "市区町村コード": 207, "所在地": "広島県福山市南本庄一丁目１０番１１号", "緯度": 34.487505, "経度": 133.351415, "url": "https://www.iryou.teikyouseido.mhlw.go.jp/znk-web/juminkanja/S2430/initialize?prefCd=34&kikanCd=7342025026&kikanKbn=5", "url2": "https://store.welcia.co.jp/welcia/spot/detail?code=2545D", "内容": "ププレひまわり薬局　本庄店【5:薬局】広島県福山市南本庄一丁目１０番１１号" }, "geometry": { "type": "Point", "coordinates": [ 133.351415, 34.487505 ] } },
{ "type": "Feature", "properties": { "ID": 3457342025027, "正式名称": "広島駅南口薬局", "機関区分": 5, "都道府県コード": 34, "市区町村コード": 103, "所在地": "広島県広島市南区猿猴橋町２－１１", "緯度": 34.395336, "経度": 132.476089, "url": "https://www.iryou.teikyouseido.mhlw.go.jp/znk-web/juminkanja/S2430/initialize?prefCd=34&kikanCd=7342025027&kikanKbn=5", "url2": "https://ms-pharmacy.jp/hiroshimast-s/", "内容": "広島駅南口薬局【5:薬局】広島県広島市南区猿猴橋町２－１１" }, "geometry": { "type": "Point", "coordinates": [ 132.476089, 34.395336 ] } },
{ "type": "Feature", "properties": { "ID": 3457342025028, "正式名称": "ふれあい薬局五月が丘店", "機関区分": 5, "都道府県コード": 34, "市区町村コード": 108, "所在地": "広島県広島市佐伯区五月が丘五丁目２０番８号", "緯度": 34.426716, "経度": 132.401102, "url": "https://www.iryou.teikyouseido.mhlw.go.jp/znk-web/juminkanja/S2430/initialize?prefCd=34&kikanCd=7342025028&kikanKbn=5", "url2": null, "内容": "ふれあい薬局五月が丘店【5:薬局】広島県広島市佐伯区五月が丘五丁目２０番８号" }, "geometry": { "type": "Point", "coordinates": [ 132.401102, 34.426716 ] } },
{ "type": "Feature", "properties": { "ID": 3457342025029, "正式名称": "蔵本薬局　中筋店", "機関区分": 5, "都道府県コード": 34, "市区町村コード": 105, "所在地": "広島県広島市安佐南区中筋２－５－２０－中田ビル２０２", "緯度": 34.450823, "経度": 132.477851, "url": "https://www.iryou.teikyouseido.mhlw.go.jp/znk-web/juminkanja/S2430/initialize?prefCd=34&kikanCd=7342025029&kikanKbn=5", "url2": "https://www.e-classa.net/kuramoto", "内容": "蔵本薬局　中筋店【5:薬局】広島県広島市安佐南区中筋２－５－２０－中田ビル２０２" }, "geometry": { "type": "Point", "coordinates": [ 132.477851, 34.450823 ] } },
{ "type": "Feature", "properties": { "ID": 3457342025031, "正式名称": "きぼう薬局", "機関区分": 5, "都道府県コード": 34, "市区町村コード": 309, "所在地": "広島県安芸郡坂町坂西一丁目８番１０号", "緯度": 34.336974, "経度": 132.508956, "url": "https://www.iryou.teikyouseido.mhlw.go.jp/znk-web/juminkanja/S2430/initialize?prefCd=34&kikanCd=7342025031&kikanKbn=5", "url2": null, "内容": "きぼう薬局【5:薬局】広島県安芸郡坂町坂西一丁目８番１０号" }, "geometry": { "type": "Point", "coordinates": [ 132.508956, 34.336974 ] } },
{ "type": "Feature", "properties": { "ID": 3457342025032, "正式名称": "ありす薬局　本郷店", "機関区分": 5, "都道府県コード": 34, "市区町村コード": 204, "所在地": "広島県三原市本郷南五丁目１９－１", "緯度": 34.408524, "経度": 132.990815, "url": "https://www.iryou.teikyouseido.mhlw.go.jp/znk-web/juminkanja/S2430/initialize?prefCd=34&kikanCd=7342025032&kikanKbn=5", "url2": null, "内容": "ありす薬局　本郷店【5:薬局】広島県三原市本郷南五丁目１９－１" }, "geometry": { "type": "Point", "coordinates": [ 132.990815, 34.408524 ] } },
{ "type": "Feature", "properties": { "ID": 3457342025033, "正式名称": "サンドラッグ広島皆実町薬局", "機関区分": 5, "都道府県コード": 34, "市区町村コード": 103, "所在地": "広島県広島市南区皆実町六丁目１５番５号　２階", "緯度": 34.371893, "経度": 132.464094, "url": "https://www.iryou.teikyouseido.mhlw.go.jp/znk-web/juminkanja/S2430/initialize?prefCd=34&kikanCd=7342025033&kikanKbn=5", "url2": "https://sundrug-online.com/blogs/search-store/8904", "内容": "サンドラッグ広島皆実町薬局【5:薬局】広島県広島市南区皆実町六丁目１５番５号　２階" }, "geometry": { "type": "Point", "coordinates": [ 132.464094, 34.371893 ] } },
{ "type": "Feature", "properties": { "ID": 3457342025034, "正式名称": "すずらん薬局　五日市店", "機関区分": 5, "都道府県コード": 34, "市区町村コード": 108, "所在地": "広島県広島市佐伯区千同一丁目１４番２５号", "緯度": 34.380271, "経度": 132.350177, "url": "https://www.iryou.teikyouseido.mhlw.go.jp/znk-web/juminkanja/S2430/initialize?prefCd=34&kikanCd=7342025034&kikanKbn=5", "url2": "https://www.horon-suzuran.com/tenpo-detail#ttl-itukaichi", "内容": "すずらん薬局　五日市店【5:薬局】広島県広島市佐伯区千同一丁目１４番２５号" }, "geometry": { "type": "Point", "coordinates": [ 132.350177, 34.380271 ] } },
{ "type": "Feature", "properties": { "ID": 3457342025035, "正式名称": "みかど薬局", "機関区分": 5, "都道府県コード": 34, "市区町村コード": 207, "所在地": "広島県福山市御門町三丁目２番６号", "緯度": 34.478773, "経度": 133.371429, "url": "https://www.iryou.teikyouseido.mhlw.go.jp/znk-web/juminkanja/S2430/initialize?prefCd=34&kikanCd=7342025035&kikanKbn=5", "url2": null, "内容": "みかど薬局【5:薬局】広島県福山市御門町三丁目２番６号" }, "geometry": { "type": "Point", "coordinates": [ 133.371429, 34.478773 ] } },
{ "type": "Feature", "properties": { "ID": 3457342025036, "正式名称": "オール薬局　石内店", "機関区分": 5, "都道府県コード": 34, "市区町村コード": 108, "所在地": "広島県広島市佐伯区五日市町石内６７８２番地１", "緯度": 34.406276, "経度": 132.372184, "url": "https://www.iryou.teikyouseido.mhlw.go.jp/znk-web/juminkanja/S2430/initialize?prefCd=34&kikanCd=7342025036&kikanKbn=5", "url2": "https://www.my-life.jp/owl/shop/", "内容": "オール薬局　石内店【5:薬局】広島県広島市佐伯区五日市町石内６７８２番地１" }, "geometry": { "type": "Point", "coordinates": [ 132.372184, 34.406276 ] } },
{ "type": "Feature", "properties": { "ID": 3457342025037, "正式名称": "あおぞら薬局　不動院前店", "機関区分": 5, "都道府県コード": 34, "市区町村コード": 102, "所在地": "広島県広島市東区牛田新町３丁目３－７", "緯度": 34.426923, "経度": 132.469762, "url": "https://www.iryou.teikyouseido.mhlw.go.jp/znk-web/juminkanja/S2430/initialize?prefCd=34&kikanCd=7342025037&kikanKbn=5", "url2": null, "内容": "あおぞら薬局　不動院前店【5:薬局】広島県広島市東区牛田新町３丁目３－７" }, "geometry": { "type": "Point", "coordinates": [ 132.469762, 34.426923 ] } },
{ "type": "Feature", "properties": { "ID": 3457342025038, "正式名称": "ウォンツ西条助実薬局", "機関区分": 5, "都道府県コード": 34, "市区町村コード": 212, "所在地": "広島県東広島市西条町助実１２１７番１", "緯度": 34.42368, "経度": 132.754075, "url": "https://www.iryou.teikyouseido.mhlw.go.jp/znk-web/juminkanja/S2430/initialize?prefCd=34&kikanCd=7342025038&kikanKbn=5", "url2": "https://shop.tsuruha-g.com/3990", "内容": "ウォンツ西条助実薬局【5:薬局】広島県東広島市西条町助実１２１７番１" }, "geometry": { "type": "Point", "coordinates": [ 132.754075, 34.42368 ] } },
{ "type": "Feature", "properties": { "ID": 3457342025039, "正式名称": "ププレひまわり薬局　福山野上店", "機関区分": 5, "都道府県コード": 34, "市区町村コード": 207, "所在地": "広島県福山市野上町３ー１０－３３", "緯度": 34.476024, "経度": 133.363429, "url": "https://www.iryou.teikyouseido.mhlw.go.jp/znk-web/juminkanja/S2430/initialize?prefCd=34&kikanCd=7342025039&kikanKbn=5", "url2": null, "内容": "ププレひまわり薬局　福山野上店【5:薬局】広島県福山市野上町３ー１０－３３" }, "geometry": { "type": "Point", "coordinates": [ 133.363429, 34.476024 ] } },
{ "type": "Feature", "properties": { "ID": 3457342025040, "正式名称": "ププレひまわり薬局　三原本郷店", "機関区分": 5, "都道府県コード": 34, "市区町村コード": 204, "所在地": "広島県三原市本郷南三丁目２８－１３", "緯度": 34.406544, "経度": 132.993028, "url": "https://www.iryou.teikyouseido.mhlw.go.jp/znk-web/juminkanja/S2430/initialize?prefCd=34&kikanCd=7342025040&kikanKbn=5", "url2": "https://himawarinews.com/health/pharmacy", "内容": "ププレひまわり薬局　三原本郷店【5:薬局】広島県三原市本郷南三丁目２８－１３" }, "geometry": { "type": "Point", "coordinates": [ 132.993028, 34.406544 ] } },
{ "type": "Feature", "properties": { "ID": 3457342025041, "正式名称": "江波本町薬局", "機関区分": 5, "都道府県コード": 34, "市区町村コード": 101, "所在地": "広島県広島市中区江波本町５番１７号", "緯度": 34.369337, "経度": 132.435503, "url": "https://www.iryou.teikyouseido.mhlw.go.jp/znk-web/juminkanja/S2430/initialize?prefCd=34&kikanCd=7342025041&kikanKbn=5", "url2": null, "内容": "江波本町薬局【5:薬局】広島県広島市中区江波本町５番１７号" }, "geometry": { "type": "Point", "coordinates": [ 132.435503, 34.369337 ] } },
{ "type": "Feature", "properties": { "ID": 3457342025042, "正式名称": "広薬局", "機関区分": 5, "都道府県コード": 34, "市区町村コード": 202, "所在地": "広島県呉市広大新開一丁目４－１８", "緯度": 34.233002, "経度": 132.623261, "url": "https://www.iryou.teikyouseido.mhlw.go.jp/znk-web/juminkanja/S2430/initialize?prefCd=34&kikanCd=7342025042&kikanKbn=5", "url2": null, "内容": "広薬局【5:薬局】広島県呉市広大新開一丁目４－１８" }, "geometry": { "type": "Point", "coordinates": [ 132.623261, 34.233002 ] } },
{ "type": "Feature", "properties": { "ID": 3457342025043, "正式名称": "ひろ薬局", "機関区分": 5, "都道府県コード": 34, "市区町村コード": 204, "所在地": "広島県三原市城町一丁目５－３", "緯度": 34.398056, "経度": 133.086246, "url": "https://www.iryou.teikyouseido.mhlw.go.jp/znk-web/juminkanja/S2430/initialize?prefCd=34&kikanCd=7342025043&kikanKbn=5", "url2": null, "内容": "ひろ薬局【5:薬局】広島県三原市城町一丁目５－３" }, "geometry": { "type": "Point", "coordinates": [ 133.086246, 34.398056 ] } },
{ "type": "Feature", "properties": { "ID": 3457342025044, "正式名称": "あおば堂薬局", "機関区分": 5, "都道府県コード": 34, "市区町村コード": 209, "所在地": "広島県三次市十日市南５－９－２１", "緯度": 34.800228, "経度": 132.854871, "url": "https://www.iryou.teikyouseido.mhlw.go.jp/znk-web/juminkanja/S2430/initialize?prefCd=34&kikanCd=7342025044&kikanKbn=5", "url2": null, "内容": "あおば堂薬局【5:薬局】広島県三次市十日市南５－９－２１" }, "geometry": { "type": "Point", "coordinates": [ 132.854871, 34.800228 ] } },
{ "type": "Feature", "properties": { "ID": 3457342025045, "正式名称": "ウォンツ海老山薬局", "機関区分": 5, "都道府県コード": 34, "市区町村コード": 108, "所在地": "広島県広島市佐伯区海老山町５番１９号", "緯度": 34.365362, "経度": 132.365773, "url": "https://www.iryou.teikyouseido.mhlw.go.jp/znk-web/juminkanja/S2430/initialize?prefCd=34&kikanCd=7342025045&kikanKbn=5", "url2": "https://shop.tsuruha-g.com/4509", "内容": "ウォンツ海老山薬局【5:薬局】広島県広島市佐伯区海老山町５番１９号" }, "geometry": { "type": "Point", "coordinates": [ 132.365773, 34.365362 ] } },
{ "type": "Feature", "properties": { "ID": 3457342025046, "正式名称": "ププレひまわり薬局　広島舟入店", "機関区分": 5, "都道府県コード": 34, "市区町村コード": 101, "所在地": "広島県広島市中区西川口町１０番４号", "緯度": 34.382325, "経度": 132.438552, "url": "https://www.iryou.teikyouseido.mhlw.go.jp/znk-web/juminkanja/S2430/initialize?prefCd=34&kikanCd=7342025046&kikanKbn=5", "url2": "https://store.welcia.co.jp/welcia/spot/detail?code=2655D", "内容": "ププレひまわり薬局　広島舟入店【5:薬局】広島県広島市中区西川口町１０番４号" }, "geometry": { "type": "Point", "coordinates": [ 132.438552, 34.382325 ] } },
{ "type": "Feature", "properties": { "ID": 3457342025047, "正式名称": "なごみ薬局", "機関区分": 5, "都道府県コード": 34, "市区町村コード": 202, "所在地": "広島県呉市阿賀中央４－５－２３", "緯度": 34.236668, "経度": 132.602345, "url": "https://www.iryou.teikyouseido.mhlw.go.jp/znk-web/juminkanja/S2430/initialize?prefCd=34&kikanCd=7342025047&kikanKbn=5", "url2": null, "内容": "なごみ薬局【5:薬局】広島県呉市阿賀中央４－５－２３" }, "geometry": { "type": "Point", "coordinates": [ 132.602345, 34.236668 ] } },
{ "type": "Feature", "properties": { "ID": 3457342025048, "正式名称": "葦陽ローズ薬局", "機関区分": 5, "都道府県コード": 34, "市区町村コード": 207, "所在地": "広島県福山市霞町二丁目２番２号", "緯度": 34.484368, "経度": 133.363369, "url": "https://www.iryou.teikyouseido.mhlw.go.jp/znk-web/juminkanja/S2430/initialize?prefCd=34&kikanCd=7342025048&kikanKbn=5", "url2": "https://e-bond.info/withs/", "内容": "葦陽ローズ薬局【5:薬局】広島県福山市霞町二丁目２番２号" }, "geometry": { "type": "Point", "coordinates": [ 133.363369, 34.484368 ] } },
{ "type": "Feature", "properties": { "ID": 3457342025049, "正式名称": "葦陽ミナミ薬局", "機関区分": 5, "都道府県コード": 34, "市区町村コード": 207, "所在地": "広島県福山市光南町二丁目４番４号", "緯度": 34.47851, "経度": 133.36673, "url": "https://www.iryou.teikyouseido.mhlw.go.jp/znk-web/juminkanja/S2430/initialize?prefCd=34&kikanCd=7342025049&kikanKbn=5", "url2": null, "内容": "葦陽ミナミ薬局【5:薬局】広島県福山市光南町二丁目４番４号" }, "geometry": { "type": "Point", "coordinates": [ 133.36673, 34.47851 ] } },
{ "type": "Feature", "properties": { "ID": 3457342025050, "正式名称": "葦陽高西薬局", "機関区分": 5, "都道府県コード": 34, "市区町村コード": 207, "所在地": "広島県福山市高西町１－７－２９", "緯度": 34.44709, "経度": 133.239974, "url": "https://www.iryou.teikyouseido.mhlw.go.jp/znk-web/juminkanja/S2430/initialize?prefCd=34&kikanCd=7342025050&kikanKbn=5", "url2": null, "内容": "葦陽高西薬局【5:薬局】広島県福山市高西町１－７－２９" }, "geometry": { "type": "Point", "coordinates": [ 133.239974, 34.44709 ] } },
{ "type": "Feature", "properties": { "ID": 3457342025051, "正式名称": "イヨウ薬局大門店", "機関区分": 5, "都道府県コード": 34, "市区町村コード": 207, "所在地": "広島県福山市大門町１丁目３９番１８号", "緯度": 34.497484, "経度": 133.441987, "url": "https://www.iryou.teikyouseido.mhlw.go.jp/znk-web/juminkanja/S2430/initialize?prefCd=34&kikanCd=7342025051&kikanKbn=5", "url2": "https://e-bond.info/withs/", "内容": "イヨウ薬局大門店【5:薬局】広島県福山市大門町１丁目３９番１８号" }, "geometry": { "type": "Point", "coordinates": [ 133.441987, 34.497484 ] } },
{ "type": "Feature", "properties": { "ID": 3457342025052, "正式名称": "葦陽王子中央薬局", "機関区分": 5, "都道府県コード": 34, "市区町村コード": 207, "所在地": "広島県福山市手城町一丁目３番４４号", "緯度": 34.486712, "経度": 133.385809, "url": "https://www.iryou.teikyouseido.mhlw.go.jp/znk-web/juminkanja/S2430/initialize?prefCd=34&kikanCd=7342025052&kikanKbn=5", "url2": null, "内容": "葦陽王子中央薬局【5:薬局】広島県福山市手城町一丁目３番４４号" }, "geometry": { "type": "Point", "coordinates": [ 133.385809, 34.486712 ] } },
{ "type": "Feature", "properties": { "ID": 3457342025053, "正式名称": "葦陽紅葉町薬局", "機関区分": 5, "都道府県コード": 34, "市区町村コード": 207, "所在地": "広島県福山市紅葉町３番２３号", "緯度": 34.484745, "経度": 133.360455, "url": "https://www.iryou.teikyouseido.mhlw.go.jp/znk-web/juminkanja/S2430/initialize?prefCd=34&kikanCd=7342025053&kikanKbn=5", "url2": null, "内容": "葦陽紅葉町薬局【5:薬局】広島県福山市紅葉町３番２３号" }, "geometry": { "type": "Point", "coordinates": [ 133.360455, 34.484745 ] } },
{ "type": "Feature", "properties": { "ID": 3457342025054, "正式名称": "かっぱ薬局", "機関区分": 5, "都道府県コード": 34, "市区町村コード": 207, "所在地": "広島県福山市新涯町二丁目６番３１号１階", "緯度": 34.462502, "経度": 133.396707, "url": "https://www.iryou.teikyouseido.mhlw.go.jp/znk-web/juminkanja/S2430/initialize?prefCd=34&kikanCd=7342025054&kikanKbn=5", "url2": null, "内容": "かっぱ薬局【5:薬局】広島県福山市新涯町二丁目６番３１号１階" }, "geometry": { "type": "Point", "coordinates": [ 133.396707, 34.462502 ] } },
{ "type": "Feature", "properties": { "ID": 3457342025055, "正式名称": "かもめ薬局", "機関区分": 5, "都道府県コード": 34, "市区町村コード": 108, "所在地": "広島県広島市佐伯区五日市七丁目８番３８号", "緯度": 34.377903, "経度": 132.359798, "url": "https://www.iryou.teikyouseido.mhlw.go.jp/znk-web/juminkanja/S2430/initialize?prefCd=34&kikanCd=7342025055&kikanKbn=5", "url2": null, "内容": "かもめ薬局【5:薬局】広島県広島市佐伯区五日市七丁目８番３８号" }, "geometry": { "type": "Point", "coordinates": [ 132.359798, 34.377903 ] } },
{ "type": "Feature", "properties": { "ID": 3457342025056, "正式名称": "ザグザグ薬局　可部南店", "機関区分": 5, "都道府県コード": 34, "市区町村コード": 106, "所在地": "広島県広島市安佐北区可部南二丁目３番８号", "緯度": 34.503808, "経度": 132.515646, "url": "https://www.iryou.teikyouseido.mhlw.go.jp/znk-web/juminkanja/S2430/initialize?prefCd=34&kikanCd=7342025056&kikanKbn=5", "url2": "http://www.zagzag.co.jp", "内容": "ザグザグ薬局　可部南店【5:薬局】広島県広島市安佐北区可部南二丁目３番８号" }, "geometry": { "type": "Point", "coordinates": [ 132.515646, 34.503808 ] } },
{ "type": "Feature", "properties": { "ID": 3457342025057, "正式名称": "ププレひまわり薬局　呉広本町店", "機関区分": 5, "都道府県コード": 34, "市区町村コード": 202, "所在地": "広島県呉市広本町２－１－２７", "緯度": 34.233069, "経度": 132.622175, "url": "https://www.iryou.teikyouseido.mhlw.go.jp/znk-web/juminkanja/S2430/initialize?prefCd=34&kikanCd=7342025057&kikanKbn=5", "url2": "https://store.welcia.co.jp/welcia/spot/detail?code=2678D", "内容": "ププレひまわり薬局　呉広本町店【5:薬局】広島県呉市広本町２－１－２７" }, "geometry": { "type": "Point", "coordinates": [ 132.622175, 34.233069 ] } },
{ "type": "Feature", "properties": { "ID": 3457342025058, "正式名称": "東雲れんこん薬局", "機関区分": 5, "都道府県コード": 34, "市区町村コード": 103, "所在地": "広島県広島市南区東雲本町二丁目７番６号　１Ｆ", "緯度": 34.382383, "経度": 132.487189, "url": "https://www.iryou.teikyouseido.mhlw.go.jp/znk-web/juminkanja/S2430/initialize?prefCd=34&kikanCd=7342025058&kikanKbn=5", "url2": null, "内容": "東雲れんこん薬局【5:薬局】広島県広島市南区東雲本町二丁目７番６号　１Ｆ" }, "geometry": { "type": "Point", "coordinates": [ 132.487189, 34.382383 ] } },
{ "type": "Feature", "properties": { "ID": 3457342025059, "正式名称": "ププレひまわり薬局　東広島安芸津店", "機関区分": 5, "都道府県コード": 34, "市区町村コード": 212, "所在地": "広島県東広島市安芸津町風早３１５４－１", "緯度": 34.314902, "経度": 132.806697, "url": "https://www.iryou.teikyouseido.mhlw.go.jp/znk-web/juminkanja/S2430/initialize?prefCd=34&kikanCd=7342025059&kikanKbn=5", "url2": "https://himawarinews.com/", "内容": "ププレひまわり薬局　東広島安芸津店【5:薬局】広島県東広島市安芸津町風早３１５４－１" }, "geometry": { "type": "Point", "coordinates": [ 132.806697, 34.314902 ] } },
{ "type": "Feature", "properties": { "ID": 3457342025060, "正式名称": "森川薬局　青葉台店", "機関区分": 5, "都道府県コード": 34, "市区町村コード": 213, "所在地": "広島県廿日市市福面二丁目２－３", "緯度": 34.318899, "経度": 132.299056, "url": "https://www.iryou.teikyouseido.mhlw.go.jp/znk-web/juminkanja/S2430/initialize?prefCd=34&kikanCd=7342025060&kikanKbn=5", "url2": "https://www.e-classa.net/morikawa-p/", "内容": "森川薬局　青葉台店【5:薬局】広島県廿日市市福面二丁目２－３" }, "geometry": { "type": "Point", "coordinates": [ 132.299056, 34.318899 ] } },
{ "type": "Feature", "properties": { "ID": 3457342025061, "正式名称": "吉田あおば堂薬局", "機関区分": 5, "都道府県コード": 34, "市区町村コード": 214, "所在地": "広島県安芸高田市吉田町吉田６９６－１", "緯度": 34.667154, "経度": 132.703384, "url": "https://www.iryou.teikyouseido.mhlw.go.jp/znk-web/juminkanja/S2430/initialize?prefCd=34&kikanCd=7342025061&kikanKbn=5", "url2": null, "内容": "吉田あおば堂薬局【5:薬局】広島県安芸高田市吉田町吉田６９６－１" }, "geometry": { "type": "Point", "coordinates": [ 132.703384, 34.667154 ] } },
{ "type": "Feature", "properties": { "ID": 3457342026001, "正式名称": "エソラ薬局", "機関区分": 5, "都道府県コード": 34, "市区町村コード": 101, "所在地": "広島県広島市中区千田町二丁目１番２９号　１階", "緯度": 34.379383, "経度": 132.456364, "url": "https://www.iryou.teikyouseido.mhlw.go.jp/znk-web/juminkanja/S2430/initialize?prefCd=34&kikanCd=7342026001&kikanKbn=5", "url2": "https://esora-pharmacy.com", "内容": "エソラ薬局【5:薬局】広島県広島市中区千田町二丁目１番２９号　１階" }, "geometry": { "type": "Point", "coordinates": [ 132.456364, 34.379383 ] } },
{ "type": "Feature", "properties": { "ID": 3457342026002, "正式名称": "ププレひまわり薬局　福山坪生店", "機関区分": 5, "都道府県コード": 34, "市区町村コード": 207, "所在地": "広島県福山市坪生町五丁目１６番３５号", "緯度": 34.528026, "経度": 133.440293, "url": "https://www.iryou.teikyouseido.mhlw.go.jp/znk-web/juminkanja/S2430/initialize?prefCd=34&kikanCd=7342026002&kikanKbn=5", "url2": null, "内容": "ププレひまわり薬局　福山坪生店【5:薬局】広島県福山市坪生町五丁目１６番３５号" }, "geometry": { "type": "Point", "coordinates": [ 133.440293, 34.528026 ] } },
{ "type": "Feature", "properties": { "ID": 3457342026003, "正式名称": "三川町薬局", "機関区分": 5, "都道府県コード": 34, "市区町村コード": 101, "所在地": "広島県広島市中区三川町２―８", "緯度": 34.390206, "経度": 132.462138, "url": "https://www.iryou.teikyouseido.mhlw.go.jp/znk-web/juminkanja/S2430/initialize?prefCd=34&kikanCd=7342026003&kikanKbn=5", "url2": "https://ms-pharmacy.jp/", "内容": "三川町薬局【5:薬局】広島県広島市中区三川町２―８" }, "geometry": { "type": "Point", "coordinates": [ 132.462138, 34.390206 ] } },
{ "type": "Feature", "properties": { "ID": 3457342026005, "正式名称": "ミック・フナイリ薬局", "機関区分": 5, "都道府県コード": 34, "市区町村コード": 101, "所在地": "広島県広島市中区舟入川口町１０番２９－２号", "緯度": 34.381549, "経度": 132.442133, "url": "https://www.iryou.teikyouseido.mhlw.go.jp/znk-web/juminkanja/S2430/initialize?prefCd=34&kikanCd=7342026005&kikanKbn=5", "url2": "https://mikk-ligar.jp/", "内容": "ミック・フナイリ薬局【5:薬局】広島県広島市中区舟入川口町１０番２９－２号" }, "geometry": { "type": "Point", "coordinates": [ 132.442133, 34.381549 ] } },
{ "type": "Feature", "properties": { "ID": 3457342026006, "正式名称": "あしべ薬局", "機関区分": 5, "都道府県コード": 34, "市区町村コード": 207, "所在地": "広島県福山市駅家町上山守２１３番地１", "緯度": 34.534334, "経度": 133.332167, "url": "https://www.iryou.teikyouseido.mhlw.go.jp/znk-web/juminkanja/S2430/initialize?prefCd=34&kikanCd=7342026006&kikanKbn=5", "url2": "https://www.pharmacy-net.co.jp", "内容": "あしべ薬局【5:薬局】広島県福山市駅家町上山守２１３番地１" }, "geometry": { "type": "Point", "coordinates": [ 133.332167, 34.534334 ] } },
{ "type": "Feature", "properties": { "ID": 3457342026007, "正式名称": "むべやま薬局", "機関区分": 5, "都道府県コード": 34, "市区町村コード": 207, "所在地": "広島県福山市駅家町大字向永谷６６６番地１", "緯度": 34.535411, "経度": 133.298084, "url": "https://www.iryou.teikyouseido.mhlw.go.jp/znk-web/juminkanja/S2430/initialize?prefCd=34&kikanCd=7342026007&kikanKbn=5", "url2": "https://www.pharmacy-net.co.jp/", "内容": "むべやま薬局【5:薬局】広島県福山市駅家町大字向永谷６６６番地１" }, "geometry": { "type": "Point", "coordinates": [ 133.298084, 34.535411 ] } },
{ "type": "Feature", "properties": { "ID": 3457342026009, "正式名称": "さんくす薬局　寺家駅店", "機関区分": 5, "都道府県コード": 34, "市区町村コード": 212, "所在地": "広島県東広島市寺家駅前１４－１７", "緯度": 34.439773, "経度": 132.723442, "url": "https://www.iryou.teikyouseido.mhlw.go.jp/znk-web/juminkanja/S2430/initialize?prefCd=34&kikanCd=7342026009&kikanKbn=5", "url2": "https://www.sogo-pharmacy.jp/", "内容": "さんくす薬局　寺家駅店【5:薬局】広島県東広島市寺家駅前１４－１７" }, "geometry": { "type": "Point", "coordinates": [ 132.723442, 34.439773 ] } },
{ "type": "Feature", "properties": { "ID": 3457342026010, "正式名称": "さんくす薬局　西条店", "機関区分": 5, "都道府県コード": 34, "市区町村コード": 212, "所在地": "広島県東広島市西条町御薗宇４２８４－１", "緯度": 34.407079, "経度": 132.751411, "url": "https://www.iryou.teikyouseido.mhlw.go.jp/znk-web/juminkanja/S2430/initialize?prefCd=34&kikanCd=7342026010&kikanKbn=5", "url2": null, "内容": "さんくす薬局　西条店【5:薬局】広島県東広島市西条町御薗宇４２８４－１" }, "geometry": { "type": "Point", "coordinates": [ 132.751411, 34.407079 ] } },
{ "type": "Feature", "properties": { "ID": 3457342026011, "正式名称": "さんくす薬局　田口店", "機関区分": 5, "都道府県コード": 34, "市区町村コード": 212, "所在地": "広島県東広島市西条町田口２７２１－２", "緯度": 34.390508, "経度": 132.736494, "url": "https://www.iryou.teikyouseido.mhlw.go.jp/znk-web/juminkanja/S2430/initialize?prefCd=34&kikanCd=7342026011&kikanKbn=5", "url2": "https://shop.sogo-pharmacy.jp/detail/942/", "内容": "さんくす薬局　田口店【5:薬局】広島県東広島市西条町田口２７２１－２" }, "geometry": { "type": "Point", "coordinates": [ 132.736494, 34.390508 ] } },
{ "type": "Feature", "properties": { "ID": 3457342026012, "正式名称": "くるみ薬局　黒瀬店", "機関区分": 5, "都道府県コード": 34, "市区町村コード": 212, "所在地": "広島県東広島市黒瀬町兼広１３９－１", "緯度": 34.323127, "経度": 132.663275, "url": "https://www.iryou.teikyouseido.mhlw.go.jp/znk-web/juminkanja/S2430/initialize?prefCd=34&kikanCd=7342026012&kikanKbn=5", "url2": "https://www.sogo-medical.co.jp", "内容": "くるみ薬局　黒瀬店【5:薬局】広島県東広島市黒瀬町兼広１３９－１" }, "geometry": { "type": "Point", "coordinates": [ 132.663275, 34.323127 ] } },
{ "type": "Feature", "properties": { "ID": 3457342026013, "正式名称": "康仁薬局　黒瀬店", "機関区分": 5, "都道府県コード": 34, "市区町村コード": 212, "所在地": "広島県東広島市黒瀬町楢原６４６－４", "緯度": 34.326645, "経度": 132.664083, "url": "https://www.iryou.teikyouseido.mhlw.go.jp/znk-web/juminkanja/S2430/initialize?prefCd=34&kikanCd=7342026013&kikanKbn=5", "url2": "https://www.sogo-pharmacy.jp/", "内容": "康仁薬局　黒瀬店【5:薬局】広島県東広島市黒瀬町楢原６４６－４" }, "geometry": { "type": "Point", "coordinates": [ 132.664083, 34.326645 ] } },
{ "type": "Feature", "properties": { "ID": 3457342026014, "正式名称": "くるみ薬局焼山店", "機関区分": 5, "都道府県コード": 34, "市区町村コード": 202, "所在地": "広島県呉市焼山中央２丁目１番２１号", "緯度": 34.295222, "経度": 132.556742, "url": "https://www.iryou.teikyouseido.mhlw.go.jp/znk-web/juminkanja/S2430/initialize?prefCd=34&kikanCd=7342026014&kikanKbn=5", "url2": "https://www.sogo-medical.co.jp", "内容": "くるみ薬局焼山店【5:薬局】広島県呉市焼山中央２丁目１番２１号" }, "geometry": { "type": "Point", "coordinates": [ 132.556742, 34.295222 ] } },
{ "type": "Feature", "properties": { "ID": 3457342026016, "正式名称": "康仁薬局呉中央店", "機関区分": 5, "都道府県コード": 34, "市区町村コード": 202, "所在地": "広島県呉市中央１－３－１－１０１", "緯度": 34.246113, "経度": 132.559219, "url": "https://www.iryou.teikyouseido.mhlw.go.jp/znk-web/juminkanja/S2430/initialize?prefCd=34&kikanCd=7342026016&kikanKbn=5", "url2": "https://www.sogo-medical.co.jp", "内容": "康仁薬局呉中央店【5:薬局】広島県呉市中央１－３－１－１０１" }, "geometry": { "type": "Point", "coordinates": [ 132.559219, 34.246113 ] } },
{ "type": "Feature", "properties": { "ID": 3457342026017, "正式名称": "康仁薬局呉本町店", "機関区分": 5, "都道府県コード": 34, "市区町村コード": 202, "所在地": "広島県呉市本通４丁目１０番５号", "緯度": 34.245679, "経度": 132.567714, "url": "https://www.iryou.teikyouseido.mhlw.go.jp/znk-web/juminkanja/S2430/initialize?prefCd=34&kikanCd=7342026017&kikanKbn=5", "url2": "https://www.sogo-pharmacy.jp/", "内容": "康仁薬局呉本町店【5:薬局】広島県呉市本通４丁目１０番５号" }, "geometry": { "type": "Point", "coordinates": [ 132.567714, 34.245679 ] } },
{ "type": "Feature", "properties": { "ID": 3457342026019, "正式名称": "康仁薬局広本町店", "機関区分": 5, "都道府県コード": 34, "市区町村コード": 202, "所在地": "広島県呉市広本町３丁目１２ー１１", "緯度": 34.236121, "経度": 132.622346, "url": "https://www.iryou.teikyouseido.mhlw.go.jp/znk-web/juminkanja/S2430/initialize?prefCd=34&kikanCd=7342026019&kikanKbn=5", "url2": "https://www.sogo-pharmacy.jp/", "内容": "康仁薬局広本町店【5:薬局】広島県呉市広本町３丁目１２ー１１" }, "geometry": { "type": "Point", "coordinates": [ 132.622346, 34.236121 ] } },
{ "type": "Feature", "properties": { "ID": 3457342026020, "正式名称": "康仁薬局新広店", "機関区分": 5, "都道府県コード": 34, "市区町村コード": 202, "所在地": "広島県呉市広古新開７丁目２４番３号広サンフラワービル１Ｆ", "緯度": 34.240148, "経度": 132.618902, "url": "https://www.iryou.teikyouseido.mhlw.go.jp/znk-web/juminkanja/S2430/initialize?prefCd=34&kikanCd=7342026020&kikanKbn=5", "url2": "https://www.sogo-pharmacy.jp/", "内容": "康仁薬局新広店【5:薬局】広島県呉市広古新開７丁目２４番３号広サンフラワービル１Ｆ" }, "geometry": { "type": "Point", "coordinates": [ 132.618902, 34.240148 ] } },
{ "type": "Feature", "properties": { "ID": 3457342026022, "正式名称": "康仁薬局仁方店", "機関区分": 5, "都道府県コード": 34, "市区町村コード": 202, "所在地": "広島県呉市仁方西神町６", "緯度": 34.224923, "経度": 132.651216, "url": "https://www.iryou.teikyouseido.mhlw.go.jp/znk-web/juminkanja/S2430/initialize?prefCd=34&kikanCd=7342026022&kikanKbn=5", "url2": "https://www.sogo-pharmacy.jp/", "内容": "康仁薬局仁方店【5:薬局】広島県呉市仁方西神町６" }, "geometry": { "type": "Point", "coordinates": [ 132.651216, 34.224923 ] } },
{ "type": "Feature", "properties": { "ID": 3457342026023, "正式名称": "康仁薬局宝町店", "機関区分": 5, "都道府県コード": 34, "市区町村コード": 202, "所在地": "広島県呉市宝町２－２３－１", "緯度": 34.244017, "経度": 132.557777, "url": "https://www.iryou.teikyouseido.mhlw.go.jp/znk-web/juminkanja/S2430/initialize?prefCd=34&kikanCd=7342026023&kikanKbn=5", "url2": "https://www.sogo-pharmacy.jp", "内容": "康仁薬局宝町店【5:薬局】広島県呉市宝町２－２３－１" }, "geometry": { "type": "Point", "coordinates": [ 132.557777, 34.244017 ] } },
{ "type": "Feature", "properties": { "ID": 3457342026027, "正式名称": "クルーズ薬局天満町店", "機関区分": 5, "都道府県コード": 34, "市区町村コード": 205, "所在地": "広島県尾道市天満町１６ー１４ー７", "緯度": 34.406541, "経度": 133.187781, "url": "https://www.iryou.teikyouseido.mhlw.go.jp/znk-web/juminkanja/S2430/initialize?prefCd=34&kikanCd=7342026027&kikanKbn=5", "url2": "https://www.sogo-pharmacy.jp/", "内容": "クルーズ薬局天満町店【5:薬局】広島県尾道市天満町１６ー１４ー７" }, "geometry": { "type": "Point", "coordinates": [ 133.187781, 34.406541 ] } },
{ "type": "Feature", "properties": { "ID": 3457342026028, "正式名称": "オール薬局　串戸店", "機関区分": 5, "都道府県コード": 34, "市区町村コード": 213, "所在地": "広島県廿日市市串戸五丁目１－３９", "緯度": 34.349916, "経度": 132.32098, "url": "https://www.iryou.teikyouseido.mhlw.go.jp/znk-web/juminkanja/S2430/initialize?prefCd=34&kikanCd=7342026028&kikanKbn=5", "url2": "https://appli.e-classa.net/owl-kushido/index.html", "内容": "オール薬局　串戸店【5:薬局】広島県廿日市市串戸五丁目１－３９" }, "geometry": { "type": "Point", "coordinates": [ 132.32098, 34.349916 ] } },
{ "type": "Feature", "properties": { "ID": 3457342026030, "正式名称": "安芸タカズミ薬局", "機関区分": 5, "都道府県コード": 34, "市区町村コード": 302, "所在地": "広島県安芸郡府中町茂陰一丁目１番１１号フェニックス２１　１０１号", "緯度": 34.389339, "経度": 132.503731, "url": "https://www.iryou.teikyouseido.mhlw.go.jp/znk-web/juminkanja/S2430/initialize?prefCd=34&kikanCd=7342026030&kikanKbn=5", "url2": null, "内容": "安芸タカズミ薬局【5:薬局】広島県安芸郡府中町茂陰一丁目１番１１号フェニックス２１　１０１号" }, "geometry": { "type": "Point", "coordinates": [ 132.503731, 34.389339 ] } },
{ "type": "Feature", "properties": { "ID": 3457342026031, "正式名称": "康仁薬局　廿日市中央店", "機関区分": 5, "都道府県コード": 34, "市区町村コード": 213, "所在地": "広島県廿日市市下平良一丁目３－３６", "緯度": 34.34969, "経度": 132.332026, "url": "https://www.iryou.teikyouseido.mhlw.go.jp/znk-web/juminkanja/S2430/initialize?prefCd=34&kikanCd=7342026031&kikanKbn=5", "url2": "https://www.sogo-pharmacy.jp", "内容": "康仁薬局　廿日市中央店【5:薬局】広島県廿日市市下平良一丁目３－３６" }, "geometry": { "type": "Point", "coordinates": [ 132.332026, 34.34969 ] } },
{ "type": "Feature", "properties": { "ID": 3457342026032, "正式名称": "康仁薬局　宮内串戸店", "機関区分": 5, "都道府県コード": 34, "市区町村コード": 213, "所在地": "広島県廿日市市串戸４丁目１４－１４", "緯度": 34.347667, "経度": 132.323563, "url": "https://www.iryou.teikyouseido.mhlw.go.jp/znk-web/juminkanja/S2430/initialize?prefCd=34&kikanCd=7342026032&kikanKbn=5", "url2": "https://www.sogo-pharmacy.jp/", "内容": "康仁薬局　宮内串戸店【5:薬局】広島県廿日市市串戸４丁目１４－１４" }, "geometry": { "type": "Point", "coordinates": [ 132.323563, 34.347667 ] } },
{ "type": "Feature", "properties": { "ID": 3457342026036, "正式名称": "康仁薬局　八幡東店", "機関区分": 5, "都道府県コード": 34, "市区町村コード": 108, "所在地": "広島県広島市佐伯区八幡東三丁目２８番１７号", "緯度": 34.384004, "経度": 132.361686, "url": "https://www.iryou.teikyouseido.mhlw.go.jp/znk-web/juminkanja/S2430/initialize?prefCd=34&kikanCd=7342026036&kikanKbn=5", "url2": "https://shop.sogo-pharmacy.jp/detail/905/", "内容": "康仁薬局　八幡東店【5:薬局】広島県広島市佐伯区八幡東三丁目２８番１７号" }, "geometry": { "type": "Point", "coordinates": [ 132.361686, 34.384004 ] } },
{ "type": "Feature", "properties": { "ID": 3457342026037, "正式名称": "さんくす薬局　五日市中央店", "機関区分": 5, "都道府県コード": 34, "市区町村コード": 108, "所在地": "広島県広島市佐伯区五日市中央五丁目１１番２１号　１Ｆ", "緯度": 34.375217, "経度": 132.353575, "url": "https://www.iryou.teikyouseido.mhlw.go.jp/znk-web/juminkanja/S2430/initialize?prefCd=34&kikanCd=7342026037&kikanKbn=5", "url2": "https://shop.sogo-pharmacy.jp/detail/934/", "内容": "さんくす薬局　五日市中央店【5:薬局】広島県広島市佐伯区五日市中央五丁目１１番２１号　１Ｆ" }, "geometry": { "type": "Point", "coordinates": [ 132.353575, 34.375217 ] } },
{ "type": "Feature", "properties": { "ID": 3457342026039, "正式名称": "康仁薬局ソシオ紙屋町店", "機関区分": 5, "都道府県コード": 34, "市区町村コード": 101, "所在地": "広島県広島市中区紙屋町二丁目３番２０号ソシオスクエア紙屋町ビル１Ｆ", "緯度": 34.393822, "経度": 132.456031, "url": "https://www.iryou.teikyouseido.mhlw.go.jp/znk-web/juminkanja/S2430/initialize?prefCd=34&kikanCd=7342026039&kikanKbn=5", "url2": "https://www.sogo-medical.co.jp/ja/index.html", "内容": "康仁薬局ソシオ紙屋町店【5:薬局】広島県広島市中区紙屋町二丁目３番２０号ソシオスクエア紙屋町ビル１Ｆ" }, "geometry": { "type": "Point", "coordinates": [ 132.456031, 34.393822 ] } },
{ "type": "Feature", "properties": { "ID": 3457342026040, "正式名称": "康仁薬局　猿猴橋店", "機関区分": 5, "都道府県コード": 34, "市区町村コード": 103, "所在地": "広島県広島市南区猿猴橋町６番３４－１号　１階", "緯度": 34.395371, "経度": 132.478269, "url": "https://www.iryou.teikyouseido.mhlw.go.jp/znk-web/juminkanja/S2430/initialize?prefCd=34&kikanCd=7342026040&kikanKbn=5", "url2": "https://www.sogo-pharmacy.jp/", "内容": "康仁薬局　猿猴橋店【5:薬局】広島県広島市南区猿猴橋町６番３４－１号　１階" }, "geometry": { "type": "Point", "coordinates": [ 132.478269, 34.395371 ] } },
{ "type": "Feature", "properties": { "ID": 3457342026042, "正式名称": "康仁薬局　ほおずき通り店", "機関区分": 5, "都道府県コード": 34, "市区町村コード": 102, "所在地": "広島県広島市東区牛田本町二丁目１番２号　２０５Ｂ", "緯度": 34.411799, "経度": 132.471333, "url": "https://www.iryou.teikyouseido.mhlw.go.jp/znk-web/juminkanja/S2430/initialize?prefCd=34&kikanCd=7342026042&kikanKbn=5", "url2": "https://www.sogo-pharmacy.jp/", "内容": "康仁薬局　ほおずき通り店【5:薬局】広島県広島市東区牛田本町二丁目１番２号　２０５Ｂ" }, "geometry": { "type": "Point", "coordinates": [ 132.471333, 34.411799 ] } },
{ "type": "Feature", "properties": { "ID": 3457342026043, "正式名称": "康仁薬局　矢賀店", "機関区分": 5, "都道府県コード": 34, "市区町村コード": 102, "所在地": "広島県広島市東区矢賀二丁目８番１７号", "緯度": 34.399248, "経度": 132.49715, "url": "https://www.iryou.teikyouseido.mhlw.go.jp/znk-web/juminkanja/S2430/initialize?prefCd=34&kikanCd=7342026043&kikanKbn=5", "url2": "https://shop.sogo-pharmacy.jp/detail/918/", "内容": "康仁薬局　矢賀店【5:薬局】広島県広島市東区矢賀二丁目８番１７号" }, "geometry": { "type": "Point", "coordinates": [ 132.49715, 34.399248 ] } },
{ "type": "Feature", "properties": { "ID": 3457342026046, "正式名称": "くるみ薬局　矢野店", "機関区分": 5, "都道府県コード": 34, "市区町村コード": 107, "所在地": "広島県広島市安芸区矢野西四丁目１０番１８号　１階", "緯度": 34.351083, "経度": 132.530745, "url": "https://www.iryou.teikyouseido.mhlw.go.jp/znk-web/juminkanja/S2430/initialize?prefCd=34&kikanCd=7342026046&kikanKbn=5", "url2": "http://www.sogomedical.co.jp", "内容": "くるみ薬局　矢野店【5:薬局】広島県広島市安芸区矢野西四丁目１０番１８号　１階" }, "geometry": { "type": "Point", "coordinates": [ 132.530745, 34.351083 ] } },
{ "type": "Feature", "properties": { "ID": 3457342026047, "正式名称": "康仁薬局　庚午店", "機関区分": 5, "都道府県コード": 34, "市区町村コード": 104, "所在地": "広島県広島市西区庚午北二丁目１７番１０号　１Ｆ", "緯度": 34.388202, "経度": 132.418956, "url": "https://www.iryou.teikyouseido.mhlw.go.jp/znk-web/juminkanja/S2430/initialize?prefCd=34&kikanCd=7342026047&kikanKbn=5", "url2": null, "内容": "康仁薬局　庚午店【5:薬局】広島県広島市西区庚午北二丁目１７番１０号　１Ｆ" }, "geometry": { "type": "Point", "coordinates": [ 132.418956, 34.388202 ] } },
{ "type": "Feature", "properties": { "ID": 3457342026048, "正式名称": "さんくす薬局　庚午南店", "機関区分": 5, "都道府県コード": 34, "市区町村コード": 104, "所在地": "広島県広島市西区庚午南二丁目３７番３１号　１Ｆ", "緯度": 34.381406, "経度": 132.410362, "url": "https://www.iryou.teikyouseido.mhlw.go.jp/znk-web/juminkanja/S2430/initialize?prefCd=34&kikanCd=7342026048&kikanKbn=5", "url2": "https://www.sogo-pharmacy.jp/", "内容": "さんくす薬局　庚午南店【5:薬局】広島県広島市西区庚午南二丁目３７番３１号　１Ｆ" }, "geometry": { "type": "Point", "coordinates": [ 132.410362, 34.381406 ] } },
{ "type": "Feature", "properties": { "ID": 3457342026050, "正式名称": "さんくす薬局　井口店", "機関区分": 5, "都道府県コード": 34, "市区町村コード": 104, "所在地": "広島県広島市西区井口台二丁目２３番３２号　１Ｆ", "緯度": 34.377872, "経度": 132.379047, "url": "https://www.iryou.teikyouseido.mhlw.go.jp/znk-web/juminkanja/S2430/initialize?prefCd=34&kikanCd=7342026050&kikanKbn=5", "url2": "https://www.sogo-pharmacy.jp/", "内容": "さんくす薬局　井口店【5:薬局】広島県広島市西区井口台二丁目２３番３２号　１Ｆ" }, "geometry": { "type": "Point", "coordinates": [ 132.379047, 34.377872 ] } },
{ "type": "Feature", "properties": { "ID": 3457342026052, "正式名称": "康仁薬局　大町店", "機関区分": 5, "都道府県コード": 34, "市区町村コード": 105, "所在地": "広島県広島市安佐南区大町東一丁目８番２５号　１Ｆ", "緯度": 34.45646, "経度": 132.46781, "url": "https://www.iryou.teikyouseido.mhlw.go.jp/znk-web/juminkanja/S2430/initialize?prefCd=34&kikanCd=7342026052&kikanKbn=5", "url2": "https://shop.sogo-pharmacy.jp/detail/909/", "内容": "康仁薬局　大町店【5:薬局】広島県広島市安佐南区大町東一丁目８番２５号　１Ｆ" }, "geometry": { "type": "Point", "coordinates": [ 132.46781, 34.45646 ] } },
{ "type": "Feature", "properties": { "ID": 3457342026053, "正式名称": "クルーズ薬局　祇園店", "機関区分": 5, "都道府県コード": 34, "市区町村コード": 105, "所在地": "広島県広島市安佐南区祇園五丁目２番４５－１０１号", "緯度": 34.447275, "経度": 132.46052, "url": "https://www.iryou.teikyouseido.mhlw.go.jp/znk-web/juminkanja/S2430/initialize?prefCd=34&kikanCd=7342026053&kikanKbn=5", "url2": "https://www.sogo-medical.co.jp/", "内容": "クルーズ薬局　祇園店【5:薬局】広島県広島市安佐南区祇園五丁目２番４５－１０１号" }, "geometry": { "type": "Point", "coordinates": [ 132.46052, 34.447275 ] } },
{ "type": "Feature", "properties": { "ID": 3457342026054, "正式名称": "さんくす薬局　東原店", "機関区分": 5, "都道府県コード": 34, "市区町村コード": 105, "所在地": "広島県広島市安佐南区東原一丁目１番２号　１Ｆ", "緯度": 34.443598, "経度": 132.479824, "url": "https://www.iryou.teikyouseido.mhlw.go.jp/znk-web/juminkanja/S2430/initialize?prefCd=34&kikanCd=7342026054&kikanKbn=5", "url2": "https://www.sogo-pharmacy.jp/", "内容": "さんくす薬局　東原店【5:薬局】広島県広島市安佐南区東原一丁目１番２号　１Ｆ" }, "geometry": { "type": "Point", "coordinates": [ 132.479824, 34.443598 ] } },
{ "type": "Feature", "properties": { "ID": 3457342026057, "正式名称": "くるみ薬局　沼田店", "機関区分": 5, "都道府県コード": 34, "市区町村コード": 105, "所在地": "広島県広島市安佐南区伴東七丁目５９番１号　１Ｆ", "緯度": 34.463591, "経度": 132.412694, "url": "https://www.iryou.teikyouseido.mhlw.go.jp/znk-web/juminkanja/S2430/initialize?prefCd=34&kikanCd=7342026057&kikanKbn=5", "url2": "https://www.sogo-medical.co.jp", "内容": "くるみ薬局　沼田店【5:薬局】広島県広島市安佐南区伴東七丁目５９番１号　１Ｆ" }, "geometry": { "type": "Point", "coordinates": [ 132.412694, 34.463591 ] } },
{ "type": "Feature", "properties": { "ID": 3457342026058, "正式名称": "さんくす薬局　沼田店", "機関区分": 5, "都道府県コード": 34, "市区町村コード": 105, "所在地": "広島県広島市安佐南区伴東七丁目５８番３号", "緯度": 34.462118, "経度": 132.410719, "url": "https://www.iryou.teikyouseido.mhlw.go.jp/znk-web/juminkanja/S2430/initialize?prefCd=34&kikanCd=7342026058&kikanKbn=5", "url2": "https://www.sogo-pharmacy.jp/", "内容": "さんくす薬局　沼田店【5:薬局】広島県広島市安佐南区伴東七丁目５８番３号" }, "geometry": { "type": "Point", "coordinates": [ 132.410719, 34.462118 ] } },
{ "type": "Feature", "properties": { "ID": 3457342026059, "正式名称": "クルーズ薬局　西風新都店", "機関区分": 5, "都道府県コード": 34, "市区町村コード": 105, "所在地": "広島県広島市安佐南区伴南一丁目５番１８－８－１０１号", "緯度": 34.448217, "経度": 132.38078, "url": "https://www.iryou.teikyouseido.mhlw.go.jp/znk-web/juminkanja/S2430/initialize?prefCd=34&kikanCd=7342026059&kikanKbn=5", "url2": "https://shop.sogo-pharmacy.jp/detail/951/", "内容": "クルーズ薬局　西風新都店【5:薬局】広島県広島市安佐南区伴南一丁目５番１８－８－１０１号" }, "geometry": { "type": "Point", "coordinates": [ 132.38078, 34.448217 ] } },
{ "type": "Feature", "properties": { "ID": 3457342026060, "正式名称": "康仁薬局　宇品神田店", "機関区分": 5, "都道府県コード": 34, "市区町村コード": 103, "所在地": "広島県広島市南区宇品神田一丁目２番１６－２０２号", "緯度": 34.367425, "経度": 132.464861, "url": "https://www.iryou.teikyouseido.mhlw.go.jp/znk-web/juminkanja/S2430/initialize?prefCd=34&kikanCd=7342026060&kikanKbn=5", "url2": "https://www.sogo-pharmacy.jp", "内容": "康仁薬局　宇品神田店【5:薬局】広島県広島市南区宇品神田一丁目２番１６－２０２号" }, "geometry": { "type": "Point", "coordinates": [ 132.464861, 34.367425 ] } },
{ "type": "Feature", "properties": { "ID": 3457342026064, "正式名称": "ププレひまわり薬局　府中高木店", "機関区分": 5, "都道府県コード": 34, "市区町村コード": 208, "所在地": "広島県府中市高木町２０６－１", "緯度": 34.5643, "経度": 133.246272, "url": "https://www.iryou.teikyouseido.mhlw.go.jp/znk-web/juminkanja/S2430/initialize?prefCd=34&kikanCd=7342026064&kikanKbn=5", "url2": "https://store.welcia.co.jp/welcia/spot/detail?code=2515D", "内容": "ププレひまわり薬局　府中高木店【5:薬局】広島県府中市高木町２０６－１" }, "geometry": { "type": "Point", "coordinates": [ 133.246272, 34.5643 ] } },
{ "type": "Feature", "properties": { "ID": 3457342026072, "正式名称": "くるみ薬局　海田店", "機関区分": 5, "都道府県コード": 34, "市区町村コード": 304, "所在地": "広島県安芸郡海田町窪町１－２３ＪＲ海田市駅ＮＫビル", "緯度": 34.371229, "経度": 132.531499, "url": "https://www.iryou.teikyouseido.mhlw.go.jp/znk-web/juminkanja/S2430/initialize?prefCd=34&kikanCd=7342026072&kikanKbn=5", "url2": "https://www.sogo-medical.co.jp/ja/index.html", "内容": "くるみ薬局　海田店【5:薬局】広島県安芸郡海田町窪町１－２３ＪＲ海田市駅ＮＫビル" }, "geometry": { "type": "Point", "coordinates": [ 132.531499, 34.371229 ] } },
{ "type": "Feature", "properties": { "ID": 3457342026075, "正式名称": "康仁薬局　熊野店", "機関区分": 5, "都道府県コード": 34, "市区町村コード": 307, "所在地": "広島県安芸郡熊野町出来庭３－３－２４", "緯度": 34.331822, "経度": 132.574396, "url": "https://www.iryou.teikyouseido.mhlw.go.jp/znk-web/juminkanja/S2430/initialize?prefCd=34&kikanCd=7342026075&kikanKbn=5", "url2": "https://www.sogo-pharmacy.jp/", "内容": "康仁薬局　熊野店【5:薬局】広島県安芸郡熊野町出来庭３－３－２４" }, "geometry": { "type": "Point", "coordinates": [ 132.574396, 34.331822 ] } },
{ "type": "Feature", "properties": { "ID": 3457345341840, "正式名称": "リアン薬局", "機関区分": 5, "都道府県コード": 34, "市区町村コード": 207, "所在地": "広島県福山市水呑町三新田１丁目６１０番地", "緯度": 34.446029, "経度": 133.386865, "url": "https://www.iryou.teikyouseido.mhlw.go.jp/znk-web/juminkanja/S2430/initialize?prefCd=34&kikanCd=7345341840&kikanKbn=5", "url2": null, "内容": "リアン薬局【5:薬局】広島県福山市水呑町三新田１丁目６１０番地" }, "geometry": { "type": "Point", "coordinates": [ 133.386865, 34.446029 ] } },
{ "type": "Feature", "properties": { "ID": 3457345341842, "正式名称": "株式会社　広島メディクスももたろう薬局　焼山店", "機関区分": 5, "都道府県コード": 34, "市区町村コード": 202, "所在地": "広島県呉市焼山中央２－９－２２", "緯度": 34.296272, "経度": 132.559397, "url": "https://www.iryou.teikyouseido.mhlw.go.jp/znk-web/juminkanja/S2430/initialize?prefCd=34&kikanCd=7345341842&kikanKbn=5", "url2": null, "内容": "株式会社　広島メディクスももたろう薬局　焼山店【5:薬局】広島県呉市焼山中央２－９－２２" }, "geometry": { "type": "Point", "coordinates": [ 132.559397, 34.296272 ] } },
{ "type": "Feature", "properties": { "ID": 3457345341843, "正式名称": "ももたろう薬局　吉浦店", "機関区分": 5, "都道府県コード": 34, "市区町村コード": 202, "所在地": "広島県呉市吉浦宮花町７－１２", "緯度": 34.258693, "経度": 132.525096, "url": "https://www.iryou.teikyouseido.mhlw.go.jp/znk-web/juminkanja/S2430/initialize?prefCd=34&kikanCd=7345341843&kikanKbn=5", "url2": null, "内容": "ももたろう薬局　吉浦店【5:薬局】広島県呉市吉浦宮花町７－１２" }, "geometry": { "type": "Point", "coordinates": [ 132.525096, 34.258693 ] } },
{ "type": "Feature", "properties": { "ID": 3457345341844, "正式名称": "コスモス薬局　大手町南店", "機関区分": 5, "都道府県コード": 34, "市区町村コード": 101, "所在地": "広島県広島市中区大手町４－１－１　大手町平和ビル１階", "緯度": 34.386011, "経度": 132.45393, "url": "https://www.iryou.teikyouseido.mhlw.go.jp/znk-web/juminkanja/S2430/initialize?prefCd=34&kikanCd=7345341844&kikanKbn=5", "url2": "http://www.reliance-cosmos.co.jp/", "内容": "コスモス薬局　大手町南店【5:薬局】広島県広島市中区大手町４－１－１　大手町平和ビル１階" }, "geometry": { "type": "Point", "coordinates": [ 132.45393, 34.386011 ] } },
{ "type": "Feature", "properties": { "ID": 3457345341846, "正式名称": "オール薬局　宇品店", "機関区分": 5, "都道府県コード": 34, "市区町村コード": 103, "所在地": "広島県広島市南区宇品西三丁目１番４５－１号", "緯度": 34.363264, "経度": 132.459986, "url": "https://www.iryou.teikyouseido.mhlw.go.jp/znk-web/juminkanja/S2430/initialize?prefCd=34&kikanCd=7345341846&kikanKbn=5", "url2": "https://www.e-classa.net/owl-ujina", "内容": "オール薬局　宇品店【5:薬局】広島県広島市南区宇品西三丁目１番４５－１号" }, "geometry": { "type": "Point", "coordinates": [ 132.459986, 34.363264 ] } },
{ "type": "Feature", "properties": { "ID": 3457345341849, "正式名称": "コスモス薬局　たかの橋店", "機関区分": 5, "都道府県コード": 34, "市区町村コード": 101, "所在地": "広島県広島市中区大手町五丁目２番１５号高田ビル１階", "緯度": 34.384567, "経度": 132.451652, "url": "https://www.iryou.teikyouseido.mhlw.go.jp/znk-web/juminkanja/S2430/initialize?prefCd=34&kikanCd=7345341849&kikanKbn=5", "url2": "http://www.reliance-cosmos.co.jp/", "内容": "コスモス薬局　たかの橋店【5:薬局】広島県広島市中区大手町五丁目２番１５号高田ビル１階" }, "geometry": { "type": "Point", "coordinates": [ 132.451652, 34.384567 ] } },
{ "type": "Feature", "properties": { "ID": 3457345341850, "正式名称": "リーフ薬局", "機関区分": 5, "都道府県コード": 34, "市区町村コード": 207, "所在地": "広島県福山市青葉台一丁目１１番８号", "緯度": 34.51307, "経度": 133.428204, "url": "https://www.iryou.teikyouseido.mhlw.go.jp/znk-web/juminkanja/S2430/initialize?prefCd=34&kikanCd=7345341850&kikanKbn=5", "url2": null, "内容": "リーフ薬局【5:薬局】広島県福山市青葉台一丁目１１番８号" }, "geometry": { "type": "Point", "coordinates": [ 133.428204, 34.51307 ] } },
{ "type": "Feature", "properties": { "ID": 3457345341853, "正式名称": "オズ薬局　可部店", "機関区分": 5, "都道府県コード": 34, "市区町村コード": 106, "所在地": "広島県広島市安佐北区可部四丁目２３番１３号八木興産クリニックビル", "緯度": 34.516415, "経度": 132.508808, "url": "https://www.iryou.teikyouseido.mhlw.go.jp/znk-web/juminkanja/S2430/initialize?prefCd=34&kikanCd=7345341853&kikanKbn=5", "url2": null, "内容": "オズ薬局　可部店【5:薬局】広島県広島市安佐北区可部四丁目２３番１３号八木興産クリニックビル" }, "geometry": { "type": "Point", "coordinates": [ 132.508808, 34.516415 ] } },
{ "type": "Feature", "properties": { "ID": 3457345341854, "正式名称": "ふれあいぶどう薬局", "機関区分": 5, "都道府県コード": 34, "市区町村コード": 207, "所在地": "広島県福山市沼隈町草深１９８０番地１０", "緯度": 34.387615, "経度": 133.322741, "url": "https://www.iryou.teikyouseido.mhlw.go.jp/znk-web/juminkanja/S2430/initialize?prefCd=34&kikanCd=7345341854&kikanKbn=5", "url2": "http://www.ssmile.co.jp", "内容": "ふれあいぶどう薬局【5:薬局】広島県福山市沼隈町草深１９８０番地１０" }, "geometry": { "type": "Point", "coordinates": [ 133.322741, 34.387615 ] } },
{ "type": "Feature", "properties": { "ID": 3457345341855, "正式名称": "東広島タカズミ薬局", "機関区分": 5, "都道府県コード": 34, "市区町村コード": 212, "所在地": "広島県東広島市西条町寺家６６２３－４", "緯度": 34.429928, "経度": 132.728933, "url": "https://www.iryou.teikyouseido.mhlw.go.jp/znk-web/juminkanja/S2430/initialize?prefCd=34&kikanCd=7345341855&kikanKbn=5", "url2": "www.takazumi.co.jp", "内容": "東広島タカズミ薬局【5:薬局】広島県東広島市西条町寺家６６２３－４" }, "geometry": { "type": "Point", "coordinates": [ 132.728933, 34.429928 ] } },
{ "type": "Feature", "properties": { "ID": 3457345341857, "正式名称": "オール薬局　五日市店", "機関区分": 5, "都道府県コード": 34, "市区町村コード": 108, "所在地": "広島県広島市佐伯区五日市駅前一丁目５番１８　グラシアビル１０１号", "緯度": 34.3679, "経度": 132.367882, "url": "https://www.iryou.teikyouseido.mhlw.go.jp/znk-web/juminkanja/S2430/initialize?prefCd=34&kikanCd=7345341857&kikanKbn=5", "url2": "http://www.e-classa.net/owl-itsukaichi/", "内容": "オール薬局　五日市店【5:薬局】広島県広島市佐伯区五日市駅前一丁目５番１８　グラシアビル１０１号" }, "geometry": { "type": "Point", "coordinates": [ 132.367882, 34.3679 ] } },
{ "type": "Feature", "properties": { "ID": 3457345341858, "正式名称": "ウォンツ　フォレオ広島東薬局", "機関区分": 5, "都道府県コード": 34, "市区町村コード": 102, "所在地": "広島県広島市東区温品１－３－２", "緯度": 34.408037, "経度": 132.505091, "url": "https://www.iryou.teikyouseido.mhlw.go.jp/znk-web/juminkanja/S2430/initialize?prefCd=34&kikanCd=7345341858&kikanKbn=5", "url2": "https://www.wants.co.jp/", "内容": "ウォンツ　フォレオ広島東薬局【5:薬局】広島県広島市東区温品１－３－２" }, "geometry": { "type": "Point", "coordinates": [ 132.505091, 34.408037 ] } },
{ "type": "Feature", "properties": { "ID": 3457345341860, "正式名称": "ヘルシータウンジョイ薬局　廿日市市役所駅前店", "機関区分": 5, "都道府県コード": 34, "市区町村コード": 213, "所在地": "広島県廿日市市新宮二丁目１－１０", "緯度": 34.353623, "経度": 132.328525, "url": "https://www.iryou.teikyouseido.mhlw.go.jp/znk-web/juminkanja/S2430/initialize?prefCd=34&kikanCd=7345341860&kikanKbn=5", "url2": null, "内容": "ヘルシータウンジョイ薬局　廿日市市役所駅前店【5:薬局】広島県廿日市市新宮二丁目１－１０" }, "geometry": { "type": "Point", "coordinates": [ 132.328525, 34.353623 ] } },
{ "type": "Feature", "properties": { "ID": 3457345341861, "正式名称": "株式会社　小松薬局　本庄店", "機関区分": 5, "都道府県コード": 34, "市区町村コード": 202, "所在地": "広島県呉市焼山本庄４丁目８番１３号", "緯度": 34.304327, "経度": 132.553203, "url": "https://www.iryou.teikyouseido.mhlw.go.jp/znk-web/juminkanja/S2430/initialize?prefCd=34&kikanCd=7345341861&kikanKbn=5", "url2": "http://www.komatsupharmacy.co.jp/", "内容": "株式会社　小松薬局　本庄店【5:薬局】広島県呉市焼山本庄４丁目８番１３号" }, "geometry": { "type": "Point", "coordinates": [ 132.553203, 34.304327 ] } },
{ "type": "Feature", "properties": { "ID": 3457345341863, "正式名称": "ケツメイシ薬局", "機関区分": 5, "都道府県コード": 34, "市区町村コード": 202, "所在地": "広島県呉市焼山中央２丁目９－４０", "緯度": 34.296495, "経度": 132.559925, "url": "https://www.iryou.teikyouseido.mhlw.go.jp/znk-web/juminkanja/S2430/initialize?prefCd=34&kikanCd=7345341863&kikanKbn=5", "url2": "http://ketumeishi.com", "内容": "ケツメイシ薬局【5:薬局】広島県呉市焼山中央２丁目９－４０" }, "geometry": { "type": "Point", "coordinates": [ 132.559925, 34.296495 ] } },
{ "type": "Feature", "properties": { "ID": 3457345341864, "正式名称": "さわやか薬局", "機関区分": 5, "都道府県コード": 34, "市区町村コード": 103, "所在地": "広島県広島市南区東本浦町２２－２９", "緯度": 34.374652, "経度": 132.491649, "url": "https://www.iryou.teikyouseido.mhlw.go.jp/znk-web/juminkanja/S2430/initialize?prefCd=34&kikanCd=7345341864&kikanKbn=5", "url2": "http://yuushin.cc/shop/sawayaka/", "内容": "さわやか薬局【5:薬局】広島県広島市南区東本浦町２２－２９" }, "geometry": { "type": "Point", "coordinates": [ 132.491649, 34.374652 ] } },
{ "type": "Feature", "properties": { "ID": 3457345341865, "正式名称": "こごみ薬局", "機関区分": 5, "都道府県コード": 34, "市区町村コード": 104, "所在地": "広島県広島市西区草津梅が台１２番５号", "緯度": 34.377289, "経度": 132.393435, "url": "https://www.iryou.teikyouseido.mhlw.go.jp/znk-web/juminkanja/S2430/initialize?prefCd=34&kikanCd=7345341865&kikanKbn=5", "url2": "http://www.kogomi.jp/store.html", "内容": "こごみ薬局【5:薬局】広島県広島市西区草津梅が台１２番５号" }, "geometry": { "type": "Point", "coordinates": [ 132.393435, 34.377289 ] } },
{ "type": "Feature", "properties": { "ID": 3457345341866, "正式名称": "あんず薬局　仁保店", "機関区分": 5, "都道府県コード": 34, "市区町村コード": 103, "所在地": "広島県広島市南区仁保新町二丁目４番６－１０３号", "緯度": 34.376207, "経度": 132.495066, "url": "https://www.iryou.teikyouseido.mhlw.go.jp/znk-web/juminkanja/S2430/initialize?prefCd=34&kikanCd=7345341866&kikanKbn=5", "url2": "https://ks-office.group/", "内容": "あんず薬局　仁保店【5:薬局】広島県広島市南区仁保新町二丁目４番６－１０３号" }, "geometry": { "type": "Point", "coordinates": [ 132.495066, 34.376207 ] } },
{ "type": "Feature", "properties": { "ID": 3457345341867, "正式名称": "イオン薬局　広島祇園店", "機関区分": 5, "都道府県コード": 34, "市区町村コード": 105, "所在地": "広島県広島市安佐南区祇園三丁目２－１イオン広島祇園店１階", "緯度": 34.443088, "経度": 132.460927, "url": "https://www.iryou.teikyouseido.mhlw.go.jp/znk-web/juminkanja/S2430/initialize?prefCd=34&kikanCd=7345341867&kikanKbn=5", "url2": null, "内容": "イオン薬局　広島祇園店【5:薬局】広島県広島市安佐南区祇園三丁目２－１イオン広島祇園店１階" }, "geometry": { "type": "Point", "coordinates": [ 132.460927, 34.443088 ] } },
{ "type": "Feature", "properties": { "ID": 3457345341869, "正式名称": "津部田薬局", "機関区分": 5, "都道府県コード": 34, "市区町村コード": 205, "所在地": "広島県尾道市向島町１４７６３－３", "緯度": 34.372552, "経度": 133.182139, "url": "https://www.iryou.teikyouseido.mhlw.go.jp/znk-web/juminkanja/S2430/initialize?prefCd=34&kikanCd=7345341869&kikanKbn=5", "url2": "https://www.innoshima-ph.com/pharmacy_tubuta", "内容": "津部田薬局【5:薬局】広島県尾道市向島町１４７６３－３" }, "geometry": { "type": "Point", "coordinates": [ 133.182139, 34.372552 ] } },
{ "type": "Feature", "properties": { "ID": 3457345341870, "正式名称": "トータス薬局　比治山店", "機関区分": 5, "都道府県コード": 34, "市区町村コード": 103, "所在地": "広島県広島市南区比治山本町１１番１８号", "緯度": 34.378845, "経度": 132.470734, "url": "https://www.iryou.teikyouseido.mhlw.go.jp/znk-web/juminkanja/S2430/initialize?prefCd=34&kikanCd=7345341870&kikanKbn=5", "url2": "tortoise-yakkyoku.jimdofree.com", "内容": "トータス薬局　比治山店【5:薬局】広島県広島市南区比治山本町１１番１８号" }, "geometry": { "type": "Point", "coordinates": [ 132.470734, 34.378845 ] } },
{ "type": "Feature", "properties": { "ID": 3457345341871, "正式名称": "アース薬局", "機関区分": 5, "都道府県コード": 34, "市区町村コード": 207, "所在地": "広島県福山市松永町三丁目７番３９－４号", "緯度": 34.445963, "経度": 133.257444, "url": "https://www.iryou.teikyouseido.mhlw.go.jp/znk-web/juminkanja/S2430/initialize?prefCd=34&kikanCd=7345341871&kikanKbn=5", "url2": "http://center-yakkyoku.com", "内容": "アース薬局【5:薬局】広島県福山市松永町三丁目７番３９－４号" }, "geometry": { "type": "Point", "coordinates": [ 133.257444, 34.445963 ] } },
{ "type": "Feature", "properties": { "ID": 3457345341872, "正式名称": "ひので薬局　別館", "機関区分": 5, "都道府県コード": 34, "市区町村コード": 205, "所在地": "広島県尾道市平原一丁目２０－４１", "緯度": 34.407133, "経度": 133.174619, "url": "https://www.iryou.teikyouseido.mhlw.go.jp/znk-web/juminkanja/S2430/initialize?prefCd=34&kikanCd=7345341872&kikanKbn=5", "url2": "https://www.tower-medical.jp/", "内容": "ひので薬局　別館【5:薬局】広島県尾道市平原一丁目２０－４１" }, "geometry": { "type": "Point", "coordinates": [ 133.174619, 34.407133 ] } },
{ "type": "Feature", "properties": { "ID": 3457345341873, "正式名称": "ひので薬局　本館", "機関区分": 5, "都道府県コード": 34, "市区町村コード": 205, "所在地": "広島県尾道市平原一丁目２０－４４", "緯度": 34.407019, "経度": 133.174924, "url": "https://www.iryou.teikyouseido.mhlw.go.jp/znk-web/juminkanja/S2430/initialize?prefCd=34&kikanCd=7345341873&kikanKbn=5", "url2": "https://www.tower-medical.jp/store#ttl-navi09", "内容": "ひので薬局　本館【5:薬局】広島県尾道市平原一丁目２０－４４" }, "geometry": { "type": "Point", "coordinates": [ 133.174924, 34.407019 ] } },
{ "type": "Feature", "properties": { "ID": 3457345341874, "正式名称": "なの花薬局　平原店", "機関区分": 5, "都道府県コード": 34, "市区町村コード": 205, "所在地": "広島県尾道市平原一丁目２０－４６", "緯度": 34.406938, "経度": 133.174897, "url": "https://www.iryou.teikyouseido.mhlw.go.jp/znk-web/juminkanja/S2430/initialize?prefCd=34&kikanCd=7345341874&kikanKbn=5", "url2": "https://www.nanohana-ph.jp/", "内容": "なの花薬局　平原店【5:薬局】広島県尾道市平原一丁目２０－４６" }, "geometry": { "type": "Point", "coordinates": [ 133.174897, 34.406938 ] } },
{ "type": "Feature", "properties": { "ID": 3457345341876, "正式名称": "あすか薬局　幟町店", "機関区分": 5, "都道府県コード": 34, "市区町村コード": 101, "所在地": "広島県広島市中区幟町５番２５－１０４号", "緯度": 34.394982, "経度": 132.467178, "url": "https://www.iryou.teikyouseido.mhlw.go.jp/znk-web/juminkanja/S2430/initialize?prefCd=34&kikanCd=7345341876&kikanKbn=5", "url2": null, "内容": "あすか薬局　幟町店【5:薬局】広島県広島市中区幟町５番２５－１０４号" }, "geometry": { "type": "Point", "coordinates": [ 132.467178, 34.394982 ] } },
{ "type": "Feature", "properties": { "ID": 3457345341878, "正式名称": "アプコＵｎｉｔｙ薬局", "機関区分": 5, "都道府県コード": 34, "市区町村コード": 205, "所在地": "広島県尾道市平原一丁目１０－２５", "緯度": 34.407688, "経度": 133.175952, "url": "https://www.iryou.teikyouseido.mhlw.go.jp/znk-web/juminkanja/S2430/initialize?prefCd=34&kikanCd=7345341878&kikanKbn=5", "url2": "https://www.apco-group.jp/", "内容": "アプコＵｎｉｔｙ薬局【5:薬局】広島県尾道市平原一丁目１０－２５" }, "geometry": { "type": "Point", "coordinates": [ 133.175952, 34.407688 ] } },
{ "type": "Feature", "properties": { "ID": 3457345341879, "正式名称": "ファーマシィ薬局　病院前", "機関区分": 5, "都道府県コード": 34, "市区町村コード": 205, "所在地": "広島県尾道市新高山三丁目１１７０－１０９", "緯度": 34.421686, "経度": 133.214765, "url": "https://www.iryou.teikyouseido.mhlw.go.jp/znk-web/juminkanja/S2430/initialize?prefCd=34&kikanCd=7345341879&kikanKbn=5", "url2": "https://www.pharmacy-net.co.jp", "内容": "ファーマシィ薬局　病院前【5:薬局】広島県尾道市新高山三丁目１１７０－１０９" }, "geometry": { "type": "Point", "coordinates": [ 133.214765, 34.421686 ] } },
{ "type": "Feature", "properties": { "ID": 3457345341880, "正式名称": "すみれ薬局", "機関区分": 5, "都道府県コード": 34, "市区町村コード": 205, "所在地": "広島県尾道市高須町３６５６－３", "緯度": 34.440436, "経度": 133.231196, "url": "https://www.iryou.teikyouseido.mhlw.go.jp/znk-web/juminkanja/S2430/initialize?prefCd=34&kikanCd=7345341880&kikanKbn=5", "url2": "https://www.onomichi-medicine.jp/home", "内容": "すみれ薬局【5:薬局】広島県尾道市高須町３６５６－３" }, "geometry": { "type": "Point", "coordinates": [ 133.231196, 34.440436 ] } },
{ "type": "Feature", "properties": { "ID": 3457345341881, "正式名称": "コスモス薬局", "機関区分": 5, "都道府県コード": 34, "市区町村コード": 101, "所在地": "広島県広島市中区八丁堀１番１２号　マスキ八丁堀ビル１階", "緯度": 34.397593, "経度": 132.463734, "url": "https://www.iryou.teikyouseido.mhlw.go.jp/znk-web/juminkanja/S2430/initialize?prefCd=34&kikanCd=7345341881&kikanKbn=5", "url2": "http://www.reliance-cosmos.co.jp/", "内容": "コスモス薬局【5:薬局】広島県広島市中区八丁堀１番１２号　マスキ八丁堀ビル１階" }, "geometry": { "type": "Point", "coordinates": [ 132.463734, 34.397593 ] } },
{ "type": "Feature", "properties": { "ID": 3457345341883, "正式名称": "ウォンツ　地下街シャレオ薬局", "機関区分": 5, "都道府県コード": 34, "市区町村コード": 101, "所在地": "広島県広島市中区基町地下街１０５号", "緯度": 34.386289, "経度": 132.454985, "url": "https://www.iryou.teikyouseido.mhlw.go.jp/znk-web/juminkanja/S2430/initialize?prefCd=34&kikanCd=7345341883&kikanKbn=5", "url2": "https://www.wants.co.jp/", "内容": "ウォンツ　地下街シャレオ薬局【5:薬局】広島県広島市中区基町地下街１０５号" }, "geometry": { "type": "Point", "coordinates": [ 132.454985, 34.386289 ] } },
{ "type": "Feature", "properties": { "ID": 3457345341884, "正式名称": "海田タカズミ薬局", "機関区分": 5, "都道府県コード": 34, "市区町村コード": 304, "所在地": "広島県安芸郡海田町幸町８－１４－３", "緯度": 34.368598, "経度": 132.542701, "url": "https://www.iryou.teikyouseido.mhlw.go.jp/znk-web/juminkanja/S2430/initialize?prefCd=34&kikanCd=7345341884&kikanKbn=5", "url2": "www.takazumi.co.jp", "内容": "海田タカズミ薬局【5:薬局】広島県安芸郡海田町幸町８－１４－３" }, "geometry": { "type": "Point", "coordinates": [ 132.542701, 34.368598 ] } },
{ "type": "Feature", "properties": { "ID": 3457345341885, "正式名称": "あすなろ薬局", "機関区分": 5, "都道府県コード": 34, "市区町村コード": 202, "所在地": "広島県呉市広古新開七丁目４０番１号", "緯度": 34.240252, "経度": 132.622172, "url": "https://www.iryou.teikyouseido.mhlw.go.jp/znk-web/juminkanja/S2430/initialize?prefCd=34&kikanCd=7345341885&kikanKbn=5", "url2": "https://asunaro-pharm.com", "内容": "あすなろ薬局【5:薬局】広島県呉市広古新開七丁目４０番１号" }, "geometry": { "type": "Point", "coordinates": [ 132.622172, 34.240252 ] } },
{ "type": "Feature", "properties": { "ID": 3457345341888, "正式名称": "はなぶさ一心堂薬局", "機関区分": 5, "都道府県コード": 34, "市区町村コード": 108, "所在地": "広島県広島市佐伯区五日市駅前三丁目５番１３号　小山ビル", "緯度": 34.368984, "経度": 132.367438, "url": "https://www.iryou.teikyouseido.mhlw.go.jp/znk-web/juminkanja/S2430/initialize?prefCd=34&kikanCd=7345341888&kikanKbn=5", "url2": null, "内容": "はなぶさ一心堂薬局【5:薬局】広島県広島市佐伯区五日市駅前三丁目５番１３号　小山ビル" }, "geometry": { "type": "Point", "coordinates": [ 132.367438, 34.368984 ] } },
{ "type": "Feature", "properties": { "ID": 3457345341889, "正式名称": "あすか薬局　温品店", "機関区分": 5, "都道府県コード": 34, "市区町村コード": 102, "所在地": "広島県広島市東区温品一丁目２番４４号", "緯度": 34.409676, "経度": 132.505147, "url": "https://www.iryou.teikyouseido.mhlw.go.jp/znk-web/juminkanja/S2430/initialize?prefCd=34&kikanCd=7345341889&kikanKbn=5", "url2": null, "内容": "あすか薬局　温品店【5:薬局】広島県広島市東区温品一丁目２番４４号" }, "geometry": { "type": "Point", "coordinates": [ 132.505147, 34.409676 ] } },
{ "type": "Feature", "properties": { "ID": 3457345341892, "正式名称": "あい薬局　平原店", "機関区分": 5, "都道府県コード": 34, "市区町村コード": 205, "所在地": "広島県尾道市平原一丁目２０－５０", "緯度": 34.406742, "経度": 133.175315, "url": "https://www.iryou.teikyouseido.mhlw.go.jp/znk-web/juminkanja/S2430/initialize?prefCd=34&kikanCd=7345341892&kikanKbn=5", "url2": "http://xn--l8je4984a4v8a.com/", "内容": "あい薬局　平原店【5:薬局】広島県尾道市平原一丁目２０－５０" }, "geometry": { "type": "Point", "coordinates": [ 133.175315, 34.406742 ] } },
{ "type": "Feature", "properties": { "ID": 3457345341894, "正式名称": "おひさま薬局", "機関区分": 5, "都道府県コード": 34, "市区町村コード": 205, "所在地": "広島県尾道市新高山三丁目１１７０－２１４", "緯度": 34.421929, "経度": 133.214748, "url": "https://www.iryou.teikyouseido.mhlw.go.jp/znk-web/juminkanja/S2430/initialize?prefCd=34&kikanCd=7345341894&kikanKbn=5", "url2": null, "内容": "おひさま薬局【5:薬局】広島県尾道市新高山三丁目１１７０－２１４" }, "geometry": { "type": "Point", "coordinates": [ 133.214748, 34.421929 ] } },
{ "type": "Feature", "properties": { "ID": 3457345341896, "正式名称": "コスモス薬局　日赤病院前", "機関区分": 5, "都道府県コード": 34, "市区町村コード": 101, "所在地": "広島県広島市中区千田町一丁目９番１号", "緯度": 34.381734, "経度": 132.454902, "url": "https://www.iryou.teikyouseido.mhlw.go.jp/znk-web/juminkanja/S2430/initialize?prefCd=34&kikanCd=7345341896&kikanKbn=5", "url2": "http://www.reliance-cosmos.co.jp/", "内容": "コスモス薬局　日赤病院前【5:薬局】広島県広島市中区千田町一丁目９番１号" }, "geometry": { "type": "Point", "coordinates": [ 132.454902, 34.381734 ] } },
{ "type": "Feature", "properties": { "ID": 3457345341897, "正式名称": "ウォンツ福山伊勢丘薬局", "機関区分": 5, "都道府県コード": 34, "市区町村コード": 207, "所在地": "広島県福山市伊勢丘三丁目３番１号", "緯度": 34.502932, "経度": 133.422344, "url": "https://www.iryou.teikyouseido.mhlw.go.jp/znk-web/juminkanja/S2430/initialize?prefCd=34&kikanCd=7345341897&kikanKbn=5", "url2": "https://www.wants.co.jp/", "内容": "ウォンツ福山伊勢丘薬局【5:薬局】広島県福山市伊勢丘三丁目３番１号" }, "geometry": { "type": "Point", "coordinates": [ 133.422344, 34.502932 ] } },
{ "type": "Feature", "properties": { "ID": 3457345341900, "正式名称": "ウォンツ　佐方薬局", "機関区分": 5, "都道府県コード": 34, "市区町村コード": 213, "所在地": "広島県廿日市市佐方４－２－２０", "緯度": 34.366706, "経度": 132.344162, "url": "https://www.iryou.teikyouseido.mhlw.go.jp/znk-web/juminkanja/S2430/initialize?prefCd=34&kikanCd=7345341900&kikanKbn=5", "url2": "https://www.wants.co.jp/", "内容": "ウォンツ　佐方薬局【5:薬局】広島県廿日市市佐方４－２－２０" }, "geometry": { "type": "Point", "coordinates": [ 132.344162, 34.366706 ] } },
{ "type": "Feature", "properties": { "ID": 3457345341901, "正式名称": "そうごう薬局　安川通り店", "機関区分": 5, "都道府県コード": 34, "市区町村コード": 105, "所在地": "広島県広島市安佐南区相田一丁目１４番４号", "緯度": 34.471641, "経度": 132.455037, "url": "https://www.iryou.teikyouseido.mhlw.go.jp/znk-web/juminkanja/S2430/initialize?prefCd=34&kikanCd=7345341901&kikanKbn=5", "url2": "http://www.sogo-medical.co.jp/sogopharmacy/shop/list/34", "内容": "そうごう薬局　安川通り店【5:薬局】広島県広島市安佐南区相田一丁目１４番４号" }, "geometry": { "type": "Point", "coordinates": [ 132.455037, 34.471641 ] } },
{ "type": "Feature", "properties": { "ID": 3457345341905, "正式名称": "東宝薬局", "機関区分": 5, "都道府県コード": 34, "市区町村コード": 102, "所在地": "広島県広島市東区牛田本町二丁目１番１８号", "緯度": 34.411759, "経度": 132.470483, "url": "https://www.iryou.teikyouseido.mhlw.go.jp/znk-web/juminkanja/S2430/initialize?prefCd=34&kikanCd=7345341905&kikanKbn=5", "url2": null, "内容": "東宝薬局【5:薬局】広島県広島市東区牛田本町二丁目１番１８号" }, "geometry": { "type": "Point", "coordinates": [ 132.470483, 34.411759 ] } },
{ "type": "Feature", "properties": { "ID": 3457345341907, "正式名称": "有限会社蔵王薬局", "機関区分": 5, "都道府県コード": 34, "市区町村コード": 207, "所在地": "広島県福山市蔵王町１６２番地１", "緯度": 34.514653, "経度": 133.401567, "url": "https://www.iryou.teikyouseido.mhlw.go.jp/znk-web/juminkanja/S2430/initialize?prefCd=34&kikanCd=7345341907&kikanKbn=5", "url2": null, "内容": "有限会社蔵王薬局【5:薬局】広島県福山市蔵王町１６２番地１" }, "geometry": { "type": "Point", "coordinates": [ 133.401567, 34.514653 ] } },
{ "type": "Feature", "properties": { "ID": 3457345341908, "正式名称": "イオン薬局　広島段原店", "機関区分": 5, "都道府県コード": 34, "市区町村コード": 103, "所在地": "広島県広島市南区段原南一丁目３番５２号　　２階", "緯度": 34.385289, "経度": 132.475622, "url": "https://www.iryou.teikyouseido.mhlw.go.jp/znk-web/juminkanja/S2430/initialize?prefCd=34&kikanCd=7345341908&kikanKbn=5", "url2": null, "内容": "イオン薬局　広島段原店【5:薬局】広島県広島市南区段原南一丁目３番５２号　　２階" }, "geometry": { "type": "Point", "coordinates": [ 132.475622, 34.385289 ] } },
{ "type": "Feature", "properties": { "ID": 3457345341909, "正式名称": "すずらん薬局　舟入店", "機関区分": 5, "都道府県コード": 34, "市区町村コード": 101, "所在地": "広島県広島市中区舟入南四丁目１番６３号　　２階", "緯度": 34.376012, "経度": 132.441098, "url": "https://www.iryou.teikyouseido.mhlw.go.jp/znk-web/juminkanja/S2430/initialize?prefCd=34&kikanCd=7345341909&kikanKbn=5", "url2": "https://www.horon-suzuran.com/tenpo-detail#ttl-hunairiten", "内容": "すずらん薬局　舟入店【5:薬局】広島県広島市中区舟入南四丁目１番６３号　　２階" }, "geometry": { "type": "Point", "coordinates": [ 132.441098, 34.376012 ] } },
{ "type": "Feature", "properties": { "ID": 3457345341910, "正式名称": "ももたろう薬局　熊野店", "機関区分": 5, "都道府県コード": 34, "市区町村コード": 307, "所在地": "広島県安芸郡熊野町川角３－４－１０", "緯度": 34.323853, "経度": 132.574728, "url": "https://www.iryou.teikyouseido.mhlw.go.jp/znk-web/juminkanja/S2430/initialize?prefCd=34&kikanCd=7345341910&kikanKbn=5", "url2": null, "内容": "ももたろう薬局　熊野店【5:薬局】広島県安芸郡熊野町川角３－４－１０" }, "geometry": { "type": "Point", "coordinates": [ 132.574728, 34.323853 ] } },
{ "type": "Feature", "properties": { "ID": 3457345341911, "正式名称": "ありす薬局　高須店", "機関区分": 5, "都道府県コード": 34, "市区町村コード": 205, "所在地": "広島県尾道市高須町４７８８－１１－１０２", "緯度": 34.431464, "経度": 133.23689, "url": "https://www.iryou.teikyouseido.mhlw.go.jp/znk-web/juminkanja/S2430/initialize?prefCd=34&kikanCd=7345341911&kikanKbn=5", "url2": "http://www.tower-medical.jp", "内容": "ありす薬局　高須店【5:薬局】広島県尾道市高須町４７８８－１１－１０２" }, "geometry": { "type": "Point", "coordinates": [ 133.23689, 34.431464 ] } },
{ "type": "Feature", "properties": { "ID": 3457345341912, "正式名称": "コスモス薬局　光南店", "機関区分": 5, "都道府県コード": 34, "市区町村コード": 101, "所在地": "広島県広島市中区光南一丁目１１番１１号", "緯度": 34.367235, "経度": 132.447376, "url": "https://www.iryou.teikyouseido.mhlw.go.jp/znk-web/juminkanja/S2430/initialize?prefCd=34&kikanCd=7345341912&kikanKbn=5", "url2": "http://www.reliance-cosmos.co.jp/", "内容": "コスモス薬局　光南店【5:薬局】広島県広島市中区光南一丁目１１番１１号" }, "geometry": { "type": "Point", "coordinates": [ 132.447376, 34.367235 ] } },
{ "type": "Feature", "properties": { "ID": 3457345341913, "正式名称": "そうごう薬局　五日市中央店", "機関区分": 5, "都道府県コード": 34, "市区町村コード": 108, "所在地": "広島県広島市佐伯区五日市中央三丁目８番１４号", "緯度": 34.370566, "経度": 132.351522, "url": "https://www.iryou.teikyouseido.mhlw.go.jp/znk-web/juminkanja/S2430/initialize?prefCd=34&kikanCd=7345341913&kikanKbn=5", "url2": "https://shop.sogo-pharmacy.jp/detail/399/", "内容": "そうごう薬局　五日市中央店【5:薬局】広島県広島市佐伯区五日市中央三丁目８番１４号" }, "geometry": { "type": "Point", "coordinates": [ 132.351522, 34.370566 ] } },
{ "type": "Feature", "properties": { "ID": 3457345341915, "正式名称": "そうごう薬局　フジグラン広島店", "機関区分": 5, "都道府県コード": 34, "市区町村コード": 101, "所在地": "広島県広島市中区宝町２番１号　フジグラン広島４階", "緯度": 34.385428, "経度": 132.464346, "url": "https://www.iryou.teikyouseido.mhlw.go.jp/znk-web/juminkanja/S2430/initialize?prefCd=34&kikanCd=7345341915&kikanKbn=5", "url2": "https://www.sogo-pharmacy.jp/shop/view/404", "内容": "そうごう薬局　フジグラン広島店【5:薬局】広島県広島市中区宝町２番１号　フジグラン広島４階" }, "geometry": { "type": "Point", "coordinates": [ 132.464346, 34.385428 ] } },
{ "type": "Feature", "properties": { "ID": 3457345341917, "正式名称": "ファーマシィ薬局　こうぬ", "機関区分": 5, "都道府県コード": 34, "市区町村コード": 209, "所在地": "広島県三次市甲奴町本郷６３６－１１", "緯度": 34.704821, "経度": 133.082224, "url": "https://www.iryou.teikyouseido.mhlw.go.jp/znk-web/juminkanja/S2430/initialize?prefCd=34&kikanCd=7345341917&kikanKbn=5", "url2": "https://www.pharmacy-net.co.jp", "内容": "ファーマシィ薬局　こうぬ【5:薬局】広島県三次市甲奴町本郷６３６－１１" }, "geometry": { "type": "Point", "coordinates": [ 133.082224, 34.704821 ] } },
{ "type": "Feature", "properties": { "ID": 3457345341918, "正式名称": "温品キララ薬局", "機関区分": 5, "都道府県コード": 34, "市区町村コード": 102, "所在地": "広島県広島市東区温品七丁目１２番２１号", "緯度": 34.413259, "経度": 132.509396, "url": "https://www.iryou.teikyouseido.mhlw.go.jp/znk-web/juminkanja/S2430/initialize?prefCd=34&kikanCd=7345341918&kikanKbn=5", "url2": "https://www.nexus-g.jp/", "内容": "温品キララ薬局【5:薬局】広島県広島市東区温品七丁目１２番２１号" }, "geometry": { "type": "Point", "coordinates": [ 132.509396, 34.413259 ] } },
{ "type": "Feature", "properties": { "ID": 3457345341919, "正式名称": "あすなろ薬局", "機関区分": 5, "都道府県コード": 34, "市区町村コード": 203, "所在地": "広島県竹原市中央二丁目１４－８", "緯度": 34.343496, "経度": 132.911144, "url": "https://www.iryou.teikyouseido.mhlw.go.jp/znk-web/juminkanja/S2430/initialize?prefCd=34&kikanCd=7345341919&kikanKbn=5", "url2": null, "内容": "あすなろ薬局【5:薬局】広島県竹原市中央二丁目１４－８" }, "geometry": { "type": "Point", "coordinates": [ 132.911144, 34.343496 ] } },
{ "type": "Feature", "properties": { "ID": 3457345341920, "正式名称": "あおぞら薬局　広公園店", "機関区分": 5, "都道府県コード": 34, "市区町村コード": 202, "所在地": "広島県呉市広駅前１丁目４番６４号", "緯度": 34.231003, "経度": 132.6272, "url": "https://www.iryou.teikyouseido.mhlw.go.jp/znk-web/juminkanja/S2430/initialize?prefCd=34&kikanCd=7345341920&kikanKbn=5", "url2": "https://www.rising-hiroshima.com/", "内容": "あおぞら薬局　広公園店【5:薬局】広島県呉市広駅前１丁目４番６４号" }, "geometry": { "type": "Point", "coordinates": [ 132.6272, 34.231003 ] } },
{ "type": "Feature", "properties": { "ID": 3457345341921, "正式名称": "ウォンツ薬局　古江駅前店", "機関区分": 5, "都道府県コード": 34, "市区町村コード": 104, "所在地": "広島県広島市西区庚午中二丁目１９番２０号", "緯度": 34.386205, "経度": 132.411572, "url": "https://www.iryou.teikyouseido.mhlw.go.jp/znk-web/juminkanja/S2430/initialize?prefCd=34&kikanCd=7345341921&kikanKbn=5", "url2": "https://www.wants.co.jp/", "内容": "ウォンツ薬局　古江駅前店【5:薬局】広島県広島市西区庚午中二丁目１９番２０号" }, "geometry": { "type": "Point", "coordinates": [ 132.411572, 34.386205 ] } },
{ "type": "Feature", "properties": { "ID": 3457345341922, "正式名称": "にこぴん薬局手城町店", "機関区分": 5, "都道府県コード": 34, "市区町村コード": 207, "所在地": "広島県福山市手城町二丁目１番１６号", "緯度": 34.487878, "経度": 133.388209, "url": "https://www.iryou.teikyouseido.mhlw.go.jp/znk-web/juminkanja/S2430/initialize?prefCd=34&kikanCd=7345341922&kikanKbn=5", "url2": "http://www.nikopin.com/teshirotyoutennhtml.html", "内容": "にこぴん薬局手城町店【5:薬局】広島県福山市手城町二丁目１番１６号" }, "geometry": { "type": "Point", "coordinates": [ 133.388209, 34.487878 ] } },
{ "type": "Feature", "properties": { "ID": 3457345341926, "正式名称": "オリーブ薬局　西御所店", "機関区分": 5, "都道府県コード": 34, "市区町村コード": 205, "所在地": "広島県尾道市西御所町２－１６", "緯度": 34.403661, "経度": 133.190118, "url": "https://www.iryou.teikyouseido.mhlw.go.jp/znk-web/juminkanja/S2430/initialize?prefCd=34&kikanCd=7345341926&kikanKbn=5", "url2": "http://www.ssmile.co.jp", "内容": "オリーブ薬局　西御所店【5:薬局】広島県尾道市西御所町２－１６" }, "geometry": { "type": "Point", "coordinates": [ 133.190118, 34.403661 ] } },
{ "type": "Feature", "properties": { "ID": 3457345341927, "正式名称": "ありす薬局　土堂店", "機関区分": 5, "都道府県コード": 34, "市区町村コード": 205, "所在地": "広島県尾道市土堂１丁目１－１２", "緯度": 34.406098, "経度": 133.196162, "url": "https://www.iryou.teikyouseido.mhlw.go.jp/znk-web/juminkanja/S2430/initialize?prefCd=34&kikanCd=7345341927&kikanKbn=5", "url2": "http://tower-medical.jp", "内容": "ありす薬局　土堂店【5:薬局】広島県尾道市土堂１丁目１－１２" }, "geometry": { "type": "Point", "coordinates": [ 133.196162, 34.406098 ] } },
{ "type": "Feature", "properties": { "ID": 3457345341930, "正式名称": "とも水呑薬局", "機関区分": 5, "都道府県コード": 34, "市区町村コード": 207, "所在地": "広島県福山市水呑町三新田２丁目１番地", "緯度": 34.447191, "経度": 133.388175, "url": "https://www.iryou.teikyouseido.mhlw.go.jp/znk-web/juminkanja/S2430/initialize?prefCd=34&kikanCd=7345341930&kikanKbn=5", "url2": null, "内容": "とも水呑薬局【5:薬局】広島県福山市水呑町三新田２丁目１番地" }, "geometry": { "type": "Point", "coordinates": [ 133.388175, 34.447191 ] } },
{ "type": "Feature", "properties": { "ID": 3457345341933, "正式名称": "アイリス薬局", "機関区分": 5, "都道府県コード": 34, "市区町村コード": 205, "所在地": "広島県尾道市長江一丁目２３－７", "緯度": 34.413327, "経度": 133.20045, "url": "https://www.iryou.teikyouseido.mhlw.go.jp/znk-web/juminkanja/S2430/initialize?prefCd=34&kikanCd=7345341933&kikanKbn=5", "url2": "https://www.onomichi-medicine.jp/airisu", "内容": "アイリス薬局【5:薬局】広島県尾道市長江一丁目２３－７" }, "geometry": { "type": "Point", "coordinates": [ 133.20045, 34.413327 ] } },
{ "type": "Feature", "properties": { "ID": 3457345341934, "正式名称": "薬局ドラッグス　ソウ　フレスタ波出石店", "機関区分": 5, "都道府県コード": 34, "市区町村コード": 108, "所在地": "広島県広島市佐伯区五日市中央七丁目１６番２６号", "緯度": 34.382621, "経度": 132.356049, "url": "https://www.iryou.teikyouseido.mhlw.go.jp/znk-web/juminkanja/S2430/initialize?prefCd=34&kikanCd=7345341934&kikanKbn=5", "url2": "https://maps.app.goo.gl/Q8RKbDXdF4YL15XJ6?g_st=ic", "内容": "薬局ドラッグス　ソウ　フレスタ波出石店【5:薬局】広島県広島市佐伯区五日市中央七丁目１６番２６号" }, "geometry": { "type": "Point", "coordinates": [ 132.356049, 34.382621 ] } },
{ "type": "Feature", "properties": { "ID": 3457345341936, "正式名称": "日本調剤　広大前薬局", "機関区分": 5, "都道府県コード": 34, "市区町村コード": 103, "所在地": "広島県広島市南区出汐一丁目５番１５号　１階", "緯度": 34.380095, "経度": 132.476678, "url": "https://www.iryou.teikyouseido.mhlw.go.jp/znk-web/juminkanja/S2430/initialize?prefCd=34&kikanCd=7345341936&kikanKbn=5", "url2": "http://www.nicho.co.jp/tenpo/hirodaimae/", "内容": "日本調剤　広大前薬局【5:薬局】広島県広島市南区出汐一丁目５番１５号　１階" }, "geometry": { "type": "Point", "coordinates": [ 132.476678, 34.380095 ] } },
{ "type": "Feature", "properties": { "ID": 3457345341938, "正式名称": "ウォンツ薬局　光町２号店", "機関区分": 5, "都道府県コード": 34, "市区町村コード": 102, "所在地": "広島県広島市東区光町１丁目９番２８号", "緯度": 34.399954, "経度": 132.479566, "url": "https://www.iryou.teikyouseido.mhlw.go.jp/znk-web/juminkanja/S2430/initialize?prefCd=34&kikanCd=7345341938&kikanKbn=5", "url2": "https://wants.co.jp/", "内容": "ウォンツ薬局　光町２号店【5:薬局】広島県広島市東区光町１丁目９番２８号" }, "geometry": { "type": "Point", "coordinates": [ 132.479566, 34.399954 ] } },
{ "type": "Feature", "properties": { "ID": 3457345341940, "正式名称": "キララ薬局　五日市北口店", "機関区分": 5, "都道府県コード": 34, "市区町村コード": 108, "所在地": "広島県広島市佐伯区五日市駅前一丁目１１番５号", "緯度": 34.367039, "経度": 132.367299, "url": "https://www.iryou.teikyouseido.mhlw.go.jp/znk-web/juminkanja/S2430/initialize?prefCd=34&kikanCd=7345341940&kikanKbn=5", "url2": "https://www.nexus-g.jp", "内容": "キララ薬局　五日市北口店【5:薬局】広島県広島市佐伯区五日市駅前一丁目１１番５号" }, "geometry": { "type": "Point", "coordinates": [ 132.367299, 34.367039 ] } },
{ "type": "Feature", "properties": { "ID": 3457345341942, "正式名称": "よつば薬局", "機関区分": 5, "都道府県コード": 34, "市区町村コード": 302, "所在地": "広島県安芸郡府中町大通二丁目１０番１０号", "緯度": 34.390845, "経度": 132.503536, "url": "https://www.iryou.teikyouseido.mhlw.go.jp/znk-web/juminkanja/S2430/initialize?prefCd=34&kikanCd=7345341942&kikanKbn=5", "url2": null, "内容": "よつば薬局【5:薬局】広島県安芸郡府中町大通二丁目１０番１０号" }, "geometry": { "type": "Point", "coordinates": [ 132.503536, 34.390845 ] } },
{ "type": "Feature", "properties": { "ID": 3457345341943, "正式名称": "ハロー薬局", "機関区分": 5, "都道府県コード": 34, "市区町村コード": 207, "所在地": "広島県福山市船町３番３号", "緯度": 34.486961, "経度": 133.368377, "url": "https://www.iryou.teikyouseido.mhlw.go.jp/znk-web/juminkanja/S2430/initialize?prefCd=34&kikanCd=7345341943&kikanKbn=5", "url2": "http://hello-yakkyoku.hp.gogo.jp/pc/", "内容": "ハロー薬局【5:薬局】広島県福山市船町３番３号" }, "geometry": { "type": "Point", "coordinates": [ 133.368377, 34.486961 ] } },
{ "type": "Feature", "properties": { "ID": 3457345341946, "正式名称": "ペリカン薬局", "機関区分": 5, "都道府県コード": 34, "市区町村コード": 105, "所在地": "広島県広島市安佐南区上安二丁目２０番４０号１階", "緯度": 34.47564, "経度": 132.445454, "url": "https://www.iryou.teikyouseido.mhlw.go.jp/znk-web/juminkanja/S2430/initialize?prefCd=34&kikanCd=7345341946&kikanKbn=5", "url2": "https://keirakusha.main.jp/wordpress/", "内容": "ペリカン薬局【5:薬局】広島県広島市安佐南区上安二丁目２０番４０号１階" }, "geometry": { "type": "Point", "coordinates": [ 132.445454, 34.47564 ] } },
{ "type": "Feature", "properties": { "ID": 3457345341948, "正式名称": "あおぞら薬局　広中町店", "機関区分": 5, "都道府県コード": 34, "市区町村コード": 202, "所在地": "広島県呉市広中町１１番１７号　エスペランス広中町１Ｆ", "緯度": 34.230253, "経度": 132.624395, "url": "https://www.iryou.teikyouseido.mhlw.go.jp/znk-web/juminkanja/S2430/initialize?prefCd=34&kikanCd=7345341948&kikanKbn=5", "url2": null, "内容": "あおぞら薬局　広中町店【5:薬局】広島県呉市広中町１１番１７号　エスペランス広中町１Ｆ" }, "geometry": { "type": "Point", "coordinates": [ 132.624395, 34.230253 ] } },
{ "type": "Feature", "properties": { "ID": 3457345341949, "正式名称": "ウォンツ　宇品東薬局", "機関区分": 5, "都道府県コード": 34, "市区町村コード": 103, "所在地": "広島県広島市南区宇品東二丁目３番１８号", "緯度": 34.365347, "経度": 132.470124, "url": "https://www.iryou.teikyouseido.mhlw.go.jp/znk-web/juminkanja/S2430/initialize?prefCd=34&kikanCd=7345341949&kikanKbn=5", "url2": "https://www.wants.co.jp/", "内容": "ウォンツ　宇品東薬局【5:薬局】広島県広島市南区宇品東二丁目３番１８号" }, "geometry": { "type": "Point", "coordinates": [ 132.470124, 34.365347 ] } },
{ "type": "Feature", "properties": { "ID": 3457345341951, "正式名称": "ウォンツ　三次東薬局", "機関区分": 5, "都道府県コード": 34, "市区町村コード": 209, "所在地": "広島県三次市南畑敷町３３０－１", "緯度": 34.805529, "経度": 132.875681, "url": "https://www.iryou.teikyouseido.mhlw.go.jp/znk-web/juminkanja/S2430/initialize?prefCd=34&kikanCd=7345341951&kikanKbn=5", "url2": "https://www.wants.co.jp/", "内容": "ウォンツ　三次東薬局【5:薬局】広島県三次市南畑敷町３３０－１" }, "geometry": { "type": "Point", "coordinates": [ 132.875681, 34.805529 ] } },
{ "type": "Feature", "properties": { "ID": 3457345341952, "正式名称": "コスモス薬局　宝町店", "機関区分": 5, "都道府県コード": 34, "市区町村コード": 101, "所在地": "広島県広島市中区宝町４番７号　笹尾ビル１階", "緯度": 34.385983, "経度": 132.463429, "url": "https://www.iryou.teikyouseido.mhlw.go.jp/znk-web/juminkanja/S2430/initialize?prefCd=34&kikanCd=7345341952&kikanKbn=5", "url2": "http://www.reliance-cosmos.co.jp/", "内容": "コスモス薬局　宝町店【5:薬局】広島県広島市中区宝町４番７号　笹尾ビル１階" }, "geometry": { "type": "Point", "coordinates": [ 132.463429, 34.385983 ] } },
{ "type": "Feature", "properties": { "ID": 3457345341953, "正式名称": "イオン薬局　みゆき店", "機関区分": 5, "都道府県コード": 34, "市区町村コード": 103, "所在地": "広島県広島市南区宇品御幸一丁目９番１２号", "緯度": 34.368874, "経度": 132.464319, "url": "https://www.iryou.teikyouseido.mhlw.go.jp/znk-web/juminkanja/S2430/initialize?prefCd=34&kikanCd=7345341953&kikanKbn=5", "url2": null, "内容": "イオン薬局　みゆき店【5:薬局】広島県広島市南区宇品御幸一丁目９番１２号" }, "geometry": { "type": "Point", "coordinates": [ 132.464319, 34.368874 ] } },
{ "type": "Feature", "properties": { "ID": 3457345341954, "正式名称": "ふの薬局", "機関区分": 5, "都道府県コード": 34, "市区町村コード": 209, "所在地": "広島県三次市布野町上布野字小原１４９１－２", "緯度": 34.883567, "経度": 132.782047, "url": "https://www.iryou.teikyouseido.mhlw.go.jp/znk-web/juminkanja/S2430/initialize?prefCd=34&kikanCd=7345341954&kikanKbn=5", "url2": "http://nogata-medical.com", "内容": "ふの薬局【5:薬局】広島県三次市布野町上布野字小原１４９１－２" }, "geometry": { "type": "Point", "coordinates": [ 132.782047, 34.883567 ] } },
{ "type": "Feature", "properties": { "ID": 3457345341955, "正式名称": "ピーチ薬局　鉄砲町店", "機関区分": 5, "都道府県コード": 34, "市区町村コード": 101, "所在地": "広島県広島市中区鉄砲町３番１８号", "緯度": 34.396959, "経度": 132.465557, "url": "https://www.iryou.teikyouseido.mhlw.go.jp/znk-web/juminkanja/S2430/initialize?prefCd=34&kikanCd=7345341955&kikanKbn=5", "url2": null, "内容": "ピーチ薬局　鉄砲町店【5:薬局】広島県広島市中区鉄砲町３番１８号" }, "geometry": { "type": "Point", "coordinates": [ 132.465557, 34.396959 ] } },
{ "type": "Feature", "properties": { "ID": 3457345341957, "正式名称": "あわや薬局", "機関区分": 5, "都道府県コード": 34, "市区町村コード": 209, "所在地": "広島県三次市粟屋町１７３１番地", "緯度": 34.810306, "経度": 132.836795, "url": "https://www.iryou.teikyouseido.mhlw.go.jp/znk-web/juminkanja/S2430/initialize?prefCd=34&kikanCd=7345341957&kikanKbn=5", "url2": "http://www.mikk-ligar.jp/", "内容": "あわや薬局【5:薬局】広島県三次市粟屋町１７３１番地" }, "geometry": { "type": "Point", "coordinates": [ 132.836795, 34.810306 ] } },
{ "type": "Feature", "properties": { "ID": 3457345341962, "正式名称": "ドレミファ薬局", "機関区分": 5, "都道府県コード": 34, "市区町村コード": 205, "所在地": "広島県尾道市栗原町１１４８２－１", "緯度": 34.435352, "経度": 133.190616, "url": "https://www.iryou.teikyouseido.mhlw.go.jp/znk-web/juminkanja/S2430/initialize?prefCd=34&kikanCd=7345341962&kikanKbn=5", "url2": null, "内容": "ドレミファ薬局【5:薬局】広島県尾道市栗原町１１４８２－１" }, "geometry": { "type": "Point", "coordinates": [ 133.190616, 34.435352 ] } },
{ "type": "Feature", "properties": { "ID": 3457345341963, "正式名称": "コストコホールセール広島倉庫店薬局", "機関区分": 5, "都道府県コード": 34, "市区町村コード": 103, "所在地": "広島県広島市南区南蟹屋二丁目３番４号", "緯度": 34.39115, "経度": 132.486343, "url": "https://www.iryou.teikyouseido.mhlw.go.jp/znk-web/juminkanja/S2430/initialize?prefCd=34&kikanCd=7345341963&kikanKbn=5", "url2": "https://phm.costco.co.jp", "内容": "コストコホールセール広島倉庫店薬局【5:薬局】広島県広島市南区南蟹屋二丁目３番４号" }, "geometry": { "type": "Point", "coordinates": [ 132.486343, 34.39115 ] } },
{ "type": "Feature", "properties": { "ID": 3457345341965, "正式名称": "みのり薬局", "機関区分": 5, "都道府県コード": 34, "市区町村コード": 209, "所在地": "広島県三次市江田川之内町１３６８－３", "緯度": 34.777783, "経度": 132.907902, "url": "https://www.iryou.teikyouseido.mhlw.go.jp/znk-web/juminkanja/S2430/initialize?prefCd=34&kikanCd=7345341965&kikanKbn=5", "url2": null, "内容": "みのり薬局【5:薬局】広島県三次市江田川之内町１３６８－３" }, "geometry": { "type": "Point", "coordinates": [ 132.907902, 34.777783 ] } },
{ "type": "Feature", "properties": { "ID": 3457345341966, "正式名称": "府中うさぎ薬局", "機関区分": 5, "都道府県コード": 34, "市区町村コード": 302, "所在地": "広島県安芸郡府中町石井城二丁目１０－２８サンハイツ府中１０１", "緯度": 34.400387, "経度": 132.508101, "url": "https://www.iryou.teikyouseido.mhlw.go.jp/znk-web/juminkanja/S2430/initialize?prefCd=34&kikanCd=7345341966&kikanKbn=5", "url2": null, "内容": "府中うさぎ薬局【5:薬局】広島県安芸郡府中町石井城二丁目１０－２８サンハイツ府中１０１" }, "geometry": { "type": "Point", "coordinates": [ 132.508101, 34.400387 ] } },
{ "type": "Feature", "properties": { "ID": 3457345341967, "正式名称": "そうごう薬局　御薗宇店", "機関区分": 5, "都道府県コード": 34, "市区町村コード": 212, "所在地": "広島県東広島市西条町御薗宇６０３５　コンチェルト御薗宇１階", "緯度": 34.416569, "経度": 132.754264, "url": "https://www.iryou.teikyouseido.mhlw.go.jp/znk-web/juminkanja/S2430/initialize?prefCd=34&kikanCd=7345341967&kikanKbn=5", "url2": "http://www.sogo-medical.co.jp/sogopharmacy/shop/view/463", "内容": "そうごう薬局　御薗宇店【5:薬局】広島県東広島市西条町御薗宇６０３５　コンチェルト御薗宇１階" }, "geometry": { "type": "Point", "coordinates": [ 132.754264, 34.416569 ] } },
{ "type": "Feature", "properties": { "ID": 3457345341968, "正式名称": "サン薬局", "機関区分": 5, "都道府県コード": 34, "市区町村コード": 212, "所在地": "広島県東広島市西条町西条東山崎１２８１番３", "緯度": 34.425617, "経度": 132.738279, "url": "https://www.iryou.teikyouseido.mhlw.go.jp/znk-web/juminkanja/S2430/initialize?prefCd=34&kikanCd=7345341968&kikanKbn=5", "url2": "http://www.sun-yakkyoku.com/", "内容": "サン薬局【5:薬局】広島県東広島市西条町西条東山崎１２８１番３" }, "geometry": { "type": "Point", "coordinates": [ 132.738279, 34.425617 ] } },
{ "type": "Feature", "properties": { "ID": 3457345341969, "正式名称": "うさぎ薬局", "機関区分": 5, "都道府県コード": 34, "市区町村コード": 103, "所在地": "広島県広島市南区宇品御幸二丁目５番７号", "緯度": 34.366486, "経度": 132.462526, "url": "https://www.iryou.teikyouseido.mhlw.go.jp/znk-web/juminkanja/S2430/initialize?prefCd=34&kikanCd=7345341969&kikanKbn=5", "url2": null, "内容": "うさぎ薬局【5:薬局】広島県広島市南区宇品御幸二丁目５番７号" }, "geometry": { "type": "Point", "coordinates": [ 132.462526, 34.366486 ] } },
{ "type": "Feature", "properties": { "ID": 3457345341970, "正式名称": "ファーマシィ薬局みのみ", "機関区分": 5, "都道府県コード": 34, "市区町村コード": 207, "所在地": "広島県福山市水呑町１９５７番地２", "緯度": 34.446937, "経度": 133.380433, "url": "https://www.iryou.teikyouseido.mhlw.go.jp/znk-web/juminkanja/S2430/initialize?prefCd=34&kikanCd=7345341970&kikanKbn=5", "url2": "https://www.pharmacy-net.co.jp", "内容": "ファーマシィ薬局みのみ【5:薬局】広島県福山市水呑町１９５７番地２" }, "geometry": { "type": "Point", "coordinates": [ 133.380433, 34.446937 ] } },
{ "type": "Feature", "properties": { "ID": 3457345341971, "正式名称": "ホーム薬局　中山店", "機関区分": 5, "都道府県コード": 34, "市区町村コード": 102, "所在地": "広島県広島市東区中山東二丁目２番１－１号", "緯度": 34.410148, "経度": 132.50398, "url": "https://www.iryou.teikyouseido.mhlw.go.jp/znk-web/juminkanja/S2430/initialize?prefCd=34&kikanCd=7345341971&kikanKbn=5", "url2": "https://homeyakkyoku-nakayama.jimdosite.com/", "内容": "ホーム薬局　中山店【5:薬局】広島県広島市東区中山東二丁目２番１－１号" }, "geometry": { "type": "Point", "coordinates": [ 132.50398, 34.410148 ] } },
{ "type": "Feature", "properties": { "ID": 3457345341975, "正式名称": "平川漢方薬局", "機関区分": 5, "都道府県コード": 34, "市区町村コード": 104, "所在地": "広島県広島市西区南観音７丁目１０番１７号", "緯度": 34.379698, "経度": 132.429344, "url": "https://www.iryou.teikyouseido.mhlw.go.jp/znk-web/juminkanja/S2430/initialize?prefCd=34&kikanCd=7345341975&kikanKbn=5", "url2": null, "内容": "平川漢方薬局【5:薬局】広島県広島市西区南観音７丁目１０番１７号" }, "geometry": { "type": "Point", "coordinates": [ 132.429344, 34.379698 ] } },
{ "type": "Feature", "properties": { "ID": 3457345341978, "正式名称": "ウォンツ大野薬局", "機関区分": 5, "都道府県コード": 34, "市区町村コード": 213, "所在地": "広島県廿日市市大野中央５－１－４５", "緯度": 34.291018, "経度": 132.273644, "url": "https://www.iryou.teikyouseido.mhlw.go.jp/znk-web/juminkanja/S2430/initialize?prefCd=34&kikanCd=7345341978&kikanKbn=5", "url2": "https://wants.co.jp/", "内容": "ウォンツ大野薬局【5:薬局】広島県廿日市市大野中央５－１－４５" }, "geometry": { "type": "Point", "coordinates": [ 132.273644, 34.291018 ] } },
{ "type": "Feature", "properties": { "ID": 3457345341979, "正式名称": "沼田スマイル薬局", "機関区分": 5, "都道府県コード": 34, "市区町村コード": 105, "所在地": "広島県広島市安佐南区伴中央４丁目７番８号", "緯度": 34.45785, "経度": 132.404824, "url": "https://www.iryou.teikyouseido.mhlw.go.jp/znk-web/juminkanja/S2430/initialize?prefCd=34&kikanCd=7345341979&kikanKbn=5", "url2": "http://smile-pharmacy.jp/main/shop_all/numata/", "内容": "沼田スマイル薬局【5:薬局】広島県広島市安佐南区伴中央４丁目７番８号" }, "geometry": { "type": "Point", "coordinates": [ 132.404824, 34.45785 ] } },
{ "type": "Feature", "properties": { "ID": 3457345341980, "正式名称": "美土里コスモ薬局", "機関区分": 5, "都道府県コード": 34, "市区町村コード": 214, "所在地": "広島県安芸高田市美土里町本郷１７８１－８", "緯度": 34.727172, "経度": 132.627898, "url": "https://www.iryou.teikyouseido.mhlw.go.jp/znk-web/juminkanja/S2430/initialize?prefCd=34&kikanCd=7345341980&kikanKbn=5", "url2": "http://www.nexus-g.jp/business/medical/pharmacy-midoricosmo/", "内容": "美土里コスモ薬局【5:薬局】広島県安芸高田市美土里町本郷１７８１－８" }, "geometry": { "type": "Point", "coordinates": [ 132.627898, 34.727172 ] } },
{ "type": "Feature", "properties": { "ID": 3457345341981, "正式名称": "オール薬局　向洋店", "機関区分": 5, "都道府県コード": 34, "市区町村コード": 302, "所在地": "広島県安芸郡府中町青崎中２４－２６", "緯度": 34.377513, "経度": 132.50662, "url": "https://www.iryou.teikyouseido.mhlw.go.jp/znk-web/juminkanja/S2430/initialize?prefCd=34&kikanCd=7345341981&kikanKbn=5", "url2": "http://www.my-life.jp", "内容": "オール薬局　向洋店【5:薬局】広島県安芸郡府中町青崎中２４－２６" }, "geometry": { "type": "Point", "coordinates": [ 132.50662, 34.377513 ] } },
{ "type": "Feature", "properties": { "ID": 3457345341982, "正式名称": "ザグザグ薬局松永店", "機関区分": 5, "都道府県コード": 34, "市区町村コード": 207, "所在地": "広島県福山市今津町三丁目８番６０号", "緯度": 34.452061, "経度": 133.254644, "url": "https://www.iryou.teikyouseido.mhlw.go.jp/znk-web/juminkanja/S2430/initialize?prefCd=34&kikanCd=7345341982&kikanKbn=5", "url2": "http://www.zagzag.co.jp/", "内容": "ザグザグ薬局松永店【5:薬局】広島県福山市今津町三丁目８番６０号" }, "geometry": { "type": "Point", "coordinates": [ 133.254644, 34.452061 ] } },
{ "type": "Feature", "properties": { "ID": 3457345341983, "正式名称": "こころ薬局", "機関区分": 5, "都道府県コード": 34, "市区町村コード": 207, "所在地": "広島県福山市沖野上町三丁目６番２７号", "緯度": 34.471685, "経度": 133.373072, "url": "https://www.iryou.teikyouseido.mhlw.go.jp/znk-web/juminkanja/S2430/initialize?prefCd=34&kikanCd=7345341983&kikanKbn=5", "url2": "http://www.ssmile.co.jp/", "内容": "こころ薬局【5:薬局】広島県福山市沖野上町三丁目６番２７号" }, "geometry": { "type": "Point", "coordinates": [ 133.373072, 34.471685 ] } },
{ "type": "Feature", "properties": { "ID": 3457345341984, "正式名称": "ひので薬局高須店", "機関区分": 5, "都道府県コード": 34, "市区町村コード": 205, "所在地": "広島県尾道市高須町４８０３－１２", "緯度": 34.435226, "経度": 133.23754, "url": "https://www.iryou.teikyouseido.mhlw.go.jp/znk-web/juminkanja/S2430/initialize?prefCd=34&kikanCd=7345341984&kikanKbn=5", "url2": "http://tower-medical.jp/", "内容": "ひので薬局高須店【5:薬局】広島県尾道市高須町４８０３－１２" }, "geometry": { "type": "Point", "coordinates": [ 133.23754, 34.435226 ] } },
{ "type": "Feature", "properties": { "ID": 3457345341985, "正式名称": "コスモス薬局　福富店", "機関区分": 5, "都道府県コード": 34, "市区町村コード": 212, "所在地": "広島県東広島市福富町久芳１５３９－２７", "緯度": 34.534695, "経度": 132.776729, "url": "https://www.iryou.teikyouseido.mhlw.go.jp/znk-web/juminkanja/S2430/initialize?prefCd=34&kikanCd=7345341985&kikanKbn=5", "url2": "http://www.reliance-cosmos.co.jp", "内容": "コスモス薬局　福富店【5:薬局】広島県東広島市福富町久芳１５３９－２７" }, "geometry": { "type": "Point", "coordinates": [ 132.776729, 34.534695 ] } },
{ "type": "Feature", "properties": { "ID": 3457345341987, "正式名称": "なかの薬局", "機関区分": 5, "都道府県コード": 34, "市区町村コード": 205, "所在地": "広島県尾道市瀬戸田町中野４０２－１", "緯度": 34.305253, "経度": 133.100713, "url": "https://www.iryou.teikyouseido.mhlw.go.jp/znk-web/juminkanja/S2430/initialize?prefCd=34&kikanCd=7345341987&kikanKbn=5", "url2": "http://www.innoshima-ph.com/", "内容": "なかの薬局【5:薬局】広島県尾道市瀬戸田町中野４０２－１" }, "geometry": { "type": "Point", "coordinates": [ 133.100713, 34.305253 ] } },
{ "type": "Feature", "properties": { "ID": 3457345341990, "正式名称": "坂中央薬局", "機関区分": 5, "都道府県コード": 34, "市区町村コード": 309, "所在地": "広島県安芸郡坂町横浜中央１－３－５", "緯度": 34.338207, "経度": 132.507673, "url": "https://www.iryou.teikyouseido.mhlw.go.jp/znk-web/juminkanja/S2430/initialize?prefCd=34&kikanCd=7345341990&kikanKbn=5", "url2": null, "内容": "坂中央薬局【5:薬局】広島県安芸郡坂町横浜中央１－３－５" }, "geometry": { "type": "Point", "coordinates": [ 132.507673, 34.338207 ] } },
{ "type": "Feature", "properties": { "ID": 3457345341991, "正式名称": "エスマイル薬局　たじめ店", "機関区分": 5, "都道府県コード": 34, "市区町村コード": 207, "所在地": "広島県福山市多治米町二丁目１５番１５号", "緯度": 34.471602, "経度": 133.379738, "url": "https://www.iryou.teikyouseido.mhlw.go.jp/znk-web/juminkanja/S2430/initialize?prefCd=34&kikanCd=7345341991&kikanKbn=5", "url2": "http://www.ssmile.co.jp/", "内容": "エスマイル薬局　たじめ店【5:薬局】広島県福山市多治米町二丁目１５番１５号" }, "geometry": { "type": "Point", "coordinates": [ 133.379738, 34.471602 ] } },
{ "type": "Feature", "properties": { "ID": 3457345341998, "正式名称": "楠木プラス薬局", "機関区分": 5, "都道府県コード": 34, "市区町村コード": 104, "所在地": "広島県広島市西区楠木町４丁目１６番１９号", "緯度": 34.414758, "経度": 132.457428, "url": "https://www.iryou.teikyouseido.mhlw.go.jp/znk-web/juminkanja/S2430/initialize?prefCd=34&kikanCd=7345341998&kikanKbn=5", "url2": "http://kusurishop.com/", "内容": "楠木プラス薬局【5:薬局】広島県広島市西区楠木町４丁目１６番１９号" }, "geometry": { "type": "Point", "coordinates": [ 132.457428, 34.414758 ] } },
{ "type": "Feature", "properties": { "ID": 3457345342001, "正式名称": "総合メディカル株式会社　そうごう薬局　近田店", "機関区分": 5, "都道府県コード": 34, "市区町村コード": 207, "所在地": "広島県福山市駅家町近田５８６番地２", "緯度": 34.544901, "経度": 133.312032, "url": "https://www.iryou.teikyouseido.mhlw.go.jp/znk-web/juminkanja/S2430/initialize?prefCd=34&kikanCd=7345342001&kikanKbn=5", "url2": "https://www.sogo-medical.co.jp/sogopharmacy/shop/view/507", "内容": "総合メディカル株式会社　そうごう薬局　近田店【5:薬局】広島県福山市駅家町近田５８６番地２" }, "geometry": { "type": "Point", "coordinates": [ 133.312032, 34.544901 ] } },
{ "type": "Feature", "properties": { "ID": 3457345342002, "正式名称": "広島駅前薬局", "機関区分": 5, "都道府県コード": 34, "市区町村コード": 103, "所在地": "広島県広島市南区松原町３番１－１１７号", "緯度": 34.395894, "経度": 132.477604, "url": "https://www.iryou.teikyouseido.mhlw.go.jp/znk-web/juminkanja/S2430/initialize?prefCd=34&kikanCd=7345342002&kikanKbn=5", "url2": null, "内容": "広島駅前薬局【5:薬局】広島県広島市南区松原町３番１－１１７号" }, "geometry": { "type": "Point", "coordinates": [ 132.477604, 34.395894 ] } },
{ "type": "Feature", "properties": { "ID": 3457345342003, "正式名称": "ぶどう薬局", "機関区分": 5, "都道府県コード": 34, "市区町村コード": 105, "所在地": "広島県広島市安佐南区西原八丁目３３番３号", "緯度": 34.443283, "経度": 132.474259, "url": "https://www.iryou.teikyouseido.mhlw.go.jp/znk-web/juminkanja/S2430/initialize?prefCd=34&kikanCd=7345342003&kikanKbn=5", "url2": null, "内容": "ぶどう薬局【5:薬局】広島県広島市安佐南区西原八丁目３３番３号" }, "geometry": { "type": "Point", "coordinates": [ 132.474259, 34.443283 ] } },
{ "type": "Feature", "properties": { "ID": 3457345342004, "正式名称": "株式会社　エンコー薬局", "機関区分": 5, "都道府県コード": 34, "市区町村コード": 103, "所在地": "広島県広島市南区松原町３番１－１１８号", "緯度": 34.395894, "経度": 132.477604, "url": "https://www.iryou.teikyouseido.mhlw.go.jp/znk-web/juminkanja/S2430/initialize?prefCd=34&kikanCd=7345342004&kikanKbn=5", "url2": "http://www.nh-group.biz/", "内容": "株式会社　エンコー薬局【5:薬局】広島県広島市南区松原町３番１－１１８号" }, "geometry": { "type": "Point", "coordinates": [ 132.477604, 34.395894 ] } },
{ "type": "Feature", "properties": { "ID": 3457345342005, "正式名称": "安芸ふれあい薬局", "機関区分": 5, "都道府県コード": 34, "市区町村コード": 107, "所在地": "広島県広島市安芸区中野東五丁目１番７号１階", "緯度": 34.401653, "経度": 132.582414, "url": "https://www.iryou.teikyouseido.mhlw.go.jp/znk-web/juminkanja/S2430/initialize?prefCd=34&kikanCd=7345342005&kikanKbn=5", "url2": "https://www.nexus-g.jp", "内容": "安芸ふれあい薬局【5:薬局】広島県広島市安芸区中野東五丁目１番７号１階" }, "geometry": { "type": "Point", "coordinates": [ 132.582414, 34.401653 ] } },
{ "type": "Feature", "properties": { "ID": 3457345342007, "正式名称": "エスマイル薬局こうげん店", "機関区分": 5, "都道府県コード": 34, "市区町村コード": 462, "所在地": "広島県世羅郡世羅町寺町１５５７－２", "緯度": 34.586676, "経度": 133.038503, "url": "https://www.iryou.teikyouseido.mhlw.go.jp/znk-web/juminkanja/S2430/initialize?prefCd=34&kikanCd=7345342007&kikanKbn=5", "url2": "http://www.ssmile.co.jp/", "内容": "エスマイル薬局こうげん店【5:薬局】広島県世羅郡世羅町寺町１５５７－２" }, "geometry": { "type": "Point", "coordinates": [ 133.038503, 34.586676 ] } },
{ "type": "Feature", "properties": { "ID": 3457345342008, "正式名称": "コスモス薬局　向島店", "機関区分": 5, "都道府県コード": 34, "市区町村コード": 205, "所在地": "広島県尾道市向島町５４３７－１", "緯度": 34.395579, "経度": 133.200367, "url": "https://www.iryou.teikyouseido.mhlw.go.jp/znk-web/juminkanja/S2430/initialize?prefCd=34&kikanCd=7345342008&kikanKbn=5", "url2": "http://www.reliance-cosmos.co.jp/", "内容": "コスモス薬局　向島店【5:薬局】広島県尾道市向島町５４３７－１" }, "geometry": { "type": "Point", "coordinates": [ 133.200367, 34.395579 ] } },
{ "type": "Feature", "properties": { "ID": 3457345342009, "正式名称": "コスモ薬局桐陽台店", "機関区分": 5, "都道府県コード": 34, "市区町村コード": 106, "所在地": "広島県広島市安佐北区三入東一丁目３０番２３号", "緯度": 34.53483, "経度": 132.54161, "url": "https://www.iryou.teikyouseido.mhlw.go.jp/znk-web/juminkanja/S2430/initialize?prefCd=34&kikanCd=7345342009&kikanKbn=5", "url2": "http://www.nexus-g.jp/business/medical/pharmacy-cosmotouyoudai/", "内容": "コスモ薬局桐陽台店【5:薬局】広島県広島市安佐北区三入東一丁目３０番２３号" }, "geometry": { "type": "Point", "coordinates": [ 132.54161, 34.53483 ] } },
{ "type": "Feature", "properties": { "ID": 3457345342010, "正式名称": "共創未来　府中薬局", "機関区分": 5, "都道府県コード": 34, "市区町村コード": 208, "所在地": "広島県府中市鵜飼町５５５－１２", "緯度": 34.568966, "経度": 133.248198, "url": "https://www.iryou.teikyouseido.mhlw.go.jp/znk-web/juminkanja/S2430/initialize?prefCd=34&kikanCd=7345342010&kikanKbn=5", "url2": "http://www.phmirai.co.jp/shops/detail.php?id=352", "内容": "共創未来　府中薬局【5:薬局】広島県府中市鵜飼町５５５－１２" }, "geometry": { "type": "Point", "coordinates": [ 133.248198, 34.568966 ] } },
{ "type": "Feature", "properties": { "ID": 3457345342013, "正式名称": "はるな薬局", "機関区分": 5, "都道府県コード": 34, "市区町村コード": 212, "所在地": "広島県東広島市八本松町原６７７４－１", "緯度": 34.418414, "経度": 132.696084, "url": "https://www.iryou.teikyouseido.mhlw.go.jp/znk-web/juminkanja/S2430/initialize?prefCd=34&kikanCd=7345342013&kikanKbn=5", "url2": "https://www.kusurinomadoguchi.com/hiroshima/s119056", "内容": "はるな薬局【5:薬局】広島県東広島市八本松町原６７７４－１" }, "geometry": { "type": "Point", "coordinates": [ 132.696084, 34.418414 ] } },
{ "type": "Feature", "properties": { "ID": 3457345342014, "正式名称": "チェリー薬局", "機関区分": 5, "都道府県コード": 34, "市区町村コード": 108, "所在地": "広島県広島市佐伯区利松一丁目８番５３号", "緯度": 34.395889, "経度": 132.36204, "url": "https://www.iryou.teikyouseido.mhlw.go.jp/znk-web/juminkanja/S2430/initialize?prefCd=34&kikanCd=7345342014&kikanKbn=5", "url2": null, "内容": "チェリー薬局【5:薬局】広島県広島市佐伯区利松一丁目８番５３号" }, "geometry": { "type": "Point", "coordinates": [ 132.36204, 34.395889 ] } },
{ "type": "Feature", "properties": { "ID": 3457345342016, "正式名称": "つばさ薬局", "機関区分": 5, "都道府県コード": 34, "市区町村コード": 102, "所在地": "広島県広島市東区東蟹屋町１０番２２号", "緯度": 34.395386, "経度": 132.483265, "url": "https://www.iryou.teikyouseido.mhlw.go.jp/znk-web/juminkanja/S2430/initialize?prefCd=34&kikanCd=7345342016&kikanKbn=5", "url2": null, "内容": "つばさ薬局【5:薬局】広島県広島市東区東蟹屋町１０番２２号" }, "geometry": { "type": "Point", "coordinates": [ 132.483265, 34.395386 ] } },
{ "type": "Feature", "properties": { "ID": 3457345342017, "正式名称": "キララ薬局　吉田店", "機関区分": 5, "都道府県コード": 34, "市区町村コード": 214, "所在地": "広島県安芸高田市吉田町常友２８８－１", "緯度": 34.654572, "経度": 132.683101, "url": "https://www.iryou.teikyouseido.mhlw.go.jp/znk-web/juminkanja/S2430/initialize?prefCd=34&kikanCd=7345342017&kikanKbn=5", "url2": "https://www.nexus-g.jp/business/medical/pharmacy-kirarayoshida/", "内容": "キララ薬局　吉田店【5:薬局】広島県安芸高田市吉田町常友２８８－１" }, "geometry": { "type": "Point", "coordinates": [ 132.683101, 34.654572 ] } },
{ "type": "Feature", "properties": { "ID": 3457345342018, "正式名称": "そうごう薬局　御薗宇中央店", "機関区分": 5, "都道府県コード": 34, "市区町村コード": 212, "所在地": "広島県東広島市西条町御薗宇７１４番地５２", "緯度": 34.400671, "経度": 132.753797, "url": "https://www.iryou.teikyouseido.mhlw.go.jp/znk-web/juminkanja/S2430/initialize?prefCd=34&kikanCd=7345342018&kikanKbn=5", "url2": "https://www.sogo-pharmacy.jp/shop/view/519", "内容": "そうごう薬局　御薗宇中央店【5:薬局】広島県東広島市西条町御薗宇７１４番地５２" }, "geometry": { "type": "Point", "coordinates": [ 132.753797, 34.400671 ] } },
{ "type": "Feature", "properties": { "ID": 3457345342019, "正式名称": "祇園プラス薬局", "機関区分": 5, "都道府県コード": 34, "市区町村コード": 105, "所在地": "広島県広島市安佐南区祇園三丁目１２番１２－１号", "緯度": 34.439315, "経度": 132.460773, "url": "https://www.iryou.teikyouseido.mhlw.go.jp/znk-web/juminkanja/S2430/initialize?prefCd=34&kikanCd=7345342019&kikanKbn=5", "url2": "http://www.kusurishop.com/", "内容": "祇園プラス薬局【5:薬局】広島県広島市安佐南区祇園三丁目１２番１２－１号" }, "geometry": { "type": "Point", "coordinates": [ 132.460773, 34.439315 ] } },
{ "type": "Feature", "properties": { "ID": 3457345342021, "正式名称": "なかがわ薬局　舟入店", "機関区分": 5, "都道府県コード": 34, "市区町村コード": 101, "所在地": "広島県広島市中区舟入川口町４番１６号　１階", "緯度": 34.382456, "経度": 132.441625, "url": "https://www.iryou.teikyouseido.mhlw.go.jp/znk-web/juminkanja/S2430/initialize?prefCd=34&kikanCd=7345342021&kikanKbn=5", "url2": "http://ggwh.jp", "内容": "なかがわ薬局　舟入店【5:薬局】広島県広島市中区舟入川口町４番１６号　１階" }, "geometry": { "type": "Point", "coordinates": [ 132.441625, 34.382456 ] } },
{ "type": "Feature", "properties": { "ID": 3457345342022, "正式名称": "快生薬局", "機関区分": 5, "都道府県コード": 34, "市区町村コード": 101, "所在地": "広島県広島市中区鉄砲町７番２９号　さかえビル", "緯度": 34.395102, "経度": 132.465159, "url": "https://www.iryou.teikyouseido.mhlw.go.jp/znk-web/juminkanja/S2430/initialize?prefCd=34&kikanCd=7345342022&kikanKbn=5", "url2": null, "内容": "快生薬局【5:薬局】広島県広島市中区鉄砲町７番２９号　さかえビル" }, "geometry": { "type": "Point", "coordinates": [ 132.465159, 34.395102 ] } },
{ "type": "Feature", "properties": { "ID": 3457345342025, "正式名称": "つつじ薬局", "機関区分": 5, "都道府県コード": 34, "市区町村コード": 102, "所在地": "広島県広島市東区東蟹屋町７番３２号　山長ビル１Ｆ", "緯度": 34.395672, "経度": 132.480573, "url": "https://www.iryou.teikyouseido.mhlw.go.jp/znk-web/juminkanja/S2430/initialize?prefCd=34&kikanCd=7345342025&kikanKbn=5", "url2": null, "内容": "つつじ薬局【5:薬局】広島県広島市東区東蟹屋町７番３２号　山長ビル１Ｆ" }, "geometry": { "type": "Point", "coordinates": [ 132.480573, 34.395672 ] } },
{ "type": "Feature", "properties": { "ID": 3457345342026, "正式名称": "紀美薬局", "機関区分": 5, "都道府県コード": 34, "市区町村コード": 102, "所在地": "広島県広島市東区温品６－３－１８", "緯度": 34.418362, "経度": 132.509601, "url": "https://www.iryou.teikyouseido.mhlw.go.jp/znk-web/juminkanja/S2430/initialize?prefCd=34&kikanCd=7345342026&kikanKbn=5", "url2": null, "内容": "紀美薬局【5:薬局】広島県広島市東区温品６－３－１８" }, "geometry": { "type": "Point", "coordinates": [ 132.509601, 34.418362 ] } },
{ "type": "Feature", "properties": { "ID": 3457345342027, "正式名称": "東城もみじ薬局", "機関区分": 5, "都道府県コード": 34, "市区町村コード": 210, "所在地": "広島県庄原市東城町東城３６２－２", "緯度": 34.897861, "経度": 133.27209, "url": "https://www.iryou.teikyouseido.mhlw.go.jp/znk-web/juminkanja/S2430/initialize?prefCd=34&kikanCd=7345342027&kikanKbn=5", "url2": null, "内容": "東城もみじ薬局【5:薬局】広島県庄原市東城町東城３６２－２" }, "geometry": { "type": "Point", "coordinates": [ 133.27209, 34.897861 ] } },
{ "type": "Feature", "properties": { "ID": 3457345342029, "正式名称": "さくらんぼ薬局　伊勢丘店", "機関区分": 5, "都道府県コード": 34, "市区町村コード": 207, "所在地": "広島県福山市伊勢丘五丁目１－２３", "緯度": 34.504698, "経度": 133.422268, "url": "https://www.iryou.teikyouseido.mhlw.go.jp/znk-web/juminkanja/S2430/initialize?prefCd=34&kikanCd=7345342029&kikanKbn=5", "url2": "http://www.sakurams.co.jp", "内容": "さくらんぼ薬局　伊勢丘店【5:薬局】広島県福山市伊勢丘五丁目１－２３" }, "geometry": { "type": "Point", "coordinates": [ 133.422268, 34.504698 ] } },
{ "type": "Feature", "properties": { "ID": 3457345342031, "正式名称": "オール薬局　白島店", "機関区分": 5, "都道府県コード": 34, "市区町村コード": 101, "所在地": "広島県広島市中区西白島町２０番１５号", "緯度": 34.405979, "経度": 132.459356, "url": "https://www.iryou.teikyouseido.mhlw.go.jp/znk-web/juminkanja/S2430/initialize?prefCd=34&kikanCd=7345342031&kikanKbn=5", "url2": "http://www.my-life.jp", "内容": "オール薬局　白島店【5:薬局】広島県広島市中区西白島町２０番１５号" }, "geometry": { "type": "Point", "coordinates": [ 132.459356, 34.405979 ] } },
{ "type": "Feature", "properties": { "ID": 3457345342032, "正式名称": "ププレひまわり薬局　尾道中央店", "機関区分": 5, "都道府県コード": 34, "市区町村コード": 205, "所在地": "広島県尾道市栗原西一丁目４－１６", "緯度": 34.407276, "経度": 133.187656, "url": "https://www.iryou.teikyouseido.mhlw.go.jp/znk-web/juminkanja/S2430/initialize?prefCd=34&kikanCd=7345342032&kikanKbn=5", "url2": "http://himawarinews.com/store/%e5%b0%be%e9%81%93%e4%b8%ad%e5%a4%ae%e5%ba%97/", "内容": "ププレひまわり薬局　尾道中央店【5:薬局】広島県尾道市栗原西一丁目４－１６" }, "geometry": { "type": "Point", "coordinates": [ 133.187656, 34.407276 ] } },
{ "type": "Feature", "properties": { "ID": 3457345342033, "正式名称": "あおぞら薬局　大竹晴海店", "機関区分": 5, "都道府県コード": 34, "市区町村コード": 211, "所在地": "広島県大竹市晴海一丁目４－１３", "緯度": 34.24001, "経度": 132.223186, "url": "https://www.iryou.teikyouseido.mhlw.go.jp/znk-web/juminkanja/S2430/initialize?prefCd=34&kikanCd=7345342033&kikanKbn=5", "url2": null, "内容": "あおぞら薬局　大竹晴海店【5:薬局】広島県大竹市晴海一丁目４－１３" }, "geometry": { "type": "Point", "coordinates": [ 132.223186, 34.24001 ] } },
{ "type": "Feature", "properties": { "ID": 3457345342035, "正式名称": "ウォンツ福山駅家薬局", "機関区分": 5, "都道府県コード": 34, "市区町村コード": 207, "所在地": "広島県福山市駅家町万能倉１２４６－２", "緯度": 34.54447, "経度": 133.328975, "url": "https://www.iryou.teikyouseido.mhlw.go.jp/znk-web/juminkanja/S2430/initialize?prefCd=34&kikanCd=7345342035&kikanKbn=5", "url2": "https://www.wants.co.jp/", "内容": "ウォンツ福山駅家薬局【5:薬局】広島県福山市駅家町万能倉１２４６－２" }, "geometry": { "type": "Point", "coordinates": [ 133.328975, 34.54447 ] } },
{ "type": "Feature", "properties": { "ID": 3457345342037, "正式名称": "ココカラファイン薬局　安佐市民病院店", "機関区分": 5, "都道府県コード": 34, "市区町村コード": 106, "所在地": "広島県広島市安佐北区亀山南一丁目２番１号", "緯度": 34.516297, "経度": 132.497923, "url": "https://www.iryou.teikyouseido.mhlw.go.jp/znk-web/juminkanja/S2430/initialize?prefCd=34&kikanCd=7345342037&kikanKbn=5", "url2": "https://www.matsukiyococokara-online.com/map?kid=20002697", "内容": "ココカラファイン薬局　安佐市民病院店【5:薬局】広島県広島市安佐北区亀山南一丁目２番１号" }, "geometry": { "type": "Point", "coordinates": [ 132.497923, 34.516297 ] } },
{ "type": "Feature", "properties": { "ID": 3457345342038, "正式名称": "ウォンツ己斐本町薬局", "機関区分": 5, "都道府県コード": 34, "市区町村コード": 104, "所在地": "広島県広島市西区己斐本町二丁目１３番２４号", "緯度": 34.393176, "経度": 132.425237, "url": "https://www.iryou.teikyouseido.mhlw.go.jp/znk-web/juminkanja/S2430/initialize?prefCd=34&kikanCd=7345342038&kikanKbn=5", "url2": "https://www.wants.co.jp/", "内容": "ウォンツ己斐本町薬局【5:薬局】広島県広島市西区己斐本町二丁目１３番２４号" }, "geometry": { "type": "Point", "coordinates": [ 132.425237, 34.393176 ] } },
{ "type": "Feature", "properties": { "ID": 3457345342040, "正式名称": "ライフしみず薬局", "機関区分": 5, "都道府県コード": 34, "市区町村コード": 108, "所在地": "広島県広島市佐伯区楽々園四丁目５番２号", "緯度": 34.363398, "経度": 132.351899, "url": "https://www.iryou.teikyouseido.mhlw.go.jp/znk-web/juminkanja/S2430/initialize?prefCd=34&kikanCd=7345342040&kikanKbn=5", "url2": "http://www.drug-shimizu.com/", "内容": "ライフしみず薬局【5:薬局】広島県広島市佐伯区楽々園四丁目５番２号" }, "geometry": { "type": "Point", "coordinates": [ 132.351899, 34.363398 ] } },
{ "type": "Feature", "properties": { "ID": 3457345342041, "正式名称": "佐藤薬局", "機関区分": 5, "都道府県コード": 34, "市区町村コード": 204, "所在地": "広島県三原市宗郷一丁目３－１８", "緯度": 34.385904, "経度": 133.065573, "url": "https://www.iryou.teikyouseido.mhlw.go.jp/znk-web/juminkanja/S2430/initialize?prefCd=34&kikanCd=7345342041&kikanKbn=5", "url2": null, "内容": "佐藤薬局【5:薬局】広島県三原市宗郷一丁目３－１８" }, "geometry": { "type": "Point", "coordinates": [ 133.065573, 34.385904 ] } },
{ "type": "Feature", "properties": { "ID": 3457345342042, "正式名称": "エスマイル薬局　呉本町店", "機関区分": 5, "都道府県コード": 34, "市区町村コード": 202, "所在地": "広島県呉市本町９番８号", "緯度": 34.247516, "経度": 132.570737, "url": "https://www.iryou.teikyouseido.mhlw.go.jp/znk-web/juminkanja/S2430/initialize?prefCd=34&kikanCd=7345342042&kikanKbn=5", "url2": "https://www.ssmile.co.jp/", "内容": "エスマイル薬局　呉本町店【5:薬局】広島県呉市本町９番８号" }, "geometry": { "type": "Point", "coordinates": [ 132.570737, 34.247516 ] } },
{ "type": "Feature", "properties": { "ID": 3457345342043, "正式名称": "ソルベ薬局", "機関区分": 5, "都道府県コード": 34, "市区町村コード": 202, "所在地": "広島県呉市広大新開１丁目２番３号ウエスチピアマンション１０２", "緯度": 34.230841, "経度": 132.624392, "url": "https://www.iryou.teikyouseido.mhlw.go.jp/znk-web/juminkanja/S2430/initialize?prefCd=34&kikanCd=7345342043&kikanKbn=5", "url2": "https://www.sorube-pharmacy.com", "内容": "ソルベ薬局【5:薬局】広島県呉市広大新開１丁目２番３号ウエスチピアマンション１０２" }, "geometry": { "type": "Point", "coordinates": [ 132.624392, 34.230841 ] } },
{ "type": "Feature", "properties": { "ID": 3457345342044, "正式名称": "キララ薬局　船越店", "機関区分": 5, "都道府県コード": 34, "市区町村コード": 107, "所在地": "広島県広島市安芸区船越南二丁目１番１０号", "緯度": 34.372653, "経度": 132.52469, "url": "https://www.iryou.teikyouseido.mhlw.go.jp/znk-web/juminkanja/S2430/initialize?prefCd=34&kikanCd=7345342044&kikanKbn=5", "url2": "https://www.nexus-g.jp/", "内容": "キララ薬局　船越店【5:薬局】広島県広島市安芸区船越南二丁目１番１０号" }, "geometry": { "type": "Point", "coordinates": [ 132.52469, 34.372653 ] } },
{ "type": "Feature", "properties": { "ID": 3457345342045, "正式名称": "ウォンツ　段原薬局", "機関区分": 5, "都道府県コード": 34, "市区町村コード": 103, "所在地": "広島県広島市南区段原南一丁目１番２１号", "緯度": 34.385506, "経度": 132.476819, "url": "https://www.iryou.teikyouseido.mhlw.go.jp/znk-web/juminkanja/S2430/initialize?prefCd=34&kikanCd=7345342045&kikanKbn=5", "url2": "https://www.wants.co.jp/", "内容": "ウォンツ　段原薬局【5:薬局】広島県広島市南区段原南一丁目１番２１号" }, "geometry": { "type": "Point", "coordinates": [ 132.476819, 34.385506 ] } },
{ "type": "Feature", "properties": { "ID": 3457345342046, "正式名称": "ぶんぶん薬局", "機関区分": 5, "都道府県コード": 34, "市区町村コード": 103, "所在地": "広島県広島市南区出汐一丁目４番７号ＳＵＮ－ＳＨＩＮＥ長岡１階１０１号", "緯度": 34.379979, "経度": 132.469033, "url": "https://www.iryou.teikyouseido.mhlw.go.jp/znk-web/juminkanja/S2430/initialize?prefCd=34&kikanCd=7345342046&kikanKbn=5", "url2": "http://yakumeikan.com/store/hiroshima/%e3%81%b6%e3%82%93%e3%81%b6%e3%82%93%e8%96%ac%e5%b1%80/", "内容": "ぶんぶん薬局【5:薬局】広島県広島市南区出汐一丁目４番７号ＳＵＮ－ＳＨＩＮＥ長岡１階１０１号" }, "geometry": { "type": "Point", "coordinates": [ 132.469033, 34.379979 ] } },
{ "type": "Feature", "properties": { "ID": 3457345342049, "正式名称": "すみれ薬局", "機関区分": 5, "都道府県コード": 34, "市区町村コード": 204, "所在地": "広島県三原市大和町和木１５３１－５", "緯度": 34.513311, "経度": 132.920941, "url": "https://www.iryou.teikyouseido.mhlw.go.jp/znk-web/juminkanja/S2430/initialize?prefCd=34&kikanCd=7345342049&kikanKbn=5", "url2": "https://www.kusurinomadoguchi.com/hiroshima/s119061", "内容": "すみれ薬局【5:薬局】広島県三原市大和町和木１５３１－５" }, "geometry": { "type": "Point", "coordinates": [ 132.920941, 34.513311 ] } },
{ "type": "Feature", "properties": { "ID": 3457345342051, "正式名称": "株式会社　くれ本通薬局", "機関区分": 5, "都道府県コード": 34, "市区町村コード": 202, "所在地": "広島県呉市本通６丁目６番７号", "緯度": 34.250054, "経度": 132.575617, "url": "https://www.iryou.teikyouseido.mhlw.go.jp/znk-web/juminkanja/S2430/initialize?prefCd=34&kikanCd=7345342051&kikanKbn=5", "url2": "http://www.nh-group.biz", "内容": "株式会社　くれ本通薬局【5:薬局】広島県呉市本通６丁目６番７号" }, "geometry": { "type": "Point", "coordinates": [ 132.575617, 34.250054 ] } },
{ "type": "Feature", "properties": { "ID": 3457345342052, "正式名称": "薬局クオリス", "機関区分": 5, "都道府県コード": 34, "市区町村コード": 207, "所在地": "広島県福山市沼隈町常石２６３８番地５", "緯度": 34.377298, "経度": 133.322901, "url": "https://www.iryou.teikyouseido.mhlw.go.jp/znk-web/juminkanja/S2430/initialize?prefCd=34&kikanCd=7345342052&kikanKbn=5", "url2": null, "内容": "薬局クオリス【5:薬局】広島県福山市沼隈町常石２６３８番地５" }, "geometry": { "type": "Point", "coordinates": [ 133.322901, 34.377298 ] } },
{ "type": "Feature", "properties": { "ID": 3457347342050, "正式名称": "在宅支援ザグザグ薬局多治米店", "機関区分": 5, "都道府県コード": 34, "市区町村コード": 207, "所在地": "広島県福山市多治米町五丁目２３番３９号", "緯度": 34.468451, "経度": 133.370628, "url": "https://www.iryou.teikyouseido.mhlw.go.jp/znk-web/juminkanja/S2430/initialize?prefCd=34&kikanCd=7347342050&kikanKbn=5", "url2": "http://www.zagzag.co.jp/", "内容": "在宅支援ザグザグ薬局多治米店【5:薬局】広島県福山市多治米町五丁目２３番３９号" }, "geometry": { "type": "Point", "coordinates": [ 133.370628, 34.468451 ] } },
{ "type": "Feature", "properties": { "ID": 3457347342054, "正式名称": "ウォンツ　祇園薬局", "機関区分": 5, "都道府県コード": 34, "市区町村コード": 105, "所在地": "広島県広島市安佐南区祇園三丁目１５番２１号", "緯度": 34.441356, "経度": 132.459787, "url": "https://www.iryou.teikyouseido.mhlw.go.jp/znk-web/juminkanja/S2430/initialize?prefCd=34&kikanCd=7347342054&kikanKbn=5", "url2": "https://www.wants.co.jp/", "内容": "ウォンツ　祇園薬局【5:薬局】広島県広島市安佐南区祇園三丁目１５番２１号" }, "geometry": { "type": "Point", "coordinates": [ 132.459787, 34.441356 ] } },
{ "type": "Feature", "properties": { "ID": 3457347342056, "正式名称": "サンサン薬局", "機関区分": 5, "都道府県コード": 34, "市区町村コード": 107, "所在地": "広島県広島市安芸区中野七丁目２２番１０号", "緯度": 34.422317, "経度": 132.592936, "url": "https://www.iryou.teikyouseido.mhlw.go.jp/znk-web/juminkanja/S2430/initialize?prefCd=34&kikanCd=7347342056&kikanKbn=5", "url2": null, "内容": "サンサン薬局【5:薬局】広島県広島市安芸区中野七丁目２２番１０号" }, "geometry": { "type": "Point", "coordinates": [ 132.592936, 34.422317 ] } },
{ "type": "Feature", "properties": { "ID": 3457347342057, "正式名称": "ミント薬局　せせらぎ店", "機関区分": 5, "都道府県コード": 34, "市区町村コード": 105, "所在地": "広島県広島市安佐南区川内五丁目１４番２４－１０１号", "緯度": 34.469815, "経度": 132.484328, "url": "https://www.iryou.teikyouseido.mhlw.go.jp/znk-web/juminkanja/S2430/initialize?prefCd=34&kikanCd=7347342057&kikanKbn=5", "url2": "http://www.mint-pharmacy.jp", "内容": "ミント薬局　せせらぎ店【5:薬局】広島県広島市安佐南区川内五丁目１４番２４－１０１号" }, "geometry": { "type": "Point", "coordinates": [ 132.484328, 34.469815 ] } },
{ "type": "Feature", "properties": { "ID": 3457347342058, "正式名称": "マエダ方術薬局　段原南店", "機関区分": 5, "都道府県コード": 34, "市区町村コード": 103, "所在地": "広島県広島市南区段原南二丁目１２番２１号１Ｆ", "緯度": 34.383417, "経度": 132.477688, "url": "https://www.iryou.teikyouseido.mhlw.go.jp/znk-web/juminkanja/S2430/initialize?prefCd=34&kikanCd=7347342058&kikanKbn=5", "url2": "https://www.kigusuri.com/shop/detail/maeda", "内容": "マエダ方術薬局　段原南店【5:薬局】広島県広島市南区段原南二丁目１２番２１号１Ｆ" }, "geometry": { "type": "Point", "coordinates": [ 132.477688, 34.383417 ] } },
{ "type": "Feature", "properties": { "ID": 3457347342061, "正式名称": "府中どんぐり薬局", "機関区分": 5, "都道府県コード": 34, "市区町村コード": 302, "所在地": "広島県安芸郡府中町大須三丁目２－１７", "緯度": 34.39723, "経度": 132.501299, "url": "https://www.iryou.teikyouseido.mhlw.go.jp/znk-web/juminkanja/S2430/initialize?prefCd=34&kikanCd=7347342061&kikanKbn=5", "url2": "https://www.donguri-gp.com", "内容": "府中どんぐり薬局【5:薬局】広島県安芸郡府中町大須三丁目２－１７" }, "geometry": { "type": "Point", "coordinates": [ 132.501299, 34.39723 ] } },
{ "type": "Feature", "properties": { "ID": 3457347342062, "正式名称": "オール薬局　八丁堀店", "機関区分": 5, "都道府県コード": 34, "市区町村コード": 101, "所在地": "広島県広島市中区八丁堀１４番７号　１Ｆ", "緯度": 34.394605, "経度": 132.463281, "url": "https://www.iryou.teikyouseido.mhlw.go.jp/znk-web/juminkanja/S2430/initialize?prefCd=34&kikanCd=7347342062&kikanKbn=5", "url2": "http://www.my-life.jp/owl/", "内容": "オール薬局　八丁堀店【5:薬局】広島県広島市中区八丁堀１４番７号　１Ｆ" }, "geometry": { "type": "Point", "coordinates": [ 132.463281, 34.394605 ] } },
{ "type": "Feature", "properties": { "ID": 3457347342063, "正式名称": "ウォンツ薬局　日赤病院前２号店", "機関区分": 5, "都道府県コード": 34, "市区町村コード": 101, "所在地": "広島県広島市中区千田町一丁目５番６号", "緯度": 34.381098, "経度": 132.452996, "url": "https://www.iryou.teikyouseido.mhlw.go.jp/znk-web/juminkanja/S2430/initialize?prefCd=34&kikanCd=7347342063&kikanKbn=5", "url2": "https://www.wants.co.jp/", "内容": "ウォンツ薬局　日赤病院前２号店【5:薬局】広島県広島市中区千田町一丁目５番６号" }, "geometry": { "type": "Point", "coordinates": [ 132.452996, 34.381098 ] } },
{ "type": "Feature", "properties": { "ID": 3457347342064, "正式名称": "オール薬局　阿賀店", "機関区分": 5, "都道府県コード": 34, "市区町村コード": 202, "所在地": "広島県呉市阿賀中央６丁目２番１１号", "緯度": 34.236526, "経度": 132.600588, "url": "https://www.iryou.teikyouseido.mhlw.go.jp/znk-web/juminkanja/S2430/initialize?prefCd=34&kikanCd=7347342064&kikanKbn=5", "url2": "http://www.e-classa.net/owl-aga/", "内容": "オール薬局　阿賀店【5:薬局】広島県呉市阿賀中央６丁目２番１１号" }, "geometry": { "type": "Point", "coordinates": [ 132.600588, 34.236526 ] } },
{ "type": "Feature", "properties": { "ID": 3457347342065, "正式名称": "アイワ薬局", "機関区分": 5, "都道府県コード": 34, "市区町村コード": 207, "所在地": "広島県福山市加茂町中野４０３番地２３", "緯度": 34.572943, "経度": 133.345359, "url": "https://www.iryou.teikyouseido.mhlw.go.jp/znk-web/juminkanja/S2430/initialize?prefCd=34&kikanCd=7347342065&kikanKbn=5", "url2": "https://www.kusurinomadoguchi.com/hiroshima/s125003?k_ref=064&utm_source=pharmacy_HPkmbp0049&utm_medium=referral&utm_content=pharmacy_HP_list&utm_campaign=pharmacy_HP", "内容": "アイワ薬局【5:薬局】広島県福山市加茂町中野４０３番地２３" }, "geometry": { "type": "Point", "coordinates": [ 133.345359, 34.572943 ] } },
{ "type": "Feature", "properties": { "ID": 3457347342067, "正式名称": "さくらんぼ薬局　沖野上店", "機関区分": 5, "都道府県コード": 34, "市区町村コード": 207, "所在地": "広島県福山市沖野上町四丁目３番３３号", "緯度": 34.473689, "経度": 133.367932, "url": "https://www.iryou.teikyouseido.mhlw.go.jp/znk-web/juminkanja/S2430/initialize?prefCd=34&kikanCd=7347342067&kikanKbn=5", "url2": "https://sakurams.co.jp/", "内容": "さくらんぼ薬局　沖野上店【5:薬局】広島県福山市沖野上町四丁目３番３３号" }, "geometry": { "type": "Point", "coordinates": [ 133.367932, 34.473689 ] } },
{ "type": "Feature", "properties": { "ID": 3457347342068, "正式名称": "ウォンツ薬局　八丁堀交差点前", "機関区分": 5, "都道府県コード": 34, "市区町村コード": 101, "所在地": "広島県広島市中区鉄砲町１０番１３号７階", "緯度": 34.393988, "経度": 132.463961, "url": "https://www.iryou.teikyouseido.mhlw.go.jp/znk-web/juminkanja/S2430/initialize?prefCd=34&kikanCd=7347342068&kikanKbn=5", "url2": "https://www.wants.co.jp/", "内容": "ウォンツ薬局　八丁堀交差点前【5:薬局】広島県広島市中区鉄砲町１０番１３号７階" }, "geometry": { "type": "Point", "coordinates": [ 132.463961, 34.393988 ] } },
{ "type": "Feature", "properties": { "ID": 3457347342069, "正式名称": "日本調剤　呉薬局", "機関区分": 5, "都道府県コード": 34, "市区町村コード": 202, "所在地": "広島県呉市西中央３丁目２番１号", "緯度": 34.248923, "経度": 132.559369, "url": "https://www.iryou.teikyouseido.mhlw.go.jp/znk-web/juminkanja/S2430/initialize?prefCd=34&kikanCd=7347342069&kikanKbn=5", "url2": "http://www.nicho.co.jp/tenpo/kure/", "内容": "日本調剤　呉薬局【5:薬局】広島県呉市西中央３丁目２番１号" }, "geometry": { "type": "Point", "coordinates": [ 132.559369, 34.248923 ] } },
{ "type": "Feature", "properties": { "ID": 3457347342071, "正式名称": "株式会社　にじむら薬局", "機関区分": 5, "都道府県コード": 34, "市区町村コード": 202, "所在地": "広島県呉市広多賀谷１丁目３番４０号", "緯度": 34.230177, "経度": 132.614951, "url": "https://www.iryou.teikyouseido.mhlw.go.jp/znk-web/juminkanja/S2430/initialize?prefCd=34&kikanCd=7347342071&kikanKbn=5", "url2": null, "内容": "株式会社　にじむら薬局【5:薬局】広島県呉市広多賀谷１丁目３番４０号" }, "geometry": { "type": "Point", "coordinates": [ 132.614951, 34.230177 ] } },
{ "type": "Feature", "properties": { "ID": 3457347342072, "正式名称": "コスモス薬局　吉島店", "機関区分": 5, "都道府県コード": 34, "市区町村コード": 101, "所在地": "広島県広島市中区吉島新町一丁目４番１号１階", "緯度": 34.368302, "経度": 132.451499, "url": "https://www.iryou.teikyouseido.mhlw.go.jp/znk-web/juminkanja/S2430/initialize?prefCd=34&kikanCd=7347342072&kikanKbn=5", "url2": "http://www.reliance-cosmos.co.jp/", "内容": "コスモス薬局　吉島店【5:薬局】広島県広島市中区吉島新町一丁目４番１号１階" }, "geometry": { "type": "Point", "coordinates": [ 132.451499, 34.368302 ] } },
{ "type": "Feature", "properties": { "ID": 3457347342073, "正式名称": "備北スマイル薬局", "機関区分": 5, "都道府県コード": 34, "市区町村コード": 209, "所在地": "広島県三次市十日市東１丁目１１－２", "緯度": 34.805801, "経度": 132.856869, "url": "https://www.iryou.teikyouseido.mhlw.go.jp/znk-web/juminkanja/S2430/initialize?prefCd=34&kikanCd=7347342073&kikanKbn=5", "url2": "http://www.smile-pharmacy.jp", "内容": "備北スマイル薬局【5:薬局】広島県三次市十日市東１丁目１１－２" }, "geometry": { "type": "Point", "coordinates": [ 132.856869, 34.805801 ] } },
{ "type": "Feature", "properties": { "ID": 3457347342075, "正式名称": "スカイ薬局　緑井店", "機関区分": 5, "都道府県コード": 34, "市区町村コード": 105, "所在地": "広島県広島市安佐南区緑井二丁目１１番１５号", "緯度": 34.467856, "経度": 132.470385, "url": "https://www.iryou.teikyouseido.mhlw.go.jp/znk-web/juminkanja/S2430/initialize?prefCd=34&kikanCd=7347342075&kikanKbn=5", "url2": null, "内容": "スカイ薬局　緑井店【5:薬局】広島県広島市安佐南区緑井二丁目１１番１５号" }, "geometry": { "type": "Point", "coordinates": [ 132.470385, 34.467856 ] } },
{ "type": "Feature", "properties": { "ID": 3457347342076, "正式名称": "こうめ薬局", "機関区分": 5, "都道府県コード": 34, "市区町村コード": 214, "所在地": "広島県安芸高田市甲田町高田原１４７４－１", "緯度": 34.694896, "経度": 132.760057, "url": "https://www.iryou.teikyouseido.mhlw.go.jp/znk-web/juminkanja/S2430/initialize?prefCd=34&kikanCd=7347342076&kikanKbn=5", "url2": "https://nogata-medical.com/staff/kouda/", "内容": "こうめ薬局【5:薬局】広島県安芸高田市甲田町高田原１４７４－１" }, "geometry": { "type": "Point", "coordinates": [ 132.760057, 34.694896 ] } },
{ "type": "Feature", "properties": { "ID": 3457347342081, "正式名称": "そうごう薬局　藤脇店", "機関区分": 5, "都道府県コード": 34, "市区町村コード": 202, "所在地": "広島県呉市音戸町藤脇２丁目１８番８号", "緯度": 34.146902, "経度": 132.508669, "url": "https://www.iryou.teikyouseido.mhlw.go.jp/znk-web/juminkanja/S2430/initialize?prefCd=34&kikanCd=7347342081&kikanKbn=5", "url2": "https://www.sogo-pharmacy.jp/shop/view/582", "内容": "そうごう薬局　藤脇店【5:薬局】広島県呉市音戸町藤脇２丁目１８番８号" }, "geometry": { "type": "Point", "coordinates": [ 132.508669, 34.146902 ] } },
{ "type": "Feature", "properties": { "ID": 3457347342083, "正式名称": "サラダ薬局", "機関区分": 5, "都道府県コード": 34, "市区町村コード": 207, "所在地": "広島県福山市山手町二丁目３番１５号", "緯度": 34.491282, "経度": 133.332456, "url": "https://www.iryou.teikyouseido.mhlw.go.jp/znk-web/juminkanja/S2430/initialize?prefCd=34&kikanCd=7347342083&kikanKbn=5", "url2": null, "内容": "サラダ薬局【5:薬局】広島県福山市山手町二丁目３番１５号" }, "geometry": { "type": "Point", "coordinates": [ 133.332456, 34.491282 ] } },
{ "type": "Feature", "properties": { "ID": 3457347342085, "正式名称": "わかくさ薬局", "機関区分": 5, "都道府県コード": 34, "市区町村コード": 102, "所在地": "広島県広島市東区若草町１７番８号　１Ｆ", "緯度": 34.396488, "経度": 132.478907, "url": "https://www.iryou.teikyouseido.mhlw.go.jp/znk-web/juminkanja/S2430/initialize?prefCd=34&kikanCd=7347342085&kikanKbn=5", "url2": null, "内容": "わかくさ薬局【5:薬局】広島県広島市東区若草町１７番８号　１Ｆ" }, "geometry": { "type": "Point", "coordinates": [ 132.478907, 34.396488 ] } },
{ "type": "Feature", "properties": { "ID": 3457347342088, "正式名称": "サン薬局　大手町店", "機関区分": 5, "都道府県コード": 34, "市区町村コード": 101, "所在地": "広島県広島市中区大手町三丁目８－５　エイトバレー大手町　４階", "緯度": 34.387014, "経度": 132.454423, "url": "https://www.iryou.teikyouseido.mhlw.go.jp/znk-web/juminkanja/S2430/initialize?prefCd=34&kikanCd=7347342088&kikanKbn=5", "url2": "https://sunlook.jp/", "内容": "サン薬局　大手町店【5:薬局】広島県広島市中区大手町三丁目８－５　エイトバレー大手町　４階" }, "geometry": { "type": "Point", "coordinates": [ 132.454423, 34.387014 ] } },
{ "type": "Feature", "properties": { "ID": 3457347342089, "正式名称": "しんがい薬局", "機関区分": 5, "都道府県コード": 34, "市区町村コード": 203, "所在地": "広島県竹原市竹原町字下新開３５５４－６", "緯度": 34.345527, "経度": 132.90856, "url": "https://www.iryou.teikyouseido.mhlw.go.jp/znk-web/juminkanja/S2430/initialize?prefCd=34&kikanCd=7347342089&kikanKbn=5", "url2": null, "内容": "しんがい薬局【5:薬局】広島県竹原市竹原町字下新開３５５４－６" }, "geometry": { "type": "Point", "coordinates": [ 132.90856, 34.345527 ] } },
{ "type": "Feature", "properties": { "ID": 3457347342090, "正式名称": "エスマイル薬局　駅家店", "機関区分": 5, "都道府県コード": 34, "市区町村コード": 207, "所在地": "広島県福山市駅家町倉光３０６番地７", "緯度": 34.54364, "経度": 133.325825, "url": "https://www.iryou.teikyouseido.mhlw.go.jp/znk-web/juminkanja/S2430/initialize?prefCd=34&kikanCd=7347342090&kikanKbn=5", "url2": "https://www.ssmile.co.jp/", "内容": "エスマイル薬局　駅家店【5:薬局】広島県福山市駅家町倉光３０６番地７" }, "geometry": { "type": "Point", "coordinates": [ 133.325825, 34.54364 ] } },
{ "type": "Feature", "properties": { "ID": 3457347342091, "正式名称": "エスマイル薬局　府中店", "機関区分": 5, "都道府県コード": 34, "市区町村コード": 208, "所在地": "広島県府中市土生町１５７２－４", "緯度": 34.570588, "経度": 133.231507, "url": "https://www.iryou.teikyouseido.mhlw.go.jp/znk-web/juminkanja/S2430/initialize?prefCd=34&kikanCd=7347342091&kikanKbn=5", "url2": "http://www.ssmile.co.jp", "内容": "エスマイル薬局　府中店【5:薬局】広島県府中市土生町１５７２－４" }, "geometry": { "type": "Point", "coordinates": [ 133.231507, 34.570588 ] } },
{ "type": "Feature", "properties": { "ID": 3457347342092, "正式名称": "ぱんだ薬局　千田町店", "機関区分": 5, "都道府県コード": 34, "市区町村コード": 101, "所在地": "広島県広島市中区千田町一丁目３番３号　１Ｆ", "緯度": 34.382889, "経度": 132.454043, "url": "https://www.iryou.teikyouseido.mhlw.go.jp/znk-web/juminkanja/S2430/initialize?prefCd=34&kikanCd=7347342092&kikanKbn=5", "url2": null, "内容": "ぱんだ薬局　千田町店【5:薬局】広島県広島市中区千田町一丁目３番３号　１Ｆ" }, "geometry": { "type": "Point", "coordinates": [ 132.454043, 34.382889 ] } },
{ "type": "Feature", "properties": { "ID": 3457347342093, "正式名称": "ウォンツ薬局　県病院前店", "機関区分": 5, "都道府県コード": 34, "市区町村コード": 103, "所在地": "広島県広島市南区翠五丁目１７番１２号", "緯度": 34.36798, "経度": 132.466567, "url": "https://www.iryou.teikyouseido.mhlw.go.jp/znk-web/juminkanja/S2430/initialize?prefCd=34&kikanCd=7347342093&kikanKbn=5", "url2": "https://www.wants.co.jp/", "内容": "ウォンツ薬局　県病院前店【5:薬局】広島県広島市南区翠五丁目１７番１２号" }, "geometry": { "type": "Point", "coordinates": [ 132.466567, 34.36798 ] } },
{ "type": "Feature", "properties": { "ID": 3457347342094, "正式名称": "エスマイル薬局　鉄道病院前店", "機関区分": 5, "都道府県コード": 34, "市区町村コード": 102, "所在地": "広島県広島市東区光町一丁目１１番５号　１Ｆ", "緯度": 34.400157, "経度": 132.478368, "url": "https://www.iryou.teikyouseido.mhlw.go.jp/znk-web/juminkanja/S2430/initialize?prefCd=34&kikanCd=7347342094&kikanKbn=5", "url2": "http://www.ssmile.co.jp/", "内容": "エスマイル薬局　鉄道病院前店【5:薬局】広島県広島市東区光町一丁目１１番５号　１Ｆ" }, "geometry": { "type": "Point", "coordinates": [ 132.478368, 34.400157 ] } },
{ "type": "Feature", "properties": { "ID": 3457347342096, "正式名称": "げいほく薬局", "機関区分": 5, "都道府県コード": 34, "市区町村コード": 369, "所在地": "広島県山県郡北広島町荒神原２０８番地４", "緯度": 34.729028, "経度": 132.249746, "url": "https://www.iryou.teikyouseido.mhlw.go.jp/znk-web/juminkanja/S2430/initialize?prefCd=34&kikanCd=7347342096&kikanKbn=5", "url2": "https://maglacto.com/profile/index.html", "内容": "げいほく薬局【5:薬局】広島県山県郡北広島町荒神原２０８番地４" }, "geometry": { "type": "Point", "coordinates": [ 132.249746, 34.729028 ] } },
{ "type": "Feature", "properties": { "ID": 3457347342097, "正式名称": "株式会社　だりあ薬局", "機関区分": 5, "都道府県コード": 34, "市区町村コード": 207, "所在地": "広島県福山市引野町三丁目３５番１１号", "緯度": 34.49016, "経度": 133.410903, "url": "https://www.iryou.teikyouseido.mhlw.go.jp/znk-web/juminkanja/S2430/initialize?prefCd=34&kikanCd=7347342097&kikanKbn=5", "url2": null, "内容": "株式会社　だりあ薬局【5:薬局】広島県福山市引野町三丁目３５番１１号" }, "geometry": { "type": "Point", "coordinates": [ 133.410903, 34.49016 ] } },
{ "type": "Feature", "properties": { "ID": 3457347342098, "正式名称": "さくらんぼ薬局　府中店", "機関区分": 5, "都道府県コード": 34, "市区町村コード": 208, "所在地": "広島県府中市府中町７４６番地", "緯度": 34.574957, "経度": 133.229601, "url": "https://www.iryou.teikyouseido.mhlw.go.jp/znk-web/juminkanja/S2430/initialize?prefCd=34&kikanCd=7347342098&kikanKbn=5", "url2": "https://sakurams.co.jp/pharmacy", "内容": "さくらんぼ薬局　府中店【5:薬局】広島県府中市府中町７４６番地" }, "geometry": { "type": "Point", "coordinates": [ 133.229601, 34.574957 ] } },
{ "type": "Feature", "properties": { "ID": 3457347342099, "正式名称": "コスモス薬局　白島東店", "機関区分": 5, "都道府県コード": 34, "市区町村コード": 101, "所在地": "広島県広島市中区西白島町７番２号", "緯度": 34.40744, "経度": 132.461739, "url": "https://www.iryou.teikyouseido.mhlw.go.jp/znk-web/juminkanja/S2430/initialize?prefCd=34&kikanCd=7347342099&kikanKbn=5", "url2": "http://www.reliance-cosmos.co.jp/", "内容": "コスモス薬局　白島東店【5:薬局】広島県広島市中区西白島町７番２号" }, "geometry": { "type": "Point", "coordinates": [ 132.461739, 34.40744 ] } },
{ "type": "Feature", "properties": { "ID": 3457347342101, "正式名称": "相田薬局", "機関区分": 5, "都道府県コード": 34, "市区町村コード": 105, "所在地": "広島県広島市安佐南区相田一丁目１０番１５号", "緯度": 34.471125, "経度": 132.455767, "url": "https://www.iryou.teikyouseido.mhlw.go.jp/znk-web/juminkanja/S2430/initialize?prefCd=34&kikanCd=7347342101&kikanKbn=5", "url2": "http://www.e-classa.net/aita/", "内容": "相田薬局【5:薬局】広島県広島市安佐南区相田一丁目１０番１５号" }, "geometry": { "type": "Point", "coordinates": [ 132.455767, 34.471125 ] } },
{ "type": "Feature", "properties": { "ID": 3457347342102, "正式名称": "さくら薬局", "機関区分": 5, "都道府県コード": 34, "市区町村コード": 212, "所在地": "広島県東広島市西条町寺家５１３－３５", "緯度": 34.44571, "経度": 132.724505, "url": "https://www.iryou.teikyouseido.mhlw.go.jp/znk-web/juminkanja/S2430/initialize?prefCd=34&kikanCd=7347342102&kikanKbn=5", "url2": "http://zenkaidou.co.jp/original66.html", "内容": "さくら薬局【5:薬局】広島県東広島市西条町寺家５１３－３５" }, "geometry": { "type": "Point", "coordinates": [ 132.724505, 34.44571 ] } },
{ "type": "Feature", "properties": { "ID": 3457347342104, "正式名称": "コスモス薬局　白島南店", "機関区分": 5, "都道府県コード": 34, "市区町村コード": 101, "所在地": "広島県広島市中区西白島町１６番１６号　１階", "緯度": 34.406305, "経度": 132.460163, "url": "https://www.iryou.teikyouseido.mhlw.go.jp/znk-web/juminkanja/S2430/initialize?prefCd=34&kikanCd=7347342104&kikanKbn=5", "url2": "http://www.reliance-cosmos.co.jp/", "内容": "コスモス薬局　白島南店【5:薬局】広島県広島市中区西白島町１６番１６号　１階" }, "geometry": { "type": "Point", "coordinates": [ 132.460163, 34.406305 ] } },
{ "type": "Feature", "properties": { "ID": 3457347342105, "正式名称": "イヨウ薬局　忠海店", "機関区分": 5, "都道府県コード": 34, "市区町村コード": 203, "所在地": "広島県竹原市忠海中町２－２－１０", "緯度": 34.337692, "経度": 132.991147, "url": "https://www.iryou.teikyouseido.mhlw.go.jp/znk-web/juminkanja/S2430/initialize?prefCd=34&kikanCd=7347342105&kikanKbn=5", "url2": "http://www.marinegroup.jp/store_html/hiroshima_1%20.html", "内容": "イヨウ薬局　忠海店【5:薬局】広島県竹原市忠海中町２－２－１０" }, "geometry": { "type": "Point", "coordinates": [ 132.991147, 34.337692 ] } },
{ "type": "Feature", "properties": { "ID": 3457347342108, "正式名称": "くまのみ薬局", "機関区分": 5, "都道府県コード": 34, "市区町村コード": 207, "所在地": "広島県福山市御幸町森脇４２６番地８", "緯度": 34.535719, "経度": 133.34906, "url": "https://www.iryou.teikyouseido.mhlw.go.jp/znk-web/juminkanja/S2430/initialize?prefCd=34&kikanCd=7347342108&kikanKbn=5", "url2": null, "内容": "くまのみ薬局【5:薬局】広島県福山市御幸町森脇４２６番地８" }, "geometry": { "type": "Point", "coordinates": [ 133.34906, 34.535719 ] } },
{ "type": "Feature", "properties": { "ID": 3457347342116, "正式名称": "宮内タカズミ薬局", "機関区分": 5, "都道府県コード": 34, "市区町村コード": 213, "所在地": "広島県廿日市市宮内３－５－３３", "緯度": 34.348005, "経度": 132.311371, "url": "https://www.iryou.teikyouseido.mhlw.go.jp/znk-web/juminkanja/S2430/initialize?prefCd=34&kikanCd=7347342116&kikanKbn=5", "url2": "www.takazumi.co.jp", "内容": "宮内タカズミ薬局【5:薬局】広島県廿日市市宮内３－５－３３" }, "geometry": { "type": "Point", "coordinates": [ 132.311371, 34.348005 ] } },
{ "type": "Feature", "properties": { "ID": 3457347342118, "正式名称": "ウォンツ三原古浜薬局", "機関区分": 5, "都道府県コード": 34, "市区町村コード": 204, "所在地": "広島県三原市古浜一丁目４－１", "緯度": 34.397742, "経度": 133.08956, "url": "https://www.iryou.teikyouseido.mhlw.go.jp/znk-web/juminkanja/S2430/initialize?prefCd=34&kikanCd=7347342118&kikanKbn=5", "url2": "https://www.wants.co.jp", "内容": "ウォンツ三原古浜薬局【5:薬局】広島県三原市古浜一丁目４－１" }, "geometry": { "type": "Point", "coordinates": [ 133.08956, 34.397742 ] } },
{ "type": "Feature", "properties": { "ID": 3457347342121, "正式名称": "ほのぼの薬局", "機関区分": 5, "都道府県コード": 34, "市区町村コード": 207, "所在地": "広島県福山市春日町一丁目２３番２１号", "緯度": 34.508792, "経度": 133.406528, "url": "https://www.iryou.teikyouseido.mhlw.go.jp/znk-web/juminkanja/S2430/initialize?prefCd=34&kikanCd=7347342121&kikanKbn=5", "url2": null, "内容": "ほのぼの薬局【5:薬局】広島県福山市春日町一丁目２３番２１号" }, "geometry": { "type": "Point", "coordinates": [ 133.406528, 34.508792 ] } },
{ "type": "Feature", "properties": { "ID": 3457347342123, "正式名称": "みらい薬局", "機関区分": 5, "都道府県コード": 34, "市区町村コード": 104, "所在地": "広島県広島市西区南観音二丁目３番３７号", "緯度": 34.386072, "経度": 132.431249, "url": "https://www.iryou.teikyouseido.mhlw.go.jp/znk-web/juminkanja/S2430/initialize?prefCd=34&kikanCd=7347342123&kikanKbn=5", "url2": null, "内容": "みらい薬局【5:薬局】広島県広島市西区南観音二丁目３番３７号" }, "geometry": { "type": "Point", "coordinates": [ 132.431249, 34.386072 ] } },
{ "type": "Feature", "properties": { "ID": 3457347342124, "正式名称": "吉岡薬局", "機関区分": 5, "都道府県コード": 34, "市区町村コード": 207, "所在地": "広島県福山市三吉町南一丁目８番４号", "緯度": 34.490452, "経度": 133.377565, "url": "https://www.iryou.teikyouseido.mhlw.go.jp/znk-web/juminkanja/S2430/initialize?prefCd=34&kikanCd=7347342124&kikanKbn=5", "url2": null, "内容": "吉岡薬局【5:薬局】広島県福山市三吉町南一丁目８番４号" }, "geometry": { "type": "Point", "coordinates": [ 133.377565, 34.490452 ] } },
{ "type": "Feature", "properties": { "ID": 3457347342125, "正式名称": "かんなべ薬局", "機関区分": 5, "都道府県コード": 34, "市区町村コード": 207, "所在地": "広島県福山市神辺町川南１０４５番地４", "緯度": 34.535709, "経度": 133.379421, "url": "https://www.iryou.teikyouseido.mhlw.go.jp/znk-web/juminkanja/S2430/initialize?prefCd=34&kikanCd=7347342125&kikanKbn=5", "url2": "http://innosima-ph.jp/", "内容": "かんなべ薬局【5:薬局】広島県福山市神辺町川南１０４５番地４" }, "geometry": { "type": "Point", "coordinates": [ 133.379421, 34.535709 ] } },
{ "type": "Feature", "properties": { "ID": 3457347342128, "正式名称": "オール薬局　新広店", "機関区分": 5, "都道府県コード": 34, "市区町村コード": 202, "所在地": "広島県呉市広古新開７丁目２３－９", "緯度": 34.240948, "経度": 132.619328, "url": "https://www.iryou.teikyouseido.mhlw.go.jp/znk-web/juminkanja/S2430/initialize?prefCd=34&kikanCd=7347342128&kikanKbn=5", "url2": "https://www.e-classa.net/owl-shinhiro/index.html", "内容": "オール薬局　新広店【5:薬局】広島県呉市広古新開７丁目２３－９" }, "geometry": { "type": "Point", "coordinates": [ 132.619328, 34.240948 ] } },
{ "type": "Feature", "properties": { "ID": 3457347342130, "正式名称": "そうごう薬局　幕山中央店", "機関区分": 5, "都道府県コード": 34, "市区町村コード": 207, "所在地": "広島県福山市幕山台一丁目１番１号", "緯度": 34.511261, "経度": 133.429204, "url": "https://www.iryou.teikyouseido.mhlw.go.jp/znk-web/juminkanja/S2430/initialize?prefCd=34&kikanCd=7347342130&kikanKbn=5", "url2": "http://www.sogo-medical.co.jp/sogopharmacy/shop/search?word=%E5%B9%95%E5%B1%B1%E4%B8%AD%E5%A4%AE%E5%BA%97", "内容": "そうごう薬局　幕山中央店【5:薬局】広島県福山市幕山台一丁目１番１号" }, "geometry": { "type": "Point", "coordinates": [ 133.429204, 34.511261 ] } },
{ "type": "Feature", "properties": { "ID": 3457347342131, "正式名称": "中央薬局", "機関区分": 5, "都道府県コード": 34, "市区町村コード": 208, "所在地": "広島県府中市鵜飼町５５５－３３", "緯度": 34.569033, "経度": 133.248653, "url": "https://www.iryou.teikyouseido.mhlw.go.jp/znk-web/juminkanja/S2430/initialize?prefCd=34&kikanCd=7347342131&kikanKbn=5", "url2": "http://www.sogo-medical.co.jp", "内容": "中央薬局【5:薬局】広島県府中市鵜飼町５５５－３３" }, "geometry": { "type": "Point", "coordinates": [ 133.248653, 34.569033 ] } },
{ "type": "Feature", "properties": { "ID": 3457347342132, "正式名称": "中央薬局　府川店", "機関区分": 5, "都道府県コード": 34, "市区町村コード": 208, "所在地": "広島県府中市府川町１７２", "緯度": 34.569024, "経度": 133.237809, "url": "https://www.iryou.teikyouseido.mhlw.go.jp/znk-web/juminkanja/S2430/initialize?prefCd=34&kikanCd=7347342132&kikanKbn=5", "url2": "https://www.sogo-medical.co.jp/sogopharmacy/", "内容": "中央薬局　府川店【5:薬局】広島県府中市府川町１７２" }, "geometry": { "type": "Point", "coordinates": [ 133.237809, 34.569024 ] } },
{ "type": "Feature", "properties": { "ID": 3457347342133, "正式名称": "あい薬局", "機関区分": 5, "都道府県コード": 34, "市区町村コード": 212, "所在地": "広島県東広島市八本松南二丁目４－１４", "緯度": 34.440459, "経度": 132.696389, "url": "https://www.iryou.teikyouseido.mhlw.go.jp/znk-web/juminkanja/S2430/initialize?prefCd=34&kikanCd=7347342133&kikanKbn=5", "url2": "https://www.kusurinomadoguchi.com/hiroshima/s119054", "内容": "あい薬局【5:薬局】広島県東広島市八本松南二丁目４－１４" }, "geometry": { "type": "Point", "coordinates": [ 132.696389, 34.440459 ] } },
{ "type": "Feature", "properties": { "ID": 3457347342134, "正式名称": "串戸ゆい薬局", "機関区分": 5, "都道府県コード": 34, "市区町村コード": 213, "所在地": "広島県廿日市市串戸４－２－１６－２", "緯度": 34.351124, "経度": 132.323881, "url": "https://www.iryou.teikyouseido.mhlw.go.jp/znk-web/juminkanja/S2430/initialize?prefCd=34&kikanCd=7347342134&kikanKbn=5", "url2": "http://yuushin.cc/shop/kushido/", "内容": "串戸ゆい薬局【5:薬局】広島県廿日市市串戸４－２－１６－２" }, "geometry": { "type": "Point", "coordinates": [ 132.323881, 34.351124 ] } },
{ "type": "Feature", "properties": { "ID": 3457347342135, "正式名称": "うみい薬局", "機関区分": 5, "都道府県コード": 34, "市区町村コード": 211, "所在地": "広島県大竹市本町二丁目９－２２", "緯度": 34.207797, "経度": 132.216725, "url": "https://www.iryou.teikyouseido.mhlw.go.jp/znk-web/juminkanja/S2430/initialize?prefCd=34&kikanCd=7347342135&kikanKbn=5", "url2": null, "内容": "うみい薬局【5:薬局】広島県大竹市本町二丁目９－２２" }, "geometry": { "type": "Point", "coordinates": [ 132.216725, 34.207797 ] } },
{ "type": "Feature", "properties": { "ID": 3457347342137, "正式名称": "入川橋薬局", "機関区分": 5, "都道府県コード": 34, "市区町村コード": 302, "所在地": "広島県安芸郡府中町宮の町１－６－１３", "緯度": 34.392559, "経度": 132.506935, "url": "https://www.iryou.teikyouseido.mhlw.go.jp/znk-web/juminkanja/S2430/initialize?prefCd=34&kikanCd=7347342137&kikanKbn=5", "url2": "http://hiroshima-chouzai.com/", "内容": "入川橋薬局【5:薬局】広島県安芸郡府中町宮の町１－６－１３" }, "geometry": { "type": "Point", "coordinates": [ 132.506935, 34.392559 ] } },
{ "type": "Feature", "properties": { "ID": 3457347342139, "正式名称": "栗原本通薬局", "機関区分": 5, "都道府県コード": 34, "市区町村コード": 205, "所在地": "広島県尾道市栗原東二丁目１－２８", "緯度": 34.41472, "経度": 133.18854, "url": "https://www.iryou.teikyouseido.mhlw.go.jp/znk-web/juminkanja/S2430/initialize?prefCd=34&kikanCd=7347342139&kikanKbn=5", "url2": null, "内容": "栗原本通薬局【5:薬局】広島県尾道市栗原東二丁目１－２８" }, "geometry": { "type": "Point", "coordinates": [ 133.18854, 34.41472 ] } },
{ "type": "Feature", "properties": { "ID": 3457347342144, "正式名称": "ウォンツ井口明神薬局", "機関区分": 5, "都道府県コード": 34, "市区町村コード": 104, "所在地": "広島県広島市西区井口明神一丁目１番１０号", "緯度": 34.374523, "経度": 132.391404, "url": "https://www.iryou.teikyouseido.mhlw.go.jp/znk-web/juminkanja/S2430/initialize?prefCd=34&kikanCd=7347342144&kikanKbn=5", "url2": "https://www.wants.co.jp/", "内容": "ウォンツ井口明神薬局【5:薬局】広島県広島市西区井口明神一丁目１番１０号" }, "geometry": { "type": "Point", "coordinates": [ 132.391404, 34.374523 ] } },
{ "type": "Feature", "properties": { "ID": 3457347342145, "正式名称": "すずらん薬局　上安店", "機関区分": 5, "都道府県コード": 34, "市区町村コード": 105, "所在地": "広島県広島市安佐南区上安二丁目２９番１１号", "緯度": 34.475841, "経度": 132.443846, "url": "https://www.iryou.teikyouseido.mhlw.go.jp/znk-web/juminkanja/S2430/initialize?prefCd=34&kikanCd=7347342145&kikanKbn=5", "url2": "https://www.horon-suzuran.com/tenpo-detail#ttl-kamiyasuten", "内容": "すずらん薬局　上安店【5:薬局】広島県広島市安佐南区上安二丁目２９番１１号" }, "geometry": { "type": "Point", "coordinates": [ 132.443846, 34.475841 ] } },
{ "type": "Feature", "properties": { "ID": 3457347342146, "正式名称": "すずらん薬局　舟入本町店", "機関区分": 5, "都道府県コード": 34, "市区町村コード": 101, "所在地": "広島県広島市中区舟入本町７番１６号", "緯度": 34.386345, "経度": 132.440912, "url": "https://www.iryou.teikyouseido.mhlw.go.jp/znk-web/juminkanja/S2430/initialize?prefCd=34&kikanCd=7347342146&kikanKbn=5", "url2": "https://www.horon-suzuran.com/tenpo-detail#ttl-hunairihonmatiten", "内容": "すずらん薬局　舟入本町店【5:薬局】広島県広島市中区舟入本町７番１６号" }, "geometry": { "type": "Point", "coordinates": [ 132.440912, 34.386345 ] } },
{ "type": "Feature", "properties": { "ID": 3457347342150, "正式名称": "ミント薬局　舟入店", "機関区分": 5, "都道府県コード": 34, "市区町村コード": 101, "所在地": "広島県広島市中区舟入本町１３番２２号　１Ｆ", "緯度": 34.385222, "経度": 132.441943, "url": "https://www.iryou.teikyouseido.mhlw.go.jp/znk-web/juminkanja/S2430/initialize?prefCd=34&kikanCd=7347342150&kikanKbn=5", "url2": "http://www.mint-pharmacy.jp", "内容": "ミント薬局　舟入店【5:薬局】広島県広島市中区舟入本町１３番２２号　１Ｆ" }, "geometry": { "type": "Point", "coordinates": [ 132.441943, 34.385222 ] } },
{ "type": "Feature", "properties": { "ID": 3457347342152, "正式名称": "青葉薬局", "機関区分": 5, "都道府県コード": 34, "市区町村コード": 104, "所在地": "広島県広島市西区井口台二丁目２２番４号", "緯度": 34.377681, "経度": 132.3787, "url": "https://www.iryou.teikyouseido.mhlw.go.jp/znk-web/juminkanja/S2430/initialize?prefCd=34&kikanCd=7347342152&kikanKbn=5", "url2": null, "内容": "青葉薬局【5:薬局】広島県広島市西区井口台二丁目２２番４号" }, "geometry": { "type": "Point", "coordinates": [ 132.3787, 34.377681 ] } },
{ "type": "Feature", "properties": { "ID": 3457347342155, "正式名称": "ファーマシィ薬局府中", "機関区分": 5, "都道府県コード": 34, "市区町村コード": 208, "所在地": "広島県府中市鵜飼町５５５－３８", "緯度": 34.569147, "経度": 133.248734, "url": "https://www.iryou.teikyouseido.mhlw.go.jp/znk-web/juminkanja/S2430/initialize?prefCd=34&kikanCd=7347342155&kikanKbn=5", "url2": "http://www.pharmacy-net.co.jp", "内容": "ファーマシィ薬局府中【5:薬局】広島県府中市鵜飼町５５５－３８" }, "geometry": { "type": "Point", "coordinates": [ 133.248734, 34.569147 ] } },
{ "type": "Feature", "properties": { "ID": 3457347342156, "正式名称": "スマイル薬局　板橋店", "機関区分": 5, "都道府県コード": 34, "市区町村コード": 210, "所在地": "広島県庄原市板橋町１９０－６", "緯度": 34.84802, "経度": 133.020422, "url": "https://www.iryou.teikyouseido.mhlw.go.jp/znk-web/juminkanja/S2430/initialize?prefCd=34&kikanCd=7347342156&kikanKbn=5", "url2": "http://smile-pharmacy.jp/index.html", "内容": "スマイル薬局　板橋店【5:薬局】広島県庄原市板橋町１９０－６" }, "geometry": { "type": "Point", "coordinates": [ 133.020422, 34.84802 ] } },
{ "type": "Feature", "properties": { "ID": 3457347342157, "正式名称": "東深津薬局", "機関区分": 5, "都道府県コード": 34, "市区町村コード": 207, "所在地": "広島県福山市東深津町２丁目７番４７号", "緯度": 34.494958, "経度": 133.390687, "url": "https://www.iryou.teikyouseido.mhlw.go.jp/znk-web/juminkanja/S2430/initialize?prefCd=34&kikanCd=7347342157&kikanKbn=5", "url2": null, "内容": "東深津薬局【5:薬局】広島県福山市東深津町２丁目７番４７号" }, "geometry": { "type": "Point", "coordinates": [ 133.390687, 34.494958 ] } },
{ "type": "Feature", "properties": { "ID": 3457347342161, "正式名称": "ププレひまわり薬局　御幸店", "機関区分": 5, "都道府県コード": 34, "市区町村コード": 207, "所在地": "広島県福山市御幸町下岩成３３８番地", "緯度": 34.540907, "経度": 133.348416, "url": "https://www.iryou.teikyouseido.mhlw.go.jp/znk-web/juminkanja/S2430/initialize?prefCd=34&kikanCd=7347342161&kikanKbn=5", "url2": "https://epark.jp/shopinfo/ksr35715/", "内容": "ププレひまわり薬局　御幸店【5:薬局】広島県福山市御幸町下岩成３３８番地" }, "geometry": { "type": "Point", "coordinates": [ 133.348416, 34.540907 ] } },
{ "type": "Feature", "properties": { "ID": 3457347342162, "正式名称": "みなが薬局", "機関区分": 5, "都道府県コード": 34, "市区町村コード": 108, "所在地": "広島県広島市佐伯区皆賀二丁目２番２３号", "緯度": 34.37467, "経度": 132.367398, "url": "https://www.iryou.teikyouseido.mhlw.go.jp/znk-web/juminkanja/S2430/initialize?prefCd=34&kikanCd=7347342162&kikanKbn=5", "url2": null, "内容": "みなが薬局【5:薬局】広島県広島市佐伯区皆賀二丁目２番２３号" }, "geometry": { "type": "Point", "coordinates": [ 132.367398, 34.37467 ] } },
{ "type": "Feature", "properties": { "ID": 3457347342163, "正式名称": "株式会社かみしま薬局本店", "機関区分": 5, "都道府県コード": 34, "市区町村コード": 307, "所在地": "広島県安芸郡熊野町萩原６丁目２１番１１号", "緯度": 34.341169, "経度": 132.589767, "url": "https://www.iryou.teikyouseido.mhlw.go.jp/znk-web/juminkanja/S2430/initialize?prefCd=34&kikanCd=7347342163&kikanKbn=5", "url2": null, "内容": "株式会社かみしま薬局本店【5:薬局】広島県安芸郡熊野町萩原６丁目２１番１１号" }, "geometry": { "type": "Point", "coordinates": [ 132.589767, 34.341169 ] } },
{ "type": "Feature", "properties": { "ID": 3457347342164, "正式名称": "オール薬局　舟入店", "機関区分": 5, "都道府県コード": 34, "市区町村コード": 101, "所在地": "広島県広島市中区舟入幸町４番２号　１Ｆ", "緯度": 34.383095, "経度": 132.444901, "url": "https://www.iryou.teikyouseido.mhlw.go.jp/znk-web/juminkanja/S2430/initialize?prefCd=34&kikanCd=7347342164&kikanKbn=5", "url2": null, "内容": "オール薬局　舟入店【5:薬局】広島県広島市中区舟入幸町４番２号　１Ｆ" }, "geometry": { "type": "Point", "coordinates": [ 132.444901, 34.383095 ] } },
{ "type": "Feature", "properties": { "ID": 3457347342165, "正式名称": "ウォンツ　八幡西薬局", "機関区分": 5, "都道府県コード": 34, "市区町村コード": 108, "所在地": "広島県広島市佐伯区八幡東三丁目１９番８号", "緯度": 34.38621, "経度": 132.363212, "url": "https://www.iryou.teikyouseido.mhlw.go.jp/znk-web/juminkanja/S2430/initialize?prefCd=34&kikanCd=7347342165&kikanKbn=5", "url2": "https://www.wants.co.jp/", "内容": "ウォンツ　八幡西薬局【5:薬局】広島県広島市佐伯区八幡東三丁目１９番８号" }, "geometry": { "type": "Point", "coordinates": [ 132.363212, 34.38621 ] } },
{ "type": "Feature", "properties": { "ID": 3457347342166, "正式名称": "ウォンツ　八木城南薬局", "機関区分": 5, "都道府県コード": 34, "市区町村コード": 105, "所在地": "広島県広島市安佐南区八木町一丁目２８番９号", "緯度": 34.511868, "経度": 132.487778, "url": "https://www.iryou.teikyouseido.mhlw.go.jp/znk-web/juminkanja/S2430/initialize?prefCd=34&kikanCd=7347342166&kikanKbn=5", "url2": "https://www.wants.co.jp/", "内容": "ウォンツ　八木城南薬局【5:薬局】広島県広島市安佐南区八木町一丁目２８番９号" }, "geometry": { "type": "Point", "coordinates": [ 132.487778, 34.511868 ] } },
{ "type": "Feature", "properties": { "ID": 3457347342167, "正式名称": "コスモス薬局　多治米店", "機関区分": 5, "都道府県コード": 34, "市区町村コード": 207, "所在地": "広島県福山市多治米町一丁目１１番１０号　１０１", "緯度": 34.473889, "経度": 133.382015, "url": "https://www.iryou.teikyouseido.mhlw.go.jp/znk-web/juminkanja/S2430/initialize?prefCd=34&kikanCd=7347342167&kikanKbn=5", "url2": "http://www.reliance-cosmos.co.jp/", "内容": "コスモス薬局　多治米店【5:薬局】広島県福山市多治米町一丁目１１番１０号　１０１" }, "geometry": { "type": "Point", "coordinates": [ 133.382015, 34.473889 ] } },
{ "type": "Feature", "properties": { "ID": 3457347342183, "正式名称": "うみい薬局　新町店", "機関区分": 5, "都道府県コード": 34, "市区町村コード": 211, "所在地": "広島県大竹市新町一丁目１２－１３", "緯度": 34.215029, "経度": 132.222926, "url": "https://www.iryou.teikyouseido.mhlw.go.jp/znk-web/juminkanja/S2430/initialize?prefCd=34&kikanCd=7347342183&kikanKbn=5", "url2": null, "内容": "うみい薬局　新町店【5:薬局】広島県大竹市新町一丁目１２－１３" }, "geometry": { "type": "Point", "coordinates": [ 132.222926, 34.215029 ] } },
{ "type": "Feature", "properties": { "ID": 3457347342184, "正式名称": "ファーマシィ薬局　広島タワービル", "機関区分": 5, "都道府県コード": 34, "市区町村コード": 103, "所在地": "広島県広島市南区松原町５番１号　４Ｆ", "緯度": 34.395708, "経度": 132.476604, "url": "https://www.iryou.teikyouseido.mhlw.go.jp/znk-web/juminkanja/S2430/initialize?prefCd=34&kikanCd=7347342184&kikanKbn=5", "url2": "http://www.pharmacy-net.co.jp", "内容": "ファーマシィ薬局　広島タワービル【5:薬局】広島県広島市南区松原町５番１号　４Ｆ" }, "geometry": { "type": "Point", "coordinates": [ 132.476604, 34.395708 ] } },
{ "type": "Feature", "properties": { "ID": 3457347342185, "正式名称": "にこぴん薬局　ばら公園店", "機関区分": 5, "都道府県コード": 34, "市区町村コード": 207, "所在地": "広島県福山市松浜町一丁目１０番１０号", "緯度": 34.483738, "経度": 133.373671, "url": "https://www.iryou.teikyouseido.mhlw.go.jp/znk-web/juminkanja/S2430/initialize?prefCd=34&kikanCd=7347342185&kikanKbn=5", "url2": "https://www.nexus-g.jp/business/medical/pharmacy-rose/", "内容": "にこぴん薬局　ばら公園店【5:薬局】広島県福山市松浜町一丁目１０番１０号" }, "geometry": { "type": "Point", "coordinates": [ 133.373671, 34.483738 ] } },
{ "type": "Feature", "properties": { "ID": 3457347342187, "正式名称": "ウォンツ　舟入市民病院前薬局", "機関区分": 5, "都道府県コード": 34, "市区町村コード": 101, "所在地": "広島県広島市中区舟入本町８番１号", "緯度": 34.386433, "経度": 132.440157, "url": "https://www.iryou.teikyouseido.mhlw.go.jp/znk-web/juminkanja/S2430/initialize?prefCd=34&kikanCd=7347342187&kikanKbn=5", "url2": "https://www.wants.co.jp/", "内容": "ウォンツ　舟入市民病院前薬局【5:薬局】広島県広島市中区舟入本町８番１号" }, "geometry": { "type": "Point", "coordinates": [ 132.440157, 34.386433 ] } },
{ "type": "Feature", "properties": { "ID": 3457347342188, "正式名称": "ウォンツ福山御船薬局", "機関区分": 5, "都道府県コード": 34, "市区町村コード": 207, "所在地": "広島県福山市御船町一丁目９番３号", "緯度": 34.488371, "経度": 133.369346, "url": "https://www.iryou.teikyouseido.mhlw.go.jp/znk-web/juminkanja/S2430/initialize?prefCd=34&kikanCd=7347342188&kikanKbn=5", "url2": "https://www.wants.co.jp/", "内容": "ウォンツ福山御船薬局【5:薬局】広島県福山市御船町一丁目９番３号" }, "geometry": { "type": "Point", "coordinates": [ 133.369346, 34.488371 ] } },
{ "type": "Feature", "properties": { "ID": 3457347342189, "正式名称": "株式会社小松薬局　郷原店", "機関区分": 5, "都道府県コード": 34, "市区町村コード": 202, "所在地": "広島県呉市郷原町２３７９番地３８", "緯度": 34.305315, "経度": 132.652028, "url": "https://www.iryou.teikyouseido.mhlw.go.jp/znk-web/juminkanja/S2430/initialize?prefCd=34&kikanCd=7347342189&kikanKbn=5", "url2": "https://www.komatsupharmacy.co.jp", "内容": "株式会社小松薬局　郷原店【5:薬局】広島県呉市郷原町２３７９番地３８" }, "geometry": { "type": "Point", "coordinates": [ 132.652028, 34.305315 ] } },
{ "type": "Feature", "properties": { "ID": 3457347342190, "正式名称": "オリーブ薬局", "機関区分": 5, "都道府県コード": 34, "市区町村コード": 212, "所在地": "広島県東広島市西条町助実１０６４番地３", "緯度": 34.42472, "経度": 132.761604, "url": "https://www.iryou.teikyouseido.mhlw.go.jp/znk-web/juminkanja/S2430/initialize?prefCd=34&kikanCd=7347342190&kikanKbn=5", "url2": "https://saijou-olivepharmacy.storeinfo.jp/", "内容": "オリーブ薬局【5:薬局】広島県東広島市西条町助実１０６４番地３" }, "geometry": { "type": "Point", "coordinates": [ 132.761604, 34.42472 ] } },
{ "type": "Feature", "properties": { "ID": 3457347342191, "正式名称": "マザー薬局　幟町店", "機関区分": 5, "都道府県コード": 34, "市区町村コード": 101, "所在地": "広島県広島市中区幟町１０番１１号　１Ｆ", "緯度": 34.393983, "経度": 132.466739, "url": "https://www.iryou.teikyouseido.mhlw.go.jp/znk-web/juminkanja/S2430/initialize?prefCd=34&kikanCd=7347342191&kikanKbn=5", "url2": "https://yo-mother.com/", "内容": "マザー薬局　幟町店【5:薬局】広島県広島市中区幟町１０番１１号　１Ｆ" }, "geometry": { "type": "Point", "coordinates": [ 132.466739, 34.393983 ] } },
{ "type": "Feature", "properties": { "ID": 3457347342192, "正式名称": "ウォンツハピアス駅家薬局", "機関区分": 5, "都道府県コード": 34, "市区町村コード": 207, "所在地": "広島県福山市駅家町上山守４５０番地５", "緯度": 34.537438, "経度": 133.3323, "url": "https://www.iryou.teikyouseido.mhlw.go.jp/znk-web/juminkanja/S2430/initialize?prefCd=34&kikanCd=7347342192&kikanKbn=5", "url2": "https://www.wants.co.jp/", "内容": "ウォンツハピアス駅家薬局【5:薬局】広島県福山市駅家町上山守４５０番地５" }, "geometry": { "type": "Point", "coordinates": [ 133.3323, 34.537438 ] } },
{ "type": "Feature", "properties": { "ID": 3457347342193, "正式名称": "ふじい薬局調剤", "機関区分": 5, "都道府県コード": 34, "市区町村コード": 105, "所在地": "広島県広島市安佐南区長束一丁目２番２２号", "緯度": 34.430835, "経度": 132.462451, "url": "https://www.iryou.teikyouseido.mhlw.go.jp/znk-web/juminkanja/S2430/initialize?prefCd=34&kikanCd=7347342193&kikanKbn=5", "url2": "https://www.fujiipharmacy.jp", "内容": "ふじい薬局調剤【5:薬局】広島県広島市安佐南区長束一丁目２番２２号" }, "geometry": { "type": "Point", "coordinates": [ 132.462451, 34.430835 ] } },
{ "type": "Feature", "properties": { "ID": 3457347342194, "正式名称": "あおぞら薬局　曙店", "機関区分": 5, "都道府県コード": 34, "市区町村コード": 207, "所在地": "広島県福山市曙町五丁目１９番２８号", "緯度": 34.467074, "経度": 133.393506, "url": "https://www.iryou.teikyouseido.mhlw.go.jp/znk-web/juminkanja/S2430/initialize?prefCd=34&kikanCd=7347342194&kikanKbn=5", "url2": null, "内容": "あおぞら薬局　曙店【5:薬局】広島県福山市曙町五丁目１９番２８号" }, "geometry": { "type": "Point", "coordinates": [ 133.393506, 34.467074 ] } },
{ "type": "Feature", "properties": { "ID": 3457347342195, "正式名称": "ミント薬局　高陽店", "機関区分": 5, "都道府県コード": 34, "市区町村コード": 106, "所在地": "広島県広島市安佐北区落合南一丁目１１番２０号", "緯度": 34.467418, "経度": 132.507302, "url": "https://www.iryou.teikyouseido.mhlw.go.jp/znk-web/juminkanja/S2430/initialize?prefCd=34&kikanCd=7347342195&kikanKbn=5", "url2": "http://www.mint-pharmacy.jp/", "内容": "ミント薬局　高陽店【5:薬局】広島県広島市安佐北区落合南一丁目１１番２０号" }, "geometry": { "type": "Point", "coordinates": [ 132.507302, 34.467418 ] } },
{ "type": "Feature", "properties": { "ID": 3457347342196, "正式名称": "すずらん薬局　竹屋町店", "機関区分": 5, "都道府県コード": 34, "市区町村コード": 101, "所在地": "広島県広島市中区竹屋町８番８号　１Ｆ", "緯度": 34.382703, "経度": 132.462401, "url": "https://www.iryou.teikyouseido.mhlw.go.jp/znk-web/juminkanja/S2430/initialize?prefCd=34&kikanCd=7347342196&kikanKbn=5", "url2": "https://www.horon-suzuran.com/tenpo-detail#ttl-takeyamatiten", "内容": "すずらん薬局　竹屋町店【5:薬局】広島県広島市中区竹屋町８番８号　１Ｆ" }, "geometry": { "type": "Point", "coordinates": [ 132.462401, 34.382703 ] } },
{ "type": "Feature", "properties": { "ID": 3457347342197, "正式名称": "エルク薬局", "機関区分": 5, "都道府県コード": 34, "市区町村コード": 104, "所在地": "広島県広島市西区小河内町二丁目１５番８号　１階", "緯度": 34.401327, "経度": 132.437543, "url": "https://www.iryou.teikyouseido.mhlw.go.jp/znk-web/juminkanja/S2430/initialize?prefCd=34&kikanCd=7347342197&kikanKbn=5", "url2": "http://elk-pharmacy.com/", "内容": "エルク薬局【5:薬局】広島県広島市西区小河内町二丁目１５番８号　１階" }, "geometry": { "type": "Point", "coordinates": [ 132.437543, 34.401327 ] } },
{ "type": "Feature", "properties": { "ID": 3457347342200, "正式名称": "ファーマシィ薬局　加茂", "機関区分": 5, "都道府県コード": 34, "市区町村コード": 207, "所在地": "広島県福山市加茂町上加茂３９２番地１", "緯度": 34.55945, "経度": 133.346501, "url": "https://www.iryou.teikyouseido.mhlw.go.jp/znk-web/juminkanja/S2430/initialize?prefCd=34&kikanCd=7347342200&kikanKbn=5", "url2": "http://www.pharmacy-net.co.jp", "内容": "ファーマシィ薬局　加茂【5:薬局】広島県福山市加茂町上加茂３９２番地１" }, "geometry": { "type": "Point", "coordinates": [ 133.346501, 34.55945 ] } },
{ "type": "Feature", "properties": { "ID": 3457347342201, "正式名称": "のぞみ薬局　高陽店", "機関区分": 5, "都道府県コード": 34, "市区町村コード": 106, "所在地": "広島県広島市安佐北区落合五丁目２５番１号", "緯度": 34.476812, "経度": 132.519309, "url": "https://www.iryou.teikyouseido.mhlw.go.jp/znk-web/juminkanja/S2430/initialize?prefCd=34&kikanCd=7347342201&kikanKbn=5", "url2": "https://fourleaf-nozomi.net", "内容": "のぞみ薬局　高陽店【5:薬局】広島県広島市安佐北区落合五丁目２５番１号" }, "geometry": { "type": "Point", "coordinates": [ 132.519309, 34.476812 ] } },
{ "type": "Feature", "properties": { "ID": 3457347342202, "正式名称": "オール薬局　五日市西店", "機関区分": 5, "都道府県コード": 34, "市区町村コード": 108, "所在地": "広島県広島市佐伯区五日市一丁目１４番２７－１０２号", "緯度": 34.366159, "経度": 132.360826, "url": "https://www.iryou.teikyouseido.mhlw.go.jp/znk-web/juminkanja/S2430/initialize?prefCd=34&kikanCd=7347342202&kikanKbn=5", "url2": "http://www.e-classa.net/owl-itsukaichinishi/", "内容": "オール薬局　五日市西店【5:薬局】広島県広島市佐伯区五日市一丁目１４番２７－１０２号" }, "geometry": { "type": "Point", "coordinates": [ 132.360826, 34.366159 ] } },
{ "type": "Feature", "properties": { "ID": 3457347342204, "正式名称": "中央薬局　坂店", "機関区分": 5, "都道府県コード": 34, "市区町村コード": 309, "所在地": "広島県安芸郡坂町平成ケ浜１－８－４０", "緯度": 34.341739, "経度": 132.515152, "url": "https://www.iryou.teikyouseido.mhlw.go.jp/znk-web/juminkanja/S2430/initialize?prefCd=34&kikanCd=7347342204&kikanKbn=5", "url2": "http://www.power-p.co.jp/", "内容": "中央薬局　坂店【5:薬局】広島県安芸郡坂町平成ケ浜１－８－４０" }, "geometry": { "type": "Point", "coordinates": [ 132.515152, 34.341739 ] } },
{ "type": "Feature", "properties": { "ID": 3457347342205, "正式名称": "くすのき薬局", "機関区分": 5, "都道府県コード": 34, "市区町村コード": 304, "所在地": "広島県安芸郡海田町成本１４番１０号", "緯度": 34.374045, "経度": 132.541324, "url": "https://www.iryou.teikyouseido.mhlw.go.jp/znk-web/juminkanja/S2430/initialize?prefCd=34&kikanCd=7347342205&kikanKbn=5", "url2": null, "内容": "くすのき薬局【5:薬局】広島県安芸郡海田町成本１４番１０号" }, "geometry": { "type": "Point", "coordinates": [ 132.541324, 34.374045 ] } },
{ "type": "Feature", "properties": { "ID": 3457347342206, "正式名称": "そらいろ薬局　旭店", "機関区分": 5, "都道府県コード": 34, "市区町村コード": 103, "所在地": "広島県広島市南区旭一丁目１９番２６号　ヴィラ旭１階", "緯度": 34.373533, "経度": 132.479861, "url": "https://www.iryou.teikyouseido.mhlw.go.jp/znk-web/juminkanja/S2430/initialize?prefCd=34&kikanCd=7347342206&kikanKbn=5", "url2": null, "内容": "そらいろ薬局　旭店【5:薬局】広島県広島市南区旭一丁目１９番２６号　ヴィラ旭１階" }, "geometry": { "type": "Point", "coordinates": [ 132.479861, 34.373533 ] } },
{ "type": "Feature", "properties": { "ID": 3457347342208, "正式名称": "たかの薬局", "機関区分": 5, "都道府県コード": 34, "市区町村コード": 210, "所在地": "広島県庄原市高野町新市１１５０－１", "緯度": 35.03226, "経度": 132.905687, "url": "https://www.iryou.teikyouseido.mhlw.go.jp/znk-web/juminkanja/S2430/initialize?prefCd=34&kikanCd=7347342208&kikanKbn=5", "url2": null, "内容": "たかの薬局【5:薬局】広島県庄原市高野町新市１１５０－１" }, "geometry": { "type": "Point", "coordinates": [ 132.905687, 35.03226 ] } },
{ "type": "Feature", "properties": { "ID": 3457347342209, "正式名称": "ひまわり薬局", "機関区分": 5, "都道府県コード": 34, "市区町村コード": 212, "所在地": "広島県東広島市西条町寺家７４３０－１", "緯度": 34.422806, "経度": 132.729083, "url": "https://www.iryou.teikyouseido.mhlw.go.jp/znk-web/juminkanja/S2430/initialize?prefCd=34&kikanCd=7347342209&kikanKbn=5", "url2": "https://www.e-classa.net/wbh-himawari/index.html", "内容": "ひまわり薬局【5:薬局】広島県東広島市西条町寺家７４３０－１" }, "geometry": { "type": "Point", "coordinates": [ 132.729083, 34.422806 ] } },
{ "type": "Feature", "properties": { "ID": 3457347342211, "正式名称": "ウォンツ薬局　日赤病院前３号店", "機関区分": 5, "都道府県コード": 34, "市区町村コード": 101, "所在地": "広島県広島市中区千田町一丁目５番２号　１Ｆ", "緯度": 34.381492, "経度": 132.453496, "url": "https://www.iryou.teikyouseido.mhlw.go.jp/znk-web/juminkanja/S2430/initialize?prefCd=34&kikanCd=7347342211&kikanKbn=5", "url2": "https://www.wants.co.jp/", "内容": "ウォンツ薬局　日赤病院前３号店【5:薬局】広島県広島市中区千田町一丁目５番２号　１Ｆ" }, "geometry": { "type": "Point", "coordinates": [ 132.453496, 34.381492 ] } },
{ "type": "Feature", "properties": { "ID": 3457347342213, "正式名称": "エスマイル薬局　野上店", "機関区分": 5, "都道府県コード": 34, "市区町村コード": 207, "所在地": "広島県福山市野上町一丁目５番２８号", "緯度": 34.479611, "経度": 133.363885, "url": "https://www.iryou.teikyouseido.mhlw.go.jp/znk-web/juminkanja/S2430/initialize?prefCd=34&kikanCd=7347342213&kikanKbn=5", "url2": null, "内容": "エスマイル薬局　野上店【5:薬局】広島県福山市野上町一丁目５番２８号" }, "geometry": { "type": "Point", "coordinates": [ 133.363885, 34.479611 ] } },
{ "type": "Feature", "properties": { "ID": 3457347342214, "正式名称": "オール薬局　呉本通店", "機関区分": 5, "都道府県コード": 34, "市区町村コード": 202, "所在地": "広島県呉市本通七丁目１番３０号", "緯度": 34.250718, "経度": 132.575359, "url": "https://www.iryou.teikyouseido.mhlw.go.jp/znk-web/juminkanja/S2430/initialize?prefCd=34&kikanCd=7347342214&kikanKbn=5", "url2": "https://www.e-classa.net/owl-kurehondori/information.html", "内容": "オール薬局　呉本通店【5:薬局】広島県呉市本通七丁目１番３０号" }, "geometry": { "type": "Point", "coordinates": [ 132.575359, 34.250718 ] } },
{ "type": "Feature", "properties": { "ID": 3457347342217, "正式名称": "にのしま薬局", "機関区分": 5, "都道府県コード": 34, "市区町村コード": 103, "所在地": "広島県広島市南区似島町字家下１６１番地の３", "緯度": 34.312174, "経度": 132.432666, "url": "https://www.iryou.teikyouseido.mhlw.go.jp/znk-web/juminkanja/S2430/initialize?prefCd=34&kikanCd=7347342217&kikanKbn=5", "url2": "http://www.zenkaidou.co.jp/", "内容": "にのしま薬局【5:薬局】広島県広島市南区似島町字家下１６１番地の３" }, "geometry": { "type": "Point", "coordinates": [ 132.432666, 34.312174 ] } },
{ "type": "Feature", "properties": { "ID": 3457347342218, "正式名称": "三篠アルファ薬局", "機関区分": 5, "都道府県コード": 34, "市区町村コード": 104, "所在地": "広島県広島市西区三篠北町１９番１６号　１Ｆ", "緯度": 34.416797, "経度": 132.455761, "url": "https://www.iryou.teikyouseido.mhlw.go.jp/znk-web/juminkanja/S2430/initialize?prefCd=34&kikanCd=7347342218&kikanKbn=5", "url2": null, "内容": "三篠アルファ薬局【5:薬局】広島県広島市西区三篠北町１９番１６号　１Ｆ" }, "geometry": { "type": "Point", "coordinates": [ 132.455761, 34.416797 ] } },
{ "type": "Feature", "properties": { "ID": 3457347342219, "正式名称": "ひまわり薬局　天満店", "機関区分": 5, "都道府県コード": 34, "市区町村コード": 104, "所在地": "広島県広島市西区天満町１４番１１号　１階", "緯度": 34.396258, "経度": 132.439357, "url": "https://www.iryou.teikyouseido.mhlw.go.jp/znk-web/juminkanja/S2430/initialize?prefCd=34&kikanCd=7347342219&kikanKbn=5", "url2": "http://www.pmc-kikaku.jp", "内容": "ひまわり薬局　天満店【5:薬局】広島県広島市西区天満町１４番１１号　１階" }, "geometry": { "type": "Point", "coordinates": [ 132.439357, 34.396258 ] } },
{ "type": "Feature", "properties": { "ID": 3457347342220, "正式名称": "いとう薬局", "機関区分": 5, "都道府県コード": 34, "市区町村コード": 101, "所在地": "広島県広島市中区西十日市町１番２７号", "緯度": 34.398893, "経度": 132.447093, "url": "https://www.iryou.teikyouseido.mhlw.go.jp/znk-web/juminkanja/S2430/initialize?prefCd=34&kikanCd=7347342220&kikanKbn=5", "url2": "https://geihokuya.com/", "内容": "いとう薬局【5:薬局】広島県広島市中区西十日市町１番２７号" }, "geometry": { "type": "Point", "coordinates": [ 132.447093, 34.398893 ] } },
{ "type": "Feature", "properties": { "ID": 3457347342221, "正式名称": "樹の実薬局", "機関区分": 5, "都道府県コード": 34, "市区町村コード": 207, "所在地": "広島県福山市南蔵王町一丁目１０番１６号", "緯度": 34.503348, "経度": 133.387577, "url": "https://www.iryou.teikyouseido.mhlw.go.jp/znk-web/juminkanja/S2430/initialize?prefCd=34&kikanCd=7347342221&kikanKbn=5", "url2": "http://www.e-classa.net/kinomi-pharmacy/", "内容": "樹の実薬局【5:薬局】広島県福山市南蔵王町一丁目１０番１６号" }, "geometry": { "type": "Point", "coordinates": [ 133.387577, 34.503348 ] } },
{ "type": "Feature", "properties": { "ID": 3457347342222, "正式名称": "ハンド薬局　鉄砲町店", "機関区分": 5, "都道府県コード": 34, "市区町村コード": 101, "所在地": "広島県広島市中区鉄砲町５番１号　ヴィゴレ１階", "緯度": 34.396444, "経度": 132.464996, "url": "https://www.iryou.teikyouseido.mhlw.go.jp/znk-web/juminkanja/S2430/initialize?prefCd=34&kikanCd=7347342222&kikanKbn=5", "url2": "https://www.hand-medical.jp", "内容": "ハンド薬局　鉄砲町店【5:薬局】広島県広島市中区鉄砲町５番１号　ヴィゴレ１階" }, "geometry": { "type": "Point", "coordinates": [ 132.464996, 34.396444 ] } },
{ "type": "Feature", "properties": { "ID": 3457347342223, "正式名称": "ファーマライン薬局　深津店", "機関区分": 5, "都道府県コード": 34, "市区町村コード": 207, "所在地": "広島県福山市東深津町一丁目１１番７号", "緯度": 34.500837, "経度": 133.39069, "url": "https://www.iryou.teikyouseido.mhlw.go.jp/znk-web/juminkanja/S2430/initialize?prefCd=34&kikanCd=7347342223&kikanKbn=5", "url2": null, "内容": "ファーマライン薬局　深津店【5:薬局】広島県福山市東深津町一丁目１１番７号" }, "geometry": { "type": "Point", "coordinates": [ 133.39069, 34.500837 ] } },
{ "type": "Feature", "properties": { "ID": 3457347342227, "正式名称": "とうしん薬局", "機関区分": 5, "都道府県コード": 34, "市区町村コード": 207, "所在地": "広島県福山市駅家町万能倉７８６番地６", "緯度": 34.548268, "経度": 133.340088, "url": "https://www.iryou.teikyouseido.mhlw.go.jp/znk-web/juminkanja/S2430/initialize?prefCd=34&kikanCd=7347342227&kikanKbn=5", "url2": "https://toshin-ph.co.jp", "内容": "とうしん薬局【5:薬局】広島県福山市駅家町万能倉７８６番地６" }, "geometry": { "type": "Point", "coordinates": [ 133.340088, 34.548268 ] } },
{ "type": "Feature", "properties": { "ID": 3457347342229, "正式名称": "オール薬局　呉宝町店", "機関区分": 5, "都道府県コード": 34, "市区町村コード": 202, "所在地": "広島県呉市宝町３番１６号", "緯度": 34.242722, "経度": 132.558458, "url": "https://www.iryou.teikyouseido.mhlw.go.jp/znk-web/juminkanja/S2430/initialize?prefCd=34&kikanCd=7347342229&kikanKbn=5", "url2": "https://www.my-life.jp/", "内容": "オール薬局　呉宝町店【5:薬局】広島県呉市宝町３番１６号" }, "geometry": { "type": "Point", "coordinates": [ 132.558458, 34.242722 ] } },
{ "type": "Feature", "properties": { "ID": 3457347342232, "正式名称": "漢方白水堂薬局", "機関区分": 5, "都道府県コード": 34, "市区町村コード": 108, "所在地": "広島県広島市佐伯区五日市一丁目１３番２２号", "緯度": 34.365708, "経度": 132.358578, "url": "https://www.iryou.teikyouseido.mhlw.go.jp/znk-web/juminkanja/S2430/initialize?prefCd=34&kikanCd=7347342232&kikanKbn=5", "url2": null, "内容": "漢方白水堂薬局【5:薬局】広島県広島市佐伯区五日市一丁目１３番２２号" }, "geometry": { "type": "Point", "coordinates": [ 132.358578, 34.365708 ] } },
{ "type": "Feature", "properties": { "ID": 3457347342234, "正式名称": "ウォンツ　楠木薬局", "機関区分": 5, "都道府県コード": 34, "市区町村コード": 104, "所在地": "広島県広島市西区楠木町三丁目１番１０号", "緯度": 34.412895, "経度": 132.459166, "url": "https://www.iryou.teikyouseido.mhlw.go.jp/znk-web/juminkanja/S2430/initialize?prefCd=34&kikanCd=7347342234&kikanKbn=5", "url2": "https://www.wants.co.jp/", "内容": "ウォンツ　楠木薬局【5:薬局】広島県広島市西区楠木町三丁目１番１０号" }, "geometry": { "type": "Point", "coordinates": [ 132.459166, 34.412895 ] } },
{ "type": "Feature", "properties": { "ID": 3457347342235, "正式名称": "花はな薬局", "機関区分": 5, "都道府県コード": 34, "市区町村コード": 207, "所在地": "広島県福山市南蔵王町五丁目６番６号", "緯度": 34.502317, "経度": 133.400301, "url": "https://www.iryou.teikyouseido.mhlw.go.jp/znk-web/juminkanja/S2430/initialize?prefCd=34&kikanCd=7347342235&kikanKbn=5", "url2": "http://www.ts-nishicho.com/index.html", "内容": "花はな薬局【5:薬局】広島県福山市南蔵王町五丁目６番６号" }, "geometry": { "type": "Point", "coordinates": [ 133.400301, 34.502317 ] } },
{ "type": "Feature", "properties": { "ID": 3457347342236, "正式名称": "薬局　ドラッグス　ソウ　南口店", "機関区分": 5, "都道府県コード": 34, "市区町村コード": 108, "所在地": "広島県広島市佐伯区旭園４番３５号　１Ｆ", "緯度": 34.365798, "経度": 132.368053, "url": "https://www.iryou.teikyouseido.mhlw.go.jp/znk-web/juminkanja/S2430/initialize?prefCd=34&kikanCd=7347342236&kikanKbn=5", "url2": "http://maps.app.goo.gl/kCK1KhWUiPrNnQAC9?g_st=ic", "内容": "薬局　ドラッグス　ソウ　南口店【5:薬局】広島県広島市佐伯区旭園４番３５号　１Ｆ" }, "geometry": { "type": "Point", "coordinates": [ 132.368053, 34.365798 ] } },
{ "type": "Feature", "properties": { "ID": 3457347342237, "正式名称": "さくらんぼ薬局　高木店", "機関区分": 5, "都道府県コード": 34, "市区町村コード": 208, "所在地": "広島県府中市高木町６５４番地", "緯度": 34.558028, "経度": 133.246256, "url": "https://www.iryou.teikyouseido.mhlw.go.jp/znk-web/juminkanja/S2430/initialize?prefCd=34&kikanCd=7347342237&kikanKbn=5", "url2": "http://www.sakurams.co.jp", "内容": "さくらんぼ薬局　高木店【5:薬局】広島県府中市高木町６５４番地" }, "geometry": { "type": "Point", "coordinates": [ 133.246256, 34.558028 ] } },
{ "type": "Feature", "properties": { "ID": 3457347342239, "正式名称": "みなみ薬局", "機関区分": 5, "都道府県コード": 34, "市区町村コード": 215, "所在地": "広島県江田島市大柿町柿浦９９１－３", "緯度": 34.186454, "経度": 132.472148, "url": "https://www.iryou.teikyouseido.mhlw.go.jp/znk-web/juminkanja/S2430/initialize?prefCd=34&kikanCd=7347342239&kikanKbn=5", "url2": null, "内容": "みなみ薬局【5:薬局】広島県江田島市大柿町柿浦９９１－３" }, "geometry": { "type": "Point", "coordinates": [ 132.472148, 34.186454 ] } },
{ "type": "Feature", "properties": { "ID": 3457347342241, "正式名称": "アローＳ薬局", "機関区分": 5, "都道府県コード": 34, "市区町村コード": 205, "所在地": "広島県尾道市美ノ郷町三成１０６６－６", "緯度": 34.451055, "経度": 133.193479, "url": "https://www.iryou.teikyouseido.mhlw.go.jp/znk-web/juminkanja/S2430/initialize?prefCd=34&kikanCd=7347342241&kikanKbn=5", "url2": "https://aro-syakkyoku.com", "内容": "アローＳ薬局【5:薬局】広島県尾道市美ノ郷町三成１０６６－６" }, "geometry": { "type": "Point", "coordinates": [ 133.193479, 34.451055 ] } },
{ "type": "Feature", "properties": { "ID": 3457347342243, "正式名称": "あさひが丘薬局", "機関区分": 5, "都道府県コード": 34, "市区町村コード": 106, "所在地": "広島県広島市安佐北区あさひが丘七丁目１５番３３号", "緯度": 34.507071, "経度": 132.437548, "url": "https://www.iryou.teikyouseido.mhlw.go.jp/znk-web/juminkanja/S2430/initialize?prefCd=34&kikanCd=7347342243&kikanKbn=5", "url2": null, "内容": "あさひが丘薬局【5:薬局】広島県広島市安佐北区あさひが丘七丁目１５番３３号" }, "geometry": { "type": "Point", "coordinates": [ 132.437548, 34.507071 ] } },
{ "type": "Feature", "properties": { "ID": 3457347342244, "正式名称": "牛田みらい薬局", "機関区分": 5, "都道府県コード": 34, "市区町村コード": 102, "所在地": "広島県広島市東区牛田本町六丁目１番２７号　うしたみらいビル５Ｆ", "緯度": 34.415086, "経度": 132.467088, "url": "https://www.iryou.teikyouseido.mhlw.go.jp/znk-web/juminkanja/S2430/initialize?prefCd=34&kikanCd=7347342244&kikanKbn=5", "url2": null, "内容": "牛田みらい薬局【5:薬局】広島県広島市東区牛田本町六丁目１番２７号　うしたみらいビル５Ｆ" }, "geometry": { "type": "Point", "coordinates": [ 132.467088, 34.415086 ] } },
{ "type": "Feature", "properties": { "ID": 3457347342246, "正式名称": "ウォンツ　口田薬局", "機関区分": 5, "都道府県コード": 34, "市区町村コード": 106, "所在地": "広島県広島市安佐北区口田三丁目３０番４号", "緯度": 34.464818, "経度": 132.50258, "url": "https://www.iryou.teikyouseido.mhlw.go.jp/znk-web/juminkanja/S2430/initialize?prefCd=34&kikanCd=7347342246&kikanKbn=5", "url2": "https://www.wants.co.jp/", "内容": "ウォンツ　口田薬局【5:薬局】広島県広島市安佐北区口田三丁目３０番４号" }, "geometry": { "type": "Point", "coordinates": [ 132.50258, 34.464818 ] } },
{ "type": "Feature", "properties": { "ID": 3457347342247, "正式名称": "ひがしの薬局", "機関区分": 5, "都道府県コード": 34, "市区町村コード": 105, "所在地": "広島県広島市安佐南区東野二丁目１２番１５号１Ｆ", "緯度": 34.448935, "経度": 132.484125, "url": "https://www.iryou.teikyouseido.mhlw.go.jp/znk-web/juminkanja/S2430/initialize?prefCd=34&kikanCd=7347342247&kikanKbn=5", "url2": null, "内容": "ひがしの薬局【5:薬局】広島県広島市安佐南区東野二丁目１２番１５号１Ｆ" }, "geometry": { "type": "Point", "coordinates": [ 132.484125, 34.448935 ] } },
{ "type": "Feature", "properties": { "ID": 3457347342249, "正式名称": "まごころ薬局", "機関区分": 5, "都道府県コード": 34, "市区町村コード": 212, "所在地": "広島県東広島市西条町寺家横田５２８４－１", "緯度": 34.436096, "経度": 132.728885, "url": "https://www.iryou.teikyouseido.mhlw.go.jp/znk-web/juminkanja/S2430/initialize?prefCd=34&kikanCd=7347342249&kikanKbn=5", "url2": null, "内容": "まごころ薬局【5:薬局】広島県東広島市西条町寺家横田５２８４－１" }, "geometry": { "type": "Point", "coordinates": [ 132.728885, 34.436096 ] } },
{ "type": "Feature", "properties": { "ID": 3457347342250, "正式名称": "フタバ薬局", "機関区分": 5, "都道府県コード": 34, "市区町村コード": 202, "所在地": "広島県呉市中通四丁目６番５号", "緯度": 34.248396, "経度": 132.568499, "url": "https://www.iryou.teikyouseido.mhlw.go.jp/znk-web/juminkanja/S2430/initialize?prefCd=34&kikanCd=7347342250&kikanKbn=5", "url2": "https://futaba-shinme.recruit.site", "内容": "フタバ薬局【5:薬局】広島県呉市中通四丁目６番５号" }, "geometry": { "type": "Point", "coordinates": [ 132.568499, 34.248396 ] } },
{ "type": "Feature", "properties": { "ID": 3457347342251, "正式名称": "オール薬局　郷原店", "機関区分": 5, "都道府県コード": 34, "市区町村コード": 202, "所在地": "広島県呉市郷原町１６６４－１", "緯度": 34.301466, "経度": 132.634735, "url": "https://www.iryou.teikyouseido.mhlw.go.jp/znk-web/juminkanja/S2430/initialize?prefCd=34&kikanCd=7347342251&kikanKbn=5", "url2": "http://www.my-life.jp/", "内容": "オール薬局　郷原店【5:薬局】広島県呉市郷原町１６６４－１" }, "geometry": { "type": "Point", "coordinates": [ 132.634735, 34.301466 ] } },
{ "type": "Feature", "properties": { "ID": 3457347342252, "正式名称": "コスモス薬局　鯉城通り店", "機関区分": 5, "都道府県コード": 34, "市区町村コード": 101, "所在地": "広島県広島市中区大手町二丁目７番２号　７階Ａ号室", "緯度": 34.392444, "経度": 132.456292, "url": "https://www.iryou.teikyouseido.mhlw.go.jp/znk-web/juminkanja/S2430/initialize?prefCd=34&kikanCd=7347342252&kikanKbn=5", "url2": "http://www.reliance-cosmos.co.jp/", "内容": "コスモス薬局　鯉城通り店【5:薬局】広島県広島市中区大手町二丁目７番２号　７階Ａ号室" }, "geometry": { "type": "Point", "coordinates": [ 132.456292, 34.392444 ] } },
{ "type": "Feature", "properties": { "ID": 3457347342254, "正式名称": "ウォンツ三原宮浦薬局", "機関区分": 5, "都道府県コード": 34, "市区町村コード": 204, "所在地": "広島県三原市宮浦六丁目１－１", "緯度": 34.395117, "経度": 133.064567, "url": "https://www.iryou.teikyouseido.mhlw.go.jp/znk-web/juminkanja/S2430/initialize?prefCd=34&kikanCd=7347342254&kikanKbn=5", "url2": "https://www.wants.co.jp/", "内容": "ウォンツ三原宮浦薬局【5:薬局】広島県三原市宮浦六丁目１－１" }, "geometry": { "type": "Point", "coordinates": [ 133.064567, 34.395117 ] } },
{ "type": "Feature", "properties": { "ID": 3457347342256, "正式名称": "アレス薬局　可部店", "機関区分": 5, "都道府県コード": 34, "市区町村コード": 106, "所在地": "広島県広島市安佐北区可部六丁目３番２４号", "緯度": 34.523431, "経度": 132.5057, "url": "https://www.iryou.teikyouseido.mhlw.go.jp/znk-web/juminkanja/S2430/initialize?prefCd=34&kikanCd=7347342256&kikanKbn=5", "url2": null, "内容": "アレス薬局　可部店【5:薬局】広島県広島市安佐北区可部六丁目３番２４号" }, "geometry": { "type": "Point", "coordinates": [ 132.5057, 34.523431 ] } },
{ "type": "Feature", "properties": { "ID": 3457347342257, "正式名称": "さくらんぼ薬局　的場店", "機関区分": 5, "都道府県コード": 34, "市区町村コード": 103, "所在地": "広島県広島市南区的場町一丁目７番１０号　１階", "緯度": 34.392861, "経度": 132.474688, "url": "https://www.iryou.teikyouseido.mhlw.go.jp/znk-web/juminkanja/S2430/initialize?prefCd=34&kikanCd=7347342257&kikanKbn=5", "url2": "https://sakurams.co.jp/pharmacy/matoba/", "内容": "さくらんぼ薬局　的場店【5:薬局】広島県広島市南区的場町一丁目７番１０号　１階" }, "geometry": { "type": "Point", "coordinates": [ 132.474688, 34.392861 ] } },
{ "type": "Feature", "properties": { "ID": 3457347342258, "正式名称": "アプコＵｎｉｔｙ薬局　大手町", "機関区分": 5, "都道府県コード": 34, "市区町村コード": 101, "所在地": "広島県広島市中区大手町一丁目１番２０号　ニュー大手町ビル１階", "緯度": 34.395544, "経度": 132.455174, "url": "https://www.iryou.teikyouseido.mhlw.go.jp/znk-web/juminkanja/S2430/initialize?prefCd=34&kikanCd=7347342258&kikanKbn=5", "url2": "https://www.apco-group.jp/store/store4_2.php", "内容": "アプコＵｎｉｔｙ薬局　大手町【5:薬局】広島県広島市中区大手町一丁目１番２０号　ニュー大手町ビル１階" }, "geometry": { "type": "Point", "coordinates": [ 132.455174, 34.395544 ] } },
{ "type": "Feature", "properties": { "ID": 3457347342260, "正式名称": "ウォンツ大竹薬局", "機関区分": 5, "都道府県コード": 34, "市区町村コード": 211, "所在地": "広島県大竹市油見三丁目２０－９", "緯度": 34.220834, "経度": 132.221346, "url": "https://www.iryou.teikyouseido.mhlw.go.jp/znk-web/juminkanja/S2430/initialize?prefCd=34&kikanCd=7347342260&kikanKbn=5", "url2": "https://www.wants.co.jp", "内容": "ウォンツ大竹薬局【5:薬局】広島県大竹市油見三丁目２０－９" }, "geometry": { "type": "Point", "coordinates": [ 132.221346, 34.220834 ] } },
{ "type": "Feature", "properties": { "ID": 3457347342261, "正式名称": "コスモス薬局　尾道久保店", "機関区分": 5, "都道府県コード": 34, "市区町村コード": 205, "所在地": "広島県尾道市久保一丁目２－２", "緯度": 34.410795, "経度": 133.202961, "url": "https://www.iryou.teikyouseido.mhlw.go.jp/znk-web/juminkanja/S2430/initialize?prefCd=34&kikanCd=7347342261&kikanKbn=5", "url2": "http://www.reliance-cosmos.co.jp", "内容": "コスモス薬局　尾道久保店【5:薬局】広島県尾道市久保一丁目２－２" }, "geometry": { "type": "Point", "coordinates": [ 133.202961, 34.410795 ] } },
{ "type": "Feature", "properties": { "ID": 3457347342262, "正式名称": "庄原しんいち薬局", "機関区分": 5, "都道府県コード": 34, "市区町村コード": 210, "所在地": "広島県庄原市中本町１－７－５", "緯度": 34.859465, "経度": 133.016975, "url": "https://www.iryou.teikyouseido.mhlw.go.jp/znk-web/juminkanja/S2430/initialize?prefCd=34&kikanCd=7347342262&kikanKbn=5", "url2": null, "内容": "庄原しんいち薬局【5:薬局】広島県庄原市中本町１－７－５" }, "geometry": { "type": "Point", "coordinates": [ 133.016975, 34.859465 ] } },
{ "type": "Feature", "properties": { "ID": 3457347342264, "正式名称": "広島中央通り薬局", "機関区分": 5, "都道府県コード": 34, "市区町村コード": 101, "所在地": "広島県広島市中区三川町７番１号　香月メディカルビル１Ｆ", "緯度": 34.392807, "経度": 132.425741, "url": "https://www.iryou.teikyouseido.mhlw.go.jp/znk-web/juminkanja/S2430/initialize?prefCd=34&kikanCd=7347342264&kikanKbn=5", "url2": null, "内容": "広島中央通り薬局【5:薬局】広島県広島市中区三川町７番１号　香月メディカルビル１Ｆ" }, "geometry": { "type": "Point", "coordinates": [ 132.425741, 34.392807 ] } },
{ "type": "Feature", "properties": { "ID": 3457347342265, "正式名称": "たんぽぽ堂薬局", "機関区分": 5, "都道府県コード": 34, "市区町村コード": 103, "所在地": "広島県広島市南区宇品神田三丁目６番３２号　１Ｆ", "緯度": 34.364024, "経度": 132.464863, "url": "https://www.iryou.teikyouseido.mhlw.go.jp/znk-web/juminkanja/S2430/initialize?prefCd=34&kikanCd=7347342265&kikanKbn=5", "url2": null, "内容": "たんぽぽ堂薬局【5:薬局】広島県広島市南区宇品神田三丁目６番３２号　１Ｆ" }, "geometry": { "type": "Point", "coordinates": [ 132.464863, 34.364024 ] } },
{ "type": "Feature", "properties": { "ID": 3457347342266, "正式名称": "イチョウ薬局", "機関区分": 5, "都道府県コード": 34, "市区町村コード": 213, "所在地": "広島県廿日市市地御前三丁目１８－１１", "緯度": 34.340278, "経度": 132.317224, "url": "https://www.iryou.teikyouseido.mhlw.go.jp/znk-web/juminkanja/S2430/initialize?prefCd=34&kikanCd=7347342266&kikanKbn=5", "url2": null, "内容": "イチョウ薬局【5:薬局】広島県廿日市市地御前三丁目１８－１１" }, "geometry": { "type": "Point", "coordinates": [ 132.317224, 34.340278 ] } },
{ "type": "Feature", "properties": { "ID": 3457347342268, "正式名称": "どんぐり薬局北広島店", "機関区分": 5, "都道府県コード": 34, "市区町村コード": 369, "所在地": "広島県山県郡北広島町阿坂４７０４番地３", "緯度": 34.625913, "経度": 132.451723, "url": "https://www.iryou.teikyouseido.mhlw.go.jp/znk-web/juminkanja/S2430/initialize?prefCd=34&kikanCd=7347342268&kikanKbn=5", "url2": null, "内容": "どんぐり薬局北広島店【5:薬局】広島県山県郡北広島町阿坂４７０４番地３" }, "geometry": { "type": "Point", "coordinates": [ 132.451723, 34.625913 ] } },
{ "type": "Feature", "properties": { "ID": 3457347342269, "正式名称": "りんご薬局", "機関区分": 5, "都道府県コード": 34, "市区町村コード": 304, "所在地": "広島県安芸郡海田町蟹原２－４－２９", "緯度": 34.372684, "経度": 132.544068, "url": "https://www.iryou.teikyouseido.mhlw.go.jp/znk-web/juminkanja/S2430/initialize?prefCd=34&kikanCd=7347342269&kikanKbn=5", "url2": null, "内容": "りんご薬局【5:薬局】広島県安芸郡海田町蟹原２－４－２９" }, "geometry": { "type": "Point", "coordinates": [ 132.544068, 34.372684 ] } },
{ "type": "Feature", "properties": { "ID": 3457347342270, "正式名称": "会営　二葉の里薬局", "機関区分": 5, "都道府県コード": 34, "市区町村コード": 102, "所在地": "広島県広島市東区二葉の里三丁目２番１号", "緯度": 34.401856, "経度": 132.475872, "url": "https://www.iryou.teikyouseido.mhlw.go.jp/znk-web/juminkanja/S2430/initialize?prefCd=34&kikanCd=7347342270&kikanKbn=5", "url2": "https://www.hiroyaku.or.jp/futabanosato", "内容": "会営　二葉の里薬局【5:薬局】広島県広島市東区二葉の里三丁目２番１号" }, "geometry": { "type": "Point", "coordinates": [ 132.475872, 34.401856 ] } },
{ "type": "Feature", "properties": { "ID": 3457347342271, "正式名称": "とも薬局", "機関区分": 5, "都道府県コード": 34, "市区町村コード": 106, "所在地": "広島県広島市安佐北区亀山二丁目８番２４号", "緯度": 34.520659, "経度": 132.501317, "url": "https://www.iryou.teikyouseido.mhlw.go.jp/znk-web/juminkanja/S2430/initialize?prefCd=34&kikanCd=7347342271&kikanKbn=5", "url2": null, "内容": "とも薬局【5:薬局】広島県広島市安佐北区亀山二丁目８番２４号" }, "geometry": { "type": "Point", "coordinates": [ 132.501317, 34.520659 ] } },
{ "type": "Feature", "properties": { "ID": 3457347342272, "正式名称": "ときわ薬局海光", "機関区分": 5, "都道府県コード": 34, "市区町村コード": 204, "所在地": "広島県三原市城町三丁目５－６", "緯度": 34.396947, "経度": 133.083135, "url": "https://www.iryou.teikyouseido.mhlw.go.jp/znk-web/juminkanja/S2430/initialize?prefCd=34&kikanCd=7347342272&kikanKbn=5", "url2": "http://tokiwa-pharmacy.com/shop/shop.html", "内容": "ときわ薬局海光【5:薬局】広島県三原市城町三丁目５－６" }, "geometry": { "type": "Point", "coordinates": [ 133.083135, 34.396947 ] } },
{ "type": "Feature", "properties": { "ID": 3457347342274, "正式名称": "ウォンツ　フレスポ西風新都薬局", "機関区分": 5, "都道府県コード": 34, "市区町村コード": 105, "所在地": "広島県広島市安佐南区伴南四丁目１番１号", "緯度": 34.44617, "経度": 132.378485, "url": "https://www.iryou.teikyouseido.mhlw.go.jp/znk-web/juminkanja/S2430/initialize?prefCd=34&kikanCd=7347342274&kikanKbn=5", "url2": "https://www.wants.co.jp", "内容": "ウォンツ　フレスポ西風新都薬局【5:薬局】広島県広島市安佐南区伴南四丁目１番１号" }, "geometry": { "type": "Point", "coordinates": [ 132.378485, 34.44617 ] } },
{ "type": "Feature", "properties": { "ID": 3457347342276, "正式名称": "クレハ薬局", "機関区分": 5, "都道府県コード": 34, "市区町村コード": 212, "所在地": "広島県東広島市黒瀬町兼沢１０７４－２", "緯度": 34.318071, "経度": 132.650743, "url": "https://www.iryou.teikyouseido.mhlw.go.jp/znk-web/juminkanja/S2430/initialize?prefCd=34&kikanCd=7347342276&kikanKbn=5", "url2": "https://shinme-futaba.co.jp", "内容": "クレハ薬局【5:薬局】広島県東広島市黒瀬町兼沢１０７４－２" }, "geometry": { "type": "Point", "coordinates": [ 132.650743, 34.318071 ] } },
{ "type": "Feature", "properties": { "ID": 3457347342277, "正式名称": "クオール薬局　御領店", "機関区分": 5, "都道府県コード": 34, "市区町村コード": 207, "所在地": "広島県福山市神辺町下御領５０１番地１", "緯度": 34.564969, "経度": 133.399005, "url": "https://www.iryou.teikyouseido.mhlw.go.jp/znk-web/juminkanja/S2430/initialize?prefCd=34&kikanCd=7347342277&kikanKbn=5", "url2": "https://www.qol-net.co.jp/pharmacy/map/detail.php?id=331", "内容": "クオール薬局　御領店【5:薬局】広島県福山市神辺町下御領５０１番地１" }, "geometry": { "type": "Point", "coordinates": [ 133.399005, 34.564969 ] } },
{ "type": "Feature", "properties": { "ID": 3457347342279, "正式名称": "ファミリー薬局", "機関区分": 5, "都道府県コード": 34, "市区町村コード": 207, "所在地": "広島県福山市新市町新市５５番地", "緯度": 34.5505, "経度": 133.279771, "url": "https://www.iryou.teikyouseido.mhlw.go.jp/znk-web/juminkanja/S2430/initialize?prefCd=34&kikanCd=7347342279&kikanKbn=5", "url2": "http://www.qol-net.co.jp", "内容": "ファミリー薬局【5:薬局】広島県福山市新市町新市５５番地" }, "geometry": { "type": "Point", "coordinates": [ 133.279771, 34.5505 ] } },
{ "type": "Feature", "properties": { "ID": 3457347342280, "正式名称": "ハート薬局　東雲店", "機関区分": 5, "都道府県コード": 34, "市区町村コード": 103, "所在地": "広島県広島市南区東雲本町一丁目１番３４号　１階", "緯度": 34.384284, "経度": 132.483579, "url": "https://www.iryou.teikyouseido.mhlw.go.jp/znk-web/juminkanja/S2430/initialize?prefCd=34&kikanCd=7347342280&kikanKbn=5", "url2": "https://www.qol net.co.jp/", "内容": "ハート薬局　東雲店【5:薬局】広島県広島市南区東雲本町一丁目１番３４号　１階" }, "geometry": { "type": "Point", "coordinates": [ 132.483579, 34.384284 ] } },
{ "type": "Feature", "properties": { "ID": 3457347342281, "正式名称": "ハート薬局　高陽店", "機関区分": 5, "都道府県コード": 34, "市区町村コード": 106, "所在地": "広島県広島市安佐北区口田三丁目１番１８号", "緯度": 34.465623, "経度": 132.504693, "url": "https://www.iryou.teikyouseido.mhlw.go.jp/znk-web/juminkanja/S2430/initialize?prefCd=34&kikanCd=7347342281&kikanKbn=5", "url2": "https://www.qol-net.co.jp/", "内容": "ハート薬局　高陽店【5:薬局】広島県広島市安佐北区口田三丁目１番１８号" }, "geometry": { "type": "Point", "coordinates": [ 132.504693, 34.465623 ] } },
{ "type": "Feature", "properties": { "ID": 3457347342282, "正式名称": "ハート薬局　神田店", "機関区分": 5, "都道府県コード": 34, "市区町村コード": 103, "所在地": "広島県広島市南区宇品神田五丁目２０番１３号　１Ｆ", "緯度": 34.357607, "経度": 132.464018, "url": "https://www.iryou.teikyouseido.mhlw.go.jp/znk-web/juminkanja/S2430/initialize?prefCd=34&kikanCd=7347342282&kikanKbn=5", "url2": "https://www.qol-net.co.jp/pharmacy/map/detail.php?id=671", "内容": "ハート薬局　神田店【5:薬局】広島県広島市南区宇品神田五丁目２０番１３号　１Ｆ" }, "geometry": { "type": "Point", "coordinates": [ 132.464018, 34.357607 ] } },
{ "type": "Feature", "properties": { "ID": 3457347342283, "正式名称": "クオール薬局　広島駅前通店", "機関区分": 5, "都道府県コード": 34, "市区町村コード": 103, "所在地": "広島県広島市南区松川町１番１５号　ポエム松川１階", "緯度": 34.390894, "経度": 132.471748, "url": "https://www.iryou.teikyouseido.mhlw.go.jp/znk-web/juminkanja/S2430/initialize?prefCd=34&kikanCd=7347342283&kikanKbn=5", "url2": "https://www.qol-net.co.jp/pharmacy/map/detail.php?id=384", "内容": "クオール薬局　広島駅前通店【5:薬局】広島県広島市南区松川町１番１５号　ポエム松川１階" }, "geometry": { "type": "Point", "coordinates": [ 132.471748, 34.390894 ] } },
{ "type": "Feature", "properties": { "ID": 3457347342285, "正式名称": "ハート薬局　観音店", "機関区分": 5, "都道府県コード": 34, "市区町村コード": 104, "所在地": "広島県広島市西区南観音二丁目７番１４号", "緯度": 34.384059, "経度": 132.430191, "url": "https://www.iryou.teikyouseido.mhlw.go.jp/znk-web/juminkanja/S2430/initialize?prefCd=34&kikanCd=7347342285&kikanKbn=5", "url2": "https://www.qol-net.co.jp/", "内容": "ハート薬局　観音店【5:薬局】広島県広島市西区南観音二丁目７番１４号" }, "geometry": { "type": "Point", "coordinates": [ 132.430191, 34.384059 ] } },
{ "type": "Feature", "properties": { "ID": 3457347342286, "正式名称": "若草薬局", "機関区分": 5, "都道府県コード": 34, "市区町村コード": 102, "所在地": "広島県広島市東区若草町５番３号　１階", "緯度": 34.397791, "経度": 132.48313, "url": "https://www.iryou.teikyouseido.mhlw.go.jp/znk-web/juminkanja/S2430/initialize?prefCd=34&kikanCd=7347342286&kikanKbn=5", "url2": "https://www.qol-net.co.jp/pharmacy/map/detail.php?id=672", "内容": "若草薬局【5:薬局】広島県広島市東区若草町５番３号　１階" }, "geometry": { "type": "Point", "coordinates": [ 132.48313, 34.397791 ] } },
{ "type": "Feature", "properties": { "ID": 3457347342287, "正式名称": "ハート薬局　八幡店", "機関区分": 5, "都道府県コード": 34, "市区町村コード": 108, "所在地": "広島県広島市佐伯区八幡二丁目６番１８号", "緯度": 34.39099, "経度": 132.35629, "url": "https://www.iryou.teikyouseido.mhlw.go.jp/znk-web/juminkanja/S2430/initialize?prefCd=34&kikanCd=7347342287&kikanKbn=5", "url2": "https://www.qol-net.co.jp/pharmacy/map/detail.php?id=669", "内容": "ハート薬局　八幡店【5:薬局】広島県広島市佐伯区八幡二丁目６番１８号" }, "geometry": { "type": "Point", "coordinates": [ 132.35629, 34.39099 ] } },
{ "type": "Feature", "properties": { "ID": 3457347342289, "正式名称": "ハート薬局　中央店", "機関区分": 5, "都道府県コード": 34, "市区町村コード": 103, "所在地": "広島県広島市南区宇品神田一丁目４番２８号　１Ｆ", "緯度": 34.36793, "経度": 132.465706, "url": "https://www.iryou.teikyouseido.mhlw.go.jp/znk-web/juminkanja/S2430/initialize?prefCd=34&kikanCd=7347342289&kikanKbn=5", "url2": "https://www.qol-net.co.jp", "内容": "ハート薬局　中央店【5:薬局】広島県広島市南区宇品神田一丁目４番２８号　１Ｆ" }, "geometry": { "type": "Point", "coordinates": [ 132.465706, 34.36793 ] } },
{ "type": "Feature", "properties": { "ID": 3457347342290, "正式名称": "ハート薬局　みなみ店", "機関区分": 5, "都道府県コード": 34, "市区町村コード": 103, "所在地": "広島県広島市南区皆実町四丁目２２番２号", "緯度": 34.374827, "経度": 132.471358, "url": "https://www.iryou.teikyouseido.mhlw.go.jp/znk-web/juminkanja/S2430/initialize?prefCd=34&kikanCd=7347342290&kikanKbn=5", "url2": "https://www.qol-net.co.jp/", "内容": "ハート薬局　みなみ店【5:薬局】広島県広島市南区皆実町四丁目２２番２号" }, "geometry": { "type": "Point", "coordinates": [ 132.471358, 34.374827 ] } },
{ "type": "Feature", "properties": { "ID": 3457347342292, "正式名称": "ハート薬局　温品店", "機関区分": 5, "都道府県コード": 34, "市区町村コード": 102, "所在地": "広島県広島市東区温品七丁目１０番１１－１４号", "緯度": 34.414795, "経度": 132.50987, "url": "https://www.iryou.teikyouseido.mhlw.go.jp/znk-web/juminkanja/S2430/initialize?prefCd=34&kikanCd=7347342292&kikanKbn=5", "url2": null, "内容": "ハート薬局　温品店【5:薬局】広島県広島市東区温品七丁目１０番１１－１４号" }, "geometry": { "type": "Point", "coordinates": [ 132.50987, 34.414795 ] } },
{ "type": "Feature", "properties": { "ID": 3457347342293, "正式名称": "有田薬局", "機関区分": 5, "都道府県コード": 34, "市区町村コード": 204, "所在地": "広島県三原市西宮一丁目２－１", "緯度": 34.402158, "経度": 133.071344, "url": "https://www.iryou.teikyouseido.mhlw.go.jp/znk-web/juminkanja/S2430/initialize?prefCd=34&kikanCd=7347342293&kikanKbn=5", "url2": null, "内容": "有田薬局【5:薬局】広島県三原市西宮一丁目２－１" }, "geometry": { "type": "Point", "coordinates": [ 133.071344, 34.402158 ] } },
{ "type": "Feature", "properties": { "ID": 3457347342294, "正式名称": "殿賀薬局", "機関区分": 5, "都道府県コード": 34, "市区町村コード": 368, "所在地": "広島県山県郡安芸太田町下殿河内７１０－５", "緯度": 34.587434, "経度": 132.292061, "url": "https://www.iryou.teikyouseido.mhlw.go.jp/znk-web/juminkanja/S2430/initialize?prefCd=34&kikanCd=7347342294&kikanKbn=5", "url2": "http://www.smile-pharmacy.jp/campaign/index.html", "内容": "殿賀薬局【5:薬局】広島県山県郡安芸太田町下殿河内７１０－５" }, "geometry": { "type": "Point", "coordinates": [ 132.292061, 34.587434 ] } },
{ "type": "Feature", "properties": { "ID": 3457347342295, "正式名称": "クオール薬局安芸太田店", "機関区分": 5, "都道府県コード": 34, "市区町村コード": 368, "所在地": "広島県山県郡安芸太田町下殿河内２３６－３", "緯度": 34.586801, "経度": 132.292461, "url": "https://www.iryou.teikyouseido.mhlw.go.jp/znk-web/juminkanja/S2430/initialize?prefCd=34&kikanCd=7347342295&kikanKbn=5", "url2": "https://www.qol-net.co.jp/pharmacy/map/detail.php?id=719", "内容": "クオール薬局安芸太田店【5:薬局】広島県山県郡安芸太田町下殿河内２３６－３" }, "geometry": { "type": "Point", "coordinates": [ 132.292461, 34.586801 ] } },
{ "type": "Feature", "properties": { "ID": 3457347342296, "正式名称": "つくし薬局", "機関区分": 5, "都道府県コード": 34, "市区町村コード": 368, "所在地": "広島県山県郡安芸太田町加計３４８５－１１", "緯度": 34.609398, "経度": 132.322932, "url": "https://www.iryou.teikyouseido.mhlw.go.jp/znk-web/juminkanja/S2430/initialize?prefCd=34&kikanCd=7347342296&kikanKbn=5", "url2": "https://store.qol-net.co.jp/detail/670/", "内容": "つくし薬局【5:薬局】広島県山県郡安芸太田町加計３４８５－１１" }, "geometry": { "type": "Point", "coordinates": [ 132.322932, 34.609398 ] } },
{ "type": "Feature", "properties": { "ID": 3457347342297, "正式名称": "クオール薬局　府川町店", "機関区分": 5, "都道府県コード": 34, "市区町村コード": 208, "所在地": "広島県府中市府川町１００－１７", "緯度": 34.568816, "経度": 133.241334, "url": "https://www.iryou.teikyouseido.mhlw.go.jp/znk-web/juminkanja/S2430/initialize?prefCd=34&kikanCd=7347342297&kikanKbn=5", "url2": "https://www.qol-net.co.jp/", "内容": "クオール薬局　府川町店【5:薬局】広島県府中市府川町１００－１７" }, "geometry": { "type": "Point", "coordinates": [ 133.241334, 34.568816 ] } },
{ "type": "Feature", "properties": { "ID": 3457347342298, "正式名称": "クオール薬局神石高原店", "機関区分": 5, "都道府県コード": 34, "市区町村コード": 545, "所在地": "広島県神石郡神石高原町小畠１７１１－３", "緯度": 34.712837, "経度": 133.261822, "url": "https://www.iryou.teikyouseido.mhlw.go.jp/znk-web/juminkanja/S2430/initialize?prefCd=34&kikanCd=7347342298&kikanKbn=5", "url2": "https://www.qol-net.co.jp/pharmacy/map/detail.php?id=588", "内容": "クオール薬局神石高原店【5:薬局】広島県神石郡神石高原町小畠１７１１－３" }, "geometry": { "type": "Point", "coordinates": [ 133.261822, 34.712837 ] } },
{ "type": "Feature", "properties": { "ID": 3457347342299, "正式名称": "クオール薬局　江田島店", "機関区分": 5, "都道府県コード": 34, "市区町村コード": 215, "所在地": "広島県江田島市能美町中町４７１５－６", "緯度": 34.225799, "経度": 132.452001, "url": "https://www.iryou.teikyouseido.mhlw.go.jp/znk-web/juminkanja/S2430/initialize?prefCd=34&kikanCd=7347342299&kikanKbn=5", "url2": "https://www.qol-net.co.jp/pharmacy/map/detail.php?id=577", "内容": "クオール薬局　江田島店【5:薬局】広島県江田島市能美町中町４７１５－６" }, "geometry": { "type": "Point", "coordinates": [ 132.452001, 34.225799 ] } },
{ "type": "Feature", "properties": { "ID": 3457347342300, "正式名称": "中村薬局", "機関区分": 5, "都道府県コード": 34, "市区町村コード": 108, "所在地": "広島県広島市佐伯区楽々園四丁目７番１号　１階", "緯度": 34.362968, "経度": 132.352272, "url": "https://www.iryou.teikyouseido.mhlw.go.jp/znk-web/juminkanja/S2430/initialize?prefCd=34&kikanCd=7347342300&kikanKbn=5", "url2": null, "内容": "中村薬局【5:薬局】広島県広島市佐伯区楽々園四丁目７番１号　１階" }, "geometry": { "type": "Point", "coordinates": [ 132.352272, 34.362968 ] } },
{ "type": "Feature", "properties": { "ID": 3457347342304, "正式名称": "オール薬局　堺町店", "機関区分": 5, "都道府県コード": 34, "市区町村コード": 101, "所在地": "広島県広島市中区堺町一丁目３番１０号　１Ｆ", "緯度": 34.394477, "経度": 132.447859, "url": "https://www.iryou.teikyouseido.mhlw.go.jp/znk-web/juminkanja/S2430/initialize?prefCd=34&kikanCd=7347342304&kikanKbn=5", "url2": "https://www.my-life.jp/owl/", "内容": "オール薬局　堺町店【5:薬局】広島県広島市中区堺町一丁目３番１０号　１Ｆ" }, "geometry": { "type": "Point", "coordinates": [ 132.447859, 34.394477 ] } },
{ "type": "Feature", "properties": { "ID": 3457347342305, "正式名称": "ひらもと薬局　阿賀店", "機関区分": 5, "都道府県コード": 34, "市区町村コード": 202, "所在地": "広島県呉市阿賀北３丁目４番１５号", "緯度": 34.251393, "経度": 132.591627, "url": "https://www.iryou.teikyouseido.mhlw.go.jp/znk-web/juminkanja/S2430/initialize?prefCd=34&kikanCd=7347342305&kikanKbn=5", "url2": "http://www.nov-cure.com", "内容": "ひらもと薬局　阿賀店【5:薬局】広島県呉市阿賀北３丁目４番１５号" }, "geometry": { "type": "Point", "coordinates": [ 132.591627, 34.251393 ] } },
{ "type": "Feature", "properties": { "ID": 3457347342306, "正式名称": "オリタ薬局　可部店", "機関区分": 5, "都道府県コード": 34, "市区町村コード": 106, "所在地": "広島県広島市安佐北区可部７丁目６－２", "緯度": 34.522054, "経度": 132.512013, "url": "https://www.iryou.teikyouseido.mhlw.go.jp/znk-web/juminkanja/S2430/initialize?prefCd=34&kikanCd=7347342306&kikanKbn=5", "url2": null, "内容": "オリタ薬局　可部店【5:薬局】広島県広島市安佐北区可部７丁目６－２" }, "geometry": { "type": "Point", "coordinates": [ 132.512013, 34.522054 ] } },
{ "type": "Feature", "properties": { "ID": 3457347342307, "正式名称": "株式会社みやじま薬局", "機関区分": 5, "都道府県コード": 34, "市区町村コード": 213, "所在地": "広島県廿日市市宮島町甲５９０－２", "緯度": 34.299313, "経度": 132.32151, "url": "https://www.iryou.teikyouseido.mhlw.go.jp/znk-web/juminkanja/S2430/initialize?prefCd=34&kikanCd=7347342307&kikanKbn=5", "url2": "ﾅｼ", "内容": "株式会社みやじま薬局【5:薬局】広島県廿日市市宮島町甲５９０－２" }, "geometry": { "type": "Point", "coordinates": [ 132.32151, 34.299313 ] } },
{ "type": "Feature", "properties": { "ID": 3457347342309, "正式名称": "日本調剤　天満町薬局", "機関区分": 5, "都道府県コード": 34, "市区町村コード": 104, "所在地": "広島県広島市西区天満町１３番１号　１階", "緯度": 34.39593, "経度": 132.44044, "url": "https://www.iryou.teikyouseido.mhlw.go.jp/znk-web/juminkanja/S2430/initialize?prefCd=34&kikanCd=7347342309&kikanKbn=5", "url2": "https://www.nicho.co.jp/tenpo/tenmachou/", "内容": "日本調剤　天満町薬局【5:薬局】広島県広島市西区天満町１３番１号　１階" }, "geometry": { "type": "Point", "coordinates": [ 132.44044, 34.39593 ] } },
{ "type": "Feature", "properties": { "ID": 3457347342310, "正式名称": "ウォンツ呉四ツ道路薬局", "機関区分": 5, "都道府県コード": 34, "市区町村コード": 202, "所在地": "広島県呉市本通２丁目６番１号", "緯度": 34.242833, "経度": 132.565238, "url": "https://www.iryou.teikyouseido.mhlw.go.jp/znk-web/juminkanja/S2430/initialize?prefCd=34&kikanCd=7347342310&kikanKbn=5", "url2": "https://www.wants.co.jp/", "内容": "ウォンツ呉四ツ道路薬局【5:薬局】広島県呉市本通２丁目６番１号" }, "geometry": { "type": "Point", "coordinates": [ 132.565238, 34.242833 ] } },
{ "type": "Feature", "properties": { "ID": 3457347342311, "正式名称": "ウォンツ薬局　メディカルモール吉島店", "機関区分": 5, "都道府県コード": 34, "市区町村コード": 101, "所在地": "広島県広島市中区吉島西二丁目１４番１２号　１階", "緯度": 34.372537, "経度": 132.444782, "url": "https://www.iryou.teikyouseido.mhlw.go.jp/znk-web/juminkanja/S2430/initialize?prefCd=34&kikanCd=7347342311&kikanKbn=5", "url2": "https://www.wants.co.jp", "内容": "ウォンツ薬局　メディカルモール吉島店【5:薬局】広島県広島市中区吉島西二丁目１４番１２号　１階" }, "geometry": { "type": "Point", "coordinates": [ 132.444782, 34.372537 ] } },
{ "type": "Feature", "properties": { "ID": 3457347342312, "正式名称": "古江ステーション薬局", "機関区分": 5, "都道府県コード": 34, "市区町村コード": 104, "所在地": "広島県広島市西区古江新町２番１２号　１階", "緯度": 34.385664, "経度": 132.411395, "url": "https://www.iryou.teikyouseido.mhlw.go.jp/znk-web/juminkanja/S2430/initialize?prefCd=34&kikanCd=7347342312&kikanKbn=5", "url2": null, "内容": "古江ステーション薬局【5:薬局】広島県広島市西区古江新町２番１２号　１階" }, "geometry": { "type": "Point", "coordinates": [ 132.411395, 34.385664 ] } },
{ "type": "Feature", "properties": { "ID": 3457347342313, "正式名称": "ウォンツ海田栄町薬局", "機関区分": 5, "都道府県コード": 34, "市区町村コード": 304, "所在地": "広島県安芸郡海田町栄町５－２９", "緯度": 34.362416, "経度": 132.534381, "url": "https://www.iryou.teikyouseido.mhlw.go.jp/znk-web/juminkanja/S2430/initialize?prefCd=34&kikanCd=7347342313&kikanKbn=5", "url2": "https://www.wants.co.jp", "内容": "ウォンツ海田栄町薬局【5:薬局】広島県安芸郡海田町栄町５－２９" }, "geometry": { "type": "Point", "coordinates": [ 132.534381, 34.362416 ] } },
{ "type": "Feature", "properties": { "ID": 3457347342314, "正式名称": "あおぞら薬局坂駅前店", "機関区分": 5, "都道府県コード": 34, "市区町村コード": 309, "所在地": "広島県安芸郡坂町坂西一丁目３－２１", "緯度": 34.339305, "経度": 132.512411, "url": "https://www.iryou.teikyouseido.mhlw.go.jp/znk-web/juminkanja/S2430/initialize?prefCd=34&kikanCd=7347342314&kikanKbn=5", "url2": null, "内容": "あおぞら薬局坂駅前店【5:薬局】広島県安芸郡坂町坂西一丁目３－２１" }, "geometry": { "type": "Point", "coordinates": [ 132.512411, 34.339305 ] } },
{ "type": "Feature", "properties": { "ID": 3457347342315, "正式名称": "舟入南薬局", "機関区分": 5, "都道府県コード": 34, "市区町村コード": 101, "所在地": "広島県広島市中区舟入南四丁目１６番８号　１階", "緯度": 34.375748, "経度": 132.438235, "url": "https://www.iryou.teikyouseido.mhlw.go.jp/znk-web/juminkanja/S2430/initialize?prefCd=34&kikanCd=7347342315&kikanKbn=5", "url2": "http://ms-pharmacy.jp", "内容": "舟入南薬局【5:薬局】広島県広島市中区舟入南四丁目１６番８号　１階" }, "geometry": { "type": "Point", "coordinates": [ 132.438235, 34.375748 ] } },
{ "type": "Feature", "properties": { "ID": 3457347342316, "正式名称": "せと薬局", "機関区分": 5, "都道府県コード": 34, "市区町村コード": 207, "所在地": "広島県福山市瀬戸町山北４４４番地２", "緯度": 34.47352, "経度": 133.313852, "url": "https://www.iryou.teikyouseido.mhlw.go.jp/znk-web/juminkanja/S2430/initialize?prefCd=34&kikanCd=7347342316&kikanKbn=5", "url2": "https://kitamitak.wixsite.com/website", "内容": "せと薬局【5:薬局】広島県福山市瀬戸町山北４４４番地２" }, "geometry": { "type": "Point", "coordinates": [ 133.313852, 34.47352 ] } },
{ "type": "Feature", "properties": { "ID": 3457347342317, "正式名称": "観音みなみ薬局", "機関区分": 5, "都道府県コード": 34, "市区町村コード": 104, "所在地": "広島県広島市西区南観音七丁目１４番２０号", "緯度": 34.378698, "経度": 132.42816, "url": "https://www.iryou.teikyouseido.mhlw.go.jp/znk-web/juminkanja/S2430/initialize?prefCd=34&kikanCd=7347342317&kikanKbn=5", "url2": "https://www.tsnishicho.com/", "内容": "観音みなみ薬局【5:薬局】広島県広島市西区南観音七丁目１４番２０号" }, "geometry": { "type": "Point", "coordinates": [ 132.42816, 34.378698 ] } },
{ "type": "Feature", "properties": { "ID": 3457347342320, "正式名称": "山百々漢方薬局", "機関区分": 5, "都道府県コード": 34, "市区町村コード": 108, "所在地": "広島県広島市佐伯区五日市五丁目１３番２６号", "緯度": 34.370539, "経度": 132.358392, "url": "https://www.iryou.teikyouseido.mhlw.go.jp/znk-web/juminkanja/S2430/initialize?prefCd=34&kikanCd=7347342320&kikanKbn=5", "url2": null, "内容": "山百々漢方薬局【5:薬局】広島県広島市佐伯区五日市五丁目１３番２６号" }, "geometry": { "type": "Point", "coordinates": [ 132.358392, 34.370539 ] } },
{ "type": "Feature", "properties": { "ID": 3457347342324, "正式名称": "タウン薬局　本郷店", "機関区分": 5, "都道府県コード": 34, "市区町村コード": 204, "所在地": "広島県三原市下北方一丁目７－２５", "緯度": 34.406638, "経度": 132.974609, "url": "https://www.iryou.teikyouseido.mhlw.go.jp/znk-web/juminkanja/S2430/initialize?prefCd=34&kikanCd=7347342324&kikanKbn=5", "url2": "http://www.g-town.co.jp/", "内容": "タウン薬局　本郷店【5:薬局】広島県三原市下北方一丁目７－２５" }, "geometry": { "type": "Point", "coordinates": [ 132.974609, 34.406638 ] } },
{ "type": "Feature", "properties": { "ID": 3457347342325, "正式名称": "あおぞら薬局　日赤病院前店", "機関区分": 5, "都道府県コード": 34, "市区町村コード": 101, "所在地": "広島県広島市中区千田町一丁目５番９号　平勝ビル１Ｆ", "緯度": 34.381052, "経度": 132.453178, "url": "https://www.iryou.teikyouseido.mhlw.go.jp/znk-web/juminkanja/S2430/initialize?prefCd=34&kikanCd=7347342325&kikanKbn=5", "url2": null, "内容": "あおぞら薬局　日赤病院前店【5:薬局】広島県広島市中区千田町一丁目５番９号　平勝ビル１Ｆ" }, "geometry": { "type": "Point", "coordinates": [ 132.453178, 34.381052 ] } },
{ "type": "Feature", "properties": { "ID": 3457347342326, "正式名称": "ウォンツ薬局　庚午中店", "機関区分": 5, "都道府県コード": 34, "市区町村コード": 104, "所在地": "広島県広島市西区庚午中三丁目５番１０号　峯野ビル１Ｆ", "緯度": 34.383302, "経度": 132.411372, "url": "https://www.iryou.teikyouseido.mhlw.go.jp/znk-web/juminkanja/S2430/initialize?prefCd=34&kikanCd=7347342326&kikanKbn=5", "url2": "https://www.wants.co.jp", "内容": "ウォンツ薬局　庚午中店【5:薬局】広島県広島市西区庚午中三丁目５番１０号　峯野ビル１Ｆ" }, "geometry": { "type": "Point", "coordinates": [ 132.411372, 34.383302 ] } },
{ "type": "Feature", "properties": { "ID": 3457347342328, "正式名称": "山陽堂薬局　へさか茶臼城山店", "機関区分": 5, "都道府県コード": 34, "市区町村コード": 102, "所在地": "広島県広島市東区戸坂南二丁目８番１３号　１階", "緯度": 34.42414, "経度": 132.49426, "url": "https://www.iryou.teikyouseido.mhlw.go.jp/znk-web/juminkanja/S2430/initialize?prefCd=34&kikanCd=7347342328&kikanKbn=5", "url2": "https://sanyoudou-hiroshima.com/", "内容": "山陽堂薬局　へさか茶臼城山店【5:薬局】広島県広島市東区戸坂南二丁目８番１３号　１階" }, "geometry": { "type": "Point", "coordinates": [ 132.49426, 34.42414 ] } },
{ "type": "Feature", "properties": { "ID": 3457347342329, "正式名称": "コスモス薬局　神辺店", "機関区分": 5, "都道府県コード": 34, "市区町村コード": 207, "所在地": "広島県福山市神辺町新湯野７４番地１８", "緯度": 34.552813, "経度": 133.389185, "url": "https://www.iryou.teikyouseido.mhlw.go.jp/znk-web/juminkanja/S2430/initialize?prefCd=34&kikanCd=7347342329&kikanKbn=5", "url2": "http://www.reliance-cosmos.co.jp/", "内容": "コスモス薬局　神辺店【5:薬局】広島県福山市神辺町新湯野７４番地１８" }, "geometry": { "type": "Point", "coordinates": [ 133.389185, 34.552813 ] } },
{ "type": "Feature", "properties": { "ID": 3457347342330, "正式名称": "ファーマシィ薬局引野", "機関区分": 5, "都道府県コード": 34, "市区町村コード": 207, "所在地": "広島県福山市引野町北五丁目８番１６号", "緯度": 34.499497, "経度": 133.417054, "url": "https://www.iryou.teikyouseido.mhlw.go.jp/znk-web/juminkanja/S2430/initialize?prefCd=34&kikanCd=7347342330&kikanKbn=5", "url2": "http://www.pharmacy-net.co.jp", "内容": "ファーマシィ薬局引野【5:薬局】広島県福山市引野町北五丁目８番１６号" }, "geometry": { "type": "Point", "coordinates": [ 133.417054, 34.499497 ] } },
{ "type": "Feature", "properties": { "ID": 3457347342331, "正式名称": "ウォンツ　八丁堀電停前薬局", "機関区分": 5, "都道府県コード": 34, "市区町村コード": 101, "所在地": "広島県広島市中区八丁堀１４番１０号　１階", "緯度": 34.394658, "経度": 132.463318, "url": "https://www.iryou.teikyouseido.mhlw.go.jp/znk-web/juminkanja/S2430/initialize?prefCd=34&kikanCd=7347342331&kikanKbn=5", "url2": "https://www.wants.co.jp/", "内容": "ウォンツ　八丁堀電停前薬局【5:薬局】広島県広島市中区八丁堀１４番１０号　１階" }, "geometry": { "type": "Point", "coordinates": [ 132.463318, 34.394658 ] } },
{ "type": "Feature", "properties": { "ID": 3457347342332, "正式名称": "さくらんぼ薬局　東深津店", "機関区分": 5, "都道府県コード": 34, "市区町村コード": 207, "所在地": "広島県福山市東深津町二丁目８番３１号", "緯度": 34.49614, "経度": 133.391427, "url": "https://www.iryou.teikyouseido.mhlw.go.jp/znk-web/juminkanja/S2430/initialize?prefCd=34&kikanCd=7347342332&kikanKbn=5", "url2": "https://sakurams.co.jp", "内容": "さくらんぼ薬局　東深津店【5:薬局】広島県福山市東深津町二丁目８番３１号" }, "geometry": { "type": "Point", "coordinates": [ 133.391427, 34.49614 ] } },
{ "type": "Feature", "properties": { "ID": 3457347342333, "正式名称": "かえで薬局", "機関区分": 5, "都道府県コード": 34, "市区町村コード": 207, "所在地": "広島県福山市南蔵王町四丁目１２番２７号", "緯度": 34.498926, "経度": 133.396274, "url": "https://www.iryou.teikyouseido.mhlw.go.jp/znk-web/juminkanja/S2430/initialize?prefCd=34&kikanCd=7347342333&kikanKbn=5", "url2": "http://www.innoshima-ph.com/", "内容": "かえで薬局【5:薬局】広島県福山市南蔵王町四丁目１２番２７号" }, "geometry": { "type": "Point", "coordinates": [ 133.396274, 34.498926 ] } },
{ "type": "Feature", "properties": { "ID": 3457347342334, "正式名称": "さくらんぼ薬局　長楽寺店", "機関区分": 5, "都道府県コード": 34, "市区町村コード": 105, "所在地": "広島県広島市安佐南区長楽寺１丁目１５番３号", "緯度": 34.471723, "経度": 132.430629, "url": "https://www.iryou.teikyouseido.mhlw.go.jp/znk-web/juminkanja/S2430/initialize?prefCd=34&kikanCd=7347342334&kikanKbn=5", "url2": "https://sakurams.co.jp/", "内容": "さくらんぼ薬局　長楽寺店【5:薬局】広島県広島市安佐南区長楽寺１丁目１５番３号" }, "geometry": { "type": "Point", "coordinates": [ 132.430629, 34.471723 ] } },
{ "type": "Feature", "properties": { "ID": 3457347342336, "正式名称": "コスモス薬局西条店", "機関区分": 5, "都道府県コード": 34, "市区町村コード": 212, "所在地": "広島県東広島市西条町寺家５０２２－１", "緯度": 34.427671, "経度": 132.722272, "url": "https://www.iryou.teikyouseido.mhlw.go.jp/znk-web/juminkanja/S2430/initialize?prefCd=34&kikanCd=7347342336&kikanKbn=5", "url2": "http://www.reliance-cosmos.co.jp/", "内容": "コスモス薬局西条店【5:薬局】広島県東広島市西条町寺家５０２２－１" }, "geometry": { "type": "Point", "coordinates": [ 132.722272, 34.427671 ] } },
{ "type": "Feature", "properties": { "ID": 3457347342337, "正式名称": "どんぐり薬局", "機関区分": 5, "都道府県コード": 34, "市区町村コード": 207, "所在地": "広島県福山市多治米町一丁目１１番２５号", "緯度": 34.473503, "経度": 133.382702, "url": "https://www.iryou.teikyouseido.mhlw.go.jp/znk-web/juminkanja/S2430/initialize?prefCd=34&kikanCd=7347342337&kikanKbn=5", "url2": "https://www.facebook.com/profile.php?id=100086006846862", "内容": "どんぐり薬局【5:薬局】広島県福山市多治米町一丁目１１番２５号" }, "geometry": { "type": "Point", "coordinates": [ 133.382702, 34.473503 ] } },
{ "type": "Feature", "properties": { "ID": 3457347342338, "正式名称": "あすか薬局　中筋店", "機関区分": 5, "都道府県コード": 34, "市区町村コード": 105, "所在地": "広島県広島市安佐南区中筋一丁目９番１０号", "緯度": 34.450312, "経度": 132.476294, "url": "https://www.iryou.teikyouseido.mhlw.go.jp/znk-web/juminkanja/S2430/initialize?prefCd=34&kikanCd=7347342338&kikanKbn=5", "url2": "hiips//www.asuka-ph.jp", "内容": "あすか薬局　中筋店【5:薬局】広島県広島市安佐南区中筋一丁目９番１０号" }, "geometry": { "type": "Point", "coordinates": [ 132.476294, 34.450312 ] } },
{ "type": "Feature", "properties": { "ID": 3457347342341, "正式名称": "にしたかや薬局", "機関区分": 5, "都道府県コード": 34, "市区町村コード": 212, "所在地": "広島県東広島市高屋町中島３１－１", "緯度": 34.4453, "経度": 132.793136, "url": "https://www.iryou.teikyouseido.mhlw.go.jp/znk-web/juminkanja/S2430/initialize?prefCd=34&kikanCd=7347342341&kikanKbn=5", "url2": "https://kenshinp.jp/", "内容": "にしたかや薬局【5:薬局】広島県東広島市高屋町中島３１－１" }, "geometry": { "type": "Point", "coordinates": [ 132.793136, 34.4453 ] } },
{ "type": "Feature", "properties": { "ID": 3457347342342, "正式名称": "ププレひまわり薬局　川北店", "機関区分": 5, "都道府県コード": 34, "市区町村コード": 207, "所在地": "広島県福山市神辺町川北３６２番地", "緯度": 34.543413, "経度": 133.386296, "url": "https://www.iryou.teikyouseido.mhlw.go.jp/znk-web/juminkanja/S2430/initialize?prefCd=34&kikanCd=7347342342&kikanKbn=5", "url2": "https://himawarinews.com/store/kawakita_f/", "内容": "ププレひまわり薬局　川北店【5:薬局】広島県福山市神辺町川北３６２番地" }, "geometry": { "type": "Point", "coordinates": [ 133.386296, 34.543413 ] } },
{ "type": "Feature", "properties": { "ID": 3457347342343, "正式名称": "山下薬局", "機関区分": 5, "都道府県コード": 34, "市区町村コード": 106, "所在地": "広島県広島市安佐北区可部南三丁目９番４５号", "緯度": 34.50247, "経度": 132.515304, "url": "https://www.iryou.teikyouseido.mhlw.go.jp/znk-web/juminkanja/S2430/initialize?prefCd=34&kikanCd=7347342343&kikanKbn=5", "url2": null, "内容": "山下薬局【5:薬局】広島県広島市安佐北区可部南三丁目９番４５号" }, "geometry": { "type": "Point", "coordinates": [ 132.515304, 34.50247 ] } },
{ "type": "Feature", "properties": { "ID": 3457347342344, "正式名称": "そよかぜ薬局", "機関区分": 5, "都道府県コード": 34, "市区町村コード": 105, "所在地": "広島県広島市安佐南区上安町二丁目５番２６号", "緯度": 34.491181, "経度": 132.444217, "url": "https://www.iryou.teikyouseido.mhlw.go.jp/znk-web/juminkanja/S2430/initialize?prefCd=34&kikanCd=7347342344&kikanKbn=5", "url2": null, "内容": "そよかぜ薬局【5:薬局】広島県広島市安佐南区上安町二丁目５番２６号" }, "geometry": { "type": "Point", "coordinates": [ 132.444217, 34.491181 ] } },
{ "type": "Feature", "properties": { "ID": 3457347342345, "正式名称": "サン薬局", "機関区分": 5, "都道府県コード": 34, "市区町村コード": 211, "所在地": "広島県大竹市油見一丁目９－１０", "緯度": 34.217042, "経度": 132.218744, "url": "https://www.iryou.teikyouseido.mhlw.go.jp/znk-web/juminkanja/S2430/initialize?prefCd=34&kikanCd=7347342345&kikanKbn=5", "url2": null, "内容": "サン薬局【5:薬局】広島県大竹市油見一丁目９－１０" }, "geometry": { "type": "Point", "coordinates": [ 132.218744, 34.217042 ] } },
{ "type": "Feature", "properties": { "ID": 3457347342346, "正式名称": "ウォンツ宮内薬局", "機関区分": 5, "都道府県コード": 34, "市区町村コード": 213, "所在地": "広島県廿日市市宮内４４７９", "緯度": 34.344946, "経度": 132.306557, "url": "https://www.iryou.teikyouseido.mhlw.go.jp/znk-web/juminkanja/S2430/initialize?prefCd=34&kikanCd=7347342346&kikanKbn=5", "url2": "https://www.wants.co.jp/", "内容": "ウォンツ宮内薬局【5:薬局】広島県廿日市市宮内４４７９" }, "geometry": { "type": "Point", "coordinates": [ 132.306557, 34.344946 ] } },
{ "type": "Feature", "properties": { "ID": 3457347342348, "正式名称": "麻生薬局", "機関区分": 5, "都道府県コード": 34, "市区町村コード": 205, "所在地": "広島県尾道市久保一丁目１３－１６", "緯度": 34.409894, "経度": 133.205399, "url": "https://www.iryou.teikyouseido.mhlw.go.jp/znk-web/juminkanja/S2430/initialize?prefCd=34&kikanCd=7347342348&kikanKbn=5", "url2": null, "内容": "麻生薬局【5:薬局】広島県尾道市久保一丁目１３－１６" }, "geometry": { "type": "Point", "coordinates": [ 133.205399, 34.409894 ] } },
{ "type": "Feature", "properties": { "ID": 3457347342349, "正式名称": "ウォンツ西条西薬局", "機関区分": 5, "都道府県コード": 34, "市区町村コード": 212, "所在地": "広島県東広島市西条町寺家３７９１－１", "緯度": 34.438915, "経度": 132.720058, "url": "https://www.iryou.teikyouseido.mhlw.go.jp/znk-web/juminkanja/S2430/initialize?prefCd=34&kikanCd=7347342349&kikanKbn=5", "url2": "https://www.wants.co.jp/", "内容": "ウォンツ西条西薬局【5:薬局】広島県東広島市西条町寺家３７９１－１" }, "geometry": { "type": "Point", "coordinates": [ 132.720058, 34.438915 ] } },
{ "type": "Feature", "properties": { "ID": 3457347342350, "正式名称": "ププレひまわり薬局　伴東店", "機関区分": 5, "都道府県コード": 34, "市区町村コード": 105, "所在地": "広島県広島市安佐南区伴東五丁目２１番２号", "緯度": 34.466956, "経度": 132.421952, "url": "https://www.iryou.teikyouseido.mhlw.go.jp/znk-web/juminkanja/S2430/initialize?prefCd=34&kikanCd=7347342350&kikanKbn=5", "url2": "https://himawarinews.com/store/tomohigashi_f/", "内容": "ププレひまわり薬局　伴東店【5:薬局】広島県広島市安佐南区伴東五丁目２１番２号" }, "geometry": { "type": "Point", "coordinates": [ 132.421952, 34.466956 ] } },
{ "type": "Feature", "properties": { "ID": 3457347342351, "正式名称": "はる薬局", "機関区分": 5, "都道府県コード": 34, "市区町村コード": 105, "所在地": "広島県広島市安佐南区山本新町二丁目１８番９－１０号　１Ｆ", "緯度": 34.440568, "経度": 132.434522, "url": "https://www.iryou.teikyouseido.mhlw.go.jp/znk-web/juminkanja/S2430/initialize?prefCd=34&kikanCd=7347342351&kikanKbn=5", "url2": null, "内容": "はる薬局【5:薬局】広島県広島市安佐南区山本新町二丁目１８番９－１０号　１Ｆ" }, "geometry": { "type": "Point", "coordinates": [ 132.434522, 34.440568 ] } },
{ "type": "Feature", "properties": { "ID": 3457347342352, "正式名称": "さゆり堂薬局", "機関区分": 5, "都道府県コード": 34, "市区町村コード": 107, "所在地": "広島県広島市安芸区矢野西四丁目９番１０号　１階", "緯度": 34.35141, "経度": 132.531022, "url": "https://www.iryou.teikyouseido.mhlw.go.jp/znk-web/juminkanja/S2430/initialize?prefCd=34&kikanCd=7347342352&kikanKbn=5", "url2": null, "内容": "さゆり堂薬局【5:薬局】広島県広島市安芸区矢野西四丁目９番１０号　１階" }, "geometry": { "type": "Point", "coordinates": [ 132.531022, 34.35141 ] } },
{ "type": "Feature", "properties": { "ID": 3457347342353, "正式名称": "全快堂薬局　温品店", "機関区分": 5, "都道府県コード": 34, "市区町村コード": 102, "所在地": "広島県広島市東区温品四丁目２１番９号", "緯度": 34.407996, "経度": 132.507737, "url": "https://www.iryou.teikyouseido.mhlw.go.jp/znk-web/juminkanja/S2430/initialize?prefCd=34&kikanCd=7347342353&kikanKbn=5", "url2": "https://zenkaidou.co.jp/", "内容": "全快堂薬局　温品店【5:薬局】広島県広島市東区温品四丁目２１番９号" }, "geometry": { "type": "Point", "coordinates": [ 132.507737, 34.407996 ] } },
{ "type": "Feature", "properties": { "ID": 3457347342355, "正式名称": "のぞみ薬局", "機関区分": 5, "都道府県コード": 34, "市区町村コード": 205, "所在地": "広島県尾道市因島重井町５２３２－４", "緯度": 34.317393, "経度": 133.147105, "url": "https://www.iryou.teikyouseido.mhlw.go.jp/znk-web/juminkanja/S2430/initialize?prefCd=34&kikanCd=7347342355&kikanKbn=5", "url2": "http://www.innoshima-ph.com/", "内容": "のぞみ薬局【5:薬局】広島県尾道市因島重井町５２３２－４" }, "geometry": { "type": "Point", "coordinates": [ 133.147105, 34.317393 ] } },
{ "type": "Feature", "properties": { "ID": 3457347342356, "正式名称": "ウォンツ　緑井薬局", "機関区分": 5, "都道府県コード": 34, "市区町村コード": 105, "所在地": "広島県広島市安佐南区緑井三丁目１７番２０号", "緯度": 34.46888, "経度": 132.468461, "url": "https://www.iryou.teikyouseido.mhlw.go.jp/znk-web/juminkanja/S2430/initialize?prefCd=34&kikanCd=7347342356&kikanKbn=5", "url2": "https://www.wants.co.jp/", "内容": "ウォンツ　緑井薬局【5:薬局】広島県広島市安佐南区緑井三丁目１７番２０号" }, "geometry": { "type": "Point", "coordinates": [ 132.468461, 34.46888 ] } },
{ "type": "Feature", "properties": { "ID": 3457347342357, "正式名称": "ウォンツ亀山薬局", "機関区分": 5, "都道府県コード": 34, "市区町村コード": 106, "所在地": "広島県広島市安佐北区亀山三丁目３番１９号", "緯度": 34.524398, "経度": 132.49955, "url": "https://www.iryou.teikyouseido.mhlw.go.jp/znk-web/juminkanja/S2430/initialize?prefCd=34&kikanCd=7347342357&kikanKbn=5", "url2": "https://www.wants.co.jp/", "内容": "ウォンツ亀山薬局【5:薬局】広島県広島市安佐北区亀山三丁目３番１９号" }, "geometry": { "type": "Point", "coordinates": [ 132.49955, 34.524398 ] } },
{ "type": "Feature", "properties": { "ID": 3457347342358, "正式名称": "みつ漢方薬局", "機関区分": 5, "都道府県コード": 34, "市区町村コード": 214, "所在地": "広島県安芸高田市吉田町吉田５４４－１", "緯度": 34.670225, "経度": 132.700202, "url": "https://www.iryou.teikyouseido.mhlw.go.jp/znk-web/juminkanja/S2430/initialize?prefCd=34&kikanCd=7347342358&kikanKbn=5", "url2": "https://kanpou-hiroshima.com/", "内容": "みつ漢方薬局【5:薬局】広島県安芸高田市吉田町吉田５４４－１" }, "geometry": { "type": "Point", "coordinates": [ 132.700202, 34.670225 ] } },
{ "type": "Feature", "properties": { "ID": 3457347342362, "正式名称": "大野オレンジ薬局", "機関区分": 5, "都道府県コード": 34, "市区町村コード": 213, "所在地": "広島県廿日市市大野中央三丁目２－３４", "緯度": 34.290036, "経度": 132.272018, "url": "https://www.iryou.teikyouseido.mhlw.go.jp/znk-web/juminkanja/S2430/initialize?prefCd=34&kikanCd=7347342362&kikanKbn=5", "url2": null, "内容": "大野オレンジ薬局【5:薬局】広島県廿日市市大野中央三丁目２－３４" }, "geometry": { "type": "Point", "coordinates": [ 132.272018, 34.290036 ] } },
{ "type": "Feature", "properties": { "ID": 3457347342363, "正式名称": "オリーブ薬局", "機関区分": 5, "都道府県コード": 34, "市区町村コード": 207, "所在地": "広島県福山市沼隈町草深１９６３番地１", "緯度": 34.388851, "経度": 133.323421, "url": "https://www.iryou.teikyouseido.mhlw.go.jp/znk-web/juminkanja/S2430/initialize?prefCd=34&kikanCd=7347342363&kikanKbn=5", "url2": null, "内容": "オリーブ薬局【5:薬局】広島県福山市沼隈町草深１９６３番地１" }, "geometry": { "type": "Point", "coordinates": [ 133.323421, 34.388851 ] } },
{ "type": "Feature", "properties": { "ID": 3457347342364, "正式名称": "市薬局", "機関区分": 5, "都道府県コード": 34, "市区町村コード": 205, "所在地": "広島県尾道市御調町市１００", "緯度": 34.515699, "経度": 133.148619, "url": "https://www.iryou.teikyouseido.mhlw.go.jp/znk-web/juminkanja/S2430/initialize?prefCd=34&kikanCd=7347342364&kikanKbn=5", "url2": null, "内容": "市薬局【5:薬局】広島県尾道市御調町市１００" }, "geometry": { "type": "Point", "coordinates": [ 133.148619, 34.515699 ] } },
{ "type": "Feature", "properties": { "ID": 3457347342365, "正式名称": "ひらもと薬局海田店", "機関区分": 5, "都道府県コード": 34, "市区町村コード": 304, "所在地": "広島県安芸郡海田町稲荷町７－１５", "緯度": 34.373061, "経度": 132.532811, "url": "https://www.iryou.teikyouseido.mhlw.go.jp/znk-web/juminkanja/S2430/initialize?prefCd=34&kikanCd=7347342365&kikanKbn=5", "url2": "https://nov-cure.com", "内容": "ひらもと薬局海田店【5:薬局】広島県安芸郡海田町稲荷町７－１５" }, "geometry": { "type": "Point", "coordinates": [ 132.532811, 34.373061 ] } },
{ "type": "Feature", "properties": { "ID": 3457347342370, "正式名称": "ウォンツ薬局　呉共済病院前店", "機関区分": 5, "都道府県コード": 34, "市区町村コード": 202, "所在地": "広島県呉市西中央３丁目２番２号", "緯度": 34.249375, "経度": 132.558773, "url": "https://www.iryou.teikyouseido.mhlw.go.jp/znk-web/juminkanja/S2430/initialize?prefCd=34&kikanCd=7347342370&kikanKbn=5", "url2": "https://www.wants.co.jp/", "内容": "ウォンツ薬局　呉共済病院前店【5:薬局】広島県呉市西中央３丁目２番２号" }, "geometry": { "type": "Point", "coordinates": [ 132.558773, 34.249375 ] } },
{ "type": "Feature", "properties": { "ID": 3457347342372, "正式名称": "川北薬局", "機関区分": 5, "都道府県コード": 34, "市区町村コード": 207, "所在地": "広島県福山市神辺町川北９１０番地２", "緯度": 34.546873, "経度": 133.381863, "url": "https://www.iryou.teikyouseido.mhlw.go.jp/znk-web/juminkanja/S2430/initialize?prefCd=34&kikanCd=7347342372&kikanKbn=5", "url2": null, "内容": "川北薬局【5:薬局】広島県福山市神辺町川北９１０番地２" }, "geometry": { "type": "Point", "coordinates": [ 133.381863, 34.546873 ] } },
{ "type": "Feature", "properties": { "ID": 3457347342373, "正式名称": "オレンジ薬局　光南店", "機関区分": 5, "都道府県コード": 34, "市区町村コード": 207, "所在地": "広島県福山市光南町三丁目７番１２号", "緯度": 34.475879, "経度": 133.367683, "url": "https://www.iryou.teikyouseido.mhlw.go.jp/znk-web/juminkanja/S2430/initialize?prefCd=34&kikanCd=7347342373&kikanKbn=5", "url2": null, "内容": "オレンジ薬局　光南店【5:薬局】広島県福山市光南町三丁目７番１２号" }, "geometry": { "type": "Point", "coordinates": [ 133.367683, 34.475879 ] } },
{ "type": "Feature", "properties": { "ID": 3457347342374, "正式名称": "ファースト薬局宮島口店", "機関区分": 5, "都道府県コード": 34, "市区町村コード": 213, "所在地": "広島県廿日市市宮島口一丁目４－１３", "緯度": 34.310948, "経度": 132.302728, "url": "https://www.iryou.teikyouseido.mhlw.go.jp/znk-web/juminkanja/S2430/initialize?prefCd=34&kikanCd=7347342374&kikanKbn=5", "url2": "https://pharmacy1st.org/", "内容": "ファースト薬局宮島口店【5:薬局】広島県廿日市市宮島口一丁目４－１３" }, "geometry": { "type": "Point", "coordinates": [ 132.302728, 34.310948 ] } },
{ "type": "Feature", "properties": { "ID": 3457347342375, "正式名称": "あい薬局田辺健康館", "機関区分": 5, "都道府県コード": 34, "市区町村コード": 205, "所在地": "広島県尾道市古浜町９－１", "緯度": 34.398976, "経度": 133.173638, "url": "https://www.iryou.teikyouseido.mhlw.go.jp/znk-web/juminkanja/S2430/initialize?prefCd=34&kikanCd=7347342375&kikanKbn=5", "url2": "http://xn--l8je4984a4v8a.com/", "内容": "あい薬局田辺健康館【5:薬局】広島県尾道市古浜町９－１" }, "geometry": { "type": "Point", "coordinates": [ 133.173638, 34.398976 ] } },
{ "type": "Feature", "properties": { "ID": 3457347342376, "正式名称": "そうごう薬局　串戸店", "機関区分": 5, "都道府県コード": 34, "市区町村コード": 213, "所在地": "広島県廿日市市串戸五丁目３－５０", "緯度": 34.349602, "経度": 132.320745, "url": "https://www.iryou.teikyouseido.mhlw.go.jp/znk-web/juminkanja/S2430/initialize?prefCd=34&kikanCd=7347342376&kikanKbn=5", "url2": "https://www.sogo-medical.co.jp/", "内容": "そうごう薬局　串戸店【5:薬局】広島県廿日市市串戸五丁目３－５０" }, "geometry": { "type": "Point", "coordinates": [ 132.320745, 34.349602 ] } },
{ "type": "Feature", "properties": { "ID": 3457347342377, "正式名称": "ソルベ薬局　呉本通店", "機関区分": 5, "都道府県コード": 34, "市区町村コード": 202, "所在地": "広島県呉市本通４丁目９番２３号", "緯度": 34.24591, "経度": 132.568351, "url": "https://www.iryou.teikyouseido.mhlw.go.jp/znk-web/juminkanja/S2430/initialize?prefCd=34&kikanCd=7347342377&kikanKbn=5", "url2": "https://www.sorube-pharmacy.com", "内容": "ソルベ薬局　呉本通店【5:薬局】広島県呉市本通４丁目９番２３号" }, "geometry": { "type": "Point", "coordinates": [ 132.568351, 34.24591 ] } },
{ "type": "Feature", "properties": { "ID": 3457347342379, "正式名称": "さつき薬局", "機関区分": 5, "都道府県コード": 34, "市区町村コード": 205, "所在地": "広島県尾道市御調町神１０２－１７", "緯度": 34.515247, "経度": 133.147361, "url": "https://www.iryou.teikyouseido.mhlw.go.jp/znk-web/juminkanja/S2430/initialize?prefCd=34&kikanCd=7347342379&kikanKbn=5", "url2": null, "内容": "さつき薬局【5:薬局】広島県尾道市御調町神１０２－１７" }, "geometry": { "type": "Point", "coordinates": [ 133.147361, 34.515247 ] } },
{ "type": "Feature", "properties": { "ID": 3457347342381, "正式名称": "ミック・西条栄町薬局", "機関区分": 5, "都道府県コード": 34, "市区町村コード": 212, "所在地": "広島県東広島市西条栄町２－２３アリエテナントＢ", "緯度": 34.429012, "経度": 132.743956, "url": "https://www.iryou.teikyouseido.mhlw.go.jp/znk-web/juminkanja/S2430/initialize?prefCd=34&kikanCd=7347342381&kikanKbn=5", "url2": "https://mikk-ligar.jp/shop/mikk/mikk-saijosakae.html", "内容": "ミック・西条栄町薬局【5:薬局】広島県東広島市西条栄町２－２３アリエテナントＢ" }, "geometry": { "type": "Point", "coordinates": [ 132.743956, 34.429012 ] } },
{ "type": "Feature", "properties": { "ID": 3457347342382, "正式名称": "バンブー薬局", "機関区分": 5, "都道府県コード": 34, "市区町村コード": 203, "所在地": "広島県竹原市中央３－３－２", "緯度": 34.343078, "経度": 132.907066, "url": "https://www.iryou.teikyouseido.mhlw.go.jp/znk-web/juminkanja/S2430/initialize?prefCd=34&kikanCd=7347342382&kikanKbn=5", "url2": "https://lin.ee/Oet4Cth", "内容": "バンブー薬局【5:薬局】広島県竹原市中央３－３－２" }, "geometry": { "type": "Point", "coordinates": [ 132.907066, 34.343078 ] } },
{ "type": "Feature", "properties": { "ID": 3457347342383, "正式名称": "オール薬局　備後府中店", "機関区分": 5, "都道府県コード": 34, "市区町村コード": 208, "所在地": "広島県府中市府川町４６５－１", "緯度": 34.56632, "経度": 133.238425, "url": "https://www.iryou.teikyouseido.mhlw.go.jp/znk-web/juminkanja/S2430/initialize?prefCd=34&kikanCd=7347342383&kikanKbn=5", "url2": "https://www.my-life.jp", "内容": "オール薬局　備後府中店【5:薬局】広島県府中市府川町４６５－１" }, "geometry": { "type": "Point", "coordinates": [ 133.238425, 34.56632 ] } },
{ "type": "Feature", "properties": { "ID": 3457347342384, "正式名称": "オール薬局　近田店", "機関区分": 5, "都道府県コード": 34, "市区町村コード": 207, "所在地": "広島県福山市駅家町近田１１７番地６", "緯度": 34.543416, "経度": 133.311356, "url": "https://www.iryou.teikyouseido.mhlw.go.jp/znk-web/juminkanja/S2430/initialize?prefCd=34&kikanCd=7347342384&kikanKbn=5", "url2": null, "内容": "オール薬局　近田店【5:薬局】広島県福山市駅家町近田１１７番地６" }, "geometry": { "type": "Point", "coordinates": [ 133.311356, 34.543416 ] } },
{ "type": "Feature", "properties": { "ID": 3457347342385, "正式名称": "オール薬局　駅家店", "機関区分": 5, "都道府県コード": 34, "市区町村コード": 207, "所在地": "広島県福山市駅家町倉光１５６番地３", "緯度": 34.54175, "経度": 133.327476, "url": "https://www.iryou.teikyouseido.mhlw.go.jp/znk-web/juminkanja/S2430/initialize?prefCd=34&kikanCd=7347342385&kikanKbn=5", "url2": null, "内容": "オール薬局　駅家店【5:薬局】広島県福山市駅家町倉光１５６番地３" }, "geometry": { "type": "Point", "coordinates": [ 133.327476, 34.54175 ] } },
{ "type": "Feature", "properties": { "ID": 3457347342386, "正式名称": "オール薬局　松浜店", "機関区分": 5, "都道府県コード": 34, "市区町村コード": 207, "所在地": "広島県福山市松浜町四丁目５番２６号", "緯度": 34.477634, "経度": 133.378588, "url": "https://www.iryou.teikyouseido.mhlw.go.jp/znk-web/juminkanja/S2430/initialize?prefCd=34&kikanCd=7347342386&kikanKbn=5", "url2": "https://www.e-classa.net/owl-matsuhama", "内容": "オール薬局　松浜店【5:薬局】広島県福山市松浜町四丁目５番２６号" }, "geometry": { "type": "Point", "coordinates": [ 133.378588, 34.477634 ] } },
{ "type": "Feature", "properties": { "ID": 3457347342387, "正式名称": "四季が丘薬局", "機関区分": 5, "都道府県コード": 34, "市区町村コード": 213, "所在地": "広島県廿日市市四季が丘五丁目１３－６", "緯度": 34.347838, "経度": 132.294434, "url": "https://www.iryou.teikyouseido.mhlw.go.jp/znk-web/juminkanja/S2430/initialize?prefCd=34&kikanCd=7347342387&kikanKbn=5", "url2": null, "内容": "四季が丘薬局【5:薬局】広島県廿日市市四季が丘五丁目１３－６" }, "geometry": { "type": "Point", "coordinates": [ 132.294434, 34.347838 ] } },
{ "type": "Feature", "properties": { "ID": 3457347342389, "正式名称": "いちご薬局", "機関区分": 5, "都道府県コード": 34, "市区町村コード": 207, "所在地": "広島県福山市光南町一丁目５番４号", "緯度": 34.481318, "経度": 133.366611, "url": "https://www.iryou.teikyouseido.mhlw.go.jp/znk-web/juminkanja/S2430/initialize?prefCd=34&kikanCd=7347342389&kikanKbn=5", "url2": "https://www.goyoh-medical.jp/drug/", "内容": "いちご薬局【5:薬局】広島県福山市光南町一丁目５番４号" }, "geometry": { "type": "Point", "coordinates": [ 133.366611, 34.481318 ] } },
{ "type": "Feature", "properties": { "ID": 3457347342390, "正式名称": "ウォンツ藤三広薬局", "機関区分": 5, "都道府県コード": 34, "市区町村コード": 202, "所在地": "広島県呉市広本町３丁目１３番７１号", "緯度": 34.23586, "経度": 132.623684, "url": "https://www.iryou.teikyouseido.mhlw.go.jp/znk-web/juminkanja/S2430/initialize?prefCd=34&kikanCd=7347342390&kikanKbn=5", "url2": "https://www.wants.co.jp/", "内容": "ウォンツ藤三広薬局【5:薬局】広島県呉市広本町３丁目１３番７１号" }, "geometry": { "type": "Point", "coordinates": [ 132.623684, 34.23586 ] } },
{ "type": "Feature", "properties": { "ID": 3457347342391, "正式名称": "江波二本松薬局", "機関区分": 5, "都道府県コード": 34, "市区町村コード": 101, "所在地": "広島県広島市中区江波二本松一丁目２番２２号　１Ｆ", "緯度": 34.368652, "経度": 132.433143, "url": "https://www.iryou.teikyouseido.mhlw.go.jp/znk-web/juminkanja/S2430/initialize?prefCd=34&kikanCd=7347342391&kikanKbn=5", "url2": null, "内容": "江波二本松薬局【5:薬局】広島県広島市中区江波二本松一丁目２番２２号　１Ｆ" }, "geometry": { "type": "Point", "coordinates": [ 132.433143, 34.368652 ] } },
{ "type": "Feature", "properties": { "ID": 3457347342392, "正式名称": "ウォンツ薬局　府中桃山店", "機関区分": 5, "都道府県コード": 34, "市区町村コード": 302, "所在地": "広島県安芸郡府中町桃山一丁目１番２５号", "緯度": 34.380419, "経度": 132.506664, "url": "https://www.iryou.teikyouseido.mhlw.go.jp/znk-web/juminkanja/S2430/initialize?prefCd=34&kikanCd=7347342392&kikanKbn=5", "url2": "https://www.wants.co.jp/", "内容": "ウォンツ薬局　府中桃山店【5:薬局】広島県安芸郡府中町桃山一丁目１番２５号" }, "geometry": { "type": "Point", "coordinates": [ 132.506664, 34.380419 ] } },
{ "type": "Feature", "properties": { "ID": 3457347342394, "正式名称": "イオン薬局イオンスタイル尾道", "機関区分": 5, "都道府県コード": 34, "市区町村コード": 205, "所在地": "広島県尾道市天満町１７－５０", "緯度": 34.406067, "経度": 133.188138, "url": "https://www.iryou.teikyouseido.mhlw.go.jp/znk-web/juminkanja/S2430/initialize?prefCd=34&kikanCd=7347342394&kikanKbn=5", "url2": "http://www.aeon.com", "内容": "イオン薬局イオンスタイル尾道【5:薬局】広島県尾道市天満町１７－５０" }, "geometry": { "type": "Point", "coordinates": [ 133.188138, 34.406067 ] } },
{ "type": "Feature", "properties": { "ID": 3457347342395, "正式名称": "ウォンツ　十日市薬局", "機関区分": 5, "都道府県コード": 34, "市区町村コード": 101, "所在地": "広島県広島市中区十日市町一丁目１番９号　１Ｆ", "緯度": 34.397285, "経度": 132.449186, "url": "https://www.iryou.teikyouseido.mhlw.go.jp/znk-web/juminkanja/S2430/initialize?prefCd=34&kikanCd=7347342395&kikanKbn=5", "url2": "https://www.wants.co.jp/", "内容": "ウォンツ　十日市薬局【5:薬局】広島県広島市中区十日市町一丁目１番９号　１Ｆ" }, "geometry": { "type": "Point", "coordinates": [ 132.449186, 34.397285 ] } },
{ "type": "Feature", "properties": { "ID": 3457347342396, "正式名称": "ウォンツ　戸坂薬局", "機関区分": 5, "都道府県コード": 34, "市区町村コード": 102, "所在地": "広島県広島市東区戸坂千足二丁目７番２０号", "緯度": 34.436728, "経度": 132.485884, "url": "https://www.iryou.teikyouseido.mhlw.go.jp/znk-web/juminkanja/S2430/initialize?prefCd=34&kikanCd=7347342396&kikanKbn=5", "url2": "https://www.wants.co.jp/", "内容": "ウォンツ　戸坂薬局【5:薬局】広島県広島市東区戸坂千足二丁目７番２０号" }, "geometry": { "type": "Point", "coordinates": [ 132.485884, 34.436728 ] } },
{ "type": "Feature", "properties": { "ID": 3457347342400, "正式名称": "府中元町薬局", "機関区分": 5, "都道府県コード": 34, "市区町村コード": 208, "所在地": "広島県府中市元町９－１", "緯度": 34.570833, "経度": 133.241854, "url": "https://www.iryou.teikyouseido.mhlw.go.jp/znk-web/juminkanja/S2430/initialize?prefCd=34&kikanCd=7347342400&kikanKbn=5", "url2": "https://motomachi-ph.com/", "内容": "府中元町薬局【5:薬局】広島県府中市元町９－１" }, "geometry": { "type": "Point", "coordinates": [ 133.241854, 34.570833 ] } },
{ "type": "Feature", "properties": { "ID": 3457347342402, "正式名称": "アイリス薬局", "機関区分": 5, "都道府県コード": 34, "市区町村コード": 209, "所在地": "広島県三次市南畑敷町７８－７", "緯度": 34.805357, "経度": 132.868908, "url": "https://www.iryou.teikyouseido.mhlw.go.jp/znk-web/juminkanja/S2430/initialize?prefCd=34&kikanCd=7347342402&kikanKbn=5", "url2": null, "内容": "アイリス薬局【5:薬局】広島県三次市南畑敷町７８－７" }, "geometry": { "type": "Point", "coordinates": [ 132.868908, 34.805357 ] } },
{ "type": "Feature", "properties": { "ID": 3457347342403, "正式名称": "三原なみき薬局", "機関区分": 5, "都道府県コード": 34, "市区町村コード": 204, "所在地": "広島県三原市円一町四丁目１－２７", "緯度": 34.39194, "経度": 133.076504, "url": "https://www.iryou.teikyouseido.mhlw.go.jp/znk-web/juminkanja/S2430/initialize?prefCd=34&kikanCd=7347342403&kikanKbn=5", "url2": null, "内容": "三原なみき薬局【5:薬局】広島県三原市円一町四丁目１－２７" }, "geometry": { "type": "Point", "coordinates": [ 133.076504, 34.39194 ] } },
{ "type": "Feature", "properties": { "ID": 3457347342404, "正式名称": "さくらんぼ薬局　庚午店", "機関区分": 5, "都道府県コード": 34, "市区町村コード": 104, "所在地": "広島県広島市西区庚午南一丁目３０番１３号", "緯度": 34.378873, "経度": 132.412057, "url": "https://www.iryou.teikyouseido.mhlw.go.jp/znk-web/juminkanja/S2430/initialize?prefCd=34&kikanCd=7347342404&kikanKbn=5", "url2": null, "内容": "さくらんぼ薬局　庚午店【5:薬局】広島県広島市西区庚午南一丁目３０番１３号" }, "geometry": { "type": "Point", "coordinates": [ 132.412057, 34.378873 ] } },
{ "type": "Feature", "properties": { "ID": 3457347342405, "正式名称": "有限会社　髙山薬局", "機関区分": 5, "都道府県コード": 34, "市区町村コード": 103, "所在地": "広島県広島市南区青崎一丁目１０番１０号", "緯度": 34.373101, "経度": 132.50676, "url": "https://www.iryou.teikyouseido.mhlw.go.jp/znk-web/juminkanja/S2430/initialize?prefCd=34&kikanCd=7347342405&kikanKbn=5", "url2": null, "内容": "有限会社　髙山薬局【5:薬局】広島県広島市南区青崎一丁目１０番１０号" }, "geometry": { "type": "Point", "coordinates": [ 132.50676, 34.373101 ] } },
{ "type": "Feature", "properties": { "ID": 3457347342411, "正式名称": "ザグザグ薬局西条西本町店", "機関区分": 5, "都道府県コード": 34, "市区町村コード": 212, "所在地": "広島県東広島市西条西本町２７番３３号", "緯度": 34.427184, "経度": 132.738802, "url": "https://www.iryou.teikyouseido.mhlw.go.jp/znk-web/juminkanja/S2430/initialize?prefCd=34&kikanCd=7347342411&kikanKbn=5", "url2": "http://www.zagzag.co.jp/", "内容": "ザグザグ薬局西条西本町店【5:薬局】広島県東広島市西条西本町２７番３３号" }, "geometry": { "type": "Point", "coordinates": [ 132.738802, 34.427184 ] } },
{ "type": "Feature", "properties": { "ID": 3457347342431, "正式名称": "ひろみ薬局　大手町店", "機関区分": 5, "都道府県コード": 34, "市区町村コード": 101, "所在地": "広島県広島市中区大手町三丁目１３番６号　１階", "緯度": 34.386291, "経度": 132.454154, "url": "https://www.iryou.teikyouseido.mhlw.go.jp/znk-web/juminkanja/S2430/initialize?prefCd=34&kikanCd=7347342431&kikanKbn=5", "url2": "https://www.hiromiph.com", "内容": "ひろみ薬局　大手町店【5:薬局】広島県広島市中区大手町三丁目１３番６号　１階" }, "geometry": { "type": "Point", "coordinates": [ 132.454154, 34.386291 ] } },
{ "type": "Feature", "properties": { "ID": 3457347342432, "正式名称": "ミック・ミササ薬局", "機関区分": 5, "都道府県コード": 34, "市区町村コード": 104, "所在地": "広島県広島市西区三篠町二丁目１７番５号　１Ｆ", "緯度": 34.412063, "経度": 132.454685, "url": "https://www.iryou.teikyouseido.mhlw.go.jp/znk-web/juminkanja/S2430/initialize?prefCd=34&kikanCd=7347342432&kikanKbn=5", "url2": null, "内容": "ミック・ミササ薬局【5:薬局】広島県広島市西区三篠町二丁目１７番５号　１Ｆ" }, "geometry": { "type": "Point", "coordinates": [ 132.454685, 34.412063 ] } },
{ "type": "Feature", "properties": { "ID": 3457347342433, "正式名称": "ウォンツ　中須薬局", "機関区分": 5, "都道府県コード": 34, "市区町村コード": 105, "所在地": "広島県広島市安佐南区中須一丁目７番７号　１階", "緯度": 34.459697, "経度": 132.473724, "url": "https://www.iryou.teikyouseido.mhlw.go.jp/znk-web/juminkanja/S2430/initialize?prefCd=34&kikanCd=7347342433&kikanKbn=5", "url2": "https://www.wants.co.jp/", "内容": "ウォンツ　中須薬局【5:薬局】広島県広島市安佐南区中須一丁目７番７号　１階" }, "geometry": { "type": "Point", "coordinates": [ 132.473724, 34.459697 ] } },
{ "type": "Feature", "properties": { "ID": 3457347342444, "正式名称": "ププレひまわり薬局　三原南店", "機関区分": 5, "都道府県コード": 34, "市区町村コード": 204, "所在地": "広島県三原市円一町二丁目６－２７", "緯度": 34.392436, "経度": 133.076504, "url": "https://www.iryou.teikyouseido.mhlw.go.jp/znk-web/juminkanja/S2430/initialize?prefCd=34&kikanCd=7347342444&kikanKbn=5", "url2": null, "内容": "ププレひまわり薬局　三原南店【5:薬局】広島県三原市円一町二丁目６－２７" }, "geometry": { "type": "Point", "coordinates": [ 133.076504, 34.392436 ] } },
{ "type": "Feature", "properties": { "ID": 3457347342445, "正式名称": "ププレひまわり薬局　木之庄店", "機関区分": 5, "都道府県コード": 34, "市区町村コード": 207, "所在地": "広島県福山市木之庄町一丁目１１番１２号", "緯度": 34.493478, "経度": 133.353857, "url": "https://www.iryou.teikyouseido.mhlw.go.jp/znk-web/juminkanja/S2430/initialize?prefCd=34&kikanCd=7347342445&kikanKbn=5", "url2": "https://himawarinews.com/store/kinosho_pharmacy/", "内容": "ププレひまわり薬局　木之庄店【5:薬局】広島県福山市木之庄町一丁目１１番１２号" }, "geometry": { "type": "Point", "coordinates": [ 133.353857, 34.493478 ] } },
{ "type": "Feature", "properties": { "ID": 3457347342456, "正式名称": "安佐病院前薬局", "機関区分": 5, "都道府県コード": 34, "市区町村コード": 105, "所在地": "広島県広島市安佐南区八木５丁目１４番１５号", "緯度": 34.483615, "経度": 132.501373, "url": "https://www.iryou.teikyouseido.mhlw.go.jp/znk-web/juminkanja/S2430/initialize?prefCd=34&kikanCd=7347342456&kikanKbn=5", "url2": "http://www.yuushin.cc/shop/asabyouin/", "内容": "安佐病院前薬局【5:薬局】広島県広島市安佐南区八木５丁目１４番１５号" }, "geometry": { "type": "Point", "coordinates": [ 132.501373, 34.483615 ] } },
{ "type": "Feature", "properties": { "ID": 3457347342457, "正式名称": "いねだ薬局", "機関区分": 5, "都道府県コード": 34, "市区町村コード": 106, "所在地": "広島県広島市安佐北区白木町秋山２３１９番地１４", "緯度": 34.552206, "経度": 132.658326, "url": "https://www.iryou.teikyouseido.mhlw.go.jp/znk-web/juminkanja/S2430/initialize?prefCd=34&kikanCd=7347342457&kikanKbn=5", "url2": null, "内容": "いねだ薬局【5:薬局】広島県広島市安佐北区白木町秋山２３１９番地１４" }, "geometry": { "type": "Point", "coordinates": [ 132.658326, 34.552206 ] } },
{ "type": "Feature", "properties": { "ID": 3457347342460, "正式名称": "花園薬局", "機関区分": 5, "都道府県コード": 34, "市区町村コード": 207, "所在地": "広島県福山市花園町一丁目３番１２号", "緯度": 34.481804, "経度": 133.373239, "url": "https://www.iryou.teikyouseido.mhlw.go.jp/znk-web/juminkanja/S2430/initialize?prefCd=34&kikanCd=7347342460&kikanKbn=5", "url2": null, "内容": "花園薬局【5:薬局】広島県福山市花園町一丁目３番１２号" }, "geometry": { "type": "Point", "coordinates": [ 133.373239, 34.481804 ] } },
{ "type": "Feature", "properties": { "ID": 3457347342463, "正式名称": "エスマイル薬局　舟入店", "機関区分": 5, "都道府県コード": 34, "市区町村コード": 101, "所在地": "広島県広島市中区舟入中町１１番９号", "緯度": 34.386256, "経度": 132.44421, "url": "https://www.iryou.teikyouseido.mhlw.go.jp/znk-web/juminkanja/S2430/initialize?prefCd=34&kikanCd=7347342463&kikanKbn=5", "url2": "https://www.ssmile.co.jp", "内容": "エスマイル薬局　舟入店【5:薬局】広島県広島市中区舟入中町１１番９号" }, "geometry": { "type": "Point", "coordinates": [ 132.44421, 34.386256 ] } },
{ "type": "Feature", "properties": { "ID": 3457347342464, "正式名称": "かえで薬局", "機関区分": 5, "都道府県コード": 34, "市区町村コード": 212, "所在地": "広島県東広島市西条町御薗宇８５３９番地７", "緯度": 34.398018, "経度": 132.739519, "url": "https://www.iryou.teikyouseido.mhlw.go.jp/znk-web/juminkanja/S2430/initialize?prefCd=34&kikanCd=7347342464&kikanKbn=5", "url2": "https://www.kaede-ph.jp", "内容": "かえで薬局【5:薬局】広島県東広島市西条町御薗宇８５３９番地７" }, "geometry": { "type": "Point", "coordinates": [ 132.739519, 34.398018 ] } },
{ "type": "Feature", "properties": { "ID": 3457347342465, "正式名称": "みつば薬局", "機関区分": 5, "都道府県コード": 34, "市区町村コード": 202, "所在地": "広島県呉市中央２丁目６番７号", "緯度": 34.246195, "経度": 132.56109, "url": "https://www.iryou.teikyouseido.mhlw.go.jp/znk-web/juminkanja/S2430/initialize?prefCd=34&kikanCd=7347342465&kikanKbn=5", "url2": "https://www.pharmacy-mitsuba.com/company", "内容": "みつば薬局【5:薬局】広島県呉市中央２丁目６番７号" }, "geometry": { "type": "Point", "coordinates": [ 132.56109, 34.246195 ] } },
{ "type": "Feature", "properties": { "ID": 3457347342466, "正式名称": "ライフ薬局", "機関区分": 5, "都道府県コード": 34, "市区町村コード": 101, "所在地": "広島県広島市中区舟入町３番９号　１階", "緯度": 34.391755, "経度": 132.444064, "url": "https://www.iryou.teikyouseido.mhlw.go.jp/znk-web/juminkanja/S2430/initialize?prefCd=34&kikanCd=7347342466&kikanKbn=5", "url2": null, "内容": "ライフ薬局【5:薬局】広島県広島市中区舟入町３番９号　１階" }, "geometry": { "type": "Point", "coordinates": [ 132.444064, 34.391755 ] } },
{ "type": "Feature", "properties": { "ID": 3457347342467, "正式名称": "アロー薬局　広店", "機関区分": 5, "都道府県コード": 34, "市区町村コード": 202, "所在地": "広島県呉市広本町２丁目１５番６号", "緯度": 34.233811, "経度": 132.622191, "url": "https://www.iryou.teikyouseido.mhlw.go.jp/znk-web/juminkanja/S2430/initialize?prefCd=34&kikanCd=7347342467&kikanKbn=5", "url2": "http://hiroshima-arrow.com/", "内容": "アロー薬局　広店【5:薬局】広島県呉市広本町２丁目１５番６号" }, "geometry": { "type": "Point", "coordinates": [ 132.622191, 34.233811 ] } },
{ "type": "Feature", "properties": { "ID": 3457347342468, "正式名称": "オール薬局　楽々園店", "機関区分": 5, "都道府県コード": 34, "市区町村コード": 108, "所在地": "広島県広島市佐伯区楽々園三丁目１番８号", "緯度": 34.363845, "経度": 132.357034, "url": "https://www.iryou.teikyouseido.mhlw.go.jp/znk-web/juminkanja/S2430/initialize?prefCd=34&kikanCd=7347342468&kikanKbn=5", "url2": null, "内容": "オール薬局　楽々園店【5:薬局】広島県広島市佐伯区楽々園三丁目１番８号" }, "geometry": { "type": "Point", "coordinates": [ 132.357034, 34.363845 ] } },
{ "type": "Feature", "properties": { "ID": 3457347342469, "正式名称": "なないろ薬局", "機関区分": 5, "都道府県コード": 34, "市区町村コード": 102, "所在地": "広島県広島市東区曙二丁目８番１８－１０２号", "緯度": 34.394965, "経度": 132.490484, "url": "https://www.iryou.teikyouseido.mhlw.go.jp/znk-web/juminkanja/S2430/initialize?prefCd=34&kikanCd=7347342469&kikanKbn=5", "url2": null, "内容": "なないろ薬局【5:薬局】広島県広島市東区曙二丁目８番１８－１０２号" }, "geometry": { "type": "Point", "coordinates": [ 132.490484, 34.394965 ] } },
{ "type": "Feature", "properties": { "ID": 3457347342470, "正式名称": "ぞうさん薬局", "機関区分": 5, "都道府県コード": 34, "市区町村コード": 207, "所在地": "広島県福山市神辺町川南１１２０番地", "緯度": 34.533238, "経度": 133.369649, "url": "https://www.iryou.teikyouseido.mhlw.go.jp/znk-web/juminkanja/S2430/initialize?prefCd=34&kikanCd=7347342470&kikanKbn=5", "url2": "https://www.innoshima-ph.com/pharmacy_zousan", "内容": "ぞうさん薬局【5:薬局】広島県福山市神辺町川南１１２０番地" }, "geometry": { "type": "Point", "coordinates": [ 133.369649, 34.533238 ] } },
{ "type": "Feature", "properties": { "ID": 3457347342472, "正式名称": "すずらん薬局　海田店", "機関区分": 5, "都道府県コード": 34, "市区町村コード": 304, "所在地": "広島県安芸郡海田町南大正町３番２５号", "緯度": 34.366712, "経度": 132.533812, "url": "https://www.iryou.teikyouseido.mhlw.go.jp/znk-web/juminkanja/S2430/initialize?prefCd=34&kikanCd=7347342472&kikanKbn=5", "url2": "http://www.horon-suzuran.com/tenpo-detail#ttl-kaita", "内容": "すずらん薬局　海田店【5:薬局】広島県安芸郡海田町南大正町３番２５号" }, "geometry": { "type": "Point", "coordinates": [ 132.533812, 34.366712 ] } },
{ "type": "Feature", "properties": { "ID": 3457347342473, "正式名称": "つつじ薬局", "機関区分": 5, "都道府県コード": 34, "市区町村コード": 211, "所在地": "広島県大竹市白石一丁目５－２１", "緯度": 34.214262, "経度": 132.217899, "url": "https://www.iryou.teikyouseido.mhlw.go.jp/znk-web/juminkanja/S2430/initialize?prefCd=34&kikanCd=7347342473&kikanKbn=5", "url2": null, "内容": "つつじ薬局【5:薬局】広島県大竹市白石一丁目５－２１" }, "geometry": { "type": "Point", "coordinates": [ 132.217899, 34.214262 ] } },
{ "type": "Feature", "properties": { "ID": 3457347342474, "正式名称": "ウォンツ東雲本町薬局", "機関区分": 5, "都道府県コード": 34, "市区町村コード": 103, "所在地": "広島県広島市南区東雲本町二丁目４番２２号　２階", "緯度": 34.383354, "経度": 132.485125, "url": "https://www.iryou.teikyouseido.mhlw.go.jp/znk-web/juminkanja/S2430/initialize?prefCd=34&kikanCd=7347342474&kikanKbn=5", "url2": "https://www.wants.co.jp/", "内容": "ウォンツ東雲本町薬局【5:薬局】広島県広島市南区東雲本町二丁目４番２２号　２階" }, "geometry": { "type": "Point", "coordinates": [ 132.485125, 34.383354 ] } },
{ "type": "Feature", "properties": { "ID": 3457347342475, "正式名称": "薬膳薬局志和店", "機関区分": 5, "都道府県コード": 34, "市区町村コード": 212, "所在地": "広島県東広島市志和町別府１３４０－２", "緯度": 34.478506, "経度": 132.635996, "url": "https://www.iryou.teikyouseido.mhlw.go.jp/znk-web/juminkanja/S2430/initialize?prefCd=34&kikanCd=7347342475&kikanKbn=5", "url2": "https://www.yky-yakuhin.com/", "内容": "薬膳薬局志和店【5:薬局】広島県東広島市志和町別府１３４０－２" }, "geometry": { "type": "Point", "coordinates": [ 132.635996, 34.478506 ] } },
{ "type": "Feature", "properties": { "ID": 3457347342480, "正式名称": "ザグザグ薬局三原皆実店", "機関区分": 5, "都道府県コード": 34, "市区町村コード": 204, "所在地": "広島県三原市皆実四丁目１９－１６", "緯度": 34.391781, "経度": 133.068251, "url": "https://www.iryou.teikyouseido.mhlw.go.jp/znk-web/juminkanja/S2430/initialize?prefCd=34&kikanCd=7347342480&kikanKbn=5", "url2": "http://www.zagzag.co.jp/", "内容": "ザグザグ薬局三原皆実店【5:薬局】広島県三原市皆実四丁目１９－１６" }, "geometry": { "type": "Point", "coordinates": [ 133.068251, 34.391781 ] } },
{ "type": "Feature", "properties": { "ID": 3457347342481, "正式名称": "西城三上薬局", "機関区分": 5, "都道府県コード": 34, "市区町村コード": 210, "所在地": "広島県庄原市西城町中野１３４１－４", "緯度": 34.938985, "経度": 133.115735, "url": "https://www.iryou.teikyouseido.mhlw.go.jp/znk-web/juminkanja/S2430/initialize?prefCd=34&kikanCd=7347342481&kikanKbn=5", "url2": null, "内容": "西城三上薬局【5:薬局】広島県庄原市西城町中野１３４１－４" }, "geometry": { "type": "Point", "coordinates": [ 133.115735, 34.938985 ] } },
{ "type": "Feature", "properties": { "ID": 3457347342483, "正式名称": "ププレひまわり薬局　蔵王店", "機関区分": 5, "都道府県コード": 34, "市区町村コード": 207, "所在地": "広島県福山市南蔵王町六丁目２番５号", "緯度": 34.499979, "経度": 133.399882, "url": "https://www.iryou.teikyouseido.mhlw.go.jp/znk-web/juminkanja/S2430/initialize?prefCd=34&kikanCd=7347342483&kikanKbn=5", "url2": "https://himawarinews.com/store/zaou_pharmacy/", "内容": "ププレひまわり薬局　蔵王店【5:薬局】広島県福山市南蔵王町六丁目２番５号" }, "geometry": { "type": "Point", "coordinates": [ 133.399882, 34.499979 ] } },
{ "type": "Feature", "properties": { "ID": 3457347342484, "正式名称": "ププレひまわり薬局　緑町店", "機関区分": 5, "都道府県コード": 34, "市区町村コード": 207, "所在地": "広島県福山市緑町１番３０号", "緯度": 34.476122, "経度": 133.371173, "url": "https://www.iryou.teikyouseido.mhlw.go.jp/znk-web/juminkanja/S2430/initialize?prefCd=34&kikanCd=7347342484&kikanKbn=5", "url2": null, "内容": "ププレひまわり薬局　緑町店【5:薬局】広島県福山市緑町１番３０号" }, "geometry": { "type": "Point", "coordinates": [ 133.371173, 34.476122 ] } },
{ "type": "Feature", "properties": { "ID": 3457347342485, "正式名称": "ひらもと薬局　西中央店", "機関区分": 5, "都道府県コード": 34, "市区町村コード": 202, "所在地": "広島県呉市西中央２丁目１番１２号", "緯度": 34.24742, "経度": 132.558285, "url": "https://www.iryou.teikyouseido.mhlw.go.jp/znk-web/juminkanja/S2430/initialize?prefCd=34&kikanCd=7347342485&kikanKbn=5", "url2": "https://nov-cure.com/", "内容": "ひらもと薬局　西中央店【5:薬局】広島県呉市西中央２丁目１番１２号" }, "geometry": { "type": "Point", "coordinates": [ 132.558285, 34.24742 ] } },
{ "type": "Feature", "properties": { "ID": 3457347342486, "正式名称": "ウォンツ高屋薬局", "機関区分": 5, "都道府県コード": 34, "市区町村コード": 212, "所在地": "広島県東広島市高屋町杵原１２８８番", "緯度": 34.449465, "経度": 132.784566, "url": "https://www.iryou.teikyouseido.mhlw.go.jp/znk-web/juminkanja/S2430/initialize?prefCd=34&kikanCd=7347342486&kikanKbn=5", "url2": "https://www.wants.co.jp/", "内容": "ウォンツ高屋薬局【5:薬局】広島県東広島市高屋町杵原１２８８番" }, "geometry": { "type": "Point", "coordinates": [ 132.784566, 34.449465 ] } },
{ "type": "Feature", "properties": { "ID": 3457347342487, "正式名称": "ミント薬局　はでいし店", "機関区分": 5, "都道府県コード": 34, "市区町村コード": 108, "所在地": "広島県広島市佐伯区千同二丁目１番３５－１号", "緯度": 34.381212, "経度": 132.354464, "url": "https://www.iryou.teikyouseido.mhlw.go.jp/znk-web/juminkanja/S2430/initialize?prefCd=34&kikanCd=7347342487&kikanKbn=5", "url2": "http://www.mint-pharmacy.jp", "内容": "ミント薬局　はでいし店【5:薬局】広島県広島市佐伯区千同二丁目１番３５－１号" }, "geometry": { "type": "Point", "coordinates": [ 132.354464, 34.381212 ] } },
{ "type": "Feature", "properties": { "ID": 3457347342488, "正式名称": "沖野上ココフル薬局", "機関区分": 5, "都道府県コード": 34, "市区町村コード": 207, "所在地": "広島県福山市沖野上町四丁目１６番９号", "緯度": 34.471625, "経度": 133.372184, "url": "https://www.iryou.teikyouseido.mhlw.go.jp/znk-web/juminkanja/S2430/initialize?prefCd=34&kikanCd=7347342488&kikanKbn=5", "url2": null, "内容": "沖野上ココフル薬局【5:薬局】広島県福山市沖野上町四丁目１６番９号" }, "geometry": { "type": "Point", "coordinates": [ 133.372184, 34.471625 ] } },
{ "type": "Feature", "properties": { "ID": 3457347342489, "正式名称": "オール薬局　青崎店", "機関区分": 5, "都道府県コード": 34, "市区町村コード": 103, "所在地": "広島県広島市南区青崎一丁目２番１４号　１階", "緯度": 34.375307, "経度": 132.505229, "url": "https://www.iryou.teikyouseido.mhlw.go.jp/znk-web/juminkanja/S2430/initialize?prefCd=34&kikanCd=7347342489&kikanKbn=5", "url2": "https://www.my-life.jp/owl/", "内容": "オール薬局　青崎店【5:薬局】広島県広島市南区青崎一丁目２番１４号　１階" }, "geometry": { "type": "Point", "coordinates": [ 132.505229, 34.375307 ] } },
{ "type": "Feature", "properties": { "ID": 3457347342490, "正式名称": "ウォンツ　安古市薬局", "機関区分": 5, "都道府県コード": 34, "市区町村コード": 105, "所在地": "広島県広島市安佐南区相田一丁目１番４４号", "緯度": 34.469246, "経度": 132.459027, "url": "https://www.iryou.teikyouseido.mhlw.go.jp/znk-web/juminkanja/S2430/initialize?prefCd=34&kikanCd=7347342490&kikanKbn=5", "url2": "https://www.wants.co.jp/", "内容": "ウォンツ　安古市薬局【5:薬局】広島県広島市安佐南区相田一丁目１番４４号" }, "geometry": { "type": "Point", "coordinates": [ 132.459027, 34.469246 ] } },
{ "type": "Feature", "properties": { "ID": 3457347342493, "正式名称": "観音薬局", "機関区分": 5, "都道府県コード": 34, "市区町村コード": 104, "所在地": "広島県広島市西区観音本町二丁目７番２１号　１Ｆ", "緯度": 34.389204, "経度": 132.43476, "url": "https://www.iryou.teikyouseido.mhlw.go.jp/znk-web/juminkanja/S2430/initialize?prefCd=34&kikanCd=7347342493&kikanKbn=5", "url2": "http://www.ts-nishicho.com/", "内容": "観音薬局【5:薬局】広島県広島市西区観音本町二丁目７番２１号　１Ｆ" }, "geometry": { "type": "Point", "coordinates": [ 132.43476, 34.389204 ] } },
{ "type": "Feature", "properties": { "ID": 3457347342494, "正式名称": "安芸長束駅前薬局", "機関区分": 5, "都道府県コード": 34, "市区町村コード": 105, "所在地": "広島県広島市安佐南区長束四丁目１番１１号", "緯度": 34.428855, "経度": 132.456066, "url": "https://www.iryou.teikyouseido.mhlw.go.jp/znk-web/juminkanja/S2430/initialize?prefCd=34&kikanCd=7347342494&kikanKbn=5", "url2": "https://ms-pharmacy.jp", "内容": "安芸長束駅前薬局【5:薬局】広島県広島市安佐南区長束四丁目１番１１号" }, "geometry": { "type": "Point", "coordinates": [ 132.456066, 34.428855 ] } },
{ "type": "Feature", "properties": { "ID": 3457347342499, "正式名称": "毘沙門台薬局", "機関区分": 5, "都道府県コード": 34, "市区町村コード": 105, "所在地": "広島県広島市安佐南区毘沙門台二丁目４２番２６号", "緯度": 34.477513, "経度": 132.461956, "url": "https://www.iryou.teikyouseido.mhlw.go.jp/znk-web/juminkanja/S2430/initialize?prefCd=34&kikanCd=7347342499&kikanKbn=5", "url2": "https://ms-pharmacy.jp", "内容": "毘沙門台薬局【5:薬局】広島県広島市安佐南区毘沙門台二丁目４２番２６号" }, "geometry": { "type": "Point", "coordinates": [ 132.461956, 34.477513 ] } },
{ "type": "Feature", "properties": { "ID": 3457347342503, "正式名称": "ウォンツ　庚午薬局", "機関区分": 5, "都道府県コード": 34, "市区町村コード": 104, "所在地": "広島県広島市西区庚午北二丁目１９番１７号", "緯度": 34.389514, "経度": 132.418164, "url": "https://www.iryou.teikyouseido.mhlw.go.jp/znk-web/juminkanja/S2430/initialize?prefCd=34&kikanCd=7347342503&kikanKbn=5", "url2": "https://www.wants.co.jp/", "内容": "ウォンツ　庚午薬局【5:薬局】広島県広島市西区庚午北二丁目１９番１７号" }, "geometry": { "type": "Point", "coordinates": [ 132.418164, 34.389514 ] } },
{ "type": "Feature", "properties": { "ID": 3457347342504, "正式名称": "パール薬局　中筋店", "機関区分": 5, "都道府県コード": 34, "市区町村コード": 105, "所在地": "広島県広島市安佐南区中筋四丁目１３番１５号　１Ｆ", "緯度": 34.455034, "経度": 132.479477, "url": "https://www.iryou.teikyouseido.mhlw.go.jp/znk-web/juminkanja/S2430/initialize?prefCd=34&kikanCd=7347342504&kikanKbn=5", "url2": "https://triangle-pearl.jp/branch/nakasuji.html", "内容": "パール薬局　中筋店【5:薬局】広島県広島市安佐南区中筋四丁目１３番１５号　１Ｆ" }, "geometry": { "type": "Point", "coordinates": [ 132.479477, 34.455034 ] } },
{ "type": "Feature", "properties": { "ID": 3457347342505, "正式名称": "パール薬局　横川店", "機関区分": 5, "都道府県コード": 34, "市区町村コード": 104, "所在地": "広島県広島市西区横川町三丁目９番１２－１０１号", "緯度": 34.408877, "経度": 132.45329, "url": "https://www.iryou.teikyouseido.mhlw.go.jp/znk-web/juminkanja/S2430/initialize?prefCd=34&kikanCd=7347342505&kikanKbn=5", "url2": null, "内容": "パール薬局　横川店【5:薬局】広島県広島市西区横川町三丁目９番１２－１０１号" }, "geometry": { "type": "Point", "coordinates": [ 132.45329, 34.408877 ] } },
{ "type": "Feature", "properties": { "ID": 3457347342506, "正式名称": "ミック・ライズ薬局", "機関区分": 5, "都道府県コード": 34, "市区町村コード": 104, "所在地": "広島県広島市西区井口明神一丁目１番５６号", "緯度": 34.374059, "経度": 132.39061, "url": "https://www.iryou.teikyouseido.mhlw.go.jp/znk-web/juminkanja/S2430/initialize?prefCd=34&kikanCd=7347342506&kikanKbn=5", "url2": null, "内容": "ミック・ライズ薬局【5:薬局】広島県広島市西区井口明神一丁目１番５６号" }, "geometry": { "type": "Point", "coordinates": [ 132.39061, 34.374059 ] } },
{ "type": "Feature", "properties": { "ID": 3457347342508, "正式名称": "あおぞら薬局", "機関区分": 5, "都道府県コード": 34, "市区町村コード": 101, "所在地": "広島県広島市中区千田町一丁目６番６号", "緯度": 34.381436, "経度": 132.454051, "url": "https://www.iryou.teikyouseido.mhlw.go.jp/znk-web/juminkanja/S2430/initialize?prefCd=34&kikanCd=7347342508&kikanKbn=5", "url2": null, "内容": "あおぞら薬局【5:薬局】広島県広島市中区千田町一丁目６番６号" }, "geometry": { "type": "Point", "coordinates": [ 132.454051, 34.381436 ] } },
{ "type": "Feature", "properties": { "ID": 3457347342509, "正式名称": "ププレひまわり薬局　三吉店", "機関区分": 5, "都道府県コード": 34, "市区町村コード": 207, "所在地": "広島県福山市三吉町四丁目８番３４号", "緯度": 34.49387, "経度": 133.377926, "url": "https://www.iryou.teikyouseido.mhlw.go.jp/znk-web/juminkanja/S2430/initialize?prefCd=34&kikanCd=7347342509&kikanKbn=5", "url2": "https://himawarinews.com/store/miyoshi_pharmacy/", "内容": "ププレひまわり薬局　三吉店【5:薬局】広島県福山市三吉町四丁目８番３４号" }, "geometry": { "type": "Point", "coordinates": [ 133.377926, 34.49387 ] } },
{ "type": "Feature", "properties": { "ID": 3457347342511, "正式名称": "メロディ薬局", "機関区分": 5, "都道府県コード": 34, "市区町村コード": 207, "所在地": "広島県福山市松浜町一丁目４番８号", "緯度": 34.484991, "経度": 133.37329, "url": "https://www.iryou.teikyouseido.mhlw.go.jp/znk-web/juminkanja/S2430/initialize?prefCd=34&kikanCd=7347342511&kikanKbn=5", "url2": null, "内容": "メロディ薬局【5:薬局】広島県福山市松浜町一丁目４番８号" }, "geometry": { "type": "Point", "coordinates": [ 133.37329, 34.484991 ] } },
{ "type": "Feature", "properties": { "ID": 3457347342514, "正式名称": "キララ薬局地御前店", "機関区分": 5, "都道府県コード": 34, "市区町村コード": 213, "所在地": "広島県廿日市市地御前一丁目３－２８ココファン廿日市１階", "緯度": 34.34288, "経度": 132.322408, "url": "https://www.iryou.teikyouseido.mhlw.go.jp/znk-web/juminkanja/S2430/initialize?prefCd=34&kikanCd=7347342514&kikanKbn=5", "url2": "https://www.nexus-g.jp", "内容": "キララ薬局地御前店【5:薬局】広島県廿日市市地御前一丁目３－２８ココファン廿日市１階" }, "geometry": { "type": "Point", "coordinates": [ 132.322408, 34.34288 ] } },
{ "type": "Feature", "properties": { "ID": 3457347342519, "正式名称": "クオール薬局　無印良品広島アルパーク店", "機関区分": 5, "都道府県コード": 34, "市区町村コード": 104, "所在地": "広島県広島市西区井口明神一丁目１６番１号アルパーク西棟１階", "緯度": 34.372499, "経度": 132.393272, "url": "https://www.iryou.teikyouseido.mhlw.go.jp/znk-web/juminkanja/S2430/initialize?prefCd=34&kikanCd=7347342519&kikanKbn=5", "url2": "https://www.qol-net.co.jp/pharmacy/map/detail.php?id=1083", "内容": "クオール薬局　無印良品広島アルパーク店【5:薬局】広島県広島市西区井口明神一丁目１６番１号アルパーク西棟１階" }, "geometry": { "type": "Point", "coordinates": [ 132.393272, 34.372499 ] } },
{ "type": "Feature", "properties": { "ID": 3457347342520, "正式名称": "美泉堂薬局", "機関区分": 5, "都道府県コード": 34, "市区町村コード": 207, "所在地": "広島県福山市本町８番２９号", "緯度": 34.493419, "経度": 133.363461, "url": "https://www.iryou.teikyouseido.mhlw.go.jp/znk-web/juminkanja/S2430/initialize?prefCd=34&kikanCd=7347342520&kikanKbn=5", "url2": null, "内容": "美泉堂薬局【5:薬局】広島県福山市本町８番２９号" }, "geometry": { "type": "Point", "coordinates": [ 133.363461, 34.493419 ] } },
{ "type": "Feature", "properties": { "ID": 3457347342521, "正式名称": "井上一誠堂薬局音戸御所の浦店", "機関区分": 5, "都道府県コード": 34, "市区町村コード": 202, "所在地": "広島県呉市音戸町高須３丁目７番２号", "緯度": 34.187825, "経度": 132.539706, "url": "https://www.iryou.teikyouseido.mhlw.go.jp/znk-web/juminkanja/S2430/initialize?prefCd=34&kikanCd=7347342521&kikanKbn=5", "url2": null, "内容": "井上一誠堂薬局音戸御所の浦店【5:薬局】広島県呉市音戸町高須３丁目７番２号" }, "geometry": { "type": "Point", "coordinates": [ 132.539706, 34.187825 ] } },
{ "type": "Feature", "properties": { "ID": 3457347342522, "正式名称": "つばき薬局", "機関区分": 5, "都道府県コード": 34, "市区町村コード": 207, "所在地": "広島県福山市神辺町川北８９５番地１", "緯度": 34.545734, "経度": 133.38191, "url": "https://www.iryou.teikyouseido.mhlw.go.jp/znk-web/juminkanja/S2430/initialize?prefCd=34&kikanCd=7347342522&kikanKbn=5", "url2": null, "内容": "つばき薬局【5:薬局】広島県福山市神辺町川北８９５番地１" }, "geometry": { "type": "Point", "coordinates": [ 133.38191, 34.545734 ] } },
{ "type": "Feature", "properties": { "ID": 3457347342524, "正式名称": "中央薬局　切串店", "機関区分": 5, "都道府県コード": 34, "市区町村コード": 215, "所在地": "広島県江田島市江田島町切串二丁目１７番１４号", "緯度": 34.281073, "経度": 132.479765, "url": "https://www.iryou.teikyouseido.mhlw.go.jp/znk-web/juminkanja/S2430/initialize?prefCd=34&kikanCd=7347342524&kikanKbn=5", "url2": "https://www.qol-net.co.jp/pharmacy/map/detail.php?id=1147", "内容": "中央薬局　切串店【5:薬局】広島県江田島市江田島町切串二丁目１７番１４号" }, "geometry": { "type": "Point", "coordinates": [ 132.479765, 34.281073 ] } },
{ "type": "Feature", "properties": { "ID": 3457347342525, "正式名称": "パール薬局　安店", "機関区分": 5, "都道府県コード": 34, "市区町村コード": 105, "所在地": "広島県広島市安佐南区上安町一丁目１番１０号", "緯度": 34.473972, "経度": 132.451658, "url": "https://www.iryou.teikyouseido.mhlw.go.jp/znk-web/juminkanja/S2430/initialize?prefCd=34&kikanCd=7347342525&kikanKbn=5", "url2": "http://triangle-pearl.jp/", "内容": "パール薬局　安店【5:薬局】広島県広島市安佐南区上安町一丁目１番１０号" }, "geometry": { "type": "Point", "coordinates": [ 132.451658, 34.473972 ] } },
{ "type": "Feature", "properties": { "ID": 3457347342526, "正式名称": "こもれび薬局", "機関区分": 5, "都道府県コード": 34, "市区町村コード": 202, "所在地": "広島県呉市西中央２丁目１番６号", "緯度": 34.247149, "経度": 132.558793, "url": "https://www.iryou.teikyouseido.mhlw.go.jp/znk-web/juminkanja/S2430/initialize?prefCd=34&kikanCd=7347342526&kikanKbn=5", "url2": null, "内容": "こもれび薬局【5:薬局】広島県呉市西中央２丁目１番６号" }, "geometry": { "type": "Point", "coordinates": [ 132.558793, 34.247149 ] } },
{ "type": "Feature", "properties": { "ID": 3457347342527, "正式名称": "コスモス調剤薬局　川口店", "機関区分": 5, "都道府県コード": 34, "市区町村コード": 207, "所在地": "広島県福山市川口町四丁目１２番９号", "緯度": 34.464681, "経度": 133.384812, "url": "https://www.iryou.teikyouseido.mhlw.go.jp/znk-web/juminkanja/S2430/initialize?prefCd=34&kikanCd=7347342527&kikanKbn=5", "url2": null, "内容": "コスモス調剤薬局　川口店【5:薬局】広島県福山市川口町四丁目１２番９号" }, "geometry": { "type": "Point", "coordinates": [ 133.384812, 34.464681 ] } },
{ "type": "Feature", "properties": { "ID": 3457347342528, "正式名称": "ププレひまわり薬局　多治米２号店", "機関区分": 5, "都道府県コード": 34, "市区町村コード": 207, "所在地": "広島県福山市多治米町四丁目１２番２２号", "緯度": 34.466741, "経度": 133.37726, "url": "https://www.iryou.teikyouseido.mhlw.go.jp/znk-web/juminkanja/S2430/initialize?prefCd=34&kikanCd=7347342528&kikanKbn=5", "url2": "https://himawarinews.com/store/tajime2_pharmacy/", "内容": "ププレひまわり薬局　多治米２号店【5:薬局】広島県福山市多治米町四丁目１２番２２号" }, "geometry": { "type": "Point", "coordinates": [ 133.37726, 34.466741 ] } },
{ "type": "Feature", "properties": { "ID": 3457347342529, "正式名称": "しらかば薬局", "機関区分": 5, "都道府県コード": 34, "市区町村コード": 103, "所在地": "広島県広島市南区翠五丁目１８番５号", "緯度": 34.367852, "経度": 132.467394, "url": "https://www.iryou.teikyouseido.mhlw.go.jp/znk-web/juminkanja/S2430/initialize?prefCd=34&kikanCd=7347342529&kikanKbn=5", "url2": null, "内容": "しらかば薬局【5:薬局】広島県広島市南区翠五丁目１８番５号" }, "geometry": { "type": "Point", "coordinates": [ 132.467394, 34.367852 ] } },
{ "type": "Feature", "properties": { "ID": 3457347342531, "正式名称": "ウォンツＪＡ広島総合病院前薬局", "機関区分": 5, "都道府県コード": 34, "市区町村コード": 213, "所在地": "広島県廿日市市地御前一丁目１０－３４", "緯度": 34.342632, "経度": 132.322948, "url": "https://www.iryou.teikyouseido.mhlw.go.jp/znk-web/juminkanja/S2430/initialize?prefCd=34&kikanCd=7347342531&kikanKbn=5", "url2": "https://www.wants.co.jp/", "内容": "ウォンツＪＡ広島総合病院前薬局【5:薬局】広島県廿日市市地御前一丁目１０－３４" }, "geometry": { "type": "Point", "coordinates": [ 132.322948, 34.342632 ] } },
{ "type": "Feature", "properties": { "ID": 3457347342533, "正式名称": "曙タカズミ薬局", "機関区分": 5, "都道府県コード": 34, "市区町村コード": 102, "所在地": "広島県広島市東区曙一丁目８番２８号", "緯度": 34.39574, "経度": 132.48842, "url": "https://www.iryou.teikyouseido.mhlw.go.jp/znk-web/juminkanja/S2430/initialize?prefCd=34&kikanCd=7347342533&kikanKbn=5", "url2": "www.takazumi.co.jp", "内容": "曙タカズミ薬局【5:薬局】広島県広島市東区曙一丁目８番２８号" }, "geometry": { "type": "Point", "coordinates": [ 132.48842, 34.39574 ] } },
{ "type": "Feature", "properties": { "ID": 3457347342534, "正式名称": "ウォンツ福山幕山薬局", "機関区分": 5, "都道府県コード": 34, "市区町村コード": 207, "所在地": "広島県福山市幕山台八丁目１番３３号", "緯度": 34.513616, "経度": 133.434458, "url": "https://www.iryou.teikyouseido.mhlw.go.jp/znk-web/juminkanja/S2430/initialize?prefCd=34&kikanCd=7347342534&kikanKbn=5", "url2": "https://www.wants.co.jp/", "内容": "ウォンツ福山幕山薬局【5:薬局】広島県福山市幕山台八丁目１番３３号" }, "geometry": { "type": "Point", "coordinates": [ 133.434458, 34.513616 ] } },
{ "type": "Feature", "properties": { "ID": 3457347342535, "正式名称": "春日ココフル薬局", "機関区分": 5, "都道府県コード": 34, "市区町村コード": 207, "所在地": "広島県福山市春日町一丁目７番６号", "緯度": 34.506546, "経度": 133.40169, "url": "https://www.iryou.teikyouseido.mhlw.go.jp/znk-web/juminkanja/S2430/initialize?prefCd=34&kikanCd=7347342535&kikanKbn=5", "url2": "http://www.kmed.co.jp", "内容": "春日ココフル薬局【5:薬局】広島県福山市春日町一丁目７番６号" }, "geometry": { "type": "Point", "coordinates": [ 133.40169, 34.506546 ] } },
{ "type": "Feature", "properties": { "ID": 3457347342537, "正式名称": "メロディ薬局", "機関区分": 5, "都道府県コード": 34, "市区町村コード": 212, "所在地": "広島県東広島市高屋町檜山４４９番地６", "緯度": 34.441105, "経度": 132.767556, "url": "https://www.iryou.teikyouseido.mhlw.go.jp/znk-web/juminkanja/S2430/initialize?prefCd=34&kikanCd=7347342537&kikanKbn=5", "url2": "https://zenkaidou.co.jp/index.html", "内容": "メロディ薬局【5:薬局】広島県東広島市高屋町檜山４４９番地６" }, "geometry": { "type": "Point", "coordinates": [ 132.767556, 34.441105 ] } },
{ "type": "Feature", "properties": { "ID": 3457347342538, "正式名称": "たちばな薬局", "機関区分": 5, "都道府県コード": 34, "市区町村コード": 103, "所在地": "広島県広島市南区宇品神田四丁目１２番１２号　１階", "緯度": 34.360703, "経度": 132.464888, "url": "https://www.iryou.teikyouseido.mhlw.go.jp/znk-web/juminkanja/S2430/initialize?prefCd=34&kikanCd=7347342538&kikanKbn=5", "url2": null, "内容": "たちばな薬局【5:薬局】広島県広島市南区宇品神田四丁目１２番１２号　１階" }, "geometry": { "type": "Point", "coordinates": [ 132.464888, 34.360703 ] } },
{ "type": "Feature", "properties": { "ID": 3457347342539, "正式名称": "ウォンツ皆賀薬局", "機関区分": 5, "都道府県コード": 34, "市区町村コード": 108, "所在地": "広島県広島市佐伯区皆賀三丁目１０番１号", "緯度": 34.375628, "経度": 132.367443, "url": "https://www.iryou.teikyouseido.mhlw.go.jp/znk-web/juminkanja/S2430/initialize?prefCd=34&kikanCd=7347342539&kikanKbn=5", "url2": "https://www.wants.co.jp/", "内容": "ウォンツ皆賀薬局【5:薬局】広島県広島市佐伯区皆賀三丁目１０番１号" }, "geometry": { "type": "Point", "coordinates": [ 132.367443, 34.375628 ] } },
{ "type": "Feature", "properties": { "ID": 3457347342540, "正式名称": "ププレひまわり薬局　瀬野川店", "機関区分": 5, "都道府県コード": 34, "市区町村コード": 107, "所在地": "広島県広島市安芸区中野東四丁目１番４０号", "緯度": 34.399613, "経度": 132.580474, "url": "https://www.iryou.teikyouseido.mhlw.go.jp/znk-web/juminkanja/S2430/initialize?prefCd=34&kikanCd=7347342540&kikanKbn=5", "url2": "https://himawarinews.com/store/senogawa_pharmacy/", "内容": "ププレひまわり薬局　瀬野川店【5:薬局】広島県広島市安芸区中野東四丁目１番４０号" }, "geometry": { "type": "Point", "coordinates": [ 132.580474, 34.399613 ] } },
{ "type": "Feature", "properties": { "ID": 3457347342541, "正式名称": "ウォンツアクロスプラザ三原薬局", "機関区分": 5, "都道府県コード": 34, "市区町村コード": 204, "所在地": "広島県三原市円一町一丁目１－２－２", "緯度": 34.395004, "経度": 133.079537, "url": "https://www.iryou.teikyouseido.mhlw.go.jp/znk-web/juminkanja/S2430/initialize?prefCd=34&kikanCd=7347342541&kikanKbn=5", "url2": "https://www.wants.co.jp/shop/?cm=v&id=11656", "内容": "ウォンツアクロスプラザ三原薬局【5:薬局】広島県三原市円一町一丁目１－２－２" }, "geometry": { "type": "Point", "coordinates": [ 133.079537, 34.395004 ] } },
{ "type": "Feature", "properties": { "ID": 3457347342542, "正式名称": "ププレひまわり薬局江南店", "機関区分": 5, "都道府県コード": 34, "市区町村コード": 204, "所在地": "広島県三原市和田三丁目４－１", "緯度": 34.385374, "経度": 133.067189, "url": "https://www.iryou.teikyouseido.mhlw.go.jp/znk-web/juminkanja/S2430/initialize?prefCd=34&kikanCd=7347342542&kikanKbn=5", "url2": "https://himawarinews.com/", "内容": "ププレひまわり薬局江南店【5:薬局】広島県三原市和田三丁目４－１" }, "geometry": { "type": "Point", "coordinates": [ 133.067189, 34.385374 ] } },
{ "type": "Feature", "properties": { "ID": 3457347342544, "正式名称": "お通り薬局", "機関区分": 5, "都道府県コード": 34, "市区町村コード": 210, "所在地": "広島県庄原市東城町川東１６５－２", "緯度": 34.900437, "経度": 133.273732, "url": "https://www.iryou.teikyouseido.mhlw.go.jp/znk-web/juminkanja/S2430/initialize?prefCd=34&kikanCd=7347342544&kikanKbn=5", "url2": "https://genki-base.jp", "内容": "お通り薬局【5:薬局】広島県庄原市東城町川東１６５－２" }, "geometry": { "type": "Point", "coordinates": [ 133.273732, 34.900437 ] } },
{ "type": "Feature", "properties": { "ID": 3457347342545, "正式名称": "パール薬局", "機関区分": 5, "都道府県コード": 34, "市区町村コード": 105, "所在地": "広島県広島市安佐南区安東二丁目３番１７－１０３号", "緯度": 34.473353, "経度": 132.45545, "url": "https://www.iryou.teikyouseido.mhlw.go.jp/znk-web/juminkanja/S2430/initialize?prefCd=34&kikanCd=7347342545&kikanKbn=5", "url2": "https://triangle-pearl.jp/", "内容": "パール薬局【5:薬局】広島県広島市安佐南区安東二丁目３番１７－１０３号" }, "geometry": { "type": "Point", "coordinates": [ 132.45545, 34.473353 ] } },
{ "type": "Feature", "properties": { "ID": 3457347342546, "正式名称": "パール薬局　緑井店", "機関区分": 5, "都道府県コード": 34, "市区町村コード": 105, "所在地": "広島県広島市安佐南区緑井四丁目２４番７号", "緯度": 34.467928, "経度": 132.474395, "url": "https://www.iryou.teikyouseido.mhlw.go.jp/znk-web/juminkanja/S2430/initialize?prefCd=34&kikanCd=7347342546&kikanKbn=5", "url2": "triangle-pearl.jp", "内容": "パール薬局　緑井店【5:薬局】広島県広島市安佐南区緑井四丁目２４番７号" }, "geometry": { "type": "Point", "coordinates": [ 132.474395, 34.467928 ] } },
{ "type": "Feature", "properties": { "ID": 3457347342547, "正式名称": "パール薬局　山本店", "機関区分": 5, "都道府県コード": 34, "市区町村コード": 105, "所在地": "広島県広島市安佐南区山本三丁目１番１５号", "緯度": 34.439411, "経度": 132.455788, "url": "https://www.iryou.teikyouseido.mhlw.go.jp/znk-web/juminkanja/S2430/initialize?prefCd=34&kikanCd=7347342547&kikanKbn=5", "url2": "https://triangle-pearl.jp/branch/post-4.html", "内容": "パール薬局　山本店【5:薬局】広島県広島市安佐南区山本三丁目１番１５号" }, "geometry": { "type": "Point", "coordinates": [ 132.455788, 34.439411 ] } },
{ "type": "Feature", "properties": { "ID": 3457347342548, "正式名称": "アプコＵｎｉｔｙ薬局　駅家", "機関区分": 5, "都道府県コード": 34, "市区町村コード": 207, "所在地": "広島県福山市駅家町法成寺１０８番地８", "緯度": 34.554036, "経度": 133.325675, "url": "https://www.iryou.teikyouseido.mhlw.go.jp/znk-web/juminkanja/S2430/initialize?prefCd=34&kikanCd=7347342548&kikanKbn=5", "url2": "https://www.apco-group.jp/", "内容": "アプコＵｎｉｔｙ薬局　駅家【5:薬局】広島県福山市駅家町法成寺１０８番地８" }, "geometry": { "type": "Point", "coordinates": [ 133.325675, 34.554036 ] } },
{ "type": "Feature", "properties": { "ID": 3457347342549, "正式名称": "ウォンツ薬局メディカルモール向洋駅北店", "機関区分": 5, "都道府県コード": 34, "市区町村コード": 302, "所在地": "広島県安芸郡府中町桃山一丁目４番１８号", "緯度": 34.378796, "経度": 132.50513, "url": "https://www.iryou.teikyouseido.mhlw.go.jp/znk-web/juminkanja/S2430/initialize?prefCd=34&kikanCd=7347342549&kikanKbn=5", "url2": "https://www.wants.co.jp/", "内容": "ウォンツ薬局メディカルモール向洋駅北店【5:薬局】広島県安芸郡府中町桃山一丁目４番１８号" }, "geometry": { "type": "Point", "coordinates": [ 132.50513, 34.378796 ] } },
{ "type": "Feature", "properties": { "ID": 3457347342550, "正式名称": "パール薬局　明石店", "機関区分": 5, "都道府県コード": 34, "市区町村コード": 431, "所在地": "広島県豊田郡大崎上島町明石字東浜２６９６－１", "緯度": 34.213384, "経度": 132.866224, "url": "https://www.iryou.teikyouseido.mhlw.go.jp/znk-web/juminkanja/S2430/initialize?prefCd=34&kikanCd=7347342550&kikanKbn=5", "url2": "http://mikk-ligar.jp/", "内容": "パール薬局　明石店【5:薬局】広島県豊田郡大崎上島町明石字東浜２６９６－１" }, "geometry": { "type": "Point", "coordinates": [ 132.866224, 34.213384 ] } },
{ "type": "Feature", "properties": { "ID": 3457347342551, "正式名称": "ウエルシア薬局　広島西原店", "機関区分": 5, "都道府県コード": 34, "市区町村コード": 105, "所在地": "広島県広島市安佐南区西原八丁目３８番２９号", "緯度": 34.442089, "経度": 132.47227, "url": "https://www.iryou.teikyouseido.mhlw.go.jp/znk-web/juminkanja/S2430/initialize?prefCd=34&kikanCd=7347342551&kikanKbn=5", "url2": "https://stores.welcia.co.jp/3780D", "内容": "ウエルシア薬局　広島西原店【5:薬局】広島県広島市安佐南区西原八丁目３８番２９号" }, "geometry": { "type": "Point", "coordinates": [ 132.47227, 34.442089 ] } },
{ "type": "Feature", "properties": { "ID": 3457347342553, "正式名称": "乙漢方薬局", "機関区分": 5, "都道府県コード": 34, "市区町村コード": 309, "所在地": "広島県安芸郡坂町植田四丁目１３－２７", "緯度": 34.327341, "経度": 132.507143, "url": "https://www.iryou.teikyouseido.mhlw.go.jp/znk-web/juminkanja/S2430/initialize?prefCd=34&kikanCd=7347342553&kikanKbn=5", "url2": "https://otsu-cafe.com/", "内容": "乙漢方薬局【5:薬局】広島県安芸郡坂町植田四丁目１３－２７" }, "geometry": { "type": "Point", "coordinates": [ 132.507143, 34.327341 ] } },
{ "type": "Feature", "properties": { "ID": 3457347342554, "正式名称": "ウォンツ　八木薬局", "機関区分": 5, "都道府県コード": 34, "市区町村コード": 105, "所在地": "広島県広島市安佐南区八木五丁目５番３３号", "緯度": 34.4819, "経度": 132.496819, "url": "https://www.iryou.teikyouseido.mhlw.go.jp/znk-web/juminkanja/S2430/initialize?prefCd=34&kikanCd=7347342554&kikanKbn=5", "url2": "https://www.wants.co.jp/", "内容": "ウォンツ　八木薬局【5:薬局】広島県広島市安佐南区八木五丁目５番３３号" }, "geometry": { "type": "Point", "coordinates": [ 132.496819, 34.4819 ] } },
{ "type": "Feature", "properties": { "ID": 3457347342555, "正式名称": "みらい薬局", "機関区分": 5, "都道府県コード": 34, "市区町村コード": 207, "所在地": "広島県福山市東深津町三丁目２３番４４号", "緯度": 34.49632, "経度": 133.399806, "url": "https://www.iryou.teikyouseido.mhlw.go.jp/znk-web/juminkanja/S2430/initialize?prefCd=34&kikanCd=7347342555&kikanKbn=5", "url2": null, "内容": "みらい薬局【5:薬局】広島県福山市東深津町三丁目２３番４４号" }, "geometry": { "type": "Point", "coordinates": [ 133.399806, 34.49632 ] } },
{ "type": "Feature", "properties": { "ID": 3457347342556, "正式名称": "みずき薬局", "機関区分": 5, "都道府県コード": 34, "市区町村コード": 209, "所在地": "広島県三次市十日市東四丁目３－８", "緯度": 34.804765, "経度": 132.862112, "url": "https://www.iryou.teikyouseido.mhlw.go.jp/znk-web/juminkanja/S2430/initialize?prefCd=34&kikanCd=7347342556&kikanKbn=5", "url2": null, "内容": "みずき薬局【5:薬局】広島県三次市十日市東四丁目３－８" }, "geometry": { "type": "Point", "coordinates": [ 132.862112, 34.804765 ] } },
{ "type": "Feature", "properties": { "ID": 3457347342558, "正式名称": "なでしこ薬局", "機関区分": 5, "都道府県コード": 34, "市区町村コード": 204, "所在地": "広島県三原市港町三丁目７－２７", "緯度": 34.398149, "経度": 133.078713, "url": "https://www.iryou.teikyouseido.mhlw.go.jp/znk-web/juminkanja/S2430/initialize?prefCd=34&kikanCd=7347342558&kikanKbn=5", "url2": null, "内容": "なでしこ薬局【5:薬局】広島県三原市港町三丁目７－２７" }, "geometry": { "type": "Point", "coordinates": [ 133.078713, 34.398149 ] } },
{ "type": "Feature", "properties": { "ID": 3457347342559, "正式名称": "ばら薬局", "機関区分": 5, "都道府県コード": 34, "市区町村コード": 203, "所在地": "広島県竹原市竹原町３６４４", "緯度": 34.349524, "経度": 132.904603, "url": "https://www.iryou.teikyouseido.mhlw.go.jp/znk-web/juminkanja/S2430/initialize?prefCd=34&kikanCd=7347342559&kikanKbn=5", "url2": "baraph-bamboo.com", "内容": "ばら薬局【5:薬局】広島県竹原市竹原町３６４４" }, "geometry": { "type": "Point", "coordinates": [ 132.904603, 34.349524 ] } },
{ "type": "Feature", "properties": { "ID": 3457347342560, "正式名称": "みつば薬局", "機関区分": 5, "都道府県コード": 34, "市区町村コード": 207, "所在地": "広島県福山市駅家町近田２３３番地１", "緯度": 34.541252, "経度": 133.31711, "url": "https://www.iryou.teikyouseido.mhlw.go.jp/znk-web/juminkanja/S2430/initialize?prefCd=34&kikanCd=7347342560&kikanKbn=5", "url2": "https://www.innoshima-ph.com/pharmacy_mitsuba", "内容": "みつば薬局【5:薬局】広島県福山市駅家町近田２３３番地１" }, "geometry": { "type": "Point", "coordinates": [ 133.31711, 34.541252 ] } },
{ "type": "Feature", "properties": { "ID": 3457347342561, "正式名称": "ウォンツアクロスプラザ神辺薬局", "機関区分": 5, "都道府県コード": 34, "市区町村コード": 207, "所在地": "広島県福山市神辺町湯野３７８番地１", "緯度": 34.547628, "経度": 133.382194, "url": "https://www.iryou.teikyouseido.mhlw.go.jp/znk-web/juminkanja/S2430/initialize?prefCd=34&kikanCd=7347342561&kikanKbn=5", "url2": "https://www.wants.co.jp/", "内容": "ウォンツアクロスプラザ神辺薬局【5:薬局】広島県福山市神辺町湯野３７８番地１" }, "geometry": { "type": "Point", "coordinates": [ 133.382194, 34.547628 ] } },
{ "type": "Feature", "properties": { "ID": 3457347342562, "正式名称": "漢方薬局　ホノカ堂", "機関区分": 5, "都道府県コード": 34, "市区町村コード": 207, "所在地": "広島県福山市東深津町二丁目８番２２号", "緯度": 34.496597, "経度": 133.391161, "url": "https://www.iryou.teikyouseido.mhlw.go.jp/znk-web/juminkanja/S2430/initialize?prefCd=34&kikanCd=7347342562&kikanKbn=5", "url2": "https://honoka.co.jp/", "内容": "漢方薬局　ホノカ堂【5:薬局】広島県福山市東深津町二丁目８番２２号" }, "geometry": { "type": "Point", "coordinates": [ 133.391161, 34.496597 ] } },
{ "type": "Feature", "properties": { "ID": 3457347342563, "正式名称": "フタバ薬局　大国店", "機関区分": 5, "都道府県コード": 34, "市区町村コード": 213, "所在地": "広島県廿日市市大野一丁目８－９", "緯度": 34.286063, "経度": 132.276708, "url": "https://www.iryou.teikyouseido.mhlw.go.jp/znk-web/juminkanja/S2430/initialize?prefCd=34&kikanCd=7347342563&kikanKbn=5", "url2": "https://shinme-futaba.co.jp/", "内容": "フタバ薬局　大国店【5:薬局】広島県廿日市市大野一丁目８－９" }, "geometry": { "type": "Point", "coordinates": [ 132.276708, 34.286063 ] } },
{ "type": "Feature", "properties": { "ID": 3457347342564, "正式名称": "ひつじ薬局", "機関区分": 5, "都道府県コード": 34, "市区町村コード": 207, "所在地": "広島県福山市本郷町１５９８番地１", "緯度": 34.468842, "経度": 133.245939, "url": "https://www.iryou.teikyouseido.mhlw.go.jp/znk-web/juminkanja/S2430/initialize?prefCd=34&kikanCd=7347342564&kikanKbn=5", "url2": "https://hitsuji-yakkyoku.com/", "内容": "ひつじ薬局【5:薬局】広島県福山市本郷町１５９８番地１" }, "geometry": { "type": "Point", "coordinates": [ 133.245939, 34.468842 ] } },
{ "type": "Feature", "properties": { "ID": 3457347342565, "正式名称": "あおぞら薬局八幡東店", "機関区分": 5, "都道府県コード": 34, "市区町村コード": 108, "所在地": "広島県広島市佐伯区八幡東三丁目２９番１２－５－１０２号", "緯度": 34.383757, "経度": 132.362367, "url": "https://www.iryou.teikyouseido.mhlw.go.jp/znk-web/juminkanja/S2430/initialize?prefCd=34&kikanCd=7347342565&kikanKbn=5", "url2": "https://www.rising-hiroshima.com/", "内容": "あおぞら薬局八幡東店【5:薬局】広島県広島市佐伯区八幡東三丁目２９番１２－５－１０２号" }, "geometry": { "type": "Point", "coordinates": [ 132.362367, 34.383757 ] } },
{ "type": "Feature", "properties": { "ID": 3457347342566, "正式名称": "西栄薬局", "機関区分": 5, "都道府県コード": 34, "市区町村コード": 211, "所在地": "広島県大竹市西栄三丁目１－５", "緯度": 34.216605, "経度": 132.225933, "url": "https://www.iryou.teikyouseido.mhlw.go.jp/znk-web/juminkanja/S2430/initialize?prefCd=34&kikanCd=7347342566&kikanKbn=5", "url2": "https://ms-pharmacy.jp/nishisakae/", "内容": "西栄薬局【5:薬局】広島県大竹市西栄三丁目１－５" }, "geometry": { "type": "Point", "coordinates": [ 132.225933, 34.216605 ] } },
{ "type": "Feature", "properties": { "ID": 3457347342567, "正式名称": "オール薬局　ゆめモール西条店", "機関区分": 5, "都道府県コード": 34, "市区町村コード": 212, "所在地": "広島県東広島市西条町助実１１７２番地　１Ｆ", "緯度": 34.419027, "経度": 132.768674, "url": "https://www.iryou.teikyouseido.mhlw.go.jp/znk-web/juminkanja/S2430/initialize?prefCd=34&kikanCd=7347342567&kikanKbn=5", "url2": "https://www.my-life.jp/owl/", "内容": "オール薬局　ゆめモール西条店【5:薬局】広島県東広島市西条町助実１１７２番地　１Ｆ" }, "geometry": { "type": "Point", "coordinates": [ 132.768674, 34.419027 ] } },
{ "type": "Feature", "properties": { "ID": 3457347342569, "正式名称": "コスモス調剤薬局　明神店", "機関区分": 5, "都道府県コード": 34, "市区町村コード": 207, "所在地": "広島県福山市明神町二丁目１番３０号", "緯度": 34.492182, "経度": 133.396273, "url": "https://www.iryou.teikyouseido.mhlw.go.jp/znk-web/juminkanja/S2430/initialize?prefCd=34&kikanCd=7347342569&kikanKbn=5", "url2": null, "内容": "コスモス調剤薬局　明神店【5:薬局】広島県福山市明神町二丁目１番３０号" }, "geometry": { "type": "Point", "coordinates": [ 133.396273, 34.492182 ] } },
{ "type": "Feature", "properties": { "ID": 3457347342570, "正式名称": "ミント薬局　下祇園店", "機関区分": 5, "都道府県コード": 34, "市区町村コード": 105, "所在地": "広島県広島市安佐南区祇園三丁目７番２号　１階", "緯度": 34.441388, "経度": 132.461869, "url": "https://www.iryou.teikyouseido.mhlw.go.jp/znk-web/juminkanja/S2430/initialize?prefCd=34&kikanCd=7347342570&kikanKbn=5", "url2": "https://www.mint-pharmacy.jp/tenpo/shimogion.html", "内容": "ミント薬局　下祇園店【5:薬局】広島県広島市安佐南区祇園三丁目７番２号　１階" }, "geometry": { "type": "Point", "coordinates": [ 132.461869, 34.441388 ] } },
{ "type": "Feature", "properties": { "ID": 3457347342571, "正式名称": "西山本薬局", "機関区分": 5, "都道府県コード": 34, "市区町村コード": 105, "所在地": "広島県広島市安佐南区山本一丁目５番１８号", "緯度": 34.435768, "経度": 132.456257, "url": "https://www.iryou.teikyouseido.mhlw.go.jp/znk-web/juminkanja/S2430/initialize?prefCd=34&kikanCd=7347342571&kikanKbn=5", "url2": null, "内容": "西山本薬局【5:薬局】広島県広島市安佐南区山本一丁目５番１８号" }, "geometry": { "type": "Point", "coordinates": [ 132.456257, 34.435768 ] } },
{ "type": "Feature", "properties": { "ID": 3457347342572, "正式名称": "あおぞら薬局庚午店", "機関区分": 5, "都道府県コード": 34, "市区町村コード": 104, "所在地": "広島県広島市西区庚午北二丁目８番１５－１０２号", "緯度": 34.390559, "経度": 132.42151, "url": "https://www.iryou.teikyouseido.mhlw.go.jp/znk-web/juminkanja/S2430/initialize?prefCd=34&kikanCd=7347342572&kikanKbn=5", "url2": null, "内容": "あおぞら薬局庚午店【5:薬局】広島県広島市西区庚午北二丁目８番１５－１０２号" }, "geometry": { "type": "Point", "coordinates": [ 132.42151, 34.390559 ] } },
{ "type": "Feature", "properties": { "ID": 3457347342573, "正式名称": "そうごう薬局広島基町店", "機関区分": 5, "都道府県コード": 34, "市区町村コード": 101, "所在地": "広島県広島市中区基町１番１９号", "緯度": 34.398057, "経度": 132.461545, "url": "https://www.iryou.teikyouseido.mhlw.go.jp/znk-web/juminkanja/S2430/initialize?prefCd=34&kikanCd=7347342573&kikanKbn=5", "url2": "https://www.sogo-pharmacy.jp/shop/view/859", "内容": "そうごう薬局広島基町店【5:薬局】広島県広島市中区基町１番１９号" }, "geometry": { "type": "Point", "coordinates": [ 132.461545, 34.398057 ] } },
{ "type": "Feature", "properties": { "ID": 3457347342574, "正式名称": "おおたけ駅前薬局", "機関区分": 5, "都道府県コード": 34, "市区町村コード": 211, "所在地": "広島県大竹市新町一丁目２－７", "緯度": 34.217666, "経度": 132.222161, "url": "https://www.iryou.teikyouseido.mhlw.go.jp/znk-web/juminkanja/S2430/initialize?prefCd=34&kikanCd=7347342574&kikanKbn=5", "url2": "https://otake-ekimae-p.jp/", "内容": "おおたけ駅前薬局【5:薬局】広島県大竹市新町一丁目２－７" }, "geometry": { "type": "Point", "coordinates": [ 132.222161, 34.217666 ] } },
{ "type": "Feature", "properties": { "ID": 3457347342575, "正式名称": "大竹元町薬局", "機関区分": 5, "都道府県コード": 34, "市区町村コード": 211, "所在地": "広島県大竹市元町一丁目１１－２", "緯度": 34.208858, "経度": 132.215943, "url": "https://www.iryou.teikyouseido.mhlw.go.jp/znk-web/juminkanja/S2430/initialize?prefCd=34&kikanCd=7347342575&kikanKbn=5", "url2": "https://ms-pharmacy.jp", "内容": "大竹元町薬局【5:薬局】広島県大竹市元町一丁目１１－２" }, "geometry": { "type": "Point", "coordinates": [ 132.215943, 34.208858 ] } },
{ "type": "Feature", "properties": { "ID": 3457347342577, "正式名称": "平木調剤薬局", "機関区分": 5, "都道府県コード": 34, "市区町村コード": 205, "所在地": "広島県尾道市因島土生町２１４７－１", "緯度": 34.28404, "経度": 133.180587, "url": "https://www.iryou.teikyouseido.mhlw.go.jp/znk-web/juminkanja/S2430/initialize?prefCd=34&kikanCd=7347342577&kikanKbn=5", "url2": "https://www.innoshima-ph.com/", "内容": "平木調剤薬局【5:薬局】広島県尾道市因島土生町２１４７－１" }, "geometry": { "type": "Point", "coordinates": [ 133.180587, 34.28404 ] } },
{ "type": "Feature", "properties": { "ID": 3457347342578, "正式名称": "ウォンツ福山加茂薬局", "機関区分": 5, "都道府県コード": 34, "市区町村コード": 207, "所在地": "広島県福山市加茂町下加茂５９番地１", "緯度": 34.55697, "経度": 133.345457, "url": "https://www.iryou.teikyouseido.mhlw.go.jp/znk-web/juminkanja/S2430/initialize?prefCd=34&kikanCd=7347342578&kikanKbn=5", "url2": "https://www.wants.co.jp/", "内容": "ウォンツ福山加茂薬局【5:薬局】広島県福山市加茂町下加茂５９番地１" }, "geometry": { "type": "Point", "coordinates": [ 133.345457, 34.55697 ] } },
{ "type": "Feature", "properties": { "ID": 3457347342579, "正式名称": "ウォンツ大町西薬局", "機関区分": 5, "都道府県コード": 34, "市区町村コード": 105, "所在地": "広島県広島市安佐南区大町西三丁目５番２２号", "緯度": 34.466777, "経度": 132.460782, "url": "https://www.iryou.teikyouseido.mhlw.go.jp/znk-web/juminkanja/S2430/initialize?prefCd=34&kikanCd=7347342579&kikanKbn=5", "url2": "https://www.wants.co.jp/", "内容": "ウォンツ大町西薬局【5:薬局】広島県広島市安佐南区大町西三丁目５番２２号" }, "geometry": { "type": "Point", "coordinates": [ 132.460782, 34.466777 ] } },
{ "type": "Feature", "properties": { "ID": 3457347342580, "正式名称": "ウォンツ福山松永薬局", "機関区分": 5, "都道府県コード": 34, "市区町村コード": 207, "所在地": "広島県福山市松永町三丁目２１番２７－３号", "緯度": 34.44579, "経度": 133.252991, "url": "https://www.iryou.teikyouseido.mhlw.go.jp/znk-web/juminkanja/S2430/initialize?prefCd=34&kikanCd=7347342580&kikanKbn=5", "url2": "https://www.wants.co.jp/", "内容": "ウォンツ福山松永薬局【5:薬局】広島県福山市松永町三丁目２１番２７－３号" }, "geometry": { "type": "Point", "coordinates": [ 133.252991, 34.44579 ] } },
{ "type": "Feature", "properties": { "ID": 3457347342581, "正式名称": "ウォンツ薬局　翠店", "機関区分": 5, "都道府県コード": 34, "市区町村コード": 103, "所在地": "広島県広島市南区翠五丁目１７番２３号", "緯度": 34.368348, "経度": 132.465908, "url": "https://www.iryou.teikyouseido.mhlw.go.jp/znk-web/juminkanja/S2430/initialize?prefCd=34&kikanCd=7347342581&kikanKbn=5", "url2": "https://www.wants.co.jp/", "内容": "ウォンツ薬局　翠店【5:薬局】広島県広島市南区翠五丁目１７番２３号" }, "geometry": { "type": "Point", "coordinates": [ 132.465908, 34.368348 ] } },
{ "type": "Feature", "properties": { "ID": 3457347342584, "正式名称": "エスマイル薬局蔵王店", "機関区分": 5, "都道府県コード": 34, "市区町村コード": 207, "所在地": "広島県福山市南蔵王町三丁目１７番１０号", "緯度": 34.501076, "経度": 133.39807, "url": "https://www.iryou.teikyouseido.mhlw.go.jp/znk-web/juminkanja/S2430/initialize?prefCd=34&kikanCd=7347342584&kikanKbn=5", "url2": "https://www.ssmile.co.jp/", "内容": "エスマイル薬局蔵王店【5:薬局】広島県福山市南蔵王町三丁目１７番１０号" }, "geometry": { "type": "Point", "coordinates": [ 133.39807, 34.501076 ] } },
{ "type": "Feature", "properties": { "ID": 3457347342585, "正式名称": "ＡＯＩ薬局", "機関区分": 5, "都道府県コード": 34, "市区町村コード": 212, "所在地": "広島県東広島市八本松東３ー７－２－１０１", "緯度": 34.446146, "経度": 132.710607, "url": "https://www.iryou.teikyouseido.mhlw.go.jp/znk-web/juminkanja/S2430/initialize?prefCd=34&kikanCd=7347342585&kikanKbn=5", "url2": null, "内容": "ＡＯＩ薬局【5:薬局】広島県東広島市八本松東３ー７－２－１０１" }, "geometry": { "type": "Point", "coordinates": [ 132.710607, 34.446146 ] } },
{ "type": "Feature", "properties": { "ID": 3457347342586, "正式名称": "ププレひまわり薬局　可部店", "機関区分": 5, "都道府県コード": 34, "市区町村コード": 106, "所在地": "広島県広島市安佐北区亀山二丁目２５番９－２号", "緯度": 34.518117, "経度": 132.504134, "url": "https://www.iryou.teikyouseido.mhlw.go.jp/znk-web/juminkanja/S2430/initialize?prefCd=34&kikanCd=7347342586&kikanKbn=5", "url2": null, "内容": "ププレひまわり薬局　可部店【5:薬局】広島県広島市安佐北区亀山二丁目２５番９－２号" }, "geometry": { "type": "Point", "coordinates": [ 132.504134, 34.518117 ] } },
{ "type": "Feature", "properties": { "ID": 3457347342587, "正式名称": "ザグザグ薬局尾道高須店", "機関区分": 5, "都道府県コード": 34, "市区町村コード": 205, "所在地": "広島県尾道市高須町５２８０", "緯度": 34.432385, "経度": 133.229729, "url": "https://www.iryou.teikyouseido.mhlw.go.jp/znk-web/juminkanja/S2430/initialize?prefCd=34&kikanCd=7347342587&kikanKbn=5", "url2": "http://www.zagzag.co.jp", "内容": "ザグザグ薬局尾道高須店【5:薬局】広島県尾道市高須町５２８０" }, "geometry": { "type": "Point", "coordinates": [ 133.229729, 34.432385 ] } },
{ "type": "Feature", "properties": { "ID": 3457347342588, "正式名称": "ププレひまわり薬局尾道西店", "機関区分": 5, "都道府県コード": 34, "市区町村コード": 205, "所在地": "広島県尾道市新浜一丁目７－７", "緯度": 34.40244, "経度": 133.184175, "url": "https://www.iryou.teikyouseido.mhlw.go.jp/znk-web/juminkanja/S2430/initialize?prefCd=34&kikanCd=7347342588&kikanKbn=5", "url2": "https://himawarinews.com/store/onomichinishi_pharmacy/", "内容": "ププレひまわり薬局尾道西店【5:薬局】広島県尾道市新浜一丁目７－７" }, "geometry": { "type": "Point", "coordinates": [ 133.184175, 34.40244 ] } },
{ "type": "Feature", "properties": { "ID": 3457347342589, "正式名称": "廿日市本町薬局", "機関区分": 5, "都道府県コード": 34, "市区町村コード": 213, "所在地": "広島県廿日市市本町７－３６", "緯度": 34.351136, "経度": 132.335567, "url": "https://www.iryou.teikyouseido.mhlw.go.jp/znk-web/juminkanja/S2430/initialize?prefCd=34&kikanCd=7347342589&kikanKbn=5", "url2": "https://ms-pharmacy.jp/hatsukaichi/", "内容": "廿日市本町薬局【5:薬局】広島県廿日市市本町７－３６" }, "geometry": { "type": "Point", "coordinates": [ 132.335567, 34.351136 ] } },
{ "type": "Feature", "properties": { "ID": 3457347342590, "正式名称": "ザグザグ薬局呉中央店", "機関区分": 5, "都道府県コード": 34, "市区町村コード": 202, "所在地": "広島県呉市西中央３丁目７番３４号", "緯度": 34.249403, "経度": 132.560962, "url": "https://www.iryou.teikyouseido.mhlw.go.jp/znk-web/juminkanja/S2430/initialize?prefCd=34&kikanCd=7347342590&kikanKbn=5", "url2": "https://www.zagzag.co.jp/", "内容": "ザグザグ薬局呉中央店【5:薬局】広島県呉市西中央３丁目７番３４号" }, "geometry": { "type": "Point", "coordinates": [ 132.560962, 34.249403 ] } },
{ "type": "Feature", "properties": { "ID": 3457347342592, "正式名称": "あおい薬局　海田店", "機関区分": 5, "都道府県コード": 34, "市区町村コード": 304, "所在地": "広島県安芸郡海田町堀川町３番５号", "緯度": 34.368596, "経度": 132.531604, "url": "https://www.iryou.teikyouseido.mhlw.go.jp/znk-web/juminkanja/S2430/initialize?prefCd=34&kikanCd=7347342592&kikanKbn=5", "url2": "https://base-h.jp/pharmacy/%E6%B5%B7%E7%94%B0%E5%BA%97/", "内容": "あおい薬局　海田店【5:薬局】広島県安芸郡海田町堀川町３番５号" }, "geometry": { "type": "Point", "coordinates": [ 132.531604, 34.368596 ] } },
{ "type": "Feature", "properties": { "ID": 3457347342593, "正式名称": "つゆくさ漢方薬局", "機関区分": 5, "都道府県コード": 34, "市区町村コード": 205, "所在地": "広島県尾道市高須町６６１", "緯度": 34.437348, "経度": 133.234419, "url": "https://www.iryou.teikyouseido.mhlw.go.jp/znk-web/juminkanja/S2430/initialize?prefCd=34&kikanCd=7347342593&kikanKbn=5", "url2": "http://www.tsuyukusa.mydns.jp:11665", "内容": "つゆくさ漢方薬局【5:薬局】広島県尾道市高須町６６１" }, "geometry": { "type": "Point", "coordinates": [ 133.234419, 34.437348 ] } },
{ "type": "Feature", "properties": { "ID": 3457347342594, "正式名称": "ププレひまわり薬局　新涯店", "機関区分": 5, "都道府県コード": 34, "市区町村コード": 207, "所在地": "広島県福山市西新涯町二丁目１０番１１号", "緯度": 34.459808, "経度": 133.380346, "url": "https://www.iryou.teikyouseido.mhlw.go.jp/znk-web/juminkanja/S2430/initialize?prefCd=34&kikanCd=7347342594&kikanKbn=5", "url2": "https://himawarinews.com", "内容": "ププレひまわり薬局　新涯店【5:薬局】広島県福山市西新涯町二丁目１０番１１号" }, "geometry": { "type": "Point", "coordinates": [ 133.380346, 34.459808 ] } },
{ "type": "Feature", "properties": { "ID": 3457347342595, "正式名称": "アレス薬局翠店", "機関区分": 5, "都道府県コード": 34, "市区町村コード": 103, "所在地": "広島県広島市南区翠二丁目１８番３－１０２号", "緯度": 34.37222, "経度": 132.470863, "url": "https://www.iryou.teikyouseido.mhlw.go.jp/znk-web/juminkanja/S2430/initialize?prefCd=34&kikanCd=7347342595&kikanKbn=5", "url2": null, "内容": "アレス薬局翠店【5:薬局】広島県広島市南区翠二丁目１８番３－１０２号" }, "geometry": { "type": "Point", "coordinates": [ 132.470863, 34.37222 ] } },
{ "type": "Feature", "properties": { "ID": 3457347342596, "正式名称": "ウォンツ宇品東６丁目薬局", "機関区分": 5, "都道府県コード": 34, "市区町村コード": 103, "所在地": "広島県広島市南区宇品東六丁目２番４６号　１Ｆ", "緯度": 34.361452, "経度": 132.467589, "url": "https://www.iryou.teikyouseido.mhlw.go.jp/znk-web/juminkanja/S2430/initialize?prefCd=34&kikanCd=7347342596&kikanKbn=5", "url2": "https://www.wants.co.jp/", "内容": "ウォンツ宇品東６丁目薬局【5:薬局】広島県広島市南区宇品東六丁目２番４６号　１Ｆ" }, "geometry": { "type": "Point", "coordinates": [ 132.467589, 34.361452 ] } },
{ "type": "Feature", "properties": { "ID": 3457347342597, "正式名称": "ププレひまわり薬局　松浜店", "機関区分": 5, "都道府県コード": 34, "市区町村コード": 207, "所在地": "広島県福山市松浜町二丁目３番２５号", "緯度": 34.482005, "経度": 133.374366, "url": "https://www.iryou.teikyouseido.mhlw.go.jp/znk-web/juminkanja/S2430/initialize?prefCd=34&kikanCd=7347342597&kikanKbn=5", "url2": "https://himawarinews.com/store/matsuhama_pharmacy/", "内容": "ププレひまわり薬局　松浜店【5:薬局】広島県福山市松浜町二丁目３番２５号" }, "geometry": { "type": "Point", "coordinates": [ 133.374366, 34.482005 ] } },
{ "type": "Feature", "properties": { "ID": 3457347342598, "正式名称": "ププレひまわり薬局　春日東店", "機関区分": 5, "都道府県コード": 34, "市区町村コード": 207, "所在地": "広島県福山市春日町七丁目２番１８号", "緯度": 34.509579, "経度": 133.41443, "url": "https://www.iryou.teikyouseido.mhlw.go.jp/znk-web/juminkanja/S2430/initialize?prefCd=34&kikanCd=7347342598&kikanKbn=5", "url2": null, "内容": "ププレひまわり薬局　春日東店【5:薬局】広島県福山市春日町七丁目２番１８号" }, "geometry": { "type": "Point", "coordinates": [ 133.41443, 34.509579 ] } },
{ "type": "Feature", "properties": { "ID": 3457347342601, "正式名称": "いのうえ一誠堂薬局宮原店", "機関区分": 5, "都道府県コード": 34, "市区町村コード": 202, "所在地": "広島県呉市宮原２丁目４番２５号", "緯度": 34.235308, "経度": 132.566068, "url": "https://www.iryou.teikyouseido.mhlw.go.jp/znk-web/juminkanja/S2430/initialize?prefCd=34&kikanCd=7347342601&kikanKbn=5", "url2": null, "内容": "いのうえ一誠堂薬局宮原店【5:薬局】広島県呉市宮原２丁目４番２５号" }, "geometry": { "type": "Point", "coordinates": [ 132.566068, 34.235308 ] } },
{ "type": "Feature", "properties": { "ID": 3457347342602, "正式名称": "ウエルシア薬局　広島可部南店", "機関区分": 5, "都道府県コード": 34, "市区町村コード": 106, "所在地": "広島県広島市安佐北区可部南五丁目９番１７号", "緯度": 34.507382, "経度": 132.514271, "url": "https://www.iryou.teikyouseido.mhlw.go.jp/znk-web/juminkanja/S2430/initialize?prefCd=34&kikanCd=7347342602&kikanKbn=5", "url2": "https://stores.welcia.co.jp/3777D", "内容": "ウエルシア薬局　広島可部南店【5:薬局】広島県広島市安佐北区可部南五丁目９番１７号" }, "geometry": { "type": "Point", "coordinates": [ 132.514271, 34.507382 ] } },
{ "type": "Feature", "properties": { "ID": 3457347342603, "正式名称": "コスモス薬局　上幟町店", "機関区分": 5, "都道府県コード": 34, "市区町村コード": 101, "所在地": "広島県広島市中区上幟町３番３号　１階", "緯度": 34.39915, "経度": 132.466539, "url": "https://www.iryou.teikyouseido.mhlw.go.jp/znk-web/juminkanja/S2430/initialize?prefCd=34&kikanCd=7347342603&kikanKbn=5", "url2": "https://www.reliance-cosmos.co.jp/", "内容": "コスモス薬局　上幟町店【5:薬局】広島県広島市中区上幟町３番３号　１階" }, "geometry": { "type": "Point", "coordinates": [ 132.466539, 34.39915 ] } },
{ "type": "Feature", "properties": { "ID": 3457347342604, "正式名称": "みのり薬局", "機関区分": 5, "都道府県コード": 34, "市区町村コード": 204, "所在地": "広島県三原市宮浦六丁目３－２", "緯度": 34.394762, "経度": 133.064465, "url": "https://www.iryou.teikyouseido.mhlw.go.jp/znk-web/juminkanja/S2430/initialize?prefCd=34&kikanCd=7347342604&kikanKbn=5", "url2": "https://www.innoshima-ph.com/", "内容": "みのり薬局【5:薬局】広島県三原市宮浦六丁目３－２" }, "geometry": { "type": "Point", "coordinates": [ 133.064465, 34.394762 ] } },
{ "type": "Feature", "properties": { "ID": 3457347342605, "正式名称": "みのり薬局港町", "機関区分": 5, "都道府県コード": 34, "市区町村コード": 204, "所在地": "広島県三原市港町一丁目３－１５", "緯度": 34.39946, "経度": 133.080674, "url": "https://www.iryou.teikyouseido.mhlw.go.jp/znk-web/juminkanja/S2430/initialize?prefCd=34&kikanCd=7347342605&kikanKbn=5", "url2": "https://www.innoshima-ph.com/", "内容": "みのり薬局港町【5:薬局】広島県三原市港町一丁目３－１５" }, "geometry": { "type": "Point", "coordinates": [ 133.080674, 34.39946 ] } },
{ "type": "Feature", "properties": { "ID": 3457347342606, "正式名称": "パール薬局　佐東店", "機関区分": 5, "都道府県コード": 34, "市区町村コード": 105, "所在地": "広島県広島市安佐南区緑井五丁目８番１０号", "緯度": 34.469846, "経度": 132.479228, "url": "https://www.iryou.teikyouseido.mhlw.go.jp/znk-web/juminkanja/S2430/initialize?prefCd=34&kikanCd=7347342606&kikanKbn=5", "url2": null, "内容": "パール薬局　佐東店【5:薬局】広島県広島市安佐南区緑井五丁目８番１０号" }, "geometry": { "type": "Point", "coordinates": [ 132.479228, 34.469846 ] } },
{ "type": "Feature", "properties": { "ID": 3457347342607, "正式名称": "パール薬局　吉田店", "機関区分": 5, "都道府県コード": 34, "市区町村コード": 214, "所在地": "広島県安芸高田市吉田町山手６５５－４", "緯度": 34.651647, "経度": 132.675291, "url": "https://www.iryou.teikyouseido.mhlw.go.jp/znk-web/juminkanja/S2430/initialize?prefCd=34&kikanCd=7347342607&kikanKbn=5", "url2": null, "内容": "パール薬局　吉田店【5:薬局】広島県安芸高田市吉田町山手６５５－４" }, "geometry": { "type": "Point", "coordinates": [ 132.675291, 34.651647 ] } },
{ "type": "Feature", "properties": { "ID": 3457347342608, "正式名称": "ププレひまわり薬局宮浦店", "機関区分": 5, "都道府県コード": 34, "市区町村コード": 204, "所在地": "広島県三原市宮浦五丁目１６－１６", "緯度": 34.394583, "経度": 133.060194, "url": "https://www.iryou.teikyouseido.mhlw.go.jp/znk-web/juminkanja/S2430/initialize?prefCd=34&kikanCd=7347342608&kikanKbn=5", "url2": null, "内容": "ププレひまわり薬局宮浦店【5:薬局】広島県三原市宮浦五丁目１６－１６" }, "geometry": { "type": "Point", "coordinates": [ 133.060194, 34.394583 ] } },
{ "type": "Feature", "properties": { "ID": 3457347342609, "正式名称": "あおい薬局", "機関区分": 5, "都道府県コード": 34, "市区町村コード": 101, "所在地": "広島県広島市中区羽衣町１０番１１号", "緯度": 34.37871, "経度": 132.448706, "url": "https://www.iryou.teikyouseido.mhlw.go.jp/znk-web/juminkanja/S2430/initialize?prefCd=34&kikanCd=7347342609&kikanKbn=5", "url2": null, "内容": "あおい薬局【5:薬局】広島県広島市中区羽衣町１０番１１号" }, "geometry": { "type": "Point", "coordinates": [ 132.448706, 34.37871 ] } },
{ "type": "Feature", "properties": { "ID": 3457347342610, "正式名称": "あしだ町薬局", "機関区分": 5, "都道府県コード": 34, "市区町村コード": 207, "所在地": "広島県福山市芦田町下有地９９３ー１", "緯度": 34.530268, "経度": 133.278417, "url": "https://www.iryou.teikyouseido.mhlw.go.jp/znk-web/juminkanja/S2430/initialize?prefCd=34&kikanCd=7347342610&kikanKbn=5", "url2": "https://www.tsnishicho.com/", "内容": "あしだ町薬局【5:薬局】広島県福山市芦田町下有地９９３ー１" }, "geometry": { "type": "Point", "coordinates": [ 133.278417, 34.530268 ] } },
{ "type": "Feature", "properties": { "ID": 3457347342611, "正式名称": "すずらん薬局　高須店", "機関区分": 5, "都道府県コード": 34, "市区町村コード": 104, "所在地": "広島県広島市西区高須一丁目５番２１号", "緯度": 34.39313, "経度": 132.418432, "url": "https://www.iryou.teikyouseido.mhlw.go.jp/znk-web/juminkanja/S2430/initialize?prefCd=34&kikanCd=7347342611&kikanKbn=5", "url2": "http://horon-suzuran.co.jp/new/tenpo-detail/takasu/", "内容": "すずらん薬局　高須店【5:薬局】広島県広島市西区高須一丁目５番２１号" }, "geometry": { "type": "Point", "coordinates": [ 132.418432, 34.39313 ] } },
{ "type": "Feature", "properties": { "ID": 3457347342612, "正式名称": "大塚薬局", "機関区分": 5, "都道府県コード": 34, "市区町村コード": 105, "所在地": "広島県広島市安佐南区大塚西一丁目２４番１１号", "緯度": 34.444597, "経度": 132.4047, "url": "https://www.iryou.teikyouseido.mhlw.go.jp/znk-web/juminkanja/S2430/initialize?prefCd=34&kikanCd=7347342612&kikanKbn=5", "url2": "https://ms-pharmacy.jp/ootsuka/", "内容": "大塚薬局【5:薬局】広島県広島市安佐南区大塚西一丁目２４番１１号" }, "geometry": { "type": "Point", "coordinates": [ 132.4047, 34.444597 ] } },
{ "type": "Feature", "properties": { "ID": 3457347342613, "正式名称": "ウォンツ薬局　吉島西１丁目店", "機関区分": 5, "都道府県コード": 34, "市区町村コード": 101, "所在地": "広島県広島市中区吉島西１丁目２２番地１３号", "緯度": 34.373606, "経度": 132.447637, "url": "https://www.iryou.teikyouseido.mhlw.go.jp/znk-web/juminkanja/S2430/initialize?prefCd=34&kikanCd=7347342613&kikanKbn=5", "url2": "https://www.wants.co.jp/", "内容": "ウォンツ薬局　吉島西１丁目店【5:薬局】広島県広島市中区吉島西１丁目２２番地１３号" }, "geometry": { "type": "Point", "coordinates": [ 132.447637, 34.373606 ] } },
{ "type": "Feature", "properties": { "ID": 3457347342614, "正式名称": "ウォンツ福山野上薬局", "機関区分": 5, "都道府県コード": 34, "市区町村コード": 207, "所在地": "広島県福山市野上町３丁目６－５", "緯度": 34.474778, "経度": 133.367023, "url": "https://www.iryou.teikyouseido.mhlw.go.jp/znk-web/juminkanja/S2430/initialize?prefCd=34&kikanCd=7347342614&kikanKbn=5", "url2": "https://www.wants.co.jp", "内容": "ウォンツ福山野上薬局【5:薬局】広島県福山市野上町３丁目６－５" }, "geometry": { "type": "Point", "coordinates": [ 133.367023, 34.474778 ] } },
{ "type": "Feature", "properties": { "ID": 3457347342615, "正式名称": "ウォンツフレスポ三次プラザ薬局", "機関区分": 5, "都道府県コード": 34, "市区町村コード": 209, "所在地": "広島県三次市十日市中１丁目１ー１０", "緯度": 34.803596, "経度": 132.849699, "url": "https://www.iryou.teikyouseido.mhlw.go.jp/znk-web/juminkanja/S2430/initialize?prefCd=34&kikanCd=7347342615&kikanKbn=5", "url2": "https://www.wants.co.jp/", "内容": "ウォンツフレスポ三次プラザ薬局【5:薬局】広島県三次市十日市中１丁目１ー１０" }, "geometry": { "type": "Point", "coordinates": [ 132.849699, 34.803596 ] } },
{ "type": "Feature", "properties": { "ID": 3457347342616, "正式名称": "ウォンツ薬局　メディカルモール安佐北店", "機関区分": 5, "都道府県コード": 34, "市区町村コード": 106, "所在地": "広島県広島市安佐北区可部南五丁目８番３２－５号", "緯度": 34.50719, "経度": 132.515467, "url": "https://www.iryou.teikyouseido.mhlw.go.jp/znk-web/juminkanja/S2430/initialize?prefCd=34&kikanCd=7347342616&kikanKbn=5", "url2": "https://www.wants.co.jp/", "内容": "ウォンツ薬局　メディカルモール安佐北店【5:薬局】広島県広島市安佐北区可部南五丁目８番３２－５号" }, "geometry": { "type": "Point", "coordinates": [ 132.515467, 34.50719 ] } },
{ "type": "Feature", "properties": { "ID": 3457347342617, "正式名称": "ウエルシア薬局　東広島八本松飯田店", "機関区分": 5, "都道府県コード": 34, "市区町村コード": 212, "所在地": "広島県東広島市八本松飯田６－１４－１７", "緯度": 34.452887, "経度": 132.703104, "url": "https://www.iryou.teikyouseido.mhlw.go.jp/znk-web/juminkanja/S2430/initialize?prefCd=34&kikanCd=7347342617&kikanKbn=5", "url2": "https://store.welcia.co.jp/welcia/spot/detail?code=3787D", "内容": "ウエルシア薬局　東広島八本松飯田店【5:薬局】広島県東広島市八本松飯田６－１４－１７" }, "geometry": { "type": "Point", "coordinates": [ 132.703104, 34.452887 ] } },
{ "type": "Feature", "properties": { "ID": 3457347342618, "正式名称": "あかり薬局", "機関区分": 5, "都道府県コード": 34, "市区町村コード": 205, "所在地": "広島県尾道市向島町５４２－１８", "緯度": 34.398989, "経度": 133.205838, "url": "https://www.iryou.teikyouseido.mhlw.go.jp/znk-web/juminkanja/S2430/initialize?prefCd=34&kikanCd=7347342618&kikanKbn=5", "url2": "https://www.innoshima-ph.com/", "内容": "あかり薬局【5:薬局】広島県尾道市向島町５４２－１８" }, "geometry": { "type": "Point", "coordinates": [ 133.205838, 34.398989 ] } },
{ "type": "Feature", "properties": { "ID": 3457347342620, "正式名称": "ひがしの三丁目薬局", "機関区分": 5, "都道府県コード": 34, "市区町村コード": 105, "所在地": "広島県広島市安佐南区東野３丁目７番２４号", "緯度": 34.454124, "経度": 132.481598, "url": "https://www.iryou.teikyouseido.mhlw.go.jp/znk-web/juminkanja/S2430/initialize?prefCd=34&kikanCd=7347342620&kikanKbn=5", "url2": "https://kato-ph.jp/index.html", "内容": "ひがしの三丁目薬局【5:薬局】広島県広島市安佐南区東野３丁目７番２４号" }, "geometry": { "type": "Point", "coordinates": [ 132.481598, 34.454124 ] } },
{ "type": "Feature", "properties": { "ID": 3457347342621, "正式名称": "みずの薬局　牛田東店", "機関区分": 5, "都道府県コード": 34, "市区町村コード": 102, "所在地": "広島県広島市東区牛田東１ー１ー２５　花房ビル１Ｆ", "緯度": 34.410233, "経度": 132.478359, "url": "https://www.iryou.teikyouseido.mhlw.go.jp/znk-web/juminkanja/S2430/initialize?prefCd=34&kikanCd=7347342621&kikanKbn=5", "url2": "https://m-pharmacist-life.com/%e3%81%bf%e3%81%9a%e3%81%ae%e8%96%ac%e5%b1%80%e7%89%9b%e7%94%b0%e6%9d%b1%e5%ba%97/", "内容": "みずの薬局　牛田東店【5:薬局】広島県広島市東区牛田東１ー１ー２５　花房ビル１Ｆ" }, "geometry": { "type": "Point", "coordinates": [ 132.478359, 34.410233 ] } },
{ "type": "Feature", "properties": { "ID": 3457347342622, "正式名称": "ふくろう薬局", "機関区分": 5, "都道府県コード": 34, "市区町村コード": 207, "所在地": "広島県福山市御幸町上岩成２３６番地１", "緯度": 34.547888, "経度": 133.347135, "url": "https://www.iryou.teikyouseido.mhlw.go.jp/znk-web/juminkanja/S2430/initialize?prefCd=34&kikanCd=7347342622&kikanKbn=5", "url2": null, "内容": "ふくろう薬局【5:薬局】広島県福山市御幸町上岩成２３６番地１" }, "geometry": { "type": "Point", "coordinates": [ 133.347135, 34.547888 ] } },
{ "type": "Feature", "properties": { "ID": 3457347342623, "正式名称": "ナナイロ薬局", "機関区分": 5, "都道府県コード": 34, "市区町村コード": 212, "所在地": "広島県東広島市西条町西条東８００－１", "緯度": 34.427131, "経度": 132.732074, "url": "https://www.iryou.teikyouseido.mhlw.go.jp/znk-web/juminkanja/S2430/initialize?prefCd=34&kikanCd=7347342623&kikanKbn=5", "url2": "nanairoyakkyoku.com", "内容": "ナナイロ薬局【5:薬局】広島県東広島市西条町西条東８００－１" }, "geometry": { "type": "Point", "coordinates": [ 132.732074, 34.427131 ] } },
{ "type": "Feature", "properties": { "ID": 3457347342624, "正式名称": "ありす薬局　沖野上店", "機関区分": 5, "都道府県コード": 34, "市区町村コード": 207, "所在地": "広島県福山市沖野上町６丁目９ー１３", "緯度": 34.471285, "経度": 133.364744, "url": "https://www.iryou.teikyouseido.mhlw.go.jp/znk-web/juminkanja/S2430/initialize?prefCd=34&kikanCd=7347342624&kikanKbn=5", "url2": null, "内容": "ありす薬局　沖野上店【5:薬局】広島県福山市沖野上町６丁目９ー１３" }, "geometry": { "type": "Point", "coordinates": [ 133.364744, 34.471285 ] } },
{ "type": "Feature", "properties": { "ID": 3457347342625, "正式名称": "ファーマシィ薬局西条", "機関区分": 5, "都道府県コード": 34, "市区町村コード": 212, "所在地": "広島県東広島市西条町大字吉行２２１９－１", "緯度": 34.438651, "経度": 132.756184, "url": "https://www.iryou.teikyouseido.mhlw.go.jp/znk-web/juminkanja/S2430/initialize?prefCd=34&kikanCd=7347342625&kikanKbn=5", "url2": "https://www.pharmacy-net.co.jp", "内容": "ファーマシィ薬局西条【5:薬局】広島県東広島市西条町大字吉行２２１９－１" }, "geometry": { "type": "Point", "coordinates": [ 132.756184, 34.438651 ] } },
{ "type": "Feature", "properties": { "ID": 3457347342626, "正式名称": "あけぼの薬局　廿日市店", "機関区分": 5, "都道府県コード": 34, "市区町村コード": 213, "所在地": "広島県廿日市市上平良３５８－１", "緯度": 34.35704, "経度": 132.313082, "url": "https://www.iryou.teikyouseido.mhlw.go.jp/znk-web/juminkanja/S2430/initialize?prefCd=34&kikanCd=7347342626&kikanKbn=5", "url2": null, "内容": "あけぼの薬局　廿日市店【5:薬局】広島県廿日市市上平良３５８－１" }, "geometry": { "type": "Point", "coordinates": [ 132.313082, 34.35704 ] } },
{ "type": "Feature", "properties": { "ID": 3457347342627, "正式名称": "アスト薬局大手町店", "機関区分": 5, "都道府県コード": 34, "市区町村コード": 101, "所在地": "広島県広島市中区大手町三丁目６番１２号１階", "緯度": 34.387624, "経度": 132.454161, "url": "https://www.iryou.teikyouseido.mhlw.go.jp/znk-web/juminkanja/S2430/initialize?prefCd=34&kikanCd=7347342627&kikanKbn=5", "url2": "http://www.ast-ph.co.jp/", "内容": "アスト薬局大手町店【5:薬局】広島県広島市中区大手町三丁目６番１２号１階" }, "geometry": { "type": "Point", "coordinates": [ 132.454161, 34.387624 ] } },
{ "type": "Feature", "properties": { "ID": 3457347342628, "正式名称": "ウエルシア薬局　福山東深津店", "機関区分": 5, "都道府県コード": 34, "市区町村コード": 207, "所在地": "広島県福山市東深津町２－７－３５", "緯度": 34.495489, "経度": 133.390717, "url": "https://www.iryou.teikyouseido.mhlw.go.jp/znk-web/juminkanja/S2430/initialize?prefCd=34&kikanCd=7347342628&kikanKbn=5", "url2": "https://store.welcia.co.jp/welcia/spot/detail?code=3771D", "内容": "ウエルシア薬局　福山東深津店【5:薬局】広島県福山市東深津町２－７－３５" }, "geometry": { "type": "Point", "coordinates": [ 133.390717, 34.495489 ] } },
{ "type": "Feature", "properties": { "ID": 3457347342629, "正式名称": "ププレひまわり薬局グラン松永店", "機関区分": 5, "都道府県コード": 34, "市区町村コード": 207, "所在地": "広島県福山市松永町六丁目７番３号", "緯度": 34.444896, "経度": 133.255853, "url": "https://www.iryou.teikyouseido.mhlw.go.jp/znk-web/juminkanja/S2430/initialize?prefCd=34&kikanCd=7347342629&kikanKbn=5", "url2": "https://himawarinews.com", "内容": "ププレひまわり薬局グラン松永店【5:薬局】広島県福山市松永町六丁目７番３号" }, "geometry": { "type": "Point", "coordinates": [ 133.255853, 34.444896 ] } },
{ "type": "Feature", "properties": { "ID": 3457347342630, "正式名称": "なべか薬局", "機関区分": 5, "都道府県コード": 34, "市区町村コード": 205, "所在地": "広島県尾道市新高山三丁目１１７０ー２４８", "緯度": 34.421618, "経度": 133.21568, "url": "https://www.iryou.teikyouseido.mhlw.go.jp/znk-web/juminkanja/S2430/initialize?prefCd=34&kikanCd=7347342630&kikanKbn=5", "url2": null, "内容": "なべか薬局【5:薬局】広島県尾道市新高山三丁目１１７０ー２４８" }, "geometry": { "type": "Point", "coordinates": [ 133.21568, 34.421618 ] } },
{ "type": "Feature", "properties": { "ID": 3457347342631, "正式名称": "かめやま薬局", "機関区分": 5, "都道府県コード": 34, "市区町村コード": 106, "所在地": "広島県広島市安佐北区亀山三丁目６－２６", "緯度": 34.522224, "経度": 132.498977, "url": "https://www.iryou.teikyouseido.mhlw.go.jp/znk-web/juminkanja/S2430/initialize?prefCd=34&kikanCd=7347342631&kikanKbn=5", "url2": "http://yuushin.cc/", "内容": "かめやま薬局【5:薬局】広島県広島市安佐北区亀山三丁目６－２６" }, "geometry": { "type": "Point", "coordinates": [ 132.498977, 34.522224 ] } },
{ "type": "Feature", "properties": { "ID": 3457347342632, "正式名称": "オール薬局三条店", "機関区分": 5, "都道府県コード": 34, "市区町村コード": 202, "所在地": "広島県呉市三条２丁目４番７号", "緯度": 34.246503, "経度": 132.553403, "url": "https://www.iryou.teikyouseido.mhlw.go.jp/znk-web/juminkanja/S2430/initialize?prefCd=34&kikanCd=7347342632&kikanKbn=5", "url2": "https://appli.e-classa.net/owl-sanjo/index.html", "内容": "オール薬局三条店【5:薬局】広島県呉市三条２丁目４番７号" }, "geometry": { "type": "Point", "coordinates": [ 132.553403, 34.246503 ] } },
{ "type": "Feature", "properties": { "ID": 3457347342634, "正式名称": "ミック・ヤマモト薬局", "機関区分": 5, "都道府県コード": 34, "市区町村コード": 105, "所在地": "広島県広島市安佐南区山本１－２１－１３", "緯度": 34.435797, "経度": 132.453346, "url": "https://www.iryou.teikyouseido.mhlw.go.jp/znk-web/juminkanja/S2430/initialize?prefCd=34&kikanCd=7347342634&kikanKbn=5", "url2": null, "内容": "ミック・ヤマモト薬局【5:薬局】広島県広島市安佐南区山本１－２１－１３" }, "geometry": { "type": "Point", "coordinates": [ 132.453346, 34.435797 ] } },
{ "type": "Feature", "properties": { "ID": 3457347342635, "正式名称": "レベス薬局　たかの橋店", "機関区分": 5, "都道府県コード": 34, "市区町村コード": 101, "所在地": "広島県広島市中区大手町５丁目７番８号　トキワマンション１Ｆ", "緯度": 34.382778, "経度": 132.453156, "url": "https://www.iryou.teikyouseido.mhlw.go.jp/znk-web/juminkanja/S2430/initialize?prefCd=34&kikanCd=7347342635&kikanKbn=5", "url2": "https://www.flowerbros-tms.com/", "内容": "レベス薬局　たかの橋店【5:薬局】広島県広島市中区大手町５丁目７番８号　トキワマンション１Ｆ" }, "geometry": { "type": "Point", "coordinates": [ 132.453156, 34.382778 ] } },
{ "type": "Feature", "properties": { "ID": 3457347342636, "正式名称": "よつば薬局", "機関区分": 5, "都道府県コード": 34, "市区町村コード": 103, "所在地": "広島県広島市南区翠１丁目１０番３６号", "緯度": 34.370053, "経度": 132.465019, "url": "https://www.iryou.teikyouseido.mhlw.go.jp/znk-web/juminkanja/S2430/initialize?prefCd=34&kikanCd=7347342636&kikanKbn=5", "url2": "https://www.flowerbros-tms.com", "内容": "よつば薬局【5:薬局】広島県広島市南区翠１丁目１０番３６号" }, "geometry": { "type": "Point", "coordinates": [ 132.465019, 34.370053 ] } },
{ "type": "Feature", "properties": { "ID": 3457347342637, "正式名称": "ダリア薬局", "機関区分": 5, "都道府県コード": 34, "市区町村コード": 103, "所在地": "広島県広島市南区翠一丁目２番２８号グリーンビル翠１Ｆ", "緯度": 34.371501, "経度": 132.464804, "url": "https://www.iryou.teikyouseido.mhlw.go.jp/znk-web/juminkanja/S2430/initialize?prefCd=34&kikanCd=7347342637&kikanKbn=5", "url2": "https://www.flowerbros-tms.com/", "内容": "ダリア薬局【5:薬局】広島県広島市南区翠一丁目２番２８号グリーンビル翠１Ｆ" }, "geometry": { "type": "Point", "coordinates": [ 132.464804, 34.371501 ] } },
{ "type": "Feature", "properties": { "ID": 3457347342638, "正式名称": "カンナ薬局", "機関区分": 5, "都道府県コード": 34, "市区町村コード": 103, "所在地": "広島県広島市南区大州二丁目１５番１２号大州ビル１０１号", "緯度": 34.3892, "経度": 132.488088, "url": "https://www.iryou.teikyouseido.mhlw.go.jp/znk-web/juminkanja/S2430/initialize?prefCd=34&kikanCd=7347342638&kikanKbn=5", "url2": "https://www.flowerbros-tms.com/", "内容": "カンナ薬局【5:薬局】広島県広島市南区大州二丁目１５番１２号大州ビル１０１号" }, "geometry": { "type": "Point", "coordinates": [ 132.488088, 34.3892 ] } },
{ "type": "Feature", "properties": { "ID": 3457347342639, "正式名称": "あきでしお薬局", "機関区分": 5, "都道府県コード": 34, "市区町村コード": 103, "所在地": "広島県広島市南区出汐一丁目４番１号", "緯度": 34.380492, "経度": 132.477018, "url": "https://www.iryou.teikyouseido.mhlw.go.jp/znk-web/juminkanja/S2430/initialize?prefCd=34&kikanCd=7347342639&kikanKbn=5", "url2": "https://www.flowerbros-tms.com/", "内容": "あきでしお薬局【5:薬局】広島県広島市南区出汐一丁目４番１号" }, "geometry": { "type": "Point", "coordinates": [ 132.477018, 34.380492 ] } },
{ "type": "Feature", "properties": { "ID": 3457347342640, "正式名称": "セブン薬局　大崎店", "機関区分": 5, "都道府県コード": 34, "市区町村コード": 431, "所在地": "広島県豊田郡大崎上島町中野４１０２ー１", "緯度": 34.243289, "経度": 132.88184, "url": "https://www.iryou.teikyouseido.mhlw.go.jp/znk-web/juminkanja/S2430/initialize?prefCd=34&kikanCd=7347342640&kikanKbn=5", "url2": "medical-standard.net", "内容": "セブン薬局　大崎店【5:薬局】広島県豊田郡大崎上島町中野４１０２ー１" }, "geometry": { "type": "Point", "coordinates": [ 132.88184, 34.243289 ] } },
{ "type": "Feature", "properties": { "ID": 3457347342641, "正式名称": "庄原薬局", "機関区分": 5, "都道府県コード": 34, "市区町村コード": 210, "所在地": "広島県庄原市東本町１－１－１４", "緯度": 34.859798, "経度": 133.017824, "url": "https://www.iryou.teikyouseido.mhlw.go.jp/znk-web/juminkanja/S2430/initialize?prefCd=34&kikanCd=7347342641&kikanKbn=5", "url2": "https://www.tsnishicho.com/", "内容": "庄原薬局【5:薬局】広島県庄原市東本町１－１－１４" }, "geometry": { "type": "Point", "coordinates": [ 133.017824, 34.859798 ] } },
{ "type": "Feature", "properties": { "ID": 3457347342642, "正式名称": "かんだ薬局", "機関区分": 5, "都道府県コード": 34, "市区町村コード": 205, "所在地": "広島県尾道市神田町３－２４", "緯度": 34.403289, "経度": 133.168945, "url": "https://www.iryou.teikyouseido.mhlw.go.jp/znk-web/juminkanja/S2430/initialize?prefCd=34&kikanCd=7347342642&kikanKbn=5", "url2": "https://www.innoshima-ph.com/pharmacy_kanda", "内容": "かんだ薬局【5:薬局】広島県尾道市神田町３－２４" }, "geometry": { "type": "Point", "coordinates": [ 133.168945, 34.403289 ] } },
{ "type": "Feature", "properties": { "ID": 3457347342643, "正式名称": "ウエルシア薬局　広島広瀬北町店", "機関区分": 5, "都道府県コード": 34, "市区町村コード": 101, "所在地": "広島県広島市中区広瀬北町３番１５号", "緯度": 34.402921, "経度": 132.448041, "url": "https://www.iryou.teikyouseido.mhlw.go.jp/znk-web/juminkanja/S2430/initialize?prefCd=34&kikanCd=7347342643&kikanKbn=5", "url2": "http://store.welcia.co.jp/welcia/spot/detail?code=3793D", "内容": "ウエルシア薬局　広島広瀬北町店【5:薬局】広島県広島市中区広瀬北町３番１５号" }, "geometry": { "type": "Point", "coordinates": [ 132.448041, 34.402921 ] } },
{ "type": "Feature", "properties": { "ID": 3457347342644, "正式名称": "ウォンツ西条御条薬局", "機関区分": 5, "都道府県コード": 34, "市区町村コード": 212, "所在地": "広島県東広島市西条御条町５番２０号", "緯度": 34.421997, "経度": 132.745365, "url": "https://www.iryou.teikyouseido.mhlw.go.jp/znk-web/juminkanja/S2430/initialize?prefCd=34&kikanCd=7347342644&kikanKbn=5", "url2": "https://www.wants.co.jp/", "内容": "ウォンツ西条御条薬局【5:薬局】広島県東広島市西条御条町５番２０号" }, "geometry": { "type": "Point", "coordinates": [ 132.745365, 34.421997 ] } },
{ "type": "Feature", "properties": { "ID": 3457347342645, "正式名称": "ウォンツ宇品西薬局", "機関区分": 5, "都道府県コード": 34, "市区町村コード": 103, "所在地": "広島県広島市南区宇品西３丁目４ー３３", "緯度": 34.361724, "経度": 132.45972, "url": "https://www.iryou.teikyouseido.mhlw.go.jp/znk-web/juminkanja/S2430/initialize?prefCd=34&kikanCd=7347342645&kikanKbn=5", "url2": "https://www.wants.co.jp/", "内容": "ウォンツ宇品西薬局【5:薬局】広島県広島市南区宇品西３丁目４ー３３" }, "geometry": { "type": "Point", "coordinates": [ 132.45972, 34.361724 ] } },
{ "type": "Feature", "properties": { "ID": 3457347342646, "正式名称": "ウォンツ西観音薬局", "機関区分": 5, "都道府県コード": 34, "市区町村コード": 104, "所在地": "広島県広島市西区西観音町４番１９号", "緯度": 34.393138, "経度": 132.435868, "url": "https://www.iryou.teikyouseido.mhlw.go.jp/znk-web/juminkanja/S2430/initialize?prefCd=34&kikanCd=7347342646&kikanKbn=5", "url2": "https://www.wants.co.jp/", "内容": "ウォンツ西観音薬局【5:薬局】広島県広島市西区西観音町４番１９号" }, "geometry": { "type": "Point", "coordinates": [ 132.435868, 34.393138 ] } },
{ "type": "Feature", "properties": { "ID": 3457347342648, "正式名称": "べる薬局", "機関区分": 5, "都道府県コード": 34, "市区町村コード": 105, "所在地": "広島県広島市安佐南区高取北１丁目４番２９－５号", "緯度": 34.47539, "経度": 132.43796, "url": "https://www.iryou.teikyouseido.mhlw.go.jp/znk-web/juminkanja/S2430/initialize?prefCd=34&kikanCd=7347342648&kikanKbn=5", "url2": "https://www.nexus-g.jp", "内容": "べる薬局【5:薬局】広島県広島市安佐南区高取北１丁目４番２９－５号" }, "geometry": { "type": "Point", "coordinates": [ 132.43796, 34.47539 ] } },
{ "type": "Feature", "properties": { "ID": 3457347342649, "正式名称": "ウォンツ府中浜田薬局", "機関区分": 5, "都道府県コード": 34, "市区町村コード": 302, "所在地": "広島県安芸郡府中町浜田２ー１ー３７", "緯度": 34.388504, "経度": 132.50706, "url": "https://www.iryou.teikyouseido.mhlw.go.jp/znk-web/juminkanja/S2430/initialize?prefCd=34&kikanCd=7347342649&kikanKbn=5", "url2": "https://www.wants.co.jp/", "内容": "ウォンツ府中浜田薬局【5:薬局】広島県安芸郡府中町浜田２ー１ー３７" }, "geometry": { "type": "Point", "coordinates": [ 132.50706, 34.388504 ] } },
{ "type": "Feature", "properties": { "ID": 3457347342650, "正式名称": "ライフ薬局", "機関区分": 5, "都道府県コード": 34, "市区町村コード": 202, "所在地": "広島県呉市川尻町西２丁目１２番３４号", "緯度": 34.234173, "経度": 132.693714, "url": "https://www.iryou.teikyouseido.mhlw.go.jp/znk-web/juminkanja/S2430/initialize?prefCd=34&kikanCd=7347342650&kikanKbn=5", "url2": "https://sites.google.com/view/life-pharmacy-kawajiri/", "内容": "ライフ薬局【5:薬局】広島県呉市川尻町西２丁目１２番３４号" }, "geometry": { "type": "Point", "coordinates": [ 132.693714, 34.234173 ] } },
{ "type": "Feature", "properties": { "ID": 3457347342651, "正式名称": "ププレひまわり薬局福山新涯１丁目店", "機関区分": 5, "都道府県コード": 34, "市区町村コード": 207, "所在地": "広島県福山市新涯町一丁目２４番２４号", "緯度": 34.462328, "経度": 133.392583, "url": "https://www.iryou.teikyouseido.mhlw.go.jp/znk-web/juminkanja/S2430/initialize?prefCd=34&kikanCd=7347342651&kikanKbn=5", "url2": "https://himawarinews.com/store/shingai1_pharmacy/", "内容": "ププレひまわり薬局福山新涯１丁目店【5:薬局】広島県福山市新涯町一丁目２４番２４号" }, "geometry": { "type": "Point", "coordinates": [ 133.392583, 34.462328 ] } },
{ "type": "Feature", "properties": { "ID": 3457347342652, "正式名称": "アニー薬局", "機関区分": 5, "都道府県コード": 34, "市区町村コード": 102, "所在地": "広島県広島市東区戸坂千足一丁目３番１２号", "緯度": 34.437442, "経度": 132.483878, "url": "https://www.iryou.teikyouseido.mhlw.go.jp/znk-web/juminkanja/S2430/initialize?prefCd=34&kikanCd=7347342652&kikanKbn=5", "url2": null, "内容": "アニー薬局【5:薬局】広島県広島市東区戸坂千足一丁目３番１２号" }, "geometry": { "type": "Point", "coordinates": [ 132.483878, 34.437442 ] } },
{ "type": "Feature", "properties": { "ID": 3457347342653, "正式名称": "すなお薬局", "機関区分": 5, "都道府県コード": 34, "市区町村コード": 212, "所在地": "広島県東広島市西条町馬木１５７６－２", "緯度": 34.359849, "経度": 132.732044, "url": "https://www.iryou.teikyouseido.mhlw.go.jp/znk-web/juminkanja/S2430/initialize?prefCd=34&kikanCd=7347342653&kikanKbn=5", "url2": "https://www.hitominosu.com/sunao", "内容": "すなお薬局【5:薬局】広島県東広島市西条町馬木１５７６－２" }, "geometry": { "type": "Point", "coordinates": [ 132.732044, 34.359849 ] } },
{ "type": "Feature", "properties": { "ID": 3457347342654, "正式名称": "レモン薬局", "機関区分": 5, "都道府県コード": 34, "市区町村コード": 207, "所在地": "広島県福山市東川口町４丁目９番３０号", "緯度": 34.473186, "経度": 133.385837, "url": "https://www.iryou.teikyouseido.mhlw.go.jp/znk-web/juminkanja/S2430/initialize?prefCd=34&kikanCd=7347342654&kikanKbn=5", "url2": "https://www.innoshima-ph.com/pharmacy_lemon", "内容": "レモン薬局【5:薬局】広島県福山市東川口町４丁目９番３０号" }, "geometry": { "type": "Point", "coordinates": [ 133.385837, 34.473186 ] } },
{ "type": "Feature", "properties": { "ID": 3457347342655, "正式名称": "あお調剤薬局　西広島店", "機関区分": 5, "都道府県コード": 34, "市区町村コード": 104, "所在地": "広島県広島市西区己斐本町３－１－６", "緯度": 34.395967, "経度": 132.425961, "url": "https://www.iryou.teikyouseido.mhlw.go.jp/znk-web/juminkanja/S2430/initialize?prefCd=34&kikanCd=7347342655&kikanKbn=5", "url2": null, "内容": "あお調剤薬局　西広島店【5:薬局】広島県広島市西区己斐本町３－１－６" }, "geometry": { "type": "Point", "coordinates": [ 132.425961, 34.395967 ] } },
{ "type": "Feature", "properties": { "ID": 3457347342656, "正式名称": "あさひ薬局", "機関区分": 5, "都道府県コード": 34, "市区町村コード": 207, "所在地": "広島県福山市大門町津之下２０３４番地１", "緯度": 34.48571, "経度": 133.431965, "url": "https://www.iryou.teikyouseido.mhlw.go.jp/znk-web/juminkanja/S2430/initialize?prefCd=34&kikanCd=7347342656&kikanKbn=5", "url2": "https://www.tower-medical.jp/", "内容": "あさひ薬局【5:薬局】広島県福山市大門町津之下２０３４番地１" }, "geometry": { "type": "Point", "coordinates": [ 133.431965, 34.48571 ] } },
{ "type": "Feature", "properties": { "ID": 3457347342657, "正式名称": "ププレひまわり薬局　中山店", "機関区分": 5, "都道府県コード": 34, "市区町村コード": 102, "所在地": "広島県広島市東区中山東三丁目１番１７号", "緯度": 34.41085, "経度": 132.503567, "url": "https://www.iryou.teikyouseido.mhlw.go.jp/znk-web/juminkanja/S2430/initialize?prefCd=34&kikanCd=7347342657&kikanKbn=5", "url2": "https://himawarinews.com/store/nakayama_pharmacy/", "内容": "ププレひまわり薬局　中山店【5:薬局】広島県広島市東区中山東三丁目１番１７号" }, "geometry": { "type": "Point", "coordinates": [ 132.503567, 34.41085 ] } },
{ "type": "Feature", "properties": { "ID": 3457347342658, "正式名称": "エスマイル薬局　かがみやま店", "機関区分": 5, "都道府県コード": 34, "市区町村コード": 212, "所在地": "広島県東広島市西条町御薗宇２４２０－２", "緯度": 34.405689, "経度": 132.740106, "url": "https://www.iryou.teikyouseido.mhlw.go.jp/znk-web/juminkanja/S2430/initialize?prefCd=34&kikanCd=7347342658&kikanKbn=5", "url2": null, "内容": "エスマイル薬局　かがみやま店【5:薬局】広島県東広島市西条町御薗宇２４２０－２" }, "geometry": { "type": "Point", "coordinates": [ 132.740106, 34.405689 ] } },
{ "type": "Feature", "properties": { "ID": 3457347342659, "正式名称": "こもれび薬局広白石店", "機関区分": 5, "都道府県コード": 34, "市区町村コード": 202, "所在地": "広島県呉市広白石４丁目７番１２号", "緯度": 34.226238, "経度": 132.640548, "url": "https://www.iryou.teikyouseido.mhlw.go.jp/znk-web/juminkanja/S2430/initialize?prefCd=34&kikanCd=7347342659&kikanKbn=5", "url2": null, "内容": "こもれび薬局広白石店【5:薬局】広島県呉市広白石４丁目７番１２号" }, "geometry": { "type": "Point", "coordinates": [ 132.640548, 34.226238 ] } },
{ "type": "Feature", "properties": { "ID": 3457347342661, "正式名称": "温品調剤薬局", "機関区分": 5, "都道府県コード": 34, "市区町村コード": 102, "所在地": "広島県広島市東区温品六丁目１番１２号", "緯度": 34.419529, "経度": 132.510852, "url": "https://www.iryou.teikyouseido.mhlw.go.jp/znk-web/juminkanja/S2430/initialize?prefCd=34&kikanCd=7347342661&kikanKbn=5", "url2": null, "内容": "温品調剤薬局【5:薬局】広島県広島市東区温品六丁目１番１２号" }, "geometry": { "type": "Point", "coordinates": [ 132.510852, 34.419529 ] } },
{ "type": "Feature", "properties": { "ID": 3457347342662, "正式名称": "ザグザグ薬局　南蔵王３丁目店", "機関区分": 5, "都道府県コード": 34, "市区町村コード": 207, "所在地": "広島県福山市南蔵王町三丁目１６番３３号", "緯度": 34.500256, "経度": 133.397343, "url": "https://www.iryou.teikyouseido.mhlw.go.jp/znk-web/juminkanja/S2430/initialize?prefCd=34&kikanCd=7347342662&kikanKbn=5", "url2": "https://www.zagzag.co.jp", "内容": "ザグザグ薬局　南蔵王３丁目店【5:薬局】広島県福山市南蔵王町三丁目１６番３３号" }, "geometry": { "type": "Point", "coordinates": [ 133.397343, 34.500256 ] } },
{ "type": "Feature", "properties": { "ID": 3457347342663, "正式名称": "ププレひまわり薬局グラン春日店", "機関区分": 5, "都道府県コード": 34, "市区町村コード": 207, "所在地": "広島県福山市春日町５丁目３番２１号", "緯度": 34.506245, "経度": 133.408062, "url": "https://www.iryou.teikyouseido.mhlw.go.jp/znk-web/juminkanja/S2430/initialize?prefCd=34&kikanCd=7347342663&kikanKbn=5", "url2": "https://himawarinews.com/store/grankasuga_pharmacy/", "内容": "ププレひまわり薬局グラン春日店【5:薬局】広島県福山市春日町５丁目３番２１号" }, "geometry": { "type": "Point", "coordinates": [ 133.408062, 34.506245 ] } },
{ "type": "Feature", "properties": { "ID": 3457347342664, "正式名称": "旭ゆめ薬局", "機関区分": 5, "都道府県コード": 34, "市区町村コード": 103, "所在地": "広島県広島市南区旭二丁目４番３号", "緯度": 34.375024, "経度": 132.47724, "url": "https://www.iryou.teikyouseido.mhlw.go.jp/znk-web/juminkanja/S2430/initialize?prefCd=34&kikanCd=7347342664&kikanKbn=5", "url2": null, "内容": "旭ゆめ薬局【5:薬局】広島県広島市南区旭二丁目４番３号" }, "geometry": { "type": "Point", "coordinates": [ 132.47724, 34.375024 ] } },
{ "type": "Feature", "properties": { "ID": 3457347342665, "正式名称": "ウォンツ沼田伴薬局", "機関区分": 5, "都道府県コード": 34, "市区町村コード": 105, "所在地": "広島県広島市安佐南区伴東七丁目６１番１号", "緯度": 34.463654, "経度": 132.41198, "url": "https://www.iryou.teikyouseido.mhlw.go.jp/znk-web/juminkanja/S2430/initialize?prefCd=34&kikanCd=7347342665&kikanKbn=5", "url2": "https://www.wants.co.jp/", "内容": "ウォンツ沼田伴薬局【5:薬局】広島県広島市安佐南区伴東七丁目６１番１号" }, "geometry": { "type": "Point", "coordinates": [ 132.41198, 34.463654 ] } },
{ "type": "Feature", "properties": { "ID": 3457347342667, "正式名称": "ミック・クサツ薬局", "機関区分": 5, "都道府県コード": 34, "市区町村コード": 104, "所在地": "広島県広島市西区草津本町２４番６号", "緯度": 34.379395, "経度": 132.403834, "url": "https://www.iryou.teikyouseido.mhlw.go.jp/znk-web/juminkanja/S2430/initialize?prefCd=34&kikanCd=7347342667&kikanKbn=5", "url2": "https://mikk-ligar.jp/company/", "内容": "ミック・クサツ薬局【5:薬局】広島県広島市西区草津本町２４番６号" }, "geometry": { "type": "Point", "coordinates": [ 132.403834, 34.379395 ] } },
{ "type": "Feature", "properties": { "ID": 3457347342668, "正式名称": "庚午のぞみ薬局", "機関区分": 5, "都道府県コード": 34, "市区町村コード": 104, "所在地": "広島県広島市西区庚午北二丁目７番１０号", "緯度": 34.39082, "経度": 132.421356, "url": "https://www.iryou.teikyouseido.mhlw.go.jp/znk-web/juminkanja/S2430/initialize?prefCd=34&kikanCd=7347342668&kikanKbn=5", "url2": null, "内容": "庚午のぞみ薬局【5:薬局】広島県広島市西区庚午北二丁目７番１０号" }, "geometry": { "type": "Point", "coordinates": [ 132.421356, 34.39082 ] } },
{ "type": "Feature", "properties": { "ID": 3457347342669, "正式名称": "みわ薬局", "機関区分": 5, "都道府県コード": 34, "市区町村コード": 106, "所在地": "広島県広島市安佐北区可部三丁目２４番２８号", "緯度": 34.519577, "経度": 132.513498, "url": "https://www.iryou.teikyouseido.mhlw.go.jp/znk-web/juminkanja/S2430/initialize?prefCd=34&kikanCd=7347342669&kikanKbn=5", "url2": "www.miwa-3387.co.jp", "内容": "みわ薬局【5:薬局】広島県広島市安佐北区可部三丁目２４番２８号" }, "geometry": { "type": "Point", "coordinates": [ 132.513498, 34.519577 ] } },
{ "type": "Feature", "properties": { "ID": 3457347342671, "正式名称": "パール薬局　川内店", "機関区分": 5, "都道府県コード": 34, "市区町村コード": 105, "所在地": "広島県広島市安佐南区川内四丁目１５番２０号", "緯度": 34.464077, "経度": 132.486965, "url": "https://www.iryou.teikyouseido.mhlw.go.jp/znk-web/juminkanja/S2430/initialize?prefCd=34&kikanCd=7347342671&kikanKbn=5", "url2": "https://triangle-pearl.jp/branch/post-7.html", "内容": "パール薬局　川内店【5:薬局】広島県広島市安佐南区川内四丁目１５番２０号" }, "geometry": { "type": "Point", "coordinates": [ 132.486965, 34.464077 ] } },
{ "type": "Feature", "properties": { "ID": 3457347342672, "正式名称": "ププレひまわり薬局手城店", "機関区分": 5, "都道府県コード": 34, "市区町村コード": 207, "所在地": "広島県福山市手城町三丁目３１番１８号", "緯度": 34.484574, "経度": 133.395276, "url": "https://www.iryou.teikyouseido.mhlw.go.jp/znk-web/juminkanja/S2430/initialize?prefCd=34&kikanCd=7347342672&kikanKbn=5", "url2": "https://himawarinews.com/store/teshiro_pharmacy/", "内容": "ププレひまわり薬局手城店【5:薬局】広島県福山市手城町三丁目３１番１８号" }, "geometry": { "type": "Point", "coordinates": [ 133.395276, 34.484574 ] } },
{ "type": "Feature", "properties": { "ID": 3457347342673, "正式名称": "ププレひまわり薬局　広島高須台店", "機関区分": 5, "都道府県コード": 34, "市区町村コード": 104, "所在地": "広島県広島市西区高須台三丁目２２番１２号", "緯度": 34.398817, "経度": 132.416959, "url": "https://www.iryou.teikyouseido.mhlw.go.jp/znk-web/juminkanja/S2430/initialize?prefCd=34&kikanCd=7347342673&kikanKbn=5", "url2": "https://himawarinews.com/store/hiroshimatakasudai/", "内容": "ププレひまわり薬局　広島高須台店【5:薬局】広島県広島市西区高須台三丁目２２番１２号" }, "geometry": { "type": "Point", "coordinates": [ 132.416959, 34.398817 ] } },
{ "type": "Feature", "properties": { "ID": 3457347342674, "正式名称": "しんいち薬局", "機関区分": 5, "都道府県コード": 34, "市区町村コード": 207, "所在地": "広島県福山市新市町新市６２９番地１", "緯度": 34.556093, "経度": 133.27082, "url": "https://www.iryou.teikyouseido.mhlw.go.jp/znk-web/juminkanja/S2430/initialize?prefCd=34&kikanCd=7347342674&kikanKbn=5", "url2": null, "内容": "しんいち薬局【5:薬局】広島県福山市新市町新市６２９番地１" }, "geometry": { "type": "Point", "coordinates": [ 133.27082, 34.556093 ] } },
{ "type": "Feature", "properties": { "ID": 3457347342675, "正式名称": "パール薬局　相田店", "機関区分": 5, "都道府県コード": 34, "市区町村コード": 105, "所在地": "広島県広島市安佐南区相田二丁目５番１８－２０１号", "緯度": 34.473097, "経度": 132.449175, "url": "https://www.iryou.teikyouseido.mhlw.go.jp/znk-web/juminkanja/S2430/initialize?prefCd=34&kikanCd=7347342675&kikanKbn=5", "url2": "https://triangle-pearl.jp/branch/post-8.html", "内容": "パール薬局　相田店【5:薬局】広島県広島市安佐南区相田二丁目５番１８－２０１号" }, "geometry": { "type": "Point", "coordinates": [ 132.449175, 34.473097 ] } },
{ "type": "Feature", "properties": { "ID": 3457347342676, "正式名称": "満井薬局駅前支店", "機関区分": 5, "都道府県コード": 34, "市区町村コード": 212, "所在地": "広島県東広島市河内町中河内７０２－３", "緯度": 34.469706, "経度": 132.889691, "url": "https://www.iryou.teikyouseido.mhlw.go.jp/znk-web/juminkanja/S2430/initialize?prefCd=34&kikanCd=7347342676&kikanKbn=5", "url2": null, "内容": "満井薬局駅前支店【5:薬局】広島県東広島市河内町中河内７０２－３" }, "geometry": { "type": "Point", "coordinates": [ 132.889691, 34.469706 ] } },
{ "type": "Feature", "properties": { "ID": 3457347342677, "正式名称": "水主町薬局", "機関区分": 5, "都道府県コード": 34, "市区町村コード": 101, "所在地": "広島県広島市中区吉島東一丁目２７番２０号　１階", "緯度": 34.3727, "経度": 132.448287, "url": "https://www.iryou.teikyouseido.mhlw.go.jp/znk-web/juminkanja/S2430/initialize?prefCd=34&kikanCd=7347342677&kikanKbn=5", "url2": "http://yuushin.cc/shop/kakomachi/", "内容": "水主町薬局【5:薬局】広島県広島市中区吉島東一丁目２７番２０号　１階" }, "geometry": { "type": "Point", "coordinates": [ 132.448287, 34.3727 ] } },
{ "type": "Feature", "properties": { "ID": 3457347342678, "正式名称": "つつじ薬局", "機関区分": 5, "都道府県コード": 34, "市区町村コード": 212, "所在地": "広島県東広島市西条昭和町１２番４３号", "緯度": 34.423809, "経度": 132.742611, "url": "https://www.iryou.teikyouseido.mhlw.go.jp/znk-web/juminkanja/S2430/initialize?prefCd=34&kikanCd=7347342678&kikanKbn=5", "url2": null, "内容": "つつじ薬局【5:薬局】広島県東広島市西条昭和町１２番４３号" }, "geometry": { "type": "Point", "coordinates": [ 132.742611, 34.423809 ] } },
{ "type": "Feature", "properties": { "ID": 3457347342679, "正式名称": "のぞみ薬局", "機関区分": 5, "都道府県コード": 34, "市区町村コード": 208, "所在地": "広島県府中市府川町１０８－１３", "緯度": 34.570113, "経度": 133.241226, "url": "https://www.iryou.teikyouseido.mhlw.go.jp/znk-web/juminkanja/S2430/initialize?prefCd=34&kikanCd=7347342679&kikanKbn=5", "url2": null, "内容": "のぞみ薬局【5:薬局】広島県府中市府川町１０８－１３" }, "geometry": { "type": "Point", "coordinates": [ 133.241226, 34.570113 ] } },
{ "type": "Feature", "properties": { "ID": 3457347342680, "正式名称": "サンドラッグ広島本通薬局", "機関区分": 5, "都道府県コード": 34, "市区町村コード": 101, "所在地": "広島県広島市中区本通４番１１号", "緯度": 34.393269, "経度": 132.458958, "url": "https://www.iryou.teikyouseido.mhlw.go.jp/znk-web/juminkanja/S2430/initialize?prefCd=34&kikanCd=7347342680&kikanKbn=5", "url2": "https://sundrug-online.com/blogs/search-store/8902", "内容": "サンドラッグ広島本通薬局【5:薬局】広島県広島市中区本通４番１１号" }, "geometry": { "type": "Point", "coordinates": [ 132.458958, 34.393269 ] } },
{ "type": "Feature", "properties": { "ID": 3457347342681, "正式名称": "泰佳堂薬局", "機関区分": 5, "都道府県コード": 34, "市区町村コード": 101, "所在地": "広島県広島市中区上八丁堀８番１６号　２階", "緯度": 34.398188, "経度": 132.464107, "url": "https://www.iryou.teikyouseido.mhlw.go.jp/znk-web/juminkanja/S2430/initialize?prefCd=34&kikanCd=7347342681&kikanKbn=5", "url2": null, "内容": "泰佳堂薬局【5:薬局】広島県広島市中区上八丁堀８番１６号　２階" }, "geometry": { "type": "Point", "coordinates": [ 132.464107, 34.398188 ] } },
{ "type": "Feature", "properties": { "ID": 3457347342683, "正式名称": "ウエルシア薬局イオンタウン楽々園店", "機関区分": 5, "都道府県コード": 34, "市区町村コード": 108, "所在地": "広島県広島市佐伯区楽々園四丁目１４番２５号　１階", "緯度": 34.362415, "経度": 132.353048, "url": "https://www.iryou.teikyouseido.mhlw.go.jp/znk-web/juminkanja/S2430/initialize?prefCd=34&kikanCd=7347342683&kikanKbn=5", "url2": null, "内容": "ウエルシア薬局イオンタウン楽々園店【5:薬局】広島県広島市佐伯区楽々園四丁目１４番２５号　１階" }, "geometry": { "type": "Point", "coordinates": [ 132.353048, 34.362415 ] } },
{ "type": "Feature", "properties": { "ID": 3457347342684, "正式名称": "ランド薬局", "機関区分": 5, "都道府県コード": 34, "市区町村コード": 207, "所在地": "広島県福山市新涯町六丁目１１番３６号", "緯度": 34.456096, "経度": 133.397928, "url": "https://www.iryou.teikyouseido.mhlw.go.jp/znk-web/juminkanja/S2430/initialize?prefCd=34&kikanCd=7347342684&kikanKbn=5", "url2": null, "内容": "ランド薬局【5:薬局】広島県福山市新涯町六丁目１１番３６号" }, "geometry": { "type": "Point", "coordinates": [ 133.397928, 34.456096 ] } },
{ "type": "Feature", "properties": { "ID": 3457347342685, "正式名称": "ゆめ薬局", "機関区分": 5, "都道府県コード": 34, "市区町村コード": 207, "所在地": "広島県福山市御幸町下岩成５６１－４", "緯度": 34.539405, "経度": 133.346004, "url": "https://www.iryou.teikyouseido.mhlw.go.jp/znk-web/juminkanja/S2430/initialize?prefCd=34&kikanCd=7347342685&kikanKbn=5", "url2": "https://www.tower-medical.jp/store#ttl-navi16", "内容": "ゆめ薬局【5:薬局】広島県福山市御幸町下岩成５６１－４" }, "geometry": { "type": "Point", "coordinates": [ 133.346004, 34.539405 ] } },
{ "type": "Feature", "properties": { "ID": 3457347342686, "正式名称": "ププレひまわり薬局　川内店", "機関区分": 5, "都道府県コード": 34, "市区町村コード": 105, "所在地": "広島県広島市安佐南区川内一丁目１０番７号", "緯度": 34.459453, "経度": 132.482603, "url": "https://www.iryou.teikyouseido.mhlw.go.jp/znk-web/juminkanja/S2430/initialize?prefCd=34&kikanCd=7347342686&kikanKbn=5", "url2": "https://himawarinews.com/store/kawauchi_pharmacy/", "内容": "ププレひまわり薬局　川内店【5:薬局】広島県広島市安佐南区川内一丁目１０番７号" }, "geometry": { "type": "Point", "coordinates": [ 132.482603, 34.459453 ] } },
{ "type": "Feature", "properties": { "ID": 3457347342687, "正式名称": "京口門ニカイノ薬局", "機関区分": 5, "都道府県コード": 34, "市区町村コード": 101, "所在地": "広島県広島市中区八丁堀１１番１２号ＫＭＭビル２階", "緯度": 34.394874, "経度": 132.462502, "url": "https://www.iryou.teikyouseido.mhlw.go.jp/znk-web/juminkanja/S2430/initialize?prefCd=34&kikanCd=7347342687&kikanKbn=5", "url2": null, "内容": "京口門ニカイノ薬局【5:薬局】広島県広島市中区八丁堀１１番１２号ＫＭＭビル２階" }, "geometry": { "type": "Point", "coordinates": [ 132.462502, 34.394874 ] } },
{ "type": "Feature", "properties": { "ID": 3457347342688, "正式名称": "ミック・フクシマ薬局", "機関区分": 5, "都道府県コード": 34, "市区町村コード": 104, "所在地": "広島県広島市西区福島町２ー２４ー２７－１", "緯度": 34.392544, "経度": 132.431068, "url": "https://www.iryou.teikyouseido.mhlw.go.jp/znk-web/juminkanja/S2430/initialize?prefCd=34&kikanCd=7347342688&kikanKbn=5", "url2": "https://www.mikk-ligar.jp/shop/ligar/mikk-fukushima.html", "内容": "ミック・フクシマ薬局【5:薬局】広島県広島市西区福島町２ー２４ー２７－１" }, "geometry": { "type": "Point", "coordinates": [ 132.431068, 34.392544 ] } }
]
}
