{
"type": "FeatureCollection",
"name": "geo_34_訪問看護",
"crs": { "type": "name", "properties": { "name": "urn:ogc:def:crs:OGC:1.3:CRS84" } },
"features": [
{ "type": "Feature", "properties": { "内容": "翠清会梶川病院訪問看護ステーション【訪問看護】広島県広島市中区東千田町1－1－23翠清会梶川病院内", "url": "https://www.kaigokensaku.mhlw.go.jp/34/index.php?action_kouhyou_detail_004_kani=true&JigyosyoCd=3460191244-00&ServiceCd=130&Type=search", "url2": null }, "geometry": { "type": "Point", "coordinates": [ 132.4593815, 34.3821251 ] } },
{ "type": "Feature", "properties": { "内容": "ルクス訪問看護【訪問看護】広島県広島市中区加古町1－23福地産業加古町ビル402号", "url": "https://www.kaigokensaku.mhlw.go.jp/34/index.php?action_kouhyou_detail_004_kani=true&JigyosyoCd=3460191236-00&ServiceCd=130&Type=search", "url2": null }, "geometry": { "type": "Point", "coordinates": [ 132.450031599999988, 34.3889082 ] } },
{ "type": "Feature", "properties": { "内容": "はまわき訪問看護ステーション【訪問看護】広島県広島市中区大手町4-6-6", "url": "https://www.kaigokensaku.mhlw.go.jp/34/index.php?action_kouhyou_detail_004_kani=true&JigyosyoCd=3460191277-00&ServiceCd=130&Type=search", "url2": null }, "geometry": { "type": "Point", "coordinates": [ 132.4530057, 34.3851303 ] } },
{ "type": "Feature", "properties": { "内容": "訪問看護ステーションソラナス十日市【訪問看護】広島県広島市中区榎町２－１２門出ビル1F", "url": "https://www.kaigokensaku.mhlw.go.jp/34/index.php?action_kouhyou_detail_004_kani=true&JigyosyoCd=3460291895-00&ServiceCd=130&Type=search", "url2": "https://solanas.jp/" }, "geometry": { "type": "Point", "coordinates": [ 132.445269700000011, 34.397288 ] } },
{ "type": "Feature", "properties": { "内容": "よつ葉訪問看護ステーション【訪問看護】広島県広島市中区東千田町2丁目12-18砂古ビル", "url": "https://www.kaigokensaku.mhlw.go.jp/34/index.php?action_kouhyou_detail_004_kani=true&JigyosyoCd=3460191517-00&ServiceCd=130&Type=search", "url2": "https://yotsuba-homenursing.com/" }, "geometry": { "type": "Point", "coordinates": [ 132.4601977, 34.3765965 ] } },
{ "type": "Feature", "properties": { "内容": "訪問看護ステーション　ぬくもり【訪問看護】広島県広島市中区大手町1丁目７－２１301号", "url": "https://www.kaigokensaku.mhlw.go.jp/34/index.php?action_kouhyou_detail_004_kani=true&JigyosyoCd=3460191301-00&ServiceCd=130&Type=search", "url2": "https://www.zartheit-nukumori.co.jp/" }, "geometry": { "type": "Point", "coordinates": [ 132.454756834452638, 34.394111373080001 ] } },
{ "type": "Feature", "properties": { "内容": "ニュース訪問看護ステーション【訪問看護】広島県広島市中区吉島西一丁目7番2号", "url": "https://www.kaigokensaku.mhlw.go.jp/34/index.php?action_kouhyou_detail_004_kani=true&JigyosyoCd=3460191335-00&ServiceCd=130&Type=search", "url2": "https://news-tage.com/" }, "geometry": { "type": "Point", "coordinates": [ 132.4478441, 34.3762047 ] } },
{ "type": "Feature", "properties": { "内容": "ぽかぽか【訪問看護】広島県広島市中区江波西2丁目8番12号", "url": "https://www.kaigokensaku.mhlw.go.jp/34/index.php?action_kouhyou_detail_004_kani=true&JigyosyoCd=3460291655-00&ServiceCd=130&Type=search", "url2": "https://sirimu.com/pokapoka" }, "geometry": { "type": "Point", "coordinates": [ 132.4288627, 34.3696031 ] } },
{ "type": "Feature", "properties": { "内容": "あゆみ訪問看護ステーション【訪問看護】広島市中区猫屋町4-17", "url": "https://www.kaigokensaku.mhlw.go.jp/34/index.php?action_kouhyou_detail_004_kani=true&JigyosyoCd=3460291184-00&ServiceCd=130&Type=search", "url2": "https://ayumi-houkan.jimdofree.com/" }, "geometry": { "type": "Point", "coordinates": [ 132.4475706, 34.3952862 ] } },
{ "type": "Feature", "properties": { "内容": "YMCA訪問看護ステーション・ピース【訪問看護】広島市中区八丁堀7-11YMCA2号館5階", "url": "https://www.kaigokensaku.mhlw.go.jp/34/index.php?action_kouhyou_detail_004_kani=true&JigyosyoCd=3460190030-00&ServiceCd=130&Type=search", "url2": "http://www.ymcapeace.com/" }, "geometry": { "type": "Point", "coordinates": [ 132.462046591401645, 34.396204118915115 ] } },
{ "type": "Feature", "properties": { "内容": "吉島病院訪問看護ステーションわかば【訪問看護】広島市中区吉島東3丁目2-33", "url": "https://www.kaigokensaku.mhlw.go.jp/34/index.php?action_kouhyou_detail_004_kani=true&JigyosyoCd=3460190113-00&ServiceCd=130&Type=search", "url2": "http://www.yoshijima-hosp.jp/" }, "geometry": { "type": "Point", "coordinates": [ 132.4506599, 34.3692544 ] } },
{ "type": "Feature", "properties": { "内容": "土谷訪問看護ステーション中島【訪問看護】広島市中区中島町3番30号土谷総合病院　5階", "url": "https://www.kaigokensaku.mhlw.go.jp/34/index.php?action_kouhyou_detail_004_kani=true&JigyosyoCd=3460190147-00&ServiceCd=130&Type=search", "url2": "http://www.tsuchiya-hp.jp/" }, "geometry": { "type": "Point", "coordinates": [ 132.451517035018128, 34.390265846087395 ] } },
{ "type": "Feature", "properties": { "内容": "広島赤十字・原爆病院訪問看護ステーション【訪問看護】広島市中区千田町1-9-6中央棟4階", "url": "https://www.kaigokensaku.mhlw.go.jp/34/index.php?action_kouhyou_detail_004_kani=true&JigyosyoCd=3460190287-00&ServiceCd=130&Type=search", "url2": "http://www.hiroshima-med.jrc.or.jp" }, "geometry": { "type": "Point", "coordinates": [ 132.454092800000012, 34.3809339 ] } },
{ "type": "Feature", "properties": { "内容": "訪問看護ステーションえがお【訪問看護】広島県広島市中区白島北町3-1-2F河瀬ビル　2F", "url": "https://www.kaigokensaku.mhlw.go.jp/34/index.php?action_kouhyou_detail_004_kani=true&JigyosyoCd=3460190709-00&ServiceCd=130&Type=search", "url2": "http://www.yu-wa-co.jp/care-service.html" }, "geometry": { "type": "Point", "coordinates": [ 132.463306518370132, 34.411247078425724 ] } },
{ "type": "Feature", "properties": { "内容": "訪問看護ステーションニーズ【訪問看護】広島県広島市中区白島九軒町19番6号", "url": "https://www.kaigokensaku.mhlw.go.jp/34/index.php?action_kouhyou_detail_004_kani=true&JigyosyoCd=3460190717-00&ServiceCd=130&Type=search", "url2": null }, "geometry": { "type": "Point", "coordinates": [ 132.46759258479463, 34.406523313257274 ] } },
{ "type": "Feature", "properties": { "内容": "訪問看護リハビリステーションひなた吉島【訪問看護】広島県広島市中区光南2-3-45", "url": "https://www.kaigokensaku.mhlw.go.jp/34/index.php?action_kouhyou_detail_004_kani=true&JigyosyoCd=3460191046-00&ServiceCd=130&Type=search", "url2": "https://www.hinata-gr.co.jp" }, "geometry": { "type": "Point", "coordinates": [ 132.4449022, 34.3695832 ] } },
{ "type": "Feature", "properties": { "内容": "幟町訪問看護ステーション【訪問看護】広島県広島市中区幟町14番地14広島教販ﾋﾞﾙ5階", "url": "https://www.kaigokensaku.mhlw.go.jp/34/index.php?action_kouhyou_detail_004_kani=true&JigyosyoCd=3460191061-00&ServiceCd=130&Type=search", "url2": "https://www.teijin-pharma.co.jp" }, "geometry": { "type": "Point", "coordinates": [ 132.466380628836077, 34.393504293170643 ] } },
{ "type": "Feature", "properties": { "内容": "たかの橋訪問看護ステーション【訪問看護】広島県広島市中区国泰寺町2丁目4番16号", "url": "https://www.kaigokensaku.mhlw.go.jp/34/index.php?action_kouhyou_detail_004_kani=true&JigyosyoCd=3460191491-00&ServiceCd=130&Type=search", "url2": "https://hidamari-rk.jp/" }, "geometry": { "type": "Point", "coordinates": [ 132.4544539, 34.3834918 ] } },
{ "type": "Feature", "properties": { "内容": "悠悠タウン江波訪問看護ステーション【訪問看護】広島県広島市中区江波二本松2丁目6-27", "url": "https://www.kaigokensaku.mhlw.go.jp/34/index.php?action_kouhyou_detail_004_kani=true&JigyosyoCd=3460290079-00&ServiceCd=130&Type=search", "url2": "https://www.city.hiroshima.med.or.jp/hma/youyou/eba/houmon-kango.html" }, "geometry": { "type": "Point", "coordinates": [ 132.429683178048663, 34.367859214402699 ] } },
{ "type": "Feature", "properties": { "内容": "いろは訪問看護リハビリステーション【訪問看護】広島県広島市中区白島中町17番26号スタープラザ白島中町101号", "url": "https://www.kaigokensaku.mhlw.go.jp/34/index.php?action_kouhyou_detail_004_kani=true&JigyosyoCd=3460290723-00&ServiceCd=130&Type=search", "url2": "http://kanon-go.co.jp" }, "geometry": { "type": "Point", "coordinates": [ 132.465596077489408, 34.407198019542022 ] } },
{ "type": "Feature", "properties": { "内容": "三ツ星訪問看護リハビリステーション【訪問看護】広島県広島市中区本川町三丁目4番12号", "url": "https://www.kaigokensaku.mhlw.go.jp/34/index.php?action_kouhyou_detail_004_kani=true&JigyosyoCd=3460290749-00&ServiceCd=130&Type=search", "url2": "https://yasashio.com" }, "geometry": { "type": "Point", "coordinates": [ 132.450317346518858, 34.398825972984639 ] } },
{ "type": "Feature", "properties": { "内容": "あすなろ訪問看護ステーション【訪問看護】広島県広島市中区舟入南3丁目8-12マンション柏吹103号", "url": "https://www.kaigokensaku.mhlw.go.jp/34/index.php?action_kouhyou_detail_004_kani=true&JigyosyoCd=3460291275-00&ServiceCd=130&Type=search", "url2": "https://www.asunaro-houmonkango.com" }, "geometry": { "type": "Point", "coordinates": [ 132.4363959, 34.3774362 ] } },
{ "type": "Feature", "properties": { "内容": "一ノ瀬病院【訪問看護】広島県広島市中区国泰寺町1丁目５－１１", "url": "https://www.kaigokensaku.mhlw.go.jp/34/index.php?action_kouhyou_detail_004_kani=true&JigyosyoCd=3410124006-00&ServiceCd=130&Type=search", "url2": "http://ichinose-hp.jp/" }, "geometry": { "type": "Point", "coordinates": [ 132.4559676, 34.386125100000015 ] } },
{ "type": "Feature", "properties": { "内容": "悠悠タウン基町訪問看護ステーション【訪問看護】広島市中区基町19-2-411", "url": "https://www.kaigokensaku.mhlw.go.jp/34/index.php?action_kouhyou_detail_004_kani=true&JigyosyoCd=3460190527-00&ServiceCd=130&Type=search", "url2": "https://www.city.hiroshima.med.or.jp/hma/youyou/motomachi/houmon-kango.html" }, "geometry": { "type": "Point", "coordinates": [ 132.456697500000018, 34.4037513 ] } },
{ "type": "Feature", "properties": { "内容": "あなぶきケアサービス広島　訪問看護事業所【訪問看護】広島県広島市中区光南1-2-23アルファリビング広島吉島通り内", "url": "https://www.kaigokensaku.mhlw.go.jp/34/index.php?action_kouhyou_detail_004_kani=true&JigyosyoCd=3460190899-00&ServiceCd=130&Type=search", "url2": "https://www.a-living.jp/" }, "geometry": { "type": "Point", "coordinates": [ 132.448554100000024, 34.3690834 ] } },
{ "type": "Feature", "properties": { "内容": "にじのはな在宅看護センター【訪問看護】広島県広島市中区昭和町10-15スカイハイツ3号", "url": "https://www.kaigokensaku.mhlw.go.jp/34/index.php?action_kouhyou_detail_004_kani=true&JigyosyoCd=3460191129-00&ServiceCd=130&Type=search", "url2": "https://nijinohana.com/" }, "geometry": { "type": "Point", "coordinates": [ 132.463086400000037, 34.3829646 ] } },
{ "type": "Feature", "properties": { "内容": "訪問看護ステーションあすか【訪問看護】広島県広島市中区河原町7-10Istyle河原町201", "url": "https://www.kaigokensaku.mhlw.go.jp/34/index.php?action_kouhyou_detail_004_kani=true&JigyosyoCd=3460290533-00&ServiceCd=130&Type=search", "url2": "https://asuka-medicare.com/" }, "geometry": { "type": "Point", "coordinates": [ 132.446768235369603, 34.388866551341614 ] } },
{ "type": "Feature", "properties": { "内容": "エイトケア【訪問看護】広島県広島市中区舟入南2-1-6", "url": "https://www.kaigokensaku.mhlw.go.jp/34/index.php?action_kouhyou_detail_004_kani=true&JigyosyoCd=3460290962-00&ServiceCd=130&Type=search", "url2": "http://www.saiensya.com/eightcare" }, "geometry": { "type": "Point", "coordinates": [ 132.43915163928682, 34.379979174119285 ] } },
{ "type": "Feature", "properties": { "内容": "グリーライフ訪問看護ステーション広島【訪問看護】広島市中区舟入町3-9ハビリスシムラ３F", "url": "https://www.kaigokensaku.mhlw.go.jp/34/index.php?action_kouhyou_detail_004_kani=true&JigyosyoCd=3460291333-00&ServiceCd=130&Type=search", "url2": "http://www.greenlife-inc.co.jp" }, "geometry": { "type": "Point", "coordinates": [ 132.443945682803331, 34.391502678300625 ] } },
{ "type": "Feature", "properties": { "内容": "ＳＯＭＰＯケア平和公園訪問看護【訪問看護】広島市中区大手町３丁目１１番２０号", "url": "https://www.kaigokensaku.mhlw.go.jp/34/index.php?action_kouhyou_detail_004_kani=true&JigyosyoCd=3460191343-00&ServiceCd=130&Type=search", "url2": "https://www.sompocare.com/service/zaitaku/kango/Z000933" }, "geometry": { "type": "Point", "coordinates": [ 132.4517777, 34.3871491 ] } },
{ "type": "Feature", "properties": { "内容": "訪問看護ステーションあいりす【訪問看護】広島県広島市中区光南二丁目11番4号", "url": "https://www.kaigokensaku.mhlw.go.jp/34/index.php?action_kouhyou_detail_004_kani=true&JigyosyoCd=3460190618-00&ServiceCd=130&Type=search", "url2": "http://www.airisu.net/" }, "geometry": { "type": "Point", "coordinates": [ 132.445551814691783, 34.368128597151077 ] } },
{ "type": "Feature", "properties": { "内容": "おはな訪問看護ステーション【訪問看護】広島県広島市中区吉島西２丁目8-18リバティ吉島403", "url": "https://www.kaigokensaku.mhlw.go.jp/34/index.php?action_kouhyou_detail_004_kani=true&JigyosyoCd=3460191400-00&ServiceCd=130&Type=search", "url2": "http://medinick.com/ohana/" }, "geometry": { "type": "Point", "coordinates": [ 132.4448462, 34.3747271 ] } },
{ "type": "Feature", "properties": { "内容": "サンキ・ウエルビィ訪問看護ステーション吉島【訪問看護】広島県広島市中区光南4丁目5-1", "url": "https://www.kaigokensaku.mhlw.go.jp/34/index.php?action_kouhyou_detail_004_kani=true&JigyosyoCd=3460290673-00&ServiceCd=130&Type=search", "url2": null }, "geometry": { "type": "Point", "coordinates": [ 132.446777775166908, 34.366590341344207 ] } },
{ "type": "Feature", "properties": { "内容": "訪問看護リハステーションLife【訪問看護】広島県広島市中区本川町1丁目1番24第2三田尾ビル305号", "url": "https://www.kaigokensaku.mhlw.go.jp/34/index.php?action_kouhyou_detail_004_kani=true&JigyosyoCd=3460291002-00&ServiceCd=130&Type=search", "url2": null }, "geometry": { "type": "Point", "coordinates": [ 132.450639656194454, 34.396602720487515 ] } },
{ "type": "Feature", "properties": { "内容": "むすび訪問看護ステーション広島【訪問看護】広島県広島市中区西十日市町３番３０号Ｄｏ－Ｃｕｌｔｕｒｅ５０２", "url": "https://www.kaigokensaku.mhlw.go.jp/34/index.php?action_kouhyou_detail_004_kani=true&JigyosyoCd=3460291622-00&ServiceCd=130&Type=search", "url2": "https://musubi-houkan.one" }, "geometry": { "type": "Point", "coordinates": [ 132.445197799999988, 34.399233099999989 ] } },
{ "type": "Feature", "properties": { "内容": "おるおる訪問看護ステーション【訪問看護】広島県広島市中区千田町3-11-25-202バウハウス202", "url": "https://www.kaigokensaku.mhlw.go.jp/34/index.php?action_kouhyou_detail_004_kani=true&JigyosyoCd=3460191525-00&ServiceCd=130&Type=search", "url2": "https://www.koluolubasee.net/" }, "geometry": { "type": "Point", "coordinates": [ 132.4587682, 34.3756923 ] } },
{ "type": "Feature", "properties": { "内容": "すまいる訪問看護ステーション【訪問看護】広島市中区住吉町13-10ソーシャルアパートメント201号室", "url": "https://www.kaigokensaku.mhlw.go.jp/34/index.php?action_kouhyou_detail_004_kani=true&JigyosyoCd=3460191582-00&ServiceCd=130&Type=search", "url2": null }, "geometry": { "type": "Point", "coordinates": [ 132.448903800000011, 34.3830315 ] } },
{ "type": "Feature", "properties": { "内容": "訪問看護ステーションcomocare【訪問看護】広島県広島市中区住吉町20番17Casa&N住吉町504号", "url": "https://www.kaigokensaku.mhlw.go.jp/34/index.php?action_kouhyou_detail_004_kani=true&JigyosyoCd=3460191624-00&ServiceCd=130&Type=search", "url2": "https://como-care.jp/index.html" }, "geometry": { "type": "Point", "coordinates": [ 132.449806699999982, 34.382735600000011 ] } },
{ "type": "Feature", "properties": { "内容": "訪問看護ステーションだんだん【訪問看護】広島県広島市中区舟入川口町10-31沖本ビル201", "url": "https://www.kaigokensaku.mhlw.go.jp/34/index.php?action_kouhyou_detail_004_kani=true&JigyosyoCd=3460291994-00&ServiceCd=130&Type=search", "url2": "https://www.fastcare2025.com" }, "geometry": { "type": "Point", "coordinates": [ 132.4423557, 34.3814636 ] } },
{ "type": "Feature", "properties": { "内容": "カルム訪問看護ステーション中【訪問看護】舟入本町9-20-201", "url": "https://www.kaigokensaku.mhlw.go.jp/34/index.php?action_kouhyou_detail_004_kani=true&JigyosyoCd=3460292059-00&ServiceCd=130&Type=search", "url2": "https://calm-c.com/" }, "geometry": { "type": "Point", "coordinates": [ 132.4405964, 34.3862779 ] } },
{ "type": "Feature", "properties": { "内容": "訪問看護ステーションゆいゆい【訪問看護】堺町２丁目1-3302", "url": "https://www.kaigokensaku.mhlw.go.jp/34/index.php?action_kouhyou_detail_004_kani=true&JigyosyoCd=3460292133-00&ServiceCd=130&Type=search", "url2": null }, "geometry": { "type": "Point", "coordinates": [ 130.8849674, 33.8818513 ] } },
{ "type": "Feature", "properties": { "内容": "訪問看護ステーション　ソラナス【訪問看護】広島市東区若草町10番12号日宝若草町ビル7F6号", "url": "https://www.kaigokensaku.mhlw.go.jp/34/index.php?action_kouhyou_detail_004_kani=true&JigyosyoCd=3460191053-00&ServiceCd=130&Type=search", "url2": "https://solanas/jp" }, "geometry": { "type": "Point", "coordinates": [ 132.479646145850865, 34.397652397440559 ] } },
{ "type": "Feature", "properties": { "内容": "訪問看護ステーション　ポプリ【訪問看護】広島県広島市東区戸坂大上４丁目１５－２６２０５", "url": "https://www.kaigokensaku.mhlw.go.jp/34/index.php?action_kouhyou_detail_004_kani=true&JigyosyoCd=3460190857-00&ServiceCd=130&Type=search", "url2": "https://www.r-plus-limited.com/%E8%A8%AA%E5%95%8F%E7%9C%8B%E8%AD%B7%E4%BA%8B%E6%A5%AD/%E7%B2%BE%E7%A5%9E%E7%A7%91%E8%A8%AA%E5%95%8F%E7%9C%8B%E8%AD%B7/" }, "geometry": { "type": "Point", "coordinates": [ 132.497251799999958, 34.4240901 ] } },
{ "type": "Feature", "properties": { "内容": "訪問看護ステーション　コドモワ【訪問看護】広島県広島市東区牛田新町１丁目７番23号第一保田ビル301号室", "url": "https://www.kaigokensaku.mhlw.go.jp/34/index.php?action_kouhyou_detail_004_kani=true&JigyosyoCd=3460191327-00&ServiceCd=130&Type=search", "url2": "https://www.houkan-kodomowa.com/" }, "geometry": { "type": "Point", "coordinates": [ 132.4656869, 34.4200646 ] } },
{ "type": "Feature", "properties": { "内容": "訪問看護ステーションおもてなし【訪問看護】広島県広島市東区矢賀新町5丁目2-3203号", "url": "https://www.kaigokensaku.mhlw.go.jp/34/index.php?action_kouhyou_detail_004_kani=true&JigyosyoCd=3460191426-00&ServiceCd=130&Type=search", "url2": "https://www.lile-style.biz/" }, "geometry": { "type": "Point", "coordinates": [ 132.49992850000001, 34.3911303 ] } },
{ "type": "Feature", "properties": { "内容": "訪問看護ステーションふれあい【訪問看護】広島市東区上温品1丁目24番9号", "url": "https://www.kaigokensaku.mhlw.go.jp/34/index.php?action_kouhyou_detail_004_kani=true&JigyosyoCd=3460190014-00&ServiceCd=130&Type=search", "url2": "http://www.takamasa.or.jp" }, "geometry": { "type": "Point", "coordinates": [ 132.512400299999968, 34.4216559 ] } },
{ "type": "Feature", "properties": { "内容": "訪問看護ステーションホームナース中国【訪問看護】広島県広島市東区光町2丁目14番20KTK光町201号", "url": "https://www.kaigokensaku.mhlw.go.jp/34/index.php?action_kouhyou_detail_004_kani=true&JigyosyoCd=3460190253-00&ServiceCd=130&Type=search", "url2": "https://www.home-nc.com" }, "geometry": { "type": "Point", "coordinates": [ 132.483815273431645, 34.39931378677295 ] } },
{ "type": "Feature", "properties": { "内容": "太田川病院訪問看護ステーション【訪問看護】広島市東区戸坂山根一丁目24番20号", "url": "https://www.kaigokensaku.mhlw.go.jp/34/index.php?action_kouhyou_detail_004_kani=true&JigyosyoCd=3460190303-00&ServiceCd=130&Type=search", "url2": "https://www.otagawa-hp.com/otagawa_higashi/06_kango/01_01.html" }, "geometry": { "type": "Point", "coordinates": [ 132.489443700000038, 34.4338541 ] } },
{ "type": "Feature", "properties": { "内容": "おかもとリハビリ訪問看護ステーション【訪問看護】広島市東区温品7-5-12", "url": "https://www.kaigokensaku.mhlw.go.jp/34/index.php?action_kouhyou_detail_004_kani=true&JigyosyoCd=3460190535-00&ServiceCd=130&Type=search", "url2": "http://okamoto-seikei.jp/houmonkango/" }, "geometry": { "type": "Point", "coordinates": [ 132.509642399999962, 34.4158925 ] } },
{ "type": "Feature", "properties": { "内容": "訪問看護ステーションりんご【訪問看護】広島市東区戸坂南2-9-10", "url": "https://www.kaigokensaku.mhlw.go.jp/34/index.php?action_kouhyou_detail_004_kani=true&JigyosyoCd=3460190626-00&ServiceCd=130&Type=search", "url2": null }, "geometry": { "type": "Point", "coordinates": [ 132.493641911639401, 34.423710624998797 ] } },
{ "type": "Feature", "properties": { "内容": "訪問看護ステーション　結【訪問看護】広島県広島市東区牛田早稲田1-22-13ビーズステージ8　101", "url": "https://www.kaigokensaku.mhlw.go.jp/34/index.php?action_kouhyou_detail_004_kani=true&JigyosyoCd=3460191509-00&ServiceCd=130&Type=search", "url2": "https://www.visit-nurse.com/" }, "geometry": { "type": "Point", "coordinates": [ 132.475894399999987, 34.4094859 ] } },
{ "type": "Feature", "properties": { "内容": "訪問看護ステーションみのあか【訪問看護】広島県広島市東区温品5丁目2-27温品ビル207", "url": "https://www.kaigokensaku.mhlw.go.jp/34/index.php?action_kouhyou_detail_004_kani=true&JigyosyoCd=3460191293-00&ServiceCd=130&Type=search", "url2": null }, "geometry": { "type": "Point", "coordinates": [ 132.507822800000014, 34.4124416 ] } },
{ "type": "Feature", "properties": { "内容": "訪問看護ステーションそれいゆ　広島東【訪問看護】広島県広島市東区東蟹屋町10-33", "url": "https://www.kaigokensaku.mhlw.go.jp/34/index.php?action_kouhyou_detail_004_kani=true&JigyosyoCd=3460191350-00&ServiceCd=130&Type=search", "url2": "http://www.hikari2015.jp" }, "geometry": { "type": "Point", "coordinates": [ 132.483630299999987, 34.3959041 ] } },
{ "type": "Feature", "properties": { "内容": "ほのぼの訪問看護ステーション【訪問看護】広島市東区戸坂千足二丁目5-16", "url": "https://www.kaigokensaku.mhlw.go.jp/34/index.php?action_kouhyou_detail_004_kani=true&JigyosyoCd=3460190048-00&ServiceCd=130&Type=search", "url2": null }, "geometry": { "type": "Point", "coordinates": [ 132.485066, 34.4380065 ] } },
{ "type": "Feature", "properties": { "内容": "医療法人社団聖愛会牛田クリニック訪問看護ステーション【訪問看護】広島市東区牛田本町3丁目6-4", "url": "https://www.kaigokensaku.mhlw.go.jp/34/index.php?action_kouhyou_detail_004_kani=true&JigyosyoCd=3460190451-00&ServiceCd=130&Type=search", "url2": "https://www.smile-seiaikai.com/ushita-clinic/index.html" }, "geometry": { "type": "Point", "coordinates": [ 132.4695461, 34.4097591 ] } },
{ "type": "Feature", "properties": { "内容": "なぎリハビリ訪問看護ステーション【訪問看護】広島県広島市東区戸坂千足2-5-13佐々木ビル203", "url": "https://www.kaigokensaku.mhlw.go.jp/34/index.php?action_kouhyou_detail_004_kani=true&JigyosyoCd=3460190832-00&ServiceCd=130&Type=search", "url2": "https://www.nagireha.jp/" }, "geometry": { "type": "Point", "coordinates": [ 132.48517486812284, 34.438005709805275 ] } },
{ "type": "Feature", "properties": { "内容": "ホームナーシングソワン【訪問看護】広島県広島市東区戸坂新町一丁目７番１７号石原ビル3-201", "url": "https://www.kaigokensaku.mhlw.go.jp/34/index.php?action_kouhyou_detail_004_kani=true&JigyosyoCd=3460191418-00&ServiceCd=130&Type=search", "url2": null }, "geometry": { "type": "Point", "coordinates": [ 132.49463750000001, 34.4232498 ] } },
{ "type": "Feature", "properties": { "内容": "広島県看護協会訪問看護ステーション「ひろしま」【訪問看護】広島市東区牛田本町6-1-27", "url": "https://www.kaigokensaku.mhlw.go.jp/34/index.php?action_kouhyou_detail_004_kani=true&JigyosyoCd=3460190089-00&ServiceCd=130&Type=search", "url2": "http://www.nurse-hiroshima.or.jp/" }, "geometry": { "type": "Point", "coordinates": [ 132.483564800000067, 34.397202 ] } },
{ "type": "Feature", "properties": { "内容": "ニックス訪問看護ステーション【訪問看護】広島県広島市東区尾長東2丁目7-28", "url": "https://www.kaigokensaku.mhlw.go.jp/34/index.php?action_kouhyou_detail_004_kani=true&JigyosyoCd=3460190493-00&ServiceCd=130&Type=search", "url2": "http://www.nix-net.co.jp/" }, "geometry": { "type": "Point", "coordinates": [ 132.488227090282066, 34.398064686735601 ] } },
{ "type": "Feature", "properties": { "内容": "ツクイ広島東訪問看護ステーション【訪問看護】広島県広島市東区東蟹屋町５番５号広島駅東55ビル5階", "url": "https://www.kaigokensaku.mhlw.go.jp/34/index.php?action_kouhyou_detail_004_kani=true&JigyosyoCd=3460191210-00&ServiceCd=130&Type=search", "url2": null }, "geometry": { "type": "Point", "coordinates": [ 132.4833122, 34.3961901 ] } },
{ "type": "Feature", "properties": { "内容": "訪問看護ステーション　ミルキーケア【訪問看護】広島県広島市東区尾長東二丁目５番３３号ケア・レジデンス谷本　１F", "url": "https://www.kaigokensaku.mhlw.go.jp/34/index.php?action_kouhyou_detail_004_kani=true&JigyosyoCd=3460191467-00&ServiceCd=130&Type=search", "url2": "https://www.hiromasakai.com/" }, "geometry": { "type": "Point", "coordinates": [ 132.4882034, 34.3984793 ] } },
{ "type": "Feature", "properties": { "内容": "HomeCareクレール【訪問看護】矢賀2丁目8-46ライトコート103", "url": "https://www.kaigokensaku.mhlw.go.jp/34/index.php?action_kouhyou_detail_004_kani=true&JigyosyoCd=3460191574-00&ServiceCd=130&Type=search", "url2": "https://homecare-claire.jp/" }, "geometry": { "type": "Point", "coordinates": [ 132.4967952, 34.4002609 ] } },
{ "type": "Feature", "properties": { "内容": "訪問看護ステーションみらさく【訪問看護】中山西1丁目1-32泉コーポ205", "url": "https://www.kaigokensaku.mhlw.go.jp/34/index.php?action_kouhyou_detail_004_kani=true&JigyosyoCd=3460191608-00&ServiceCd=130&Type=search", "url2": "https://mirasaku-houkan.studio.site/" }, "geometry": { "type": "Point", "coordinates": [ 132.4943285, 34.4073383 ] } },
{ "type": "Feature", "properties": { "内容": "大瀬戸リハビリ整形外科【訪問看護】広島県広島市南区宇品御幸一丁目17番1号", "url": "https://www.kaigokensaku.mhlw.go.jp/34/index.php?action_kouhyou_detail_004_kani=true&JigyosyoCd=3410118289-00&ServiceCd=130&Type=search", "url2": "http://www.ohseto.or.jp/" }, "geometry": { "type": "Point", "coordinates": [ 132.464384, 34.3680965 ] } },
{ "type": "Feature", "properties": { "内容": "訪問看護ステーション　タンポポ【訪問看護】広島県広島市南区段原南１丁目19-27パークコートS1　201", "url": "https://www.kaigokensaku.mhlw.go.jp/34/index.php?action_kouhyou_detail_004_kani=true&JigyosyoCd=3460191459-00&ServiceCd=130&Type=search", "url2": null }, "geometry": { "type": "Point", "coordinates": [ 132.4768637, 34.3820867 ] } },
{ "type": "Feature", "properties": { "内容": "桜ステーション【訪問看護】広島県広島市南区宇品西4丁目4番4号第二広州ビル204号室", "url": "https://www.kaigokensaku.mhlw.go.jp/34/index.php?action_kouhyou_detail_004_kani=true&JigyosyoCd=3460191475-00&ServiceCd=130&Type=search", "url2": null }, "geometry": { "type": "Point", "coordinates": [ 132.4601524, 34.356669656182923 ] } },
{ "type": "Feature", "properties": { "内容": "土谷訪問看護ステーション出汐【訪問看護】広島市南区出汐1丁目7番16号", "url": "https://www.kaigokensaku.mhlw.go.jp/34/index.php?action_kouhyou_detail_004_kani=true&JigyosyoCd=3460190196-00&ServiceCd=130&Type=search", "url2": "http://www.tsuchiya-hp.jp/" }, "geometry": { "type": "Point", "coordinates": [ 132.475493799999981, 34.3794789 ] } },
{ "type": "Feature", "properties": { "内容": "あいリハ訪問看護　広島南【訪問看護】広島県広島市南区東雲本町1丁目14番１６－１", "url": "https://www.kaigokensaku.mhlw.go.jp/34/index.php?action_kouhyou_detail_004_kani=true&JigyosyoCd=3460190675-00&ServiceCd=130&Type=search", "url2": "https://www.aiwakk.jp/" }, "geometry": { "type": "Point", "coordinates": [ 132.484238749230883, 34.379907557607936 ] } },
{ "type": "Feature", "properties": { "内容": "訪問看護ステーションサポートひらまつ【訪問看護】広島県広島市南区比治山本町11番32号", "url": "https://www.kaigokensaku.mhlw.go.jp/34/index.php?action_kouhyou_detail_004_kani=true&JigyosyoCd=3460190725-00&ServiceCd=130&Type=search", "url2": null }, "geometry": { "type": "Point", "coordinates": [ 132.4710414, 34.3802454 ] } },
{ "type": "Feature", "properties": { "内容": "桜坂訪問看護ステーション【訪問看護】広島県広島市南区東雲2丁目５－１７", "url": "https://www.kaigokensaku.mhlw.go.jp/34/index.php?action_kouhyou_detail_004_kani=true&JigyosyoCd=3460190816-00&ServiceCd=130&Type=search", "url2": "http://mirai-sakura.com" }, "geometry": { "type": "Point", "coordinates": [ 132.4892731, 34.3812956 ] } },
{ "type": "Feature", "properties": { "内容": "９すめっと訪問看護ステーション【訪問看護】広島県広島市南区青崎2丁目５－１１", "url": "https://www.kaigokensaku.mhlw.go.jp/34/index.php?action_kouhyou_detail_004_kani=true&JigyosyoCd=3460190972-00&ServiceCd=130&Type=search", "url2": "http://www.9smet.net/" }, "geometry": { "type": "Point", "coordinates": [ 132.507099, 34.3740655 ] } },
{ "type": "Feature", "properties": { "内容": "カルム訪問看護ステーション南【訪問看護】広島市南区西旭町14－24－201", "url": "https://www.kaigokensaku.mhlw.go.jp/34/index.php?action_kouhyou_detail_004_kani=true&JigyosyoCd=3460190998-00&ServiceCd=130&Type=search", "url2": "https://calm-c.com/" }, "geometry": { "type": "Point", "coordinates": [ 132.484913099999972, 34.3785908 ] } },
{ "type": "Feature", "properties": { "内容": "訪問看護ステーションエムスマイル【訪問看護】広島県広島市南区翠五丁目12番10号アメニティ翠201号", "url": "https://www.kaigokensaku.mhlw.go.jp/34/index.php?action_kouhyou_detail_004_kani=true&JigyosyoCd=3460191087-00&ServiceCd=130&Type=search", "url2": "https://msmile.jimdosite.com/" }, "geometry": { "type": "Point", "coordinates": [ 132.470161100000013, 34.3685519 ] } },
{ "type": "Feature", "properties": { "内容": "訪問看護ステーション　レジハピ【訪問看護】広島市南区翠4丁目6-20ヒルズ立花", "url": "https://www.kaigokensaku.mhlw.go.jp/34/index.php?action_kouhyou_detail_004_kani=true&JigyosyoCd=3460191103-00&ServiceCd=130&Type=search", "url2": "https://www.resihapi.com/" }, "geometry": { "type": "Point", "coordinates": [ 132.470642806745872, 34.368674953656274 ] } },
{ "type": "Feature", "properties": { "内容": "エイトケア南【訪問看護】広島県広島市南区段原南2-3-11", "url": "https://www.kaigokensaku.mhlw.go.jp/34/index.php?action_kouhyou_detail_004_kani=true&JigyosyoCd=3460191160-00&ServiceCd=130&Type=search", "url2": "https://www.8-care.com/" }, "geometry": { "type": "Point", "coordinates": [ 132.4777225, 34.3852394 ] } },
{ "type": "Feature", "properties": { "内容": "訪問看護リハステーションなぎさ【訪問看護】広島県広島市南区元宇品町41-18", "url": "https://www.kaigokensaku.mhlw.go.jp/34/index.php?action_kouhyou_detail_004_kani=true&JigyosyoCd=3460191202-00&ServiceCd=130&Type=search", "url2": "https://nagisa.hiroshima-kg.com/" }, "geometry": { "type": "Point", "coordinates": [ 132.463066, 34.346731 ] } },
{ "type": "Feature", "properties": { "内容": "みやこ訪問看護ステーション【訪問看護】広島県広島市南区比治山本町16-2原田ビル１階", "url": "https://www.kaigokensaku.mhlw.go.jp/34/index.php?action_kouhyou_detail_004_kani=true&JigyosyoCd=3460191442-00&ServiceCd=130&Type=search", "url2": null }, "geometry": { "type": "Point", "coordinates": [ 132.468277149073799, 34.382555142577324 ] } },
{ "type": "Feature", "properties": { "内容": "医療法人社団　古川医院【訪問看護】広島市南区東雲本町一丁目１番２号", "url": "https://www.kaigokensaku.mhlw.go.jp/34/index.php?action_kouhyou_detail_004_kani=true&JigyosyoCd=3410114247-00&ServiceCd=130&Type=search", "url2": "http://www.furukawa-iin.com/" }, "geometry": { "type": "Point", "coordinates": [ 132.483970699999986, 34.3843257 ] } },
{ "type": "Feature", "properties": { "内容": "訪問看護ステーション　羽ばたき【訪問看護】広島市南区堀越三丁目１１番１プレジール堀越101", "url": "https://www.kaigokensaku.mhlw.go.jp/34/index.php?action_kouhyou_detail_004_kani=true&JigyosyoCd=3460190410-00&ServiceCd=130&Type=search", "url2": null }, "geometry": { "type": "Point", "coordinates": [ 132.512135199999989, 34.3723974 ] } },
{ "type": "Feature", "properties": { "内容": "訪問看護ステーション　まごころ【訪問看護】広島県広島市南区段原三丁目3番27号段原メディカルビル4階", "url": "https://www.kaigokensaku.mhlw.go.jp/34/index.php?action_kouhyou_detail_004_kani=true&JigyosyoCd=3460190733-00&ServiceCd=130&Type=search", "url2": null }, "geometry": { "type": "Point", "coordinates": [ 132.477365599999985, 34.3890918 ] } },
{ "type": "Feature", "properties": { "内容": "訪問看護ステーションすずらん【訪問看護】広島県広島市南区西旭町10番5号", "url": "https://www.kaigokensaku.mhlw.go.jp/34/index.php?action_kouhyou_detail_004_kani=true&JigyosyoCd=3460190907-00&ServiceCd=130&Type=search", "url2": "http://horon-suzuran.co.jp/" }, "geometry": { "type": "Point", "coordinates": [ 132.473788600000034, 34.3722213 ] } },
{ "type": "Feature", "properties": { "内容": "訪問看護ステーション　グリーンピース【訪問看護】広島県広島市南区的場町6番3号JH的場301号室", "url": "https://www.kaigokensaku.mhlw.go.jp/34/index.php?action_kouhyou_detail_004_kani=true&JigyosyoCd=3460191038-00&ServiceCd=130&Type=search", "url2": "https://greenpeace-kango.com" }, "geometry": { "type": "Point", "coordinates": [ 132.47555813465712, 34.391867938206026 ] } },
{ "type": "Feature", "properties": { "内容": "株式会社ルピナス訪問看護ステーション【訪問看護】広島県広島市南区皆実町四丁目2番22-100号", "url": "https://www.kaigokensaku.mhlw.go.jp/34/index.php?action_kouhyou_detail_004_kani=true&JigyosyoCd=3460191137-00&ServiceCd=130&Type=search", "url2": "http://lupinasu.co.jp" }, "geometry": { "type": "Point", "coordinates": [ 132.471138866617224, 34.376834225208718 ] } },
{ "type": "Feature", "properties": { "内容": "訪問看護ステーション　かがやき南【訪問看護】広島県広島市南区大州3丁目7－2－101", "url": "https://www.kaigokensaku.mhlw.go.jp/34/index.php?action_kouhyou_detail_004_kani=true&JigyosyoCd=3460191228-00&ServiceCd=130&Type=search", "url2": null }, "geometry": { "type": "Point", "coordinates": [ 132.4939129, 34.3879906 ] } },
{ "type": "Feature", "properties": { "内容": "訪問看護ステーションハローナースシーサイド【訪問看護】広島市南区元宇品町26番20号", "url": "https://www.kaigokensaku.mhlw.go.jp/34/index.php?action_kouhyou_detail_004_kani=true&JigyosyoCd=3460190162-00&ServiceCd=130&Type=search", "url2": "http://www.ss.wadoukai.jp" }, "geometry": { "type": "Point", "coordinates": [ 132.459087299999965, 34.3486042 ] } },
{ "type": "Feature", "properties": { "内容": "訪問看護ステーションほほえみ【訪問看護】広島市南区仁保新町1丁目5番27号", "url": "https://www.kaigokensaku.mhlw.go.jp/34/index.php?action_kouhyou_detail_004_kani=true&JigyosyoCd=3460190063-00&ServiceCd=130&Type=search", "url2": "http://www.hiroshimakosei.or.jp/" }, "geometry": { "type": "Point", "coordinates": [ 132.4930723, 34.3740698 ] } },
{ "type": "Feature", "properties": { "内容": "訪問看護ステ－ションLifeLoop【訪問看護】広島県広島市南区段原三丁目2番19号グランシャリオK1階", "url": "https://www.kaigokensaku.mhlw.go.jp/34/index.php?action_kouhyou_detail_004_kani=true&JigyosyoCd=3460190667-00&ServiceCd=130&Type=search", "url2": "http://www.azuma-c.com/life_loop" }, "geometry": { "type": "Point", "coordinates": [ 132.47706587619632, 34.390120138921503 ] } },
{ "type": "Feature", "properties": { "内容": "訪問看護　愛【訪問看護】広島県広島市南区翠4丁目2-2第一落海ビル303", "url": "https://www.kaigokensaku.mhlw.go.jp/34/index.php?action_kouhyou_detail_004_kani=true&JigyosyoCd=3460190931-00&ServiceCd=130&Type=search", "url2": null }, "geometry": { "type": "Point", "coordinates": [ 132.4737738, 34.3695185 ] } },
{ "type": "Feature", "properties": { "内容": "ツクイ広島訪問看護ステーション【訪問看護】広島県広島市南区皆実町1丁目19-6東畠ビル1階", "url": "https://www.kaigokensaku.mhlw.go.jp/34/index.php?action_kouhyou_detail_004_kani=true&JigyosyoCd=3460191079-00&ServiceCd=130&Type=search", "url2": "https://www.tsukui.net/" }, "geometry": { "type": "Point", "coordinates": [ 132.470674538623086, 34.377129917195582 ] } },
{ "type": "Feature", "properties": { "内容": "訪問看護ステーションみなみ【訪問看護】広島市南区宇品御幸2丁目4－7", "url": "https://www.kaigokensaku.mhlw.go.jp/34/index.php?action_kouhyou_detail_004_kani=true&JigyosyoCd=3460191145-00&ServiceCd=130&Type=search", "url2": "http://svn-minami.jp/" }, "geometry": { "type": "Point", "coordinates": [ 132.4631631, 34.3666996 ] } },
{ "type": "Feature", "properties": { "内容": "広島with訪問看護ステーション【訪問看護】広島県広島市南区旭1丁目1番20号アルザス旭町201号室", "url": "https://www.kaigokensaku.mhlw.go.jp/34/index.php?action_kouhyou_detail_004_kani=true&JigyosyoCd=3460191434-00&ServiceCd=130&Type=search", "url2": "https://hiroshima-with.com/" }, "geometry": { "type": "Point", "coordinates": [ 132.477949, 34.3761439 ] } },
{ "type": "Feature", "properties": { "内容": "訪問看護ステーションなごみ【訪問看護】広島県広島市南区大州2丁目5-27ケアビレッジおおず", "url": "https://www.kaigokensaku.mhlw.go.jp/34/index.php?action_kouhyou_detail_004_kani=true&JigyosyoCd=3460191533-00&ServiceCd=130&Type=search", "url2": null }, "geometry": { "type": "Point", "coordinates": [ 132.4906129, 34.3906336 ] } },
{ "type": "Feature", "properties": { "内容": "訪問看護ステーション光那【訪問看護】広島県広島市南区西本浦町16-8202号", "url": "https://www.kaigokensaku.mhlw.go.jp/34/index.php?action_kouhyou_detail_004_kani=true&JigyosyoCd=3460191541-00&ServiceCd=130&Type=search", "url2": null }, "geometry": { "type": "Point", "coordinates": [ 132.484834903921694, 34.374395747319184 ] } },
{ "type": "Feature", "properties": { "内容": "リアン訪問看護ステーション【訪問看護】広島県広島市西区古江東町18番51号セジュールなごみA201号室", "url": "https://www.kaigokensaku.mhlw.go.jp/34/index.php?action_kouhyou_detail_004_kani=true&JigyosyoCd=3460291606-00&ServiceCd=130&Type=search", "url2": "https://lienhoukan.com/" }, "geometry": { "type": "Point", "coordinates": [ 132.41131782580706, 34.390458608485069 ] } },
{ "type": "Feature", "properties": { "内容": "訪問看護ステーションメイプルケア【訪問看護】広島県広島市西区小河内町二丁目1-10", "url": "https://www.kaigokensaku.mhlw.go.jp/34/index.php?action_kouhyou_detail_004_kani=true&JigyosyoCd=3460291374-00&ServiceCd=130&Type=search", "url2": null }, "geometry": { "type": "Point", "coordinates": [ 132.4397325, 34.4020178 ] } },
{ "type": "Feature", "properties": { "内容": "きらり訪問看護ステーション【訪問看護】広島市西区西観音町1-10AXIS-WILL202西観音sta.202", "url": "https://www.kaigokensaku.mhlw.go.jp/34/index.php?action_kouhyou_detail_004_kani=true&JigyosyoCd=3460290558-00&ServiceCd=130&Type=search", "url2": null }, "geometry": { "type": "Point", "coordinates": [ 132.438559599999962, 34.392905 ] } },
{ "type": "Feature", "properties": { "内容": "訪問看護ステーション　ソシア【訪問看護】広島県広島市西区己斐上六丁目554番地の１ソシアB301", "url": "https://www.kaigokensaku.mhlw.go.jp/34/index.php?action_kouhyou_detail_004_kani=true&JigyosyoCd=3460291903-00&ServiceCd=130&Type=search", "url2": null }, "geometry": { "type": "Point", "coordinates": [ 132.426097858335879, 34.428463859762019 ] } },
{ "type": "Feature", "properties": { "内容": "医療法人社団　石田内科【訪問看護】広島市西区己斐上二丁目11番3号", "url": "https://www.kaigokensaku.mhlw.go.jp/34/index.php?action_kouhyou_detail_004_kani=true&JigyosyoCd=3410214369-00&ServiceCd=130&Type=search", "url2": null }, "geometry": { "type": "Point", "coordinates": [ 132.419293299999907, 34.4051316 ] } },
{ "type": "Feature", "properties": { "内容": "訪問看護ステーション　こころーれ草津【訪問看護】広島県広島市西区草津梅が台8番1号", "url": "https://www.kaigokensaku.mhlw.go.jp/34/index.php?action_kouhyou_detail_004_kani=true&JigyosyoCd=3460290152-00&ServiceCd=130&Type=search", "url2": "http://www.kusatsu-hp.jp/" }, "geometry": { "type": "Point", "coordinates": [ 132.395677807341826, 34.379820957261032 ] } },
{ "type": "Feature", "properties": { "内容": "訪問看護ステーション　草津かもめ【訪問看護】広島市西区草津東1丁目11-19", "url": "https://www.kaigokensaku.mhlw.go.jp/34/index.php?action_kouhyou_detail_004_kani=true&JigyosyoCd=3460290178-00&ServiceCd=130&Type=search", "url2": "http://www.hch.coop/" }, "geometry": { "type": "Point", "coordinates": [ 132.40633379999997, 34.3788256 ] } },
{ "type": "Feature", "properties": { "内容": "ルネッサンス訪問看護【訪問看護】広島市西区己斐上4-31-7-15複合型サービス事業所　葵の家", "url": "https://www.kaigokensaku.mhlw.go.jp/34/index.php?action_kouhyou_detail_004_kani=true&JigyosyoCd=3460290509-00&ServiceCd=130&Type=search", "url2": null }, "geometry": { "type": "Point", "coordinates": [ 132.421294855737074, 34.410397804595007 ] } },
{ "type": "Feature", "properties": { "内容": "訪問看護リハビリステーションひなた庚午【訪問看護】広島県広島市西区高須1丁目11-19", "url": "https://www.kaigokensaku.mhlw.go.jp/34/index.php?action_kouhyou_detail_004_kani=true&JigyosyoCd=3460290772-00&ServiceCd=130&Type=search", "url2": "https://www.hinata-gr.co.jp/nursing/" }, "geometry": { "type": "Point", "coordinates": [ 132.415482070889226, 34.391187901782473 ] } },
{ "type": "Feature", "properties": { "内容": "訪問看護ステーションさつき【訪問看護】広島県広島市西区観音新町1丁目3-25Ｋビル観音1階", "url": "https://www.kaigokensaku.mhlw.go.jp/34/index.php?action_kouhyou_detail_004_kani=true&JigyosyoCd=3460291259-00&ServiceCd=130&Type=search", "url2": null }, "geometry": { "type": "Point", "coordinates": [ 132.4279563, 34.3783548 ] } },
{ "type": "Feature", "properties": { "内容": "訪問看護ステーションアイナ【訪問看護】広島県広島市西区中広町二丁目23-15", "url": "https://www.kaigokensaku.mhlw.go.jp/34/index.php?action_kouhyou_detail_004_kani=true&JigyosyoCd=3460291671-00&ServiceCd=130&Type=search", "url2": "https://www.aina-mshk.jp/" }, "geometry": { "type": "Point", "coordinates": [ 132.4428739, 34.404188 ] } },
{ "type": "Feature", "properties": { "内容": "訪問看護ステーション　ケアスマイル【訪問看護】広島県広島市西区南観音3丁目5-2空港通りビル302", "url": "https://www.kaigokensaku.mhlw.go.jp/34/index.php?action_kouhyou_detail_004_kani=true&JigyosyoCd=3460291689-00&ServiceCd=130&Type=search", "url2": "https://caresmile.help/" }, "geometry": { "type": "Point", "coordinates": [ 132.430897400000021, 34.386648900000012 ] } },
{ "type": "Feature", "properties": { "内容": "風香る訪問看護【訪問看護】広島県広島市西区庚午中4丁目7ｰ4サンハイツ庚午301号", "url": "https://www.kaigokensaku.mhlw.go.jp/34/index.php?action_kouhyou_detail_004_kani=true&JigyosyoCd=3460191251-00&ServiceCd=130&Type=search", "url2": null }, "geometry": { "type": "Point", "coordinates": [ 132.4139261, 34.382054 ] } },
{ "type": "Feature", "properties": { "内容": "訪問看護ステーション　生協コスモス【訪問看護】広島市西区観音町16－19生協けんこうプラザ", "url": "https://www.kaigokensaku.mhlw.go.jp/34/index.php?action_kouhyou_detail_004_kani=true&JigyosyoCd=3460290038-00&ServiceCd=130&Type=search", "url2": "http://www.hch.coop/fukushima/" }, "geometry": { "type": "Point", "coordinates": [ 132.437071148687778, 34.394536067777395 ] } },
{ "type": "Feature", "properties": { "内容": "あしたば訪問看護ステーション【訪問看護】広島県広島市西区天満町１３番１９号天満町ビル３F", "url": "https://www.kaigokensaku.mhlw.go.jp/34/index.php?action_kouhyou_detail_004_kani=true&JigyosyoCd=3460290046-00&ServiceCd=130&Type=search", "url2": "https://kajikawa.or.jp/" }, "geometry": { "type": "Point", "coordinates": [ 132.4401345, 34.3960686 ] } },
{ "type": "Feature", "properties": { "内容": "訪問看護ステーションハローナース西広島【訪問看護】広島市西区田方2丁目１６番４５号", "url": "https://www.kaigokensaku.mhlw.go.jp/34/index.php?action_kouhyou_detail_004_kani=true&JigyosyoCd=3460290251-00&ServiceCd=130&Type=search", "url2": "http://ph.wadoukai.jp" }, "geometry": { "type": "Point", "coordinates": [ 132.396051100000022, 34.3918102 ] } },
{ "type": "Feature", "properties": { "内容": "訪問看護ステーション　リライフ井口【訪問看護】広島県広島市西区草津南3丁目7番13号", "url": "https://www.kaigokensaku.mhlw.go.jp/34/index.php?action_kouhyou_detail_004_kani=true&JigyosyoCd=3460290798-00&ServiceCd=130&Type=search", "url2": "http://www.hirouo.com/inokuchi.html" }, "geometry": { "type": "Point", "coordinates": [ 132.394880430702216, 34.376940327891255 ] } },
{ "type": "Feature", "properties": { "内容": "帝人訪問看護ステーション古江【訪問看護】広島県広島市西区庚午中3丁目4-2ウェール庚午302号", "url": "https://www.kaigokensaku.mhlw.go.jp/34/index.php?action_kouhyou_detail_004_kani=true&JigyosyoCd=3460291309-00&ServiceCd=130&Type=search", "url2": null }, "geometry": { "type": "Point", "coordinates": [ 132.412989900000014, 34.3844607 ] } },
{ "type": "Feature", "properties": { "内容": "コモンリハビリ訪問看護ステーション井口【訪問看護】広島県広島市西区井口三丁目１番１４－１０２号", "url": "https://www.kaigokensaku.mhlw.go.jp/34/index.php?action_kouhyou_detail_004_kani=true&JigyosyoCd=3460291457-00&ServiceCd=130&Type=search", "url2": "https://www.common-ltd.jp/" }, "geometry": { "type": "Point", "coordinates": [ 132.3819905, 34.3702687 ] } },
{ "type": "Feature", "properties": { "内容": "訪問看護ステーションなな【訪問看護】広島県広島市西区南観音八丁目4−5パークヒルズ谷本102", "url": "https://www.kaigokensaku.mhlw.go.jp/34/index.php?action_kouhyou_detail_004_kani=true&JigyosyoCd=3460291762-00&ServiceCd=130&Type=search", "url2": "https://sevendirectionsryo.wixsite.com/visiting-nursing-sta" }, "geometry": { "type": "Point", "coordinates": [ 132.4324906, 34.38143 ] } },
{ "type": "Feature", "properties": { "内容": "訪問看護ステーションはとはと【訪問看護】広島県広島市西区己斐本町1-5-5SAFARIビル4階", "url": "https://www.kaigokensaku.mhlw.go.jp/34/index.php?action_kouhyou_detail_004_kani=true&JigyosyoCd=3460291283-00&ServiceCd=130&Type=search", "url2": "http://hatohato810.com" }, "geometry": { "type": "Point", "coordinates": [ 132.430206590434693, 34.39949096179766 ] } },
{ "type": "Feature", "properties": { "内容": "荒木脳神経外科病院【訪問看護】広島県広島市西区庚午北２丁目８-７", "url": "https://www.kaigokensaku.mhlw.go.jp/34/index.php?action_kouhyou_detail_004_kani=true&JigyosyoCd=3410216000-00&ServiceCd=130&Type=search", "url2": "https://arakihp.jp/" }, "geometry": { "type": "Point", "coordinates": [ 132.4218512, 34.3906795 ] } },
{ "type": "Feature", "properties": { "内容": "土谷訪問看護ステーション西広島【訪問看護】広島市西区己斐本町２丁目7番1号サンケイ第2ビル　201号", "url": "https://www.kaigokensaku.mhlw.go.jp/34/index.php?action_kouhyou_detail_004_kani=true&JigyosyoCd=3460290095-00&ServiceCd=130&Type=search", "url2": "http://www.tsuchiya-hp.jp/" }, "geometry": { "type": "Point", "coordinates": [ 132.426662317790999, 34.3950188 ] } },
{ "type": "Feature", "properties": { "内容": "訪問看護ステーション　ながさき【訪問看護】広島市西区横川新町3-11ヘルスケアセンター5階", "url": "https://www.kaigokensaku.mhlw.go.jp/34/index.php?action_kouhyou_detail_004_kani=true&JigyosyoCd=3460290384-00&ServiceCd=130&Type=search", "url2": "http://www.nagasaki-hp.jp/houmonkango/" }, "geometry": { "type": "Point", "coordinates": [ 132.447303580571315, 34.409076477813869 ] } },
{ "type": "Feature", "properties": { "内容": "コモンリハビリ訪問看護ステーション【訪問看護】広島県広島市西区福島町2丁目24番40203号", "url": "https://www.kaigokensaku.mhlw.go.jp/34/index.php?action_kouhyou_detail_004_kani=true&JigyosyoCd=3460291218-00&ServiceCd=130&Type=search", "url2": "https://www.common-ltd.jp" }, "geometry": { "type": "Point", "coordinates": [ 132.431506752897434, 34.392732688740786 ] } },
{ "type": "Feature", "properties": { "内容": "あいリハ訪問看護広島西【訪問看護】広島県広島市西区横川新町１２番１３号エイトビル２０２", "url": "https://www.kaigokensaku.mhlw.go.jp/34/index.php?action_kouhyou_detail_004_kani=true&JigyosyoCd=3460291325-00&ServiceCd=130&Type=search", "url2": "https://www.aiwakk.jp/" }, "geometry": { "type": "Point", "coordinates": [ 132.4471968, 34.4073432 ] } },
{ "type": "Feature", "properties": { "内容": "おかもとリハビリ訪問看護ステーション広島西【訪問看護】広島市西区中広町3-21-17岩元ビル1F", "url": "https://www.kaigokensaku.mhlw.go.jp/34/index.php?action_kouhyou_detail_004_kani=true&JigyosyoCd=3460291523-00&ServiceCd=130&Type=search", "url2": "http://houmonkango.okamoto-seikei.jp/" }, "geometry": { "type": "Point", "coordinates": [ 132.44277790000001, 34.4049943 ] } },
{ "type": "Feature", "properties": { "内容": "訪問看護リハビリステーションりらっくす【訪問看護】広島県広島市西区南観音一丁目１１番４１101", "url": "https://www.kaigokensaku.mhlw.go.jp/34/index.php?action_kouhyou_detail_004_kani=true&JigyosyoCd=3460291812-00&ServiceCd=130&Type=search", "url2": "https://relaxcare.jp/" }, "geometry": { "type": "Point", "coordinates": [ 132.43607990000001, 34.3849036 ] } },
{ "type": "Feature", "properties": { "内容": "訪問看護ステーションつくし【訪問看護】井口１丁目1-27", "url": "https://www.kaigokensaku.mhlw.go.jp/34/index.php?action_kouhyou_detail_004_kani=true&JigyosyoCd=3460291952-00&ServiceCd=130&Type=search", "url2": "https://www.tsukushi20250106.com/" }, "geometry": { "type": "Point", "coordinates": [ 132.3902181, 34.3758932 ] } },
{ "type": "Feature", "properties": { "内容": "訪問看護ステーションふじ観音【訪問看護】広島県広島市西区南観音八丁目11-29", "url": "https://www.kaigokensaku.mhlw.go.jp/34/index.php?action_kouhyou_detail_004_kani=true&JigyosyoCd=3460292000-00&ServiceCd=130&Type=search", "url2": "https://www.fujicare.jp" }, "geometry": { "type": "Point", "coordinates": [ 132.431014441664132, 34.379887901598487 ] } },
{ "type": "Feature", "properties": { "内容": "医心館訪問看護ステーション広島横川【訪問看護】広島県広島市西区三滝町12番22号", "url": "https://www.kaigokensaku.mhlw.go.jp/34/index.php?action_kouhyou_detail_004_kani=true&JigyosyoCd=3460292034-00&ServiceCd=130&Type=search", "url2": null }, "geometry": { "type": "Point", "coordinates": [ 132.4496675, 34.4145711 ] } },
{ "type": "Feature", "properties": { "内容": "訪問看護ステーション　ひだまり【訪問看護】広島市西区己斐上2-11-32階", "url": "https://www.kaigokensaku.mhlw.go.jp/34/index.php?action_kouhyou_detail_004_kani=true&JigyosyoCd=3460292141-00&ServiceCd=130&Type=search", "url2": null }, "geometry": { "type": "Point", "coordinates": [ 132.4192923, 34.4051507 ] } },
{ "type": "Feature", "properties": { "内容": "訪問看護ステーションパンダケア【訪問看護】広島県広島市西区三篠町3丁目4番11号", "url": "https://www.kaigokensaku.mhlw.go.jp/34/index.php?action_kouhyou_detail_004_kani=true&JigyosyoCd=3460291390-00&ServiceCd=130&Type=search", "url2": "https://www.pandacare.jp/" }, "geometry": { "type": "Point", "coordinates": [ 132.4555095, 34.4156617 ] } },
{ "type": "Feature", "properties": { "内容": "訪問看護ステーションステラ【訪問看護】広島県広島市安佐南区緑井六丁目33番28号グリーンヒル吉村201", "url": "https://www.kaigokensaku.mhlw.go.jp/34/index.php?action_kouhyou_detail_004_kani=true&JigyosyoCd=3460291291-00&ServiceCd=130&Type=search", "url2": "https://senogawa.jp/rehabilitation/visit/stella/" }, "geometry": { "type": "Point", "coordinates": [ 132.481595969592036, 34.470623887939105 ] } },
{ "type": "Feature", "properties": { "内容": "訪問看護ステーション　こころーれ古市【訪問看護】広島県広島市安佐南区中須1丁目4番2号松井テナント2F", "url": "https://www.kaigokensaku.mhlw.go.jp/34/index.php?action_kouhyou_detail_004_kani=true&JigyosyoCd=3460290491-00&ServiceCd=130&Type=search", "url2": "http://www.kusatsu-hp.jp/" }, "geometry": { "type": "Point", "coordinates": [ 132.474757400000044, 34.4588821 ] } },
{ "type": "Feature", "properties": { "内容": "西原セントラルクリニック【訪問看護】広島県広島市安佐南区西原８丁目３３番地３号", "url": "https://www.kaigokensaku.mhlw.go.jp/34/index.php?action_kouhyou_detail_004_kani=true&JigyosyoCd=3410223428-00&ServiceCd=130&Type=search", "url2": "https://koenkai-gr.jp/clinic/nishihara-clinic/" }, "geometry": { "type": "Point", "coordinates": [ 132.474216500000011, 34.4431949 ] } },
{ "type": "Feature", "properties": { "内容": "訪問看護ステーション川内【訪問看護】広島県広島市安佐南区川内5丁目1-9ガーデンの家川内", "url": "https://www.kaigokensaku.mhlw.go.jp/34/index.php?action_kouhyou_detail_004_kani=true&JigyosyoCd=3460290947-00&ServiceCd=130&Type=search", "url2": "http://gardennoie.jp" }, "geometry": { "type": "Point", "coordinates": [ 132.489502363893138, 34.46684676407795 ] } },
{ "type": "Feature", "properties": { "内容": "セノーテ訪問看護広島ステーション【訪問看護】広島県広島市安佐南区大町東３丁目１７－１０１０４", "url": "https://www.kaigokensaku.mhlw.go.jp/34/index.php?action_kouhyou_detail_004_kani=true&JigyosyoCd=3460291754-00&ServiceCd=130&Type=search", "url2": "https://www.bgmgroup.co.jp/about.php" }, "geometry": { "type": "Point", "coordinates": [ 132.4663928, 34.4639628 ] } },
{ "type": "Feature", "properties": { "内容": "訪問看護ステーション　キュアシス【訪問看護】広島市安佐南区長束5丁目33番14号3階", "url": "https://www.kaigokensaku.mhlw.go.jp/34/index.php?action_kouhyou_detail_004_kani=true&JigyosyoCd=3460291937-00&ServiceCd=130&Type=search", "url2": null }, "geometry": { "type": "Point", "coordinates": [ 132.4557036, 34.4292191 ] } },
{ "type": "Feature", "properties": { "内容": "ＩＧＬ訪問看護ステーション【訪問看護】広島県広島市安佐南区上安6-31-1", "url": "https://www.kaigokensaku.mhlw.go.jp/34/index.php?action_kouhyou_detail_004_kani=true&JigyosyoCd=3460290293-00&ServiceCd=130&Type=search", "url2": "http://www.igl.or.jp/c02fukushi/zaitaku.html#04" }, "geometry": { "type": "Point", "coordinates": [ 132.444664699999947, 34.4832175 ] } },
{ "type": "Feature", "properties": { "内容": "訪問看護事業所川内【訪問看護】広島県広島市安佐南区川内五丁目1番49号", "url": "https://www.kaigokensaku.mhlw.go.jp/34/index.php?action_kouhyou_detail_004_kani=true&JigyosyoCd=3460290814-00&ServiceCd=130&Type=search", "url2": "http://npokizuna.jp/" }, "geometry": { "type": "Point", "coordinates": [ 132.488939100000039, 34.4669706 ] } },
{ "type": "Feature", "properties": { "内容": "訪問看護ステーションそれいゆ　安佐南事業所【訪問看護】広島県広島市安佐南区山本一丁目25-27-101", "url": "https://www.kaigokensaku.mhlw.go.jp/34/index.php?action_kouhyou_detail_004_kani=true&JigyosyoCd=3460291069-00&ServiceCd=130&Type=search", "url2": "https://www.hikari2015.jp/company/" }, "geometry": { "type": "Point", "coordinates": [ 132.454426801695377, 34.43580022638087 ] } },
{ "type": "Feature", "properties": { "内容": "メリィケア【訪問看護】広島県広島市安佐南区大塚西３丁目1-20", "url": "https://www.kaigokensaku.mhlw.go.jp/34/index.php?action_kouhyou_detail_004_kani=true&JigyosyoCd=3460291127-00&ServiceCd=130&Type=search", "url2": "http://merry-house.jp/merrydays/" }, "geometry": { "type": "Point", "coordinates": [ 132.392297399999961, 34.4457276 ] } },
{ "type": "Feature", "properties": { "内容": "てるてるぼうず訪問看護リハビリステーション【訪問看護】広島県広島市安佐南区緑井2丁目5-21倉西コーポ201", "url": "https://www.kaigokensaku.mhlw.go.jp/34/index.php?action_kouhyou_detail_004_kani=true&JigyosyoCd=3460291267-00&ServiceCd=130&Type=search", "url2": "https://forestplan-ltd.com/" }, "geometry": { "type": "Point", "coordinates": [ 132.473616, 34.4674513 ] } },
{ "type": "Feature", "properties": { "内容": "訪問看護ステーション「あさみなみ」【訪問看護】広島県広島市安佐南区祇園二丁目42-14医療法人メディカルパーク　野村病院", "url": "https://www.kaigokensaku.mhlw.go.jp/34/index.php?action_kouhyou_detail_004_kani=true&JigyosyoCd=3460291317-00&ServiceCd=130&Type=search", "url2": "https://www.medical-park.jp" }, "geometry": { "type": "Point", "coordinates": [ 132.4651437, 34.4388915 ] } },
{ "type": "Feature", "properties": { "内容": "ミライこどもケア訪問看護リハビリステーション【訪問看護】広島県広島市安佐南区西原5丁目13-15", "url": "https://www.kaigokensaku.mhlw.go.jp/34/index.php?action_kouhyou_detail_004_kani=true&JigyosyoCd=3460291440-00&ServiceCd=130&Type=search", "url2": "https://www.mirai-home-care-service.com/" }, "geometry": { "type": "Point", "coordinates": [ 132.4680654, 34.4405749 ] } },
{ "type": "Feature", "properties": { "内容": "訪問看護ステーションオリーブ【訪問看護】広島県広島市安佐南区長楽寺一丁目35番4号コンフォートマンモト201号室", "url": "https://www.kaigokensaku.mhlw.go.jp/34/index.php?action_kouhyou_detail_004_kani=true&JigyosyoCd=3460291473-00&ServiceCd=130&Type=search", "url2": "https://www.olive-nurse.info" }, "geometry": { "type": "Point", "coordinates": [ 132.430072, 34.4757142 ] } },
{ "type": "Feature", "properties": { "内容": "訪問看護ステーション古の市【訪問看護】広島市安佐南区古市三丁目5番3号", "url": "https://www.kaigokensaku.mhlw.go.jp/34/index.php?action_kouhyou_detail_004_kani=true&JigyosyoCd=3460291556-00&ServiceCd=130&Type=search", "url2": "http://www.dai-ki.co.jp/furunoichi/" }, "geometry": { "type": "Point", "coordinates": [ 132.46987386441802, 34.45127889985541 ] } },
{ "type": "Feature", "properties": { "内容": "訪問看護ステーションふれあい協同【訪問看護】広島県広島市安佐南区西原９丁目8-22", "url": "https://www.kaigokensaku.mhlw.go.jp/34/index.php?action_kouhyou_detail_004_kani=true&JigyosyoCd=3460291572-00&ServiceCd=130&Type=search", "url2": null }, "geometry": { "type": "Point", "coordinates": [ 132.4719208, 34.4469862 ] } },
{ "type": "Feature", "properties": { "内容": "くらしさ訪問看護ステーションたかとり【訪問看護】広島県広島市安佐南区相田2丁目5-35", "url": "https://www.kaigokensaku.mhlw.go.jp/34/index.php?action_kouhyou_detail_004_kani=true&JigyosyoCd=3460291853-00&ServiceCd=130&Type=search", "url2": null }, "geometry": { "type": "Point", "coordinates": [ 132.449918700000012, 34.4731847 ] } },
{ "type": "Feature", "properties": { "内容": "小島クリニック【訪問看護】広島県広島市安佐南区祗園四丁目8番5号", "url": "https://www.kaigokensaku.mhlw.go.jp/34/index.php?action_kouhyou_detail_004_kani=true&JigyosyoCd=3410222768-00&ServiceCd=130&Type=search", "url2": "https://kojimaclinic.jp/" }, "geometry": { "type": "Point", "coordinates": [ 132.455865, 34.4406006 ] } },
{ "type": "Feature", "properties": { "内容": "医療法人博善会長尾医院【訪問看護】広島県広島市安佐南区西原4丁目１７－１１", "url": "https://www.kaigokensaku.mhlw.go.jp/34/index.php?action_kouhyou_detail_004_kani=true&JigyosyoCd=3410224558-00&ServiceCd=130&Type=search", "url2": "https://hakuzenkai.jp" }, "geometry": { "type": "Point", "coordinates": [ 132.4678572, 34.4376196 ] } },
{ "type": "Feature", "properties": { "内容": "もみじ訪問看護ステーション【訪問看護】広島県広島市安佐南区中須２丁目１９－６虹の会館２階", "url": "https://www.kaigokensaku.mhlw.go.jp/34/index.php?action_kouhyou_detail_004_kani=true&JigyosyoCd=3460290103-00&ServiceCd=130&Type=search", "url2": "https://hiroshimairyo.or.jp/" }, "geometry": { "type": "Point", "coordinates": [ 132.47552613135224, 34.461132442268713 ] } },
{ "type": "Feature", "properties": { "内容": "医療介護センター【訪問看護】広島市安佐南区伴東5-8-24", "url": "https://www.kaigokensaku.mhlw.go.jp/34/index.php?action_kouhyou_detail_004_kani=true&JigyosyoCd=3460290145-00&ServiceCd=130&Type=search", "url2": "https://shinaikai.hibino.or.jp/" }, "geometry": { "type": "Point", "coordinates": [ 132.42451410000001, 34.4676575 ] } },
{ "type": "Feature", "properties": { "内容": "訪問看護よりしま【訪問看護】広島県広島市安佐南区祇園二丁目44番６号", "url": "https://www.kaigokensaku.mhlw.go.jp/34/index.php?action_kouhyou_detail_004_kani=true&JigyosyoCd=3460290525-00&ServiceCd=130&Type=search", "url2": "http://www.yorishima.com" }, "geometry": { "type": "Point", "coordinates": [ 132.464202500000056, 34.4401476 ] } },
{ "type": "Feature", "properties": { "内容": "訪問看護ステーションふじ川内【訪問看護】広島県広島市安佐南区川内１－１５－１ネクストビューふじ川内", "url": "https://www.kaigokensaku.mhlw.go.jp/34/index.php?action_kouhyou_detail_004_kani=true&JigyosyoCd=3460290681-00&ServiceCd=130&Type=search", "url2": "http://www.fujicare.jp" }, "geometry": { "type": "Point", "coordinates": [ 132.484748200000013, 34.4594156 ] } },
{ "type": "Feature", "properties": { "内容": "あすか訪問看護ステーション【訪問看護】広島県広島市安佐南区緑井二丁目11番11－102号", "url": "https://www.kaigokensaku.mhlw.go.jp/34/index.php?action_kouhyou_detail_004_kani=true&JigyosyoCd=3460290848-00&ServiceCd=130&Type=search", "url2": "http://www.asuka-net.or.jp" }, "geometry": { "type": "Point", "coordinates": [ 132.47081021447147, 34.467709228331913 ] } },
{ "type": "Feature", "properties": { "内容": "福井内科訪問看護ステーション【訪問看護】広島県広島市安佐南区長楽寺2丁目13-302階", "url": "https://www.kaigokensaku.mhlw.go.jp/34/index.php?action_kouhyou_detail_004_kani=true&JigyosyoCd=3460291796-00&ServiceCd=130&Type=search", "url2": "https://www.seijinkai-clinic.com/" }, "geometry": { "type": "Point", "coordinates": [ 132.4275198, 34.4696784 ] } },
{ "type": "Feature", "properties": { "内容": "訪問看護ステーションかがやき【訪問看護】広島市安佐南区祇園2丁目47番8号", "url": "https://www.kaigokensaku.mhlw.go.jp/34/index.php?action_kouhyou_detail_004_kani=true&JigyosyoCd=3460190584-00&ServiceCd=130&Type=search", "url2": "https://www.lsi-kk.co.jp/visiting-nurse-station/" }, "geometry": { "type": "Point", "coordinates": [ 132.464198404962957, 34.439147452372794 ] } },
{ "type": "Feature", "properties": { "内容": "土谷訪問看護ステーション大町【訪問看護】広島市安佐南区大町東二丁目7-24大町駅前ビル４０４号", "url": "https://www.kaigokensaku.mhlw.go.jp/34/index.php?action_kouhyou_detail_004_kani=true&JigyosyoCd=3460290194-00&ServiceCd=130&Type=search", "url2": "http://www.tsuchiya-hp.jp/" }, "geometry": { "type": "Point", "coordinates": [ 132.469132700000046, 34.46214830000001 ] } },
{ "type": "Feature", "properties": { "内容": "訪問看護ステーションハピネス【訪問看護】広島県広島市安佐南区安東6丁目4番52-5号ケアホームハピネス安東", "url": "https://www.kaigokensaku.mhlw.go.jp/34/index.php?action_kouhyou_detail_004_kani=true&JigyosyoCd=3460290608-00&ServiceCd=130&Type=search", "url2": null }, "geometry": { "type": "Point", "coordinates": [ 132.454047400000036, 34.4763657 ] } },
{ "type": "Feature", "properties": { "内容": "訪問看護ステーションみどりい【訪問看護】広島県広島市安佐南区緑井2丁目28番31長和ビル202号", "url": "https://www.kaigokensaku.mhlw.go.jp/34/index.php?action_kouhyou_detail_004_kani=true&JigyosyoCd=3460290822-00&ServiceCd=130&Type=search", "url2": "https://houkanmidorii.jimdofree.com" }, "geometry": { "type": "Point", "coordinates": [ 132.470857300000034, 34.4667118 ] } },
{ "type": "Feature", "properties": { "内容": "リハビリ訪問看護ステーションのの花【訪問看護】広島市安佐南区伴南5丁目1-1-2F", "url": "https://www.kaigokensaku.mhlw.go.jp/34/index.php?action_kouhyou_detail_004_kani=true&JigyosyoCd=3460290921-00&ServiceCd=130&Type=search", "url2": "https://www.houkan-nonohana.com/" }, "geometry": { "type": "Point", "coordinates": [ 132.377062399932072, 34.446245712233399 ] } },
{ "type": "Feature", "properties": { "内容": "ふれあい訪問看護ステーション西原【訪問看護】広島市安佐南区西原8丁目16-16-1VillaFeliceEast101号室", "url": "https://www.kaigokensaku.mhlw.go.jp/34/index.php?action_kouhyou_detail_004_kani=true&JigyosyoCd=3460291176-00&ServiceCd=130&Type=search", "url2": "https://koenkai-gr.jp/" }, "geometry": { "type": "Point", "coordinates": [ 132.474216500000011, 34.4431949 ] } },
{ "type": "Feature", "properties": { "内容": "あさひ訪問看護ステーション【訪問看護】広島県広島市安佐南区大塚西1丁目5-17", "url": "https://www.kaigokensaku.mhlw.go.jp/34/index.php?action_kouhyou_detail_004_kani=true&JigyosyoCd=3460291424-00&ServiceCd=130&Type=search", "url2": "https://www.asahi-houkan.net/" }, "geometry": { "type": "Point", "coordinates": [ 132.4045741, 34.4496102 ] } },
{ "type": "Feature", "properties": { "内容": "訪問看護ステーション　絆【訪問看護】広島県広島市安佐南区伴東7丁目55-9Villa　大原駅前", "url": "https://www.kaigokensaku.mhlw.go.jp/34/index.php?action_kouhyou_detail_004_kani=true&JigyosyoCd=3460291481-00&ServiceCd=130&Type=search", "url2": "http://kizuna-hirosima.co.jp" }, "geometry": { "type": "Point", "coordinates": [ 132.4126779, 34.4628848 ] } },
{ "type": "Feature", "properties": { "内容": "訪問看護ステーション　こあら【訪問看護】広島県広島市安佐南区上安２丁目９番３号松岡第一ビル203", "url": "https://www.kaigokensaku.mhlw.go.jp/34/index.php?action_kouhyou_detail_004_kani=true&JigyosyoCd=3460291648-00&ServiceCd=130&Type=search", "url2": "https://houkan-koala.com/" }, "geometry": { "type": "Point", "coordinates": [ 132.441443, 34.4739296 ] } },
{ "type": "Feature", "properties": { "内容": "エコール訪問看護ステーション【訪問看護】広島市安佐南区大町東一丁目18番44号", "url": "https://www.kaigokensaku.mhlw.go.jp/34/index.php?action_kouhyou_detail_004_kani=true&JigyosyoCd=3460290517-00&ServiceCd=130&Type=search", "url2": "https://www.nihonkijun.jp/" }, "geometry": { "type": "Point", "coordinates": [ 132.465385128578333, 34.453231240097423 ] } },
{ "type": "Feature", "properties": { "内容": "安佐医師会訪問看護ステーション【訪問看護】広島県広島市安佐南区八木5-35-2", "url": "https://www.kaigokensaku.mhlw.go.jp/34/index.php?action_kouhyou_detail_004_kani=true&JigyosyoCd=3460290053-00&ServiceCd=130&Type=search", "url2": "http://www.asaishikai.jp/" }, "geometry": { "type": "Point", "coordinates": [ 132.5032377, 34.4843273 ] } },
{ "type": "Feature", "properties": { "内容": "ぎおん牛田病院訪問看護ステーション【訪問看護】広島市安佐南区西原八丁目29番24号", "url": "https://www.kaigokensaku.mhlw.go.jp/34/index.php?action_kouhyou_detail_004_kani=true&JigyosyoCd=3460290665-00&ServiceCd=130&Type=search", "url2": "http://smile-seiaikai.com" }, "geometry": { "type": "Point", "coordinates": [ 132.470913900000028, 34.442756 ] } },
{ "type": "Feature", "properties": { "内容": "リハビリ訪問看護ステーションサポ－ト【訪問看護】広島県広島市安佐南区伴中央五丁目23-10", "url": "https://www.kaigokensaku.mhlw.go.jp/34/index.php?action_kouhyou_detail_004_kani=true&JigyosyoCd=3460290830-00&ServiceCd=130&Type=search", "url2": "https://www.support-at-home.jp/" }, "geometry": { "type": "Point", "coordinates": [ 132.423328099999907, 34.470826600000017 ] } },
{ "type": "Feature", "properties": { "内容": "訪問看護ステーションみゆ【訪問看護】広島県広島市安佐南区東野三丁目23番6コーポニシダ101", "url": "https://www.kaigokensaku.mhlw.go.jp/34/index.php?action_kouhyou_detail_004_kani=true&JigyosyoCd=3460290996-00&ServiceCd=130&Type=search", "url2": "https://hosei.or.jp/" }, "geometry": { "type": "Point", "coordinates": [ 132.483595899999955, 34.4528579 ] } },
{ "type": "Feature", "properties": { "内容": "訪問看護ステーションきぼう【訪問看護】広島県広島市安佐南区長束2丁目9-4", "url": "https://www.kaigokensaku.mhlw.go.jp/34/index.php?action_kouhyou_detail_004_kani=true&JigyosyoCd=3460291234-00&ServiceCd=130&Type=search", "url2": "https://www.kibou-houmonkango.com/%E4%BA%8B%E6%A5%AD%E6%89%80%E7%B4%B9%E4%BB%8B" }, "geometry": { "type": "Point", "coordinates": [ 132.459312399999988, 34.4291337 ] } },
{ "type": "Feature", "properties": { "内容": "訪問看護ステーションハティ【訪問看護】広島県広島市安佐南区古市３丁目３６－６102", "url": "https://www.kaigokensaku.mhlw.go.jp/34/index.php?action_kouhyou_detail_004_kani=true&JigyosyoCd=3460291499-00&ServiceCd=130&Type=search", "url2": "https://hlic.co.jp/" }, "geometry": { "type": "Point", "coordinates": [ 132.4682793, 34.4493582 ] } },
{ "type": "Feature", "properties": { "内容": "ヒーローズ訪問看護リハビリステーション【訪問看護】広島県広島市安佐南区伴東8丁目32-16", "url": "https://www.kaigokensaku.mhlw.go.jp/34/index.php?action_kouhyou_detail_004_kani=true&JigyosyoCd=3460291739-00&ServiceCd=130&Type=search", "url2": "https://heroes-houkan.my.canva.site/" }, "geometry": { "type": "Point", "coordinates": [ 132.41179470000003, 34.458207699999988 ] } },
{ "type": "Feature", "properties": { "内容": "訪問看護ステーションつながり【訪問看護】広島県広島市安佐南区伴東５丁目18-4アネックス64　101", "url": "https://www.kaigokensaku.mhlw.go.jp/34/index.php?action_kouhyou_detail_004_kani=true&JigyosyoCd=3460291960-00&ServiceCd=130&Type=search", "url2": null }, "geometry": { "type": "Point", "coordinates": [ 132.420296799999988, 34.4683946 ] } },
{ "type": "Feature", "properties": { "内容": "みんなのかかりつけ訪問看護ステーション安佐南【訪問看護】広島県広島市安佐南区八木8丁目5-30ハイタウン堀田602", "url": "https://www.kaigokensaku.mhlw.go.jp/34/index.php?action_kouhyou_detail_004_kani=true&JigyosyoCd=3460292042-00&ServiceCd=130&Type=search", "url2": "https://kakaritsuke.co.jp" }, "geometry": { "type": "Point", "coordinates": [ 132.5067683, 34.4930995 ] } },
{ "type": "Feature", "properties": { "内容": "訪問看護ステーションデューン広島県北【訪問看護】緑井3-20-1ハイタウン神宮山壱番館事務所201号室", "url": "https://www.kaigokensaku.mhlw.go.jp/34/index.php?action_kouhyou_detail_004_kani=true&JigyosyoCd=3460292067-00&ServiceCd=130&Type=search", "url2": "https://www.nfield.co.jp/company/" }, "geometry": { "type": "Point", "coordinates": [ 132.470735600000012, 34.468584 ] } },
{ "type": "Feature", "properties": { "内容": "あゆみ訪問看護ステーション安佐南【訪問看護】広島市安佐南区祇園三丁目21番10号", "url": "https://www.kaigokensaku.mhlw.go.jp/34/index.php?action_kouhyou_detail_004_kani=true&JigyosyoCd=3460292109-00&ServiceCd=130&Type=search", "url2": null }, "geometry": { "type": "Point", "coordinates": [ 132.457807899999978, 34.440278500000019 ] } },
{ "type": "Feature", "properties": { "内容": "訪問看護ステーション　きわみ【訪問看護】広島県広島市安佐南区東原３丁目１１番-2201号", "url": "https://www.kaigokensaku.mhlw.go.jp/34/index.php?action_kouhyou_detail_004_kani=true&JigyosyoCd=3460292174-00&ServiceCd=130&Type=search", "url2": "https://office-kiwami.com/" }, "geometry": { "type": "Point", "coordinates": [ 132.4781317, 34.4458619 ] } },
{ "type": "Feature", "properties": { "内容": "訪問看護ステーション　デューン広島北【訪問看護】広島県広島市安佐北区可部5丁目1番２６号ヴァーンベール細田１階１０３号室", "url": "https://www.kaigokensaku.mhlw.go.jp/34/index.php?action_kouhyou_detail_004_kani=true&JigyosyoCd=3460190956-00&ServiceCd=130&Type=search", "url2": "http://www.nfield.co.jp/" }, "geometry": { "type": "Point", "coordinates": [ 132.511844600000018, 34.5210554 ] } },
{ "type": "Feature", "properties": { "内容": "てらす訪問看護リハビリステーション【訪問看護】広島市安佐北区可部５丁目6-13-102上原ビル１０２号", "url": "https://www.kaigokensaku.mhlw.go.jp/34/index.php?action_kouhyou_detail_004_kani=true&JigyosyoCd=3460291663-00&ServiceCd=130&Type=search", "url2": null }, "geometry": { "type": "Point", "coordinates": [ 132.507296799999978, 34.522392700000019 ] } },
{ "type": "Feature", "properties": { "内容": "訪問看護ステーション　ふぁみりぃ【訪問看護】広島県広島市安佐南区あさひが丘一丁目１番８号ファミリーハウスⅡ　401", "url": "https://www.kaigokensaku.mhlw.go.jp/34/index.php?action_kouhyou_detail_004_kani=true&JigyosyoCd=3460291705-00&ServiceCd=130&Type=search", "url2": null }, "geometry": { "type": "Point", "coordinates": [ 132.441875900000014, 34.5008936 ] } },
{ "type": "Feature", "properties": { "内容": "訪問看護いろは【訪問看護】広島県広島市安佐北区口田３丁目16-14", "url": "https://www.kaigokensaku.mhlw.go.jp/34/index.php?action_kouhyou_detail_004_kani=true&JigyosyoCd=3460191111-00&ServiceCd=130&Type=search", "url2": null }, "geometry": { "type": "Point", "coordinates": [ 132.501747099999989, 34.467928100000016 ] } },
{ "type": "Feature", "properties": { "内容": "広島県看護協会訪問看護ステーション「ひびき」【訪問看護】広島県広島市安佐北区可部南5丁目11-7", "url": "https://www.kaigokensaku.mhlw.go.jp/34/index.php?action_kouhyou_detail_004_kani=true&JigyosyoCd=3460190188-00&ServiceCd=130&Type=search", "url2": "http://www.nurse-hiroshima.or.jp" }, "geometry": { "type": "Point", "coordinates": [ 132.513680300000033, 34.5060501 ] } },
{ "type": "Feature", "properties": { "内容": "あい訪問看護ステーション【訪問看護】広島市安佐北区亀崎1-2-4高陽タウンセンタービル2-2", "url": "https://www.kaigokensaku.mhlw.go.jp/34/index.php?action_kouhyou_detail_004_kani=true&JigyosyoCd=3460190543-00&ServiceCd=130&Type=search", "url2": "http://ai-nursing.jp/" }, "geometry": { "type": "Point", "coordinates": [ 132.52229589972228, 34.481352927875832 ] } },
{ "type": "Feature", "properties": { "内容": "訪問看護ステーション亀崎【訪問看護】広島市安佐北区亀崎四丁目7番1号", "url": "https://www.kaigokensaku.mhlw.go.jp/34/index.php?action_kouhyou_detail_004_kani=true&JigyosyoCd=3460290020-00&ServiceCd=130&Type=search", "url2": "http://www.usuikai.jp/" }, "geometry": { "type": "Point", "coordinates": [ 132.526200081649421, 34.482269437995974 ] } },
{ "type": "Feature", "properties": { "内容": "訪問看護ステーション菜の花【訪問看護】広島市安佐北区可部5-4-19-3", "url": "https://www.kaigokensaku.mhlw.go.jp/34/index.php?action_kouhyou_detail_004_kani=true&JigyosyoCd=3460290343-00&ServiceCd=130&Type=search", "url2": "http://www.nanohana-kabe.com" }, "geometry": { "type": "Point", "coordinates": [ 132.509161608598333, 34.521531738712461 ] } },
{ "type": "Feature", "properties": { "内容": "ふかわ・くにくさ訪問看護ステーション【訪問看護】広島県広島市安佐北区上深川町１８６番地１", "url": "https://www.kaigokensaku.mhlw.go.jp/34/index.php?action_kouhyou_detail_004_kani=true&JigyosyoCd=3460290426-00&ServiceCd=130&Type=search", "url2": "https://www.kunikusa.or.jp" }, "geometry": { "type": "Point", "coordinates": [ 132.552550699999983, 34.4734042 ] } },
{ "type": "Feature", "properties": { "内容": "訪問看護ステーションゆたかな家【訪問看護】広島県広島市安佐北区小河原町1281番", "url": "https://www.kaigokensaku.mhlw.go.jp/34/index.php?action_kouhyou_detail_004_kani=true&JigyosyoCd=3460291200-00&ServiceCd=130&Type=search", "url2": "http://rehacare-net.or.jp/" }, "geometry": { "type": "Point", "coordinates": [ 132.5555199, 34.459029 ] } },
{ "type": "Feature", "properties": { "内容": "訪問看護ステーションポプリ高陽【訪問看護】広島県広島市安佐北区真亀3丁目1番1号1-2-1号区画", "url": "https://www.kaigokensaku.mhlw.go.jp/34/index.php?action_kouhyou_detail_004_kani=true&JigyosyoCd=3460291358-00&ServiceCd=130&Type=search", "url2": "https://www.r-plus-limited.com/" }, "geometry": { "type": "Point", "coordinates": [ 132.515389199999987, 34.4852019 ] } },
{ "type": "Feature", "properties": { "内容": "訪問看護うさぎ【訪問看護】広島県広島市安佐北区落合5丁目30-11", "url": "https://www.kaigokensaku.mhlw.go.jp/34/index.php?action_kouhyou_detail_004_kani=true&JigyosyoCd=3460190964-00&ServiceCd=130&Type=search", "url2": null }, "geometry": { "type": "Point", "coordinates": [ 132.523822034393305, 34.476591734154233 ] } },
{ "type": "Feature", "properties": { "内容": "訪問看護ステーション可部【訪問看護】広島市安佐北区可部南四丁目１７番30号", "url": "https://www.kaigokensaku.mhlw.go.jp/34/index.php?action_kouhyou_detail_004_kani=true&JigyosyoCd=3460290111-00&ServiceCd=130&Type=search", "url2": null }, "geometry": { "type": "Point", "coordinates": [ 132.512724899999967, 34.5050807 ] } },
{ "type": "Feature", "properties": { "内容": "訪問看護ステーション愛【訪問看護】広島市安佐北区安佐町飯室1665-3", "url": "https://www.kaigokensaku.mhlw.go.jp/34/index.php?action_kouhyou_detail_004_kani=true&JigyosyoCd=3460290459-00&ServiceCd=130&Type=search", "url2": "http://home21.net/" }, "geometry": { "type": "Point", "coordinates": [ 132.446460800524818, 34.55203196322028 ] } },
{ "type": "Feature", "properties": { "内容": "訪問看護ステーションelama可部【訪問看護】広島県広島市安佐北区可部７丁目15番43号", "url": "https://www.kaigokensaku.mhlw.go.jp/34/index.php?action_kouhyou_detail_004_kani=true&JigyosyoCd=3460291549-00&ServiceCd=130&Type=search", "url2": "https://elama.co.jp" }, "geometry": { "type": "Point", "coordinates": [ 132.51133440000001, 34.5258529 ] } },
{ "type": "Feature", "properties": { "内容": "小椿クリニック【訪問看護】広島市安佐北区白木町三田下小椿4275-1", "url": "https://www.kaigokensaku.mhlw.go.jp/34/index.php?action_kouhyou_detail_004_kani=true&JigyosyoCd=3410122562-00&ServiceCd=130&Type=search", "url2": null }, "geometry": { "type": "Point", "coordinates": [ 132.588531, 34.498244 ] } },
{ "type": "Feature", "properties": { "内容": "高陽第一診療所【訪問看護】広島県広島市安佐北区落合1丁目14番9号", "url": "https://www.kaigokensaku.mhlw.go.jp/34/index.php?action_kouhyou_detail_004_kani=true&JigyosyoCd=3410214666-00&ServiceCd=130&Type=search", "url2": "https://www.koyodaiichi.jp/" }, "geometry": { "type": "Point", "coordinates": [ 132.5106156, 34.472607100000019 ] } },
{ "type": "Feature", "properties": { "内容": "高陽・くにくさ訪問看護ステーション【訪問看護】広島市安佐北区落合南一丁目11番16101号", "url": "https://www.kaigokensaku.mhlw.go.jp/34/index.php?action_kouhyou_detail_004_kani=true&JigyosyoCd=3460191152-00&ServiceCd=130&Type=search", "url2": "https://www.kunikusa.or.jp/" }, "geometry": { "type": "Point", "coordinates": [ 132.5070809, 34.4673328 ] } },
{ "type": "Feature", "properties": { "内容": "可部訪問看護ステーションなずな【訪問看護】広島市安佐北区可部5丁目9番3号ラシュールメゾン　やすらぎ", "url": "https://www.kaigokensaku.mhlw.go.jp/34/index.php?action_kouhyou_detail_004_kani=true&JigyosyoCd=3460290301-00&ServiceCd=130&Type=search", "url2": "http://www.keiseikai-nmn.net" }, "geometry": { "type": "Point", "coordinates": [ 132.508138799999983, 34.5209703 ] } },
{ "type": "Feature", "properties": { "内容": "なごみの郷訪問看護ステーション【訪問看護】広島県広島市安佐北区落合5丁目25-8", "url": "https://www.kaigokensaku.mhlw.go.jp/34/index.php?action_kouhyou_detail_004_kani=true&JigyosyoCd=3460290707-00&ServiceCd=130&Type=search", "url2": "http://www.nagominosato.jp" }, "geometry": { "type": "Point", "coordinates": [ 132.519437735728843, 34.476722392952603 ] } },
{ "type": "Feature", "properties": { "内容": "訪問看護ステーションそれいゆ安佐北事業所【訪問看護】広島県広島市安佐北区可部町上町屋1539", "url": "https://www.kaigokensaku.mhlw.go.jp/34/index.php?action_kouhyou_detail_004_kani=true&JigyosyoCd=3460291721-00&ServiceCd=130&Type=search", "url2": "https://www.hikari2015.jp/" }, "geometry": { "type": "Point", "coordinates": [ 132.5162861, 34.5449733 ] } },
{ "type": "Feature", "properties": { "内容": "らいおんの家訪問看護ステーション【訪問看護】可部南４丁目21-10Ｔ-forestⅡ105号", "url": "https://www.kaigokensaku.mhlw.go.jp/34/index.php?action_kouhyou_detail_004_kani=true&JigyosyoCd=3460191558-00&ServiceCd=130&Type=search", "url2": null }, "geometry": { "type": "Point", "coordinates": [ 132.5124329, 34.5048822 ] } },
{ "type": "Feature", "properties": { "内容": "おかもとリハビリ訪問看護ステーション安佐【訪問看護】広島市安佐北区口田1丁目8-17小夫家第一ビル405号", "url": "https://www.kaigokensaku.mhlw.go.jp/34/index.php?action_kouhyou_detail_004_kani=true&JigyosyoCd=3460191616-00&ServiceCd=130&Type=search", "url2": "http://houmonkango.okamoto-seikei.jp/" }, "geometry": { "type": "Point", "coordinates": [ 132.496346499999987, 34.461499 ] } },
{ "type": "Feature", "properties": { "内容": "訪問看護ステーションわかば【訪問看護】広島市安佐北区可部町大字桐原823", "url": "https://www.kaigokensaku.mhlw.go.jp/34/index.php?action_kouhyou_detail_004_kani=true&JigyosyoCd=3460291978-00&ServiceCd=130&Type=search", "url2": null }, "geometry": { "type": "Point", "coordinates": [ 132.5410034, 34.5300011 ] } },
{ "type": "Feature", "properties": { "内容": "訪問看護ステーション結笑【訪問看護】広島市広島市安芸区矢野西1丁目6番6", "url": "https://www.kaigokensaku.mhlw.go.jp/34/index.php?action_kouhyou_detail_004_kani=true&JigyosyoCd=3460191194-00&ServiceCd=130&Type=search", "url2": null }, "geometry": { "type": "Point", "coordinates": [ 132.5319762, 34.3560803 ] } },
{ "type": "Feature", "properties": { "内容": "訪問看護ステーション瀬野川【訪問看護】広島市安芸区中野7丁目22-6はたのリハビリふるさと　1F", "url": "https://www.kaigokensaku.mhlw.go.jp/34/index.php?action_kouhyou_detail_004_kani=true&JigyosyoCd=3460190022-00&ServiceCd=130&Type=search", "url2": "https://hatano-group.jp/pages/79/" }, "geometry": { "type": "Point", "coordinates": [ 132.592944151408346, 34.422461475715963 ] } },
{ "type": "Feature", "properties": { "内容": "くにくさ訪問看護ステーション【訪問看護】広島市安芸区矢野東6丁目9-28", "url": "https://www.kaigokensaku.mhlw.go.jp/34/index.php?action_kouhyou_detail_004_kani=true&JigyosyoCd=3460190071-00&ServiceCd=130&Type=search", "url2": "http://www.kunikusa.or.jp/" }, "geometry": { "type": "Point", "coordinates": [ 132.538183153532515, 34.347064237961163 ] } },
{ "type": "Feature", "properties": { "内容": "アプローチ訪問看護ステーション【訪問看護】広島市安芸区矢野東四丁目5番5-101号", "url": "https://www.kaigokensaku.mhlw.go.jp/34/index.php?action_kouhyou_detail_004_kani=true&JigyosyoCd=3460191004-00&ServiceCd=130&Type=search", "url2": null }, "geometry": { "type": "Point", "coordinates": [ 132.53800050000001, 34.3554389 ] } },
{ "type": "Feature", "properties": { "内容": "訪問看護ステーションアルファ矢野【訪問看護】広島県広島市安芸区矢野東4-25-43イーグル102号", "url": "https://www.kaigokensaku.mhlw.go.jp/34/index.php?action_kouhyou_detail_004_kani=true&JigyosyoCd=3460191012-00&ServiceCd=130&Type=search", "url2": "https://www.00alpha-llc.jp/" }, "geometry": { "type": "Point", "coordinates": [ 132.538977053981966, 34.352042678616336 ] } },
{ "type": "Feature", "properties": { "内容": "訪問看護ステーションビジテ【訪問看護】広島市安芸区中野東4丁目8-1", "url": "https://www.kaigokensaku.mhlw.go.jp/34/index.php?action_kouhyou_detail_004_kani=true&JigyosyoCd=3460190097-00&ServiceCd=130&Type=search", "url2": null }, "geometry": { "type": "Point", "coordinates": [ 132.575223661099244, 34.39711046362342 ] } },
{ "type": "Feature", "properties": { "内容": "訪問看護ステーション中野【訪問看護】広島県広島市安芸区中野2丁目3-11", "url": "https://www.kaigokensaku.mhlw.go.jp/34/index.php?action_kouhyou_detail_004_kani=true&JigyosyoCd=3460190477-00&ServiceCd=130&Type=search", "url2": "https://www.cocokala-gr.jp/" }, "geometry": { "type": "Point", "coordinates": [ 132.562401196432688, 34.390711810107803 ] } },
{ "type": "Feature", "properties": { "内容": "おかもとリハビリ訪問看護ステーション安芸【訪問看護】広島県広島市安芸郡船越南4丁目1-2ルクソール安芸204", "url": "https://www.kaigokensaku.mhlw.go.jp/34/index.php?action_kouhyou_detail_004_kani=true&JigyosyoCd=3460191566-00&ServiceCd=130&Type=search", "url2": "http://houmonkango.okamoto-seikei.jp/" }, "geometry": { "type": "Point", "coordinates": [ 132.5272335, 34.3696096 ] } },
{ "type": "Feature", "properties": { "内容": "訪問看護ステーションスープ矢野【訪問看護】広島県広島市安芸区矢野西4丁目30−18スープ矢野", "url": "https://www.kaigokensaku.mhlw.go.jp/34/index.php?action_kouhyou_detail_004_kani=true&JigyosyoCd=3460191590-00&ServiceCd=130&Type=search", "url2": "https://care.s-brillant.co.jp/nursing-home/soup-yano" }, "geometry": { "type": "Point", "coordinates": [ 132.523849, 34.349590147038782 ] } },
{ "type": "Feature", "properties": { "内容": "訪問看護ステーション鈴が峰【訪問看護】広島県広島市佐伯区五日市町皆賀104番地27重症児・者福祉医療施設鈴が峰", "url": "https://www.kaigokensaku.mhlw.go.jp/34/index.php?action_kouhyou_detail_004_kani=true&JigyosyoCd=3460291226-00&ServiceCd=130&Type=search", "url2": "http://www.misasakai.or.jp" }, "geometry": { "type": "Point", "coordinates": [ 132.372370100000012, 34.381249400000016 ] } },
{ "type": "Feature", "properties": { "内容": "ほしそら訪問看護【訪問看護】広島県広島市佐伯区利松1丁目1-7スカイマンション304号室", "url": "https://www.kaigokensaku.mhlw.go.jp/34/index.php?action_kouhyou_detail_004_kani=true&JigyosyoCd=3460291598-00&ServiceCd=130&Type=search", "url2": null }, "geometry": { "type": "Point", "coordinates": [ 132.3664143, 34.3983296 ] } },
{ "type": "Feature", "properties": { "内容": "カルム訪問看護ステーション佐伯【訪問看護】広島市佐伯区千同2丁目1-13第2昭八コーポラス102号", "url": "https://www.kaigokensaku.mhlw.go.jp/34/index.php?action_kouhyou_detail_004_kani=true&JigyosyoCd=3460291507-00&ServiceCd=130&Type=search", "url2": "https://calm-c.com/" }, "geometry": { "type": "Point", "coordinates": [ 132.354722948930061, 34.380456538379235 ] } },
{ "type": "Feature", "properties": { "内容": "訪問看護ステーション　スープ五日市【訪問看護】広島県広島市佐伯区五日市中央5丁目13－16", "url": "https://www.kaigokensaku.mhlw.go.jp/34/index.php?action_kouhyou_detail_004_kani=true&JigyosyoCd=3460291770-00&ServiceCd=130&Type=search", "url2": "https://care.s-brillant.co.jp" }, "geometry": { "type": "Point", "coordinates": [ 132.353303899999986, 34.373914 ] } },
{ "type": "Feature", "properties": { "内容": "訪問看護ステーションりぼん【訪問看護】広島県広島市佐伯区藤垂園1番15号フォレストYs", "url": "https://www.kaigokensaku.mhlw.go.jp/34/index.php?action_kouhyou_detail_004_kani=true&JigyosyoCd=3460291846-00&ServiceCd=130&Type=search", "url2": "https://www.ribbon-hiroshima.com" }, "geometry": { "type": "Point", "coordinates": [ 132.372127, 34.3674875 ] } },
{ "type": "Feature", "properties": { "内容": "訪問看護ステーションしるし【訪問看護】広島県広島市佐伯区旭園5番58号2階", "url": "https://www.kaigokensaku.mhlw.go.jp/34/index.php?action_kouhyou_detail_004_kani=true&JigyosyoCd=3460291945-00&ServiceCd=130&Type=search", "url2": "https://canow.net/" }, "geometry": { "type": "Point", "coordinates": [ 132.3683028, 34.365175 ] } },
{ "type": "Feature", "properties": { "内容": "訪問看護ステーションうさぎケア【訪問看護】広島県広島市佐伯区美鈴が丘西一丁目5-15美鈴モールC棟2号室", "url": "https://www.kaigokensaku.mhlw.go.jp/34/index.php?action_kouhyou_detail_004_kani=true&JigyosyoCd=3460291879-00&ServiceCd=130&Type=search", "url2": "https://www.usagicare.jp/" }, "geometry": { "type": "Point", "coordinates": [ 132.3850239, 34.3923426 ] } },
{ "type": "Feature", "properties": { "内容": "まつむら訪問看護ステーション【訪問看護】広島市佐伯区楽々園二丁目2番19号", "url": "https://www.kaigokensaku.mhlw.go.jp/34/index.php?action_kouhyou_detail_004_kani=true&JigyosyoCd=3460290137-00&ServiceCd=130&Type=search", "url2": "http://www.matsumura-cc.jp/mhks" }, "geometry": { "type": "Point", "coordinates": [ 132.350082599999951, 34.3639176 ] } },
{ "type": "Feature", "properties": { "内容": "訪問看護ステーション　ハローナース五日市【訪問看護】広島県広島市佐伯区五日市町下河内188-6介護老人保健施設　五日市幸楽苑　2階", "url": "https://www.kaigokensaku.mhlw.go.jp/34/index.php?action_kouhyou_detail_004_kani=true&JigyosyoCd=3460290160-00&ServiceCd=130&Type=search", "url2": "http://www.gh.wadoukai.jp" }, "geometry": { "type": "Point", "coordinates": [ 132.3531964, 34.4079292 ] } },
{ "type": "Feature", "properties": { "内容": "土谷訪問看護ステーション佐伯【訪問看護】広島市佐伯区美の里1丁目4番21号", "url": "https://www.kaigokensaku.mhlw.go.jp/34/index.php?action_kouhyou_detail_004_kani=true&JigyosyoCd=3460290335-00&ServiceCd=130&Type=search", "url2": "http://www.tsuchiya-hp.jp/" }, "geometry": { "type": "Point", "coordinates": [ 132.347386, 34.3606512 ] } },
{ "type": "Feature", "properties": { "内容": "訪問看護ステーションそれいゆ【訪問看護】広島県広島市佐伯区海老園1丁目2-10", "url": "https://www.kaigokensaku.mhlw.go.jp/34/index.php?action_kouhyou_detail_004_kani=true&JigyosyoCd=3460290806-00&ServiceCd=130&Type=search", "url2": "http://www.hikari2015.jp/" }, "geometry": { "type": "Point", "coordinates": [ 132.35709739999993, 34.3649288 ] } },
{ "type": "Feature", "properties": { "内容": "訪問看護ステーションあすか佐伯【訪問看護】広島市佐伯区八幡東3-29-12-5佐伯テクノビル201A", "url": "https://www.kaigokensaku.mhlw.go.jp/34/index.php?action_kouhyou_detail_004_kani=true&JigyosyoCd=3460291051-00&ServiceCd=130&Type=search", "url2": "http://asuka-medicare.com/service/" }, "geometry": { "type": "Point", "coordinates": [ 132.362336899999946, 34.383738 ] } },
{ "type": "Feature", "properties": { "内容": "湯来まつむら訪問看護ステーション【訪問看護】広島県広島市佐伯区湯来町白砂棡曽利590番", "url": "https://www.kaigokensaku.mhlw.go.jp/34/index.php?action_kouhyou_detail_004_kani=true&JigyosyoCd=3460291382-00&ServiceCd=130&Type=search", "url2": "http://matsumura-cc.jp/ymhs/" }, "geometry": { "type": "Point", "coordinates": [ 132.288776175179578, 34.421647835568606 ] } },
{ "type": "Feature", "properties": { "内容": "訪問看護かえりえ五日市【訪問看護】広島県広島市佐伯区旭園3-35IBビル402", "url": "https://www.kaigokensaku.mhlw.go.jp/34/index.php?action_kouhyou_detail_004_kani=true&JigyosyoCd=3460291531-00&ServiceCd=130&Type=search", "url2": "https://www.yasashiite.com" }, "geometry": { "type": "Point", "coordinates": [ 132.3669959, 34.3655879 ] } },
{ "type": "Feature", "properties": { "内容": "訪問看護ステーションコープ五日市【訪問看護】広島市佐伯区千同一丁目21番16号あんしんセンターコープ五日市　2階", "url": "https://www.kaigokensaku.mhlw.go.jp/34/index.php?action_kouhyou_detail_004_kani=true&JigyosyoCd=3460290236-00&ServiceCd=130&Type=search", "url2": null }, "geometry": { "type": "Point", "coordinates": [ 132.352117011240495, 34.376926263596445 ] } },
{ "type": "Feature", "properties": { "内容": "ナースステーションみなみ【訪問看護】広島県広島市佐伯区海老園一丁目５番４０号広島市佐伯区医師会みなみビル", "url": "https://www.kaigokensaku.mhlw.go.jp/34/index.php?action_kouhyou_detail_004_kani=true&JigyosyoCd=3460290889-00&ServiceCd=130&Type=search", "url2": null }, "geometry": { "type": "Point", "coordinates": [ 132.358964900000046, 34.3638207 ] } },
{ "type": "Feature", "properties": { "内容": "ライフ訪問看護ステーション【訪問看護】広島県広島市佐伯区五日市中央3丁目4-9ワタモトマンション103", "url": "https://www.kaigokensaku.mhlw.go.jp/34/index.php?action_kouhyou_detail_004_kani=true&JigyosyoCd=3460291465-00&ServiceCd=130&Type=search", "url2": null }, "geometry": { "type": "Point", "coordinates": [ 132.3530029, 34.3703215 ] } },
{ "type": "Feature", "properties": { "内容": "訪問看護ステーション咲しあ【訪問看護】広島市佐伯区皆賀2丁目6番1号s-oneビル　302号室", "url": "https://www.kaigokensaku.mhlw.go.jp/34/index.php?action_kouhyou_detail_004_kani=true&JigyosyoCd=3460291564-00&ServiceCd=130&Type=search", "url2": "https://www.nsidx.jp" }, "geometry": { "type": "Point", "coordinates": [ 132.367476399999987, 34.3738475 ] } },
{ "type": "Feature", "properties": { "内容": "さくらケアーズ訪問看護事業所【訪問看護】広島県広島市佐伯区杉並台13-20", "url": "https://www.kaigokensaku.mhlw.go.jp/34/index.php?action_kouhyou_detail_004_kani=true&JigyosyoCd=3460291630-00&ServiceCd=130&Type=search", "url2": null }, "geometry": { "type": "Point", "coordinates": [ 132.295720944941678, 34.430726862131095 ] } },
{ "type": "Feature", "properties": { "内容": "ほほえみ訪問看護ステーション広島西【訪問看護】広島市佐伯区八幡東４丁目２６番５号", "url": "https://www.kaigokensaku.mhlw.go.jp/34/index.php?action_kouhyou_detail_004_kani=true&JigyosyoCd=3460291713-00&ServiceCd=130&Type=search", "url2": "http://hohoemi-gr.jp" }, "geometry": { "type": "Point", "coordinates": [ 132.3654392, 34.3946317 ] } },
{ "type": "Feature", "properties": { "内容": "コモン訪問看護ステーション五日市【訪問看護】広島県広島市佐伯区五日市中央2丁目10-2", "url": "https://www.kaigokensaku.mhlw.go.jp/34/index.php?action_kouhyou_detail_004_kani=true&JigyosyoCd=3460291747-00&ServiceCd=130&Type=search", "url2": "https://www.common-ltd.jp/kango-itukaiti" }, "geometry": { "type": "Point", "coordinates": [ 132.35598250000001, 34.3687171 ] } },
{ "type": "Feature", "properties": { "内容": "訪問看護ステーションりらっくす【訪問看護】広島県広島市佐伯区倉重2-511", "url": "https://www.kaigokensaku.mhlw.go.jp/34/index.php?action_kouhyou_detail_004_kani=true&JigyosyoCd=3460190550-00&ServiceCd=130&Type=search", "url2": "https://www.relaxcare.jp/" }, "geometry": { "type": "Point", "coordinates": [ 132.344015369991894, 34.391353752006943 ] } },
{ "type": "Feature", "properties": { "内容": "クローバー訪問看護ステーション【訪問看護】広島県広島市佐伯区海老山町7番10号", "url": "https://www.kaigokensaku.mhlw.go.jp/34/index.php?action_kouhyou_detail_004_kani=true&JigyosyoCd=3460290244-00&ServiceCd=130&Type=search", "url2": "http://www.icy.or.jp" }, "geometry": { "type": "Point", "coordinates": [ 132.364473284239239, 34.364092998469005 ] } },
{ "type": "Feature", "properties": { "内容": "訪問看護ステーションかがやき西【訪問看護】広島県広島市佐伯区千同2-14-15タウニィ―冠地A　101号室", "url": "https://www.kaigokensaku.mhlw.go.jp/34/index.php?action_kouhyou_detail_004_kani=true&JigyosyoCd=3460291044-00&ServiceCd=130&Type=search", "url2": null }, "geometry": { "type": "Point", "coordinates": [ 132.353531248749391, 34.377982711177019 ] } },
{ "type": "Feature", "properties": { "内容": "訪問看護ステーション清風　五日市記念病院【訪問看護】広島市佐伯区倉重1-95五日市記念病院内", "url": "https://www.kaigokensaku.mhlw.go.jp/34/index.php?action_kouhyou_detail_004_kani=true&JigyosyoCd=3460291580-00&ServiceCd=130&Type=search", "url2": "https://www.seifu.or.jp/imh/" }, "geometry": { "type": "Point", "coordinates": [ 132.351825475539755, 34.38331784428479 ] } },
{ "type": "Feature", "properties": { "内容": "訪問看護ステーションmirai【訪問看護】広島県広島市佐伯区三筋三丁目6番9号", "url": "https://www.kaigokensaku.mhlw.go.jp/34/index.php?action_kouhyou_detail_004_kani=true&JigyosyoCd=3460291861-00&ServiceCd=130&Type=search", "url2": null }, "geometry": { "type": "Point", "coordinates": [ 132.3459138, 34.3675835 ] } },
{ "type": "Feature", "properties": { "内容": "訪問看護メニーピープル広島西【訪問看護】広島県広島市佐伯区五月が丘１丁目３３番３－４０１号", "url": "https://www.kaigokensaku.mhlw.go.jp/34/index.php?action_kouhyou_detail_004_kani=true&JigyosyoCd=3460291986-00&ServiceCd=130&Type=search", "url2": "https://www.manypeople.co.jp/" }, "geometry": { "type": "Point", "coordinates": [ 132.4057607, 34.4189452 ] } },
{ "type": "Feature", "properties": { "内容": "マリモ訪問看護ステーション佐伯【訪問看護】広島県広島市佐伯区美鈴が丘西5丁目13番11号", "url": "https://www.kaigokensaku.mhlw.go.jp/34/index.php?action_kouhyou_detail_004_kani=true&JigyosyoCd=3460292018-00&ServiceCd=130&Type=search", "url2": "https://marimo-fukushi.com/kango/" }, "geometry": { "type": "Point", "coordinates": [ 132.3844983, 34.395615 ] } },
{ "type": "Feature", "properties": { "内容": "ニックス佐伯訪問看護ステーション【訪問看護】広島県広島市佐伯区三筋1-9-3", "url": "https://www.kaigokensaku.mhlw.go.jp/34/index.php?action_kouhyou_detail_004_kani=true&JigyosyoCd=3460292026-00&ServiceCd=130&Type=search", "url2": null }, "geometry": { "type": "Point", "coordinates": [ 132.3468584, 34.3652119 ] } },
{ "type": "Feature", "properties": { "内容": "アウル訪問看護ステーション広島【訪問看護】広島県呉市苗代町97－1", "url": "https://www.kaigokensaku.mhlw.go.jp/34/index.php?action_kouhyou_detail_004_kani=true&JigyosyoCd=3460590379-00&ServiceCd=130&Type=search", "url2": null }, "geometry": { "type": "Point", "coordinates": [ 132.587213998657518, 34.291855079229357 ] } },
{ "type": "Feature", "properties": { "内容": "医療法人社団　森本医院【訪問看護】呉市倉橋町7382-2", "url": "https://www.kaigokensaku.mhlw.go.jp/34/index.php?action_kouhyou_detail_004_kani=true&JigyosyoCd=3413111216-00&ServiceCd=130&Type=search", "url2": "http://www.morimotoiin.com/" }, "geometry": { "type": "Point", "coordinates": [ 132.518422, 34.1074025 ] } },
{ "type": "Feature", "properties": { "内容": "セノーテ訪問看護呉ステーション【訪問看護】広島県呉市広古新開9丁目25-34グレース・ヴァール102号室", "url": "https://www.kaigokensaku.mhlw.go.jp/34/index.php?action_kouhyou_detail_004_kani=true&JigyosyoCd=3460590387-00&ServiceCd=130&Type=search", "url2": "https://www.bgmgroup.co.jp/fusion/" }, "geometry": { "type": "Point", "coordinates": [ 132.624036396156299, 34.24327926252311 ] } },
{ "type": "Feature", "properties": { "内容": "訪問看護ステーション　かもめ【訪問看護】広島県呉市三条２丁目１番１３号", "url": "https://www.kaigokensaku.mhlw.go.jp/34/index.php?action_kouhyou_detail_004_kani=true&JigyosyoCd=3460590098-00&ServiceCd=130&Type=search", "url2": "http://www.saiseikai-kure.jp" }, "geometry": { "type": "Point", "coordinates": [ 132.55343629999993, 34.2459681 ] } },
{ "type": "Feature", "properties": { "内容": "サンキ・ウエルビィ訪問看護ステーション呉【訪問看護】広島県呉市本町9-8イトウビル２Ｆ", "url": "https://www.kaigokensaku.mhlw.go.jp/34/index.php?action_kouhyou_detail_004_kani=true&JigyosyoCd=3460590130-00&ServiceCd=130&Type=search", "url2": null }, "geometry": { "type": "Point", "coordinates": [ 132.565804500000013, 34.2492541 ] } },
{ "type": "Feature", "properties": { "内容": "医療法人社団　仁井谷医院　にいたにクリニック【訪問看護】広島県呉市中通2丁目8-18", "url": "https://www.kaigokensaku.mhlw.go.jp/34/index.php?action_kouhyou_detail_004_kani=true&JigyosyoCd=3410515088-00&ServiceCd=130&Type=search", "url2": "http://www.niitani-clinic.jp/" }, "geometry": { "type": "Point", "coordinates": [ 132.5636782, 34.2435983 ] } },
{ "type": "Feature", "properties": { "内容": "訪問看護ステーション　アネモネ【訪問看護】呉市中通2丁目7-5仁新ビル5階", "url": "https://www.kaigokensaku.mhlw.go.jp/34/index.php?action_kouhyou_detail_004_kani=true&JigyosyoCd=3460590197-00&ServiceCd=130&Type=search", "url2": "http://www.anemone-home.jp" }, "geometry": { "type": "Point", "coordinates": [ 132.56405544484403, 34.244145407132002 ] } },
{ "type": "Feature", "properties": { "内容": "マッターホルン訪問看護ステーション【訪問看護】広島県呉市中通1丁目5-6", "url": "https://www.kaigokensaku.mhlw.go.jp/34/index.php?action_kouhyou_detail_004_kani=true&JigyosyoCd=3460590288-00&ServiceCd=130&Type=search", "url2": null }, "geometry": { "type": "Point", "coordinates": [ 132.5624612, 34.242652 ] } },
{ "type": "Feature", "properties": { "内容": "訪問看護ステーション　虹【訪問看護】広島県呉市広白石四丁目7番22号", "url": "https://www.kaigokensaku.mhlw.go.jp/34/index.php?action_kouhyou_detail_004_kani=true&JigyosyoCd=3460590346-00&ServiceCd=130&Type=search", "url2": "https://wakokai.jp/facilities/futaba/" }, "geometry": { "type": "Point", "coordinates": [ 132.641972399999986, 34.226398 ] } },
{ "type": "Feature", "properties": { "内容": "訪問看護事業所　めぐみ園【訪問看護】広島県呉市阿賀北9丁目3-3", "url": "https://www.kaigokensaku.mhlw.go.jp/34/index.php?action_kouhyou_detail_004_kani=true&JigyosyoCd=3460590353-00&ServiceCd=130&Type=search", "url2": "https://www.megumien.net/" }, "geometry": { "type": "Point", "coordinates": [ 132.597821900000014, 34.2401631 ] } },
{ "type": "Feature", "properties": { "内容": "大宇根内科呼吸器科クリニック【訪問看護】呉市広古新開１丁目１－３１", "url": "https://www.kaigokensaku.mhlw.go.jp/34/index.php?action_kouhyou_detail_004_kani=true&JigyosyoCd=3410514230-00&ServiceCd=130&Type=search", "url2": "https://www.ohuneclinic.com/" }, "geometry": { "type": "Point", "coordinates": [ 132.617448100000047, 34.2321544 ] } },
{ "type": "Feature", "properties": { "内容": "向井内科・訪問歯科クリニック【訪問看護】広島県呉市音戸町田原２丁目２－８", "url": "https://www.kaigokensaku.mhlw.go.jp/34/index.php?action_kouhyou_detail_004_kani=true&JigyosyoCd=3410515112-00&ServiceCd=130&Type=search", "url2": "https://sayuri-kai.or.jp/facility/" }, "geometry": { "type": "Point", "coordinates": [ 132.499520399999938, 34.177836 ] } },
{ "type": "Feature", "properties": { "内容": "医療法人社団向日葵会角医院【訪問看護】呉市音戸町藤脇2-19-3", "url": "https://www.kaigokensaku.mhlw.go.jp/34/index.php?action_kouhyou_detail_004_kani=true&JigyosyoCd=3413110531-00&ServiceCd=130&Type=search", "url2": "http://kadoiin.jp/" }, "geometry": { "type": "Point", "coordinates": [ 132.508126211639365, 34.147313485521927 ] } },
{ "type": "Feature", "properties": { "内容": "呉市医師会訪問看護ステーション【訪問看護】呉市朝日町15番24号呉市医師会病院", "url": "https://www.kaigokensaku.mhlw.go.jp/34/index.php?action_kouhyou_detail_004_kani=true&JigyosyoCd=3460590015-00&ServiceCd=130&Type=search", "url2": "http://www.kure.hiroshima.med.or.jp/kaigo/" }, "geometry": { "type": "Point", "coordinates": [ 132.574866370283758, 34.251545164400767 ] } },
{ "type": "Feature", "properties": { "内容": "ほっと・はぁとステーションてのひら【訪問看護】呉市広本町一丁目7番40号吉本ビル101号", "url": "https://www.kaigokensaku.mhlw.go.jp/34/index.php?action_kouhyou_detail_004_kani=true&JigyosyoCd=3460590171-00&ServiceCd=130&Type=search", "url2": "http://www.luster-homecare.jp" }, "geometry": { "type": "Point", "coordinates": [ 132.619623, 34.233021 ] } },
{ "type": "Feature", "properties": { "内容": "訪問看護ステーションそれいゆ【訪問看護】広島県呉市阿賀中央四丁目5番16号", "url": "https://www.kaigokensaku.mhlw.go.jp/34/index.php?action_kouhyou_detail_004_kani=true&JigyosyoCd=3460590205-00&ServiceCd=130&Type=search", "url2": "http://www.hikari2015.jp/" }, "geometry": { "type": "Point", "coordinates": [ 132.601490765606741, 34.236922755972479 ] } },
{ "type": "Feature", "properties": { "内容": "訪問看護ステーション　みつき【訪問看護】広島県呉市焼山此原町21番19号", "url": "https://www.kaigokensaku.mhlw.go.jp/34/index.php?action_kouhyou_detail_004_kani=true&JigyosyoCd=3460590213-00&ServiceCd=130&Type=search", "url2": "https://liftec.jp/mitsuki/" }, "geometry": { "type": "Point", "coordinates": [ 132.554216100000019, 34.2847728 ] } },
{ "type": "Feature", "properties": { "内容": "エンパワーライフ訪問看護ステーション【訪問看護】広島県呉市天応東久保1丁目5-20", "url": "https://www.kaigokensaku.mhlw.go.jp/34/index.php?action_kouhyou_detail_004_kani=true&JigyosyoCd=3460590239-00&ServiceCd=130&Type=search", "url2": "https://empowerlife.jp/" }, "geometry": { "type": "Point", "coordinates": [ 132.521043205354943, 34.286306588947163 ] } },
{ "type": "Feature", "properties": { "内容": "雪風訪問看護ステーション【訪問看護】広島県呉市築地町6-6", "url": "https://www.kaigokensaku.mhlw.go.jp/34/index.php?action_kouhyou_detail_004_kani=true&JigyosyoCd=3460590247-00&ServiceCd=130&Type=search", "url2": "http://www.shinya-y.com/" }, "geometry": { "type": "Point", "coordinates": [ 132.656867499999947, 34.2166962 ] } },
{ "type": "Feature", "properties": { "内容": "あいず訪問看護ステーション呉中央【訪問看護】広島県呉市中央2丁目4-4", "url": "https://www.kaigokensaku.mhlw.go.jp/34/index.php?action_kouhyou_detail_004_kani=true&JigyosyoCd=3460590312-00&ServiceCd=130&Type=search", "url2": "https://www.aizu-company.co.jp" }, "geometry": { "type": "Point", "coordinates": [ 132.5607073, 34.247534 ] } },
{ "type": "Feature", "properties": { "内容": "広島県看護協会訪問看護ステーション「そよかぜ」【訪問看護】広島県呉市広大新開二丁目３番３号", "url": "https://www.kaigokensaku.mhlw.go.jp/34/index.php?action_kouhyou_detail_004_kani=true&JigyosyoCd=3460590056-00&ServiceCd=130&Type=search", "url2": "http://www.nurse-hiroshima.or.jp/" }, "geometry": { "type": "Point", "coordinates": [ 132.6254808, 34.2341765 ] } },
{ "type": "Feature", "properties": { "内容": "広島県看護協会訪問看護ステーション「ひかり」【訪問看護】広島県呉市焼山西三丁目17-9", "url": "https://www.kaigokensaku.mhlw.go.jp/34/index.php?action_kouhyou_detail_004_kani=true&JigyosyoCd=3460590080-00&ServiceCd=130&Type=search", "url2": "http://www.nurse-hiroshima.or.jp" }, "geometry": { "type": "Point", "coordinates": [ 132.5538752, 34.296028100000022 ] } },
{ "type": "Feature", "properties": { "内容": "呉共済訪問看護ステーション【訪問看護】呉市西中央二丁目３番２８号", "url": "https://www.kaigokensaku.mhlw.go.jp/34/index.php?action_kouhyou_detail_004_kani=true&JigyosyoCd=3460590148-00&ServiceCd=130&Type=search", "url2": "http://www.kure-kyosai.jp" }, "geometry": { "type": "Point", "coordinates": [ 132.55874689999996, 34.2487289 ] } },
{ "type": "Feature", "properties": { "内容": "訪問看護ステーション　ゆずり葉【訪問看護】広島県呉市中通２丁目１-２６呉中通りビル　４０３号室", "url": "https://www.kaigokensaku.mhlw.go.jp/34/index.php?action_kouhyou_detail_004_kani=true&JigyosyoCd=3460590262-00&ServiceCd=130&Type=search", "url2": "https://lsi-kk.co.jp/facilities/facilities-177/" }, "geometry": { "type": "Point", "coordinates": [ 132.562944499999986, 34.2442813 ] } },
{ "type": "Feature", "properties": { "内容": "訪問看護ステーションうらにわ【訪問看護】広島県呉市豊町久比2312", "url": "https://www.kaigokensaku.mhlw.go.jp/34/index.php?action_kouhyou_detail_004_kani=true&JigyosyoCd=3460590270-00&ServiceCd=130&Type=search", "url2": "https://nurseandcraft.io/home-nursing/" }, "geometry": { "type": "Point", "coordinates": [ 132.830489970361526, 34.18215839533363 ] } },
{ "type": "Feature", "properties": { "内容": "看護ステーションゆう【訪問看護】広島県呉市仁方西神町6番36号仁方ハイツ201号室", "url": "https://www.kaigokensaku.mhlw.go.jp/34/index.php?action_kouhyou_detail_004_kani=true&JigyosyoCd=3460590320-00&ServiceCd=130&Type=search", "url2": null }, "geometry": { "type": "Point", "coordinates": [ 132.6513115, 34.2250074 ] } },
{ "type": "Feature", "properties": { "内容": "COCO訪問看護【訪問看護】広島県呉市中央5丁目1-30サンプラザ木村201", "url": "https://www.kaigokensaku.mhlw.go.jp/34/index.php?action_kouhyou_detail_004_kani=true&JigyosyoCd=3460590395-00&ServiceCd=130&Type=search", "url2": "https://coco-kure.click" }, "geometry": { "type": "Point", "coordinates": [ 132.5644539, 34.2509186 ] } },
{ "type": "Feature", "properties": { "内容": "訪問看護ステーション呉～里楽～【訪問看護】押込1丁目11番2号", "url": "https://www.kaigokensaku.mhlw.go.jp/34/index.php?action_kouhyou_detail_004_kani=true&JigyosyoCd=3460590403-00&ServiceCd=130&Type=search", "url2": "https://kurezoo.jp/" }, "geometry": { "type": "Point", "coordinates": [ 132.5578638, 34.3116992 ] } },
{ "type": "Feature", "properties": { "内容": "訪問看護リハビリステーションｒｅｌｉｅｆ【訪問看護】広島県呉市広白石２丁目６番３９号　２階", "url": "https://www.kaigokensaku.mhlw.go.jp/34/index.php?action_kouhyou_detail_004_kani=true&JigyosyoCd=3460590411-00&ServiceCd=130&Type=search", "url2": "https://relief-kango-rehab.jimdofree.com/" }, "geometry": { "type": "Point", "coordinates": [ 132.635724737790667, 34.227554333785584 ] } },
{ "type": "Feature", "properties": { "内容": "ツクイ呉訪問看護ステーション【訪問看護】本通４丁目9-7呉本通４丁目ビル４階", "url": "https://www.kaigokensaku.mhlw.go.jp/34/index.php?action_kouhyou_detail_004_kani=true&JigyosyoCd=3460590429-00&ServiceCd=130&Type=search", "url2": null }, "geometry": { "type": "Point", "coordinates": [ 140.776795099999987, 41.7971637 ] } },
{ "type": "Feature", "properties": { "内容": "国家公務員共済組合連合会　呉共済病院忠海分院【訪問看護】広島県竹原市忠海中町2-2-45", "url": "https://www.kaigokensaku.mhlw.go.jp/34/index.php?action_kouhyou_detail_004_kani=true&JigyosyoCd=3410710010-00&ServiceCd=130&Type=search", "url2": "https://www.kure-kyosai.jp/tadanoumi/" }, "geometry": { "type": "Point", "coordinates": [ 132.9928002, 34.3379484 ] } },
{ "type": "Feature", "properties": { "内容": "訪問看護ステーション　竹の子クラブ【訪問看護】竹原市下野町1471-2", "url": "https://www.kaigokensaku.mhlw.go.jp/34/index.php?action_kouhyou_detail_004_kani=true&JigyosyoCd=3460790011-00&ServiceCd=130&Type=search", "url2": "http://www.rakuseikai.jp/" }, "geometry": { "type": "Point", "coordinates": [ 132.888538299999936, 34.3329983 ] } },
{ "type": "Feature", "properties": { "内容": "訪問看護ステーションさくら【訪問看護】竹原市下野町３１２６－１", "url": "https://www.kaigokensaku.mhlw.go.jp/34/index.php?action_kouhyou_detail_004_kani=true&JigyosyoCd=3460790029-00&ServiceCd=130&Type=search", "url2": "http://www.yasudabyouin.com" }, "geometry": { "type": "Point", "coordinates": [ 132.899761600000033, 34.3529815 ] } },
{ "type": "Feature", "properties": { "内容": "訪問看護ステーションよつば【訪問看護】竹原市下野町６５０", "url": "https://www.kaigokensaku.mhlw.go.jp/34/index.php?action_kouhyou_detail_004_kani=true&JigyosyoCd=3460790086-00&ServiceCd=130&Type=search", "url2": "http://www.keisenkai.info/" }, "geometry": { "type": "Point", "coordinates": [ 132.897659699999963, 34.3548521 ] } },
{ "type": "Feature", "properties": { "内容": "訪問看護ステーションこころ【訪問看護】竹原市港町3-2-1", "url": "https://www.kaigokensaku.mhlw.go.jp/34/index.php?action_kouhyou_detail_004_kani=true&JigyosyoCd=3460790060-00&ServiceCd=130&Type=search", "url2": "http://cocorocarecenter.com/" }, "geometry": { "type": "Point", "coordinates": [ 132.917250287137193, 34.333406292584634 ] } },
{ "type": "Feature", "properties": { "内容": "特定非営利活動法人　訪問看護ステーションうさぎ【訪問看護】広島県竹原市忠海床浦1丁目6番9号", "url": "https://www.kaigokensaku.mhlw.go.jp/34/index.php?action_kouhyou_detail_004_kani=true&JigyosyoCd=3460790078-00&ServiceCd=130&Type=search", "url2": null }, "geometry": { "type": "Point", "coordinates": [ 132.98856980000005, 34.3345178 ] } },
{ "type": "Feature", "properties": { "内容": "訪問看護事業所下北方【訪問看護】広島県三原市下北方一丁目7番22号サービス付き高齢者向け住宅すまいる下北方内", "url": "https://www.kaigokensaku.mhlw.go.jp/34/index.php?action_kouhyou_detail_004_kani=true&JigyosyoCd=3460990199-00&ServiceCd=130&Type=search", "url2": "http://npokizuna.jp/" }, "geometry": { "type": "Point", "coordinates": [ 132.974682800000011, 34.4065506 ] } },
{ "type": "Feature", "properties": { "内容": "暮らしサポートセンターみはライン【訪問看護】広島県三原市糸崎5丁目17番11号", "url": "https://www.kaigokensaku.mhlw.go.jp/34/index.php?action_kouhyou_detail_004_kani=true&JigyosyoCd=3460990223-00&ServiceCd=130&Type=search", "url2": "https://www.liberal-ns.com/" }, "geometry": { "type": "Point", "coordinates": [ 133.107542687137226, 34.394581522803364 ] } },
{ "type": "Feature", "properties": { "内容": "訪問看護ステーションＡｉｏｉ【訪問看護】広島県三原市皆実１丁目13-17", "url": "https://www.kaigokensaku.mhlw.go.jp/34/index.php?action_kouhyou_detail_004_kani=true&JigyosyoCd=3460990173-00&ServiceCd=130&Type=search", "url2": "https://tokujyu-aioi-mihara.jp/" }, "geometry": { "type": "Point", "coordinates": [ 133.0701915, 34.395947 ] } },
{ "type": "Feature", "properties": { "内容": "訪問看護ステーションせせらぎ【訪問看護】三原市下北方１丁目６番６号", "url": "https://www.kaigokensaku.mhlw.go.jp/34/index.php?action_kouhyou_detail_004_kani=true&JigyosyoCd=3463990022-00&ServiceCd=130&Type=search", "url2": "https://hchp.jp/care/" }, "geometry": { "type": "Point", "coordinates": [ 132.96668539999996, 34.43022 ] } },
{ "type": "Feature", "properties": { "内容": "三原市医師会訪問看護ステーション【訪問看護】三原市宮浦1丁目15番16号", "url": "https://www.kaigokensaku.mhlw.go.jp/34/index.php?action_kouhyou_detail_004_kani=true&JigyosyoCd=3460990017-00&ServiceCd=130&Type=search", "url2": "http://www.mihara-hiroshima-med.jp" }, "geometry": { "type": "Point", "coordinates": [ 133.063461299999972, 34.3999551 ] } },
{ "type": "Feature", "properties": { "内容": "医療法人宗斉会　訪問看護ステーションれんげ【訪問看護】広島県三原市須波ハイツ2丁目2番5号", "url": "https://www.kaigokensaku.mhlw.go.jp/34/index.php?action_kouhyou_detail_004_kani=true&JigyosyoCd=3460990033-00&ServiceCd=130&Type=search", "url2": "https://www.syusaikai.jp/profile/" }, "geometry": { "type": "Point", "coordinates": [ 133.077202899999946, 34.352133 ] } },
{ "type": "Feature", "properties": { "内容": "訪問看護ステーション　かもめ【訪問看護】三原市城町三丁目5番6号", "url": "https://www.kaigokensaku.mhlw.go.jp/34/index.php?action_kouhyou_detail_004_kani=true&JigyosyoCd=3460990041-00&ServiceCd=130&Type=search", "url2": null }, "geometry": { "type": "Point", "coordinates": [ 133.083135099999936, 34.3969472 ] } },
{ "type": "Feature", "properties": { "内容": "訪問看護ステーションあすなろ【訪問看護】広島県三原市頼兼2-9-10", "url": "https://www.kaigokensaku.mhlw.go.jp/34/index.php?action_kouhyou_detail_004_kani=true&JigyosyoCd=3460990157-00&ServiceCd=130&Type=search", "url2": "https://careheart.jp/" }, "geometry": { "type": "Point", "coordinates": [ 133.05685840000001, 34.3945297 ] } },
{ "type": "Feature", "properties": { "内容": "三原赤十字訪問看護ステーション【訪問看護】三原市東町2丁目7－1", "url": "https://www.kaigokensaku.mhlw.go.jp/34/index.php?action_kouhyou_detail_004_kani=true&JigyosyoCd=3460990074-00&ServiceCd=130&Type=search", "url2": "http://www.mihara.jrc.or.jp" }, "geometry": { "type": "Point", "coordinates": [ 133.0896874, 34.4027632 ] } },
{ "type": "Feature", "properties": { "内容": "訪問看護ステーション　翼【訪問看護】広島県三原市南方二丁目20番20号", "url": "https://www.kaigokensaku.mhlw.go.jp/34/index.php?action_kouhyou_detail_004_kani=true&JigyosyoCd=3460990165-00&ServiceCd=130&Type=search", "url2": "https://tbs-kaigo.com/" }, "geometry": { "type": "Point", "coordinates": [ 132.971985600000011, 34.401172 ] } },
{ "type": "Feature", "properties": { "内容": "トータル・ケアサンライズ宮浦訪問看護ステーション【訪問看護】三原市宮浦六丁目6番5号", "url": "https://www.kaigokensaku.mhlw.go.jp/34/index.php?action_kouhyou_detail_004_kani=true&JigyosyoCd=3460990108-00&ServiceCd=130&Type=search", "url2": "http://www.snrs.or.jp" }, "geometry": { "type": "Point", "coordinates": [ 133.063187287733427, 34.395684308464268 ] } },
{ "type": "Feature", "properties": { "内容": "訪問看護ステーション楓【訪問看護】広島県三原市東町2丁目4番6号", "url": "https://www.kaigokensaku.mhlw.go.jp/34/index.php?action_kouhyou_detail_004_kani=true&JigyosyoCd=3460990140-00&ServiceCd=130&Type=search", "url2": "https://newlifedesign.net" }, "geometry": { "type": "Point", "coordinates": [ 133.090295904452262, 34.401769178159121 ] } },
{ "type": "Feature", "properties": { "内容": "訪問看護ステーションFAMILYNURSE.【訪問看護】広島県三原市宮浦三丁目13番15号", "url": "https://www.kaigokensaku.mhlw.go.jp/34/index.php?action_kouhyou_detail_004_kani=true&JigyosyoCd=3460990215-00&ServiceCd=130&Type=search", "url2": "https://familynurse-mihara.com" }, "geometry": { "type": "Point", "coordinates": [ 133.071580290807304, 34.398974586846066 ] } },
{ "type": "Feature", "properties": { "内容": "医療法人社団神田会　木曽病院【訪問看護】尾道市神田町2番24号", "url": "https://www.kaigokensaku.mhlw.go.jp/34/index.php?action_kouhyou_detail_004_kani=true&JigyosyoCd=3411110574-00&ServiceCd=130&Type=search", "url2": "http://www.kiso-hospital.or.jp" }, "geometry": { "type": "Point", "coordinates": [ 133.169285400000035, 34.4024541 ] } },
{ "type": "Feature", "properties": { "内容": "訪問看護ステーションデューン尾道【訪問看護】広島県尾道市新浜2丁目5-27大宝ビル1階", "url": "https://www.kaigokensaku.mhlw.go.jp/34/index.php?action_kouhyou_detail_004_kani=true&JigyosyoCd=3461190153-00&ServiceCd=130&Type=search", "url2": "https://www.nfield.co.jp/" }, "geometry": { "type": "Point", "coordinates": [ 133.178331899999989, 34.4002141 ] } },
{ "type": "Feature", "properties": { "内容": "訪問看護ステーションみつ帆【訪問看護】広島県尾道市美ノ郷町三成３０５８番地アーバン内海D5", "url": "https://www.kaigokensaku.mhlw.go.jp/34/index.php?action_kouhyou_detail_004_kani=true&JigyosyoCd=3461190203-00&ServiceCd=130&Type=search", "url2": null }, "geometry": { "type": "Point", "coordinates": [ 133.1940947140167, 34.44099369130636 ] } },
{ "type": "Feature", "properties": { "内容": "訪問看護ステーション　輝きみなりの家【訪問看護】広島県尾道市美ノ郷町三成2800-1", "url": "https://www.kaigokensaku.mhlw.go.jp/34/index.php?action_kouhyou_detail_004_kani=true&JigyosyoCd=3461190211-00&ServiceCd=130&Type=search", "url2": "https://care.s-brillant.co.jp/" }, "geometry": { "type": "Point", "coordinates": [ 133.1964405, 34.4448493 ] } },
{ "type": "Feature", "properties": { "内容": "尾道市立市民病院附属瀬戸田診療所【訪問看護】広島県尾道市瀬戸田町中野４００", "url": "https://www.kaigokensaku.mhlw.go.jp/34/index.php?action_kouhyou_detail_004_kani=true&JigyosyoCd=3411111994-00&ServiceCd=130&Type=search", "url2": "https://www.onomichi-hospital.jp/setoda_clinic/" }, "geometry": { "type": "Point", "coordinates": [ 133.101806399999987, 34.3050577 ] } },
{ "type": "Feature", "properties": { "内容": "訪問看護ステーションきらら【訪問看護】広島県尾道市門田町1番39号きららラポール桜並木", "url": "https://www.kaigokensaku.mhlw.go.jp/34/index.php?action_kouhyou_detail_004_kani=true&JigyosyoCd=3461190138-00&ServiceCd=130&Type=search", "url2": null }, "geometry": { "type": "Point", "coordinates": [ 133.18650619999994, 34.4164135 ] } },
{ "type": "Feature", "properties": { "内容": "看多機ホームみなりっこ【訪問看護】広島県尾道市美ノ郷町三成1572-2", "url": "https://www.kaigokensaku.mhlw.go.jp/34/index.php?action_kouhyou_detail_004_kani=true&JigyosyoCd=3461190161-00&ServiceCd=130&Type=search", "url2": "https://yuzucco.com" }, "geometry": { "type": "Point", "coordinates": [ 133.1989273, 34.4471939 ] } },
{ "type": "Feature", "properties": { "内容": "ひまわり訪問看護ステーション【訪問看護】尾道市久保二丁目15番17号", "url": "https://www.kaigokensaku.mhlw.go.jp/34/index.php?action_kouhyou_detail_004_kani=true&JigyosyoCd=3461190062-00&ServiceCd=130&Type=search", "url2": "http://www.himawari-gr.com/" }, "geometry": { "type": "Point", "coordinates": [ 133.206738399999949, 34.4108199 ] } },
{ "type": "Feature", "properties": { "内容": "森のくまさん【訪問看護】広島県尾道市高須町5683番地", "url": "https://www.kaigokensaku.mhlw.go.jp/34/index.php?action_kouhyou_detail_004_kani=true&JigyosyoCd=3461190104-00&ServiceCd=130&Type=search", "url2": "https://breakthrough-co.jp/" }, "geometry": { "type": "Point", "coordinates": [ 133.230500999613952, 34.431941004976515 ] } },
{ "type": "Feature", "properties": { "内容": "因島医師会訪問看護ステーション【訪問看護】尾道市因島中庄町１９５５番地", "url": "https://www.kaigokensaku.mhlw.go.jp/34/index.php?action_kouhyou_detail_004_kani=true&JigyosyoCd=3461390019-00&ServiceCd=130&Type=search", "url2": null }, "geometry": { "type": "Point", "coordinates": [ 133.153467800000044, 34.3122848 ] } },
{ "type": "Feature", "properties": { "内容": "公立みつぎ総合病院訪問看護ステーション「みつぎ」【訪問看護】広島県尾道市御調町市１０７番地１", "url": "https://www.kaigokensaku.mhlw.go.jp/34/index.php?action_kouhyou_detail_004_kani=true&JigyosyoCd=3464190010-00&ServiceCd=130&Type=search", "url2": "http://www.mitsugibyouin.com" }, "geometry": { "type": "Point", "coordinates": [ 133.148628599999938, 34.5166068 ] } },
{ "type": "Feature", "properties": { "内容": "一般社団法人尾道市医師会訪問看護ステーション【訪問看護】尾道市栗原東二丁目4番33号", "url": "https://www.kaigokensaku.mhlw.go.jp/34/index.php?action_kouhyou_detail_004_kani=true&JigyosyoCd=3461190021-00&ServiceCd=130&Type=search", "url2": "http://www.onomichi-med.or.jp/" }, "geometry": { "type": "Point", "coordinates": [ 133.188850600000023, 34.4143082 ] } },
{ "type": "Feature", "properties": { "内容": "訪問看護ステーションいちょうの樹【訪問看護】広島県尾道市向東町8614-1", "url": "https://www.kaigokensaku.mhlw.go.jp/34/index.php?action_kouhyou_detail_004_kani=true&JigyosyoCd=3461190088-00&ServiceCd=130&Type=search", "url2": "http://ichonoki.com/" }, "geometry": { "type": "Point", "coordinates": [ 133.225837100000035, 34.40720929999997 ] } },
{ "type": "Feature", "properties": { "内容": "訪問看護　長江【訪問看護】広島県尾道市山波町３４３番地", "url": "https://www.kaigokensaku.mhlw.go.jp/34/index.php?action_kouhyou_detail_004_kani=true&JigyosyoCd=3461190096-00&ServiceCd=130&Type=search", "url2": null }, "geometry": { "type": "Point", "coordinates": [ 133.2277467366564, 34.423337174417917 ] } },
{ "type": "Feature", "properties": { "内容": "訪問看護ステーションむかいしま【訪問看護】尾道市向島町580番地5", "url": "https://www.kaigokensaku.mhlw.go.jp/34/index.php?action_kouhyou_detail_004_kani=true&JigyosyoCd=3464190028-00&ServiceCd=130&Type=search", "url2": null }, "geometry": { "type": "Point", "coordinates": [ 133.203169500000058, 34.4018597 ] } },
{ "type": "Feature", "properties": { "内容": "訪問看護ステーション　　コロン【訪問看護】広島県尾道市美ノ郷町三成1466番地", "url": "https://www.kaigokensaku.mhlw.go.jp/34/index.php?action_kouhyou_detail_004_kani=true&JigyosyoCd=3461190112-00&ServiceCd=130&Type=search", "url2": null }, "geometry": { "type": "Point", "coordinates": [ 133.202946200000042, 34.4278652 ] } },
{ "type": "Feature", "properties": { "内容": "訪問看護ステーションふるけあ【訪問看護】広島県尾道市美ノ郷町三成２６９４番地横山アパート３号室", "url": "https://www.kaigokensaku.mhlw.go.jp/34/index.php?action_kouhyou_detail_004_kani=true&JigyosyoCd=3461190120-00&ServiceCd=130&Type=search", "url2": null }, "geometry": { "type": "Point", "coordinates": [ 133.196657800000025, 34.4473315 ] } },
{ "type": "Feature", "properties": { "内容": "訪問看護ステーション　心音【訪問看護】広島県尾道市高須町4827番地1サニープラッツ　Ａ102", "url": "https://www.kaigokensaku.mhlw.go.jp/34/index.php?action_kouhyou_detail_004_kani=true&JigyosyoCd=3461190146-00&ServiceCd=130&Type=search", "url2": null }, "geometry": { "type": "Point", "coordinates": [ 133.241067409786979, 34.431997705291032 ] } },
{ "type": "Feature", "properties": { "内容": "ほうもんかんごすてーしょんとむ【訪問看護】広島県尾道市高須町1436番地", "url": "https://www.kaigokensaku.mhlw.go.jp/34/index.php?action_kouhyou_detail_004_kani=true&JigyosyoCd=3461190195-00&ServiceCd=130&Type=search", "url2": null }, "geometry": { "type": "Point", "coordinates": [ 133.2258296, 34.4278329 ] } },
{ "type": "Feature", "properties": { "内容": "つむぎ訪問看護ステーション【訪問看護】広島県尾道市門田町二〇番六号", "url": "https://www.kaigokensaku.mhlw.go.jp/34/index.php?action_kouhyou_detail_004_kani=true&JigyosyoCd=3461190229-00&ServiceCd=130&Type=search", "url2": "https://www.tsumugi-houkan-aisin.com/" }, "geometry": { "type": "Point", "coordinates": [ 133.1831914, 34.4190497 ] } },
{ "type": "Feature", "properties": { "内容": "村上記念病院訪問看護ステーション【訪問看護】広島県尾道市新浜1丁目14-26", "url": "https://www.kaigokensaku.mhlw.go.jp/34/index.php?action_kouhyou_detail_004_kani=true&JigyosyoCd=3461190237-00&ServiceCd=130&Type=search", "url2": null }, "geometry": { "type": "Point", "coordinates": [ 133.1803413, 34.4007594 ] } },
{ "type": "Feature", "properties": { "内容": "みまもり看護たなごころ【訪問看護】広島県尾道市高須町5570番地", "url": "https://www.kaigokensaku.mhlw.go.jp/34/index.php?action_kouhyou_detail_004_kani=true&JigyosyoCd=3461190245-00&ServiceCd=130&Type=search", "url2": null }, "geometry": { "type": "Point", "coordinates": [ 133.232704399999989, 34.4285525 ] } },
{ "type": "Feature", "properties": { "内容": "医療法人社団済井会　福山光南クリニック【訪問看護】広島県福山市光南町３丁目７番８号", "url": "https://www.kaigokensaku.mhlw.go.jp/34/index.php?action_kouhyou_detail_004_kani=true&JigyosyoCd=3411515350-00&ServiceCd=130&Type=search", "url2": "http://www.painclinic.jp/" }, "geometry": { "type": "Point", "coordinates": [ 133.367521200000027, 34.4762419 ] } },
{ "type": "Feature", "properties": { "内容": "訪問看護ステーション　いろどり【訪問看護】広島県福山市千田町２丁目20－７", "url": "https://www.kaigokensaku.mhlw.go.jp/34/index.php?action_kouhyou_detail_004_kani=true&JigyosyoCd=3461590188-00&ServiceCd=130&Type=search", "url2": null }, "geometry": { "type": "Point", "coordinates": [ 133.3692661, 34.5184065 ] } },
{ "type": "Feature", "properties": { "内容": "訪問看護ステーション　白樺【訪問看護】広島県福山市神辺町川南3175-1", "url": "https://www.kaigokensaku.mhlw.go.jp/34/index.php?action_kouhyou_detail_004_kani=true&JigyosyoCd=3461590659-00&ServiceCd=130&Type=search", "url2": null }, "geometry": { "type": "Point", "coordinates": [ 133.3813707, 34.5398422 ] } },
{ "type": "Feature", "properties": { "内容": "訪問看護ステーションこもれび【訪問看護】広島県福山市東手城町1-29-2しろビル201", "url": "https://www.kaigokensaku.mhlw.go.jp/34/index.php?action_kouhyou_detail_004_kani=true&JigyosyoCd=3461590691-00&ServiceCd=130&Type=search", "url2": null }, "geometry": { "type": "Point", "coordinates": [ 133.4023454, 34.4845248 ] } },
{ "type": "Feature", "properties": { "内容": "訪問看護ステーションざおう【訪問看護】広島県福山市蔵王町１６２番地の１", "url": "https://www.kaigokensaku.mhlw.go.jp/34/index.php?action_kouhyou_detail_004_kani=true&JigyosyoCd=3461590733-00&ServiceCd=130&Type=search", "url2": "https://kenseigroup.jp/publics/index/27/" }, "geometry": { "type": "Point", "coordinates": [ 133.4019692, 34.5169557 ] } },
{ "type": "Feature", "properties": { "内容": "訪問看護ステーションりあん【訪問看護】広島県福山市駅家町大字近田621番地1", "url": "https://www.kaigokensaku.mhlw.go.jp/34/index.php?action_kouhyou_detail_004_kani=true&JigyosyoCd=3461590816-00&ServiceCd=130&Type=search", "url2": null }, "geometry": { "type": "Point", "coordinates": [ 133.3116389, 34.5441544 ] } },
{ "type": "Feature", "properties": { "内容": "メアリ訪問看護ステーション【訪問看護】広島県福山市新涯町１丁目２５番４６号", "url": "https://www.kaigokensaku.mhlw.go.jp/34/index.php?action_kouhyou_detail_004_kani=true&JigyosyoCd=3461590832-00&ServiceCd=130&Type=search", "url2": "https://www.yolo-ns.jp/" }, "geometry": { "type": "Point", "coordinates": [ 133.3928936, 34.4622262 ] } },
{ "type": "Feature", "properties": { "内容": "医療法人社団黎明会さくらの丘クリニック【訪問看護】駅家町法成寺108", "url": "https://www.kaigokensaku.mhlw.go.jp/34/index.php?action_kouhyou_detail_004_kani=true&JigyosyoCd=3411512662-00&ServiceCd=130&Type=search", "url2": "https://ekiya-sakura.jp" }, "geometry": { "type": "Point", "coordinates": [ 133.325981699999971, 34.5539145 ] } },
{ "type": "Feature", "properties": { "内容": "訪問看護ステーションかがやき新涯【訪問看護】広島県福山市新涯町1丁目7-43グランドマスト新涯", "url": "https://www.kaigokensaku.mhlw.go.jp/34/index.php?action_kouhyou_detail_004_kani=true&JigyosyoCd=3461590402-00&ServiceCd=130&Type=search", "url2": "https://www.lsi-kk.co.jp/" }, "geometry": { "type": "Point", "coordinates": [ 133.3898984, 34.4642154 ] } },
{ "type": "Feature", "properties": { "内容": "訪問看護ステーション山陽【訪問看護】広島県福山市野上町2-8-2山陽病院", "url": "https://www.kaigokensaku.mhlw.go.jp/34/index.php?action_kouhyou_detail_004_kani=true&JigyosyoCd=3461590295-00&ServiceCd=130&Type=search", "url2": "http://www.sanyo.or.jp/zaitaku/houmonkango.html" }, "geometry": { "type": "Point", "coordinates": [ 133.365137529757902, 34.477865869359178 ] } },
{ "type": "Feature", "properties": { "内容": "宏正会訪問看護ステーション【訪問看護】広島県福山市神辺町湯野1018番地1", "url": "https://www.kaigokensaku.mhlw.go.jp/34/index.php?action_kouhyou_detail_004_kani=true&JigyosyoCd=3461590626-00&ServiceCd=130&Type=search", "url2": "http://kouseikai-ai.jp" }, "geometry": { "type": "Point", "coordinates": [ 133.389379231604437, 34.561304246003367 ] } },
{ "type": "Feature", "properties": { "内容": "訪問看護ステーションPERICAFE【訪問看護】広島県福山市駅家町大字助元１４８番地4", "url": "https://www.kaigokensaku.mhlw.go.jp/34/index.php?action_kouhyou_detail_004_kani=true&JigyosyoCd=3461590881-00&ServiceCd=130&Type=search", "url2": "http://www.peri-cafe-company.com" }, "geometry": { "type": "Point", "coordinates": [ 133.3113701, 34.5794593 ] } },
{ "type": "Feature", "properties": { "内容": "訪問看護ステーションさくらホーム【訪問看護】広島県福山市鞆町鞆136番地35", "url": "https://www.kaigokensaku.mhlw.go.jp/34/index.php?action_kouhyou_detail_004_kani=true&JigyosyoCd=3461590923-00&ServiceCd=130&Type=search", "url2": "https://tomo-sakurahome.net/" }, "geometry": { "type": "Point", "coordinates": [ 133.381877300000014, 34.3880182 ] } },
{ "type": "Feature", "properties": { "内容": "訪問看護ステーション笑夢【訪問看護】広島県福山市木之庄町5-18-402階", "url": "https://www.kaigokensaku.mhlw.go.jp/34/index.php?action_kouhyou_detail_004_kani=true&JigyosyoCd=3461590949-00&ServiceCd=130&Type=search", "url2": "https://emu-houmon.jp/" }, "geometry": { "type": "Point", "coordinates": [ 133.3575641, 34.4987335 ] } },
{ "type": "Feature", "properties": { "内容": "訪問看護ステーションあやめ福山【訪問看護】広島県福山市三吉町４丁目１番１号オリーブビュー三吉３　206号室", "url": "https://www.kaigokensaku.mhlw.go.jp/34/index.php?action_kouhyou_detail_004_kani=true&JigyosyoCd=3461590899-00&ServiceCd=130&Type=search", "url2": "https://firstnurse.co.jp/" }, "geometry": { "type": "Point", "coordinates": [ 133.3749435, 34.4933818 ] } },
{ "type": "Feature", "properties": { "内容": "永和会　多機能看護介護ステーション【訪問看護】福山市柳津町98番地", "url": "https://www.kaigokensaku.mhlw.go.jp/34/index.php?action_kouhyou_detail_004_kani=true&JigyosyoCd=3461590352-00&ServiceCd=130&Type=search", "url2": "http://www.eiwa-kai.or.jp/" }, "geometry": { "type": "Point", "coordinates": [ 133.249140099999977, 34.4637253 ] } },
{ "type": "Feature", "properties": { "内容": "ニチイケアセンター福山東訪問看護ステーション【訪問看護】福山市引野町南1-1-24", "url": "https://www.kaigokensaku.mhlw.go.jp/34/index.php?action_kouhyou_detail_004_kani=true&JigyosyoCd=3461590378-00&ServiceCd=130&Type=search", "url2": "https://www.nichiigakkan.co.jp/" }, "geometry": { "type": "Point", "coordinates": [ 133.412976300508149, 34.492449784529214 ] } },
{ "type": "Feature", "properties": { "内容": "訪問看護事業所仁伍【訪問看護】広島県福山市木之庄町5丁目9番18号すまいる仁伍", "url": "https://www.kaigokensaku.mhlw.go.jp/34/index.php?action_kouhyou_detail_004_kani=true&JigyosyoCd=3461590584-00&ServiceCd=130&Type=search", "url2": "http://npokizuna.jp/" }, "geometry": { "type": "Point", "coordinates": [ 133.360906099999966, 34.4976845 ] } },
{ "type": "Feature", "properties": { "内容": "訪問看護ステーション桜【訪問看護】広島県福山市神村町5234-12", "url": "https://www.kaigokensaku.mhlw.go.jp/34/index.php?action_kouhyou_detail_004_kani=true&JigyosyoCd=3461590097-00&ServiceCd=130&Type=search", "url2": "https://teiwakai.sakura.ne.jp/" }, "geometry": { "type": "Point", "coordinates": [ 133.303678699999978, 34.471727799999982 ] } },
{ "type": "Feature", "properties": { "内容": "慈生会訪問看護ステーションとまと【訪問看護】広島県福山市王子町1-6-17", "url": "https://www.kaigokensaku.mhlw.go.jp/34/index.php?action_kouhyou_detail_004_kani=true&JigyosyoCd=3461590204-00&ServiceCd=130&Type=search", "url2": "http://jiseikai-med.or.jp/" }, "geometry": { "type": "Point", "coordinates": [ 133.385141273318084, 34.486529893472934 ] } },
{ "type": "Feature", "properties": { "内容": "ありがとう総合訪問センター　訪問看護【訪問看護】広島県福山市春日町浦上1224番地", "url": "https://www.kaigokensaku.mhlw.go.jp/34/index.php?action_kouhyou_detail_004_kani=true&JigyosyoCd=3461590360-00&ServiceCd=130&Type=search", "url2": "https://www.takinouarigatou.com" }, "geometry": { "type": "Point", "coordinates": [ 133.424255082278478, 34.518561539294033 ] } },
{ "type": "Feature", "properties": { "内容": "訪問看護ステーション愛【訪問看護】広島県福山市加茂町中野314番4", "url": "https://www.kaigokensaku.mhlw.go.jp/34/index.php?action_kouhyou_detail_004_kani=true&JigyosyoCd=3461590410-00&ServiceCd=130&Type=search", "url2": null }, "geometry": { "type": "Point", "coordinates": [ 133.345353951329002, 34.570854264671546 ] } },
{ "type": "Feature", "properties": { "内容": "グッドライフ訪問看護ステーション【訪問看護】広島県福山市東町1丁目3-8", "url": "https://www.kaigokensaku.mhlw.go.jp/34/index.php?action_kouhyou_detail_004_kani=true&JigyosyoCd=3461590717-00&ServiceCd=130&Type=search", "url2": "http://www.goodlifehospital.jp" }, "geometry": { "type": "Point", "coordinates": [ 133.36914920000001, 34.4894817 ] } },
{ "type": "Feature", "properties": { "内容": "福山すみれ訪問看護ステーション【訪問看護】広島県福山市花園町1-3-12", "url": "https://www.kaigokensaku.mhlw.go.jp/34/index.php?action_kouhyou_detail_004_kani=true&JigyosyoCd=3461590782-00&ServiceCd=130&Type=search", "url2": "https://www.sumire-fukushi-chugoku.jp/fukuyama_sumire_kango/" }, "geometry": { "type": "Point", "coordinates": [ 133.3731479048935, 34.481813143843723 ] } },
{ "type": "Feature", "properties": { "内容": "まり訪問看護ステーション【訪問看護】福山市沼隈町大字中山南１３８７番地", "url": "https://www.kaigokensaku.mhlw.go.jp/34/index.php?action_kouhyou_detail_004_kani=true&JigyosyoCd=3464390032-00&ServiceCd=130&Type=search", "url2": "http://www.shounankai.or.jp" }, "geometry": { "type": "Point", "coordinates": [ 133.321949745230086, 34.417849516781715 ] } },
{ "type": "Feature", "properties": { "内容": "てらおか訪問看護ステーション【訪問看護】福山市新市町新市56番地1", "url": "https://www.kaigokensaku.mhlw.go.jp/34/index.php?action_kouhyou_detail_004_kani=true&JigyosyoCd=3464590011-00&ServiceCd=130&Type=search", "url2": "https://www.teraoka-hosp.jp/" }, "geometry": { "type": "Point", "coordinates": [ 133.2797845, 34.5510662 ] } },
{ "type": "Feature", "properties": { "内容": "医療法人信英会　島谷病院【訪問看護】広島県福山市新涯町2丁目5番8号", "url": "https://www.kaigokensaku.mhlw.go.jp/34/index.php?action_kouhyou_detail_004_kani=true&JigyosyoCd=3411512316-00&ServiceCd=130&Type=search", "url2": "http://kaiinhp.fmed.jp/shimatani/" }, "geometry": { "type": "Point", "coordinates": [ 133.397097600000052, 34.4627963 ] } },
{ "type": "Feature", "properties": { "内容": "福山医療生活協同組合訪問看護ステーションしあわせ【訪問看護】福山市木之庄町３－６－１０在宅介護センター城北", "url": "https://www.kaigokensaku.mhlw.go.jp/34/index.php?action_kouhyou_detail_004_kani=true&JigyosyoCd=3461590113-00&ServiceCd=130&Type=search", "url2": "http://www.fico-op.jp" }, "geometry": { "type": "Point", "coordinates": [ 133.35589643826691, 34.498247092549263 ] } },
{ "type": "Feature", "properties": { "内容": "訪問看護ステーションこばたけ【訪問看護】広島県福山市駅家町上山守203番地小畠病院内", "url": "https://www.kaigokensaku.mhlw.go.jp/34/index.php?action_kouhyou_detail_004_kani=true&JigyosyoCd=3461590394-00&ServiceCd=130&Type=search", "url2": "http://www.kobatake.or.jp/" }, "geometry": { "type": "Point", "coordinates": [ 133.3315417, 34.5345356 ] } },
{ "type": "Feature", "properties": { "内容": "訪問看護ステーションうつみ【訪問看護】広島県福山市内海町ロ2421番地小規模多機能ホームユー・アンド・ミー（内）", "url": "https://www.kaigokensaku.mhlw.go.jp/34/index.php?action_kouhyou_detail_004_kani=true&JigyosyoCd=3464390024-00&ServiceCd=130&Type=search", "url2": null }, "geometry": { "type": "Point", "coordinates": [ 133.29184395504177, 34.35720152245203 ] } },
{ "type": "Feature", "properties": { "内容": "むつみ苑訪問看護ステーション【訪問看護】広島県福山市内海町ロ2825番地3", "url": "https://www.kaigokensaku.mhlw.go.jp/34/index.php?action_kouhyou_detail_004_kani=true&JigyosyoCd=3461590857-00&ServiceCd=130&Type=search", "url2": "http://mutsumien.or.jp/publics/index/53/" }, "geometry": { "type": "Point", "coordinates": [ 133.29536144013673, 34.357257639621523 ] } },
{ "type": "Feature", "properties": { "内容": "訪問看護ステーション桜の里【訪問看護】広島県福山市郷分町1554", "url": "https://www.kaigokensaku.mhlw.go.jp/34/index.php?action_kouhyou_detail_004_kani=true&JigyosyoCd=3461590865-00&ServiceCd=130&Type=search", "url2": "https://sakuranosato-eioukai.com/" }, "geometry": { "type": "Point", "coordinates": [ 133.3387746, 34.5149774 ] } },
{ "type": "Feature", "properties": { "内容": "楠本病院【訪問看護】広島県福山市曙町3丁目19番18号", "url": "https://www.kaigokensaku.mhlw.go.jp/34/index.php?action_kouhyou_detail_004_kani=true&JigyosyoCd=3411513769-00&ServiceCd=130&Type=search", "url2": "http://kusumoto.or.jp/" }, "geometry": { "type": "Point", "coordinates": [ 133.3970701, 34.4703855 ] } },
{ "type": "Feature", "properties": { "内容": "福山市医師会訪問看護ステーション【訪問看護】福山市三吉町南二丁目11-22福山すこやかセンター内", "url": "https://www.kaigokensaku.mhlw.go.jp/34/index.php?action_kouhyou_detail_004_kani=true&JigyosyoCd=3461590014-00&ServiceCd=130&Type=search", "url2": "http://www.fmed.jp/" }, "geometry": { "type": "Point", "coordinates": [ 133.37922279999998, 34.4899129 ] } },
{ "type": "Feature", "properties": { "内容": "祥和会訪問看護ステーション【訪問看護】福山市沖野上町3丁目５番31号", "url": "https://www.kaigokensaku.mhlw.go.jp/34/index.php?action_kouhyou_detail_004_kani=true&JigyosyoCd=3461590055-00&ServiceCd=130&Type=search", "url2": "http://www.shouwa.or.jp/" }, "geometry": { "type": "Point", "coordinates": [ 133.372958271025055, 34.471609087690759 ] } },
{ "type": "Feature", "properties": { "内容": "松永沼隈地区医師会　訪問看護ステーション【訪問看護】広島県福山市南松永町２丁目８番１２号", "url": "https://www.kaigokensaku.mhlw.go.jp/34/index.php?action_kouhyou_detail_004_kani=true&JigyosyoCd=3461590105-00&ServiceCd=130&Type=search", "url2": null }, "geometry": { "type": "Point", "coordinates": [ 133.249605400000064, 34.4389146 ] } },
{ "type": "Feature", "properties": { "内容": "府中地区医師会駅家訪問看護ステーション【訪問看護】広島県福山市駅家町大字倉光451-15", "url": "https://www.kaigokensaku.mhlw.go.jp/34/index.php?action_kouhyou_detail_004_kani=true&JigyosyoCd=3461590154-00&ServiceCd=130&Type=search", "url2": null }, "geometry": { "type": "Point", "coordinates": [ 133.324686199999974, 34.5479677 ] } },
{ "type": "Feature", "properties": { "内容": "ほがらか訪問看護ステーション【訪問看護】福山市松永町３４０番地の１", "url": "https://www.kaigokensaku.mhlw.go.jp/34/index.php?action_kouhyou_detail_004_kani=true&JigyosyoCd=3461590162-00&ServiceCd=130&Type=search", "url2": null }, "geometry": { "type": "Point", "coordinates": [ 133.259407900000042, 34.451810500000015 ] } },
{ "type": "Feature", "properties": { "内容": "訪問看護ステーション　マーガレット【訪問看護】福山市南蔵王町5-14-43フレグランス蔵王101号室", "url": "https://www.kaigokensaku.mhlw.go.jp/34/index.php?action_kouhyou_detail_004_kani=true&JigyosyoCd=3461590279-00&ServiceCd=130&Type=search", "url2": "http://www.jojokai.or.jp" }, "geometry": { "type": "Point", "coordinates": [ 133.402587, 34.5036033 ] } },
{ "type": "Feature", "properties": { "内容": "こころ訪問リハビリ看護ステーション【訪問看護】広島県福山市神辺町字道上498-6", "url": "https://www.kaigokensaku.mhlw.go.jp/34/index.php?action_kouhyou_detail_004_kani=true&JigyosyoCd=3461590535-00&ServiceCd=130&Type=search", "url2": "https://cocoro-hfl.com/rehabilitation/" }, "geometry": { "type": "Point", "coordinates": [ 133.362067874594771, 34.549599733201163 ] } },
{ "type": "Feature", "properties": { "内容": "バード訪問看護ステーション【訪問看護】広島県福山市南蔵王町6丁目16番54号", "url": "https://www.kaigokensaku.mhlw.go.jp/34/index.php?action_kouhyou_detail_004_kani=true&JigyosyoCd=3461590675-00&ServiceCd=130&Type=search", "url2": "https://pro-aid.jp" }, "geometry": { "type": "Point", "coordinates": [ 133.403946589935316, 34.501807319418894 ] } },
{ "type": "Feature", "properties": { "内容": "訪問看護ステーションこいのぼり【訪問看護】広島県福山市東川口町四丁目9-12", "url": "https://www.kaigokensaku.mhlw.go.jp/34/index.php?action_kouhyou_detail_004_kani=true&JigyosyoCd=3461590840-00&ServiceCd=130&Type=search", "url2": "http://ishida.or.jp/" }, "geometry": { "type": "Point", "coordinates": [ 133.385753799999947, 34.473601800000019 ] } },
{ "type": "Feature", "properties": { "内容": "医療法人財団竹政会セントラル病院【訪問看護】広島県福山市住吉町１番２６号セントラル病院", "url": "https://www.kaigokensaku.mhlw.go.jp/34/index.php?action_kouhyou_detail_004_kani=true&JigyosyoCd=3411516317-00&ServiceCd=130&Type=search", "url2": "https://central-hp.or.jp/" }, "geometry": { "type": "Point", "coordinates": [ 133.370708618131005, 34.485731726438878 ] } },
{ "type": "Feature", "properties": { "内容": "創心会訪問看護リハビリステーション福山【訪問看護】福山市新涯町1丁目15番22号", "url": "https://www.kaigokensaku.mhlw.go.jp/34/index.php?action_kouhyou_detail_004_kani=true&JigyosyoCd=3461590386-00&ServiceCd=130&Type=search", "url2": "http://www.soushinkai.com" }, "geometry": { "type": "Point", "coordinates": [ 133.393906300000026, 34.4661653 ] } },
{ "type": "Feature", "properties": { "内容": "訪問看護ステーション　にこっと【訪問看護】広島県福山市曙町五丁目１１番－４０号", "url": "https://www.kaigokensaku.mhlw.go.jp/34/index.php?action_kouhyou_detail_004_kani=true&JigyosyoCd=3461590477-00&ServiceCd=130&Type=search", "url2": "https://hs-sato.co.jp/" }, "geometry": { "type": "Point", "coordinates": [ 133.3921454, 34.4703147 ] } },
{ "type": "Feature", "properties": { "内容": "ももの花訪問看護リハビリステーション【訪問看護】広島県福山市南本庄2丁目5-28ITSビル202号", "url": "https://www.kaigokensaku.mhlw.go.jp/34/index.php?action_kouhyou_detail_004_kani=true&JigyosyoCd=3461590519-00&ServiceCd=130&Type=search", "url2": "https://momonohana.co.jp/" }, "geometry": { "type": "Point", "coordinates": [ 133.3489578, 34.4870519 ] } },
{ "type": "Feature", "properties": { "内容": "いずみ訪問看護ステーション【訪問看護】広島県福山市東陽台1-11-9", "url": "https://www.kaigokensaku.mhlw.go.jp/34/index.php?action_kouhyou_detail_004_kani=true&JigyosyoCd=3461590550-00&ServiceCd=130&Type=search", "url2": "https://www.izumi-houmonkango.com/" }, "geometry": { "type": "Point", "coordinates": [ 133.430640915037344, 34.515960125377205 ] } },
{ "type": "Feature", "properties": { "内容": "おかもと訪問看護ステーション福山【訪問看護】広島県福山市新市町新市403－5", "url": "https://www.kaigokensaku.mhlw.go.jp/34/index.php?action_kouhyou_detail_004_kani=true&JigyosyoCd=3461590568-00&ServiceCd=130&Type=search", "url2": "https://okamoto-hns.com" }, "geometry": { "type": "Point", "coordinates": [ 133.273649500000033, 34.551704 ] } },
{ "type": "Feature", "properties": { "内容": "あおい訪問看護ステーション【訪問看護】広島県福山市今津町3番15号冨双ビル201号室", "url": "https://www.kaigokensaku.mhlw.go.jp/34/index.php?action_kouhyou_detail_004_kani=true&JigyosyoCd=3461590725-00&ServiceCd=130&Type=search", "url2": "https://www.big-advance.site/s/169/1366" }, "geometry": { "type": "Point", "coordinates": [ 133.258551035604967, 34.451328521677034 ] } },
{ "type": "Feature", "properties": { "内容": "千の恵み訪問看護ステーション【訪問看護】広島県福山市引野町３丁目7-203F", "url": "https://www.kaigokensaku.mhlw.go.jp/34/index.php?action_kouhyou_detail_004_kani=true&JigyosyoCd=3461590774-00&ServiceCd=130&Type=search", "url2": "https://mgm-sta.com" }, "geometry": { "type": "Point", "coordinates": [ 133.417522100000014, 34.4960834 ] } },
{ "type": "Feature", "properties": { "内容": "ひゅっげ訪問看護リハビリステーション【訪問看護】広島県福山市三吉町三丁目１０番８号", "url": "https://www.kaigokensaku.mhlw.go.jp/34/index.php?action_kouhyou_detail_004_kani=true&JigyosyoCd=3461590907-00&ServiceCd=130&Type=search", "url2": null }, "geometry": { "type": "Point", "coordinates": [ 133.3795255, 34.4930598 ] } },
{ "type": "Feature", "properties": { "内容": "マワルソラ訪問看護リハビリステーション【訪問看護】広島県福山市瀬戸町長和671-1あっぷるハウスせと102", "url": "https://www.kaigokensaku.mhlw.go.jp/34/index.php?action_kouhyou_detail_004_kani=true&JigyosyoCd=3461590915-00&ServiceCd=130&Type=search", "url2": "https://mawarusora.com/" }, "geometry": { "type": "Point", "coordinates": [ 133.3261445, 34.4778308 ] } },
{ "type": "Feature", "properties": { "内容": "丘の上訪問看護ステーション【訪問看護】広島県福山市大門町津之下1844日本鋼管福山病院内２F", "url": "https://www.kaigokensaku.mhlw.go.jp/34/index.php?action_kouhyou_detail_004_kani=true&JigyosyoCd=3461590931-00&ServiceCd=130&Type=search", "url2": "https://www.nkfh.or.jp/visit-nursing/" }, "geometry": { "type": "Point", "coordinates": [ 133.431965600000012, 34.4857101 ] } },
{ "type": "Feature", "properties": { "内容": "なないろ訪問看護ステーション【訪問看護】広島県福山市南蔵王町2丁目16-32コーポふだば302", "url": "https://www.kaigokensaku.mhlw.go.jp/34/index.php?action_kouhyou_detail_004_kani=true&JigyosyoCd=3461590790-00&ServiceCd=130&Type=search", "url2": "http://houkan2023.wixsite.com/nanairo" }, "geometry": { "type": "Point", "coordinates": [ 133.39503830000001, 34.5034638 ] } },
{ "type": "Feature", "properties": { "内容": "ツクイ福山訪問看護ステーション【訪問看護】広島県福山市延広町8−21福山フコク生命ビル3階", "url": "https://www.kaigokensaku.mhlw.go.jp/34/index.php?action_kouhyou_detail_004_kani=true&JigyosyoCd=3461590964-00&ServiceCd=130&Type=search", "url2": null }, "geometry": { "type": "Point", "coordinates": [ 133.365929, 34.4860773 ] } },
{ "type": "Feature", "properties": { "内容": "訪問看護ステーション花と大地【訪問看護】広島県福山市東深津町六丁目3番３３－２号", "url": "https://www.kaigokensaku.mhlw.go.jp/34/index.php?action_kouhyou_detail_004_kani=true&JigyosyoCd=3461590972-00&ServiceCd=130&Type=search", "url2": null }, "geometry": { "type": "Point", "coordinates": [ 133.36242390000001, 34.4859845 ] } },
{ "type": "Feature", "properties": { "内容": "訪問看護ステーションあしすと万能倉【訪問看護】広島県福山市駅家町万能倉1082", "url": "https://www.kaigokensaku.mhlw.go.jp/34/index.php?action_kouhyou_detail_004_kani=true&JigyosyoCd=3461590998-00&ServiceCd=130&Type=search", "url2": null }, "geometry": { "type": "Point", "coordinates": [ 133.3298055, 34.5458229 ] } },
{ "type": "Feature", "properties": { "内容": "しげまさ訪問看護ステーション【訪問看護】広島県福山市神辺町大字川北３１８番地１パンプキンシティＣ", "url": "https://www.kaigokensaku.mhlw.go.jp/34/index.php?action_kouhyou_detail_004_kani=true&JigyosyoCd=3461591004-00&ServiceCd=130&Type=search", "url2": "https://ienooto-ns.studio.site/" }, "geometry": { "type": "Point", "coordinates": [ 133.386190104893473, 34.542435969065444 ] } },
{ "type": "Feature", "properties": { "内容": "プライムステップ訪問看護ステーション【訪問看護】蔵王町3丁目6番37号", "url": "https://www.kaigokensaku.mhlw.go.jp/34/index.php?action_kouhyou_detail_004_kani=true&JigyosyoCd=3461591012-00&ServiceCd=130&Type=search", "url2": "https://www.primestep-zao.com/" }, "geometry": { "type": "Point", "coordinates": [ 133.3925294, 34.5071806 ] } },
{ "type": "Feature", "properties": { "内容": "訪問看護ステーションしんがい【訪問看護】新涯町５丁目２８番３３号", "url": "https://www.kaigokensaku.mhlw.go.jp/34/index.php?action_kouhyou_detail_004_kani=true&JigyosyoCd=3461591020-00&ServiceCd=130&Type=search", "url2": "https://kenseigroup.jp/publics/index/27/" }, "geometry": { "type": "Point", "coordinates": [ 133.3917635, 34.45713 ] } },
{ "type": "Feature", "properties": { "内容": "訪問看護ステーション元気が一番【訪問看護】広島県福山市西深津町４−２−４５カーサグレース３０３号室", "url": "https://www.kaigokensaku.mhlw.go.jp/34/index.php?action_kouhyou_detail_004_kani=true&JigyosyoCd=3461591046-00&ServiceCd=130&Type=search", "url2": "https://genki-1.jp/" }, "geometry": { "type": "Point", "coordinates": [ 133.37986680000003, 34.4976499 ] } },
{ "type": "Feature", "properties": { "内容": "訪問看護ステーション　てんし【訪問看護】松永町5丁目6-13　2F", "url": "https://www.kaigokensaku.mhlw.go.jp/34/index.php?action_kouhyou_detail_004_kani=true&JigyosyoCd=3461591061-00&ServiceCd=130&Type=search", "url2": null }, "geometry": { "type": "Point", "coordinates": [ 133.2596876, 34.4434675 ] } },
{ "type": "Feature", "properties": { "内容": "ステラボ訪問看護リハビリステーション【訪問看護】広島県福山市新涯町三丁目10番21号", "url": "https://www.kaigokensaku.mhlw.go.jp/34/index.php?action_kouhyou_detail_004_kani=true&JigyosyoCd=3461591079-00&ServiceCd=130&Type=search", "url2": "https://www.stellabo.net/services-4" }, "geometry": { "type": "Point", "coordinates": [ 133.391173048570039, 34.461690351961614 ] } },
{ "type": "Feature", "properties": { "内容": "訪問看護リベル福山【訪問看護】広島県福山市南蔵王町3丁目3番31号", "url": "https://www.kaigokensaku.mhlw.go.jp/34/index.php?action_kouhyou_detail_004_kani=true&JigyosyoCd=3461591038-00&ServiceCd=130&Type=search", "url2": null }, "geometry": { "type": "Point", "coordinates": [ 133.3923529, 34.5008527 ] } },
{ "type": "Feature", "properties": { "内容": "ＪＡ福山市訪問看護ステーションたんぽぽ【訪問看護】広島県府中市鵜飼町466番地の1", "url": "https://www.kaigokensaku.mhlw.go.jp/34/index.php?action_kouhyou_detail_004_kani=true&JigyosyoCd=3461790077-00&ServiceCd=130&Type=search", "url2": "http://ｗｗｗ.jafukuyaｍa.or.jｐ/" }, "geometry": { "type": "Point", "coordinates": [ 133.2474279, 34.5709386 ] } },
{ "type": "Feature", "properties": { "内容": "ナーシングケアゆうゆう高木【訪問看護】広島県府中市高木町721", "url": "https://www.kaigokensaku.mhlw.go.jp/34/index.php?action_kouhyou_detail_004_kani=true&JigyosyoCd=3461790051-00&ServiceCd=130&Type=search", "url2": "https://www.careoth-senior.com/yuyu/" }, "geometry": { "type": "Point", "coordinates": [ 133.253038475463114, 34.56205302965278 ] } },
{ "type": "Feature", "properties": { "内容": "府中市民病院訪問看護ステーションあゆみ【訪問看護】広島県府中市鵜飼町555番地3", "url": "https://www.kaigokensaku.mhlw.go.jp/34/index.php?action_kouhyou_detail_004_kani=true&JigyosyoCd=3461790036-00&ServiceCd=130&Type=search", "url2": "https://shimin.fuchuhp.jp/" }, "geometry": { "type": "Point", "coordinates": [ 133.2481755, 34.5694608 ] } },
{ "type": "Feature", "properties": { "内容": "府中北市民病院訪問看護ステーション【訪問看護】広島県府中市上下町上下2101番地", "url": "https://www.kaigokensaku.mhlw.go.jp/34/index.php?action_kouhyou_detail_004_kani=true&JigyosyoCd=3461790044-00&ServiceCd=130&Type=search", "url2": "https://kitashimin.fuchuhp.jp/" }, "geometry": { "type": "Point", "coordinates": [ 133.120174300000031, 34.6965844 ] } },
{ "type": "Feature", "properties": { "内容": "府中地区医師会訪問看護ステーション【訪問看護】府中市鵜飼町496番地の1", "url": "https://www.kaigokensaku.mhlw.go.jp/34/index.php?action_kouhyou_detail_004_kani=true&JigyosyoCd=3461790028-00&ServiceCd=130&Type=search", "url2": "http://www.fuchu-ishikai.net" }, "geometry": { "type": "Point", "coordinates": [ 133.24674779999998, 34.569233 ] } },
{ "type": "Feature", "properties": { "内容": "ゆうしゃいん訪問看護ステーション【訪問看護】広島県三次市吉舎町吉舎606ケアハウス吉舎", "url": "https://www.kaigokensaku.mhlw.go.jp/34/index.php?action_kouhyou_detail_004_kani=true&JigyosyoCd=3461990057-00&ServiceCd=130&Type=search", "url2": "http://www.yuukifukushikai.com/" }, "geometry": { "type": "Point", "coordinates": [ 132.992868700000031, 34.7142669 ] } },
{ "type": "Feature", "properties": { "内容": "訪問看護ステーション「ビハーラ花の里」【訪問看護】三次市山家町605番地の20", "url": "https://www.kaigokensaku.mhlw.go.jp/34/index.php?action_kouhyou_detail_004_kani=true&JigyosyoCd=3461990024-00&ServiceCd=130&Type=search", "url2": "http://mifukai.jp/" }, "geometry": { "type": "Point", "coordinates": [ 132.8364269, 34.8466353 ] } },
{ "type": "Feature", "properties": { "内容": "三次地区医師会訪問看護ステーション「スクラム」【訪問看護】三次市粟屋町柳迫1649-1介護老人保健施設あさぎり内", "url": "https://www.kaigokensaku.mhlw.go.jp/34/index.php?action_kouhyou_detail_004_kani=true&JigyosyoCd=3461990016-00&ServiceCd=130&Type=search", "url2": null }, "geometry": { "type": "Point", "coordinates": [ 132.836833599999977, 34.8047818 ] } },
{ "type": "Feature", "properties": { "内容": "訪問看護ステーションえのかわ【訪問看護】三次市三次町310-4", "url": "https://www.kaigokensaku.mhlw.go.jp/34/index.php?action_kouhyou_detail_004_kani=true&JigyosyoCd=3461990032-00&ServiceCd=130&Type=search", "url2": null }, "geometry": { "type": "Point", "coordinates": [ 132.851287599999978, 34.8143339 ] } },
{ "type": "Feature", "properties": { "内容": "訪問看護ステーション相扶【訪問看護】庄原市尾引町263番地2", "url": "https://www.kaigokensaku.mhlw.go.jp/34/index.php?action_kouhyou_detail_004_kani=true&JigyosyoCd=3462190020-00&ServiceCd=130&Type=search", "url2": "http://www.soufuen.or.jp" }, "geometry": { "type": "Point", "coordinates": [ 132.935553, 34.8158574 ] } },
{ "type": "Feature", "properties": { "内容": "西城訪問看護ステーション【訪問看護】庄原市西城町中野1339", "url": "https://www.kaigokensaku.mhlw.go.jp/34/index.php?action_kouhyou_detail_004_kani=true&JigyosyoCd=3464990013-00&ServiceCd=130&Type=search", "url2": null }, "geometry": { "type": "Point", "coordinates": [ 133.1158322, 34.939795 ] } },
{ "type": "Feature", "properties": { "内容": "庄原赤十字訪問看護ステーション【訪問看護】広島県庄原市西本町二丁目７番１０号", "url": "https://www.kaigokensaku.mhlw.go.jp/34/index.php?action_kouhyou_detail_004_kani=true&JigyosyoCd=3462190038-00&ServiceCd=130&Type=search", "url2": "http://www.shobara.jrc.or.jp/" }, "geometry": { "type": "Point", "coordinates": [ 133.010664499999962, 34.8583258 ] } },
{ "type": "Feature", "properties": { "内容": "訪問看護ステーションあかり【訪問看護】広島県庄原市川北町534-3", "url": "https://www.kaigokensaku.mhlw.go.jp/34/index.php?action_kouhyou_detail_004_kani=true&JigyosyoCd=3462190046-00&ServiceCd=130&Type=search", "url2": null }, "geometry": { "type": "Point", "coordinates": [ 133.0026139, 34.887397 ] } },
{ "type": "Feature", "properties": { "内容": "訪問看護ステーション　エンゼル【訪問看護】広島県庄原市上原町6810番地1", "url": "https://www.kaigokensaku.mhlw.go.jp/34/index.php?action_kouhyou_detail_004_kani=true&JigyosyoCd=3462190012-00&ServiceCd=130&Type=search", "url2": "http://seijin-kai.com/" }, "geometry": { "type": "Point", "coordinates": [ 133.003906587202493, 34.853483682832753 ] } },
{ "type": "Feature", "properties": { "内容": "山下ケアクリニック【訪問看護】大竹市新町１丁目２－７ＤＥＳＩＧＮ２０２　１０１号室", "url": "https://www.kaigokensaku.mhlw.go.jp/34/index.php?action_kouhyou_detail_004_kani=true&JigyosyoCd=3412310777-00&ServiceCd=130&Type=search", "url2": "http://yamashita-cc.jp" }, "geometry": { "type": "Point", "coordinates": [ 132.2221611, 34.2176658 ] } },
{ "type": "Feature", "properties": { "内容": "メープルヒル病院【訪問看護】広島県大竹市玖波5-2-1", "url": "https://www.kaigokensaku.mhlw.go.jp/34/index.php?action_kouhyou_detail_004_kani=true&JigyosyoCd=3412310272-00&ServiceCd=130&Type=search", "url2": "https://www.tijinkai.or.jp/" }, "geometry": { "type": "Point", "coordinates": [ 132.2233721, 34.2567668 ] } },
{ "type": "Feature", "properties": { "内容": "大竹市医師会訪問看護ステーション【訪問看護】広島県大竹市油見三丁目６－８大竹市医師会デイセンター２階", "url": "https://www.kaigokensaku.mhlw.go.jp/34/index.php?action_kouhyou_detail_004_kani=true&JigyosyoCd=3462390018-00&ServiceCd=130&Type=search", "url2": "http://otake-med.org/facilityinfo/visitingnursing.php" }, "geometry": { "type": "Point", "coordinates": [ 132.220529435581938, 34.218563914977011 ] } },
{ "type": "Feature", "properties": { "内容": "合同会社ラポール訪問看護ステーション【訪問看護】広島県大竹市黒川1丁目8番地25号", "url": "https://www.kaigokensaku.mhlw.go.jp/34/index.php?action_kouhyou_detail_004_kani=true&JigyosyoCd=3462390067-00&ServiceCd=130&Type=search", "url2": null }, "geometry": { "type": "Point", "coordinates": [ 132.223596575499357, 34.247114621657005 ] } },
{ "type": "Feature", "properties": { "内容": "ゆなの風訪問看護ステーション【訪問看護】広島県東広島市八本松東6丁目2番32号", "url": "https://www.kaigokensaku.mhlw.go.jp/34/index.php?action_kouhyou_detail_004_kani=true&JigyosyoCd=3462590245-00&ServiceCd=130&Type=search", "url2": "https://www.yunanokaze.com/" }, "geometry": { "type": "Point", "coordinates": [ 132.754656399999931, 34.416287300000015 ] } },
{ "type": "Feature", "properties": { "内容": "在宅看護センター　訪問看護もりの時計【訪問看護】広島県東広島市安芸津町風早3116-4", "url": "https://www.kaigokensaku.mhlw.go.jp/34/index.php?action_kouhyou_detail_004_kani=true&JigyosyoCd=3462590286-00&ServiceCd=130&Type=search", "url2": "https://www.morinotokei-0601.co.jp/" }, "geometry": { "type": "Point", "coordinates": [ 132.8078494, 34.3161295 ] } },
{ "type": "Feature", "properties": { "内容": "ふれあい訪問看護ステーション西条【訪問看護】広島県東広島市西条町寺家7432番地の1", "url": "https://www.kaigokensaku.mhlw.go.jp/34/index.php?action_kouhyou_detail_004_kani=true&JigyosyoCd=3462590310-00&ServiceCd=130&Type=search", "url2": null }, "geometry": { "type": "Point", "coordinates": [ 132.7287428, 34.4227014 ] } },
{ "type": "Feature", "properties": { "内容": "訪問看護ステーション　デューン東広島【訪問看護】広島県東広島市西条町西条東1300-3Ａ・Ｉ・Ｔ201号", "url": "https://www.kaigokensaku.mhlw.go.jp/34/index.php?action_kouhyou_detail_004_kani=true&JigyosyoCd=3462590229-00&ServiceCd=130&Type=search", "url2": "https://www.nfield.co.jp/" }, "geometry": { "type": "Point", "coordinates": [ 132.740134799999964, 34.4261277 ] } },
{ "type": "Feature", "properties": { "内容": "訪問看護ステーション　ヒノキ【訪問看護】広島県東広島市西条中央5丁目7番8号ウイング1ビル　203号", "url": "https://www.kaigokensaku.mhlw.go.jp/34/index.php?action_kouhyou_detail_004_kani=true&JigyosyoCd=3462590351-00&ServiceCd=130&Type=search", "url2": "https://houkanhinoki.jp" }, "geometry": { "type": "Point", "coordinates": [ 132.7428452, 34.4141596 ] } },
{ "type": "Feature", "properties": { "内容": "訪問看護ステーションあんさんぶる【訪問看護】広島県東広島市西条西本町28-6サンスクエア東広島3階インキュベーションルームD室", "url": "https://www.kaigokensaku.mhlw.go.jp/34/index.php?action_kouhyou_detail_004_kani=true&JigyosyoCd=3462590393-00&ServiceCd=130&Type=search", "url2": "https://ensemble-mentalhealth.com/" }, "geometry": { "type": "Point", "coordinates": [ 132.7404845, 34.4277493 ] } },
{ "type": "Feature", "properties": { "内容": "訪問看護ステーション　AOIケアリングステーション【訪問看護】広島県東広島市八本松南1丁目１３－１７", "url": "https://www.kaigokensaku.mhlw.go.jp/34/index.php?action_kouhyou_detail_004_kani=true&JigyosyoCd=3462590179-00&ServiceCd=130&Type=search", "url2": null }, "geometry": { "type": "Point", "coordinates": [ 132.701387899999986, 34.4442889 ] } },
{ "type": "Feature", "properties": { "内容": "ウィル訪問看護ステーションみそのっこ【訪問看護】広島県東広島市西条町御薗宇5585-1", "url": "https://www.kaigokensaku.mhlw.go.jp/34/index.php?action_kouhyou_detail_004_kani=true&JigyosyoCd=3462590344-00&ServiceCd=130&Type=search", "url2": "https://yuzucco.com/" }, "geometry": { "type": "Point", "coordinates": [ 132.749141400000013, 34.4092818 ] } },
{ "type": "Feature", "properties": { "内容": "訪問看護ステーション長寿苑【訪問看護】東広島市西条町馬木1567番地", "url": "https://www.kaigokensaku.mhlw.go.jp/34/index.php?action_kouhyou_detail_004_kani=true&JigyosyoCd=3462590054-00&ServiceCd=130&Type=search", "url2": "https://chojuen.jp" }, "geometry": { "type": "Point", "coordinates": [ 132.720495645368914, 34.360295974733603 ] } },
{ "type": "Feature", "properties": { "内容": "東広島訪問看護ステーション【訪問看護】東広島市西条町御薗宇703番地", "url": "https://www.kaigokensaku.mhlw.go.jp/34/index.php?action_kouhyou_detail_004_kani=true&JigyosyoCd=3462590013-00&ServiceCd=130&Type=search", "url2": "http://www.youyou.or.jp/" }, "geometry": { "type": "Point", "coordinates": [ 132.753863283605938, 34.400899426705834 ] } },
{ "type": "Feature", "properties": { "内容": "井野口訪問看護ステーション【訪問看護】広島県東広島市西条土与丸六丁目1番91号", "url": "https://www.kaigokensaku.mhlw.go.jp/34/index.php?action_kouhyou_detail_004_kani=true&JigyosyoCd=3462590187-00&ServiceCd=130&Type=search", "url2": "http://inokuchi.or.jp/" }, "geometry": { "type": "Point", "coordinates": [ 132.753055990980471, 34.426953255980642 ] } },
{ "type": "Feature", "properties": { "内容": "訪問看護ステーションあすなろ西条【訪問看護】広島県東広島市西条町吉行1456番ケアハウスあすなろ", "url": "https://www.kaigokensaku.mhlw.go.jp/34/index.php?action_kouhyou_detail_004_kani=true&JigyosyoCd=3462590302-00&ServiceCd=130&Type=search", "url2": "http://www.hosei.or.jp/" }, "geometry": { "type": "Point", "coordinates": [ 132.747576900000013, 34.439653 ] } },
{ "type": "Feature", "properties": { "内容": "賀茂台地訪問看護ステーション【訪問看護】東広島市西条町土与丸１１１３番地", "url": "https://www.kaigokensaku.mhlw.go.jp/34/index.php?action_kouhyou_detail_004_kani=true&JigyosyoCd=3462590021-00&ServiceCd=130&Type=search", "url2": "http://www.east-hiroshima-med.or.jp" }, "geometry": { "type": "Point", "coordinates": [ 132.752995199999987, 34.4242891 ] } },
{ "type": "Feature", "properties": { "内容": "あいず訪問看護ステーション御薗宇【訪問看護】広島県東広島市西条町御薗宇4290-1", "url": "https://www.kaigokensaku.mhlw.go.jp/34/index.php?action_kouhyou_detail_004_kani=true&JigyosyoCd=3462590377-00&ServiceCd=130&Type=search", "url2": "https://www.aizu-company.co.jp" }, "geometry": { "type": "Point", "coordinates": [ 132.750877399999979, 34.4068126 ] } },
{ "type": "Feature", "properties": { "内容": "訪問看護ステーションelama寺家駅前【訪問看護】広島県東広島市寺家駅前13-15", "url": "https://www.kaigokensaku.mhlw.go.jp/34/index.php?action_kouhyou_detail_004_kani=true&JigyosyoCd=3462590328-00&ServiceCd=130&Type=search", "url2": "http://rubicon-group.jp" }, "geometry": { "type": "Point", "coordinates": [ 132.7240511, 34.4389077 ] } },
{ "type": "Feature", "properties": { "内容": "訪問看護ステーションみのり【訪問看護】広島県東広島市八本松南1丁目14-10", "url": "https://www.kaigokensaku.mhlw.go.jp/34/index.php?action_kouhyou_detail_004_kani=true&JigyosyoCd=3462590104-00&ServiceCd=130&Type=search", "url2": "http://www.houmonkango-minori.com" }, "geometry": { "type": "Point", "coordinates": [ 132.700665097031816, 34.445440894545278 ] } },
{ "type": "Feature", "properties": { "内容": "訪問看護ステーションあすか東広島【訪問看護】広島県東広島市黒瀬町国近335-9", "url": "https://www.kaigokensaku.mhlw.go.jp/34/index.php?action_kouhyou_detail_004_kani=true&JigyosyoCd=3462590112-00&ServiceCd=130&Type=search", "url2": null }, "geometry": { "type": "Point", "coordinates": [ 132.714925900000026, 34.351099499999982 ] } },
{ "type": "Feature", "properties": { "内容": "訪問看護ステーションリンク【訪問看護】広島県東広島市西条大坪町9番52号大坪モール　A-2", "url": "https://www.kaigokensaku.mhlw.go.jp/34/index.php?action_kouhyou_detail_004_kani=true&JigyosyoCd=3462590237-00&ServiceCd=130&Type=search", "url2": "https://www.lightning-ls.co.jp/" }, "geometry": { "type": "Point", "coordinates": [ 132.746457429360959, 34.422271822778221 ] } },
{ "type": "Feature", "properties": { "内容": "訪問看護ステーションりの【訪問看護】広島県東広島市黒瀬町切田が丘１丁目２９－９", "url": "https://www.kaigokensaku.mhlw.go.jp/34/index.php?action_kouhyou_detail_004_kani=true&JigyosyoCd=3462590278-00&ServiceCd=130&Type=search", "url2": "https://123lino.com/" }, "geometry": { "type": "Point", "coordinates": [ 132.653502098339033, 34.325575120775191 ] } },
{ "type": "Feature", "properties": { "内容": "訪問看護ステーションやまねこ【訪問看護】広島県東広島市西条町御薗宇6459-2s.a.box御薗宇104", "url": "https://www.kaigokensaku.mhlw.go.jp/34/index.php?action_kouhyou_detail_004_kani=true&JigyosyoCd=3462590369-00&ServiceCd=130&Type=search", "url2": null }, "geometry": { "type": "Point", "coordinates": [ 132.750514231379071, 34.416806518591841 ] } },
{ "type": "Feature", "properties": { "内容": "訪問看護ステーションかがやき西条【訪問看護】広島県東広島市西条町御薗宇5489-6フィリア御薗宇５号室", "url": "https://www.kaigokensaku.mhlw.go.jp/34/index.php?action_kouhyou_detail_004_kani=true&JigyosyoCd=3462590385-00&ServiceCd=130&Type=search", "url2": "https://lsi-kk.co.jp/" }, "geometry": { "type": "Point", "coordinates": [ 132.751022, 34.4122078 ] } },
{ "type": "Feature", "properties": { "内容": "訪問看護ステーションぬくもり【訪問看護】広島県東広島市八本松町飯田525-3", "url": "https://www.kaigokensaku.mhlw.go.jp/34/index.php?action_kouhyou_detail_004_kani=true&JigyosyoCd=3462590401-00&ServiceCd=130&Type=search", "url2": "https://life-care-takasago.jp/h_hiroshima/houkan_nukumori/" }, "geometry": { "type": "Point", "coordinates": [ 132.6943499, 34.4503435 ] } },
{ "type": "Feature", "properties": { "内容": "訪問看護ステーション　桜が丘保養園【訪問看護】東広島市西条町寺家5976", "url": "https://www.kaigokensaku.mhlw.go.jp/34/index.php?action_kouhyou_detail_004_kani=true&JigyosyoCd=3462590419-00&ServiceCd=130&Type=search", "url2": "http://sakuragaoka.org" }, "geometry": { "type": "Point", "coordinates": [ 132.7357897, 34.4376684 ] } },
{ "type": "Feature", "properties": { "内容": "訪問看護ステーションさくら【訪問看護】廿日市市丸石2丁目3-35", "url": "https://www.kaigokensaku.mhlw.go.jp/34/index.php?action_kouhyou_detail_004_kani=true&JigyosyoCd=3413312335-00&ServiceCd=130&Type=search", "url2": null }, "geometry": { "type": "Point", "coordinates": [ 132.261346600000024, 34.2750849 ] } },
{ "type": "Feature", "properties": { "内容": "訪問看護ステーションこころーれ廿日市【訪問看護】広島県廿日市市串戸1-9-46ハグマビル201", "url": "https://www.kaigokensaku.mhlw.go.jp/34/index.php?action_kouhyou_detail_004_kani=true&JigyosyoCd=3462790084-00&ServiceCd=130&Type=search", "url2": "http://www.kusatsu-hp.jp" }, "geometry": { "type": "Point", "coordinates": [ 132.327525299999934, 34.3466455 ] } },
{ "type": "Feature", "properties": { "内容": "訪問看護ステーション　れあ【訪問看護】広島県　廿日市市　佐方1丁目12-12メゾンパイA201号", "url": "https://www.kaigokensaku.mhlw.go.jp/34/index.php?action_kouhyou_detail_004_kani=true&JigyosyoCd=3462790241-00&ServiceCd=130&Type=search", "url2": null }, "geometry": { "type": "Point", "coordinates": [ 132.3408521, 34.3637544 ] } },
{ "type": "Feature", "properties": { "内容": "廿日市野村病院【訪問看護】廿日市市宮内字佐原田4209-2", "url": "https://www.kaigokensaku.mhlw.go.jp/34/index.php?action_kouhyou_detail_004_kani=true&JigyosyoCd=3412710513-00&ServiceCd=130&Type=search", "url2": "http://www.miyauchi.or.jp/" }, "geometry": { "type": "Point", "coordinates": [ 132.298786658721951, 34.339940788404689 ] } },
{ "type": "Feature", "properties": { "内容": "半明内科クリニック【訪問看護】広島県廿日市市宮内4丁目10-23田川ビル2階", "url": "https://www.kaigokensaku.mhlw.go.jp/34/index.php?action_kouhyou_detail_004_kani=true&JigyosyoCd=3412710463-00&ServiceCd=130&Type=search", "url2": null }, "geometry": { "type": "Point", "coordinates": [ 132.312462500000038, 34.3488369 ] } },
{ "type": "Feature", "properties": { "内容": "ハートフルステーションあまの【訪問看護】廿日市市串戸5丁目1番37号", "url": "https://www.kaigokensaku.mhlw.go.jp/34/index.php?action_kouhyou_detail_004_kani=true&JigyosyoCd=3462790043-00&ServiceCd=130&Type=search", "url2": "https://amanohospital.jp" }, "geometry": { "type": "Point", "coordinates": [ 132.320703900000012, 34.3498186 ] } },
{ "type": "Feature", "properties": { "内容": "大野東クリニック【訪問看護】広島県廿日市市大野下更地1809-9", "url": "https://www.kaigokensaku.mhlw.go.jp/34/index.php?action_kouhyou_detail_004_kani=true&JigyosyoCd=3412711305-00&ServiceCd=130&Type=search", "url2": null }, "geometry": { "type": "Point", "coordinates": [ 132.290705300000013, 34.3134816 ] } },
{ "type": "Feature", "properties": { "内容": "訪問看護ステーションさくら【訪問看護】広島県廿日市市丸石2-3-35", "url": "https://www.kaigokensaku.mhlw.go.jp/34/index.php?action_kouhyou_detail_004_kani=true&JigyosyoCd=3462790167-00&ServiceCd=130&Type=search", "url2": "https://www.onoura.or.jp" }, "geometry": { "type": "Point", "coordinates": [ 132.2616104, 34.2748516 ] } },
{ "type": "Feature", "properties": { "内容": "もみじケア訪問看護ステーション【訪問看護】広島県廿日市市廿日市2-5-9", "url": "https://www.kaigokensaku.mhlw.go.jp/34/index.php?action_kouhyou_detail_004_kani=true&JigyosyoCd=3462790225-00&ServiceCd=130&Type=search", "url2": "http://momijicare.co.jp/" }, "geometry": { "type": "Point", "coordinates": [ 132.336925864219694, 34.355146170709702 ] } },
{ "type": "Feature", "properties": { "内容": "オムエル訪問看護ステーション【訪問看護】広島県廿日市市佐方2丁目11-18", "url": "https://www.kaigokensaku.mhlw.go.jp/34/index.php?action_kouhyou_detail_004_kani=true&JigyosyoCd=3462790274-00&ServiceCd=130&Type=search", "url2": "http://www.omwell.co.jp/" }, "geometry": { "type": "Point", "coordinates": [ 132.33729790000001, 34.3639437 ] } },
{ "type": "Feature", "properties": { "内容": "佐伯地区医師会訪問看護ステーション【訪問看護】廿日市市本町5-1廿日市市商工保健会館2階", "url": "https://www.kaigokensaku.mhlw.go.jp/34/index.php?action_kouhyou_detail_004_kani=true&JigyosyoCd=3462790019-00&ServiceCd=130&Type=search", "url2": "http://saikima.jp/" }, "geometry": { "type": "Point", "coordinates": [ 132.333724399999937, 34.3513269 ] } },
{ "type": "Feature", "properties": { "内容": "厚生連広島訪問看護ステーション【訪問看護】広島県廿日市市地御前１丁目3-3ＪＡ広島総合病院", "url": "https://www.kaigokensaku.mhlw.go.jp/34/index.php?action_kouhyou_detail_004_kani=true&JigyosyoCd=3462790027-00&ServiceCd=130&Type=search", "url2": "https://hirobyo.jp/department/home-healthcare/#cha2" }, "geometry": { "type": "Point", "coordinates": [ 132.322845499999971, 34.3437999 ] } },
{ "type": "Feature", "properties": { "内容": "訪問看護ステーションらいとす廿日市【訪問看護】広島県廿日市市宮内4丁目10-5在宅生活支援センターらいとす廿日市", "url": "https://www.kaigokensaku.mhlw.go.jp/34/index.php?action_kouhyou_detail_004_kani=true&JigyosyoCd=3462790118-00&ServiceCd=130&Type=search", "url2": "http://rehacare-net.or.jp/" }, "geometry": { "type": "Point", "coordinates": [ 132.313091405966361, 34.348996411332763 ] } },
{ "type": "Feature", "properties": { "内容": "訪問看護ステーション和み【訪問看護】広島県廿日市市串戸４丁目２番１６号", "url": "https://www.kaigokensaku.mhlw.go.jp/34/index.php?action_kouhyou_detail_004_kani=true&JigyosyoCd=3462790134-00&ServiceCd=130&Type=search", "url2": "http://www.yuwa-hosp.com" }, "geometry": { "type": "Point", "coordinates": [ 132.323744507340308, 34.35105313857261 ] } },
{ "type": "Feature", "properties": { "内容": "訪問看護ステーション　いつくしま【訪問看護】広島県廿日市市大野299-1", "url": "https://www.kaigokensaku.mhlw.go.jp/34/index.php?action_kouhyou_detail_004_kani=true&JigyosyoCd=3462790159-00&ServiceCd=130&Type=search", "url2": "http://sakoju-itsukushima.co.jp/" }, "geometry": { "type": "Point", "coordinates": [ 132.29354056619357, 34.311740555394763 ] } },
{ "type": "Feature", "properties": { "内容": "きむら訪問看護ステーション　ミモザ【訪問看護】広島県廿日市市阿品台4-17-31", "url": "https://www.kaigokensaku.mhlw.go.jp/34/index.php?action_kouhyou_detail_004_kani=true&JigyosyoCd=3462790233-00&ServiceCd=130&Type=search", "url2": "http://www.kimuraclinic.jp/" }, "geometry": { "type": "Point", "coordinates": [ 132.304960199999982, 34.3269494 ] } },
{ "type": "Feature", "properties": { "内容": "訪問看護ステーション「ゆうわ」【訪問看護】廿日市市峠字下ヶ原５００番地", "url": "https://www.kaigokensaku.mhlw.go.jp/34/index.php?action_kouhyou_detail_004_kani=true&JigyosyoCd=3463390033-00&ServiceCd=130&Type=search", "url2": "https://www.yuwa-hosp.com/" }, "geometry": { "type": "Point", "coordinates": [ 132.246920300000056, 34.3586887 ] } },
{ "type": "Feature", "properties": { "内容": "エコール訪問看護ステーション廿日市【訪問看護】広島県廿日市市木材港北6番78号", "url": "https://www.kaigokensaku.mhlw.go.jp/34/index.php?action_kouhyou_detail_004_kani=true&JigyosyoCd=3462790258-00&ServiceCd=130&Type=search", "url2": "https://www.nihonkijun.jp/" }, "geometry": { "type": "Point", "coordinates": [ 132.3428753, 34.3499408 ] } },
{ "type": "Feature", "properties": { "内容": "訪問看護ステーションきさらぎ【訪問看護】広島県廿日市市対厳山二丁目15番6号", "url": "https://www.kaigokensaku.mhlw.go.jp/34/index.php?action_kouhyou_detail_004_kani=true&JigyosyoCd=3462790126-00&ServiceCd=130&Type=search", "url2": "https://kisaragi-houkan.jp/" }, "geometry": { "type": "Point", "coordinates": [ 132.29666480000003, 34.3154664 ] } },
{ "type": "Feature", "properties": { "内容": "うるおい訪問看護リハビリステーション【訪問看護】広島県廿日市市佐方一丁目4番15号2F", "url": "https://www.kaigokensaku.mhlw.go.jp/34/index.php?action_kouhyou_detail_004_kani=true&JigyosyoCd=3462790175-00&ServiceCd=130&Type=search", "url2": "https://uruoi-ns-pt-ot-st.com/" }, "geometry": { "type": "Point", "coordinates": [ 132.340850990389868, 34.364678407098175 ] } },
{ "type": "Feature", "properties": { "内容": "訪問看護ステーションコープはつかいち【訪問看護】廿日市市大野原1丁目2－10生協ひろしま大野事務所内", "url": "https://www.kaigokensaku.mhlw.go.jp/34/index.php?action_kouhyou_detail_004_kani=true&JigyosyoCd=3462790191-00&ServiceCd=130&Type=search", "url2": "http://www.hch.coop" }, "geometry": { "type": "Point", "coordinates": [ 132.271387, 34.2871613 ] } },
{ "type": "Feature", "properties": { "内容": "訪問看護ステーションマハロ【訪問看護】広島県廿日市市宮島口上1丁目2-17", "url": "https://www.kaigokensaku.mhlw.go.jp/34/index.php?action_kouhyou_detail_004_kani=true&JigyosyoCd=3462790209-00&ServiceCd=130&Type=search", "url2": "https://kurashi-ohana.com" }, "geometry": { "type": "Point", "coordinates": [ 132.307374900000013, 34.3556114 ] } },
{ "type": "Feature", "properties": { "内容": "すみよい訪問看護ステーション【訪問看護】広島県廿日市市四季が丘1-5-1", "url": "https://www.kaigokensaku.mhlw.go.jp/34/index.php?action_kouhyou_detail_004_kani=true&JigyosyoCd=3462790282-00&ServiceCd=130&Type=search", "url2": "https://www.sumiyoi.com/" }, "geometry": { "type": "Point", "coordinates": [ 132.29676090000001, 34.3506286 ] } },
{ "type": "Feature", "properties": { "内容": "訪問看護ステーション　スープ宮島【訪問看護】広島県廿日市市宮島口東1-3-12", "url": "https://www.kaigokensaku.mhlw.go.jp/34/index.php?action_kouhyou_detail_004_kani=true&JigyosyoCd=3462790290-00&ServiceCd=130&Type=search", "url2": null }, "geometry": { "type": "Point", "coordinates": [ 132.3047515, 34.3181419 ] } },
{ "type": "Feature", "properties": { "内容": "安芸高田市医師会訪問看護ステーション【訪問看護】安芸高田市吉田町吉田1010番地2", "url": "https://www.kaigokensaku.mhlw.go.jp/34/index.php?action_kouhyou_detail_004_kani=true&JigyosyoCd=3463690010-00&ServiceCd=130&Type=search", "url2": "http://www.akitakatamed.or.jp" }, "geometry": { "type": "Point", "coordinates": [ 132.704787500000066, 34.6637884 ] } },
{ "type": "Feature", "properties": { "内容": "メリィ訪問看護ステーション八千代【訪問看護】広島県安芸高田市八千代町勝田459有料老人ホームメリィハウス八千代　4Ｆ", "url": "https://www.kaigokensaku.mhlw.go.jp/34/index.php?action_kouhyou_detail_004_kani=true&JigyosyoCd=3463690044-00&ServiceCd=130&Type=search", "url2": null }, "geometry": { "type": "Point", "coordinates": [ 132.6240017, 34.6376272 ] } },
{ "type": "Feature", "properties": { "内容": "はぴねす訪問看護ステーション【訪問看護】広島県江田島市大柿町柿浦1557番地", "url": "https://www.kaigokensaku.mhlw.go.jp/34/index.php?action_kouhyou_detail_004_kani=true&JigyosyoCd=3463190060-00&ServiceCd=130&Type=search", "url2": null }, "geometry": { "type": "Point", "coordinates": [ 132.470245500000033, 34.1815575 ] } },
{ "type": "Feature", "properties": { "内容": "島の病院おおたに【訪問看護】広島県江田島市能美町中町4711", "url": "https://www.kaigokensaku.mhlw.go.jp/34/index.php?action_kouhyou_detail_004_kani=true&JigyosyoCd=3412910089-00&ServiceCd=130&Type=search", "url2": "http://otani.or.jp" }, "geometry": { "type": "Point", "coordinates": [ 132.452507902711858, 34.225850152914539 ] } },
{ "type": "Feature", "properties": { "内容": "江田島訪問看護ステーションえん【訪問看護】広島県江田島市大柿町小古江1428番地1", "url": "https://www.kaigokensaku.mhlw.go.jp/34/index.php?action_kouhyou_detail_004_kani=true&JigyosyoCd=3463190086-00&ServiceCd=130&Type=search", "url2": "https://sites.google.com/view/zaienn" }, "geometry": { "type": "Point", "coordinates": [ 132.452686897241989, 34.183638321505221 ] } },
{ "type": "Feature", "properties": { "内容": "訪問看護ステーション安芸通り【訪問看護】広島県安芸郡府中町石井城2丁目10番23号301", "url": "https://www.kaigokensaku.mhlw.go.jp/34/index.php?action_kouhyou_detail_004_kani=true&JigyosyoCd=3463290084-00&ServiceCd=130&Type=search", "url2": "https://www.moi-akidouri.com/" }, "geometry": { "type": "Point", "coordinates": [ 132.5079959, 34.4003813 ] } },
{ "type": "Feature", "properties": { "内容": "安芸地区医師会府中町訪問看護ステーション【訪問看護】広島県安芸郡府中町山田1丁目1-42", "url": "https://www.kaigokensaku.mhlw.go.jp/34/index.php?action_kouhyou_detail_004_kani=true&JigyosyoCd=3463290027-00&ServiceCd=130&Type=search", "url2": "http://aki.hiroshima.med.or.jp" }, "geometry": { "type": "Point", "coordinates": [ 132.511582147220992, 34.397623692531475 ] } },
{ "type": "Feature", "properties": { "内容": "府中みくまり病院訪問看護ステーション【訪問看護】広島県安芸郡府中町みくまり三丁目１番11号", "url": "https://www.kaigokensaku.mhlw.go.jp/34/index.php?action_kouhyou_detail_004_kani=true&JigyosyoCd=3463290100-00&ServiceCd=130&Type=search", "url2": "https://fuchu-mikumari.or.jp/visit-nurse.html" }, "geometry": { "type": "Point", "coordinates": [ 132.517008846032752, 34.406732417061917 ] } },
{ "type": "Feature", "properties": { "内容": "訪問看護ステーション　森のくまさん府中【訪問看護】広島県安芸郡府中町八幡１丁目16-15", "url": "https://www.kaigokensaku.mhlw.go.jp/34/index.php?action_kouhyou_detail_004_kani=true&JigyosyoCd=3463290118-00&ServiceCd=130&Type=search", "url2": null }, "geometry": { "type": "Point", "coordinates": [ 132.5122206, 34.3877676 ] } },
{ "type": "Feature", "properties": { "内容": "訪問看護ステーション　れんげ【訪問看護】広島県安芸郡海田町西浜３番３７203号", "url": "https://www.kaigokensaku.mhlw.go.jp/34/index.php?action_kouhyou_detail_004_kani=true&JigyosyoCd=3463290068-00&ServiceCd=130&Type=search", "url2": "https://www.rapport-care-renge.net/" }, "geometry": { "type": "Point", "coordinates": [ 132.544476799999984, 34.3705701 ] } },
{ "type": "Feature", "properties": { "内容": "医療法人秋本クリニック【訪問看護】広島県安芸郡海田町稲荷町3番34号", "url": "https://www.kaigokensaku.mhlw.go.jp/34/index.php?action_kouhyou_detail_004_kani=true&JigyosyoCd=3413211107-00&ServiceCd=130&Type=search", "url2": "https://akimoto-clinic-k.com/" }, "geometry": { "type": "Point", "coordinates": [ 132.532260281597331, 34.374225651895074 ] } },
{ "type": "Feature", "properties": { "内容": "安芸地区医師会訪問看護ステーション【訪問看護】広島県安芸郡海田町栄町５番１３号", "url": "https://www.kaigokensaku.mhlw.go.jp/34/index.php?action_kouhyou_detail_004_kani=true&JigyosyoCd=3463290019-00&ServiceCd=130&Type=search", "url2": "http://aki.hiroshima.med.or.jp/" }, "geometry": { "type": "Point", "coordinates": [ 132.534854755819623, 34.36139193574769 ] } },
{ "type": "Feature", "properties": { "内容": "秋本クリニック訪問看護ステーション【訪問看護】広島県安芸郡海田町稲荷町3-34", "url": "https://www.kaigokensaku.mhlw.go.jp/34/index.php?action_kouhyou_detail_004_kani=true&JigyosyoCd=3463290076-00&ServiceCd=130&Type=search", "url2": "https://akimoto-clinic-k.com/" }, "geometry": { "type": "Point", "coordinates": [ 132.5322462, 34.3742013 ] } },
{ "type": "Feature", "properties": { "内容": "安芸地区医師会熊野町訪問看護ステーション【訪問看護】広島県安芸郡熊野町中溝町1丁目11番1号熊野町地域福祉会館", "url": "https://www.kaigokensaku.mhlw.go.jp/34/index.php?action_kouhyou_detail_004_kani=true&JigyosyoCd=3463190037-00&ServiceCd=130&Type=search", "url2": "http://www.aki.hiroshima.med.or.jp" }, "geometry": { "type": "Point", "coordinates": [ 132.5865311, 34.3357713 ] } },
{ "type": "Feature", "properties": { "内容": "ルミエール訪問看護ステーション【訪問看護】広島県安芸郡熊野町川角1-1-21", "url": "https://www.kaigokensaku.mhlw.go.jp/34/index.php?action_kouhyou_detail_004_kani=true&JigyosyoCd=3463190078-00&ServiceCd=130&Type=search", "url2": null }, "geometry": { "type": "Point", "coordinates": [ 132.571448, 34.3326214 ] } },
{ "type": "Feature", "properties": { "内容": "訪問看護ステーションＡＣＴひろしまリベルタ【訪問看護】広島県安芸郡坂町坂西二丁目1番23－2", "url": "https://www.kaigokensaku.mhlw.go.jp/34/index.php?action_kouhyou_detail_004_kani=true&JigyosyoCd=3463190094-00&ServiceCd=130&Type=search", "url2": "http://hp.kaipoke.biz/s9s/index.html" }, "geometry": { "type": "Point", "coordinates": [ 132.516438199999982, 34.336243500000023 ] } },
{ "type": "Feature", "properties": { "内容": "訪問看護ステーションやすらぎ【訪問看護】広島県安芸郡坂町北新地2丁目3番10号", "url": "https://www.kaigokensaku.mhlw.go.jp/34/index.php?action_kouhyou_detail_004_kani=true&JigyosyoCd=3463190029-00&ServiceCd=130&Type=search", "url2": "https://www.saiseikai.com/common/facility/yasuragi.html" }, "geometry": { "type": "Point", "coordinates": [ 132.518643600000019, 34.3507891 ] } },
{ "type": "Feature", "properties": { "内容": "訪問看護ステーションコスモス【訪問看護】広島県安芸郡坂町小屋浦3丁目4番9号", "url": "https://www.kaigokensaku.mhlw.go.jp/34/index.php?action_kouhyou_detail_004_kani=true&JigyosyoCd=3463190102-00&ServiceCd=130&Type=search", "url2": "https://cosmos-aki.com/" }, "geometry": { "type": "Point", "coordinates": [ 132.509574500000014, 34.3018207 ] } },
{ "type": "Feature", "properties": { "内容": "安芸太田町訪問看護ステーション【訪問看護】広島県山県郡安芸太田町大字下殿河内236番地", "url": "https://www.kaigokensaku.mhlw.go.jp/34/index.php?action_kouhyou_detail_004_kani=true&JigyosyoCd=3463590038-00&ServiceCd=130&Type=search", "url2": "https://www.akiota.jp/site/byouinsabu/" }, "geometry": { "type": "Point", "coordinates": [ 132.291591499999981, 34.5864811 ] } },
{ "type": "Feature", "properties": { "内容": "訪問看護ステーションちよだ【訪問看護】広島県山県郡北広島町壬生915-4", "url": "https://www.kaigokensaku.mhlw.go.jp/34/index.php?action_kouhyou_detail_004_kani=true&JigyosyoCd=3463590020-00&ServiceCd=130&Type=search", "url2": "http://www.m-meiwakai.jp" }, "geometry": { "type": "Point", "coordinates": [ 132.552717963298846, 34.680414304512155 ] } },
{ "type": "Feature", "properties": { "内容": "北広島町雄鹿原診療所【訪問看護】広島県山県郡北広島町荒神原200番地", "url": "https://www.kaigokensaku.mhlw.go.jp/34/index.php?action_kouhyou_detail_004_kani=true&JigyosyoCd=3413510078-00&ServiceCd=130&Type=search", "url2": null }, "geometry": { "type": "Point", "coordinates": [ 132.250477, 34.7295393 ] } },
{ "type": "Feature", "properties": { "内容": "つなぐ訪問看護ステーション【訪問看護】広島県山県郡北広島町大朝1661－4", "url": "https://www.kaigokensaku.mhlw.go.jp/34/index.php?action_kouhyou_detail_004_kani=true&JigyosyoCd=3463590087-00&ServiceCd=130&Type=search", "url2": null }, "geometry": { "type": "Point", "coordinates": [ 132.465283, 34.7728817 ] } },
{ "type": "Feature", "properties": { "内容": "訪問看護ステーションおおさき【訪問看護】広島県豊田郡大崎上島町中野5522番地36", "url": "https://www.kaigokensaku.mhlw.go.jp/34/index.php?action_kouhyou_detail_004_kani=true&JigyosyoCd=3463990030-00&ServiceCd=130&Type=search", "url2": "http://osakifukushikai.jp/" }, "geometry": { "type": "Point", "coordinates": [ 132.883343400000058, 34.2459715 ] } },
{ "type": "Feature", "properties": { "内容": "訪問看護ステーションはちみつ【訪問看護】広島県豊田郡大崎上島町中野5522番地6", "url": "https://www.kaigokensaku.mhlw.go.jp/34/index.php?action_kouhyou_detail_004_kani=true&JigyosyoCd=3463990048-00&ServiceCd=130&Type=search", "url2": "https://bee-hive-hiroshima.com" }, "geometry": { "type": "Point", "coordinates": [ 132.883394900000013, 34.2459114 ] } },
{ "type": "Feature", "properties": { "内容": "世羅中央訪問看護ステーション【訪問看護】広島県世羅郡世羅町大字本郷918番地3", "url": "https://www.kaigokensaku.mhlw.go.jp/34/index.php?action_kouhyou_detail_004_kani=true&JigyosyoCd=3464290018-00&ServiceCd=130&Type=search", "url2": "http://www.serachuo-hp.jp/org/chiiki.html" }, "geometry": { "type": "Point", "coordinates": [ 133.04593748954926, 34.585909032793701 ] } },
{ "type": "Feature", "properties": { "内容": "神石高原町立病院【訪問看護】広島県神石郡神石高原町小畠1709-3", "url": "https://www.kaigokensaku.mhlw.go.jp/34/index.php?action_kouhyou_detail_004_kani=true&JigyosyoCd=3414610299-00&ServiceCd=130&Type=search", "url2": "http://www.youseikai-grp.jp/jth/" }, "geometry": { "type": "Point", "coordinates": [ 133.250978699999962, 34.7030611 ] } }
]
}
