{
"type": "FeatureCollection",
"name": "geo_34_訪問介護",
"crs": { "type": "name", "properties": { "name": "urn:ogc:def:crs:OGC:1.3:CRS84" } },
"features": [
{ "type": "Feature", "properties": { "内容": "I.L.Cひろしま【訪問介護】広島県広島市中区東平塚町3-10", "url": "https://www.kaigokensaku.mhlw.go.jp/34/index.php?action_kouhyou_detail_004_kani=true&JigyosyoCd=3470214028-00&ServiceCd=110&Type=search", "url2": null }, "geometry": { "type": "Point", "coordinates": [ 132.4675703, 34.3882305 ] } },
{ "type": "Feature", "properties": { "内容": "マグネット中【訪問介護】広島市中区富士見町6番1301号", "url": "https://www.kaigokensaku.mhlw.go.jp/34/index.php?action_kouhyou_detail_004_kani=true&JigyosyoCd=3470215314-00&ServiceCd=110&Type=search", "url2": "https://www.magunet.co.jp" }, "geometry": { "type": "Point", "coordinates": [ 132.460696500000012, 34.3870667 ] } },
{ "type": "Feature", "properties": { "内容": "在宅介護KOSUMOSU【訪問介護】広島県広島市中区冨士見町4-28サンピアルネツサンス901", "url": "https://www.kaigokensaku.mhlw.go.jp/34/index.php?action_kouhyou_detail_004_kani=true&JigyosyoCd=3470208400-00&ServiceCd=110&Type=search", "url2": null }, "geometry": { "type": "Point", "coordinates": [ 132.460861600000044, 34.387602800000018 ] } },
{ "type": "Feature", "properties": { "内容": "訪問介護セカンドハウス十日市【訪問介護】広島県広島市中区広瀬町7番23号インパクト広瀬Ⅱ　101", "url": "https://www.kaigokensaku.mhlw.go.jp/34/index.php?action_kouhyou_detail_004_kani=true&JigyosyoCd=3470215587-00&ServiceCd=110&Type=search", "url2": "https://www.secondhouse.info" }, "geometry": { "type": "Point", "coordinates": [ 132.4462962, 34.3994219 ] } },
{ "type": "Feature", "properties": { "内容": "三ツ星ヘルパーステーション【訪問介護】広島県広島市中区本川町三丁目4番12号", "url": "https://www.kaigokensaku.mhlw.go.jp/34/index.php?action_kouhyou_detail_004_kani=true&JigyosyoCd=3470215595-00&ServiceCd=110&Type=search", "url2": "https://yasashio.com/" }, "geometry": { "type": "Point", "coordinates": [ 132.4504206, 34.3988764 ] } },
{ "type": "Feature", "properties": { "内容": "ヘルパーステーション　ディア【訪問介護】広島県広島市中区住吉町10番2号正岡ビル103号", "url": "https://www.kaigokensaku.mhlw.go.jp/34/index.php?action_kouhyou_detail_004_kani=true&JigyosyoCd=3470215660-00&ServiceCd=110&Type=search", "url2": null }, "geometry": { "type": "Point", "coordinates": [ 132.4480552, 34.3863509 ] } },
{ "type": "Feature", "properties": { "内容": "GROWTH訪問介護事業所【訪問介護】広島県広島市中区吉島東三丁目1番13号第一住田マンション101号室", "url": "https://www.kaigokensaku.mhlw.go.jp/34/index.php?action_kouhyou_detail_004_kani=true&JigyosyoCd=3470215736-00&ServiceCd=110&Type=search", "url2": "https://laurellife-growth.com/" }, "geometry": { "type": "Point", "coordinates": [ 132.450672741664135, 34.371127672300595 ] } },
{ "type": "Feature", "properties": { "内容": "ＩＧＬヘルパーステーションベルビュー広島【訪問介護】広島市中区舟入南1-8-8", "url": "https://www.kaigokensaku.mhlw.go.jp/34/index.php?action_kouhyou_detail_004_kani=true&JigyosyoCd=3470209697-00&ServiceCd=110&Type=search", "url2": "http://www.igl.or.jp/kourei/funairi_helper.html" }, "geometry": { "type": "Point", "coordinates": [ 132.440437800000041, 34.3777981 ] } },
{ "type": "Feature", "properties": { "内容": "ケアステーションあゆみ【訪問介護】広島県広島市中区猫屋町４番１７号", "url": "https://www.kaigokensaku.mhlw.go.jp/34/index.php?action_kouhyou_detail_004_kani=true&JigyosyoCd=3470215397-00&ServiceCd=110&Type=search", "url2": "https://ayumi-kaigo.jimdofree.com/" }, "geometry": { "type": "Point", "coordinates": [ 132.4476042, 34.395274100000037 ] } },
{ "type": "Feature", "properties": { "内容": "土谷ヘルパーステーション光南【訪問介護】広島市中区光南一丁目4-6土谷デイサービス", "url": "https://www.kaigokensaku.mhlw.go.jp/34/index.php?action_kouhyou_detail_004_kani=true&JigyosyoCd=3470200829-00&ServiceCd=110&Type=search", "url2": "http://www.tsuchiya-hp.jp/" }, "geometry": { "type": "Point", "coordinates": [ 132.447371063656448, 34.368455400213406 ] } },
{ "type": "Feature", "properties": { "内容": "訪問介護事業所　花の木【訪問介護】広島県広島市中区幟町14番2号ウエセン幟町101", "url": "https://www.kaigokensaku.mhlw.go.jp/34/index.php?action_kouhyou_detail_004_kani=true&JigyosyoCd=3470200845-00&ServiceCd=110&Type=search", "url2": "http://www.hananokikai.com" }, "geometry": { "type": "Point", "coordinates": [ 132.467261308598381, 34.393572714995997 ] } },
{ "type": "Feature", "properties": { "内容": "(有)共立ケアーサービス【訪問介護】広島県広島市中区上幟町5-19", "url": "https://www.kaigokensaku.mhlw.go.jp/34/index.php?action_kouhyou_detail_004_kani=true&JigyosyoCd=3470201702-00&ServiceCd=110&Type=search", "url2": null }, "geometry": { "type": "Point", "coordinates": [ 132.467616200000066, 34.3989045 ] } },
{ "type": "Feature", "properties": { "内容": "有限会社ケアネット広島訪問介護事業所【訪問介護】広島市中区江波二本松2丁目1-3", "url": "https://www.kaigokensaku.mhlw.go.jp/34/index.php?action_kouhyou_detail_004_kani=true&JigyosyoCd=3470201785-00&ServiceCd=110&Type=search", "url2": "https://www.carenet-hiroshima.com/" }, "geometry": { "type": "Point", "coordinates": [ 132.441436864577412, 34.38192398738979 ] } },
{ "type": "Feature", "properties": { "内容": "めぐみ指定訪問介護事業所【訪問介護】広島市中区西川口町4番31号", "url": "https://www.kaigokensaku.mhlw.go.jp/34/index.php?action_kouhyou_detail_004_kani=true&JigyosyoCd=3470203070-00&ServiceCd=110&Type=search", "url2": "http://megumi-care.co.jp/office.html" }, "geometry": { "type": "Point", "coordinates": [ 132.439371, 34.383249098549712 ] } },
{ "type": "Feature", "properties": { "内容": "サンキ・ウエルビィ介護センター中央【訪問介護】広島県広島市中区広瀬町5番27号", "url": "https://www.kaigokensaku.mhlw.go.jp/34/index.php?action_kouhyou_detail_004_kani=true&JigyosyoCd=3470203658-00&ServiceCd=110&Type=search", "url2": null }, "geometry": { "type": "Point", "coordinates": [ 132.446739699999966, 34.3997905 ] } },
{ "type": "Feature", "properties": { "内容": "株式会社アイ・テック　介護サービスふれあい・広島中央事業所【訪問介護】広島市中区広瀬北町4-9グロワール広瀬303", "url": "https://www.kaigokensaku.mhlw.go.jp/34/index.php?action_kouhyou_detail_004_kani=true&JigyosyoCd=3470204219-00&ServiceCd=110&Type=search", "url2": "http://fureaikaigo.jp" }, "geometry": { "type": "Point", "coordinates": [ 132.446023641378019, 34.395949727077102 ] } },
{ "type": "Feature", "properties": { "内容": "ニチイケアセンター舟入【訪問介護】広島県広島市中区舟入幸町8-11サンケイハイム1F", "url": "https://www.kaigokensaku.mhlw.go.jp/34/index.php?action_kouhyou_detail_004_kani=true&JigyosyoCd=3470204896-00&ServiceCd=110&Type=search", "url2": "http://www.nichiigakkan.co.jp" }, "geometry": { "type": "Point", "coordinates": [ 132.442816300000032, 34.3835461 ] } },
{ "type": "Feature", "properties": { "内容": "ホームヘルパーステーション　広島萬象園【訪問介護】広島市中区羽衣町１番２６号", "url": "https://www.kaigokensaku.mhlw.go.jp/34/index.php?action_kouhyou_detail_004_kani=true&JigyosyoCd=3470205562-00&ServiceCd=110&Type=search", "url2": "http://banshoen.hiroshimakosei.or.jp/" }, "geometry": { "type": "Point", "coordinates": [ 132.449001299999964, 34.3817394 ] } },
{ "type": "Feature", "properties": { "内容": "やまびこ訪問介護事業所【訪問介護】広島市中区上八丁堀８番１０号", "url": "https://www.kaigokensaku.mhlw.go.jp/34/index.php?action_kouhyou_detail_004_kani=true&JigyosyoCd=3470207279-00&ServiceCd=110&Type=search", "url2": null }, "geometry": { "type": "Point", "coordinates": [ 132.464563799999951, 34.3959548 ] } },
{ "type": "Feature", "properties": { "内容": "サンキ・ウエルビィ介護センター江波【訪問介護】広島県広島市中区江波二本松一丁目１０番３号ウエルビィ江波１階", "url": "https://www.kaigokensaku.mhlw.go.jp/34/index.php?action_kouhyou_detail_004_kani=true&JigyosyoCd=3470207345-00&ServiceCd=110&Type=search", "url2": null }, "geometry": { "type": "Point", "coordinates": [ 132.432313800000031, 34.3692723 ] } },
{ "type": "Feature", "properties": { "内容": "ニチイケアセンター千田町【訪問介護】広島県広島市中区千田町二丁目7-8大脇ビル101", "url": "https://www.kaigokensaku.mhlw.go.jp/34/index.php?action_kouhyou_detail_004_kani=true&JigyosyoCd=3470208616-00&ServiceCd=110&Type=search", "url2": "http://www.nichiigakkan.co.jp" }, "geometry": { "type": "Point", "coordinates": [ 132.454606799999965, 34.378148 ] } },
{ "type": "Feature", "properties": { "内容": "ほほえみ　ヘルパーステーション　エクセレント【訪問介護】広島市中区西平塚町４番１５号", "url": "https://www.kaigokensaku.mhlw.go.jp/34/index.php?action_kouhyou_detail_004_kani=true&JigyosyoCd=3470210471-00&ServiceCd=110&Type=search", "url2": "http://hohoemi-gr.jp" }, "geometry": { "type": "Point", "coordinates": [ 132.467802600000027, 34.389288799999989 ] } },
{ "type": "Feature", "properties": { "内容": "ヘルパーステーションソレイユ舟入【訪問介護】広島県広島市中区舟入中町５−１１", "url": "https://www.kaigokensaku.mhlw.go.jp/34/index.php?action_kouhyou_detail_004_kani=true&JigyosyoCd=3470210687-00&ServiceCd=110&Type=search", "url2": null }, "geometry": { "type": "Point", "coordinates": [ 132.441558249073751, 34.387024380820975 ] } },
{ "type": "Feature", "properties": { "内容": "ゆう介護サービス【訪問介護】広島県広島市中区十日市町2-2-34-303アーバンライフタカタビル", "url": "https://www.kaigokensaku.mhlw.go.jp/34/index.php?action_kouhyou_detail_004_kani=true&JigyosyoCd=3470210943-00&ServiceCd=110&Type=search", "url2": null }, "geometry": { "type": "Point", "coordinates": [ 132.448409099999907, 34.4007821 ] } },
{ "type": "Feature", "properties": { "内容": "ヘルパーステーションあいりす【訪問介護】広島市中区光南二丁目11番4号", "url": "https://www.kaigokensaku.mhlw.go.jp/34/index.php?action_kouhyou_detail_004_kani=true&JigyosyoCd=3470211685-00&ServiceCd=110&Type=search", "url2": "http://www.airisu.net/" }, "geometry": { "type": "Point", "coordinates": [ 132.445495447405705, 34.368113669680717 ] } },
{ "type": "Feature", "properties": { "内容": "ケアチームあんず【訪問介護】広島県広島市中区舟入本町18-16ウイングビル3F", "url": "https://www.kaigokensaku.mhlw.go.jp/34/index.php?action_kouhyou_detail_004_kani=true&JigyosyoCd=3470212394-00&ServiceCd=110&Type=search", "url2": "https://www.well-planning.jp" }, "geometry": { "type": "Point", "coordinates": [ 132.4416986, 34.3847085 ] } },
{ "type": "Feature", "properties": { "内容": "ヘルパーステーション・アイラブ【訪問介護】広島県広島市中区吉島東一丁目20番19号２F", "url": "https://www.kaigokensaku.mhlw.go.jp/34/index.php?action_kouhyou_detail_004_kani=true&JigyosyoCd=3470213293-00&ServiceCd=110&Type=search", "url2": "http://hirochoufuku.jp/helper/" }, "geometry": { "type": "Point", "coordinates": [ 132.448548800000026, 34.3730818 ] } },
{ "type": "Feature", "properties": { "内容": "Smile【訪問介護】広島県広島市中区江波西二丁目８−１２", "url": "https://www.kaigokensaku.mhlw.go.jp/34/index.php?action_kouhyou_detail_004_kani=true&JigyosyoCd=3470213665-00&ServiceCd=110&Type=search", "url2": "https://keiaien.jimdofree.com/" }, "geometry": { "type": "Point", "coordinates": [ 132.4299744, 34.3691411 ] } },
{ "type": "Feature", "properties": { "内容": "シトラスホームケア【訪問介護】広島県広島市中区大手町五丁目15番8号YTビル3階", "url": "https://www.kaigokensaku.mhlw.go.jp/34/index.php?action_kouhyou_detail_004_kani=true&JigyosyoCd=3470213707-00&ServiceCd=110&Type=search", "url2": "https://www.2natural.jp/" }, "geometry": { "type": "Point", "coordinates": [ 132.452374810836773, 34.381922736745885 ] } },
{ "type": "Feature", "properties": { "内容": "ツクイ広島【訪問介護】広島県広島市中区南竹屋町4-17片山ビルIF", "url": "https://www.kaigokensaku.mhlw.go.jp/34/index.php?action_kouhyou_detail_004_kani=true&JigyosyoCd=3470214200-00&ServiceCd=110&Type=search", "url2": "https://www.tsukui.net/home-care/2047" }, "geometry": { "type": "Point", "coordinates": [ 132.4603956, 34.3814857 ] } },
{ "type": "Feature", "properties": { "内容": "ホームケア土屋広島【訪問介護】広島県広島市中区宝町5-10ウィング宝町サード1906号", "url": "https://www.kaigokensaku.mhlw.go.jp/34/index.php?action_kouhyou_detail_004_kani=true&JigyosyoCd=3470214283-00&ServiceCd=110&Type=search", "url2": "https://tcy.co.jp/" }, "geometry": { "type": "Point", "coordinates": [ 132.461802299999988, 34.3851539 ] } },
{ "type": "Feature", "properties": { "内容": "ニュース訪問介護事業所【訪問介護】広島県広島市中区吉島西一丁目7番2号", "url": "https://www.kaigokensaku.mhlw.go.jp/34/index.php?action_kouhyou_detail_004_kani=true&JigyosyoCd=3470214713-00&ServiceCd=110&Type=search", "url2": "https://news-tage.com" }, "geometry": { "type": "Point", "coordinates": [ 132.4478441, 34.3762047 ] } },
{ "type": "Feature", "properties": { "内容": "ヘルパーステーション藤の花【訪問介護】広島市中区河原町１丁目22203", "url": "https://www.kaigokensaku.mhlw.go.jp/34/index.php?action_kouhyou_detail_004_kani=true&JigyosyoCd=3470214903-00&ServiceCd=110&Type=search", "url2": null }, "geometry": { "type": "Point", "coordinates": [ 132.4474411, 34.3911696 ] } },
{ "type": "Feature", "properties": { "内容": "SOMPOケア平和公園訪問介護【訪問介護】広島県広島市中区大手町3丁目11番20号SOMPOケア平和公園併設", "url": "https://www.kaigokensaku.mhlw.go.jp/34/index.php?action_kouhyou_detail_004_kani=true&JigyosyoCd=3470215256-00&ServiceCd=110&Type=search", "url2": "https://www.sompocare.com/service/zaitaku/kaigo/Z000932" }, "geometry": { "type": "Point", "coordinates": [ 132.4517777, 34.3871491 ] } },
{ "type": "Feature", "properties": { "内容": "ヘルパーステーションふじ　白島【訪問介護】広島市中区東白島町6-11ホワイトハイツ１F", "url": "https://www.kaigokensaku.mhlw.go.jp/34/index.php?action_kouhyou_detail_004_kani=true&JigyosyoCd=3470200886-00&ServiceCd=110&Type=search", "url2": "https://www.fujicare.jp/" }, "geometry": { "type": "Point", "coordinates": [ 132.464746900000023, 34.4063202 ] } },
{ "type": "Feature", "properties": { "内容": "横山内科クリニック訪問介護事業所【訪問介護】広島市中区西十日市町1-19", "url": "https://www.kaigokensaku.mhlw.go.jp/34/index.php?action_kouhyou_detail_004_kani=true&JigyosyoCd=3470201983-00&ServiceCd=110&Type=search", "url2": "http://tsubasakai.jp" }, "geometry": { "type": "Point", "coordinates": [ 132.446759199999974, 34.3985295 ] } },
{ "type": "Feature", "properties": { "内容": "悠悠タウン基町　ホームヘルプサービス【訪問介護】広島市中区基町19-2-416", "url": "https://www.kaigokensaku.mhlw.go.jp/34/index.php?action_kouhyou_detail_004_kani=true&JigyosyoCd=3470203716-00&ServiceCd=110&Type=search", "url2": "https://www.city.hiroshima.med.or.jp/hma/youyou/motomachi/homehelp.html" }, "geometry": { "type": "Point", "coordinates": [ 132.456697500000018, 34.4037513 ] } },
{ "type": "Feature", "properties": { "内容": "ヘルパーステーション　虹の橋【訪問介護】広島市中区吉島西1丁目18-11ゆたかビル　302号", "url": "https://www.kaigokensaku.mhlw.go.jp/34/index.php?action_kouhyou_detail_004_kani=true&JigyosyoCd=3470207675-00&ServiceCd=110&Type=search", "url2": null }, "geometry": { "type": "Point", "coordinates": [ 132.446563609786978, 34.374045268502975 ] } },
{ "type": "Feature", "properties": { "内容": "オムエル吉島ヘルパーステーション【訪問介護】広島市中区吉島西1丁目24-30（モンテカルロ４Ｆ）", "url": "https://www.kaigokensaku.mhlw.go.jp/34/index.php?action_kouhyou_detail_004_kani=true&JigyosyoCd=3470209663-00&ServiceCd=110&Type=search", "url2": "http://www.omwell.co.jp/" }, "geometry": { "type": "Point", "coordinates": [ 132.446754400000032, 34.3728624 ] } },
{ "type": "Feature", "properties": { "内容": "訪問介護セカンドハウス【訪問介護】広島県広島市中区東白島町15番8号第三西林ビル３０１", "url": "https://www.kaigokensaku.mhlw.go.jp/34/index.php?action_kouhyou_detail_004_kani=true&JigyosyoCd=3470210786-00&ServiceCd=110&Type=search", "url2": "https://www.secondhouse.info/" }, "geometry": { "type": "Point", "coordinates": [ 132.465107645963286, 34.404755941181037 ] } },
{ "type": "Feature", "properties": { "内容": "こころねヘルパーステーション【訪問介護】広島県広島市中区江波南3丁目12番8号コーポ原田201号室", "url": "https://www.kaigokensaku.mhlw.go.jp/34/index.php?action_kouhyou_detail_004_kani=true&JigyosyoCd=3470213541-00&ServiceCd=110&Type=search", "url2": "https://www.simba.co.jp/" }, "geometry": { "type": "Point", "coordinates": [ 132.431262100000026, 34.3633278 ] } },
{ "type": "Feature", "properties": { "内容": "エイトケアヘルパーステーション【訪問介護】広島県広島市中区舟入南2-1-7", "url": "https://www.kaigokensaku.mhlw.go.jp/34/index.php?action_kouhyou_detail_004_kani=true&JigyosyoCd=3470213798-00&ServiceCd=110&Type=search", "url2": "http://www.saiensya.com/" }, "geometry": { "type": "Point", "coordinates": [ 132.4389931, 34.3797842 ] } },
{ "type": "Feature", "properties": { "内容": "悠悠タウン江波ホームヘルプサービス【訪問介護】広島市中区江波二本松２丁目６－２７", "url": "https://www.kaigokensaku.mhlw.go.jp/34/index.php?action_kouhyou_detail_004_kani=true&JigyosyoCd=3470201348-00&ServiceCd=110&Type=search", "url2": "https://www.city.hiroshima.med.or.jp/hma/youyou/eba/help.html" }, "geometry": { "type": "Point", "coordinates": [ 132.431170957672066, 34.367503127350325 ] } },
{ "type": "Feature", "properties": { "内容": "あっとほーむヘルパーステーション【訪問介護】広島市中区広瀬町３－２９", "url": "https://www.kaigokensaku.mhlw.go.jp/34/index.php?action_kouhyou_detail_004_kani=true&JigyosyoCd=3470204664-00&ServiceCd=110&Type=search", "url2": "https://athome-kaigo2004.com" }, "geometry": { "type": "Point", "coordinates": [ 132.445540519821179, 34.400681278124743 ] } },
{ "type": "Feature", "properties": { "内容": "みどりの風サービスセンター【訪問介護】広島市中区舟入本町16-14　進藤ビル１F", "url": "https://www.kaigokensaku.mhlw.go.jp/34/index.php?action_kouhyou_detail_004_kani=true&JigyosyoCd=3470207238-00&ServiceCd=110&Type=search", "url2": "https://ibeition.net" }, "geometry": { "type": "Point", "coordinates": [ 132.443133, 34.3847196 ] } },
{ "type": "Feature", "properties": { "内容": "さやか訪問介護サービス【訪問介護】広島市中区住吉町6－6カーサ住吉1F", "url": "https://www.kaigokensaku.mhlw.go.jp/34/index.php?action_kouhyou_detail_004_kani=true&JigyosyoCd=3470207873-00&ServiceCd=110&Type=search", "url2": "http://sayaka-houmon.jp/" }, "geometry": { "type": "Point", "coordinates": [ 132.4478825, 34.384021299999986 ] } },
{ "type": "Feature", "properties": { "内容": "ニチイケアセンター江波【訪問介護】広島市中区江波西1丁目28-10", "url": "https://www.kaigokensaku.mhlw.go.jp/34/index.php?action_kouhyou_detail_004_kani=true&JigyosyoCd=3470210794-00&ServiceCd=110&Type=search", "url2": "http://www.nichiigakkan.co.jp" }, "geometry": { "type": "Point", "coordinates": [ 132.434882600000037, 34.3698932 ] } },
{ "type": "Feature", "properties": { "内容": "ケア２１吉島通り【訪問介護】広島県広島市中区羽衣町１－３７", "url": "https://www.kaigokensaku.mhlw.go.jp/34/index.php?action_kouhyou_detail_004_kani=true&JigyosyoCd=3470212352-00&ServiceCd=110&Type=search", "url2": null }, "geometry": { "type": "Point", "coordinates": [ 132.449292900000046, 34.3820338 ] } },
{ "type": "Feature", "properties": { "内容": "ヘルパーステーションハピネス舟入【訪問介護】広島県広島市中区舟入南3丁目2-25", "url": "https://www.kaigokensaku.mhlw.go.jp/34/index.php?action_kouhyou_detail_004_kani=true&JigyosyoCd=3470213632-00&ServiceCd=110&Type=search", "url2": "http://www.furusato-home.com/" }, "geometry": { "type": "Point", "coordinates": [ 132.437001099999947, 34.3782441 ] } },
{ "type": "Feature", "properties": { "内容": "もみじヘルパーステーション夢トピア【訪問介護】広島県広島市中区吉島西２－３－２０", "url": "https://www.kaigokensaku.mhlw.go.jp/34/index.php?action_kouhyou_detail_004_kani=true&JigyosyoCd=3470213954-00&ServiceCd=110&Type=search", "url2": "http://fukushi-momiji.or.jp/" }, "geometry": { "type": "Point", "coordinates": [ 132.444785, 34.375991 ] } },
{ "type": "Feature", "properties": { "内容": "訪問介護セカンドハウス千田【訪問介護】広島県広島市中区千田町1丁目2番11号2・3階", "url": "https://www.kaigokensaku.mhlw.go.jp/34/index.php?action_kouhyou_detail_004_kani=true&JigyosyoCd=3470214549-00&ServiceCd=110&Type=search", "url2": "https://www.secondhouse.info" }, "geometry": { "type": "Point", "coordinates": [ 132.455499678964088, 34.381942657962384 ] } },
{ "type": "Feature", "properties": { "内容": "ヘルパーステーションハピネス平和公園【訪問介護】広島県広島市中区河原町7-31ケアホームハピネス河原町", "url": "https://www.kaigokensaku.mhlw.go.jp/34/index.php?action_kouhyou_detail_004_kani=true&JigyosyoCd=3470215157-00&ServiceCd=110&Type=search", "url2": "https://furusato-home.com/" }, "geometry": { "type": "Point", "coordinates": [ 132.447166530338734, 34.389549953002415 ] } },
{ "type": "Feature", "properties": { "内容": "訪問介護いちご【訪問介護】広島県広島市中区舟入町5-25プレアール舟入402", "url": "https://www.kaigokensaku.mhlw.go.jp/34/index.php?action_kouhyou_detail_004_kani=true&JigyosyoCd=3470215876-00&ServiceCd=110&Type=search", "url2": "https://www.lifact2024.jp/" }, "geometry": { "type": "Point", "coordinates": [ 132.444456300000013, 34.3912739 ] } },
{ "type": "Feature", "properties": { "内容": "ニックス中訪問介護事業所【訪問介護】広島市中区白島九軒町6-15むねまさビル202", "url": "https://www.kaigokensaku.mhlw.go.jp/34/index.php?action_kouhyou_detail_004_kani=true&JigyosyoCd=3470207063-00&ServiceCd=110&Type=search", "url2": "http://www.nix-net.co.jp/index.html" }, "geometry": { "type": "Point", "coordinates": [ 132.46589055720824, 34.407323021029974 ] } },
{ "type": "Feature", "properties": { "内容": "エコール在宅介護ステーション中央【訪問介護】広島市中区南竹屋町7番8号", "url": "https://www.kaigokensaku.mhlw.go.jp/34/index.php?action_kouhyou_detail_004_kani=true&JigyosyoCd=3470202916-00&ServiceCd=110&Type=search", "url2": "https://www.nihonkijun.jp/" }, "geometry": { "type": "Point", "coordinates": [ 132.46055069999997, 34.380575700000016 ] } },
{ "type": "Feature", "properties": { "内容": "ケアセンターわたげ【訪問介護】広島県広島市東区曙1-2-26ヴェルディ曙104号", "url": "https://www.kaigokensaku.mhlw.go.jp/34/index.php?action_kouhyou_detail_004_kani=true&JigyosyoCd=3470109939-00&ServiceCd=110&Type=search", "url2": "https://www.enjoint-watage.com/" }, "geometry": { "type": "Point", "coordinates": [ 132.4874078, 34.3967282 ] } },
{ "type": "Feature", "properties": { "内容": "ヘルパーステーションミモザ【訪問介護】広島県広島市東区尾長東2-8-28", "url": "https://www.kaigokensaku.mhlw.go.jp/34/index.php?action_kouhyou_detail_004_kani=true&JigyosyoCd=3470106331-00&ServiceCd=110&Type=search", "url2": null }, "geometry": { "type": "Point", "coordinates": [ 132.489058699999987, 34.3982269 ] } },
{ "type": "Feature", "properties": { "内容": "ヘルパーステーションかがやき広島【訪問介護】広島県広島市東区中山東3丁目2-7Ｓグラン中山東", "url": "https://www.kaigokensaku.mhlw.go.jp/34/index.php?action_kouhyou_detail_004_kani=true&JigyosyoCd=3470107586-00&ServiceCd=110&Type=search", "url2": "https://www.lsi-kk.co.jp/" }, "geometry": { "type": "Point", "coordinates": [ 132.502353341583216, 34.410454024091848 ] } },
{ "type": "Feature", "properties": { "内容": "医療法人社団聖愛会牛田クリニックヘルパーステーション【訪問介護】広島県広島市東区牛田本町三丁目６－４", "url": "https://www.kaigokensaku.mhlw.go.jp/34/index.php?action_kouhyou_detail_004_kani=true&JigyosyoCd=3470106208-00&ServiceCd=110&Type=search", "url2": "https://www.smile-seiaikai.com/" }, "geometry": { "type": "Point", "coordinates": [ 132.4695461, 34.4097591 ] } },
{ "type": "Feature", "properties": { "内容": "ニチイケアセンター矢賀訪問介護事業所【訪問介護】広島市東区矢賀二丁目8番19号", "url": "https://www.kaigokensaku.mhlw.go.jp/34/index.php?action_kouhyou_detail_004_kani=true&JigyosyoCd=3470107339-00&ServiceCd=110&Type=search", "url2": "http://www.nichiigakkan.co.jp" }, "geometry": { "type": "Point", "coordinates": [ 132.496530200000052, 34.399577 ] } },
{ "type": "Feature", "properties": { "内容": "ヘルパーステーション　おもてなし【訪問介護】広島市東区温品2丁目8番24-9号ケアビレッジライル温品", "url": "https://www.kaigokensaku.mhlw.go.jp/34/index.php?action_kouhyou_detail_004_kani=true&JigyosyoCd=3470108105-00&ServiceCd=110&Type=search", "url2": "https://lile-style.biz" }, "geometry": { "type": "Point", "coordinates": [ 132.505457167459127, 34.404217223282835 ] } },
{ "type": "Feature", "properties": { "内容": "ヘルパーステーションこうこう【訪問介護】広島県広島市東区山根町30-13", "url": "https://www.kaigokensaku.mhlw.go.jp/34/index.php?action_kouhyou_detail_004_kani=true&JigyosyoCd=3470108501-00&ServiceCd=110&Type=search", "url2": null }, "geometry": { "type": "Point", "coordinates": [ 132.4813454, 34.4027097 ] } },
{ "type": "Feature", "properties": { "内容": "おおぞら介護広島東サービスセンター【訪問介護】広島県広島市東区若草町3番11号寺山ビル101号室", "url": "https://www.kaigokensaku.mhlw.go.jp/34/index.php?action_kouhyou_detail_004_kani=true&JigyosyoCd=3470109616-00&ServiceCd=110&Type=search", "url2": "http://www.elderly.jp" }, "geometry": { "type": "Point", "coordinates": [ 132.483891399999948, 34.3974925 ] } },
{ "type": "Feature", "properties": { "内容": "ヘルパーステーションいち【訪問介護】広島県広島市東戸坂大上4丁目21番18号", "url": "https://www.kaigokensaku.mhlw.go.jp/34/index.php?action_kouhyou_detail_004_kani=true&JigyosyoCd=3470110010-00&ServiceCd=110&Type=search", "url2": null }, "geometry": { "type": "Point", "coordinates": [ 132.4957947, 34.424179 ] } },
{ "type": "Feature", "properties": { "内容": "愛ヘルパーステーション【訪問介護】広島県広島市東区牛田南一丁目４番２号", "url": "https://www.kaigokensaku.mhlw.go.jp/34/index.php?action_kouhyou_detail_004_kani=true&JigyosyoCd=3470203963-00&ServiceCd=110&Type=search", "url2": null }, "geometry": { "type": "Point", "coordinates": [ 132.471798799999988, 34.407276 ] } },
{ "type": "Feature", "properties": { "内容": "ふくだの里ヘルパーステーション【訪問介護】広島市東区福田4丁目3959-1", "url": "https://www.kaigokensaku.mhlw.go.jp/34/index.php?action_kouhyou_detail_004_kani=true&JigyosyoCd=3470100755-00&ServiceCd=110&Type=search", "url2": "http://joukou.or.jp/" }, "geometry": { "type": "Point", "coordinates": [ 132.542457799999966, 34.4523868 ] } },
{ "type": "Feature", "properties": { "内容": "福祉計画研究所　訪問介護事業所【訪問介護】広島市東区中山西2丁目4番12－101号", "url": "https://www.kaigokensaku.mhlw.go.jp/34/index.php?action_kouhyou_detail_004_kani=true&JigyosyoCd=3470103734-00&ServiceCd=110&Type=search", "url2": "http://fukusikeikaku.web.fc2.com" }, "geometry": { "type": "Point", "coordinates": [ 132.498282600000039, 34.4088205 ] } },
{ "type": "Feature", "properties": { "内容": "サンキ・ウエルビィ介護センター広島東【訪問介護】広島県広島市東区曙五丁目3番5号", "url": "https://www.kaigokensaku.mhlw.go.jp/34/index.php?action_kouhyou_detail_004_kani=true&JigyosyoCd=3470105838-00&ServiceCd=110&Type=search", "url2": null }, "geometry": { "type": "Point", "coordinates": [ 132.4921974, 34.3940303 ] } },
{ "type": "Feature", "properties": { "内容": "ヘルパーステーション早稲田【訪問介護】広島県広島市東区牛田早稲田2-7-10サービス付き高齢者向け住宅　クラシオン早稲田", "url": "https://www.kaigokensaku.mhlw.go.jp/34/index.php?action_kouhyou_detail_004_kani=true&JigyosyoCd=3470109707-00&ServiceCd=110&Type=search", "url2": "https://curacion.life/" }, "geometry": { "type": "Point", "coordinates": [ 132.476818099999946, 34.4141081 ] } },
{ "type": "Feature", "properties": { "内容": "訪問介護事業所　くるみ【訪問介護】広島市東区温品１丁目４番２０号", "url": "https://www.kaigokensaku.mhlw.go.jp/34/index.php?action_kouhyou_detail_004_kani=true&JigyosyoCd=3470110077-00&ServiceCd=110&Type=search", "url2": null }, "geometry": { "type": "Point", "coordinates": [ 132.5063753, 34.409162 ] } },
{ "type": "Feature", "properties": { "内容": "あけぼの寿老園ヘルパーステーション【訪問介護】広島市東区曙1-1-28", "url": "https://www.kaigokensaku.mhlw.go.jp/34/index.php?action_kouhyou_detail_004_kani=true&JigyosyoCd=3470101126-00&ServiceCd=110&Type=search", "url2": "http://www.jurouen.or.jp" }, "geometry": { "type": "Point", "coordinates": [ 132.488111600000025, 34.3960411 ] } },
{ "type": "Feature", "properties": { "内容": "土谷ヘルパーステーション戸坂【訪問介護】広島市東区戸坂千足2丁目7-19", "url": "https://www.kaigokensaku.mhlw.go.jp/34/index.php?action_kouhyou_detail_004_kani=true&JigyosyoCd=3470102041-00&ServiceCd=110&Type=search", "url2": "https://www.tsuchiya-hp.jp/helper/" }, "geometry": { "type": "Point", "coordinates": [ 132.48601050000002, 34.4366067 ] } },
{ "type": "Feature", "properties": { "内容": "訪問介護ステーション光明【訪問介護】広島市東区牛田本町6-1-1", "url": "https://www.kaigokensaku.mhlw.go.jp/34/index.php?action_kouhyou_detail_004_kani=true&JigyosyoCd=3470104880-00&ServiceCd=110&Type=search", "url2": "http://komyogakuen.jp" }, "geometry": { "type": "Point", "coordinates": [ 132.468332311158747, 34.414230413631763 ] } },
{ "type": "Feature", "properties": { "内容": "マーガレット訪問介護事業所【訪問介護】広島市東区温品7-4-24-103サンライト下久保", "url": "https://www.kaigokensaku.mhlw.go.jp/34/index.php?action_kouhyou_detail_004_kani=true&JigyosyoCd=3470107750-00&ServiceCd=110&Type=search", "url2": "http://marguerite-hiroshima.com/" }, "geometry": { "type": "Point", "coordinates": [ 132.50972103066556, 34.416580103345368 ] } },
{ "type": "Feature", "properties": { "内容": "ニチイケアセセンター戸坂【訪問介護】広島県広島市東区戸坂山根一丁目24-15大下ビル101号", "url": "https://www.kaigokensaku.mhlw.go.jp/34/index.php?action_kouhyou_detail_004_kani=true&JigyosyoCd=3470109749-00&ServiceCd=110&Type=search", "url2": "http://www.nichiigakkan.co.jp" }, "geometry": { "type": "Point", "coordinates": [ 132.488960100000014, 34.4336855 ] } },
{ "type": "Feature", "properties": { "内容": "アネスト広島訪問介護サービス【訪問介護】広島県広島市東区戸坂出江２丁目10-24コーポブルーメ２０３号", "url": "https://www.kaigokensaku.mhlw.go.jp/34/index.php?action_kouhyou_detail_004_kani=true&JigyosyoCd=3470110200-00&ServiceCd=110&Type=search", "url2": null }, "geometry": { "type": "Point", "coordinates": [ 132.4883749, 34.4330936 ] } },
{ "type": "Feature", "properties": { "内容": "どれみ訪問介護ステーション【訪問介護】広島市東区牛田新町４丁目8-17-204チェリス牛田204", "url": "https://www.kaigokensaku.mhlw.go.jp/34/index.php?action_kouhyou_detail_004_kani=true&JigyosyoCd=3470210315-00&ServiceCd=110&Type=search", "url2": "https://shinfonii-doremi.amebaownd.com/" }, "geometry": { "type": "Point", "coordinates": [ 132.473948410194367, 34.430264886323116 ] } },
{ "type": "Feature", "properties": { "内容": "ヘルパーステーションsora【訪問介護】広島県広島市東区光町二丁目5番7号第５光ビル２０１", "url": "https://www.kaigokensaku.mhlw.go.jp/34/index.php?action_kouhyou_detail_004_kani=true&JigyosyoCd=3470110523-00&ServiceCd=110&Type=search", "url2": "https://hct.blue/sazanami/" }, "geometry": { "type": "Point", "coordinates": [ 132.479228, 34.4020797 ] } },
{ "type": "Feature", "properties": { "内容": "あいゆうサービス【訪問介護】広島県広島市東区温品4-6-11ｉビル203", "url": "https://www.kaigokensaku.mhlw.go.jp/34/index.php?action_kouhyou_detail_004_kani=true&JigyosyoCd=3470109087-00&ServiceCd=110&Type=search", "url2": null }, "geometry": { "type": "Point", "coordinates": [ 132.507487200000014, 34.4118733 ] } },
{ "type": "Feature", "properties": { "内容": "マグネット東【訪問介護】広島県広島市東区中山鏡が丘11-16-1", "url": "https://www.kaigokensaku.mhlw.go.jp/34/index.php?action_kouhyou_detail_004_kani=true&JigyosyoCd=3470110028-00&ServiceCd=110&Type=search", "url2": "https://www.magunet.co.jp/info/274/" }, "geometry": { "type": "Point", "coordinates": [ 132.4989196, 34.4155339 ] } },
{ "type": "Feature", "properties": { "内容": "グランダ広島東荒神ケアステーション【訪問介護】広島県広島市南区東荒神町4番23号", "url": "https://www.kaigokensaku.mhlw.go.jp/34/index.php?action_kouhyou_detail_004_kani=true&JigyosyoCd=3470110481-00&ServiceCd=110&Type=search", "url2": "https://www.benesse-style-care.co.jp/" }, "geometry": { "type": "Point", "coordinates": [ 132.478313899999989, 34.3938665 ] } },
{ "type": "Feature", "properties": { "内容": "ヘルパーステーションめぐみ【訪問介護】広島県広島市東区温品四丁目15-6向井コーポ204", "url": "https://www.kaigokensaku.mhlw.go.jp/34/index.php?action_kouhyou_detail_004_kani=true&JigyosyoCd=3470108550-00&ServiceCd=110&Type=search", "url2": "https://www.ss-megumi.com/" }, "geometry": { "type": "Point", "coordinates": [ 132.5084455, 34.411229 ] } },
{ "type": "Feature", "properties": { "内容": "訪問介護事業所　りらっくす東【訪問介護】広島市東区温品4-4-12徳本ビル1階", "url": "https://www.kaigokensaku.mhlw.go.jp/34/index.php?action_kouhyou_detail_004_kani=true&JigyosyoCd=3470106109-00&ServiceCd=110&Type=search", "url2": "http://www.relaxcare.jp" }, "geometry": { "type": "Point", "coordinates": [ 132.508335212303081, 34.412384697128083 ] } },
{ "type": "Feature", "properties": { "内容": "ニックス東訪問介護事業所【訪問介護】広島市東区尾長東2-7-28", "url": "https://www.kaigokensaku.mhlw.go.jp/34/index.php?action_kouhyou_detail_004_kani=true&JigyosyoCd=3470103296-00&ServiceCd=110&Type=search", "url2": "http://www.nix-net.co.jp/index.html" }, "geometry": { "type": "Point", "coordinates": [ 132.48821970203403, 34.398057946670832 ] } },
{ "type": "Feature", "properties": { "内容": "エコール在宅介護ステーション東【訪問介護】広島市東区愛宕町4番1号303", "url": "https://www.kaigokensaku.mhlw.go.jp/34/index.php?action_kouhyou_detail_004_kani=true&JigyosyoCd=3470105234-00&ServiceCd=110&Type=search", "url2": "https://www.nihonkijun.jp/" }, "geometry": { "type": "Point", "coordinates": [ 132.483367600000093, 34.3970243 ] } },
{ "type": "Feature", "properties": { "内容": "訪問介護サービス　ふうりん【訪問介護】広島市南区仁保新町1丁目6-24三保ビル1Ｆ三保ビル", "url": "https://www.kaigokensaku.mhlw.go.jp/34/index.php?action_kouhyou_detail_004_kani=true&JigyosyoCd=3470106901-00&ServiceCd=110&Type=search", "url2": "https://fuu-rin.com" }, "geometry": { "type": "Point", "coordinates": [ 132.491703335751339, 34.377690915327477 ] } },
{ "type": "Feature", "properties": { "内容": "訪問介護ピース【訪問介護】広島県広島市南区東雲一丁目8-19PIECEビル3F", "url": "https://www.kaigokensaku.mhlw.go.jp/34/index.php?action_kouhyou_detail_004_kani=true&JigyosyoCd=3470108378-00&ServiceCd=110&Type=search", "url2": "https://piece-inc.com/" }, "geometry": { "type": "Point", "coordinates": [ 132.488429234627858, 34.38323288037148 ] } },
{ "type": "Feature", "properties": { "内容": "ヘルパーステーションライフサポート【訪問介護】広島市南区東霞町11番11号", "url": "https://www.kaigokensaku.mhlw.go.jp/34/index.php?action_kouhyou_detail_004_kani=true&JigyosyoCd=3470108832-00&ServiceCd=110&Type=search", "url2": null }, "geometry": { "type": "Point", "coordinates": [ 132.4845431, 34.3773182 ] } },
{ "type": "Feature", "properties": { "内容": "さくら・介護ステーション満天のケア【訪問介護】広島県広島市南区松川町6-16第3佐野ビル1F", "url": "https://www.kaigokensaku.mhlw.go.jp/34/index.php?action_kouhyou_detail_004_kani=true&JigyosyoCd=3470110374-00&ServiceCd=110&Type=search", "url2": null }, "geometry": { "type": "Point", "coordinates": [ 132.473599069080251, 34.389650632466363 ] } },
{ "type": "Feature", "properties": { "内容": "訪問介護さくらケア【訪問介護】広島県広島市南区向洋新町一丁目２０番８号", "url": "https://www.kaigokensaku.mhlw.go.jp/34/index.php?action_kouhyou_detail_004_kani=true&JigyosyoCd=3470110382-00&ServiceCd=110&Type=search", "url2": "http://hp.kaipoke.biz/hxc/index.html" }, "geometry": { "type": "Point", "coordinates": [ 132.5145106, 34.3656394 ] } },
{ "type": "Feature", "properties": { "内容": "訪問介護事業所つぐは【訪問介護】広島県広島市南区皆実町6丁目17-24西村ビル202", "url": "https://www.kaigokensaku.mhlw.go.jp/34/index.php?action_kouhyou_detail_004_kani=true&JigyosyoCd=3470110465-00&ServiceCd=110&Type=search", "url2": null }, "geometry": { "type": "Point", "coordinates": [ 132.463492, 34.3712368 ] } },
{ "type": "Feature", "properties": { "内容": "訪問介護事業所ひうな荘【訪問介護】広島県広島市南区日宇那町30番1号", "url": "https://www.kaigokensaku.mhlw.go.jp/34/index.php?action_kouhyou_detail_004_kani=true&JigyosyoCd=3470101282-00&ServiceCd=110&Type=search", "url2": "http://www.misasakai.or.jp/shisetsu/hiunaso.php" }, "geometry": { "type": "Point", "coordinates": [ 132.492701, 34.3656837 ] } },
{ "type": "Feature", "properties": { "内容": "ヘルパーステーションあさがお【訪問介護】広島県広島市南区出汐一丁目１－５２０３号", "url": "https://www.kaigokensaku.mhlw.go.jp/34/index.php?action_kouhyou_detail_004_kani=true&JigyosyoCd=3470110341-00&ServiceCd=110&Type=search", "url2": "https://www.asa-hikari.jp/" }, "geometry": { "type": "Point", "coordinates": [ 132.4773059, 34.3814372 ] } },
{ "type": "Feature", "properties": { "内容": "ニチイケアセンター本浦【訪問介護】広島県広島市南区東本浦町17番10号古田ビル201号", "url": "https://www.kaigokensaku.mhlw.go.jp/34/index.php?action_kouhyou_detail_004_kani=true&JigyosyoCd=3470109772-00&ServiceCd=110&Type=search", "url2": "http://www.nichiigakkan.co.jp" }, "geometry": { "type": "Point", "coordinates": [ 132.490177200000062, 34.3718711 ] } },
{ "type": "Feature", "properties": { "内容": "訪問介護ステーションなごみ【訪問介護】広島県広島市南区大州2丁目5-27", "url": "https://www.kaigokensaku.mhlw.go.jp/34/index.php?action_kouhyou_detail_004_kani=true&JigyosyoCd=3470110234-00&ServiceCd=110&Type=search", "url2": null }, "geometry": { "type": "Point", "coordinates": [ 132.4906128, 34.3906341 ] } },
{ "type": "Feature", "properties": { "内容": "ロング介護支援事業所【訪問介護】広島県広島市南区西蟹屋3－9－18五竜ビル　１F", "url": "https://www.kaigokensaku.mhlw.go.jp/34/index.php?action_kouhyou_detail_004_kani=true&JigyosyoCd=3470208327-00&ServiceCd=110&Type=search", "url2": "https://long-nagomi.com/service/long/" }, "geometry": { "type": "Point", "coordinates": [ 132.480734325721642, 34.392265749911871 ] } },
{ "type": "Feature", "properties": { "内容": "生協ひろしま介護サービス・広島南【訪問介護】広島市南区段原南1-1-12ヒジヤマタナカビル2F", "url": "https://www.kaigokensaku.mhlw.go.jp/34/index.php?action_kouhyou_detail_004_kani=true&JigyosyoCd=3470100722-00&ServiceCd=110&Type=search", "url2": null }, "geometry": { "type": "Point", "coordinates": [ 132.476951800000052, 34.38522 ] } },
{ "type": "Feature", "properties": { "内容": "土谷ヘルパーステーション出汐【訪問介護】広島市南区出汐１丁目7番16号MMビル3階", "url": "https://www.kaigokensaku.mhlw.go.jp/34/index.php?action_kouhyou_detail_004_kani=true&JigyosyoCd=3470101746-00&ServiceCd=110&Type=search", "url2": "http://www.tsuchiya-hp.jp/" }, "geometry": { "type": "Point", "coordinates": [ 132.475503187731562, 34.379486094425658 ] } },
{ "type": "Feature", "properties": { "内容": "ニックス南訪問介護事業所【訪問介護】広島市南区仁保新町二丁目９－３２", "url": "https://www.kaigokensaku.mhlw.go.jp/34/index.php?action_kouhyou_detail_004_kani=true&JigyosyoCd=3470102462-00&ServiceCd=110&Type=search", "url2": "http://www.nix-net.co.jp/index.html" }, "geometry": { "type": "Point", "coordinates": [ 132.496570712303196, 34.37550292347553 ] } },
{ "type": "Feature", "properties": { "内容": "はーとふるケアサービス【訪問介護】広島市南区上東雲町27番6号EAST10-101号室", "url": "https://www.kaigokensaku.mhlw.go.jp/34/index.php?action_kouhyou_detail_004_kani=true&JigyosyoCd=3470103619-00&ServiceCd=110&Type=search", "url2": null }, "geometry": { "type": "Point", "coordinates": [ 132.486693512303191, 34.384771371923257 ] } },
{ "type": "Feature", "properties": { "内容": "ヘルパーステーション　開花【訪問介護】広島市南区堀越三丁目１１番１－１０１号", "url": "https://www.kaigokensaku.mhlw.go.jp/34/index.php?action_kouhyou_detail_004_kani=true&JigyosyoCd=3470104062-00&ServiceCd=110&Type=search", "url2": null }, "geometry": { "type": "Point", "coordinates": [ 132.512135199999989, 34.3723974 ] } },
{ "type": "Feature", "properties": { "内容": "ニチイケアセンター宇品【訪問介護】広島県広島市南区宇品神田4丁目9-17コーポ石崎１F", "url": "https://www.kaigokensaku.mhlw.go.jp/34/index.php?action_kouhyou_detail_004_kani=true&JigyosyoCd=3470104153-00&ServiceCd=110&Type=search", "url2": "https://www.nichiigakkan.co.jp/" }, "geometry": { "type": "Point", "coordinates": [ 132.465517299999988, 34.3630721 ] } },
{ "type": "Feature", "properties": { "内容": "株式会社アイ・テック　介護サービスふれあい・広島南事業所【訪問介護】広島市南区段原山崎１丁目１－１タナカビル２０１号", "url": "https://www.kaigokensaku.mhlw.go.jp/34/index.php?action_kouhyou_detail_004_kani=true&JigyosyoCd=3470106398-00&ServiceCd=110&Type=search", "url2": "http://fureaikaigo.jp/" }, "geometry": { "type": "Point", "coordinates": [ 132.479951600000049, 34.385881 ] } },
{ "type": "Feature", "properties": { "内容": "訪問介護事業所レガロ・ヴィータ京橋【訪問介護】広島市南区京橋町6番4号", "url": "https://www.kaigokensaku.mhlw.go.jp/34/index.php?action_kouhyou_detail_004_kani=true&JigyosyoCd=3470107909-00&ServiceCd=110&Type=search", "url2": "http://www.regalo-vita.jp" }, "geometry": { "type": "Point", "coordinates": [ 132.472024199999964, 34.3949105 ] } },
{ "type": "Feature", "properties": { "内容": "訪問介護事業所サポートひらまつ【訪問介護】広島県広島市南区比治山本町11－32", "url": "https://www.kaigokensaku.mhlw.go.jp/34/index.php?action_kouhyou_detail_004_kani=true&JigyosyoCd=3470108261-00&ServiceCd=110&Type=search", "url2": "http://www.marimokai.or.jp/" }, "geometry": { "type": "Point", "coordinates": [ 132.4710414, 34.3802454 ] } },
{ "type": "Feature", "properties": { "内容": "ほほえみみゆき訪問介護事業所【訪問介護】広島市南区宇品御幸一丁目１５番７号ほほえみ有料老人ホームみゆき［住宅型］", "url": "https://www.kaigokensaku.mhlw.go.jp/34/index.php?action_kouhyou_detail_004_kani=true&JigyosyoCd=3470109186-00&ServiceCd=110&Type=search", "url2": "http://hohoemi-gr.jp" }, "geometry": { "type": "Point", "coordinates": [ 132.4637007, 34.3676798 ] } },
{ "type": "Feature", "properties": { "内容": "にこやか訪問介護事業所【訪問介護】広島県広島市南区東雲二丁目7番15号ATビル202号", "url": "https://www.kaigokensaku.mhlw.go.jp/34/index.php?action_kouhyou_detail_004_kani=true&JigyosyoCd=3470109194-00&ServiceCd=110&Type=search", "url2": "https://yasashio.com/" }, "geometry": { "type": "Point", "coordinates": [ 132.489192600000024, 34.3801763 ] } },
{ "type": "Feature", "properties": { "内容": "訪問介護事業所　まごころネット【訪問介護】広島市南区段原3丁目3-27段原メディカルビル402号", "url": "https://www.kaigokensaku.mhlw.go.jp/34/index.php?action_kouhyou_detail_004_kani=true&JigyosyoCd=3470100748-00&ServiceCd=110&Type=search", "url2": "http://www.magokoro-net.com/" }, "geometry": { "type": "Point", "coordinates": [ 132.477365599999985, 34.3890918 ] } },
{ "type": "Feature", "properties": { "内容": "慈恵コーポレイションケアセンターユタカ【訪問介護】広島県広島市南区翠4丁目7-38　401", "url": "https://www.kaigokensaku.mhlw.go.jp/34/index.php?action_kouhyou_detail_004_kani=true&JigyosyoCd=3470102322-00&ServiceCd=110&Type=search", "url2": "http://www.jikeicorp.com" }, "geometry": { "type": "Point", "coordinates": [ 132.472410823139967, 34.369077799360149 ] } },
{ "type": "Feature", "properties": { "内容": "介護ステーションハーモニー【訪問介護】広島県広島市南区皆実町3丁目1-18", "url": "https://www.kaigokensaku.mhlw.go.jp/34/index.php?action_kouhyou_detail_004_kani=true&JigyosyoCd=3470103718-00&ServiceCd=110&Type=search", "url2": null }, "geometry": { "type": "Point", "coordinates": [ 132.467254805067114, 34.377425121596318 ] } },
{ "type": "Feature", "properties": { "内容": "ＮＴＴグループケアポート広島訪問介護事業所【訪問介護】広島市南区比治山本町11－1", "url": "https://www.kaigokensaku.mhlw.go.jp/34/index.php?action_kouhyou_detail_004_kani=true&JigyosyoCd=3470104302-00&ServiceCd=110&Type=search", "url2": "http://www.telwel-west.co.jp./" }, "geometry": { "type": "Point", "coordinates": [ 132.472452400000066, 34.3804759 ] } },
{ "type": "Feature", "properties": { "内容": "ビーマイセルフ福祉センター【訪問介護】広島市南区京橋町７番１６号WINDビル２F", "url": "https://www.kaigokensaku.mhlw.go.jp/34/index.php?action_kouhyou_detail_004_kani=true&JigyosyoCd=3470107305-00&ServiceCd=110&Type=search", "url2": "https://bemyself-f-m.com" }, "geometry": { "type": "Point", "coordinates": [ 132.471552100000054, 34.394455 ] } },
{ "type": "Feature", "properties": { "内容": "訪問介護事業所そら【訪問介護】広島県広島市南区上東雲町8-8Domani201", "url": "https://www.kaigokensaku.mhlw.go.jp/34/index.php?action_kouhyou_detail_004_kani=true&JigyosyoCd=3470109509-00&ServiceCd=110&Type=search", "url2": null }, "geometry": { "type": "Point", "coordinates": [ 132.484603900000025, 34.3849284 ] } },
{ "type": "Feature", "properties": { "内容": "HAPPY　CARE広島南【訪問介護】広島県広島市南区東雲三丁目7-12-205ピアザ昭和", "url": "https://www.kaigokensaku.mhlw.go.jp/34/index.php?action_kouhyou_detail_004_kani=true&JigyosyoCd=3470109921-00&ServiceCd=110&Type=search", "url2": null }, "geometry": { "type": "Point", "coordinates": [ 132.4940516, 34.3781923 ] } },
{ "type": "Feature", "properties": { "内容": "みどりの風広島南サービスセンター【訪問介護】広島県広島市南区西旭町15番28号", "url": "https://www.kaigokensaku.mhlw.go.jp/34/index.php?action_kouhyou_detail_004_kani=true&JigyosyoCd=3470213764-00&ServiceCd=110&Type=search", "url2": null }, "geometry": { "type": "Point", "coordinates": [ 132.4739478, 34.3714695 ] } },
{ "type": "Feature", "properties": { "内容": "ニチイケアセンター中央【訪問介護】広島県広島市南区金屋町7-23LANDMARK金屋町　1階", "url": "https://www.kaigokensaku.mhlw.go.jp/34/index.php?action_kouhyou_detail_004_kani=true&JigyosyoCd=3470100839-00&ServiceCd=110&Type=search", "url2": "http://www.nichiigakkan.co.jp" }, "geometry": { "type": "Point", "coordinates": [ 132.472326538900688, 34.390801576328734 ] } },
{ "type": "Feature", "properties": { "内容": "サンキ・ウエルビィ介護センター南【訪問介護】広島県広島市南区出汐３丁目１０番６号石井ビル1F", "url": "https://www.kaigokensaku.mhlw.go.jp/34/index.php?action_kouhyou_detail_004_kani=true&JigyosyoCd=3470103767-00&ServiceCd=110&Type=search", "url2": null }, "geometry": { "type": "Point", "coordinates": [ 132.476477199999977, 34.3763987 ] } },
{ "type": "Feature", "properties": { "内容": "ヘルパーステーション　ゆず【訪問介護】広島市南区旭3-6-6", "url": "https://www.kaigokensaku.mhlw.go.jp/34/index.php?action_kouhyou_detail_004_kani=true&JigyosyoCd=3470104567-00&ServiceCd=110&Type=search", "url2": "https://slhpstyuzu.web.fc2.com/" }, "geometry": { "type": "Point", "coordinates": [ 132.476388499999985, 34.3702549 ] } },
{ "type": "Feature", "properties": { "内容": "ヘルパーステーション丹那【訪問介護】広島市南区丹那町22番10-5号クラシオン丹那", "url": "https://www.kaigokensaku.mhlw.go.jp/34/index.php?action_kouhyou_detail_004_kani=true&JigyosyoCd=3470107347-00&ServiceCd=110&Type=search", "url2": "http://curacion.life/" }, "geometry": { "type": "Point", "coordinates": [ 132.478202369975293, 34.366251620215728 ] } },
{ "type": "Feature", "properties": { "内容": "訪問介護事業所ずっと【訪問介護】広島県広島市南区仁保1-1-41仁保ビル301号室", "url": "https://www.kaigokensaku.mhlw.go.jp/34/index.php?action_kouhyou_detail_004_kani=true&JigyosyoCd=3470108931-00&ServiceCd=110&Type=search", "url2": "https://www.hkaigo.com/" }, "geometry": { "type": "Point", "coordinates": [ 132.49487877116394, 34.3737606 ] } },
{ "type": "Feature", "properties": { "内容": "おおぞら介護広島南サービスセンター【訪問介護】広島県広島市南区皆実町二丁目5-3村岡ビル1階", "url": "https://www.kaigokensaku.mhlw.go.jp/34/index.php?action_kouhyou_detail_004_kani=true&JigyosyoCd=3470109624-00&ServiceCd=110&Type=search", "url2": "http://www.elderly.jp" }, "geometry": { "type": "Point", "coordinates": [ 132.4656549, 34.3773939 ] } },
{ "type": "Feature", "properties": { "内容": "訪問介護ステーションドリー【訪問介護】広島市南区宇品御幸1丁目17番3", "url": "https://www.kaigokensaku.mhlw.go.jp/34/index.php?action_kouhyou_detail_004_kani=true&JigyosyoCd=3470110036-00&ServiceCd=110&Type=search", "url2": "http://www.dorii.co.jp/visit/" }, "geometry": { "type": "Point", "coordinates": [ 132.46444, 34.3679365 ] } },
{ "type": "Feature", "properties": { "内容": "あいわ介護ケア南事業所【訪問介護】広島県広島市南区丹那町50番1号", "url": "https://www.kaigokensaku.mhlw.go.jp/34/index.php?action_kouhyou_detail_004_kani=true&JigyosyoCd=3470109756-00&ServiceCd=110&Type=search", "url2": "http://aiwa-kaigo.jp/" }, "geometry": { "type": "Point", "coordinates": [ 132.481912700000066, 34.3671581 ] } },
{ "type": "Feature", "properties": { "内容": "訪問介護事業所あす【訪問介護】広島県広島市南区宇品御幸二丁目１番２０号", "url": "https://www.kaigokensaku.mhlw.go.jp/34/index.php?action_kouhyou_detail_004_kani=true&JigyosyoCd=3470110333-00&ServiceCd=110&Type=search", "url2": "https://sites.google.com/view/t-as/" }, "geometry": { "type": "Point", "coordinates": [ 132.464229, 34.3667982 ] } },
{ "type": "Feature", "properties": { "内容": "コスモス訪問介護事業所【訪問介護】広島県広島市南区宇品神田5丁目26-7今徳ビル108号", "url": "https://www.kaigokensaku.mhlw.go.jp/34/index.php?action_kouhyou_detail_004_kani=true&JigyosyoCd=3470206875-00&ServiceCd=110&Type=search", "url2": null }, "geometry": { "type": "Point", "coordinates": [ 132.463442500000042, 34.3561849 ] } },
{ "type": "Feature", "properties": { "内容": "あーくすけあ　ういむい【訪問介護】広島県広島市西区己斐本町一丁目23番5号小笠ビル２Ｆ", "url": "https://www.kaigokensaku.mhlw.go.jp/34/index.php?action_kouhyou_detail_004_kani=true&JigyosyoCd=3470210844-00&ServiceCd=110&Type=search", "url2": null }, "geometry": { "type": "Point", "coordinates": [ 132.4279904, 34.396174199999976 ] } },
{ "type": "Feature", "properties": { "内容": "ウーバーケア　広島店【訪問介護】広島市西区三滝町6-1サンセリアM1F", "url": "https://www.kaigokensaku.mhlw.go.jp/34/index.php?action_kouhyou_detail_004_kani=true&JigyosyoCd=3470213947-00&ServiceCd=110&Type=search", "url2": null }, "geometry": { "type": "Point", "coordinates": [ 132.4523589, 34.4153363 ] } },
{ "type": "Feature", "properties": { "内容": "ひまわり介護【訪問介護】広島市西区己斐上三丁目３番１３号", "url": "https://www.kaigokensaku.mhlw.go.jp/34/index.php?action_kouhyou_detail_004_kani=true&JigyosyoCd=3470214812-00&ServiceCd=110&Type=search", "url2": null }, "geometry": { "type": "Point", "coordinates": [ 132.4180297, 34.408824 ] } },
{ "type": "Feature", "properties": { "内容": "ルネッサンスホームヘルプ【訪問介護】広島市西区己斐中二丁目13番42号　102号室", "url": "https://www.kaigokensaku.mhlw.go.jp/34/index.php?action_kouhyou_detail_004_kani=true&JigyosyoCd=3470204060-00&ServiceCd=110&Type=search", "url2": "http://hayashimedical.or.jp/" }, "geometry": { "type": "Point", "coordinates": [ 132.426354976057382, 34.401834178477841 ] } },
{ "type": "Feature", "properties": { "内容": "訪問介護ステーションゆえん西広島【訪問介護】広島県広島市西区福島町二丁目24番21号", "url": "https://www.kaigokensaku.mhlw.go.jp/34/index.php?action_kouhyou_detail_004_kani=true&JigyosyoCd=3470215751-00&ServiceCd=110&Type=search", "url2": null }, "geometry": { "type": "Point", "coordinates": [ 132.4316268, 34.3926405 ] } },
{ "type": "Feature", "properties": { "内容": "サンキ・ウエルビィ介護センター本店【訪問介護】広島県広島市西区商工センター６丁目１番１１号", "url": "https://www.kaigokensaku.mhlw.go.jp/34/index.php?action_kouhyou_detail_004_kani=true&JigyosyoCd=3470200506-00&ServiceCd=110&Type=search", "url2": null }, "geometry": { "type": "Point", "coordinates": [ 132.389668300000039, 34.3695849 ] } },
{ "type": "Feature", "properties": { "内容": "ニチイケアセンター広島西【訪問介護】広島市西区三篠町3-10-2米村ビル1Ｆ", "url": "https://www.kaigokensaku.mhlw.go.jp/34/index.php?action_kouhyou_detail_004_kani=true&JigyosyoCd=3470200902-00&ServiceCd=110&Type=search", "url2": "http://www.nichiigakkan.co.jp" }, "geometry": { "type": "Point", "coordinates": [ 132.453248089163225, 34.416224018304781 ] } },
{ "type": "Feature", "properties": { "内容": "訪問介護事業所かりん【訪問介護】広島市西区小河内町1丁目13-3", "url": "https://www.kaigokensaku.mhlw.go.jp/34/index.php?action_kouhyou_detail_004_kani=true&JigyosyoCd=3470201959-00&ServiceCd=110&Type=search", "url2": "http://syakaikan.jp/kaigo/houmon/" }, "geometry": { "type": "Point", "coordinates": [ 132.437056161376972, 34.398513532043886 ] } },
{ "type": "Feature", "properties": { "内容": "土谷ヘルパーステーション西広島【訪問介護】広島県広島市西区己斐本町二丁目7番1号", "url": "https://www.kaigokensaku.mhlw.go.jp/34/index.php?action_kouhyou_detail_004_kani=true&JigyosyoCd=3470202007-00&ServiceCd=110&Type=search", "url2": null }, "geometry": { "type": "Point", "coordinates": [ 132.426580069836405, 34.395065701060034 ] } },
{ "type": "Feature", "properties": { "内容": "ニチイケアセンタ－こうご【訪問介護】広島県広島市西区庚午中四丁目７－２２", "url": "https://www.kaigokensaku.mhlw.go.jp/34/index.php?action_kouhyou_detail_004_kani=true&JigyosyoCd=3470202452-00&ServiceCd=110&Type=search", "url2": "http://www.nichiigakkan.co.jp" }, "geometry": { "type": "Point", "coordinates": [ 132.413652700000057, 34.3823142 ] } },
{ "type": "Feature", "properties": { "内容": "ベネッセ介護センター広島【訪問介護】広島市西区横川町3-8-2第2信和ビル5F", "url": "https://www.kaigokensaku.mhlw.go.jp/34/index.php?action_kouhyou_detail_004_kani=true&JigyosyoCd=3470203153-00&ServiceCd=110&Type=search", "url2": "http://www.benesse-style-care.co.jp" }, "geometry": { "type": "Point", "coordinates": [ 132.454168544638662, 34.409439738101291 ] } },
{ "type": "Feature", "properties": { "内容": "介護センターぽわっと【訪問介護】広島市西区小河内町2-7-5", "url": "https://www.kaigokensaku.mhlw.go.jp/34/index.php?action_kouhyou_detail_004_kani=true&JigyosyoCd=3470203179-00&ServiceCd=110&Type=search", "url2": "https://tego-s.com/" }, "geometry": { "type": "Point", "coordinates": [ 132.43941809147114, 34.401524864640834 ] } },
{ "type": "Feature", "properties": { "内容": "祥ヘルパーステーション【訪問介護】広島市西区南観音町5-17", "url": "https://www.kaigokensaku.mhlw.go.jp/34/index.php?action_kouhyou_detail_004_kani=true&JigyosyoCd=3470204912-00&ServiceCd=110&Type=search", "url2": null }, "geometry": { "type": "Point", "coordinates": [ 132.434330127284596, 34.38724462550821 ] } },
{ "type": "Feature", "properties": { "内容": "幾久訪問介護事業所【訪問介護】広島市西区庚午中3丁目6番9号コオリナハウス101号", "url": "https://www.kaigokensaku.mhlw.go.jp/34/index.php?action_kouhyou_detail_004_kani=true&JigyosyoCd=3470205059-00&ServiceCd=110&Type=search", "url2": null }, "geometry": { "type": "Point", "coordinates": [ 132.411683399999987, 34.3829391 ] } },
{ "type": "Feature", "properties": { "内容": "愛・訪問介護ステーション広島西【訪問介護】広島市西区中広町3-13-2エム・シービル１階", "url": "https://www.kaigokensaku.mhlw.go.jp/34/index.php?action_kouhyou_detail_004_kani=true&JigyosyoCd=3470206909-00&ServiceCd=110&Type=search", "url2": null }, "geometry": { "type": "Point", "coordinates": [ 132.446684, 34.404867800000041 ] } },
{ "type": "Feature", "properties": { "内容": "訪問介護事業所しあわせの樹【訪問介護】広島県広島市西区東観音町18番15号パールマンション東観音201号", "url": "https://www.kaigokensaku.mhlw.go.jp/34/index.php?action_kouhyou_detail_004_kani=true&JigyosyoCd=3470207170-00&ServiceCd=110&Type=search", "url2": null }, "geometry": { "type": "Point", "coordinates": [ 132.438694711297813, 34.390871466703182 ] } },
{ "type": "Feature", "properties": { "内容": "ヘルパーステーション　ひのき【訪問介護】広島県広島市西区三篠北町18-4サニーヴィラゆうき２０１", "url": "https://www.kaigokensaku.mhlw.go.jp/34/index.php?action_kouhyou_detail_004_kani=true&JigyosyoCd=3470208699-00&ServiceCd=110&Type=search", "url2": null }, "geometry": { "type": "Point", "coordinates": [ 132.455847638970226, 34.417791318650224 ] } },
{ "type": "Feature", "properties": { "内容": "あいわ訪問介護ステーション【訪問介護】広島市西区観音本町２丁目１１－１５ふるどいビル１Ｆ", "url": "https://www.kaigokensaku.mhlw.go.jp/34/index.php?action_kouhyou_detail_004_kani=true&JigyosyoCd=3470209242-00&ServiceCd=110&Type=search", "url2": "http://www.posmoplaza.tokyo/" }, "geometry": { "type": "Point", "coordinates": [ 132.431866799999966, 34.3896097 ] } },
{ "type": "Feature", "properties": { "内容": "ケア２１横川【訪問介護】広島市西区三篠町1-4-5さくらビル１Ｆ", "url": "https://www.kaigokensaku.mhlw.go.jp/34/index.php?action_kouhyou_detail_004_kani=true&JigyosyoCd=3470210455-00&ServiceCd=110&Type=search", "url2": null }, "geometry": { "type": "Point", "coordinates": [ 132.453241059524515, 34.411981866962023 ] } },
{ "type": "Feature", "properties": { "内容": "さくら・介護ステーション草津新町【訪問介護】広島県広島市西区草津新町2丁目15番11号小川コーポ203号室", "url": "https://www.kaigokensaku.mhlw.go.jp/34/index.php?action_kouhyou_detail_004_kani=true&JigyosyoCd=3470212998-00&ServiceCd=110&Type=search", "url2": "http://www.sakurakaigo.co.jp" }, "geometry": { "type": "Point", "coordinates": [ 132.3942793, 34.3744041 ] } },
{ "type": "Feature", "properties": { "内容": "ヘルパーステーションかがやき西広島【訪問介護】広島県広島市西区庚午中1丁目8-21-201", "url": "https://www.kaigokensaku.mhlw.go.jp/34/index.php?action_kouhyou_detail_004_kani=true&JigyosyoCd=3470213202-00&ServiceCd=110&Type=search", "url2": "http://lsi-kk.co.jp/" }, "geometry": { "type": "Point", "coordinates": [ 132.416577400000051, 34.3844113 ] } },
{ "type": "Feature", "properties": { "内容": "ニチイケアセンター井口【訪問介護】広島県広島市西区井口二丁目１９－４２103号", "url": "https://www.kaigokensaku.mhlw.go.jp/34/index.php?action_kouhyou_detail_004_kani=true&JigyosyoCd=3470213772-00&ServiceCd=110&Type=search", "url2": "http://www.nichiigakkan.co.jp" }, "geometry": { "type": "Point", "coordinates": [ 132.383682120237722, 34.373634378824363 ] } },
{ "type": "Feature", "properties": { "内容": "ヘルパーステーションスマイルケア【訪問介護】広島市西区己斐西町６番１５号コーポ田中１０１", "url": "https://www.kaigokensaku.mhlw.go.jp/34/index.php?action_kouhyou_detail_004_kani=true&JigyosyoCd=3470213848-00&ServiceCd=110&Type=search", "url2": null }, "geometry": { "type": "Point", "coordinates": [ 132.424521, 34.3984016 ] } },
{ "type": "Feature", "properties": { "内容": "ツクイ広島西【訪問介護】広島県広島市西区南観音5-11-10", "url": "https://www.kaigokensaku.mhlw.go.jp/34/index.php?action_kouhyou_detail_004_kani=true&JigyosyoCd=3470214184-00&ServiceCd=110&Type=search", "url2": "https://www.tsukui.net/home-care/2106/" }, "geometry": { "type": "Point", "coordinates": [ 132.4249443, 34.3810509 ] } },
{ "type": "Feature", "properties": { "内容": "LA･LACare【訪問介護】広島県広島市西区観音本町1丁目3-16ｶｰｻ・ﾜﾀﾅﾍﾞ1F", "url": "https://www.kaigokensaku.mhlw.go.jp/34/index.php?action_kouhyou_detail_004_kani=true&JigyosyoCd=3470214564-00&ServiceCd=110&Type=search", "url2": "https://worthit-co.com/" }, "geometry": { "type": "Point", "coordinates": [ 132.4385222, 34.3894092 ] } },
{ "type": "Feature", "properties": { "内容": "コモンハウスヘルパーステーション【訪問介護】広島県広島市西区楠木町一丁目12番3号", "url": "https://www.kaigokensaku.mhlw.go.jp/34/index.php?action_kouhyou_detail_004_kani=true&JigyosyoCd=3470214911-00&ServiceCd=110&Type=search", "url2": "https://www.common-ltd.jp/" }, "geometry": { "type": "Point", "coordinates": [ 132.4542912, 34.4083782 ] } },
{ "type": "Feature", "properties": { "内容": "ニックス西訪問介護事業所【訪問介護】広島県広島市西区小河内町一丁目４番１３号", "url": "https://www.kaigokensaku.mhlw.go.jp/34/index.php?action_kouhyou_detail_004_kani=true&JigyosyoCd=3470215124-00&ServiceCd=110&Type=search", "url2": null }, "geometry": { "type": "Point", "coordinates": [ 132.436655699999989, 34.3995052 ] } },
{ "type": "Feature", "properties": { "内容": "訪問介護ステーションあさなぎ【訪問介護】広島県広島市西区三篠町１丁目７番２１号カワミビル１０２", "url": "https://www.kaigokensaku.mhlw.go.jp/34/index.php?action_kouhyou_detail_004_kani=true&JigyosyoCd=3470215389-00&ServiceCd=110&Type=search", "url2": "https://hiroshima-social-link.com/" }, "geometry": { "type": "Point", "coordinates": [ 132.451921555760265, 34.411614592301277 ] } },
{ "type": "Feature", "properties": { "内容": "訪問介護事業所りらっくす井口【訪問介護】広島市西区井口1－9－17", "url": "https://www.kaigokensaku.mhlw.go.jp/34/index.php?action_kouhyou_detail_004_kani=true&JigyosyoCd=3470204193-00&ServiceCd=110&Type=search", "url2": "http://www.relaxcare.jp/" }, "geometry": { "type": "Point", "coordinates": [ 132.449564499999951, 34.4042762 ] } },
{ "type": "Feature", "properties": { "内容": "広島中央保健生協ヘルパーステーション【訪問介護】広島市西区観音町16-19生協けんこうプラザ3Ｆ", "url": "https://www.kaigokensaku.mhlw.go.jp/34/index.php?action_kouhyou_detail_004_kani=true&JigyosyoCd=3470201272-00&ServiceCd=110&Type=search", "url2": "http://www.hch.coop" }, "geometry": { "type": "Point", "coordinates": [ 132.437062517474402, 34.394503666784274 ] } },
{ "type": "Feature", "properties": { "内容": "きらり介護ステーション【訪問介護】広島市西区西観音町1-10ＡＸＩＳ-ＷＩＬＬ西観音ｓｔａ.202号", "url": "https://www.kaigokensaku.mhlw.go.jp/34/index.php?action_kouhyou_detail_004_kani=true&JigyosyoCd=3470203872-00&ServiceCd=110&Type=search", "url2": null }, "geometry": { "type": "Point", "coordinates": [ 132.438574900000049, 34.3928484 ] } },
{ "type": "Feature", "properties": { "内容": "コスモケア訪問介護事業所【訪問介護】広島市西区大宮1丁目22-12-2", "url": "https://www.kaigokensaku.mhlw.go.jp/34/index.php?action_kouhyou_detail_004_kani=true&JigyosyoCd=3470205828-00&ServiceCd=110&Type=search", "url2": "http://cosmo-care-support.co.jp/" }, "geometry": { "type": "Point", "coordinates": [ 132.454694099999983, 34.4163418 ] } },
{ "type": "Feature", "properties": { "内容": "つなぐ訪問介護事業所【訪問介護】広島市西区楠木町1丁目13-6", "url": "https://www.kaigokensaku.mhlw.go.jp/34/index.php?action_kouhyou_detail_004_kani=true&JigyosyoCd=3470207584-00&ServiceCd=110&Type=search", "url2": "http://www.tsunagu-hk.com/" }, "geometry": { "type": "Point", "coordinates": [ 132.455000199999972, 34.4081842 ] } },
{ "type": "Feature", "properties": { "内容": "あなぶきケアサービス広島　訪問介護事業所【訪問介護】広島市西区観音本町1丁目13-28", "url": "https://www.kaigokensaku.mhlw.go.jp/34/index.php?action_kouhyou_detail_004_kani=true&JigyosyoCd=3470209861-00&ServiceCd=110&Type=search", "url2": null }, "geometry": { "type": "Point", "coordinates": [ 132.43714030000001, 34.3887776 ] } },
{ "type": "Feature", "properties": { "内容": "ヘルパーステーション髙山【訪問介護】広島県広島市西区己斐本町1丁目2－15FコートB棟301号", "url": "https://www.kaigokensaku.mhlw.go.jp/34/index.php?action_kouhyou_detail_004_kani=true&JigyosyoCd=3470212592-00&ServiceCd=110&Type=search", "url2": null }, "geometry": { "type": "Point", "coordinates": [ 132.431084599999963, 34.3995878 ] } },
{ "type": "Feature", "properties": { "内容": "ヘルパーステーションおれんじ【訪問介護】広島県広島市西区己斐上4-26-1", "url": "https://www.kaigokensaku.mhlw.go.jp/34/index.php?action_kouhyou_detail_004_kani=true&JigyosyoCd=3470213509-00&ServiceCd=110&Type=search", "url2": null }, "geometry": { "type": "Point", "coordinates": [ 132.418370986696118, 34.410061716952626 ] } },
{ "type": "Feature", "properties": { "内容": "楽リハヘルパーステーション広島己斐【訪問介護】広島県広島市西区己斐上4丁目4-12楽リハlife広島己斐", "url": "https://www.kaigokensaku.mhlw.go.jp/34/index.php?action_kouhyou_detail_004_kani=true&JigyosyoCd=3470213921-00&ServiceCd=110&Type=search", "url2": "http://www.greenlife-inc.co.jp/company" }, "geometry": { "type": "Point", "coordinates": [ 132.422633100000013, 34.4140684 ] } },
{ "type": "Feature", "properties": { "内容": "ありらん【訪問介護】広島県広島市西区福島町2丁目４－９", "url": "https://www.kaigokensaku.mhlw.go.jp/34/index.php?action_kouhyou_detail_004_kani=true&JigyosyoCd=3470102132-00&ServiceCd=110&Type=search", "url2": "https://www.ariran-ie.co.jp" }, "geometry": { "type": "Point", "coordinates": [ 132.432774546032789, 34.394542560935619 ] } },
{ "type": "Feature", "properties": { "内容": "訪問介護事業所　千歳園【訪問介護】広島市西区山田新町二丁目7-2", "url": "https://www.kaigokensaku.mhlw.go.jp/34/index.php?action_kouhyou_detail_004_kani=true&JigyosyoCd=3470201744-00&ServiceCd=110&Type=search", "url2": "http://www.dohen.or.jp/" }, "geometry": { "type": "Point", "coordinates": [ 132.38692960000003, 34.3992063 ] } },
{ "type": "Feature", "properties": { "内容": "アイメディカルヘルパーステーション【訪問介護】広島市西区草津東１丁目５－１０", "url": "https://www.kaigokensaku.mhlw.go.jp/34/index.php?action_kouhyou_detail_004_kani=true&JigyosyoCd=3470202528-00&ServiceCd=110&Type=search", "url2": "http://eye-medical.co.jp/" }, "geometry": { "type": "Point", "coordinates": [ 132.407889663194624, 34.379208635029471 ] } },
{ "type": "Feature", "properties": { "内容": "生協ひろしま介護サービス・広島中【訪問介護】広島市西区南観音7丁目16-15タワービルカワムラⅢ３階", "url": "https://www.kaigokensaku.mhlw.go.jp/34/index.php?action_kouhyou_detail_004_kani=true&JigyosyoCd=3470204136-00&ServiceCd=110&Type=search", "url2": null }, "geometry": { "type": "Point", "coordinates": [ 132.428979660918316, 34.378705919475451 ] } },
{ "type": "Feature", "properties": { "内容": "ヘルパーステーション・イルカ【訪問介護】広島県広島市西区庚午北二丁目１７番４号船本ビル103", "url": "https://www.kaigokensaku.mhlw.go.jp/34/index.php?action_kouhyou_detail_004_kani=true&JigyosyoCd=3470204904-00&ServiceCd=110&Type=search", "url2": "http://www.iruka-station.com/" }, "geometry": { "type": "Point", "coordinates": [ 132.419410400000061, 34.3887331 ] } },
{ "type": "Feature", "properties": { "内容": "アイ・アイ介護センター【訪問介護】広島市西区三滝町2番7号", "url": "https://www.kaigokensaku.mhlw.go.jp/34/index.php?action_kouhyou_detail_004_kani=true&JigyosyoCd=3470207972-00&ServiceCd=110&Type=search", "url2": "http://aiaikaigo.web.fc2.com/" }, "geometry": { "type": "Point", "coordinates": [ 132.451930299999958, 34.4168806 ] } },
{ "type": "Feature", "properties": { "内容": "コモン訪問介護事業所【訪問介護】広島県広島市西区庚午中4-15-35", "url": "https://www.kaigokensaku.mhlw.go.jp/34/index.php?action_kouhyou_detail_004_kani=true&JigyosyoCd=3470212667-00&ServiceCd=110&Type=search", "url2": "https://www.common-ltd.jp" }, "geometry": { "type": "Point", "coordinates": [ 132.415649799999983, 34.3796006 ] } },
{ "type": "Feature", "properties": { "内容": "ヘルパーステーションらしく【訪問介護】広島県広島市西区草津南３丁目７番１３号", "url": "https://www.kaigokensaku.mhlw.go.jp/34/index.php?action_kouhyou_detail_004_kani=true&JigyosyoCd=3470213657-00&ServiceCd=110&Type=search", "url2": null }, "geometry": { "type": "Point", "coordinates": [ 132.394894, 34.376957 ] } },
{ "type": "Feature", "properties": { "内容": "スマイリーここあ【訪問介護】広島県広島市西区都町9-3ハイツ達川1Ｆ", "url": "https://www.kaigokensaku.mhlw.go.jp/34/index.php?action_kouhyou_detail_004_kani=true&JigyosyoCd=3470213996-00&ServiceCd=110&Type=search", "url2": "https://sumacoco.com/" }, "geometry": { "type": "Point", "coordinates": [ 132.437957, 34.3983388 ] } },
{ "type": "Feature", "properties": { "内容": "ケアスペースあるこ【訪問介護】広島県広島市西区大宮１丁目１番３３号村井ビル３０１", "url": "https://www.kaigokensaku.mhlw.go.jp/34/index.php?action_kouhyou_detail_004_kani=true&JigyosyoCd=3470214614-00&ServiceCd=110&Type=search", "url2": "http://www.ut-g.jp" }, "geometry": { "type": "Point", "coordinates": [ 132.4576059, 34.4211886 ] } },
{ "type": "Feature", "properties": { "内容": "さくら・介護ステーション満天西【訪問介護】広島県広島市西区井口明神二丁目1番3号アネックスD201号室", "url": "https://www.kaigokensaku.mhlw.go.jp/34/index.php?action_kouhyou_detail_004_kani=true&JigyosyoCd=3470215017-00&ServiceCd=110&Type=search", "url2": "http://www.sakura-mondex.co.jp/" }, "geometry": { "type": "Point", "coordinates": [ 132.3849815, 34.370984 ] } },
{ "type": "Feature", "properties": { "内容": "訪問介護事業所そわか【訪問介護】広島県広島市西区古江新町8-14", "url": "https://www.kaigokensaku.mhlw.go.jp/34/index.php?action_kouhyou_detail_004_kani=true&JigyosyoCd=3470215793-00&ServiceCd=110&Type=search", "url2": "https://www.sowaca.care/" }, "geometry": { "type": "Point", "coordinates": [ 132.410746, 34.3842245 ] } },
{ "type": "Feature", "properties": { "内容": "マリモヘルパーステーション【訪問介護】広島市西区庚午北2丁目16-10", "url": "https://www.kaigokensaku.mhlw.go.jp/34/index.php?action_kouhyou_detail_004_kani=true&JigyosyoCd=3470215801-00&ServiceCd=110&Type=search", "url2": null }, "geometry": { "type": "Point", "coordinates": [ 132.4198206, 34.3889637 ] } },
{ "type": "Feature", "properties": { "内容": "医心館訪問介護ステーション広島横川【訪問介護】広島県広島市西区三滝町12番22号", "url": "https://www.kaigokensaku.mhlw.go.jp/34/index.php?action_kouhyou_detail_004_kani=true&JigyosyoCd=3470215819-00&ServiceCd=110&Type=search", "url2": null }, "geometry": { "type": "Point", "coordinates": [ 132.4496675, 34.4145711 ] } },
{ "type": "Feature", "properties": { "内容": "ヘルパーステーションハピネス観音【訪問介護】南観音五丁目1番18号", "url": "https://www.kaigokensaku.mhlw.go.jp/34/index.php?action_kouhyou_detail_004_kani=true&JigyosyoCd=3470215843-00&ServiceCd=110&Type=search", "url2": "http://furusato-home.com/" }, "geometry": { "type": "Point", "coordinates": [ 132.4254425, 34.383817 ] } },
{ "type": "Feature", "properties": { "内容": "ヘルパーステーションことのは【訪問介護】広島県広島市西区南観音４丁目７－２０T.C.Pビル", "url": "https://www.kaigokensaku.mhlw.go.jp/34/index.php?action_kouhyou_detail_004_kani=true&JigyosyoCd=3470215884-00&ServiceCd=110&Type=search", "url2": "https://kotonoha-our-story.jimdofree.com/" }, "geometry": { "type": "Point", "coordinates": [ 132.4252186, 34.3849189 ] } },
{ "type": "Feature", "properties": { "内容": "ヘルパーステーションきらきらケア【訪問介護】広島県広島市西区南観音２丁目５番２４号沖ビル２０３号室", "url": "https://www.kaigokensaku.mhlw.go.jp/34/index.php?action_kouhyou_detail_004_kani=true&JigyosyoCd=3470216015-00&ServiceCd=110&Type=search", "url2": null }, "geometry": { "type": "Point", "coordinates": [ 132.4312691, 34.3836617 ] } },
{ "type": "Feature", "properties": { "内容": "訪問介護事業所　たいよう【訪問介護】広島県広島市西区中広３丁目１４番１５号", "url": "https://www.kaigokensaku.mhlw.go.jp/34/index.php?action_kouhyou_detail_004_kani=true&JigyosyoCd=3470214978-00&ServiceCd=110&Type=search", "url2": null }, "geometry": { "type": "Point", "coordinates": [ 132.4453548, 34.4049994 ] } },
{ "type": "Feature", "properties": { "内容": "はぴねすケアサービス【訪問介護】広島県広島市西区庚午北四丁目6番24号アクアコート庚午201", "url": "https://www.kaigokensaku.mhlw.go.jp/34/index.php?action_kouhyou_detail_004_kani=true&JigyosyoCd=3470214580-00&ServiceCd=110&Type=search", "url2": "http://www.wish-ai.co.jp" }, "geometry": { "type": "Point", "coordinates": [ 132.418821599999973, 34.38752 ] } },
{ "type": "Feature", "properties": { "内容": "ヘルパーステーションゆず西【訪問介護】広島市西区東観音町23-2", "url": "https://www.kaigokensaku.mhlw.go.jp/34/index.php?action_kouhyou_detail_004_kani=true&JigyosyoCd=3470206305-00&ServiceCd=110&Type=search", "url2": null }, "geometry": { "type": "Point", "coordinates": [ 132.441737200000034, 34.3898908 ] } },
{ "type": "Feature", "properties": { "内容": "ヘルパーステーション梨杏【訪問介護】広島市安佐南区上安2丁目11-16-3Ｆ", "url": "https://www.kaigokensaku.mhlw.go.jp/34/index.php?action_kouhyou_detail_004_kani=true&JigyosyoCd=3470212790-00&ServiceCd=110&Type=search", "url2": null }, "geometry": { "type": "Point", "coordinates": [ 132.444921, 34.475757 ] } },
{ "type": "Feature", "properties": { "内容": "介護事業所　そらいろ【訪問介護】広島県広島市安佐南区緑井2丁目28番31号長和ビル204", "url": "https://www.kaigokensaku.mhlw.go.jp/34/index.php?action_kouhyou_detail_004_kani=true&JigyosyoCd=3470214606-00&ServiceCd=110&Type=search", "url2": "https://vert-welfare.co.jp/" }, "geometry": { "type": "Point", "coordinates": [ 132.470791, 34.4667744 ] } },
{ "type": "Feature", "properties": { "内容": "ふれあい訪問介護ステーション西原【訪問介護】広島県広島市安佐南区西原八丁目33番3号西原セントラルクリニック2階事務所", "url": "https://www.kaigokensaku.mhlw.go.jp/34/index.php?action_kouhyou_detail_004_kani=true&JigyosyoCd=3470106265-00&ServiceCd=110&Type=search", "url2": null }, "geometry": { "type": "Point", "coordinates": [ 132.474196662558711, 34.443174344950215 ] } },
{ "type": "Feature", "properties": { "内容": "訪問介護ステーション　ハナミズキ【訪問介護】広島県広島市安佐南区沼田町阿戸３６３４－１番地", "url": "https://www.kaigokensaku.mhlw.go.jp/34/index.php?action_kouhyou_detail_004_kani=true&JigyosyoCd=3470215371-00&ServiceCd=110&Type=search", "url2": null }, "geometry": { "type": "Point", "coordinates": [ 132.3567378, 34.4847035 ] } },
{ "type": "Feature", "properties": { "内容": "ＩＧＬヘルパーステーションシャレー【訪問介護】広島市安佐南区上安六丁目31番2号", "url": "https://www.kaigokensaku.mhlw.go.jp/34/index.php?action_kouhyou_detail_004_kani=true&JigyosyoCd=3470201314-00&ServiceCd=110&Type=search", "url2": "http://www.igl.or.jp/kourei/beruhelper.html" }, "geometry": { "type": "Point", "coordinates": [ 132.444734199999971, 34.481023300000011 ] } },
{ "type": "Feature", "properties": { "内容": "ニチイケアセンター中筋【訪問介護】広島市安佐南区中須1-29-23ソレーユ西山1F東", "url": "https://www.kaigokensaku.mhlw.go.jp/34/index.php?action_kouhyou_detail_004_kani=true&JigyosyoCd=3470200563-00&ServiceCd=110&Type=search", "url2": "http://www.nichiigakkan.co.jp" }, "geometry": { "type": "Point", "coordinates": [ 132.472429700000021, 34.4600681 ] } },
{ "type": "Feature", "properties": { "内容": "上安慈光園訪問介護事業所【訪問介護】広島市安佐南区上安二丁目23-5", "url": "https://www.kaigokensaku.mhlw.go.jp/34/index.php?action_kouhyou_detail_004_kani=true&JigyosyoCd=3470200951-00&ServiceCd=110&Type=search", "url2": "http://www.jikouen.jp" }, "geometry": { "type": "Point", "coordinates": [ 132.445245399999976, 34.4752156 ] } },
{ "type": "Feature", "properties": { "内容": "和楽荘訪問介護事業部【訪問介護】広島県広島市安佐南区伴西５丁目1432-1", "url": "https://www.kaigokensaku.mhlw.go.jp/34/index.php?action_kouhyou_detail_004_kani=true&JigyosyoCd=3470201439-00&ServiceCd=110&Type=search", "url2": "http://www.warakusou.or.jp" }, "geometry": { "type": "Point", "coordinates": [ 132.375869908963864, 34.459196229004995 ] } },
{ "type": "Feature", "properties": { "内容": "サンキ・ウエルビィ介護センター安佐南【訪問介護】広島県広島市安佐南区中筋４丁目４－２１－２０１", "url": "https://www.kaigokensaku.mhlw.go.jp/34/index.php?action_kouhyou_detail_004_kani=true&JigyosyoCd=3470201892-00&ServiceCd=110&Type=search", "url2": null }, "geometry": { "type": "Point", "coordinates": [ 132.480301113075228, 34.459208202513686 ] } },
{ "type": "Feature", "properties": { "内容": "オムエル祇園ヘルパーステーション【訪問介護】広島市安佐南区祇園5丁目2-45-303祇園クリニックビル３階", "url": "https://www.kaigokensaku.mhlw.go.jp/34/index.php?action_kouhyou_detail_004_kani=true&JigyosyoCd=3470202973-00&ServiceCd=110&Type=search", "url2": "http://www.omwell.co.jp/" }, "geometry": { "type": "Point", "coordinates": [ 132.460472770981823, 34.447137816105901 ] } },
{ "type": "Feature", "properties": { "内容": "株式会社アイ・テック介護サービスふれあい安佐南事業所【訪問介護】広島市安佐南区中筋1丁目13-3西幸ビル3階", "url": "https://www.kaigokensaku.mhlw.go.jp/34/index.php?action_kouhyou_detail_004_kani=true&JigyosyoCd=3470203021-00&ServiceCd=110&Type=search", "url2": "http://fureaikaigo.jp/" }, "geometry": { "type": "Point", "coordinates": [ 132.475346800000011, 34.4472139 ] } },
{ "type": "Feature", "properties": { "内容": "さくら・介護ステーションとも【訪問介護】広島市安佐南区伴南1-8-12", "url": "https://www.kaigokensaku.mhlw.go.jp/34/index.php?action_kouhyou_detail_004_kani=true&JigyosyoCd=3470204102-00&ServiceCd=110&Type=search", "url2": null }, "geometry": { "type": "Point", "coordinates": [ 132.381892900000025, 34.4494644 ] } },
{ "type": "Feature", "properties": { "内容": "すばる訪問介護事業所【訪問介護】広島県広島市安佐南区緑井6丁目34番31号", "url": "https://www.kaigokensaku.mhlw.go.jp/34/index.php?action_kouhyou_detail_004_kani=true&JigyosyoCd=3470204516-00&ServiceCd=110&Type=search", "url2": null }, "geometry": { "type": "Point", "coordinates": [ 132.480997900000034, 34.4710755 ] } },
{ "type": "Feature", "properties": { "内容": "株式会社　クォーレ　広島安佐南支店【訪問介護】広島市安佐南区中須1-14-10長谷川ビル　３０２号室", "url": "https://www.kaigokensaku.mhlw.go.jp/34/index.php?action_kouhyou_detail_004_kani=true&JigyosyoCd=3470205695-00&ServiceCd=110&Type=search", "url2": "https://www.qolegroup.com/" }, "geometry": { "type": "Point", "coordinates": [ 132.471641751053085, 34.45576586249706 ] } },
{ "type": "Feature", "properties": { "内容": "みこころケアセンター【訪問介護】広島市安佐南区長束六丁目4番1号", "url": "https://www.kaigokensaku.mhlw.go.jp/34/index.php?action_kouhyou_detail_004_kani=true&JigyosyoCd=3470206735-00&ServiceCd=110&Type=search", "url2": "http://micocoro-care.jp/index.html" }, "geometry": { "type": "Point", "coordinates": [ 132.457465100000036, 34.4347402 ] } },
{ "type": "Feature", "properties": { "内容": "訪問介護事業所がんじゅう【訪問介護】広島市安佐南区伴東2丁目6-1201号室", "url": "https://www.kaigokensaku.mhlw.go.jp/34/index.php?action_kouhyou_detail_004_kani=true&JigyosyoCd=3470207253-00&ServiceCd=110&Type=search", "url2": "http://mnt-kaigo.com/about" }, "geometry": { "type": "Point", "coordinates": [ 132.422969199999983, 34.468457600000043 ] } },
{ "type": "Feature", "properties": { "内容": "サンキ・ウエルビィ介護センター祇園【訪問介護】広島県広島市安佐南区山本4－11－24", "url": "https://www.kaigokensaku.mhlw.go.jp/34/index.php?action_kouhyou_detail_004_kani=true&JigyosyoCd=3470207378-00&ServiceCd=110&Type=search", "url2": null }, "geometry": { "type": "Point", "coordinates": [ 132.448759900000027, 34.4374508 ] } },
{ "type": "Feature", "properties": { "内容": "ヘルパーステーション　絆【訪問介護】広島市県広島市安佐南区伴東7丁目55番9号villa大原駅前101号", "url": "https://www.kaigokensaku.mhlw.go.jp/34/index.php?action_kouhyou_detail_004_kani=true&JigyosyoCd=3470207709-00&ServiceCd=110&Type=search", "url2": "https://kizuna-hiroshima.co.jp/" }, "geometry": { "type": "Point", "coordinates": [ 132.412965247663806, 34.463202905633665 ] } },
{ "type": "Feature", "properties": { "内容": "ヘルパーステーション　ふじ川内【訪問介護】広島市安佐南区川内１丁目１５－１", "url": "https://www.kaigokensaku.mhlw.go.jp/34/index.php?action_kouhyou_detail_004_kani=true&JigyosyoCd=3470207840-00&ServiceCd=110&Type=search", "url2": "http://www.fujicare.jp/" }, "geometry": { "type": "Point", "coordinates": [ 132.484862099999987, 34.4586074 ] } },
{ "type": "Feature", "properties": { "内容": "ニチイケアセンター山本【訪問介護】広島県広島市安佐南区山本三丁目25番6号", "url": "https://www.kaigokensaku.mhlw.go.jp/34/index.php?action_kouhyou_detail_004_kani=true&JigyosyoCd=3470208160-00&ServiceCd=110&Type=search", "url2": "http://www.nichiigakkan.co.jp" }, "geometry": { "type": "Point", "coordinates": [ 132.45088480000004, 34.4384063 ] } },
{ "type": "Feature", "properties": { "内容": "野村病院ヘルパーステーション「ながつか」【訪問介護】広島市安佐南区祇園２丁目４２番１４号", "url": "https://www.kaigokensaku.mhlw.go.jp/34/index.php?action_kouhyou_detail_004_kani=true&JigyosyoCd=3470208442-00&ServiceCd=110&Type=search", "url2": "http://www.medical-park.jp" }, "geometry": { "type": "Point", "coordinates": [ 132.465211709819414, 34.438888058950795 ] } },
{ "type": "Feature", "properties": { "内容": "訪問介護事業所　となり【訪問介護】広島市安佐南区西原六丁目29-12コーポＦ.Ｍ.Ａ　201", "url": "https://www.kaigokensaku.mhlw.go.jp/34/index.php?action_kouhyou_detail_004_kani=true&JigyosyoCd=3470209309-00&ServiceCd=110&Type=search", "url2": "https://www.ryorinn.com/" }, "geometry": { "type": "Point", "coordinates": [ 132.463644679945958, 34.435758613828142 ] } },
{ "type": "Feature", "properties": { "内容": "ぎおん牛田病院ヘルパーステーション【訪問介護】広島県広島市安佐南区西原八丁目29番24号", "url": "https://www.kaigokensaku.mhlw.go.jp/34/index.php?action_kouhyou_detail_004_kani=true&JigyosyoCd=3470211131-00&ServiceCd=110&Type=search", "url2": "http://smile-seiaikai.com" }, "geometry": { "type": "Point", "coordinates": [ 132.470913900000028, 34.442756 ] } },
{ "type": "Feature", "properties": { "内容": "ヘルパーステーションあすか大町【訪問介護】広島県広島市安佐南区中須一丁目26番12号あすかケアプラザ", "url": "https://www.kaigokensaku.mhlw.go.jp/34/index.php?action_kouhyou_detail_004_kani=true&JigyosyoCd=3470211396-00&ServiceCd=110&Type=search", "url2": "https://asuka-net.or.jp/" }, "geometry": { "type": "Point", "coordinates": [ 132.471596399999953, 34.4615124 ] } },
{ "type": "Feature", "properties": { "内容": "たまねぎ訪問介護事業所【訪問介護】広島県広島市安佐南区伴東7丁目30－5－202", "url": "https://www.kaigokensaku.mhlw.go.jp/34/index.php?action_kouhyou_detail_004_kani=true&JigyosyoCd=3470212451-00&ServiceCd=110&Type=search", "url2": null }, "geometry": { "type": "Point", "coordinates": [ 132.416483148402307, 34.465032184211104 ] } },
{ "type": "Feature", "properties": { "内容": "おおぞら介護安佐南サービスセンター【訪問介護】広島県広島市安佐南区西原4丁目33-41第2森下ビル203号", "url": "https://www.kaigokensaku.mhlw.go.jp/34/index.php?action_kouhyou_detail_004_kani=true&JigyosyoCd=3470213525-00&ServiceCd=110&Type=search", "url2": "http://www.elderly.jp/" }, "geometry": { "type": "Point", "coordinates": [ 132.466328501852416, 34.435991025815923 ] } },
{ "type": "Feature", "properties": { "内容": "訪問介護ゆえん【訪問介護】広島県広島市安佐南区長束6丁目10-8", "url": "https://www.kaigokensaku.mhlw.go.jp/34/index.php?action_kouhyou_detail_004_kani=true&JigyosyoCd=3470213640-00&ServiceCd=110&Type=search", "url2": "http://sozo.ecweb.jp" }, "geometry": { "type": "Point", "coordinates": [ 132.4533319, 34.4343392 ] } },
{ "type": "Feature", "properties": { "内容": "ニチイケアセンター高取【訪問介護】広島県広島市安佐南区高取北一丁目4-30サンビル４Ｆ-B号", "url": "https://www.kaigokensaku.mhlw.go.jp/34/index.php?action_kouhyou_detail_004_kani=true&JigyosyoCd=3470214259-00&ServiceCd=110&Type=search", "url2": "http://www.nichiigakkan.co.jp" }, "geometry": { "type": "Point", "coordinates": [ 132.4376052, 34.4753415 ] } },
{ "type": "Feature", "properties": { "内容": "介護ステーションオレンジ【訪問介護】広島県広島市安佐南区伴東2-53-16-10", "url": "https://www.kaigokensaku.mhlw.go.jp/34/index.php?action_kouhyou_detail_004_kani=true&JigyosyoCd=3470214325-00&ServiceCd=110&Type=search", "url2": "https://kaigostationorange.wixsite.com/mysite" }, "geometry": { "type": "Point", "coordinates": [ 132.4183998, 34.4769563 ] } },
{ "type": "Feature", "properties": { "内容": "訪問介護ステーションゆたか【訪問介護】広島県広島市安佐南区川内2丁目3-50ホワイトコーポ川内　102", "url": "https://www.kaigokensaku.mhlw.go.jp/34/index.php?action_kouhyou_detail_004_kani=true&JigyosyoCd=3470214770-00&ServiceCd=110&Type=search", "url2": null }, "geometry": { "type": "Point", "coordinates": [ 132.48456, 34.4642922 ] } },
{ "type": "Feature", "properties": { "内容": "ケア２１古市橋【訪問介護】広島県広島市安佐南区大町東一丁目１２番８号今田店舗1階", "url": "https://www.kaigokensaku.mhlw.go.jp/34/index.php?action_kouhyou_detail_004_kani=true&JigyosyoCd=3470214820-00&ServiceCd=110&Type=search", "url2": null }, "geometry": { "type": "Point", "coordinates": [ 132.4678935, 34.4545129 ] } },
{ "type": "Feature", "properties": { "内容": "訪問介護サービス　つばめ【訪問介護】広島県広島市安佐南区大町東三丁目31-24-6ウエキビル201", "url": "https://www.kaigokensaku.mhlw.go.jp/34/index.php?action_kouhyou_detail_004_kani=true&JigyosyoCd=3470215215-00&ServiceCd=110&Type=search", "url2": null }, "geometry": { "type": "Point", "coordinates": [ 132.4622095, 34.4665788 ] } },
{ "type": "Feature", "properties": { "内容": "サポートセンターとらいあんぐる安佐南【訪問介護】広島県広島市安佐南区緑井二丁目21番24号104", "url": "https://www.kaigokensaku.mhlw.go.jp/34/index.php?action_kouhyou_detail_004_kani=true&JigyosyoCd=3470215322-00&ServiceCd=110&Type=search", "url2": "https://trustysupport.co.jp" }, "geometry": { "type": "Point", "coordinates": [ 132.473205900000011, 34.4646305 ] } },
{ "type": "Feature", "properties": { "内容": "ヘルパーステーションハピネス安東【訪問介護】広島県広島市安佐南区安東6丁目4-52-5ケアホームハピネス安東", "url": "https://www.kaigokensaku.mhlw.go.jp/34/index.php?action_kouhyou_detail_004_kani=true&JigyosyoCd=3470212568-00&ServiceCd=110&Type=search", "url2": "http://www.furusato-home.com/" }, "geometry": { "type": "Point", "coordinates": [ 132.454047400000036, 34.4763657 ] } },
{ "type": "Feature", "properties": { "内容": "ヘルパーステーション虹訪問介護事業所【訪問介護】広島市安佐南区西原9丁目8-22ふれあいセンター協同　1階", "url": "https://www.kaigokensaku.mhlw.go.jp/34/index.php?action_kouhyou_detail_004_kani=true&JigyosyoCd=3470201280-00&ServiceCd=110&Type=search", "url2": "http://www.hiroshimairyo.coop/kyodo/niji/" }, "geometry": { "type": "Point", "coordinates": [ 132.471888700000022, 34.447008299999986 ] } },
{ "type": "Feature", "properties": { "内容": "土谷ヘルパーステーション大町【訪問介護】広島市安佐南区大町東２丁目７番２４号大町駅前ビル４０５", "url": "https://www.kaigokensaku.mhlw.go.jp/34/index.php?action_kouhyou_detail_004_kani=true&JigyosyoCd=3470201934-00&ServiceCd=110&Type=search", "url2": null }, "geometry": { "type": "Point", "coordinates": [ 132.469132700000046, 34.4621483 ] } },
{ "type": "Feature", "properties": { "内容": "生協ひろしま介護サービス・安佐南【訪問介護】広島市安佐南区中須1-16-10エルサンク濱岡1階", "url": "https://www.kaigokensaku.mhlw.go.jp/34/index.php?action_kouhyou_detail_004_kani=true&JigyosyoCd=3470203237-00&ServiceCd=110&Type=search", "url2": null }, "geometry": { "type": "Point", "coordinates": [ 132.471633099999963, 34.4557703 ] } },
{ "type": "Feature", "properties": { "内容": "しらかば訪問介護事業所【訪問介護】広島市安佐南区祇園２丁目１４番6-9", "url": "https://www.kaigokensaku.mhlw.go.jp/34/index.php?action_kouhyou_detail_004_kani=true&JigyosyoCd=3470204532-00&ServiceCd=110&Type=search", "url2": null }, "geometry": { "type": "Point", "coordinates": [ 132.466495024138908, 34.444756215816845 ] } },
{ "type": "Feature", "properties": { "内容": "ユメヤ訪問介護事業所【訪問介護】広島市安佐南区相田五丁目３５番４号", "url": "https://www.kaigokensaku.mhlw.go.jp/34/index.php?action_kouhyou_detail_004_kani=true&JigyosyoCd=3470206966-00&ServiceCd=110&Type=search", "url2": null }, "geometry": { "type": "Point", "coordinates": [ 132.444754, 34.4678415 ] } },
{ "type": "Feature", "properties": { "内容": "はなまる訪問介護サービス【訪問介護】広島市安佐南区大町西3丁目11番45－3号", "url": "https://www.kaigokensaku.mhlw.go.jp/34/index.php?action_kouhyou_detail_004_kani=true&JigyosyoCd=3470207410-00&ServiceCd=110&Type=search", "url2": null }, "geometry": { "type": "Point", "coordinates": [ 132.462582530363534, 34.465837212716231 ] } },
{ "type": "Feature", "properties": { "内容": "訪問介護事業所　ポケット【訪問介護】広島県広島市安佐南区祇園３丁目21-30", "url": "https://www.kaigokensaku.mhlw.go.jp/34/index.php?action_kouhyou_detail_004_kani=true&JigyosyoCd=3470207857-00&ServiceCd=110&Type=search", "url2": "http://www.earth-pocket.com/" }, "geometry": { "type": "Point", "coordinates": [ 132.458053678489506, 34.441013676372286 ] } },
{ "type": "Feature", "properties": { "内容": "ヘルパーステーション　くれよん【訪問介護】広島市安佐南区伴東七丁目14-44", "url": "https://www.kaigokensaku.mhlw.go.jp/34/index.php?action_kouhyou_detail_004_kani=true&JigyosyoCd=3470208202-00&ServiceCd=110&Type=search", "url2": null }, "geometry": { "type": "Point", "coordinates": [ 132.41927367168887, 34.463258586724166 ] } },
{ "type": "Feature", "properties": { "内容": "ヘルパーステーションこじま【訪問介護】広島県広島市安佐南区祇園4丁目8番2号-101号室", "url": "https://www.kaigokensaku.mhlw.go.jp/34/index.php?action_kouhyou_detail_004_kani=true&JigyosyoCd=3470210190-00&ServiceCd=110&Type=search", "url2": "https://kojimaclinic.jp/" }, "geometry": { "type": "Point", "coordinates": [ 132.454219599999959, 34.436135 ] } },
{ "type": "Feature", "properties": { "内容": "Links広島【訪問介護】広島県広島市安佐南区緑井2-25-24サングリーン５　104", "url": "https://www.kaigokensaku.mhlw.go.jp/34/index.php?action_kouhyou_detail_004_kani=true&JigyosyoCd=3470212774-00&ServiceCd=110&Type=search", "url2": null }, "geometry": { "type": "Point", "coordinates": [ 132.4712935, 34.4643509 ] } },
{ "type": "Feature", "properties": { "内容": "訪問介護事業所若葉台【訪問介護】広島県広島市安佐南区伴北7丁目32番27号", "url": "https://www.kaigokensaku.mhlw.go.jp/34/index.php?action_kouhyou_detail_004_kani=true&JigyosyoCd=3470213723-00&ServiceCd=110&Type=search", "url2": null }, "geometry": { "type": "Point", "coordinates": [ 132.403312, 34.4848798 ] } },
{ "type": "Feature", "properties": { "内容": "アーク訪問介護事業所【訪問介護】広島県広島市安佐南区東野1-21-31カレッジ東野A棟101号室", "url": "https://www.kaigokensaku.mhlw.go.jp/34/index.php?action_kouhyou_detail_004_kani=true&JigyosyoCd=3470214937-00&ServiceCd=110&Type=search", "url2": "https://ark-homehelp.com/" }, "geometry": { "type": "Point", "coordinates": [ 132.4818744, 34.447626 ] } },
{ "type": "Feature", "properties": { "内容": "メリィヘルパーセンター八木【訪問介護】広島市安佐南区八木一丁目19番1号", "url": "https://www.kaigokensaku.mhlw.go.jp/34/index.php?action_kouhyou_detail_004_kani=true&JigyosyoCd=3470211750-00&ServiceCd=110&Type=search", "url2": null }, "geometry": { "type": "Point", "coordinates": [ 132.491979500000099, 34.476717100000016 ] } },
{ "type": "Feature", "properties": { "内容": "しあわせづくり訪問介護【訪問介護】広島県広島市安佐南区西原3-11-1藤本住宅", "url": "https://www.kaigokensaku.mhlw.go.jp/34/index.php?action_kouhyou_detail_004_kani=true&JigyosyoCd=3470214531-00&ServiceCd=110&Type=search", "url2": "https://www.herb-hair.com/" }, "geometry": { "type": "Point", "coordinates": [ 132.472569793254081, 34.435744484032902 ] } },
{ "type": "Feature", "properties": { "内容": "ゆうそら広島【訪問介護】広島県広島市安佐南区中筋一丁目9番6号ロイヤルニシムラ501号室", "url": "https://www.kaigokensaku.mhlw.go.jp/34/index.php?action_kouhyou_detail_004_kani=true&JigyosyoCd=3470108584-00&ServiceCd=110&Type=search", "url2": null }, "geometry": { "type": "Point", "coordinates": [ 132.47623726340106, 34.450524713978481 ] } },
{ "type": "Feature", "properties": { "内容": "訪問介護事業所　川内の里【訪問介護】広島市安佐南区川内一丁目21番29号", "url": "https://www.kaigokensaku.mhlw.go.jp/34/index.php?action_kouhyou_detail_004_kani=true&JigyosyoCd=3470203682-00&ServiceCd=110&Type=search", "url2": "http://www.kawauchinosato.net" }, "geometry": { "type": "Point", "coordinates": [ 132.4849372, 34.4565076 ] } },
{ "type": "Feature", "properties": { "内容": "東原慈光園訪問介護事業所【訪問介護】広島市安佐南区東原三丁目14番4号", "url": "https://www.kaigokensaku.mhlw.go.jp/34/index.php?action_kouhyou_detail_004_kani=true&JigyosyoCd=3470207246-00&ServiceCd=110&Type=search", "url2": "http://www.jikouen.jp/higahisharajikouennherupa.html" }, "geometry": { "type": "Point", "coordinates": [ 132.480724099999946, 34.4478333 ] } },
{ "type": "Feature", "properties": { "内容": "ふくしサービスセンターくろーばーネット【訪問介護】広島県広島市安佐南区川内六丁目２０番５号", "url": "https://www.kaigokensaku.mhlw.go.jp/34/index.php?action_kouhyou_detail_004_kani=true&JigyosyoCd=3470207956-00&ServiceCd=110&Type=search", "url2": "http://www.fukushi-greencoop.or.jp/" }, "geometry": { "type": "Point", "coordinates": [ 132.490199485580433, 34.472031520485288 ] } },
{ "type": "Feature", "properties": { "内容": "ヘルパーステーション　ながお【訪問介護】広島市安佐南区西原４丁目１７番１７号ケアビレッジながお", "url": "https://www.kaigokensaku.mhlw.go.jp/34/index.php?action_kouhyou_detail_004_kani=true&JigyosyoCd=3470208251-00&ServiceCd=110&Type=search", "url2": "http://www.hakuzenkai.jp/" }, "geometry": { "type": "Point", "coordinates": [ 132.4677782, 34.4372427 ] } },
{ "type": "Feature", "properties": { "内容": "ヘルパーステーションハピネス【訪問介護】広島市安佐南区山本新町1-11-1", "url": "https://www.kaigokensaku.mhlw.go.jp/34/index.php?action_kouhyou_detail_004_kani=true&JigyosyoCd=3470210406-00&ServiceCd=110&Type=search", "url2": "http://www.furusato-home.com/" }, "geometry": { "type": "Point", "coordinates": [ 132.436573583328226, 34.438640552849598 ] } },
{ "type": "Feature", "properties": { "内容": "ヘルパ－ステ－ション幸家【訪問介護】広島県広島市安佐南区長束4-9-4オフィススナダ207", "url": "https://www.kaigokensaku.mhlw.go.jp/34/index.php?action_kouhyou_detail_004_kani=true&JigyosyoCd=3470212253-00&ServiceCd=110&Type=search", "url2": null }, "geometry": { "type": "Point", "coordinates": [ 132.4544406, 34.4294017 ] } },
{ "type": "Feature", "properties": { "内容": "ニチイケアセンター大塚西【訪問介護】広島県広島市安佐南区大塚西3丁目3-14-1号1階", "url": "https://www.kaigokensaku.mhlw.go.jp/34/index.php?action_kouhyou_detail_004_kani=true&JigyosyoCd=3470213756-00&ServiceCd=110&Type=search", "url2": "https://www.nichiigakkan.co.jp/" }, "geometry": { "type": "Point", "coordinates": [ 132.403671499999973, 34.468626900000011 ] } },
{ "type": "Feature", "properties": { "内容": "ねこりんご訪問介護事業所【訪問介護】広島県広島市安佐南区伴東7丁目４１番１２号", "url": "https://www.kaigokensaku.mhlw.go.jp/34/index.php?action_kouhyou_detail_004_kani=true&JigyosyoCd=3470214945-00&ServiceCd=110&Type=search", "url2": null }, "geometry": { "type": "Point", "coordinates": [ 132.414175699999987, 34.4632072 ] } },
{ "type": "Feature", "properties": { "内容": "さくら介護ステーシふるいちばし【訪問介護】広島県広島市安佐南区古市4丁目4-28クレスト古市橋203号", "url": "https://www.kaigokensaku.mhlw.go.jp/34/index.php?action_kouhyou_detail_004_kani=true&JigyosyoCd=3470215421-00&ServiceCd=110&Type=search", "url2": null }, "geometry": { "type": "Point", "coordinates": [ 132.468115, 34.4513392 ] } },
{ "type": "Feature", "properties": { "内容": "ヘルパーステーションしんあい【訪問介護】広島県広島市安佐南区伴東五丁目8-24医療介護センター", "url": "https://www.kaigokensaku.mhlw.go.jp/34/index.php?action_kouhyou_detail_004_kani=true&JigyosyoCd=3470215926-00&ServiceCd=110&Type=search", "url2": "https://shinaikai.hibino.or.jp/facility/shinai/" }, "geometry": { "type": "Point", "coordinates": [ 132.424497963194653, 34.467687154911566 ] } },
{ "type": "Feature", "properties": { "内容": "ニックス安佐南訪問介護事業所【訪問介護】広島県広島市安佐南区長束二丁目12番28号", "url": "https://www.kaigokensaku.mhlw.go.jp/34/index.php?action_kouhyou_detail_004_kani=true&JigyosyoCd=3470215512-00&ServiceCd=110&Type=search", "url2": "https://www.nix-net.co.jp" }, "geometry": { "type": "Point", "coordinates": [ 132.459146441781684, 34.428902265830843 ] } },
{ "type": "Feature", "properties": { "内容": "エコール在宅介護ステーション【訪問介護】広島市安佐南区大町東一丁目18-44", "url": "https://www.kaigokensaku.mhlw.go.jp/34/index.php?action_kouhyou_detail_004_kani=true&JigyosyoCd=3470202767-00&ServiceCd=110&Type=search", "url2": "https://www.nihonkijun.jp/" }, "geometry": { "type": "Point", "coordinates": [ 132.465407236014045, 34.453107168491833 ] } },
{ "type": "Feature", "properties": { "内容": "ふかわ・くにくさ訪問介護事業所【訪問介護】広島県広島市安佐北区上深川町１８６番地１", "url": "https://www.kaigokensaku.mhlw.go.jp/34/index.php?action_kouhyou_detail_004_kani=true&JigyosyoCd=3470108329-00&ServiceCd=110&Type=search", "url2": "http://www.kunikusa.or.jp/" }, "geometry": { "type": "Point", "coordinates": [ 132.552550699999983, 34.4734042 ] } },
{ "type": "Feature", "properties": { "内容": "みんなでスクラム居宅介護事業所【訪問介護】広島県島市安佐北区落合１丁目１３－１８", "url": "https://www.kaigokensaku.mhlw.go.jp/34/index.php?action_kouhyou_detail_004_kani=true&JigyosyoCd=3470109558-00&ServiceCd=110&Type=search", "url2": null }, "geometry": { "type": "Point", "coordinates": [ 132.510409699999968, 34.4710888 ] } },
{ "type": "Feature", "properties": { "内容": "四葉訪問介護【訪問介護】広島県広島市安佐北区落合2丁目31－17－1", "url": "https://www.kaigokensaku.mhlw.go.jp/34/index.php?action_kouhyou_detail_004_kani=true&JigyosyoCd=3470110457-00&ServiceCd=110&Type=search", "url2": null }, "geometry": { "type": "Point", "coordinates": [ 132.5108607, 34.4789635 ] } },
{ "type": "Feature", "properties": { "内容": "訪問介護事業所　　白木ツジマチ【訪問介護】広島県広島市安佐北区白木町大字小越218番2", "url": "https://www.kaigokensaku.mhlw.go.jp/34/index.php?action_kouhyou_detail_004_kani=true&JigyosyoCd=3470101167-00&ServiceCd=110&Type=search", "url2": "https://www.misasakai.or.jp/shisetsu/izumi.php" }, "geometry": { "type": "Point", "coordinates": [ 132.662730344010214, 34.552049006093114 ] } },
{ "type": "Feature", "properties": { "内容": "ヘルパーステーションかんべ村【訪問介護】広島市安佐北区可部七丁目13番15-1-7", "url": "https://www.kaigokensaku.mhlw.go.jp/34/index.php?action_kouhyou_detail_004_kani=true&JigyosyoCd=3470105002-00&ServiceCd=110&Type=search", "url2": "http://www.kanbemura.jp" }, "geometry": { "type": "Point", "coordinates": [ 132.510919, 34.5243589 ] } },
{ "type": "Feature", "properties": { "内容": "ヘルパーステーション七福神【訪問介護】広島県広島市安佐北区深川六丁目6番3号七福神の家", "url": "https://www.kaigokensaku.mhlw.go.jp/34/index.php?action_kouhyou_detail_004_kani=true&JigyosyoCd=3470106810-00&ServiceCd=110&Type=search", "url2": "http://www.toyo-j.net" }, "geometry": { "type": "Point", "coordinates": [ 132.5299718, 34.4803701 ] } },
{ "type": "Feature", "properties": { "内容": "訪問介護事業所elama可部【訪問介護】広島県広島市安佐北区可部7-15-43", "url": "https://www.kaigokensaku.mhlw.go.jp/34/index.php?action_kouhyou_detail_004_kani=true&JigyosyoCd=3470108527-00&ServiceCd=110&Type=search", "url2": null }, "geometry": { "type": "Point", "coordinates": [ 132.511360298811383, 34.525846708963144 ] } },
{ "type": "Feature", "properties": { "内容": "ななおケア【訪問介護】広島市安佐北区安佐町飯室1409", "url": "https://www.kaigokensaku.mhlw.go.jp/34/index.php?action_kouhyou_detail_004_kani=true&JigyosyoCd=3470109673-00&ServiceCd=110&Type=search", "url2": "https://nanaonanao.amebaownd.com/" }, "geometry": { "type": "Point", "coordinates": [ 132.413503600000013, 34.546393 ] } },
{ "type": "Feature", "properties": { "内容": "サポートセンターとらいあんぐる【訪問介護】広島県広島市安佐北区口田南８丁目４３番２号", "url": "https://www.kaigokensaku.mhlw.go.jp/34/index.php?action_kouhyou_detail_004_kani=true&JigyosyoCd=3470109848-00&ServiceCd=110&Type=search", "url2": "https://trustysupport.co.jp" }, "geometry": { "type": "Point", "coordinates": [ 132.5053796, 34.4609796 ] } },
{ "type": "Feature", "properties": { "内容": "訪問介護事業所安佐陽【訪問介護】広島県広島市安佐北区安佐町くすの木台15番地３", "url": "https://www.kaigokensaku.mhlw.go.jp/34/index.php?action_kouhyou_detail_004_kani=true&JigyosyoCd=3470109947-00&ServiceCd=110&Type=search", "url2": "https://www.asa-hikari.jp/" }, "geometry": { "type": "Point", "coordinates": [ 132.390399, 34.5045112 ] } },
{ "type": "Feature", "properties": { "内容": "株式会社アイ・テック介護サービスふれあい【訪問介護】広島市安佐北区深川2丁目38番2号", "url": "https://www.kaigokensaku.mhlw.go.jp/34/index.php?action_kouhyou_detail_004_kani=true&JigyosyoCd=3470100706-00&ServiceCd=110&Type=search", "url2": null }, "geometry": { "type": "Point", "coordinates": [ 132.517933, 34.4957431 ] } },
{ "type": "Feature", "properties": { "内容": "ニチイケアセンター可部【訪問介護】広島県広島市安佐北区亀山2-15-33", "url": "https://www.kaigokensaku.mhlw.go.jp/34/index.php?action_kouhyou_detail_004_kani=true&JigyosyoCd=3470101555-00&ServiceCd=110&Type=search", "url2": "http://www.nichiigakkan.co.jp" }, "geometry": { "type": "Point", "coordinates": [ 132.50151470000003, 34.5192981 ] } },
{ "type": "Feature", "properties": { "内容": "ヘルパーステーションさんさん【訪問介護】広島市安佐北区亀崎四丁目7番1号", "url": "https://www.kaigokensaku.mhlw.go.jp/34/index.php?action_kouhyou_detail_004_kani=true&JigyosyoCd=3470101571-00&ServiceCd=110&Type=search", "url2": null }, "geometry": { "type": "Point", "coordinates": [ 132.52585810000005, 34.482181 ] } },
{ "type": "Feature", "properties": { "内容": "はるかぜのへルパー【訪問介護】広島市安佐北区亀山南2丁目8-20", "url": "https://www.kaigokensaku.mhlw.go.jp/34/index.php?action_kouhyou_detail_004_kani=true&JigyosyoCd=3470102330-00&ServiceCd=110&Type=search", "url2": "http://www.grouphome-harukaze.net/" }, "geometry": { "type": "Point", "coordinates": [ 132.496351499999946, 34.5177648 ] } },
{ "type": "Feature", "properties": { "内容": "サンキ・ウエルビィ介護センター安佐北【訪問介護】広島県広島市安佐北区落合五丁目21番5号グランドハイツ扇屋102", "url": "https://www.kaigokensaku.mhlw.go.jp/34/index.php?action_kouhyou_detail_004_kani=true&JigyosyoCd=3470104054-00&ServiceCd=110&Type=search", "url2": null }, "geometry": { "type": "Point", "coordinates": [ 132.520371669667583, 34.476994171134699 ] } },
{ "type": "Feature", "properties": { "内容": "ニチイケアセンター高陽【訪問介護】広島市安佐北区落合2丁目1-18-101", "url": "https://www.kaigokensaku.mhlw.go.jp/34/index.php?action_kouhyou_detail_004_kani=true&JigyosyoCd=3470104245-00&ServiceCd=110&Type=search", "url2": "http://www.nichiigakkan.co.jp" }, "geometry": { "type": "Point", "coordinates": [ 132.51321740000003, 34.484336 ] } },
{ "type": "Feature", "properties": { "内容": "訪問介護事業所　あい【訪問介護】広島市安佐北区安佐町飯室１６６５－３セブンイレブンの2階", "url": "https://www.kaigokensaku.mhlw.go.jp/34/index.php?action_kouhyou_detail_004_kani=true&JigyosyoCd=3470105614-00&ServiceCd=110&Type=search", "url2": null }, "geometry": { "type": "Point", "coordinates": [ 132.446525173541147, 34.552204272695924 ] } },
{ "type": "Feature", "properties": { "内容": "ヘルパーステーションのむら【訪問介護】広島市安佐北区可部南4丁目17-16", "url": "https://www.kaigokensaku.mhlw.go.jp/34/index.php?action_kouhyou_detail_004_kani=true&JigyosyoCd=3470106299-00&ServiceCd=110&Type=search", "url2": "http://www.chokyudo-nomura.or.jp/" }, "geometry": { "type": "Point", "coordinates": [ 132.51266929999997, 34.5056279 ] } },
{ "type": "Feature", "properties": { "内容": "訪問介護事業所　可部南静養園【訪問介護】広島県広島市安佐北区可部南二丁目19-33", "url": "https://www.kaigokensaku.mhlw.go.jp/34/index.php?action_kouhyou_detail_004_kani=true&JigyosyoCd=3470107941-00&ServiceCd=110&Type=search", "url2": "http://www.dohen.or.jp/" }, "geometry": { "type": "Point", "coordinates": [ 132.518857600000047, 34.5009592 ] } },
{ "type": "Feature", "properties": { "内容": "医療法人社団緑雨会　訪問介護事業所つばさ【訪問介護】広島県広島市安佐北区落合一丁目１７番１２号高陽第一診療所　高齢者複合施設", "url": "https://www.kaigokensaku.mhlw.go.jp/34/index.php?action_kouhyou_detail_004_kani=true&JigyosyoCd=3470108477-00&ServiceCd=110&Type=search", "url2": "http://www.koyodaiichi.jp" }, "geometry": { "type": "Point", "coordinates": [ 132.510902958441051, 34.473831124310578 ] } },
{ "type": "Feature", "properties": { "内容": "訪問介護ホームヘルプ春日和　平政【訪問介護】広島県広島市安佐北区口田南9丁目5-1", "url": "https://www.kaigokensaku.mhlw.go.jp/34/index.php?action_kouhyou_detail_004_kani=true&JigyosyoCd=3470109426-00&ServiceCd=110&Type=search", "url2": null }, "geometry": { "type": "Point", "coordinates": [ 132.508331399999946, 34.459326300000022 ] } },
{ "type": "Feature", "properties": { "内容": "ヘルパーステーションメルシー【訪問介護】広島県広島市安佐北区口田南八丁目42番25号", "url": "https://www.kaigokensaku.mhlw.go.jp/34/index.php?action_kouhyou_detail_004_kani=true&JigyosyoCd=3470109533-00&ServiceCd=110&Type=search", "url2": null }, "geometry": { "type": "Point", "coordinates": [ 132.505704899999955, 34.461791 ] } },
{ "type": "Feature", "properties": { "内容": "ヘルパーステーションつむぎ【訪問介護】広島県広島市安佐北区安佐町大字飯室2901番地5", "url": "https://www.kaigokensaku.mhlw.go.jp/34/index.php?action_kouhyou_detail_004_kani=true&JigyosyoCd=3470109780-00&ServiceCd=110&Type=search", "url2": "https://www.tumugi-imuro.com" }, "geometry": { "type": "Point", "coordinates": [ 132.429121799999962, 34.5443223 ] } },
{ "type": "Feature", "properties": { "内容": "訪問介護ステーション　菜の花【訪問介護】広島市安佐北区可部5-4-19-3", "url": "https://www.kaigokensaku.mhlw.go.jp/34/index.php?action_kouhyou_detail_004_kani=true&JigyosyoCd=3470102280-00&ServiceCd=110&Type=search", "url2": "http://nanohana-kabe.com/" }, "geometry": { "type": "Point", "coordinates": [ 132.5091026, 34.5215008 ] } },
{ "type": "Feature", "properties": { "内容": "ふぁみりぃ訪問介護事業所【訪問介護】広島市安佐北区あさひが丘一丁目１番８号", "url": "https://www.kaigokensaku.mhlw.go.jp/34/index.php?action_kouhyou_detail_004_kani=true&JigyosyoCd=3470105069-00&ServiceCd=110&Type=search", "url2": null }, "geometry": { "type": "Point", "coordinates": [ 132.441908965606672, 34.500841969974104 ] } },
{ "type": "Feature", "properties": { "内容": "生協ひろしま介護サービス・安佐北【訪問介護】広島市安佐北区口田南8-1-3", "url": "https://www.kaigokensaku.mhlw.go.jp/34/index.php?action_kouhyou_detail_004_kani=true&JigyosyoCd=3470106950-00&ServiceCd=110&Type=search", "url2": null }, "geometry": { "type": "Point", "coordinates": [ 132.5066435, 34.4663795 ] } },
{ "type": "Feature", "properties": { "内容": "ユメヤ訪問介護事業所　安佐北【訪問介護】広島市安佐北区可部五丁目５番３－４号シャトレ―Ｍ２０２号", "url": "https://www.kaigokensaku.mhlw.go.jp/34/index.php?action_kouhyou_detail_004_kani=true&JigyosyoCd=3470108964-00&ServiceCd=110&Type=search", "url2": null }, "geometry": { "type": "Point", "coordinates": [ 132.5087026, 34.52180910000002 ] } },
{ "type": "Feature", "properties": { "内容": "ニチイケアセンターふかわ【訪問介護】広島県広島市安佐北区深川2丁目37番32号ビューラー西川１階101号室", "url": "https://www.kaigokensaku.mhlw.go.jp/34/index.php?action_kouhyou_detail_004_kani=true&JigyosyoCd=3470109764-00&ServiceCd=110&Type=search", "url2": "https://www.nichiigakkan.co.jp/" }, "geometry": { "type": "Point", "coordinates": [ 132.517838100000063, 34.4947361 ] } },
{ "type": "Feature", "properties": { "内容": "くらしさ介護ステーションたかとり【訪問介護】広島市安佐北区三入六丁目１８番６号", "url": "https://www.kaigokensaku.mhlw.go.jp/34/index.php?action_kouhyou_detail_004_kani=true&JigyosyoCd=3470207576-00&ServiceCd=110&Type=search", "url2": null }, "geometry": { "type": "Point", "coordinates": [ 132.529678833208067, 34.546016181451677 ] } },
{ "type": "Feature", "properties": { "内容": "なごみの郷訪問介護事業所【訪問介護】広島市安佐北区落合5丁目25-8", "url": "https://www.kaigokensaku.mhlw.go.jp/34/index.php?action_kouhyou_detail_004_kani=true&JigyosyoCd=3470103148-00&ServiceCd=110&Type=search", "url2": "http://www.nagominosato.jp" }, "geometry": { "type": "Point", "coordinates": [ 132.519090300000016, 34.477079 ] } },
{ "type": "Feature", "properties": { "内容": "にのみや訪問介護事業所【訪問介護】広島市安佐北区可部5丁目9-3ラシュールメゾン　やすらぎ1F", "url": "https://www.kaigokensaku.mhlw.go.jp/34/index.php?action_kouhyou_detail_004_kani=true&JigyosyoCd=3470100953-00&ServiceCd=110&Type=search", "url2": "http://www.keiseikai-nmn.net" }, "geometry": { "type": "Point", "coordinates": [ 132.508707428311141, 34.521301787717874 ] } },
{ "type": "Feature", "properties": { "内容": "すみれ訪問介護事業所【訪問介護】広島市安佐北区落合南一丁目23-3", "url": "https://www.kaigokensaku.mhlw.go.jp/34/index.php?action_kouhyou_detail_004_kani=true&JigyosyoCd=3470103627-00&ServiceCd=110&Type=search", "url2": null }, "geometry": { "type": "Point", "coordinates": [ 132.50871559999996, 34.4662129 ] } },
{ "type": "Feature", "properties": { "内容": "エコール在宅介護ステーション安佐北【訪問介護】広島市安佐北区亀崎一丁目2番33号", "url": "https://www.kaigokensaku.mhlw.go.jp/34/index.php?action_kouhyou_detail_004_kani=true&JigyosyoCd=3470103783-00&ServiceCd=110&Type=search", "url2": "https://www.nihonkijun.jp/" }, "geometry": { "type": "Point", "coordinates": [ 132.523781865914884, 34.481727914869381 ] } },
{ "type": "Feature", "properties": { "内容": "ヘルパーステーション長寿会【訪問介護】広島市安芸区中野東6丁目3番36号", "url": "https://www.kaigokensaku.mhlw.go.jp/34/index.php?action_kouhyou_detail_004_kani=true&JigyosyoCd=3470101415-00&ServiceCd=110&Type=search", "url2": "https://hatano-group.jp/pages/78/" }, "geometry": { "type": "Point", "coordinates": [ 132.583339, 34.4029004 ] } },
{ "type": "Feature", "properties": { "内容": "サンキ・ウエルビィ介護センター安芸【訪問介護】広島県広島市安芸区船越南3丁目25-38", "url": "https://www.kaigokensaku.mhlw.go.jp/34/index.php?action_kouhyou_detail_004_kani=true&JigyosyoCd=3470101704-00&ServiceCd=110&Type=search", "url2": null }, "geometry": { "type": "Point", "coordinates": [ 132.526828300000034, 34.3708062 ] } },
{ "type": "Feature", "properties": { "内容": "土谷ヘルパーステーション矢野【訪問介護】広島市安芸区矢野東2丁目30番24号", "url": "https://www.kaigokensaku.mhlw.go.jp/34/index.php?action_kouhyou_detail_004_kani=true&JigyosyoCd=3470102066-00&ServiceCd=110&Type=search", "url2": null }, "geometry": { "type": "Point", "coordinates": [ 132.536516600000027, 34.3553914 ] } },
{ "type": "Feature", "properties": { "内容": "あきなかの訪問介護事業所【訪問介護】広島市安芸区中野二丁目15番7号", "url": "https://www.kaigokensaku.mhlw.go.jp/34/index.php?action_kouhyou_detail_004_kani=true&JigyosyoCd=3470101142-00&ServiceCd=110&Type=search", "url2": "http://www.jiraku.or.jp" }, "geometry": { "type": "Point", "coordinates": [ 132.561647251698332, 34.390469237685032 ] } },
{ "type": "Feature", "properties": { "内容": "ほほえみ安芸路訪問介護事業所【訪問介護】広島市安芸区矢野東５丁目７番２３号", "url": "https://www.kaigokensaku.mhlw.go.jp/34/index.php?action_kouhyou_detail_004_kani=true&JigyosyoCd=3470105606-00&ServiceCd=110&Type=search", "url2": "http://hohoemi-gr.jp" }, "geometry": { "type": "Point", "coordinates": [ 132.538055399999962, 34.3536138 ] } },
{ "type": "Feature", "properties": { "内容": "ニックス安芸訪問介護事業所【訪問介護】広島市安芸区船越南２丁目６番６番", "url": "https://www.kaigokensaku.mhlw.go.jp/34/index.php?action_kouhyou_detail_004_kani=true&JigyosyoCd=3470106190-00&ServiceCd=110&Type=search", "url2": "http://www.nix-net.co.jp/index.html" }, "geometry": { "type": "Point", "coordinates": [ 132.521454363615476, 34.373494571497638 ] } },
{ "type": "Feature", "properties": { "内容": "ヘルパーステーションつば【訪問介護】広島市佐伯区五日市七丁目９番１８号上田ビル１階北側", "url": "https://www.kaigokensaku.mhlw.go.jp/34/index.php?action_kouhyou_detail_004_kani=true&JigyosyoCd=3470212246-00&ServiceCd=110&Type=search", "url2": null }, "geometry": { "type": "Point", "coordinates": [ 132.3592955, 34.3768956 ] } },
{ "type": "Feature", "properties": { "内容": "ヘルパーステーションしるし【訪問介護】広島県広島市佐伯区旭園5番58号2階", "url": "https://www.kaigokensaku.mhlw.go.jp/34/index.php?action_kouhyou_detail_004_kani=true&JigyosyoCd=3470214622-00&ServiceCd=110&Type=search", "url2": null }, "geometry": { "type": "Point", "coordinates": [ 132.3683028, 34.365175 ] } },
{ "type": "Feature", "properties": { "内容": "悠ヘルパーステーション【訪問介護】広島市佐伯区坪井２丁目1076-201ニューシティ神寝201号室", "url": "https://www.kaigokensaku.mhlw.go.jp/34/index.php?action_kouhyou_detail_004_kani=true&JigyosyoCd=3470214879-00&ServiceCd=110&Type=search", "url2": null }, "geometry": { "type": "Point", "coordinates": [ 132.3446207, 34.3799053 ] } },
{ "type": "Feature", "properties": { "内容": "ヘルパーステーションさん和五日市【訪問介護】広島県広島市佐伯区五日市中央4丁目13-12", "url": "https://www.kaigokensaku.mhlw.go.jp/34/index.php?action_kouhyou_detail_004_kani=true&JigyosyoCd=3470215025-00&ServiceCd=110&Type=search", "url2": null }, "geometry": { "type": "Point", "coordinates": [ 132.3542717, 34.3716359 ] } },
{ "type": "Feature", "properties": { "内容": "介護サービス　みさと【訪問介護】広島市佐伯区吉見園2番9-501", "url": "https://www.kaigokensaku.mhlw.go.jp/34/index.php?action_kouhyou_detail_004_kani=true&JigyosyoCd=3470211768-00&ServiceCd=110&Type=search", "url2": "https://kaigo-misato.info/" }, "geometry": { "type": "Point", "coordinates": [ 132.369682146032687, 34.3659498792154 ] } },
{ "type": "Feature", "properties": { "内容": "訪問介護メニーピープル広島西【訪問介護】広島県広島市佐伯区五月が丘一丁目３３番３４０１号", "url": "https://www.kaigokensaku.mhlw.go.jp/34/index.php?action_kouhyou_detail_004_kani=true&JigyosyoCd=3470215603-00&ServiceCd=110&Type=search", "url2": "https://www.manypeople.co.jp/" }, "geometry": { "type": "Point", "coordinates": [ 132.405733199999986, 34.4189572 ] } },
{ "type": "Feature", "properties": { "内容": "株式会社クォーレ　広島西支店【訪問介護】広島市佐伯区観音台2-30-6", "url": "https://www.kaigokensaku.mhlw.go.jp/34/index.php?action_kouhyou_detail_004_kani=true&JigyosyoCd=3470201215-00&ServiceCd=110&Type=search", "url2": "http://www.qole.jp" }, "geometry": { "type": "Point", "coordinates": [ 132.3481391, 34.3840242 ] } },
{ "type": "Feature", "properties": { "内容": "土谷ヘルパーステーション佐伯【訪問介護】広島市佐伯区美の里1丁目4番21号", "url": "https://www.kaigokensaku.mhlw.go.jp/34/index.php?action_kouhyou_detail_004_kani=true&JigyosyoCd=3470202221-00&ServiceCd=110&Type=search", "url2": "https://www.tsuchiya-hp.jp/tsuchiya/" }, "geometry": { "type": "Point", "coordinates": [ 132.347386, 34.3606512 ] } },
{ "type": "Feature", "properties": { "内容": "ヘルパーステーション鈴が峰【訪問介護】広島市佐伯区五日市町皆賀104番地27", "url": "https://www.kaigokensaku.mhlw.go.jp/34/index.php?action_kouhyou_detail_004_kani=true&JigyosyoCd=3470202858-00&ServiceCd=110&Type=search", "url2": "http://www.misasakai.or.jp/shisetsu/suzugamine.php" }, "geometry": { "type": "Point", "coordinates": [ 132.3723473, 34.3818052 ] } },
{ "type": "Feature", "properties": { "内容": "ヘルパーステーションふじ　五日市【訪問介護】広島市佐伯区楽々園3丁目5-28楽々園Nビル103号", "url": "https://www.kaigokensaku.mhlw.go.jp/34/index.php?action_kouhyou_detail_004_kani=true&JigyosyoCd=3470203393-00&ServiceCd=110&Type=search", "url2": "http://www.fujicare.jp" }, "geometry": { "type": "Point", "coordinates": [ 132.354643099999947, 34.3636761 ] } },
{ "type": "Feature", "properties": { "内容": "株式会社アイ・テック介護サービスふれあい五日市事業所【訪問介護】広島市佐伯区五日市中央7丁目25-1アサヒ第12ビル3F", "url": "https://www.kaigokensaku.mhlw.go.jp/34/index.php?action_kouhyou_detail_004_kani=true&JigyosyoCd=3470205299-00&ServiceCd=110&Type=search", "url2": "http://fureaikaigo.jp/" }, "geometry": { "type": "Point", "coordinates": [ 132.360038300000042, 34.381338300000017 ] } },
{ "type": "Feature", "properties": { "内容": "コープ五日市ヘルパーステーション【訪問介護】広島市佐伯区千同1丁目21-16あんしんセンター", "url": "https://www.kaigokensaku.mhlw.go.jp/34/index.php?action_kouhyou_detail_004_kani=true&JigyosyoCd=3470206065-00&ServiceCd=110&Type=search", "url2": "http://www.hch.coop" }, "geometry": { "type": "Point", "coordinates": [ 132.352340400000031, 34.376358 ] } },
{ "type": "Feature", "properties": { "内容": "ほのか【訪問介護】広島市佐伯区八幡4-5-18", "url": "https://www.kaigokensaku.mhlw.go.jp/34/index.php?action_kouhyou_detail_004_kani=true&JigyosyoCd=3470206925-00&ServiceCd=110&Type=search", "url2": null }, "geometry": { "type": "Point", "coordinates": [ 132.358350827647428, 34.39534143159473 ] } },
{ "type": "Feature", "properties": { "内容": "サンキ・ウエルビィ介護センター佐伯【訪問介護】広島県広島市佐伯区城山一丁目３-８-１", "url": "https://www.kaigokensaku.mhlw.go.jp/34/index.php?action_kouhyou_detail_004_kani=true&JigyosyoCd=3470208434-00&ServiceCd=110&Type=search", "url2": null }, "geometry": { "type": "Point", "coordinates": [ 132.355762499999969, 34.3856681 ] } },
{ "type": "Feature", "properties": { "内容": "メリィヘルパーセンター【訪問介護】広島県広島市佐伯区五日市中央1丁目１４－６", "url": "https://www.kaigokensaku.mhlw.go.jp/34/index.php?action_kouhyou_detail_004_kani=true&JigyosyoCd=3470208814-00&ServiceCd=110&Type=search", "url2": "http://www.merry-house.jp" }, "geometry": { "type": "Point", "coordinates": [ 132.355337299999974, 34.366250900000011 ] } },
{ "type": "Feature", "properties": { "内容": "訪問介護事業所　リトル・マロン【訪問介護】広島市佐伯区湯来町大字白砂24番2", "url": "https://www.kaigokensaku.mhlw.go.jp/34/index.php?action_kouhyou_detail_004_kani=true&JigyosyoCd=3470210018-00&ServiceCd=110&Type=search", "url2": "http://fuffuru.com/profile.html" }, "geometry": { "type": "Point", "coordinates": [ 132.293414045017556, 34.422114863239877 ] } },
{ "type": "Feature", "properties": { "内容": "ヘルパーステーションひかり【訪問介護】広島県広島市佐伯区五日市中央４丁目１３番１２号", "url": "https://www.kaigokensaku.mhlw.go.jp/34/index.php?action_kouhyou_detail_004_kani=true&JigyosyoCd=3470210075-00&ServiceCd=110&Type=search", "url2": null }, "geometry": { "type": "Point", "coordinates": [ 132.354178427065563, 34.371717333007631 ] } },
{ "type": "Feature", "properties": { "内容": "クローバーヘルパーステーション【訪問介護】広島県広島市佐伯区楽々園3丁目14番3号", "url": "https://www.kaigokensaku.mhlw.go.jp/34/index.php?action_kouhyou_detail_004_kani=true&JigyosyoCd=3470210265-00&ServiceCd=110&Type=search", "url2": "https://www.icy.or.jp/clover-helperstation/" }, "geometry": { "type": "Point", "coordinates": [ 132.356995024584194, 34.363523076184045 ] } },
{ "type": "Feature", "properties": { "内容": "訪問介護事業所Bエイチ【訪問介護】広島県広島市佐伯区千同2-1-21-104", "url": "https://www.kaigokensaku.mhlw.go.jp/34/index.php?action_kouhyou_detail_004_kani=true&JigyosyoCd=3470211081-00&ServiceCd=110&Type=search", "url2": "http://www.bh-kaigo.jp/jigyou.html" }, "geometry": { "type": "Point", "coordinates": [ 132.3546754, 34.3801069 ] } },
{ "type": "Feature", "properties": { "内容": "ヘルパーステーションみなみ【訪問介護】広島県広島市佐伯区海老園1-5-40広島市佐伯区医師会みなみビル", "url": "https://www.kaigokensaku.mhlw.go.jp/34/index.php?action_kouhyou_detail_004_kani=true&JigyosyoCd=3470212709-00&ServiceCd=110&Type=search", "url2": null }, "geometry": { "type": "Point", "coordinates": [ 132.358937100000048, 34.3638234 ] } },
{ "type": "Feature", "properties": { "内容": "おおぞら介護佐伯サービスセンター【訪問介護】広島県広島市佐伯区五日市駅前3丁目5-33コラールMS101", "url": "https://www.kaigokensaku.mhlw.go.jp/34/index.php?action_kouhyou_detail_004_kani=true&JigyosyoCd=3470213533-00&ServiceCd=110&Type=search", "url2": "http://www.elderly.jp/" }, "geometry": { "type": "Point", "coordinates": [ 132.366741100000013, 34.3697965 ] } },
{ "type": "Feature", "properties": { "内容": "ヘルパーステーション八幡【訪問介護】広島県広島市佐伯区八幡5-6-18サービス付き高齢者向け住宅　クラシオン八幡", "url": "https://www.kaigokensaku.mhlw.go.jp/34/index.php?action_kouhyou_detail_004_kani=true&JigyosyoCd=3470213822-00&ServiceCd=110&Type=search", "url2": "https://curacion.life/" }, "geometry": { "type": "Point", "coordinates": [ 132.356861405557311, 34.401908016540752 ] } },
{ "type": "Feature", "properties": { "内容": "サンスマイル【訪問介護】広島県広島市佐伯区楽々園二丁目１番２９－３０２号", "url": "https://www.kaigokensaku.mhlw.go.jp/34/index.php?action_kouhyou_detail_004_kani=true&JigyosyoCd=3470214069-00&ServiceCd=110&Type=search", "url2": "https://sunease.jp/" }, "geometry": { "type": "Point", "coordinates": [ 132.353165600000011, 34.3642201 ] } },
{ "type": "Feature", "properties": { "内容": "やさしい手八幡訪問訪問介護事業所【訪問介護】広島県広島市佐伯区八幡4丁目5番15号やさしえ八幡　3階", "url": "https://www.kaigokensaku.mhlw.go.jp/34/index.php?action_kouhyou_detail_004_kani=true&JigyosyoCd=3470214507-00&ServiceCd=110&Type=search", "url2": "https://www.yasashiite.com/subdomains/section/788/" }, "geometry": { "type": "Point", "coordinates": [ 132.358461387671753, 34.39574760848059 ] } },
{ "type": "Feature", "properties": { "内容": "ニックス佐伯訪問介護事業所【訪問介護】広島市佐伯区三筋１丁目9-3", "url": "https://www.kaigokensaku.mhlw.go.jp/34/index.php?action_kouhyou_detail_004_kani=true&JigyosyoCd=3470214556-00&ServiceCd=110&Type=search", "url2": "https://www.nix-net.co.jp/" }, "geometry": { "type": "Point", "coordinates": [ 132.3468584, 34.3652119 ] } },
{ "type": "Feature", "properties": { "内容": "ヘルパーステーションアン【訪問介護】広島県広島市佐伯区五日市中央四丁目2⁻48二反田アパート101号室", "url": "https://www.kaigokensaku.mhlw.go.jp/34/index.php?action_kouhyou_detail_004_kani=true&JigyosyoCd=3470214838-00&ServiceCd=110&Type=search", "url2": "http://an-staff.com" }, "geometry": { "type": "Point", "coordinates": [ 132.356089555819693, 34.372873702196465 ] } },
{ "type": "Feature", "properties": { "内容": "ヘルパーステーション　おもち【訪問介護】広島県広島市佐伯区利松一丁目26-13", "url": "https://www.kaigokensaku.mhlw.go.jp/34/index.php?action_kouhyou_detail_004_kani=true&JigyosyoCd=3470215496-00&ServiceCd=110&Type=search", "url2": null }, "geometry": { "type": "Point", "coordinates": [ 132.3643528, 34.3926768 ] } },
{ "type": "Feature", "properties": { "内容": "湯来町サンピア訪問介護事業所【訪問介護】広島市佐伯区湯来町和田333番地広島市湯来福祉会館内", "url": "https://www.kaigokensaku.mhlw.go.jp/34/index.php?action_kouhyou_detail_004_kani=true&JigyosyoCd=3473300717-00&ServiceCd=110&Type=search", "url2": "https://www.npoyuki.net" }, "geometry": { "type": "Point", "coordinates": [ 132.278140693254045, 34.491030971406445 ] } },
{ "type": "Feature", "properties": { "内容": "コモンヘルパーステーション五日市【訪問介護】広島県広島市佐伯区五日市中央3丁目1-5", "url": "https://www.kaigokensaku.mhlw.go.jp/34/index.php?action_kouhyou_detail_004_kani=true&JigyosyoCd=3470215355-00&ServiceCd=110&Type=search", "url2": "https://www.common-ltd.jp/" }, "geometry": { "type": "Point", "coordinates": [ 132.354010100000011, 34.3706777 ] } },
{ "type": "Feature", "properties": { "内容": "有限会社　ケアメイトおおはら【訪問介護】広島県広島市佐伯区五日市中央2丁目３番９－９号", "url": "https://www.kaigokensaku.mhlw.go.jp/34/index.php?action_kouhyou_detail_004_kani=true&JigyosyoCd=3470201629-00&ServiceCd=110&Type=search", "url2": "http://www.care-mate.net/" }, "geometry": { "type": "Point", "coordinates": [ 132.355223199999955, 34.3695922 ] } },
{ "type": "Feature", "properties": { "内容": "ニチイケアセンター五日市東【訪問介護】広島県広島市佐伯区八幡東４丁目２８－３５－１４", "url": "https://www.kaigokensaku.mhlw.go.jp/34/index.php?action_kouhyou_detail_004_kani=true&JigyosyoCd=3470204607-00&ServiceCd=110&Type=search", "url2": "http://www.nichiigakkan.co.jp" }, "geometry": { "type": "Point", "coordinates": [ 132.366911800000025, 34.3938202 ] } },
{ "type": "Feature", "properties": { "内容": "ほほえみ広島西訪問介護事業所【訪問介護】広島市佐伯区八幡東４丁目２６番５号", "url": "https://www.kaigokensaku.mhlw.go.jp/34/index.php?action_kouhyou_detail_004_kani=true&JigyosyoCd=3470207444-00&ServiceCd=110&Type=search", "url2": "http://hohoemi-gr.jp" }, "geometry": { "type": "Point", "coordinates": [ 132.365362135581989, 34.394650079611154 ] } },
{ "type": "Feature", "properties": { "内容": "ニチイケアセンター五日市中央【訪問介護】広島県広島市佐伯区五日市中央２丁目７－２１", "url": "https://www.kaigokensaku.mhlw.go.jp/34/index.php?action_kouhyou_detail_004_kani=true&JigyosyoCd=3470209234-00&ServiceCd=110&Type=search", "url2": "http://www.nichiigakkan.co.jp/" }, "geometry": { "type": "Point", "coordinates": [ 132.353693470500133, 34.368485896296832 ] } },
{ "type": "Feature", "properties": { "内容": "訪問介護事業所りらっくす五日市【訪問介護】広島県広島市佐伯区新宮苑8-173F", "url": "https://www.kaigokensaku.mhlw.go.jp/34/index.php?action_kouhyou_detail_004_kani=true&JigyosyoCd=3470211016-00&ServiceCd=110&Type=search", "url2": "http://www.relaxcare.jp/" }, "geometry": { "type": "Point", "coordinates": [ 132.3634449, 34.370859 ] } },
{ "type": "Feature", "properties": { "内容": "介護ステーションアコース【訪問介護】広島県広島市佐伯区八幡東四丁目34-10", "url": "https://www.kaigokensaku.mhlw.go.jp/34/index.php?action_kouhyou_detail_004_kani=true&JigyosyoCd=3470212766-00&ServiceCd=110&Type=search", "url2": "https://www.akos-kaigo.com/%E4%BA%8B%E6%A5%AD%E6%89%80%E6%A1%88%E5%86%85/" }, "geometry": { "type": "Point", "coordinates": [ 132.365631446185859, 34.391472133139338 ] } },
{ "type": "Feature", "properties": { "内容": "Ｇｏ&Ｄｏ訪問介護【訪問介護】広島県広島市佐伯区美鈴が丘西2-4-23", "url": "https://www.kaigokensaku.mhlw.go.jp/34/index.php?action_kouhyou_detail_004_kani=true&JigyosyoCd=3470213962-00&ServiceCd=110&Type=search", "url2": null }, "geometry": { "type": "Point", "coordinates": [ 132.3837519, 34.3948777 ] } },
{ "type": "Feature", "properties": { "内容": "ホームケアコモエス【訪問介護】広島県広島市佐伯区八幡東3丁目29番10号", "url": "https://www.kaigokensaku.mhlw.go.jp/34/index.php?action_kouhyou_detail_004_kani=true&JigyosyoCd=3470215488-00&ServiceCd=110&Type=search", "url2": null }, "geometry": { "type": "Point", "coordinates": [ 132.3626712, 34.3835822 ] } },
{ "type": "Feature", "properties": { "内容": "野の花訪問介護事業所【訪問介護】湯来町大字下987", "url": "https://www.kaigokensaku.mhlw.go.jp/34/index.php?action_kouhyou_detail_004_kani=true&JigyosyoCd=3470215959-00&ServiceCd=110&Type=search", "url2": null }, "geometry": { "type": "Point", "coordinates": [ 132.3477139, 34.5516213 ] } },
{ "type": "Feature", "properties": { "内容": "やまと自立支援センター【訪問介護】広島県広島市佐伯区八幡東１丁目８－２１", "url": "https://www.kaigokensaku.mhlw.go.jp/34/index.php?action_kouhyou_detail_004_kani=true&JigyosyoCd=3470207774-00&ServiceCd=110&Type=search", "url2": null }, "geometry": { "type": "Point", "coordinates": [ 132.358600422059141, 34.389223756336598 ] } },
{ "type": "Feature", "properties": { "内容": "ヘルパーセンターｉ・ケアゆき【訪問介護】広島県広島市佐伯区湯来町伏谷乙1361ｉ・ケアゆき1階", "url": "https://www.kaigokensaku.mhlw.go.jp/34/index.php?action_kouhyou_detail_004_kani=true&JigyosyoCd=3470212915-00&ServiceCd=110&Type=search", "url2": "https://www.i-care-wa.com/" }, "geometry": { "type": "Point", "coordinates": [ 132.288308, 34.450179 ] } },
{ "type": "Feature", "properties": { "内容": "ホームサポくれんど【訪問介護】広島県呉市安浦町水尻一丁目3番1号", "url": "https://www.kaigokensaku.mhlw.go.jp/34/index.php?action_kouhyou_detail_004_kani=true&JigyosyoCd=3470503065-00&ServiceCd=110&Type=search", "url2": "http://kurend.com/publics/index/35/#page35" }, "geometry": { "type": "Point", "coordinates": [ 132.745875100000035, 34.2784414 ] } },
{ "type": "Feature", "properties": { "内容": "訪問介護事業所　仲ふく【訪問介護】呉市川尻町西1丁目2-2", "url": "https://www.kaigokensaku.mhlw.go.jp/34/index.php?action_kouhyou_detail_004_kani=true&JigyosyoCd=3474000324-00&ServiceCd=110&Type=search", "url2": null }, "geometry": { "type": "Point", "coordinates": [ 132.694491800000037, 34.2338168 ] } },
{ "type": "Feature", "properties": { "内容": "訪問介護呉こあら【訪問介護】広島県呉市広両谷１丁目８番９－３号", "url": "https://www.kaigokensaku.mhlw.go.jp/34/index.php?action_kouhyou_detail_004_kani=true&JigyosyoCd=3470503925-00&ServiceCd=110&Type=search", "url2": "https://kurekoara.com" }, "geometry": { "type": "Point", "coordinates": [ 132.633540066270456, 34.231275648417991 ] } },
{ "type": "Feature", "properties": { "内容": "訪問介護事業所このみ【訪問介護】広島県呉市中央二丁目5番28建設会館１０６", "url": "https://www.kaigokensaku.mhlw.go.jp/34/index.php?action_kouhyou_detail_004_kani=true&JigyosyoCd=3470503586-00&ServiceCd=110&Type=search", "url2": null }, "geometry": { "type": "Point", "coordinates": [ 140.1216776, 35.6097619 ] } },
{ "type": "Feature", "properties": { "内容": "ホームヘルプサービス常楽園【訪問介護】呉市警固屋9丁目1-1", "url": "https://www.kaigokensaku.mhlw.go.jp/34/index.php?action_kouhyou_detail_004_kani=true&JigyosyoCd=3470500327-00&ServiceCd=110&Type=search", "url2": "http://kure-dousai.jp/" }, "geometry": { "type": "Point", "coordinates": [ 132.5465405, 34.1953409 ] } },
{ "type": "Feature", "properties": { "内容": "ニチイケアセンター呉訪問介護事業所【訪問介護】広島県呉市三条四丁目1番12号永野ビル２階", "url": "https://www.kaigokensaku.mhlw.go.jp/34/index.php?action_kouhyou_detail_004_kani=true&JigyosyoCd=3470500343-00&ServiceCd=110&Type=search", "url2": "http://www.nichiigakkan.co.jp" }, "geometry": { "type": "Point", "coordinates": [ 132.5563032, 34.2491303 ] } },
{ "type": "Feature", "properties": { "内容": "ホームヘルプサービス温養院【訪問介護】呉市焼山中央６丁目６番１３号", "url": "https://www.kaigokensaku.mhlw.go.jp/34/index.php?action_kouhyou_detail_004_kani=true&JigyosyoCd=3470500350-00&ServiceCd=110&Type=search", "url2": null }, "geometry": { "type": "Point", "coordinates": [ 132.5659071, 34.2900097 ] } },
{ "type": "Feature", "properties": { "内容": "成寿園指定訪問介護事業所【訪問介護】呉市広白岳2丁目11番17号", "url": "https://www.kaigokensaku.mhlw.go.jp/34/index.php?action_kouhyou_detail_004_kani=true&JigyosyoCd=3470500699-00&ServiceCd=110&Type=search", "url2": "http://www.seijukai-welfare.jp/shisetsu_hiro1.html" }, "geometry": { "type": "Point", "coordinates": [ 132.635527300000035, 34.2237725 ] } },
{ "type": "Feature", "properties": { "内容": "サンキ・ウエルビィ介護センター呉【訪問介護】広島県呉市広古新開8丁目34番16号", "url": "https://www.kaigokensaku.mhlw.go.jp/34/index.php?action_kouhyou_detail_004_kani=true&JigyosyoCd=3470500749-00&ServiceCd=110&Type=search", "url2": null }, "geometry": { "type": "Point", "coordinates": [ 132.623980800000027, 34.2420033 ] } },
{ "type": "Feature", "properties": { "内容": "コスモス園訪問介護事業所【訪問介護】呉市焼山北3丁目21番5号", "url": "https://www.kaigokensaku.mhlw.go.jp/34/index.php?action_kouhyou_detail_004_kani=true&JigyosyoCd=3470500798-00&ServiceCd=110&Type=search", "url2": "http://www.hakujukai.jp/" }, "geometry": { "type": "Point", "coordinates": [ 132.552974899999981, 34.3092656 ] } },
{ "type": "Feature", "properties": { "内容": "呉中央コスモス園訪問介護事業所【訪問介護】呉市西中央３丁目６番７号", "url": "https://www.kaigokensaku.mhlw.go.jp/34/index.php?action_kouhyou_detail_004_kani=true&JigyosyoCd=3470501416-00&ServiceCd=110&Type=search", "url2": "http://www.hakujukai.jp/" }, "geometry": { "type": "Point", "coordinates": [ 132.560169, 34.2498399 ] } },
{ "type": "Feature", "properties": { "内容": "ニチイケアセンター広訪問介護事業所【訪問介護】呉市広古新開１丁目９番１８号西原ビル１０１", "url": "https://www.kaigokensaku.mhlw.go.jp/34/index.php?action_kouhyou_detail_004_kani=true&JigyosyoCd=3470501564-00&ServiceCd=110&Type=search", "url2": "http://www.nichiigakkan.co.jp" }, "geometry": { "type": "Point", "coordinates": [ 132.617583, 34.2357835 ] } },
{ "type": "Feature", "properties": { "内容": "ニチイケアセンター呉本通　訪問介護事業所【訪問介護】呉市本通四丁目9番7号呉本通４丁目ビル3階", "url": "https://www.kaigokensaku.mhlw.go.jp/34/index.php?action_kouhyou_detail_004_kani=true&JigyosyoCd=3470501861-00&ServiceCd=110&Type=search", "url2": "http://www.nichiigakkan.co.jp" }, "geometry": { "type": "Point", "coordinates": [ 132.568538100000069, 34.2464496 ] } },
{ "type": "Feature", "properties": { "内容": "ニチイケアセンター焼山【訪問介護】広島県呉市焼山中央1丁目10-1ＹＡＭＡＤＡビル　２階", "url": "https://www.kaigokensaku.mhlw.go.jp/34/index.php?action_kouhyou_detail_004_kani=true&JigyosyoCd=3470503677-00&ServiceCd=110&Type=search", "url2": "http://www.nichiigakkan.co.jp" }, "geometry": { "type": "Point", "coordinates": [ 132.5554223, 34.2946528 ] } },
{ "type": "Feature", "properties": { "内容": "ニチイケアセンター仁方【訪問介護】広島県呉市仁方西神町6番1号仁方ビル1階101号室", "url": "https://www.kaigokensaku.mhlw.go.jp/34/index.php?action_kouhyou_detail_004_kani=true&JigyosyoCd=3470503685-00&ServiceCd=110&Type=search", "url2": "http://www.nichiigakkan.co.jp" }, "geometry": { "type": "Point", "coordinates": [ 132.6520645, 34.2245014 ] } },
{ "type": "Feature", "properties": { "内容": "ホームヘルプサービス成寿園豊【訪問介護】広島県呉市豊町久比字浜ノ崎１８３番１６", "url": "https://www.kaigokensaku.mhlw.go.jp/34/index.php?action_kouhyou_detail_004_kani=true&JigyosyoCd=3473900490-00&ServiceCd=110&Type=search", "url2": "http://www.seijukai-welfare.jp/service_yutaka.html" }, "geometry": { "type": "Point", "coordinates": [ 132.832608167239385, 34.187960065952119 ] } },
{ "type": "Feature", "properties": { "内容": "ヘルパーステーションすまいる【訪問介護】呉市中央三丁目1番22号ケアビレッジすまいる呉中央", "url": "https://www.kaigokensaku.mhlw.go.jp/34/index.php?action_kouhyou_detail_004_kani=true&JigyosyoCd=3470500228-00&ServiceCd=110&Type=search", "url2": "http://www.kuresen.co.jp" }, "geometry": { "type": "Point", "coordinates": [ 132.561820959524539, 34.247381873335847 ] } },
{ "type": "Feature", "properties": { "内容": "訪問介護事業所　ふたば【訪問介護】呉市広白石4丁目1番11号", "url": "https://www.kaigokensaku.mhlw.go.jp/34/index.php?action_kouhyou_detail_004_kani=true&JigyosyoCd=3470500376-00&ServiceCd=110&Type=search", "url2": "http://www.wakokai.jp/" }, "geometry": { "type": "Point", "coordinates": [ 132.639745711361655, 34.225575748174002 ] } },
{ "type": "Feature", "properties": { "内容": "呉市社会福祉協議会呉訪問介護事業所【訪問介護】呉市中央五丁目１２番２１号呉市福祉会館内", "url": "https://www.kaigokensaku.mhlw.go.jp/34/index.php?action_kouhyou_detail_004_kani=true&JigyosyoCd=3470500459-00&ServiceCd=110&Type=search", "url2": "http://www.kureshakyo.jp/" }, "geometry": { "type": "Point", "coordinates": [ 132.565808445863325, 34.250159936753704 ] } },
{ "type": "Feature", "properties": { "内容": "生協ひろしま介護サービス・呉【訪問介護】呉市広多賀谷2-5-48", "url": "https://www.kaigokensaku.mhlw.go.jp/34/index.php?action_kouhyou_detail_004_kani=true&JigyosyoCd=3470500707-00&ServiceCd=110&Type=search", "url2": null }, "geometry": { "type": "Point", "coordinates": [ 132.613084500000014, 34.2288603 ] } },
{ "type": "Feature", "properties": { "内容": "訪問介護事業所　アネモネ【訪問介護】広島県呉市中通２丁目８番１８号にいたにクリニックビル９F", "url": "https://www.kaigokensaku.mhlw.go.jp/34/index.php?action_kouhyou_detail_004_kani=true&JigyosyoCd=3470503131-00&ServiceCd=110&Type=search", "url2": "http://www.anemone-home.jp" }, "geometry": { "type": "Point", "coordinates": [ 132.563631655819677, 34.24370498974541 ] } },
{ "type": "Feature", "properties": { "内容": "ほほえみ訪問介護事業所【訪問介護】広島県呉市中央5丁目11-27ほほえみ有料老人ホームつばき[住宅型]", "url": "https://www.kaigokensaku.mhlw.go.jp/34/index.php?action_kouhyou_detail_004_kani=true&JigyosyoCd=3470503552-00&ServiceCd=110&Type=search", "url2": "http://hohoemi-gr.jp/" }, "geometry": { "type": "Point", "coordinates": [ 132.5660378, 34.2508899 ] } },
{ "type": "Feature", "properties": { "内容": "訪問介護事業所めぐみ園【訪問介護】広島県呉市阿賀北9-3-3", "url": "https://www.kaigokensaku.mhlw.go.jp/34/index.php?action_kouhyou_detail_004_kani=true&JigyosyoCd=3470503669-00&ServiceCd=110&Type=search", "url2": "http://www.megumien.net/index.html" }, "geometry": { "type": "Point", "coordinates": [ 132.597816535581984, 34.240225185654324 ] } },
{ "type": "Feature", "properties": { "内容": "呉市社会福祉協議会川尻安浦訪問介護事業所【訪問介護】呉市安浦町内海北六丁目３番１号", "url": "https://www.kaigokensaku.mhlw.go.jp/34/index.php?action_kouhyou_detail_004_kani=true&JigyosyoCd=3474000084-00&ServiceCd=110&Type=search", "url2": "http://www.kureshakyo.jp" }, "geometry": { "type": "Point", "coordinates": [ 132.734168295473694, 34.284385697040406 ] } },
{ "type": "Feature", "properties": { "内容": "延寿荘訪問介護事業所【訪問介護】呉市広町字中横路2445番地", "url": "https://www.kaigokensaku.mhlw.go.jp/34/index.php?action_kouhyou_detail_004_kani=true&JigyosyoCd=3470500467-00&ServiceCd=110&Type=search", "url2": "https://aieikai.jp" }, "geometry": { "type": "Point", "coordinates": [ 132.609513819429793, 34.245086720462979 ] } },
{ "type": "Feature", "properties": { "内容": "訪問介護事業所　後楽荘【訪問介護】呉市焼山町字打田６２３番", "url": "https://www.kaigokensaku.mhlw.go.jp/34/index.php?action_kouhyou_detail_004_kani=true&JigyosyoCd=3470500483-00&ServiceCd=110&Type=search", "url2": "http://www.koraku.jp" }, "geometry": { "type": "Point", "coordinates": [ 132.541901199999984, 34.2866459 ] } },
{ "type": "Feature", "properties": { "内容": "ホームヘルプサービス　郷原の里【訪問介護】広島県呉市郷原町字鵯畑11882番地12", "url": "https://www.kaigokensaku.mhlw.go.jp/34/index.php?action_kouhyou_detail_004_kani=true&JigyosyoCd=3470500731-00&ServiceCd=110&Type=search", "url2": "http://www.gouharanosato.com/" }, "geometry": { "type": "Point", "coordinates": [ 132.639369735582022, 34.292410405856174 ] } },
{ "type": "Feature", "properties": { "内容": "訪問介護事業所　すずらん【訪問介護】広島県呉市川尻町東3-9-16", "url": "https://www.kaigokensaku.mhlw.go.jp/34/index.php?action_kouhyou_detail_004_kani=true&JigyosyoCd=3470501994-00&ServiceCd=110&Type=search", "url2": "http://www.sumiyoshicl.com/" }, "geometry": { "type": "Point", "coordinates": [ 132.697791626913471, 34.236764858063843 ] } },
{ "type": "Feature", "properties": { "内容": "ホームヘルプ・くれ【訪問介護】呉市朝日町17番2号101", "url": "https://www.kaigokensaku.mhlw.go.jp/34/index.php?action_kouhyou_detail_004_kani=true&JigyosyoCd=3470502430-00&ServiceCd=110&Type=search", "url2": "http://www.hospital-maeda.jp" }, "geometry": { "type": "Point", "coordinates": [ 132.566185, 34.2496984 ] } },
{ "type": "Feature", "properties": { "内容": "老人ヘルパーステーション　かるが【訪問介護】呉市狩留賀町3番16号", "url": "https://www.kaigokensaku.mhlw.go.jp/34/index.php?action_kouhyou_detail_004_kani=true&JigyosyoCd=3470502448-00&ServiceCd=110&Type=search", "url2": "http://www.karugakai.jp/" }, "geometry": { "type": "Point", "coordinates": [ 132.514981400000011, 34.2651399 ] } },
{ "type": "Feature", "properties": { "内容": "訪問介護事業所かすみそう【訪問介護】広島県呉市川尻町東一丁目10-12", "url": "https://www.kaigokensaku.mhlw.go.jp/34/index.php?action_kouhyou_detail_004_kani=true&JigyosyoCd=3470503693-00&ServiceCd=110&Type=search", "url2": "https://sumiyoshicl.com/" }, "geometry": { "type": "Point", "coordinates": [ 132.696944300000013, 34.235842 ] } },
{ "type": "Feature", "properties": { "内容": "豊寿園ヘルパーステーション【訪問介護】呉市豊町大長６００５－１", "url": "https://www.kaigokensaku.mhlw.go.jp/34/index.php?action_kouhyou_detail_004_kani=true&JigyosyoCd=3473900581-00&ServiceCd=110&Type=search", "url2": "https://houju-hiroshima.or.jp/" }, "geometry": { "type": "Point", "coordinates": [ 132.856951200000026, 34.1833423 ] } },
{ "type": "Feature", "properties": { "内容": "特定非営利活動法人　芸南たすけあい【訪問介護】広島県呉市西中央2丁目2-23坂本ビル301号", "url": "https://www.kaigokensaku.mhlw.go.jp/34/index.php?action_kouhyou_detail_004_kani=true&JigyosyoCd=3470500277-00&ServiceCd=110&Type=search", "url2": "http://www.geinan.org" }, "geometry": { "type": "Point", "coordinates": [ 132.557605571687105, 34.248730606182114 ] } },
{ "type": "Feature", "properties": { "内容": "訪問介護事業所（夢）【訪問介護】呉市焼山本庄四丁目2番1号", "url": "https://www.kaigokensaku.mhlw.go.jp/34/index.php?action_kouhyou_detail_004_kani=true&JigyosyoCd=3470501085-00&ServiceCd=110&Type=search", "url2": "http://yume-plus.co.jp/" }, "geometry": { "type": "Point", "coordinates": [ 132.554119600000035, 34.3028606 ] } },
{ "type": "Feature", "properties": { "内容": "医療法人宗和会　訪問介護事業所　悠悠【訪問介護】呉市本通二丁目5番8号", "url": "https://www.kaigokensaku.mhlw.go.jp/34/index.php?action_kouhyou_detail_004_kani=true&JigyosyoCd=3470501283-00&ServiceCd=110&Type=search", "url2": null }, "geometry": { "type": "Point", "coordinates": [ 132.566354499999989, 34.2432966 ] } },
{ "type": "Feature", "properties": { "内容": "ケアステーションこころ【訪問介護】呉市広本町1丁目5-28", "url": "https://www.kaigokensaku.mhlw.go.jp/34/index.php?action_kouhyou_detail_004_kani=true&JigyosyoCd=3470501614-00&ServiceCd=110&Type=search", "url2": "http://www.e-kokoro.co.jp/" }, "geometry": { "type": "Point", "coordinates": [ 132.618364700000029, 34.231862799999966 ] } },
{ "type": "Feature", "properties": { "内容": "訪問介護事業所ラスター【訪問介護】呉市広本町三丁目1番32号串山センタービル101", "url": "https://www.kaigokensaku.mhlw.go.jp/34/index.php?action_kouhyou_detail_004_kani=true&JigyosyoCd=3470501887-00&ServiceCd=110&Type=search", "url2": "https://luster-homecare.jp/" }, "geometry": { "type": "Point", "coordinates": [ 132.6235541481322, 34.234995933025651 ] } },
{ "type": "Feature", "properties": { "内容": "くらしのサポートまる・さんかく・しかく【訪問介護】呉市広横路2丁目2-21", "url": "https://www.kaigokensaku.mhlw.go.jp/34/index.php?action_kouhyou_detail_004_kani=true&JigyosyoCd=3470502000-00&ServiceCd=110&Type=search", "url2": null }, "geometry": { "type": "Point", "coordinates": [ 132.610109500000021, 34.2401562 ] } },
{ "type": "Feature", "properties": { "内容": "さくら・介護ステーション呉中央【訪問介護】呉市中通2丁目3番30号ＧＲＡＮＤｃｏｍｍｕｎｉｔｙ３１３号室", "url": "https://www.kaigokensaku.mhlw.go.jp/34/index.php?action_kouhyou_detail_004_kani=true&JigyosyoCd=3470502281-00&ServiceCd=110&Type=search", "url2": null }, "geometry": { "type": "Point", "coordinates": [ 132.563293700000031, 34.245099 ] } },
{ "type": "Feature", "properties": { "内容": "ほほえみ呉蔵本通り訪問介護事業所【訪問介護】呉市中央三丁目１１番１８号", "url": "https://www.kaigokensaku.mhlw.go.jp/34/index.php?action_kouhyou_detail_004_kani=true&JigyosyoCd=3470502562-00&ServiceCd=110&Type=search", "url2": "http://hohoemi-gr.jp/" }, "geometry": { "type": "Point", "coordinates": [ 132.563793600000054, 34.247557 ] } },
{ "type": "Feature", "properties": { "内容": "ヘルパーステーション　隠居屋【訪問介護】呉市広大広２丁目７番１０号", "url": "https://www.kaigokensaku.mhlw.go.jp/34/index.php?action_kouhyou_detail_004_kani=true&JigyosyoCd=3470502570-00&ServiceCd=110&Type=search", "url2": null }, "geometry": { "type": "Point", "coordinates": [ 132.620339025656108, 34.251669284757135 ] } },
{ "type": "Feature", "properties": { "内容": "訪問介護事業所　春のこえ【訪問介護】広島県呉市天応西条2丁目6-16", "url": "https://www.kaigokensaku.mhlw.go.jp/34/index.php?action_kouhyou_detail_004_kani=true&JigyosyoCd=3470502828-00&ServiceCd=110&Type=search", "url2": null }, "geometry": { "type": "Point", "coordinates": [ 132.517956199999958, 34.2892704 ] } },
{ "type": "Feature", "properties": { "内容": "訪問介護事業所　ひまわり【訪問介護】広島県呉市音戸町藤脇2丁目19-3", "url": "https://www.kaigokensaku.mhlw.go.jp/34/index.php?action_kouhyou_detail_004_kani=true&JigyosyoCd=3470503206-00&ServiceCd=110&Type=search", "url2": "http://kadoiin.jp/blankpage4.html" }, "geometry": { "type": "Point", "coordinates": [ 132.508413599820642, 34.147478062705666 ] } },
{ "type": "Feature", "properties": { "内容": "大和の故郷訪問介護事業所【訪問介護】広島県呉市築地町６番６号", "url": "https://www.kaigokensaku.mhlw.go.jp/34/index.php?action_kouhyou_detail_004_kani=true&JigyosyoCd=3470503446-00&ServiceCd=110&Type=search", "url2": "http://www.shinya-y.com/index.html" }, "geometry": { "type": "Point", "coordinates": [ 132.543325162240052, 34.243834696232177 ] } },
{ "type": "Feature", "properties": { "内容": "訪問介護ステーション　とれふる【訪問介護】広島県呉市阿賀中央四丁目5番16号", "url": "https://www.kaigokensaku.mhlw.go.jp/34/index.php?action_kouhyou_detail_004_kani=true&JigyosyoCd=3470503461-00&ServiceCd=110&Type=search", "url2": "http://www.hikari2015.jp/" }, "geometry": { "type": "Point", "coordinates": [ 132.601492820109058, 34.236920533306879 ] } },
{ "type": "Feature", "properties": { "内容": "訪問介護ぱーちぇ【訪問介護】広島県呉市焼山中央一丁目１５番１９号焼山中央ビル　１階　西側", "url": "https://www.kaigokensaku.mhlw.go.jp/34/index.php?action_kouhyou_detail_004_kani=true&JigyosyoCd=3470503594-00&ServiceCd=110&Type=search", "url2": null }, "geometry": { "type": "Point", "coordinates": [ 132.5564947, 34.2950844 ] } },
{ "type": "Feature", "properties": { "内容": "訪問介護事業所ラ・ポーズ【訪問介護】広島県呉市中央6-11-5", "url": "https://www.kaigokensaku.mhlw.go.jp/34/index.php?action_kouhyou_detail_004_kani=true&JigyosyoCd=3470503750-00&ServiceCd=110&Type=search", "url2": "https://nov-cure.com" }, "geometry": { "type": "Point", "coordinates": [ 132.5679638, 34.2497217 ] } },
{ "type": "Feature", "properties": { "内容": "特定非営利活動法人結いの会訪問介護事業所【訪問介護】広島県呉市音戸町波多見6丁目4番3号", "url": "https://www.kaigokensaku.mhlw.go.jp/34/index.php?action_kouhyou_detail_004_kani=true&JigyosyoCd=3473100323-00&ServiceCd=110&Type=search", "url2": null }, "geometry": { "type": "Point", "coordinates": [ 132.555487099999937, 34.1770906 ] } },
{ "type": "Feature", "properties": { "内容": "みどり薬局訪問介護事業所【訪問介護】広島県呉市倉橋町7382-2", "url": "https://www.kaigokensaku.mhlw.go.jp/34/index.php?action_kouhyou_detail_004_kani=true&JigyosyoCd=3473100513-00&ServiceCd=110&Type=search", "url2": null }, "geometry": { "type": "Point", "coordinates": [ 132.509829295248466, 34.144449745188005 ] } },
{ "type": "Feature", "properties": { "内容": "ゆうらいふ訪問介護事業所【訪問介護】呉市広古新開１丁目１０ー５４", "url": "https://www.kaigokensaku.mhlw.go.jp/34/index.php?action_kouhyou_detail_004_kani=true&JigyosyoCd=3470502299-00&ServiceCd=110&Type=search", "url2": "https://www.sweetyoulife.com/" }, "geometry": { "type": "Point", "coordinates": [ 132.6189239, 34.2355129 ] } },
{ "type": "Feature", "properties": { "内容": "ヘルパーステーション愛【訪問介護】呉市三条1丁目2番5101号", "url": "https://www.kaigokensaku.mhlw.go.jp/34/index.php?action_kouhyou_detail_004_kani=true&JigyosyoCd=3470502521-00&ServiceCd=110&Type=search", "url2": null }, "geometry": { "type": "Point", "coordinates": [ 132.552030899999977, 34.2446738 ] } },
{ "type": "Feature", "properties": { "内容": "『介護村』訪問介護事業所【訪問介護】呉市瀬戸見町１－５", "url": "https://www.kaigokensaku.mhlw.go.jp/34/index.php?action_kouhyou_detail_004_kani=true&JigyosyoCd=3470502901-00&ServiceCd=110&Type=search", "url2": "https://www.kaigomura.jp/%e4%ba%8b%e6%a5%ad%e6%89%80%e7%b4%b9%e4%bb%8b/" }, "geometry": { "type": "Point", "coordinates": [ 132.533700194245966, 34.247378912759139 ] } },
{ "type": "Feature", "properties": { "内容": "訪問介護事業所さざんか【訪問介護】呉市警固屋4-11-61", "url": "https://www.kaigokensaku.mhlw.go.jp/34/index.php?action_kouhyou_detail_004_kani=true&JigyosyoCd=3470503040-00&ServiceCd=110&Type=search", "url2": null }, "geometry": { "type": "Point", "coordinates": [ 132.546134731877146, 34.211606969446599 ] } },
{ "type": "Feature", "properties": { "内容": "訪問介護ステーションさゆり【訪問介護】広島県呉市音戸町早瀬1丁目36-6", "url": "https://www.kaigokensaku.mhlw.go.jp/34/index.php?action_kouhyou_detail_004_kani=true&JigyosyoCd=3470503214-00&ServiceCd=110&Type=search", "url2": "https://sayuri-kai.or.jp/" }, "geometry": { "type": "Point", "coordinates": [ 132.493908394867731, 34.162256862532921 ] } },
{ "type": "Feature", "properties": { "内容": "ヘルパーステーションえん【訪問介護】広島県呉市焼山政畝3丁目２−１５", "url": "https://www.kaigokensaku.mhlw.go.jp/34/index.php?action_kouhyou_detail_004_kani=true&JigyosyoCd=3470503560-00&ServiceCd=110&Type=search", "url2": "https://www.en-kaigo.com/" }, "geometry": { "type": "Point", "coordinates": [ 132.557681900000034, 34.2908394 ] } },
{ "type": "Feature", "properties": { "内容": "訪問介護ステーションひなかぜ【訪問介護】広島県呉市広横路一丁目8-39", "url": "https://www.kaigokensaku.mhlw.go.jp/34/index.php?action_kouhyou_detail_004_kani=true&JigyosyoCd=3470503941-00&ServiceCd=110&Type=search", "url2": "https://www.hinakaze.com" }, "geometry": { "type": "Point", "coordinates": [ 132.6088509, 34.2386034 ] } },
{ "type": "Feature", "properties": { "内容": "ヘルパーステイション　Ｍｙ　ribbon's【訪問介護】広島県呉市東中央２丁目２－１７荒神ビル１階", "url": "https://www.kaigokensaku.mhlw.go.jp/34/index.php?action_kouhyou_detail_004_kani=true&JigyosyoCd=3470503024-00&ServiceCd=110&Type=search", "url2": null }, "geometry": { "type": "Point", "coordinates": [ 132.570031800000038, 34.252512 ] } },
{ "type": "Feature", "properties": { "内容": "訪問介護いやしの村【訪問介護】広島県呉市倉橋町2363-1", "url": "https://www.kaigokensaku.mhlw.go.jp/34/index.php?action_kouhyou_detail_004_kani=true&JigyosyoCd=3470503966-00&ServiceCd=110&Type=search", "url2": "https://center.iyasinomura.com/" }, "geometry": { "type": "Point", "coordinates": [ 132.50365930000001, 34.1045259 ] } },
{ "type": "Feature", "properties": { "内容": "サンキ・ウエルビィ介護センター竹原【訪問介護】広島県竹原市中央三丁目3番16号101", "url": "https://www.kaigokensaku.mhlw.go.jp/34/index.php?action_kouhyou_detail_004_kani=true&JigyosyoCd=3470700471-00&ServiceCd=110&Type=search", "url2": null }, "geometry": { "type": "Point", "coordinates": [ 132.907457580534384, 34.343175473405779 ] } },
{ "type": "Feature", "properties": { "内容": "ニチイケアセンター竹原みなとまち【訪問介護】広島県竹原市港町3丁目2番1号", "url": "https://www.kaigokensaku.mhlw.go.jp/34/index.php?action_kouhyou_detail_004_kani=true&JigyosyoCd=3470700646-00&ServiceCd=110&Type=search", "url2": null }, "geometry": { "type": "Point", "coordinates": [ 132.917706, 34.3337292 ] } },
{ "type": "Feature", "properties": { "内容": "ホームヘルプサービスステーション　竹の子クラブ【訪問介護】竹原市下野町1471-2", "url": "https://www.kaigokensaku.mhlw.go.jp/34/index.php?action_kouhyou_detail_004_kani=true&JigyosyoCd=3470700125-00&ServiceCd=110&Type=search", "url2": "http://www.rakuseikai.jp" }, "geometry": { "type": "Point", "coordinates": [ 132.888538299999936, 34.3329983 ] } },
{ "type": "Feature", "properties": { "内容": "訪問介護事業所まとば【訪問介護】広島県竹原市港町4丁目4番42号", "url": "https://www.kaigokensaku.mhlw.go.jp/34/index.php?action_kouhyou_detail_004_kani=true&JigyosyoCd=3470700208-00&ServiceCd=110&Type=search", "url2": "http://www.matobakai.or.jp/" }, "geometry": { "type": "Point", "coordinates": [ 132.920161499999949, 34.3290879 ] } },
{ "type": "Feature", "properties": { "内容": "むなこし訪問介護事業所【訪問介護】竹原市吉名町宗越７９３番地", "url": "https://www.kaigokensaku.mhlw.go.jp/34/index.php?action_kouhyou_detail_004_kani=true&JigyosyoCd=3470700273-00&ServiceCd=110&Type=search", "url2": "https://munakoshi.or.jp/" }, "geometry": { "type": "Point", "coordinates": [ 132.874979199999984, 34.3062188 ] } },
{ "type": "Feature", "properties": { "内容": "ヘルパーステーションＢｅｅ－Ｈｉｖｅ　竹原ケアセンター【訪問介護】広島県竹原市下野町３３０８番地フジ竹原店内", "url": "https://www.kaigokensaku.mhlw.go.jp/34/index.php?action_kouhyou_detail_004_kani=true&JigyosyoCd=3470700638-00&ServiceCd=110&Type=search", "url2": "https://bee-hive-hiroshima.com/" }, "geometry": { "type": "Point", "coordinates": [ 132.903490667459067, 34.348978571341362 ] } },
{ "type": "Feature", "properties": { "内容": "聖恵ホームヘルパーステーション【訪問介護】竹原市忠海中町三丁目16番1号聖湧館", "url": "https://www.kaigokensaku.mhlw.go.jp/34/index.php?action_kouhyou_detail_004_kani=true&JigyosyoCd=3470700174-00&ServiceCd=110&Type=search", "url2": "http://www.seikeikai.ecweb.jp" }, "geometry": { "type": "Point", "coordinates": [ 132.985000500000069, 34.344397 ] } },
{ "type": "Feature", "properties": { "内容": "ほのぼの訪問介護事業所【訪問介護】竹原市中央三丁目8番1号", "url": "https://www.kaigokensaku.mhlw.go.jp/34/index.php?action_kouhyou_detail_004_kani=true&JigyosyoCd=3470700133-00&ServiceCd=110&Type=search", "url2": "http://ww51.tiki.ne.jp/~takeshakyo/" }, "geometry": { "type": "Point", "coordinates": [ 132.908635299999986, 34.3432024 ] } },
{ "type": "Feature", "properties": { "内容": "訪問介護事業所　くろたき【訪問介護】竹原市忠海中町三丁目１３－１", "url": "https://www.kaigokensaku.mhlw.go.jp/34/index.php?action_kouhyou_detail_004_kani=true&JigyosyoCd=3470700448-00&ServiceCd=110&Type=search", "url2": null }, "geometry": { "type": "Point", "coordinates": [ 132.9865476, 34.3424222 ] } },
{ "type": "Feature", "properties": { "内容": "訪問介護事業所ここから塩町【訪問介護】広島県竹原市塩町四丁目９番地１号", "url": "https://www.kaigokensaku.mhlw.go.jp/34/index.php?action_kouhyou_detail_004_kani=true&JigyosyoCd=3470700612-00&ServiceCd=110&Type=search", "url2": null }, "geometry": { "type": "Point", "coordinates": [ 132.908074299999953, 34.3324068 ] } },
{ "type": "Feature", "properties": { "内容": "訪問介護事業所白滝園【訪問介護】広島県三原市小泉町1066番地1", "url": "https://www.kaigokensaku.mhlw.go.jp/34/index.php?action_kouhyou_detail_004_kani=true&JigyosyoCd=3470901616-00&ServiceCd=110&Type=search", "url2": "http://www.kinkeiso.jp/" }, "geometry": { "type": "Point", "coordinates": [ 132.988206799999944, 34.3714953 ] } },
{ "type": "Feature", "properties": { "内容": "ホームケアいこい【訪問介護】広島県三原市久井町江木103番地23号", "url": "https://www.kaigokensaku.mhlw.go.jp/34/index.php?action_kouhyou_detail_004_kani=true&JigyosyoCd=3470901848-00&ServiceCd=110&Type=search", "url2": "https://fujikyuu.co.jp" }, "geometry": { "type": "Point", "coordinates": [ 133.0372686, 34.5388101 ] } },
{ "type": "Feature", "properties": { "内容": "ホームケアくらすば【訪問介護】広島県三原市西町二丁目５番９号", "url": "https://www.kaigokensaku.mhlw.go.jp/34/index.php?action_kouhyou_detail_004_kani=true&JigyosyoCd=3470901863-00&ServiceCd=110&Type=search", "url2": "https://kurari.jp/" }, "geometry": { "type": "Point", "coordinates": [ 133.073016269113651, 34.402683019975939 ] } },
{ "type": "Feature", "properties": { "内容": "ニチイケアセンター三原訪問介護事業所【訪問介護】広島県三原市城町1-25-6三原マリンビル４階", "url": "https://www.kaigokensaku.mhlw.go.jp/34/index.php?action_kouhyou_detail_004_kani=true&JigyosyoCd=3470900188-00&ServiceCd=110&Type=search", "url2": "http://www.nichiigakkan.co.jp" }, "geometry": { "type": "Point", "coordinates": [ 133.0817796, 34.399458 ] } },
{ "type": "Feature", "properties": { "内容": "ニチイケアセンター宮浦【訪問介護】三原市宮浦3-20-2", "url": "https://www.kaigokensaku.mhlw.go.jp/34/index.php?action_kouhyou_detail_004_kani=true&JigyosyoCd=3470900733-00&ServiceCd=110&Type=search", "url2": "http://www.nichiigakkan.co.jp" }, "geometry": { "type": "Point", "coordinates": [ 133.0685082, 34.3974887 ] } },
{ "type": "Feature", "properties": { "内容": "サンキ・ウエルビィ介護センター三原【訪問介護】広島県三原市古浜２丁目３番１１号", "url": "https://www.kaigokensaku.mhlw.go.jp/34/index.php?action_kouhyou_detail_004_kani=true&JigyosyoCd=3470901061-00&ServiceCd=110&Type=search", "url2": null }, "geometry": { "type": "Point", "coordinates": [ 133.090445357387125, 34.396658954406817 ] } },
{ "type": "Feature", "properties": { "内容": "ニチイケアセンター三原みなみ訪問介護事業所【訪問介護】三原市宮沖５丁目１５番１号", "url": "https://www.kaigokensaku.mhlw.go.jp/34/index.php?action_kouhyou_detail_004_kani=true&JigyosyoCd=3470901202-00&ServiceCd=110&Type=search", "url2": "http://www.nichiigakkan.co.jp" }, "geometry": { "type": "Point", "coordinates": [ 133.072869066270414, 34.390793445622663 ] } },
{ "type": "Feature", "properties": { "内容": "ニチイケアセンター本郷駅前【訪問介護】広島県三原市本郷南5丁目26-8", "url": "https://www.kaigokensaku.mhlw.go.jp/34/index.php?action_kouhyou_detail_004_kani=true&JigyosyoCd=3470901707-00&ServiceCd=110&Type=search", "url2": null }, "geometry": { "type": "Point", "coordinates": [ 132.98784420000004, 34.408851 ] } },
{ "type": "Feature", "properties": { "内容": "ニチイケアセンターみはら中央【訪問介護】広島県三原市明神3丁目11-22", "url": "https://www.kaigokensaku.mhlw.go.jp/34/index.php?action_kouhyou_detail_004_kani=true&JigyosyoCd=3470901723-00&ServiceCd=110&Type=search", "url2": "http://www.nichiigakkan.co.jp" }, "geometry": { "type": "Point", "coordinates": [ 133.0561222, 34.3878541 ] } },
{ "type": "Feature", "properties": { "内容": "ニチイケアセンターいとさき【訪問介護】広島県三原市糸崎4丁目2-35若林ビル１F", "url": "https://www.kaigokensaku.mhlw.go.jp/34/index.php?action_kouhyou_detail_004_kani=true&JigyosyoCd=3470901731-00&ServiceCd=110&Type=search", "url2": null }, "geometry": { "type": "Point", "coordinates": [ 133.103708800000049, 34.3927664 ] } },
{ "type": "Feature", "properties": { "内容": "ヘルパーセンターせせらぎ【訪問介護】三原市本郷町船木3105番地3", "url": "https://www.kaigokensaku.mhlw.go.jp/34/index.php?action_kouhyou_detail_004_kani=true&JigyosyoCd=3473900417-00&ServiceCd=110&Type=search", "url2": null }, "geometry": { "type": "Point", "coordinates": [ 132.96668539999996, 34.43022 ] } },
{ "type": "Feature", "properties": { "内容": "三原市社会福祉協議会　ヘルパーステーション梅林【訪問介護】三原市西野三丁目7番1号", "url": "https://www.kaigokensaku.mhlw.go.jp/34/index.php?action_kouhyou_detail_004_kani=true&JigyosyoCd=3470900352-00&ServiceCd=110&Type=search", "url2": "http://www.m-shakyo.jp" }, "geometry": { "type": "Point", "coordinates": [ 133.059144800000013, 34.4072182 ] } },
{ "type": "Feature", "properties": { "内容": "きぼう訪問介護事業所【訪問介護】三原市明神3-16-16", "url": "https://www.kaigokensaku.mhlw.go.jp/34/index.php?action_kouhyou_detail_004_kani=true&JigyosyoCd=3470900980-00&ServiceCd=110&Type=search", "url2": "http://mihara-nozomi.jp/" }, "geometry": { "type": "Point", "coordinates": [ 133.054245600000058, 34.3871979 ] } },
{ "type": "Feature", "properties": { "内容": "三原市社会福祉協議会ヘルパーステーション久井【訪問介護】三原市久井町和草１９０６番地1三原市久井保健福祉センター", "url": "https://www.kaigokensaku.mhlw.go.jp/34/index.php?action_kouhyou_detail_004_kani=true&JigyosyoCd=3474100173-00&ServiceCd=110&Type=search", "url2": "http://www.m-shakyo.jp" }, "geometry": { "type": "Point", "coordinates": [ 133.025660199999948, 34.5181022 ] } },
{ "type": "Feature", "properties": { "内容": "三原市医師会訪問介護ステーション【訪問介護】広島県三原市宮浦1丁目15-16西館1F", "url": "https://www.kaigokensaku.mhlw.go.jp/34/index.php?action_kouhyou_detail_004_kani=true&JigyosyoCd=3470900378-00&ServiceCd=110&Type=search", "url2": "http://www.mihara-hiroshima-med.jp" }, "geometry": { "type": "Point", "coordinates": [ 133.063461299999972, 34.3999551 ] } },
{ "type": "Feature", "properties": { "内容": "ヘルパーステーションあすなろ【訪問介護】三原市頼兼二丁目９番１０号", "url": "https://www.kaigokensaku.mhlw.go.jp/34/index.php?action_kouhyou_detail_004_kani=true&JigyosyoCd=3470901103-00&ServiceCd=110&Type=search", "url2": "https://careheart.jp/?page_id=424" }, "geometry": { "type": "Point", "coordinates": [ 133.056814600000052, 34.3945056 ] } },
{ "type": "Feature", "properties": { "内容": "ヘルパーステーションほたる【訪問介護】広島県三原市皆実一丁目４－１７", "url": "https://www.kaigokensaku.mhlw.go.jp/34/index.php?action_kouhyou_detail_004_kani=true&JigyosyoCd=3470901673-00&ServiceCd=110&Type=search", "url2": null }, "geometry": { "type": "Point", "coordinates": [ 133.0709309, 34.3978003 ] } },
{ "type": "Feature", "properties": { "内容": "訪問介護ステーション隣ご縁皆実【訪問介護】広島県三原市皆実六丁目7番32号", "url": "https://www.kaigokensaku.mhlw.go.jp/34/index.php?action_kouhyou_detail_004_kani=true&JigyosyoCd=3470901715-00&ServiceCd=110&Type=search", "url2": "https://www.ckksp.co.jp/facilities/homon_ringoen-minami/#contentsmain" }, "geometry": { "type": "Point", "coordinates": [ 133.0624368, 34.3904639 ] } },
{ "type": "Feature", "properties": { "内容": "さくら・介護ステーション本郷【訪問介護】広島県三原市本郷南４丁目１４－２０さくらコンフォート本郷１階", "url": "https://www.kaigokensaku.mhlw.go.jp/34/index.php?action_kouhyou_detail_004_kani=true&JigyosyoCd=3470901244-00&ServiceCd=110&Type=search", "url2": "http://www.sakurakaigo.co.jp/index.html" }, "geometry": { "type": "Point", "coordinates": [ 132.995698400000038, 34.403151 ] } },
{ "type": "Feature", "properties": { "内容": "さくら介護ステーション三原【訪問介護】広島県三原市明神１丁目１２－１６", "url": "https://www.kaigokensaku.mhlw.go.jp/34/index.php?action_kouhyou_detail_004_kani=true&JigyosyoCd=3470901368-00&ServiceCd=110&Type=search", "url2": "http://www.sakurakaigo.co.jp/" }, "geometry": { "type": "Point", "coordinates": [ 133.05454009999994, 34.3848147 ] } },
{ "type": "Feature", "properties": { "内容": "有限会社　山陽介護サービス訪問介護事業所【訪問介護】三原市港町一丁目18番11号", "url": "https://www.kaigokensaku.mhlw.go.jp/34/index.php?action_kouhyou_detail_004_kani=true&JigyosyoCd=3470900170-00&ServiceCd=110&Type=search", "url2": null }, "geometry": { "type": "Point", "coordinates": [ 133.077410399999962, 34.4002079 ] } },
{ "type": "Feature", "properties": { "内容": "訪問介護サンライズみはら【訪問介護】広島県三原市宮浦四丁目4番29号", "url": "https://www.kaigokensaku.mhlw.go.jp/34/index.php?action_kouhyou_detail_004_kani=true&JigyosyoCd=3470900287-00&ServiceCd=110&Type=search", "url2": "http://www.snrs.or.jp" }, "geometry": { "type": "Point", "coordinates": [ 133.063090190462162, 34.39860035692903 ] } },
{ "type": "Feature", "properties": { "内容": "はっぴー介護ステーション【訪問介護】三原市久井町江木1164番地1", "url": "https://www.kaigokensaku.mhlw.go.jp/34/index.php?action_kouhyou_detail_004_kani=true&JigyosyoCd=3470900808-00&ServiceCd=110&Type=search", "url2": null }, "geometry": { "type": "Point", "coordinates": [ 133.035184100000038, 34.5395749 ] } },
{ "type": "Feature", "properties": { "内容": "アップル介護サービス訪問介護事業所【訪問介護】三原市本町一丁目7番32号", "url": "https://www.kaigokensaku.mhlw.go.jp/34/index.php?action_kouhyou_detail_004_kani=true&JigyosyoCd=3470901376-00&ServiceCd=110&Type=search", "url2": "https://www.applecare.jp/" }, "geometry": { "type": "Point", "coordinates": [ 133.078548294485444, 34.401645518963441 ] } },
{ "type": "Feature", "properties": { "内容": "たいようケアセンター【訪問介護】広島県三原市本町二丁目8番33号", "url": "https://www.kaigokensaku.mhlw.go.jp/34/index.php?action_kouhyou_detail_004_kani=true&JigyosyoCd=3470901459-00&ServiceCd=110&Type=search", "url2": "https://taiyou-dayservice.com/other/#02" }, "geometry": { "type": "Point", "coordinates": [ 133.0804574, 34.4037714 ] } },
{ "type": "Feature", "properties": { "内容": "訪問介護ステーション　もみじ【訪問介護】広島県三原市宮浦６丁目２番３２号宮ビル１０２号", "url": "https://www.kaigokensaku.mhlw.go.jp/34/index.php?action_kouhyou_detail_004_kani=true&JigyosyoCd=3470901517-00&ServiceCd=110&Type=search", "url2": null }, "geometry": { "type": "Point", "coordinates": [ 133.064416799047848, 34.394442848655501 ] } },
{ "type": "Feature", "properties": { "内容": "ホームヘルパーステーションひとやさ【訪問介護】三原市港町1丁目4番23号こぐまやビル", "url": "https://www.kaigokensaku.mhlw.go.jp/34/index.php?action_kouhyou_detail_004_kani=true&JigyosyoCd=3470901582-00&ServiceCd=110&Type=search", "url2": null }, "geometry": { "type": "Point", "coordinates": [ 133.081546300000014, 34.3989164 ] } },
{ "type": "Feature", "properties": { "内容": "訪問介護ステーションりぼん【訪問介護】尾道市栗原町6009-1", "url": "https://www.kaigokensaku.mhlw.go.jp/34/index.php?action_kouhyou_detail_004_kani=true&JigyosyoCd=3471101661-00&ServiceCd=110&Type=search", "url2": null }, "geometry": { "type": "Point", "coordinates": [ 133.188336400000026, 34.4247375 ] } },
{ "type": "Feature", "properties": { "内容": "ヘルパーステーションさくら訪問介護事業所【訪問介護】広島県尾道市因島重井町1663-6", "url": "https://www.kaigokensaku.mhlw.go.jp/34/index.php?action_kouhyou_detail_004_kani=true&JigyosyoCd=3471102719-00&ServiceCd=110&Type=search", "url2": null }, "geometry": { "type": "Point", "coordinates": [ 133.157472399999989, 34.3382536 ] } },
{ "type": "Feature", "properties": { "内容": "フィーグさんば訪問介護事業所【訪問介護】広島県尾道市山波町1648-1", "url": "https://www.kaigokensaku.mhlw.go.jp/34/index.php?action_kouhyou_detail_004_kani=true&JigyosyoCd=3471102792-00&ServiceCd=110&Type=search", "url2": "https://figue-care.jp/" }, "geometry": { "type": "Point", "coordinates": [ 133.2255461, 34.4151935 ] } },
{ "type": "Feature", "properties": { "内容": "ニチイケアセンター尾道　訪問介護事業所【訪問介護】尾道市栗原町5369-1", "url": "https://www.kaigokensaku.mhlw.go.jp/34/index.php?action_kouhyou_detail_004_kani=true&JigyosyoCd=3471100259-00&ServiceCd=110&Type=search", "url2": "http://www.nichiigakkan.co.jp" }, "geometry": { "type": "Point", "coordinates": [ 133.18642728732874, 34.42360117305644 ] } },
{ "type": "Feature", "properties": { "内容": "ヘルパーステーション星の里【訪問介護】尾道市久保町1786番地", "url": "https://www.kaigokensaku.mhlw.go.jp/34/index.php?action_kouhyou_detail_004_kani=true&JigyosyoCd=3471101000-00&ServiceCd=110&Type=search", "url2": null }, "geometry": { "type": "Point", "coordinates": [ 133.210137600000053, 34.421205 ] } },
{ "type": "Feature", "properties": { "内容": "ヘルパーステーション　ふぁみりぃ【訪問介護】尾道市平原３丁目１－１５", "url": "https://www.kaigokensaku.mhlw.go.jp/34/index.php?action_kouhyou_detail_004_kani=true&JigyosyoCd=3471101083-00&ServiceCd=110&Type=search", "url2": "http://www.tots.jp/" }, "geometry": { "type": "Point", "coordinates": [ 133.178567899999962, 34.4135222 ] } },
{ "type": "Feature", "properties": { "内容": "ニチイケアセンター尾道東【訪問介護】尾道市山波町６７８－９４", "url": "https://www.kaigokensaku.mhlw.go.jp/34/index.php?action_kouhyou_detail_004_kani=true&JigyosyoCd=3471101133-00&ServiceCd=110&Type=search", "url2": "http://www.nichiigakkan.co.jp" }, "geometry": { "type": "Point", "coordinates": [ 133.2315721, 34.4167141 ] } },
{ "type": "Feature", "properties": { "内容": "サンキ・ウエルビィ介護センター尾道【訪問介護】広島県尾道市山波町335番地1", "url": "https://www.kaigokensaku.mhlw.go.jp/34/index.php?action_kouhyou_detail_004_kani=true&JigyosyoCd=3471101646-00&ServiceCd=110&Type=search", "url2": null }, "geometry": { "type": "Point", "coordinates": [ 133.2274721, 34.424413299999983 ] } },
{ "type": "Feature", "properties": { "内容": "きららライフサポートセンター【訪問介護】広島県尾道市門田町１－３９", "url": "https://www.kaigokensaku.mhlw.go.jp/34/index.php?action_kouhyou_detail_004_kani=true&JigyosyoCd=3471101984-00&ServiceCd=110&Type=search", "url2": null }, "geometry": { "type": "Point", "coordinates": [ 133.186322891630084, 34.416534657088583 ] } },
{ "type": "Feature", "properties": { "内容": "ニチイケアセンターおのみち高須【訪問介護】広島県尾道市高須町5597-5", "url": "https://www.kaigokensaku.mhlw.go.jp/34/index.php?action_kouhyou_detail_004_kani=true&JigyosyoCd=3471102545-00&ServiceCd=110&Type=search", "url2": null }, "geometry": { "type": "Point", "coordinates": [ 133.233484299999986, 34.4285292 ] } },
{ "type": "Feature", "properties": { "内容": "ニチイケアセンター尾道みなり【訪問介護】広島県尾道市美ノ郷町三成字平山874-1", "url": "https://www.kaigokensaku.mhlw.go.jp/34/index.php?action_kouhyou_detail_004_kani=true&JigyosyoCd=3471102552-00&ServiceCd=110&Type=search", "url2": "https://www.nichiigakkan.co.jp/" }, "geometry": { "type": "Point", "coordinates": [ 133.198927300000037, 34.4471939 ] } },
{ "type": "Feature", "properties": { "内容": "ホームヘルパーステーション　島の里【訪問介護】尾道市向東町8883-10", "url": "https://www.kaigokensaku.mhlw.go.jp/34/index.php?action_kouhyou_detail_004_kani=true&JigyosyoCd=3471100325-00&ServiceCd=110&Type=search", "url2": "https://www.yoshiharamedicalgroup.com/" }, "geometry": { "type": "Point", "coordinates": [ 133.221624, 34.4001209 ] } },
{ "type": "Feature", "properties": { "内容": "尾道市社会福祉協議会訪問介護事業所【訪問介護】尾道市門田町２２番５号", "url": "https://www.kaigokensaku.mhlw.go.jp/34/index.php?action_kouhyou_detail_004_kani=true&JigyosyoCd=3471100408-00&ServiceCd=110&Type=search", "url2": "https://onomichi-shakyo.jp/" }, "geometry": { "type": "Point", "coordinates": [ 133.1853645, 34.4211879 ] } },
{ "type": "Feature", "properties": { "内容": "ひまわりホームヘルプサービス【訪問介護】尾道市久保2丁目15-17", "url": "https://www.kaigokensaku.mhlw.go.jp/34/index.php?action_kouhyou_detail_004_kani=true&JigyosyoCd=3471100978-00&ServiceCd=110&Type=search", "url2": "http://www.himawari-gr.com" }, "geometry": { "type": "Point", "coordinates": [ 133.206738399999949, 34.4108199 ] } },
{ "type": "Feature", "properties": { "内容": "くまさん訪問介護事業所【訪問介護】広島県尾道市高須町字西新涯5682番サービス付き高齢者向け住宅　くまさんのねどこ", "url": "https://www.kaigokensaku.mhlw.go.jp/34/index.php?action_kouhyou_detail_004_kani=true&JigyosyoCd=3471102461-00&ServiceCd=110&Type=search", "url2": "https://breakthrough-co.jp/" }, "geometry": { "type": "Point", "coordinates": [ 133.232199664309718, 34.43293037680472 ] } },
{ "type": "Feature", "properties": { "内容": "因島医師会ヘルパーステーション【訪問介護】尾道市因島中庄町1955番地", "url": "https://www.kaigokensaku.mhlw.go.jp/34/index.php?action_kouhyou_detail_004_kani=true&JigyosyoCd=3471300081-00&ServiceCd=110&Type=search", "url2": null }, "geometry": { "type": "Point", "coordinates": [ 133.153467800000044, 34.3122848 ] } },
{ "type": "Feature", "properties": { "内容": "ヘルパーステーションひかり苑【訪問介護】広島県尾道市原田町梶山3581番地1", "url": "https://www.kaigokensaku.mhlw.go.jp/34/index.php?action_kouhyou_detail_004_kani=true&JigyosyoCd=3471102727-00&ServiceCd=110&Type=search", "url2": "http://www.haradahikarikai.or.jp" }, "geometry": { "type": "Point", "coordinates": [ 133.201552, 34.41172 ] } },
{ "type": "Feature", "properties": { "内容": "公立みつぎ総合病院ホームヘルパーステーション【訪問介護】広島県尾道市御調町市107番地1", "url": "https://www.kaigokensaku.mhlw.go.jp/34/index.php?action_kouhyou_detail_004_kani=true&JigyosyoCd=3474100355-00&ServiceCd=110&Type=search", "url2": "http://www.mitsugibyouin.com" }, "geometry": { "type": "Point", "coordinates": [ 133.148612, 34.516585499999984 ] } },
{ "type": "Feature", "properties": { "内容": "ヘルパーステーションこころ【訪問介護】尾道市高須町4754番地5", "url": "https://www.kaigokensaku.mhlw.go.jp/34/index.php?action_kouhyou_detail_004_kani=true&JigyosyoCd=3471101158-00&ServiceCd=110&Type=search", "url2": "https://www.happiness-kokoro.com/higashionomichi/helperstation-kokoro" }, "geometry": { "type": "Point", "coordinates": [ 133.23594, 34.4375231 ] } },
{ "type": "Feature", "properties": { "内容": "訪問介護事業所いちょうの樹【訪問介護】広島県尾道市向東町8614-1", "url": "https://www.kaigokensaku.mhlw.go.jp/34/index.php?action_kouhyou_detail_004_kani=true&JigyosyoCd=3471102297-00&ServiceCd=110&Type=search", "url2": "http://ichonoki.com/" }, "geometry": { "type": "Point", "coordinates": [ 133.219438675542563, 34.398576034405146 ] } },
{ "type": "Feature", "properties": { "内容": "あけぼの訪問介護事業所【訪問介護】尾道市御調町丸門田446番地1サービス付高齢者住宅あけぼの1F", "url": "https://www.kaigokensaku.mhlw.go.jp/34/index.php?action_kouhyou_detail_004_kani=true&JigyosyoCd=3471100929-00&ServiceCd=110&Type=search", "url2": "https://uenishi-akebono.jp/facility/" }, "geometry": { "type": "Point", "coordinates": [ 133.111765794119492, 34.497787695838085 ] } },
{ "type": "Feature", "properties": { "内容": "ほほえみ　いんのしま【訪問介護】広島県尾道市因島中庄町字前新開3320番地1", "url": "https://www.kaigokensaku.mhlw.go.jp/34/index.php?action_kouhyou_detail_004_kani=true&JigyosyoCd=3471102305-00&ServiceCd=110&Type=search", "url2": null }, "geometry": { "type": "Point", "coordinates": [ 133.173622830841026, 34.327187699110752 ] } },
{ "type": "Feature", "properties": { "内容": "訪問介護事業所ヘルパーステーション　かざぐるま【訪問介護】広島県尾道市因島大浜町字倉谷新開427番地の10", "url": "https://www.kaigokensaku.mhlw.go.jp/34/index.php?action_kouhyou_detail_004_kani=true&JigyosyoCd=3471300099-00&ServiceCd=110&Type=search", "url2": "https://wakaba-innoshima.com" }, "geometry": { "type": "Point", "coordinates": [ 133.1759439, 34.3432107 ] } },
{ "type": "Feature", "properties": { "内容": "ヘルパーステーション福寿草【訪問介護】広島県尾道市因島中庄町3687番地", "url": "https://www.kaigokensaku.mhlw.go.jp/34/index.php?action_kouhyou_detail_004_kani=true&JigyosyoCd=3471102735-00&ServiceCd=110&Type=search", "url2": null }, "geometry": { "type": "Point", "coordinates": [ 133.166201699999988, 34.3314413 ] } },
{ "type": "Feature", "properties": { "内容": "有限会社誠心ケアサービス訪問介護事業所【訪問介護】尾道市長江一丁目6番10号", "url": "https://www.kaigokensaku.mhlw.go.jp/34/index.php?action_kouhyou_detail_004_kani=true&JigyosyoCd=3471100234-00&ServiceCd=110&Type=search", "url2": null }, "geometry": { "type": "Point", "coordinates": [ 133.201774800000067, 34.4118586 ] } },
{ "type": "Feature", "properties": { "内容": "合同会社しーがる訪問介護事業所【訪問介護】尾道市美ノ郷町三成227番地6", "url": "https://www.kaigokensaku.mhlw.go.jp/34/index.php?action_kouhyou_detail_004_kani=true&JigyosyoCd=3471101653-00&ServiceCd=110&Type=search", "url2": "https://www.hiroshima-sigal.com/" }, "geometry": { "type": "Point", "coordinates": [ 133.196695500000033, 34.4516594 ] } },
{ "type": "Feature", "properties": { "内容": "ヘルパーステーションなの花【訪問介護】尾道市高須町5006番地1", "url": "https://www.kaigokensaku.mhlw.go.jp/34/index.php?action_kouhyou_detail_004_kani=true&JigyosyoCd=3471101703-00&ServiceCd=110&Type=search", "url2": "http://www.onomichi-nanohana.jp/" }, "geometry": { "type": "Point", "coordinates": [ 133.229029699999955, 34.434579 ] } },
{ "type": "Feature", "properties": { "内容": "介護２４尾道合同会社【訪問介護】尾道市因島中庄町2133-7", "url": "https://www.kaigokensaku.mhlw.go.jp/34/index.php?action_kouhyou_detail_004_kani=true&JigyosyoCd=3471102032-00&ServiceCd=110&Type=search", "url2": null }, "geometry": { "type": "Point", "coordinates": [ 133.148726200000027, 34.3162869 ] } },
{ "type": "Feature", "properties": { "内容": "ケアバンク尾道ヘルパーステーション【訪問介護】広島県尾道市向島町５５７９番地３５", "url": "https://www.kaigokensaku.mhlw.go.jp/34/index.php?action_kouhyou_detail_004_kani=true&JigyosyoCd=3471102404-00&ServiceCd=110&Type=search", "url2": null }, "geometry": { "type": "Point", "coordinates": [ 133.194043479762257, 34.395931947062842 ] } },
{ "type": "Feature", "properties": { "内容": "長尾訪問介護事業所【訪問介護】広島県尾道市瀬戸田町名荷376-1", "url": "https://www.kaigokensaku.mhlw.go.jp/34/index.php?action_kouhyou_detail_004_kani=true&JigyosyoCd=3471102446-00&ServiceCd=110&Type=search", "url2": null }, "geometry": { "type": "Point", "coordinates": [ 133.120309899999938, 34.3096687 ] } },
{ "type": "Feature", "properties": { "内容": "訪問介護事業所そら【訪問介護】広島県尾道市山波町７０８番地６６", "url": "https://www.kaigokensaku.mhlw.go.jp/34/index.php?action_kouhyou_detail_004_kani=true&JigyosyoCd=3471102529-00&ServiceCd=110&Type=search", "url2": null }, "geometry": { "type": "Point", "coordinates": [ 133.231889300000034, 34.4142306 ] } },
{ "type": "Feature", "properties": { "内容": "ForYouケアサービス【訪問介護】広島県尾道市西藤町３１３８番地", "url": "https://www.kaigokensaku.mhlw.go.jp/34/index.php?action_kouhyou_detail_004_kani=true&JigyosyoCd=3471102560-00&ServiceCd=110&Type=search", "url2": "https://www.foryou-care.jp/" }, "geometry": { "type": "Point", "coordinates": [ 133.22221, 34.4578984 ] } },
{ "type": "Feature", "properties": { "内容": "ハーティ・ハンド支援事業所【訪問介護】木ノ庄町木梨1579", "url": "https://www.kaigokensaku.mhlw.go.jp/34/index.php?action_kouhyou_detail_004_kani=true&JigyosyoCd=3471102651-00&ServiceCd=110&Type=search", "url2": "https://sanai-heartyhand.jp/" }, "geometry": { "type": "Point", "coordinates": [ 133.1884206, 34.4792305 ] } },
{ "type": "Feature", "properties": { "内容": "有限会社　介護支援サービスあじさいの家【訪問介護】広島県尾道市向島町9669番地9", "url": "https://www.kaigokensaku.mhlw.go.jp/34/index.php?action_kouhyou_detail_004_kani=true&JigyosyoCd=3474100272-00&ServiceCd=110&Type=search", "url2": null }, "geometry": { "type": "Point", "coordinates": [ 133.182718499999964, 34.392495 ] } },
{ "type": "Feature", "properties": { "内容": "ヘルパーステーション　ぴあ・おのみち【訪問介護】広島県尾道市東御所町9番1号", "url": "https://www.kaigokensaku.mhlw.go.jp/34/index.php?action_kouhyou_detail_004_kani=true&JigyosyoCd=3471102818-00&ServiceCd=110&Type=search", "url2": "https://www.cil-m-bingo.com/" }, "geometry": { "type": "Point", "coordinates": [ 133.192798325794968, 34.403330652011711 ] } },
{ "type": "Feature", "properties": { "内容": "マックスケアサービス訪問介護事業所【訪問介護】福山市春日町７丁目10-13", "url": "https://www.kaigokensaku.mhlw.go.jp/34/index.php?action_kouhyou_detail_004_kani=true&JigyosyoCd=3471505689-00&ServiceCd=110&Type=search", "url2": null }, "geometry": { "type": "Point", "coordinates": [ 133.417324399999984, 34.5074835 ] } },
{ "type": "Feature", "properties": { "内容": "ヘルパーステーション　こころ【訪問介護】福山市春日町3丁目2-35", "url": "https://www.kaigokensaku.mhlw.go.jp/34/index.php?action_kouhyou_detail_004_kani=true&JigyosyoCd=3471505176-00&ServiceCd=110&Type=search", "url2": null }, "geometry": { "type": "Point", "coordinates": [ 133.414174600000024, 34.5109776 ] } },
{ "type": "Feature", "properties": { "内容": "サンアイル営業所【訪問介護】広島県福山市明神町１丁目１２-１７", "url": "https://www.kaigokensaku.mhlw.go.jp/34/index.php?action_kouhyou_detail_004_kani=true&JigyosyoCd=3471509426-00&ServiceCd=110&Type=search", "url2": "http://hp.kaipoke.biz/apr/" }, "geometry": { "type": "Point", "coordinates": [ 139.3488573, 35.6576157 ] } },
{ "type": "Feature", "properties": { "内容": "ホームケア土屋福山【訪問介護】広島県福山市東深津町２－１１－２７", "url": "https://www.kaigokensaku.mhlw.go.jp/34/index.php?action_kouhyou_detail_004_kani=true&JigyosyoCd=3471509657-00&ServiceCd=110&Type=search", "url2": "http://tcy.co.jp" }, "geometry": { "type": "Point", "coordinates": [ 133.389787334862149, 34.494789196500669 ] } },
{ "type": "Feature", "properties": { "内容": "訪問介護事業所　さくら草【訪問介護】広島県福山市南本庄5-2-31", "url": "https://www.kaigokensaku.mhlw.go.jp/34/index.php?action_kouhyou_detail_004_kani=true&JigyosyoCd=3471508451-00&ServiceCd=110&Type=search", "url2": null }, "geometry": { "type": "Point", "coordinates": [ 133.351438300000041, 34.4828246 ] } },
{ "type": "Feature", "properties": { "内容": "こころ訪問介護ステーション【訪問介護】広島県福山市神辺町字道上498-6", "url": "https://www.kaigokensaku.mhlw.go.jp/34/index.php?action_kouhyou_detail_004_kani=true&JigyosyoCd=3471509335-00&ServiceCd=110&Type=search", "url2": null }, "geometry": { "type": "Point", "coordinates": [ 133.360520700000052, 34.54857070000002 ] } },
{ "type": "Feature", "properties": { "内容": "訪問介護事業所かがやき【訪問介護】広島県福山市御幸町上岩成813サービス付き高齢者向け住宅かがやきの家", "url": "https://www.kaigokensaku.mhlw.go.jp/34/index.php?action_kouhyou_detail_004_kani=true&JigyosyoCd=3471510523-00&ServiceCd=110&Type=search", "url2": "http://yuuki-kagayaki.com" }, "geometry": { "type": "Point", "coordinates": [ 133.342080900000013, 34.5477696 ] } },
{ "type": "Feature", "properties": { "内容": "ニチイケアセンター福山中央【訪問介護】広島県福山市若松町9番7号大原ビル1階", "url": "https://www.kaigokensaku.mhlw.go.jp/34/index.php?action_kouhyou_detail_004_kani=true&JigyosyoCd=3471500045-00&ServiceCd=110&Type=search", "url2": "https://www.nichiigakkan.co.jp/" }, "geometry": { "type": "Point", "coordinates": [ 133.361635, 34.484646699999978 ] } },
{ "type": "Feature", "properties": { "内容": "ヘルパーステーションエクセル福山【訪問介護】福山市水呑町三新田2丁目1番地", "url": "https://www.kaigokensaku.mhlw.go.jp/34/index.php?action_kouhyou_detail_004_kani=true&JigyosyoCd=3471500847-00&ServiceCd=110&Type=search", "url2": "https://www.harumikai.jp" }, "geometry": { "type": "Point", "coordinates": [ 133.388125156109453, 34.447416114733556 ] } },
{ "type": "Feature", "properties": { "内容": "ニチイケアセンター倉光【訪問介護】福山市駅家町大字倉光23-1", "url": "https://www.kaigokensaku.mhlw.go.jp/34/index.php?action_kouhyou_detail_004_kani=true&JigyosyoCd=3471501092-00&ServiceCd=110&Type=search", "url2": "http://www.nichiigakkan.co.jp" }, "geometry": { "type": "Point", "coordinates": [ 133.327922199999989, 34.544232 ] } },
{ "type": "Feature", "properties": { "内容": "サンキ・ウエルビィ介護センター福山【訪問介護】広島県福山市南蔵王町1丁目9番17号", "url": "https://www.kaigokensaku.mhlw.go.jp/34/index.php?action_kouhyou_detail_004_kani=true&JigyosyoCd=3471501852-00&ServiceCd=110&Type=search", "url2": null }, "geometry": { "type": "Point", "coordinates": [ 133.38921248813017, 34.503619660487239 ] } },
{ "type": "Feature", "properties": { "内容": "ニチイケアセンター福山東【訪問介護】広島県福山市引野町南１丁目１番２４号", "url": "https://www.kaigokensaku.mhlw.go.jp/34/index.php?action_kouhyou_detail_004_kani=true&JigyosyoCd=3471502165-00&ServiceCd=110&Type=search", "url2": "https://www.nichiigakkan.co.jp/" }, "geometry": { "type": "Point", "coordinates": [ 133.416297200000031, 34.492743400000016 ] } },
{ "type": "Feature", "properties": { "内容": "ニチイケアセンター松永【訪問介護】福山市松永町3丁目1-22", "url": "https://www.kaigokensaku.mhlw.go.jp/34/index.php?action_kouhyou_detail_004_kani=true&JigyosyoCd=3471503866-00&ServiceCd=110&Type=search", "url2": "http://www.nichiigakkan.co.jp" }, "geometry": { "type": "Point", "coordinates": [ 133.2570819, 34.4488467 ] } },
{ "type": "Feature", "properties": { "内容": "ニチイケアセンター木之庄　訪問介護事業所【訪問介護】福山市木之庄町5丁目6-10", "url": "https://www.kaigokensaku.mhlw.go.jp/34/index.php?action_kouhyou_detail_004_kani=true&JigyosyoCd=3471504682-00&ServiceCd=110&Type=search", "url2": "http://www.nichiigakkan.co.jp" }, "geometry": { "type": "Point", "coordinates": [ 133.3592013, 34.4972428 ] } },
{ "type": "Feature", "properties": { "内容": "サンキ・ウエルビィ介護センター新市【訪問介護】広島県福山市新市町大字戸手248-7", "url": "https://www.kaigokensaku.mhlw.go.jp/34/index.php?action_kouhyou_detail_004_kani=true&JigyosyoCd=3471505572-00&ServiceCd=110&Type=search", "url2": null }, "geometry": { "type": "Point", "coordinates": [ 133.281909546141037, 34.550595881276315 ] } },
{ "type": "Feature", "properties": { "内容": "永和会多機能看護介護ステーション【訪問介護】広島県福山市東村町466-2", "url": "https://www.kaigokensaku.mhlw.go.jp/34/index.php?action_kouhyou_detail_004_kani=true&JigyosyoCd=3471506786-00&ServiceCd=110&Type=search", "url2": "http://www.eiwa-kai.or.jp" }, "geometry": { "type": "Point", "coordinates": [ 133.240736799661249, 34.461394335780199 ] } },
{ "type": "Feature", "properties": { "内容": "ニチイケアセンター杏【訪問介護】福山市川口町2丁目17－1エクセルハイツ川口102号", "url": "https://www.kaigokensaku.mhlw.go.jp/34/index.php?action_kouhyou_detail_004_kani=true&JigyosyoCd=3471507149-00&ServiceCd=110&Type=search", "url2": "http://www.nichiigakkan.co.jp" }, "geometry": { "type": "Point", "coordinates": [ 133.387651399999982, 34.4675872 ] } },
{ "type": "Feature", "properties": { "内容": "ヘルパーステーション　リーフ神辺【訪問介護】広島県福山市神辺町大字川北1482番地", "url": "https://www.kaigokensaku.mhlw.go.jp/34/index.php?action_kouhyou_detail_004_kani=true&JigyosyoCd=3471508709-00&ServiceCd=110&Type=search", "url2": "http://ryokuju-kai.jp/" }, "geometry": { "type": "Point", "coordinates": [ 133.370144399999958, 34.5434935 ] } },
{ "type": "Feature", "properties": { "内容": "ニチイケアセンター蔵王東【訪問介護】広島県福山市春日町一丁目7番39号タイムズスクエアC号", "url": "https://www.kaigokensaku.mhlw.go.jp/34/index.php?action_kouhyou_detail_004_kani=true&JigyosyoCd=3471509343-00&ServiceCd=110&Type=search", "url2": "https://www.nichiigakkan.co.jp/" }, "geometry": { "type": "Point", "coordinates": [ 133.400922915344296, 34.50641975876664 ] } },
{ "type": "Feature", "properties": { "内容": "ニチイケアセンターみゆき【訪問介護】広島県福山市御幸町中津原1774-1ｺﾞｰﾙﾄﾞｶﾞｰﾃﾞﾝ102号室", "url": "https://www.kaigokensaku.mhlw.go.jp/34/index.php?action_kouhyou_detail_004_kani=true&JigyosyoCd=3471509368-00&ServiceCd=110&Type=search", "url2": "http://www.nichiigakkan.co.jp" }, "geometry": { "type": "Point", "coordinates": [ 133.359314400000017, 34.533784 ] } },
{ "type": "Feature", "properties": { "内容": "ニチイケアセンター福山西【訪問介護】広島県福山市瀬戸町山北458-1", "url": "https://www.kaigokensaku.mhlw.go.jp/34/index.php?action_kouhyou_detail_004_kani=true&JigyosyoCd=3471509434-00&ServiceCd=110&Type=search", "url2": null }, "geometry": { "type": "Point", "coordinates": [ 133.3148668, 34.4725348 ] } },
{ "type": "Feature", "properties": { "内容": "生協ひろしま介護サービス・福山【訪問介護】福山市引野町五丁目７－１３", "url": "https://www.kaigokensaku.mhlw.go.jp/34/index.php?action_kouhyou_detail_004_kani=true&JigyosyoCd=3471500714-00&ServiceCd=110&Type=search", "url2": null }, "geometry": { "type": "Point", "coordinates": [ 133.4058066, 34.4937904 ] } },
{ "type": "Feature", "properties": { "内容": "悠芳苑訪問介護事業所【訪問介護】福山市熊野町乙甲１６３０番地", "url": "https://www.kaigokensaku.mhlw.go.jp/34/index.php?action_kouhyou_detail_004_kani=true&JigyosyoCd=3471500730-00&ServiceCd=110&Type=search", "url2": null }, "geometry": { "type": "Point", "coordinates": [ 133.345076699999936, 34.4222787 ] } },
{ "type": "Feature", "properties": { "内容": "訪問介護とうわ【訪問介護】福山市春日町７－６－２７", "url": "https://www.kaigokensaku.mhlw.go.jp/34/index.php?action_kouhyou_detail_004_kani=true&JigyosyoCd=3471501498-00&ServiceCd=110&Type=search", "url2": "http://www.toukoukai.or.jp" }, "geometry": { "type": "Point", "coordinates": [ 133.415207900000041, 34.5087723 ] } },
{ "type": "Feature", "properties": { "内容": "ヘルパーステーションほほえみ【訪問介護】広島県福山市南手城町3丁目4-30", "url": "https://www.kaigokensaku.mhlw.go.jp/34/index.php?action_kouhyou_detail_004_kani=true&JigyosyoCd=3471501993-00&ServiceCd=110&Type=search", "url2": "http://tamuzu.jp/" }, "geometry": { "type": "Point", "coordinates": [ 133.393899701405303, 34.483248335286355 ] } },
{ "type": "Feature", "properties": { "内容": "ヘルパーステーションすみれ【訪問介護】福山市駅家町万能倉96-1", "url": "https://www.kaigokensaku.mhlw.go.jp/34/index.php?action_kouhyou_detail_004_kani=true&JigyosyoCd=3471502306-00&ServiceCd=110&Type=search", "url2": "http://www.bingonosato.jp" }, "geometry": { "type": "Point", "coordinates": [ 133.340779800000064, 34.5438709 ] } },
{ "type": "Feature", "properties": { "内容": "訪問介護ステーションさくらの丘【訪問介護】福山市駅家町法成寺125-2", "url": "https://www.kaigokensaku.mhlw.go.jp/34/index.php?action_kouhyou_detail_004_kani=true&JigyosyoCd=3471503585-00&ServiceCd=110&Type=search", "url2": "https://www.ekiya-sakura.jp/clinic/care-station.html" }, "geometry": { "type": "Point", "coordinates": [ 133.325618657008363, 34.554906195385698 ] } },
{ "type": "Feature", "properties": { "内容": "訪問介護センター　愛【訪問介護】福山市加茂町字中野314-3", "url": "https://www.kaigokensaku.mhlw.go.jp/34/index.php?action_kouhyou_detail_004_kani=true&JigyosyoCd=3471504583-00&ServiceCd=110&Type=search", "url2": "http://www.five-one.net/" }, "geometry": { "type": "Point", "coordinates": [ 133.345187654370079, 34.570509722632394 ] } },
{ "type": "Feature", "properties": { "内容": "ケアサービス福山北【訪問介護】福山市駅家町近田102-5", "url": "https://www.kaigokensaku.mhlw.go.jp/34/index.php?action_kouhyou_detail_004_kani=true&JigyosyoCd=3471505044-00&ServiceCd=110&Type=search", "url2": "http://www.alice-japan.co.jp/index.html" }, "geometry": { "type": "Point", "coordinates": [ 133.319417299999941, 34.5433542 ] } },
{ "type": "Feature", "properties": { "内容": "ケアサービス福山【訪問介護】福山市王子町二丁目１１番６号", "url": "https://www.kaigokensaku.mhlw.go.jp/34/index.php?action_kouhyou_detail_004_kani=true&JigyosyoCd=3471505879-00&ServiceCd=110&Type=search", "url2": "http://www.alice-japan.co.jp" }, "geometry": { "type": "Point", "coordinates": [ 133.381252741520541, 34.488310548940049 ] } },
{ "type": "Feature", "properties": { "内容": "ありがとう総合訪問センター　訪問介護【訪問介護】広島県福山市春日町浦上1224番地", "url": "https://www.kaigokensaku.mhlw.go.jp/34/index.php?action_kouhyou_detail_004_kani=true&JigyosyoCd=3471507032-00&ServiceCd=110&Type=search", "url2": "https://www.takinouarigatou.com" }, "geometry": { "type": "Point", "coordinates": [ 133.424192733898991, 34.518584106095084 ] } },
{ "type": "Feature", "properties": { "内容": "てらおかヘルパーステーション【訪問介護】広島県福山市新市町新市56番地1ローカルコモンズ・ウィル内", "url": "https://www.kaigokensaku.mhlw.go.jp/34/index.php?action_kouhyou_detail_004_kani=true&JigyosyoCd=3471508246-00&ServiceCd=110&Type=search", "url2": null }, "geometry": { "type": "Point", "coordinates": [ 133.279045699999983, 34.5503662 ] } },
{ "type": "Feature", "properties": { "内容": "グッドライフヘルパーステーション【訪問介護】広島県福山市東町1丁目3-8", "url": "https://www.kaigokensaku.mhlw.go.jp/34/index.php?action_kouhyou_detail_004_kani=true&JigyosyoCd=3471509756-00&ServiceCd=110&Type=search", "url2": "http://www.goodlifehospital.jp" }, "geometry": { "type": "Point", "coordinates": [ 133.36914920000001, 34.4894817 ] } },
{ "type": "Feature", "properties": { "内容": "まり訪問介護ステーション【訪問介護】福山市沼隈町大字中山南１３８７番地", "url": "https://www.kaigokensaku.mhlw.go.jp/34/index.php?action_kouhyou_detail_004_kani=true&JigyosyoCd=3474300138-00&ServiceCd=110&Type=search", "url2": "http://shounankai.or.jp/" }, "geometry": { "type": "Point", "coordinates": [ 133.321952814541646, 34.417876371512484 ] } },
{ "type": "Feature", "properties": { "内容": "訪問介護事業所ようき【訪問介護】福山市神辺町道上1330-1", "url": "https://www.kaigokensaku.mhlw.go.jp/34/index.php?action_kouhyou_detail_004_kani=true&JigyosyoCd=3474400557-00&ServiceCd=110&Type=search", "url2": null }, "geometry": { "type": "Point", "coordinates": [ 133.3639028, 34.5617416 ] } },
{ "type": "Feature", "properties": { "内容": "訪問介護事業所　瀬戸すみれ園【訪問介護】広島県福山市瀬戸町大字地頭分字小立2721番地", "url": "https://www.kaigokensaku.mhlw.go.jp/34/index.php?action_kouhyou_detail_004_kani=true&JigyosyoCd=3471510002-00&ServiceCd=110&Type=search", "url2": "https://www.sumire-fukushi-chugoku.jp/" }, "geometry": { "type": "Point", "coordinates": [ 133.328787, 34.4632106 ] } },
{ "type": "Feature", "properties": { "内容": "島谷病院指定訪問介護事業所【訪問介護】広島県福山市新涯町２丁目５番８号", "url": "https://www.kaigokensaku.mhlw.go.jp/34/index.php?action_kouhyou_detail_004_kani=true&JigyosyoCd=3471500581-00&ServiceCd=110&Type=search", "url2": null }, "geometry": { "type": "Point", "coordinates": [ 133.397097600000052, 34.4627963 ] } },
{ "type": "Feature", "properties": { "内容": "福山医療生活協同組合ヘルパーステーション城北【訪問介護】福山市木之庄町３丁目６－１０在宅介護センター城北", "url": "https://www.kaigokensaku.mhlw.go.jp/34/index.php?action_kouhyou_detail_004_kani=true&JigyosyoCd=3471500862-00&ServiceCd=110&Type=search", "url2": "http://www.fico-op.jp" }, "geometry": { "type": "Point", "coordinates": [ 133.355879043843487, 34.498255190564805 ] } },
{ "type": "Feature", "properties": { "内容": "ヘルパーステーション北斗【訪問介護】福山市今津町３丁目９番８号", "url": "https://www.kaigokensaku.mhlw.go.jp/34/index.php?action_kouhyou_detail_004_kani=true&JigyosyoCd=3471501076-00&ServiceCd=110&Type=search", "url2": "https://meisui-kai.jimdo.com" }, "geometry": { "type": "Point", "coordinates": [ 133.254309799999987, 34.4513964 ] } },
{ "type": "Feature", "properties": { "内容": "訪問介護事業所かがやき新涯【訪問介護】福山市新涯町１丁目7-43", "url": "https://www.kaigokensaku.mhlw.go.jp/34/index.php?action_kouhyou_detail_004_kani=true&JigyosyoCd=3471507842-00&ServiceCd=110&Type=search", "url2": "http://lsi-kk.co.jp" }, "geometry": { "type": "Point", "coordinates": [ 133.3898984, 34.464215399999986 ] } },
{ "type": "Feature", "properties": { "内容": "ヘルパーステーション芦花【訪問介護】広島県福山市駅家町上山守196番地1ケアモール芦花内", "url": "https://www.kaigokensaku.mhlw.go.jp/34/index.php?action_kouhyou_detail_004_kani=true&JigyosyoCd=3471508782-00&ServiceCd=110&Type=search", "url2": "https://kobatake.or.jp" }, "geometry": { "type": "Point", "coordinates": [ 133.32992790000003, 34.5343634 ] } },
{ "type": "Feature", "properties": { "内容": "訪問介護事業所　清風【訪問介護】広島県福山市水呑町288-1", "url": "https://www.kaigokensaku.mhlw.go.jp/34/index.php?action_kouhyou_detail_004_kani=true&JigyosyoCd=3471509038-00&ServiceCd=110&Type=search", "url2": null }, "geometry": { "type": "Point", "coordinates": [ 133.361180499999989, 34.464983899999986 ] } },
{ "type": "Feature", "properties": { "内容": "アクティブワン訪問介護【訪問介護】広島県福山市春日町1-6-2総合リハビリケアセンター　アクティブワン", "url": "https://www.kaigokensaku.mhlw.go.jp/34/index.php?action_kouhyou_detail_004_kani=true&JigyosyoCd=3471509855-00&ServiceCd=110&Type=search", "url2": "https://activeone.qolservice.co.jp/" }, "geometry": { "type": "Point", "coordinates": [ 133.400963666992425, 34.505890405000358 ] } },
{ "type": "Feature", "properties": { "内容": "沼隈社会福祉協会ヘルパーステーションふくし【訪問介護】福山市沼隈町草深1889-26", "url": "https://www.kaigokensaku.mhlw.go.jp/34/index.php?action_kouhyou_detail_004_kani=true&JigyosyoCd=3474300062-00&ServiceCd=110&Type=search", "url2": "http://www.numakuma-fukushi.com/" }, "geometry": { "type": "Point", "coordinates": [ 133.318880700000022, 34.3895764 ] } },
{ "type": "Feature", "properties": { "内容": "まごころ介護サービス【訪問介護】広島県福山市御幸町下岩成1295-1", "url": "https://www.kaigokensaku.mhlw.go.jp/34/index.php?action_kouhyou_detail_004_kani=true&JigyosyoCd=3471510085-00&ServiceCd=110&Type=search", "url2": "https://magokorokaigo.amebaownd.com" }, "geometry": { "type": "Point", "coordinates": [ 133.35146, 34.544579 ] } },
{ "type": "Feature", "properties": { "内容": "三愛ライフサービス【訪問介護】福山市三吉町四丁目12番29号", "url": "https://www.kaigokensaku.mhlw.go.jp/34/index.php?action_kouhyou_detail_004_kani=true&JigyosyoCd=3471500185-00&ServiceCd=110&Type=search", "url2": "https://scs-group.jp/san-ai-life/" }, "geometry": { "type": "Point", "coordinates": [ 133.377886499999931, 34.4956068 ] } },
{ "type": "Feature", "properties": { "内容": "ふれあい介護サービス訪問介護事業所【訪問介護】広島県福山市水呑町4030番地1", "url": "https://www.kaigokensaku.mhlw.go.jp/34/index.php?action_kouhyou_detail_004_kani=true&JigyosyoCd=3471501084-00&ServiceCd=110&Type=search", "url2": null }, "geometry": { "type": "Point", "coordinates": [ 133.375657961105674, 34.453963477710218 ] } },
{ "type": "Feature", "properties": { "内容": "訪問介護事業所　愛の手【訪問介護】福山市東深津町四丁目14番16号", "url": "https://www.kaigokensaku.mhlw.go.jp/34/index.php?action_kouhyou_detail_004_kani=true&JigyosyoCd=3471502108-00&ServiceCd=110&Type=search", "url2": "https://ainote-fukushi.com" }, "geometry": { "type": "Point", "coordinates": [ 133.3867808, 34.4898573 ] } },
{ "type": "Feature", "properties": { "内容": "ヘルパーステーション飛鳥苑【訪問介護】福山市芦田町大字福田189番地1", "url": "https://www.kaigokensaku.mhlw.go.jp/34/index.php?action_kouhyou_detail_004_kani=true&JigyosyoCd=3471502579-00&ServiceCd=110&Type=search", "url2": "http://www.asuka-en.or.jp/" }, "geometry": { "type": "Point", "coordinates": [ 133.298497, 34.5414232 ] } },
{ "type": "Feature", "properties": { "内容": "ヘルパーステーションよろこび【訪問介護】福山市松浜町三丁目8番26号", "url": "https://www.kaigokensaku.mhlw.go.jp/34/index.php?action_kouhyou_detail_004_kani=true&JigyosyoCd=3471503031-00&ServiceCd=110&Type=search", "url2": null }, "geometry": { "type": "Point", "coordinates": [ 133.377204, 34.4785333 ] } },
{ "type": "Feature", "properties": { "内容": "あいめいと訪問介護ステーション【訪問介護】福山市多治米町三丁目２９番１号", "url": "https://www.kaigokensaku.mhlw.go.jp/34/index.php?action_kouhyou_detail_004_kani=true&JigyosyoCd=3471503429-00&ServiceCd=110&Type=search", "url2": null }, "geometry": { "type": "Point", "coordinates": [ 133.376740599999948, 34.4696647 ] } },
{ "type": "Feature", "properties": { "内容": "ヘルパーステーション「喜んでっ」【訪問介護】広島県福山市御幸町中津原1918-2", "url": "https://www.kaigokensaku.mhlw.go.jp/34/index.php?action_kouhyou_detail_004_kani=true&JigyosyoCd=3471505085-00&ServiceCd=110&Type=search", "url2": "http://ganbatte.jp" }, "geometry": { "type": "Point", "coordinates": [ 133.356726981089736, 34.538532500002191 ] } },
{ "type": "Feature", "properties": { "内容": "アースサポート福山【訪問介護】広島県福山市松永町1丁目40番1号", "url": "https://www.kaigokensaku.mhlw.go.jp/34/index.php?action_kouhyou_detail_004_kani=true&JigyosyoCd=3471505697-00&ServiceCd=110&Type=search", "url2": "http://www.earthsupport.co.jp" }, "geometry": { "type": "Point", "coordinates": [ 133.254597, 34.4496558 ] } },
{ "type": "Feature", "properties": { "内容": "あなぶきケアサービス福山【訪問介護】広島県福山市多治米町二丁目２２番１０住宅型有料老人ホーム　アルファリビング福山多治米内併設", "url": "https://www.kaigokensaku.mhlw.go.jp/34/index.php?action_kouhyou_detail_004_kani=true&JigyosyoCd=3471506984-00&ServiceCd=110&Type=search", "url2": "http://www.a-living.jp/tajime/" }, "geometry": { "type": "Point", "coordinates": [ 133.378134719001309, 34.471503357052256 ] } },
{ "type": "Feature", "properties": { "内容": "ヘルパーステーション　木まま【訪問介護】福山市明神町2丁目6－34", "url": "https://www.kaigokensaku.mhlw.go.jp/34/index.php?action_kouhyou_detail_004_kani=true&JigyosyoCd=3471507701-00&ServiceCd=110&Type=search", "url2": null }, "geometry": { "type": "Point", "coordinates": [ 133.398259026546185, 34.492724837358878 ] } },
{ "type": "Feature", "properties": { "内容": "ヘルパーステーションふらわぁ【訪問介護】広島県福山市水呑町６１番地１９", "url": "https://www.kaigokensaku.mhlw.go.jp/34/index.php?action_kouhyou_detail_004_kani=true&JigyosyoCd=3471508006-00&ServiceCd=110&Type=search", "url2": null }, "geometry": { "type": "Point", "coordinates": [ 133.356338028836063, 34.469607583558115 ] } },
{ "type": "Feature", "properties": { "内容": "ホームケアリーベル【訪問介護】広島県福山市御幸町中津原1602-10", "url": "https://www.kaigokensaku.mhlw.go.jp/34/index.php?action_kouhyou_detail_004_kani=true&JigyosyoCd=3471508204-00&ServiceCd=110&Type=search", "url2": "http://www.lea-bell.co.jp" }, "geometry": { "type": "Point", "coordinates": [ 133.362442399999964, 34.5313779 ] } },
{ "type": "Feature", "properties": { "内容": "ヘルパステーションやないづ【訪問介護】広島県福山市柳津町５丁目3-21", "url": "https://www.kaigokensaku.mhlw.go.jp/34/index.php?action_kouhyou_detail_004_kani=true&JigyosyoCd=3471508428-00&ServiceCd=110&Type=search", "url2": "http://ogawa-fukuyama.jp" }, "geometry": { "type": "Point", "coordinates": [ 133.26906879001254, 34.437251131667878 ] } },
{ "type": "Feature", "properties": { "内容": "佐藤柔道接骨院訪問介護愛ホーム【訪問介護】広島県福山市曙町四丁目5-20", "url": "https://www.kaigokensaku.mhlw.go.jp/34/index.php?action_kouhyou_detail_004_kani=true&JigyosyoCd=3471508527-00&ServiceCd=110&Type=search", "url2": null }, "geometry": { "type": "Point", "coordinates": [ 133.4015081, 34.4714121 ] } },
{ "type": "Feature", "properties": { "内容": "ライフサポートステーションＣａｎｂｅ⁺【訪問介護】広島県福山市駅家町法成寺１１４番地８", "url": "https://www.kaigokensaku.mhlw.go.jp/34/index.php?action_kouhyou_detail_004_kani=true&JigyosyoCd=3471509640-00&ServiceCd=110&Type=search", "url2": "https://ekiya-sakura.jp/hope/lss-canbe.html" }, "geometry": { "type": "Point", "coordinates": [ 133.326292200000012, 34.5544797 ] } },
{ "type": "Feature", "properties": { "内容": "ふれ愛ヘルパーステーションFlower's【訪問介護】広島県福山市山手町7丁目2-48", "url": "https://www.kaigokensaku.mhlw.go.jp/34/index.php?action_kouhyou_detail_004_kani=true&JigyosyoCd=3471509913-00&ServiceCd=110&Type=search", "url2": null }, "geometry": { "type": "Point", "coordinates": [ 133.331705, 34.4966219 ] } },
{ "type": "Feature", "properties": { "内容": "エル訪問介護事業所【訪問介護】広島県福山市春日台19番13号", "url": "https://www.kaigokensaku.mhlw.go.jp/34/index.php?action_kouhyou_detail_004_kani=true&JigyosyoCd=3471509921-00&ServiceCd=110&Type=search", "url2": null }, "geometry": { "type": "Point", "coordinates": [ 133.4251296, 34.510893 ] } },
{ "type": "Feature", "properties": { "内容": "サンローズ介護サービス有限会社【訪問介護】福山市多治米町5丁目10番10号", "url": "https://www.kaigokensaku.mhlw.go.jp/34/index.php?action_kouhyou_detail_004_kani=true&JigyosyoCd=3471501902-00&ServiceCd=110&Type=search", "url2": null }, "geometry": { "type": "Point", "coordinates": [ 133.3767712, 34.4640487 ] } },
{ "type": "Feature", "properties": { "内容": "朱雀訪問介護事業所【訪問介護】福山市青葉台1-3-10", "url": "https://www.kaigokensaku.mhlw.go.jp/34/index.php?action_kouhyou_detail_004_kani=true&JigyosyoCd=3471502272-00&ServiceCd=110&Type=search", "url2": "https://www.7-houmon-suzaku.com/" }, "geometry": { "type": "Point", "coordinates": [ 133.427381700000069, 34.5121553 ] } },
{ "type": "Feature", "properties": { "内容": "ヘルパーステーション　つばさ【訪問介護】広島県福山市南蔵王町4丁目2-36", "url": "https://www.kaigokensaku.mhlw.go.jp/34/index.php?action_kouhyou_detail_004_kani=true&JigyosyoCd=3471502710-00&ServiceCd=110&Type=search", "url2": "https://hst-tsubasa.com/" }, "geometry": { "type": "Point", "coordinates": [ 133.392343493543251, 34.497985430049994 ] } },
{ "type": "Feature", "properties": { "内容": "訪問介護事業所　野の花【訪問介護】福山市胡町1番13号", "url": "https://www.kaigokensaku.mhlw.go.jp/34/index.php?action_kouhyou_detail_004_kani=true&JigyosyoCd=3471503676-00&ServiceCd=110&Type=search", "url2": "http://npo-nonohana.org/" }, "geometry": { "type": "Point", "coordinates": [ 133.366624366687006, 34.492852517687254 ] } },
{ "type": "Feature", "properties": { "内容": "訪問介護ステーション　リバティ福山【訪問介護】福山市引野町5-22-11", "url": "https://www.kaigokensaku.mhlw.go.jp/34/index.php?action_kouhyou_detail_004_kani=true&JigyosyoCd=3471503726-00&ServiceCd=110&Type=search", "url2": "https://libertyfukuyama.wixsite.com/website" }, "geometry": { "type": "Point", "coordinates": [ 133.402234799999974, 34.4914601 ] } },
{ "type": "Feature", "properties": { "内容": "ヘルパーステーションさとう【訪問介護】福山市曙町5丁目11-40", "url": "https://www.kaigokensaku.mhlw.go.jp/34/index.php?action_kouhyou_detail_004_kani=true&JigyosyoCd=3471503817-00&ServiceCd=110&Type=search", "url2": "http://www.hs-sato.co.jp/" }, "geometry": { "type": "Point", "coordinates": [ 133.3921454, 34.4703147 ] } },
{ "type": "Feature", "properties": { "内容": "訪問介護サービス　すまいる【訪問介護】広島県福山市駅家町近田９３７－４", "url": "https://www.kaigokensaku.mhlw.go.jp/34/index.php?action_kouhyou_detail_004_kani=true&JigyosyoCd=3471504146-00&ServiceCd=110&Type=search", "url2": null }, "geometry": { "type": "Point", "coordinates": [ 133.309298300000023, 34.5430659 ] } },
{ "type": "Feature", "properties": { "内容": "ほっとけあ　福相【訪問介護】福山市駅家町近田823番地アーバンハイツヒロB102", "url": "https://www.kaigokensaku.mhlw.go.jp/34/index.php?action_kouhyou_detail_004_kani=true&JigyosyoCd=3471504203-00&ServiceCd=110&Type=search", "url2": null }, "geometry": { "type": "Point", "coordinates": [ 133.310318199999983, 34.5445245 ] } },
{ "type": "Feature", "properties": { "内容": "さんな介護サービス【訪問介護】福山市沼隈町上山南377番地", "url": "https://www.kaigokensaku.mhlw.go.jp/34/index.php?action_kouhyou_detail_004_kani=true&JigyosyoCd=3471504641-00&ServiceCd=110&Type=search", "url2": null }, "geometry": { "type": "Point", "coordinates": [ 133.321000899999945, 34.4204863 ] } },
{ "type": "Feature", "properties": { "内容": "きらめき訪問介護サービスステーション【訪問介護】広島県福山市新市町新市４７７－１メゾンドフォレストＣ号", "url": "https://www.kaigokensaku.mhlw.go.jp/34/index.php?action_kouhyou_detail_004_kani=true&JigyosyoCd=3471504666-00&ServiceCd=110&Type=search", "url2": null }, "geometry": { "type": "Point", "coordinates": [ 133.271543900000012, 34.55345 ] } },
{ "type": "Feature", "properties": { "内容": "介護技術　花音事業所【訪問介護】福山市山手町6丁目4番49-11", "url": "https://www.kaigokensaku.mhlw.go.jp/34/index.php?action_kouhyou_detail_004_kani=true&JigyosyoCd=3471505135-00&ServiceCd=110&Type=search", "url2": null }, "geometry": { "type": "Point", "coordinates": [ 133.336477800000011, 34.4936149 ] } },
{ "type": "Feature", "properties": { "内容": "ケアサービス　樹【訪問介護】広島県福山市新涯町五丁目６番１５－７号三吉住宅Ａ－１", "url": "https://www.kaigokensaku.mhlw.go.jp/34/index.php?action_kouhyou_detail_004_kani=true&JigyosyoCd=3471506398-00&ServiceCd=110&Type=search", "url2": "https://scr-dai.co.jp/corporate/care-itsuki/" }, "geometry": { "type": "Point", "coordinates": [ 133.3867153, 34.4571662 ] } },
{ "type": "Feature", "properties": { "内容": "ヘルパーステーション　ひなたぼっこ【訪問介護】広島県福山市加茂町下加茂203番地", "url": "https://www.kaigokensaku.mhlw.go.jp/34/index.php?action_kouhyou_detail_004_kani=true&JigyosyoCd=3471506737-00&ServiceCd=110&Type=search", "url2": null }, "geometry": { "type": "Point", "coordinates": [ 133.343148416918893, 34.559336782821816 ] } },
{ "type": "Feature", "properties": { "内容": "ヘルパーステーション　ふくでん【訪問介護】福山市千田町三丁目４－１５サンラインＣ１０３号", "url": "https://www.kaigokensaku.mhlw.go.jp/34/index.php?action_kouhyou_detail_004_kani=true&JigyosyoCd=3471506794-00&ServiceCd=110&Type=search", "url2": null }, "geometry": { "type": "Point", "coordinates": [ 133.366156400000023, 34.5199365 ] } },
{ "type": "Feature", "properties": { "内容": "善幸苑福山訪問介護【訪問介護】福山市東川口町3-5-21ハートランド福山", "url": "https://www.kaigokensaku.mhlw.go.jp/34/index.php?action_kouhyou_detail_004_kani=true&JigyosyoCd=3471507289-00&ServiceCd=110&Type=search", "url2": "http://medicalseed.jp" }, "geometry": { "type": "Point", "coordinates": [ 133.3871537, 34.4771668 ] } },
{ "type": "Feature", "properties": { "内容": "訪問介護事業所　安井の里【訪問介護】広島県福山市新市町下安井755番地", "url": "https://www.kaigokensaku.mhlw.go.jp/34/index.php?action_kouhyou_detail_004_kani=true&JigyosyoCd=3471507545-00&ServiceCd=110&Type=search", "url2": "https://yasuinosato.net/" }, "geometry": { "type": "Point", "coordinates": [ 133.276530542050182, 34.583606813881346 ] } },
{ "type": "Feature", "properties": { "内容": "ヘルパーステーション　あそび【訪問介護】広島県福山市内海町イ１９４９", "url": "https://www.kaigokensaku.mhlw.go.jp/34/index.php?action_kouhyou_detail_004_kani=true&JigyosyoCd=3471508535-00&ServiceCd=110&Type=search", "url2": "https://www.asobi123.com/" }, "geometry": { "type": "Point", "coordinates": [ 133.322616343568626, 34.359924306963165 ] } },
{ "type": "Feature", "properties": { "内容": "ヘルパーステーション　あさがお【訪問介護】広島県福山市春日町2丁目11-6パンプキンＡ102号", "url": "https://www.kaigokensaku.mhlw.go.jp/34/index.php?action_kouhyou_detail_004_kani=true&JigyosyoCd=3471509665-00&ServiceCd=110&Type=search", "url2": null }, "geometry": { "type": "Point", "coordinates": [ 133.408419554571992, 34.509104406573272 ] } },
{ "type": "Feature", "properties": { "内容": "わん・らぶりー訪問介護事業所【訪問介護】南蔵王2-22-5ストークハイツB202", "url": "https://www.kaigokensaku.mhlw.go.jp/34/index.php?action_kouhyou_detail_004_kani=true&JigyosyoCd=3471509673-00&ServiceCd=110&Type=search", "url2": null }, "geometry": { "type": "Point", "coordinates": [ 133.396185800000012, 34.5042102 ] } },
{ "type": "Feature", "properties": { "内容": "土屋訪問介護事業所福山センター【訪問介護】広島県福山市神辺町川南3198-3紅葉堂ビル2階", "url": "https://www.kaigokensaku.mhlw.go.jp/34/index.php?action_kouhyou_detail_004_kani=true&JigyosyoCd=3471509699-00&ServiceCd=110&Type=search", "url2": null }, "geometry": { "type": "Point", "coordinates": [ 133.37960480000001, 34.5408535 ] } },
{ "type": "Feature", "properties": { "内容": "介護福祉サービス事業所　結【訪問介護】広島県福山市南手城町三丁目１１番２０５号", "url": "https://www.kaigokensaku.mhlw.go.jp/34/index.php?action_kouhyou_detail_004_kani=true&JigyosyoCd=3471509848-00&ServiceCd=110&Type=search", "url2": "https://kaigofukushiyuichan.com/" }, "geometry": { "type": "Point", "coordinates": [ 133.393729429499814, 34.482673687318353 ] } },
{ "type": "Feature", "properties": { "内容": "ナノカ訪問介護事業所【訪問介護】広島県福山市南手城町4丁目7-7", "url": "https://www.kaigokensaku.mhlw.go.jp/34/index.php?action_kouhyou_detail_004_kani=true&JigyosyoCd=3471509939-00&ServiceCd=110&Type=search", "url2": null }, "geometry": { "type": "Point", "coordinates": [ 133.4002961, 34.4831786 ] } },
{ "type": "Feature", "properties": { "内容": "ミユー・コミュニケーション【訪問介護】福山市新涯町1丁目41番13号小原ビルI-103", "url": "https://www.kaigokensaku.mhlw.go.jp/34/index.php?action_kouhyou_detail_004_kani=true&JigyosyoCd=3474300260-00&ServiceCd=110&Type=search", "url2": null }, "geometry": { "type": "Point", "coordinates": [ 133.39728249999996, 34.4649934 ] } },
{ "type": "Feature", "properties": { "内容": "ホームケアゆいまーる【訪問介護】広島県福山市曙町3-28-12​岡マンションA　105号", "url": "https://www.kaigokensaku.mhlw.go.jp/34/index.php?action_kouhyou_detail_004_kani=true&JigyosyoCd=3471510135-00&ServiceCd=110&Type=search", "url2": "https://www.katawara2023.com/" }, "geometry": { "type": "Point", "coordinates": [ 133.3997688, 34.472492 ] } },
{ "type": "Feature", "properties": { "内容": "訪問介護事業所　愛燦燦えきや【訪問介護】広島県福山市駅家町中島1092-1", "url": "https://www.kaigokensaku.mhlw.go.jp/34/index.php?action_kouhyou_detail_004_kani=true&JigyosyoCd=3471510564-00&ServiceCd=110&Type=search", "url2": null }, "geometry": { "type": "Point", "coordinates": [ 133.323444099999989, 34.5522458 ] } },
{ "type": "Feature", "properties": { "内容": "訪問介護ステーションあしすと万能倉【訪問介護】駅家町万能倉1082番地", "url": "https://www.kaigokensaku.mhlw.go.jp/34/index.php?action_kouhyou_detail_004_kani=true&JigyosyoCd=3471510648-00&ServiceCd=110&Type=search", "url2": "https://www.koyama-gr.com/" }, "geometry": { "type": "Point", "coordinates": [ 133.3298055, 34.5458229 ] } },
{ "type": "Feature", "properties": { "内容": "けあさぽ-とろ-ず【訪問介護】広島県福山市新市町新市３００ー1", "url": "https://www.kaigokensaku.mhlw.go.jp/34/index.php?action_kouhyou_detail_004_kani=true&JigyosyoCd=3471510713-00&ServiceCd=110&Type=search", "url2": "https://gack.co.jp/rose/" }, "geometry": { "type": "Point", "coordinates": [ 133.2748523, 34.5512063 ] } },
{ "type": "Feature", "properties": { "内容": "訪問介護ゆうゆう南本庄【訪問介護】広島県福山市南本庄５丁目５番12号", "url": "https://www.kaigokensaku.mhlw.go.jp/34/index.php?action_kouhyou_detail_004_kani=true&JigyosyoCd=3471510754-00&ServiceCd=110&Type=search", "url2": "https://www.careoth-senior.com/yuyu/fa-minamihon/" }, "geometry": { "type": "Point", "coordinates": [ 133.350887208598323, 34.481362678054623 ] } },
{ "type": "Feature", "properties": { "内容": "ヘルパーステーションとも【訪問介護】広島県福山市日吉台２丁目２１番１０号", "url": "https://www.kaigokensaku.mhlw.go.jp/34/index.php?action_kouhyou_detail_004_kani=true&JigyosyoCd=3471510838-00&ServiceCd=110&Type=search", "url2": null }, "geometry": { "type": "Point", "coordinates": [ 133.4048727, 34.5146656 ] } },
{ "type": "Feature", "properties": { "内容": "ヘルパーステーションエスポワール【訪問介護】広島県福山市駅家町倉光５０８－１サンスマイルⅡ　B", "url": "https://www.kaigokensaku.mhlw.go.jp/34/index.php?action_kouhyou_detail_004_kani=true&JigyosyoCd=3471508253-00&ServiceCd=110&Type=search", "url2": null }, "geometry": { "type": "Point", "coordinates": [ 133.322536173124746, 34.54723431708608 ] } },
{ "type": "Feature", "properties": { "内容": "やまびこ訪問介護事業所【訪問介護】広島県福山市神辺町徳田７４４番地１０", "url": "https://www.kaigokensaku.mhlw.go.jp/34/index.php?action_kouhyou_detail_004_kani=true&JigyosyoCd=3471508220-00&ServiceCd=110&Type=search", "url2": null }, "geometry": { "type": "Point", "coordinates": [ 133.372050966259422, 34.551615173085366 ] } },
{ "type": "Feature", "properties": { "内容": "訪問介護リベル福山【訪問介護】広島県福山市南蔵王町3丁目3番31号", "url": "https://www.kaigokensaku.mhlw.go.jp/34/index.php?action_kouhyou_detail_004_kani=true&JigyosyoCd=3471510671-00&ServiceCd=110&Type=search", "url2": null }, "geometry": { "type": "Point", "coordinates": [ 133.3923529, 34.5008527 ] } },
{ "type": "Feature", "properties": { "内容": "ケアサービス府中【訪問介護】府中市府川町89-11", "url": "https://www.kaigokensaku.mhlw.go.jp/34/index.php?action_kouhyou_detail_004_kani=true&JigyosyoCd=3471700389-00&ServiceCd=110&Type=search", "url2": "http://www.alice-japan.co.jp/" }, "geometry": { "type": "Point", "coordinates": [ 133.240615123664838, 34.569660543526432 ] } },
{ "type": "Feature", "properties": { "内容": "府中市社会福祉協議会【訪問介護】府中市広谷町９１９番地３", "url": "https://www.kaigokensaku.mhlw.go.jp/34/index.php?action_kouhyou_detail_004_kani=true&JigyosyoCd=3471700025-00&ServiceCd=110&Type=search", "url2": "http://fuchu-shakyo.or.jp/" }, "geometry": { "type": "Point", "coordinates": [ 133.256994500000019, 34.5644254 ] } },
{ "type": "Feature", "properties": { "内容": "府中北市民病院訪問介護事業所ささえ【訪問介護】広島県府中市上下町上下2101番地", "url": "https://www.kaigokensaku.mhlw.go.jp/34/index.php?action_kouhyou_detail_004_kani=true&JigyosyoCd=3471701015-00&ServiceCd=110&Type=search", "url2": "https://kitashimin.fuchuhp.jp" }, "geometry": { "type": "Point", "coordinates": [ 133.119983864804084, 34.696684210665843 ] } },
{ "type": "Feature", "properties": { "内容": "府中市社協上下居宅サービス事業所【訪問介護】府中市上下町上下869-5", "url": "https://www.kaigokensaku.mhlw.go.jp/34/index.php?action_kouhyou_detail_004_kani=true&JigyosyoCd=3474700071-00&ServiceCd=110&Type=search", "url2": null }, "geometry": { "type": "Point", "coordinates": [ 133.1160109, 34.6954095 ] } },
{ "type": "Feature", "properties": { "内容": "ヘルパーステーション　あいあい府中駅西【訪問介護】府中市府中町１０２－１", "url": "https://www.kaigokensaku.mhlw.go.jp/34/index.php?action_kouhyou_detail_004_kani=true&JigyosyoCd=3471700819-00&ServiceCd=110&Type=search", "url2": "https://www.bingokai.net/" }, "geometry": { "type": "Point", "coordinates": [ 133.234352899999976, 34.5711144 ] } },
{ "type": "Feature", "properties": { "内容": "アシナヘルパーステーション【訪問介護】府中市鵜飼町700-8", "url": "https://www.kaigokensaku.mhlw.go.jp/34/index.php?action_kouhyou_detail_004_kani=true&JigyosyoCd=3471700249-00&ServiceCd=110&Type=search", "url2": "https://www.ashinatransit.co.jp/helperstation/" }, "geometry": { "type": "Point", "coordinates": [ 133.250439198147546, 34.565245150156571 ] } },
{ "type": "Feature", "properties": { "内容": "ケアサポートセンターのぞみ【訪問介護】府中市鵜飼町532－3", "url": "https://www.kaigokensaku.mhlw.go.jp/34/index.php?action_kouhyou_detail_004_kani=true&JigyosyoCd=3471700637-00&ServiceCd=110&Type=search", "url2": null }, "geometry": { "type": "Point", "coordinates": [ 133.234026299999982, 34.5699714 ] } },
{ "type": "Feature", "properties": { "内容": "ヘルパーステーションつなぐ【訪問介護】広島県府中市父石町313-1", "url": "https://www.kaigokensaku.mhlw.go.jp/34/index.php?action_kouhyou_detail_004_kani=true&JigyosyoCd=3471700975-00&ServiceCd=110&Type=search", "url2": null }, "geometry": { "type": "Point", "coordinates": [ 133.210167288780212, 34.556600568779025 ] } },
{ "type": "Feature", "properties": { "内容": "ニチイケアセンター三次【訪問介護】三次市十日市南1丁目6-7アナダビル1階", "url": "https://www.kaigokensaku.mhlw.go.jp/34/index.php?action_kouhyou_detail_004_kani=true&JigyosyoCd=3471900088-00&ServiceCd=110&Type=search", "url2": "http://www.nichiigakkan.co.jp" }, "geometry": { "type": "Point", "coordinates": [ 132.859999300000027, 34.80369 ] } },
{ "type": "Feature", "properties": { "内容": "ヘルパーステーションルンビニ【訪問介護】三次市十日市南４－５－５", "url": "https://www.kaigokensaku.mhlw.go.jp/34/index.php?action_kouhyou_detail_004_kani=true&JigyosyoCd=3471900153-00&ServiceCd=110&Type=search", "url2": "http://jishokai.jp/" }, "geometry": { "type": "Point", "coordinates": [ 132.85810140000001, 34.7988303 ] } },
{ "type": "Feature", "properties": { "内容": "サンキ・ウエルビィ介護センター三次【訪問介護】広島県三次市十日市中2-13-15", "url": "https://www.kaigokensaku.mhlw.go.jp/34/index.php?action_kouhyou_detail_004_kani=true&JigyosyoCd=3471900740-00&ServiceCd=110&Type=search", "url2": null }, "geometry": { "type": "Point", "coordinates": [ 132.849290800000063, 34.8065375 ] } },
{ "type": "Feature", "properties": { "内容": "ホームヘルプセンター　みよし【訪問介護】三次市日下町143番地1", "url": "https://www.kaigokensaku.mhlw.go.jp/34/index.php?action_kouhyou_detail_004_kani=true&JigyosyoCd=3471900138-00&ServiceCd=110&Type=search", "url2": null }, "geometry": { "type": "Point", "coordinates": [ 132.819615500000026, 34.8188268 ] } },
{ "type": "Feature", "properties": { "内容": "ホームヘルプセンターみよし南【訪問介護】三次市吉舎町吉舎７２３番地１", "url": "https://www.kaigokensaku.mhlw.go.jp/34/index.php?action_kouhyou_detail_004_kani=true&JigyosyoCd=3474800277-00&ServiceCd=110&Type=search", "url2": null }, "geometry": { "type": "Point", "coordinates": [ 132.993720078015173, 34.718451685384885 ] } },
{ "type": "Feature", "properties": { "内容": "JAひろしま三次訪問介護事業所【訪問介護】広島県三次市十日市東三丁目１番１号", "url": "https://www.kaigokensaku.mhlw.go.jp/34/index.php?action_kouhyou_detail_004_kani=true&JigyosyoCd=3471901268-00&ServiceCd=110&Type=search", "url2": "https://www.jahiroshima.or.jp" }, "geometry": { "type": "Point", "coordinates": [ 132.859866, 34.8067662 ] } },
{ "type": "Feature", "properties": { "内容": "美山荘訪問介護事業所【訪問介護】三次市甲奴町本郷１７０７番地１", "url": "https://www.kaigokensaku.mhlw.go.jp/34/index.php?action_kouhyou_detail_004_kani=true&JigyosyoCd=3474700196-00&ServiceCd=110&Type=search", "url2": "http://miyamasou.com" }, "geometry": { "type": "Point", "coordinates": [ 133.0821952, 34.6970757 ] } },
{ "type": "Feature", "properties": { "内容": "ヘルパーステーション　スマイル【訪問介護】広島県三次市三和町下板木10685", "url": "https://www.kaigokensaku.mhlw.go.jp/34/index.php?action_kouhyou_detail_004_kani=true&JigyosyoCd=3474800301-00&ServiceCd=110&Type=search", "url2": "http://www.miwakai-kirakuen.or.jp/" }, "geometry": { "type": "Point", "coordinates": [ 132.838944794442824, 34.686126322560206 ] } },
{ "type": "Feature", "properties": { "内容": "ヘルパーステーションウイズ【訪問介護】広島県三次市三良坂町田利261-5", "url": "https://www.kaigokensaku.mhlw.go.jp/34/index.php?action_kouhyou_detail_004_kani=true&JigyosyoCd=3471901037-00&ServiceCd=110&Type=search", "url2": null }, "geometry": { "type": "Point", "coordinates": [ 132.960613299999977, 34.7867361 ] } },
{ "type": "Feature", "properties": { "内容": "ケイシンケアセンター訪問介護事業所【訪問介護】三次市高杉町1245番地", "url": "https://www.kaigokensaku.mhlw.go.jp/34/index.php?action_kouhyou_detail_004_kani=true&JigyosyoCd=3471900468-00&ServiceCd=110&Type=search", "url2": "https://keishin-care.com/" }, "geometry": { "type": "Point", "coordinates": [ 132.903483129755813, 34.780722787593689 ] } },
{ "type": "Feature", "properties": { "内容": "水明園訪問介護事業所【訪問介護】広島県三次市南畑敷町441番地", "url": "https://www.kaigokensaku.mhlw.go.jp/34/index.php?action_kouhyou_detail_004_kani=true&JigyosyoCd=3471900708-00&ServiceCd=110&Type=search", "url2": "http://suimeikai.org/" }, "geometry": { "type": "Point", "coordinates": [ 132.8779733, 34.805727 ] } },
{ "type": "Feature", "properties": { "内容": "訪問介護事業所　とんからり三次【訪問介護】広島県三次市三次町1232番地", "url": "https://www.kaigokensaku.mhlw.go.jp/34/index.php?action_kouhyou_detail_004_kani=true&JigyosyoCd=3471901029-00&ServiceCd=110&Type=search", "url2": null }, "geometry": { "type": "Point", "coordinates": [ 132.848079699999971, 34.8112508 ] } },
{ "type": "Feature", "properties": { "内容": "訪問介護事業所相扶園【訪問介護】庄原市尾引町263番地2", "url": "https://www.kaigokensaku.mhlw.go.jp/34/index.php?action_kouhyou_detail_004_kani=true&JigyosyoCd=3472100100-00&ServiceCd=110&Type=search", "url2": "http://www.soufuen.or.jp" }, "geometry": { "type": "Point", "coordinates": [ 132.936367799999971, 34.8159126 ] } },
{ "type": "Feature", "properties": { "内容": "庄原市社協訪問介護事業所なごみ【訪問介護】庄原市西本町四丁目５番2６号", "url": "https://www.kaigokensaku.mhlw.go.jp/34/index.php?action_kouhyou_detail_004_kani=true&JigyosyoCd=3472100415-00&ServiceCd=110&Type=search", "url2": "http://shakyoshobara-city.or.jp/" }, "geometry": { "type": "Point", "coordinates": [ 133.009464699999967, 34.8576508 ] } },
{ "type": "Feature", "properties": { "内容": "ヘルパーステーションありす【訪問介護】庄原市東城町川西1332番地5", "url": "https://www.kaigokensaku.mhlw.go.jp/34/index.php?action_kouhyou_detail_004_kani=true&JigyosyoCd=3472100456-00&ServiceCd=110&Type=search", "url2": "http://www.alice.or.jp/" }, "geometry": { "type": "Point", "coordinates": [ 133.260678061049703, 34.910458148505057 ] } },
{ "type": "Feature", "properties": { "内容": "訪問介護事業所ユーシャイン【訪問介護】広島県庄原市総領町中領家476番地", "url": "https://www.kaigokensaku.mhlw.go.jp/34/index.php?action_kouhyou_detail_004_kani=true&JigyosyoCd=3474700121-00&ServiceCd=110&Type=search", "url2": "https://www.yuukifukushikai.com/" }, "geometry": { "type": "Point", "coordinates": [ 133.1070102, 34.7932239 ] } },
{ "type": "Feature", "properties": { "内容": "庄原市社協訪問介護事業所ゆるり【訪問介護】庄原市口和町永田415番地4", "url": "https://www.kaigokensaku.mhlw.go.jp/34/index.php?action_kouhyou_detail_004_kani=true&JigyosyoCd=3474900176-00&ServiceCd=110&Type=search", "url2": "http://www.shakyoshobara-city.or.jp" }, "geometry": { "type": "Point", "coordinates": [ 132.917532400000027, 34.8878659 ] } },
{ "type": "Feature", "properties": { "内容": "庄原市社協訪問介護事業所みらい【訪問介護】庄原市高野町新市1150-1", "url": "https://www.kaigokensaku.mhlw.go.jp/34/index.php?action_kouhyou_detail_004_kani=true&JigyosyoCd=3474900192-00&ServiceCd=110&Type=search", "url2": "http://www.shakyoshobara-city.or.jp" }, "geometry": { "type": "Point", "coordinates": [ 132.905686599999967, 35.0322603 ] } },
{ "type": "Feature", "properties": { "内容": "庄原市社協訪問介護事業所ほほえみ【訪問介護】庄原市東城町川東1175番地", "url": "https://www.kaigokensaku.mhlw.go.jp/34/index.php?action_kouhyou_detail_004_kani=true&JigyosyoCd=3474900234-00&ServiceCd=110&Type=search", "url2": "http://www.shakyoshobara-city.or.jp" }, "geometry": { "type": "Point", "coordinates": [ 133.276328899999953, 34.8948724 ] } },
{ "type": "Feature", "properties": { "内容": "庄原市社協訪問介護事業所ほのか【訪問介護】広島県庄原市西城町中野1339番地", "url": "https://www.kaigokensaku.mhlw.go.jp/34/index.php?action_kouhyou_detail_004_kani=true&JigyosyoCd=3474900366-00&ServiceCd=110&Type=search", "url2": "http://www.shakyoshobara-city.or.jp" }, "geometry": { "type": "Point", "coordinates": [ 133.1158322, 34.939795 ] } },
{ "type": "Feature", "properties": { "内容": "ハピネスヒル指定訪問介護事業所【訪問介護】庄原市掛田町542番地1", "url": "https://www.kaigokensaku.mhlw.go.jp/34/index.php?action_kouhyou_detail_004_kani=true&JigyosyoCd=3472100142-00&ServiceCd=110&Type=search", "url2": null }, "geometry": { "type": "Point", "coordinates": [ 133.001562799999988, 34.8657302 ] } },
{ "type": "Feature", "properties": { "内容": "JAひろしま庄原訪問介護事業所【訪問介護】広島県庄原市西本町二丁目14番1号", "url": "https://www.kaigokensaku.mhlw.go.jp/34/index.php?action_kouhyou_detail_004_kani=true&JigyosyoCd=3472100639-00&ServiceCd=110&Type=search", "url2": "https://www.jahiroshima.or.jp" }, "geometry": { "type": "Point", "coordinates": [ 133.0117842, 34.854824 ] } },
{ "type": "Feature", "properties": { "内容": "こぶしの里訪問介護事業所【訪問介護】広島県庄原市東城町川東152-4", "url": "https://www.kaigokensaku.mhlw.go.jp/34/index.php?action_kouhyou_detail_004_kani=true&JigyosyoCd=3472100688-00&ServiceCd=110&Type=search", "url2": "https://keijinkai-swc.or.jp/" }, "geometry": { "type": "Point", "coordinates": [ 133.2741411, 34.9021028 ] } },
{ "type": "Feature", "properties": { "内容": "訪問介護事業所ＨＥＲＯＥＳ【訪問介護】広島県大竹市元町二丁目４－１８", "url": "https://www.kaigokensaku.mhlw.go.jp/34/index.php?action_kouhyou_detail_004_kani=true&JigyosyoCd=3472300494-00&ServiceCd=110&Type=search", "url2": null }, "geometry": { "type": "Point", "coordinates": [ 132.212936, 34.2047348 ] } },
{ "type": "Feature", "properties": { "内容": "大竹市医師会ヘルパーステーションコスモス【訪問介護】大竹市油見3丁目6番8号", "url": "https://www.kaigokensaku.mhlw.go.jp/34/index.php?action_kouhyou_detail_004_kani=true&JigyosyoCd=3472300148-00&ServiceCd=110&Type=search", "url2": "https://otake-med.org/facilityinfo/helperstation.php" }, "geometry": { "type": "Point", "coordinates": [ 132.2205348, 34.2185373 ] } },
{ "type": "Feature", "properties": { "内容": "けあビジョンホーム大竹訪問介護【訪問介護】広島県大竹市松ヶ原町２１５－１", "url": "https://www.kaigokensaku.mhlw.go.jp/34/index.php?action_kouhyou_detail_004_kani=true&JigyosyoCd=3472300486-00&ServiceCd=110&Type=search", "url2": null }, "geometry": { "type": "Point", "coordinates": [ 132.2221691, 34.2376953 ] } },
{ "type": "Feature", "properties": { "内容": "大竹市社協訪問介護事業所【訪問介護】広島県大竹市西栄2丁目4-1", "url": "https://www.kaigokensaku.mhlw.go.jp/34/index.php?action_kouhyou_detail_004_kani=true&JigyosyoCd=3472300189-00&ServiceCd=110&Type=search", "url2": "http://www.otake-shakyo.or.jp" }, "geometry": { "type": "Point", "coordinates": [ 132.225726, 34.2202261 ] } },
{ "type": "Feature", "properties": { "内容": "ヘルパーステーション愛【訪問介護】大竹市南栄2丁目3-1", "url": "https://www.kaigokensaku.mhlw.go.jp/34/index.php?action_kouhyou_detail_004_kani=true&JigyosyoCd=3472300239-00&ServiceCd=110&Type=search", "url2": null }, "geometry": { "type": "Point", "coordinates": [ 132.22756789999994, 34.2140211 ] } },
{ "type": "Feature", "properties": { "内容": "希望の杜さかえ訪問介護事業所【訪問介護】広島県大竹市北栄３番２１号", "url": "https://www.kaigokensaku.mhlw.go.jp/34/index.php?action_kouhyou_detail_004_kani=true&JigyosyoCd=3472300429-00&ServiceCd=110&Type=search", "url2": "https://kibounomori.net/" }, "geometry": { "type": "Point", "coordinates": [ 132.224284255434554, 34.220786001613675 ] } },
{ "type": "Feature", "properties": { "内容": "HomeCareServiceMIYABI【訪問介護】広島県大竹市立戸１丁目９番２６号メゾン立戸１０１号室", "url": "https://www.kaigokensaku.mhlw.go.jp/34/index.php?action_kouhyou_detail_004_kani=true&JigyosyoCd=3472300502-00&ServiceCd=110&Type=search", "url2": null }, "geometry": { "type": "Point", "coordinates": [ 132.21828880000001, 34.2236212 ] } },
{ "type": "Feature", "properties": { "内容": "おらんぢゅ【訪問介護】広島県東広島市西条町田口2940番地18ビルディングＭＧ103", "url": "https://www.kaigokensaku.mhlw.go.jp/34/index.php?action_kouhyou_detail_004_kani=true&JigyosyoCd=3472502685-00&ServiceCd=110&Type=search", "url2": null }, "geometry": { "type": "Point", "coordinates": [ 132.737472499999967, 34.3880761 ] } },
{ "type": "Feature", "properties": { "内容": "土屋訪問介護事業所東広島センター【訪問介護】広島県東広島市西条西本町21番35号プライム西本町2階6号室", "url": "https://www.kaigokensaku.mhlw.go.jp/34/index.php?action_kouhyou_detail_004_kani=true&JigyosyoCd=3472503204-00&ServiceCd=110&Type=search", "url2": null }, "geometry": { "type": "Point", "coordinates": [ 132.737725399999988, 34.4264639 ] } },
{ "type": "Feature", "properties": { "内容": "特定非営利活動法人陽だまり訪問介護事業所【訪問介護】東広島市西条中央7丁目17-35あきコーポ101", "url": "https://www.kaigokensaku.mhlw.go.jp/34/index.php?action_kouhyou_detail_004_kani=true&JigyosyoCd=3472500994-00&ServiceCd=110&Type=search", "url2": "http://www.npo-hidamari.or.jp" }, "geometry": { "type": "Point", "coordinates": [ 132.734489008598274, 34.419821078101471 ] } },
{ "type": "Feature", "properties": { "内容": "ヘルパーステーション縁【訪問介護】広島県東広島市西条町田口189-42みのりハイツ103号", "url": "https://www.kaigokensaku.mhlw.go.jp/34/index.php?action_kouhyou_detail_004_kani=true&JigyosyoCd=3472503246-00&ServiceCd=110&Type=search", "url2": null }, "geometry": { "type": "Point", "coordinates": [ 132.740379072212846, 34.384487435147008 ] } },
{ "type": "Feature", "properties": { "内容": "ヘルパーカンパニー真（sana）【訪問介護】広島県東広島市西条町寺家6398-7エクセレスC101", "url": "https://www.kaigokensaku.mhlw.go.jp/34/index.php?action_kouhyou_detail_004_kani=true&JigyosyoCd=3472503261-00&ServiceCd=110&Type=search", "url2": null }, "geometry": { "type": "Point", "coordinates": [ 132.73123720000001, 34.4318932 ] } },
{ "type": "Feature", "properties": { "内容": "縁訪問介護事業所【訪問介護】広島県東広島市西条町田口２９３１番地４２ＲＳ２Ｆ", "url": "https://www.kaigokensaku.mhlw.go.jp/34/index.php?action_kouhyou_detail_004_kani=true&JigyosyoCd=3472503279-00&ServiceCd=110&Type=search", "url2": null }, "geometry": { "type": "Point", "coordinates": [ 132.7376121, 34.3887047 ] } },
{ "type": "Feature", "properties": { "内容": "サンキ・ウエルビィ介護センター西条【訪問介護】広島県東広島市西条町下見4360-1", "url": "https://www.kaigokensaku.mhlw.go.jp/34/index.php?action_kouhyou_detail_004_kani=true&JigyosyoCd=3472500564-00&ServiceCd=110&Type=search", "url2": null }, "geometry": { "type": "Point", "coordinates": [ 132.717422767251236, 34.41228492979198 ] } },
{ "type": "Feature", "properties": { "内容": "あきまろ園　訪問介護事業所【訪問介護】広島県東広島市安芸津町風早497番5号", "url": "https://www.kaigokensaku.mhlw.go.jp/34/index.php?action_kouhyou_detail_004_kani=true&JigyosyoCd=3472503154-00&ServiceCd=110&Type=search", "url2": "http://www.hakujukai.jp/" }, "geometry": { "type": "Point", "coordinates": [ 132.7852672, 34.316396 ] } },
{ "type": "Feature", "properties": { "内容": "長寿苑指定訪問介護事業所【訪問介護】東広島市西条町馬木1660番地2", "url": "https://www.kaigokensaku.mhlw.go.jp/34/index.php?action_kouhyou_detail_004_kani=true&JigyosyoCd=3472500325-00&ServiceCd=110&Type=search", "url2": "https://chojuen.jp" }, "geometry": { "type": "Point", "coordinates": [ 132.720744500000023, 34.3606957 ] } },
{ "type": "Feature", "properties": { "内容": "東広島市社会福祉協議会訪問介護事業所【訪問介護】広島県東広島市西条町土与丸1108番地東広島市総合福祉センター", "url": "https://www.kaigokensaku.mhlw.go.jp/34/index.php?action_kouhyou_detail_004_kani=true&JigyosyoCd=3472500267-00&ServiceCd=110&Type=search", "url2": "https://www.higashihiroshimashi-syakyo.jp/senior/hoken2.html" }, "geometry": { "type": "Point", "coordinates": [ 132.7525508, 34.4249918 ] } },
{ "type": "Feature", "properties": { "内容": "ホームヘルプサービスみその【訪問介護】東広島市高屋町高屋堀3486番地", "url": "https://www.kaigokensaku.mhlw.go.jp/34/index.php?action_kouhyou_detail_004_kani=true&JigyosyoCd=3472500275-00&ServiceCd=110&Type=search", "url2": "https://www.misonoryo.com" }, "geometry": { "type": "Point", "coordinates": [ 132.8104654, 34.4592919 ] } },
{ "type": "Feature", "properties": { "内容": "訪問介護事業所桜が丘保養園【訪問介護】東広島市西条町寺家５９７６番地", "url": "https://www.kaigokensaku.mhlw.go.jp/34/index.php?action_kouhyou_detail_004_kani=true&JigyosyoCd=3472500515-00&ServiceCd=110&Type=search", "url2": "http://www.sakuragaoka.org" }, "geometry": { "type": "Point", "coordinates": [ 132.7358375, 34.4376514 ] } },
{ "type": "Feature", "properties": { "内容": "ヘルパーステーションふるさと【訪問介護】広島県東広島市西条町御薗宇５４８－２", "url": "https://www.kaigokensaku.mhlw.go.jp/34/index.php?action_kouhyou_detail_004_kani=true&JigyosyoCd=3472501448-00&ServiceCd=110&Type=search", "url2": "http://www.furusato-home.com/" }, "geometry": { "type": "Point", "coordinates": [ 132.741427299999941, 34.3978085 ] } },
{ "type": "Feature", "properties": { "内容": "訪問介護事業所　ときわ【訪問介護】広島県東広島市西条西本町24番17号", "url": "https://www.kaigokensaku.mhlw.go.jp/34/index.php?action_kouhyou_detail_004_kani=true&JigyosyoCd=3472501877-00&ServiceCd=110&Type=search", "url2": "http://tokiwadaihome.or.jp/" }, "geometry": { "type": "Point", "coordinates": [ 132.7383993, 34.4279803 ] } },
{ "type": "Feature", "properties": { "内容": "みずほヘルパーステーション【訪問介護】東広島市志和町志和東810番地1", "url": "https://www.kaigokensaku.mhlw.go.jp/34/index.php?action_kouhyou_detail_004_kani=true&JigyosyoCd=3472500390-00&ServiceCd=110&Type=search", "url2": "http://www.mizuho-shiwa.jp" }, "geometry": { "type": "Point", "coordinates": [ 132.676748, 34.4874056 ] } },
{ "type": "Feature", "properties": { "内容": "ハートアンドスマイルあざみ【訪問介護】東広島市河内町入野652-6", "url": "https://www.kaigokensaku.mhlw.go.jp/34/index.php?action_kouhyou_detail_004_kani=true&JigyosyoCd=3472501752-00&ServiceCd=110&Type=search", "url2": null }, "geometry": { "type": "Point", "coordinates": [ 132.85049538400267, 34.461180180761282 ] } },
{ "type": "Feature", "properties": { "内容": "訪問介護ステーション　みなが【訪問介護】広島県東広島市西条町下三永向原10354-1", "url": "https://www.kaigokensaku.mhlw.go.jp/34/index.php?action_kouhyou_detail_004_kani=true&JigyosyoCd=3472502511-00&ServiceCd=110&Type=search", "url2": "http://www.sunclinic.info" }, "geometry": { "type": "Point", "coordinates": [ 132.747655, 34.3892289 ] } },
{ "type": "Feature", "properties": { "内容": "訪問介護事業所elama　寺家駅前【訪問介護】広島県東広島市寺家駅前13番地15号", "url": "https://www.kaigokensaku.mhlw.go.jp/34/index.php?action_kouhyou_detail_004_kani=true&JigyosyoCd=3472502909-00&ServiceCd=110&Type=search", "url2": null }, "geometry": { "type": "Point", "coordinates": [ 132.724037864441812, 34.438967602287171 ] } },
{ "type": "Feature", "properties": { "内容": "ヘルパーステーション　たかやの郷【訪問介護】広島県東広島市高屋町杵原1826番１", "url": "https://www.kaigokensaku.mhlw.go.jp/34/index.php?action_kouhyou_detail_004_kani=true&JigyosyoCd=3472503055-00&ServiceCd=110&Type=search", "url2": "http://www.hmh.or.jp/takaya/" }, "geometry": { "type": "Point", "coordinates": [ 132.785052299999961, 34.4562171 ] } },
{ "type": "Feature", "properties": { "内容": "こころよい訪問介護事業所【訪問介護】広島県東広島市西条町寺家4836番地1コンフォートタウン寺家101号", "url": "https://www.kaigokensaku.mhlw.go.jp/34/index.php?action_kouhyou_detail_004_kani=true&JigyosyoCd=3472503063-00&ServiceCd=110&Type=search", "url2": "https://www.kokoroyoi.net/" }, "geometry": { "type": "Point", "coordinates": [ 132.724291451589977, 34.435632638122421 ] } },
{ "type": "Feature", "properties": { "内容": "まいらいふヘルパーステーション【訪問介護】広島県東広島市西条土与丸５丁目４－３５慶応ビル２－A", "url": "https://www.kaigokensaku.mhlw.go.jp/34/index.php?action_kouhyou_detail_004_kani=true&JigyosyoCd=3472501240-00&ServiceCd=110&Type=search", "url2": null }, "geometry": { "type": "Point", "coordinates": [ 132.753378154483642, 34.430226372900165 ] } },
{ "type": "Feature", "properties": { "内容": "ヘルパーステーション　あい【訪問介護】広島県東広島市西条町吉行97-4", "url": "https://www.kaigokensaku.mhlw.go.jp/34/index.php?action_kouhyou_detail_004_kani=true&JigyosyoCd=3472502248-00&ServiceCd=110&Type=search", "url2": null }, "geometry": { "type": "Point", "coordinates": [ 132.757772324029332, 34.444178783335659 ] } },
{ "type": "Feature", "properties": { "内容": "訪問介護事業所まる【訪問介護】広島県東広島市八本松東3丁目17-27", "url": "https://www.kaigokensaku.mhlw.go.jp/34/index.php?action_kouhyou_detail_004_kani=true&JigyosyoCd=3472502388-00&ServiceCd=110&Type=search", "url2": "https://www.sherpa0214.com" }, "geometry": { "type": "Point", "coordinates": [ 132.707550944458063, 34.444914987146248 ] } },
{ "type": "Feature", "properties": { "内容": "エンジェルアイ有限会社【訪問介護】広島県東広島市八本松町原6959-1", "url": "https://www.kaigokensaku.mhlw.go.jp/34/index.php?action_kouhyou_detail_004_kani=true&JigyosyoCd=3472502743-00&ServiceCd=110&Type=search", "url2": null }, "geometry": { "type": "Point", "coordinates": [ 132.70433, 34.4153588 ] } },
{ "type": "Feature", "properties": { "内容": "訪問介護事業所はぴねす【訪問介護】広島県東広島市西条上市町7-7サンハイツ上市　102号", "url": "https://www.kaigokensaku.mhlw.go.jp/34/index.php?action_kouhyou_detail_004_kani=true&JigyosyoCd=3472502917-00&ServiceCd=110&Type=search", "url2": null }, "geometry": { "type": "Point", "coordinates": [ 132.748506499999962, 34.4264027 ] } },
{ "type": "Feature", "properties": { "内容": "訪問介護事業所　かなで【訪問介護】広島県東広島市西条中央６丁目31-35ウエストポンドビル5階", "url": "https://www.kaigokensaku.mhlw.go.jp/34/index.php?action_kouhyou_detail_004_kani=true&JigyosyoCd=3472503196-00&ServiceCd=110&Type=search", "url2": "http://hp.kaipoke.biz/nnp/index.html" }, "geometry": { "type": "Point", "coordinates": [ 132.736969499999987, 34.4150832 ] } },
{ "type": "Feature", "properties": { "内容": "訪問介護ステーションあおい【訪問介護】広島県東広島市八本松南一丁目13番17号", "url": "https://www.kaigokensaku.mhlw.go.jp/34/index.php?action_kouhyou_detail_004_kani=true&JigyosyoCd=3472503378-00&ServiceCd=110&Type=search", "url2": null }, "geometry": { "type": "Point", "coordinates": [ 132.7012772, 34.4442838 ] } },
{ "type": "Feature", "properties": { "内容": "ケアサポートいろは【訪問介護】広島県東広島市八本松南五丁目2-6第2土肥ビル1階", "url": "https://www.kaigokensaku.mhlw.go.jp/34/index.php?action_kouhyou_detail_004_kani=true&JigyosyoCd=3472503410-00&ServiceCd=110&Type=search", "url2": "https://www.aoiito.com/" }, "geometry": { "type": "Point", "coordinates": [ 132.6960239, 34.4398152 ] } },
{ "type": "Feature", "properties": { "内容": "アイハンド訪問介護【訪問介護】広島県東広島市西条町御薗宇3509番地長者11マンション303号室", "url": "https://www.kaigokensaku.mhlw.go.jp/34/index.php?action_kouhyou_detail_004_kani=true&JigyosyoCd=3472503428-00&ServiceCd=110&Type=search", "url2": null }, "geometry": { "type": "Point", "coordinates": [ 132.7496888, 34.405415099999985 ] } },
{ "type": "Feature", "properties": { "内容": "訪問介護事業所なな【訪問介護】広島県廿日市市宮内一丁目8－18第１峰高ハイツ102号室", "url": "https://www.kaigokensaku.mhlw.go.jp/34/index.php?action_kouhyou_detail_004_kani=true&JigyosyoCd=3472701618-00&ServiceCd=110&Type=search", "url2": null }, "geometry": { "type": "Point", "coordinates": [ 139.643506, 35.593663 ] } },
{ "type": "Feature", "properties": { "内容": "訪問介護いつくしま【訪問介護】広島県廿日市市大野299番地1", "url": "https://www.kaigokensaku.mhlw.go.jp/34/index.php?action_kouhyou_detail_004_kani=true&JigyosyoCd=3472701311-00&ServiceCd=110&Type=search", "url2": "http://sakoju-itsukushima.co.jp" }, "geometry": { "type": "Point", "coordinates": [ 132.293587675185307, 34.311625742997741 ] } },
{ "type": "Feature", "properties": { "内容": "訪問介護事業所　すまいるちーず【訪問介護】広島県廿日市市新宮1-10-53家納喜新宮館306", "url": "https://www.kaigokensaku.mhlw.go.jp/34/index.php?action_kouhyou_detail_004_kani=true&JigyosyoCd=3472702004-00&ServiceCd=110&Type=search", "url2": "https://k-sonlifenet.com/" }, "geometry": { "type": "Point", "coordinates": [ 132.3304487, 34.3517522 ] } },
{ "type": "Feature", "properties": { "内容": "トゥモロー訪問介護センター【訪問介護】広島県廿日市市佐方三丁目１１番５５号", "url": "https://www.kaigokensaku.mhlw.go.jp/34/index.php?action_kouhyou_detail_004_kani=true&JigyosyoCd=3472701527-00&ServiceCd=110&Type=search", "url2": "https://care-net.biz/34/tomorrow/" }, "geometry": { "type": "Point", "coordinates": [ 132.340075699999943, 34.3655478 ] } },
{ "type": "Feature", "properties": { "内容": "あい・のぞみ訪問介護センター【訪問介護】広島県廿日市市佐方二丁目７－２６－１", "url": "https://www.kaigokensaku.mhlw.go.jp/34/index.php?action_kouhyou_detail_004_kani=true&JigyosyoCd=3472701857-00&ServiceCd=110&Type=search", "url2": "http://care-net.biz/34/ainozomi/index.php" }, "geometry": { "type": "Point", "coordinates": [ 132.33769860000001, 34.3658775 ] } },
{ "type": "Feature", "properties": { "内容": "峠ケアセンター訪問介護【訪問介護】広島県廿日市市峠90番地174", "url": "https://www.kaigokensaku.mhlw.go.jp/34/index.php?action_kouhyou_detail_004_kani=true&JigyosyoCd=3472702038-00&ServiceCd=110&Type=search", "url2": "https://hp.kaipoke.biz/gc3/" }, "geometry": { "type": "Point", "coordinates": [ 132.2462032, 34.3586111 ] } },
{ "type": "Feature", "properties": { "内容": "ニチイケアセンター廿日市【訪問介護】広島県廿日市市地御前１丁目４－１７わかみやビル101号室", "url": "https://www.kaigokensaku.mhlw.go.jp/34/index.php?action_kouhyou_detail_004_kani=true&JigyosyoCd=3472700156-00&ServiceCd=110&Type=search", "url2": "http://www.nichiigakkan.co.jp" }, "geometry": { "type": "Point", "coordinates": [ 132.321092144471777, 34.341658762692809 ] } },
{ "type": "Feature", "properties": { "内容": "サンキ・ウエルビィ介護センター廿日市【訪問介護】広島県廿日市市下平良一丁目６－１７", "url": "https://www.kaigokensaku.mhlw.go.jp/34/index.php?action_kouhyou_detail_004_kani=true&JigyosyoCd=3472700784-00&ServiceCd=110&Type=search", "url2": null }, "geometry": { "type": "Point", "coordinates": [ 132.332435700000019, 34.3491216 ] } },
{ "type": "Feature", "properties": { "内容": "エコール在宅介護ステーション廿日市【訪問介護】広島県廿日市市木材港北6番78号", "url": "https://www.kaigokensaku.mhlw.go.jp/34/index.php?action_kouhyou_detail_004_kani=true&JigyosyoCd=3472701378-00&ServiceCd=110&Type=search", "url2": "https://www.nihonkijun.jp/" }, "geometry": { "type": "Point", "coordinates": [ 132.342884419222372, 34.350014505267552 ] } },
{ "type": "Feature", "properties": { "内容": "ニチイケアセンター広島宮内【訪問介護】広島県廿日市市宮内4305-6サンフォーレM・K102号室", "url": "https://www.kaigokensaku.mhlw.go.jp/34/index.php?action_kouhyou_detail_004_kani=true&JigyosyoCd=3472701717-00&ServiceCd=110&Type=search", "url2": "http://www.nichiigakkan.co.jp" }, "geometry": { "type": "Point", "coordinates": [ 132.303959599999985, 34.3438896 ] } },
{ "type": "Feature", "properties": { "内容": "訪問介護事業所第2清鈴園【訪問介護】廿日市市阿品4-51-32", "url": "https://www.kaigokensaku.mhlw.go.jp/34/index.php?action_kouhyou_detail_004_kani=true&JigyosyoCd=3472700164-00&ServiceCd=110&Type=search", "url2": "http://www.carecenter.jp/" }, "geometry": { "type": "Point", "coordinates": [ 132.309799699999985, 34.3189386 ] } },
{ "type": "Feature", "properties": { "内容": "生協ひろしま介護サービス・廿日市【訪問介護】広島県廿日市市大野原1-2-10", "url": "https://www.kaigokensaku.mhlw.go.jp/34/index.php?action_kouhyou_detail_004_kani=true&JigyosyoCd=3472701055-00&ServiceCd=110&Type=search", "url2": null }, "geometry": { "type": "Point", "coordinates": [ 132.271334199999956, 34.2871307 ] } },
{ "type": "Feature", "properties": { "内容": "土谷ヘルパーステーション阿品【訪問介護】廿日市市阿品４丁目５１－１阿品土谷病院", "url": "https://www.kaigokensaku.mhlw.go.jp/34/index.php?action_kouhyou_detail_004_kani=true&JigyosyoCd=3472700099-00&ServiceCd=110&Type=search", "url2": null }, "geometry": { "type": "Point", "coordinates": [ 132.311157397622651, 34.320459394455405 ] } },
{ "type": "Feature", "properties": { "内容": "オムエルヘルパーステーション【訪問介護】廿日市市佐方2丁目11-18", "url": "https://www.kaigokensaku.mhlw.go.jp/34/index.php?action_kouhyou_detail_004_kani=true&JigyosyoCd=3472700370-00&ServiceCd=110&Type=search", "url2": "http://www.omwell.co.jp/" }, "geometry": { "type": "Point", "coordinates": [ 132.33724, 34.3639173 ] } },
{ "type": "Feature", "properties": { "内容": "もみじケア訪問介護事業所【訪問介護】広島県廿日市市廿日市二丁目5番9号", "url": "https://www.kaigokensaku.mhlw.go.jp/34/index.php?action_kouhyou_detail_004_kani=true&JigyosyoCd=3472700552-00&ServiceCd=110&Type=search", "url2": "https://momijicare.co.jp/" }, "geometry": { "type": "Point", "coordinates": [ 132.336982008124295, 34.355150494614705 ] } },
{ "type": "Feature", "properties": { "内容": "さくらすヘルパーステーション【訪問介護】広島県廿日市市丸石二丁目4番30号", "url": "https://www.kaigokensaku.mhlw.go.jp/34/index.php?action_kouhyou_detail_004_kani=true&JigyosyoCd=3472701501-00&ServiceCd=110&Type=search", "url2": "http://sakurasu-ono.jp/" }, "geometry": { "type": "Point", "coordinates": [ 132.260528512828046, 34.274083761953037 ] } },
{ "type": "Feature", "properties": { "内容": "訪問介護事業所やすらぎの刻【訪問介護】広島県廿日市市大野958-1", "url": "https://www.kaigokensaku.mhlw.go.jp/34/index.php?action_kouhyou_detail_004_kani=true&JigyosyoCd=3472701832-00&ServiceCd=110&Type=search", "url2": "https://yasuraginotoki.com/" }, "geometry": { "type": "Point", "coordinates": [ 132.283063299000531, 34.305906811997801 ] } },
{ "type": "Feature", "properties": { "内容": "ヘルパーステーション光の園【訪問介護】広島県廿日市市地御前299番地3", "url": "https://www.kaigokensaku.mhlw.go.jp/34/index.php?action_kouhyou_detail_004_kani=true&JigyosyoCd=3472701972-00&ServiceCd=110&Type=search", "url2": "https://www.misono-j.or.jp/" }, "geometry": { "type": "Point", "coordinates": [ 132.314880100000011, 34.3330263 ] } },
{ "type": "Feature", "properties": { "内容": "ヘルパーステーション光風【訪問介護】広島県廿日市市串戸5丁目11-14光風舎新館", "url": "https://www.kaigokensaku.mhlw.go.jp/34/index.php?action_kouhyou_detail_004_kani=true&JigyosyoCd=3472701675-00&ServiceCd=110&Type=search", "url2": null }, "geometry": { "type": "Point", "coordinates": [ 132.31921710000006, 34.3473721 ] } },
{ "type": "Feature", "properties": { "内容": "グッドタイムサポート・宮島【訪問介護】広島県廿日市市阿品４－５１－２６", "url": "https://www.kaigokensaku.mhlw.go.jp/34/index.php?action_kouhyou_detail_004_kani=true&JigyosyoCd=3472701907-00&ServiceCd=110&Type=search", "url2": "http://sousei-hiroshima.com" }, "geometry": { "type": "Point", "coordinates": [ 132.310212799999988, 34.3193183 ] } },
{ "type": "Feature", "properties": { "内容": "ヘルパーステーションふれあい【訪問介護】廿日市市宮島町960-2", "url": "https://www.kaigokensaku.mhlw.go.jp/34/index.php?action_kouhyou_detail_004_kani=true&JigyosyoCd=3473300758-00&ServiceCd=110&Type=search", "url2": "http://www.imosej.jp/herupa.html" }, "geometry": { "type": "Point", "coordinates": [ 132.274922500000031, 34.2966657 ] } },
{ "type": "Feature", "properties": { "内容": "ヴェリタス訪問介護サービス【訪問介護】広島県廿日市市大野3406番地17", "url": "https://www.kaigokensaku.mhlw.go.jp/34/index.php?action_kouhyou_detail_004_kani=true&JigyosyoCd=3472701964-00&ServiceCd=110&Type=search", "url2": "http://veritas-hiroshima.jp" }, "geometry": { "type": "Point", "coordinates": [ 132.2926636, 34.3012766 ] } },
{ "type": "Feature", "properties": { "内容": "あうる介護サービスセンター【訪問介護】廿日市市下平良１丁目１４番26号", "url": "https://www.kaigokensaku.mhlw.go.jp/34/index.php?action_kouhyou_detail_004_kani=true&JigyosyoCd=3472700321-00&ServiceCd=110&Type=search", "url2": "http://www.kai5.net/" }, "geometry": { "type": "Point", "coordinates": [ 132.334467750404457, 34.348258943749045 ] } },
{ "type": "Feature", "properties": { "内容": "ヘルパーステーション　ケーアイ【訪問介護】廿日市市阿品三丁目１２番８号", "url": "https://www.kaigokensaku.mhlw.go.jp/34/index.php?action_kouhyou_detail_004_kani=true&JigyosyoCd=3472700560-00&ServiceCd=110&Type=search", "url2": null }, "geometry": { "type": "Point", "coordinates": [ 132.3131022, 34.3183638 ] } },
{ "type": "Feature", "properties": { "内容": "サンレイ訪問介護事業所【訪問介護】広島県廿日市市新宮2丁目1番3-1号", "url": "https://www.kaigokensaku.mhlw.go.jp/34/index.php?action_kouhyou_detail_004_kani=true&JigyosyoCd=3472700685-00&ServiceCd=110&Type=search", "url2": "http://sanrei-kaigo.com" }, "geometry": { "type": "Point", "coordinates": [ 132.330030880734313, 34.353649980473335 ] } },
{ "type": "Feature", "properties": { "内容": "株式会社　アッシュ【訪問介護】廿日市市新宮1-2-14", "url": "https://www.kaigokensaku.mhlw.go.jp/34/index.php?action_kouhyou_detail_004_kani=true&JigyosyoCd=3472700966-00&ServiceCd=110&Type=search", "url2": null }, "geometry": { "type": "Point", "coordinates": [ 132.338617699999986, 34.3629313 ] } },
{ "type": "Feature", "properties": { "内容": "エイトケア廿日市【訪問介護】広島県廿日市市宮内四丁目22番1号サンローレル宮内B棟103号室", "url": "https://www.kaigokensaku.mhlw.go.jp/34/index.php?action_kouhyou_detail_004_kani=true&JigyosyoCd=3472701949-00&ServiceCd=110&Type=search", "url2": null }, "geometry": { "type": "Point", "coordinates": [ 132.310664300000013, 34.3516798 ] } },
{ "type": "Feature", "properties": { "内容": "ヘルパーステーション宮島【訪問介護】広島県廿日市市深江2丁目12-31サービス付き高齢者向け住宅　クラシオン宮島", "url": "https://www.kaigokensaku.mhlw.go.jp/34/index.php?action_kouhyou_detail_004_kani=true&JigyosyoCd=3472702012-00&ServiceCd=110&Type=search", "url2": "http://curacion.life" }, "geometry": { "type": "Point", "coordinates": [ 132.2959711, 34.3085689 ] } },
{ "type": "Feature", "properties": { "内容": "LGSTYLE訪問介護センター【訪問介護】広島県廿日市市大野67番1住宅型有料老人ホーム「LGHOME」2階", "url": "https://www.kaigokensaku.mhlw.go.jp/34/index.php?action_kouhyou_detail_004_kani=true&JigyosyoCd=3472702095-00&ServiceCd=110&Type=search", "url2": null }, "geometry": { "type": "Point", "coordinates": [ 132.2904433, 34.326413 ] } },
{ "type": "Feature", "properties": { "内容": "百楽荘訪問介護事業所【訪問介護】安芸高田市吉田町吉田1948番地1", "url": "https://www.kaigokensaku.mhlw.go.jp/34/index.php?action_kouhyou_detail_004_kani=true&JigyosyoCd=3473600918-00&ServiceCd=110&Type=search", "url2": "http://www.seifu-kai.org/" }, "geometry": { "type": "Point", "coordinates": [ 132.710389869311484, 34.667412522670425 ] } },
{ "type": "Feature", "properties": { "内容": "JAひろしま安芸高田訪問介護事業所【訪問介護】広島県安芸高田市美土里町横田1476番地3", "url": "https://www.kaigokensaku.mhlw.go.jp/34/index.php?action_kouhyou_detail_004_kani=true&JigyosyoCd=3473600926-00&ServiceCd=110&Type=search", "url2": null }, "geometry": { "type": "Point", "coordinates": [ 132.6590883, 34.722418 ] } },
{ "type": "Feature", "properties": { "内容": "レークサイド土師訪問介護事業所【訪問介護】広島県安芸高田市八千代町土師12251-1", "url": "https://www.kaigokensaku.mhlw.go.jp/34/index.php?action_kouhyou_detail_004_kani=true&JigyosyoCd=3473600132-00&ServiceCd=110&Type=search", "url2": "https://lakehaji.jp" }, "geometry": { "type": "Point", "coordinates": [ 132.60620320000001, 34.6484308 ] } },
{ "type": "Feature", "properties": { "内容": "安芸高田市社会福祉協議会訪問介護事業所【訪問介護】広島県安芸高田市吉田町常友1564番地2安芸高田市保健センター内", "url": "https://www.kaigokensaku.mhlw.go.jp/34/index.php?action_kouhyou_detail_004_kani=true&JigyosyoCd=3473600744-00&ServiceCd=110&Type=search", "url2": "http://www.akisha.jp/" }, "geometry": { "type": "Point", "coordinates": [ 132.699693511639424, 34.661519579408925 ] } },
{ "type": "Feature", "properties": { "内容": "メリィヘルパーセンター八千代【訪問介護】広島県安芸高田市八千代町勝田459有料老人ホームメリィハウス八千代　4Ｆ", "url": "https://www.kaigokensaku.mhlw.go.jp/34/index.php?action_kouhyou_detail_004_kani=true&JigyosyoCd=3473600785-00&ServiceCd=110&Type=search", "url2": null }, "geometry": { "type": "Point", "coordinates": [ 132.6239878, 34.6376771 ] } },
{ "type": "Feature", "properties": { "内容": "ホームヘルパーセンター江能【訪問介護】江田島市大柿町飛渡瀬４０２２番地", "url": "https://www.kaigokensaku.mhlw.go.jp/34/index.php?action_kouhyou_detail_004_kani=true&JigyosyoCd=3473300311-00&ServiceCd=110&Type=search", "url2": "http://enou01.com/" }, "geometry": { "type": "Point", "coordinates": [ 132.4665837, 34.2145896 ] } },
{ "type": "Feature", "properties": { "内容": "江田島市社協訪問介護事業所【訪問介護】江田島市能美町鹿川2060番地", "url": "https://www.kaigokensaku.mhlw.go.jp/34/index.php?action_kouhyou_detail_004_kani=true&JigyosyoCd=3473300170-00&ServiceCd=110&Type=search", "url2": "http://etajima-syakyo.org/" }, "geometry": { "type": "Point", "coordinates": [ 132.442939920901495, 34.211082021917626 ] } },
{ "type": "Feature", "properties": { "内容": "さくら・介護ステーション江田島【訪問介護】広島県江田島市大柿町大原1654番地", "url": "https://www.kaigokensaku.mhlw.go.jp/34/index.php?action_kouhyou_detail_004_kani=true&JigyosyoCd=3475000091-00&ServiceCd=110&Type=search", "url2": null }, "geometry": { "type": "Point", "coordinates": [ 132.465421200000037, 34.1715448 ] } },
{ "type": "Feature", "properties": { "内容": "ヘルパーステーションさこだ【訪問介護】広島県江田島市沖美町三吉919-1", "url": "https://www.kaigokensaku.mhlw.go.jp/34/index.php?action_kouhyou_detail_004_kani=true&JigyosyoCd=3475000166-00&ServiceCd=110&Type=search", "url2": null }, "geometry": { "type": "Point", "coordinates": [ 132.407257399999907, 34.2505984 ] } },
{ "type": "Feature", "properties": { "内容": "ヘルパーステーションチェリーゴード【訪問介護】広島県安芸郡府中町柳ヶ丘40番12号", "url": "https://www.kaigokensaku.mhlw.go.jp/34/index.php?action_kouhyou_detail_004_kani=true&JigyosyoCd=3473200172-00&ServiceCd=110&Type=search", "url2": "http://www.fig-g.jp/cherry/" }, "geometry": { "type": "Point", "coordinates": [ 132.513225548934969, 34.382336877464581 ] } },
{ "type": "Feature", "properties": { "内容": "ニチイケアセンター向洋【訪問介護】広島県安芸郡府中町桃山1丁目１番10号小川ビル2Ｆ", "url": "https://www.kaigokensaku.mhlw.go.jp/34/index.php?action_kouhyou_detail_004_kani=true&JigyosyoCd=3473200420-00&ServiceCd=110&Type=search", "url2": "http://www.nichiigakkan.co.jp" }, "geometry": { "type": "Point", "coordinates": [ 132.506951299999969, 34.3803137 ] } },
{ "type": "Feature", "properties": { "内容": "ヘルパーステーションカープ広島【訪問介護】広島県安芸郡府中町茂陰1丁目10-21", "url": "https://www.kaigokensaku.mhlw.go.jp/34/index.php?action_kouhyou_detail_004_kani=true&JigyosyoCd=3473201154-00&ServiceCd=110&Type=search", "url2": null }, "geometry": { "type": "Point", "coordinates": [ 132.501860599999986, 34.3882841 ] } },
{ "type": "Feature", "properties": { "内容": "府中町ホームヘルプセンターふれあい【訪問介護】広島県安芸郡府中町浜田本町５－２５マエダハウジング府中町ふれあい福祉センター", "url": "https://www.kaigokensaku.mhlw.go.jp/34/index.php?action_kouhyou_detail_004_kani=true&JigyosyoCd=3473200156-00&ServiceCd=110&Type=search", "url2": "http://akifuchu-shakyo.jp/" }, "geometry": { "type": "Point", "coordinates": [ 132.509484899999961, 34.3890148 ] } },
{ "type": "Feature", "properties": { "内容": "カルナー・ヘルパーステーション【訪問介護】広島県安芸郡府中町柳ヶ丘86番4号", "url": "https://www.kaigokensaku.mhlw.go.jp/34/index.php?action_kouhyou_detail_004_kani=true&JigyosyoCd=3473200370-00&ServiceCd=110&Type=search", "url2": null }, "geometry": { "type": "Point", "coordinates": [ 132.515004099999942, 34.3800577 ] } },
{ "type": "Feature", "properties": { "内容": "株式会社河村福祉サービス府中【訪問介護】広島県安芸郡府中町鶴江2-2-6アヴィラージュ広島府中", "url": "https://www.kaigokensaku.mhlw.go.jp/34/index.php?action_kouhyou_detail_004_kani=true&JigyosyoCd=3473201097-00&ServiceCd=110&Type=search", "url2": "http://www.kawamura-fs.com/company.html" }, "geometry": { "type": "Point", "coordinates": [ 132.506529199999932, 34.4037046 ] } },
{ "type": "Feature", "properties": { "内容": "マグネット【訪問介護】広島県安芸郡府中町浜田本町4番3号", "url": "https://www.kaigokensaku.mhlw.go.jp/34/index.php?action_kouhyou_detail_004_kani=true&JigyosyoCd=3473201220-00&ServiceCd=110&Type=search", "url2": "https://www.magunet.co.jp/home-care/#home-care02" }, "geometry": { "type": "Point", "coordinates": [ 132.5082835, 34.3897163 ] } },
{ "type": "Feature", "properties": { "内容": "ケアセンターふたば【訪問介護】広島県安芸郡府中町浜田三丁目8番15-301号", "url": "https://www.kaigokensaku.mhlw.go.jp/34/index.php?action_kouhyou_detail_004_kani=true&JigyosyoCd=3473201238-00&ServiceCd=110&Type=search", "url2": "https://care-futaba.com" }, "geometry": { "type": "Point", "coordinates": [ 132.510363, 34.3858658 ] } },
{ "type": "Feature", "properties": { "内容": "ニックス訪問介護事業所【訪問介護】広島県安芸郡府中町瀬戸ハイム3丁目16-2", "url": "https://www.kaigokensaku.mhlw.go.jp/34/index.php?action_kouhyou_detail_004_kani=true&JigyosyoCd=3473200099-00&ServiceCd=110&Type=search", "url2": "http://www.nix-net.co.jp/index.html" }, "geometry": { "type": "Point", "coordinates": [ 132.517571891240436, 34.391784259518431 ] } },
{ "type": "Feature", "properties": { "内容": "安芸地区医師会ホームヘルパーステーション【訪問介護】広島県安芸郡海田町栄町5番13号", "url": "https://www.kaigokensaku.mhlw.go.jp/34/index.php?action_kouhyou_detail_004_kani=true&JigyosyoCd=3473200107-00&ServiceCd=110&Type=search", "url2": "http://www.aki.hiroshima.med.or.jp" }, "geometry": { "type": "Point", "coordinates": [ 132.534908399999949, 34.3612768 ] } },
{ "type": "Feature", "properties": { "内容": "訪問介護事業所エバーグリーン【訪問介護】広島県安芸郡海田町東二丁目８番６号", "url": "https://www.kaigokensaku.mhlw.go.jp/34/index.php?action_kouhyou_detail_004_kani=true&JigyosyoCd=3473200222-00&ServiceCd=110&Type=search", "url2": null }, "geometry": { "type": "Point", "coordinates": [ 132.5599115, 34.3653875 ] } },
{ "type": "Feature", "properties": { "内容": "株式会社広島福祉サービス訪問介護事業部【訪問介護】広島県安芸郡海田町大正町2-22", "url": "https://www.kaigokensaku.mhlw.go.jp/34/index.php?action_kouhyou_detail_004_kani=true&JigyosyoCd=3473200149-00&ServiceCd=110&Type=search", "url2": "https://www.h-fukushi.net/" }, "geometry": { "type": "Point", "coordinates": [ 132.532283399999983, 34.3697508 ] } },
{ "type": "Feature", "properties": { "内容": "ヘルパーステーション　お陽さま【訪問介護】広島県安芸郡海田町中店１３－１４中店Ⅰ店舗１階右側号室", "url": "https://www.kaigokensaku.mhlw.go.jp/34/index.php?action_kouhyou_detail_004_kani=true&JigyosyoCd=3473200768-00&ServiceCd=110&Type=search", "url2": null }, "geometry": { "type": "Point", "coordinates": [ 132.532770622298386, 34.37201856748608 ] } },
{ "type": "Feature", "properties": { "内容": "訪問介護事業所よおむ【訪問介護】広島県安芸郡海田町畝１－２１－６－７", "url": "https://www.kaigokensaku.mhlw.go.jp/34/index.php?action_kouhyou_detail_004_kani=true&JigyosyoCd=3473200966-00&ServiceCd=110&Type=search", "url2": "https://yoom2013.net/" }, "geometry": { "type": "Point", "coordinates": [ 132.5469958, 34.3765527 ] } },
{ "type": "Feature", "properties": { "内容": "訪問介護事業所タイズ【訪問介護】広島県安芸郡海田町畝2丁目12番９号第1唯間ビル202", "url": "https://www.kaigokensaku.mhlw.go.jp/34/index.php?action_kouhyou_detail_004_kani=true&JigyosyoCd=3473201253-00&ServiceCd=110&Type=search", "url2": null }, "geometry": { "type": "Point", "coordinates": [ 132.551879500000013, 34.3805848 ] } },
{ "type": "Feature", "properties": { "内容": "訪問介護事業所　春のこえ安芸【訪問介護】広島県安芸郡海田町新町5-16", "url": "https://www.kaigokensaku.mhlw.go.jp/34/index.php?action_kouhyou_detail_004_kani=true&JigyosyoCd=3473201295-00&ServiceCd=110&Type=search", "url2": null }, "geometry": { "type": "Point", "coordinates": [ 132.531120787117942, 34.374857782878877 ] } },
{ "type": "Feature", "properties": { "内容": "訪問介護事業所　ｍａｎａ【訪問介護】広島県安芸郡熊野町川角5丁目12-3クレール川角101", "url": "https://www.kaigokensaku.mhlw.go.jp/34/index.php?action_kouhyou_detail_004_kani=true&JigyosyoCd=3473101099-00&ServiceCd=110&Type=search", "url2": "https://hnumonkaigo-mana.simdif.com/" }, "geometry": { "type": "Point", "coordinates": [ 132.575563799999969, 34.3230512 ] } },
{ "type": "Feature", "properties": { "内容": "あかさき園　訪問介護事業所【訪問介護】呉市音戸町畑１丁目２番５１号", "url": "https://www.kaigokensaku.mhlw.go.jp/34/index.php?action_kouhyou_detail_004_kani=true&JigyosyoCd=3473100620-00&ServiceCd=110&Type=search", "url2": "http://www.hakujukai.jp" }, "geometry": { "type": "Point", "coordinates": [ 132.533969599999978, 34.1621003 ] } },
{ "type": "Feature", "properties": { "内容": "すみれ介護ステーション【訪問介護】広島県安芸郡熊野町呉地5丁目33番32号", "url": "https://www.kaigokensaku.mhlw.go.jp/34/index.php?action_kouhyou_detail_004_kani=true&JigyosyoCd=3473100943-00&ServiceCd=110&Type=search", "url2": "http://www.care-net.info/" }, "geometry": { "type": "Point", "coordinates": [ 132.580560099999957, 34.3248705 ] } },
{ "type": "Feature", "properties": { "内容": "特定非営利活動法人　芸南たすけあい熊野事業所【訪問介護】広島県安芸郡熊野町神田１４－１０", "url": "https://www.kaigokensaku.mhlw.go.jp/34/index.php?action_kouhyou_detail_004_kani=true&JigyosyoCd=3473100984-00&ServiceCd=110&Type=search", "url2": "http://www.geinan.org" }, "geometry": { "type": "Point", "coordinates": [ 132.5696805, 34.3269977 ] } },
{ "type": "Feature", "properties": { "内容": "熊野町社協訪問介護センター【訪問介護】広島県安芸郡熊野町中溝１丁目１１番１号", "url": "https://www.kaigokensaku.mhlw.go.jp/34/index.php?action_kouhyou_detail_004_kani=true&JigyosyoCd=3473100281-00&ServiceCd=110&Type=search", "url2": "http://park11.wakwak.com/~kumano-shakyo/" }, "geometry": { "type": "Point", "coordinates": [ 132.586550799999941, 34.3357669 ] } },
{ "type": "Feature", "properties": { "内容": "ヘルパーステーションわいず【訪問介護】広島県安芸郡熊野町出来庭三丁目1番7号", "url": "https://www.kaigokensaku.mhlw.go.jp/34/index.php?action_kouhyou_detail_004_kani=true&JigyosyoCd=3473101057-00&ServiceCd=110&Type=search", "url2": null }, "geometry": { "type": "Point", "coordinates": [ 132.569127500000036, 34.33285 ] } },
{ "type": "Feature", "properties": { "内容": "ニチイケアセンターさか【訪問介護】広島県安芸郡坂町坂西2-2-1", "url": "https://www.kaigokensaku.mhlw.go.jp/34/index.php?action_kouhyou_detail_004_kani=true&JigyosyoCd=3473100588-00&ServiceCd=110&Type=search", "url2": "http://www.nichiigakkan.co.jp" }, "geometry": { "type": "Point", "coordinates": [ 132.5157193, 34.3363213 ] } },
{ "type": "Feature", "properties": { "内容": "「たかね荘」ホームヘルプサービス【訪問介護】広島県安芸郡坂町北新地二丁目３番１０号", "url": "https://www.kaigokensaku.mhlw.go.jp/34/index.php?action_kouhyou_detail_004_kani=true&JigyosyoCd=3473100596-00&ServiceCd=110&Type=search", "url2": null }, "geometry": { "type": "Point", "coordinates": [ 132.519518000138874, 34.350408217592005 ] } },
{ "type": "Feature", "properties": { "内容": "坂町訪問介護事業所【訪問介護】広島県安芸郡坂町平成ヶ浜一丁目3番19号", "url": "https://www.kaigokensaku.mhlw.go.jp/34/index.php?action_kouhyou_detail_004_kani=true&JigyosyoCd=3473100273-00&ServiceCd=110&Type=search", "url2": "https://saka-shakyo.com/care.html" }, "geometry": { "type": "Point", "coordinates": [ 132.51337209999997, 34.3432842 ] } },
{ "type": "Feature", "properties": { "内容": "介護タクシーコスモス　訪問介護事業所【訪問介護】広島県安芸郡坂町小屋浦三丁目4番9号", "url": "https://www.kaigokensaku.mhlw.go.jp/34/index.php?action_kouhyou_detail_004_kani=true&JigyosyoCd=3473100810-00&ServiceCd=110&Type=search", "url2": "https://cosmos-aki.com/" }, "geometry": { "type": "Point", "coordinates": [ 132.509573600000067, 34.3018076 ] } },
{ "type": "Feature", "properties": { "内容": "ヘルパーステーションスマイリー【訪問介護】広島県山県郡北広島町荒神原200番地", "url": "https://www.kaigokensaku.mhlw.go.jp/34/index.php?action_kouhyou_detail_004_kani=true&JigyosyoCd=3473500886-00&ServiceCd=110&Type=search", "url2": "http://www.geihoku-fukushikai.com/" }, "geometry": { "type": "Point", "coordinates": [ 132.313420400000012, 34.7292091 ] } },
{ "type": "Feature", "properties": { "内容": "ゆりかご荘ホームヘルプセンター【訪問介護】広島県山県郡北広島町阿坂４６００番地", "url": "https://www.kaigokensaku.mhlw.go.jp/34/index.php?action_kouhyou_detail_004_kani=true&JigyosyoCd=3473500373-00&ServiceCd=110&Type=search", "url2": "http://www.yurikagosou.or.jp/homehelper.html" }, "geometry": { "type": "Point", "coordinates": [ 132.450786599999986, 34.6260022 ] } },
{ "type": "Feature", "properties": { "内容": "訪問介護事業所いぶき【訪問介護】広島県山県郡北広島町今田３８５０", "url": "https://www.kaigokensaku.mhlw.go.jp/34/index.php?action_kouhyou_detail_004_kani=true&JigyosyoCd=3473500787-00&ServiceCd=110&Type=search", "url2": "http://chiyoda-hospital.or.jp" }, "geometry": { "type": "Point", "coordinates": [ 132.524394499999971, 34.6838873 ] } },
{ "type": "Feature", "properties": { "内容": "北広島町社協訪問介護事業所【訪問介護】広島県山県郡北広島町大朝2513-1", "url": "https://www.kaigokensaku.mhlw.go.jp/34/index.php?action_kouhyou_detail_004_kani=true&JigyosyoCd=3473500142-00&ServiceCd=110&Type=search", "url2": "https://www.kitahirosya.jp" }, "geometry": { "type": "Point", "coordinates": [ 132.464971099999957, 34.772052 ] } },
{ "type": "Feature", "properties": { "内容": "あけぼの訪問介護事業所【訪問介護】広島県山県郡北広島町壬生915-4", "url": "https://www.kaigokensaku.mhlw.go.jp/34/index.php?action_kouhyou_detail_004_kani=true&JigyosyoCd=3473500720-00&ServiceCd=110&Type=search", "url2": "https://m-meiwakai.jp/daycareservice/houmon-service/akebono_hkj/" }, "geometry": { "type": "Point", "coordinates": [ 132.553040099999947, 34.6803683 ] } },
{ "type": "Feature", "properties": { "内容": "ヘルパーセンターすまいる【訪問介護】広島県山県郡北広島町蔵迫５６３－１", "url": "https://www.kaigokensaku.mhlw.go.jp/34/index.php?action_kouhyou_detail_004_kani=true&JigyosyoCd=3473500902-00&ServiceCd=110&Type=search", "url2": null }, "geometry": { "type": "Point", "coordinates": [ 132.500606175463105, 34.7074501 ] } },
{ "type": "Feature", "properties": { "内容": "ヘルパーステーションおおさき【訪問介護】広島県豊田郡大崎上島町中野5522番地36", "url": "https://www.kaigokensaku.mhlw.go.jp/34/index.php?action_kouhyou_detail_004_kani=true&JigyosyoCd=3473900318-00&ServiceCd=110&Type=search", "url2": "http://osakifukushikai.jp" }, "geometry": { "type": "Point", "coordinates": [ 132.883343400000058, 34.2459715 ] } },
{ "type": "Feature", "properties": { "内容": "ホームヘルプステーションひがしの【訪問介護】広島県豊田郡大崎上島町東野2701番地社会福祉法人ひがしの会　特別養護老人ホームみゆき施設内", "url": "https://www.kaigokensaku.mhlw.go.jp/34/index.php?action_kouhyou_detail_004_kani=true&JigyosyoCd=3473900664-00&ServiceCd=110&Type=search", "url2": null }, "geometry": { "type": "Point", "coordinates": [ 132.908645252114866, 34.260787021629618 ] } },
{ "type": "Feature", "properties": { "内容": "ヘルパーステーションはちみつ【訪問介護】広島県豊田郡大崎上島町中野5522-6", "url": "https://www.kaigokensaku.mhlw.go.jp/34/index.php?action_kouhyou_detail_004_kani=true&JigyosyoCd=3473900680-00&ServiceCd=110&Type=search", "url2": "https://bee-hive-hiroshima.com/" }, "geometry": { "type": "Point", "coordinates": [ 132.883394900000013, 34.2459114 ] } },
{ "type": "Feature", "properties": { "内容": "くるみホームヘルプサービス【訪問介護】広島県世羅郡世羅町大字小国１０８８９番地２３", "url": "https://www.kaigokensaku.mhlw.go.jp/34/index.php?action_kouhyou_detail_004_kani=true&JigyosyoCd=3474200148-00&ServiceCd=110&Type=search", "url2": "http://www.kurumikai.com/" }, "geometry": { "type": "Point", "coordinates": [ 132.943829774435471, 34.606542511973913 ] } },
{ "type": "Feature", "properties": { "内容": "世羅町社会福祉協議会　訪問介護事業所【訪問介護】広島県世羅郡世羅町本郷939-1", "url": "https://www.kaigokensaku.mhlw.go.jp/34/index.php?action_kouhyou_detail_004_kani=true&JigyosyoCd=3474200213-00&ServiceCd=110&Type=search", "url2": "https://serashakyo.jp/" }, "geometry": { "type": "Point", "coordinates": [ 133.044212450313921, 34.586136825204861 ] } },
{ "type": "Feature", "properties": { "内容": "ヘルパーステーション　わかば【訪問介護】広島県世羅郡世羅町西上原641番地15", "url": "https://www.kaigokensaku.mhlw.go.jp/34/index.php?action_kouhyou_detail_004_kani=true&JigyosyoCd=3474200262-00&ServiceCd=110&Type=search", "url2": "http://www.wakaba49.com/" }, "geometry": { "type": "Point", "coordinates": [ 133.061123100000032, 34.5894029 ] } },
{ "type": "Feature", "properties": { "内容": "シルトピア油木ヘルパーステーション【訪問介護】広島県神石郡神石高原町油木甲５０７１番地１", "url": "https://www.kaigokensaku.mhlw.go.jp/34/index.php?action_kouhyou_detail_004_kani=true&JigyosyoCd=3474600156-00&ServiceCd=110&Type=search", "url2": "http://www.alice.or.jp" }, "geometry": { "type": "Point", "coordinates": [ 133.2680378, 34.788234 ] } },
{ "type": "Feature", "properties": { "内容": "紅輝会指定訪問介護事業所つつじの里【訪問介護】広島県神石郡神石高原町小畠1510番地1", "url": "https://www.kaigokensaku.mhlw.go.jp/34/index.php?action_kouhyou_detail_004_kani=true&JigyosyoCd=3474600073-00&ServiceCd=110&Type=search", "url2": "https://www.kbk-group.or.jp/tsutsujinosato/" }, "geometry": { "type": "Point", "coordinates": [ 133.251790799999981, 34.704367 ] } }
]
}
